ISO-10303-21;
HEADER;
FILE_DESCRIPTION(('Open CASCADE Model'),'2;1');
FILE_NAME('Open CASCADE Shape Model','2026-09-03T01:47:32',('Author'),(
    'Open CASCADE'),'Open CASCADE STEP processor 7.9','Open CASCADE 7.9'
  ,'Unknown');
FILE_SCHEMA(('AUTOMOTIVE_DESIGN { 1 0 10303 214 1 1 1 1 }'));
ENDSEC;
DATA;
#1 = APPLICATION_PROTOCOL_DEFINITION('international standard',
  'automotive_design',2000,#2);
#2 = APPLICATION_CONTEXT(
  'core data for automotive mechanical design processes');
#3 = SHAPE_DEFINITION_REPRESENTATION(#4,#10);
#4 = PRODUCT_DEFINITION_SHAPE('','',#5);
#5 = PRODUCT_DEFINITION('design','',#6,#9);
#6 = PRODUCT_DEFINITION_FORMATION('','',#7);
#7 = PRODUCT('digital_photo_frame','digital_photo_frame','',(#8));
#8 = PRODUCT_CONTEXT('',#2,'mechanical');
#9 = PRODUCT_DEFINITION_CONTEXT('part definition',#2,'design');
#10 = SHAPE_REPRESENTATION('',(#11,#15,#19,#23,#27,#31,#35),#39);
#11 = AXIS2_PLACEMENT_3D('',#12,#13,#14);
#12 = CARTESIAN_POINT('',(0.,0.,0.));
#13 = DIRECTION('',(0.,0.,1.));
#14 = DIRECTION('',(1.,0.,-0.));
#15 = AXIS2_PLACEMENT_3D('',#16,#17,#18);
#16 = CARTESIAN_POINT('',(0.,0.,0.));
#17 = DIRECTION('',(0.,0.,1.));
#18 = DIRECTION('',(1.,0.,-0.));
#19 = AXIS2_PLACEMENT_3D('',#20,#21,#22);
#20 = CARTESIAN_POINT('',(0.,0.,0.));
#21 = DIRECTION('',(0.,0.,1.));
#22 = DIRECTION('',(1.,0.,-0.));
#23 = AXIS2_PLACEMENT_3D('',#24,#25,#26);
#24 = CARTESIAN_POINT('',(0.,0.,35.));
#25 = DIRECTION('',(0.,0.,1.));
#26 = DIRECTION('',(1.,0.,-0.));
#27 = AXIS2_PLACEMENT_3D('',#28,#29,#30);
#28 = CARTESIAN_POINT('',(0.,0.,0.));
#29 = DIRECTION('',(0.,0.,1.));
#30 = DIRECTION('',(1.,0.,-0.));
#31 = AXIS2_PLACEMENT_3D('',#32,#33,#34);
#32 = CARTESIAN_POINT('',(-35.,0.,28.));
#33 = DIRECTION('',(0.,0.,1.));
#34 = DIRECTION('',(1.,0.,-0.));
#35 = AXIS2_PLACEMENT_3D('',#36,#37,#38);
#36 = CARTESIAN_POINT('',(0.,35.,77.));
#37 = DIRECTION('',(-0.,0.309016994375,0.951056516295));
#38 = DIRECTION('',(1.,0.,0.));
#39 = ( GEOMETRIC_REPRESENTATION_CONTEXT(3) 
GLOBAL_UNCERTAINTY_ASSIGNED_CONTEXT((#43)) GLOBAL_UNIT_ASSIGNED_CONTEXT(
(#40,#41,#42)) REPRESENTATION_CONTEXT('Context #1',
  '3D Context with UNIT and UNCERTAINTY') );
#40 = ( LENGTH_UNIT() NAMED_UNIT(*) SI_UNIT(.MILLI.,.METRE.) );
#41 = ( NAMED_UNIT(*) PLANE_ANGLE_UNIT() SI_UNIT($,.RADIAN.) );
#42 = ( NAMED_UNIT(*) SI_UNIT($,.STERADIAN.) SOLID_ANGLE_UNIT() );
#43 = UNCERTAINTY_MEASURE_WITH_UNIT(LENGTH_MEASURE(2.E-07),#40,
  'distance_accuracy_value','confusion accuracy');
#44 = PRODUCT_RELATED_PRODUCT_CATEGORY('part',$,(#7));
#45 = SHAPE_DEFINITION_REPRESENTATION(#46,#52);
#46 = PRODUCT_DEFINITION_SHAPE('','',#47);
#47 = PRODUCT_DEFINITION('design','',#48,#51);
#48 = PRODUCT_DEFINITION_FORMATION('','',#49);
#49 = PRODUCT('front_bezel_with_display_ledge',
  'front_bezel_with_display_ledge','',(#50));
#50 = PRODUCT_CONTEXT('',#2,'mechanical');
#51 = PRODUCT_DEFINITION_CONTEXT('part definition',#2,'design');
#52 = ADVANCED_BREP_SHAPE_REPRESENTATION('',(#11,#53),#2659);
#53 = MANIFOLD_SOLID_BREP('',#54);
#54 = CLOSED_SHELL('',(#55,#175,#253,#331,#705,#1056,#1083,#1110,#1137,
    #1164,#1171,#1245,#1299,#1346,#1400,#1447,#1501,#1548,#1580,#1657,
    #1706,#1756,#1805,#1855,#1904,#1954,#1981,#2234,#2443,#2490,#2517,
    #2544,#2571,#2598,#2625,#2652));
#55 = ADVANCED_FACE('',(#56),#70,.T.);
#56 = FACE_BOUND('',#57,.T.);
#57 = EDGE_LOOP('',(#58,#93,#121,#149));
#58 = ORIENTED_EDGE('',*,*,#59,.T.);
#59 = EDGE_CURVE('',#60,#62,#64,.T.);
#60 = VERTEX_POINT('',#61);
#61 = CARTESIAN_POINT('',(-108.,-61.,0.));
#62 = VERTEX_POINT('',#63);
#63 = CARTESIAN_POINT('',(-108.,-61.,4.));
#64 = SURFACE_CURVE('',#65,(#69,#81),.PCURVE_S1.);
#65 = LINE('',#66,#67);
#66 = CARTESIAN_POINT('',(-108.,-61.,0.));
#67 = VECTOR('',#68,1.);
#68 = DIRECTION('',(0.,0.,1.));
#69 = PCURVE('',#70,#75);
#70 = PLANE('',#71);
#71 = AXIS2_PLACEMENT_3D('',#72,#73,#74);
#72 = CARTESIAN_POINT('',(-108.,-61.,0.));
#73 = DIRECTION('',(-1.,0.,0.));
#74 = DIRECTION('',(0.,1.,0.));
#75 = DEFINITIONAL_REPRESENTATION('',(#76),#80);
#76 = LINE('',#77,#78);
#77 = CARTESIAN_POINT('',(0.,0.));
#78 = VECTOR('',#79,1.);
#79 = DIRECTION('',(0.,-1.));
#80 = ( GEOMETRIC_REPRESENTATION_CONTEXT(2) 
PARAMETRIC_REPRESENTATION_CONTEXT() REPRESENTATION_CONTEXT('2D SPACE',''
  ) );
#81 = PCURVE('',#82,#87);
#82 = CYLINDRICAL_SURFACE('',#83,8.);
#83 = AXIS2_PLACEMENT_3D('',#84,#85,#86);
#84 = CARTESIAN_POINT('',(-100.,-61.,0.));
#85 = DIRECTION('',(-0.,-0.,-1.));
#86 = DIRECTION('',(1.,0.,0.));
#87 = DEFINITIONAL_REPRESENTATION('',(#88),#92);
#88 = LINE('',#89,#90);
#89 = CARTESIAN_POINT('',(-3.14159265359,0.));
#90 = VECTOR('',#91,1.);
#91 = DIRECTION('',(-0.,-1.));
#92 = ( GEOMETRIC_REPRESENTATION_CONTEXT(2) 
PARAMETRIC_REPRESENTATION_CONTEXT() REPRESENTATION_CONTEXT('2D SPACE',''
  ) );
#93 = ORIENTED_EDGE('',*,*,#94,.T.);
#94 = EDGE_CURVE('',#62,#95,#97,.T.);
#95 = VERTEX_POINT('',#96);
#96 = CARTESIAN_POINT('',(-108.,60.999999985424,4.));
#97 = SURFACE_CURVE('',#98,(#102,#109),.PCURVE_S1.);
#98 = LINE('',#99,#100);
#99 = CARTESIAN_POINT('',(-108.,1.676880856394E-12,4.));
#100 = VECTOR('',#101,1.);
#101 = DIRECTION('',(0.,1.,0.));
#102 = PCURVE('',#70,#103);
#103 = DEFINITIONAL_REPRESENTATION('',(#104),#108);
#104 = LINE('',#105,#106);
#105 = CARTESIAN_POINT('',(61.000000000003,-4.));
#106 = VECTOR('',#107,1.);
#107 = DIRECTION('',(1.,0.));
#108 = ( GEOMETRIC_REPRESENTATION_CONTEXT(2) 
PARAMETRIC_REPRESENTATION_CONTEXT() REPRESENTATION_CONTEXT('2D SPACE',''
  ) );
#109 = PCURVE('',#110,#115);
#110 = PLANE('',#111);
#111 = AXIS2_PLACEMENT_3D('',#112,#113,#114);
#112 = CARTESIAN_POINT('',(6.432538211843E-15,-3.084895702195E-09,4.));
#113 = DIRECTION('',(0.,0.,1.));
#114 = DIRECTION('',(1.,0.,0.));
#115 = DEFINITIONAL_REPRESENTATION('',(#116),#120);
#116 = LINE('',#117,#118);
#117 = CARTESIAN_POINT('',(-108.,3.086572583052E-09));
#118 = VECTOR('',#119,1.);
#119 = DIRECTION('',(0.,1.));
#120 = ( GEOMETRIC_REPRESENTATION_CONTEXT(2) 
PARAMETRIC_REPRESENTATION_CONTEXT() REPRESENTATION_CONTEXT('2D SPACE',''
  ) );
#121 = ORIENTED_EDGE('',*,*,#122,.F.);
#122 = EDGE_CURVE('',#123,#95,#125,.T.);
#123 = VERTEX_POINT('',#124);
#124 = CARTESIAN_POINT('',(-108.,60.999999985424,0.));
#125 = SURFACE_CURVE('',#126,(#130,#137),.PCURVE_S1.);
#126 = LINE('',#127,#128);
#127 = CARTESIAN_POINT('',(-108.,60.999999985424,0.));
#128 = VECTOR('',#129,1.);
#129 = DIRECTION('',(0.,0.,1.));
#130 = PCURVE('',#70,#131);
#131 = DEFINITIONAL_REPRESENTATION('',(#132),#136);
#132 = LINE('',#133,#134);
#133 = CARTESIAN_POINT('',(121.99999998542,0.));
#134 = VECTOR('',#135,1.);
#135 = DIRECTION('',(0.,-1.));
#136 = ( GEOMETRIC_REPRESENTATION_CONTEXT(2) 
PARAMETRIC_REPRESENTATION_CONTEXT() REPRESENTATION_CONTEXT('2D SPACE',''
  ) );
#137 = PCURVE('',#138,#143);
#138 = CYLINDRICAL_SURFACE('',#139,8.);
#139 = AXIS2_PLACEMENT_3D('',#140,#141,#142);
#140 = CARTESIAN_POINT('',(-100.,60.999999985424,0.));
#141 = DIRECTION('',(-0.,-0.,-1.));
#142 = DIRECTION('',(1.,0.,0.));
#143 = DEFINITIONAL_REPRESENTATION('',(#144),#148);
#144 = LINE('',#145,#146);
#145 = CARTESIAN_POINT('',(-3.14159265359,0.));
#146 = VECTOR('',#147,1.);
#147 = DIRECTION('',(-0.,-1.));
#148 = ( GEOMETRIC_REPRESENTATION_CONTEXT(2) 
PARAMETRIC_REPRESENTATION_CONTEXT() REPRESENTATION_CONTEXT('2D SPACE',''
  ) );
#149 = ORIENTED_EDGE('',*,*,#150,.F.);
#150 = EDGE_CURVE('',#60,#123,#151,.T.);
#151 = SURFACE_CURVE('',#152,(#156,#163),.PCURVE_S1.);
#152 = LINE('',#153,#154);
#153 = CARTESIAN_POINT('',(-108.,1.676880856394E-12,0.));
#154 = VECTOR('',#155,1.);
#155 = DIRECTION('',(0.,1.,0.));
#156 = PCURVE('',#70,#157);
#157 = DEFINITIONAL_REPRESENTATION('',(#158),#162);
#158 = LINE('',#159,#160);
#159 = CARTESIAN_POINT('',(61.000000000003,0.));
#160 = VECTOR('',#161,1.);
#161 = DIRECTION('',(1.,0.));
#162 = ( GEOMETRIC_REPRESENTATION_CONTEXT(2) 
PARAMETRIC_REPRESENTATION_CONTEXT() REPRESENTATION_CONTEXT('2D SPACE',''
  ) );
#163 = PCURVE('',#164,#169);
#164 = PLANE('',#165);
#165 = AXIS2_PLACEMENT_3D('',#166,#167,#168);
#166 = CARTESIAN_POINT('',(6.432538211843E-15,-3.084895702195E-09,0.));
#167 = DIRECTION('',(0.,0.,1.));
#168 = DIRECTION('',(1.,0.,0.));
#169 = DEFINITIONAL_REPRESENTATION('',(#170),#174);
#170 = LINE('',#171,#172);
#171 = CARTESIAN_POINT('',(-108.,3.086572583052E-09));
#172 = VECTOR('',#173,1.);
#173 = DIRECTION('',(0.,1.));
#174 = ( GEOMETRIC_REPRESENTATION_CONTEXT(2) 
PARAMETRIC_REPRESENTATION_CONTEXT() REPRESENTATION_CONTEXT('2D SPACE',''
  ) );
#175 = ADVANCED_FACE('',(#176),#82,.T.);
#176 = FACE_BOUND('',#177,.F.);
#177 = EDGE_LOOP('',(#178,#179,#203,#231));
#178 = ORIENTED_EDGE('',*,*,#59,.T.);
#179 = ORIENTED_EDGE('',*,*,#180,.T.);
#180 = EDGE_CURVE('',#62,#181,#183,.T.);
#181 = VERTEX_POINT('',#182);
#182 = CARTESIAN_POINT('',(-100.,-69.,4.));
#183 = SURFACE_CURVE('',#184,(#189,#196),.PCURVE_S1.);
#184 = CIRCLE('',#185,8.);
#185 = AXIS2_PLACEMENT_3D('',#186,#187,#188);
#186 = CARTESIAN_POINT('',(-100.,-61.,4.));
#187 = DIRECTION('',(0.,0.,1.));
#188 = DIRECTION('',(1.,0.,0.));
#189 = PCURVE('',#82,#190);
#190 = DEFINITIONAL_REPRESENTATION('',(#191),#195);
#191 = LINE('',#192,#193);
#192 = CARTESIAN_POINT('',(-0.,-4.));
#193 = VECTOR('',#194,1.);
#194 = DIRECTION('',(-1.,0.));
#195 = ( GEOMETRIC_REPRESENTATION_CONTEXT(2) 
PARAMETRIC_REPRESENTATION_CONTEXT() REPRESENTATION_CONTEXT('2D SPACE',''
  ) );
#196 = PCURVE('',#110,#197);
#197 = DEFINITIONAL_REPRESENTATION('',(#198),#202);
#198 = CIRCLE('',#199,8.);
#199 = AXIS2_PLACEMENT_2D('',#200,#201);
#200 = CARTESIAN_POINT('',(-100.,-60.99999999691));
#201 = DIRECTION('',(1.,0.));
#202 = ( GEOMETRIC_REPRESENTATION_CONTEXT(2) 
PARAMETRIC_REPRESENTATION_CONTEXT() REPRESENTATION_CONTEXT('2D SPACE',''
  ) );
#203 = ORIENTED_EDGE('',*,*,#204,.F.);
#204 = EDGE_CURVE('',#205,#181,#207,.T.);
#205 = VERTEX_POINT('',#206);
#206 = CARTESIAN_POINT('',(-100.,-69.,0.));
#207 = SURFACE_CURVE('',#208,(#212,#219),.PCURVE_S1.);
#208 = LINE('',#209,#210);
#209 = CARTESIAN_POINT('',(-100.,-69.,0.));
#210 = VECTOR('',#211,1.);
#211 = DIRECTION('',(0.,0.,1.));
#212 = PCURVE('',#82,#213);
#213 = DEFINITIONAL_REPRESENTATION('',(#214),#218);
#214 = LINE('',#215,#216);
#215 = CARTESIAN_POINT('',(-4.712388980385,0.));
#216 = VECTOR('',#217,1.);
#217 = DIRECTION('',(-0.,-1.));
#218 = ( GEOMETRIC_REPRESENTATION_CONTEXT(2) 
PARAMETRIC_REPRESENTATION_CONTEXT() REPRESENTATION_CONTEXT('2D SPACE',''
  ) );
#219 = PCURVE('',#220,#225);
#220 = PLANE('',#221);
#221 = AXIS2_PLACEMENT_3D('',#222,#223,#224);
#222 = CARTESIAN_POINT('',(-100.,-68.99999999999,0.));
#223 = DIRECTION('',(0.,1.,0.));
#224 = DIRECTION('',(1.,0.,0.));
#225 = DEFINITIONAL_REPRESENTATION('',(#226),#230);
#226 = LINE('',#227,#228);
#227 = CARTESIAN_POINT('',(0.,0.));
#228 = VECTOR('',#229,1.);
#229 = DIRECTION('',(0.,-1.));
#230 = ( GEOMETRIC_REPRESENTATION_CONTEXT(2) 
PARAMETRIC_REPRESENTATION_CONTEXT() REPRESENTATION_CONTEXT('2D SPACE',''
  ) );
#231 = ORIENTED_EDGE('',*,*,#232,.F.);
#232 = EDGE_CURVE('',#60,#205,#233,.T.);
#233 = SURFACE_CURVE('',#234,(#239,#246),.PCURVE_S1.);
#234 = CIRCLE('',#235,8.);
#235 = AXIS2_PLACEMENT_3D('',#236,#237,#238);
#236 = CARTESIAN_POINT('',(-100.,-61.,0.));
#237 = DIRECTION('',(0.,0.,1.));
#238 = DIRECTION('',(1.,0.,0.));
#239 = PCURVE('',#82,#240);
#240 = DEFINITIONAL_REPRESENTATION('',(#241),#245);
#241 = LINE('',#242,#243);
#242 = CARTESIAN_POINT('',(-0.,0.));
#243 = VECTOR('',#244,1.);
#244 = DIRECTION('',(-1.,0.));
#245 = ( GEOMETRIC_REPRESENTATION_CONTEXT(2) 
PARAMETRIC_REPRESENTATION_CONTEXT() REPRESENTATION_CONTEXT('2D SPACE',''
  ) );
#246 = PCURVE('',#164,#247);
#247 = DEFINITIONAL_REPRESENTATION('',(#248),#252);
#248 = CIRCLE('',#249,8.);
#249 = AXIS2_PLACEMENT_2D('',#250,#251);
#250 = CARTESIAN_POINT('',(-100.,-60.99999999691));
#251 = DIRECTION('',(1.,0.));
#252 = ( GEOMETRIC_REPRESENTATION_CONTEXT(2) 
PARAMETRIC_REPRESENTATION_CONTEXT() REPRESENTATION_CONTEXT('2D SPACE',''
  ) );
#253 = ADVANCED_FACE('',(#254),#138,.T.);
#254 = FACE_BOUND('',#255,.F.);
#255 = EDGE_LOOP('',(#256,#286,#308,#309));
#256 = ORIENTED_EDGE('',*,*,#257,.T.);
#257 = EDGE_CURVE('',#258,#260,#262,.T.);
#258 = VERTEX_POINT('',#259);
#259 = CARTESIAN_POINT('',(-100.,68.999999992713,0.));
#260 = VERTEX_POINT('',#261);
#261 = CARTESIAN_POINT('',(-100.,68.999999992713,4.));
#262 = SURFACE_CURVE('',#263,(#267,#274),.PCURVE_S1.);
#263 = LINE('',#264,#265);
#264 = CARTESIAN_POINT('',(-100.,68.999999992713,0.));
#265 = VECTOR('',#266,1.);
#266 = DIRECTION('',(0.,0.,1.));
#267 = PCURVE('',#138,#268);
#268 = DEFINITIONAL_REPRESENTATION('',(#269),#273);
#269 = LINE('',#270,#271);
#270 = CARTESIAN_POINT('',(-1.570796326795,0.));
#271 = VECTOR('',#272,1.);
#272 = DIRECTION('',(-0.,-1.));
#273 = ( GEOMETRIC_REPRESENTATION_CONTEXT(2) 
PARAMETRIC_REPRESENTATION_CONTEXT() REPRESENTATION_CONTEXT('2D SPACE',''
  ) );
#274 = PCURVE('',#275,#280);
#275 = PLANE('',#276);
#276 = AXIS2_PLACEMENT_3D('',#277,#278,#279);
#277 = CARTESIAN_POINT('',(-100.,69.000000000002,0.));
#278 = DIRECTION('',(0.,1.,0.));
#279 = DIRECTION('',(1.,0.,0.));
#280 = DEFINITIONAL_REPRESENTATION('',(#281),#285);
#281 = LINE('',#282,#283);
#282 = CARTESIAN_POINT('',(0.,0.));
#283 = VECTOR('',#284,1.);
#284 = DIRECTION('',(0.,-1.));
#285 = ( GEOMETRIC_REPRESENTATION_CONTEXT(2) 
PARAMETRIC_REPRESENTATION_CONTEXT() REPRESENTATION_CONTEXT('2D SPACE',''
  ) );
#286 = ORIENTED_EDGE('',*,*,#287,.T.);
#287 = EDGE_CURVE('',#260,#95,#288,.T.);
#288 = SURFACE_CURVE('',#289,(#294,#301),.PCURVE_S1.);
#289 = CIRCLE('',#290,8.);
#290 = AXIS2_PLACEMENT_3D('',#291,#292,#293);
#291 = CARTESIAN_POINT('',(-100.,60.999999985424,4.));
#292 = DIRECTION('',(0.,0.,1.));
#293 = DIRECTION('',(1.,0.,0.));
#294 = PCURVE('',#138,#295);
#295 = DEFINITIONAL_REPRESENTATION('',(#296),#300);
#296 = LINE('',#297,#298);
#297 = CARTESIAN_POINT('',(-0.,-4.));
#298 = VECTOR('',#299,1.);
#299 = DIRECTION('',(-1.,0.));
#300 = ( GEOMETRIC_REPRESENTATION_CONTEXT(2) 
PARAMETRIC_REPRESENTATION_CONTEXT() REPRESENTATION_CONTEXT('2D SPACE',''
  ) );
#301 = PCURVE('',#110,#302);
#302 = DEFINITIONAL_REPRESENTATION('',(#303),#307);
#303 = CIRCLE('',#304,8.);
#304 = AXIS2_PLACEMENT_2D('',#305,#306);
#305 = CARTESIAN_POINT('',(-100.,60.999999988509));
#306 = DIRECTION('',(1.,0.));
#307 = ( GEOMETRIC_REPRESENTATION_CONTEXT(2) 
PARAMETRIC_REPRESENTATION_CONTEXT() REPRESENTATION_CONTEXT('2D SPACE',''
  ) );
#308 = ORIENTED_EDGE('',*,*,#122,.F.);
#309 = ORIENTED_EDGE('',*,*,#310,.F.);
#310 = EDGE_CURVE('',#258,#123,#311,.T.);
#311 = SURFACE_CURVE('',#312,(#317,#324),.PCURVE_S1.);
#312 = CIRCLE('',#313,8.);
#313 = AXIS2_PLACEMENT_3D('',#314,#315,#316);
#314 = CARTESIAN_POINT('',(-100.,60.999999985424,0.));
#315 = DIRECTION('',(0.,0.,1.));
#316 = DIRECTION('',(1.,0.,0.));
#317 = PCURVE('',#138,#318);
#318 = DEFINITIONAL_REPRESENTATION('',(#319),#323);
#319 = LINE('',#320,#321);
#320 = CARTESIAN_POINT('',(-0.,0.));
#321 = VECTOR('',#322,1.);
#322 = DIRECTION('',(-1.,0.));
#323 = ( GEOMETRIC_REPRESENTATION_CONTEXT(2) 
PARAMETRIC_REPRESENTATION_CONTEXT() REPRESENTATION_CONTEXT('2D SPACE',''
  ) );
#324 = PCURVE('',#164,#325);
#325 = DEFINITIONAL_REPRESENTATION('',(#326),#330);
#326 = CIRCLE('',#327,8.);
#327 = AXIS2_PLACEMENT_2D('',#328,#329);
#328 = CARTESIAN_POINT('',(-100.,60.999999988509));
#329 = DIRECTION('',(1.,0.));
#330 = ( GEOMETRIC_REPRESENTATION_CONTEXT(2) 
PARAMETRIC_REPRESENTATION_CONTEXT() REPRESENTATION_CONTEXT('2D SPACE',''
  ) );
#331 = ADVANCED_FACE('',(#332,#467),#164,.F.);
#332 = FACE_BOUND('',#333,.F.);
#333 = EDGE_LOOP('',(#334,#335,#336,#359,#388,#416,#445,#466));
#334 = ORIENTED_EDGE('',*,*,#150,.F.);
#335 = ORIENTED_EDGE('',*,*,#232,.T.);
#336 = ORIENTED_EDGE('',*,*,#337,.T.);
#337 = EDGE_CURVE('',#205,#338,#340,.T.);
#338 = VERTEX_POINT('',#339);
#339 = CARTESIAN_POINT('',(100.,-69.,0.));
#340 = SURFACE_CURVE('',#341,(#345,#352),.PCURVE_S1.);
#341 = LINE('',#342,#343);
#342 = CARTESIAN_POINT('',(0.,-68.99999999999,0.));
#343 = VECTOR('',#344,1.);
#344 = DIRECTION('',(1.,0.,0.));
#345 = PCURVE('',#164,#346);
#346 = DEFINITIONAL_REPRESENTATION('',(#347),#351);
#347 = LINE('',#348,#349);
#348 = CARTESIAN_POINT('',(-6.432538211843E-15,-68.99999999691));
#349 = VECTOR('',#350,1.);
#350 = DIRECTION('',(1.,0.));
#351 = ( GEOMETRIC_REPRESENTATION_CONTEXT(2) 
PARAMETRIC_REPRESENTATION_CONTEXT() REPRESENTATION_CONTEXT('2D SPACE',''
  ) );
#352 = PCURVE('',#220,#353);
#353 = DEFINITIONAL_REPRESENTATION('',(#354),#358);
#354 = LINE('',#355,#356);
#355 = CARTESIAN_POINT('',(100.,0.));
#356 = VECTOR('',#357,1.);
#357 = DIRECTION('',(1.,0.));
#358 = ( GEOMETRIC_REPRESENTATION_CONTEXT(2) 
PARAMETRIC_REPRESENTATION_CONTEXT() REPRESENTATION_CONTEXT('2D SPACE',''
  ) );
#359 = ORIENTED_EDGE('',*,*,#360,.T.);
#360 = EDGE_CURVE('',#338,#361,#363,.T.);
#361 = VERTEX_POINT('',#362);
#362 = CARTESIAN_POINT('',(108.,-61.,0.));
#363 = SURFACE_CURVE('',#364,(#369,#376),.PCURVE_S1.);
#364 = CIRCLE('',#365,8.);
#365 = AXIS2_PLACEMENT_3D('',#366,#367,#368);
#366 = CARTESIAN_POINT('',(100.,-61.,0.));
#367 = DIRECTION('',(0.,0.,1.));
#368 = DIRECTION('',(1.,0.,0.));
#369 = PCURVE('',#164,#370);
#370 = DEFINITIONAL_REPRESENTATION('',(#371),#375);
#371 = CIRCLE('',#372,8.);
#372 = AXIS2_PLACEMENT_2D('',#373,#374);
#373 = CARTESIAN_POINT('',(100.,-60.99999999691));
#374 = DIRECTION('',(1.,0.));
#375 = ( GEOMETRIC_REPRESENTATION_CONTEXT(2) 
PARAMETRIC_REPRESENTATION_CONTEXT() REPRESENTATION_CONTEXT('2D SPACE',''
  ) );
#376 = PCURVE('',#377,#382);
#377 = CYLINDRICAL_SURFACE('',#378,8.);
#378 = AXIS2_PLACEMENT_3D('',#379,#380,#381);
#379 = CARTESIAN_POINT('',(100.,-61.,0.));
#380 = DIRECTION('',(-0.,-0.,-1.));
#381 = DIRECTION('',(1.,0.,0.));
#382 = DEFINITIONAL_REPRESENTATION('',(#383),#387);
#383 = LINE('',#384,#385);
#384 = CARTESIAN_POINT('',(-0.,0.));
#385 = VECTOR('',#386,1.);
#386 = DIRECTION('',(-1.,0.));
#387 = ( GEOMETRIC_REPRESENTATION_CONTEXT(2) 
PARAMETRIC_REPRESENTATION_CONTEXT() REPRESENTATION_CONTEXT('2D SPACE',''
  ) );
#388 = ORIENTED_EDGE('',*,*,#389,.T.);
#389 = EDGE_CURVE('',#361,#390,#392,.T.);
#390 = VERTEX_POINT('',#391);
#391 = CARTESIAN_POINT('',(108.,60.999999985424,0.));
#392 = SURFACE_CURVE('',#393,(#397,#404),.PCURVE_S1.);
#393 = LINE('',#394,#395);
#394 = CARTESIAN_POINT('',(108.,1.676880856394E-12,0.));
#395 = VECTOR('',#396,1.);
#396 = DIRECTION('',(0.,1.,0.));
#397 = PCURVE('',#164,#398);
#398 = DEFINITIONAL_REPRESENTATION('',(#399),#403);
#399 = LINE('',#400,#401);
#400 = CARTESIAN_POINT('',(108.,3.086572583052E-09));
#401 = VECTOR('',#402,1.);
#402 = DIRECTION('',(0.,1.));
#403 = ( GEOMETRIC_REPRESENTATION_CONTEXT(2) 
PARAMETRIC_REPRESENTATION_CONTEXT() REPRESENTATION_CONTEXT('2D SPACE',''
  ) );
#404 = PCURVE('',#405,#410);
#405 = PLANE('',#406);
#406 = AXIS2_PLACEMENT_3D('',#407,#408,#409);
#407 = CARTESIAN_POINT('',(108.,-61.,0.));
#408 = DIRECTION('',(-1.,0.,0.));
#409 = DIRECTION('',(0.,1.,0.));
#410 = DEFINITIONAL_REPRESENTATION('',(#411),#415);
#411 = LINE('',#412,#413);
#412 = CARTESIAN_POINT('',(61.000000000003,0.));
#413 = VECTOR('',#414,1.);
#414 = DIRECTION('',(1.,0.));
#415 = ( GEOMETRIC_REPRESENTATION_CONTEXT(2) 
PARAMETRIC_REPRESENTATION_CONTEXT() REPRESENTATION_CONTEXT('2D SPACE',''
  ) );
#416 = ORIENTED_EDGE('',*,*,#417,.T.);
#417 = EDGE_CURVE('',#390,#418,#420,.T.);
#418 = VERTEX_POINT('',#419);
#419 = CARTESIAN_POINT('',(100.,68.999999992713,0.));
#420 = SURFACE_CURVE('',#421,(#426,#433),.PCURVE_S1.);
#421 = CIRCLE('',#422,8.);
#422 = AXIS2_PLACEMENT_3D('',#423,#424,#425);
#423 = CARTESIAN_POINT('',(100.,60.999999985424,0.));
#424 = DIRECTION('',(0.,0.,1.));
#425 = DIRECTION('',(1.,0.,0.));
#426 = PCURVE('',#164,#427);
#427 = DEFINITIONAL_REPRESENTATION('',(#428),#432);
#428 = CIRCLE('',#429,8.);
#429 = AXIS2_PLACEMENT_2D('',#430,#431);
#430 = CARTESIAN_POINT('',(100.,60.999999988509));
#431 = DIRECTION('',(1.,0.));
#432 = ( GEOMETRIC_REPRESENTATION_CONTEXT(2) 
PARAMETRIC_REPRESENTATION_CONTEXT() REPRESENTATION_CONTEXT('2D SPACE',''
  ) );
#433 = PCURVE('',#434,#439);
#434 = CYLINDRICAL_SURFACE('',#435,8.);
#435 = AXIS2_PLACEMENT_3D('',#436,#437,#438);
#436 = CARTESIAN_POINT('',(100.,60.999999985424,0.));
#437 = DIRECTION('',(-0.,-0.,-1.));
#438 = DIRECTION('',(1.,0.,0.));
#439 = DEFINITIONAL_REPRESENTATION('',(#440),#444);
#440 = LINE('',#441,#442);
#441 = CARTESIAN_POINT('',(-0.,0.));
#442 = VECTOR('',#443,1.);
#443 = DIRECTION('',(-1.,0.));
#444 = ( GEOMETRIC_REPRESENTATION_CONTEXT(2) 
PARAMETRIC_REPRESENTATION_CONTEXT() REPRESENTATION_CONTEXT('2D SPACE',''
  ) );
#445 = ORIENTED_EDGE('',*,*,#446,.F.);
#446 = EDGE_CURVE('',#258,#418,#447,.T.);
#447 = SURFACE_CURVE('',#448,(#452,#459),.PCURVE_S1.);
#448 = LINE('',#449,#450);
#449 = CARTESIAN_POINT('',(0.,69.000000000002,0.));
#450 = VECTOR('',#451,1.);
#451 = DIRECTION('',(1.,0.,0.));
#452 = PCURVE('',#164,#453);
#453 = DEFINITIONAL_REPRESENTATION('',(#454),#458);
#454 = LINE('',#455,#456);
#455 = CARTESIAN_POINT('',(-6.432538211843E-15,69.000000003087));
#456 = VECTOR('',#457,1.);
#457 = DIRECTION('',(1.,0.));
#458 = ( GEOMETRIC_REPRESENTATION_CONTEXT(2) 
PARAMETRIC_REPRESENTATION_CONTEXT() REPRESENTATION_CONTEXT('2D SPACE',''
  ) );
#459 = PCURVE('',#275,#460);
#460 = DEFINITIONAL_REPRESENTATION('',(#461),#465);
#461 = LINE('',#462,#463);
#462 = CARTESIAN_POINT('',(100.,0.));
#463 = VECTOR('',#464,1.);
#464 = DIRECTION('',(1.,0.));
#465 = ( GEOMETRIC_REPRESENTATION_CONTEXT(2) 
PARAMETRIC_REPRESENTATION_CONTEXT() REPRESENTATION_CONTEXT('2D SPACE',''
  ) );
#466 = ORIENTED_EDGE('',*,*,#310,.T.);
#467 = FACE_BOUND('',#468,.F.);
#468 = EDGE_LOOP('',(#469,#497,#530,#556,#589,#615,#648,#674));
#469 = ORIENTED_EDGE('',*,*,#470,.F.);
#470 = EDGE_CURVE('',#471,#473,#475,.T.);
#471 = VERTEX_POINT('',#472);
#472 = CARTESIAN_POINT('',(-79.04,41.959999983281,0.));
#473 = VERTEX_POINT('',#474);
#474 = CARTESIAN_POINT('',(-79.04,-41.96,0.));
#475 = SURFACE_CURVE('',#476,(#480,#486),.PCURVE_S1.);
#476 = LINE('',#477,#478);
#477 = CARTESIAN_POINT('',(-79.04,-20.98000000154,0.));
#478 = VECTOR('',#479,1.);
#479 = DIRECTION('',(0.,-1.,0.));
#480 = PCURVE('',#164,#481);
#481 = DEFINITIONAL_REPRESENTATION('',(#482),#485);
#482 = B_SPLINE_CURVE_WITH_KNOTS('',1,(#483,#484),.UNSPECIFIED.,.F.,.F.,
  (2,2),(-62.93999998482,20.979999998459),.PIECEWISE_BEZIER_KNOTS.);
#483 = CARTESIAN_POINT('',(-79.04,41.959999986366));
#484 = CARTESIAN_POINT('',(-79.04,-41.95999999691));
#485 = ( GEOMETRIC_REPRESENTATION_CONTEXT(2) 
PARAMETRIC_REPRESENTATION_CONTEXT() REPRESENTATION_CONTEXT('2D SPACE',''
  ) );
#486 = PCURVE('',#487,#492);
#487 = PLANE('',#488);
#488 = AXIS2_PLACEMENT_3D('',#489,#490,#491);
#489 = CARTESIAN_POINT('',(-79.04,-41.96,-1.));
#490 = DIRECTION('',(-1.,0.,0.));
#491 = DIRECTION('',(0.,1.,0.));
#492 = DEFINITIONAL_REPRESENTATION('',(#493),#496);
#493 = B_SPLINE_CURVE_WITH_KNOTS('',1,(#494,#495),.UNSPECIFIED.,.F.,.F.,
  (2,2),(-62.93999998482,20.979999998459),.PIECEWISE_BEZIER_KNOTS.);
#494 = CARTESIAN_POINT('',(83.919999983285,-1.));
#495 = CARTESIAN_POINT('',(0.,-1.));
#496 = ( GEOMETRIC_REPRESENTATION_CONTEXT(2) 
PARAMETRIC_REPRESENTATION_CONTEXT() REPRESENTATION_CONTEXT('2D SPACE',''
  ) );
#497 = ORIENTED_EDGE('',*,*,#498,.T.);
#498 = EDGE_CURVE('',#471,#499,#501,.T.);
#499 = VERTEX_POINT('',#500);
#500 = CARTESIAN_POINT('',(-76.04,44.959999991642,0.));
#501 = SURFACE_CURVE('',#502,(#507,#518),.PCURVE_S1.);
#502 = CIRCLE('',#503,3.);
#503 = AXIS2_PLACEMENT_3D('',#504,#505,#506);
#504 = CARTESIAN_POINT('',(-76.04,41.959999983281,0.));
#505 = DIRECTION('',(0.,0.,-1.));
#506 = DIRECTION('',(-1.,0.,0.));
#507 = PCURVE('',#164,#508);
#508 = DEFINITIONAL_REPRESENTATION('',(#509),#517);
#509 = ( BOUNDED_CURVE() B_SPLINE_CURVE(2,(#510,#511,#512,#513,#514,#515
,#516),.UNSPECIFIED.,.T.,.F.) B_SPLINE_CURVE_WITH_KNOTS((1,2,2,2,2,1),(
    -2.094395102393,0.,2.094395102393,4.188790204786,6.28318530718,
8.377580409573),.UNSPECIFIED.) CURVE() GEOMETRIC_REPRESENTATION_ITEM() 
RATIONAL_B_SPLINE_CURVE((1.,0.5,1.,0.5,1.,0.5,1.)) REPRESENTATION_ITEM(
  '') );
#510 = CARTESIAN_POINT('',(-79.04,41.959999986366));
#511 = CARTESIAN_POINT('',(-79.04,47.156152409073));
#512 = CARTESIAN_POINT('',(-74.54,44.558076197719));
#513 = CARTESIAN_POINT('',(-70.04,41.959999986366));
#514 = CARTESIAN_POINT('',(-74.54,39.361923775013));
#515 = CARTESIAN_POINT('',(-79.04,36.763847563659));
#516 = CARTESIAN_POINT('',(-79.04,41.959999986366));
#517 = ( GEOMETRIC_REPRESENTATION_CONTEXT(2) 
PARAMETRIC_REPRESENTATION_CONTEXT() REPRESENTATION_CONTEXT('2D SPACE',''
  ) );
#518 = PCURVE('',#519,#524);
#519 = CYLINDRICAL_SURFACE('',#520,3.);
#520 = AXIS2_PLACEMENT_3D('',#521,#522,#523);
#521 = CARTESIAN_POINT('',(-76.04,41.959999983281,-1.));
#522 = DIRECTION('',(0.,0.,-1.));
#523 = DIRECTION('',(-1.,0.,0.));
#524 = DEFINITIONAL_REPRESENTATION('',(#525),#529);
#525 = LINE('',#526,#527);
#526 = CARTESIAN_POINT('',(0.,-1.));
#527 = VECTOR('',#528,1.);
#528 = DIRECTION('',(1.,0.));
#529 = ( GEOMETRIC_REPRESENTATION_CONTEXT(2) 
PARAMETRIC_REPRESENTATION_CONTEXT() REPRESENTATION_CONTEXT('2D SPACE',''
  ) );
#530 = ORIENTED_EDGE('',*,*,#531,.F.);
#531 = EDGE_CURVE('',#532,#499,#534,.T.);
#532 = VERTEX_POINT('',#533);
#533 = CARTESIAN_POINT('',(76.04,44.959999991642,0.));
#534 = SURFACE_CURVE('',#535,(#539,#545),.PCURVE_S1.);
#535 = LINE('',#536,#537);
#536 = CARTESIAN_POINT('',(-38.02,44.960000000004,0.));
#537 = VECTOR('',#538,1.);
#538 = DIRECTION('',(-1.,0.,0.));
#539 = PCURVE('',#164,#540);
#540 = DEFINITIONAL_REPRESENTATION('',(#541),#544);
#541 = B_SPLINE_CURVE_WITH_KNOTS('',1,(#542,#543),.UNSPECIFIED.,.F.,.F.,
  (2,2),(-114.06,38.02),.PIECEWISE_BEZIER_KNOTS.);
#542 = CARTESIAN_POINT('',(76.04,44.960000003088));
#543 = CARTESIAN_POINT('',(-76.04,44.960000003088));
#544 = ( GEOMETRIC_REPRESENTATION_CONTEXT(2) 
PARAMETRIC_REPRESENTATION_CONTEXT() REPRESENTATION_CONTEXT('2D SPACE',''
  ) );
#545 = PCURVE('',#546,#551);
#546 = PLANE('',#547);
#547 = AXIS2_PLACEMENT_3D('',#548,#549,#550);
#548 = CARTESIAN_POINT('',(-76.04,44.960000000004,-1.));
#549 = DIRECTION('',(0.,1.,0.));
#550 = DIRECTION('',(1.,0.,0.));
#551 = DEFINITIONAL_REPRESENTATION('',(#552),#555);
#552 = B_SPLINE_CURVE_WITH_KNOTS('',1,(#553,#554),.UNSPECIFIED.,.F.,.F.,
  (2,2),(-114.06,38.02),.PIECEWISE_BEZIER_KNOTS.);
#553 = CARTESIAN_POINT('',(152.08,-1.));
#554 = CARTESIAN_POINT('',(0.,-1.));
#555 = ( GEOMETRIC_REPRESENTATION_CONTEXT(2) 
PARAMETRIC_REPRESENTATION_CONTEXT() REPRESENTATION_CONTEXT('2D SPACE',''
  ) );
#556 = ORIENTED_EDGE('',*,*,#557,.T.);
#557 = EDGE_CURVE('',#532,#558,#560,.T.);
#558 = VERTEX_POINT('',#559);
#559 = CARTESIAN_POINT('',(79.04,41.959999983281,0.));
#560 = SURFACE_CURVE('',#561,(#566,#577),.PCURVE_S1.);
#561 = CIRCLE('',#562,3.);
#562 = AXIS2_PLACEMENT_3D('',#563,#564,#565);
#563 = CARTESIAN_POINT('',(76.04,41.959999983281,0.));
#564 = DIRECTION('',(0.,0.,-1.));
#565 = DIRECTION('',(-1.,0.,0.));
#566 = PCURVE('',#164,#567);
#567 = DEFINITIONAL_REPRESENTATION('',(#568),#576);
#568 = ( BOUNDED_CURVE() B_SPLINE_CURVE(2,(#569,#570,#571,#572,#573,#574
,#575),.UNSPECIFIED.,.T.,.F.) B_SPLINE_CURVE_WITH_KNOTS((1,2,2,2,2,1),(
    -2.094395102393,0.,2.094395102393,4.188790204786,6.28318530718,
8.377580409573),.UNSPECIFIED.) CURVE() GEOMETRIC_REPRESENTATION_ITEM() 
RATIONAL_B_SPLINE_CURVE((1.,0.5,1.,0.5,1.,0.5,1.)) REPRESENTATION_ITEM(
  '') );
#569 = CARTESIAN_POINT('',(73.04,41.959999986366));
#570 = CARTESIAN_POINT('',(73.04,47.156152409073));
#571 = CARTESIAN_POINT('',(77.54,44.558076197719));
#572 = CARTESIAN_POINT('',(82.04,41.959999986366));
#573 = CARTESIAN_POINT('',(77.54,39.361923775013));
#574 = CARTESIAN_POINT('',(73.04,36.763847563659));
#575 = CARTESIAN_POINT('',(73.04,41.959999986366));
#576 = ( GEOMETRIC_REPRESENTATION_CONTEXT(2) 
PARAMETRIC_REPRESENTATION_CONTEXT() REPRESENTATION_CONTEXT('2D SPACE',''
  ) );
#577 = PCURVE('',#578,#583);
#578 = CYLINDRICAL_SURFACE('',#579,3.);
#579 = AXIS2_PLACEMENT_3D('',#580,#581,#582);
#580 = CARTESIAN_POINT('',(76.04,41.959999983281,-1.));
#581 = DIRECTION('',(0.,0.,-1.));
#582 = DIRECTION('',(-1.,0.,0.));
#583 = DEFINITIONAL_REPRESENTATION('',(#584),#588);
#584 = LINE('',#585,#586);
#585 = CARTESIAN_POINT('',(0.,-1.));
#586 = VECTOR('',#587,1.);
#587 = DIRECTION('',(1.,0.));
#588 = ( GEOMETRIC_REPRESENTATION_CONTEXT(2) 
PARAMETRIC_REPRESENTATION_CONTEXT() REPRESENTATION_CONTEXT('2D SPACE',''
  ) );
#589 = ORIENTED_EDGE('',*,*,#590,.T.);
#590 = EDGE_CURVE('',#558,#591,#593,.T.);
#591 = VERTEX_POINT('',#592);
#592 = CARTESIAN_POINT('',(79.04,-41.96,0.));
#593 = SURFACE_CURVE('',#594,(#598,#604),.PCURVE_S1.);
#594 = LINE('',#595,#596);
#595 = CARTESIAN_POINT('',(79.04,-20.98000000154,0.));
#596 = VECTOR('',#597,1.);
#597 = DIRECTION('',(0.,-1.,0.));
#598 = PCURVE('',#164,#599);
#599 = DEFINITIONAL_REPRESENTATION('',(#600),#603);
#600 = B_SPLINE_CURVE_WITH_KNOTS('',1,(#601,#602),.UNSPECIFIED.,.F.,.F.,
  (2,2),(-62.93999998482,20.979999998459),.PIECEWISE_BEZIER_KNOTS.);
#601 = CARTESIAN_POINT('',(79.04,41.959999986366));
#602 = CARTESIAN_POINT('',(79.04,-41.95999999691));
#603 = ( GEOMETRIC_REPRESENTATION_CONTEXT(2) 
PARAMETRIC_REPRESENTATION_CONTEXT() REPRESENTATION_CONTEXT('2D SPACE',''
  ) );
#604 = PCURVE('',#605,#610);
#605 = PLANE('',#606);
#606 = AXIS2_PLACEMENT_3D('',#607,#608,#609);
#607 = CARTESIAN_POINT('',(79.04,-41.96,-1.));
#608 = DIRECTION('',(-1.,0.,0.));
#609 = DIRECTION('',(0.,1.,0.));
#610 = DEFINITIONAL_REPRESENTATION('',(#611),#614);
#611 = B_SPLINE_CURVE_WITH_KNOTS('',1,(#612,#613),.UNSPECIFIED.,.F.,.F.,
  (2,2),(-62.93999998482,20.979999998459),.PIECEWISE_BEZIER_KNOTS.);
#612 = CARTESIAN_POINT('',(83.919999983285,-1.));
#613 = CARTESIAN_POINT('',(0.,-1.));
#614 = ( GEOMETRIC_REPRESENTATION_CONTEXT(2) 
PARAMETRIC_REPRESENTATION_CONTEXT() REPRESENTATION_CONTEXT('2D SPACE',''
  ) );
#615 = ORIENTED_EDGE('',*,*,#616,.T.);
#616 = EDGE_CURVE('',#591,#617,#619,.T.);
#617 = VERTEX_POINT('',#618);
#618 = CARTESIAN_POINT('',(76.04,-44.96,0.));
#619 = SURFACE_CURVE('',#620,(#625,#636),.PCURVE_S1.);
#620 = CIRCLE('',#621,3.);
#621 = AXIS2_PLACEMENT_3D('',#622,#623,#624);
#622 = CARTESIAN_POINT('',(76.04,-41.96,0.));
#623 = DIRECTION('',(0.,0.,-1.));
#624 = DIRECTION('',(-1.,0.,0.));
#625 = PCURVE('',#164,#626);
#626 = DEFINITIONAL_REPRESENTATION('',(#627),#635);
#627 = ( BOUNDED_CURVE() B_SPLINE_CURVE(2,(#628,#629,#630,#631,#632,#633
,#634),.UNSPECIFIED.,.T.,.F.) B_SPLINE_CURVE_WITH_KNOTS((1,2,2,2,2,1),(
    -2.094395102393,0.,2.094395102393,4.188790204786,6.28318530718,
8.377580409573),.UNSPECIFIED.) CURVE() GEOMETRIC_REPRESENTATION_ITEM() 
RATIONAL_B_SPLINE_CURVE((1.,0.5,1.,0.5,1.,0.5,1.)) REPRESENTATION_ITEM(
  '') );
#628 = CARTESIAN_POINT('',(73.04,-41.95999999691));
#629 = CARTESIAN_POINT('',(73.04,-36.76384757421));
#630 = CARTESIAN_POINT('',(77.54,-39.36192378556));
#631 = CARTESIAN_POINT('',(82.04,-41.95999999691));
#632 = CARTESIAN_POINT('',(77.54,-44.55807620827));
#633 = CARTESIAN_POINT('',(73.04,-47.15615241962));
#634 = CARTESIAN_POINT('',(73.04,-41.95999999691));
#635 = ( GEOMETRIC_REPRESENTATION_CONTEXT(2) 
PARAMETRIC_REPRESENTATION_CONTEXT() REPRESENTATION_CONTEXT('2D SPACE',''
  ) );
#636 = PCURVE('',#637,#642);
#637 = CYLINDRICAL_SURFACE('',#638,3.);
#638 = AXIS2_PLACEMENT_3D('',#639,#640,#641);
#639 = CARTESIAN_POINT('',(76.04,-41.96,-1.));
#640 = DIRECTION('',(0.,0.,-1.));
#641 = DIRECTION('',(-1.,0.,0.));
#642 = DEFINITIONAL_REPRESENTATION('',(#643),#647);
#643 = LINE('',#644,#645);
#644 = CARTESIAN_POINT('',(0.,-1.));
#645 = VECTOR('',#646,1.);
#646 = DIRECTION('',(1.,0.));
#647 = ( GEOMETRIC_REPRESENTATION_CONTEXT(2) 
PARAMETRIC_REPRESENTATION_CONTEXT() REPRESENTATION_CONTEXT('2D SPACE',''
  ) );
#648 = ORIENTED_EDGE('',*,*,#649,.T.);
#649 = EDGE_CURVE('',#617,#650,#652,.T.);
#650 = VERTEX_POINT('',#651);
#651 = CARTESIAN_POINT('',(-76.04,-44.96,0.));
#652 = SURFACE_CURVE('',#653,(#657,#663),.PCURVE_S1.);
#653 = LINE('',#654,#655);
#654 = CARTESIAN_POINT('',(-38.02,-44.95999999999,0.));
#655 = VECTOR('',#656,1.);
#656 = DIRECTION('',(-1.,0.,0.));
#657 = PCURVE('',#164,#658);
#658 = DEFINITIONAL_REPRESENTATION('',(#659),#662);
#659 = B_SPLINE_CURVE_WITH_KNOTS('',1,(#660,#661),.UNSPECIFIED.,.F.,.F.,
  (2,2),(-114.06,38.02),.PIECEWISE_BEZIER_KNOTS.);
#660 = CARTESIAN_POINT('',(76.04,-44.95999999691));
#661 = CARTESIAN_POINT('',(-76.04,-44.95999999691));
#662 = ( GEOMETRIC_REPRESENTATION_CONTEXT(2) 
PARAMETRIC_REPRESENTATION_CONTEXT() REPRESENTATION_CONTEXT('2D SPACE',''
  ) );
#663 = PCURVE('',#664,#669);
#664 = PLANE('',#665);
#665 = AXIS2_PLACEMENT_3D('',#666,#667,#668);
#666 = CARTESIAN_POINT('',(-76.04,-44.95999999999,-1.));
#667 = DIRECTION('',(0.,1.,0.));
#668 = DIRECTION('',(1.,0.,0.));
#669 = DEFINITIONAL_REPRESENTATION('',(#670),#673);
#670 = B_SPLINE_CURVE_WITH_KNOTS('',1,(#671,#672),.UNSPECIFIED.,.F.,.F.,
  (2,2),(-114.06,38.02),.PIECEWISE_BEZIER_KNOTS.);
#671 = CARTESIAN_POINT('',(152.08,-1.));
#672 = CARTESIAN_POINT('',(0.,-1.));
#673 = ( GEOMETRIC_REPRESENTATION_CONTEXT(2) 
PARAMETRIC_REPRESENTATION_CONTEXT() REPRESENTATION_CONTEXT('2D SPACE',''
  ) );
#674 = ORIENTED_EDGE('',*,*,#675,.T.);
#675 = EDGE_CURVE('',#650,#473,#676,.T.);
#676 = SURFACE_CURVE('',#677,(#682,#693),.PCURVE_S1.);
#677 = CIRCLE('',#678,3.);
#678 = AXIS2_PLACEMENT_3D('',#679,#680,#681);
#679 = CARTESIAN_POINT('',(-76.04,-41.96,0.));
#680 = DIRECTION('',(0.,0.,-1.));
#681 = DIRECTION('',(-1.,0.,0.));
#682 = PCURVE('',#164,#683);
#683 = DEFINITIONAL_REPRESENTATION('',(#684),#692);
#684 = ( BOUNDED_CURVE() B_SPLINE_CURVE(2,(#685,#686,#687,#688,#689,#690
,#691),.UNSPECIFIED.,.T.,.F.) B_SPLINE_CURVE_WITH_KNOTS((1,2,2,2,2,1),(
    -2.094395102393,0.,2.094395102393,4.188790204786,6.28318530718,
8.377580409573),.UNSPECIFIED.) CURVE() GEOMETRIC_REPRESENTATION_ITEM() 
RATIONAL_B_SPLINE_CURVE((1.,0.5,1.,0.5,1.,0.5,1.)) REPRESENTATION_ITEM(
  '') );
#685 = CARTESIAN_POINT('',(-79.04,-41.95999999691));
#686 = CARTESIAN_POINT('',(-79.04,-36.76384757421));
#687 = CARTESIAN_POINT('',(-74.54,-39.36192378556));
#688 = CARTESIAN_POINT('',(-70.04,-41.95999999691));
#689 = CARTESIAN_POINT('',(-74.54,-44.55807620827));
#690 = CARTESIAN_POINT('',(-79.04,-47.15615241962));
#691 = CARTESIAN_POINT('',(-79.04,-41.95999999691));
#692 = ( GEOMETRIC_REPRESENTATION_CONTEXT(2) 
PARAMETRIC_REPRESENTATION_CONTEXT() REPRESENTATION_CONTEXT('2D SPACE',''
  ) );
#693 = PCURVE('',#694,#699);
#694 = CYLINDRICAL_SURFACE('',#695,3.);
#695 = AXIS2_PLACEMENT_3D('',#696,#697,#698);
#696 = CARTESIAN_POINT('',(-76.04,-41.96,-1.));
#697 = DIRECTION('',(0.,0.,-1.));
#698 = DIRECTION('',(-1.,0.,0.));
#699 = DEFINITIONAL_REPRESENTATION('',(#700),#704);
#700 = LINE('',#701,#702);
#701 = CARTESIAN_POINT('',(0.,-1.));
#702 = VECTOR('',#703,1.);
#703 = DIRECTION('',(1.,0.));
#704 = ( GEOMETRIC_REPRESENTATION_CONTEXT(2) 
PARAMETRIC_REPRESENTATION_CONTEXT() REPRESENTATION_CONTEXT('2D SPACE',''
  ) );
#705 = ADVANCED_FACE('',(#706,#826),#110,.T.);
#706 = FACE_BOUND('',#707,.T.);
#707 = EDGE_LOOP('',(#708,#709,#710,#733,#757,#780,#804,#825));
#708 = ORIENTED_EDGE('',*,*,#94,.F.);
#709 = ORIENTED_EDGE('',*,*,#180,.T.);
#710 = ORIENTED_EDGE('',*,*,#711,.T.);
#711 = EDGE_CURVE('',#181,#712,#714,.T.);
#712 = VERTEX_POINT('',#713);
#713 = CARTESIAN_POINT('',(100.,-69.,4.));
#714 = SURFACE_CURVE('',#715,(#719,#726),.PCURVE_S1.);
#715 = LINE('',#716,#717);
#716 = CARTESIAN_POINT('',(0.,-68.99999999999,4.));
#717 = VECTOR('',#718,1.);
#718 = DIRECTION('',(1.,0.,0.));
#719 = PCURVE('',#110,#720);
#720 = DEFINITIONAL_REPRESENTATION('',(#721),#725);
#721 = LINE('',#722,#723);
#722 = CARTESIAN_POINT('',(-6.432538211843E-15,-68.99999999691));
#723 = VECTOR('',#724,1.);
#724 = DIRECTION('',(1.,0.));
#725 = ( GEOMETRIC_REPRESENTATION_CONTEXT(2) 
PARAMETRIC_REPRESENTATION_CONTEXT() REPRESENTATION_CONTEXT('2D SPACE',''
  ) );
#726 = PCURVE('',#220,#727);
#727 = DEFINITIONAL_REPRESENTATION('',(#728),#732);
#728 = LINE('',#729,#730);
#729 = CARTESIAN_POINT('',(100.,-4.));
#730 = VECTOR('',#731,1.);
#731 = DIRECTION('',(1.,0.));
#732 = ( GEOMETRIC_REPRESENTATION_CONTEXT(2) 
PARAMETRIC_REPRESENTATION_CONTEXT() REPRESENTATION_CONTEXT('2D SPACE',''
  ) );
#733 = ORIENTED_EDGE('',*,*,#734,.T.);
#734 = EDGE_CURVE('',#712,#735,#737,.T.);
#735 = VERTEX_POINT('',#736);
#736 = CARTESIAN_POINT('',(108.,-61.,4.));
#737 = SURFACE_CURVE('',#738,(#743,#750),.PCURVE_S1.);
#738 = CIRCLE('',#739,8.);
#739 = AXIS2_PLACEMENT_3D('',#740,#741,#742);
#740 = CARTESIAN_POINT('',(100.,-61.,4.));
#741 = DIRECTION('',(0.,0.,1.));
#742 = DIRECTION('',(1.,0.,0.));
#743 = PCURVE('',#110,#744);
#744 = DEFINITIONAL_REPRESENTATION('',(#745),#749);
#745 = CIRCLE('',#746,8.);
#746 = AXIS2_PLACEMENT_2D('',#747,#748);
#747 = CARTESIAN_POINT('',(100.,-60.99999999691));
#748 = DIRECTION('',(1.,0.));
#749 = ( GEOMETRIC_REPRESENTATION_CONTEXT(2) 
PARAMETRIC_REPRESENTATION_CONTEXT() REPRESENTATION_CONTEXT('2D SPACE',''
  ) );
#750 = PCURVE('',#377,#751);
#751 = DEFINITIONAL_REPRESENTATION('',(#752),#756);
#752 = LINE('',#753,#754);
#753 = CARTESIAN_POINT('',(-0.,-4.));
#754 = VECTOR('',#755,1.);
#755 = DIRECTION('',(-1.,0.));
#756 = ( GEOMETRIC_REPRESENTATION_CONTEXT(2) 
PARAMETRIC_REPRESENTATION_CONTEXT() REPRESENTATION_CONTEXT('2D SPACE',''
  ) );
#757 = ORIENTED_EDGE('',*,*,#758,.T.);
#758 = EDGE_CURVE('',#735,#759,#761,.T.);
#759 = VERTEX_POINT('',#760);
#760 = CARTESIAN_POINT('',(108.,60.999999985424,4.));
#761 = SURFACE_CURVE('',#762,(#766,#773),.PCURVE_S1.);
#762 = LINE('',#763,#764);
#763 = CARTESIAN_POINT('',(108.,1.676880856394E-12,4.));
#764 = VECTOR('',#765,1.);
#765 = DIRECTION('',(0.,1.,0.));
#766 = PCURVE('',#110,#767);
#767 = DEFINITIONAL_REPRESENTATION('',(#768),#772);
#768 = LINE('',#769,#770);
#769 = CARTESIAN_POINT('',(108.,3.086572583052E-09));
#770 = VECTOR('',#771,1.);
#771 = DIRECTION('',(0.,1.));
#772 = ( GEOMETRIC_REPRESENTATION_CONTEXT(2) 
PARAMETRIC_REPRESENTATION_CONTEXT() REPRESENTATION_CONTEXT('2D SPACE',''
  ) );
#773 = PCURVE('',#405,#774);
#774 = DEFINITIONAL_REPRESENTATION('',(#775),#779);
#775 = LINE('',#776,#777);
#776 = CARTESIAN_POINT('',(61.000000000003,-4.));
#777 = VECTOR('',#778,1.);
#778 = DIRECTION('',(1.,0.));
#779 = ( GEOMETRIC_REPRESENTATION_CONTEXT(2) 
PARAMETRIC_REPRESENTATION_CONTEXT() REPRESENTATION_CONTEXT('2D SPACE',''
  ) );
#780 = ORIENTED_EDGE('',*,*,#781,.T.);
#781 = EDGE_CURVE('',#759,#782,#784,.T.);
#782 = VERTEX_POINT('',#783);
#783 = CARTESIAN_POINT('',(100.,68.999999992713,4.));
#784 = SURFACE_CURVE('',#785,(#790,#797),.PCURVE_S1.);
#785 = CIRCLE('',#786,8.);
#786 = AXIS2_PLACEMENT_3D('',#787,#788,#789);
#787 = CARTESIAN_POINT('',(100.,60.999999985424,4.));
#788 = DIRECTION('',(0.,0.,1.));
#789 = DIRECTION('',(1.,0.,0.));
#790 = PCURVE('',#110,#791);
#791 = DEFINITIONAL_REPRESENTATION('',(#792),#796);
#792 = CIRCLE('',#793,8.);
#793 = AXIS2_PLACEMENT_2D('',#794,#795);
#794 = CARTESIAN_POINT('',(100.,60.999999988509));
#795 = DIRECTION('',(1.,0.));
#796 = ( GEOMETRIC_REPRESENTATION_CONTEXT(2) 
PARAMETRIC_REPRESENTATION_CONTEXT() REPRESENTATION_CONTEXT('2D SPACE',''
  ) );
#797 = PCURVE('',#434,#798);
#798 = DEFINITIONAL_REPRESENTATION('',(#799),#803);
#799 = LINE('',#800,#801);
#800 = CARTESIAN_POINT('',(-0.,-4.));
#801 = VECTOR('',#802,1.);
#802 = DIRECTION('',(-1.,0.));
#803 = ( GEOMETRIC_REPRESENTATION_CONTEXT(2) 
PARAMETRIC_REPRESENTATION_CONTEXT() REPRESENTATION_CONTEXT('2D SPACE',''
  ) );
#804 = ORIENTED_EDGE('',*,*,#805,.F.);
#805 = EDGE_CURVE('',#260,#782,#806,.T.);
#806 = SURFACE_CURVE('',#807,(#811,#818),.PCURVE_S1.);
#807 = LINE('',#808,#809);
#808 = CARTESIAN_POINT('',(0.,69.000000000002,4.));
#809 = VECTOR('',#810,1.);
#810 = DIRECTION('',(1.,0.,0.));
#811 = PCURVE('',#110,#812);
#812 = DEFINITIONAL_REPRESENTATION('',(#813),#817);
#813 = LINE('',#814,#815);
#814 = CARTESIAN_POINT('',(-6.432538211843E-15,69.000000003087));
#815 = VECTOR('',#816,1.);
#816 = DIRECTION('',(1.,0.));
#817 = ( GEOMETRIC_REPRESENTATION_CONTEXT(2) 
PARAMETRIC_REPRESENTATION_CONTEXT() REPRESENTATION_CONTEXT('2D SPACE',''
  ) );
#818 = PCURVE('',#275,#819);
#819 = DEFINITIONAL_REPRESENTATION('',(#820),#824);
#820 = LINE('',#821,#822);
#821 = CARTESIAN_POINT('',(100.,-4.));
#822 = VECTOR('',#823,1.);
#823 = DIRECTION('',(1.,0.));
#824 = ( GEOMETRIC_REPRESENTATION_CONTEXT(2) 
PARAMETRIC_REPRESENTATION_CONTEXT() REPRESENTATION_CONTEXT('2D SPACE',''
  ) );
#825 = ORIENTED_EDGE('',*,*,#287,.T.);
#826 = FACE_BOUND('',#827,.T.);
#827 = EDGE_LOOP('',(#828,#859,#887,#916,#944,#973,#1001,#1030));
#828 = ORIENTED_EDGE('',*,*,#829,.F.);
#829 = EDGE_CURVE('',#830,#832,#834,.T.);
#830 = VERTEX_POINT('',#831);
#831 = CARTESIAN_POINT('',(-92.,-49.,4.));
#832 = VERTEX_POINT('',#833);
#833 = CARTESIAN_POINT('',(-89.,-52.,4.));
#834 = SURFACE_CURVE('',#835,(#840,#847),.PCURVE_S1.);
#835 = CIRCLE('',#836,3.);
#836 = AXIS2_PLACEMENT_3D('',#837,#838,#839);
#837 = CARTESIAN_POINT('',(-89.,-49.,4.));
#838 = DIRECTION('',(0.,0.,1.));
#839 = DIRECTION('',(1.,0.,0.));
#840 = PCURVE('',#110,#841);
#841 = DEFINITIONAL_REPRESENTATION('',(#842),#846);
#842 = CIRCLE('',#843,3.);
#843 = AXIS2_PLACEMENT_2D('',#844,#845);
#844 = CARTESIAN_POINT('',(-89.,-48.99999999692));
#845 = DIRECTION('',(1.,0.));
#846 = ( GEOMETRIC_REPRESENTATION_CONTEXT(2) 
PARAMETRIC_REPRESENTATION_CONTEXT() REPRESENTATION_CONTEXT('2D SPACE',''
  ) );
#847 = PCURVE('',#848,#853);
#848 = CYLINDRICAL_SURFACE('',#849,3.);
#849 = AXIS2_PLACEMENT_3D('',#850,#851,#852);
#850 = CARTESIAN_POINT('',(-89.,-49.,4.));
#851 = DIRECTION('',(-0.,-0.,-1.));
#852 = DIRECTION('',(1.,0.,0.));
#853 = DEFINITIONAL_REPRESENTATION('',(#854),#858);
#854 = LINE('',#855,#856);
#855 = CARTESIAN_POINT('',(-0.,0.));
#856 = VECTOR('',#857,1.);
#857 = DIRECTION('',(-1.,0.));
#858 = ( GEOMETRIC_REPRESENTATION_CONTEXT(2) 
PARAMETRIC_REPRESENTATION_CONTEXT() REPRESENTATION_CONTEXT('2D SPACE',''
  ) );
#859 = ORIENTED_EDGE('',*,*,#860,.T.);
#860 = EDGE_CURVE('',#830,#861,#863,.T.);
#861 = VERTEX_POINT('',#862);
#862 = CARTESIAN_POINT('',(-92.,48.999999996569,4.));
#863 = SURFACE_CURVE('',#864,(#868,#875),.PCURVE_S1.);
#864 = LINE('',#865,#866);
#865 = CARTESIAN_POINT('',(-92.,5.428546501207E-12,4.));
#866 = VECTOR('',#867,1.);
#867 = DIRECTION('',(0.,1.,0.));
#868 = PCURVE('',#110,#869);
#869 = DEFINITIONAL_REPRESENTATION('',(#870),#874);
#870 = LINE('',#871,#872);
#871 = CARTESIAN_POINT('',(-92.,3.090324248697E-09));
#872 = VECTOR('',#873,1.);
#873 = DIRECTION('',(0.,1.));
#874 = ( GEOMETRIC_REPRESENTATION_CONTEXT(2) 
PARAMETRIC_REPRESENTATION_CONTEXT() REPRESENTATION_CONTEXT('2D SPACE',''
  ) );
#875 = PCURVE('',#876,#881);
#876 = PLANE('',#877);
#877 = AXIS2_PLACEMENT_3D('',#878,#879,#880);
#878 = CARTESIAN_POINT('',(-92.,-49.,4.));
#879 = DIRECTION('',(-1.,0.,0.));
#880 = DIRECTION('',(0.,1.,0.));
#881 = DEFINITIONAL_REPRESENTATION('',(#882),#886);
#882 = LINE('',#883,#884);
#883 = CARTESIAN_POINT('',(49.000000000011,0.));
#884 = VECTOR('',#885,1.);
#885 = DIRECTION('',(1.,0.));
#886 = ( GEOMETRIC_REPRESENTATION_CONTEXT(2) 
PARAMETRIC_REPRESENTATION_CONTEXT() REPRESENTATION_CONTEXT('2D SPACE',''
  ) );
#887 = ORIENTED_EDGE('',*,*,#888,.F.);
#888 = EDGE_CURVE('',#889,#861,#891,.T.);
#889 = VERTEX_POINT('',#890);
#890 = CARTESIAN_POINT('',(-89.,51.999999998287,4.));
#891 = SURFACE_CURVE('',#892,(#897,#904),.PCURVE_S1.);
#892 = CIRCLE('',#893,3.);
#893 = AXIS2_PLACEMENT_3D('',#894,#895,#896);
#894 = CARTESIAN_POINT('',(-89.,48.999999996569,4.));
#895 = DIRECTION('',(0.,0.,1.));
#896 = DIRECTION('',(1.,0.,0.));
#897 = PCURVE('',#110,#898);
#898 = DEFINITIONAL_REPRESENTATION('',(#899),#903);
#899 = CIRCLE('',#900,3.);
#900 = AXIS2_PLACEMENT_2D('',#901,#902);
#901 = CARTESIAN_POINT('',(-89.,48.999999999654));
#902 = DIRECTION('',(1.,0.));
#903 = ( GEOMETRIC_REPRESENTATION_CONTEXT(2) 
PARAMETRIC_REPRESENTATION_CONTEXT() REPRESENTATION_CONTEXT('2D SPACE',''
  ) );
#904 = PCURVE('',#905,#910);
#905 = CYLINDRICAL_SURFACE('',#906,3.);
#906 = AXIS2_PLACEMENT_3D('',#907,#908,#909);
#907 = CARTESIAN_POINT('',(-89.,48.999999996569,4.));
#908 = DIRECTION('',(-0.,-0.,-1.));
#909 = DIRECTION('',(1.,0.,0.));
#910 = DEFINITIONAL_REPRESENTATION('',(#911),#915);
#911 = LINE('',#912,#913);
#912 = CARTESIAN_POINT('',(-0.,0.));
#913 = VECTOR('',#914,1.);
#914 = DIRECTION('',(-1.,0.));
#915 = ( GEOMETRIC_REPRESENTATION_CONTEXT(2) 
PARAMETRIC_REPRESENTATION_CONTEXT() REPRESENTATION_CONTEXT('2D SPACE',''
  ) );
#916 = ORIENTED_EDGE('',*,*,#917,.T.);
#917 = EDGE_CURVE('',#889,#918,#920,.T.);
#918 = VERTEX_POINT('',#919);
#919 = CARTESIAN_POINT('',(89.,51.999999998287,4.));
#920 = SURFACE_CURVE('',#921,(#925,#932),.PCURVE_S1.);
#921 = LINE('',#922,#923);
#922 = CARTESIAN_POINT('',(0.,52.000000000005,4.));
#923 = VECTOR('',#924,1.);
#924 = DIRECTION('',(1.,0.,0.));
#925 = PCURVE('',#110,#926);
#926 = DEFINITIONAL_REPRESENTATION('',(#927),#931);
#927 = LINE('',#928,#929);
#928 = CARTESIAN_POINT('',(-6.432538211843E-15,52.00000000309));
#929 = VECTOR('',#930,1.);
#930 = DIRECTION('',(1.,0.));
#931 = ( GEOMETRIC_REPRESENTATION_CONTEXT(2) 
PARAMETRIC_REPRESENTATION_CONTEXT() REPRESENTATION_CONTEXT('2D SPACE',''
  ) );
#932 = PCURVE('',#933,#938);
#933 = PLANE('',#934);
#934 = AXIS2_PLACEMENT_3D('',#935,#936,#937);
#935 = CARTESIAN_POINT('',(-89.,52.000000000005,4.));
#936 = DIRECTION('',(0.,1.,0.));
#937 = DIRECTION('',(1.,0.,0.));
#938 = DEFINITIONAL_REPRESENTATION('',(#939),#943);
#939 = LINE('',#940,#941);
#940 = CARTESIAN_POINT('',(89.,0.));
#941 = VECTOR('',#942,1.);
#942 = DIRECTION('',(1.,0.));
#943 = ( GEOMETRIC_REPRESENTATION_CONTEXT(2) 
PARAMETRIC_REPRESENTATION_CONTEXT() REPRESENTATION_CONTEXT('2D SPACE',''
  ) );
#944 = ORIENTED_EDGE('',*,*,#945,.F.);
#945 = EDGE_CURVE('',#946,#918,#948,.T.);
#946 = VERTEX_POINT('',#947);
#947 = CARTESIAN_POINT('',(92.,48.999999996569,4.));
#948 = SURFACE_CURVE('',#949,(#954,#961),.PCURVE_S1.);
#949 = CIRCLE('',#950,3.);
#950 = AXIS2_PLACEMENT_3D('',#951,#952,#953);
#951 = CARTESIAN_POINT('',(89.,48.999999996569,4.));
#952 = DIRECTION('',(0.,0.,1.));
#953 = DIRECTION('',(1.,0.,0.));
#954 = PCURVE('',#110,#955);
#955 = DEFINITIONAL_REPRESENTATION('',(#956),#960);
#956 = CIRCLE('',#957,3.);
#957 = AXIS2_PLACEMENT_2D('',#958,#959);
#958 = CARTESIAN_POINT('',(89.,48.999999999654));
#959 = DIRECTION('',(1.,0.));
#960 = ( GEOMETRIC_REPRESENTATION_CONTEXT(2) 
PARAMETRIC_REPRESENTATION_CONTEXT() REPRESENTATION_CONTEXT('2D SPACE',''
  ) );
#961 = PCURVE('',#962,#967);
#962 = CYLINDRICAL_SURFACE('',#963,3.);
#963 = AXIS2_PLACEMENT_3D('',#964,#965,#966);
#964 = CARTESIAN_POINT('',(89.,48.999999996569,4.));
#965 = DIRECTION('',(-0.,-0.,-1.));
#966 = DIRECTION('',(1.,0.,0.));
#967 = DEFINITIONAL_REPRESENTATION('',(#968),#972);
#968 = LINE('',#969,#970);
#969 = CARTESIAN_POINT('',(-0.,0.));
#970 = VECTOR('',#971,1.);
#971 = DIRECTION('',(-1.,0.));
#972 = ( GEOMETRIC_REPRESENTATION_CONTEXT(2) 
PARAMETRIC_REPRESENTATION_CONTEXT() REPRESENTATION_CONTEXT('2D SPACE',''
  ) );
#973 = ORIENTED_EDGE('',*,*,#974,.F.);
#974 = EDGE_CURVE('',#975,#946,#977,.T.);
#975 = VERTEX_POINT('',#976);
#976 = CARTESIAN_POINT('',(92.,-49.,4.));
#977 = SURFACE_CURVE('',#978,(#982,#989),.PCURVE_S1.);
#978 = LINE('',#979,#980);
#979 = CARTESIAN_POINT('',(92.,5.428546501207E-12,4.));
#980 = VECTOR('',#981,1.);
#981 = DIRECTION('',(0.,1.,0.));
#982 = PCURVE('',#110,#983);
#983 = DEFINITIONAL_REPRESENTATION('',(#984),#988);
#984 = LINE('',#985,#986);
#985 = CARTESIAN_POINT('',(92.,3.090324248697E-09));
#986 = VECTOR('',#987,1.);
#987 = DIRECTION('',(0.,1.));
#988 = ( GEOMETRIC_REPRESENTATION_CONTEXT(2) 
PARAMETRIC_REPRESENTATION_CONTEXT() REPRESENTATION_CONTEXT('2D SPACE',''
  ) );
#989 = PCURVE('',#990,#995);
#990 = PLANE('',#991);
#991 = AXIS2_PLACEMENT_3D('',#992,#993,#994);
#992 = CARTESIAN_POINT('',(92.,-49.,4.));
#993 = DIRECTION('',(-1.,0.,0.));
#994 = DIRECTION('',(0.,1.,0.));
#995 = DEFINITIONAL_REPRESENTATION('',(#996),#1000);
#996 = LINE('',#997,#998);
#997 = CARTESIAN_POINT('',(49.000000000011,0.));
#998 = VECTOR('',#999,1.);
#999 = DIRECTION('',(1.,0.));
#1000 = ( GEOMETRIC_REPRESENTATION_CONTEXT(2) 
PARAMETRIC_REPRESENTATION_CONTEXT() REPRESENTATION_CONTEXT('2D SPACE',''
  ) );
#1001 = ORIENTED_EDGE('',*,*,#1002,.F.);
#1002 = EDGE_CURVE('',#1003,#975,#1005,.T.);
#1003 = VERTEX_POINT('',#1004);
#1004 = CARTESIAN_POINT('',(89.,-52.,4.));
#1005 = SURFACE_CURVE('',#1006,(#1011,#1018),.PCURVE_S1.);
#1006 = CIRCLE('',#1007,3.);
#1007 = AXIS2_PLACEMENT_3D('',#1008,#1009,#1010);
#1008 = CARTESIAN_POINT('',(89.,-49.,4.));
#1009 = DIRECTION('',(0.,0.,1.));
#1010 = DIRECTION('',(1.,0.,0.));
#1011 = PCURVE('',#110,#1012);
#1012 = DEFINITIONAL_REPRESENTATION('',(#1013),#1017);
#1013 = CIRCLE('',#1014,3.);
#1014 = AXIS2_PLACEMENT_2D('',#1015,#1016);
#1015 = CARTESIAN_POINT('',(89.,-48.99999999692));
#1016 = DIRECTION('',(1.,0.));
#1017 = ( GEOMETRIC_REPRESENTATION_CONTEXT(2) 
PARAMETRIC_REPRESENTATION_CONTEXT() REPRESENTATION_CONTEXT('2D SPACE',''
  ) );
#1018 = PCURVE('',#1019,#1024);
#1019 = CYLINDRICAL_SURFACE('',#1020,3.);
#1020 = AXIS2_PLACEMENT_3D('',#1021,#1022,#1023);
#1021 = CARTESIAN_POINT('',(89.,-49.,4.));
#1022 = DIRECTION('',(-0.,-0.,-1.));
#1023 = DIRECTION('',(1.,0.,0.));
#1024 = DEFINITIONAL_REPRESENTATION('',(#1025),#1029);
#1025 = LINE('',#1026,#1027);
#1026 = CARTESIAN_POINT('',(-0.,0.));
#1027 = VECTOR('',#1028,1.);
#1028 = DIRECTION('',(-1.,0.));
#1029 = ( GEOMETRIC_REPRESENTATION_CONTEXT(2) 
PARAMETRIC_REPRESENTATION_CONTEXT() REPRESENTATION_CONTEXT('2D SPACE',''
  ) );
#1030 = ORIENTED_EDGE('',*,*,#1031,.F.);
#1031 = EDGE_CURVE('',#832,#1003,#1032,.T.);
#1032 = SURFACE_CURVE('',#1033,(#1037,#1044),.PCURVE_S1.);
#1033 = LINE('',#1034,#1035);
#1034 = CARTESIAN_POINT('',(0.,-51.99999999999,4.));
#1035 = VECTOR('',#1036,1.);
#1036 = DIRECTION('',(1.,0.,0.));
#1037 = PCURVE('',#110,#1038);
#1038 = DEFINITIONAL_REPRESENTATION('',(#1039),#1043);
#1039 = LINE('',#1040,#1041);
#1040 = CARTESIAN_POINT('',(-6.432538211843E-15,-51.99999999691));
#1041 = VECTOR('',#1042,1.);
#1042 = DIRECTION('',(1.,0.));
#1043 = ( GEOMETRIC_REPRESENTATION_CONTEXT(2) 
PARAMETRIC_REPRESENTATION_CONTEXT() REPRESENTATION_CONTEXT('2D SPACE',''
  ) );
#1044 = PCURVE('',#1045,#1050);
#1045 = PLANE('',#1046);
#1046 = AXIS2_PLACEMENT_3D('',#1047,#1048,#1049);
#1047 = CARTESIAN_POINT('',(-89.,-51.99999999999,4.));
#1048 = DIRECTION('',(0.,1.,0.));
#1049 = DIRECTION('',(1.,0.,0.));
#1050 = DEFINITIONAL_REPRESENTATION('',(#1051),#1055);
#1051 = LINE('',#1052,#1053);
#1052 = CARTESIAN_POINT('',(89.,0.));
#1053 = VECTOR('',#1054,1.);
#1054 = DIRECTION('',(1.,0.));
#1055 = ( GEOMETRIC_REPRESENTATION_CONTEXT(2) 
PARAMETRIC_REPRESENTATION_CONTEXT() REPRESENTATION_CONTEXT('2D SPACE',''
  ) );
#1056 = ADVANCED_FACE('',(#1057),#220,.F.);
#1057 = FACE_BOUND('',#1058,.F.);
#1058 = EDGE_LOOP('',(#1059,#1060,#1061,#1082));
#1059 = ORIENTED_EDGE('',*,*,#204,.T.);
#1060 = ORIENTED_EDGE('',*,*,#711,.T.);
#1061 = ORIENTED_EDGE('',*,*,#1062,.F.);
#1062 = EDGE_CURVE('',#338,#712,#1063,.T.);
#1063 = SURFACE_CURVE('',#1064,(#1068,#1075),.PCURVE_S1.);
#1064 = LINE('',#1065,#1066);
#1065 = CARTESIAN_POINT('',(100.,-69.,0.));
#1066 = VECTOR('',#1067,1.);
#1067 = DIRECTION('',(0.,0.,1.));
#1068 = PCURVE('',#220,#1069);
#1069 = DEFINITIONAL_REPRESENTATION('',(#1070),#1074);
#1070 = LINE('',#1071,#1072);
#1071 = CARTESIAN_POINT('',(200.,0.));
#1072 = VECTOR('',#1073,1.);
#1073 = DIRECTION('',(0.,-1.));
#1074 = ( GEOMETRIC_REPRESENTATION_CONTEXT(2) 
PARAMETRIC_REPRESENTATION_CONTEXT() REPRESENTATION_CONTEXT('2D SPACE',''
  ) );
#1075 = PCURVE('',#377,#1076);
#1076 = DEFINITIONAL_REPRESENTATION('',(#1077),#1081);
#1077 = LINE('',#1078,#1079);
#1078 = CARTESIAN_POINT('',(-4.712388980385,0.));
#1079 = VECTOR('',#1080,1.);
#1080 = DIRECTION('',(-0.,-1.));
#1081 = ( GEOMETRIC_REPRESENTATION_CONTEXT(2) 
PARAMETRIC_REPRESENTATION_CONTEXT() REPRESENTATION_CONTEXT('2D SPACE',''
  ) );
#1082 = ORIENTED_EDGE('',*,*,#337,.F.);
#1083 = ADVANCED_FACE('',(#1084),#275,.T.);
#1084 = FACE_BOUND('',#1085,.T.);
#1085 = EDGE_LOOP('',(#1086,#1087,#1088,#1109));
#1086 = ORIENTED_EDGE('',*,*,#257,.T.);
#1087 = ORIENTED_EDGE('',*,*,#805,.T.);
#1088 = ORIENTED_EDGE('',*,*,#1089,.F.);
#1089 = EDGE_CURVE('',#418,#782,#1090,.T.);
#1090 = SURFACE_CURVE('',#1091,(#1095,#1102),.PCURVE_S1.);
#1091 = LINE('',#1092,#1093);
#1092 = CARTESIAN_POINT('',(100.,68.999999992713,0.));
#1093 = VECTOR('',#1094,1.);
#1094 = DIRECTION('',(0.,0.,1.));
#1095 = PCURVE('',#275,#1096);
#1096 = DEFINITIONAL_REPRESENTATION('',(#1097),#1101);
#1097 = LINE('',#1098,#1099);
#1098 = CARTESIAN_POINT('',(200.,0.));
#1099 = VECTOR('',#1100,1.);
#1100 = DIRECTION('',(0.,-1.));
#1101 = ( GEOMETRIC_REPRESENTATION_CONTEXT(2) 
PARAMETRIC_REPRESENTATION_CONTEXT() REPRESENTATION_CONTEXT('2D SPACE',''
  ) );
#1102 = PCURVE('',#434,#1103);
#1103 = DEFINITIONAL_REPRESENTATION('',(#1104),#1108);
#1104 = LINE('',#1105,#1106);
#1105 = CARTESIAN_POINT('',(-1.570796326795,0.));
#1106 = VECTOR('',#1107,1.);
#1107 = DIRECTION('',(-0.,-1.));
#1108 = ( GEOMETRIC_REPRESENTATION_CONTEXT(2) 
PARAMETRIC_REPRESENTATION_CONTEXT() REPRESENTATION_CONTEXT('2D SPACE',''
  ) );
#1109 = ORIENTED_EDGE('',*,*,#446,.F.);
#1110 = ADVANCED_FACE('',(#1111),#377,.T.);
#1111 = FACE_BOUND('',#1112,.F.);
#1112 = EDGE_LOOP('',(#1113,#1114,#1115,#1136));
#1113 = ORIENTED_EDGE('',*,*,#1062,.T.);
#1114 = ORIENTED_EDGE('',*,*,#734,.T.);
#1115 = ORIENTED_EDGE('',*,*,#1116,.F.);
#1116 = EDGE_CURVE('',#361,#735,#1117,.T.);
#1117 = SURFACE_CURVE('',#1118,(#1122,#1129),.PCURVE_S1.);
#1118 = LINE('',#1119,#1120);
#1119 = CARTESIAN_POINT('',(108.,-61.,0.));
#1120 = VECTOR('',#1121,1.);
#1121 = DIRECTION('',(0.,0.,1.));
#1122 = PCURVE('',#377,#1123);
#1123 = DEFINITIONAL_REPRESENTATION('',(#1124),#1128);
#1124 = LINE('',#1125,#1126);
#1125 = CARTESIAN_POINT('',(-6.28318530718,0.));
#1126 = VECTOR('',#1127,1.);
#1127 = DIRECTION('',(-0.,-1.));
#1128 = ( GEOMETRIC_REPRESENTATION_CONTEXT(2) 
PARAMETRIC_REPRESENTATION_CONTEXT() REPRESENTATION_CONTEXT('2D SPACE',''
  ) );
#1129 = PCURVE('',#405,#1130);
#1130 = DEFINITIONAL_REPRESENTATION('',(#1131),#1135);
#1131 = LINE('',#1132,#1133);
#1132 = CARTESIAN_POINT('',(0.,0.));
#1133 = VECTOR('',#1134,1.);
#1134 = DIRECTION('',(0.,-1.));
#1135 = ( GEOMETRIC_REPRESENTATION_CONTEXT(2) 
PARAMETRIC_REPRESENTATION_CONTEXT() REPRESENTATION_CONTEXT('2D SPACE',''
  ) );
#1136 = ORIENTED_EDGE('',*,*,#360,.F.);
#1137 = ADVANCED_FACE('',(#1138),#434,.T.);
#1138 = FACE_BOUND('',#1139,.F.);
#1139 = EDGE_LOOP('',(#1140,#1161,#1162,#1163));
#1140 = ORIENTED_EDGE('',*,*,#1141,.T.);
#1141 = EDGE_CURVE('',#390,#759,#1142,.T.);
#1142 = SURFACE_CURVE('',#1143,(#1147,#1154),.PCURVE_S1.);
#1143 = LINE('',#1144,#1145);
#1144 = CARTESIAN_POINT('',(108.,60.999999985424,0.));
#1145 = VECTOR('',#1146,1.);
#1146 = DIRECTION('',(0.,0.,1.));
#1147 = PCURVE('',#434,#1148);
#1148 = DEFINITIONAL_REPRESENTATION('',(#1149),#1153);
#1149 = LINE('',#1150,#1151);
#1150 = CARTESIAN_POINT('',(-0.,0.));
#1151 = VECTOR('',#1152,1.);
#1152 = DIRECTION('',(-0.,-1.));
#1153 = ( GEOMETRIC_REPRESENTATION_CONTEXT(2) 
PARAMETRIC_REPRESENTATION_CONTEXT() REPRESENTATION_CONTEXT('2D SPACE',''
  ) );
#1154 = PCURVE('',#405,#1155);
#1155 = DEFINITIONAL_REPRESENTATION('',(#1156),#1160);
#1156 = LINE('',#1157,#1158);
#1157 = CARTESIAN_POINT('',(121.99999998542,0.));
#1158 = VECTOR('',#1159,1.);
#1159 = DIRECTION('',(0.,-1.));
#1160 = ( GEOMETRIC_REPRESENTATION_CONTEXT(2) 
PARAMETRIC_REPRESENTATION_CONTEXT() REPRESENTATION_CONTEXT('2D SPACE',''
  ) );
#1161 = ORIENTED_EDGE('',*,*,#781,.T.);
#1162 = ORIENTED_EDGE('',*,*,#1089,.F.);
#1163 = ORIENTED_EDGE('',*,*,#417,.F.);
#1164 = ADVANCED_FACE('',(#1165),#405,.F.);
#1165 = FACE_BOUND('',#1166,.F.);
#1166 = EDGE_LOOP('',(#1167,#1168,#1169,#1170));
#1167 = ORIENTED_EDGE('',*,*,#1116,.T.);
#1168 = ORIENTED_EDGE('',*,*,#758,.T.);
#1169 = ORIENTED_EDGE('',*,*,#1141,.F.);
#1170 = ORIENTED_EDGE('',*,*,#389,.F.);
#1171 = ADVANCED_FACE('',(#1172),#487,.F.);
#1172 = FACE_BOUND('',#1173,.F.);
#1173 = EDGE_LOOP('',(#1174,#1175,#1198,#1224));
#1174 = ORIENTED_EDGE('',*,*,#470,.T.);
#1175 = ORIENTED_EDGE('',*,*,#1176,.T.);
#1176 = EDGE_CURVE('',#473,#1177,#1179,.T.);
#1177 = VERTEX_POINT('',#1178);
#1178 = CARTESIAN_POINT('',(-79.04,-41.96,4.));
#1179 = SURFACE_CURVE('',#1180,(#1184,#1191),.PCURVE_S1.);
#1180 = LINE('',#1181,#1182);
#1181 = CARTESIAN_POINT('',(-79.04,-41.96,-1.));
#1182 = VECTOR('',#1183,1.);
#1183 = DIRECTION('',(0.,0.,1.));
#1184 = PCURVE('',#487,#1185);
#1185 = DEFINITIONAL_REPRESENTATION('',(#1186),#1190);
#1186 = LINE('',#1187,#1188);
#1187 = CARTESIAN_POINT('',(0.,0.));
#1188 = VECTOR('',#1189,1.);
#1189 = DIRECTION('',(0.,-1.));
#1190 = ( GEOMETRIC_REPRESENTATION_CONTEXT(2) 
PARAMETRIC_REPRESENTATION_CONTEXT() REPRESENTATION_CONTEXT('2D SPACE',''
  ) );
#1191 = PCURVE('',#694,#1192);
#1192 = DEFINITIONAL_REPRESENTATION('',(#1193),#1197);
#1193 = LINE('',#1194,#1195);
#1194 = CARTESIAN_POINT('',(6.28318530718,0.));
#1195 = VECTOR('',#1196,1.);
#1196 = DIRECTION('',(0.,-1.));
#1197 = ( GEOMETRIC_REPRESENTATION_CONTEXT(2) 
PARAMETRIC_REPRESENTATION_CONTEXT() REPRESENTATION_CONTEXT('2D SPACE',''
  ) );
#1198 = ORIENTED_EDGE('',*,*,#1199,.F.);
#1199 = EDGE_CURVE('',#1200,#1177,#1202,.T.);
#1200 = VERTEX_POINT('',#1201);
#1201 = CARTESIAN_POINT('',(-79.04,41.959999983281,4.));
#1202 = SURFACE_CURVE('',#1203,(#1207,#1213),.PCURVE_S1.);
#1203 = LINE('',#1204,#1205);
#1204 = CARTESIAN_POINT('',(-79.04,-20.98000000154,4.));
#1205 = VECTOR('',#1206,1.);
#1206 = DIRECTION('',(0.,-1.,0.));
#1207 = PCURVE('',#487,#1208);
#1208 = DEFINITIONAL_REPRESENTATION('',(#1209),#1212);
#1209 = B_SPLINE_CURVE_WITH_KNOTS('',1,(#1210,#1211),.UNSPECIFIED.,.F.,
  .F.,(2,2),(-62.93999998482,20.979999998459),.PIECEWISE_BEZIER_KNOTS.);
#1210 = CARTESIAN_POINT('',(83.919999983285,-5.));
#1211 = CARTESIAN_POINT('',(0.,-5.));
#1212 = ( GEOMETRIC_REPRESENTATION_CONTEXT(2) 
PARAMETRIC_REPRESENTATION_CONTEXT() REPRESENTATION_CONTEXT('2D SPACE',''
  ) );
#1213 = PCURVE('',#1214,#1219);
#1214 = PLANE('',#1215);
#1215 = AXIS2_PLACEMENT_3D('',#1216,#1217,#1218);
#1216 = CARTESIAN_POINT('',(6.432538211843E-15,-3.084895702195E-09,4.));
#1217 = DIRECTION('',(0.,0.,1.));
#1218 = DIRECTION('',(1.,0.,0.));
#1219 = DEFINITIONAL_REPRESENTATION('',(#1220),#1223);
#1220 = B_SPLINE_CURVE_WITH_KNOTS('',1,(#1221,#1222),.UNSPECIFIED.,.F.,
  .F.,(2,2),(-62.93999998482,20.979999998459),.PIECEWISE_BEZIER_KNOTS.);
#1221 = CARTESIAN_POINT('',(-79.04,41.959999986366));
#1222 = CARTESIAN_POINT('',(-79.04,-41.95999999691));
#1223 = ( GEOMETRIC_REPRESENTATION_CONTEXT(2) 
PARAMETRIC_REPRESENTATION_CONTEXT() REPRESENTATION_CONTEXT('2D SPACE',''
  ) );
#1224 = ORIENTED_EDGE('',*,*,#1225,.F.);
#1225 = EDGE_CURVE('',#471,#1200,#1226,.T.);
#1226 = SURFACE_CURVE('',#1227,(#1231,#1238),.PCURVE_S1.);
#1227 = LINE('',#1228,#1229);
#1228 = CARTESIAN_POINT('',(-79.04,41.959999983281,-1.));
#1229 = VECTOR('',#1230,1.);
#1230 = DIRECTION('',(0.,0.,1.));
#1231 = PCURVE('',#487,#1232);
#1232 = DEFINITIONAL_REPRESENTATION('',(#1233),#1237);
#1233 = LINE('',#1234,#1235);
#1234 = CARTESIAN_POINT('',(83.919999983285,0.));
#1235 = VECTOR('',#1236,1.);
#1236 = DIRECTION('',(0.,-1.));
#1237 = ( GEOMETRIC_REPRESENTATION_CONTEXT(2) 
PARAMETRIC_REPRESENTATION_CONTEXT() REPRESENTATION_CONTEXT('2D SPACE',''
  ) );
#1238 = PCURVE('',#519,#1239);
#1239 = DEFINITIONAL_REPRESENTATION('',(#1240),#1244);
#1240 = LINE('',#1241,#1242);
#1241 = CARTESIAN_POINT('',(0.,0.));
#1242 = VECTOR('',#1243,1.);
#1243 = DIRECTION('',(0.,-1.));
#1244 = ( GEOMETRIC_REPRESENTATION_CONTEXT(2) 
PARAMETRIC_REPRESENTATION_CONTEXT() REPRESENTATION_CONTEXT('2D SPACE',''
  ) );
#1245 = ADVANCED_FACE('',(#1246),#694,.F.);
#1246 = FACE_BOUND('',#1247,.F.);
#1247 = EDGE_LOOP('',(#1248,#1249,#1272,#1298));
#1248 = ORIENTED_EDGE('',*,*,#675,.F.);
#1249 = ORIENTED_EDGE('',*,*,#1250,.T.);
#1250 = EDGE_CURVE('',#650,#1251,#1253,.T.);
#1251 = VERTEX_POINT('',#1252);
#1252 = CARTESIAN_POINT('',(-76.04,-44.96,4.));
#1253 = SURFACE_CURVE('',#1254,(#1258,#1265),.PCURVE_S1.);
#1254 = LINE('',#1255,#1256);
#1255 = CARTESIAN_POINT('',(-76.04,-44.96,-1.));
#1256 = VECTOR('',#1257,1.);
#1257 = DIRECTION('',(0.,0.,1.));
#1258 = PCURVE('',#694,#1259);
#1259 = DEFINITIONAL_REPRESENTATION('',(#1260),#1264);
#1260 = LINE('',#1261,#1262);
#1261 = CARTESIAN_POINT('',(4.712388980385,0.));
#1262 = VECTOR('',#1263,1.);
#1263 = DIRECTION('',(0.,-1.));
#1264 = ( GEOMETRIC_REPRESENTATION_CONTEXT(2) 
PARAMETRIC_REPRESENTATION_CONTEXT() REPRESENTATION_CONTEXT('2D SPACE',''
  ) );
#1265 = PCURVE('',#664,#1266);
#1266 = DEFINITIONAL_REPRESENTATION('',(#1267),#1271);
#1267 = LINE('',#1268,#1269);
#1268 = CARTESIAN_POINT('',(0.,0.));
#1269 = VECTOR('',#1270,1.);
#1270 = DIRECTION('',(0.,-1.));
#1271 = ( GEOMETRIC_REPRESENTATION_CONTEXT(2) 
PARAMETRIC_REPRESENTATION_CONTEXT() REPRESENTATION_CONTEXT('2D SPACE',''
  ) );
#1272 = ORIENTED_EDGE('',*,*,#1273,.T.);
#1273 = EDGE_CURVE('',#1251,#1177,#1274,.T.);
#1274 = SURFACE_CURVE('',#1275,(#1280,#1287),.PCURVE_S1.);
#1275 = CIRCLE('',#1276,3.);
#1276 = AXIS2_PLACEMENT_3D('',#1277,#1278,#1279);
#1277 = CARTESIAN_POINT('',(-76.04,-41.96,4.));
#1278 = DIRECTION('',(0.,0.,-1.));
#1279 = DIRECTION('',(-1.,0.,0.));
#1280 = PCURVE('',#694,#1281);
#1281 = DEFINITIONAL_REPRESENTATION('',(#1282),#1286);
#1282 = LINE('',#1283,#1284);
#1283 = CARTESIAN_POINT('',(0.,-5.));
#1284 = VECTOR('',#1285,1.);
#1285 = DIRECTION('',(1.,0.));
#1286 = ( GEOMETRIC_REPRESENTATION_CONTEXT(2) 
PARAMETRIC_REPRESENTATION_CONTEXT() REPRESENTATION_CONTEXT('2D SPACE',''
  ) );
#1287 = PCURVE('',#1214,#1288);
#1288 = DEFINITIONAL_REPRESENTATION('',(#1289),#1297);
#1289 = ( BOUNDED_CURVE() B_SPLINE_CURVE(2,(#1290,#1291,#1292,#1293,
#1294,#1295,#1296),.UNSPECIFIED.,.T.,.F.) B_SPLINE_CURVE_WITH_KNOTS((1,2
    ,2,2,2,1),(-2.094395102393,0.,2.094395102393,4.188790204786,
6.28318530718,8.377580409573),.UNSPECIFIED.) CURVE() 
GEOMETRIC_REPRESENTATION_ITEM() RATIONAL_B_SPLINE_CURVE((1.,0.5,1.,0.5,
1.,0.5,1.)) REPRESENTATION_ITEM('') );
#1290 = CARTESIAN_POINT('',(-79.04,-41.95999999691));
#1291 = CARTESIAN_POINT('',(-79.04,-36.76384757421));
#1292 = CARTESIAN_POINT('',(-74.54,-39.36192378556));
#1293 = CARTESIAN_POINT('',(-70.04,-41.95999999691));
#1294 = CARTESIAN_POINT('',(-74.54,-44.55807620827));
#1295 = CARTESIAN_POINT('',(-79.04,-47.15615241962));
#1296 = CARTESIAN_POINT('',(-79.04,-41.95999999691));
#1297 = ( GEOMETRIC_REPRESENTATION_CONTEXT(2) 
PARAMETRIC_REPRESENTATION_CONTEXT() REPRESENTATION_CONTEXT('2D SPACE',''
  ) );
#1298 = ORIENTED_EDGE('',*,*,#1176,.F.);
#1299 = ADVANCED_FACE('',(#1300),#664,.T.);
#1300 = FACE_BOUND('',#1301,.T.);
#1301 = EDGE_LOOP('',(#1302,#1303,#1304,#1325));
#1302 = ORIENTED_EDGE('',*,*,#649,.T.);
#1303 = ORIENTED_EDGE('',*,*,#1250,.T.);
#1304 = ORIENTED_EDGE('',*,*,#1305,.F.);
#1305 = EDGE_CURVE('',#1306,#1251,#1308,.T.);
#1306 = VERTEX_POINT('',#1307);
#1307 = CARTESIAN_POINT('',(76.04,-44.96,4.));
#1308 = SURFACE_CURVE('',#1309,(#1313,#1319),.PCURVE_S1.);
#1309 = LINE('',#1310,#1311);
#1310 = CARTESIAN_POINT('',(-38.02,-44.95999999999,4.));
#1311 = VECTOR('',#1312,1.);
#1312 = DIRECTION('',(-1.,0.,0.));
#1313 = PCURVE('',#664,#1314);
#1314 = DEFINITIONAL_REPRESENTATION('',(#1315),#1318);
#1315 = B_SPLINE_CURVE_WITH_KNOTS('',1,(#1316,#1317),.UNSPECIFIED.,.F.,
  .F.,(2,2),(-114.06,38.02),.PIECEWISE_BEZIER_KNOTS.);
#1316 = CARTESIAN_POINT('',(152.08,-5.));
#1317 = CARTESIAN_POINT('',(0.,-5.));
#1318 = ( GEOMETRIC_REPRESENTATION_CONTEXT(2) 
PARAMETRIC_REPRESENTATION_CONTEXT() REPRESENTATION_CONTEXT('2D SPACE',''
  ) );
#1319 = PCURVE('',#1214,#1320);
#1320 = DEFINITIONAL_REPRESENTATION('',(#1321),#1324);
#1321 = B_SPLINE_CURVE_WITH_KNOTS('',1,(#1322,#1323),.UNSPECIFIED.,.F.,
  .F.,(2,2),(-114.06,38.02),.PIECEWISE_BEZIER_KNOTS.);
#1322 = CARTESIAN_POINT('',(76.04,-44.95999999691));
#1323 = CARTESIAN_POINT('',(-76.04,-44.95999999691));
#1324 = ( GEOMETRIC_REPRESENTATION_CONTEXT(2) 
PARAMETRIC_REPRESENTATION_CONTEXT() REPRESENTATION_CONTEXT('2D SPACE',''
  ) );
#1325 = ORIENTED_EDGE('',*,*,#1326,.F.);
#1326 = EDGE_CURVE('',#617,#1306,#1327,.T.);
#1327 = SURFACE_CURVE('',#1328,(#1332,#1339),.PCURVE_S1.);
#1328 = LINE('',#1329,#1330);
#1329 = CARTESIAN_POINT('',(76.04,-44.96,-1.));
#1330 = VECTOR('',#1331,1.);
#1331 = DIRECTION('',(0.,0.,1.));
#1332 = PCURVE('',#664,#1333);
#1333 = DEFINITIONAL_REPRESENTATION('',(#1334),#1338);
#1334 = LINE('',#1335,#1336);
#1335 = CARTESIAN_POINT('',(152.08,0.));
#1336 = VECTOR('',#1337,1.);
#1337 = DIRECTION('',(0.,-1.));
#1338 = ( GEOMETRIC_REPRESENTATION_CONTEXT(2) 
PARAMETRIC_REPRESENTATION_CONTEXT() REPRESENTATION_CONTEXT('2D SPACE',''
  ) );
#1339 = PCURVE('',#637,#1340);
#1340 = DEFINITIONAL_REPRESENTATION('',(#1341),#1345);
#1341 = LINE('',#1342,#1343);
#1342 = CARTESIAN_POINT('',(4.712388980385,0.));
#1343 = VECTOR('',#1344,1.);
#1344 = DIRECTION('',(0.,-1.));
#1345 = ( GEOMETRIC_REPRESENTATION_CONTEXT(2) 
PARAMETRIC_REPRESENTATION_CONTEXT() REPRESENTATION_CONTEXT('2D SPACE',''
  ) );
#1346 = ADVANCED_FACE('',(#1347),#637,.F.);
#1347 = FACE_BOUND('',#1348,.F.);
#1348 = EDGE_LOOP('',(#1349,#1350,#1373,#1399));
#1349 = ORIENTED_EDGE('',*,*,#616,.F.);
#1350 = ORIENTED_EDGE('',*,*,#1351,.T.);
#1351 = EDGE_CURVE('',#591,#1352,#1354,.T.);
#1352 = VERTEX_POINT('',#1353);
#1353 = CARTESIAN_POINT('',(79.04,-41.96,4.));
#1354 = SURFACE_CURVE('',#1355,(#1359,#1366),.PCURVE_S1.);
#1355 = LINE('',#1356,#1357);
#1356 = CARTESIAN_POINT('',(79.04,-41.96,-1.));
#1357 = VECTOR('',#1358,1.);
#1358 = DIRECTION('',(0.,0.,1.));
#1359 = PCURVE('',#637,#1360);
#1360 = DEFINITIONAL_REPRESENTATION('',(#1361),#1365);
#1361 = LINE('',#1362,#1363);
#1362 = CARTESIAN_POINT('',(3.14159265359,0.));
#1363 = VECTOR('',#1364,1.);
#1364 = DIRECTION('',(0.,-1.));
#1365 = ( GEOMETRIC_REPRESENTATION_CONTEXT(2) 
PARAMETRIC_REPRESENTATION_CONTEXT() REPRESENTATION_CONTEXT('2D SPACE',''
  ) );
#1366 = PCURVE('',#605,#1367);
#1367 = DEFINITIONAL_REPRESENTATION('',(#1368),#1372);
#1368 = LINE('',#1369,#1370);
#1369 = CARTESIAN_POINT('',(0.,0.));
#1370 = VECTOR('',#1371,1.);
#1371 = DIRECTION('',(0.,-1.));
#1372 = ( GEOMETRIC_REPRESENTATION_CONTEXT(2) 
PARAMETRIC_REPRESENTATION_CONTEXT() REPRESENTATION_CONTEXT('2D SPACE',''
  ) );
#1373 = ORIENTED_EDGE('',*,*,#1374,.T.);
#1374 = EDGE_CURVE('',#1352,#1306,#1375,.T.);
#1375 = SURFACE_CURVE('',#1376,(#1381,#1388),.PCURVE_S1.);
#1376 = CIRCLE('',#1377,3.);
#1377 = AXIS2_PLACEMENT_3D('',#1378,#1379,#1380);
#1378 = CARTESIAN_POINT('',(76.04,-41.96,4.));
#1379 = DIRECTION('',(0.,0.,-1.));
#1380 = DIRECTION('',(-1.,0.,0.));
#1381 = PCURVE('',#637,#1382);
#1382 = DEFINITIONAL_REPRESENTATION('',(#1383),#1387);
#1383 = LINE('',#1384,#1385);
#1384 = CARTESIAN_POINT('',(0.,-5.));
#1385 = VECTOR('',#1386,1.);
#1386 = DIRECTION('',(1.,0.));
#1387 = ( GEOMETRIC_REPRESENTATION_CONTEXT(2) 
PARAMETRIC_REPRESENTATION_CONTEXT() REPRESENTATION_CONTEXT('2D SPACE',''
  ) );
#1388 = PCURVE('',#1214,#1389);
#1389 = DEFINITIONAL_REPRESENTATION('',(#1390),#1398);
#1390 = ( BOUNDED_CURVE() B_SPLINE_CURVE(2,(#1391,#1392,#1393,#1394,
#1395,#1396,#1397),.UNSPECIFIED.,.T.,.F.) B_SPLINE_CURVE_WITH_KNOTS((1,2
    ,2,2,2,1),(-2.094395102393,0.,2.094395102393,4.188790204786,
6.28318530718,8.377580409573),.UNSPECIFIED.) CURVE() 
GEOMETRIC_REPRESENTATION_ITEM() RATIONAL_B_SPLINE_CURVE((1.,0.5,1.,0.5,
1.,0.5,1.)) REPRESENTATION_ITEM('') );
#1391 = CARTESIAN_POINT('',(73.04,-41.95999999691));
#1392 = CARTESIAN_POINT('',(73.04,-36.76384757421));
#1393 = CARTESIAN_POINT('',(77.54,-39.36192378556));
#1394 = CARTESIAN_POINT('',(82.04,-41.95999999691));
#1395 = CARTESIAN_POINT('',(77.54,-44.55807620827));
#1396 = CARTESIAN_POINT('',(73.04,-47.15615241962));
#1397 = CARTESIAN_POINT('',(73.04,-41.95999999691));
#1398 = ( GEOMETRIC_REPRESENTATION_CONTEXT(2) 
PARAMETRIC_REPRESENTATION_CONTEXT() REPRESENTATION_CONTEXT('2D SPACE',''
  ) );
#1399 = ORIENTED_EDGE('',*,*,#1326,.F.);
#1400 = ADVANCED_FACE('',(#1401),#605,.T.);
#1401 = FACE_BOUND('',#1402,.T.);
#1402 = EDGE_LOOP('',(#1403,#1404,#1405,#1426));
#1403 = ORIENTED_EDGE('',*,*,#590,.T.);
#1404 = ORIENTED_EDGE('',*,*,#1351,.T.);
#1405 = ORIENTED_EDGE('',*,*,#1406,.F.);
#1406 = EDGE_CURVE('',#1407,#1352,#1409,.T.);
#1407 = VERTEX_POINT('',#1408);
#1408 = CARTESIAN_POINT('',(79.04,41.959999983281,4.));
#1409 = SURFACE_CURVE('',#1410,(#1414,#1420),.PCURVE_S1.);
#1410 = LINE('',#1411,#1412);
#1411 = CARTESIAN_POINT('',(79.04,-20.98000000154,4.));
#1412 = VECTOR('',#1413,1.);
#1413 = DIRECTION('',(0.,-1.,0.));
#1414 = PCURVE('',#605,#1415);
#1415 = DEFINITIONAL_REPRESENTATION('',(#1416),#1419);
#1416 = B_SPLINE_CURVE_WITH_KNOTS('',1,(#1417,#1418),.UNSPECIFIED.,.F.,
  .F.,(2,2),(-62.93999998482,20.979999998459),.PIECEWISE_BEZIER_KNOTS.);
#1417 = CARTESIAN_POINT('',(83.919999983285,-5.));
#1418 = CARTESIAN_POINT('',(0.,-5.));
#1419 = ( GEOMETRIC_REPRESENTATION_CONTEXT(2) 
PARAMETRIC_REPRESENTATION_CONTEXT() REPRESENTATION_CONTEXT('2D SPACE',''
  ) );
#1420 = PCURVE('',#1214,#1421);
#1421 = DEFINITIONAL_REPRESENTATION('',(#1422),#1425);
#1422 = B_SPLINE_CURVE_WITH_KNOTS('',1,(#1423,#1424),.UNSPECIFIED.,.F.,
  .F.,(2,2),(-62.93999998482,20.979999998459),.PIECEWISE_BEZIER_KNOTS.);
#1423 = CARTESIAN_POINT('',(79.04,41.959999986366));
#1424 = CARTESIAN_POINT('',(79.04,-41.95999999691));
#1425 = ( GEOMETRIC_REPRESENTATION_CONTEXT(2) 
PARAMETRIC_REPRESENTATION_CONTEXT() REPRESENTATION_CONTEXT('2D SPACE',''
  ) );
#1426 = ORIENTED_EDGE('',*,*,#1427,.F.);
#1427 = EDGE_CURVE('',#558,#1407,#1428,.T.);
#1428 = SURFACE_CURVE('',#1429,(#1433,#1440),.PCURVE_S1.);
#1429 = LINE('',#1430,#1431);
#1430 = CARTESIAN_POINT('',(79.04,41.959999983281,-1.));
#1431 = VECTOR('',#1432,1.);
#1432 = DIRECTION('',(0.,0.,1.));
#1433 = PCURVE('',#605,#1434);
#1434 = DEFINITIONAL_REPRESENTATION('',(#1435),#1439);
#1435 = LINE('',#1436,#1437);
#1436 = CARTESIAN_POINT('',(83.919999983285,0.));
#1437 = VECTOR('',#1438,1.);
#1438 = DIRECTION('',(0.,-1.));
#1439 = ( GEOMETRIC_REPRESENTATION_CONTEXT(2) 
PARAMETRIC_REPRESENTATION_CONTEXT() REPRESENTATION_CONTEXT('2D SPACE',''
  ) );
#1440 = PCURVE('',#578,#1441);
#1441 = DEFINITIONAL_REPRESENTATION('',(#1442),#1446);
#1442 = LINE('',#1443,#1444);
#1443 = CARTESIAN_POINT('',(3.14159265359,0.));
#1444 = VECTOR('',#1445,1.);
#1445 = DIRECTION('',(0.,-1.));
#1446 = ( GEOMETRIC_REPRESENTATION_CONTEXT(2) 
PARAMETRIC_REPRESENTATION_CONTEXT() REPRESENTATION_CONTEXT('2D SPACE',''
  ) );
#1447 = ADVANCED_FACE('',(#1448),#578,.F.);
#1448 = FACE_BOUND('',#1449,.F.);
#1449 = EDGE_LOOP('',(#1450,#1451,#1474,#1500));
#1450 = ORIENTED_EDGE('',*,*,#557,.F.);
#1451 = ORIENTED_EDGE('',*,*,#1452,.T.);
#1452 = EDGE_CURVE('',#532,#1453,#1455,.T.);
#1453 = VERTEX_POINT('',#1454);
#1454 = CARTESIAN_POINT('',(76.04,44.959999991642,4.));
#1455 = SURFACE_CURVE('',#1456,(#1460,#1467),.PCURVE_S1.);
#1456 = LINE('',#1457,#1458);
#1457 = CARTESIAN_POINT('',(76.04,44.959999991642,-1.));
#1458 = VECTOR('',#1459,1.);
#1459 = DIRECTION('',(0.,0.,1.));
#1460 = PCURVE('',#578,#1461);
#1461 = DEFINITIONAL_REPRESENTATION('',(#1462),#1466);
#1462 = LINE('',#1463,#1464);
#1463 = CARTESIAN_POINT('',(1.570796326795,0.));
#1464 = VECTOR('',#1465,1.);
#1465 = DIRECTION('',(0.,-1.));
#1466 = ( GEOMETRIC_REPRESENTATION_CONTEXT(2) 
PARAMETRIC_REPRESENTATION_CONTEXT() REPRESENTATION_CONTEXT('2D SPACE',''
  ) );
#1467 = PCURVE('',#546,#1468);
#1468 = DEFINITIONAL_REPRESENTATION('',(#1469),#1473);
#1469 = LINE('',#1470,#1471);
#1470 = CARTESIAN_POINT('',(152.08,0.));
#1471 = VECTOR('',#1472,1.);
#1472 = DIRECTION('',(0.,-1.));
#1473 = ( GEOMETRIC_REPRESENTATION_CONTEXT(2) 
PARAMETRIC_REPRESENTATION_CONTEXT() REPRESENTATION_CONTEXT('2D SPACE',''
  ) );
#1474 = ORIENTED_EDGE('',*,*,#1475,.T.);
#1475 = EDGE_CURVE('',#1453,#1407,#1476,.T.);
#1476 = SURFACE_CURVE('',#1477,(#1482,#1489),.PCURVE_S1.);
#1477 = CIRCLE('',#1478,3.);
#1478 = AXIS2_PLACEMENT_3D('',#1479,#1480,#1481);
#1479 = CARTESIAN_POINT('',(76.04,41.959999983281,4.));
#1480 = DIRECTION('',(0.,0.,-1.));
#1481 = DIRECTION('',(-1.,0.,0.));
#1482 = PCURVE('',#578,#1483);
#1483 = DEFINITIONAL_REPRESENTATION('',(#1484),#1488);
#1484 = LINE('',#1485,#1486);
#1485 = CARTESIAN_POINT('',(0.,-5.));
#1486 = VECTOR('',#1487,1.);
#1487 = DIRECTION('',(1.,0.));
#1488 = ( GEOMETRIC_REPRESENTATION_CONTEXT(2) 
PARAMETRIC_REPRESENTATION_CONTEXT() REPRESENTATION_CONTEXT('2D SPACE',''
  ) );
#1489 = PCURVE('',#1214,#1490);
#1490 = DEFINITIONAL_REPRESENTATION('',(#1491),#1499);
#1491 = ( BOUNDED_CURVE() B_SPLINE_CURVE(2,(#1492,#1493,#1494,#1495,
#1496,#1497,#1498),.UNSPECIFIED.,.T.,.F.) B_SPLINE_CURVE_WITH_KNOTS((1,2
    ,2,2,2,1),(-2.094395102393,0.,2.094395102393,4.188790204786,
6.28318530718,8.377580409573),.UNSPECIFIED.) CURVE() 
GEOMETRIC_REPRESENTATION_ITEM() RATIONAL_B_SPLINE_CURVE((1.,0.5,1.,0.5,
1.,0.5,1.)) REPRESENTATION_ITEM('') );
#1492 = CARTESIAN_POINT('',(73.04,41.959999986366));
#1493 = CARTESIAN_POINT('',(73.04,47.156152409073));
#1494 = CARTESIAN_POINT('',(77.54,44.558076197719));
#1495 = CARTESIAN_POINT('',(82.04,41.959999986366));
#1496 = CARTESIAN_POINT('',(77.54,39.361923775013));
#1497 = CARTESIAN_POINT('',(73.04,36.763847563659));
#1498 = CARTESIAN_POINT('',(73.04,41.959999986366));
#1499 = ( GEOMETRIC_REPRESENTATION_CONTEXT(2) 
PARAMETRIC_REPRESENTATION_CONTEXT() REPRESENTATION_CONTEXT('2D SPACE',''
  ) );
#1500 = ORIENTED_EDGE('',*,*,#1427,.F.);
#1501 = ADVANCED_FACE('',(#1502),#546,.F.);
#1502 = FACE_BOUND('',#1503,.F.);
#1503 = EDGE_LOOP('',(#1504,#1505,#1528,#1547));
#1504 = ORIENTED_EDGE('',*,*,#531,.T.);
#1505 = ORIENTED_EDGE('',*,*,#1506,.T.);
#1506 = EDGE_CURVE('',#499,#1507,#1509,.T.);
#1507 = VERTEX_POINT('',#1508);
#1508 = CARTESIAN_POINT('',(-76.04,44.959999991642,4.));
#1509 = SURFACE_CURVE('',#1510,(#1514,#1521),.PCURVE_S1.);
#1510 = LINE('',#1511,#1512);
#1511 = CARTESIAN_POINT('',(-76.04,44.959999991642,-1.));
#1512 = VECTOR('',#1513,1.);
#1513 = DIRECTION('',(0.,0.,1.));
#1514 = PCURVE('',#546,#1515);
#1515 = DEFINITIONAL_REPRESENTATION('',(#1516),#1520);
#1516 = LINE('',#1517,#1518);
#1517 = CARTESIAN_POINT('',(0.,0.));
#1518 = VECTOR('',#1519,1.);
#1519 = DIRECTION('',(0.,-1.));
#1520 = ( GEOMETRIC_REPRESENTATION_CONTEXT(2) 
PARAMETRIC_REPRESENTATION_CONTEXT() REPRESENTATION_CONTEXT('2D SPACE',''
  ) );
#1521 = PCURVE('',#519,#1522);
#1522 = DEFINITIONAL_REPRESENTATION('',(#1523),#1527);
#1523 = LINE('',#1524,#1525);
#1524 = CARTESIAN_POINT('',(1.570796326795,0.));
#1525 = VECTOR('',#1526,1.);
#1526 = DIRECTION('',(0.,-1.));
#1527 = ( GEOMETRIC_REPRESENTATION_CONTEXT(2) 
PARAMETRIC_REPRESENTATION_CONTEXT() REPRESENTATION_CONTEXT('2D SPACE',''
  ) );
#1528 = ORIENTED_EDGE('',*,*,#1529,.F.);
#1529 = EDGE_CURVE('',#1453,#1507,#1530,.T.);
#1530 = SURFACE_CURVE('',#1531,(#1535,#1541),.PCURVE_S1.);
#1531 = LINE('',#1532,#1533);
#1532 = CARTESIAN_POINT('',(-38.02,44.960000000004,4.));
#1533 = VECTOR('',#1534,1.);
#1534 = DIRECTION('',(-1.,0.,0.));
#1535 = PCURVE('',#546,#1536);
#1536 = DEFINITIONAL_REPRESENTATION('',(#1537),#1540);
#1537 = B_SPLINE_CURVE_WITH_KNOTS('',1,(#1538,#1539),.UNSPECIFIED.,.F.,
  .F.,(2,2),(-114.06,38.02),.PIECEWISE_BEZIER_KNOTS.);
#1538 = CARTESIAN_POINT('',(152.08,-5.));
#1539 = CARTESIAN_POINT('',(0.,-5.));
#1540 = ( GEOMETRIC_REPRESENTATION_CONTEXT(2) 
PARAMETRIC_REPRESENTATION_CONTEXT() REPRESENTATION_CONTEXT('2D SPACE',''
  ) );
#1541 = PCURVE('',#1214,#1542);
#1542 = DEFINITIONAL_REPRESENTATION('',(#1543),#1546);
#1543 = B_SPLINE_CURVE_WITH_KNOTS('',1,(#1544,#1545),.UNSPECIFIED.,.F.,
  .F.,(2,2),(-114.06,38.02),.PIECEWISE_BEZIER_KNOTS.);
#1544 = CARTESIAN_POINT('',(76.04,44.960000003088));
#1545 = CARTESIAN_POINT('',(-76.04,44.960000003088));
#1546 = ( GEOMETRIC_REPRESENTATION_CONTEXT(2) 
PARAMETRIC_REPRESENTATION_CONTEXT() REPRESENTATION_CONTEXT('2D SPACE',''
  ) );
#1547 = ORIENTED_EDGE('',*,*,#1452,.F.);
#1548 = ADVANCED_FACE('',(#1549),#519,.F.);
#1549 = FACE_BOUND('',#1550,.F.);
#1550 = EDGE_LOOP('',(#1551,#1552,#1553,#1579));
#1551 = ORIENTED_EDGE('',*,*,#498,.F.);
#1552 = ORIENTED_EDGE('',*,*,#1225,.T.);
#1553 = ORIENTED_EDGE('',*,*,#1554,.T.);
#1554 = EDGE_CURVE('',#1200,#1507,#1555,.T.);
#1555 = SURFACE_CURVE('',#1556,(#1561,#1568),.PCURVE_S1.);
#1556 = CIRCLE('',#1557,3.);
#1557 = AXIS2_PLACEMENT_3D('',#1558,#1559,#1560);
#1558 = CARTESIAN_POINT('',(-76.04,41.959999983281,4.));
#1559 = DIRECTION('',(0.,0.,-1.));
#1560 = DIRECTION('',(-1.,0.,0.));
#1561 = PCURVE('',#519,#1562);
#1562 = DEFINITIONAL_REPRESENTATION('',(#1563),#1567);
#1563 = LINE('',#1564,#1565);
#1564 = CARTESIAN_POINT('',(0.,-5.));
#1565 = VECTOR('',#1566,1.);
#1566 = DIRECTION('',(1.,0.));
#1567 = ( GEOMETRIC_REPRESENTATION_CONTEXT(2) 
PARAMETRIC_REPRESENTATION_CONTEXT() REPRESENTATION_CONTEXT('2D SPACE',''
  ) );
#1568 = PCURVE('',#1214,#1569);
#1569 = DEFINITIONAL_REPRESENTATION('',(#1570),#1578);
#1570 = ( BOUNDED_CURVE() B_SPLINE_CURVE(2,(#1571,#1572,#1573,#1574,
#1575,#1576,#1577),.UNSPECIFIED.,.T.,.F.) B_SPLINE_CURVE_WITH_KNOTS((1,2
    ,2,2,2,1),(-2.094395102393,0.,2.094395102393,4.188790204786,
6.28318530718,8.377580409573),.UNSPECIFIED.) CURVE() 
GEOMETRIC_REPRESENTATION_ITEM() RATIONAL_B_SPLINE_CURVE((1.,0.5,1.,0.5,
1.,0.5,1.)) REPRESENTATION_ITEM('') );
#1571 = CARTESIAN_POINT('',(-79.04,41.959999986366));
#1572 = CARTESIAN_POINT('',(-79.04,47.156152409073));
#1573 = CARTESIAN_POINT('',(-74.54,44.558076197719));
#1574 = CARTESIAN_POINT('',(-70.04,41.959999986366));
#1575 = CARTESIAN_POINT('',(-74.54,39.361923775013));
#1576 = CARTESIAN_POINT('',(-79.04,36.763847563659));
#1577 = CARTESIAN_POINT('',(-79.04,41.959999986366));
#1578 = ( GEOMETRIC_REPRESENTATION_CONTEXT(2) 
PARAMETRIC_REPRESENTATION_CONTEXT() REPRESENTATION_CONTEXT('2D SPACE',''
  ) );
#1579 = ORIENTED_EDGE('',*,*,#1506,.F.);
#1580 = ADVANCED_FACE('',(#1581),#848,.T.);
#1581 = FACE_BOUND('',#1582,.F.);
#1582 = EDGE_LOOP('',(#1583,#1606,#1635,#1656));
#1583 = ORIENTED_EDGE('',*,*,#1584,.T.);
#1584 = EDGE_CURVE('',#830,#1585,#1587,.T.);
#1585 = VERTEX_POINT('',#1586);
#1586 = CARTESIAN_POINT('',(-92.,-49.,6.5));
#1587 = SURFACE_CURVE('',#1588,(#1592,#1599),.PCURVE_S1.);
#1588 = LINE('',#1589,#1590);
#1589 = CARTESIAN_POINT('',(-92.,-49.,4.));
#1590 = VECTOR('',#1591,1.);
#1591 = DIRECTION('',(0.,0.,1.));
#1592 = PCURVE('',#848,#1593);
#1593 = DEFINITIONAL_REPRESENTATION('',(#1594),#1598);
#1594 = LINE('',#1595,#1596);
#1595 = CARTESIAN_POINT('',(-3.14159265359,0.));
#1596 = VECTOR('',#1597,1.);
#1597 = DIRECTION('',(-0.,-1.));
#1598 = ( GEOMETRIC_REPRESENTATION_CONTEXT(2) 
PARAMETRIC_REPRESENTATION_CONTEXT() REPRESENTATION_CONTEXT('2D SPACE',''
  ) );
#1599 = PCURVE('',#876,#1600);
#1600 = DEFINITIONAL_REPRESENTATION('',(#1601),#1605);
#1601 = LINE('',#1602,#1603);
#1602 = CARTESIAN_POINT('',(0.,0.));
#1603 = VECTOR('',#1604,1.);
#1604 = DIRECTION('',(0.,-1.));
#1605 = ( GEOMETRIC_REPRESENTATION_CONTEXT(2) 
PARAMETRIC_REPRESENTATION_CONTEXT() REPRESENTATION_CONTEXT('2D SPACE',''
  ) );
#1606 = ORIENTED_EDGE('',*,*,#1607,.T.);
#1607 = EDGE_CURVE('',#1585,#1608,#1610,.T.);
#1608 = VERTEX_POINT('',#1609);
#1609 = CARTESIAN_POINT('',(-89.,-52.,6.5));
#1610 = SURFACE_CURVE('',#1611,(#1616,#1623),.PCURVE_S1.);
#1611 = CIRCLE('',#1612,3.);
#1612 = AXIS2_PLACEMENT_3D('',#1613,#1614,#1615);
#1613 = CARTESIAN_POINT('',(-89.,-49.,6.5));
#1614 = DIRECTION('',(0.,0.,1.));
#1615 = DIRECTION('',(1.,0.,0.));
#1616 = PCURVE('',#848,#1617);
#1617 = DEFINITIONAL_REPRESENTATION('',(#1618),#1622);
#1618 = LINE('',#1619,#1620);
#1619 = CARTESIAN_POINT('',(-0.,-2.5));
#1620 = VECTOR('',#1621,1.);
#1621 = DIRECTION('',(-1.,0.));
#1622 = ( GEOMETRIC_REPRESENTATION_CONTEXT(2) 
PARAMETRIC_REPRESENTATION_CONTEXT() REPRESENTATION_CONTEXT('2D SPACE',''
  ) );
#1623 = PCURVE('',#1624,#1629);
#1624 = PLANE('',#1625);
#1625 = AXIS2_PLACEMENT_3D('',#1626,#1627,#1628);
#1626 = CARTESIAN_POINT('',(3.08804414993E-15,-6.429007568261E-10,6.5));
#1627 = DIRECTION('',(0.,0.,1.));
#1628 = DIRECTION('',(1.,0.,0.));
#1629 = DEFINITIONAL_REPRESENTATION('',(#1630),#1634);
#1630 = CIRCLE('',#1631,3.);
#1631 = AXIS2_PLACEMENT_2D('',#1632,#1633);
#1632 = CARTESIAN_POINT('',(-89.,-48.99999999936));
#1633 = DIRECTION('',(1.,0.));
#1634 = ( GEOMETRIC_REPRESENTATION_CONTEXT(2) 
PARAMETRIC_REPRESENTATION_CONTEXT() REPRESENTATION_CONTEXT('2D SPACE',''
  ) );
#1635 = ORIENTED_EDGE('',*,*,#1636,.F.);
#1636 = EDGE_CURVE('',#832,#1608,#1637,.T.);
#1637 = SURFACE_CURVE('',#1638,(#1642,#1649),.PCURVE_S1.);
#1638 = LINE('',#1639,#1640);
#1639 = CARTESIAN_POINT('',(-89.,-52.,4.));
#1640 = VECTOR('',#1641,1.);
#1641 = DIRECTION('',(0.,0.,1.));
#1642 = PCURVE('',#848,#1643);
#1643 = DEFINITIONAL_REPRESENTATION('',(#1644),#1648);
#1644 = LINE('',#1645,#1646);
#1645 = CARTESIAN_POINT('',(-4.712388980385,0.));
#1646 = VECTOR('',#1647,1.);
#1647 = DIRECTION('',(-0.,-1.));
#1648 = ( GEOMETRIC_REPRESENTATION_CONTEXT(2) 
PARAMETRIC_REPRESENTATION_CONTEXT() REPRESENTATION_CONTEXT('2D SPACE',''
  ) );
#1649 = PCURVE('',#1045,#1650);
#1650 = DEFINITIONAL_REPRESENTATION('',(#1651),#1655);
#1651 = LINE('',#1652,#1653);
#1652 = CARTESIAN_POINT('',(0.,0.));
#1653 = VECTOR('',#1654,1.);
#1654 = DIRECTION('',(0.,-1.));
#1655 = ( GEOMETRIC_REPRESENTATION_CONTEXT(2) 
PARAMETRIC_REPRESENTATION_CONTEXT() REPRESENTATION_CONTEXT('2D SPACE',''
  ) );
#1656 = ORIENTED_EDGE('',*,*,#829,.F.);
#1657 = ADVANCED_FACE('',(#1658),#1045,.F.);
#1658 = FACE_BOUND('',#1659,.F.);
#1659 = EDGE_LOOP('',(#1660,#1661,#1684,#1705));
#1660 = ORIENTED_EDGE('',*,*,#1636,.T.);
#1661 = ORIENTED_EDGE('',*,*,#1662,.T.);
#1662 = EDGE_CURVE('',#1608,#1663,#1665,.T.);
#1663 = VERTEX_POINT('',#1664);
#1664 = CARTESIAN_POINT('',(89.,-52.,6.5));
#1665 = SURFACE_CURVE('',#1666,(#1670,#1677),.PCURVE_S1.);
#1666 = LINE('',#1667,#1668);
#1667 = CARTESIAN_POINT('',(0.,-51.99999999999,6.5));
#1668 = VECTOR('',#1669,1.);
#1669 = DIRECTION('',(1.,0.,0.));
#1670 = PCURVE('',#1045,#1671);
#1671 = DEFINITIONAL_REPRESENTATION('',(#1672),#1676);
#1672 = LINE('',#1673,#1674);
#1673 = CARTESIAN_POINT('',(89.,-2.5));
#1674 = VECTOR('',#1675,1.);
#1675 = DIRECTION('',(1.,0.));
#1676 = ( GEOMETRIC_REPRESENTATION_CONTEXT(2) 
PARAMETRIC_REPRESENTATION_CONTEXT() REPRESENTATION_CONTEXT('2D SPACE',''
  ) );
#1677 = PCURVE('',#1624,#1678);
#1678 = DEFINITIONAL_REPRESENTATION('',(#1679),#1683);
#1679 = LINE('',#1680,#1681);
#1680 = CARTESIAN_POINT('',(-3.08804414993E-15,-51.99999999935));
#1681 = VECTOR('',#1682,1.);
#1682 = DIRECTION('',(1.,0.));
#1683 = ( GEOMETRIC_REPRESENTATION_CONTEXT(2) 
PARAMETRIC_REPRESENTATION_CONTEXT() REPRESENTATION_CONTEXT('2D SPACE',''
  ) );
#1684 = ORIENTED_EDGE('',*,*,#1685,.F.);
#1685 = EDGE_CURVE('',#1003,#1663,#1686,.T.);
#1686 = SURFACE_CURVE('',#1687,(#1691,#1698),.PCURVE_S1.);
#1687 = LINE('',#1688,#1689);
#1688 = CARTESIAN_POINT('',(89.,-52.,4.));
#1689 = VECTOR('',#1690,1.);
#1690 = DIRECTION('',(0.,0.,1.));
#1691 = PCURVE('',#1045,#1692);
#1692 = DEFINITIONAL_REPRESENTATION('',(#1693),#1697);
#1693 = LINE('',#1694,#1695);
#1694 = CARTESIAN_POINT('',(178.,0.));
#1695 = VECTOR('',#1696,1.);
#1696 = DIRECTION('',(0.,-1.));
#1697 = ( GEOMETRIC_REPRESENTATION_CONTEXT(2) 
PARAMETRIC_REPRESENTATION_CONTEXT() REPRESENTATION_CONTEXT('2D SPACE',''
  ) );
#1698 = PCURVE('',#1019,#1699);
#1699 = DEFINITIONAL_REPRESENTATION('',(#1700),#1704);
#1700 = LINE('',#1701,#1702);
#1701 = CARTESIAN_POINT('',(-4.712388980385,0.));
#1702 = VECTOR('',#1703,1.);
#1703 = DIRECTION('',(-0.,-1.));
#1704 = ( GEOMETRIC_REPRESENTATION_CONTEXT(2) 
PARAMETRIC_REPRESENTATION_CONTEXT() REPRESENTATION_CONTEXT('2D SPACE',''
  ) );
#1705 = ORIENTED_EDGE('',*,*,#1031,.F.);
#1706 = ADVANCED_FACE('',(#1707),#1019,.T.);
#1707 = FACE_BOUND('',#1708,.F.);
#1708 = EDGE_LOOP('',(#1709,#1710,#1734,#1755));
#1709 = ORIENTED_EDGE('',*,*,#1685,.T.);
#1710 = ORIENTED_EDGE('',*,*,#1711,.T.);
#1711 = EDGE_CURVE('',#1663,#1712,#1714,.T.);
#1712 = VERTEX_POINT('',#1713);
#1713 = CARTESIAN_POINT('',(92.,-49.,6.5));
#1714 = SURFACE_CURVE('',#1715,(#1720,#1727),.PCURVE_S1.);
#1715 = CIRCLE('',#1716,3.);
#1716 = AXIS2_PLACEMENT_3D('',#1717,#1718,#1719);
#1717 = CARTESIAN_POINT('',(89.,-49.,6.5));
#1718 = DIRECTION('',(0.,0.,1.));
#1719 = DIRECTION('',(1.,0.,0.));
#1720 = PCURVE('',#1019,#1721);
#1721 = DEFINITIONAL_REPRESENTATION('',(#1722),#1726);
#1722 = LINE('',#1723,#1724);
#1723 = CARTESIAN_POINT('',(-0.,-2.5));
#1724 = VECTOR('',#1725,1.);
#1725 = DIRECTION('',(-1.,0.));
#1726 = ( GEOMETRIC_REPRESENTATION_CONTEXT(2) 
PARAMETRIC_REPRESENTATION_CONTEXT() REPRESENTATION_CONTEXT('2D SPACE',''
  ) );
#1727 = PCURVE('',#1624,#1728);
#1728 = DEFINITIONAL_REPRESENTATION('',(#1729),#1733);
#1729 = CIRCLE('',#1730,3.);
#1730 = AXIS2_PLACEMENT_2D('',#1731,#1732);
#1731 = CARTESIAN_POINT('',(89.,-48.99999999936));
#1732 = DIRECTION('',(1.,0.));
#1733 = ( GEOMETRIC_REPRESENTATION_CONTEXT(2) 
PARAMETRIC_REPRESENTATION_CONTEXT() REPRESENTATION_CONTEXT('2D SPACE',''
  ) );
#1734 = ORIENTED_EDGE('',*,*,#1735,.F.);
#1735 = EDGE_CURVE('',#975,#1712,#1736,.T.);
#1736 = SURFACE_CURVE('',#1737,(#1741,#1748),.PCURVE_S1.);
#1737 = LINE('',#1738,#1739);
#1738 = CARTESIAN_POINT('',(92.,-49.,4.));
#1739 = VECTOR('',#1740,1.);
#1740 = DIRECTION('',(0.,0.,1.));
#1741 = PCURVE('',#1019,#1742);
#1742 = DEFINITIONAL_REPRESENTATION('',(#1743),#1747);
#1743 = LINE('',#1744,#1745);
#1744 = CARTESIAN_POINT('',(-6.28318530718,0.));
#1745 = VECTOR('',#1746,1.);
#1746 = DIRECTION('',(-0.,-1.));
#1747 = ( GEOMETRIC_REPRESENTATION_CONTEXT(2) 
PARAMETRIC_REPRESENTATION_CONTEXT() REPRESENTATION_CONTEXT('2D SPACE',''
  ) );
#1748 = PCURVE('',#990,#1749);
#1749 = DEFINITIONAL_REPRESENTATION('',(#1750),#1754);
#1750 = LINE('',#1751,#1752);
#1751 = CARTESIAN_POINT('',(0.,0.));
#1752 = VECTOR('',#1753,1.);
#1753 = DIRECTION('',(0.,-1.));
#1754 = ( GEOMETRIC_REPRESENTATION_CONTEXT(2) 
PARAMETRIC_REPRESENTATION_CONTEXT() REPRESENTATION_CONTEXT('2D SPACE',''
  ) );
#1755 = ORIENTED_EDGE('',*,*,#1002,.F.);
#1756 = ADVANCED_FACE('',(#1757),#990,.F.);
#1757 = FACE_BOUND('',#1758,.F.);
#1758 = EDGE_LOOP('',(#1759,#1760,#1783,#1804));
#1759 = ORIENTED_EDGE('',*,*,#1735,.T.);
#1760 = ORIENTED_EDGE('',*,*,#1761,.T.);
#1761 = EDGE_CURVE('',#1712,#1762,#1764,.T.);
#1762 = VERTEX_POINT('',#1763);
#1763 = CARTESIAN_POINT('',(92.,48.999999996569,6.5));
#1764 = SURFACE_CURVE('',#1765,(#1769,#1776),.PCURVE_S1.);
#1765 = LINE('',#1766,#1767);
#1766 = CARTESIAN_POINT('',(92.,5.428546501207E-12,6.5));
#1767 = VECTOR('',#1768,1.);
#1768 = DIRECTION('',(0.,1.,0.));
#1769 = PCURVE('',#990,#1770);
#1770 = DEFINITIONAL_REPRESENTATION('',(#1771),#1775);
#1771 = LINE('',#1772,#1773);
#1772 = CARTESIAN_POINT('',(49.000000000011,-2.5));
#1773 = VECTOR('',#1774,1.);
#1774 = DIRECTION('',(1.,0.));
#1775 = ( GEOMETRIC_REPRESENTATION_CONTEXT(2) 
PARAMETRIC_REPRESENTATION_CONTEXT() REPRESENTATION_CONTEXT('2D SPACE',''
  ) );
#1776 = PCURVE('',#1624,#1777);
#1777 = DEFINITIONAL_REPRESENTATION('',(#1778),#1782);
#1778 = LINE('',#1779,#1780);
#1779 = CARTESIAN_POINT('',(92.,6.483293033274E-10));
#1780 = VECTOR('',#1781,1.);
#1781 = DIRECTION('',(0.,1.));
#1782 = ( GEOMETRIC_REPRESENTATION_CONTEXT(2) 
PARAMETRIC_REPRESENTATION_CONTEXT() REPRESENTATION_CONTEXT('2D SPACE',''
  ) );
#1783 = ORIENTED_EDGE('',*,*,#1784,.F.);
#1784 = EDGE_CURVE('',#946,#1762,#1785,.T.);
#1785 = SURFACE_CURVE('',#1786,(#1790,#1797),.PCURVE_S1.);
#1786 = LINE('',#1787,#1788);
#1787 = CARTESIAN_POINT('',(92.,48.999999996569,4.));
#1788 = VECTOR('',#1789,1.);
#1789 = DIRECTION('',(0.,0.,1.));
#1790 = PCURVE('',#990,#1791);
#1791 = DEFINITIONAL_REPRESENTATION('',(#1792),#1796);
#1792 = LINE('',#1793,#1794);
#1793 = CARTESIAN_POINT('',(97.999999996574,0.));
#1794 = VECTOR('',#1795,1.);
#1795 = DIRECTION('',(0.,-1.));
#1796 = ( GEOMETRIC_REPRESENTATION_CONTEXT(2) 
PARAMETRIC_REPRESENTATION_CONTEXT() REPRESENTATION_CONTEXT('2D SPACE',''
  ) );
#1797 = PCURVE('',#962,#1798);
#1798 = DEFINITIONAL_REPRESENTATION('',(#1799),#1803);
#1799 = LINE('',#1800,#1801);
#1800 = CARTESIAN_POINT('',(-0.,0.));
#1801 = VECTOR('',#1802,1.);
#1802 = DIRECTION('',(-0.,-1.));
#1803 = ( GEOMETRIC_REPRESENTATION_CONTEXT(2) 
PARAMETRIC_REPRESENTATION_CONTEXT() REPRESENTATION_CONTEXT('2D SPACE',''
  ) );
#1804 = ORIENTED_EDGE('',*,*,#974,.F.);
#1805 = ADVANCED_FACE('',(#1806),#962,.T.);
#1806 = FACE_BOUND('',#1807,.F.);
#1807 = EDGE_LOOP('',(#1808,#1809,#1833,#1854));
#1808 = ORIENTED_EDGE('',*,*,#1784,.T.);
#1809 = ORIENTED_EDGE('',*,*,#1810,.T.);
#1810 = EDGE_CURVE('',#1762,#1811,#1813,.T.);
#1811 = VERTEX_POINT('',#1812);
#1812 = CARTESIAN_POINT('',(89.,51.999999998287,6.5));
#1813 = SURFACE_CURVE('',#1814,(#1819,#1826),.PCURVE_S1.);
#1814 = CIRCLE('',#1815,3.);
#1815 = AXIS2_PLACEMENT_3D('',#1816,#1817,#1818);
#1816 = CARTESIAN_POINT('',(89.,48.999999996569,6.5));
#1817 = DIRECTION('',(0.,0.,1.));
#1818 = DIRECTION('',(1.,0.,0.));
#1819 = PCURVE('',#962,#1820);
#1820 = DEFINITIONAL_REPRESENTATION('',(#1821),#1825);
#1821 = LINE('',#1822,#1823);
#1822 = CARTESIAN_POINT('',(-0.,-2.5));
#1823 = VECTOR('',#1824,1.);
#1824 = DIRECTION('',(-1.,0.));
#1825 = ( GEOMETRIC_REPRESENTATION_CONTEXT(2) 
PARAMETRIC_REPRESENTATION_CONTEXT() REPRESENTATION_CONTEXT('2D SPACE',''
  ) );
#1826 = PCURVE('',#1624,#1827);
#1827 = DEFINITIONAL_REPRESENTATION('',(#1828),#1832);
#1828 = CIRCLE('',#1829,3.);
#1829 = AXIS2_PLACEMENT_2D('',#1830,#1831);
#1830 = CARTESIAN_POINT('',(89.,48.999999997212));
#1831 = DIRECTION('',(1.,0.));
#1832 = ( GEOMETRIC_REPRESENTATION_CONTEXT(2) 
PARAMETRIC_REPRESENTATION_CONTEXT() REPRESENTATION_CONTEXT('2D SPACE',''
  ) );
#1833 = ORIENTED_EDGE('',*,*,#1834,.F.);
#1834 = EDGE_CURVE('',#918,#1811,#1835,.T.);
#1835 = SURFACE_CURVE('',#1836,(#1840,#1847),.PCURVE_S1.);
#1836 = LINE('',#1837,#1838);
#1837 = CARTESIAN_POINT('',(89.,51.999999998287,4.));
#1838 = VECTOR('',#1839,1.);
#1839 = DIRECTION('',(0.,0.,1.));
#1840 = PCURVE('',#962,#1841);
#1841 = DEFINITIONAL_REPRESENTATION('',(#1842),#1846);
#1842 = LINE('',#1843,#1844);
#1843 = CARTESIAN_POINT('',(-1.570796326795,0.));
#1844 = VECTOR('',#1845,1.);
#1845 = DIRECTION('',(-0.,-1.));
#1846 = ( GEOMETRIC_REPRESENTATION_CONTEXT(2) 
PARAMETRIC_REPRESENTATION_CONTEXT() REPRESENTATION_CONTEXT('2D SPACE',''
  ) );
#1847 = PCURVE('',#933,#1848);
#1848 = DEFINITIONAL_REPRESENTATION('',(#1849),#1853);
#1849 = LINE('',#1850,#1851);
#1850 = CARTESIAN_POINT('',(178.,0.));
#1851 = VECTOR('',#1852,1.);
#1852 = DIRECTION('',(0.,-1.));
#1853 = ( GEOMETRIC_REPRESENTATION_CONTEXT(2) 
PARAMETRIC_REPRESENTATION_CONTEXT() REPRESENTATION_CONTEXT('2D SPACE',''
  ) );
#1854 = ORIENTED_EDGE('',*,*,#945,.F.);
#1855 = ADVANCED_FACE('',(#1856),#933,.T.);
#1856 = FACE_BOUND('',#1857,.T.);
#1857 = EDGE_LOOP('',(#1858,#1881,#1902,#1903));
#1858 = ORIENTED_EDGE('',*,*,#1859,.T.);
#1859 = EDGE_CURVE('',#889,#1860,#1862,.T.);
#1860 = VERTEX_POINT('',#1861);
#1861 = CARTESIAN_POINT('',(-89.,51.999999998287,6.5));
#1862 = SURFACE_CURVE('',#1863,(#1867,#1874),.PCURVE_S1.);
#1863 = LINE('',#1864,#1865);
#1864 = CARTESIAN_POINT('',(-89.,51.999999998287,4.));
#1865 = VECTOR('',#1866,1.);
#1866 = DIRECTION('',(0.,0.,1.));
#1867 = PCURVE('',#933,#1868);
#1868 = DEFINITIONAL_REPRESENTATION('',(#1869),#1873);
#1869 = LINE('',#1870,#1871);
#1870 = CARTESIAN_POINT('',(0.,0.));
#1871 = VECTOR('',#1872,1.);
#1872 = DIRECTION('',(0.,-1.));
#1873 = ( GEOMETRIC_REPRESENTATION_CONTEXT(2) 
PARAMETRIC_REPRESENTATION_CONTEXT() REPRESENTATION_CONTEXT('2D SPACE',''
  ) );
#1874 = PCURVE('',#905,#1875);
#1875 = DEFINITIONAL_REPRESENTATION('',(#1876),#1880);
#1876 = LINE('',#1877,#1878);
#1877 = CARTESIAN_POINT('',(-1.570796326795,0.));
#1878 = VECTOR('',#1879,1.);
#1879 = DIRECTION('',(-0.,-1.));
#1880 = ( GEOMETRIC_REPRESENTATION_CONTEXT(2) 
PARAMETRIC_REPRESENTATION_CONTEXT() REPRESENTATION_CONTEXT('2D SPACE',''
  ) );
#1881 = ORIENTED_EDGE('',*,*,#1882,.T.);
#1882 = EDGE_CURVE('',#1860,#1811,#1883,.T.);
#1883 = SURFACE_CURVE('',#1884,(#1888,#1895),.PCURVE_S1.);
#1884 = LINE('',#1885,#1886);
#1885 = CARTESIAN_POINT('',(0.,52.000000000005,6.5));
#1886 = VECTOR('',#1887,1.);
#1887 = DIRECTION('',(1.,0.,0.));
#1888 = PCURVE('',#933,#1889);
#1889 = DEFINITIONAL_REPRESENTATION('',(#1890),#1894);
#1890 = LINE('',#1891,#1892);
#1891 = CARTESIAN_POINT('',(89.,-2.5));
#1892 = VECTOR('',#1893,1.);
#1893 = DIRECTION('',(1.,0.));
#1894 = ( GEOMETRIC_REPRESENTATION_CONTEXT(2) 
PARAMETRIC_REPRESENTATION_CONTEXT() REPRESENTATION_CONTEXT('2D SPACE',''
  ) );
#1895 = PCURVE('',#1624,#1896);
#1896 = DEFINITIONAL_REPRESENTATION('',(#1897),#1901);
#1897 = LINE('',#1898,#1899);
#1898 = CARTESIAN_POINT('',(-3.08804414993E-15,52.000000000648));
#1899 = VECTOR('',#1900,1.);
#1900 = DIRECTION('',(1.,0.));
#1901 = ( GEOMETRIC_REPRESENTATION_CONTEXT(2) 
PARAMETRIC_REPRESENTATION_CONTEXT() REPRESENTATION_CONTEXT('2D SPACE',''
  ) );
#1902 = ORIENTED_EDGE('',*,*,#1834,.F.);
#1903 = ORIENTED_EDGE('',*,*,#917,.F.);
#1904 = ADVANCED_FACE('',(#1905),#905,.T.);
#1905 = FACE_BOUND('',#1906,.F.);
#1906 = EDGE_LOOP('',(#1907,#1908,#1932,#1953));
#1907 = ORIENTED_EDGE('',*,*,#1859,.T.);
#1908 = ORIENTED_EDGE('',*,*,#1909,.T.);
#1909 = EDGE_CURVE('',#1860,#1910,#1912,.T.);
#1910 = VERTEX_POINT('',#1911);
#1911 = CARTESIAN_POINT('',(-92.,48.999999996569,6.5));
#1912 = SURFACE_CURVE('',#1913,(#1918,#1925),.PCURVE_S1.);
#1913 = CIRCLE('',#1914,3.);
#1914 = AXIS2_PLACEMENT_3D('',#1915,#1916,#1917);
#1915 = CARTESIAN_POINT('',(-89.,48.999999996569,6.5));
#1916 = DIRECTION('',(0.,0.,1.));
#1917 = DIRECTION('',(1.,0.,0.));
#1918 = PCURVE('',#905,#1919);
#1919 = DEFINITIONAL_REPRESENTATION('',(#1920),#1924);
#1920 = LINE('',#1921,#1922);
#1921 = CARTESIAN_POINT('',(-0.,-2.5));
#1922 = VECTOR('',#1923,1.);
#1923 = DIRECTION('',(-1.,0.));
#1924 = ( GEOMETRIC_REPRESENTATION_CONTEXT(2) 
PARAMETRIC_REPRESENTATION_CONTEXT() REPRESENTATION_CONTEXT('2D SPACE',''
  ) );
#1925 = PCURVE('',#1624,#1926);
#1926 = DEFINITIONAL_REPRESENTATION('',(#1927),#1931);
#1927 = CIRCLE('',#1928,3.);
#1928 = AXIS2_PLACEMENT_2D('',#1929,#1930);
#1929 = CARTESIAN_POINT('',(-89.,48.999999997212));
#1930 = DIRECTION('',(1.,0.));
#1931 = ( GEOMETRIC_REPRESENTATION_CONTEXT(2) 
PARAMETRIC_REPRESENTATION_CONTEXT() REPRESENTATION_CONTEXT('2D SPACE',''
  ) );
#1932 = ORIENTED_EDGE('',*,*,#1933,.F.);
#1933 = EDGE_CURVE('',#861,#1910,#1934,.T.);
#1934 = SURFACE_CURVE('',#1935,(#1939,#1946),.PCURVE_S1.);
#1935 = LINE('',#1936,#1937);
#1936 = CARTESIAN_POINT('',(-92.,48.999999996569,4.));
#1937 = VECTOR('',#1938,1.);
#1938 = DIRECTION('',(0.,0.,1.));
#1939 = PCURVE('',#905,#1940);
#1940 = DEFINITIONAL_REPRESENTATION('',(#1941),#1945);
#1941 = LINE('',#1942,#1943);
#1942 = CARTESIAN_POINT('',(-3.14159265359,0.));
#1943 = VECTOR('',#1944,1.);
#1944 = DIRECTION('',(-0.,-1.));
#1945 = ( GEOMETRIC_REPRESENTATION_CONTEXT(2) 
PARAMETRIC_REPRESENTATION_CONTEXT() REPRESENTATION_CONTEXT('2D SPACE',''
  ) );
#1946 = PCURVE('',#876,#1947);
#1947 = DEFINITIONAL_REPRESENTATION('',(#1948),#1952);
#1948 = LINE('',#1949,#1950);
#1949 = CARTESIAN_POINT('',(97.999999996574,0.));
#1950 = VECTOR('',#1951,1.);
#1951 = DIRECTION('',(0.,-1.));
#1952 = ( GEOMETRIC_REPRESENTATION_CONTEXT(2) 
PARAMETRIC_REPRESENTATION_CONTEXT() REPRESENTATION_CONTEXT('2D SPACE',''
  ) );
#1953 = ORIENTED_EDGE('',*,*,#888,.F.);
#1954 = ADVANCED_FACE('',(#1955),#876,.T.);
#1955 = FACE_BOUND('',#1956,.T.);
#1956 = EDGE_LOOP('',(#1957,#1958,#1979,#1980));
#1957 = ORIENTED_EDGE('',*,*,#1584,.T.);
#1958 = ORIENTED_EDGE('',*,*,#1959,.T.);
#1959 = EDGE_CURVE('',#1585,#1910,#1960,.T.);
#1960 = SURFACE_CURVE('',#1961,(#1965,#1972),.PCURVE_S1.);
#1961 = LINE('',#1962,#1963);
#1962 = CARTESIAN_POINT('',(-92.,5.428546501207E-12,6.5));
#1963 = VECTOR('',#1964,1.);
#1964 = DIRECTION('',(0.,1.,0.));
#1965 = PCURVE('',#876,#1966);
#1966 = DEFINITIONAL_REPRESENTATION('',(#1967),#1971);
#1967 = LINE('',#1968,#1969);
#1968 = CARTESIAN_POINT('',(49.000000000011,-2.5));
#1969 = VECTOR('',#1970,1.);
#1970 = DIRECTION('',(1.,0.));
#1971 = ( GEOMETRIC_REPRESENTATION_CONTEXT(2) 
PARAMETRIC_REPRESENTATION_CONTEXT() REPRESENTATION_CONTEXT('2D SPACE',''
  ) );
#1972 = PCURVE('',#1624,#1973);
#1973 = DEFINITIONAL_REPRESENTATION('',(#1974),#1978);
#1974 = LINE('',#1975,#1976);
#1975 = CARTESIAN_POINT('',(-92.,6.483293033274E-10));
#1976 = VECTOR('',#1977,1.);
#1977 = DIRECTION('',(0.,1.));
#1978 = ( GEOMETRIC_REPRESENTATION_CONTEXT(2) 
PARAMETRIC_REPRESENTATION_CONTEXT() REPRESENTATION_CONTEXT('2D SPACE',''
  ) );
#1979 = ORIENTED_EDGE('',*,*,#1933,.F.);
#1980 = ORIENTED_EDGE('',*,*,#860,.F.);
#1981 = ADVANCED_FACE('',(#1982,#2224),#1214,.T.);
#1982 = FACE_BOUND('',#1983,.T.);
#1983 = EDGE_LOOP('',(#1984,#2019,#2046,#2079,#2106,#2139,#2166,#2199));
#1984 = ORIENTED_EDGE('',*,*,#1985,.F.);
#1985 = EDGE_CURVE('',#1986,#1988,#1990,.T.);
#1986 = VERTEX_POINT('',#1987);
#1987 = CARTESIAN_POINT('',(-90.3,48.299999985174,4.));
#1988 = VERTEX_POINT('',#1989);
#1989 = CARTESIAN_POINT('',(-88.3,50.299999992592,4.));
#1990 = SURFACE_CURVE('',#1991,(#1996,#2007),.PCURVE_S1.);
#1991 = CIRCLE('',#1992,2.);
#1992 = AXIS2_PLACEMENT_3D('',#1993,#1994,#1995);
#1993 = CARTESIAN_POINT('',(-88.3,48.299999985174,4.));
#1994 = DIRECTION('',(0.,0.,-1.));
#1995 = DIRECTION('',(-1.,0.,0.));
#1996 = PCURVE('',#1214,#1997);
#1997 = DEFINITIONAL_REPRESENTATION('',(#1998),#2006);
#1998 = ( BOUNDED_CURVE() B_SPLINE_CURVE(2,(#1999,#2000,#2001,#2002,
#2003,#2004,#2005),.UNSPECIFIED.,.T.,.F.) B_SPLINE_CURVE_WITH_KNOTS((1,2
    ,2,2,2,1),(-2.094395102393,0.,2.094395102393,4.188790204786,
6.28318530718,8.377580409573),.UNSPECIFIED.) CURVE() 
GEOMETRIC_REPRESENTATION_ITEM() RATIONAL_B_SPLINE_CURVE((1.,0.5,1.,0.5,
1.,0.5,1.)) REPRESENTATION_ITEM('') );
#1999 = CARTESIAN_POINT('',(-90.3,48.299999988259));
#2000 = CARTESIAN_POINT('',(-90.3,51.764101603397));
#2001 = CARTESIAN_POINT('',(-87.3,50.032050795828));
#2002 = CARTESIAN_POINT('',(-84.3,48.299999988259));
#2003 = CARTESIAN_POINT('',(-87.3,46.56794918069));
#2004 = CARTESIAN_POINT('',(-90.3,44.835898373121));
#2005 = CARTESIAN_POINT('',(-90.3,48.299999988259));
#2006 = ( GEOMETRIC_REPRESENTATION_CONTEXT(2) 
PARAMETRIC_REPRESENTATION_CONTEXT() REPRESENTATION_CONTEXT('2D SPACE',''
  ) );
#2007 = PCURVE('',#2008,#2013);
#2008 = CYLINDRICAL_SURFACE('',#2009,2.);
#2009 = AXIS2_PLACEMENT_3D('',#2010,#2011,#2012);
#2010 = CARTESIAN_POINT('',(-88.3,48.299999985174,3.5));
#2011 = DIRECTION('',(0.,0.,-1.));
#2012 = DIRECTION('',(-1.,0.,0.));
#2013 = DEFINITIONAL_REPRESENTATION('',(#2014),#2018);
#2014 = LINE('',#2015,#2016);
#2015 = CARTESIAN_POINT('',(0.,-0.5));
#2016 = VECTOR('',#2017,1.);
#2017 = DIRECTION('',(1.,0.));
#2018 = ( GEOMETRIC_REPRESENTATION_CONTEXT(2) 
PARAMETRIC_REPRESENTATION_CONTEXT() REPRESENTATION_CONTEXT('2D SPACE',''
  ) );
#2019 = ORIENTED_EDGE('',*,*,#2020,.T.);
#2020 = EDGE_CURVE('',#1986,#2021,#2023,.T.);
#2021 = VERTEX_POINT('',#2022);
#2022 = CARTESIAN_POINT('',(-90.3,-48.30000000001,4.));
#2023 = SURFACE_CURVE('',#2024,(#2028,#2035),.PCURVE_S1.);
#2024 = LINE('',#2025,#2026);
#2025 = CARTESIAN_POINT('',(-90.3,-24.15000000032,4.));
#2026 = VECTOR('',#2027,1.);
#2027 = DIRECTION('',(0.,-1.,0.));
#2028 = PCURVE('',#1214,#2029);
#2029 = DEFINITIONAL_REPRESENTATION('',(#2030),#2034);
#2030 = LINE('',#2031,#2032);
#2031 = CARTESIAN_POINT('',(-90.3,-24.14999999724));
#2032 = VECTOR('',#2033,1.);
#2033 = DIRECTION('',(0.,-1.));
#2034 = ( GEOMETRIC_REPRESENTATION_CONTEXT(2) 
PARAMETRIC_REPRESENTATION_CONTEXT() REPRESENTATION_CONTEXT('2D SPACE',''
  ) );
#2035 = PCURVE('',#2036,#2041);
#2036 = PLANE('',#2037);
#2037 = AXIS2_PLACEMENT_3D('',#2038,#2039,#2040);
#2038 = CARTESIAN_POINT('',(-90.3,-48.30000000001,3.5));
#2039 = DIRECTION('',(-1.,0.,0.));
#2040 = DIRECTION('',(0.,1.,0.));
#2041 = DEFINITIONAL_REPRESENTATION('',(#2042),#2045);
#2042 = B_SPLINE_CURVE_WITH_KNOTS('',1,(#2043,#2044),.UNSPECIFIED.,.F.,
  .F.,(2,2),(-72.4499999855,24.149999999684),.PIECEWISE_BEZIER_KNOTS.);
#2043 = CARTESIAN_POINT('',(96.599999985185,-0.5));
#2044 = CARTESIAN_POINT('',(-7.105427357601E-15,-0.5));
#2045 = ( GEOMETRIC_REPRESENTATION_CONTEXT(2) 
PARAMETRIC_REPRESENTATION_CONTEXT() REPRESENTATION_CONTEXT('2D SPACE',''
  ) );
#2046 = ORIENTED_EDGE('',*,*,#2047,.F.);
#2047 = EDGE_CURVE('',#2048,#2021,#2050,.T.);
#2048 = VERTEX_POINT('',#2049);
#2049 = CARTESIAN_POINT('',(-88.3,-50.3,4.));
#2050 = SURFACE_CURVE('',#2051,(#2056,#2067),.PCURVE_S1.);
#2051 = CIRCLE('',#2052,2.);
#2052 = AXIS2_PLACEMENT_3D('',#2053,#2054,#2055);
#2053 = CARTESIAN_POINT('',(-88.3,-48.30000000001,4.));
#2054 = DIRECTION('',(0.,0.,-1.));
#2055 = DIRECTION('',(-1.,0.,0.));
#2056 = PCURVE('',#1214,#2057);
#2057 = DEFINITIONAL_REPRESENTATION('',(#2058),#2066);
#2058 = ( BOUNDED_CURVE() B_SPLINE_CURVE(2,(#2059,#2060,#2061,#2062,
#2063,#2064,#2065),.UNSPECIFIED.,.T.,.F.) B_SPLINE_CURVE_WITH_KNOTS((1,2
    ,2,2,2,1),(-2.094395102393,0.,2.094395102393,4.188790204786,
6.28318530718,8.377580409573),.UNSPECIFIED.) CURVE() 
GEOMETRIC_REPRESENTATION_ITEM() RATIONAL_B_SPLINE_CURVE((1.,0.5,1.,0.5,
1.,0.5,1.)) REPRESENTATION_ITEM('') );
#2059 = CARTESIAN_POINT('',(-90.3,-48.29999999692));
#2060 = CARTESIAN_POINT('',(-90.3,-44.83589838178));
#2061 = CARTESIAN_POINT('',(-87.3,-46.56794918935));
#2062 = CARTESIAN_POINT('',(-84.3,-48.29999999692));
#2063 = CARTESIAN_POINT('',(-87.3,-50.03205080449));
#2064 = CARTESIAN_POINT('',(-90.3,-51.76410161206));
#2065 = CARTESIAN_POINT('',(-90.3,-48.29999999692));
#2066 = ( GEOMETRIC_REPRESENTATION_CONTEXT(2) 
PARAMETRIC_REPRESENTATION_CONTEXT() REPRESENTATION_CONTEXT('2D SPACE',''
  ) );
#2067 = PCURVE('',#2068,#2073);
#2068 = CYLINDRICAL_SURFACE('',#2069,2.);
#2069 = AXIS2_PLACEMENT_3D('',#2070,#2071,#2072);
#2070 = CARTESIAN_POINT('',(-88.3,-48.30000000001,3.5));
#2071 = DIRECTION('',(0.,0.,-1.));
#2072 = DIRECTION('',(-1.,0.,0.));
#2073 = DEFINITIONAL_REPRESENTATION('',(#2074),#2078);
#2074 = LINE('',#2075,#2076);
#2075 = CARTESIAN_POINT('',(0.,-0.5));
#2076 = VECTOR('',#2077,1.);
#2077 = DIRECTION('',(1.,0.));
#2078 = ( GEOMETRIC_REPRESENTATION_CONTEXT(2) 
PARAMETRIC_REPRESENTATION_CONTEXT() REPRESENTATION_CONTEXT('2D SPACE',''
  ) );
#2079 = ORIENTED_EDGE('',*,*,#2080,.F.);
#2080 = EDGE_CURVE('',#2081,#2048,#2083,.T.);
#2081 = VERTEX_POINT('',#2082);
#2082 = CARTESIAN_POINT('',(88.3,-50.3,4.));
#2083 = SURFACE_CURVE('',#2084,(#2088,#2095),.PCURVE_S1.);
#2084 = LINE('',#2085,#2086);
#2085 = CARTESIAN_POINT('',(-44.15,-50.29999999998,4.));
#2086 = VECTOR('',#2087,1.);
#2087 = DIRECTION('',(-1.,0.,0.));
#2088 = PCURVE('',#1214,#2089);
#2089 = DEFINITIONAL_REPRESENTATION('',(#2090),#2094);
#2090 = LINE('',#2091,#2092);
#2091 = CARTESIAN_POINT('',(-44.15,-50.2999999969));
#2092 = VECTOR('',#2093,1.);
#2093 = DIRECTION('',(-1.,0.));
#2094 = ( GEOMETRIC_REPRESENTATION_CONTEXT(2) 
PARAMETRIC_REPRESENTATION_CONTEXT() REPRESENTATION_CONTEXT('2D SPACE',''
  ) );
#2095 = PCURVE('',#2096,#2101);
#2096 = PLANE('',#2097);
#2097 = AXIS2_PLACEMENT_3D('',#2098,#2099,#2100);
#2098 = CARTESIAN_POINT('',(-88.3,-50.29999999998,3.5));
#2099 = DIRECTION('',(0.,1.,0.));
#2100 = DIRECTION('',(1.,0.,0.));
#2101 = DEFINITIONAL_REPRESENTATION('',(#2102),#2105);
#2102 = B_SPLINE_CURVE_WITH_KNOTS('',1,(#2103,#2104),.UNSPECIFIED.,.F.,
  .F.,(2,2),(-132.45,44.15),.PIECEWISE_BEZIER_KNOTS.);
#2103 = CARTESIAN_POINT('',(176.6,-0.5));
#2104 = CARTESIAN_POINT('',(0.,-0.5));
#2105 = ( GEOMETRIC_REPRESENTATION_CONTEXT(2) 
PARAMETRIC_REPRESENTATION_CONTEXT() REPRESENTATION_CONTEXT('2D SPACE',''
  ) );
#2106 = ORIENTED_EDGE('',*,*,#2107,.F.);
#2107 = EDGE_CURVE('',#2108,#2081,#2110,.T.);
#2108 = VERTEX_POINT('',#2109);
#2109 = CARTESIAN_POINT('',(90.3,-48.30000000001,4.));
#2110 = SURFACE_CURVE('',#2111,(#2116,#2127),.PCURVE_S1.);
#2111 = CIRCLE('',#2112,2.);
#2112 = AXIS2_PLACEMENT_3D('',#2113,#2114,#2115);
#2113 = CARTESIAN_POINT('',(88.3,-48.30000000001,4.));
#2114 = DIRECTION('',(0.,0.,-1.));
#2115 = DIRECTION('',(-1.,0.,0.));
#2116 = PCURVE('',#1214,#2117);
#2117 = DEFINITIONAL_REPRESENTATION('',(#2118),#2126);
#2118 = ( BOUNDED_CURVE() B_SPLINE_CURVE(2,(#2119,#2120,#2121,#2122,
#2123,#2124,#2125),.UNSPECIFIED.,.T.,.F.) B_SPLINE_CURVE_WITH_KNOTS((1,2
    ,2,2,2,1),(-2.094395102393,0.,2.094395102393,4.188790204786,
6.28318530718,8.377580409573),.UNSPECIFIED.) CURVE() 
GEOMETRIC_REPRESENTATION_ITEM() RATIONAL_B_SPLINE_CURVE((1.,0.5,1.,0.5,
1.,0.5,1.)) REPRESENTATION_ITEM('') );
#2119 = CARTESIAN_POINT('',(86.3,-48.29999999692));
#2120 = CARTESIAN_POINT('',(86.3,-44.83589838178));
#2121 = CARTESIAN_POINT('',(89.3,-46.56794918935));
#2122 = CARTESIAN_POINT('',(92.3,-48.29999999692));
#2123 = CARTESIAN_POINT('',(89.3,-50.03205080449));
#2124 = CARTESIAN_POINT('',(86.3,-51.76410161206));
#2125 = CARTESIAN_POINT('',(86.3,-48.29999999692));
#2126 = ( GEOMETRIC_REPRESENTATION_CONTEXT(2) 
PARAMETRIC_REPRESENTATION_CONTEXT() REPRESENTATION_CONTEXT('2D SPACE',''
  ) );
#2127 = PCURVE('',#2128,#2133);
#2128 = CYLINDRICAL_SURFACE('',#2129,2.);
#2129 = AXIS2_PLACEMENT_3D('',#2130,#2131,#2132);
#2130 = CARTESIAN_POINT('',(88.3,-48.30000000001,3.5));
#2131 = DIRECTION('',(0.,0.,-1.));
#2132 = DIRECTION('',(-1.,0.,0.));
#2133 = DEFINITIONAL_REPRESENTATION('',(#2134),#2138);
#2134 = LINE('',#2135,#2136);
#2135 = CARTESIAN_POINT('',(0.,-0.5));
#2136 = VECTOR('',#2137,1.);
#2137 = DIRECTION('',(1.,0.));
#2138 = ( GEOMETRIC_REPRESENTATION_CONTEXT(2) 
PARAMETRIC_REPRESENTATION_CONTEXT() REPRESENTATION_CONTEXT('2D SPACE',''
  ) );
#2139 = ORIENTED_EDGE('',*,*,#2140,.F.);
#2140 = EDGE_CURVE('',#2141,#2108,#2143,.T.);
#2141 = VERTEX_POINT('',#2142);
#2142 = CARTESIAN_POINT('',(90.3,48.299999985174,4.));
#2143 = SURFACE_CURVE('',#2144,(#2148,#2155),.PCURVE_S1.);
#2144 = LINE('',#2145,#2146);
#2145 = CARTESIAN_POINT('',(90.3,-24.15000000032,4.));
#2146 = VECTOR('',#2147,1.);
#2147 = DIRECTION('',(0.,-1.,0.));
#2148 = PCURVE('',#1214,#2149);
#2149 = DEFINITIONAL_REPRESENTATION('',(#2150),#2154);
#2150 = LINE('',#2151,#2152);
#2151 = CARTESIAN_POINT('',(90.3,-24.14999999724));
#2152 = VECTOR('',#2153,1.);
#2153 = DIRECTION('',(0.,-1.));
#2154 = ( GEOMETRIC_REPRESENTATION_CONTEXT(2) 
PARAMETRIC_REPRESENTATION_CONTEXT() REPRESENTATION_CONTEXT('2D SPACE',''
  ) );
#2155 = PCURVE('',#2156,#2161);
#2156 = PLANE('',#2157);
#2157 = AXIS2_PLACEMENT_3D('',#2158,#2159,#2160);
#2158 = CARTESIAN_POINT('',(90.3,-48.30000000001,3.5));
#2159 = DIRECTION('',(-1.,0.,0.));
#2160 = DIRECTION('',(0.,1.,0.));
#2161 = DEFINITIONAL_REPRESENTATION('',(#2162),#2165);
#2162 = B_SPLINE_CURVE_WITH_KNOTS('',1,(#2163,#2164),.UNSPECIFIED.,.F.,
  .F.,(2,2),(-72.4499999855,24.149999999684),.PIECEWISE_BEZIER_KNOTS.);
#2163 = CARTESIAN_POINT('',(96.599999985185,-0.5));
#2164 = CARTESIAN_POINT('',(-7.105427357601E-15,-0.5));
#2165 = ( GEOMETRIC_REPRESENTATION_CONTEXT(2) 
PARAMETRIC_REPRESENTATION_CONTEXT() REPRESENTATION_CONTEXT('2D SPACE',''
  ) );
#2166 = ORIENTED_EDGE('',*,*,#2167,.F.);
#2167 = EDGE_CURVE('',#2168,#2141,#2170,.T.);
#2168 = VERTEX_POINT('',#2169);
#2169 = CARTESIAN_POINT('',(88.3,50.299999992592,4.));
#2170 = SURFACE_CURVE('',#2171,(#2176,#2187),.PCURVE_S1.);
#2171 = CIRCLE('',#2172,2.);
#2172 = AXIS2_PLACEMENT_3D('',#2173,#2174,#2175);
#2173 = CARTESIAN_POINT('',(88.3,48.299999985174,4.));
#2174 = DIRECTION('',(0.,0.,-1.));
#2175 = DIRECTION('',(-1.,0.,0.));
#2176 = PCURVE('',#1214,#2177);
#2177 = DEFINITIONAL_REPRESENTATION('',(#2178),#2186);
#2178 = ( BOUNDED_CURVE() B_SPLINE_CURVE(2,(#2179,#2180,#2181,#2182,
#2183,#2184,#2185),.UNSPECIFIED.,.T.,.F.) B_SPLINE_CURVE_WITH_KNOTS((1,2
    ,2,2,2,1),(-2.094395102393,0.,2.094395102393,4.188790204786,
6.28318530718,8.377580409573),.UNSPECIFIED.) CURVE() 
GEOMETRIC_REPRESENTATION_ITEM() RATIONAL_B_SPLINE_CURVE((1.,0.5,1.,0.5,
1.,0.5,1.)) REPRESENTATION_ITEM('') );
#2179 = CARTESIAN_POINT('',(86.3,48.299999988259));
#2180 = CARTESIAN_POINT('',(86.3,51.764101603397));
#2181 = CARTESIAN_POINT('',(89.3,50.032050795828));
#2182 = CARTESIAN_POINT('',(92.3,48.299999988259));
#2183 = CARTESIAN_POINT('',(89.3,46.56794918069));
#2184 = CARTESIAN_POINT('',(86.3,44.835898373121));
#2185 = CARTESIAN_POINT('',(86.3,48.299999988259));
#2186 = ( GEOMETRIC_REPRESENTATION_CONTEXT(2) 
PARAMETRIC_REPRESENTATION_CONTEXT() REPRESENTATION_CONTEXT('2D SPACE',''
  ) );
#2187 = PCURVE('',#2188,#2193);
#2188 = CYLINDRICAL_SURFACE('',#2189,2.);
#2189 = AXIS2_PLACEMENT_3D('',#2190,#2191,#2192);
#2190 = CARTESIAN_POINT('',(88.3,48.299999985174,3.5));
#2191 = DIRECTION('',(0.,0.,-1.));
#2192 = DIRECTION('',(-1.,0.,0.));
#2193 = DEFINITIONAL_REPRESENTATION('',(#2194),#2198);
#2194 = LINE('',#2195,#2196);
#2195 = CARTESIAN_POINT('',(0.,-0.5));
#2196 = VECTOR('',#2197,1.);
#2197 = DIRECTION('',(1.,0.));
#2198 = ( GEOMETRIC_REPRESENTATION_CONTEXT(2) 
PARAMETRIC_REPRESENTATION_CONTEXT() REPRESENTATION_CONTEXT('2D SPACE',''
  ) );
#2199 = ORIENTED_EDGE('',*,*,#2200,.T.);
#2200 = EDGE_CURVE('',#2168,#1988,#2201,.T.);
#2201 = SURFACE_CURVE('',#2202,(#2206,#2213),.PCURVE_S1.);
#2202 = LINE('',#2203,#2204);
#2203 = CARTESIAN_POINT('',(-44.15,50.300000000011,4.));
#2204 = VECTOR('',#2205,1.);
#2205 = DIRECTION('',(-1.,0.,0.));
#2206 = PCURVE('',#1214,#2207);
#2207 = DEFINITIONAL_REPRESENTATION('',(#2208),#2212);
#2208 = LINE('',#2209,#2210);
#2209 = CARTESIAN_POINT('',(-44.15,50.300000003095));
#2210 = VECTOR('',#2211,1.);
#2211 = DIRECTION('',(-1.,0.));
#2212 = ( GEOMETRIC_REPRESENTATION_CONTEXT(2) 
PARAMETRIC_REPRESENTATION_CONTEXT() REPRESENTATION_CONTEXT('2D SPACE',''
  ) );
#2213 = PCURVE('',#2214,#2219);
#2214 = PLANE('',#2215);
#2215 = AXIS2_PLACEMENT_3D('',#2216,#2217,#2218);
#2216 = CARTESIAN_POINT('',(-88.3,50.300000000011,3.5));
#2217 = DIRECTION('',(0.,1.,0.));
#2218 = DIRECTION('',(1.,0.,0.));
#2219 = DEFINITIONAL_REPRESENTATION('',(#2220),#2223);
#2220 = B_SPLINE_CURVE_WITH_KNOTS('',1,(#2221,#2222),.UNSPECIFIED.,.F.,
  .F.,(2,2),(-132.45,44.15),.PIECEWISE_BEZIER_KNOTS.);
#2221 = CARTESIAN_POINT('',(176.6,-0.5));
#2222 = CARTESIAN_POINT('',(0.,-0.5));
#2223 = ( GEOMETRIC_REPRESENTATION_CONTEXT(2) 
PARAMETRIC_REPRESENTATION_CONTEXT() REPRESENTATION_CONTEXT('2D SPACE',''
  ) );
#2224 = FACE_BOUND('',#2225,.T.);
#2225 = EDGE_LOOP('',(#2226,#2227,#2228,#2229,#2230,#2231,#2232,#2233));
#2226 = ORIENTED_EDGE('',*,*,#1199,.F.);
#2227 = ORIENTED_EDGE('',*,*,#1554,.T.);
#2228 = ORIENTED_EDGE('',*,*,#1529,.F.);
#2229 = ORIENTED_EDGE('',*,*,#1475,.T.);
#2230 = ORIENTED_EDGE('',*,*,#1406,.T.);
#2231 = ORIENTED_EDGE('',*,*,#1374,.T.);
#2232 = ORIENTED_EDGE('',*,*,#1305,.T.);
#2233 = ORIENTED_EDGE('',*,*,#1273,.T.);
#2234 = ADVANCED_FACE('',(#2235,#2245),#1624,.T.);
#2235 = FACE_BOUND('',#2236,.T.);
#2236 = EDGE_LOOP('',(#2237,#2238,#2239,#2240,#2241,#2242,#2243,#2244));
#2237 = ORIENTED_EDGE('',*,*,#1959,.F.);
#2238 = ORIENTED_EDGE('',*,*,#1607,.T.);
#2239 = ORIENTED_EDGE('',*,*,#1662,.T.);
#2240 = ORIENTED_EDGE('',*,*,#1711,.T.);
#2241 = ORIENTED_EDGE('',*,*,#1761,.T.);
#2242 = ORIENTED_EDGE('',*,*,#1810,.T.);
#2243 = ORIENTED_EDGE('',*,*,#1882,.F.);
#2244 = ORIENTED_EDGE('',*,*,#1909,.T.);
#2245 = FACE_BOUND('',#2246,.T.);
#2246 = EDGE_LOOP('',(#2247,#2270,#2298,#2319,#2347,#2368,#2396,#2417));
#2247 = ORIENTED_EDGE('',*,*,#2248,.F.);
#2248 = EDGE_CURVE('',#2249,#2251,#2253,.T.);
#2249 = VERTEX_POINT('',#2250);
#2250 = CARTESIAN_POINT('',(-90.3,48.299999985174,6.5));
#2251 = VERTEX_POINT('',#2252);
#2252 = CARTESIAN_POINT('',(-90.3,-48.30000000001,6.5));
#2253 = SURFACE_CURVE('',#2254,(#2258,#2264),.PCURVE_S1.);
#2254 = LINE('',#2255,#2256);
#2255 = CARTESIAN_POINT('',(-90.3,-24.15000000032,6.5));
#2256 = VECTOR('',#2257,1.);
#2257 = DIRECTION('',(0.,-1.,0.));
#2258 = PCURVE('',#1624,#2259);
#2259 = DEFINITIONAL_REPRESENTATION('',(#2260),#2263);
#2260 = B_SPLINE_CURVE_WITH_KNOTS('',1,(#2261,#2262),.UNSPECIFIED.,.F.,
  .F.,(2,2),(-72.4499999855,24.149999999684),.PIECEWISE_BEZIER_KNOTS.);
#2261 = CARTESIAN_POINT('',(-90.3,48.299999985817));
#2262 = CARTESIAN_POINT('',(-90.3,-48.29999999936));
#2263 = ( GEOMETRIC_REPRESENTATION_CONTEXT(2) 
PARAMETRIC_REPRESENTATION_CONTEXT() REPRESENTATION_CONTEXT('2D SPACE',''
  ) );
#2264 = PCURVE('',#2036,#2265);
#2265 = DEFINITIONAL_REPRESENTATION('',(#2266),#2269);
#2266 = B_SPLINE_CURVE_WITH_KNOTS('',1,(#2267,#2268),.UNSPECIFIED.,.F.,
  .F.,(2,2),(-72.4499999855,24.149999999684),.PIECEWISE_BEZIER_KNOTS.);
#2267 = CARTESIAN_POINT('',(96.599999985185,-3.));
#2268 = CARTESIAN_POINT('',(-7.105427357601E-15,-3.));
#2269 = ( GEOMETRIC_REPRESENTATION_CONTEXT(2) 
PARAMETRIC_REPRESENTATION_CONTEXT() REPRESENTATION_CONTEXT('2D SPACE',''
  ) );
#2270 = ORIENTED_EDGE('',*,*,#2271,.T.);
#2271 = EDGE_CURVE('',#2249,#2272,#2274,.T.);
#2272 = VERTEX_POINT('',#2273);
#2273 = CARTESIAN_POINT('',(-88.3,50.299999992592,6.5));
#2274 = SURFACE_CURVE('',#2275,(#2280,#2291),.PCURVE_S1.);
#2275 = CIRCLE('',#2276,2.);
#2276 = AXIS2_PLACEMENT_3D('',#2277,#2278,#2279);
#2277 = CARTESIAN_POINT('',(-88.3,48.299999985174,6.5));
#2278 = DIRECTION('',(0.,0.,-1.));
#2279 = DIRECTION('',(-1.,0.,0.));
#2280 = PCURVE('',#1624,#2281);
#2281 = DEFINITIONAL_REPRESENTATION('',(#2282),#2290);
#2282 = ( BOUNDED_CURVE() B_SPLINE_CURVE(2,(#2283,#2284,#2285,#2286,
#2287,#2288,#2289),.UNSPECIFIED.,.T.,.F.) B_SPLINE_CURVE_WITH_KNOTS((1,2
    ,2,2,2,1),(-2.094395102393,0.,2.094395102393,4.188790204786,
6.28318530718,8.377580409573),.UNSPECIFIED.) CURVE() 
GEOMETRIC_REPRESENTATION_ITEM() RATIONAL_B_SPLINE_CURVE((1.,0.5,1.,0.5,
1.,0.5,1.)) REPRESENTATION_ITEM('') );
#2283 = CARTESIAN_POINT('',(-90.3,48.299999985817));
#2284 = CARTESIAN_POINT('',(-90.3,51.764101600955));
#2285 = CARTESIAN_POINT('',(-87.3,50.032050793386));
#2286 = CARTESIAN_POINT('',(-84.3,48.299999985817));
#2287 = CARTESIAN_POINT('',(-87.3,46.567949178248));
#2288 = CARTESIAN_POINT('',(-90.3,44.835898370679));
#2289 = CARTESIAN_POINT('',(-90.3,48.299999985817));
#2290 = ( GEOMETRIC_REPRESENTATION_CONTEXT(2) 
PARAMETRIC_REPRESENTATION_CONTEXT() REPRESENTATION_CONTEXT('2D SPACE',''
  ) );
#2291 = PCURVE('',#2008,#2292);
#2292 = DEFINITIONAL_REPRESENTATION('',(#2293),#2297);
#2293 = LINE('',#2294,#2295);
#2294 = CARTESIAN_POINT('',(0.,-3.));
#2295 = VECTOR('',#2296,1.);
#2296 = DIRECTION('',(1.,0.));
#2297 = ( GEOMETRIC_REPRESENTATION_CONTEXT(2) 
PARAMETRIC_REPRESENTATION_CONTEXT() REPRESENTATION_CONTEXT('2D SPACE',''
  ) );
#2298 = ORIENTED_EDGE('',*,*,#2299,.F.);
#2299 = EDGE_CURVE('',#2300,#2272,#2302,.T.);
#2300 = VERTEX_POINT('',#2301);
#2301 = CARTESIAN_POINT('',(88.3,50.299999992592,6.5));
#2302 = SURFACE_CURVE('',#2303,(#2307,#2313),.PCURVE_S1.);
#2303 = LINE('',#2304,#2305);
#2304 = CARTESIAN_POINT('',(-44.15,50.300000000011,6.5));
#2305 = VECTOR('',#2306,1.);
#2306 = DIRECTION('',(-1.,0.,0.));
#2307 = PCURVE('',#1624,#2308);
#2308 = DEFINITIONAL_REPRESENTATION('',(#2309),#2312);
#2309 = B_SPLINE_CURVE_WITH_KNOTS('',1,(#2310,#2311),.UNSPECIFIED.,.F.,
  .F.,(2,2),(-132.45,44.15),.PIECEWISE_BEZIER_KNOTS.);
#2310 = CARTESIAN_POINT('',(88.3,50.300000000653));
#2311 = CARTESIAN_POINT('',(-88.3,50.300000000653));
#2312 = ( GEOMETRIC_REPRESENTATION_CONTEXT(2) 
PARAMETRIC_REPRESENTATION_CONTEXT() REPRESENTATION_CONTEXT('2D SPACE',''
  ) );
#2313 = PCURVE('',#2214,#2314);
#2314 = DEFINITIONAL_REPRESENTATION('',(#2315),#2318);
#2315 = B_SPLINE_CURVE_WITH_KNOTS('',1,(#2316,#2317),.UNSPECIFIED.,.F.,
  .F.,(2,2),(-132.45,44.15),.PIECEWISE_BEZIER_KNOTS.);
#2316 = CARTESIAN_POINT('',(176.6,-3.));
#2317 = CARTESIAN_POINT('',(0.,-3.));
#2318 = ( GEOMETRIC_REPRESENTATION_CONTEXT(2) 
PARAMETRIC_REPRESENTATION_CONTEXT() REPRESENTATION_CONTEXT('2D SPACE',''
  ) );
#2319 = ORIENTED_EDGE('',*,*,#2320,.T.);
#2320 = EDGE_CURVE('',#2300,#2321,#2323,.T.);
#2321 = VERTEX_POINT('',#2322);
#2322 = CARTESIAN_POINT('',(90.3,48.299999985174,6.5));
#2323 = SURFACE_CURVE('',#2324,(#2329,#2340),.PCURVE_S1.);
#2324 = CIRCLE('',#2325,2.);
#2325 = AXIS2_PLACEMENT_3D('',#2326,#2327,#2328);
#2326 = CARTESIAN_POINT('',(88.3,48.299999985174,6.5));
#2327 = DIRECTION('',(0.,0.,-1.));
#2328 = DIRECTION('',(-1.,0.,0.));
#2329 = PCURVE('',#1624,#2330);
#2330 = DEFINITIONAL_REPRESENTATION('',(#2331),#2339);
#2331 = ( BOUNDED_CURVE() B_SPLINE_CURVE(2,(#2332,#2333,#2334,#2335,
#2336,#2337,#2338),.UNSPECIFIED.,.T.,.F.) B_SPLINE_CURVE_WITH_KNOTS((1,2
    ,2,2,2,1),(-2.094395102393,0.,2.094395102393,4.188790204786,
6.28318530718,8.377580409573),.UNSPECIFIED.) CURVE() 
GEOMETRIC_REPRESENTATION_ITEM() RATIONAL_B_SPLINE_CURVE((1.,0.5,1.,0.5,
1.,0.5,1.)) REPRESENTATION_ITEM('') );
#2332 = CARTESIAN_POINT('',(86.3,48.299999985817));
#2333 = CARTESIAN_POINT('',(86.3,51.764101600955));
#2334 = CARTESIAN_POINT('',(89.3,50.032050793386));
#2335 = CARTESIAN_POINT('',(92.3,48.299999985817));
#2336 = CARTESIAN_POINT('',(89.3,46.567949178248));
#2337 = CARTESIAN_POINT('',(86.3,44.835898370679));
#2338 = CARTESIAN_POINT('',(86.3,48.299999985817));
#2339 = ( GEOMETRIC_REPRESENTATION_CONTEXT(2) 
PARAMETRIC_REPRESENTATION_CONTEXT() REPRESENTATION_CONTEXT('2D SPACE',''
  ) );
#2340 = PCURVE('',#2188,#2341);
#2341 = DEFINITIONAL_REPRESENTATION('',(#2342),#2346);
#2342 = LINE('',#2343,#2344);
#2343 = CARTESIAN_POINT('',(0.,-3.));
#2344 = VECTOR('',#2345,1.);
#2345 = DIRECTION('',(1.,0.));
#2346 = ( GEOMETRIC_REPRESENTATION_CONTEXT(2) 
PARAMETRIC_REPRESENTATION_CONTEXT() REPRESENTATION_CONTEXT('2D SPACE',''
  ) );
#2347 = ORIENTED_EDGE('',*,*,#2348,.T.);
#2348 = EDGE_CURVE('',#2321,#2349,#2351,.T.);
#2349 = VERTEX_POINT('',#2350);
#2350 = CARTESIAN_POINT('',(90.3,-48.30000000001,6.5));
#2351 = SURFACE_CURVE('',#2352,(#2356,#2362),.PCURVE_S1.);
#2352 = LINE('',#2353,#2354);
#2353 = CARTESIAN_POINT('',(90.3,-24.15000000032,6.5));
#2354 = VECTOR('',#2355,1.);
#2355 = DIRECTION('',(0.,-1.,0.));
#2356 = PCURVE('',#1624,#2357);
#2357 = DEFINITIONAL_REPRESENTATION('',(#2358),#2361);
#2358 = B_SPLINE_CURVE_WITH_KNOTS('',1,(#2359,#2360),.UNSPECIFIED.,.F.,
  .F.,(2,2),(-72.4499999855,24.149999999684),.PIECEWISE_BEZIER_KNOTS.);
#2359 = CARTESIAN_POINT('',(90.3,48.299999985817));
#2360 = CARTESIAN_POINT('',(90.3,-48.29999999936));
#2361 = ( GEOMETRIC_REPRESENTATION_CONTEXT(2) 
PARAMETRIC_REPRESENTATION_CONTEXT() REPRESENTATION_CONTEXT('2D SPACE',''
  ) );
#2362 = PCURVE('',#2156,#2363);
#2363 = DEFINITIONAL_REPRESENTATION('',(#2364),#2367);
#2364 = B_SPLINE_CURVE_WITH_KNOTS('',1,(#2365,#2366),.UNSPECIFIED.,.F.,
  .F.,(2,2),(-72.4499999855,24.149999999684),.PIECEWISE_BEZIER_KNOTS.);
#2365 = CARTESIAN_POINT('',(96.599999985185,-3.));
#2366 = CARTESIAN_POINT('',(-7.105427357601E-15,-3.));
#2367 = ( GEOMETRIC_REPRESENTATION_CONTEXT(2) 
PARAMETRIC_REPRESENTATION_CONTEXT() REPRESENTATION_CONTEXT('2D SPACE',''
  ) );
#2368 = ORIENTED_EDGE('',*,*,#2369,.T.);
#2369 = EDGE_CURVE('',#2349,#2370,#2372,.T.);
#2370 = VERTEX_POINT('',#2371);
#2371 = CARTESIAN_POINT('',(88.3,-50.3,6.5));
#2372 = SURFACE_CURVE('',#2373,(#2378,#2389),.PCURVE_S1.);
#2373 = CIRCLE('',#2374,2.);
#2374 = AXIS2_PLACEMENT_3D('',#2375,#2376,#2377);
#2375 = CARTESIAN_POINT('',(88.3,-48.30000000001,6.5));
#2376 = DIRECTION('',(0.,0.,-1.));
#2377 = DIRECTION('',(-1.,0.,0.));
#2378 = PCURVE('',#1624,#2379);
#2379 = DEFINITIONAL_REPRESENTATION('',(#2380),#2388);
#2380 = ( BOUNDED_CURVE() B_SPLINE_CURVE(2,(#2381,#2382,#2383,#2384,
#2385,#2386,#2387),.UNSPECIFIED.,.T.,.F.) B_SPLINE_CURVE_WITH_KNOTS((1,2
    ,2,2,2,1),(-2.094395102393,0.,2.094395102393,4.188790204786,
6.28318530718,8.377580409573),.UNSPECIFIED.) CURVE() 
GEOMETRIC_REPRESENTATION_ITEM() RATIONAL_B_SPLINE_CURVE((1.,0.5,1.,0.5,
1.,0.5,1.)) REPRESENTATION_ITEM('') );
#2381 = CARTESIAN_POINT('',(86.3,-48.29999999936));
#2382 = CARTESIAN_POINT('',(86.3,-44.83589838423));
#2383 = CARTESIAN_POINT('',(89.3,-46.56794919179));
#2384 = CARTESIAN_POINT('',(92.3,-48.29999999936));
#2385 = CARTESIAN_POINT('',(89.3,-50.03205080693));
#2386 = CARTESIAN_POINT('',(86.3,-51.7641016145));
#2387 = CARTESIAN_POINT('',(86.3,-48.29999999936));
#2388 = ( GEOMETRIC_REPRESENTATION_CONTEXT(2) 
PARAMETRIC_REPRESENTATION_CONTEXT() REPRESENTATION_CONTEXT('2D SPACE',''
  ) );
#2389 = PCURVE('',#2128,#2390);
#2390 = DEFINITIONAL_REPRESENTATION('',(#2391),#2395);
#2391 = LINE('',#2392,#2393);
#2392 = CARTESIAN_POINT('',(0.,-3.));
#2393 = VECTOR('',#2394,1.);
#2394 = DIRECTION('',(1.,0.));
#2395 = ( GEOMETRIC_REPRESENTATION_CONTEXT(2) 
PARAMETRIC_REPRESENTATION_CONTEXT() REPRESENTATION_CONTEXT('2D SPACE',''
  ) );
#2396 = ORIENTED_EDGE('',*,*,#2397,.T.);
#2397 = EDGE_CURVE('',#2370,#2398,#2400,.T.);
#2398 = VERTEX_POINT('',#2399);
#2399 = CARTESIAN_POINT('',(-88.3,-50.3,6.5));
#2400 = SURFACE_CURVE('',#2401,(#2405,#2411),.PCURVE_S1.);
#2401 = LINE('',#2402,#2403);
#2402 = CARTESIAN_POINT('',(-44.15,-50.29999999998,6.5));
#2403 = VECTOR('',#2404,1.);
#2404 = DIRECTION('',(-1.,0.,0.));
#2405 = PCURVE('',#1624,#2406);
#2406 = DEFINITIONAL_REPRESENTATION('',(#2407),#2410);
#2407 = B_SPLINE_CURVE_WITH_KNOTS('',1,(#2408,#2409),.UNSPECIFIED.,.F.,
  .F.,(2,2),(-132.45,44.15),.PIECEWISE_BEZIER_KNOTS.);
#2408 = CARTESIAN_POINT('',(88.3,-50.29999999934));
#2409 = CARTESIAN_POINT('',(-88.3,-50.29999999934));
#2410 = ( GEOMETRIC_REPRESENTATION_CONTEXT(2) 
PARAMETRIC_REPRESENTATION_CONTEXT() REPRESENTATION_CONTEXT('2D SPACE',''
  ) );
#2411 = PCURVE('',#2096,#2412);
#2412 = DEFINITIONAL_REPRESENTATION('',(#2413),#2416);
#2413 = B_SPLINE_CURVE_WITH_KNOTS('',1,(#2414,#2415),.UNSPECIFIED.,.F.,
  .F.,(2,2),(-132.45,44.15),.PIECEWISE_BEZIER_KNOTS.);
#2414 = CARTESIAN_POINT('',(176.6,-3.));
#2415 = CARTESIAN_POINT('',(0.,-3.));
#2416 = ( GEOMETRIC_REPRESENTATION_CONTEXT(2) 
PARAMETRIC_REPRESENTATION_CONTEXT() REPRESENTATION_CONTEXT('2D SPACE',''
  ) );
#2417 = ORIENTED_EDGE('',*,*,#2418,.T.);
#2418 = EDGE_CURVE('',#2398,#2251,#2419,.T.);
#2419 = SURFACE_CURVE('',#2420,(#2425,#2436),.PCURVE_S1.);
#2420 = CIRCLE('',#2421,2.);
#2421 = AXIS2_PLACEMENT_3D('',#2422,#2423,#2424);
#2422 = CARTESIAN_POINT('',(-88.3,-48.30000000001,6.5));
#2423 = DIRECTION('',(0.,0.,-1.));
#2424 = DIRECTION('',(-1.,0.,0.));
#2425 = PCURVE('',#1624,#2426);
#2426 = DEFINITIONAL_REPRESENTATION('',(#2427),#2435);
#2427 = ( BOUNDED_CURVE() B_SPLINE_CURVE(2,(#2428,#2429,#2430,#2431,
#2432,#2433,#2434),.UNSPECIFIED.,.T.,.F.) B_SPLINE_CURVE_WITH_KNOTS((1,2
    ,2,2,2,1),(-2.094395102393,0.,2.094395102393,4.188790204786,
6.28318530718,8.377580409573),.UNSPECIFIED.) CURVE() 
GEOMETRIC_REPRESENTATION_ITEM() RATIONAL_B_SPLINE_CURVE((1.,0.5,1.,0.5,
1.,0.5,1.)) REPRESENTATION_ITEM('') );
#2428 = CARTESIAN_POINT('',(-90.3,-48.29999999936));
#2429 = CARTESIAN_POINT('',(-90.3,-44.83589838423));
#2430 = CARTESIAN_POINT('',(-87.3,-46.56794919179));
#2431 = CARTESIAN_POINT('',(-84.3,-48.29999999936));
#2432 = CARTESIAN_POINT('',(-87.3,-50.03205080693));
#2433 = CARTESIAN_POINT('',(-90.3,-51.7641016145));
#2434 = CARTESIAN_POINT('',(-90.3,-48.29999999936));
#2435 = ( GEOMETRIC_REPRESENTATION_CONTEXT(2) 
PARAMETRIC_REPRESENTATION_CONTEXT() REPRESENTATION_CONTEXT('2D SPACE',''
  ) );
#2436 = PCURVE('',#2068,#2437);
#2437 = DEFINITIONAL_REPRESENTATION('',(#2438),#2442);
#2438 = LINE('',#2439,#2440);
#2439 = CARTESIAN_POINT('',(0.,-3.));
#2440 = VECTOR('',#2441,1.);
#2441 = DIRECTION('',(1.,0.));
#2442 = ( GEOMETRIC_REPRESENTATION_CONTEXT(2) 
PARAMETRIC_REPRESENTATION_CONTEXT() REPRESENTATION_CONTEXT('2D SPACE',''
  ) );
#2443 = ADVANCED_FACE('',(#2444),#2008,.F.);
#2444 = FACE_BOUND('',#2445,.F.);
#2445 = EDGE_LOOP('',(#2446,#2447,#2468,#2469));
#2446 = ORIENTED_EDGE('',*,*,#1985,.F.);
#2447 = ORIENTED_EDGE('',*,*,#2448,.T.);
#2448 = EDGE_CURVE('',#1986,#2249,#2449,.T.);
#2449 = SURFACE_CURVE('',#2450,(#2454,#2461),.PCURVE_S1.);
#2450 = LINE('',#2451,#2452);
#2451 = CARTESIAN_POINT('',(-90.3,48.299999985174,3.5));
#2452 = VECTOR('',#2453,1.);
#2453 = DIRECTION('',(0.,0.,1.));
#2454 = PCURVE('',#2008,#2455);
#2455 = DEFINITIONAL_REPRESENTATION('',(#2456),#2460);
#2456 = LINE('',#2457,#2458);
#2457 = CARTESIAN_POINT('',(0.,0.));
#2458 = VECTOR('',#2459,1.);
#2459 = DIRECTION('',(0.,-1.));
#2460 = ( GEOMETRIC_REPRESENTATION_CONTEXT(2) 
PARAMETRIC_REPRESENTATION_CONTEXT() REPRESENTATION_CONTEXT('2D SPACE',''
  ) );
#2461 = PCURVE('',#2036,#2462);
#2462 = DEFINITIONAL_REPRESENTATION('',(#2463),#2467);
#2463 = LINE('',#2464,#2465);
#2464 = CARTESIAN_POINT('',(96.599999985185,0.));
#2465 = VECTOR('',#2466,1.);
#2466 = DIRECTION('',(0.,-1.));
#2467 = ( GEOMETRIC_REPRESENTATION_CONTEXT(2) 
PARAMETRIC_REPRESENTATION_CONTEXT() REPRESENTATION_CONTEXT('2D SPACE',''
  ) );
#2468 = ORIENTED_EDGE('',*,*,#2271,.T.);
#2469 = ORIENTED_EDGE('',*,*,#2470,.F.);
#2470 = EDGE_CURVE('',#1988,#2272,#2471,.T.);
#2471 = SURFACE_CURVE('',#2472,(#2476,#2483),.PCURVE_S1.);
#2472 = LINE('',#2473,#2474);
#2473 = CARTESIAN_POINT('',(-88.3,50.299999992592,3.5));
#2474 = VECTOR('',#2475,1.);
#2475 = DIRECTION('',(0.,0.,1.));
#2476 = PCURVE('',#2008,#2477);
#2477 = DEFINITIONAL_REPRESENTATION('',(#2478),#2482);
#2478 = LINE('',#2479,#2480);
#2479 = CARTESIAN_POINT('',(1.570796326795,0.));
#2480 = VECTOR('',#2481,1.);
#2481 = DIRECTION('',(0.,-1.));
#2482 = ( GEOMETRIC_REPRESENTATION_CONTEXT(2) 
PARAMETRIC_REPRESENTATION_CONTEXT() REPRESENTATION_CONTEXT('2D SPACE',''
  ) );
#2483 = PCURVE('',#2214,#2484);
#2484 = DEFINITIONAL_REPRESENTATION('',(#2485),#2489);
#2485 = LINE('',#2486,#2487);
#2486 = CARTESIAN_POINT('',(0.,0.));
#2487 = VECTOR('',#2488,1.);
#2488 = DIRECTION('',(0.,-1.));
#2489 = ( GEOMETRIC_REPRESENTATION_CONTEXT(2) 
PARAMETRIC_REPRESENTATION_CONTEXT() REPRESENTATION_CONTEXT('2D SPACE',''
  ) );
#2490 = ADVANCED_FACE('',(#2491),#2214,.F.);
#2491 = FACE_BOUND('',#2492,.F.);
#2492 = EDGE_LOOP('',(#2493,#2494,#2495,#2496));
#2493 = ORIENTED_EDGE('',*,*,#2200,.T.);
#2494 = ORIENTED_EDGE('',*,*,#2470,.T.);
#2495 = ORIENTED_EDGE('',*,*,#2299,.F.);
#2496 = ORIENTED_EDGE('',*,*,#2497,.F.);
#2497 = EDGE_CURVE('',#2168,#2300,#2498,.T.);
#2498 = SURFACE_CURVE('',#2499,(#2503,#2510),.PCURVE_S1.);
#2499 = LINE('',#2500,#2501);
#2500 = CARTESIAN_POINT('',(88.3,50.299999992592,3.5));
#2501 = VECTOR('',#2502,1.);
#2502 = DIRECTION('',(0.,0.,1.));
#2503 = PCURVE('',#2214,#2504);
#2504 = DEFINITIONAL_REPRESENTATION('',(#2505),#2509);
#2505 = LINE('',#2506,#2507);
#2506 = CARTESIAN_POINT('',(176.6,0.));
#2507 = VECTOR('',#2508,1.);
#2508 = DIRECTION('',(0.,-1.));
#2509 = ( GEOMETRIC_REPRESENTATION_CONTEXT(2) 
PARAMETRIC_REPRESENTATION_CONTEXT() REPRESENTATION_CONTEXT('2D SPACE',''
  ) );
#2510 = PCURVE('',#2188,#2511);
#2511 = DEFINITIONAL_REPRESENTATION('',(#2512),#2516);
#2512 = LINE('',#2513,#2514);
#2513 = CARTESIAN_POINT('',(1.570796326795,0.));
#2514 = VECTOR('',#2515,1.);
#2515 = DIRECTION('',(0.,-1.));
#2516 = ( GEOMETRIC_REPRESENTATION_CONTEXT(2) 
PARAMETRIC_REPRESENTATION_CONTEXT() REPRESENTATION_CONTEXT('2D SPACE',''
  ) );
#2517 = ADVANCED_FACE('',(#2518),#2188,.F.);
#2518 = FACE_BOUND('',#2519,.F.);
#2519 = EDGE_LOOP('',(#2520,#2521,#2522,#2523));
#2520 = ORIENTED_EDGE('',*,*,#2167,.F.);
#2521 = ORIENTED_EDGE('',*,*,#2497,.T.);
#2522 = ORIENTED_EDGE('',*,*,#2320,.T.);
#2523 = ORIENTED_EDGE('',*,*,#2524,.F.);
#2524 = EDGE_CURVE('',#2141,#2321,#2525,.T.);
#2525 = SURFACE_CURVE('',#2526,(#2530,#2537),.PCURVE_S1.);
#2526 = LINE('',#2527,#2528);
#2527 = CARTESIAN_POINT('',(90.3,48.299999985174,3.5));
#2528 = VECTOR('',#2529,1.);
#2529 = DIRECTION('',(0.,0.,1.));
#2530 = PCURVE('',#2188,#2531);
#2531 = DEFINITIONAL_REPRESENTATION('',(#2532),#2536);
#2532 = LINE('',#2533,#2534);
#2533 = CARTESIAN_POINT('',(3.14159265359,0.));
#2534 = VECTOR('',#2535,1.);
#2535 = DIRECTION('',(0.,-1.));
#2536 = ( GEOMETRIC_REPRESENTATION_CONTEXT(2) 
PARAMETRIC_REPRESENTATION_CONTEXT() REPRESENTATION_CONTEXT('2D SPACE',''
  ) );
#2537 = PCURVE('',#2156,#2538);
#2538 = DEFINITIONAL_REPRESENTATION('',(#2539),#2543);
#2539 = LINE('',#2540,#2541);
#2540 = CARTESIAN_POINT('',(96.599999985185,0.));
#2541 = VECTOR('',#2542,1.);
#2542 = DIRECTION('',(0.,-1.));
#2543 = ( GEOMETRIC_REPRESENTATION_CONTEXT(2) 
PARAMETRIC_REPRESENTATION_CONTEXT() REPRESENTATION_CONTEXT('2D SPACE',''
  ) );
#2544 = ADVANCED_FACE('',(#2545),#2156,.T.);
#2545 = FACE_BOUND('',#2546,.T.);
#2546 = EDGE_LOOP('',(#2547,#2548,#2569,#2570));
#2547 = ORIENTED_EDGE('',*,*,#2140,.T.);
#2548 = ORIENTED_EDGE('',*,*,#2549,.T.);
#2549 = EDGE_CURVE('',#2108,#2349,#2550,.T.);
#2550 = SURFACE_CURVE('',#2551,(#2555,#2562),.PCURVE_S1.);
#2551 = LINE('',#2552,#2553);
#2552 = CARTESIAN_POINT('',(90.3,-48.30000000001,3.5));
#2553 = VECTOR('',#2554,1.);
#2554 = DIRECTION('',(0.,0.,1.));
#2555 = PCURVE('',#2156,#2556);
#2556 = DEFINITIONAL_REPRESENTATION('',(#2557),#2561);
#2557 = LINE('',#2558,#2559);
#2558 = CARTESIAN_POINT('',(0.,0.));
#2559 = VECTOR('',#2560,1.);
#2560 = DIRECTION('',(0.,-1.));
#2561 = ( GEOMETRIC_REPRESENTATION_CONTEXT(2) 
PARAMETRIC_REPRESENTATION_CONTEXT() REPRESENTATION_CONTEXT('2D SPACE',''
  ) );
#2562 = PCURVE('',#2128,#2563);
#2563 = DEFINITIONAL_REPRESENTATION('',(#2564),#2568);
#2564 = LINE('',#2565,#2566);
#2565 = CARTESIAN_POINT('',(3.14159265359,0.));
#2566 = VECTOR('',#2567,1.);
#2567 = DIRECTION('',(0.,-1.));
#2568 = ( GEOMETRIC_REPRESENTATION_CONTEXT(2) 
PARAMETRIC_REPRESENTATION_CONTEXT() REPRESENTATION_CONTEXT('2D SPACE',''
  ) );
#2569 = ORIENTED_EDGE('',*,*,#2348,.F.);
#2570 = ORIENTED_EDGE('',*,*,#2524,.F.);
#2571 = ADVANCED_FACE('',(#2572),#2128,.F.);
#2572 = FACE_BOUND('',#2573,.F.);
#2573 = EDGE_LOOP('',(#2574,#2575,#2576,#2577));
#2574 = ORIENTED_EDGE('',*,*,#2107,.F.);
#2575 = ORIENTED_EDGE('',*,*,#2549,.T.);
#2576 = ORIENTED_EDGE('',*,*,#2369,.T.);
#2577 = ORIENTED_EDGE('',*,*,#2578,.F.);
#2578 = EDGE_CURVE('',#2081,#2370,#2579,.T.);
#2579 = SURFACE_CURVE('',#2580,(#2584,#2591),.PCURVE_S1.);
#2580 = LINE('',#2581,#2582);
#2581 = CARTESIAN_POINT('',(88.3,-50.3,3.5));
#2582 = VECTOR('',#2583,1.);
#2583 = DIRECTION('',(0.,0.,1.));
#2584 = PCURVE('',#2128,#2585);
#2585 = DEFINITIONAL_REPRESENTATION('',(#2586),#2590);
#2586 = LINE('',#2587,#2588);
#2587 = CARTESIAN_POINT('',(4.712388980385,0.));
#2588 = VECTOR('',#2589,1.);
#2589 = DIRECTION('',(0.,-1.));
#2590 = ( GEOMETRIC_REPRESENTATION_CONTEXT(2) 
PARAMETRIC_REPRESENTATION_CONTEXT() REPRESENTATION_CONTEXT('2D SPACE',''
  ) );
#2591 = PCURVE('',#2096,#2592);
#2592 = DEFINITIONAL_REPRESENTATION('',(#2593),#2597);
#2593 = LINE('',#2594,#2595);
#2594 = CARTESIAN_POINT('',(176.6,0.));
#2595 = VECTOR('',#2596,1.);
#2596 = DIRECTION('',(0.,-1.));
#2597 = ( GEOMETRIC_REPRESENTATION_CONTEXT(2) 
PARAMETRIC_REPRESENTATION_CONTEXT() REPRESENTATION_CONTEXT('2D SPACE',''
  ) );
#2598 = ADVANCED_FACE('',(#2599),#2096,.T.);
#2599 = FACE_BOUND('',#2600,.T.);
#2600 = EDGE_LOOP('',(#2601,#2602,#2623,#2624));
#2601 = ORIENTED_EDGE('',*,*,#2080,.T.);
#2602 = ORIENTED_EDGE('',*,*,#2603,.T.);
#2603 = EDGE_CURVE('',#2048,#2398,#2604,.T.);
#2604 = SURFACE_CURVE('',#2605,(#2609,#2616),.PCURVE_S1.);
#2605 = LINE('',#2606,#2607);
#2606 = CARTESIAN_POINT('',(-88.3,-50.3,3.5));
#2607 = VECTOR('',#2608,1.);
#2608 = DIRECTION('',(0.,0.,1.));
#2609 = PCURVE('',#2096,#2610);
#2610 = DEFINITIONAL_REPRESENTATION('',(#2611),#2615);
#2611 = LINE('',#2612,#2613);
#2612 = CARTESIAN_POINT('',(0.,0.));
#2613 = VECTOR('',#2614,1.);
#2614 = DIRECTION('',(0.,-1.));
#2615 = ( GEOMETRIC_REPRESENTATION_CONTEXT(2) 
PARAMETRIC_REPRESENTATION_CONTEXT() REPRESENTATION_CONTEXT('2D SPACE',''
  ) );
#2616 = PCURVE('',#2068,#2617);
#2617 = DEFINITIONAL_REPRESENTATION('',(#2618),#2622);
#2618 = LINE('',#2619,#2620);
#2619 = CARTESIAN_POINT('',(4.712388980385,0.));
#2620 = VECTOR('',#2621,1.);
#2621 = DIRECTION('',(0.,-1.));
#2622 = ( GEOMETRIC_REPRESENTATION_CONTEXT(2) 
PARAMETRIC_REPRESENTATION_CONTEXT() REPRESENTATION_CONTEXT('2D SPACE',''
  ) );
#2623 = ORIENTED_EDGE('',*,*,#2397,.F.);
#2624 = ORIENTED_EDGE('',*,*,#2578,.F.);
#2625 = ADVANCED_FACE('',(#2626),#2068,.F.);
#2626 = FACE_BOUND('',#2627,.F.);
#2627 = EDGE_LOOP('',(#2628,#2629,#2630,#2631));
#2628 = ORIENTED_EDGE('',*,*,#2047,.F.);
#2629 = ORIENTED_EDGE('',*,*,#2603,.T.);
#2630 = ORIENTED_EDGE('',*,*,#2418,.T.);
#2631 = ORIENTED_EDGE('',*,*,#2632,.F.);
#2632 = EDGE_CURVE('',#2021,#2251,#2633,.T.);
#2633 = SURFACE_CURVE('',#2634,(#2638,#2645),.PCURVE_S1.);
#2634 = LINE('',#2635,#2636);
#2635 = CARTESIAN_POINT('',(-90.3,-48.30000000001,3.5));
#2636 = VECTOR('',#2637,1.);
#2637 = DIRECTION('',(0.,0.,1.));
#2638 = PCURVE('',#2068,#2639);
#2639 = DEFINITIONAL_REPRESENTATION('',(#2640),#2644);
#2640 = LINE('',#2641,#2642);
#2641 = CARTESIAN_POINT('',(6.28318530718,0.));
#2642 = VECTOR('',#2643,1.);
#2643 = DIRECTION('',(0.,-1.));
#2644 = ( GEOMETRIC_REPRESENTATION_CONTEXT(2) 
PARAMETRIC_REPRESENTATION_CONTEXT() REPRESENTATION_CONTEXT('2D SPACE',''
  ) );
#2645 = PCURVE('',#2036,#2646);
#2646 = DEFINITIONAL_REPRESENTATION('',(#2647),#2651);
#2647 = LINE('',#2648,#2649);
#2648 = CARTESIAN_POINT('',(0.,0.));
#2649 = VECTOR('',#2650,1.);
#2650 = DIRECTION('',(0.,-1.));
#2651 = ( GEOMETRIC_REPRESENTATION_CONTEXT(2) 
PARAMETRIC_REPRESENTATION_CONTEXT() REPRESENTATION_CONTEXT('2D SPACE',''
  ) );
#2652 = ADVANCED_FACE('',(#2653),#2036,.F.);
#2653 = FACE_BOUND('',#2654,.F.);
#2654 = EDGE_LOOP('',(#2655,#2656,#2657,#2658));
#2655 = ORIENTED_EDGE('',*,*,#2020,.T.);
#2656 = ORIENTED_EDGE('',*,*,#2632,.T.);
#2657 = ORIENTED_EDGE('',*,*,#2248,.F.);
#2658 = ORIENTED_EDGE('',*,*,#2448,.F.);
#2659 = ( GEOMETRIC_REPRESENTATION_CONTEXT(3) 
GLOBAL_UNCERTAINTY_ASSIGNED_CONTEXT((#2663)) 
GLOBAL_UNIT_ASSIGNED_CONTEXT((#2660,#2661,#2662)) REPRESENTATION_CONTEXT
('Context #1','3D Context with UNIT and UNCERTAINTY') );
#2660 = ( LENGTH_UNIT() NAMED_UNIT(*) SI_UNIT(.MILLI.,.METRE.) );
#2661 = ( NAMED_UNIT(*) PLANE_ANGLE_UNIT() SI_UNIT($,.RADIAN.) );
#2662 = ( NAMED_UNIT(*) SI_UNIT($,.STERADIAN.) SOLID_ANGLE_UNIT() );
#2663 = UNCERTAINTY_MEASURE_WITH_UNIT(LENGTH_MEASURE(1.E-07),#2660,
  'distance_accuracy_value','confusion accuracy');
#2664 = CONTEXT_DEPENDENT_SHAPE_REPRESENTATION(#2665,#2667);
#2665 = ( REPRESENTATION_RELATIONSHIP('','',#52,#10) 
REPRESENTATION_RELATIONSHIP_WITH_TRANSFORMATION(#2666) 
SHAPE_REPRESENTATION_RELATIONSHIP() );
#2666 = ITEM_DEFINED_TRANSFORMATION('','',#11,#15);
#2667 = PRODUCT_DEFINITION_SHAPE('Placement','Placement of an item',
  #2668);
#2668 = NEXT_ASSEMBLY_USAGE_OCCURRENCE('21',
  'front_bezel_with_display_ledge','',#5,#47,$);
#2669 = PRODUCT_RELATED_PRODUCT_CATEGORY('part',$,(#49));
#2670 = SHAPE_DEFINITION_REPRESENTATION(#2671,#2677);
#2671 = PRODUCT_DEFINITION_SHAPE('','',#2672);
#2672 = PRODUCT_DEFINITION('design','',#2673,#2676);
#2673 = PRODUCT_DEFINITION_FORMATION('','',#2674);
#2674 = PRODUCT('rear_chassis_with_standoffs_and_hinge_stops',
  'rear_chassis_with_standoffs_and_hinge_stops','',(#2675));
#2675 = PRODUCT_CONTEXT('',#2,'mechanical');
#2676 = PRODUCT_DEFINITION_CONTEXT('part definition',#2,'design');
#2677 = SHAPE_REPRESENTATION('',(#11,#2678,#3702,#4726),#11484);
#2678 = MANIFOLD_SOLID_BREP('',#2679);
#2679 = CLOSED_SHELL('',(#2680,#2857,#3145,#3261,#3310,#3359,#3406,#3502
    ,#3511,#3560,#3609,#3636,#3662,#3689,#3695));
#2680 = ADVANCED_FACE('',(#2681),#2695,.F.);
#2681 = FACE_BOUND('',#2682,.F.);
#2682 = EDGE_LOOP('',(#2683,#2718,#2746,#2774,#2802,#2830));
#2683 = ORIENTED_EDGE('',*,*,#2684,.F.);
#2684 = EDGE_CURVE('',#2685,#2687,#2689,.T.);
#2685 = VERTEX_POINT('',#2686);
#2686 = CARTESIAN_POINT('',(60.,30.5,29.));
#2687 = VERTEX_POINT('',#2688);
#2688 = CARTESIAN_POINT('',(60.,32.4,29.));
#2689 = SURFACE_CURVE('',#2690,(#2694,#2706),.PCURVE_S1.);
#2690 = LINE('',#2691,#2692);
#2691 = CARTESIAN_POINT('',(60.,30.5,29.));
#2692 = VECTOR('',#2693,1.);
#2693 = DIRECTION('',(-0.,1.,0.));
#2694 = PCURVE('',#2695,#2700);
#2695 = PLANE('',#2696);
#2696 = AXIS2_PLACEMENT_3D('',#2697,#2698,#2699);
#2697 = CARTESIAN_POINT('',(60.,30.5,24.));
#2698 = DIRECTION('',(1.,0.,-0.));
#2699 = DIRECTION('',(0.,0.,1.));
#2700 = DEFINITIONAL_REPRESENTATION('',(#2701),#2705);
#2701 = LINE('',#2702,#2703);
#2702 = CARTESIAN_POINT('',(5.,0.));
#2703 = VECTOR('',#2704,1.);
#2704 = DIRECTION('',(0.,-1.));
#2705 = ( GEOMETRIC_REPRESENTATION_CONTEXT(2) 
PARAMETRIC_REPRESENTATION_CONTEXT() REPRESENTATION_CONTEXT('2D SPACE',''
  ) );
#2706 = PCURVE('',#2707,#2712);
#2707 = PLANE('',#2708);
#2708 = AXIS2_PLACEMENT_3D('',#2709,#2710,#2711);
#2709 = CARTESIAN_POINT('',(60.,30.5,29.));
#2710 = DIRECTION('',(0.,0.,1.));
#2711 = DIRECTION('',(1.,0.,-0.));
#2712 = DEFINITIONAL_REPRESENTATION('',(#2713),#2717);
#2713 = LINE('',#2714,#2715);
#2714 = CARTESIAN_POINT('',(0.,0.));
#2715 = VECTOR('',#2716,1.);
#2716 = DIRECTION('',(0.,1.));
#2717 = ( GEOMETRIC_REPRESENTATION_CONTEXT(2) 
PARAMETRIC_REPRESENTATION_CONTEXT() REPRESENTATION_CONTEXT('2D SPACE',''
  ) );
#2718 = ORIENTED_EDGE('',*,*,#2719,.F.);
#2719 = EDGE_CURVE('',#2720,#2685,#2722,.T.);
#2720 = VERTEX_POINT('',#2721);
#2721 = CARTESIAN_POINT('',(60.,30.5,24.));
#2722 = SURFACE_CURVE('',#2723,(#2727,#2734),.PCURVE_S1.);
#2723 = LINE('',#2724,#2725);
#2724 = CARTESIAN_POINT('',(60.,30.5,24.));
#2725 = VECTOR('',#2726,1.);
#2726 = DIRECTION('',(0.,0.,1.));
#2727 = PCURVE('',#2695,#2728);
#2728 = DEFINITIONAL_REPRESENTATION('',(#2729),#2733);
#2729 = LINE('',#2730,#2731);
#2730 = CARTESIAN_POINT('',(0.,0.));
#2731 = VECTOR('',#2732,1.);
#2732 = DIRECTION('',(1.,0.));
#2733 = ( GEOMETRIC_REPRESENTATION_CONTEXT(2) 
PARAMETRIC_REPRESENTATION_CONTEXT() REPRESENTATION_CONTEXT('2D SPACE',''
  ) );
#2734 = PCURVE('',#2735,#2740);
#2735 = PLANE('',#2736);
#2736 = AXIS2_PLACEMENT_3D('',#2737,#2738,#2739);
#2737 = CARTESIAN_POINT('',(60.,30.5,24.));
#2738 = DIRECTION('',(-0.,1.,0.));
#2739 = DIRECTION('',(0.,0.,1.));
#2740 = DEFINITIONAL_REPRESENTATION('',(#2741),#2745);
#2741 = LINE('',#2742,#2743);
#2742 = CARTESIAN_POINT('',(0.,0.));
#2743 = VECTOR('',#2744,1.);
#2744 = DIRECTION('',(1.,0.));
#2745 = ( GEOMETRIC_REPRESENTATION_CONTEXT(2) 
PARAMETRIC_REPRESENTATION_CONTEXT() REPRESENTATION_CONTEXT('2D SPACE',''
  ) );
#2746 = ORIENTED_EDGE('',*,*,#2747,.T.);
#2747 = EDGE_CURVE('',#2720,#2748,#2750,.T.);
#2748 = VERTEX_POINT('',#2749);
#2749 = CARTESIAN_POINT('',(60.,39.5,24.));
#2750 = SURFACE_CURVE('',#2751,(#2755,#2762),.PCURVE_S1.);
#2751 = LINE('',#2752,#2753);
#2752 = CARTESIAN_POINT('',(60.,30.5,24.));
#2753 = VECTOR('',#2754,1.);
#2754 = DIRECTION('',(-0.,1.,0.));
#2755 = PCURVE('',#2695,#2756);
#2756 = DEFINITIONAL_REPRESENTATION('',(#2757),#2761);
#2757 = LINE('',#2758,#2759);
#2758 = CARTESIAN_POINT('',(0.,0.));
#2759 = VECTOR('',#2760,1.);
#2760 = DIRECTION('',(0.,-1.));
#2761 = ( GEOMETRIC_REPRESENTATION_CONTEXT(2) 
PARAMETRIC_REPRESENTATION_CONTEXT() REPRESENTATION_CONTEXT('2D SPACE',''
  ) );
#2762 = PCURVE('',#2763,#2768);
#2763 = PLANE('',#2764);
#2764 = AXIS2_PLACEMENT_3D('',#2765,#2766,#2767);
#2765 = CARTESIAN_POINT('',(60.,30.5,24.));
#2766 = DIRECTION('',(0.,0.,1.));
#2767 = DIRECTION('',(1.,0.,-0.));
#2768 = DEFINITIONAL_REPRESENTATION('',(#2769),#2773);
#2769 = LINE('',#2770,#2771);
#2770 = CARTESIAN_POINT('',(0.,0.));
#2771 = VECTOR('',#2772,1.);
#2772 = DIRECTION('',(0.,1.));
#2773 = ( GEOMETRIC_REPRESENTATION_CONTEXT(2) 
PARAMETRIC_REPRESENTATION_CONTEXT() REPRESENTATION_CONTEXT('2D SPACE',''
  ) );
#2774 = ORIENTED_EDGE('',*,*,#2775,.T.);
#2775 = EDGE_CURVE('',#2748,#2776,#2778,.T.);
#2776 = VERTEX_POINT('',#2777);
#2777 = CARTESIAN_POINT('',(60.,39.5,29.));
#2778 = SURFACE_CURVE('',#2779,(#2783,#2790),.PCURVE_S1.);
#2779 = LINE('',#2780,#2781);
#2780 = CARTESIAN_POINT('',(60.,39.5,24.));
#2781 = VECTOR('',#2782,1.);
#2782 = DIRECTION('',(0.,0.,1.));
#2783 = PCURVE('',#2695,#2784);
#2784 = DEFINITIONAL_REPRESENTATION('',(#2785),#2789);
#2785 = LINE('',#2786,#2787);
#2786 = CARTESIAN_POINT('',(0.,-9.));
#2787 = VECTOR('',#2788,1.);
#2788 = DIRECTION('',(1.,0.));
#2789 = ( GEOMETRIC_REPRESENTATION_CONTEXT(2) 
PARAMETRIC_REPRESENTATION_CONTEXT() REPRESENTATION_CONTEXT('2D SPACE',''
  ) );
#2790 = PCURVE('',#2791,#2796);
#2791 = PLANE('',#2792);
#2792 = AXIS2_PLACEMENT_3D('',#2793,#2794,#2795);
#2793 = CARTESIAN_POINT('',(60.,39.5,24.));
#2794 = DIRECTION('',(-0.,1.,0.));
#2795 = DIRECTION('',(0.,0.,1.));
#2796 = DEFINITIONAL_REPRESENTATION('',(#2797),#2801);
#2797 = LINE('',#2798,#2799);
#2798 = CARTESIAN_POINT('',(0.,0.));
#2799 = VECTOR('',#2800,1.);
#2800 = DIRECTION('',(1.,0.));
#2801 = ( GEOMETRIC_REPRESENTATION_CONTEXT(2) 
PARAMETRIC_REPRESENTATION_CONTEXT() REPRESENTATION_CONTEXT('2D SPACE',''
  ) );
#2802 = ORIENTED_EDGE('',*,*,#2803,.F.);
#2803 = EDGE_CURVE('',#2804,#2776,#2806,.T.);
#2804 = VERTEX_POINT('',#2805);
#2805 = CARTESIAN_POINT('',(60.,37.6,29.));
#2806 = SURFACE_CURVE('',#2807,(#2811,#2818),.PCURVE_S1.);
#2807 = LINE('',#2808,#2809);
#2808 = CARTESIAN_POINT('',(60.,30.5,29.));
#2809 = VECTOR('',#2810,1.);
#2810 = DIRECTION('',(-0.,1.,0.));
#2811 = PCURVE('',#2695,#2812);
#2812 = DEFINITIONAL_REPRESENTATION('',(#2813),#2817);
#2813 = LINE('',#2814,#2815);
#2814 = CARTESIAN_POINT('',(5.,0.));
#2815 = VECTOR('',#2816,1.);
#2816 = DIRECTION('',(0.,-1.));
#2817 = ( GEOMETRIC_REPRESENTATION_CONTEXT(2) 
PARAMETRIC_REPRESENTATION_CONTEXT() REPRESENTATION_CONTEXT('2D SPACE',''
  ) );
#2818 = PCURVE('',#2819,#2824);
#2819 = PLANE('',#2820);
#2820 = AXIS2_PLACEMENT_3D('',#2821,#2822,#2823);
#2821 = CARTESIAN_POINT('',(60.,30.5,29.));
#2822 = DIRECTION('',(0.,0.,1.));
#2823 = DIRECTION('',(1.,0.,-0.));
#2824 = DEFINITIONAL_REPRESENTATION('',(#2825),#2829);
#2825 = LINE('',#2826,#2827);
#2826 = CARTESIAN_POINT('',(0.,0.));
#2827 = VECTOR('',#2828,1.);
#2828 = DIRECTION('',(0.,1.));
#2829 = ( GEOMETRIC_REPRESENTATION_CONTEXT(2) 
PARAMETRIC_REPRESENTATION_CONTEXT() REPRESENTATION_CONTEXT('2D SPACE',''
  ) );
#2830 = ORIENTED_EDGE('',*,*,#2831,.F.);
#2831 = EDGE_CURVE('',#2687,#2804,#2832,.T.);
#2832 = SURFACE_CURVE('',#2833,(#2838,#2845),.PCURVE_S1.);
#2833 = CIRCLE('',#2834,2.6);
#2834 = AXIS2_PLACEMENT_3D('',#2835,#2836,#2837);
#2835 = CARTESIAN_POINT('',(60.,35.,29.));
#2836 = DIRECTION('',(1.,0.,0.));
#2837 = DIRECTION('',(0.,-1.,0.));
#2838 = PCURVE('',#2695,#2839);
#2839 = DEFINITIONAL_REPRESENTATION('',(#2840),#2844);
#2840 = CIRCLE('',#2841,2.6);
#2841 = AXIS2_PLACEMENT_2D('',#2842,#2843);
#2842 = CARTESIAN_POINT('',(5.,-4.5));
#2843 = DIRECTION('',(0.,1.));
#2844 = ( GEOMETRIC_REPRESENTATION_CONTEXT(2) 
PARAMETRIC_REPRESENTATION_CONTEXT() REPRESENTATION_CONTEXT('2D SPACE',''
  ) );
#2845 = PCURVE('',#2846,#2851);
#2846 = CYLINDRICAL_SURFACE('',#2847,2.6);
#2847 = AXIS2_PLACEMENT_3D('',#2848,#2849,#2850);
#2848 = CARTESIAN_POINT('',(59.,35.,29.));
#2849 = DIRECTION('',(1.,0.,1.110223024625E-16));
#2850 = DIRECTION('',(1.110223024625E-16,0.,-1.));
#2851 = DEFINITIONAL_REPRESENTATION('',(#2852),#2856);
#2852 = LINE('',#2853,#2854);
#2853 = CARTESIAN_POINT('',(4.712388980385,1.));
#2854 = VECTOR('',#2855,1.);
#2855 = DIRECTION('',(1.,0.));
#2856 = ( GEOMETRIC_REPRESENTATION_CONTEXT(2) 
PARAMETRIC_REPRESENTATION_CONTEXT() REPRESENTATION_CONTEXT('2D SPACE',''
  ) );
#2857 = ADVANCED_FACE('',(#2858),#2707,.T.);
#2858 = FACE_BOUND('',#2859,.T.);
#2859 = EDGE_LOOP('',(#2860,#2861,#2884,#2912,#2940,#2968,#2991,#3019,
    #3041,#3069,#3097,#3125));
#2860 = ORIENTED_EDGE('',*,*,#2684,.F.);
#2861 = ORIENTED_EDGE('',*,*,#2862,.T.);
#2862 = EDGE_CURVE('',#2685,#2863,#2865,.T.);
#2863 = VERTEX_POINT('',#2864);
#2864 = CARTESIAN_POINT('',(61.,30.5,29.));
#2865 = SURFACE_CURVE('',#2866,(#2870,#2877),.PCURVE_S1.);
#2866 = LINE('',#2867,#2868);
#2867 = CARTESIAN_POINT('',(60.,30.5,29.));
#2868 = VECTOR('',#2869,1.);
#2869 = DIRECTION('',(1.,0.,-0.));
#2870 = PCURVE('',#2707,#2871);
#2871 = DEFINITIONAL_REPRESENTATION('',(#2872),#2876);
#2872 = LINE('',#2873,#2874);
#2873 = CARTESIAN_POINT('',(0.,0.));
#2874 = VECTOR('',#2875,1.);
#2875 = DIRECTION('',(1.,0.));
#2876 = ( GEOMETRIC_REPRESENTATION_CONTEXT(2) 
PARAMETRIC_REPRESENTATION_CONTEXT() REPRESENTATION_CONTEXT('2D SPACE',''
  ) );
#2877 = PCURVE('',#2735,#2878);
#2878 = DEFINITIONAL_REPRESENTATION('',(#2879),#2883);
#2879 = LINE('',#2880,#2881);
#2880 = CARTESIAN_POINT('',(5.,0.));
#2881 = VECTOR('',#2882,1.);
#2882 = DIRECTION('',(0.,1.));
#2883 = ( GEOMETRIC_REPRESENTATION_CONTEXT(2) 
PARAMETRIC_REPRESENTATION_CONTEXT() REPRESENTATION_CONTEXT('2D SPACE',''
  ) );
#2884 = ORIENTED_EDGE('',*,*,#2885,.F.);
#2885 = EDGE_CURVE('',#2886,#2863,#2888,.T.);
#2886 = VERTEX_POINT('',#2887);
#2887 = CARTESIAN_POINT('',(61.,25.5,29.));
#2888 = SURFACE_CURVE('',#2889,(#2893,#2900),.PCURVE_S1.);
#2889 = LINE('',#2890,#2891);
#2890 = CARTESIAN_POINT('',(61.,25.5,29.));
#2891 = VECTOR('',#2892,1.);
#2892 = DIRECTION('',(-0.,1.,0.));
#2893 = PCURVE('',#2707,#2894);
#2894 = DEFINITIONAL_REPRESENTATION('',(#2895),#2899);
#2895 = LINE('',#2896,#2897);
#2896 = CARTESIAN_POINT('',(1.,-5.));
#2897 = VECTOR('',#2898,1.);
#2898 = DIRECTION('',(0.,1.));
#2899 = ( GEOMETRIC_REPRESENTATION_CONTEXT(2) 
PARAMETRIC_REPRESENTATION_CONTEXT() REPRESENTATION_CONTEXT('2D SPACE',''
  ) );
#2900 = PCURVE('',#2901,#2906);
#2901 = PLANE('',#2902);
#2902 = AXIS2_PLACEMENT_3D('',#2903,#2904,#2905);
#2903 = CARTESIAN_POINT('',(61.,25.5,27.));
#2904 = DIRECTION('',(1.,0.,-0.));
#2905 = DIRECTION('',(0.,0.,1.));
#2906 = DEFINITIONAL_REPRESENTATION('',(#2907),#2911);
#2907 = LINE('',#2908,#2909);
#2908 = CARTESIAN_POINT('',(2.,0.));
#2909 = VECTOR('',#2910,1.);
#2910 = DIRECTION('',(0.,-1.));
#2911 = ( GEOMETRIC_REPRESENTATION_CONTEXT(2) 
PARAMETRIC_REPRESENTATION_CONTEXT() REPRESENTATION_CONTEXT('2D SPACE',''
  ) );
#2912 = ORIENTED_EDGE('',*,*,#2913,.T.);
#2913 = EDGE_CURVE('',#2886,#2914,#2916,.T.);
#2914 = VERTEX_POINT('',#2915);
#2915 = CARTESIAN_POINT('',(71.,25.5,29.));
#2916 = SURFACE_CURVE('',#2917,(#2921,#2928),.PCURVE_S1.);
#2917 = LINE('',#2918,#2919);
#2918 = CARTESIAN_POINT('',(61.,25.5,29.));
#2919 = VECTOR('',#2920,1.);
#2920 = DIRECTION('',(1.,0.,-0.));
#2921 = PCURVE('',#2707,#2922);
#2922 = DEFINITIONAL_REPRESENTATION('',(#2923),#2927);
#2923 = LINE('',#2924,#2925);
#2924 = CARTESIAN_POINT('',(1.,-5.));
#2925 = VECTOR('',#2926,1.);
#2926 = DIRECTION('',(1.,0.));
#2927 = ( GEOMETRIC_REPRESENTATION_CONTEXT(2) 
PARAMETRIC_REPRESENTATION_CONTEXT() REPRESENTATION_CONTEXT('2D SPACE',''
  ) );
#2928 = PCURVE('',#2929,#2934);
#2929 = PLANE('',#2930);
#2930 = AXIS2_PLACEMENT_3D('',#2931,#2932,#2933);
#2931 = CARTESIAN_POINT('',(61.,25.5,27.));
#2932 = DIRECTION('',(-0.,1.,0.));
#2933 = DIRECTION('',(0.,0.,1.));
#2934 = DEFINITIONAL_REPRESENTATION('',(#2935),#2939);
#2935 = LINE('',#2936,#2937);
#2936 = CARTESIAN_POINT('',(2.,0.));
#2937 = VECTOR('',#2938,1.);
#2938 = DIRECTION('',(0.,1.));
#2939 = ( GEOMETRIC_REPRESENTATION_CONTEXT(2) 
PARAMETRIC_REPRESENTATION_CONTEXT() REPRESENTATION_CONTEXT('2D SPACE',''
  ) );
#2940 = ORIENTED_EDGE('',*,*,#2941,.T.);
#2941 = EDGE_CURVE('',#2914,#2942,#2944,.T.);
#2942 = VERTEX_POINT('',#2943);
#2943 = CARTESIAN_POINT('',(71.,30.5,29.));
#2944 = SURFACE_CURVE('',#2945,(#2949,#2956),.PCURVE_S1.);
#2945 = LINE('',#2946,#2947);
#2946 = CARTESIAN_POINT('',(71.,25.5,29.));
#2947 = VECTOR('',#2948,1.);
#2948 = DIRECTION('',(-0.,1.,0.));
#2949 = PCURVE('',#2707,#2950);
#2950 = DEFINITIONAL_REPRESENTATION('',(#2951),#2955);
#2951 = LINE('',#2952,#2953);
#2952 = CARTESIAN_POINT('',(11.,-5.));
#2953 = VECTOR('',#2954,1.);
#2954 = DIRECTION('',(0.,1.));
#2955 = ( GEOMETRIC_REPRESENTATION_CONTEXT(2) 
PARAMETRIC_REPRESENTATION_CONTEXT() REPRESENTATION_CONTEXT('2D SPACE',''
  ) );
#2956 = PCURVE('',#2957,#2962);
#2957 = PLANE('',#2958);
#2958 = AXIS2_PLACEMENT_3D('',#2959,#2960,#2961);
#2959 = CARTESIAN_POINT('',(71.,25.5,27.));
#2960 = DIRECTION('',(1.,0.,-0.));
#2961 = DIRECTION('',(0.,0.,1.));
#2962 = DEFINITIONAL_REPRESENTATION('',(#2963),#2967);
#2963 = LINE('',#2964,#2965);
#2964 = CARTESIAN_POINT('',(2.,0.));
#2965 = VECTOR('',#2966,1.);
#2966 = DIRECTION('',(0.,-1.));
#2967 = ( GEOMETRIC_REPRESENTATION_CONTEXT(2) 
PARAMETRIC_REPRESENTATION_CONTEXT() REPRESENTATION_CONTEXT('2D SPACE',''
  ) );
#2968 = ORIENTED_EDGE('',*,*,#2969,.T.);
#2969 = EDGE_CURVE('',#2942,#2970,#2972,.T.);
#2970 = VERTEX_POINT('',#2971);
#2971 = CARTESIAN_POINT('',(72.,30.5,29.));
#2972 = SURFACE_CURVE('',#2973,(#2977,#2984),.PCURVE_S1.);
#2973 = LINE('',#2974,#2975);
#2974 = CARTESIAN_POINT('',(60.,30.5,29.));
#2975 = VECTOR('',#2976,1.);
#2976 = DIRECTION('',(1.,0.,-0.));
#2977 = PCURVE('',#2707,#2978);
#2978 = DEFINITIONAL_REPRESENTATION('',(#2979),#2983);
#2979 = LINE('',#2980,#2981);
#2980 = CARTESIAN_POINT('',(0.,0.));
#2981 = VECTOR('',#2982,1.);
#2982 = DIRECTION('',(1.,0.));
#2983 = ( GEOMETRIC_REPRESENTATION_CONTEXT(2) 
PARAMETRIC_REPRESENTATION_CONTEXT() REPRESENTATION_CONTEXT('2D SPACE',''
  ) );
#2984 = PCURVE('',#2735,#2985);
#2985 = DEFINITIONAL_REPRESENTATION('',(#2986),#2990);
#2986 = LINE('',#2987,#2988);
#2987 = CARTESIAN_POINT('',(5.,0.));
#2988 = VECTOR('',#2989,1.);
#2989 = DIRECTION('',(0.,1.));
#2990 = ( GEOMETRIC_REPRESENTATION_CONTEXT(2) 
PARAMETRIC_REPRESENTATION_CONTEXT() REPRESENTATION_CONTEXT('2D SPACE',''
  ) );
#2991 = ORIENTED_EDGE('',*,*,#2992,.T.);
#2992 = EDGE_CURVE('',#2970,#2993,#2995,.T.);
#2993 = VERTEX_POINT('',#2994);
#2994 = CARTESIAN_POINT('',(72.,32.4,29.));
#2995 = SURFACE_CURVE('',#2996,(#3000,#3007),.PCURVE_S1.);
#2996 = LINE('',#2997,#2998);
#2997 = CARTESIAN_POINT('',(72.,30.5,29.));
#2998 = VECTOR('',#2999,1.);
#2999 = DIRECTION('',(-0.,1.,0.));
#3000 = PCURVE('',#2707,#3001);
#3001 = DEFINITIONAL_REPRESENTATION('',(#3002),#3006);
#3002 = LINE('',#3003,#3004);
#3003 = CARTESIAN_POINT('',(12.,0.));
#3004 = VECTOR('',#3005,1.);
#3005 = DIRECTION('',(0.,1.));
#3006 = ( GEOMETRIC_REPRESENTATION_CONTEXT(2) 
PARAMETRIC_REPRESENTATION_CONTEXT() REPRESENTATION_CONTEXT('2D SPACE',''
  ) );
#3007 = PCURVE('',#3008,#3013);
#3008 = PLANE('',#3009);
#3009 = AXIS2_PLACEMENT_3D('',#3010,#3011,#3012);
#3010 = CARTESIAN_POINT('',(72.,30.5,24.));
#3011 = DIRECTION('',(1.,0.,-0.));
#3012 = DIRECTION('',(0.,0.,1.));
#3013 = DEFINITIONAL_REPRESENTATION('',(#3014),#3018);
#3014 = LINE('',#3015,#3016);
#3015 = CARTESIAN_POINT('',(5.,0.));
#3016 = VECTOR('',#3017,1.);
#3017 = DIRECTION('',(0.,-1.));
#3018 = ( GEOMETRIC_REPRESENTATION_CONTEXT(2) 
PARAMETRIC_REPRESENTATION_CONTEXT() REPRESENTATION_CONTEXT('2D SPACE',''
  ) );
#3019 = ORIENTED_EDGE('',*,*,#3020,.F.);
#3020 = EDGE_CURVE('',#3021,#2993,#3023,.T.);
#3021 = VERTEX_POINT('',#3022);
#3022 = CARTESIAN_POINT('',(71.,32.4,29.));
#3023 = SURFACE_CURVE('',#3024,(#3028,#3035),.PCURVE_S1.);
#3024 = LINE('',#3025,#3026);
#3025 = CARTESIAN_POINT('',(59.,32.4,29.));
#3026 = VECTOR('',#3027,1.);
#3027 = DIRECTION('',(1.,0.,1.110223024625E-16));
#3028 = PCURVE('',#2707,#3029);
#3029 = DEFINITIONAL_REPRESENTATION('',(#3030),#3034);
#3030 = LINE('',#3031,#3032);
#3031 = CARTESIAN_POINT('',(-1.,1.9));
#3032 = VECTOR('',#3033,1.);
#3033 = DIRECTION('',(1.,0.));
#3034 = ( GEOMETRIC_REPRESENTATION_CONTEXT(2) 
PARAMETRIC_REPRESENTATION_CONTEXT() REPRESENTATION_CONTEXT('2D SPACE',''
  ) );
#3035 = PCURVE('',#2846,#3036);
#3036 = DEFINITIONAL_REPRESENTATION('',(#3037),#3040);
#3037 = B_SPLINE_CURVE_WITH_KNOTS('',1,(#3038,#3039),.UNSPECIFIED.,.F.,
  .F.,(2,2),(1.,13.),.PIECEWISE_BEZIER_KNOTS.);
#3038 = CARTESIAN_POINT('',(4.712388980385,1.));
#3039 = CARTESIAN_POINT('',(4.712388980385,13.));
#3040 = ( GEOMETRIC_REPRESENTATION_CONTEXT(2) 
PARAMETRIC_REPRESENTATION_CONTEXT() REPRESENTATION_CONTEXT('2D SPACE',''
  ) );
#3041 = ORIENTED_EDGE('',*,*,#3042,.T.);
#3042 = EDGE_CURVE('',#3021,#3043,#3045,.T.);
#3043 = VERTEX_POINT('',#3044);
#3044 = CARTESIAN_POINT('',(71.,32.5,29.));
#3045 = SURFACE_CURVE('',#3046,(#3050,#3057),.PCURVE_S1.);
#3046 = LINE('',#3047,#3048);
#3047 = CARTESIAN_POINT('',(71.,25.5,29.));
#3048 = VECTOR('',#3049,1.);
#3049 = DIRECTION('',(-0.,1.,0.));
#3050 = PCURVE('',#2707,#3051);
#3051 = DEFINITIONAL_REPRESENTATION('',(#3052),#3056);
#3052 = LINE('',#3053,#3054);
#3053 = CARTESIAN_POINT('',(11.,-5.));
#3054 = VECTOR('',#3055,1.);
#3055 = DIRECTION('',(0.,1.));
#3056 = ( GEOMETRIC_REPRESENTATION_CONTEXT(2) 
PARAMETRIC_REPRESENTATION_CONTEXT() REPRESENTATION_CONTEXT('2D SPACE',''
  ) );
#3057 = PCURVE('',#3058,#3063);
#3058 = PLANE('',#3059);
#3059 = AXIS2_PLACEMENT_3D('',#3060,#3061,#3062);
#3060 = CARTESIAN_POINT('',(71.,25.5,27.));
#3061 = DIRECTION('',(1.,0.,-0.));
#3062 = DIRECTION('',(0.,0.,1.));
#3063 = DEFINITIONAL_REPRESENTATION('',(#3064),#3068);
#3064 = LINE('',#3065,#3066);
#3065 = CARTESIAN_POINT('',(2.,0.));
#3066 = VECTOR('',#3067,1.);
#3067 = DIRECTION('',(0.,-1.));
#3068 = ( GEOMETRIC_REPRESENTATION_CONTEXT(2) 
PARAMETRIC_REPRESENTATION_CONTEXT() REPRESENTATION_CONTEXT('2D SPACE',''
  ) );
#3069 = ORIENTED_EDGE('',*,*,#3070,.F.);
#3070 = EDGE_CURVE('',#3071,#3043,#3073,.T.);
#3071 = VERTEX_POINT('',#3072);
#3072 = CARTESIAN_POINT('',(61.,32.5,29.));
#3073 = SURFACE_CURVE('',#3074,(#3078,#3085),.PCURVE_S1.);
#3074 = LINE('',#3075,#3076);
#3075 = CARTESIAN_POINT('',(61.,32.5,29.));
#3076 = VECTOR('',#3077,1.);
#3077 = DIRECTION('',(1.,0.,-0.));
#3078 = PCURVE('',#2707,#3079);
#3079 = DEFINITIONAL_REPRESENTATION('',(#3080),#3084);
#3080 = LINE('',#3081,#3082);
#3081 = CARTESIAN_POINT('',(1.,2.));
#3082 = VECTOR('',#3083,1.);
#3083 = DIRECTION('',(1.,0.));
#3084 = ( GEOMETRIC_REPRESENTATION_CONTEXT(2) 
PARAMETRIC_REPRESENTATION_CONTEXT() REPRESENTATION_CONTEXT('2D SPACE',''
  ) );
#3085 = PCURVE('',#3086,#3091);
#3086 = PLANE('',#3087);
#3087 = AXIS2_PLACEMENT_3D('',#3088,#3089,#3090);
#3088 = CARTESIAN_POINT('',(61.,32.5,27.));
#3089 = DIRECTION('',(-0.,1.,0.));
#3090 = DIRECTION('',(0.,0.,1.));
#3091 = DEFINITIONAL_REPRESENTATION('',(#3092),#3096);
#3092 = LINE('',#3093,#3094);
#3093 = CARTESIAN_POINT('',(2.,0.));
#3094 = VECTOR('',#3095,1.);
#3095 = DIRECTION('',(0.,1.));
#3096 = ( GEOMETRIC_REPRESENTATION_CONTEXT(2) 
PARAMETRIC_REPRESENTATION_CONTEXT() REPRESENTATION_CONTEXT('2D SPACE',''
  ) );
#3097 = ORIENTED_EDGE('',*,*,#3098,.F.);
#3098 = EDGE_CURVE('',#3099,#3071,#3101,.T.);
#3099 = VERTEX_POINT('',#3100);
#3100 = CARTESIAN_POINT('',(61.,32.4,29.));
#3101 = SURFACE_CURVE('',#3102,(#3106,#3113),.PCURVE_S1.);
#3102 = LINE('',#3103,#3104);
#3103 = CARTESIAN_POINT('',(61.,25.5,29.));
#3104 = VECTOR('',#3105,1.);
#3105 = DIRECTION('',(-0.,1.,0.));
#3106 = PCURVE('',#2707,#3107);
#3107 = DEFINITIONAL_REPRESENTATION('',(#3108),#3112);
#3108 = LINE('',#3109,#3110);
#3109 = CARTESIAN_POINT('',(1.,-5.));
#3110 = VECTOR('',#3111,1.);
#3111 = DIRECTION('',(0.,1.));
#3112 = ( GEOMETRIC_REPRESENTATION_CONTEXT(2) 
PARAMETRIC_REPRESENTATION_CONTEXT() REPRESENTATION_CONTEXT('2D SPACE',''
  ) );
#3113 = PCURVE('',#3114,#3119);
#3114 = PLANE('',#3115);
#3115 = AXIS2_PLACEMENT_3D('',#3116,#3117,#3118);
#3116 = CARTESIAN_POINT('',(61.,25.5,27.));
#3117 = DIRECTION('',(1.,0.,-0.));
#3118 = DIRECTION('',(0.,0.,1.));
#3119 = DEFINITIONAL_REPRESENTATION('',(#3120),#3124);
#3120 = LINE('',#3121,#3122);
#3121 = CARTESIAN_POINT('',(2.,0.));
#3122 = VECTOR('',#3123,1.);
#3123 = DIRECTION('',(0.,-1.));
#3124 = ( GEOMETRIC_REPRESENTATION_CONTEXT(2) 
PARAMETRIC_REPRESENTATION_CONTEXT() REPRESENTATION_CONTEXT('2D SPACE',''
  ) );
#3125 = ORIENTED_EDGE('',*,*,#3126,.F.);
#3126 = EDGE_CURVE('',#2687,#3099,#3127,.T.);
#3127 = SURFACE_CURVE('',#3128,(#3132,#3139),.PCURVE_S1.);
#3128 = LINE('',#3129,#3130);
#3129 = CARTESIAN_POINT('',(59.,32.4,29.));
#3130 = VECTOR('',#3131,1.);
#3131 = DIRECTION('',(1.,0.,1.110223024625E-16));
#3132 = PCURVE('',#2707,#3133);
#3133 = DEFINITIONAL_REPRESENTATION('',(#3134),#3138);
#3134 = LINE('',#3135,#3136);
#3135 = CARTESIAN_POINT('',(-1.,1.9));
#3136 = VECTOR('',#3137,1.);
#3137 = DIRECTION('',(1.,0.));
#3138 = ( GEOMETRIC_REPRESENTATION_CONTEXT(2) 
PARAMETRIC_REPRESENTATION_CONTEXT() REPRESENTATION_CONTEXT('2D SPACE',''
  ) );
#3139 = PCURVE('',#2846,#3140);
#3140 = DEFINITIONAL_REPRESENTATION('',(#3141),#3144);
#3141 = B_SPLINE_CURVE_WITH_KNOTS('',1,(#3142,#3143),.UNSPECIFIED.,.F.,
  .F.,(2,2),(1.,13.),.PIECEWISE_BEZIER_KNOTS.);
#3142 = CARTESIAN_POINT('',(4.712388980385,1.));
#3143 = CARTESIAN_POINT('',(4.712388980385,13.));
#3144 = ( GEOMETRIC_REPRESENTATION_CONTEXT(2) 
PARAMETRIC_REPRESENTATION_CONTEXT() REPRESENTATION_CONTEXT('2D SPACE',''
  ) );
#3145 = ADVANCED_FACE('',(#3146),#2735,.F.);
#3146 = FACE_BOUND('',#3147,.F.);
#3147 = EDGE_LOOP('',(#3148,#3171,#3192,#3193,#3194,#3215,#3241,#3260));
#3148 = ORIENTED_EDGE('',*,*,#3149,.F.);
#3149 = EDGE_CURVE('',#3150,#2970,#3152,.T.);
#3150 = VERTEX_POINT('',#3151);
#3151 = CARTESIAN_POINT('',(72.,30.5,24.));
#3152 = SURFACE_CURVE('',#3153,(#3157,#3164),.PCURVE_S1.);
#3153 = LINE('',#3154,#3155);
#3154 = CARTESIAN_POINT('',(72.,30.5,24.));
#3155 = VECTOR('',#3156,1.);
#3156 = DIRECTION('',(0.,0.,1.));
#3157 = PCURVE('',#2735,#3158);
#3158 = DEFINITIONAL_REPRESENTATION('',(#3159),#3163);
#3159 = LINE('',#3160,#3161);
#3160 = CARTESIAN_POINT('',(0.,12.));
#3161 = VECTOR('',#3162,1.);
#3162 = DIRECTION('',(1.,0.));
#3163 = ( GEOMETRIC_REPRESENTATION_CONTEXT(2) 
PARAMETRIC_REPRESENTATION_CONTEXT() REPRESENTATION_CONTEXT('2D SPACE',''
  ) );
#3164 = PCURVE('',#3008,#3165);
#3165 = DEFINITIONAL_REPRESENTATION('',(#3166),#3170);
#3166 = LINE('',#3167,#3168);
#3167 = CARTESIAN_POINT('',(0.,0.));
#3168 = VECTOR('',#3169,1.);
#3169 = DIRECTION('',(1.,0.));
#3170 = ( GEOMETRIC_REPRESENTATION_CONTEXT(2) 
PARAMETRIC_REPRESENTATION_CONTEXT() REPRESENTATION_CONTEXT('2D SPACE',''
  ) );
#3171 = ORIENTED_EDGE('',*,*,#3172,.F.);
#3172 = EDGE_CURVE('',#2720,#3150,#3173,.T.);
#3173 = SURFACE_CURVE('',#3174,(#3178,#3185),.PCURVE_S1.);
#3174 = LINE('',#3175,#3176);
#3175 = CARTESIAN_POINT('',(60.,30.5,24.));
#3176 = VECTOR('',#3177,1.);
#3177 = DIRECTION('',(1.,0.,-0.));
#3178 = PCURVE('',#2735,#3179);
#3179 = DEFINITIONAL_REPRESENTATION('',(#3180),#3184);
#3180 = LINE('',#3181,#3182);
#3181 = CARTESIAN_POINT('',(0.,0.));
#3182 = VECTOR('',#3183,1.);
#3183 = DIRECTION('',(0.,1.));
#3184 = ( GEOMETRIC_REPRESENTATION_CONTEXT(2) 
PARAMETRIC_REPRESENTATION_CONTEXT() REPRESENTATION_CONTEXT('2D SPACE',''
  ) );
#3185 = PCURVE('',#2763,#3186);
#3186 = DEFINITIONAL_REPRESENTATION('',(#3187),#3191);
#3187 = LINE('',#3188,#3189);
#3188 = CARTESIAN_POINT('',(0.,0.));
#3189 = VECTOR('',#3190,1.);
#3190 = DIRECTION('',(1.,0.));
#3191 = ( GEOMETRIC_REPRESENTATION_CONTEXT(2) 
PARAMETRIC_REPRESENTATION_CONTEXT() REPRESENTATION_CONTEXT('2D SPACE',''
  ) );
#3192 = ORIENTED_EDGE('',*,*,#2719,.T.);
#3193 = ORIENTED_EDGE('',*,*,#2862,.T.);
#3194 = ORIENTED_EDGE('',*,*,#3195,.T.);
#3195 = EDGE_CURVE('',#2863,#3196,#3198,.T.);
#3196 = VERTEX_POINT('',#3197);
#3197 = CARTESIAN_POINT('',(61.,30.5,27.));
#3198 = SURFACE_CURVE('',#3199,(#3203,#3209),.PCURVE_S1.);
#3199 = LINE('',#3200,#3201);
#3200 = CARTESIAN_POINT('',(61.,30.5,25.5));
#3201 = VECTOR('',#3202,1.);
#3202 = DIRECTION('',(-0.,0.,-1.));
#3203 = PCURVE('',#2735,#3204);
#3204 = DEFINITIONAL_REPRESENTATION('',(#3205),#3208);
#3205 = B_SPLINE_CURVE_WITH_KNOTS('',1,(#3206,#3207),.UNSPECIFIED.,.F.,
  .F.,(2,2),(-3.5,-1.5),.PIECEWISE_BEZIER_KNOTS.);
#3206 = CARTESIAN_POINT('',(5.,1.));
#3207 = CARTESIAN_POINT('',(3.,1.));
#3208 = ( GEOMETRIC_REPRESENTATION_CONTEXT(2) 
PARAMETRIC_REPRESENTATION_CONTEXT() REPRESENTATION_CONTEXT('2D SPACE',''
  ) );
#3209 = PCURVE('',#2901,#3210);
#3210 = DEFINITIONAL_REPRESENTATION('',(#3211),#3214);
#3211 = B_SPLINE_CURVE_WITH_KNOTS('',1,(#3212,#3213),.UNSPECIFIED.,.F.,
  .F.,(2,2),(-3.5,-1.5),.PIECEWISE_BEZIER_KNOTS.);
#3212 = CARTESIAN_POINT('',(2.,-5.));
#3213 = CARTESIAN_POINT('',(0.,-5.));
#3214 = ( GEOMETRIC_REPRESENTATION_CONTEXT(2) 
PARAMETRIC_REPRESENTATION_CONTEXT() REPRESENTATION_CONTEXT('2D SPACE',''
  ) );
#3215 = ORIENTED_EDGE('',*,*,#3216,.T.);
#3216 = EDGE_CURVE('',#3196,#3217,#3219,.T.);
#3217 = VERTEX_POINT('',#3218);
#3218 = CARTESIAN_POINT('',(71.,30.5,27.));
#3219 = SURFACE_CURVE('',#3220,(#3224,#3230),.PCURVE_S1.);
#3220 = LINE('',#3221,#3222);
#3221 = CARTESIAN_POINT('',(60.5,30.5,27.));
#3222 = VECTOR('',#3223,1.);
#3223 = DIRECTION('',(1.,0.,-0.));
#3224 = PCURVE('',#2735,#3225);
#3225 = DEFINITIONAL_REPRESENTATION('',(#3226),#3229);
#3226 = B_SPLINE_CURVE_WITH_KNOTS('',1,(#3227,#3228),.UNSPECIFIED.,.F.,
  .F.,(2,2),(0.5,10.5),.PIECEWISE_BEZIER_KNOTS.);
#3227 = CARTESIAN_POINT('',(3.,1.));
#3228 = CARTESIAN_POINT('',(3.,11.));
#3229 = ( GEOMETRIC_REPRESENTATION_CONTEXT(2) 
PARAMETRIC_REPRESENTATION_CONTEXT() REPRESENTATION_CONTEXT('2D SPACE',''
  ) );
#3230 = PCURVE('',#3231,#3236);
#3231 = PLANE('',#3232);
#3232 = AXIS2_PLACEMENT_3D('',#3233,#3234,#3235);
#3233 = CARTESIAN_POINT('',(61.,25.5,27.));
#3234 = DIRECTION('',(0.,0.,1.));
#3235 = DIRECTION('',(1.,0.,-0.));
#3236 = DEFINITIONAL_REPRESENTATION('',(#3237),#3240);
#3237 = B_SPLINE_CURVE_WITH_KNOTS('',1,(#3238,#3239),.UNSPECIFIED.,.F.,
  .F.,(2,2),(0.5,10.5),.PIECEWISE_BEZIER_KNOTS.);
#3238 = CARTESIAN_POINT('',(0.,5.));
#3239 = CARTESIAN_POINT('',(10.,5.));
#3240 = ( GEOMETRIC_REPRESENTATION_CONTEXT(2) 
PARAMETRIC_REPRESENTATION_CONTEXT() REPRESENTATION_CONTEXT('2D SPACE',''
  ) );
#3241 = ORIENTED_EDGE('',*,*,#3242,.F.);
#3242 = EDGE_CURVE('',#2942,#3217,#3243,.T.);
#3243 = SURFACE_CURVE('',#3244,(#3248,#3254),.PCURVE_S1.);
#3244 = LINE('',#3245,#3246);
#3245 = CARTESIAN_POINT('',(71.,30.5,25.5));
#3246 = VECTOR('',#3247,1.);
#3247 = DIRECTION('',(-0.,0.,-1.));
#3248 = PCURVE('',#2735,#3249);
#3249 = DEFINITIONAL_REPRESENTATION('',(#3250),#3253);
#3250 = B_SPLINE_CURVE_WITH_KNOTS('',1,(#3251,#3252),.UNSPECIFIED.,.F.,
  .F.,(2,2),(-3.5,-1.5),.PIECEWISE_BEZIER_KNOTS.);
#3251 = CARTESIAN_POINT('',(5.,11.));
#3252 = CARTESIAN_POINT('',(3.,11.));
#3253 = ( GEOMETRIC_REPRESENTATION_CONTEXT(2) 
PARAMETRIC_REPRESENTATION_CONTEXT() REPRESENTATION_CONTEXT('2D SPACE',''
  ) );
#3254 = PCURVE('',#2957,#3255);
#3255 = DEFINITIONAL_REPRESENTATION('',(#3256),#3259);
#3256 = B_SPLINE_CURVE_WITH_KNOTS('',1,(#3257,#3258),.UNSPECIFIED.,.F.,
  .F.,(2,2),(-3.5,-1.5),.PIECEWISE_BEZIER_KNOTS.);
#3257 = CARTESIAN_POINT('',(2.,-5.));
#3258 = CARTESIAN_POINT('',(0.,-5.));
#3259 = ( GEOMETRIC_REPRESENTATION_CONTEXT(2) 
PARAMETRIC_REPRESENTATION_CONTEXT() REPRESENTATION_CONTEXT('2D SPACE',''
  ) );
#3260 = ORIENTED_EDGE('',*,*,#2969,.T.);
#3261 = ADVANCED_FACE('',(#3262),#2763,.F.);
#3262 = FACE_BOUND('',#3263,.F.);
#3263 = EDGE_LOOP('',(#3264,#3265,#3266,#3289));
#3264 = ORIENTED_EDGE('',*,*,#2747,.F.);
#3265 = ORIENTED_EDGE('',*,*,#3172,.T.);
#3266 = ORIENTED_EDGE('',*,*,#3267,.T.);
#3267 = EDGE_CURVE('',#3150,#3268,#3270,.T.);
#3268 = VERTEX_POINT('',#3269);
#3269 = CARTESIAN_POINT('',(72.,39.5,24.));
#3270 = SURFACE_CURVE('',#3271,(#3275,#3282),.PCURVE_S1.);
#3271 = LINE('',#3272,#3273);
#3272 = CARTESIAN_POINT('',(72.,30.5,24.));
#3273 = VECTOR('',#3274,1.);
#3274 = DIRECTION('',(-0.,1.,0.));
#3275 = PCURVE('',#2763,#3276);
#3276 = DEFINITIONAL_REPRESENTATION('',(#3277),#3281);
#3277 = LINE('',#3278,#3279);
#3278 = CARTESIAN_POINT('',(12.,0.));
#3279 = VECTOR('',#3280,1.);
#3280 = DIRECTION('',(0.,1.));
#3281 = ( GEOMETRIC_REPRESENTATION_CONTEXT(2) 
PARAMETRIC_REPRESENTATION_CONTEXT() REPRESENTATION_CONTEXT('2D SPACE',''
  ) );
#3282 = PCURVE('',#3008,#3283);
#3283 = DEFINITIONAL_REPRESENTATION('',(#3284),#3288);
#3284 = LINE('',#3285,#3286);
#3285 = CARTESIAN_POINT('',(0.,0.));
#3286 = VECTOR('',#3287,1.);
#3287 = DIRECTION('',(0.,-1.));
#3288 = ( GEOMETRIC_REPRESENTATION_CONTEXT(2) 
PARAMETRIC_REPRESENTATION_CONTEXT() REPRESENTATION_CONTEXT('2D SPACE',''
  ) );
#3289 = ORIENTED_EDGE('',*,*,#3290,.F.);
#3290 = EDGE_CURVE('',#2748,#3268,#3291,.T.);
#3291 = SURFACE_CURVE('',#3292,(#3296,#3303),.PCURVE_S1.);
#3292 = LINE('',#3293,#3294);
#3293 = CARTESIAN_POINT('',(60.,39.5,24.));
#3294 = VECTOR('',#3295,1.);
#3295 = DIRECTION('',(1.,0.,-0.));
#3296 = PCURVE('',#2763,#3297);
#3297 = DEFINITIONAL_REPRESENTATION('',(#3298),#3302);
#3298 = LINE('',#3299,#3300);
#3299 = CARTESIAN_POINT('',(0.,9.));
#3300 = VECTOR('',#3301,1.);
#3301 = DIRECTION('',(1.,0.));
#3302 = ( GEOMETRIC_REPRESENTATION_CONTEXT(2) 
PARAMETRIC_REPRESENTATION_CONTEXT() REPRESENTATION_CONTEXT('2D SPACE',''
  ) );
#3303 = PCURVE('',#2791,#3304);
#3304 = DEFINITIONAL_REPRESENTATION('',(#3305),#3309);
#3305 = LINE('',#3306,#3307);
#3306 = CARTESIAN_POINT('',(0.,0.));
#3307 = VECTOR('',#3308,1.);
#3308 = DIRECTION('',(0.,1.));
#3309 = ( GEOMETRIC_REPRESENTATION_CONTEXT(2) 
PARAMETRIC_REPRESENTATION_CONTEXT() REPRESENTATION_CONTEXT('2D SPACE',''
  ) );
#3310 = ADVANCED_FACE('',(#3311),#2791,.T.);
#3311 = FACE_BOUND('',#3312,.T.);
#3312 = EDGE_LOOP('',(#3313,#3314,#3315,#3338));
#3313 = ORIENTED_EDGE('',*,*,#3290,.F.);
#3314 = ORIENTED_EDGE('',*,*,#2775,.T.);
#3315 = ORIENTED_EDGE('',*,*,#3316,.T.);
#3316 = EDGE_CURVE('',#2776,#3317,#3319,.T.);
#3317 = VERTEX_POINT('',#3318);
#3318 = CARTESIAN_POINT('',(72.,39.5,29.));
#3319 = SURFACE_CURVE('',#3320,(#3324,#3331),.PCURVE_S1.);
#3320 = LINE('',#3321,#3322);
#3321 = CARTESIAN_POINT('',(60.,39.5,29.));
#3322 = VECTOR('',#3323,1.);
#3323 = DIRECTION('',(1.,0.,-0.));
#3324 = PCURVE('',#2791,#3325);
#3325 = DEFINITIONAL_REPRESENTATION('',(#3326),#3330);
#3326 = LINE('',#3327,#3328);
#3327 = CARTESIAN_POINT('',(5.,0.));
#3328 = VECTOR('',#3329,1.);
#3329 = DIRECTION('',(0.,1.));
#3330 = ( GEOMETRIC_REPRESENTATION_CONTEXT(2) 
PARAMETRIC_REPRESENTATION_CONTEXT() REPRESENTATION_CONTEXT('2D SPACE',''
  ) );
#3331 = PCURVE('',#2819,#3332);
#3332 = DEFINITIONAL_REPRESENTATION('',(#3333),#3337);
#3333 = LINE('',#3334,#3335);
#3334 = CARTESIAN_POINT('',(0.,9.));
#3335 = VECTOR('',#3336,1.);
#3336 = DIRECTION('',(1.,0.));
#3337 = ( GEOMETRIC_REPRESENTATION_CONTEXT(2) 
PARAMETRIC_REPRESENTATION_CONTEXT() REPRESENTATION_CONTEXT('2D SPACE',''
  ) );
#3338 = ORIENTED_EDGE('',*,*,#3339,.F.);
#3339 = EDGE_CURVE('',#3268,#3317,#3340,.T.);
#3340 = SURFACE_CURVE('',#3341,(#3345,#3352),.PCURVE_S1.);
#3341 = LINE('',#3342,#3343);
#3342 = CARTESIAN_POINT('',(72.,39.5,24.));
#3343 = VECTOR('',#3344,1.);
#3344 = DIRECTION('',(0.,0.,1.));
#3345 = PCURVE('',#2791,#3346);
#3346 = DEFINITIONAL_REPRESENTATION('',(#3347),#3351);
#3347 = LINE('',#3348,#3349);
#3348 = CARTESIAN_POINT('',(0.,12.));
#3349 = VECTOR('',#3350,1.);
#3350 = DIRECTION('',(1.,0.));
#3351 = ( GEOMETRIC_REPRESENTATION_CONTEXT(2) 
PARAMETRIC_REPRESENTATION_CONTEXT() REPRESENTATION_CONTEXT('2D SPACE',''
  ) );
#3352 = PCURVE('',#3008,#3353);
#3353 = DEFINITIONAL_REPRESENTATION('',(#3354),#3358);
#3354 = LINE('',#3355,#3356);
#3355 = CARTESIAN_POINT('',(0.,-9.));
#3356 = VECTOR('',#3357,1.);
#3357 = DIRECTION('',(1.,0.));
#3358 = ( GEOMETRIC_REPRESENTATION_CONTEXT(2) 
PARAMETRIC_REPRESENTATION_CONTEXT() REPRESENTATION_CONTEXT('2D SPACE',''
  ) );
#3359 = ADVANCED_FACE('',(#3360),#2819,.T.);
#3360 = FACE_BOUND('',#3361,.T.);
#3361 = EDGE_LOOP('',(#3362,#3363,#3384,#3405));
#3362 = ORIENTED_EDGE('',*,*,#2803,.F.);
#3363 = ORIENTED_EDGE('',*,*,#3364,.T.);
#3364 = EDGE_CURVE('',#2804,#3365,#3367,.T.);
#3365 = VERTEX_POINT('',#3366);
#3366 = CARTESIAN_POINT('',(72.,37.6,29.));
#3367 = SURFACE_CURVE('',#3368,(#3372,#3378),.PCURVE_S1.);
#3368 = LINE('',#3369,#3370);
#3369 = CARTESIAN_POINT('',(59.,37.6,29.));
#3370 = VECTOR('',#3371,1.);
#3371 = DIRECTION('',(1.,0.,1.110223024625E-16));
#3372 = PCURVE('',#2819,#3373);
#3373 = DEFINITIONAL_REPRESENTATION('',(#3374),#3377);
#3374 = B_SPLINE_CURVE_WITH_KNOTS('',1,(#3375,#3376),.UNSPECIFIED.,.F.,
  .F.,(2,2),(-5.999999999062E-07,14.0000006),.PIECEWISE_BEZIER_KNOTS.);
#3375 = CARTESIAN_POINT('',(-1.0000006,7.1));
#3376 = CARTESIAN_POINT('',(13.0000006,7.1));
#3377 = ( GEOMETRIC_REPRESENTATION_CONTEXT(2) 
PARAMETRIC_REPRESENTATION_CONTEXT() REPRESENTATION_CONTEXT('2D SPACE',''
  ) );
#3378 = PCURVE('',#2846,#3379);
#3379 = DEFINITIONAL_REPRESENTATION('',(#3380),#3383);
#3380 = B_SPLINE_CURVE_WITH_KNOTS('',1,(#3381,#3382),.UNSPECIFIED.,.F.,
  .F.,(2,2),(1.,13.),.PIECEWISE_BEZIER_KNOTS.);
#3381 = CARTESIAN_POINT('',(7.853981633974,1.));
#3382 = CARTESIAN_POINT('',(7.853981633974,13.));
#3383 = ( GEOMETRIC_REPRESENTATION_CONTEXT(2) 
PARAMETRIC_REPRESENTATION_CONTEXT() REPRESENTATION_CONTEXT('2D SPACE',''
  ) );
#3384 = ORIENTED_EDGE('',*,*,#3385,.T.);
#3385 = EDGE_CURVE('',#3365,#3317,#3386,.T.);
#3386 = SURFACE_CURVE('',#3387,(#3391,#3398),.PCURVE_S1.);
#3387 = LINE('',#3388,#3389);
#3388 = CARTESIAN_POINT('',(72.,30.5,29.));
#3389 = VECTOR('',#3390,1.);
#3390 = DIRECTION('',(-0.,1.,0.));
#3391 = PCURVE('',#2819,#3392);
#3392 = DEFINITIONAL_REPRESENTATION('',(#3393),#3397);
#3393 = LINE('',#3394,#3395);
#3394 = CARTESIAN_POINT('',(12.,0.));
#3395 = VECTOR('',#3396,1.);
#3396 = DIRECTION('',(0.,1.));
#3397 = ( GEOMETRIC_REPRESENTATION_CONTEXT(2) 
PARAMETRIC_REPRESENTATION_CONTEXT() REPRESENTATION_CONTEXT('2D SPACE',''
  ) );
#3398 = PCURVE('',#3008,#3399);
#3399 = DEFINITIONAL_REPRESENTATION('',(#3400),#3404);
#3400 = LINE('',#3401,#3402);
#3401 = CARTESIAN_POINT('',(5.,0.));
#3402 = VECTOR('',#3403,1.);
#3403 = DIRECTION('',(0.,-1.));
#3404 = ( GEOMETRIC_REPRESENTATION_CONTEXT(2) 
PARAMETRIC_REPRESENTATION_CONTEXT() REPRESENTATION_CONTEXT('2D SPACE',''
  ) );
#3405 = ORIENTED_EDGE('',*,*,#3316,.F.);
#3406 = ADVANCED_FACE('',(#3407),#2846,.F.);
#3407 = FACE_BOUND('',#3408,.F.);
#3408 = EDGE_LOOP('',(#3409,#3410,#3411,#3412,#3434,#3435,#3459,#3480));
#3409 = ORIENTED_EDGE('',*,*,#3126,.F.);
#3410 = ORIENTED_EDGE('',*,*,#2831,.T.);
#3411 = ORIENTED_EDGE('',*,*,#3364,.T.);
#3412 = ORIENTED_EDGE('',*,*,#3413,.F.);
#3413 = EDGE_CURVE('',#2993,#3365,#3414,.T.);
#3414 = SURFACE_CURVE('',#3415,(#3420,#3427),.PCURVE_S1.);
#3415 = CIRCLE('',#3416,2.6);
#3416 = AXIS2_PLACEMENT_3D('',#3417,#3418,#3419);
#3417 = CARTESIAN_POINT('',(72.,35.,29.));
#3418 = DIRECTION('',(1.,0.,0.));
#3419 = DIRECTION('',(0.,-1.,0.));
#3420 = PCURVE('',#2846,#3421);
#3421 = DEFINITIONAL_REPRESENTATION('',(#3422),#3426);
#3422 = LINE('',#3423,#3424);
#3423 = CARTESIAN_POINT('',(4.712388980385,13.));
#3424 = VECTOR('',#3425,1.);
#3425 = DIRECTION('',(1.,0.));
#3426 = ( GEOMETRIC_REPRESENTATION_CONTEXT(2) 
PARAMETRIC_REPRESENTATION_CONTEXT() REPRESENTATION_CONTEXT('2D SPACE',''
  ) );
#3427 = PCURVE('',#3008,#3428);
#3428 = DEFINITIONAL_REPRESENTATION('',(#3429),#3433);
#3429 = CIRCLE('',#3430,2.6);
#3430 = AXIS2_PLACEMENT_2D('',#3431,#3432);
#3431 = CARTESIAN_POINT('',(5.,-4.5));
#3432 = DIRECTION('',(0.,1.));
#3433 = ( GEOMETRIC_REPRESENTATION_CONTEXT(2) 
PARAMETRIC_REPRESENTATION_CONTEXT() REPRESENTATION_CONTEXT('2D SPACE',''
  ) );
#3434 = ORIENTED_EDGE('',*,*,#3020,.F.);
#3435 = ORIENTED_EDGE('',*,*,#3436,.T.);
#3436 = EDGE_CURVE('',#3021,#3437,#3439,.T.);
#3437 = VERTEX_POINT('',#3438);
#3438 = CARTESIAN_POINT('',(71.,32.5,28.285857157146));
#3439 = SURFACE_CURVE('',#3440,(#3445,#3452),.PCURVE_S1.);
#3440 = CIRCLE('',#3441,2.6);
#3441 = AXIS2_PLACEMENT_3D('',#3442,#3443,#3444);
#3442 = CARTESIAN_POINT('',(71.,35.,29.));
#3443 = DIRECTION('',(1.,0.,1.110223024625E-16));
#3444 = DIRECTION('',(1.110223024625E-16,0.,-1.));
#3445 = PCURVE('',#2846,#3446);
#3446 = DEFINITIONAL_REPRESENTATION('',(#3447),#3451);
#3447 = LINE('',#3448,#3449);
#3448 = CARTESIAN_POINT('',(0.,12.));
#3449 = VECTOR('',#3450,1.);
#3450 = DIRECTION('',(1.,0.));
#3451 = ( GEOMETRIC_REPRESENTATION_CONTEXT(2) 
PARAMETRIC_REPRESENTATION_CONTEXT() REPRESENTATION_CONTEXT('2D SPACE',''
  ) );
#3452 = PCURVE('',#3058,#3453);
#3453 = DEFINITIONAL_REPRESENTATION('',(#3454),#3458);
#3454 = CIRCLE('',#3455,2.6);
#3455 = AXIS2_PLACEMENT_2D('',#3456,#3457);
#3456 = CARTESIAN_POINT('',(2.,-9.5));
#3457 = DIRECTION('',(-1.,0.));
#3458 = ( GEOMETRIC_REPRESENTATION_CONTEXT(2) 
PARAMETRIC_REPRESENTATION_CONTEXT() REPRESENTATION_CONTEXT('2D SPACE',''
  ) );
#3459 = ORIENTED_EDGE('',*,*,#3460,.F.);
#3460 = EDGE_CURVE('',#3461,#3437,#3463,.T.);
#3461 = VERTEX_POINT('',#3462);
#3462 = CARTESIAN_POINT('',(61.,32.5,28.285857157146));
#3463 = SURFACE_CURVE('',#3464,(#3468,#3474),.PCURVE_S1.);
#3464 = LINE('',#3465,#3466);
#3465 = CARTESIAN_POINT('',(59.,32.5,28.285857157146));
#3466 = VECTOR('',#3467,1.);
#3467 = DIRECTION('',(1.,0.,1.110223024625E-16));
#3468 = PCURVE('',#2846,#3469);
#3469 = DEFINITIONAL_REPRESENTATION('',(#3470),#3473);
#3470 = B_SPLINE_CURVE_WITH_KNOTS('',1,(#3471,#3472),.UNSPECIFIED.,.F.,
  .F.,(2,2),(1.,13.),.PIECEWISE_BEZIER_KNOTS.);
#3471 = CARTESIAN_POINT('',(4.990635803119,1.));
#3472 = CARTESIAN_POINT('',(4.990635803119,13.));
#3473 = ( GEOMETRIC_REPRESENTATION_CONTEXT(2) 
PARAMETRIC_REPRESENTATION_CONTEXT() REPRESENTATION_CONTEXT('2D SPACE',''
  ) );
#3474 = PCURVE('',#3086,#3475);
#3475 = DEFINITIONAL_REPRESENTATION('',(#3476),#3479);
#3476 = B_SPLINE_CURVE_WITH_KNOTS('',1,(#3477,#3478),.UNSPECIFIED.,.F.,
  .F.,(2,2),(1.,13.),.PIECEWISE_BEZIER_KNOTS.);
#3477 = CARTESIAN_POINT('',(1.285857157146,-1.));
#3478 = CARTESIAN_POINT('',(1.285857157146,11.));
#3479 = ( GEOMETRIC_REPRESENTATION_CONTEXT(2) 
PARAMETRIC_REPRESENTATION_CONTEXT() REPRESENTATION_CONTEXT('2D SPACE',''
  ) );
#3480 = ORIENTED_EDGE('',*,*,#3481,.F.);
#3481 = EDGE_CURVE('',#3099,#3461,#3482,.T.);
#3482 = SURFACE_CURVE('',#3483,(#3488,#3495),.PCURVE_S1.);
#3483 = CIRCLE('',#3484,2.6);
#3484 = AXIS2_PLACEMENT_3D('',#3485,#3486,#3487);
#3485 = CARTESIAN_POINT('',(61.,35.,29.));
#3486 = DIRECTION('',(1.,0.,1.110223024625E-16));
#3487 = DIRECTION('',(1.110223024625E-16,0.,-1.));
#3488 = PCURVE('',#2846,#3489);
#3489 = DEFINITIONAL_REPRESENTATION('',(#3490),#3494);
#3490 = LINE('',#3491,#3492);
#3491 = CARTESIAN_POINT('',(0.,2.));
#3492 = VECTOR('',#3493,1.);
#3493 = DIRECTION('',(1.,0.));
#3494 = ( GEOMETRIC_REPRESENTATION_CONTEXT(2) 
PARAMETRIC_REPRESENTATION_CONTEXT() REPRESENTATION_CONTEXT('2D SPACE',''
  ) );
#3495 = PCURVE('',#3114,#3496);
#3496 = DEFINITIONAL_REPRESENTATION('',(#3497),#3501);
#3497 = CIRCLE('',#3498,2.6);
#3498 = AXIS2_PLACEMENT_2D('',#3499,#3500);
#3499 = CARTESIAN_POINT('',(2.,-9.5));
#3500 = DIRECTION('',(-1.,0.));
#3501 = ( GEOMETRIC_REPRESENTATION_CONTEXT(2) 
PARAMETRIC_REPRESENTATION_CONTEXT() REPRESENTATION_CONTEXT('2D SPACE',''
  ) );
#3502 = ADVANCED_FACE('',(#3503),#3008,.T.);
#3503 = FACE_BOUND('',#3504,.T.);
#3504 = EDGE_LOOP('',(#3505,#3506,#3507,#3508,#3509,#3510));
#3505 = ORIENTED_EDGE('',*,*,#2992,.F.);
#3506 = ORIENTED_EDGE('',*,*,#3149,.F.);
#3507 = ORIENTED_EDGE('',*,*,#3267,.T.);
#3508 = ORIENTED_EDGE('',*,*,#3339,.T.);
#3509 = ORIENTED_EDGE('',*,*,#3385,.F.);
#3510 = ORIENTED_EDGE('',*,*,#3413,.F.);
#3511 = ADVANCED_FACE('',(#3512),#2957,.T.);
#3512 = FACE_BOUND('',#3513,.T.);
#3513 = EDGE_LOOP('',(#3514,#3515,#3538,#3559));
#3514 = ORIENTED_EDGE('',*,*,#2941,.F.);
#3515 = ORIENTED_EDGE('',*,*,#3516,.F.);
#3516 = EDGE_CURVE('',#3517,#2914,#3519,.T.);
#3517 = VERTEX_POINT('',#3518);
#3518 = CARTESIAN_POINT('',(71.,25.5,27.));
#3519 = SURFACE_CURVE('',#3520,(#3524,#3531),.PCURVE_S1.);
#3520 = LINE('',#3521,#3522);
#3521 = CARTESIAN_POINT('',(71.,25.5,27.));
#3522 = VECTOR('',#3523,1.);
#3523 = DIRECTION('',(0.,0.,1.));
#3524 = PCURVE('',#2957,#3525);
#3525 = DEFINITIONAL_REPRESENTATION('',(#3526),#3530);
#3526 = LINE('',#3527,#3528);
#3527 = CARTESIAN_POINT('',(0.,0.));
#3528 = VECTOR('',#3529,1.);
#3529 = DIRECTION('',(1.,0.));
#3530 = ( GEOMETRIC_REPRESENTATION_CONTEXT(2) 
PARAMETRIC_REPRESENTATION_CONTEXT() REPRESENTATION_CONTEXT('2D SPACE',''
  ) );
#3531 = PCURVE('',#2929,#3532);
#3532 = DEFINITIONAL_REPRESENTATION('',(#3533),#3537);
#3533 = LINE('',#3534,#3535);
#3534 = CARTESIAN_POINT('',(0.,10.));
#3535 = VECTOR('',#3536,1.);
#3536 = DIRECTION('',(1.,0.));
#3537 = ( GEOMETRIC_REPRESENTATION_CONTEXT(2) 
PARAMETRIC_REPRESENTATION_CONTEXT() REPRESENTATION_CONTEXT('2D SPACE',''
  ) );
#3538 = ORIENTED_EDGE('',*,*,#3539,.T.);
#3539 = EDGE_CURVE('',#3517,#3217,#3540,.T.);
#3540 = SURFACE_CURVE('',#3541,(#3545,#3552),.PCURVE_S1.);
#3541 = LINE('',#3542,#3543);
#3542 = CARTESIAN_POINT('',(71.,25.5,27.));
#3543 = VECTOR('',#3544,1.);
#3544 = DIRECTION('',(-0.,1.,0.));
#3545 = PCURVE('',#2957,#3546);
#3546 = DEFINITIONAL_REPRESENTATION('',(#3547),#3551);
#3547 = LINE('',#3548,#3549);
#3548 = CARTESIAN_POINT('',(0.,0.));
#3549 = VECTOR('',#3550,1.);
#3550 = DIRECTION('',(0.,-1.));
#3551 = ( GEOMETRIC_REPRESENTATION_CONTEXT(2) 
PARAMETRIC_REPRESENTATION_CONTEXT() REPRESENTATION_CONTEXT('2D SPACE',''
  ) );
#3552 = PCURVE('',#3231,#3553);
#3553 = DEFINITIONAL_REPRESENTATION('',(#3554),#3558);
#3554 = LINE('',#3555,#3556);
#3555 = CARTESIAN_POINT('',(10.,0.));
#3556 = VECTOR('',#3557,1.);
#3557 = DIRECTION('',(0.,1.));
#3558 = ( GEOMETRIC_REPRESENTATION_CONTEXT(2) 
PARAMETRIC_REPRESENTATION_CONTEXT() REPRESENTATION_CONTEXT('2D SPACE',''
  ) );
#3559 = ORIENTED_EDGE('',*,*,#3242,.F.);
#3560 = ADVANCED_FACE('',(#3561),#3231,.F.);
#3561 = FACE_BOUND('',#3562,.F.);
#3562 = EDGE_LOOP('',(#3563,#3586,#3607,#3608));
#3563 = ORIENTED_EDGE('',*,*,#3564,.F.);
#3564 = EDGE_CURVE('',#3565,#3196,#3567,.T.);
#3565 = VERTEX_POINT('',#3566);
#3566 = CARTESIAN_POINT('',(61.,25.5,27.));
#3567 = SURFACE_CURVE('',#3568,(#3572,#3579),.PCURVE_S1.);
#3568 = LINE('',#3569,#3570);
#3569 = CARTESIAN_POINT('',(61.,25.5,27.));
#3570 = VECTOR('',#3571,1.);
#3571 = DIRECTION('',(-0.,1.,0.));
#3572 = PCURVE('',#3231,#3573);
#3573 = DEFINITIONAL_REPRESENTATION('',(#3574),#3578);
#3574 = LINE('',#3575,#3576);
#3575 = CARTESIAN_POINT('',(0.,0.));
#3576 = VECTOR('',#3577,1.);
#3577 = DIRECTION('',(0.,1.));
#3578 = ( GEOMETRIC_REPRESENTATION_CONTEXT(2) 
PARAMETRIC_REPRESENTATION_CONTEXT() REPRESENTATION_CONTEXT('2D SPACE',''
  ) );
#3579 = PCURVE('',#2901,#3580);
#3580 = DEFINITIONAL_REPRESENTATION('',(#3581),#3585);
#3581 = LINE('',#3582,#3583);
#3582 = CARTESIAN_POINT('',(0.,0.));
#3583 = VECTOR('',#3584,1.);
#3584 = DIRECTION('',(0.,-1.));
#3585 = ( GEOMETRIC_REPRESENTATION_CONTEXT(2) 
PARAMETRIC_REPRESENTATION_CONTEXT() REPRESENTATION_CONTEXT('2D SPACE',''
  ) );
#3586 = ORIENTED_EDGE('',*,*,#3587,.T.);
#3587 = EDGE_CURVE('',#3565,#3517,#3588,.T.);
#3588 = SURFACE_CURVE('',#3589,(#3593,#3600),.PCURVE_S1.);
#3589 = LINE('',#3590,#3591);
#3590 = CARTESIAN_POINT('',(61.,25.5,27.));
#3591 = VECTOR('',#3592,1.);
#3592 = DIRECTION('',(1.,0.,-0.));
#3593 = PCURVE('',#3231,#3594);
#3594 = DEFINITIONAL_REPRESENTATION('',(#3595),#3599);
#3595 = LINE('',#3596,#3597);
#3596 = CARTESIAN_POINT('',(0.,0.));
#3597 = VECTOR('',#3598,1.);
#3598 = DIRECTION('',(1.,0.));
#3599 = ( GEOMETRIC_REPRESENTATION_CONTEXT(2) 
PARAMETRIC_REPRESENTATION_CONTEXT() REPRESENTATION_CONTEXT('2D SPACE',''
  ) );
#3600 = PCURVE('',#2929,#3601);
#3601 = DEFINITIONAL_REPRESENTATION('',(#3602),#3606);
#3602 = LINE('',#3603,#3604);
#3603 = CARTESIAN_POINT('',(0.,0.));
#3604 = VECTOR('',#3605,1.);
#3605 = DIRECTION('',(0.,1.));
#3606 = ( GEOMETRIC_REPRESENTATION_CONTEXT(2) 
PARAMETRIC_REPRESENTATION_CONTEXT() REPRESENTATION_CONTEXT('2D SPACE',''
  ) );
#3607 = ORIENTED_EDGE('',*,*,#3539,.T.);
#3608 = ORIENTED_EDGE('',*,*,#3216,.F.);
#3609 = ADVANCED_FACE('',(#3610),#2901,.F.);
#3610 = FACE_BOUND('',#3611,.F.);
#3611 = EDGE_LOOP('',(#3612,#3613,#3634,#3635));
#3612 = ORIENTED_EDGE('',*,*,#2885,.F.);
#3613 = ORIENTED_EDGE('',*,*,#3614,.F.);
#3614 = EDGE_CURVE('',#3565,#2886,#3615,.T.);
#3615 = SURFACE_CURVE('',#3616,(#3620,#3627),.PCURVE_S1.);
#3616 = LINE('',#3617,#3618);
#3617 = CARTESIAN_POINT('',(61.,25.5,27.));
#3618 = VECTOR('',#3619,1.);
#3619 = DIRECTION('',(0.,0.,1.));
#3620 = PCURVE('',#2901,#3621);
#3621 = DEFINITIONAL_REPRESENTATION('',(#3622),#3626);
#3622 = LINE('',#3623,#3624);
#3623 = CARTESIAN_POINT('',(0.,0.));
#3624 = VECTOR('',#3625,1.);
#3625 = DIRECTION('',(1.,0.));
#3626 = ( GEOMETRIC_REPRESENTATION_CONTEXT(2) 
PARAMETRIC_REPRESENTATION_CONTEXT() REPRESENTATION_CONTEXT('2D SPACE',''
  ) );
#3627 = PCURVE('',#2929,#3628);
#3628 = DEFINITIONAL_REPRESENTATION('',(#3629),#3633);
#3629 = LINE('',#3630,#3631);
#3630 = CARTESIAN_POINT('',(0.,0.));
#3631 = VECTOR('',#3632,1.);
#3632 = DIRECTION('',(1.,0.));
#3633 = ( GEOMETRIC_REPRESENTATION_CONTEXT(2) 
PARAMETRIC_REPRESENTATION_CONTEXT() REPRESENTATION_CONTEXT('2D SPACE',''
  ) );
#3634 = ORIENTED_EDGE('',*,*,#3564,.T.);
#3635 = ORIENTED_EDGE('',*,*,#3195,.F.);
#3636 = ADVANCED_FACE('',(#3637),#3114,.F.);
#3637 = FACE_BOUND('',#3638,.F.);
#3638 = EDGE_LOOP('',(#3639,#3640,#3641));
#3639 = ORIENTED_EDGE('',*,*,#3098,.F.);
#3640 = ORIENTED_EDGE('',*,*,#3481,.T.);
#3641 = ORIENTED_EDGE('',*,*,#3642,.T.);
#3642 = EDGE_CURVE('',#3461,#3071,#3643,.T.);
#3643 = SURFACE_CURVE('',#3644,(#3648,#3655),.PCURVE_S1.);
#3644 = LINE('',#3645,#3646);
#3645 = CARTESIAN_POINT('',(61.,32.5,27.));
#3646 = VECTOR('',#3647,1.);
#3647 = DIRECTION('',(0.,0.,1.));
#3648 = PCURVE('',#3114,#3649);
#3649 = DEFINITIONAL_REPRESENTATION('',(#3650),#3654);
#3650 = LINE('',#3651,#3652);
#3651 = CARTESIAN_POINT('',(0.,-7.));
#3652 = VECTOR('',#3653,1.);
#3653 = DIRECTION('',(1.,0.));
#3654 = ( GEOMETRIC_REPRESENTATION_CONTEXT(2) 
PARAMETRIC_REPRESENTATION_CONTEXT() REPRESENTATION_CONTEXT('2D SPACE',''
  ) );
#3655 = PCURVE('',#3086,#3656);
#3656 = DEFINITIONAL_REPRESENTATION('',(#3657),#3661);
#3657 = LINE('',#3658,#3659);
#3658 = CARTESIAN_POINT('',(0.,0.));
#3659 = VECTOR('',#3660,1.);
#3660 = DIRECTION('',(1.,0.));
#3661 = ( GEOMETRIC_REPRESENTATION_CONTEXT(2) 
PARAMETRIC_REPRESENTATION_CONTEXT() REPRESENTATION_CONTEXT('2D SPACE',''
  ) );
#3662 = ADVANCED_FACE('',(#3663),#3086,.T.);
#3663 = FACE_BOUND('',#3664,.T.);
#3664 = EDGE_LOOP('',(#3665,#3686,#3687,#3688));
#3665 = ORIENTED_EDGE('',*,*,#3666,.F.);
#3666 = EDGE_CURVE('',#3437,#3043,#3667,.T.);
#3667 = SURFACE_CURVE('',#3668,(#3672,#3679),.PCURVE_S1.);
#3668 = LINE('',#3669,#3670);
#3669 = CARTESIAN_POINT('',(71.,32.5,27.));
#3670 = VECTOR('',#3671,1.);
#3671 = DIRECTION('',(0.,0.,1.));
#3672 = PCURVE('',#3086,#3673);
#3673 = DEFINITIONAL_REPRESENTATION('',(#3674),#3678);
#3674 = LINE('',#3675,#3676);
#3675 = CARTESIAN_POINT('',(0.,10.));
#3676 = VECTOR('',#3677,1.);
#3677 = DIRECTION('',(1.,0.));
#3678 = ( GEOMETRIC_REPRESENTATION_CONTEXT(2) 
PARAMETRIC_REPRESENTATION_CONTEXT() REPRESENTATION_CONTEXT('2D SPACE',''
  ) );
#3679 = PCURVE('',#3058,#3680);
#3680 = DEFINITIONAL_REPRESENTATION('',(#3681),#3685);
#3681 = LINE('',#3682,#3683);
#3682 = CARTESIAN_POINT('',(0.,-7.));
#3683 = VECTOR('',#3684,1.);
#3684 = DIRECTION('',(1.,0.));
#3685 = ( GEOMETRIC_REPRESENTATION_CONTEXT(2) 
PARAMETRIC_REPRESENTATION_CONTEXT() REPRESENTATION_CONTEXT('2D SPACE',''
  ) );
#3686 = ORIENTED_EDGE('',*,*,#3460,.F.);
#3687 = ORIENTED_EDGE('',*,*,#3642,.T.);
#3688 = ORIENTED_EDGE('',*,*,#3070,.T.);
#3689 = ADVANCED_FACE('',(#3690),#3058,.T.);
#3690 = FACE_BOUND('',#3691,.T.);
#3691 = EDGE_LOOP('',(#3692,#3693,#3694));
#3692 = ORIENTED_EDGE('',*,*,#3042,.F.);
#3693 = ORIENTED_EDGE('',*,*,#3436,.T.);
#3694 = ORIENTED_EDGE('',*,*,#3666,.T.);
#3695 = ADVANCED_FACE('',(#3696),#2929,.F.);
#3696 = FACE_BOUND('',#3697,.F.);
#3697 = EDGE_LOOP('',(#3698,#3699,#3700,#3701));
#3698 = ORIENTED_EDGE('',*,*,#3587,.F.);
#3699 = ORIENTED_EDGE('',*,*,#3614,.T.);
#3700 = ORIENTED_EDGE('',*,*,#2913,.T.);
#3701 = ORIENTED_EDGE('',*,*,#3516,.F.);
#3702 = MANIFOLD_SOLID_BREP('',#3703);
#3703 = CLOSED_SHELL('',(#3704,#3881,#4169,#4285,#4334,#4383,#4430,#4526
    ,#4535,#4584,#4633,#4660,#4686,#4713,#4719));
#3704 = ADVANCED_FACE('',(#3705),#3719,.F.);
#3705 = FACE_BOUND('',#3706,.F.);
#3706 = EDGE_LOOP('',(#3707,#3742,#3770,#3798,#3826,#3854));
#3707 = ORIENTED_EDGE('',*,*,#3708,.F.);
#3708 = EDGE_CURVE('',#3709,#3711,#3713,.T.);
#3709 = VERTEX_POINT('',#3710);
#3710 = CARTESIAN_POINT('',(-72.,30.5,29.));
#3711 = VERTEX_POINT('',#3712);
#3712 = CARTESIAN_POINT('',(-72.,32.4,29.));
#3713 = SURFACE_CURVE('',#3714,(#3718,#3730),.PCURVE_S1.);
#3714 = LINE('',#3715,#3716);
#3715 = CARTESIAN_POINT('',(-72.,30.5,29.));
#3716 = VECTOR('',#3717,1.);
#3717 = DIRECTION('',(-0.,1.,0.));
#3718 = PCURVE('',#3719,#3724);
#3719 = PLANE('',#3720);
#3720 = AXIS2_PLACEMENT_3D('',#3721,#3722,#3723);
#3721 = CARTESIAN_POINT('',(-72.,30.5,24.));
#3722 = DIRECTION('',(1.,0.,-0.));
#3723 = DIRECTION('',(0.,0.,1.));
#3724 = DEFINITIONAL_REPRESENTATION('',(#3725),#3729);
#3725 = LINE('',#3726,#3727);
#3726 = CARTESIAN_POINT('',(5.,0.));
#3727 = VECTOR('',#3728,1.);
#3728 = DIRECTION('',(0.,-1.));
#3729 = ( GEOMETRIC_REPRESENTATION_CONTEXT(2) 
PARAMETRIC_REPRESENTATION_CONTEXT() REPRESENTATION_CONTEXT('2D SPACE',''
  ) );
#3730 = PCURVE('',#3731,#3736);
#3731 = PLANE('',#3732);
#3732 = AXIS2_PLACEMENT_3D('',#3733,#3734,#3735);
#3733 = CARTESIAN_POINT('',(-72.,30.5,29.));
#3734 = DIRECTION('',(0.,0.,1.));
#3735 = DIRECTION('',(1.,0.,-0.));
#3736 = DEFINITIONAL_REPRESENTATION('',(#3737),#3741);
#3737 = LINE('',#3738,#3739);
#3738 = CARTESIAN_POINT('',(0.,0.));
#3739 = VECTOR('',#3740,1.);
#3740 = DIRECTION('',(0.,1.));
#3741 = ( GEOMETRIC_REPRESENTATION_CONTEXT(2) 
PARAMETRIC_REPRESENTATION_CONTEXT() REPRESENTATION_CONTEXT('2D SPACE',''
  ) );
#3742 = ORIENTED_EDGE('',*,*,#3743,.F.);
#3743 = EDGE_CURVE('',#3744,#3709,#3746,.T.);
#3744 = VERTEX_POINT('',#3745);
#3745 = CARTESIAN_POINT('',(-72.,30.5,24.));
#3746 = SURFACE_CURVE('',#3747,(#3751,#3758),.PCURVE_S1.);
#3747 = LINE('',#3748,#3749);
#3748 = CARTESIAN_POINT('',(-72.,30.5,24.));
#3749 = VECTOR('',#3750,1.);
#3750 = DIRECTION('',(0.,0.,1.));
#3751 = PCURVE('',#3719,#3752);
#3752 = DEFINITIONAL_REPRESENTATION('',(#3753),#3757);
#3753 = LINE('',#3754,#3755);
#3754 = CARTESIAN_POINT('',(0.,0.));
#3755 = VECTOR('',#3756,1.);
#3756 = DIRECTION('',(1.,0.));
#3757 = ( GEOMETRIC_REPRESENTATION_CONTEXT(2) 
PARAMETRIC_REPRESENTATION_CONTEXT() REPRESENTATION_CONTEXT('2D SPACE',''
  ) );
#3758 = PCURVE('',#3759,#3764);
#3759 = PLANE('',#3760);
#3760 = AXIS2_PLACEMENT_3D('',#3761,#3762,#3763);
#3761 = CARTESIAN_POINT('',(-72.,30.5,24.));
#3762 = DIRECTION('',(-0.,1.,0.));
#3763 = DIRECTION('',(0.,0.,1.));
#3764 = DEFINITIONAL_REPRESENTATION('',(#3765),#3769);
#3765 = LINE('',#3766,#3767);
#3766 = CARTESIAN_POINT('',(0.,0.));
#3767 = VECTOR('',#3768,1.);
#3768 = DIRECTION('',(1.,0.));
#3769 = ( GEOMETRIC_REPRESENTATION_CONTEXT(2) 
PARAMETRIC_REPRESENTATION_CONTEXT() REPRESENTATION_CONTEXT('2D SPACE',''
  ) );
#3770 = ORIENTED_EDGE('',*,*,#3771,.T.);
#3771 = EDGE_CURVE('',#3744,#3772,#3774,.T.);
#3772 = VERTEX_POINT('',#3773);
#3773 = CARTESIAN_POINT('',(-72.,39.5,24.));
#3774 = SURFACE_CURVE('',#3775,(#3779,#3786),.PCURVE_S1.);
#3775 = LINE('',#3776,#3777);
#3776 = CARTESIAN_POINT('',(-72.,30.5,24.));
#3777 = VECTOR('',#3778,1.);
#3778 = DIRECTION('',(-0.,1.,0.));
#3779 = PCURVE('',#3719,#3780);
#3780 = DEFINITIONAL_REPRESENTATION('',(#3781),#3785);
#3781 = LINE('',#3782,#3783);
#3782 = CARTESIAN_POINT('',(0.,0.));
#3783 = VECTOR('',#3784,1.);
#3784 = DIRECTION('',(0.,-1.));
#3785 = ( GEOMETRIC_REPRESENTATION_CONTEXT(2) 
PARAMETRIC_REPRESENTATION_CONTEXT() REPRESENTATION_CONTEXT('2D SPACE',''
  ) );
#3786 = PCURVE('',#3787,#3792);
#3787 = PLANE('',#3788);
#3788 = AXIS2_PLACEMENT_3D('',#3789,#3790,#3791);
#3789 = CARTESIAN_POINT('',(-72.,30.5,24.));
#3790 = DIRECTION('',(0.,0.,1.));
#3791 = DIRECTION('',(1.,0.,-0.));
#3792 = DEFINITIONAL_REPRESENTATION('',(#3793),#3797);
#3793 = LINE('',#3794,#3795);
#3794 = CARTESIAN_POINT('',(0.,0.));
#3795 = VECTOR('',#3796,1.);
#3796 = DIRECTION('',(0.,1.));
#3797 = ( GEOMETRIC_REPRESENTATION_CONTEXT(2) 
PARAMETRIC_REPRESENTATION_CONTEXT() REPRESENTATION_CONTEXT('2D SPACE',''
  ) );
#3798 = ORIENTED_EDGE('',*,*,#3799,.T.);
#3799 = EDGE_CURVE('',#3772,#3800,#3802,.T.);
#3800 = VERTEX_POINT('',#3801);
#3801 = CARTESIAN_POINT('',(-72.,39.5,29.));
#3802 = SURFACE_CURVE('',#3803,(#3807,#3814),.PCURVE_S1.);
#3803 = LINE('',#3804,#3805);
#3804 = CARTESIAN_POINT('',(-72.,39.5,24.));
#3805 = VECTOR('',#3806,1.);
#3806 = DIRECTION('',(0.,0.,1.));
#3807 = PCURVE('',#3719,#3808);
#3808 = DEFINITIONAL_REPRESENTATION('',(#3809),#3813);
#3809 = LINE('',#3810,#3811);
#3810 = CARTESIAN_POINT('',(0.,-9.));
#3811 = VECTOR('',#3812,1.);
#3812 = DIRECTION('',(1.,0.));
#3813 = ( GEOMETRIC_REPRESENTATION_CONTEXT(2) 
PARAMETRIC_REPRESENTATION_CONTEXT() REPRESENTATION_CONTEXT('2D SPACE',''
  ) );
#3814 = PCURVE('',#3815,#3820);
#3815 = PLANE('',#3816);
#3816 = AXIS2_PLACEMENT_3D('',#3817,#3818,#3819);
#3817 = CARTESIAN_POINT('',(-72.,39.5,24.));
#3818 = DIRECTION('',(-0.,1.,0.));
#3819 = DIRECTION('',(0.,0.,1.));
#3820 = DEFINITIONAL_REPRESENTATION('',(#3821),#3825);
#3821 = LINE('',#3822,#3823);
#3822 = CARTESIAN_POINT('',(0.,0.));
#3823 = VECTOR('',#3824,1.);
#3824 = DIRECTION('',(1.,0.));
#3825 = ( GEOMETRIC_REPRESENTATION_CONTEXT(2) 
PARAMETRIC_REPRESENTATION_CONTEXT() REPRESENTATION_CONTEXT('2D SPACE',''
  ) );
#3826 = ORIENTED_EDGE('',*,*,#3827,.F.);
#3827 = EDGE_CURVE('',#3828,#3800,#3830,.T.);
#3828 = VERTEX_POINT('',#3829);
#3829 = CARTESIAN_POINT('',(-72.,37.6,29.));
#3830 = SURFACE_CURVE('',#3831,(#3835,#3842),.PCURVE_S1.);
#3831 = LINE('',#3832,#3833);
#3832 = CARTESIAN_POINT('',(-72.,30.5,29.));
#3833 = VECTOR('',#3834,1.);
#3834 = DIRECTION('',(-0.,1.,0.));
#3835 = PCURVE('',#3719,#3836);
#3836 = DEFINITIONAL_REPRESENTATION('',(#3837),#3841);
#3837 = LINE('',#3838,#3839);
#3838 = CARTESIAN_POINT('',(5.,0.));
#3839 = VECTOR('',#3840,1.);
#3840 = DIRECTION('',(0.,-1.));
#3841 = ( GEOMETRIC_REPRESENTATION_CONTEXT(2) 
PARAMETRIC_REPRESENTATION_CONTEXT() REPRESENTATION_CONTEXT('2D SPACE',''
  ) );
#3842 = PCURVE('',#3843,#3848);
#3843 = PLANE('',#3844);
#3844 = AXIS2_PLACEMENT_3D('',#3845,#3846,#3847);
#3845 = CARTESIAN_POINT('',(-72.,30.5,29.));
#3846 = DIRECTION('',(0.,0.,1.));
#3847 = DIRECTION('',(1.,0.,-0.));
#3848 = DEFINITIONAL_REPRESENTATION('',(#3849),#3853);
#3849 = LINE('',#3850,#3851);
#3850 = CARTESIAN_POINT('',(0.,0.));
#3851 = VECTOR('',#3852,1.);
#3852 = DIRECTION('',(0.,1.));
#3853 = ( GEOMETRIC_REPRESENTATION_CONTEXT(2) 
PARAMETRIC_REPRESENTATION_CONTEXT() REPRESENTATION_CONTEXT('2D SPACE',''
  ) );
#3854 = ORIENTED_EDGE('',*,*,#3855,.F.);
#3855 = EDGE_CURVE('',#3711,#3828,#3856,.T.);
#3856 = SURFACE_CURVE('',#3857,(#3862,#3869),.PCURVE_S1.);
#3857 = CIRCLE('',#3858,2.6);
#3858 = AXIS2_PLACEMENT_3D('',#3859,#3860,#3861);
#3859 = CARTESIAN_POINT('',(-72.,35.,29.));
#3860 = DIRECTION('',(1.,0.,0.));
#3861 = DIRECTION('',(0.,-1.,0.));
#3862 = PCURVE('',#3719,#3863);
#3863 = DEFINITIONAL_REPRESENTATION('',(#3864),#3868);
#3864 = CIRCLE('',#3865,2.6);
#3865 = AXIS2_PLACEMENT_2D('',#3866,#3867);
#3866 = CARTESIAN_POINT('',(5.,-4.5));
#3867 = DIRECTION('',(0.,1.));
#3868 = ( GEOMETRIC_REPRESENTATION_CONTEXT(2) 
PARAMETRIC_REPRESENTATION_CONTEXT() REPRESENTATION_CONTEXT('2D SPACE',''
  ) );
#3869 = PCURVE('',#3870,#3875);
#3870 = CYLINDRICAL_SURFACE('',#3871,2.6);
#3871 = AXIS2_PLACEMENT_3D('',#3872,#3873,#3874);
#3872 = CARTESIAN_POINT('',(-73.,35.,29.));
#3873 = DIRECTION('',(1.,0.,1.110223024625E-16));
#3874 = DIRECTION('',(1.110223024625E-16,0.,-1.));
#3875 = DEFINITIONAL_REPRESENTATION('',(#3876),#3880);
#3876 = LINE('',#3877,#3878);
#3877 = CARTESIAN_POINT('',(4.712388980385,1.));
#3878 = VECTOR('',#3879,1.);
#3879 = DIRECTION('',(1.,0.));
#3880 = ( GEOMETRIC_REPRESENTATION_CONTEXT(2) 
PARAMETRIC_REPRESENTATION_CONTEXT() REPRESENTATION_CONTEXT('2D SPACE',''
  ) );
#3881 = ADVANCED_FACE('',(#3882),#3731,.T.);
#3882 = FACE_BOUND('',#3883,.T.);
#3883 = EDGE_LOOP('',(#3884,#3885,#3908,#3936,#3964,#3992,#4015,#4043,
    #4065,#4093,#4121,#4149));
#3884 = ORIENTED_EDGE('',*,*,#3708,.F.);
#3885 = ORIENTED_EDGE('',*,*,#3886,.T.);
#3886 = EDGE_CURVE('',#3709,#3887,#3889,.T.);
#3887 = VERTEX_POINT('',#3888);
#3888 = CARTESIAN_POINT('',(-71.,30.5,29.));
#3889 = SURFACE_CURVE('',#3890,(#3894,#3901),.PCURVE_S1.);
#3890 = LINE('',#3891,#3892);
#3891 = CARTESIAN_POINT('',(-72.,30.5,29.));
#3892 = VECTOR('',#3893,1.);
#3893 = DIRECTION('',(1.,0.,-0.));
#3894 = PCURVE('',#3731,#3895);
#3895 = DEFINITIONAL_REPRESENTATION('',(#3896),#3900);
#3896 = LINE('',#3897,#3898);
#3897 = CARTESIAN_POINT('',(0.,0.));
#3898 = VECTOR('',#3899,1.);
#3899 = DIRECTION('',(1.,0.));
#3900 = ( GEOMETRIC_REPRESENTATION_CONTEXT(2) 
PARAMETRIC_REPRESENTATION_CONTEXT() REPRESENTATION_CONTEXT('2D SPACE',''
  ) );
#3901 = PCURVE('',#3759,#3902);
#3902 = DEFINITIONAL_REPRESENTATION('',(#3903),#3907);
#3903 = LINE('',#3904,#3905);
#3904 = CARTESIAN_POINT('',(5.,0.));
#3905 = VECTOR('',#3906,1.);
#3906 = DIRECTION('',(0.,1.));
#3907 = ( GEOMETRIC_REPRESENTATION_CONTEXT(2) 
PARAMETRIC_REPRESENTATION_CONTEXT() REPRESENTATION_CONTEXT('2D SPACE',''
  ) );
#3908 = ORIENTED_EDGE('',*,*,#3909,.F.);
#3909 = EDGE_CURVE('',#3910,#3887,#3912,.T.);
#3910 = VERTEX_POINT('',#3911);
#3911 = CARTESIAN_POINT('',(-71.,25.5,29.));
#3912 = SURFACE_CURVE('',#3913,(#3917,#3924),.PCURVE_S1.);
#3913 = LINE('',#3914,#3915);
#3914 = CARTESIAN_POINT('',(-71.,25.5,29.));
#3915 = VECTOR('',#3916,1.);
#3916 = DIRECTION('',(-0.,1.,0.));
#3917 = PCURVE('',#3731,#3918);
#3918 = DEFINITIONAL_REPRESENTATION('',(#3919),#3923);
#3919 = LINE('',#3920,#3921);
#3920 = CARTESIAN_POINT('',(1.,-5.));
#3921 = VECTOR('',#3922,1.);
#3922 = DIRECTION('',(0.,1.));
#3923 = ( GEOMETRIC_REPRESENTATION_CONTEXT(2) 
PARAMETRIC_REPRESENTATION_CONTEXT() REPRESENTATION_CONTEXT('2D SPACE',''
  ) );
#3924 = PCURVE('',#3925,#3930);
#3925 = PLANE('',#3926);
#3926 = AXIS2_PLACEMENT_3D('',#3927,#3928,#3929);
#3927 = CARTESIAN_POINT('',(-71.,25.5,27.));
#3928 = DIRECTION('',(1.,0.,-0.));
#3929 = DIRECTION('',(0.,0.,1.));
#3930 = DEFINITIONAL_REPRESENTATION('',(#3931),#3935);
#3931 = LINE('',#3932,#3933);
#3932 = CARTESIAN_POINT('',(2.,0.));
#3933 = VECTOR('',#3934,1.);
#3934 = DIRECTION('',(0.,-1.));
#3935 = ( GEOMETRIC_REPRESENTATION_CONTEXT(2) 
PARAMETRIC_REPRESENTATION_CONTEXT() REPRESENTATION_CONTEXT('2D SPACE',''
  ) );
#3936 = ORIENTED_EDGE('',*,*,#3937,.T.);
#3937 = EDGE_CURVE('',#3910,#3938,#3940,.T.);
#3938 = VERTEX_POINT('',#3939);
#3939 = CARTESIAN_POINT('',(-61.,25.5,29.));
#3940 = SURFACE_CURVE('',#3941,(#3945,#3952),.PCURVE_S1.);
#3941 = LINE('',#3942,#3943);
#3942 = CARTESIAN_POINT('',(-71.,25.5,29.));
#3943 = VECTOR('',#3944,1.);
#3944 = DIRECTION('',(1.,0.,-0.));
#3945 = PCURVE('',#3731,#3946);
#3946 = DEFINITIONAL_REPRESENTATION('',(#3947),#3951);
#3947 = LINE('',#3948,#3949);
#3948 = CARTESIAN_POINT('',(1.,-5.));
#3949 = VECTOR('',#3950,1.);
#3950 = DIRECTION('',(1.,0.));
#3951 = ( GEOMETRIC_REPRESENTATION_CONTEXT(2) 
PARAMETRIC_REPRESENTATION_CONTEXT() REPRESENTATION_CONTEXT('2D SPACE',''
  ) );
#3952 = PCURVE('',#3953,#3958);
#3953 = PLANE('',#3954);
#3954 = AXIS2_PLACEMENT_3D('',#3955,#3956,#3957);
#3955 = CARTESIAN_POINT('',(-71.,25.5,27.));
#3956 = DIRECTION('',(-0.,1.,0.));
#3957 = DIRECTION('',(0.,0.,1.));
#3958 = DEFINITIONAL_REPRESENTATION('',(#3959),#3963);
#3959 = LINE('',#3960,#3961);
#3960 = CARTESIAN_POINT('',(2.,0.));
#3961 = VECTOR('',#3962,1.);
#3962 = DIRECTION('',(0.,1.));
#3963 = ( GEOMETRIC_REPRESENTATION_CONTEXT(2) 
PARAMETRIC_REPRESENTATION_CONTEXT() REPRESENTATION_CONTEXT('2D SPACE',''
  ) );
#3964 = ORIENTED_EDGE('',*,*,#3965,.T.);
#3965 = EDGE_CURVE('',#3938,#3966,#3968,.T.);
#3966 = VERTEX_POINT('',#3967);
#3967 = CARTESIAN_POINT('',(-61.,30.5,29.));
#3968 = SURFACE_CURVE('',#3969,(#3973,#3980),.PCURVE_S1.);
#3969 = LINE('',#3970,#3971);
#3970 = CARTESIAN_POINT('',(-61.,25.5,29.));
#3971 = VECTOR('',#3972,1.);
#3972 = DIRECTION('',(-0.,1.,0.));
#3973 = PCURVE('',#3731,#3974);
#3974 = DEFINITIONAL_REPRESENTATION('',(#3975),#3979);
#3975 = LINE('',#3976,#3977);
#3976 = CARTESIAN_POINT('',(11.,-5.));
#3977 = VECTOR('',#3978,1.);
#3978 = DIRECTION('',(0.,1.));
#3979 = ( GEOMETRIC_REPRESENTATION_CONTEXT(2) 
PARAMETRIC_REPRESENTATION_CONTEXT() REPRESENTATION_CONTEXT('2D SPACE',''
  ) );
#3980 = PCURVE('',#3981,#3986);
#3981 = PLANE('',#3982);
#3982 = AXIS2_PLACEMENT_3D('',#3983,#3984,#3985);
#3983 = CARTESIAN_POINT('',(-61.,25.5,27.));
#3984 = DIRECTION('',(1.,0.,-0.));
#3985 = DIRECTION('',(0.,0.,1.));
#3986 = DEFINITIONAL_REPRESENTATION('',(#3987),#3991);
#3987 = LINE('',#3988,#3989);
#3988 = CARTESIAN_POINT('',(2.,0.));
#3989 = VECTOR('',#3990,1.);
#3990 = DIRECTION('',(0.,-1.));
#3991 = ( GEOMETRIC_REPRESENTATION_CONTEXT(2) 
PARAMETRIC_REPRESENTATION_CONTEXT() REPRESENTATION_CONTEXT('2D SPACE',''
  ) );
#3992 = ORIENTED_EDGE('',*,*,#3993,.T.);
#3993 = EDGE_CURVE('',#3966,#3994,#3996,.T.);
#3994 = VERTEX_POINT('',#3995);
#3995 = CARTESIAN_POINT('',(-60.,30.5,29.));
#3996 = SURFACE_CURVE('',#3997,(#4001,#4008),.PCURVE_S1.);
#3997 = LINE('',#3998,#3999);
#3998 = CARTESIAN_POINT('',(-72.,30.5,29.));
#3999 = VECTOR('',#4000,1.);
#4000 = DIRECTION('',(1.,0.,-0.));
#4001 = PCURVE('',#3731,#4002);
#4002 = DEFINITIONAL_REPRESENTATION('',(#4003),#4007);
#4003 = LINE('',#4004,#4005);
#4004 = CARTESIAN_POINT('',(0.,0.));
#4005 = VECTOR('',#4006,1.);
#4006 = DIRECTION('',(1.,0.));
#4007 = ( GEOMETRIC_REPRESENTATION_CONTEXT(2) 
PARAMETRIC_REPRESENTATION_CONTEXT() REPRESENTATION_CONTEXT('2D SPACE',''
  ) );
#4008 = PCURVE('',#3759,#4009);
#4009 = DEFINITIONAL_REPRESENTATION('',(#4010),#4014);
#4010 = LINE('',#4011,#4012);
#4011 = CARTESIAN_POINT('',(5.,0.));
#4012 = VECTOR('',#4013,1.);
#4013 = DIRECTION('',(0.,1.));
#4014 = ( GEOMETRIC_REPRESENTATION_CONTEXT(2) 
PARAMETRIC_REPRESENTATION_CONTEXT() REPRESENTATION_CONTEXT('2D SPACE',''
  ) );
#4015 = ORIENTED_EDGE('',*,*,#4016,.T.);
#4016 = EDGE_CURVE('',#3994,#4017,#4019,.T.);
#4017 = VERTEX_POINT('',#4018);
#4018 = CARTESIAN_POINT('',(-60.,32.4,29.));
#4019 = SURFACE_CURVE('',#4020,(#4024,#4031),.PCURVE_S1.);
#4020 = LINE('',#4021,#4022);
#4021 = CARTESIAN_POINT('',(-60.,30.5,29.));
#4022 = VECTOR('',#4023,1.);
#4023 = DIRECTION('',(-0.,1.,0.));
#4024 = PCURVE('',#3731,#4025);
#4025 = DEFINITIONAL_REPRESENTATION('',(#4026),#4030);
#4026 = LINE('',#4027,#4028);
#4027 = CARTESIAN_POINT('',(12.,0.));
#4028 = VECTOR('',#4029,1.);
#4029 = DIRECTION('',(0.,1.));
#4030 = ( GEOMETRIC_REPRESENTATION_CONTEXT(2) 
PARAMETRIC_REPRESENTATION_CONTEXT() REPRESENTATION_CONTEXT('2D SPACE',''
  ) );
#4031 = PCURVE('',#4032,#4037);
#4032 = PLANE('',#4033);
#4033 = AXIS2_PLACEMENT_3D('',#4034,#4035,#4036);
#4034 = CARTESIAN_POINT('',(-60.,30.5,24.));
#4035 = DIRECTION('',(1.,0.,-0.));
#4036 = DIRECTION('',(0.,0.,1.));
#4037 = DEFINITIONAL_REPRESENTATION('',(#4038),#4042);
#4038 = LINE('',#4039,#4040);
#4039 = CARTESIAN_POINT('',(5.,0.));
#4040 = VECTOR('',#4041,1.);
#4041 = DIRECTION('',(0.,-1.));
#4042 = ( GEOMETRIC_REPRESENTATION_CONTEXT(2) 
PARAMETRIC_REPRESENTATION_CONTEXT() REPRESENTATION_CONTEXT('2D SPACE',''
  ) );
#4043 = ORIENTED_EDGE('',*,*,#4044,.F.);
#4044 = EDGE_CURVE('',#4045,#4017,#4047,.T.);
#4045 = VERTEX_POINT('',#4046);
#4046 = CARTESIAN_POINT('',(-61.,32.4,29.));
#4047 = SURFACE_CURVE('',#4048,(#4052,#4059),.PCURVE_S1.);
#4048 = LINE('',#4049,#4050);
#4049 = CARTESIAN_POINT('',(-73.,32.4,29.));
#4050 = VECTOR('',#4051,1.);
#4051 = DIRECTION('',(1.,0.,1.110223024625E-16));
#4052 = PCURVE('',#3731,#4053);
#4053 = DEFINITIONAL_REPRESENTATION('',(#4054),#4058);
#4054 = LINE('',#4055,#4056);
#4055 = CARTESIAN_POINT('',(-1.,1.9));
#4056 = VECTOR('',#4057,1.);
#4057 = DIRECTION('',(1.,0.));
#4058 = ( GEOMETRIC_REPRESENTATION_CONTEXT(2) 
PARAMETRIC_REPRESENTATION_CONTEXT() REPRESENTATION_CONTEXT('2D SPACE',''
  ) );
#4059 = PCURVE('',#3870,#4060);
#4060 = DEFINITIONAL_REPRESENTATION('',(#4061),#4064);
#4061 = B_SPLINE_CURVE_WITH_KNOTS('',1,(#4062,#4063),.UNSPECIFIED.,.F.,
  .F.,(2,2),(1.,13.),.PIECEWISE_BEZIER_KNOTS.);
#4062 = CARTESIAN_POINT('',(4.712388980385,1.));
#4063 = CARTESIAN_POINT('',(4.712388980385,13.));
#4064 = ( GEOMETRIC_REPRESENTATION_CONTEXT(2) 
PARAMETRIC_REPRESENTATION_CONTEXT() REPRESENTATION_CONTEXT('2D SPACE',''
  ) );
#4065 = ORIENTED_EDGE('',*,*,#4066,.T.);
#4066 = EDGE_CURVE('',#4045,#4067,#4069,.T.);
#4067 = VERTEX_POINT('',#4068);
#4068 = CARTESIAN_POINT('',(-61.,32.5,29.));
#4069 = SURFACE_CURVE('',#4070,(#4074,#4081),.PCURVE_S1.);
#4070 = LINE('',#4071,#4072);
#4071 = CARTESIAN_POINT('',(-61.,25.5,29.));
#4072 = VECTOR('',#4073,1.);
#4073 = DIRECTION('',(-0.,1.,0.));
#4074 = PCURVE('',#3731,#4075);
#4075 = DEFINITIONAL_REPRESENTATION('',(#4076),#4080);
#4076 = LINE('',#4077,#4078);
#4077 = CARTESIAN_POINT('',(11.,-5.));
#4078 = VECTOR('',#4079,1.);
#4079 = DIRECTION('',(0.,1.));
#4080 = ( GEOMETRIC_REPRESENTATION_CONTEXT(2) 
PARAMETRIC_REPRESENTATION_CONTEXT() REPRESENTATION_CONTEXT('2D SPACE',''
  ) );
#4081 = PCURVE('',#4082,#4087);
#4082 = PLANE('',#4083);
#4083 = AXIS2_PLACEMENT_3D('',#4084,#4085,#4086);
#4084 = CARTESIAN_POINT('',(-61.,25.5,27.));
#4085 = DIRECTION('',(1.,0.,-0.));
#4086 = DIRECTION('',(0.,0.,1.));
#4087 = DEFINITIONAL_REPRESENTATION('',(#4088),#4092);
#4088 = LINE('',#4089,#4090);
#4089 = CARTESIAN_POINT('',(2.,0.));
#4090 = VECTOR('',#4091,1.);
#4091 = DIRECTION('',(0.,-1.));
#4092 = ( GEOMETRIC_REPRESENTATION_CONTEXT(2) 
PARAMETRIC_REPRESENTATION_CONTEXT() REPRESENTATION_CONTEXT('2D SPACE',''
  ) );
#4093 = ORIENTED_EDGE('',*,*,#4094,.F.);
#4094 = EDGE_CURVE('',#4095,#4067,#4097,.T.);
#4095 = VERTEX_POINT('',#4096);
#4096 = CARTESIAN_POINT('',(-71.,32.5,29.));
#4097 = SURFACE_CURVE('',#4098,(#4102,#4109),.PCURVE_S1.);
#4098 = LINE('',#4099,#4100);
#4099 = CARTESIAN_POINT('',(-71.,32.5,29.));
#4100 = VECTOR('',#4101,1.);
#4101 = DIRECTION('',(1.,0.,-0.));
#4102 = PCURVE('',#3731,#4103);
#4103 = DEFINITIONAL_REPRESENTATION('',(#4104),#4108);
#4104 = LINE('',#4105,#4106);
#4105 = CARTESIAN_POINT('',(1.,2.));
#4106 = VECTOR('',#4107,1.);
#4107 = DIRECTION('',(1.,0.));
#4108 = ( GEOMETRIC_REPRESENTATION_CONTEXT(2) 
PARAMETRIC_REPRESENTATION_CONTEXT() REPRESENTATION_CONTEXT('2D SPACE',''
  ) );
#4109 = PCURVE('',#4110,#4115);
#4110 = PLANE('',#4111);
#4111 = AXIS2_PLACEMENT_3D('',#4112,#4113,#4114);
#4112 = CARTESIAN_POINT('',(-71.,32.5,27.));
#4113 = DIRECTION('',(-0.,1.,0.));
#4114 = DIRECTION('',(0.,0.,1.));
#4115 = DEFINITIONAL_REPRESENTATION('',(#4116),#4120);
#4116 = LINE('',#4117,#4118);
#4117 = CARTESIAN_POINT('',(2.,0.));
#4118 = VECTOR('',#4119,1.);
#4119 = DIRECTION('',(0.,1.));
#4120 = ( GEOMETRIC_REPRESENTATION_CONTEXT(2) 
PARAMETRIC_REPRESENTATION_CONTEXT() REPRESENTATION_CONTEXT('2D SPACE',''
  ) );
#4121 = ORIENTED_EDGE('',*,*,#4122,.F.);
#4122 = EDGE_CURVE('',#4123,#4095,#4125,.T.);
#4123 = VERTEX_POINT('',#4124);
#4124 = CARTESIAN_POINT('',(-71.,32.4,29.));
#4125 = SURFACE_CURVE('',#4126,(#4130,#4137),.PCURVE_S1.);
#4126 = LINE('',#4127,#4128);
#4127 = CARTESIAN_POINT('',(-71.,25.5,29.));
#4128 = VECTOR('',#4129,1.);
#4129 = DIRECTION('',(-0.,1.,0.));
#4130 = PCURVE('',#3731,#4131);
#4131 = DEFINITIONAL_REPRESENTATION('',(#4132),#4136);
#4132 = LINE('',#4133,#4134);
#4133 = CARTESIAN_POINT('',(1.,-5.));
#4134 = VECTOR('',#4135,1.);
#4135 = DIRECTION('',(0.,1.));
#4136 = ( GEOMETRIC_REPRESENTATION_CONTEXT(2) 
PARAMETRIC_REPRESENTATION_CONTEXT() REPRESENTATION_CONTEXT('2D SPACE',''
  ) );
#4137 = PCURVE('',#4138,#4143);
#4138 = PLANE('',#4139);
#4139 = AXIS2_PLACEMENT_3D('',#4140,#4141,#4142);
#4140 = CARTESIAN_POINT('',(-71.,25.5,27.));
#4141 = DIRECTION('',(1.,0.,-0.));
#4142 = DIRECTION('',(0.,0.,1.));
#4143 = DEFINITIONAL_REPRESENTATION('',(#4144),#4148);
#4144 = LINE('',#4145,#4146);
#4145 = CARTESIAN_POINT('',(2.,0.));
#4146 = VECTOR('',#4147,1.);
#4147 = DIRECTION('',(0.,-1.));
#4148 = ( GEOMETRIC_REPRESENTATION_CONTEXT(2) 
PARAMETRIC_REPRESENTATION_CONTEXT() REPRESENTATION_CONTEXT('2D SPACE',''
  ) );
#4149 = ORIENTED_EDGE('',*,*,#4150,.F.);
#4150 = EDGE_CURVE('',#3711,#4123,#4151,.T.);
#4151 = SURFACE_CURVE('',#4152,(#4156,#4163),.PCURVE_S1.);
#4152 = LINE('',#4153,#4154);
#4153 = CARTESIAN_POINT('',(-73.,32.4,29.));
#4154 = VECTOR('',#4155,1.);
#4155 = DIRECTION('',(1.,0.,1.110223024625E-16));
#4156 = PCURVE('',#3731,#4157);
#4157 = DEFINITIONAL_REPRESENTATION('',(#4158),#4162);
#4158 = LINE('',#4159,#4160);
#4159 = CARTESIAN_POINT('',(-1.,1.9));
#4160 = VECTOR('',#4161,1.);
#4161 = DIRECTION('',(1.,0.));
#4162 = ( GEOMETRIC_REPRESENTATION_CONTEXT(2) 
PARAMETRIC_REPRESENTATION_CONTEXT() REPRESENTATION_CONTEXT('2D SPACE',''
  ) );
#4163 = PCURVE('',#3870,#4164);
#4164 = DEFINITIONAL_REPRESENTATION('',(#4165),#4168);
#4165 = B_SPLINE_CURVE_WITH_KNOTS('',1,(#4166,#4167),.UNSPECIFIED.,.F.,
  .F.,(2,2),(1.,13.),.PIECEWISE_BEZIER_KNOTS.);
#4166 = CARTESIAN_POINT('',(4.712388980385,1.));
#4167 = CARTESIAN_POINT('',(4.712388980385,13.));
#4168 = ( GEOMETRIC_REPRESENTATION_CONTEXT(2) 
PARAMETRIC_REPRESENTATION_CONTEXT() REPRESENTATION_CONTEXT('2D SPACE',''
  ) );
#4169 = ADVANCED_FACE('',(#4170),#3759,.F.);
#4170 = FACE_BOUND('',#4171,.F.);
#4171 = EDGE_LOOP('',(#4172,#4195,#4216,#4217,#4218,#4239,#4265,#4284));
#4172 = ORIENTED_EDGE('',*,*,#4173,.F.);
#4173 = EDGE_CURVE('',#4174,#3994,#4176,.T.);
#4174 = VERTEX_POINT('',#4175);
#4175 = CARTESIAN_POINT('',(-60.,30.5,24.));
#4176 = SURFACE_CURVE('',#4177,(#4181,#4188),.PCURVE_S1.);
#4177 = LINE('',#4178,#4179);
#4178 = CARTESIAN_POINT('',(-60.,30.5,24.));
#4179 = VECTOR('',#4180,1.);
#4180 = DIRECTION('',(0.,0.,1.));
#4181 = PCURVE('',#3759,#4182);
#4182 = DEFINITIONAL_REPRESENTATION('',(#4183),#4187);
#4183 = LINE('',#4184,#4185);
#4184 = CARTESIAN_POINT('',(0.,12.));
#4185 = VECTOR('',#4186,1.);
#4186 = DIRECTION('',(1.,0.));
#4187 = ( GEOMETRIC_REPRESENTATION_CONTEXT(2) 
PARAMETRIC_REPRESENTATION_CONTEXT() REPRESENTATION_CONTEXT('2D SPACE',''
  ) );
#4188 = PCURVE('',#4032,#4189);
#4189 = DEFINITIONAL_REPRESENTATION('',(#4190),#4194);
#4190 = LINE('',#4191,#4192);
#4191 = CARTESIAN_POINT('',(0.,0.));
#4192 = VECTOR('',#4193,1.);
#4193 = DIRECTION('',(1.,0.));
#4194 = ( GEOMETRIC_REPRESENTATION_CONTEXT(2) 
PARAMETRIC_REPRESENTATION_CONTEXT() REPRESENTATION_CONTEXT('2D SPACE',''
  ) );
#4195 = ORIENTED_EDGE('',*,*,#4196,.F.);
#4196 = EDGE_CURVE('',#3744,#4174,#4197,.T.);
#4197 = SURFACE_CURVE('',#4198,(#4202,#4209),.PCURVE_S1.);
#4198 = LINE('',#4199,#4200);
#4199 = CARTESIAN_POINT('',(-72.,30.5,24.));
#4200 = VECTOR('',#4201,1.);
#4201 = DIRECTION('',(1.,0.,-0.));
#4202 = PCURVE('',#3759,#4203);
#4203 = DEFINITIONAL_REPRESENTATION('',(#4204),#4208);
#4204 = LINE('',#4205,#4206);
#4205 = CARTESIAN_POINT('',(0.,0.));
#4206 = VECTOR('',#4207,1.);
#4207 = DIRECTION('',(0.,1.));
#4208 = ( GEOMETRIC_REPRESENTATION_CONTEXT(2) 
PARAMETRIC_REPRESENTATION_CONTEXT() REPRESENTATION_CONTEXT('2D SPACE',''
  ) );
#4209 = PCURVE('',#3787,#4210);
#4210 = DEFINITIONAL_REPRESENTATION('',(#4211),#4215);
#4211 = LINE('',#4212,#4213);
#4212 = CARTESIAN_POINT('',(0.,0.));
#4213 = VECTOR('',#4214,1.);
#4214 = DIRECTION('',(1.,0.));
#4215 = ( GEOMETRIC_REPRESENTATION_CONTEXT(2) 
PARAMETRIC_REPRESENTATION_CONTEXT() REPRESENTATION_CONTEXT('2D SPACE',''
  ) );
#4216 = ORIENTED_EDGE('',*,*,#3743,.T.);
#4217 = ORIENTED_EDGE('',*,*,#3886,.T.);
#4218 = ORIENTED_EDGE('',*,*,#4219,.T.);
#4219 = EDGE_CURVE('',#3887,#4220,#4222,.T.);
#4220 = VERTEX_POINT('',#4221);
#4221 = CARTESIAN_POINT('',(-71.,30.5,27.));
#4222 = SURFACE_CURVE('',#4223,(#4227,#4233),.PCURVE_S1.);
#4223 = LINE('',#4224,#4225);
#4224 = CARTESIAN_POINT('',(-71.,30.5,25.5));
#4225 = VECTOR('',#4226,1.);
#4226 = DIRECTION('',(-0.,0.,-1.));
#4227 = PCURVE('',#3759,#4228);
#4228 = DEFINITIONAL_REPRESENTATION('',(#4229),#4232);
#4229 = B_SPLINE_CURVE_WITH_KNOTS('',1,(#4230,#4231),.UNSPECIFIED.,.F.,
  .F.,(2,2),(-3.5,-1.5),.PIECEWISE_BEZIER_KNOTS.);
#4230 = CARTESIAN_POINT('',(5.,1.));
#4231 = CARTESIAN_POINT('',(3.,1.));
#4232 = ( GEOMETRIC_REPRESENTATION_CONTEXT(2) 
PARAMETRIC_REPRESENTATION_CONTEXT() REPRESENTATION_CONTEXT('2D SPACE',''
  ) );
#4233 = PCURVE('',#3925,#4234);
#4234 = DEFINITIONAL_REPRESENTATION('',(#4235),#4238);
#4235 = B_SPLINE_CURVE_WITH_KNOTS('',1,(#4236,#4237),.UNSPECIFIED.,.F.,
  .F.,(2,2),(-3.5,-1.5),.PIECEWISE_BEZIER_KNOTS.);
#4236 = CARTESIAN_POINT('',(2.,-5.));
#4237 = CARTESIAN_POINT('',(0.,-5.));
#4238 = ( GEOMETRIC_REPRESENTATION_CONTEXT(2) 
PARAMETRIC_REPRESENTATION_CONTEXT() REPRESENTATION_CONTEXT('2D SPACE',''
  ) );
#4239 = ORIENTED_EDGE('',*,*,#4240,.T.);
#4240 = EDGE_CURVE('',#4220,#4241,#4243,.T.);
#4241 = VERTEX_POINT('',#4242);
#4242 = CARTESIAN_POINT('',(-61.,30.5,27.));
#4243 = SURFACE_CURVE('',#4244,(#4248,#4254),.PCURVE_S1.);
#4244 = LINE('',#4245,#4246);
#4245 = CARTESIAN_POINT('',(-71.5,30.5,27.));
#4246 = VECTOR('',#4247,1.);
#4247 = DIRECTION('',(1.,0.,-0.));
#4248 = PCURVE('',#3759,#4249);
#4249 = DEFINITIONAL_REPRESENTATION('',(#4250),#4253);
#4250 = B_SPLINE_CURVE_WITH_KNOTS('',1,(#4251,#4252),.UNSPECIFIED.,.F.,
  .F.,(2,2),(0.5,10.5),.PIECEWISE_BEZIER_KNOTS.);
#4251 = CARTESIAN_POINT('',(3.,1.));
#4252 = CARTESIAN_POINT('',(3.,11.));
#4253 = ( GEOMETRIC_REPRESENTATION_CONTEXT(2) 
PARAMETRIC_REPRESENTATION_CONTEXT() REPRESENTATION_CONTEXT('2D SPACE',''
  ) );
#4254 = PCURVE('',#4255,#4260);
#4255 = PLANE('',#4256);
#4256 = AXIS2_PLACEMENT_3D('',#4257,#4258,#4259);
#4257 = CARTESIAN_POINT('',(-71.,25.5,27.));
#4258 = DIRECTION('',(0.,0.,1.));
#4259 = DIRECTION('',(1.,0.,-0.));
#4260 = DEFINITIONAL_REPRESENTATION('',(#4261),#4264);
#4261 = B_SPLINE_CURVE_WITH_KNOTS('',1,(#4262,#4263),.UNSPECIFIED.,.F.,
  .F.,(2,2),(0.5,10.5),.PIECEWISE_BEZIER_KNOTS.);
#4262 = CARTESIAN_POINT('',(0.,5.));
#4263 = CARTESIAN_POINT('',(10.,5.));
#4264 = ( GEOMETRIC_REPRESENTATION_CONTEXT(2) 
PARAMETRIC_REPRESENTATION_CONTEXT() REPRESENTATION_CONTEXT('2D SPACE',''
  ) );
#4265 = ORIENTED_EDGE('',*,*,#4266,.F.);
#4266 = EDGE_CURVE('',#3966,#4241,#4267,.T.);
#4267 = SURFACE_CURVE('',#4268,(#4272,#4278),.PCURVE_S1.);
#4268 = LINE('',#4269,#4270);
#4269 = CARTESIAN_POINT('',(-61.,30.5,25.5));
#4270 = VECTOR('',#4271,1.);
#4271 = DIRECTION('',(-0.,0.,-1.));
#4272 = PCURVE('',#3759,#4273);
#4273 = DEFINITIONAL_REPRESENTATION('',(#4274),#4277);
#4274 = B_SPLINE_CURVE_WITH_KNOTS('',1,(#4275,#4276),.UNSPECIFIED.,.F.,
  .F.,(2,2),(-3.5,-1.5),.PIECEWISE_BEZIER_KNOTS.);
#4275 = CARTESIAN_POINT('',(5.,11.));
#4276 = CARTESIAN_POINT('',(3.,11.));
#4277 = ( GEOMETRIC_REPRESENTATION_CONTEXT(2) 
PARAMETRIC_REPRESENTATION_CONTEXT() REPRESENTATION_CONTEXT('2D SPACE',''
  ) );
#4278 = PCURVE('',#3981,#4279);
#4279 = DEFINITIONAL_REPRESENTATION('',(#4280),#4283);
#4280 = B_SPLINE_CURVE_WITH_KNOTS('',1,(#4281,#4282),.UNSPECIFIED.,.F.,
  .F.,(2,2),(-3.5,-1.5),.PIECEWISE_BEZIER_KNOTS.);
#4281 = CARTESIAN_POINT('',(2.,-5.));
#4282 = CARTESIAN_POINT('',(0.,-5.));
#4283 = ( GEOMETRIC_REPRESENTATION_CONTEXT(2) 
PARAMETRIC_REPRESENTATION_CONTEXT() REPRESENTATION_CONTEXT('2D SPACE',''
  ) );
#4284 = ORIENTED_EDGE('',*,*,#3993,.T.);
#4285 = ADVANCED_FACE('',(#4286),#3787,.F.);
#4286 = FACE_BOUND('',#4287,.F.);
#4287 = EDGE_LOOP('',(#4288,#4289,#4290,#4313));
#4288 = ORIENTED_EDGE('',*,*,#3771,.F.);
#4289 = ORIENTED_EDGE('',*,*,#4196,.T.);
#4290 = ORIENTED_EDGE('',*,*,#4291,.T.);
#4291 = EDGE_CURVE('',#4174,#4292,#4294,.T.);
#4292 = VERTEX_POINT('',#4293);
#4293 = CARTESIAN_POINT('',(-60.,39.5,24.));
#4294 = SURFACE_CURVE('',#4295,(#4299,#4306),.PCURVE_S1.);
#4295 = LINE('',#4296,#4297);
#4296 = CARTESIAN_POINT('',(-60.,30.5,24.));
#4297 = VECTOR('',#4298,1.);
#4298 = DIRECTION('',(-0.,1.,0.));
#4299 = PCURVE('',#3787,#4300);
#4300 = DEFINITIONAL_REPRESENTATION('',(#4301),#4305);
#4301 = LINE('',#4302,#4303);
#4302 = CARTESIAN_POINT('',(12.,0.));
#4303 = VECTOR('',#4304,1.);
#4304 = DIRECTION('',(0.,1.));
#4305 = ( GEOMETRIC_REPRESENTATION_CONTEXT(2) 
PARAMETRIC_REPRESENTATION_CONTEXT() REPRESENTATION_CONTEXT('2D SPACE',''
  ) );
#4306 = PCURVE('',#4032,#4307);
#4307 = DEFINITIONAL_REPRESENTATION('',(#4308),#4312);
#4308 = LINE('',#4309,#4310);
#4309 = CARTESIAN_POINT('',(0.,0.));
#4310 = VECTOR('',#4311,1.);
#4311 = DIRECTION('',(0.,-1.));
#4312 = ( GEOMETRIC_REPRESENTATION_CONTEXT(2) 
PARAMETRIC_REPRESENTATION_CONTEXT() REPRESENTATION_CONTEXT('2D SPACE',''
  ) );
#4313 = ORIENTED_EDGE('',*,*,#4314,.F.);
#4314 = EDGE_CURVE('',#3772,#4292,#4315,.T.);
#4315 = SURFACE_CURVE('',#4316,(#4320,#4327),.PCURVE_S1.);
#4316 = LINE('',#4317,#4318);
#4317 = CARTESIAN_POINT('',(-72.,39.5,24.));
#4318 = VECTOR('',#4319,1.);
#4319 = DIRECTION('',(1.,0.,-0.));
#4320 = PCURVE('',#3787,#4321);
#4321 = DEFINITIONAL_REPRESENTATION('',(#4322),#4326);
#4322 = LINE('',#4323,#4324);
#4323 = CARTESIAN_POINT('',(0.,9.));
#4324 = VECTOR('',#4325,1.);
#4325 = DIRECTION('',(1.,0.));
#4326 = ( GEOMETRIC_REPRESENTATION_CONTEXT(2) 
PARAMETRIC_REPRESENTATION_CONTEXT() REPRESENTATION_CONTEXT('2D SPACE',''
  ) );
#4327 = PCURVE('',#3815,#4328);
#4328 = DEFINITIONAL_REPRESENTATION('',(#4329),#4333);
#4329 = LINE('',#4330,#4331);
#4330 = CARTESIAN_POINT('',(0.,0.));
#4331 = VECTOR('',#4332,1.);
#4332 = DIRECTION('',(0.,1.));
#4333 = ( GEOMETRIC_REPRESENTATION_CONTEXT(2) 
PARAMETRIC_REPRESENTATION_CONTEXT() REPRESENTATION_CONTEXT('2D SPACE',''
  ) );
#4334 = ADVANCED_FACE('',(#4335),#3815,.T.);
#4335 = FACE_BOUND('',#4336,.T.);
#4336 = EDGE_LOOP('',(#4337,#4338,#4339,#4362));
#4337 = ORIENTED_EDGE('',*,*,#4314,.F.);
#4338 = ORIENTED_EDGE('',*,*,#3799,.T.);
#4339 = ORIENTED_EDGE('',*,*,#4340,.T.);
#4340 = EDGE_CURVE('',#3800,#4341,#4343,.T.);
#4341 = VERTEX_POINT('',#4342);
#4342 = CARTESIAN_POINT('',(-60.,39.5,29.));
#4343 = SURFACE_CURVE('',#4344,(#4348,#4355),.PCURVE_S1.);
#4344 = LINE('',#4345,#4346);
#4345 = CARTESIAN_POINT('',(-72.,39.5,29.));
#4346 = VECTOR('',#4347,1.);
#4347 = DIRECTION('',(1.,0.,-0.));
#4348 = PCURVE('',#3815,#4349);
#4349 = DEFINITIONAL_REPRESENTATION('',(#4350),#4354);
#4350 = LINE('',#4351,#4352);
#4351 = CARTESIAN_POINT('',(5.,0.));
#4352 = VECTOR('',#4353,1.);
#4353 = DIRECTION('',(0.,1.));
#4354 = ( GEOMETRIC_REPRESENTATION_CONTEXT(2) 
PARAMETRIC_REPRESENTATION_CONTEXT() REPRESENTATION_CONTEXT('2D SPACE',''
  ) );
#4355 = PCURVE('',#3843,#4356);
#4356 = DEFINITIONAL_REPRESENTATION('',(#4357),#4361);
#4357 = LINE('',#4358,#4359);
#4358 = CARTESIAN_POINT('',(0.,9.));
#4359 = VECTOR('',#4360,1.);
#4360 = DIRECTION('',(1.,0.));
#4361 = ( GEOMETRIC_REPRESENTATION_CONTEXT(2) 
PARAMETRIC_REPRESENTATION_CONTEXT() REPRESENTATION_CONTEXT('2D SPACE',''
  ) );
#4362 = ORIENTED_EDGE('',*,*,#4363,.F.);
#4363 = EDGE_CURVE('',#4292,#4341,#4364,.T.);
#4364 = SURFACE_CURVE('',#4365,(#4369,#4376),.PCURVE_S1.);
#4365 = LINE('',#4366,#4367);
#4366 = CARTESIAN_POINT('',(-60.,39.5,24.));
#4367 = VECTOR('',#4368,1.);
#4368 = DIRECTION('',(0.,0.,1.));
#4369 = PCURVE('',#3815,#4370);
#4370 = DEFINITIONAL_REPRESENTATION('',(#4371),#4375);
#4371 = LINE('',#4372,#4373);
#4372 = CARTESIAN_POINT('',(0.,12.));
#4373 = VECTOR('',#4374,1.);
#4374 = DIRECTION('',(1.,0.));
#4375 = ( GEOMETRIC_REPRESENTATION_CONTEXT(2) 
PARAMETRIC_REPRESENTATION_CONTEXT() REPRESENTATION_CONTEXT('2D SPACE',''
  ) );
#4376 = PCURVE('',#4032,#4377);
#4377 = DEFINITIONAL_REPRESENTATION('',(#4378),#4382);
#4378 = LINE('',#4379,#4380);
#4379 = CARTESIAN_POINT('',(0.,-9.));
#4380 = VECTOR('',#4381,1.);
#4381 = DIRECTION('',(1.,0.));
#4382 = ( GEOMETRIC_REPRESENTATION_CONTEXT(2) 
PARAMETRIC_REPRESENTATION_CONTEXT() REPRESENTATION_CONTEXT('2D SPACE',''
  ) );
#4383 = ADVANCED_FACE('',(#4384),#3843,.T.);
#4384 = FACE_BOUND('',#4385,.T.);
#4385 = EDGE_LOOP('',(#4386,#4387,#4408,#4429));
#4386 = ORIENTED_EDGE('',*,*,#3827,.F.);
#4387 = ORIENTED_EDGE('',*,*,#4388,.T.);
#4388 = EDGE_CURVE('',#3828,#4389,#4391,.T.);
#4389 = VERTEX_POINT('',#4390);
#4390 = CARTESIAN_POINT('',(-60.,37.6,29.));
#4391 = SURFACE_CURVE('',#4392,(#4396,#4402),.PCURVE_S1.);
#4392 = LINE('',#4393,#4394);
#4393 = CARTESIAN_POINT('',(-73.,37.6,29.));
#4394 = VECTOR('',#4395,1.);
#4395 = DIRECTION('',(1.,0.,1.110223024625E-16));
#4396 = PCURVE('',#3843,#4397);
#4397 = DEFINITIONAL_REPRESENTATION('',(#4398),#4401);
#4398 = B_SPLINE_CURVE_WITH_KNOTS('',1,(#4399,#4400),.UNSPECIFIED.,.F.,
  .F.,(2,2),(-6.000000070117E-07,14.0000006),.PIECEWISE_BEZIER_KNOTS.);
#4399 = CARTESIAN_POINT('',(-1.0000006,7.1));
#4400 = CARTESIAN_POINT('',(13.0000006,7.1));
#4401 = ( GEOMETRIC_REPRESENTATION_CONTEXT(2) 
PARAMETRIC_REPRESENTATION_CONTEXT() REPRESENTATION_CONTEXT('2D SPACE',''
  ) );
#4402 = PCURVE('',#3870,#4403);
#4403 = DEFINITIONAL_REPRESENTATION('',(#4404),#4407);
#4404 = B_SPLINE_CURVE_WITH_KNOTS('',1,(#4405,#4406),.UNSPECIFIED.,.F.,
  .F.,(2,2),(1.,13.),.PIECEWISE_BEZIER_KNOTS.);
#4405 = CARTESIAN_POINT('',(7.853981633974,1.));
#4406 = CARTESIAN_POINT('',(7.853981633974,13.));
#4407 = ( GEOMETRIC_REPRESENTATION_CONTEXT(2) 
PARAMETRIC_REPRESENTATION_CONTEXT() REPRESENTATION_CONTEXT('2D SPACE',''
  ) );
#4408 = ORIENTED_EDGE('',*,*,#4409,.T.);
#4409 = EDGE_CURVE('',#4389,#4341,#4410,.T.);
#4410 = SURFACE_CURVE('',#4411,(#4415,#4422),.PCURVE_S1.);
#4411 = LINE('',#4412,#4413);
#4412 = CARTESIAN_POINT('',(-60.,30.5,29.));
#4413 = VECTOR('',#4414,1.);
#4414 = DIRECTION('',(-0.,1.,0.));
#4415 = PCURVE('',#3843,#4416);
#4416 = DEFINITIONAL_REPRESENTATION('',(#4417),#4421);
#4417 = LINE('',#4418,#4419);
#4418 = CARTESIAN_POINT('',(12.,0.));
#4419 = VECTOR('',#4420,1.);
#4420 = DIRECTION('',(0.,1.));
#4421 = ( GEOMETRIC_REPRESENTATION_CONTEXT(2) 
PARAMETRIC_REPRESENTATION_CONTEXT() REPRESENTATION_CONTEXT('2D SPACE',''
  ) );
#4422 = PCURVE('',#4032,#4423);
#4423 = DEFINITIONAL_REPRESENTATION('',(#4424),#4428);
#4424 = LINE('',#4425,#4426);
#4425 = CARTESIAN_POINT('',(5.,0.));
#4426 = VECTOR('',#4427,1.);
#4427 = DIRECTION('',(0.,-1.));
#4428 = ( GEOMETRIC_REPRESENTATION_CONTEXT(2) 
PARAMETRIC_REPRESENTATION_CONTEXT() REPRESENTATION_CONTEXT('2D SPACE',''
  ) );
#4429 = ORIENTED_EDGE('',*,*,#4340,.F.);
#4430 = ADVANCED_FACE('',(#4431),#3870,.F.);
#4431 = FACE_BOUND('',#4432,.F.);
#4432 = EDGE_LOOP('',(#4433,#4434,#4435,#4436,#4458,#4459,#4483,#4504));
#4433 = ORIENTED_EDGE('',*,*,#4150,.F.);
#4434 = ORIENTED_EDGE('',*,*,#3855,.T.);
#4435 = ORIENTED_EDGE('',*,*,#4388,.T.);
#4436 = ORIENTED_EDGE('',*,*,#4437,.F.);
#4437 = EDGE_CURVE('',#4017,#4389,#4438,.T.);
#4438 = SURFACE_CURVE('',#4439,(#4444,#4451),.PCURVE_S1.);
#4439 = CIRCLE('',#4440,2.6);
#4440 = AXIS2_PLACEMENT_3D('',#4441,#4442,#4443);
#4441 = CARTESIAN_POINT('',(-60.,35.,29.));
#4442 = DIRECTION('',(1.,0.,0.));
#4443 = DIRECTION('',(0.,-1.,0.));
#4444 = PCURVE('',#3870,#4445);
#4445 = DEFINITIONAL_REPRESENTATION('',(#4446),#4450);
#4446 = LINE('',#4447,#4448);
#4447 = CARTESIAN_POINT('',(4.712388980385,13.));
#4448 = VECTOR('',#4449,1.);
#4449 = DIRECTION('',(1.,0.));
#4450 = ( GEOMETRIC_REPRESENTATION_CONTEXT(2) 
PARAMETRIC_REPRESENTATION_CONTEXT() REPRESENTATION_CONTEXT('2D SPACE',''
  ) );
#4451 = PCURVE('',#4032,#4452);
#4452 = DEFINITIONAL_REPRESENTATION('',(#4453),#4457);
#4453 = CIRCLE('',#4454,2.6);
#4454 = AXIS2_PLACEMENT_2D('',#4455,#4456);
#4455 = CARTESIAN_POINT('',(5.,-4.5));
#4456 = DIRECTION('',(0.,1.));
#4457 = ( GEOMETRIC_REPRESENTATION_CONTEXT(2) 
PARAMETRIC_REPRESENTATION_CONTEXT() REPRESENTATION_CONTEXT('2D SPACE',''
  ) );
#4458 = ORIENTED_EDGE('',*,*,#4044,.F.);
#4459 = ORIENTED_EDGE('',*,*,#4460,.T.);
#4460 = EDGE_CURVE('',#4045,#4461,#4463,.T.);
#4461 = VERTEX_POINT('',#4462);
#4462 = CARTESIAN_POINT('',(-61.,32.5,28.285857157146));
#4463 = SURFACE_CURVE('',#4464,(#4469,#4476),.PCURVE_S1.);
#4464 = CIRCLE('',#4465,2.6);
#4465 = AXIS2_PLACEMENT_3D('',#4466,#4467,#4468);
#4466 = CARTESIAN_POINT('',(-61.,35.,29.));
#4467 = DIRECTION('',(1.,0.,1.110223024625E-16));
#4468 = DIRECTION('',(1.110223024625E-16,0.,-1.));
#4469 = PCURVE('',#3870,#4470);
#4470 = DEFINITIONAL_REPRESENTATION('',(#4471),#4475);
#4471 = LINE('',#4472,#4473);
#4472 = CARTESIAN_POINT('',(0.,12.));
#4473 = VECTOR('',#4474,1.);
#4474 = DIRECTION('',(1.,0.));
#4475 = ( GEOMETRIC_REPRESENTATION_CONTEXT(2) 
PARAMETRIC_REPRESENTATION_CONTEXT() REPRESENTATION_CONTEXT('2D SPACE',''
  ) );
#4476 = PCURVE('',#4082,#4477);
#4477 = DEFINITIONAL_REPRESENTATION('',(#4478),#4482);
#4478 = CIRCLE('',#4479,2.6);
#4479 = AXIS2_PLACEMENT_2D('',#4480,#4481);
#4480 = CARTESIAN_POINT('',(2.,-9.5));
#4481 = DIRECTION('',(-1.,0.));
#4482 = ( GEOMETRIC_REPRESENTATION_CONTEXT(2) 
PARAMETRIC_REPRESENTATION_CONTEXT() REPRESENTATION_CONTEXT('2D SPACE',''
  ) );
#4483 = ORIENTED_EDGE('',*,*,#4484,.F.);
#4484 = EDGE_CURVE('',#4485,#4461,#4487,.T.);
#4485 = VERTEX_POINT('',#4486);
#4486 = CARTESIAN_POINT('',(-71.,32.5,28.285857157146));
#4487 = SURFACE_CURVE('',#4488,(#4492,#4498),.PCURVE_S1.);
#4488 = LINE('',#4489,#4490);
#4489 = CARTESIAN_POINT('',(-73.,32.5,28.285857157146));
#4490 = VECTOR('',#4491,1.);
#4491 = DIRECTION('',(1.,0.,1.110223024625E-16));
#4492 = PCURVE('',#3870,#4493);
#4493 = DEFINITIONAL_REPRESENTATION('',(#4494),#4497);
#4494 = B_SPLINE_CURVE_WITH_KNOTS('',1,(#4495,#4496),.UNSPECIFIED.,.F.,
  .F.,(2,2),(1.,13.),.PIECEWISE_BEZIER_KNOTS.);
#4495 = CARTESIAN_POINT('',(4.990635803119,1.));
#4496 = CARTESIAN_POINT('',(4.990635803119,13.));
#4497 = ( GEOMETRIC_REPRESENTATION_CONTEXT(2) 
PARAMETRIC_REPRESENTATION_CONTEXT() REPRESENTATION_CONTEXT('2D SPACE',''
  ) );
#4498 = PCURVE('',#4110,#4499);
#4499 = DEFINITIONAL_REPRESENTATION('',(#4500),#4503);
#4500 = B_SPLINE_CURVE_WITH_KNOTS('',1,(#4501,#4502),.UNSPECIFIED.,.F.,
  .F.,(2,2),(1.,13.),.PIECEWISE_BEZIER_KNOTS.);
#4501 = CARTESIAN_POINT('',(1.285857157146,-1.));
#4502 = CARTESIAN_POINT('',(1.285857157146,11.));
#4503 = ( GEOMETRIC_REPRESENTATION_CONTEXT(2) 
PARAMETRIC_REPRESENTATION_CONTEXT() REPRESENTATION_CONTEXT('2D SPACE',''
  ) );
#4504 = ORIENTED_EDGE('',*,*,#4505,.F.);
#4505 = EDGE_CURVE('',#4123,#4485,#4506,.T.);
#4506 = SURFACE_CURVE('',#4507,(#4512,#4519),.PCURVE_S1.);
#4507 = CIRCLE('',#4508,2.6);
#4508 = AXIS2_PLACEMENT_3D('',#4509,#4510,#4511);
#4509 = CARTESIAN_POINT('',(-71.,35.,29.));
#4510 = DIRECTION('',(1.,0.,1.110223024625E-16));
#4511 = DIRECTION('',(1.110223024625E-16,0.,-1.));
#4512 = PCURVE('',#3870,#4513);
#4513 = DEFINITIONAL_REPRESENTATION('',(#4514),#4518);
#4514 = LINE('',#4515,#4516);
#4515 = CARTESIAN_POINT('',(0.,2.));
#4516 = VECTOR('',#4517,1.);
#4517 = DIRECTION('',(1.,0.));
#4518 = ( GEOMETRIC_REPRESENTATION_CONTEXT(2) 
PARAMETRIC_REPRESENTATION_CONTEXT() REPRESENTATION_CONTEXT('2D SPACE',''
  ) );
#4519 = PCURVE('',#4138,#4520);
#4520 = DEFINITIONAL_REPRESENTATION('',(#4521),#4525);
#4521 = CIRCLE('',#4522,2.6);
#4522 = AXIS2_PLACEMENT_2D('',#4523,#4524);
#4523 = CARTESIAN_POINT('',(2.,-9.5));
#4524 = DIRECTION('',(-1.,0.));
#4525 = ( GEOMETRIC_REPRESENTATION_CONTEXT(2) 
PARAMETRIC_REPRESENTATION_CONTEXT() REPRESENTATION_CONTEXT('2D SPACE',''
  ) );
#4526 = ADVANCED_FACE('',(#4527),#4032,.T.);
#4527 = FACE_BOUND('',#4528,.T.);
#4528 = EDGE_LOOP('',(#4529,#4530,#4531,#4532,#4533,#4534));
#4529 = ORIENTED_EDGE('',*,*,#4016,.F.);
#4530 = ORIENTED_EDGE('',*,*,#4173,.F.);
#4531 = ORIENTED_EDGE('',*,*,#4291,.T.);
#4532 = ORIENTED_EDGE('',*,*,#4363,.T.);
#4533 = ORIENTED_EDGE('',*,*,#4409,.F.);
#4534 = ORIENTED_EDGE('',*,*,#4437,.F.);
#4535 = ADVANCED_FACE('',(#4536),#3981,.T.);
#4536 = FACE_BOUND('',#4537,.T.);
#4537 = EDGE_LOOP('',(#4538,#4539,#4562,#4583));
#4538 = ORIENTED_EDGE('',*,*,#3965,.F.);
#4539 = ORIENTED_EDGE('',*,*,#4540,.F.);
#4540 = EDGE_CURVE('',#4541,#3938,#4543,.T.);
#4541 = VERTEX_POINT('',#4542);
#4542 = CARTESIAN_POINT('',(-61.,25.5,27.));
#4543 = SURFACE_CURVE('',#4544,(#4548,#4555),.PCURVE_S1.);
#4544 = LINE('',#4545,#4546);
#4545 = CARTESIAN_POINT('',(-61.,25.5,27.));
#4546 = VECTOR('',#4547,1.);
#4547 = DIRECTION('',(0.,0.,1.));
#4548 = PCURVE('',#3981,#4549);
#4549 = DEFINITIONAL_REPRESENTATION('',(#4550),#4554);
#4550 = LINE('',#4551,#4552);
#4551 = CARTESIAN_POINT('',(0.,0.));
#4552 = VECTOR('',#4553,1.);
#4553 = DIRECTION('',(1.,0.));
#4554 = ( GEOMETRIC_REPRESENTATION_CONTEXT(2) 
PARAMETRIC_REPRESENTATION_CONTEXT() REPRESENTATION_CONTEXT('2D SPACE',''
  ) );
#4555 = PCURVE('',#3953,#4556);
#4556 = DEFINITIONAL_REPRESENTATION('',(#4557),#4561);
#4557 = LINE('',#4558,#4559);
#4558 = CARTESIAN_POINT('',(0.,10.));
#4559 = VECTOR('',#4560,1.);
#4560 = DIRECTION('',(1.,0.));
#4561 = ( GEOMETRIC_REPRESENTATION_CONTEXT(2) 
PARAMETRIC_REPRESENTATION_CONTEXT() REPRESENTATION_CONTEXT('2D SPACE',''
  ) );
#4562 = ORIENTED_EDGE('',*,*,#4563,.T.);
#4563 = EDGE_CURVE('',#4541,#4241,#4564,.T.);
#4564 = SURFACE_CURVE('',#4565,(#4569,#4576),.PCURVE_S1.);
#4565 = LINE('',#4566,#4567);
#4566 = CARTESIAN_POINT('',(-61.,25.5,27.));
#4567 = VECTOR('',#4568,1.);
#4568 = DIRECTION('',(-0.,1.,0.));
#4569 = PCURVE('',#3981,#4570);
#4570 = DEFINITIONAL_REPRESENTATION('',(#4571),#4575);
#4571 = LINE('',#4572,#4573);
#4572 = CARTESIAN_POINT('',(0.,0.));
#4573 = VECTOR('',#4574,1.);
#4574 = DIRECTION('',(0.,-1.));
#4575 = ( GEOMETRIC_REPRESENTATION_CONTEXT(2) 
PARAMETRIC_REPRESENTATION_CONTEXT() REPRESENTATION_CONTEXT('2D SPACE',''
  ) );
#4576 = PCURVE('',#4255,#4577);
#4577 = DEFINITIONAL_REPRESENTATION('',(#4578),#4582);
#4578 = LINE('',#4579,#4580);
#4579 = CARTESIAN_POINT('',(10.,0.));
#4580 = VECTOR('',#4581,1.);
#4581 = DIRECTION('',(0.,1.));
#4582 = ( GEOMETRIC_REPRESENTATION_CONTEXT(2) 
PARAMETRIC_REPRESENTATION_CONTEXT() REPRESENTATION_CONTEXT('2D SPACE',''
  ) );
#4583 = ORIENTED_EDGE('',*,*,#4266,.F.);
#4584 = ADVANCED_FACE('',(#4585),#4255,.F.);
#4585 = FACE_BOUND('',#4586,.F.);
#4586 = EDGE_LOOP('',(#4587,#4610,#4631,#4632));
#4587 = ORIENTED_EDGE('',*,*,#4588,.F.);
#4588 = EDGE_CURVE('',#4589,#4220,#4591,.T.);
#4589 = VERTEX_POINT('',#4590);
#4590 = CARTESIAN_POINT('',(-71.,25.5,27.));
#4591 = SURFACE_CURVE('',#4592,(#4596,#4603),.PCURVE_S1.);
#4592 = LINE('',#4593,#4594);
#4593 = CARTESIAN_POINT('',(-71.,25.5,27.));
#4594 = VECTOR('',#4595,1.);
#4595 = DIRECTION('',(-0.,1.,0.));
#4596 = PCURVE('',#4255,#4597);
#4597 = DEFINITIONAL_REPRESENTATION('',(#4598),#4602);
#4598 = LINE('',#4599,#4600);
#4599 = CARTESIAN_POINT('',(0.,0.));
#4600 = VECTOR('',#4601,1.);
#4601 = DIRECTION('',(0.,1.));
#4602 = ( GEOMETRIC_REPRESENTATION_CONTEXT(2) 
PARAMETRIC_REPRESENTATION_CONTEXT() REPRESENTATION_CONTEXT('2D SPACE',''
  ) );
#4603 = PCURVE('',#3925,#4604);
#4604 = DEFINITIONAL_REPRESENTATION('',(#4605),#4609);
#4605 = LINE('',#4606,#4607);
#4606 = CARTESIAN_POINT('',(0.,0.));
#4607 = VECTOR('',#4608,1.);
#4608 = DIRECTION('',(0.,-1.));
#4609 = ( GEOMETRIC_REPRESENTATION_CONTEXT(2) 
PARAMETRIC_REPRESENTATION_CONTEXT() REPRESENTATION_CONTEXT('2D SPACE',''
  ) );
#4610 = ORIENTED_EDGE('',*,*,#4611,.T.);
#4611 = EDGE_CURVE('',#4589,#4541,#4612,.T.);
#4612 = SURFACE_CURVE('',#4613,(#4617,#4624),.PCURVE_S1.);
#4613 = LINE('',#4614,#4615);
#4614 = CARTESIAN_POINT('',(-71.,25.5,27.));
#4615 = VECTOR('',#4616,1.);
#4616 = DIRECTION('',(1.,0.,-0.));
#4617 = PCURVE('',#4255,#4618);
#4618 = DEFINITIONAL_REPRESENTATION('',(#4619),#4623);
#4619 = LINE('',#4620,#4621);
#4620 = CARTESIAN_POINT('',(0.,0.));
#4621 = VECTOR('',#4622,1.);
#4622 = DIRECTION('',(1.,0.));
#4623 = ( GEOMETRIC_REPRESENTATION_CONTEXT(2) 
PARAMETRIC_REPRESENTATION_CONTEXT() REPRESENTATION_CONTEXT('2D SPACE',''
  ) );
#4624 = PCURVE('',#3953,#4625);
#4625 = DEFINITIONAL_REPRESENTATION('',(#4626),#4630);
#4626 = LINE('',#4627,#4628);
#4627 = CARTESIAN_POINT('',(0.,0.));
#4628 = VECTOR('',#4629,1.);
#4629 = DIRECTION('',(0.,1.));
#4630 = ( GEOMETRIC_REPRESENTATION_CONTEXT(2) 
PARAMETRIC_REPRESENTATION_CONTEXT() REPRESENTATION_CONTEXT('2D SPACE',''
  ) );
#4631 = ORIENTED_EDGE('',*,*,#4563,.T.);
#4632 = ORIENTED_EDGE('',*,*,#4240,.F.);
#4633 = ADVANCED_FACE('',(#4634),#3925,.F.);
#4634 = FACE_BOUND('',#4635,.F.);
#4635 = EDGE_LOOP('',(#4636,#4637,#4658,#4659));
#4636 = ORIENTED_EDGE('',*,*,#3909,.F.);
#4637 = ORIENTED_EDGE('',*,*,#4638,.F.);
#4638 = EDGE_CURVE('',#4589,#3910,#4639,.T.);
#4639 = SURFACE_CURVE('',#4640,(#4644,#4651),.PCURVE_S1.);
#4640 = LINE('',#4641,#4642);
#4641 = CARTESIAN_POINT('',(-71.,25.5,27.));
#4642 = VECTOR('',#4643,1.);
#4643 = DIRECTION('',(0.,0.,1.));
#4644 = PCURVE('',#3925,#4645);
#4645 = DEFINITIONAL_REPRESENTATION('',(#4646),#4650);
#4646 = LINE('',#4647,#4648);
#4647 = CARTESIAN_POINT('',(0.,0.));
#4648 = VECTOR('',#4649,1.);
#4649 = DIRECTION('',(1.,0.));
#4650 = ( GEOMETRIC_REPRESENTATION_CONTEXT(2) 
PARAMETRIC_REPRESENTATION_CONTEXT() REPRESENTATION_CONTEXT('2D SPACE',''
  ) );
#4651 = PCURVE('',#3953,#4652);
#4652 = DEFINITIONAL_REPRESENTATION('',(#4653),#4657);
#4653 = LINE('',#4654,#4655);
#4654 = CARTESIAN_POINT('',(0.,0.));
#4655 = VECTOR('',#4656,1.);
#4656 = DIRECTION('',(1.,0.));
#4657 = ( GEOMETRIC_REPRESENTATION_CONTEXT(2) 
PARAMETRIC_REPRESENTATION_CONTEXT() REPRESENTATION_CONTEXT('2D SPACE',''
  ) );
#4658 = ORIENTED_EDGE('',*,*,#4588,.T.);
#4659 = ORIENTED_EDGE('',*,*,#4219,.F.);
#4660 = ADVANCED_FACE('',(#4661),#4138,.F.);
#4661 = FACE_BOUND('',#4662,.F.);
#4662 = EDGE_LOOP('',(#4663,#4664,#4665));
#4663 = ORIENTED_EDGE('',*,*,#4122,.F.);
#4664 = ORIENTED_EDGE('',*,*,#4505,.T.);
#4665 = ORIENTED_EDGE('',*,*,#4666,.T.);
#4666 = EDGE_CURVE('',#4485,#4095,#4667,.T.);
#4667 = SURFACE_CURVE('',#4668,(#4672,#4679),.PCURVE_S1.);
#4668 = LINE('',#4669,#4670);
#4669 = CARTESIAN_POINT('',(-71.,32.5,27.));
#4670 = VECTOR('',#4671,1.);
#4671 = DIRECTION('',(0.,0.,1.));
#4672 = PCURVE('',#4138,#4673);
#4673 = DEFINITIONAL_REPRESENTATION('',(#4674),#4678);
#4674 = LINE('',#4675,#4676);
#4675 = CARTESIAN_POINT('',(0.,-7.));
#4676 = VECTOR('',#4677,1.);
#4677 = DIRECTION('',(1.,0.));
#4678 = ( GEOMETRIC_REPRESENTATION_CONTEXT(2) 
PARAMETRIC_REPRESENTATION_CONTEXT() REPRESENTATION_CONTEXT('2D SPACE',''
  ) );
#4679 = PCURVE('',#4110,#4680);
#4680 = DEFINITIONAL_REPRESENTATION('',(#4681),#4685);
#4681 = LINE('',#4682,#4683);
#4682 = CARTESIAN_POINT('',(0.,0.));
#4683 = VECTOR('',#4684,1.);
#4684 = DIRECTION('',(1.,0.));
#4685 = ( GEOMETRIC_REPRESENTATION_CONTEXT(2) 
PARAMETRIC_REPRESENTATION_CONTEXT() REPRESENTATION_CONTEXT('2D SPACE',''
  ) );
#4686 = ADVANCED_FACE('',(#4687),#4110,.T.);
#4687 = FACE_BOUND('',#4688,.T.);
#4688 = EDGE_LOOP('',(#4689,#4710,#4711,#4712));
#4689 = ORIENTED_EDGE('',*,*,#4690,.F.);
#4690 = EDGE_CURVE('',#4461,#4067,#4691,.T.);
#4691 = SURFACE_CURVE('',#4692,(#4696,#4703),.PCURVE_S1.);
#4692 = LINE('',#4693,#4694);
#4693 = CARTESIAN_POINT('',(-61.,32.5,27.));
#4694 = VECTOR('',#4695,1.);
#4695 = DIRECTION('',(0.,0.,1.));
#4696 = PCURVE('',#4110,#4697);
#4697 = DEFINITIONAL_REPRESENTATION('',(#4698),#4702);
#4698 = LINE('',#4699,#4700);
#4699 = CARTESIAN_POINT('',(0.,10.));
#4700 = VECTOR('',#4701,1.);
#4701 = DIRECTION('',(1.,0.));
#4702 = ( GEOMETRIC_REPRESENTATION_CONTEXT(2) 
PARAMETRIC_REPRESENTATION_CONTEXT() REPRESENTATION_CONTEXT('2D SPACE',''
  ) );
#4703 = PCURVE('',#4082,#4704);
#4704 = DEFINITIONAL_REPRESENTATION('',(#4705),#4709);
#4705 = LINE('',#4706,#4707);
#4706 = CARTESIAN_POINT('',(0.,-7.));
#4707 = VECTOR('',#4708,1.);
#4708 = DIRECTION('',(1.,0.));
#4709 = ( GEOMETRIC_REPRESENTATION_CONTEXT(2) 
PARAMETRIC_REPRESENTATION_CONTEXT() REPRESENTATION_CONTEXT('2D SPACE',''
  ) );
#4710 = ORIENTED_EDGE('',*,*,#4484,.F.);
#4711 = ORIENTED_EDGE('',*,*,#4666,.T.);
#4712 = ORIENTED_EDGE('',*,*,#4094,.T.);
#4713 = ADVANCED_FACE('',(#4714),#4082,.T.);
#4714 = FACE_BOUND('',#4715,.T.);
#4715 = EDGE_LOOP('',(#4716,#4717,#4718));
#4716 = ORIENTED_EDGE('',*,*,#4066,.F.);
#4717 = ORIENTED_EDGE('',*,*,#4460,.T.);
#4718 = ORIENTED_EDGE('',*,*,#4690,.T.);
#4719 = ADVANCED_FACE('',(#4720),#3953,.F.);
#4720 = FACE_BOUND('',#4721,.F.);
#4721 = EDGE_LOOP('',(#4722,#4723,#4724,#4725));
#4722 = ORIENTED_EDGE('',*,*,#4611,.F.);
#4723 = ORIENTED_EDGE('',*,*,#4638,.T.);
#4724 = ORIENTED_EDGE('',*,*,#3937,.T.);
#4725 = ORIENTED_EDGE('',*,*,#4540,.F.);
#4726 = MANIFOLD_SOLID_BREP('',#4727);
#4727 = CLOSED_SHELL('',(#4728,#4848,#4926,#5004,#5378,#5717,#5744,#5771
    ,#5798,#5825,#6044,#6191,#6246,#6595,#6650,#6944,#6999,#7343,#7376,
    #7409,#7442,#7475,#7508,#7555,#7582,#7609,#7616,#7663,#7690,#7717,
    #7724,#7777,#7830,#7866,#8012,#8088,#8189,#8280,#8308,#8406,#8433,
    #8512,#8586,#8622,#8768,#8804,#8880,#8981,#9072,#9100,#9198,#9225,
    #9304,#9378,#9414,#9445,#9476,#9507,#9538,#9565,#9634,#9757,#9832,
    #9891,#10014,#10117,#10148,#10282,#10351,#10485,#10608,#10711,#10742
    ,#10865,#10968,#10999,#11026,#11100,#11105,#11112,#11186,#11191,
    #11198,#11245,#11250,#11255,#11302,#11307,#11312,#11386,#11391,
    #11398,#11472,#11477));
#4728 = ADVANCED_FACE('',(#4729),#4743,.T.);
#4729 = FACE_BOUND('',#4730,.T.);
#4730 = EDGE_LOOP('',(#4731,#4766,#4794,#4822));
#4731 = ORIENTED_EDGE('',*,*,#4732,.T.);
#4732 = EDGE_CURVE('',#4733,#4735,#4737,.T.);
#4733 = VERTEX_POINT('',#4734);
#4734 = CARTESIAN_POINT('',(-108.,-61.,4.));
#4735 = VERTEX_POINT('',#4736);
#4736 = CARTESIAN_POINT('',(-108.,-61.,27.));
#4737 = SURFACE_CURVE('',#4738,(#4742,#4754),.PCURVE_S1.);
#4738 = LINE('',#4739,#4740);
#4739 = CARTESIAN_POINT('',(-108.,-61.,4.));
#4740 = VECTOR('',#4741,1.);
#4741 = DIRECTION('',(0.,0.,1.));
#4742 = PCURVE('',#4743,#4748);
#4743 = PLANE('',#4744);
#4744 = AXIS2_PLACEMENT_3D('',#4745,#4746,#4747);
#4745 = CARTESIAN_POINT('',(-108.,-61.,4.));
#4746 = DIRECTION('',(-1.,0.,0.));
#4747 = DIRECTION('',(0.,1.,0.));
#4748 = DEFINITIONAL_REPRESENTATION('',(#4749),#4753);
#4749 = LINE('',#4750,#4751);
#4750 = CARTESIAN_POINT('',(0.,0.));
#4751 = VECTOR('',#4752,1.);
#4752 = DIRECTION('',(0.,-1.));
#4753 = ( GEOMETRIC_REPRESENTATION_CONTEXT(2) 
PARAMETRIC_REPRESENTATION_CONTEXT() REPRESENTATION_CONTEXT('2D SPACE',''
  ) );
#4754 = PCURVE('',#4755,#4760);
#4755 = CYLINDRICAL_SURFACE('',#4756,8.);
#4756 = AXIS2_PLACEMENT_3D('',#4757,#4758,#4759);
#4757 = CARTESIAN_POINT('',(-100.,-61.,4.));
#4758 = DIRECTION('',(-0.,-0.,-1.));
#4759 = DIRECTION('',(1.,0.,0.));
#4760 = DEFINITIONAL_REPRESENTATION('',(#4761),#4765);
#4761 = LINE('',#4762,#4763);
#4762 = CARTESIAN_POINT('',(-3.14159265359,0.));
#4763 = VECTOR('',#4764,1.);
#4764 = DIRECTION('',(-0.,-1.));
#4765 = ( GEOMETRIC_REPRESENTATION_CONTEXT(2) 
PARAMETRIC_REPRESENTATION_CONTEXT() REPRESENTATION_CONTEXT('2D SPACE',''
  ) );
#4766 = ORIENTED_EDGE('',*,*,#4767,.T.);
#4767 = EDGE_CURVE('',#4735,#4768,#4770,.T.);
#4768 = VERTEX_POINT('',#4769);
#4769 = CARTESIAN_POINT('',(-108.,60.999999985424,27.));
#4770 = SURFACE_CURVE('',#4771,(#4775,#4782),.PCURVE_S1.);
#4771 = LINE('',#4772,#4773);
#4772 = CARTESIAN_POINT('',(-108.,1.676880856394E-12,27.));
#4773 = VECTOR('',#4774,1.);
#4774 = DIRECTION('',(0.,1.,0.));
#4775 = PCURVE('',#4743,#4776);
#4776 = DEFINITIONAL_REPRESENTATION('',(#4777),#4781);
#4777 = LINE('',#4778,#4779);
#4778 = CARTESIAN_POINT('',(61.000000000003,-23.));
#4779 = VECTOR('',#4780,1.);
#4780 = DIRECTION('',(1.,0.));
#4781 = ( GEOMETRIC_REPRESENTATION_CONTEXT(2) 
PARAMETRIC_REPRESENTATION_CONTEXT() REPRESENTATION_CONTEXT('2D SPACE',''
  ) );
#4782 = PCURVE('',#4783,#4788);
#4783 = PLANE('',#4784);
#4784 = AXIS2_PLACEMENT_3D('',#4785,#4786,#4787);
#4785 = CARTESIAN_POINT('',(6.432538211843E-15,-3.084895702195E-09,27.)
  );
#4786 = DIRECTION('',(0.,0.,1.));
#4787 = DIRECTION('',(1.,0.,0.));
#4788 = DEFINITIONAL_REPRESENTATION('',(#4789),#4793);
#4789 = LINE('',#4790,#4791);
#4790 = CARTESIAN_POINT('',(-108.,3.086572583052E-09));
#4791 = VECTOR('',#4792,1.);
#4792 = DIRECTION('',(0.,1.));
#4793 = ( GEOMETRIC_REPRESENTATION_CONTEXT(2) 
PARAMETRIC_REPRESENTATION_CONTEXT() REPRESENTATION_CONTEXT('2D SPACE',''
  ) );
#4794 = ORIENTED_EDGE('',*,*,#4795,.F.);
#4795 = EDGE_CURVE('',#4796,#4768,#4798,.T.);
#4796 = VERTEX_POINT('',#4797);
#4797 = CARTESIAN_POINT('',(-108.,60.999999985424,4.));
#4798 = SURFACE_CURVE('',#4799,(#4803,#4810),.PCURVE_S1.);
#4799 = LINE('',#4800,#4801);
#4800 = CARTESIAN_POINT('',(-108.,60.999999985424,4.));
#4801 = VECTOR('',#4802,1.);
#4802 = DIRECTION('',(0.,0.,1.));
#4803 = PCURVE('',#4743,#4804);
#4804 = DEFINITIONAL_REPRESENTATION('',(#4805),#4809);
#4805 = LINE('',#4806,#4807);
#4806 = CARTESIAN_POINT('',(121.99999998542,0.));
#4807 = VECTOR('',#4808,1.);
#4808 = DIRECTION('',(0.,-1.));
#4809 = ( GEOMETRIC_REPRESENTATION_CONTEXT(2) 
PARAMETRIC_REPRESENTATION_CONTEXT() REPRESENTATION_CONTEXT('2D SPACE',''
  ) );
#4810 = PCURVE('',#4811,#4816);
#4811 = CYLINDRICAL_SURFACE('',#4812,8.);
#4812 = AXIS2_PLACEMENT_3D('',#4813,#4814,#4815);
#4813 = CARTESIAN_POINT('',(-100.,60.999999985424,4.));
#4814 = DIRECTION('',(-0.,-0.,-1.));
#4815 = DIRECTION('',(1.,0.,0.));
#4816 = DEFINITIONAL_REPRESENTATION('',(#4817),#4821);
#4817 = LINE('',#4818,#4819);
#4818 = CARTESIAN_POINT('',(-3.14159265359,0.));
#4819 = VECTOR('',#4820,1.);
#4820 = DIRECTION('',(-0.,-1.));
#4821 = ( GEOMETRIC_REPRESENTATION_CONTEXT(2) 
PARAMETRIC_REPRESENTATION_CONTEXT() REPRESENTATION_CONTEXT('2D SPACE',''
  ) );
#4822 = ORIENTED_EDGE('',*,*,#4823,.F.);
#4823 = EDGE_CURVE('',#4733,#4796,#4824,.T.);
#4824 = SURFACE_CURVE('',#4825,(#4829,#4836),.PCURVE_S1.);
#4825 = LINE('',#4826,#4827);
#4826 = CARTESIAN_POINT('',(-108.,1.676880856394E-12,4.));
#4827 = VECTOR('',#4828,1.);
#4828 = DIRECTION('',(0.,1.,0.));
#4829 = PCURVE('',#4743,#4830);
#4830 = DEFINITIONAL_REPRESENTATION('',(#4831),#4835);
#4831 = LINE('',#4832,#4833);
#4832 = CARTESIAN_POINT('',(61.000000000003,0.));
#4833 = VECTOR('',#4834,1.);
#4834 = DIRECTION('',(1.,0.));
#4835 = ( GEOMETRIC_REPRESENTATION_CONTEXT(2) 
PARAMETRIC_REPRESENTATION_CONTEXT() REPRESENTATION_CONTEXT('2D SPACE',''
  ) );
#4836 = PCURVE('',#4837,#4842);
#4837 = PLANE('',#4838);
#4838 = AXIS2_PLACEMENT_3D('',#4839,#4840,#4841);
#4839 = CARTESIAN_POINT('',(6.432538211843E-15,-3.084895702195E-09,4.));
#4840 = DIRECTION('',(0.,0.,1.));
#4841 = DIRECTION('',(1.,0.,0.));
#4842 = DEFINITIONAL_REPRESENTATION('',(#4843),#4847);
#4843 = LINE('',#4844,#4845);
#4844 = CARTESIAN_POINT('',(-108.,3.086572583052E-09));
#4845 = VECTOR('',#4846,1.);
#4846 = DIRECTION('',(0.,1.));
#4847 = ( GEOMETRIC_REPRESENTATION_CONTEXT(2) 
PARAMETRIC_REPRESENTATION_CONTEXT() REPRESENTATION_CONTEXT('2D SPACE',''
  ) );
#4848 = ADVANCED_FACE('',(#4849),#4755,.T.);
#4849 = FACE_BOUND('',#4850,.F.);
#4850 = EDGE_LOOP('',(#4851,#4852,#4876,#4904));
#4851 = ORIENTED_EDGE('',*,*,#4732,.T.);
#4852 = ORIENTED_EDGE('',*,*,#4853,.T.);
#4853 = EDGE_CURVE('',#4735,#4854,#4856,.T.);
#4854 = VERTEX_POINT('',#4855);
#4855 = CARTESIAN_POINT('',(-100.,-69.,27.));
#4856 = SURFACE_CURVE('',#4857,(#4862,#4869),.PCURVE_S1.);
#4857 = CIRCLE('',#4858,8.);
#4858 = AXIS2_PLACEMENT_3D('',#4859,#4860,#4861);
#4859 = CARTESIAN_POINT('',(-100.,-61.,27.));
#4860 = DIRECTION('',(0.,0.,1.));
#4861 = DIRECTION('',(1.,0.,0.));
#4862 = PCURVE('',#4755,#4863);
#4863 = DEFINITIONAL_REPRESENTATION('',(#4864),#4868);
#4864 = LINE('',#4865,#4866);
#4865 = CARTESIAN_POINT('',(-0.,-23.));
#4866 = VECTOR('',#4867,1.);
#4867 = DIRECTION('',(-1.,0.));
#4868 = ( GEOMETRIC_REPRESENTATION_CONTEXT(2) 
PARAMETRIC_REPRESENTATION_CONTEXT() REPRESENTATION_CONTEXT('2D SPACE',''
  ) );
#4869 = PCURVE('',#4783,#4870);
#4870 = DEFINITIONAL_REPRESENTATION('',(#4871),#4875);
#4871 = CIRCLE('',#4872,8.);
#4872 = AXIS2_PLACEMENT_2D('',#4873,#4874);
#4873 = CARTESIAN_POINT('',(-100.,-60.99999999691));
#4874 = DIRECTION('',(1.,0.));
#4875 = ( GEOMETRIC_REPRESENTATION_CONTEXT(2) 
PARAMETRIC_REPRESENTATION_CONTEXT() REPRESENTATION_CONTEXT('2D SPACE',''
  ) );
#4876 = ORIENTED_EDGE('',*,*,#4877,.F.);
#4877 = EDGE_CURVE('',#4878,#4854,#4880,.T.);
#4878 = VERTEX_POINT('',#4879);
#4879 = CARTESIAN_POINT('',(-100.,-69.,4.));
#4880 = SURFACE_CURVE('',#4881,(#4885,#4892),.PCURVE_S1.);
#4881 = LINE('',#4882,#4883);
#4882 = CARTESIAN_POINT('',(-100.,-69.,4.));
#4883 = VECTOR('',#4884,1.);
#4884 = DIRECTION('',(0.,0.,1.));
#4885 = PCURVE('',#4755,#4886);
#4886 = DEFINITIONAL_REPRESENTATION('',(#4887),#4891);
#4887 = LINE('',#4888,#4889);
#4888 = CARTESIAN_POINT('',(-4.712388980385,0.));
#4889 = VECTOR('',#4890,1.);
#4890 = DIRECTION('',(-0.,-1.));
#4891 = ( GEOMETRIC_REPRESENTATION_CONTEXT(2) 
PARAMETRIC_REPRESENTATION_CONTEXT() REPRESENTATION_CONTEXT('2D SPACE',''
  ) );
#4892 = PCURVE('',#4893,#4898);
#4893 = PLANE('',#4894);
#4894 = AXIS2_PLACEMENT_3D('',#4895,#4896,#4897);
#4895 = CARTESIAN_POINT('',(-100.,-68.99999999999,4.));
#4896 = DIRECTION('',(0.,1.,0.));
#4897 = DIRECTION('',(1.,0.,0.));
#4898 = DEFINITIONAL_REPRESENTATION('',(#4899),#4903);
#4899 = LINE('',#4900,#4901);
#4900 = CARTESIAN_POINT('',(0.,0.));
#4901 = VECTOR('',#4902,1.);
#4902 = DIRECTION('',(0.,-1.));
#4903 = ( GEOMETRIC_REPRESENTATION_CONTEXT(2) 
PARAMETRIC_REPRESENTATION_CONTEXT() REPRESENTATION_CONTEXT('2D SPACE',''
  ) );
#4904 = ORIENTED_EDGE('',*,*,#4905,.F.);
#4905 = EDGE_CURVE('',#4733,#4878,#4906,.T.);
#4906 = SURFACE_CURVE('',#4907,(#4912,#4919),.PCURVE_S1.);
#4907 = CIRCLE('',#4908,8.);
#4908 = AXIS2_PLACEMENT_3D('',#4909,#4910,#4911);
#4909 = CARTESIAN_POINT('',(-100.,-61.,4.));
#4910 = DIRECTION('',(0.,0.,1.));
#4911 = DIRECTION('',(1.,0.,0.));
#4912 = PCURVE('',#4755,#4913);
#4913 = DEFINITIONAL_REPRESENTATION('',(#4914),#4918);
#4914 = LINE('',#4915,#4916);
#4915 = CARTESIAN_POINT('',(-0.,0.));
#4916 = VECTOR('',#4917,1.);
#4917 = DIRECTION('',(-1.,0.));
#4918 = ( GEOMETRIC_REPRESENTATION_CONTEXT(2) 
PARAMETRIC_REPRESENTATION_CONTEXT() REPRESENTATION_CONTEXT('2D SPACE',''
  ) );
#4919 = PCURVE('',#4837,#4920);
#4920 = DEFINITIONAL_REPRESENTATION('',(#4921),#4925);
#4921 = CIRCLE('',#4922,8.);
#4922 = AXIS2_PLACEMENT_2D('',#4923,#4924);
#4923 = CARTESIAN_POINT('',(-100.,-60.99999999691));
#4924 = DIRECTION('',(1.,0.));
#4925 = ( GEOMETRIC_REPRESENTATION_CONTEXT(2) 
PARAMETRIC_REPRESENTATION_CONTEXT() REPRESENTATION_CONTEXT('2D SPACE',''
  ) );
#4926 = ADVANCED_FACE('',(#4927),#4811,.T.);
#4927 = FACE_BOUND('',#4928,.F.);
#4928 = EDGE_LOOP('',(#4929,#4959,#4981,#4982));
#4929 = ORIENTED_EDGE('',*,*,#4930,.T.);
#4930 = EDGE_CURVE('',#4931,#4933,#4935,.T.);
#4931 = VERTEX_POINT('',#4932);
#4932 = CARTESIAN_POINT('',(-100.,68.999999992713,4.));
#4933 = VERTEX_POINT('',#4934);
#4934 = CARTESIAN_POINT('',(-100.,68.999999992713,27.));
#4935 = SURFACE_CURVE('',#4936,(#4940,#4947),.PCURVE_S1.);
#4936 = LINE('',#4937,#4938);
#4937 = CARTESIAN_POINT('',(-100.,68.999999992713,4.));
#4938 = VECTOR('',#4939,1.);
#4939 = DIRECTION('',(0.,0.,1.));
#4940 = PCURVE('',#4811,#4941);
#4941 = DEFINITIONAL_REPRESENTATION('',(#4942),#4946);
#4942 = LINE('',#4943,#4944);
#4943 = CARTESIAN_POINT('',(-1.570796326795,0.));
#4944 = VECTOR('',#4945,1.);
#4945 = DIRECTION('',(-0.,-1.));
#4946 = ( GEOMETRIC_REPRESENTATION_CONTEXT(2) 
PARAMETRIC_REPRESENTATION_CONTEXT() REPRESENTATION_CONTEXT('2D SPACE',''
  ) );
#4947 = PCURVE('',#4948,#4953);
#4948 = PLANE('',#4949);
#4949 = AXIS2_PLACEMENT_3D('',#4950,#4951,#4952);
#4950 = CARTESIAN_POINT('',(-100.,69.000000000002,4.));
#4951 = DIRECTION('',(0.,1.,0.));
#4952 = DIRECTION('',(1.,0.,0.));
#4953 = DEFINITIONAL_REPRESENTATION('',(#4954),#4958);
#4954 = LINE('',#4955,#4956);
#4955 = CARTESIAN_POINT('',(0.,0.));
#4956 = VECTOR('',#4957,1.);
#4957 = DIRECTION('',(0.,-1.));
#4958 = ( GEOMETRIC_REPRESENTATION_CONTEXT(2) 
PARAMETRIC_REPRESENTATION_CONTEXT() REPRESENTATION_CONTEXT('2D SPACE',''
  ) );
#4959 = ORIENTED_EDGE('',*,*,#4960,.T.);
#4960 = EDGE_CURVE('',#4933,#4768,#4961,.T.);
#4961 = SURFACE_CURVE('',#4962,(#4967,#4974),.PCURVE_S1.);
#4962 = CIRCLE('',#4963,8.);
#4963 = AXIS2_PLACEMENT_3D('',#4964,#4965,#4966);
#4964 = CARTESIAN_POINT('',(-100.,60.999999985424,27.));
#4965 = DIRECTION('',(0.,0.,1.));
#4966 = DIRECTION('',(1.,0.,0.));
#4967 = PCURVE('',#4811,#4968);
#4968 = DEFINITIONAL_REPRESENTATION('',(#4969),#4973);
#4969 = LINE('',#4970,#4971);
#4970 = CARTESIAN_POINT('',(-0.,-23.));
#4971 = VECTOR('',#4972,1.);
#4972 = DIRECTION('',(-1.,0.));
#4973 = ( GEOMETRIC_REPRESENTATION_CONTEXT(2) 
PARAMETRIC_REPRESENTATION_CONTEXT() REPRESENTATION_CONTEXT('2D SPACE',''
  ) );
#4974 = PCURVE('',#4783,#4975);
#4975 = DEFINITIONAL_REPRESENTATION('',(#4976),#4980);
#4976 = CIRCLE('',#4977,8.);
#4977 = AXIS2_PLACEMENT_2D('',#4978,#4979);
#4978 = CARTESIAN_POINT('',(-100.,60.999999988509));
#4979 = DIRECTION('',(1.,0.));
#4980 = ( GEOMETRIC_REPRESENTATION_CONTEXT(2) 
PARAMETRIC_REPRESENTATION_CONTEXT() REPRESENTATION_CONTEXT('2D SPACE',''
  ) );
#4981 = ORIENTED_EDGE('',*,*,#4795,.F.);
#4982 = ORIENTED_EDGE('',*,*,#4983,.F.);
#4983 = EDGE_CURVE('',#4931,#4796,#4984,.T.);
#4984 = SURFACE_CURVE('',#4985,(#4990,#4997),.PCURVE_S1.);
#4985 = CIRCLE('',#4986,8.);
#4986 = AXIS2_PLACEMENT_3D('',#4987,#4988,#4989);
#4987 = CARTESIAN_POINT('',(-100.,60.999999985424,4.));
#4988 = DIRECTION('',(0.,0.,1.));
#4989 = DIRECTION('',(1.,0.,0.));
#4990 = PCURVE('',#4811,#4991);
#4991 = DEFINITIONAL_REPRESENTATION('',(#4992),#4996);
#4992 = LINE('',#4993,#4994);
#4993 = CARTESIAN_POINT('',(-0.,0.));
#4994 = VECTOR('',#4995,1.);
#4995 = DIRECTION('',(-1.,0.));
#4996 = ( GEOMETRIC_REPRESENTATION_CONTEXT(2) 
PARAMETRIC_REPRESENTATION_CONTEXT() REPRESENTATION_CONTEXT('2D SPACE',''
  ) );
#4997 = PCURVE('',#4837,#4998);
#4998 = DEFINITIONAL_REPRESENTATION('',(#4999),#5003);
#4999 = CIRCLE('',#5000,8.);
#5000 = AXIS2_PLACEMENT_2D('',#5001,#5002);
#5001 = CARTESIAN_POINT('',(-100.,60.999999988509));
#5002 = DIRECTION('',(1.,0.));
#5003 = ( GEOMETRIC_REPRESENTATION_CONTEXT(2) 
PARAMETRIC_REPRESENTATION_CONTEXT() REPRESENTATION_CONTEXT('2D SPACE',''
  ) );
#5004 = ADVANCED_FACE('',(#5005,#5140),#4837,.F.);
#5005 = FACE_BOUND('',#5006,.F.);
#5006 = EDGE_LOOP('',(#5007,#5008,#5009,#5032,#5061,#5089,#5118,#5139));
#5007 = ORIENTED_EDGE('',*,*,#4823,.F.);
#5008 = ORIENTED_EDGE('',*,*,#4905,.T.);
#5009 = ORIENTED_EDGE('',*,*,#5010,.T.);
#5010 = EDGE_CURVE('',#4878,#5011,#5013,.T.);
#5011 = VERTEX_POINT('',#5012);
#5012 = CARTESIAN_POINT('',(100.,-69.,4.));
#5013 = SURFACE_CURVE('',#5014,(#5018,#5025),.PCURVE_S1.);
#5014 = LINE('',#5015,#5016);
#5015 = CARTESIAN_POINT('',(0.,-68.99999999999,4.));
#5016 = VECTOR('',#5017,1.);
#5017 = DIRECTION('',(1.,0.,0.));
#5018 = PCURVE('',#4837,#5019);
#5019 = DEFINITIONAL_REPRESENTATION('',(#5020),#5024);
#5020 = LINE('',#5021,#5022);
#5021 = CARTESIAN_POINT('',(-6.432538211843E-15,-68.99999999691));
#5022 = VECTOR('',#5023,1.);
#5023 = DIRECTION('',(1.,0.));
#5024 = ( GEOMETRIC_REPRESENTATION_CONTEXT(2) 
PARAMETRIC_REPRESENTATION_CONTEXT() REPRESENTATION_CONTEXT('2D SPACE',''
  ) );
#5025 = PCURVE('',#4893,#5026);
#5026 = DEFINITIONAL_REPRESENTATION('',(#5027),#5031);
#5027 = LINE('',#5028,#5029);
#5028 = CARTESIAN_POINT('',(100.,0.));
#5029 = VECTOR('',#5030,1.);
#5030 = DIRECTION('',(1.,0.));
#5031 = ( GEOMETRIC_REPRESENTATION_CONTEXT(2) 
PARAMETRIC_REPRESENTATION_CONTEXT() REPRESENTATION_CONTEXT('2D SPACE',''
  ) );
#5032 = ORIENTED_EDGE('',*,*,#5033,.T.);
#5033 = EDGE_CURVE('',#5011,#5034,#5036,.T.);
#5034 = VERTEX_POINT('',#5035);
#5035 = CARTESIAN_POINT('',(108.,-61.,4.));
#5036 = SURFACE_CURVE('',#5037,(#5042,#5049),.PCURVE_S1.);
#5037 = CIRCLE('',#5038,8.);
#5038 = AXIS2_PLACEMENT_3D('',#5039,#5040,#5041);
#5039 = CARTESIAN_POINT('',(100.,-61.,4.));
#5040 = DIRECTION('',(0.,0.,1.));
#5041 = DIRECTION('',(1.,0.,0.));
#5042 = PCURVE('',#4837,#5043);
#5043 = DEFINITIONAL_REPRESENTATION('',(#5044),#5048);
#5044 = CIRCLE('',#5045,8.);
#5045 = AXIS2_PLACEMENT_2D('',#5046,#5047);
#5046 = CARTESIAN_POINT('',(100.,-60.99999999691));
#5047 = DIRECTION('',(1.,0.));
#5048 = ( GEOMETRIC_REPRESENTATION_CONTEXT(2) 
PARAMETRIC_REPRESENTATION_CONTEXT() REPRESENTATION_CONTEXT('2D SPACE',''
  ) );
#5049 = PCURVE('',#5050,#5055);
#5050 = CYLINDRICAL_SURFACE('',#5051,8.);
#5051 = AXIS2_PLACEMENT_3D('',#5052,#5053,#5054);
#5052 = CARTESIAN_POINT('',(100.,-61.,4.));
#5053 = DIRECTION('',(-0.,-0.,-1.));
#5054 = DIRECTION('',(1.,0.,0.));
#5055 = DEFINITIONAL_REPRESENTATION('',(#5056),#5060);
#5056 = LINE('',#5057,#5058);
#5057 = CARTESIAN_POINT('',(-0.,0.));
#5058 = VECTOR('',#5059,1.);
#5059 = DIRECTION('',(-1.,0.));
#5060 = ( GEOMETRIC_REPRESENTATION_CONTEXT(2) 
PARAMETRIC_REPRESENTATION_CONTEXT() REPRESENTATION_CONTEXT('2D SPACE',''
  ) );
#5061 = ORIENTED_EDGE('',*,*,#5062,.T.);
#5062 = EDGE_CURVE('',#5034,#5063,#5065,.T.);
#5063 = VERTEX_POINT('',#5064);
#5064 = CARTESIAN_POINT('',(108.,60.999999985424,4.));
#5065 = SURFACE_CURVE('',#5066,(#5070,#5077),.PCURVE_S1.);
#5066 = LINE('',#5067,#5068);
#5067 = CARTESIAN_POINT('',(108.,1.676880856394E-12,4.));
#5068 = VECTOR('',#5069,1.);
#5069 = DIRECTION('',(0.,1.,0.));
#5070 = PCURVE('',#4837,#5071);
#5071 = DEFINITIONAL_REPRESENTATION('',(#5072),#5076);
#5072 = LINE('',#5073,#5074);
#5073 = CARTESIAN_POINT('',(108.,3.086572583052E-09));
#5074 = VECTOR('',#5075,1.);
#5075 = DIRECTION('',(0.,1.));
#5076 = ( GEOMETRIC_REPRESENTATION_CONTEXT(2) 
PARAMETRIC_REPRESENTATION_CONTEXT() REPRESENTATION_CONTEXT('2D SPACE',''
  ) );
#5077 = PCURVE('',#5078,#5083);
#5078 = PLANE('',#5079);
#5079 = AXIS2_PLACEMENT_3D('',#5080,#5081,#5082);
#5080 = CARTESIAN_POINT('',(108.,-61.,4.));
#5081 = DIRECTION('',(-1.,0.,0.));
#5082 = DIRECTION('',(0.,1.,0.));
#5083 = DEFINITIONAL_REPRESENTATION('',(#5084),#5088);
#5084 = LINE('',#5085,#5086);
#5085 = CARTESIAN_POINT('',(61.000000000003,0.));
#5086 = VECTOR('',#5087,1.);
#5087 = DIRECTION('',(1.,0.));
#5088 = ( GEOMETRIC_REPRESENTATION_CONTEXT(2) 
PARAMETRIC_REPRESENTATION_CONTEXT() REPRESENTATION_CONTEXT('2D SPACE',''
  ) );
#5089 = ORIENTED_EDGE('',*,*,#5090,.T.);
#5090 = EDGE_CURVE('',#5063,#5091,#5093,.T.);
#5091 = VERTEX_POINT('',#5092);
#5092 = CARTESIAN_POINT('',(100.,68.999999992713,4.));
#5093 = SURFACE_CURVE('',#5094,(#5099,#5106),.PCURVE_S1.);
#5094 = CIRCLE('',#5095,8.);
#5095 = AXIS2_PLACEMENT_3D('',#5096,#5097,#5098);
#5096 = CARTESIAN_POINT('',(100.,60.999999985424,4.));
#5097 = DIRECTION('',(0.,0.,1.));
#5098 = DIRECTION('',(1.,0.,0.));
#5099 = PCURVE('',#4837,#5100);
#5100 = DEFINITIONAL_REPRESENTATION('',(#5101),#5105);
#5101 = CIRCLE('',#5102,8.);
#5102 = AXIS2_PLACEMENT_2D('',#5103,#5104);
#5103 = CARTESIAN_POINT('',(100.,60.999999988509));
#5104 = DIRECTION('',(1.,0.));
#5105 = ( GEOMETRIC_REPRESENTATION_CONTEXT(2) 
PARAMETRIC_REPRESENTATION_CONTEXT() REPRESENTATION_CONTEXT('2D SPACE',''
  ) );
#5106 = PCURVE('',#5107,#5112);
#5107 = CYLINDRICAL_SURFACE('',#5108,8.);
#5108 = AXIS2_PLACEMENT_3D('',#5109,#5110,#5111);
#5109 = CARTESIAN_POINT('',(100.,60.999999985424,4.));
#5110 = DIRECTION('',(-0.,-0.,-1.));
#5111 = DIRECTION('',(1.,0.,0.));
#5112 = DEFINITIONAL_REPRESENTATION('',(#5113),#5117);
#5113 = LINE('',#5114,#5115);
#5114 = CARTESIAN_POINT('',(-0.,0.));
#5115 = VECTOR('',#5116,1.);
#5116 = DIRECTION('',(-1.,0.));
#5117 = ( GEOMETRIC_REPRESENTATION_CONTEXT(2) 
PARAMETRIC_REPRESENTATION_CONTEXT() REPRESENTATION_CONTEXT('2D SPACE',''
  ) );
#5118 = ORIENTED_EDGE('',*,*,#5119,.F.);
#5119 = EDGE_CURVE('',#4931,#5091,#5120,.T.);
#5120 = SURFACE_CURVE('',#5121,(#5125,#5132),.PCURVE_S1.);
#5121 = LINE('',#5122,#5123);
#5122 = CARTESIAN_POINT('',(0.,69.000000000002,4.));
#5123 = VECTOR('',#5124,1.);
#5124 = DIRECTION('',(1.,0.,0.));
#5125 = PCURVE('',#4837,#5126);
#5126 = DEFINITIONAL_REPRESENTATION('',(#5127),#5131);
#5127 = LINE('',#5128,#5129);
#5128 = CARTESIAN_POINT('',(-6.432538211843E-15,69.000000003087));
#5129 = VECTOR('',#5130,1.);
#5130 = DIRECTION('',(1.,0.));
#5131 = ( GEOMETRIC_REPRESENTATION_CONTEXT(2) 
PARAMETRIC_REPRESENTATION_CONTEXT() REPRESENTATION_CONTEXT('2D SPACE',''
  ) );
#5132 = PCURVE('',#4948,#5133);
#5133 = DEFINITIONAL_REPRESENTATION('',(#5134),#5138);
#5134 = LINE('',#5135,#5136);
#5135 = CARTESIAN_POINT('',(100.,0.));
#5136 = VECTOR('',#5137,1.);
#5137 = DIRECTION('',(1.,0.));
#5138 = ( GEOMETRIC_REPRESENTATION_CONTEXT(2) 
PARAMETRIC_REPRESENTATION_CONTEXT() REPRESENTATION_CONTEXT('2D SPACE',''
  ) );
#5139 = ORIENTED_EDGE('',*,*,#4983,.T.);
#5140 = FACE_BOUND('',#5141,.F.);
#5141 = EDGE_LOOP('',(#5142,#5170,#5203,#5229,#5262,#5288,#5321,#5347));
#5142 = ORIENTED_EDGE('',*,*,#5143,.F.);
#5143 = EDGE_CURVE('',#5144,#5146,#5148,.T.);
#5144 = VERTEX_POINT('',#5145);
#5145 = CARTESIAN_POINT('',(-103.,58.999999980643,4.));
#5146 = VERTEX_POINT('',#5147);
#5147 = CARTESIAN_POINT('',(-103.,-59.,4.));
#5148 = SURFACE_CURVE('',#5149,(#5153,#5159),.PCURVE_S1.);
#5149 = LINE('',#5150,#5151);
#5150 = CARTESIAN_POINT('',(-103.,-29.50000000154,4.));
#5151 = VECTOR('',#5152,1.);
#5152 = DIRECTION('',(0.,-1.,0.));
#5153 = PCURVE('',#4837,#5154);
#5154 = DEFINITIONAL_REPRESENTATION('',(#5155),#5158);
#5155 = B_SPLINE_CURVE_WITH_KNOTS('',1,(#5156,#5157),.UNSPECIFIED.,.F.,
  .F.,(2,2),(-88.49999998218,29.499999998459),.PIECEWISE_BEZIER_KNOTS.);
#5156 = CARTESIAN_POINT('',(-103.,58.999999983728));
#5157 = CARTESIAN_POINT('',(-103.,-58.99999999691));
#5158 = ( GEOMETRIC_REPRESENTATION_CONTEXT(2) 
PARAMETRIC_REPRESENTATION_CONTEXT() REPRESENTATION_CONTEXT('2D SPACE',''
  ) );
#5159 = PCURVE('',#5160,#5165);
#5160 = PLANE('',#5161);
#5161 = AXIS2_PLACEMENT_3D('',#5162,#5163,#5164);
#5162 = CARTESIAN_POINT('',(-103.,-59.,3.));
#5163 = DIRECTION('',(-1.,0.,0.));
#5164 = DIRECTION('',(0.,1.,0.));
#5165 = DEFINITIONAL_REPRESENTATION('',(#5166),#5169);
#5166 = B_SPLINE_CURVE_WITH_KNOTS('',1,(#5167,#5168),.UNSPECIFIED.,.F.,
  .F.,(2,2),(-88.49999998218,29.499999998459),.PIECEWISE_BEZIER_KNOTS.);
#5167 = CARTESIAN_POINT('',(117.99999998064,-1.));
#5168 = CARTESIAN_POINT('',(0.,-1.));
#5169 = ( GEOMETRIC_REPRESENTATION_CONTEXT(2) 
PARAMETRIC_REPRESENTATION_CONTEXT() REPRESENTATION_CONTEXT('2D SPACE',''
  ) );
#5170 = ORIENTED_EDGE('',*,*,#5171,.T.);
#5171 = EDGE_CURVE('',#5144,#5172,#5174,.T.);
#5172 = VERTEX_POINT('',#5173);
#5173 = CARTESIAN_POINT('',(-98.,63.999999990323,4.));
#5174 = SURFACE_CURVE('',#5175,(#5180,#5191),.PCURVE_S1.);
#5175 = CIRCLE('',#5176,5.);
#5176 = AXIS2_PLACEMENT_3D('',#5177,#5178,#5179);
#5177 = CARTESIAN_POINT('',(-98.,58.999999980643,4.));
#5178 = DIRECTION('',(0.,0.,-1.));
#5179 = DIRECTION('',(1.,0.,0.));
#5180 = PCURVE('',#4837,#5181);
#5181 = DEFINITIONAL_REPRESENTATION('',(#5182),#5190);
#5182 = ( BOUNDED_CURVE() B_SPLINE_CURVE(2,(#5183,#5184,#5185,#5186,
#5187,#5188,#5189),.UNSPECIFIED.,.T.,.F.) B_SPLINE_CURVE_WITH_KNOTS((1,2
    ,2,2,2,1),(-2.094395102393,0.,2.094395102393,4.188790204786,
6.28318530718,8.377580409573),.UNSPECIFIED.) CURVE() 
GEOMETRIC_REPRESENTATION_ITEM() RATIONAL_B_SPLINE_CURVE((1.,0.5,1.,0.5,
1.,0.5,1.)) REPRESENTATION_ITEM('') );
#5183 = CARTESIAN_POINT('',(-93.,58.999999983728));
#5184 = CARTESIAN_POINT('',(-93.,50.339745945883));
#5185 = CARTESIAN_POINT('',(-100.5,54.669872964806));
#5186 = CARTESIAN_POINT('',(-108.,58.999999983728));
#5187 = CARTESIAN_POINT('',(-100.5,63.33012700265));
#5188 = CARTESIAN_POINT('',(-93.,67.660254021572));
#5189 = CARTESIAN_POINT('',(-93.,58.999999983728));
#5190 = ( GEOMETRIC_REPRESENTATION_CONTEXT(2) 
PARAMETRIC_REPRESENTATION_CONTEXT() REPRESENTATION_CONTEXT('2D SPACE',''
  ) );
#5191 = PCURVE('',#5192,#5197);
#5192 = CYLINDRICAL_SURFACE('',#5193,5.);
#5193 = AXIS2_PLACEMENT_3D('',#5194,#5195,#5196);
#5194 = CARTESIAN_POINT('',(-98.,58.999999980643,3.));
#5195 = DIRECTION('',(-0.,-0.,-1.));
#5196 = DIRECTION('',(1.,0.,0.));
#5197 = DEFINITIONAL_REPRESENTATION('',(#5198),#5202);
#5198 = LINE('',#5199,#5200);
#5199 = CARTESIAN_POINT('',(-6.28318530718,-1.));
#5200 = VECTOR('',#5201,1.);
#5201 = DIRECTION('',(1.,-0.));
#5202 = ( GEOMETRIC_REPRESENTATION_CONTEXT(2) 
PARAMETRIC_REPRESENTATION_CONTEXT() REPRESENTATION_CONTEXT('2D SPACE',''
  ) );
#5203 = ORIENTED_EDGE('',*,*,#5204,.F.);
#5204 = EDGE_CURVE('',#5205,#5172,#5207,.T.);
#5205 = VERTEX_POINT('',#5206);
#5206 = CARTESIAN_POINT('',(98.,63.999999990323,4.));
#5207 = SURFACE_CURVE('',#5208,(#5212,#5218),.PCURVE_S1.);
#5208 = LINE('',#5209,#5210);
#5209 = CARTESIAN_POINT('',(-49.,64.000000000004,4.));
#5210 = VECTOR('',#5211,1.);
#5211 = DIRECTION('',(-1.,0.,0.));
#5212 = PCURVE('',#4837,#5213);
#5213 = DEFINITIONAL_REPRESENTATION('',(#5214),#5217);
#5214 = B_SPLINE_CURVE_WITH_KNOTS('',1,(#5215,#5216),.UNSPECIFIED.,.F.,
  .F.,(2,2),(-147.,49.),.PIECEWISE_BEZIER_KNOTS.);
#5215 = CARTESIAN_POINT('',(98.,64.000000003089));
#5216 = CARTESIAN_POINT('',(-98.,64.000000003089));
#5217 = ( GEOMETRIC_REPRESENTATION_CONTEXT(2) 
PARAMETRIC_REPRESENTATION_CONTEXT() REPRESENTATION_CONTEXT('2D SPACE',''
  ) );
#5218 = PCURVE('',#5219,#5224);
#5219 = PLANE('',#5220);
#5220 = AXIS2_PLACEMENT_3D('',#5221,#5222,#5223);
#5221 = CARTESIAN_POINT('',(-98.,64.000000000004,3.));
#5222 = DIRECTION('',(0.,1.,0.));
#5223 = DIRECTION('',(1.,0.,0.));
#5224 = DEFINITIONAL_REPRESENTATION('',(#5225),#5228);
#5225 = B_SPLINE_CURVE_WITH_KNOTS('',1,(#5226,#5227),.UNSPECIFIED.,.F.,
  .F.,(2,2),(-147.,49.),.PIECEWISE_BEZIER_KNOTS.);
#5226 = CARTESIAN_POINT('',(196.,-1.));
#5227 = CARTESIAN_POINT('',(0.,-1.));
#5228 = ( GEOMETRIC_REPRESENTATION_CONTEXT(2) 
PARAMETRIC_REPRESENTATION_CONTEXT() REPRESENTATION_CONTEXT('2D SPACE',''
  ) );
#5229 = ORIENTED_EDGE('',*,*,#5230,.T.);
#5230 = EDGE_CURVE('',#5205,#5231,#5233,.T.);
#5231 = VERTEX_POINT('',#5232);
#5232 = CARTESIAN_POINT('',(103.,58.999999980643,4.));
#5233 = SURFACE_CURVE('',#5234,(#5239,#5250),.PCURVE_S1.);
#5234 = CIRCLE('',#5235,5.);
#5235 = AXIS2_PLACEMENT_3D('',#5236,#5237,#5238);
#5236 = CARTESIAN_POINT('',(98.,58.999999980643,4.));
#5237 = DIRECTION('',(0.,0.,-1.));
#5238 = DIRECTION('',(1.,0.,0.));
#5239 = PCURVE('',#4837,#5240);
#5240 = DEFINITIONAL_REPRESENTATION('',(#5241),#5249);
#5241 = ( BOUNDED_CURVE() B_SPLINE_CURVE(2,(#5242,#5243,#5244,#5245,
#5246,#5247,#5248),.UNSPECIFIED.,.T.,.F.) B_SPLINE_CURVE_WITH_KNOTS((1,2
    ,2,2,2,1),(-2.094395102393,0.,2.094395102393,4.188790204786,
6.28318530718,8.377580409573),.UNSPECIFIED.) CURVE() 
GEOMETRIC_REPRESENTATION_ITEM() RATIONAL_B_SPLINE_CURVE((1.,0.5,1.,0.5,
1.,0.5,1.)) REPRESENTATION_ITEM('') );
#5242 = CARTESIAN_POINT('',(103.,58.999999983728));
#5243 = CARTESIAN_POINT('',(103.,50.339745945883));
#5244 = CARTESIAN_POINT('',(95.5,54.669872964806));
#5245 = CARTESIAN_POINT('',(88.,58.999999983728));
#5246 = CARTESIAN_POINT('',(95.5,63.33012700265));
#5247 = CARTESIAN_POINT('',(103.,67.660254021572));
#5248 = CARTESIAN_POINT('',(103.,58.999999983728));
#5249 = ( GEOMETRIC_REPRESENTATION_CONTEXT(2) 
PARAMETRIC_REPRESENTATION_CONTEXT() REPRESENTATION_CONTEXT('2D SPACE',''
  ) );
#5250 = PCURVE('',#5251,#5256);
#5251 = CYLINDRICAL_SURFACE('',#5252,5.);
#5252 = AXIS2_PLACEMENT_3D('',#5253,#5254,#5255);
#5253 = CARTESIAN_POINT('',(98.,58.999999980643,3.));
#5254 = DIRECTION('',(-0.,-0.,-1.));
#5255 = DIRECTION('',(1.,0.,0.));
#5256 = DEFINITIONAL_REPRESENTATION('',(#5257),#5261);
#5257 = LINE('',#5258,#5259);
#5258 = CARTESIAN_POINT('',(-6.28318530718,-1.));
#5259 = VECTOR('',#5260,1.);
#5260 = DIRECTION('',(1.,-0.));
#5261 = ( GEOMETRIC_REPRESENTATION_CONTEXT(2) 
PARAMETRIC_REPRESENTATION_CONTEXT() REPRESENTATION_CONTEXT('2D SPACE',''
  ) );
#5262 = ORIENTED_EDGE('',*,*,#5263,.T.);
#5263 = EDGE_CURVE('',#5231,#5264,#5266,.T.);
#5264 = VERTEX_POINT('',#5265);
#5265 = CARTESIAN_POINT('',(103.,-59.,4.));
#5266 = SURFACE_CURVE('',#5267,(#5271,#5277),.PCURVE_S1.);
#5267 = LINE('',#5268,#5269);
#5268 = CARTESIAN_POINT('',(103.,-29.50000000154,4.));
#5269 = VECTOR('',#5270,1.);
#5270 = DIRECTION('',(0.,-1.,0.));
#5271 = PCURVE('',#4837,#5272);
#5272 = DEFINITIONAL_REPRESENTATION('',(#5273),#5276);
#5273 = B_SPLINE_CURVE_WITH_KNOTS('',1,(#5274,#5275),.UNSPECIFIED.,.F.,
  .F.,(2,2),(-88.49999998218,29.499999998459),.PIECEWISE_BEZIER_KNOTS.);
#5274 = CARTESIAN_POINT('',(103.,58.999999983728));
#5275 = CARTESIAN_POINT('',(103.,-58.99999999691));
#5276 = ( GEOMETRIC_REPRESENTATION_CONTEXT(2) 
PARAMETRIC_REPRESENTATION_CONTEXT() REPRESENTATION_CONTEXT('2D SPACE',''
  ) );
#5277 = PCURVE('',#5278,#5283);
#5278 = PLANE('',#5279);
#5279 = AXIS2_PLACEMENT_3D('',#5280,#5281,#5282);
#5280 = CARTESIAN_POINT('',(103.,-59.,3.));
#5281 = DIRECTION('',(-1.,0.,0.));
#5282 = DIRECTION('',(0.,1.,0.));
#5283 = DEFINITIONAL_REPRESENTATION('',(#5284),#5287);
#5284 = B_SPLINE_CURVE_WITH_KNOTS('',1,(#5285,#5286),.UNSPECIFIED.,.F.,
  .F.,(2,2),(-88.49999998218,29.499999998459),.PIECEWISE_BEZIER_KNOTS.);
#5285 = CARTESIAN_POINT('',(117.99999998064,-1.));
#5286 = CARTESIAN_POINT('',(0.,-1.));
#5287 = ( GEOMETRIC_REPRESENTATION_CONTEXT(2) 
PARAMETRIC_REPRESENTATION_CONTEXT() REPRESENTATION_CONTEXT('2D SPACE',''
  ) );
#5288 = ORIENTED_EDGE('',*,*,#5289,.T.);
#5289 = EDGE_CURVE('',#5264,#5290,#5292,.T.);
#5290 = VERTEX_POINT('',#5291);
#5291 = CARTESIAN_POINT('',(98.,-64.,4.));
#5292 = SURFACE_CURVE('',#5293,(#5298,#5309),.PCURVE_S1.);
#5293 = CIRCLE('',#5294,5.);
#5294 = AXIS2_PLACEMENT_3D('',#5295,#5296,#5297);
#5295 = CARTESIAN_POINT('',(98.,-59.,4.));
#5296 = DIRECTION('',(0.,0.,-1.));
#5297 = DIRECTION('',(1.,0.,0.));
#5298 = PCURVE('',#4837,#5299);
#5299 = DEFINITIONAL_REPRESENTATION('',(#5300),#5308);
#5300 = ( BOUNDED_CURVE() B_SPLINE_CURVE(2,(#5301,#5302,#5303,#5304,
#5305,#5306,#5307),.UNSPECIFIED.,.T.,.F.) B_SPLINE_CURVE_WITH_KNOTS((1,2
    ,2,2,2,1),(-2.094395102393,0.,2.094395102393,4.188790204786,
6.28318530718,8.377580409573),.UNSPECIFIED.) CURVE() 
GEOMETRIC_REPRESENTATION_ITEM() RATIONAL_B_SPLINE_CURVE((1.,0.5,1.,0.5,
1.,0.5,1.)) REPRESENTATION_ITEM('') );
#5301 = CARTESIAN_POINT('',(103.,-58.99999999691));
#5302 = CARTESIAN_POINT('',(103.,-67.66025403476));
#5303 = CARTESIAN_POINT('',(95.5,-63.33012701584));
#5304 = CARTESIAN_POINT('',(88.,-58.99999999691));
#5305 = CARTESIAN_POINT('',(95.5,-54.66987297799));
#5306 = CARTESIAN_POINT('',(103.,-50.33974595907));
#5307 = CARTESIAN_POINT('',(103.,-58.99999999691));
#5308 = ( GEOMETRIC_REPRESENTATION_CONTEXT(2) 
PARAMETRIC_REPRESENTATION_CONTEXT() REPRESENTATION_CONTEXT('2D SPACE',''
  ) );
#5309 = PCURVE('',#5310,#5315);
#5310 = CYLINDRICAL_SURFACE('',#5311,5.);
#5311 = AXIS2_PLACEMENT_3D('',#5312,#5313,#5314);
#5312 = CARTESIAN_POINT('',(98.,-59.,3.));
#5313 = DIRECTION('',(-0.,-0.,-1.));
#5314 = DIRECTION('',(1.,0.,0.));
#5315 = DEFINITIONAL_REPRESENTATION('',(#5316),#5320);
#5316 = LINE('',#5317,#5318);
#5317 = CARTESIAN_POINT('',(-6.28318530718,-1.));
#5318 = VECTOR('',#5319,1.);
#5319 = DIRECTION('',(1.,-0.));
#5320 = ( GEOMETRIC_REPRESENTATION_CONTEXT(2) 
PARAMETRIC_REPRESENTATION_CONTEXT() REPRESENTATION_CONTEXT('2D SPACE',''
  ) );
#5321 = ORIENTED_EDGE('',*,*,#5322,.T.);
#5322 = EDGE_CURVE('',#5290,#5323,#5325,.T.);
#5323 = VERTEX_POINT('',#5324);
#5324 = CARTESIAN_POINT('',(-98.,-64.,4.));
#5325 = SURFACE_CURVE('',#5326,(#5330,#5336),.PCURVE_S1.);
#5326 = LINE('',#5327,#5328);
#5327 = CARTESIAN_POINT('',(-49.,-63.99999999999,4.));
#5328 = VECTOR('',#5329,1.);
#5329 = DIRECTION('',(-1.,0.,0.));
#5330 = PCURVE('',#4837,#5331);
#5331 = DEFINITIONAL_REPRESENTATION('',(#5332),#5335);
#5332 = B_SPLINE_CURVE_WITH_KNOTS('',1,(#5333,#5334),.UNSPECIFIED.,.F.,
  .F.,(2,2),(-147.,49.),.PIECEWISE_BEZIER_KNOTS.);
#5333 = CARTESIAN_POINT('',(98.,-63.99999999691));
#5334 = CARTESIAN_POINT('',(-98.,-63.99999999691));
#5335 = ( GEOMETRIC_REPRESENTATION_CONTEXT(2) 
PARAMETRIC_REPRESENTATION_CONTEXT() REPRESENTATION_CONTEXT('2D SPACE',''
  ) );
#5336 = PCURVE('',#5337,#5342);
#5337 = PLANE('',#5338);
#5338 = AXIS2_PLACEMENT_3D('',#5339,#5340,#5341);
#5339 = CARTESIAN_POINT('',(-98.,-63.99999999999,3.));
#5340 = DIRECTION('',(0.,1.,0.));
#5341 = DIRECTION('',(1.,0.,0.));
#5342 = DEFINITIONAL_REPRESENTATION('',(#5343),#5346);
#5343 = B_SPLINE_CURVE_WITH_KNOTS('',1,(#5344,#5345),.UNSPECIFIED.,.F.,
  .F.,(2,2),(-147.,49.),.PIECEWISE_BEZIER_KNOTS.);
#5344 = CARTESIAN_POINT('',(196.,-1.));
#5345 = CARTESIAN_POINT('',(0.,-1.));
#5346 = ( GEOMETRIC_REPRESENTATION_CONTEXT(2) 
PARAMETRIC_REPRESENTATION_CONTEXT() REPRESENTATION_CONTEXT('2D SPACE',''
  ) );
#5347 = ORIENTED_EDGE('',*,*,#5348,.T.);
#5348 = EDGE_CURVE('',#5323,#5146,#5349,.T.);
#5349 = SURFACE_CURVE('',#5350,(#5355,#5366),.PCURVE_S1.);
#5350 = CIRCLE('',#5351,5.);
#5351 = AXIS2_PLACEMENT_3D('',#5352,#5353,#5354);
#5352 = CARTESIAN_POINT('',(-98.,-59.,4.));
#5353 = DIRECTION('',(0.,0.,-1.));
#5354 = DIRECTION('',(1.,0.,0.));
#5355 = PCURVE('',#4837,#5356);
#5356 = DEFINITIONAL_REPRESENTATION('',(#5357),#5365);
#5357 = ( BOUNDED_CURVE() B_SPLINE_CURVE(2,(#5358,#5359,#5360,#5361,
#5362,#5363,#5364),.UNSPECIFIED.,.T.,.F.) B_SPLINE_CURVE_WITH_KNOTS((1,2
    ,2,2,2,1),(-2.094395102393,0.,2.094395102393,4.188790204786,
6.28318530718,8.377580409573),.UNSPECIFIED.) CURVE() 
GEOMETRIC_REPRESENTATION_ITEM() RATIONAL_B_SPLINE_CURVE((1.,0.5,1.,0.5,
1.,0.5,1.)) REPRESENTATION_ITEM('') );
#5358 = CARTESIAN_POINT('',(-93.,-58.99999999691));
#5359 = CARTESIAN_POINT('',(-93.,-67.66025403476));
#5360 = CARTESIAN_POINT('',(-100.5,-63.33012701584));
#5361 = CARTESIAN_POINT('',(-108.,-58.99999999691));
#5362 = CARTESIAN_POINT('',(-100.5,-54.66987297799));
#5363 = CARTESIAN_POINT('',(-93.,-50.33974595907));
#5364 = CARTESIAN_POINT('',(-93.,-58.99999999691));
#5365 = ( GEOMETRIC_REPRESENTATION_CONTEXT(2) 
PARAMETRIC_REPRESENTATION_CONTEXT() REPRESENTATION_CONTEXT('2D SPACE',''
  ) );
#5366 = PCURVE('',#5367,#5372);
#5367 = CYLINDRICAL_SURFACE('',#5368,5.);
#5368 = AXIS2_PLACEMENT_3D('',#5369,#5370,#5371);
#5369 = CARTESIAN_POINT('',(-98.,-59.,3.));
#5370 = DIRECTION('',(-0.,-0.,-1.));
#5371 = DIRECTION('',(1.,0.,0.));
#5372 = DEFINITIONAL_REPRESENTATION('',(#5373),#5377);
#5373 = LINE('',#5374,#5375);
#5374 = CARTESIAN_POINT('',(-6.28318530718,-1.));
#5375 = VECTOR('',#5376,1.);
#5376 = DIRECTION('',(1.,-0.));
#5377 = ( GEOMETRIC_REPRESENTATION_CONTEXT(2) 
PARAMETRIC_REPRESENTATION_CONTEXT() REPRESENTATION_CONTEXT('2D SPACE',''
  ) );
#5378 = ADVANCED_FACE('',(#5379,#5499),#4783,.T.);
#5379 = FACE_BOUND('',#5380,.T.);
#5380 = EDGE_LOOP('',(#5381,#5382,#5383,#5406,#5430,#5453,#5477,#5498));
#5381 = ORIENTED_EDGE('',*,*,#4767,.F.);
#5382 = ORIENTED_EDGE('',*,*,#4853,.T.);
#5383 = ORIENTED_EDGE('',*,*,#5384,.T.);
#5384 = EDGE_CURVE('',#4854,#5385,#5387,.T.);
#5385 = VERTEX_POINT('',#5386);
#5386 = CARTESIAN_POINT('',(100.,-69.,27.));
#5387 = SURFACE_CURVE('',#5388,(#5392,#5399),.PCURVE_S1.);
#5388 = LINE('',#5389,#5390);
#5389 = CARTESIAN_POINT('',(0.,-68.99999999999,27.));
#5390 = VECTOR('',#5391,1.);
#5391 = DIRECTION('',(1.,0.,0.));
#5392 = PCURVE('',#4783,#5393);
#5393 = DEFINITIONAL_REPRESENTATION('',(#5394),#5398);
#5394 = LINE('',#5395,#5396);
#5395 = CARTESIAN_POINT('',(-6.432538211843E-15,-68.99999999691));
#5396 = VECTOR('',#5397,1.);
#5397 = DIRECTION('',(1.,0.));
#5398 = ( GEOMETRIC_REPRESENTATION_CONTEXT(2) 
PARAMETRIC_REPRESENTATION_CONTEXT() REPRESENTATION_CONTEXT('2D SPACE',''
  ) );
#5399 = PCURVE('',#4893,#5400);
#5400 = DEFINITIONAL_REPRESENTATION('',(#5401),#5405);
#5401 = LINE('',#5402,#5403);
#5402 = CARTESIAN_POINT('',(100.,-23.));
#5403 = VECTOR('',#5404,1.);
#5404 = DIRECTION('',(1.,0.));
#5405 = ( GEOMETRIC_REPRESENTATION_CONTEXT(2) 
PARAMETRIC_REPRESENTATION_CONTEXT() REPRESENTATION_CONTEXT('2D SPACE',''
  ) );
#5406 = ORIENTED_EDGE('',*,*,#5407,.T.);
#5407 = EDGE_CURVE('',#5385,#5408,#5410,.T.);
#5408 = VERTEX_POINT('',#5409);
#5409 = CARTESIAN_POINT('',(108.,-61.,27.));
#5410 = SURFACE_CURVE('',#5411,(#5416,#5423),.PCURVE_S1.);
#5411 = CIRCLE('',#5412,8.);
#5412 = AXIS2_PLACEMENT_3D('',#5413,#5414,#5415);
#5413 = CARTESIAN_POINT('',(100.,-61.,27.));
#5414 = DIRECTION('',(0.,0.,1.));
#5415 = DIRECTION('',(1.,0.,0.));
#5416 = PCURVE('',#4783,#5417);
#5417 = DEFINITIONAL_REPRESENTATION('',(#5418),#5422);
#5418 = CIRCLE('',#5419,8.);
#5419 = AXIS2_PLACEMENT_2D('',#5420,#5421);
#5420 = CARTESIAN_POINT('',(100.,-60.99999999691));
#5421 = DIRECTION('',(1.,0.));
#5422 = ( GEOMETRIC_REPRESENTATION_CONTEXT(2) 
PARAMETRIC_REPRESENTATION_CONTEXT() REPRESENTATION_CONTEXT('2D SPACE',''
  ) );
#5423 = PCURVE('',#5050,#5424);
#5424 = DEFINITIONAL_REPRESENTATION('',(#5425),#5429);
#5425 = LINE('',#5426,#5427);
#5426 = CARTESIAN_POINT('',(-0.,-23.));
#5427 = VECTOR('',#5428,1.);
#5428 = DIRECTION('',(-1.,0.));
#5429 = ( GEOMETRIC_REPRESENTATION_CONTEXT(2) 
PARAMETRIC_REPRESENTATION_CONTEXT() REPRESENTATION_CONTEXT('2D SPACE',''
  ) );
#5430 = ORIENTED_EDGE('',*,*,#5431,.T.);
#5431 = EDGE_CURVE('',#5408,#5432,#5434,.T.);
#5432 = VERTEX_POINT('',#5433);
#5433 = CARTESIAN_POINT('',(108.,60.999999985424,27.));
#5434 = SURFACE_CURVE('',#5435,(#5439,#5446),.PCURVE_S1.);
#5435 = LINE('',#5436,#5437);
#5436 = CARTESIAN_POINT('',(108.,1.676880856394E-12,27.));
#5437 = VECTOR('',#5438,1.);
#5438 = DIRECTION('',(0.,1.,0.));
#5439 = PCURVE('',#4783,#5440);
#5440 = DEFINITIONAL_REPRESENTATION('',(#5441),#5445);
#5441 = LINE('',#5442,#5443);
#5442 = CARTESIAN_POINT('',(108.,3.086572583052E-09));
#5443 = VECTOR('',#5444,1.);
#5444 = DIRECTION('',(0.,1.));
#5445 = ( GEOMETRIC_REPRESENTATION_CONTEXT(2) 
PARAMETRIC_REPRESENTATION_CONTEXT() REPRESENTATION_CONTEXT('2D SPACE',''
  ) );
#5446 = PCURVE('',#5078,#5447);
#5447 = DEFINITIONAL_REPRESENTATION('',(#5448),#5452);
#5448 = LINE('',#5449,#5450);
#5449 = CARTESIAN_POINT('',(61.000000000003,-23.));
#5450 = VECTOR('',#5451,1.);
#5451 = DIRECTION('',(1.,0.));
#5452 = ( GEOMETRIC_REPRESENTATION_CONTEXT(2) 
PARAMETRIC_REPRESENTATION_CONTEXT() REPRESENTATION_CONTEXT('2D SPACE',''
  ) );
#5453 = ORIENTED_EDGE('',*,*,#5454,.T.);
#5454 = EDGE_CURVE('',#5432,#5455,#5457,.T.);
#5455 = VERTEX_POINT('',#5456);
#5456 = CARTESIAN_POINT('',(100.,68.999999992713,27.));
#5457 = SURFACE_CURVE('',#5458,(#5463,#5470),.PCURVE_S1.);
#5458 = CIRCLE('',#5459,8.);
#5459 = AXIS2_PLACEMENT_3D('',#5460,#5461,#5462);
#5460 = CARTESIAN_POINT('',(100.,60.999999985424,27.));
#5461 = DIRECTION('',(0.,0.,1.));
#5462 = DIRECTION('',(1.,0.,0.));
#5463 = PCURVE('',#4783,#5464);
#5464 = DEFINITIONAL_REPRESENTATION('',(#5465),#5469);
#5465 = CIRCLE('',#5466,8.);
#5466 = AXIS2_PLACEMENT_2D('',#5467,#5468);
#5467 = CARTESIAN_POINT('',(100.,60.999999988509));
#5468 = DIRECTION('',(1.,0.));
#5469 = ( GEOMETRIC_REPRESENTATION_CONTEXT(2) 
PARAMETRIC_REPRESENTATION_CONTEXT() REPRESENTATION_CONTEXT('2D SPACE',''
  ) );
#5470 = PCURVE('',#5107,#5471);
#5471 = DEFINITIONAL_REPRESENTATION('',(#5472),#5476);
#5472 = LINE('',#5473,#5474);
#5473 = CARTESIAN_POINT('',(-0.,-23.));
#5474 = VECTOR('',#5475,1.);
#5475 = DIRECTION('',(-1.,0.));
#5476 = ( GEOMETRIC_REPRESENTATION_CONTEXT(2) 
PARAMETRIC_REPRESENTATION_CONTEXT() REPRESENTATION_CONTEXT('2D SPACE',''
  ) );
#5477 = ORIENTED_EDGE('',*,*,#5478,.F.);
#5478 = EDGE_CURVE('',#4933,#5455,#5479,.T.);
#5479 = SURFACE_CURVE('',#5480,(#5484,#5491),.PCURVE_S1.);
#5480 = LINE('',#5481,#5482);
#5481 = CARTESIAN_POINT('',(0.,69.000000000002,27.));
#5482 = VECTOR('',#5483,1.);
#5483 = DIRECTION('',(1.,0.,0.));
#5484 = PCURVE('',#4783,#5485);
#5485 = DEFINITIONAL_REPRESENTATION('',(#5486),#5490);
#5486 = LINE('',#5487,#5488);
#5487 = CARTESIAN_POINT('',(-6.432538211843E-15,69.000000003087));
#5488 = VECTOR('',#5489,1.);
#5489 = DIRECTION('',(1.,0.));
#5490 = ( GEOMETRIC_REPRESENTATION_CONTEXT(2) 
PARAMETRIC_REPRESENTATION_CONTEXT() REPRESENTATION_CONTEXT('2D SPACE',''
  ) );
#5491 = PCURVE('',#4948,#5492);
#5492 = DEFINITIONAL_REPRESENTATION('',(#5493),#5497);
#5493 = LINE('',#5494,#5495);
#5494 = CARTESIAN_POINT('',(100.,-23.));
#5495 = VECTOR('',#5496,1.);
#5496 = DIRECTION('',(1.,0.));
#5497 = ( GEOMETRIC_REPRESENTATION_CONTEXT(2) 
PARAMETRIC_REPRESENTATION_CONTEXT() REPRESENTATION_CONTEXT('2D SPACE',''
  ) );
#5498 = ORIENTED_EDGE('',*,*,#4960,.T.);
#5499 = FACE_BOUND('',#5500,.T.);
#5500 = EDGE_LOOP('',(#5501,#5524,#5557,#5578,#5611,#5632,#5665,#5686));
#5501 = ORIENTED_EDGE('',*,*,#5502,.F.);
#5502 = EDGE_CURVE('',#5503,#5505,#5507,.T.);
#5503 = VERTEX_POINT('',#5504);
#5504 = CARTESIAN_POINT('',(-103.,58.999999980643,27.));
#5505 = VERTEX_POINT('',#5506);
#5506 = CARTESIAN_POINT('',(-103.,-59.,27.));
#5507 = SURFACE_CURVE('',#5508,(#5512,#5518),.PCURVE_S1.);
#5508 = LINE('',#5509,#5510);
#5509 = CARTESIAN_POINT('',(-103.,-29.50000000154,27.));
#5510 = VECTOR('',#5511,1.);
#5511 = DIRECTION('',(0.,-1.,0.));
#5512 = PCURVE('',#4783,#5513);
#5513 = DEFINITIONAL_REPRESENTATION('',(#5514),#5517);
#5514 = B_SPLINE_CURVE_WITH_KNOTS('',1,(#5515,#5516),.UNSPECIFIED.,.F.,
  .F.,(2,2),(-88.49999998218,29.499999998459),.PIECEWISE_BEZIER_KNOTS.);
#5515 = CARTESIAN_POINT('',(-103.,58.999999983728));
#5516 = CARTESIAN_POINT('',(-103.,-58.99999999691));
#5517 = ( GEOMETRIC_REPRESENTATION_CONTEXT(2) 
PARAMETRIC_REPRESENTATION_CONTEXT() REPRESENTATION_CONTEXT('2D SPACE',''
  ) );
#5518 = PCURVE('',#5160,#5519);
#5519 = DEFINITIONAL_REPRESENTATION('',(#5520),#5523);
#5520 = B_SPLINE_CURVE_WITH_KNOTS('',1,(#5521,#5522),.UNSPECIFIED.,.F.,
  .F.,(2,2),(-88.49999998218,29.499999998459),.PIECEWISE_BEZIER_KNOTS.);
#5521 = CARTESIAN_POINT('',(117.99999998064,-24.));
#5522 = CARTESIAN_POINT('',(0.,-24.));
#5523 = ( GEOMETRIC_REPRESENTATION_CONTEXT(2) 
PARAMETRIC_REPRESENTATION_CONTEXT() REPRESENTATION_CONTEXT('2D SPACE',''
  ) );
#5524 = ORIENTED_EDGE('',*,*,#5525,.T.);
#5525 = EDGE_CURVE('',#5503,#5526,#5528,.T.);
#5526 = VERTEX_POINT('',#5527);
#5527 = CARTESIAN_POINT('',(-98.,63.999999990323,27.));
#5528 = SURFACE_CURVE('',#5529,(#5534,#5545),.PCURVE_S1.);
#5529 = CIRCLE('',#5530,5.);
#5530 = AXIS2_PLACEMENT_3D('',#5531,#5532,#5533);
#5531 = CARTESIAN_POINT('',(-98.,58.999999980643,27.));
#5532 = DIRECTION('',(0.,0.,-1.));
#5533 = DIRECTION('',(1.,0.,0.));
#5534 = PCURVE('',#4783,#5535);
#5535 = DEFINITIONAL_REPRESENTATION('',(#5536),#5544);
#5536 = ( BOUNDED_CURVE() B_SPLINE_CURVE(2,(#5537,#5538,#5539,#5540,
#5541,#5542,#5543),.UNSPECIFIED.,.T.,.F.) B_SPLINE_CURVE_WITH_KNOTS((1,2
    ,2,2,2,1),(-2.094395102393,0.,2.094395102393,4.188790204786,
6.28318530718,8.377580409573),.UNSPECIFIED.) CURVE() 
GEOMETRIC_REPRESENTATION_ITEM() RATIONAL_B_SPLINE_CURVE((1.,0.5,1.,0.5,
1.,0.5,1.)) REPRESENTATION_ITEM('') );
#5537 = CARTESIAN_POINT('',(-93.,58.999999983728));
#5538 = CARTESIAN_POINT('',(-93.,50.339745945883));
#5539 = CARTESIAN_POINT('',(-100.5,54.669872964806));
#5540 = CARTESIAN_POINT('',(-108.,58.999999983728));
#5541 = CARTESIAN_POINT('',(-100.5,63.33012700265));
#5542 = CARTESIAN_POINT('',(-93.,67.660254021572));
#5543 = CARTESIAN_POINT('',(-93.,58.999999983728));
#5544 = ( GEOMETRIC_REPRESENTATION_CONTEXT(2) 
PARAMETRIC_REPRESENTATION_CONTEXT() REPRESENTATION_CONTEXT('2D SPACE',''
  ) );
#5545 = PCURVE('',#5546,#5551);
#5546 = CYLINDRICAL_SURFACE('',#5547,5.);
#5547 = AXIS2_PLACEMENT_3D('',#5548,#5549,#5550);
#5548 = CARTESIAN_POINT('',(-98.,58.999999980643,3.));
#5549 = DIRECTION('',(-0.,-0.,-1.));
#5550 = DIRECTION('',(1.,0.,0.));
#5551 = DEFINITIONAL_REPRESENTATION('',(#5552),#5556);
#5552 = LINE('',#5553,#5554);
#5553 = CARTESIAN_POINT('',(-6.28318530718,-24.));
#5554 = VECTOR('',#5555,1.);
#5555 = DIRECTION('',(1.,-0.));
#5556 = ( GEOMETRIC_REPRESENTATION_CONTEXT(2) 
PARAMETRIC_REPRESENTATION_CONTEXT() REPRESENTATION_CONTEXT('2D SPACE',''
  ) );
#5557 = ORIENTED_EDGE('',*,*,#5558,.F.);
#5558 = EDGE_CURVE('',#5559,#5526,#5561,.T.);
#5559 = VERTEX_POINT('',#5560);
#5560 = CARTESIAN_POINT('',(98.,63.999999990323,27.));
#5561 = SURFACE_CURVE('',#5562,(#5566,#5572),.PCURVE_S1.);
#5562 = LINE('',#5563,#5564);
#5563 = CARTESIAN_POINT('',(-49.,64.000000000004,27.));
#5564 = VECTOR('',#5565,1.);
#5565 = DIRECTION('',(-1.,0.,0.));
#5566 = PCURVE('',#4783,#5567);
#5567 = DEFINITIONAL_REPRESENTATION('',(#5568),#5571);
#5568 = B_SPLINE_CURVE_WITH_KNOTS('',1,(#5569,#5570),.UNSPECIFIED.,.F.,
  .F.,(2,2),(-147.,49.),.PIECEWISE_BEZIER_KNOTS.);
#5569 = CARTESIAN_POINT('',(98.,64.000000003089));
#5570 = CARTESIAN_POINT('',(-98.,64.000000003089));
#5571 = ( GEOMETRIC_REPRESENTATION_CONTEXT(2) 
PARAMETRIC_REPRESENTATION_CONTEXT() REPRESENTATION_CONTEXT('2D SPACE',''
  ) );
#5572 = PCURVE('',#5219,#5573);
#5573 = DEFINITIONAL_REPRESENTATION('',(#5574),#5577);
#5574 = B_SPLINE_CURVE_WITH_KNOTS('',1,(#5575,#5576),.UNSPECIFIED.,.F.,
  .F.,(2,2),(-147.,49.),.PIECEWISE_BEZIER_KNOTS.);
#5575 = CARTESIAN_POINT('',(196.,-24.));
#5576 = CARTESIAN_POINT('',(0.,-24.));
#5577 = ( GEOMETRIC_REPRESENTATION_CONTEXT(2) 
PARAMETRIC_REPRESENTATION_CONTEXT() REPRESENTATION_CONTEXT('2D SPACE',''
  ) );
#5578 = ORIENTED_EDGE('',*,*,#5579,.T.);
#5579 = EDGE_CURVE('',#5559,#5580,#5582,.T.);
#5580 = VERTEX_POINT('',#5581);
#5581 = CARTESIAN_POINT('',(103.,58.999999980643,27.));
#5582 = SURFACE_CURVE('',#5583,(#5588,#5599),.PCURVE_S1.);
#5583 = CIRCLE('',#5584,5.);
#5584 = AXIS2_PLACEMENT_3D('',#5585,#5586,#5587);
#5585 = CARTESIAN_POINT('',(98.,58.999999980643,27.));
#5586 = DIRECTION('',(0.,0.,-1.));
#5587 = DIRECTION('',(1.,0.,0.));
#5588 = PCURVE('',#4783,#5589);
#5589 = DEFINITIONAL_REPRESENTATION('',(#5590),#5598);
#5590 = ( BOUNDED_CURVE() B_SPLINE_CURVE(2,(#5591,#5592,#5593,#5594,
#5595,#5596,#5597),.UNSPECIFIED.,.T.,.F.) B_SPLINE_CURVE_WITH_KNOTS((1,2
    ,2,2,2,1),(-2.094395102393,0.,2.094395102393,4.188790204786,
6.28318530718,8.377580409573),.UNSPECIFIED.) CURVE() 
GEOMETRIC_REPRESENTATION_ITEM() RATIONAL_B_SPLINE_CURVE((1.,0.5,1.,0.5,
1.,0.5,1.)) REPRESENTATION_ITEM('') );
#5591 = CARTESIAN_POINT('',(103.,58.999999983728));
#5592 = CARTESIAN_POINT('',(103.,50.339745945883));
#5593 = CARTESIAN_POINT('',(95.5,54.669872964806));
#5594 = CARTESIAN_POINT('',(88.,58.999999983728));
#5595 = CARTESIAN_POINT('',(95.5,63.33012700265));
#5596 = CARTESIAN_POINT('',(103.,67.660254021572));
#5597 = CARTESIAN_POINT('',(103.,58.999999983728));
#5598 = ( GEOMETRIC_REPRESENTATION_CONTEXT(2) 
PARAMETRIC_REPRESENTATION_CONTEXT() REPRESENTATION_CONTEXT('2D SPACE',''
  ) );
#5599 = PCURVE('',#5600,#5605);
#5600 = CYLINDRICAL_SURFACE('',#5601,5.);
#5601 = AXIS2_PLACEMENT_3D('',#5602,#5603,#5604);
#5602 = CARTESIAN_POINT('',(98.,58.999999980643,3.));
#5603 = DIRECTION('',(-0.,-0.,-1.));
#5604 = DIRECTION('',(1.,0.,0.));
#5605 = DEFINITIONAL_REPRESENTATION('',(#5606),#5610);
#5606 = LINE('',#5607,#5608);
#5607 = CARTESIAN_POINT('',(-6.28318530718,-24.));
#5608 = VECTOR('',#5609,1.);
#5609 = DIRECTION('',(1.,-0.));
#5610 = ( GEOMETRIC_REPRESENTATION_CONTEXT(2) 
PARAMETRIC_REPRESENTATION_CONTEXT() REPRESENTATION_CONTEXT('2D SPACE',''
  ) );
#5611 = ORIENTED_EDGE('',*,*,#5612,.T.);
#5612 = EDGE_CURVE('',#5580,#5613,#5615,.T.);
#5613 = VERTEX_POINT('',#5614);
#5614 = CARTESIAN_POINT('',(103.,-59.,27.));
#5615 = SURFACE_CURVE('',#5616,(#5620,#5626),.PCURVE_S1.);
#5616 = LINE('',#5617,#5618);
#5617 = CARTESIAN_POINT('',(103.,-29.50000000154,27.));
#5618 = VECTOR('',#5619,1.);
#5619 = DIRECTION('',(0.,-1.,0.));
#5620 = PCURVE('',#4783,#5621);
#5621 = DEFINITIONAL_REPRESENTATION('',(#5622),#5625);
#5622 = B_SPLINE_CURVE_WITH_KNOTS('',1,(#5623,#5624),.UNSPECIFIED.,.F.,
  .F.,(2,2),(-88.49999998218,29.499999998459),.PIECEWISE_BEZIER_KNOTS.);
#5623 = CARTESIAN_POINT('',(103.,58.999999983728));
#5624 = CARTESIAN_POINT('',(103.,-58.99999999691));
#5625 = ( GEOMETRIC_REPRESENTATION_CONTEXT(2) 
PARAMETRIC_REPRESENTATION_CONTEXT() REPRESENTATION_CONTEXT('2D SPACE',''
  ) );
#5626 = PCURVE('',#5278,#5627);
#5627 = DEFINITIONAL_REPRESENTATION('',(#5628),#5631);
#5628 = B_SPLINE_CURVE_WITH_KNOTS('',1,(#5629,#5630),.UNSPECIFIED.,.F.,
  .F.,(2,2),(-88.49999998218,29.499999998459),.PIECEWISE_BEZIER_KNOTS.);
#5629 = CARTESIAN_POINT('',(117.99999998064,-24.));
#5630 = CARTESIAN_POINT('',(0.,-24.));
#5631 = ( GEOMETRIC_REPRESENTATION_CONTEXT(2) 
PARAMETRIC_REPRESENTATION_CONTEXT() REPRESENTATION_CONTEXT('2D SPACE',''
  ) );
#5632 = ORIENTED_EDGE('',*,*,#5633,.T.);
#5633 = EDGE_CURVE('',#5613,#5634,#5636,.T.);
#5634 = VERTEX_POINT('',#5635);
#5635 = CARTESIAN_POINT('',(98.,-64.,27.));
#5636 = SURFACE_CURVE('',#5637,(#5642,#5653),.PCURVE_S1.);
#5637 = CIRCLE('',#5638,5.);
#5638 = AXIS2_PLACEMENT_3D('',#5639,#5640,#5641);
#5639 = CARTESIAN_POINT('',(98.,-59.,27.));
#5640 = DIRECTION('',(0.,0.,-1.));
#5641 = DIRECTION('',(1.,0.,0.));
#5642 = PCURVE('',#4783,#5643);
#5643 = DEFINITIONAL_REPRESENTATION('',(#5644),#5652);
#5644 = ( BOUNDED_CURVE() B_SPLINE_CURVE(2,(#5645,#5646,#5647,#5648,
#5649,#5650,#5651),.UNSPECIFIED.,.T.,.F.) B_SPLINE_CURVE_WITH_KNOTS((1,2
    ,2,2,2,1),(-2.094395102393,0.,2.094395102393,4.188790204786,
6.28318530718,8.377580409573),.UNSPECIFIED.) CURVE() 
GEOMETRIC_REPRESENTATION_ITEM() RATIONAL_B_SPLINE_CURVE((1.,0.5,1.,0.5,
1.,0.5,1.)) REPRESENTATION_ITEM('') );
#5645 = CARTESIAN_POINT('',(103.,-58.99999999691));
#5646 = CARTESIAN_POINT('',(103.,-67.66025403476));
#5647 = CARTESIAN_POINT('',(95.5,-63.33012701584));
#5648 = CARTESIAN_POINT('',(88.,-58.99999999691));
#5649 = CARTESIAN_POINT('',(95.5,-54.66987297799));
#5650 = CARTESIAN_POINT('',(103.,-50.33974595907));
#5651 = CARTESIAN_POINT('',(103.,-58.99999999691));
#5652 = ( GEOMETRIC_REPRESENTATION_CONTEXT(2) 
PARAMETRIC_REPRESENTATION_CONTEXT() REPRESENTATION_CONTEXT('2D SPACE',''
  ) );
#5653 = PCURVE('',#5654,#5659);
#5654 = CYLINDRICAL_SURFACE('',#5655,5.);
#5655 = AXIS2_PLACEMENT_3D('',#5656,#5657,#5658);
#5656 = CARTESIAN_POINT('',(98.,-59.,3.));
#5657 = DIRECTION('',(-0.,-0.,-1.));
#5658 = DIRECTION('',(1.,0.,0.));
#5659 = DEFINITIONAL_REPRESENTATION('',(#5660),#5664);
#5660 = LINE('',#5661,#5662);
#5661 = CARTESIAN_POINT('',(-6.28318530718,-24.));
#5662 = VECTOR('',#5663,1.);
#5663 = DIRECTION('',(1.,-0.));
#5664 = ( GEOMETRIC_REPRESENTATION_CONTEXT(2) 
PARAMETRIC_REPRESENTATION_CONTEXT() REPRESENTATION_CONTEXT('2D SPACE',''
  ) );
#5665 = ORIENTED_EDGE('',*,*,#5666,.T.);
#5666 = EDGE_CURVE('',#5634,#5667,#5669,.T.);
#5667 = VERTEX_POINT('',#5668);
#5668 = CARTESIAN_POINT('',(-98.,-64.,27.));
#5669 = SURFACE_CURVE('',#5670,(#5674,#5680),.PCURVE_S1.);
#5670 = LINE('',#5671,#5672);
#5671 = CARTESIAN_POINT('',(-49.,-63.99999999999,27.));
#5672 = VECTOR('',#5673,1.);
#5673 = DIRECTION('',(-1.,0.,0.));
#5674 = PCURVE('',#4783,#5675);
#5675 = DEFINITIONAL_REPRESENTATION('',(#5676),#5679);
#5676 = B_SPLINE_CURVE_WITH_KNOTS('',1,(#5677,#5678),.UNSPECIFIED.,.F.,
  .F.,(2,2),(-147.,49.),.PIECEWISE_BEZIER_KNOTS.);
#5677 = CARTESIAN_POINT('',(98.,-63.99999999691));
#5678 = CARTESIAN_POINT('',(-98.,-63.99999999691));
#5679 = ( GEOMETRIC_REPRESENTATION_CONTEXT(2) 
PARAMETRIC_REPRESENTATION_CONTEXT() REPRESENTATION_CONTEXT('2D SPACE',''
  ) );
#5680 = PCURVE('',#5337,#5681);
#5681 = DEFINITIONAL_REPRESENTATION('',(#5682),#5685);
#5682 = B_SPLINE_CURVE_WITH_KNOTS('',1,(#5683,#5684),.UNSPECIFIED.,.F.,
  .F.,(2,2),(-147.,49.),.PIECEWISE_BEZIER_KNOTS.);
#5683 = CARTESIAN_POINT('',(196.,-24.));
#5684 = CARTESIAN_POINT('',(0.,-24.));
#5685 = ( GEOMETRIC_REPRESENTATION_CONTEXT(2) 
PARAMETRIC_REPRESENTATION_CONTEXT() REPRESENTATION_CONTEXT('2D SPACE',''
  ) );
#5686 = ORIENTED_EDGE('',*,*,#5687,.T.);
#5687 = EDGE_CURVE('',#5667,#5505,#5688,.T.);
#5688 = SURFACE_CURVE('',#5689,(#5694,#5705),.PCURVE_S1.);
#5689 = CIRCLE('',#5690,5.);
#5690 = AXIS2_PLACEMENT_3D('',#5691,#5692,#5693);
#5691 = CARTESIAN_POINT('',(-98.,-59.,27.));
#5692 = DIRECTION('',(0.,0.,-1.));
#5693 = DIRECTION('',(1.,0.,0.));
#5694 = PCURVE('',#4783,#5695);
#5695 = DEFINITIONAL_REPRESENTATION('',(#5696),#5704);
#5696 = ( BOUNDED_CURVE() B_SPLINE_CURVE(2,(#5697,#5698,#5699,#5700,
#5701,#5702,#5703),.UNSPECIFIED.,.T.,.F.) B_SPLINE_CURVE_WITH_KNOTS((1,2
    ,2,2,2,1),(-2.094395102393,0.,2.094395102393,4.188790204786,
6.28318530718,8.377580409573),.UNSPECIFIED.) CURVE() 
GEOMETRIC_REPRESENTATION_ITEM() RATIONAL_B_SPLINE_CURVE((1.,0.5,1.,0.5,
1.,0.5,1.)) REPRESENTATION_ITEM('') );
#5697 = CARTESIAN_POINT('',(-93.,-58.99999999691));
#5698 = CARTESIAN_POINT('',(-93.,-67.66025403476));
#5699 = CARTESIAN_POINT('',(-100.5,-63.33012701584));
#5700 = CARTESIAN_POINT('',(-108.,-58.99999999691));
#5701 = CARTESIAN_POINT('',(-100.5,-54.66987297799));
#5702 = CARTESIAN_POINT('',(-93.,-50.33974595907));
#5703 = CARTESIAN_POINT('',(-93.,-58.99999999691));
#5704 = ( GEOMETRIC_REPRESENTATION_CONTEXT(2) 
PARAMETRIC_REPRESENTATION_CONTEXT() REPRESENTATION_CONTEXT('2D SPACE',''
  ) );
#5705 = PCURVE('',#5706,#5711);
#5706 = CYLINDRICAL_SURFACE('',#5707,5.);
#5707 = AXIS2_PLACEMENT_3D('',#5708,#5709,#5710);
#5708 = CARTESIAN_POINT('',(-98.,-59.,3.));
#5709 = DIRECTION('',(-0.,-0.,-1.));
#5710 = DIRECTION('',(1.,0.,0.));
#5711 = DEFINITIONAL_REPRESENTATION('',(#5712),#5716);
#5712 = LINE('',#5713,#5714);
#5713 = CARTESIAN_POINT('',(-6.28318530718,-24.));
#5714 = VECTOR('',#5715,1.);
#5715 = DIRECTION('',(1.,-0.));
#5716 = ( GEOMETRIC_REPRESENTATION_CONTEXT(2) 
PARAMETRIC_REPRESENTATION_CONTEXT() REPRESENTATION_CONTEXT('2D SPACE',''
  ) );
#5717 = ADVANCED_FACE('',(#5718),#4893,.F.);
#5718 = FACE_BOUND('',#5719,.F.);
#5719 = EDGE_LOOP('',(#5720,#5721,#5722,#5743));
#5720 = ORIENTED_EDGE('',*,*,#4877,.T.);
#5721 = ORIENTED_EDGE('',*,*,#5384,.T.);
#5722 = ORIENTED_EDGE('',*,*,#5723,.F.);
#5723 = EDGE_CURVE('',#5011,#5385,#5724,.T.);
#5724 = SURFACE_CURVE('',#5725,(#5729,#5736),.PCURVE_S1.);
#5725 = LINE('',#5726,#5727);
#5726 = CARTESIAN_POINT('',(100.,-69.,4.));
#5727 = VECTOR('',#5728,1.);
#5728 = DIRECTION('',(0.,0.,1.));
#5729 = PCURVE('',#4893,#5730);
#5730 = DEFINITIONAL_REPRESENTATION('',(#5731),#5735);
#5731 = LINE('',#5732,#5733);
#5732 = CARTESIAN_POINT('',(200.,0.));
#5733 = VECTOR('',#5734,1.);
#5734 = DIRECTION('',(0.,-1.));
#5735 = ( GEOMETRIC_REPRESENTATION_CONTEXT(2) 
PARAMETRIC_REPRESENTATION_CONTEXT() REPRESENTATION_CONTEXT('2D SPACE',''
  ) );
#5736 = PCURVE('',#5050,#5737);
#5737 = DEFINITIONAL_REPRESENTATION('',(#5738),#5742);
#5738 = LINE('',#5739,#5740);
#5739 = CARTESIAN_POINT('',(-4.712388980385,0.));
#5740 = VECTOR('',#5741,1.);
#5741 = DIRECTION('',(-0.,-1.));
#5742 = ( GEOMETRIC_REPRESENTATION_CONTEXT(2) 
PARAMETRIC_REPRESENTATION_CONTEXT() REPRESENTATION_CONTEXT('2D SPACE',''
  ) );
#5743 = ORIENTED_EDGE('',*,*,#5010,.F.);
#5744 = ADVANCED_FACE('',(#5745),#4948,.T.);
#5745 = FACE_BOUND('',#5746,.T.);
#5746 = EDGE_LOOP('',(#5747,#5748,#5749,#5770));
#5747 = ORIENTED_EDGE('',*,*,#4930,.T.);
#5748 = ORIENTED_EDGE('',*,*,#5478,.T.);
#5749 = ORIENTED_EDGE('',*,*,#5750,.F.);
#5750 = EDGE_CURVE('',#5091,#5455,#5751,.T.);
#5751 = SURFACE_CURVE('',#5752,(#5756,#5763),.PCURVE_S1.);
#5752 = LINE('',#5753,#5754);
#5753 = CARTESIAN_POINT('',(100.,68.999999992713,4.));
#5754 = VECTOR('',#5755,1.);
#5755 = DIRECTION('',(0.,0.,1.));
#5756 = PCURVE('',#4948,#5757);
#5757 = DEFINITIONAL_REPRESENTATION('',(#5758),#5762);
#5758 = LINE('',#5759,#5760);
#5759 = CARTESIAN_POINT('',(200.,0.));
#5760 = VECTOR('',#5761,1.);
#5761 = DIRECTION('',(0.,-1.));
#5762 = ( GEOMETRIC_REPRESENTATION_CONTEXT(2) 
PARAMETRIC_REPRESENTATION_CONTEXT() REPRESENTATION_CONTEXT('2D SPACE',''
  ) );
#5763 = PCURVE('',#5107,#5764);
#5764 = DEFINITIONAL_REPRESENTATION('',(#5765),#5769);
#5765 = LINE('',#5766,#5767);
#5766 = CARTESIAN_POINT('',(-1.570796326795,0.));
#5767 = VECTOR('',#5768,1.);
#5768 = DIRECTION('',(-0.,-1.));
#5769 = ( GEOMETRIC_REPRESENTATION_CONTEXT(2) 
PARAMETRIC_REPRESENTATION_CONTEXT() REPRESENTATION_CONTEXT('2D SPACE',''
  ) );
#5770 = ORIENTED_EDGE('',*,*,#5119,.F.);
#5771 = ADVANCED_FACE('',(#5772),#5050,.T.);
#5772 = FACE_BOUND('',#5773,.F.);
#5773 = EDGE_LOOP('',(#5774,#5775,#5776,#5797));
#5774 = ORIENTED_EDGE('',*,*,#5723,.T.);
#5775 = ORIENTED_EDGE('',*,*,#5407,.T.);
#5776 = ORIENTED_EDGE('',*,*,#5777,.F.);
#5777 = EDGE_CURVE('',#5034,#5408,#5778,.T.);
#5778 = SURFACE_CURVE('',#5779,(#5783,#5790),.PCURVE_S1.);
#5779 = LINE('',#5780,#5781);
#5780 = CARTESIAN_POINT('',(108.,-61.,4.));
#5781 = VECTOR('',#5782,1.);
#5782 = DIRECTION('',(0.,0.,1.));
#5783 = PCURVE('',#5050,#5784);
#5784 = DEFINITIONAL_REPRESENTATION('',(#5785),#5789);
#5785 = LINE('',#5786,#5787);
#5786 = CARTESIAN_POINT('',(-6.28318530718,0.));
#5787 = VECTOR('',#5788,1.);
#5788 = DIRECTION('',(-0.,-1.));
#5789 = ( GEOMETRIC_REPRESENTATION_CONTEXT(2) 
PARAMETRIC_REPRESENTATION_CONTEXT() REPRESENTATION_CONTEXT('2D SPACE',''
  ) );
#5790 = PCURVE('',#5078,#5791);
#5791 = DEFINITIONAL_REPRESENTATION('',(#5792),#5796);
#5792 = LINE('',#5793,#5794);
#5793 = CARTESIAN_POINT('',(0.,0.));
#5794 = VECTOR('',#5795,1.);
#5795 = DIRECTION('',(0.,-1.));
#5796 = ( GEOMETRIC_REPRESENTATION_CONTEXT(2) 
PARAMETRIC_REPRESENTATION_CONTEXT() REPRESENTATION_CONTEXT('2D SPACE',''
  ) );
#5797 = ORIENTED_EDGE('',*,*,#5033,.F.);
#5798 = ADVANCED_FACE('',(#5799),#5107,.T.);
#5799 = FACE_BOUND('',#5800,.F.);
#5800 = EDGE_LOOP('',(#5801,#5822,#5823,#5824));
#5801 = ORIENTED_EDGE('',*,*,#5802,.T.);
#5802 = EDGE_CURVE('',#5063,#5432,#5803,.T.);
#5803 = SURFACE_CURVE('',#5804,(#5808,#5815),.PCURVE_S1.);
#5804 = LINE('',#5805,#5806);
#5805 = CARTESIAN_POINT('',(108.,60.999999985424,4.));
#5806 = VECTOR('',#5807,1.);
#5807 = DIRECTION('',(0.,0.,1.));
#5808 = PCURVE('',#5107,#5809);
#5809 = DEFINITIONAL_REPRESENTATION('',(#5810),#5814);
#5810 = LINE('',#5811,#5812);
#5811 = CARTESIAN_POINT('',(-0.,0.));
#5812 = VECTOR('',#5813,1.);
#5813 = DIRECTION('',(-0.,-1.));
#5814 = ( GEOMETRIC_REPRESENTATION_CONTEXT(2) 
PARAMETRIC_REPRESENTATION_CONTEXT() REPRESENTATION_CONTEXT('2D SPACE',''
  ) );
#5815 = PCURVE('',#5078,#5816);
#5816 = DEFINITIONAL_REPRESENTATION('',(#5817),#5821);
#5817 = LINE('',#5818,#5819);
#5818 = CARTESIAN_POINT('',(121.99999998542,0.));
#5819 = VECTOR('',#5820,1.);
#5820 = DIRECTION('',(0.,-1.));
#5821 = ( GEOMETRIC_REPRESENTATION_CONTEXT(2) 
PARAMETRIC_REPRESENTATION_CONTEXT() REPRESENTATION_CONTEXT('2D SPACE',''
  ) );
#5822 = ORIENTED_EDGE('',*,*,#5454,.T.);
#5823 = ORIENTED_EDGE('',*,*,#5750,.F.);
#5824 = ORIENTED_EDGE('',*,*,#5090,.F.);
#5825 = ADVANCED_FACE('',(#5826,#5832,#5938),#5078,.F.);
#5826 = FACE_BOUND('',#5827,.F.);
#5827 = EDGE_LOOP('',(#5828,#5829,#5830,#5831));
#5828 = ORIENTED_EDGE('',*,*,#5777,.T.);
#5829 = ORIENTED_EDGE('',*,*,#5431,.T.);
#5830 = ORIENTED_EDGE('',*,*,#5802,.F.);
#5831 = ORIENTED_EDGE('',*,*,#5062,.F.);
#5832 = FACE_BOUND('',#5833,.F.);
#5833 = EDGE_LOOP('',(#5834,#5862,#5888,#5914));
#5834 = ORIENTED_EDGE('',*,*,#5835,.F.);
#5835 = EDGE_CURVE('',#5836,#5838,#5840,.T.);
#5836 = VERTEX_POINT('',#5837);
#5837 = CARTESIAN_POINT('',(108.,-30.,24.));
#5838 = VERTEX_POINT('',#5839);
#5839 = CARTESIAN_POINT('',(108.,-16.,24.));
#5840 = SURFACE_CURVE('',#5841,(#5845,#5851),.PCURVE_S1.);
#5841 = LINE('',#5842,#5843);
#5842 = CARTESIAN_POINT('',(108.,-45.5,24.));
#5843 = VECTOR('',#5844,1.);
#5844 = DIRECTION('',(0.,1.,-0.));
#5845 = PCURVE('',#5078,#5846);
#5846 = DEFINITIONAL_REPRESENTATION('',(#5847),#5850);
#5847 = B_SPLINE_CURVE_WITH_KNOTS('',1,(#5848,#5849),.UNSPECIFIED.,.F.,
  .F.,(2,2),(15.500000000001,29.500000000001),.PIECEWISE_BEZIER_KNOTS.);
#5848 = CARTESIAN_POINT('',(31.000000000002,-20.));
#5849 = CARTESIAN_POINT('',(45.000000000002,-20.));
#5850 = ( GEOMETRIC_REPRESENTATION_CONTEXT(2) 
PARAMETRIC_REPRESENTATION_CONTEXT() REPRESENTATION_CONTEXT('2D SPACE',''
  ) );
#5851 = PCURVE('',#5852,#5857);
#5852 = PLANE('',#5853);
#5853 = AXIS2_PLACEMENT_3D('',#5854,#5855,#5856);
#5854 = CARTESIAN_POINT('',(102.,-30.,24.));
#5855 = DIRECTION('',(0.,0.,1.));
#5856 = DIRECTION('',(1.,0.,-0.));
#5857 = DEFINITIONAL_REPRESENTATION('',(#5858),#5861);
#5858 = B_SPLINE_CURVE_WITH_KNOTS('',1,(#5859,#5860),.UNSPECIFIED.,.F.,
  .F.,(2,2),(15.500000000001,29.500000000001),.PIECEWISE_BEZIER_KNOTS.);
#5859 = CARTESIAN_POINT('',(6.,0.));
#5860 = CARTESIAN_POINT('',(6.,14.));
#5861 = ( GEOMETRIC_REPRESENTATION_CONTEXT(2) 
PARAMETRIC_REPRESENTATION_CONTEXT() REPRESENTATION_CONTEXT('2D SPACE',''
  ) );
#5862 = ORIENTED_EDGE('',*,*,#5863,.T.);
#5863 = EDGE_CURVE('',#5836,#5864,#5866,.T.);
#5864 = VERTEX_POINT('',#5865);
#5865 = CARTESIAN_POINT('',(108.,-30.,17.));
#5866 = SURFACE_CURVE('',#5867,(#5871,#5877),.PCURVE_S1.);
#5867 = LINE('',#5868,#5869);
#5868 = CARTESIAN_POINT('',(108.,-30.,10.5));
#5869 = VECTOR('',#5870,1.);
#5870 = DIRECTION('',(0.,0.,-1.));
#5871 = PCURVE('',#5078,#5872);
#5872 = DEFINITIONAL_REPRESENTATION('',(#5873),#5876);
#5873 = B_SPLINE_CURVE_WITH_KNOTS('',1,(#5874,#5875),.UNSPECIFIED.,.F.,
  .F.,(2,2),(-13.5,-6.5),.PIECEWISE_BEZIER_KNOTS.);
#5874 = CARTESIAN_POINT('',(31.000000000002,-20.));
#5875 = CARTESIAN_POINT('',(31.000000000002,-13.));
#5876 = ( GEOMETRIC_REPRESENTATION_CONTEXT(2) 
PARAMETRIC_REPRESENTATION_CONTEXT() REPRESENTATION_CONTEXT('2D SPACE',''
  ) );
#5877 = PCURVE('',#5878,#5883);
#5878 = PLANE('',#5879);
#5879 = AXIS2_PLACEMENT_3D('',#5880,#5881,#5882);
#5880 = CARTESIAN_POINT('',(102.,-30.,17.));
#5881 = DIRECTION('',(-0.,1.,0.));
#5882 = DIRECTION('',(0.,0.,1.));
#5883 = DEFINITIONAL_REPRESENTATION('',(#5884),#5887);
#5884 = B_SPLINE_CURVE_WITH_KNOTS('',1,(#5885,#5886),.UNSPECIFIED.,.F.,
  .F.,(2,2),(-13.5,-6.5),.PIECEWISE_BEZIER_KNOTS.);
#5885 = CARTESIAN_POINT('',(7.,6.));
#5886 = CARTESIAN_POINT('',(0.,6.));
#5887 = ( GEOMETRIC_REPRESENTATION_CONTEXT(2) 
PARAMETRIC_REPRESENTATION_CONTEXT() REPRESENTATION_CONTEXT('2D SPACE',''
  ) );
#5888 = ORIENTED_EDGE('',*,*,#5889,.T.);
#5889 = EDGE_CURVE('',#5864,#5890,#5892,.T.);
#5890 = VERTEX_POINT('',#5891);
#5891 = CARTESIAN_POINT('',(108.,-16.,17.));
#5892 = SURFACE_CURVE('',#5893,(#5897,#5903),.PCURVE_S1.);
#5893 = LINE('',#5894,#5895);
#5894 = CARTESIAN_POINT('',(108.,-45.5,17.));
#5895 = VECTOR('',#5896,1.);
#5896 = DIRECTION('',(0.,1.,-0.));
#5897 = PCURVE('',#5078,#5898);
#5898 = DEFINITIONAL_REPRESENTATION('',(#5899),#5902);
#5899 = B_SPLINE_CURVE_WITH_KNOTS('',1,(#5900,#5901),.UNSPECIFIED.,.F.,
  .F.,(2,2),(15.500000000001,29.500000000001),.PIECEWISE_BEZIER_KNOTS.);
#5900 = CARTESIAN_POINT('',(31.000000000002,-13.));
#5901 = CARTESIAN_POINT('',(45.000000000002,-13.));
#5902 = ( GEOMETRIC_REPRESENTATION_CONTEXT(2) 
PARAMETRIC_REPRESENTATION_CONTEXT() REPRESENTATION_CONTEXT('2D SPACE',''
  ) );
#5903 = PCURVE('',#5904,#5909);
#5904 = PLANE('',#5905);
#5905 = AXIS2_PLACEMENT_3D('',#5906,#5907,#5908);
#5906 = CARTESIAN_POINT('',(102.,-30.,17.));
#5907 = DIRECTION('',(0.,0.,1.));
#5908 = DIRECTION('',(1.,0.,-0.));
#5909 = DEFINITIONAL_REPRESENTATION('',(#5910),#5913);
#5910 = B_SPLINE_CURVE_WITH_KNOTS('',1,(#5911,#5912),.UNSPECIFIED.,.F.,
  .F.,(2,2),(15.500000000001,29.500000000001),.PIECEWISE_BEZIER_KNOTS.);
#5911 = CARTESIAN_POINT('',(6.,0.));
#5912 = CARTESIAN_POINT('',(6.,14.));
#5913 = ( GEOMETRIC_REPRESENTATION_CONTEXT(2) 
PARAMETRIC_REPRESENTATION_CONTEXT() REPRESENTATION_CONTEXT('2D SPACE',''
  ) );
#5914 = ORIENTED_EDGE('',*,*,#5915,.F.);
#5915 = EDGE_CURVE('',#5838,#5890,#5916,.T.);
#5916 = SURFACE_CURVE('',#5917,(#5921,#5927),.PCURVE_S1.);
#5917 = LINE('',#5918,#5919);
#5918 = CARTESIAN_POINT('',(108.,-16.,10.5));
#5919 = VECTOR('',#5920,1.);
#5920 = DIRECTION('',(0.,0.,-1.));
#5921 = PCURVE('',#5078,#5922);
#5922 = DEFINITIONAL_REPRESENTATION('',(#5923),#5926);
#5923 = B_SPLINE_CURVE_WITH_KNOTS('',1,(#5924,#5925),.UNSPECIFIED.,.F.,
  .F.,(2,2),(-13.5,-6.5),.PIECEWISE_BEZIER_KNOTS.);
#5924 = CARTESIAN_POINT('',(45.000000000002,-20.));
#5925 = CARTESIAN_POINT('',(45.000000000002,-13.));
#5926 = ( GEOMETRIC_REPRESENTATION_CONTEXT(2) 
PARAMETRIC_REPRESENTATION_CONTEXT() REPRESENTATION_CONTEXT('2D SPACE',''
  ) );
#5927 = PCURVE('',#5928,#5933);
#5928 = PLANE('',#5929);
#5929 = AXIS2_PLACEMENT_3D('',#5930,#5931,#5932);
#5930 = CARTESIAN_POINT('',(102.,-16.,17.));
#5931 = DIRECTION('',(-0.,1.,0.));
#5932 = DIRECTION('',(0.,0.,1.));
#5933 = DEFINITIONAL_REPRESENTATION('',(#5934),#5937);
#5934 = B_SPLINE_CURVE_WITH_KNOTS('',1,(#5935,#5936),.UNSPECIFIED.,.F.,
  .F.,(2,2),(-13.5,-6.5),.PIECEWISE_BEZIER_KNOTS.);
#5935 = CARTESIAN_POINT('',(7.,6.));
#5936 = CARTESIAN_POINT('',(0.,6.));
#5937 = ( GEOMETRIC_REPRESENTATION_CONTEXT(2) 
PARAMETRIC_REPRESENTATION_CONTEXT() REPRESENTATION_CONTEXT('2D SPACE',''
  ) );
#5938 = FACE_BOUND('',#5939,.F.);
#5939 = EDGE_LOOP('',(#5940,#5968,#5994,#6020));
#5940 = ORIENTED_EDGE('',*,*,#5941,.F.);
#5941 = EDGE_CURVE('',#5942,#5944,#5946,.T.);
#5942 = VERTEX_POINT('',#5943);
#5943 = CARTESIAN_POINT('',(108.,6.,23.));
#5944 = VERTEX_POINT('',#5945);
#5945 = CARTESIAN_POINT('',(108.,24.,23.));
#5946 = SURFACE_CURVE('',#5947,(#5951,#5957),.PCURVE_S1.);
#5947 = LINE('',#5948,#5949);
#5948 = CARTESIAN_POINT('',(108.,-27.5,23.));
#5949 = VECTOR('',#5950,1.);
#5950 = DIRECTION('',(0.,1.,-0.));
#5951 = PCURVE('',#5078,#5952);
#5952 = DEFINITIONAL_REPRESENTATION('',(#5953),#5956);
#5953 = B_SPLINE_CURVE_WITH_KNOTS('',1,(#5954,#5955),.UNSPECIFIED.,.F.,
  .F.,(2,2),(33.500000000001,51.500000000001),.PIECEWISE_BEZIER_KNOTS.);
#5954 = CARTESIAN_POINT('',(67.000000000002,-19.));
#5955 = CARTESIAN_POINT('',(85.000000000002,-19.));
#5956 = ( GEOMETRIC_REPRESENTATION_CONTEXT(2) 
PARAMETRIC_REPRESENTATION_CONTEXT() REPRESENTATION_CONTEXT('2D SPACE',''
  ) );
#5957 = PCURVE('',#5958,#5963);
#5958 = PLANE('',#5959);
#5959 = AXIS2_PLACEMENT_3D('',#5960,#5961,#5962);
#5960 = CARTESIAN_POINT('',(102.,6.,23.));
#5961 = DIRECTION('',(0.,0.,1.));
#5962 = DIRECTION('',(1.,0.,-0.));
#5963 = DEFINITIONAL_REPRESENTATION('',(#5964),#5967);
#5964 = B_SPLINE_CURVE_WITH_KNOTS('',1,(#5965,#5966),.UNSPECIFIED.,.F.,
  .F.,(2,2),(33.500000000001,51.500000000001),.PIECEWISE_BEZIER_KNOTS.);
#5965 = CARTESIAN_POINT('',(6.,0.));
#5966 = CARTESIAN_POINT('',(6.,18.));
#5967 = ( GEOMETRIC_REPRESENTATION_CONTEXT(2) 
PARAMETRIC_REPRESENTATION_CONTEXT() REPRESENTATION_CONTEXT('2D SPACE',''
  ) );
#5968 = ORIENTED_EDGE('',*,*,#5969,.T.);
#5969 = EDGE_CURVE('',#5942,#5970,#5972,.T.);
#5970 = VERTEX_POINT('',#5971);
#5971 = CARTESIAN_POINT('',(108.,6.,17.));
#5972 = SURFACE_CURVE('',#5973,(#5977,#5983),.PCURVE_S1.);
#5973 = LINE('',#5974,#5975);
#5974 = CARTESIAN_POINT('',(108.,6.,10.5));
#5975 = VECTOR('',#5976,1.);
#5976 = DIRECTION('',(0.,0.,-1.));
#5977 = PCURVE('',#5078,#5978);
#5978 = DEFINITIONAL_REPRESENTATION('',(#5979),#5982);
#5979 = B_SPLINE_CURVE_WITH_KNOTS('',1,(#5980,#5981),.UNSPECIFIED.,.F.,
  .F.,(2,2),(-12.5,-6.5),.PIECEWISE_BEZIER_KNOTS.);
#5980 = CARTESIAN_POINT('',(67.000000000002,-19.));
#5981 = CARTESIAN_POINT('',(67.000000000002,-13.));
#5982 = ( GEOMETRIC_REPRESENTATION_CONTEXT(2) 
PARAMETRIC_REPRESENTATION_CONTEXT() REPRESENTATION_CONTEXT('2D SPACE',''
  ) );
#5983 = PCURVE('',#5984,#5989);
#5984 = PLANE('',#5985);
#5985 = AXIS2_PLACEMENT_3D('',#5986,#5987,#5988);
#5986 = CARTESIAN_POINT('',(102.,6.,17.));
#5987 = DIRECTION('',(-0.,1.,0.));
#5988 = DIRECTION('',(0.,0.,1.));
#5989 = DEFINITIONAL_REPRESENTATION('',(#5990),#5993);
#5990 = B_SPLINE_CURVE_WITH_KNOTS('',1,(#5991,#5992),.UNSPECIFIED.,.F.,
  .F.,(2,2),(-12.5,-6.5),.PIECEWISE_BEZIER_KNOTS.);
#5991 = CARTESIAN_POINT('',(6.,6.));
#5992 = CARTESIAN_POINT('',(0.,6.));
#5993 = ( GEOMETRIC_REPRESENTATION_CONTEXT(2) 
PARAMETRIC_REPRESENTATION_CONTEXT() REPRESENTATION_CONTEXT('2D SPACE',''
  ) );
#5994 = ORIENTED_EDGE('',*,*,#5995,.T.);
#5995 = EDGE_CURVE('',#5970,#5996,#5998,.T.);
#5996 = VERTEX_POINT('',#5997);
#5997 = CARTESIAN_POINT('',(108.,24.,17.));
#5998 = SURFACE_CURVE('',#5999,(#6003,#6009),.PCURVE_S1.);
#5999 = LINE('',#6000,#6001);
#6000 = CARTESIAN_POINT('',(108.,-27.5,17.));
#6001 = VECTOR('',#6002,1.);
#6002 = DIRECTION('',(0.,1.,-0.));
#6003 = PCURVE('',#5078,#6004);
#6004 = DEFINITIONAL_REPRESENTATION('',(#6005),#6008);
#6005 = B_SPLINE_CURVE_WITH_KNOTS('',1,(#6006,#6007),.UNSPECIFIED.,.F.,
  .F.,(2,2),(33.500000000001,51.500000000001),.PIECEWISE_BEZIER_KNOTS.);
#6006 = CARTESIAN_POINT('',(67.000000000002,-13.));
#6007 = CARTESIAN_POINT('',(85.000000000002,-13.));
#6008 = ( GEOMETRIC_REPRESENTATION_CONTEXT(2) 
PARAMETRIC_REPRESENTATION_CONTEXT() REPRESENTATION_CONTEXT('2D SPACE',''
  ) );
#6009 = PCURVE('',#6010,#6015);
#6010 = PLANE('',#6011);
#6011 = AXIS2_PLACEMENT_3D('',#6012,#6013,#6014);
#6012 = CARTESIAN_POINT('',(102.,6.,17.));
#6013 = DIRECTION('',(0.,0.,1.));
#6014 = DIRECTION('',(1.,0.,-0.));
#6015 = DEFINITIONAL_REPRESENTATION('',(#6016),#6019);
#6016 = B_SPLINE_CURVE_WITH_KNOTS('',1,(#6017,#6018),.UNSPECIFIED.,.F.,
  .F.,(2,2),(33.500000000001,51.500000000001),.PIECEWISE_BEZIER_KNOTS.);
#6017 = CARTESIAN_POINT('',(6.,0.));
#6018 = CARTESIAN_POINT('',(6.,18.));
#6019 = ( GEOMETRIC_REPRESENTATION_CONTEXT(2) 
PARAMETRIC_REPRESENTATION_CONTEXT() REPRESENTATION_CONTEXT('2D SPACE',''
  ) );
#6020 = ORIENTED_EDGE('',*,*,#6021,.F.);
#6021 = EDGE_CURVE('',#5944,#5996,#6022,.T.);
#6022 = SURFACE_CURVE('',#6023,(#6027,#6033),.PCURVE_S1.);
#6023 = LINE('',#6024,#6025);
#6024 = CARTESIAN_POINT('',(108.,24.,10.5));
#6025 = VECTOR('',#6026,1.);
#6026 = DIRECTION('',(0.,0.,-1.));
#6027 = PCURVE('',#5078,#6028);
#6028 = DEFINITIONAL_REPRESENTATION('',(#6029),#6032);
#6029 = B_SPLINE_CURVE_WITH_KNOTS('',1,(#6030,#6031),.UNSPECIFIED.,.F.,
  .F.,(2,2),(-12.5,-6.5),.PIECEWISE_BEZIER_KNOTS.);
#6030 = CARTESIAN_POINT('',(85.000000000002,-19.));
#6031 = CARTESIAN_POINT('',(85.000000000002,-13.));
#6032 = ( GEOMETRIC_REPRESENTATION_CONTEXT(2) 
PARAMETRIC_REPRESENTATION_CONTEXT() REPRESENTATION_CONTEXT('2D SPACE',''
  ) );
#6033 = PCURVE('',#6034,#6039);
#6034 = PLANE('',#6035);
#6035 = AXIS2_PLACEMENT_3D('',#6036,#6037,#6038);
#6036 = CARTESIAN_POINT('',(102.,24.,17.));
#6037 = DIRECTION('',(-0.,1.,0.));
#6038 = DIRECTION('',(0.,0.,1.));
#6039 = DEFINITIONAL_REPRESENTATION('',(#6040),#6043);
#6040 = B_SPLINE_CURVE_WITH_KNOTS('',1,(#6041,#6042),.UNSPECIFIED.,.F.,
  .F.,(2,2),(-12.5,-6.5),.PIECEWISE_BEZIER_KNOTS.);
#6041 = CARTESIAN_POINT('',(6.,6.));
#6042 = CARTESIAN_POINT('',(0.,6.));
#6043 = ( GEOMETRIC_REPRESENTATION_CONTEXT(2) 
PARAMETRIC_REPRESENTATION_CONTEXT() REPRESENTATION_CONTEXT('2D SPACE',''
  ) );
#6044 = ADVANCED_FACE('',(#6045),#5160,.F.);
#6045 = FACE_BOUND('',#6046,.F.);
#6046 = EDGE_LOOP('',(#6047,#6048,#6071,#6098,#6119,#6120,#6143,#6170));
#6047 = ORIENTED_EDGE('',*,*,#5143,.T.);
#6048 = ORIENTED_EDGE('',*,*,#6049,.T.);
#6049 = EDGE_CURVE('',#5146,#6050,#6052,.T.);
#6050 = VERTEX_POINT('',#6051);
#6051 = CARTESIAN_POINT('',(-103.,-59.,15.));
#6052 = SURFACE_CURVE('',#6053,(#6057,#6064),.PCURVE_S1.);
#6053 = LINE('',#6054,#6055);
#6054 = CARTESIAN_POINT('',(-103.,-59.,3.));
#6055 = VECTOR('',#6056,1.);
#6056 = DIRECTION('',(0.,0.,1.));
#6057 = PCURVE('',#5160,#6058);
#6058 = DEFINITIONAL_REPRESENTATION('',(#6059),#6063);
#6059 = LINE('',#6060,#6061);
#6060 = CARTESIAN_POINT('',(0.,0.));
#6061 = VECTOR('',#6062,1.);
#6062 = DIRECTION('',(0.,-1.));
#6063 = ( GEOMETRIC_REPRESENTATION_CONTEXT(2) 
PARAMETRIC_REPRESENTATION_CONTEXT() REPRESENTATION_CONTEXT('2D SPACE',''
  ) );
#6064 = PCURVE('',#5367,#6065);
#6065 = DEFINITIONAL_REPRESENTATION('',(#6066),#6070);
#6066 = LINE('',#6067,#6068);
#6067 = CARTESIAN_POINT('',(-3.14159265359,0.));
#6068 = VECTOR('',#6069,1.);
#6069 = DIRECTION('',(-0.,-1.));
#6070 = ( GEOMETRIC_REPRESENTATION_CONTEXT(2) 
PARAMETRIC_REPRESENTATION_CONTEXT() REPRESENTATION_CONTEXT('2D SPACE',''
  ) );
#6071 = ORIENTED_EDGE('',*,*,#6072,.T.);
#6072 = EDGE_CURVE('',#6050,#6073,#6075,.T.);
#6073 = VERTEX_POINT('',#6074);
#6074 = CARTESIAN_POINT('',(-103.,-59.,23.));
#6075 = SURFACE_CURVE('',#6076,(#6080,#6087),.PCURVE_S1.);
#6076 = LINE('',#6077,#6078);
#6077 = CARTESIAN_POINT('',(-103.,-59.,3.));
#6078 = VECTOR('',#6079,1.);
#6079 = DIRECTION('',(0.,0.,1.));
#6080 = PCURVE('',#5160,#6081);
#6081 = DEFINITIONAL_REPRESENTATION('',(#6082),#6086);
#6082 = LINE('',#6083,#6084);
#6083 = CARTESIAN_POINT('',(0.,0.));
#6084 = VECTOR('',#6085,1.);
#6085 = DIRECTION('',(0.,-1.));
#6086 = ( GEOMETRIC_REPRESENTATION_CONTEXT(2) 
PARAMETRIC_REPRESENTATION_CONTEXT() REPRESENTATION_CONTEXT('2D SPACE',''
  ) );
#6087 = PCURVE('',#6088,#6093);
#6088 = CYLINDRICAL_SURFACE('',#6089,5.);
#6089 = AXIS2_PLACEMENT_3D('',#6090,#6091,#6092);
#6090 = CARTESIAN_POINT('',(-98.,-59.,15.));
#6091 = DIRECTION('',(0.,0.,1.));
#6092 = DIRECTION('',(1.,0.,-0.));
#6093 = DEFINITIONAL_REPRESENTATION('',(#6094),#6097);
#6094 = B_SPLINE_CURVE_WITH_KNOTS('',1,(#6095,#6096),.UNSPECIFIED.,.F.,
  .F.,(2,2),(12.,20.),.PIECEWISE_BEZIER_KNOTS.);
#6095 = CARTESIAN_POINT('',(9.42477796077,0.));
#6096 = CARTESIAN_POINT('',(9.42477796077,8.));
#6097 = ( GEOMETRIC_REPRESENTATION_CONTEXT(2) 
PARAMETRIC_REPRESENTATION_CONTEXT() REPRESENTATION_CONTEXT('2D SPACE',''
  ) );
#6098 = ORIENTED_EDGE('',*,*,#6099,.T.);
#6099 = EDGE_CURVE('',#6073,#5505,#6100,.T.);
#6100 = SURFACE_CURVE('',#6101,(#6105,#6112),.PCURVE_S1.);
#6101 = LINE('',#6102,#6103);
#6102 = CARTESIAN_POINT('',(-103.,-59.,3.));
#6103 = VECTOR('',#6104,1.);
#6104 = DIRECTION('',(0.,0.,1.));
#6105 = PCURVE('',#5160,#6106);
#6106 = DEFINITIONAL_REPRESENTATION('',(#6107),#6111);
#6107 = LINE('',#6108,#6109);
#6108 = CARTESIAN_POINT('',(0.,0.));
#6109 = VECTOR('',#6110,1.);
#6110 = DIRECTION('',(0.,-1.));
#6111 = ( GEOMETRIC_REPRESENTATION_CONTEXT(2) 
PARAMETRIC_REPRESENTATION_CONTEXT() REPRESENTATION_CONTEXT('2D SPACE',''
  ) );
#6112 = PCURVE('',#5706,#6113);
#6113 = DEFINITIONAL_REPRESENTATION('',(#6114),#6118);
#6114 = LINE('',#6115,#6116);
#6115 = CARTESIAN_POINT('',(-3.14159265359,0.));
#6116 = VECTOR('',#6117,1.);
#6117 = DIRECTION('',(-0.,-1.));
#6118 = ( GEOMETRIC_REPRESENTATION_CONTEXT(2) 
PARAMETRIC_REPRESENTATION_CONTEXT() REPRESENTATION_CONTEXT('2D SPACE',''
  ) );
#6119 = ORIENTED_EDGE('',*,*,#5502,.F.);
#6120 = ORIENTED_EDGE('',*,*,#6121,.F.);
#6121 = EDGE_CURVE('',#6122,#5503,#6124,.T.);
#6122 = VERTEX_POINT('',#6123);
#6123 = CARTESIAN_POINT('',(-103.,58.999999980643,23.));
#6124 = SURFACE_CURVE('',#6125,(#6129,#6136),.PCURVE_S1.);
#6125 = LINE('',#6126,#6127);
#6126 = CARTESIAN_POINT('',(-103.,58.999999980643,3.));
#6127 = VECTOR('',#6128,1.);
#6128 = DIRECTION('',(0.,0.,1.));
#6129 = PCURVE('',#5160,#6130);
#6130 = DEFINITIONAL_REPRESENTATION('',(#6131),#6135);
#6131 = LINE('',#6132,#6133);
#6132 = CARTESIAN_POINT('',(117.99999998064,0.));
#6133 = VECTOR('',#6134,1.);
#6134 = DIRECTION('',(0.,-1.));
#6135 = ( GEOMETRIC_REPRESENTATION_CONTEXT(2) 
PARAMETRIC_REPRESENTATION_CONTEXT() REPRESENTATION_CONTEXT('2D SPACE',''
  ) );
#6136 = PCURVE('',#5546,#6137);
#6137 = DEFINITIONAL_REPRESENTATION('',(#6138),#6142);
#6138 = LINE('',#6139,#6140);
#6139 = CARTESIAN_POINT('',(-3.14159265359,0.));
#6140 = VECTOR('',#6141,1.);
#6141 = DIRECTION('',(-0.,-1.));
#6142 = ( GEOMETRIC_REPRESENTATION_CONTEXT(2) 
PARAMETRIC_REPRESENTATION_CONTEXT() REPRESENTATION_CONTEXT('2D SPACE',''
  ) );
#6143 = ORIENTED_EDGE('',*,*,#6144,.F.);
#6144 = EDGE_CURVE('',#6145,#6122,#6147,.T.);
#6145 = VERTEX_POINT('',#6146);
#6146 = CARTESIAN_POINT('',(-103.,58.999999980643,15.));
#6147 = SURFACE_CURVE('',#6148,(#6152,#6159),.PCURVE_S1.);
#6148 = LINE('',#6149,#6150);
#6149 = CARTESIAN_POINT('',(-103.,58.999999980643,3.));
#6150 = VECTOR('',#6151,1.);
#6151 = DIRECTION('',(0.,0.,1.));
#6152 = PCURVE('',#5160,#6153);
#6153 = DEFINITIONAL_REPRESENTATION('',(#6154),#6158);
#6154 = LINE('',#6155,#6156);
#6155 = CARTESIAN_POINT('',(117.99999998064,0.));
#6156 = VECTOR('',#6157,1.);
#6157 = DIRECTION('',(0.,-1.));
#6158 = ( GEOMETRIC_REPRESENTATION_CONTEXT(2) 
PARAMETRIC_REPRESENTATION_CONTEXT() REPRESENTATION_CONTEXT('2D SPACE',''
  ) );
#6159 = PCURVE('',#6160,#6165);
#6160 = CYLINDRICAL_SURFACE('',#6161,5.);
#6161 = AXIS2_PLACEMENT_3D('',#6162,#6163,#6164);
#6162 = CARTESIAN_POINT('',(-98.,59.,15.));
#6163 = DIRECTION('',(0.,0.,1.));
#6164 = DIRECTION('',(1.,0.,-0.));
#6165 = DEFINITIONAL_REPRESENTATION('',(#6166),#6169);
#6166 = B_SPLINE_CURVE_WITH_KNOTS('',1,(#6167,#6168),.UNSPECIFIED.,.F.,
  .F.,(2,2),(12.,20.),.PIECEWISE_BEZIER_KNOTS.);
#6167 = CARTESIAN_POINT('',(3.141592657461,0.));
#6168 = CARTESIAN_POINT('',(3.141592657461,8.));
#6169 = ( GEOMETRIC_REPRESENTATION_CONTEXT(2) 
PARAMETRIC_REPRESENTATION_CONTEXT() REPRESENTATION_CONTEXT('2D SPACE',''
  ) );
#6170 = ORIENTED_EDGE('',*,*,#6171,.F.);
#6171 = EDGE_CURVE('',#5144,#6145,#6172,.T.);
#6172 = SURFACE_CURVE('',#6173,(#6177,#6184),.PCURVE_S1.);
#6173 = LINE('',#6174,#6175);
#6174 = CARTESIAN_POINT('',(-103.,58.999999980643,3.));
#6175 = VECTOR('',#6176,1.);
#6176 = DIRECTION('',(0.,0.,1.));
#6177 = PCURVE('',#5160,#6178);
#6178 = DEFINITIONAL_REPRESENTATION('',(#6179),#6183);
#6179 = LINE('',#6180,#6181);
#6180 = CARTESIAN_POINT('',(117.99999998064,0.));
#6181 = VECTOR('',#6182,1.);
#6182 = DIRECTION('',(0.,-1.));
#6183 = ( GEOMETRIC_REPRESENTATION_CONTEXT(2) 
PARAMETRIC_REPRESENTATION_CONTEXT() REPRESENTATION_CONTEXT('2D SPACE',''
  ) );
#6184 = PCURVE('',#5192,#6185);
#6185 = DEFINITIONAL_REPRESENTATION('',(#6186),#6190);
#6186 = LINE('',#6187,#6188);
#6187 = CARTESIAN_POINT('',(-3.14159265359,0.));
#6188 = VECTOR('',#6189,1.);
#6189 = DIRECTION('',(-0.,-1.));
#6190 = ( GEOMETRIC_REPRESENTATION_CONTEXT(2) 
PARAMETRIC_REPRESENTATION_CONTEXT() REPRESENTATION_CONTEXT('2D SPACE',''
  ) );
#6191 = ADVANCED_FACE('',(#6192),#5367,.F.);
#6192 = FACE_BOUND('',#6193,.T.);
#6193 = EDGE_LOOP('',(#6194,#6217,#6218,#6219));
#6194 = ORIENTED_EDGE('',*,*,#6195,.F.);
#6195 = EDGE_CURVE('',#5323,#6196,#6198,.T.);
#6196 = VERTEX_POINT('',#6197);
#6197 = CARTESIAN_POINT('',(-98.,-64.,15.));
#6198 = SURFACE_CURVE('',#6199,(#6203,#6210),.PCURVE_S1.);
#6199 = LINE('',#6200,#6201);
#6200 = CARTESIAN_POINT('',(-98.,-64.,3.));
#6201 = VECTOR('',#6202,1.);
#6202 = DIRECTION('',(0.,0.,1.));
#6203 = PCURVE('',#5367,#6204);
#6204 = DEFINITIONAL_REPRESENTATION('',(#6205),#6209);
#6205 = LINE('',#6206,#6207);
#6206 = CARTESIAN_POINT('',(-4.712388980385,0.));
#6207 = VECTOR('',#6208,1.);
#6208 = DIRECTION('',(-0.,-1.));
#6209 = ( GEOMETRIC_REPRESENTATION_CONTEXT(2) 
PARAMETRIC_REPRESENTATION_CONTEXT() REPRESENTATION_CONTEXT('2D SPACE',''
  ) );
#6210 = PCURVE('',#5337,#6211);
#6211 = DEFINITIONAL_REPRESENTATION('',(#6212),#6216);
#6212 = LINE('',#6213,#6214);
#6213 = CARTESIAN_POINT('',(0.,0.));
#6214 = VECTOR('',#6215,1.);
#6215 = DIRECTION('',(0.,-1.));
#6216 = ( GEOMETRIC_REPRESENTATION_CONTEXT(2) 
PARAMETRIC_REPRESENTATION_CONTEXT() REPRESENTATION_CONTEXT('2D SPACE',''
  ) );
#6217 = ORIENTED_EDGE('',*,*,#5348,.T.);
#6218 = ORIENTED_EDGE('',*,*,#6049,.T.);
#6219 = ORIENTED_EDGE('',*,*,#6220,.T.);
#6220 = EDGE_CURVE('',#6050,#6196,#6221,.T.);
#6221 = SURFACE_CURVE('',#6222,(#6227,#6234),.PCURVE_S1.);
#6222 = CIRCLE('',#6223,5.);
#6223 = AXIS2_PLACEMENT_3D('',#6224,#6225,#6226);
#6224 = CARTESIAN_POINT('',(-98.,-59.,15.));
#6225 = DIRECTION('',(0.,0.,1.));
#6226 = DIRECTION('',(1.,0.,-0.));
#6227 = PCURVE('',#5367,#6228);
#6228 = DEFINITIONAL_REPRESENTATION('',(#6229),#6233);
#6229 = LINE('',#6230,#6231);
#6230 = CARTESIAN_POINT('',(-0.,-12.));
#6231 = VECTOR('',#6232,1.);
#6232 = DIRECTION('',(-1.,0.));
#6233 = ( GEOMETRIC_REPRESENTATION_CONTEXT(2) 
PARAMETRIC_REPRESENTATION_CONTEXT() REPRESENTATION_CONTEXT('2D SPACE',''
  ) );
#6234 = PCURVE('',#6235,#6240);
#6235 = PLANE('',#6236);
#6236 = AXIS2_PLACEMENT_3D('',#6237,#6238,#6239);
#6237 = CARTESIAN_POINT('',(-98.,-59.,15.));
#6238 = DIRECTION('',(0.,0.,1.));
#6239 = DIRECTION('',(1.,0.,-0.));
#6240 = DEFINITIONAL_REPRESENTATION('',(#6241),#6245);
#6241 = CIRCLE('',#6242,5.);
#6242 = AXIS2_PLACEMENT_2D('',#6243,#6244);
#6243 = CARTESIAN_POINT('',(0.,0.));
#6244 = DIRECTION('',(1.,0.));
#6245 = ( GEOMETRIC_REPRESENTATION_CONTEXT(2) 
PARAMETRIC_REPRESENTATION_CONTEXT() REPRESENTATION_CONTEXT('2D SPACE',''
  ) );
#6246 = ADVANCED_FACE('',(#6247,#6367,#6481),#5337,.T.);
#6247 = FACE_BOUND('',#6248,.T.);
#6248 = EDGE_LOOP('',(#6249,#6250,#6251,#6273,#6294,#6295,#6318,#6346));
#6249 = ORIENTED_EDGE('',*,*,#5322,.T.);
#6250 = ORIENTED_EDGE('',*,*,#6195,.T.);
#6251 = ORIENTED_EDGE('',*,*,#6252,.T.);
#6252 = EDGE_CURVE('',#6196,#6253,#6255,.T.);
#6253 = VERTEX_POINT('',#6254);
#6254 = CARTESIAN_POINT('',(-98.,-64.,23.));
#6255 = SURFACE_CURVE('',#6256,(#6260,#6267),.PCURVE_S1.);
#6256 = LINE('',#6257,#6258);
#6257 = CARTESIAN_POINT('',(-98.,-64.,3.));
#6258 = VECTOR('',#6259,1.);
#6259 = DIRECTION('',(0.,0.,1.));
#6260 = PCURVE('',#5337,#6261);
#6261 = DEFINITIONAL_REPRESENTATION('',(#6262),#6266);
#6262 = LINE('',#6263,#6264);
#6263 = CARTESIAN_POINT('',(0.,0.));
#6264 = VECTOR('',#6265,1.);
#6265 = DIRECTION('',(0.,-1.));
#6266 = ( GEOMETRIC_REPRESENTATION_CONTEXT(2) 
PARAMETRIC_REPRESENTATION_CONTEXT() REPRESENTATION_CONTEXT('2D SPACE',''
  ) );
#6267 = PCURVE('',#6088,#6268);
#6268 = DEFINITIONAL_REPRESENTATION('',(#6269),#6272);
#6269 = B_SPLINE_CURVE_WITH_KNOTS('',1,(#6270,#6271),.UNSPECIFIED.,.F.,
  .F.,(2,2),(12.,20.),.PIECEWISE_BEZIER_KNOTS.);
#6270 = CARTESIAN_POINT('',(4.712388980385,0.));
#6271 = CARTESIAN_POINT('',(4.712388980385,8.));
#6272 = ( GEOMETRIC_REPRESENTATION_CONTEXT(2) 
PARAMETRIC_REPRESENTATION_CONTEXT() REPRESENTATION_CONTEXT('2D SPACE',''
  ) );
#6273 = ORIENTED_EDGE('',*,*,#6274,.T.);
#6274 = EDGE_CURVE('',#6253,#5667,#6275,.T.);
#6275 = SURFACE_CURVE('',#6276,(#6280,#6287),.PCURVE_S1.);
#6276 = LINE('',#6277,#6278);
#6277 = CARTESIAN_POINT('',(-98.,-64.,3.));
#6278 = VECTOR('',#6279,1.);
#6279 = DIRECTION('',(0.,0.,1.));
#6280 = PCURVE('',#5337,#6281);
#6281 = DEFINITIONAL_REPRESENTATION('',(#6282),#6286);
#6282 = LINE('',#6283,#6284);
#6283 = CARTESIAN_POINT('',(0.,0.));
#6284 = VECTOR('',#6285,1.);
#6285 = DIRECTION('',(0.,-1.));
#6286 = ( GEOMETRIC_REPRESENTATION_CONTEXT(2) 
PARAMETRIC_REPRESENTATION_CONTEXT() REPRESENTATION_CONTEXT('2D SPACE',''
  ) );
#6287 = PCURVE('',#5706,#6288);
#6288 = DEFINITIONAL_REPRESENTATION('',(#6289),#6293);
#6289 = LINE('',#6290,#6291);
#6290 = CARTESIAN_POINT('',(-4.712388980385,0.));
#6291 = VECTOR('',#6292,1.);
#6292 = DIRECTION('',(-0.,-1.));
#6293 = ( GEOMETRIC_REPRESENTATION_CONTEXT(2) 
PARAMETRIC_REPRESENTATION_CONTEXT() REPRESENTATION_CONTEXT('2D SPACE',''
  ) );
#6294 = ORIENTED_EDGE('',*,*,#5666,.F.);
#6295 = ORIENTED_EDGE('',*,*,#6296,.F.);
#6296 = EDGE_CURVE('',#6297,#5634,#6299,.T.);
#6297 = VERTEX_POINT('',#6298);
#6298 = CARTESIAN_POINT('',(98.,-64.,23.));
#6299 = SURFACE_CURVE('',#6300,(#6304,#6311),.PCURVE_S1.);
#6300 = LINE('',#6301,#6302);
#6301 = CARTESIAN_POINT('',(98.,-64.,3.));
#6302 = VECTOR('',#6303,1.);
#6303 = DIRECTION('',(0.,0.,1.));
#6304 = PCURVE('',#5337,#6305);
#6305 = DEFINITIONAL_REPRESENTATION('',(#6306),#6310);
#6306 = LINE('',#6307,#6308);
#6307 = CARTESIAN_POINT('',(196.,0.));
#6308 = VECTOR('',#6309,1.);
#6309 = DIRECTION('',(0.,-1.));
#6310 = ( GEOMETRIC_REPRESENTATION_CONTEXT(2) 
PARAMETRIC_REPRESENTATION_CONTEXT() REPRESENTATION_CONTEXT('2D SPACE',''
  ) );
#6311 = PCURVE('',#5654,#6312);
#6312 = DEFINITIONAL_REPRESENTATION('',(#6313),#6317);
#6313 = LINE('',#6314,#6315);
#6314 = CARTESIAN_POINT('',(-4.712388980385,0.));
#6315 = VECTOR('',#6316,1.);
#6316 = DIRECTION('',(-0.,-1.));
#6317 = ( GEOMETRIC_REPRESENTATION_CONTEXT(2) 
PARAMETRIC_REPRESENTATION_CONTEXT() REPRESENTATION_CONTEXT('2D SPACE',''
  ) );
#6318 = ORIENTED_EDGE('',*,*,#6319,.F.);
#6319 = EDGE_CURVE('',#6320,#6297,#6322,.T.);
#6320 = VERTEX_POINT('',#6321);
#6321 = CARTESIAN_POINT('',(98.,-64.,15.));
#6322 = SURFACE_CURVE('',#6323,(#6327,#6334),.PCURVE_S1.);
#6323 = LINE('',#6324,#6325);
#6324 = CARTESIAN_POINT('',(98.,-64.,3.));
#6325 = VECTOR('',#6326,1.);
#6326 = DIRECTION('',(0.,0.,1.));
#6327 = PCURVE('',#5337,#6328);
#6328 = DEFINITIONAL_REPRESENTATION('',(#6329),#6333);
#6329 = LINE('',#6330,#6331);
#6330 = CARTESIAN_POINT('',(196.,0.));
#6331 = VECTOR('',#6332,1.);
#6332 = DIRECTION('',(0.,-1.));
#6333 = ( GEOMETRIC_REPRESENTATION_CONTEXT(2) 
PARAMETRIC_REPRESENTATION_CONTEXT() REPRESENTATION_CONTEXT('2D SPACE',''
  ) );
#6334 = PCURVE('',#6335,#6340);
#6335 = CYLINDRICAL_SURFACE('',#6336,5.);
#6336 = AXIS2_PLACEMENT_3D('',#6337,#6338,#6339);
#6337 = CARTESIAN_POINT('',(98.,-59.,15.));
#6338 = DIRECTION('',(0.,0.,1.));
#6339 = DIRECTION('',(1.,0.,-0.));
#6340 = DEFINITIONAL_REPRESENTATION('',(#6341),#6345);
#6341 = LINE('',#6342,#6343);
#6342 = CARTESIAN_POINT('',(4.712388980385,-12.));
#6343 = VECTOR('',#6344,1.);
#6344 = DIRECTION('',(0.,1.));
#6345 = ( GEOMETRIC_REPRESENTATION_CONTEXT(2) 
PARAMETRIC_REPRESENTATION_CONTEXT() REPRESENTATION_CONTEXT('2D SPACE',''
  ) );
#6346 = ORIENTED_EDGE('',*,*,#6347,.F.);
#6347 = EDGE_CURVE('',#5290,#6320,#6348,.T.);
#6348 = SURFACE_CURVE('',#6349,(#6353,#6360),.PCURVE_S1.);
#6349 = LINE('',#6350,#6351);
#6350 = CARTESIAN_POINT('',(98.,-64.,3.));
#6351 = VECTOR('',#6352,1.);
#6352 = DIRECTION('',(0.,0.,1.));
#6353 = PCURVE('',#5337,#6354);
#6354 = DEFINITIONAL_REPRESENTATION('',(#6355),#6359);
#6355 = LINE('',#6356,#6357);
#6356 = CARTESIAN_POINT('',(196.,0.));
#6357 = VECTOR('',#6358,1.);
#6358 = DIRECTION('',(0.,-1.));
#6359 = ( GEOMETRIC_REPRESENTATION_CONTEXT(2) 
PARAMETRIC_REPRESENTATION_CONTEXT() REPRESENTATION_CONTEXT('2D SPACE',''
  ) );
#6360 = PCURVE('',#5310,#6361);
#6361 = DEFINITIONAL_REPRESENTATION('',(#6362),#6366);
#6362 = LINE('',#6363,#6364);
#6363 = CARTESIAN_POINT('',(-4.712388980385,0.));
#6364 = VECTOR('',#6365,1.);
#6365 = DIRECTION('',(-0.,-1.));
#6366 = ( GEOMETRIC_REPRESENTATION_CONTEXT(2) 
PARAMETRIC_REPRESENTATION_CONTEXT() REPRESENTATION_CONTEXT('2D SPACE',''
  ) );
#6367 = FACE_BOUND('',#6368,.T.);
#6368 = EDGE_LOOP('',(#6369,#6399,#6427,#6455));
#6369 = ORIENTED_EDGE('',*,*,#6370,.F.);
#6370 = EDGE_CURVE('',#6371,#6373,#6375,.T.);
#6371 = VERTEX_POINT('',#6372);
#6372 = CARTESIAN_POINT('',(-12.5,-64.,18.5));
#6373 = VERTEX_POINT('',#6374);
#6374 = CARTESIAN_POINT('',(-7.5,-64.,18.5));
#6375 = SURFACE_CURVE('',#6376,(#6380,#6387),.PCURVE_S1.);
#6376 = LINE('',#6377,#6378);
#6377 = CARTESIAN_POINT('',(-12.5,-64.,18.5));
#6378 = VECTOR('',#6379,1.);
#6379 = DIRECTION('',(1.,0.,-0.));
#6380 = PCURVE('',#5337,#6381);
#6381 = DEFINITIONAL_REPRESENTATION('',(#6382),#6386);
#6382 = LINE('',#6383,#6384);
#6383 = CARTESIAN_POINT('',(85.5,-15.5));
#6384 = VECTOR('',#6385,1.);
#6385 = DIRECTION('',(1.,0.));
#6386 = ( GEOMETRIC_REPRESENTATION_CONTEXT(2) 
PARAMETRIC_REPRESENTATION_CONTEXT() REPRESENTATION_CONTEXT('2D SPACE',''
  ) );
#6387 = PCURVE('',#6388,#6393);
#6388 = PLANE('',#6389);
#6389 = AXIS2_PLACEMENT_3D('',#6390,#6391,#6392);
#6390 = CARTESIAN_POINT('',(-12.5,-64.,18.5));
#6391 = DIRECTION('',(0.,0.,1.));
#6392 = DIRECTION('',(1.,0.,-0.));
#6393 = DEFINITIONAL_REPRESENTATION('',(#6394),#6398);
#6394 = LINE('',#6395,#6396);
#6395 = CARTESIAN_POINT('',(0.,0.));
#6396 = VECTOR('',#6397,1.);
#6397 = DIRECTION('',(1.,0.));
#6398 = ( GEOMETRIC_REPRESENTATION_CONTEXT(2) 
PARAMETRIC_REPRESENTATION_CONTEXT() REPRESENTATION_CONTEXT('2D SPACE',''
  ) );
#6399 = ORIENTED_EDGE('',*,*,#6400,.F.);
#6400 = EDGE_CURVE('',#6401,#6371,#6403,.T.);
#6401 = VERTEX_POINT('',#6402);
#6402 = CARTESIAN_POINT('',(-12.5,-64.,17.3));
#6403 = SURFACE_CURVE('',#6404,(#6408,#6415),.PCURVE_S1.);
#6404 = LINE('',#6405,#6406);
#6405 = CARTESIAN_POINT('',(-12.5,-64.,17.3));
#6406 = VECTOR('',#6407,1.);
#6407 = DIRECTION('',(0.,0.,1.));
#6408 = PCURVE('',#5337,#6409);
#6409 = DEFINITIONAL_REPRESENTATION('',(#6410),#6414);
#6410 = LINE('',#6411,#6412);
#6411 = CARTESIAN_POINT('',(85.5,-14.3));
#6412 = VECTOR('',#6413,1.);
#6413 = DIRECTION('',(0.,-1.));
#6414 = ( GEOMETRIC_REPRESENTATION_CONTEXT(2) 
PARAMETRIC_REPRESENTATION_CONTEXT() REPRESENTATION_CONTEXT('2D SPACE',''
  ) );
#6415 = PCURVE('',#6416,#6421);
#6416 = PLANE('',#6417);
#6417 = AXIS2_PLACEMENT_3D('',#6418,#6419,#6420);
#6418 = CARTESIAN_POINT('',(-12.5,-64.,17.3));
#6419 = DIRECTION('',(1.,0.,-0.));
#6420 = DIRECTION('',(0.,0.,1.));
#6421 = DEFINITIONAL_REPRESENTATION('',(#6422),#6426);
#6422 = LINE('',#6423,#6424);
#6423 = CARTESIAN_POINT('',(0.,0.));
#6424 = VECTOR('',#6425,1.);
#6425 = DIRECTION('',(1.,0.));
#6426 = ( GEOMETRIC_REPRESENTATION_CONTEXT(2) 
PARAMETRIC_REPRESENTATION_CONTEXT() REPRESENTATION_CONTEXT('2D SPACE',''
  ) );
#6427 = ORIENTED_EDGE('',*,*,#6428,.T.);
#6428 = EDGE_CURVE('',#6401,#6429,#6431,.T.);
#6429 = VERTEX_POINT('',#6430);
#6430 = CARTESIAN_POINT('',(-7.5,-64.,17.3));
#6431 = SURFACE_CURVE('',#6432,(#6436,#6443),.PCURVE_S1.);
#6432 = LINE('',#6433,#6434);
#6433 = CARTESIAN_POINT('',(-12.5,-64.,17.3));
#6434 = VECTOR('',#6435,1.);
#6435 = DIRECTION('',(1.,0.,-0.));
#6436 = PCURVE('',#5337,#6437);
#6437 = DEFINITIONAL_REPRESENTATION('',(#6438),#6442);
#6438 = LINE('',#6439,#6440);
#6439 = CARTESIAN_POINT('',(85.5,-14.3));
#6440 = VECTOR('',#6441,1.);
#6441 = DIRECTION('',(1.,0.));
#6442 = ( GEOMETRIC_REPRESENTATION_CONTEXT(2) 
PARAMETRIC_REPRESENTATION_CONTEXT() REPRESENTATION_CONTEXT('2D SPACE',''
  ) );
#6443 = PCURVE('',#6444,#6449);
#6444 = PLANE('',#6445);
#6445 = AXIS2_PLACEMENT_3D('',#6446,#6447,#6448);
#6446 = CARTESIAN_POINT('',(-12.5,-64.,17.3));
#6447 = DIRECTION('',(0.,0.,1.));
#6448 = DIRECTION('',(1.,0.,-0.));
#6449 = DEFINITIONAL_REPRESENTATION('',(#6450),#6454);
#6450 = LINE('',#6451,#6452);
#6451 = CARTESIAN_POINT('',(0.,0.));
#6452 = VECTOR('',#6453,1.);
#6453 = DIRECTION('',(1.,0.));
#6454 = ( GEOMETRIC_REPRESENTATION_CONTEXT(2) 
PARAMETRIC_REPRESENTATION_CONTEXT() REPRESENTATION_CONTEXT('2D SPACE',''
  ) );
#6455 = ORIENTED_EDGE('',*,*,#6456,.T.);
#6456 = EDGE_CURVE('',#6429,#6373,#6457,.T.);
#6457 = SURFACE_CURVE('',#6458,(#6462,#6469),.PCURVE_S1.);
#6458 = LINE('',#6459,#6460);
#6459 = CARTESIAN_POINT('',(-7.5,-64.,17.3));
#6460 = VECTOR('',#6461,1.);
#6461 = DIRECTION('',(0.,0.,1.));
#6462 = PCURVE('',#5337,#6463);
#6463 = DEFINITIONAL_REPRESENTATION('',(#6464),#6468);
#6464 = LINE('',#6465,#6466);
#6465 = CARTESIAN_POINT('',(90.5,-14.3));
#6466 = VECTOR('',#6467,1.);
#6467 = DIRECTION('',(0.,-1.));
#6468 = ( GEOMETRIC_REPRESENTATION_CONTEXT(2) 
PARAMETRIC_REPRESENTATION_CONTEXT() REPRESENTATION_CONTEXT('2D SPACE',''
  ) );
#6469 = PCURVE('',#6470,#6475);
#6470 = PLANE('',#6471);
#6471 = AXIS2_PLACEMENT_3D('',#6472,#6473,#6474);
#6472 = CARTESIAN_POINT('',(-7.5,-64.,17.3));
#6473 = DIRECTION('',(1.,0.,-0.));
#6474 = DIRECTION('',(0.,0.,1.));
#6475 = DEFINITIONAL_REPRESENTATION('',(#6476),#6480);
#6476 = LINE('',#6477,#6478);
#6477 = CARTESIAN_POINT('',(0.,0.));
#6478 = VECTOR('',#6479,1.);
#6479 = DIRECTION('',(1.,0.));
#6480 = ( GEOMETRIC_REPRESENTATION_CONTEXT(2) 
PARAMETRIC_REPRESENTATION_CONTEXT() REPRESENTATION_CONTEXT('2D SPACE',''
  ) );
#6481 = FACE_BOUND('',#6482,.T.);
#6482 = EDGE_LOOP('',(#6483,#6513,#6541,#6569));
#6483 = ORIENTED_EDGE('',*,*,#6484,.F.);
#6484 = EDGE_CURVE('',#6485,#6487,#6489,.T.);
#6485 = VERTEX_POINT('',#6486);
#6486 = CARTESIAN_POINT('',(91.5,-64.,18.5));
#6487 = VERTEX_POINT('',#6488);
#6488 = CARTESIAN_POINT('',(96.5,-64.,18.5));
#6489 = SURFACE_CURVE('',#6490,(#6494,#6501),.PCURVE_S1.);
#6490 = LINE('',#6491,#6492);
#6491 = CARTESIAN_POINT('',(91.5,-64.,18.5));
#6492 = VECTOR('',#6493,1.);
#6493 = DIRECTION('',(1.,0.,-0.));
#6494 = PCURVE('',#5337,#6495);
#6495 = DEFINITIONAL_REPRESENTATION('',(#6496),#6500);
#6496 = LINE('',#6497,#6498);
#6497 = CARTESIAN_POINT('',(189.5,-15.5));
#6498 = VECTOR('',#6499,1.);
#6499 = DIRECTION('',(1.,0.));
#6500 = ( GEOMETRIC_REPRESENTATION_CONTEXT(2) 
PARAMETRIC_REPRESENTATION_CONTEXT() REPRESENTATION_CONTEXT('2D SPACE',''
  ) );
#6501 = PCURVE('',#6502,#6507);
#6502 = PLANE('',#6503);
#6503 = AXIS2_PLACEMENT_3D('',#6504,#6505,#6506);
#6504 = CARTESIAN_POINT('',(91.5,-64.,18.5));
#6505 = DIRECTION('',(0.,0.,1.));
#6506 = DIRECTION('',(1.,0.,-0.));
#6507 = DEFINITIONAL_REPRESENTATION('',(#6508),#6512);
#6508 = LINE('',#6509,#6510);
#6509 = CARTESIAN_POINT('',(0.,0.));
#6510 = VECTOR('',#6511,1.);
#6511 = DIRECTION('',(1.,0.));
#6512 = ( GEOMETRIC_REPRESENTATION_CONTEXT(2) 
PARAMETRIC_REPRESENTATION_CONTEXT() REPRESENTATION_CONTEXT('2D SPACE',''
  ) );
#6513 = ORIENTED_EDGE('',*,*,#6514,.F.);
#6514 = EDGE_CURVE('',#6515,#6485,#6517,.T.);
#6515 = VERTEX_POINT('',#6516);
#6516 = CARTESIAN_POINT('',(91.5,-64.,17.3));
#6517 = SURFACE_CURVE('',#6518,(#6522,#6529),.PCURVE_S1.);
#6518 = LINE('',#6519,#6520);
#6519 = CARTESIAN_POINT('',(91.5,-64.,17.3));
#6520 = VECTOR('',#6521,1.);
#6521 = DIRECTION('',(0.,0.,1.));
#6522 = PCURVE('',#5337,#6523);
#6523 = DEFINITIONAL_REPRESENTATION('',(#6524),#6528);
#6524 = LINE('',#6525,#6526);
#6525 = CARTESIAN_POINT('',(189.5,-14.3));
#6526 = VECTOR('',#6527,1.);
#6527 = DIRECTION('',(0.,-1.));
#6528 = ( GEOMETRIC_REPRESENTATION_CONTEXT(2) 
PARAMETRIC_REPRESENTATION_CONTEXT() REPRESENTATION_CONTEXT('2D SPACE',''
  ) );
#6529 = PCURVE('',#6530,#6535);
#6530 = PLANE('',#6531);
#6531 = AXIS2_PLACEMENT_3D('',#6532,#6533,#6534);
#6532 = CARTESIAN_POINT('',(91.5,-64.,17.3));
#6533 = DIRECTION('',(1.,0.,-0.));
#6534 = DIRECTION('',(0.,0.,1.));
#6535 = DEFINITIONAL_REPRESENTATION('',(#6536),#6540);
#6536 = LINE('',#6537,#6538);
#6537 = CARTESIAN_POINT('',(0.,0.));
#6538 = VECTOR('',#6539,1.);
#6539 = DIRECTION('',(1.,0.));
#6540 = ( GEOMETRIC_REPRESENTATION_CONTEXT(2) 
PARAMETRIC_REPRESENTATION_CONTEXT() REPRESENTATION_CONTEXT('2D SPACE',''
  ) );
#6541 = ORIENTED_EDGE('',*,*,#6542,.T.);
#6542 = EDGE_CURVE('',#6515,#6543,#6545,.T.);
#6543 = VERTEX_POINT('',#6544);
#6544 = CARTESIAN_POINT('',(96.5,-64.,17.3));
#6545 = SURFACE_CURVE('',#6546,(#6550,#6557),.PCURVE_S1.);
#6546 = LINE('',#6547,#6548);
#6547 = CARTESIAN_POINT('',(91.5,-64.,17.3));
#6548 = VECTOR('',#6549,1.);
#6549 = DIRECTION('',(1.,0.,-0.));
#6550 = PCURVE('',#5337,#6551);
#6551 = DEFINITIONAL_REPRESENTATION('',(#6552),#6556);
#6552 = LINE('',#6553,#6554);
#6553 = CARTESIAN_POINT('',(189.5,-14.3));
#6554 = VECTOR('',#6555,1.);
#6555 = DIRECTION('',(1.,0.));
#6556 = ( GEOMETRIC_REPRESENTATION_CONTEXT(2) 
PARAMETRIC_REPRESENTATION_CONTEXT() REPRESENTATION_CONTEXT('2D SPACE',''
  ) );
#6557 = PCURVE('',#6558,#6563);
#6558 = PLANE('',#6559);
#6559 = AXIS2_PLACEMENT_3D('',#6560,#6561,#6562);
#6560 = CARTESIAN_POINT('',(91.5,-64.,17.3));
#6561 = DIRECTION('',(0.,0.,1.));
#6562 = DIRECTION('',(1.,0.,-0.));
#6563 = DEFINITIONAL_REPRESENTATION('',(#6564),#6568);
#6564 = LINE('',#6565,#6566);
#6565 = CARTESIAN_POINT('',(0.,0.));
#6566 = VECTOR('',#6567,1.);
#6567 = DIRECTION('',(1.,0.));
#6568 = ( GEOMETRIC_REPRESENTATION_CONTEXT(2) 
PARAMETRIC_REPRESENTATION_CONTEXT() REPRESENTATION_CONTEXT('2D SPACE',''
  ) );
#6569 = ORIENTED_EDGE('',*,*,#6570,.T.);
#6570 = EDGE_CURVE('',#6543,#6487,#6571,.T.);
#6571 = SURFACE_CURVE('',#6572,(#6576,#6583),.PCURVE_S1.);
#6572 = LINE('',#6573,#6574);
#6573 = CARTESIAN_POINT('',(96.5,-64.,17.3));
#6574 = VECTOR('',#6575,1.);
#6575 = DIRECTION('',(0.,0.,1.));
#6576 = PCURVE('',#5337,#6577);
#6577 = DEFINITIONAL_REPRESENTATION('',(#6578),#6582);
#6578 = LINE('',#6579,#6580);
#6579 = CARTESIAN_POINT('',(194.5,-14.3));
#6580 = VECTOR('',#6581,1.);
#6581 = DIRECTION('',(0.,-1.));
#6582 = ( GEOMETRIC_REPRESENTATION_CONTEXT(2) 
PARAMETRIC_REPRESENTATION_CONTEXT() REPRESENTATION_CONTEXT('2D SPACE',''
  ) );
#6583 = PCURVE('',#6584,#6589);
#6584 = PLANE('',#6585);
#6585 = AXIS2_PLACEMENT_3D('',#6586,#6587,#6588);
#6586 = CARTESIAN_POINT('',(96.5,-64.,17.3));
#6587 = DIRECTION('',(1.,0.,-0.));
#6588 = DIRECTION('',(0.,0.,1.));
#6589 = DEFINITIONAL_REPRESENTATION('',(#6590),#6594);
#6590 = LINE('',#6591,#6592);
#6591 = CARTESIAN_POINT('',(0.,0.));
#6592 = VECTOR('',#6593,1.);
#6593 = DIRECTION('',(1.,0.));
#6594 = ( GEOMETRIC_REPRESENTATION_CONTEXT(2) 
PARAMETRIC_REPRESENTATION_CONTEXT() REPRESENTATION_CONTEXT('2D SPACE',''
  ) );
#6595 = ADVANCED_FACE('',(#6596),#5310,.F.);
#6596 = FACE_BOUND('',#6597,.T.);
#6597 = EDGE_LOOP('',(#6598,#6621,#6622,#6623));
#6598 = ORIENTED_EDGE('',*,*,#6599,.F.);
#6599 = EDGE_CURVE('',#5264,#6600,#6602,.T.);
#6600 = VERTEX_POINT('',#6601);
#6601 = CARTESIAN_POINT('',(103.,-59.,15.));
#6602 = SURFACE_CURVE('',#6603,(#6607,#6614),.PCURVE_S1.);
#6603 = LINE('',#6604,#6605);
#6604 = CARTESIAN_POINT('',(103.,-59.,3.));
#6605 = VECTOR('',#6606,1.);
#6606 = DIRECTION('',(0.,0.,1.));
#6607 = PCURVE('',#5310,#6608);
#6608 = DEFINITIONAL_REPRESENTATION('',(#6609),#6613);
#6609 = LINE('',#6610,#6611);
#6610 = CARTESIAN_POINT('',(-6.28318530718,0.));
#6611 = VECTOR('',#6612,1.);
#6612 = DIRECTION('',(-0.,-1.));
#6613 = ( GEOMETRIC_REPRESENTATION_CONTEXT(2) 
PARAMETRIC_REPRESENTATION_CONTEXT() REPRESENTATION_CONTEXT('2D SPACE',''
  ) );
#6614 = PCURVE('',#5278,#6615);
#6615 = DEFINITIONAL_REPRESENTATION('',(#6616),#6620);
#6616 = LINE('',#6617,#6618);
#6617 = CARTESIAN_POINT('',(0.,0.));
#6618 = VECTOR('',#6619,1.);
#6619 = DIRECTION('',(0.,-1.));
#6620 = ( GEOMETRIC_REPRESENTATION_CONTEXT(2) 
PARAMETRIC_REPRESENTATION_CONTEXT() REPRESENTATION_CONTEXT('2D SPACE',''
  ) );
#6621 = ORIENTED_EDGE('',*,*,#5289,.T.);
#6622 = ORIENTED_EDGE('',*,*,#6347,.T.);
#6623 = ORIENTED_EDGE('',*,*,#6624,.T.);
#6624 = EDGE_CURVE('',#6320,#6600,#6625,.T.);
#6625 = SURFACE_CURVE('',#6626,(#6631,#6638),.PCURVE_S1.);
#6626 = CIRCLE('',#6627,5.);
#6627 = AXIS2_PLACEMENT_3D('',#6628,#6629,#6630);
#6628 = CARTESIAN_POINT('',(98.,-59.,15.));
#6629 = DIRECTION('',(0.,0.,1.));
#6630 = DIRECTION('',(1.,0.,-0.));
#6631 = PCURVE('',#5310,#6632);
#6632 = DEFINITIONAL_REPRESENTATION('',(#6633),#6637);
#6633 = LINE('',#6634,#6635);
#6634 = CARTESIAN_POINT('',(8.881784197001E-16,-12.));
#6635 = VECTOR('',#6636,1.);
#6636 = DIRECTION('',(-1.,0.));
#6637 = ( GEOMETRIC_REPRESENTATION_CONTEXT(2) 
PARAMETRIC_REPRESENTATION_CONTEXT() REPRESENTATION_CONTEXT('2D SPACE',''
  ) );
#6638 = PCURVE('',#6639,#6644);
#6639 = PLANE('',#6640);
#6640 = AXIS2_PLACEMENT_3D('',#6641,#6642,#6643);
#6641 = CARTESIAN_POINT('',(98.,-59.,15.));
#6642 = DIRECTION('',(0.,0.,1.));
#6643 = DIRECTION('',(1.,0.,-0.));
#6644 = DEFINITIONAL_REPRESENTATION('',(#6645),#6649);
#6645 = CIRCLE('',#6646,5.);
#6646 = AXIS2_PLACEMENT_2D('',#6647,#6648);
#6647 = CARTESIAN_POINT('',(0.,0.));
#6648 = DIRECTION('',(1.,0.));
#6649 = ( GEOMETRIC_REPRESENTATION_CONTEXT(2) 
PARAMETRIC_REPRESENTATION_CONTEXT() REPRESENTATION_CONTEXT('2D SPACE',''
  ) );
#6650 = ADVANCED_FACE('',(#6651,#6772,#6858),#5278,.T.);
#6651 = FACE_BOUND('',#6652,.T.);
#6652 = EDGE_LOOP('',(#6653,#6654,#6655,#6678,#6699,#6700,#6723,#6751));
#6653 = ORIENTED_EDGE('',*,*,#5263,.T.);
#6654 = ORIENTED_EDGE('',*,*,#6599,.T.);
#6655 = ORIENTED_EDGE('',*,*,#6656,.T.);
#6656 = EDGE_CURVE('',#6600,#6657,#6659,.T.);
#6657 = VERTEX_POINT('',#6658);
#6658 = CARTESIAN_POINT('',(103.,-59.,23.));
#6659 = SURFACE_CURVE('',#6660,(#6664,#6671),.PCURVE_S1.);
#6660 = LINE('',#6661,#6662);
#6661 = CARTESIAN_POINT('',(103.,-59.,15.));
#6662 = VECTOR('',#6663,1.);
#6663 = DIRECTION('',(0.,0.,1.));
#6664 = PCURVE('',#5278,#6665);
#6665 = DEFINITIONAL_REPRESENTATION('',(#6666),#6670);
#6666 = LINE('',#6667,#6668);
#6667 = CARTESIAN_POINT('',(3.652189661807E-12,-12.));
#6668 = VECTOR('',#6669,1.);
#6669 = DIRECTION('',(0.,-1.));
#6670 = ( GEOMETRIC_REPRESENTATION_CONTEXT(2) 
PARAMETRIC_REPRESENTATION_CONTEXT() REPRESENTATION_CONTEXT('2D SPACE',''
  ) );
#6671 = PCURVE('',#6335,#6672);
#6672 = DEFINITIONAL_REPRESENTATION('',(#6673),#6677);
#6673 = LINE('',#6674,#6675);
#6674 = CARTESIAN_POINT('',(0.,-0.));
#6675 = VECTOR('',#6676,1.);
#6676 = DIRECTION('',(0.,1.));
#6677 = ( GEOMETRIC_REPRESENTATION_CONTEXT(2) 
PARAMETRIC_REPRESENTATION_CONTEXT() REPRESENTATION_CONTEXT('2D SPACE',''
  ) );
#6678 = ORIENTED_EDGE('',*,*,#6679,.T.);
#6679 = EDGE_CURVE('',#6657,#5613,#6680,.T.);
#6680 = SURFACE_CURVE('',#6681,(#6685,#6692),.PCURVE_S1.);
#6681 = LINE('',#6682,#6683);
#6682 = CARTESIAN_POINT('',(103.,-59.,3.));
#6683 = VECTOR('',#6684,1.);
#6684 = DIRECTION('',(0.,0.,1.));
#6685 = PCURVE('',#5278,#6686);
#6686 = DEFINITIONAL_REPRESENTATION('',(#6687),#6691);
#6687 = LINE('',#6688,#6689);
#6688 = CARTESIAN_POINT('',(0.,0.));
#6689 = VECTOR('',#6690,1.);
#6690 = DIRECTION('',(0.,-1.));
#6691 = ( GEOMETRIC_REPRESENTATION_CONTEXT(2) 
PARAMETRIC_REPRESENTATION_CONTEXT() REPRESENTATION_CONTEXT('2D SPACE',''
  ) );
#6692 = PCURVE('',#5654,#6693);
#6693 = DEFINITIONAL_REPRESENTATION('',(#6694),#6698);
#6694 = LINE('',#6695,#6696);
#6695 = CARTESIAN_POINT('',(-6.28318530718,0.));
#6696 = VECTOR('',#6697,1.);
#6697 = DIRECTION('',(-0.,-1.));
#6698 = ( GEOMETRIC_REPRESENTATION_CONTEXT(2) 
PARAMETRIC_REPRESENTATION_CONTEXT() REPRESENTATION_CONTEXT('2D SPACE',''
  ) );
#6699 = ORIENTED_EDGE('',*,*,#5612,.F.);
#6700 = ORIENTED_EDGE('',*,*,#6701,.F.);
#6701 = EDGE_CURVE('',#6702,#5580,#6704,.T.);
#6702 = VERTEX_POINT('',#6703);
#6703 = CARTESIAN_POINT('',(103.,59.,23.));
#6704 = SURFACE_CURVE('',#6705,(#6709,#6716),.PCURVE_S1.);
#6705 = LINE('',#6706,#6707);
#6706 = CARTESIAN_POINT('',(103.,58.999999980643,3.));
#6707 = VECTOR('',#6708,1.);
#6708 = DIRECTION('',(0.,0.,1.));
#6709 = PCURVE('',#5278,#6710);
#6710 = DEFINITIONAL_REPRESENTATION('',(#6711),#6715);
#6711 = LINE('',#6712,#6713);
#6712 = CARTESIAN_POINT('',(117.99999998064,0.));
#6713 = VECTOR('',#6714,1.);
#6714 = DIRECTION('',(0.,-1.));
#6715 = ( GEOMETRIC_REPRESENTATION_CONTEXT(2) 
PARAMETRIC_REPRESENTATION_CONTEXT() REPRESENTATION_CONTEXT('2D SPACE',''
  ) );
#6716 = PCURVE('',#5600,#6717);
#6717 = DEFINITIONAL_REPRESENTATION('',(#6718),#6722);
#6718 = LINE('',#6719,#6720);
#6719 = CARTESIAN_POINT('',(-0.,0.));
#6720 = VECTOR('',#6721,1.);
#6721 = DIRECTION('',(-0.,-1.));
#6722 = ( GEOMETRIC_REPRESENTATION_CONTEXT(2) 
PARAMETRIC_REPRESENTATION_CONTEXT() REPRESENTATION_CONTEXT('2D SPACE',''
  ) );
#6723 = ORIENTED_EDGE('',*,*,#6724,.F.);
#6724 = EDGE_CURVE('',#6725,#6702,#6727,.T.);
#6725 = VERTEX_POINT('',#6726);
#6726 = CARTESIAN_POINT('',(103.,59.,15.));
#6727 = SURFACE_CURVE('',#6728,(#6732,#6739),.PCURVE_S1.);
#6728 = LINE('',#6729,#6730);
#6729 = CARTESIAN_POINT('',(103.,59.,15.));
#6730 = VECTOR('',#6731,1.);
#6731 = DIRECTION('',(0.,0.,1.));
#6732 = PCURVE('',#5278,#6733);
#6733 = DEFINITIONAL_REPRESENTATION('',(#6734),#6738);
#6734 = LINE('',#6735,#6736);
#6735 = CARTESIAN_POINT('',(118.,-12.));
#6736 = VECTOR('',#6737,1.);
#6737 = DIRECTION('',(0.,-1.));
#6738 = ( GEOMETRIC_REPRESENTATION_CONTEXT(2) 
PARAMETRIC_REPRESENTATION_CONTEXT() REPRESENTATION_CONTEXT('2D SPACE',''
  ) );
#6739 = PCURVE('',#6740,#6745);
#6740 = CYLINDRICAL_SURFACE('',#6741,5.);
#6741 = AXIS2_PLACEMENT_3D('',#6742,#6743,#6744);
#6742 = CARTESIAN_POINT('',(98.,59.,15.));
#6743 = DIRECTION('',(0.,0.,1.));
#6744 = DIRECTION('',(1.,0.,-0.));
#6745 = DEFINITIONAL_REPRESENTATION('',(#6746),#6750);
#6746 = LINE('',#6747,#6748);
#6747 = CARTESIAN_POINT('',(6.28318530718,-0.));
#6748 = VECTOR('',#6749,1.);
#6749 = DIRECTION('',(0.,1.));
#6750 = ( GEOMETRIC_REPRESENTATION_CONTEXT(2) 
PARAMETRIC_REPRESENTATION_CONTEXT() REPRESENTATION_CONTEXT('2D SPACE',''
  ) );
#6751 = ORIENTED_EDGE('',*,*,#6752,.F.);
#6752 = EDGE_CURVE('',#5231,#6725,#6753,.T.);
#6753 = SURFACE_CURVE('',#6754,(#6758,#6765),.PCURVE_S1.);
#6754 = LINE('',#6755,#6756);
#6755 = CARTESIAN_POINT('',(103.,58.999999980643,3.));
#6756 = VECTOR('',#6757,1.);
#6757 = DIRECTION('',(0.,0.,1.));
#6758 = PCURVE('',#5278,#6759);
#6759 = DEFINITIONAL_REPRESENTATION('',(#6760),#6764);
#6760 = LINE('',#6761,#6762);
#6761 = CARTESIAN_POINT('',(117.99999998064,0.));
#6762 = VECTOR('',#6763,1.);
#6763 = DIRECTION('',(0.,-1.));
#6764 = ( GEOMETRIC_REPRESENTATION_CONTEXT(2) 
PARAMETRIC_REPRESENTATION_CONTEXT() REPRESENTATION_CONTEXT('2D SPACE',''
  ) );
#6765 = PCURVE('',#5251,#6766);
#6766 = DEFINITIONAL_REPRESENTATION('',(#6767),#6771);
#6767 = LINE('',#6768,#6769);
#6768 = CARTESIAN_POINT('',(-0.,0.));
#6769 = VECTOR('',#6770,1.);
#6770 = DIRECTION('',(-0.,-1.));
#6771 = ( GEOMETRIC_REPRESENTATION_CONTEXT(2) 
PARAMETRIC_REPRESENTATION_CONTEXT() REPRESENTATION_CONTEXT('2D SPACE',''
  ) );
#6772 = FACE_BOUND('',#6773,.T.);
#6773 = EDGE_LOOP('',(#6774,#6797,#6818,#6839));
#6774 = ORIENTED_EDGE('',*,*,#6775,.F.);
#6775 = EDGE_CURVE('',#6776,#6778,#6780,.T.);
#6776 = VERTEX_POINT('',#6777);
#6777 = CARTESIAN_POINT('',(103.,-30.,24.));
#6778 = VERTEX_POINT('',#6779);
#6779 = CARTESIAN_POINT('',(103.,-16.,24.));
#6780 = SURFACE_CURVE('',#6781,(#6785,#6791),.PCURVE_S1.);
#6781 = LINE('',#6782,#6783);
#6782 = CARTESIAN_POINT('',(103.,-44.5,24.));
#6783 = VECTOR('',#6784,1.);
#6784 = DIRECTION('',(0.,1.,-0.));
#6785 = PCURVE('',#5278,#6786);
#6786 = DEFINITIONAL_REPRESENTATION('',(#6787),#6790);
#6787 = B_SPLINE_CURVE_WITH_KNOTS('',1,(#6788,#6789),.UNSPECIFIED.,.F.,
  .F.,(2,2),(14.500000000002,28.500000000002),.PIECEWISE_BEZIER_KNOTS.);
#6788 = CARTESIAN_POINT('',(29.000000000004,-21.));
#6789 = CARTESIAN_POINT('',(43.000000000004,-21.));
#6790 = ( GEOMETRIC_REPRESENTATION_CONTEXT(2) 
PARAMETRIC_REPRESENTATION_CONTEXT() REPRESENTATION_CONTEXT('2D SPACE',''
  ) );
#6791 = PCURVE('',#5852,#6792);
#6792 = DEFINITIONAL_REPRESENTATION('',(#6793),#6796);
#6793 = B_SPLINE_CURVE_WITH_KNOTS('',1,(#6794,#6795),.UNSPECIFIED.,.F.,
  .F.,(2,2),(14.500000000002,28.500000000002),.PIECEWISE_BEZIER_KNOTS.);
#6794 = CARTESIAN_POINT('',(1.,0.));
#6795 = CARTESIAN_POINT('',(1.,14.));
#6796 = ( GEOMETRIC_REPRESENTATION_CONTEXT(2) 
PARAMETRIC_REPRESENTATION_CONTEXT() REPRESENTATION_CONTEXT('2D SPACE',''
  ) );
#6797 = ORIENTED_EDGE('',*,*,#6798,.T.);
#6798 = EDGE_CURVE('',#6776,#6799,#6801,.T.);
#6799 = VERTEX_POINT('',#6800);
#6800 = CARTESIAN_POINT('',(103.,-30.,17.));
#6801 = SURFACE_CURVE('',#6802,(#6806,#6812),.PCURVE_S1.);
#6802 = LINE('',#6803,#6804);
#6803 = CARTESIAN_POINT('',(103.,-30.,10.));
#6804 = VECTOR('',#6805,1.);
#6805 = DIRECTION('',(0.,0.,-1.));
#6806 = PCURVE('',#5278,#6807);
#6807 = DEFINITIONAL_REPRESENTATION('',(#6808),#6811);
#6808 = B_SPLINE_CURVE_WITH_KNOTS('',1,(#6809,#6810),.UNSPECIFIED.,.F.,
  .F.,(2,2),(-14.,-7.),.PIECEWISE_BEZIER_KNOTS.);
#6809 = CARTESIAN_POINT('',(29.000000000004,-21.));
#6810 = CARTESIAN_POINT('',(29.000000000004,-14.));
#6811 = ( GEOMETRIC_REPRESENTATION_CONTEXT(2) 
PARAMETRIC_REPRESENTATION_CONTEXT() REPRESENTATION_CONTEXT('2D SPACE',''
  ) );
#6812 = PCURVE('',#5878,#6813);
#6813 = DEFINITIONAL_REPRESENTATION('',(#6814),#6817);
#6814 = B_SPLINE_CURVE_WITH_KNOTS('',1,(#6815,#6816),.UNSPECIFIED.,.F.,
  .F.,(2,2),(-14.,-7.),.PIECEWISE_BEZIER_KNOTS.);
#6815 = CARTESIAN_POINT('',(7.,1.));
#6816 = CARTESIAN_POINT('',(0.,1.));
#6817 = ( GEOMETRIC_REPRESENTATION_CONTEXT(2) 
PARAMETRIC_REPRESENTATION_CONTEXT() REPRESENTATION_CONTEXT('2D SPACE',''
  ) );
#6818 = ORIENTED_EDGE('',*,*,#6819,.T.);
#6819 = EDGE_CURVE('',#6799,#6820,#6822,.T.);
#6820 = VERTEX_POINT('',#6821);
#6821 = CARTESIAN_POINT('',(103.,-16.,17.));
#6822 = SURFACE_CURVE('',#6823,(#6827,#6833),.PCURVE_S1.);
#6823 = LINE('',#6824,#6825);
#6824 = CARTESIAN_POINT('',(103.,-44.5,17.));
#6825 = VECTOR('',#6826,1.);
#6826 = DIRECTION('',(0.,1.,-0.));
#6827 = PCURVE('',#5278,#6828);
#6828 = DEFINITIONAL_REPRESENTATION('',(#6829),#6832);
#6829 = B_SPLINE_CURVE_WITH_KNOTS('',1,(#6830,#6831),.UNSPECIFIED.,.F.,
  .F.,(2,2),(14.500000000002,28.500000000002),.PIECEWISE_BEZIER_KNOTS.);
#6830 = CARTESIAN_POINT('',(29.000000000004,-14.));
#6831 = CARTESIAN_POINT('',(43.000000000004,-14.));
#6832 = ( GEOMETRIC_REPRESENTATION_CONTEXT(2) 
PARAMETRIC_REPRESENTATION_CONTEXT() REPRESENTATION_CONTEXT('2D SPACE',''
  ) );
#6833 = PCURVE('',#5904,#6834);
#6834 = DEFINITIONAL_REPRESENTATION('',(#6835),#6838);
#6835 = B_SPLINE_CURVE_WITH_KNOTS('',1,(#6836,#6837),.UNSPECIFIED.,.F.,
  .F.,(2,2),(14.500000000002,28.500000000002),.PIECEWISE_BEZIER_KNOTS.);
#6836 = CARTESIAN_POINT('',(1.,0.));
#6837 = CARTESIAN_POINT('',(1.,14.));
#6838 = ( GEOMETRIC_REPRESENTATION_CONTEXT(2) 
PARAMETRIC_REPRESENTATION_CONTEXT() REPRESENTATION_CONTEXT('2D SPACE',''
  ) );
#6839 = ORIENTED_EDGE('',*,*,#6840,.F.);
#6840 = EDGE_CURVE('',#6778,#6820,#6841,.T.);
#6841 = SURFACE_CURVE('',#6842,(#6846,#6852),.PCURVE_S1.);
#6842 = LINE('',#6843,#6844);
#6843 = CARTESIAN_POINT('',(103.,-16.,10.));
#6844 = VECTOR('',#6845,1.);
#6845 = DIRECTION('',(0.,0.,-1.));
#6846 = PCURVE('',#5278,#6847);
#6847 = DEFINITIONAL_REPRESENTATION('',(#6848),#6851);
#6848 = B_SPLINE_CURVE_WITH_KNOTS('',1,(#6849,#6850),.UNSPECIFIED.,.F.,
  .F.,(2,2),(-14.,-7.),.PIECEWISE_BEZIER_KNOTS.);
#6849 = CARTESIAN_POINT('',(43.000000000004,-21.));
#6850 = CARTESIAN_POINT('',(43.000000000004,-14.));
#6851 = ( GEOMETRIC_REPRESENTATION_CONTEXT(2) 
PARAMETRIC_REPRESENTATION_CONTEXT() REPRESENTATION_CONTEXT('2D SPACE',''
  ) );
#6852 = PCURVE('',#5928,#6853);
#6853 = DEFINITIONAL_REPRESENTATION('',(#6854),#6857);
#6854 = B_SPLINE_CURVE_WITH_KNOTS('',1,(#6855,#6856),.UNSPECIFIED.,.F.,
  .F.,(2,2),(-14.,-7.),.PIECEWISE_BEZIER_KNOTS.);
#6855 = CARTESIAN_POINT('',(7.,1.));
#6856 = CARTESIAN_POINT('',(0.,1.));
#6857 = ( GEOMETRIC_REPRESENTATION_CONTEXT(2) 
PARAMETRIC_REPRESENTATION_CONTEXT() REPRESENTATION_CONTEXT('2D SPACE',''
  ) );
#6858 = FACE_BOUND('',#6859,.T.);
#6859 = EDGE_LOOP('',(#6860,#6883,#6904,#6925));
#6860 = ORIENTED_EDGE('',*,*,#6861,.F.);
#6861 = EDGE_CURVE('',#6862,#6864,#6866,.T.);
#6862 = VERTEX_POINT('',#6863);
#6863 = CARTESIAN_POINT('',(103.,6.,23.));
#6864 = VERTEX_POINT('',#6865);
#6865 = CARTESIAN_POINT('',(103.,24.,23.));
#6866 = SURFACE_CURVE('',#6867,(#6871,#6877),.PCURVE_S1.);
#6867 = LINE('',#6868,#6869);
#6868 = CARTESIAN_POINT('',(103.,-26.5,23.));
#6869 = VECTOR('',#6870,1.);
#6870 = DIRECTION('',(0.,1.,-0.));
#6871 = PCURVE('',#5278,#6872);
#6872 = DEFINITIONAL_REPRESENTATION('',(#6873),#6876);
#6873 = B_SPLINE_CURVE_WITH_KNOTS('',1,(#6874,#6875),.UNSPECIFIED.,.F.,
  .F.,(2,2),(32.500000000002,50.500000000002),.PIECEWISE_BEZIER_KNOTS.);
#6874 = CARTESIAN_POINT('',(65.000000000004,-20.));
#6875 = CARTESIAN_POINT('',(83.000000000004,-20.));
#6876 = ( GEOMETRIC_REPRESENTATION_CONTEXT(2) 
PARAMETRIC_REPRESENTATION_CONTEXT() REPRESENTATION_CONTEXT('2D SPACE',''
  ) );
#6877 = PCURVE('',#5958,#6878);
#6878 = DEFINITIONAL_REPRESENTATION('',(#6879),#6882);
#6879 = B_SPLINE_CURVE_WITH_KNOTS('',1,(#6880,#6881),.UNSPECIFIED.,.F.,
  .F.,(2,2),(32.500000000002,50.500000000002),.PIECEWISE_BEZIER_KNOTS.);
#6880 = CARTESIAN_POINT('',(1.,0.));
#6881 = CARTESIAN_POINT('',(1.,18.));
#6882 = ( GEOMETRIC_REPRESENTATION_CONTEXT(2) 
PARAMETRIC_REPRESENTATION_CONTEXT() REPRESENTATION_CONTEXT('2D SPACE',''
  ) );
#6883 = ORIENTED_EDGE('',*,*,#6884,.T.);
#6884 = EDGE_CURVE('',#6862,#6885,#6887,.T.);
#6885 = VERTEX_POINT('',#6886);
#6886 = CARTESIAN_POINT('',(103.,6.,17.));
#6887 = SURFACE_CURVE('',#6888,(#6892,#6898),.PCURVE_S1.);
#6888 = LINE('',#6889,#6890);
#6889 = CARTESIAN_POINT('',(103.,6.,10.));
#6890 = VECTOR('',#6891,1.);
#6891 = DIRECTION('',(0.,0.,-1.));
#6892 = PCURVE('',#5278,#6893);
#6893 = DEFINITIONAL_REPRESENTATION('',(#6894),#6897);
#6894 = B_SPLINE_CURVE_WITH_KNOTS('',1,(#6895,#6896),.UNSPECIFIED.,.F.,
  .F.,(2,2),(-13.,-7.),.PIECEWISE_BEZIER_KNOTS.);
#6895 = CARTESIAN_POINT('',(65.000000000004,-20.));
#6896 = CARTESIAN_POINT('',(65.000000000004,-14.));
#6897 = ( GEOMETRIC_REPRESENTATION_CONTEXT(2) 
PARAMETRIC_REPRESENTATION_CONTEXT() REPRESENTATION_CONTEXT('2D SPACE',''
  ) );
#6898 = PCURVE('',#5984,#6899);
#6899 = DEFINITIONAL_REPRESENTATION('',(#6900),#6903);
#6900 = B_SPLINE_CURVE_WITH_KNOTS('',1,(#6901,#6902),.UNSPECIFIED.,.F.,
  .F.,(2,2),(-13.,-7.),.PIECEWISE_BEZIER_KNOTS.);
#6901 = CARTESIAN_POINT('',(6.,1.));
#6902 = CARTESIAN_POINT('',(0.,1.));
#6903 = ( GEOMETRIC_REPRESENTATION_CONTEXT(2) 
PARAMETRIC_REPRESENTATION_CONTEXT() REPRESENTATION_CONTEXT('2D SPACE',''
  ) );
#6904 = ORIENTED_EDGE('',*,*,#6905,.T.);
#6905 = EDGE_CURVE('',#6885,#6906,#6908,.T.);
#6906 = VERTEX_POINT('',#6907);
#6907 = CARTESIAN_POINT('',(103.,24.,17.));
#6908 = SURFACE_CURVE('',#6909,(#6913,#6919),.PCURVE_S1.);
#6909 = LINE('',#6910,#6911);
#6910 = CARTESIAN_POINT('',(103.,-26.5,17.));
#6911 = VECTOR('',#6912,1.);
#6912 = DIRECTION('',(0.,1.,-0.));
#6913 = PCURVE('',#5278,#6914);
#6914 = DEFINITIONAL_REPRESENTATION('',(#6915),#6918);
#6915 = B_SPLINE_CURVE_WITH_KNOTS('',1,(#6916,#6917),.UNSPECIFIED.,.F.,
  .F.,(2,2),(32.500000000002,50.500000000002),.PIECEWISE_BEZIER_KNOTS.);
#6916 = CARTESIAN_POINT('',(65.000000000004,-14.));
#6917 = CARTESIAN_POINT('',(83.000000000004,-14.));
#6918 = ( GEOMETRIC_REPRESENTATION_CONTEXT(2) 
PARAMETRIC_REPRESENTATION_CONTEXT() REPRESENTATION_CONTEXT('2D SPACE',''
  ) );
#6919 = PCURVE('',#6010,#6920);
#6920 = DEFINITIONAL_REPRESENTATION('',(#6921),#6924);
#6921 = B_SPLINE_CURVE_WITH_KNOTS('',1,(#6922,#6923),.UNSPECIFIED.,.F.,
  .F.,(2,2),(32.500000000002,50.500000000002),.PIECEWISE_BEZIER_KNOTS.);
#6922 = CARTESIAN_POINT('',(1.,0.));
#6923 = CARTESIAN_POINT('',(1.,18.));
#6924 = ( GEOMETRIC_REPRESENTATION_CONTEXT(2) 
PARAMETRIC_REPRESENTATION_CONTEXT() REPRESENTATION_CONTEXT('2D SPACE',''
  ) );
#6925 = ORIENTED_EDGE('',*,*,#6926,.F.);
#6926 = EDGE_CURVE('',#6864,#6906,#6927,.T.);
#6927 = SURFACE_CURVE('',#6928,(#6932,#6938),.PCURVE_S1.);
#6928 = LINE('',#6929,#6930);
#6929 = CARTESIAN_POINT('',(103.,24.,10.));
#6930 = VECTOR('',#6931,1.);
#6931 = DIRECTION('',(0.,0.,-1.));
#6932 = PCURVE('',#5278,#6933);
#6933 = DEFINITIONAL_REPRESENTATION('',(#6934),#6937);
#6934 = B_SPLINE_CURVE_WITH_KNOTS('',1,(#6935,#6936),.UNSPECIFIED.,.F.,
  .F.,(2,2),(-13.,-7.),.PIECEWISE_BEZIER_KNOTS.);
#6935 = CARTESIAN_POINT('',(83.000000000004,-20.));
#6936 = CARTESIAN_POINT('',(83.000000000004,-14.));
#6937 = ( GEOMETRIC_REPRESENTATION_CONTEXT(2) 
PARAMETRIC_REPRESENTATION_CONTEXT() REPRESENTATION_CONTEXT('2D SPACE',''
  ) );
#6938 = PCURVE('',#6034,#6939);
#6939 = DEFINITIONAL_REPRESENTATION('',(#6940),#6943);
#6940 = B_SPLINE_CURVE_WITH_KNOTS('',1,(#6941,#6942),.UNSPECIFIED.,.F.,
  .F.,(2,2),(-13.,-7.),.PIECEWISE_BEZIER_KNOTS.);
#6941 = CARTESIAN_POINT('',(6.,1.));
#6942 = CARTESIAN_POINT('',(0.,1.));
#6943 = ( GEOMETRIC_REPRESENTATION_CONTEXT(2) 
PARAMETRIC_REPRESENTATION_CONTEXT() REPRESENTATION_CONTEXT('2D SPACE',''
  ) );
#6944 = ADVANCED_FACE('',(#6945),#5251,.F.);
#6945 = FACE_BOUND('',#6946,.T.);
#6946 = EDGE_LOOP('',(#6947,#6970,#6971,#6972));
#6947 = ORIENTED_EDGE('',*,*,#6948,.F.);
#6948 = EDGE_CURVE('',#5205,#6949,#6951,.T.);
#6949 = VERTEX_POINT('',#6950);
#6950 = CARTESIAN_POINT('',(98.,63.999999995162,15.));
#6951 = SURFACE_CURVE('',#6952,(#6956,#6963),.PCURVE_S1.);
#6952 = LINE('',#6953,#6954);
#6953 = CARTESIAN_POINT('',(98.,63.999999990323,3.));
#6954 = VECTOR('',#6955,1.);
#6955 = DIRECTION('',(0.,0.,1.));
#6956 = PCURVE('',#5251,#6957);
#6957 = DEFINITIONAL_REPRESENTATION('',(#6958),#6962);
#6958 = LINE('',#6959,#6960);
#6959 = CARTESIAN_POINT('',(-1.570796326795,0.));
#6960 = VECTOR('',#6961,1.);
#6961 = DIRECTION('',(-0.,-1.));
#6962 = ( GEOMETRIC_REPRESENTATION_CONTEXT(2) 
PARAMETRIC_REPRESENTATION_CONTEXT() REPRESENTATION_CONTEXT('2D SPACE',''
  ) );
#6963 = PCURVE('',#5219,#6964);
#6964 = DEFINITIONAL_REPRESENTATION('',(#6965),#6969);
#6965 = LINE('',#6966,#6967);
#6966 = CARTESIAN_POINT('',(196.,0.));
#6967 = VECTOR('',#6968,1.);
#6968 = DIRECTION('',(0.,-1.));
#6969 = ( GEOMETRIC_REPRESENTATION_CONTEXT(2) 
PARAMETRIC_REPRESENTATION_CONTEXT() REPRESENTATION_CONTEXT('2D SPACE',''
  ) );
#6970 = ORIENTED_EDGE('',*,*,#5230,.T.);
#6971 = ORIENTED_EDGE('',*,*,#6752,.T.);
#6972 = ORIENTED_EDGE('',*,*,#6973,.T.);
#6973 = EDGE_CURVE('',#6725,#6949,#6974,.T.);
#6974 = SURFACE_CURVE('',#6975,(#6980,#6987),.PCURVE_S1.);
#6975 = CIRCLE('',#6976,5.);
#6976 = AXIS2_PLACEMENT_3D('',#6977,#6978,#6979);
#6977 = CARTESIAN_POINT('',(98.,59.,15.));
#6978 = DIRECTION('',(0.,0.,1.));
#6979 = DIRECTION('',(1.,0.,-0.));
#6980 = PCURVE('',#5251,#6981);
#6981 = DEFINITIONAL_REPRESENTATION('',(#6982),#6986);
#6982 = LINE('',#6983,#6984);
#6983 = CARTESIAN_POINT('',(-0.,-12.));
#6984 = VECTOR('',#6985,1.);
#6985 = DIRECTION('',(-1.,0.));
#6986 = ( GEOMETRIC_REPRESENTATION_CONTEXT(2) 
PARAMETRIC_REPRESENTATION_CONTEXT() REPRESENTATION_CONTEXT('2D SPACE',''
  ) );
#6987 = PCURVE('',#6988,#6993);
#6988 = PLANE('',#6989);
#6989 = AXIS2_PLACEMENT_3D('',#6990,#6991,#6992);
#6990 = CARTESIAN_POINT('',(98.,59.,15.));
#6991 = DIRECTION('',(0.,0.,1.));
#6992 = DIRECTION('',(1.,0.,-0.));
#6993 = DEFINITIONAL_REPRESENTATION('',(#6994),#6998);
#6994 = CIRCLE('',#6995,5.);
#6995 = AXIS2_PLACEMENT_2D('',#6996,#6997);
#6996 = CARTESIAN_POINT('',(0.,0.));
#6997 = DIRECTION('',(1.,0.));
#6998 = ( GEOMETRIC_REPRESENTATION_CONTEXT(2) 
PARAMETRIC_REPRESENTATION_CONTEXT() REPRESENTATION_CONTEXT('2D SPACE',''
  ) );
#6999 = ADVANCED_FACE('',(#7000,#7115,#7229),#5219,.F.);
#7000 = FACE_BOUND('',#7001,.F.);
#7001 = EDGE_LOOP('',(#7002,#7003,#7026,#7048,#7069,#7070,#7093,#7114));
#7002 = ORIENTED_EDGE('',*,*,#5204,.T.);
#7003 = ORIENTED_EDGE('',*,*,#7004,.T.);
#7004 = EDGE_CURVE('',#5172,#7005,#7007,.T.);
#7005 = VERTEX_POINT('',#7006);
#7006 = CARTESIAN_POINT('',(-98.,63.999999995162,15.));
#7007 = SURFACE_CURVE('',#7008,(#7012,#7019),.PCURVE_S1.);
#7008 = LINE('',#7009,#7010);
#7009 = CARTESIAN_POINT('',(-98.,63.999999990323,3.));
#7010 = VECTOR('',#7011,1.);
#7011 = DIRECTION('',(0.,0.,1.));
#7012 = PCURVE('',#5219,#7013);
#7013 = DEFINITIONAL_REPRESENTATION('',(#7014),#7018);
#7014 = LINE('',#7015,#7016);
#7015 = CARTESIAN_POINT('',(0.,0.));
#7016 = VECTOR('',#7017,1.);
#7017 = DIRECTION('',(0.,-1.));
#7018 = ( GEOMETRIC_REPRESENTATION_CONTEXT(2) 
PARAMETRIC_REPRESENTATION_CONTEXT() REPRESENTATION_CONTEXT('2D SPACE',''
  ) );
#7019 = PCURVE('',#5192,#7020);
#7020 = DEFINITIONAL_REPRESENTATION('',(#7021),#7025);
#7021 = LINE('',#7022,#7023);
#7022 = CARTESIAN_POINT('',(-1.570796326795,0.));
#7023 = VECTOR('',#7024,1.);
#7024 = DIRECTION('',(-0.,-1.));
#7025 = ( GEOMETRIC_REPRESENTATION_CONTEXT(2) 
PARAMETRIC_REPRESENTATION_CONTEXT() REPRESENTATION_CONTEXT('2D SPACE',''
  ) );
#7026 = ORIENTED_EDGE('',*,*,#7027,.T.);
#7027 = EDGE_CURVE('',#7005,#7028,#7030,.T.);
#7028 = VERTEX_POINT('',#7029);
#7029 = CARTESIAN_POINT('',(-98.,63.999999995162,23.));
#7030 = SURFACE_CURVE('',#7031,(#7035,#7042),.PCURVE_S1.);
#7031 = LINE('',#7032,#7033);
#7032 = CARTESIAN_POINT('',(-98.,63.999999990323,3.));
#7033 = VECTOR('',#7034,1.);
#7034 = DIRECTION('',(0.,0.,1.));
#7035 = PCURVE('',#5219,#7036);
#7036 = DEFINITIONAL_REPRESENTATION('',(#7037),#7041);
#7037 = LINE('',#7038,#7039);
#7038 = CARTESIAN_POINT('',(0.,0.));
#7039 = VECTOR('',#7040,1.);
#7040 = DIRECTION('',(0.,-1.));
#7041 = ( GEOMETRIC_REPRESENTATION_CONTEXT(2) 
PARAMETRIC_REPRESENTATION_CONTEXT() REPRESENTATION_CONTEXT('2D SPACE',''
  ) );
#7042 = PCURVE('',#6160,#7043);
#7043 = DEFINITIONAL_REPRESENTATION('',(#7044),#7047);
#7044 = B_SPLINE_CURVE_WITH_KNOTS('',1,(#7045,#7046),.UNSPECIFIED.,.F.,
  .F.,(2,2),(12.,20.),.PIECEWISE_BEZIER_KNOTS.);
#7045 = CARTESIAN_POINT('',(7.853981633974,0.));
#7046 = CARTESIAN_POINT('',(7.853981633974,8.));
#7047 = ( GEOMETRIC_REPRESENTATION_CONTEXT(2) 
PARAMETRIC_REPRESENTATION_CONTEXT() REPRESENTATION_CONTEXT('2D SPACE',''
  ) );
#7048 = ORIENTED_EDGE('',*,*,#7049,.T.);
#7049 = EDGE_CURVE('',#7028,#5526,#7050,.T.);
#7050 = SURFACE_CURVE('',#7051,(#7055,#7062),.PCURVE_S1.);
#7051 = LINE('',#7052,#7053);
#7052 = CARTESIAN_POINT('',(-98.,63.999999990323,3.));
#7053 = VECTOR('',#7054,1.);
#7054 = DIRECTION('',(0.,0.,1.));
#7055 = PCURVE('',#5219,#7056);
#7056 = DEFINITIONAL_REPRESENTATION('',(#7057),#7061);
#7057 = LINE('',#7058,#7059);
#7058 = CARTESIAN_POINT('',(0.,0.));
#7059 = VECTOR('',#7060,1.);
#7060 = DIRECTION('',(0.,-1.));
#7061 = ( GEOMETRIC_REPRESENTATION_CONTEXT(2) 
PARAMETRIC_REPRESENTATION_CONTEXT() REPRESENTATION_CONTEXT('2D SPACE',''
  ) );
#7062 = PCURVE('',#5546,#7063);
#7063 = DEFINITIONAL_REPRESENTATION('',(#7064),#7068);
#7064 = LINE('',#7065,#7066);
#7065 = CARTESIAN_POINT('',(-1.570796326795,0.));
#7066 = VECTOR('',#7067,1.);
#7067 = DIRECTION('',(-0.,-1.));
#7068 = ( GEOMETRIC_REPRESENTATION_CONTEXT(2) 
PARAMETRIC_REPRESENTATION_CONTEXT() REPRESENTATION_CONTEXT('2D SPACE',''
  ) );
#7069 = ORIENTED_EDGE('',*,*,#5558,.F.);
#7070 = ORIENTED_EDGE('',*,*,#7071,.F.);
#7071 = EDGE_CURVE('',#7072,#5559,#7074,.T.);
#7072 = VERTEX_POINT('',#7073);
#7073 = CARTESIAN_POINT('',(98.,63.999999995162,23.));
#7074 = SURFACE_CURVE('',#7075,(#7079,#7086),.PCURVE_S1.);
#7075 = LINE('',#7076,#7077);
#7076 = CARTESIAN_POINT('',(98.,63.999999990323,3.));
#7077 = VECTOR('',#7078,1.);
#7078 = DIRECTION('',(0.,0.,1.));
#7079 = PCURVE('',#5219,#7080);
#7080 = DEFINITIONAL_REPRESENTATION('',(#7081),#7085);
#7081 = LINE('',#7082,#7083);
#7082 = CARTESIAN_POINT('',(196.,0.));
#7083 = VECTOR('',#7084,1.);
#7084 = DIRECTION('',(0.,-1.));
#7085 = ( GEOMETRIC_REPRESENTATION_CONTEXT(2) 
PARAMETRIC_REPRESENTATION_CONTEXT() REPRESENTATION_CONTEXT('2D SPACE',''
  ) );
#7086 = PCURVE('',#5600,#7087);
#7087 = DEFINITIONAL_REPRESENTATION('',(#7088),#7092);
#7088 = LINE('',#7089,#7090);
#7089 = CARTESIAN_POINT('',(-1.570796326795,0.));
#7090 = VECTOR('',#7091,1.);
#7091 = DIRECTION('',(-0.,-1.));
#7092 = ( GEOMETRIC_REPRESENTATION_CONTEXT(2) 
PARAMETRIC_REPRESENTATION_CONTEXT() REPRESENTATION_CONTEXT('2D SPACE',''
  ) );
#7093 = ORIENTED_EDGE('',*,*,#7094,.F.);
#7094 = EDGE_CURVE('',#6949,#7072,#7095,.T.);
#7095 = SURFACE_CURVE('',#7096,(#7100,#7107),.PCURVE_S1.);
#7096 = LINE('',#7097,#7098);
#7097 = CARTESIAN_POINT('',(98.,63.999999990323,3.));
#7098 = VECTOR('',#7099,1.);
#7099 = DIRECTION('',(0.,0.,1.));
#7100 = PCURVE('',#5219,#7101);
#7101 = DEFINITIONAL_REPRESENTATION('',(#7102),#7106);
#7102 = LINE('',#7103,#7104);
#7103 = CARTESIAN_POINT('',(196.,0.));
#7104 = VECTOR('',#7105,1.);
#7105 = DIRECTION('',(0.,-1.));
#7106 = ( GEOMETRIC_REPRESENTATION_CONTEXT(2) 
PARAMETRIC_REPRESENTATION_CONTEXT() REPRESENTATION_CONTEXT('2D SPACE',''
  ) );
#7107 = PCURVE('',#6740,#7108);
#7108 = DEFINITIONAL_REPRESENTATION('',(#7109),#7113);
#7109 = LINE('',#7110,#7111);
#7110 = CARTESIAN_POINT('',(1.570796326795,-12.));
#7111 = VECTOR('',#7112,1.);
#7112 = DIRECTION('',(0.,1.));
#7113 = ( GEOMETRIC_REPRESENTATION_CONTEXT(2) 
PARAMETRIC_REPRESENTATION_CONTEXT() REPRESENTATION_CONTEXT('2D SPACE',''
  ) );
#7114 = ORIENTED_EDGE('',*,*,#6948,.F.);
#7115 = FACE_BOUND('',#7116,.F.);
#7116 = EDGE_LOOP('',(#7117,#7147,#7175,#7203));
#7117 = ORIENTED_EDGE('',*,*,#7118,.F.);
#7118 = EDGE_CURVE('',#7119,#7121,#7123,.T.);
#7119 = VERTEX_POINT('',#7120);
#7120 = CARTESIAN_POINT('',(-12.5,64.,18.5));
#7121 = VERTEX_POINT('',#7122);
#7122 = CARTESIAN_POINT('',(-7.5,64.,18.5));
#7123 = SURFACE_CURVE('',#7124,(#7128,#7135),.PCURVE_S1.);
#7124 = LINE('',#7125,#7126);
#7125 = CARTESIAN_POINT('',(-12.5,64.,18.5));
#7126 = VECTOR('',#7127,1.);
#7127 = DIRECTION('',(1.,0.,-0.));
#7128 = PCURVE('',#5219,#7129);
#7129 = DEFINITIONAL_REPRESENTATION('',(#7130),#7134);
#7130 = LINE('',#7131,#7132);
#7131 = CARTESIAN_POINT('',(85.5,-15.5));
#7132 = VECTOR('',#7133,1.);
#7133 = DIRECTION('',(1.,0.));
#7134 = ( GEOMETRIC_REPRESENTATION_CONTEXT(2) 
PARAMETRIC_REPRESENTATION_CONTEXT() REPRESENTATION_CONTEXT('2D SPACE',''
  ) );
#7135 = PCURVE('',#7136,#7141);
#7136 = PLANE('',#7137);
#7137 = AXIS2_PLACEMENT_3D('',#7138,#7139,#7140);
#7138 = CARTESIAN_POINT('',(-12.5,31.,18.5));
#7139 = DIRECTION('',(0.,0.,1.));
#7140 = DIRECTION('',(1.,0.,-0.));
#7141 = DEFINITIONAL_REPRESENTATION('',(#7142),#7146);
#7142 = LINE('',#7143,#7144);
#7143 = CARTESIAN_POINT('',(0.,33.));
#7144 = VECTOR('',#7145,1.);
#7145 = DIRECTION('',(1.,0.));
#7146 = ( GEOMETRIC_REPRESENTATION_CONTEXT(2) 
PARAMETRIC_REPRESENTATION_CONTEXT() REPRESENTATION_CONTEXT('2D SPACE',''
  ) );
#7147 = ORIENTED_EDGE('',*,*,#7148,.F.);
#7148 = EDGE_CURVE('',#7149,#7119,#7151,.T.);
#7149 = VERTEX_POINT('',#7150);
#7150 = CARTESIAN_POINT('',(-12.5,64.,17.3));
#7151 = SURFACE_CURVE('',#7152,(#7156,#7163),.PCURVE_S1.);
#7152 = LINE('',#7153,#7154);
#7153 = CARTESIAN_POINT('',(-12.5,64.,17.3));
#7154 = VECTOR('',#7155,1.);
#7155 = DIRECTION('',(0.,0.,1.));
#7156 = PCURVE('',#5219,#7157);
#7157 = DEFINITIONAL_REPRESENTATION('',(#7158),#7162);
#7158 = LINE('',#7159,#7160);
#7159 = CARTESIAN_POINT('',(85.5,-14.3));
#7160 = VECTOR('',#7161,1.);
#7161 = DIRECTION('',(0.,-1.));
#7162 = ( GEOMETRIC_REPRESENTATION_CONTEXT(2) 
PARAMETRIC_REPRESENTATION_CONTEXT() REPRESENTATION_CONTEXT('2D SPACE',''
  ) );
#7163 = PCURVE('',#7164,#7169);
#7164 = PLANE('',#7165);
#7165 = AXIS2_PLACEMENT_3D('',#7166,#7167,#7168);
#7166 = CARTESIAN_POINT('',(-12.5,31.,17.3));
#7167 = DIRECTION('',(1.,0.,-0.));
#7168 = DIRECTION('',(0.,0.,1.));
#7169 = DEFINITIONAL_REPRESENTATION('',(#7170),#7174);
#7170 = LINE('',#7171,#7172);
#7171 = CARTESIAN_POINT('',(0.,-33.));
#7172 = VECTOR('',#7173,1.);
#7173 = DIRECTION('',(1.,0.));
#7174 = ( GEOMETRIC_REPRESENTATION_CONTEXT(2) 
PARAMETRIC_REPRESENTATION_CONTEXT() REPRESENTATION_CONTEXT('2D SPACE',''
  ) );
#7175 = ORIENTED_EDGE('',*,*,#7176,.T.);
#7176 = EDGE_CURVE('',#7149,#7177,#7179,.T.);
#7177 = VERTEX_POINT('',#7178);
#7178 = CARTESIAN_POINT('',(-7.5,64.,17.3));
#7179 = SURFACE_CURVE('',#7180,(#7184,#7191),.PCURVE_S1.);
#7180 = LINE('',#7181,#7182);
#7181 = CARTESIAN_POINT('',(-12.5,64.,17.3));
#7182 = VECTOR('',#7183,1.);
#7183 = DIRECTION('',(1.,0.,-0.));
#7184 = PCURVE('',#5219,#7185);
#7185 = DEFINITIONAL_REPRESENTATION('',(#7186),#7190);
#7186 = LINE('',#7187,#7188);
#7187 = CARTESIAN_POINT('',(85.5,-14.3));
#7188 = VECTOR('',#7189,1.);
#7189 = DIRECTION('',(1.,0.));
#7190 = ( GEOMETRIC_REPRESENTATION_CONTEXT(2) 
PARAMETRIC_REPRESENTATION_CONTEXT() REPRESENTATION_CONTEXT('2D SPACE',''
  ) );
#7191 = PCURVE('',#7192,#7197);
#7192 = PLANE('',#7193);
#7193 = AXIS2_PLACEMENT_3D('',#7194,#7195,#7196);
#7194 = CARTESIAN_POINT('',(-12.5,31.,17.3));
#7195 = DIRECTION('',(0.,0.,1.));
#7196 = DIRECTION('',(1.,0.,-0.));
#7197 = DEFINITIONAL_REPRESENTATION('',(#7198),#7202);
#7198 = LINE('',#7199,#7200);
#7199 = CARTESIAN_POINT('',(0.,33.));
#7200 = VECTOR('',#7201,1.);
#7201 = DIRECTION('',(1.,0.));
#7202 = ( GEOMETRIC_REPRESENTATION_CONTEXT(2) 
PARAMETRIC_REPRESENTATION_CONTEXT() REPRESENTATION_CONTEXT('2D SPACE',''
  ) );
#7203 = ORIENTED_EDGE('',*,*,#7204,.T.);
#7204 = EDGE_CURVE('',#7177,#7121,#7205,.T.);
#7205 = SURFACE_CURVE('',#7206,(#7210,#7217),.PCURVE_S1.);
#7206 = LINE('',#7207,#7208);
#7207 = CARTESIAN_POINT('',(-7.5,64.,17.3));
#7208 = VECTOR('',#7209,1.);
#7209 = DIRECTION('',(0.,0.,1.));
#7210 = PCURVE('',#5219,#7211);
#7211 = DEFINITIONAL_REPRESENTATION('',(#7212),#7216);
#7212 = LINE('',#7213,#7214);
#7213 = CARTESIAN_POINT('',(90.5,-14.3));
#7214 = VECTOR('',#7215,1.);
#7215 = DIRECTION('',(0.,-1.));
#7216 = ( GEOMETRIC_REPRESENTATION_CONTEXT(2) 
PARAMETRIC_REPRESENTATION_CONTEXT() REPRESENTATION_CONTEXT('2D SPACE',''
  ) );
#7217 = PCURVE('',#7218,#7223);
#7218 = PLANE('',#7219);
#7219 = AXIS2_PLACEMENT_3D('',#7220,#7221,#7222);
#7220 = CARTESIAN_POINT('',(-7.5,31.,17.3));
#7221 = DIRECTION('',(1.,0.,-0.));
#7222 = DIRECTION('',(0.,0.,1.));
#7223 = DEFINITIONAL_REPRESENTATION('',(#7224),#7228);
#7224 = LINE('',#7225,#7226);
#7225 = CARTESIAN_POINT('',(0.,-33.));
#7226 = VECTOR('',#7227,1.);
#7227 = DIRECTION('',(1.,0.));
#7228 = ( GEOMETRIC_REPRESENTATION_CONTEXT(2) 
PARAMETRIC_REPRESENTATION_CONTEXT() REPRESENTATION_CONTEXT('2D SPACE',''
  ) );
#7229 = FACE_BOUND('',#7230,.F.);
#7230 = EDGE_LOOP('',(#7231,#7261,#7289,#7317));
#7231 = ORIENTED_EDGE('',*,*,#7232,.F.);
#7232 = EDGE_CURVE('',#7233,#7235,#7237,.T.);
#7233 = VERTEX_POINT('',#7234);
#7234 = CARTESIAN_POINT('',(91.5,64.,18.5));
#7235 = VERTEX_POINT('',#7236);
#7236 = CARTESIAN_POINT('',(96.5,64.,18.5));
#7237 = SURFACE_CURVE('',#7238,(#7242,#7249),.PCURVE_S1.);
#7238 = LINE('',#7239,#7240);
#7239 = CARTESIAN_POINT('',(91.5,64.,18.5));
#7240 = VECTOR('',#7241,1.);
#7241 = DIRECTION('',(1.,0.,-0.));
#7242 = PCURVE('',#5219,#7243);
#7243 = DEFINITIONAL_REPRESENTATION('',(#7244),#7248);
#7244 = LINE('',#7245,#7246);
#7245 = CARTESIAN_POINT('',(189.5,-15.5));
#7246 = VECTOR('',#7247,1.);
#7247 = DIRECTION('',(1.,0.));
#7248 = ( GEOMETRIC_REPRESENTATION_CONTEXT(2) 
PARAMETRIC_REPRESENTATION_CONTEXT() REPRESENTATION_CONTEXT('2D SPACE',''
  ) );
#7249 = PCURVE('',#7250,#7255);
#7250 = PLANE('',#7251);
#7251 = AXIS2_PLACEMENT_3D('',#7252,#7253,#7254);
#7252 = CARTESIAN_POINT('',(91.5,31.,18.5));
#7253 = DIRECTION('',(0.,0.,1.));
#7254 = DIRECTION('',(1.,0.,-0.));
#7255 = DEFINITIONAL_REPRESENTATION('',(#7256),#7260);
#7256 = LINE('',#7257,#7258);
#7257 = CARTESIAN_POINT('',(0.,33.));
#7258 = VECTOR('',#7259,1.);
#7259 = DIRECTION('',(1.,0.));
#7260 = ( GEOMETRIC_REPRESENTATION_CONTEXT(2) 
PARAMETRIC_REPRESENTATION_CONTEXT() REPRESENTATION_CONTEXT('2D SPACE',''
  ) );
#7261 = ORIENTED_EDGE('',*,*,#7262,.F.);
#7262 = EDGE_CURVE('',#7263,#7233,#7265,.T.);
#7263 = VERTEX_POINT('',#7264);
#7264 = CARTESIAN_POINT('',(91.5,64.,17.3));
#7265 = SURFACE_CURVE('',#7266,(#7270,#7277),.PCURVE_S1.);
#7266 = LINE('',#7267,#7268);
#7267 = CARTESIAN_POINT('',(91.5,64.,17.3));
#7268 = VECTOR('',#7269,1.);
#7269 = DIRECTION('',(0.,0.,1.));
#7270 = PCURVE('',#5219,#7271);
#7271 = DEFINITIONAL_REPRESENTATION('',(#7272),#7276);
#7272 = LINE('',#7273,#7274);
#7273 = CARTESIAN_POINT('',(189.5,-14.3));
#7274 = VECTOR('',#7275,1.);
#7275 = DIRECTION('',(0.,-1.));
#7276 = ( GEOMETRIC_REPRESENTATION_CONTEXT(2) 
PARAMETRIC_REPRESENTATION_CONTEXT() REPRESENTATION_CONTEXT('2D SPACE',''
  ) );
#7277 = PCURVE('',#7278,#7283);
#7278 = PLANE('',#7279);
#7279 = AXIS2_PLACEMENT_3D('',#7280,#7281,#7282);
#7280 = CARTESIAN_POINT('',(91.5,31.,17.3));
#7281 = DIRECTION('',(1.,0.,-0.));
#7282 = DIRECTION('',(0.,0.,1.));
#7283 = DEFINITIONAL_REPRESENTATION('',(#7284),#7288);
#7284 = LINE('',#7285,#7286);
#7285 = CARTESIAN_POINT('',(0.,-33.));
#7286 = VECTOR('',#7287,1.);
#7287 = DIRECTION('',(1.,0.));
#7288 = ( GEOMETRIC_REPRESENTATION_CONTEXT(2) 
PARAMETRIC_REPRESENTATION_CONTEXT() REPRESENTATION_CONTEXT('2D SPACE',''
  ) );
#7289 = ORIENTED_EDGE('',*,*,#7290,.T.);
#7290 = EDGE_CURVE('',#7263,#7291,#7293,.T.);
#7291 = VERTEX_POINT('',#7292);
#7292 = CARTESIAN_POINT('',(96.5,64.,17.3));
#7293 = SURFACE_CURVE('',#7294,(#7298,#7305),.PCURVE_S1.);
#7294 = LINE('',#7295,#7296);
#7295 = CARTESIAN_POINT('',(91.5,64.,17.3));
#7296 = VECTOR('',#7297,1.);
#7297 = DIRECTION('',(1.,0.,-0.));
#7298 = PCURVE('',#5219,#7299);
#7299 = DEFINITIONAL_REPRESENTATION('',(#7300),#7304);
#7300 = LINE('',#7301,#7302);
#7301 = CARTESIAN_POINT('',(189.5,-14.3));
#7302 = VECTOR('',#7303,1.);
#7303 = DIRECTION('',(1.,0.));
#7304 = ( GEOMETRIC_REPRESENTATION_CONTEXT(2) 
PARAMETRIC_REPRESENTATION_CONTEXT() REPRESENTATION_CONTEXT('2D SPACE',''
  ) );
#7305 = PCURVE('',#7306,#7311);
#7306 = PLANE('',#7307);
#7307 = AXIS2_PLACEMENT_3D('',#7308,#7309,#7310);
#7308 = CARTESIAN_POINT('',(91.5,31.,17.3));
#7309 = DIRECTION('',(0.,0.,1.));
#7310 = DIRECTION('',(1.,0.,-0.));
#7311 = DEFINITIONAL_REPRESENTATION('',(#7312),#7316);
#7312 = LINE('',#7313,#7314);
#7313 = CARTESIAN_POINT('',(0.,33.));
#7314 = VECTOR('',#7315,1.);
#7315 = DIRECTION('',(1.,0.));
#7316 = ( GEOMETRIC_REPRESENTATION_CONTEXT(2) 
PARAMETRIC_REPRESENTATION_CONTEXT() REPRESENTATION_CONTEXT('2D SPACE',''
  ) );
#7317 = ORIENTED_EDGE('',*,*,#7318,.T.);
#7318 = EDGE_CURVE('',#7291,#7235,#7319,.T.);
#7319 = SURFACE_CURVE('',#7320,(#7324,#7331),.PCURVE_S1.);
#7320 = LINE('',#7321,#7322);
#7321 = CARTESIAN_POINT('',(96.5,64.,17.3));
#7322 = VECTOR('',#7323,1.);
#7323 = DIRECTION('',(0.,0.,1.));
#7324 = PCURVE('',#5219,#7325);
#7325 = DEFINITIONAL_REPRESENTATION('',(#7326),#7330);
#7326 = LINE('',#7327,#7328);
#7327 = CARTESIAN_POINT('',(194.5,-14.3));
#7328 = VECTOR('',#7329,1.);
#7329 = DIRECTION('',(0.,-1.));
#7330 = ( GEOMETRIC_REPRESENTATION_CONTEXT(2) 
PARAMETRIC_REPRESENTATION_CONTEXT() REPRESENTATION_CONTEXT('2D SPACE',''
  ) );
#7331 = PCURVE('',#7332,#7337);
#7332 = PLANE('',#7333);
#7333 = AXIS2_PLACEMENT_3D('',#7334,#7335,#7336);
#7334 = CARTESIAN_POINT('',(96.5,31.,17.3));
#7335 = DIRECTION('',(1.,0.,-0.));
#7336 = DIRECTION('',(0.,0.,1.));
#7337 = DEFINITIONAL_REPRESENTATION('',(#7338),#7342);
#7338 = LINE('',#7339,#7340);
#7339 = CARTESIAN_POINT('',(0.,-33.));
#7340 = VECTOR('',#7341,1.);
#7341 = DIRECTION('',(1.,0.));
#7342 = ( GEOMETRIC_REPRESENTATION_CONTEXT(2) 
PARAMETRIC_REPRESENTATION_CONTEXT() REPRESENTATION_CONTEXT('2D SPACE',''
  ) );
#7343 = ADVANCED_FACE('',(#7344),#5192,.F.);
#7344 = FACE_BOUND('',#7345,.T.);
#7345 = EDGE_LOOP('',(#7346,#7347,#7348,#7349));
#7346 = ORIENTED_EDGE('',*,*,#6171,.F.);
#7347 = ORIENTED_EDGE('',*,*,#5171,.T.);
#7348 = ORIENTED_EDGE('',*,*,#7004,.T.);
#7349 = ORIENTED_EDGE('',*,*,#7350,.T.);
#7350 = EDGE_CURVE('',#7005,#6145,#7351,.T.);
#7351 = SURFACE_CURVE('',#7352,(#7357,#7364),.PCURVE_S1.);
#7352 = CIRCLE('',#7353,5.);
#7353 = AXIS2_PLACEMENT_3D('',#7354,#7355,#7356);
#7354 = CARTESIAN_POINT('',(-98.,59.,15.));
#7355 = DIRECTION('',(0.,0.,1.));
#7356 = DIRECTION('',(1.,0.,-0.));
#7357 = PCURVE('',#5192,#7358);
#7358 = DEFINITIONAL_REPRESENTATION('',(#7359),#7363);
#7359 = LINE('',#7360,#7361);
#7360 = CARTESIAN_POINT('',(-0.,-12.));
#7361 = VECTOR('',#7362,1.);
#7362 = DIRECTION('',(-1.,0.));
#7363 = ( GEOMETRIC_REPRESENTATION_CONTEXT(2) 
PARAMETRIC_REPRESENTATION_CONTEXT() REPRESENTATION_CONTEXT('2D SPACE',''
  ) );
#7364 = PCURVE('',#7365,#7370);
#7365 = PLANE('',#7366);
#7366 = AXIS2_PLACEMENT_3D('',#7367,#7368,#7369);
#7367 = CARTESIAN_POINT('',(-98.,59.,15.));
#7368 = DIRECTION('',(0.,0.,1.));
#7369 = DIRECTION('',(1.,0.,-0.));
#7370 = DEFINITIONAL_REPRESENTATION('',(#7371),#7375);
#7371 = CIRCLE('',#7372,5.);
#7372 = AXIS2_PLACEMENT_2D('',#7373,#7374);
#7373 = CARTESIAN_POINT('',(0.,0.));
#7374 = DIRECTION('',(1.,0.));
#7375 = ( GEOMETRIC_REPRESENTATION_CONTEXT(2) 
PARAMETRIC_REPRESENTATION_CONTEXT() REPRESENTATION_CONTEXT('2D SPACE',''
  ) );
#7376 = ADVANCED_FACE('',(#7377),#5706,.F.);
#7377 = FACE_BOUND('',#7378,.T.);
#7378 = EDGE_LOOP('',(#7379,#7380,#7407,#7408));
#7379 = ORIENTED_EDGE('',*,*,#6274,.F.);
#7380 = ORIENTED_EDGE('',*,*,#7381,.F.);
#7381 = EDGE_CURVE('',#6073,#6253,#7382,.T.);
#7382 = SURFACE_CURVE('',#7383,(#7388,#7395),.PCURVE_S1.);
#7383 = CIRCLE('',#7384,5.);
#7384 = AXIS2_PLACEMENT_3D('',#7385,#7386,#7387);
#7385 = CARTESIAN_POINT('',(-98.,-59.,23.));
#7386 = DIRECTION('',(0.,0.,1.));
#7387 = DIRECTION('',(1.,0.,-0.));
#7388 = PCURVE('',#5706,#7389);
#7389 = DEFINITIONAL_REPRESENTATION('',(#7390),#7394);
#7390 = LINE('',#7391,#7392);
#7391 = CARTESIAN_POINT('',(-0.,-20.));
#7392 = VECTOR('',#7393,1.);
#7393 = DIRECTION('',(-1.,0.));
#7394 = ( GEOMETRIC_REPRESENTATION_CONTEXT(2) 
PARAMETRIC_REPRESENTATION_CONTEXT() REPRESENTATION_CONTEXT('2D SPACE',''
  ) );
#7395 = PCURVE('',#7396,#7401);
#7396 = PLANE('',#7397);
#7397 = AXIS2_PLACEMENT_3D('',#7398,#7399,#7400);
#7398 = CARTESIAN_POINT('',(-98.,-59.,23.));
#7399 = DIRECTION('',(0.,0.,1.));
#7400 = DIRECTION('',(1.,0.,-0.));
#7401 = DEFINITIONAL_REPRESENTATION('',(#7402),#7406);
#7402 = CIRCLE('',#7403,5.);
#7403 = AXIS2_PLACEMENT_2D('',#7404,#7405);
#7404 = CARTESIAN_POINT('',(0.,0.));
#7405 = DIRECTION('',(1.,0.));
#7406 = ( GEOMETRIC_REPRESENTATION_CONTEXT(2) 
PARAMETRIC_REPRESENTATION_CONTEXT() REPRESENTATION_CONTEXT('2D SPACE',''
  ) );
#7407 = ORIENTED_EDGE('',*,*,#6099,.T.);
#7408 = ORIENTED_EDGE('',*,*,#5687,.F.);
#7409 = ADVANCED_FACE('',(#7410),#5654,.F.);
#7410 = FACE_BOUND('',#7411,.T.);
#7411 = EDGE_LOOP('',(#7412,#7413,#7440,#7441));
#7412 = ORIENTED_EDGE('',*,*,#6679,.F.);
#7413 = ORIENTED_EDGE('',*,*,#7414,.F.);
#7414 = EDGE_CURVE('',#6297,#6657,#7415,.T.);
#7415 = SURFACE_CURVE('',#7416,(#7421,#7428),.PCURVE_S1.);
#7416 = CIRCLE('',#7417,5.);
#7417 = AXIS2_PLACEMENT_3D('',#7418,#7419,#7420);
#7418 = CARTESIAN_POINT('',(98.,-59.,23.));
#7419 = DIRECTION('',(0.,0.,1.));
#7420 = DIRECTION('',(1.,0.,-0.));
#7421 = PCURVE('',#5654,#7422);
#7422 = DEFINITIONAL_REPRESENTATION('',(#7423),#7427);
#7423 = LINE('',#7424,#7425);
#7424 = CARTESIAN_POINT('',(8.881784197001E-16,-20.));
#7425 = VECTOR('',#7426,1.);
#7426 = DIRECTION('',(-1.,0.));
#7427 = ( GEOMETRIC_REPRESENTATION_CONTEXT(2) 
PARAMETRIC_REPRESENTATION_CONTEXT() REPRESENTATION_CONTEXT('2D SPACE',''
  ) );
#7428 = PCURVE('',#7429,#7434);
#7429 = PLANE('',#7430);
#7430 = AXIS2_PLACEMENT_3D('',#7431,#7432,#7433);
#7431 = CARTESIAN_POINT('',(98.,-59.,23.));
#7432 = DIRECTION('',(0.,0.,1.));
#7433 = DIRECTION('',(1.,0.,-0.));
#7434 = DEFINITIONAL_REPRESENTATION('',(#7435),#7439);
#7435 = CIRCLE('',#7436,5.);
#7436 = AXIS2_PLACEMENT_2D('',#7437,#7438);
#7437 = CARTESIAN_POINT('',(0.,0.));
#7438 = DIRECTION('',(1.,0.));
#7439 = ( GEOMETRIC_REPRESENTATION_CONTEXT(2) 
PARAMETRIC_REPRESENTATION_CONTEXT() REPRESENTATION_CONTEXT('2D SPACE',''
  ) );
#7440 = ORIENTED_EDGE('',*,*,#6296,.T.);
#7441 = ORIENTED_EDGE('',*,*,#5633,.F.);
#7442 = ADVANCED_FACE('',(#7443),#5600,.F.);
#7443 = FACE_BOUND('',#7444,.T.);
#7444 = EDGE_LOOP('',(#7445,#7446,#7473,#7474));
#7445 = ORIENTED_EDGE('',*,*,#7071,.F.);
#7446 = ORIENTED_EDGE('',*,*,#7447,.F.);
#7447 = EDGE_CURVE('',#6702,#7072,#7448,.T.);
#7448 = SURFACE_CURVE('',#7449,(#7454,#7461),.PCURVE_S1.);
#7449 = CIRCLE('',#7450,5.);
#7450 = AXIS2_PLACEMENT_3D('',#7451,#7452,#7453);
#7451 = CARTESIAN_POINT('',(98.,59.,23.));
#7452 = DIRECTION('',(0.,0.,1.));
#7453 = DIRECTION('',(1.,0.,-0.));
#7454 = PCURVE('',#5600,#7455);
#7455 = DEFINITIONAL_REPRESENTATION('',(#7456),#7460);
#7456 = LINE('',#7457,#7458);
#7457 = CARTESIAN_POINT('',(-0.,-20.));
#7458 = VECTOR('',#7459,1.);
#7459 = DIRECTION('',(-1.,0.));
#7460 = ( GEOMETRIC_REPRESENTATION_CONTEXT(2) 
PARAMETRIC_REPRESENTATION_CONTEXT() REPRESENTATION_CONTEXT('2D SPACE',''
  ) );
#7461 = PCURVE('',#7462,#7467);
#7462 = PLANE('',#7463);
#7463 = AXIS2_PLACEMENT_3D('',#7464,#7465,#7466);
#7464 = CARTESIAN_POINT('',(98.,59.,23.));
#7465 = DIRECTION('',(0.,0.,1.));
#7466 = DIRECTION('',(1.,0.,-0.));
#7467 = DEFINITIONAL_REPRESENTATION('',(#7468),#7472);
#7468 = CIRCLE('',#7469,5.);
#7469 = AXIS2_PLACEMENT_2D('',#7470,#7471);
#7470 = CARTESIAN_POINT('',(0.,0.));
#7471 = DIRECTION('',(1.,0.));
#7472 = ( GEOMETRIC_REPRESENTATION_CONTEXT(2) 
PARAMETRIC_REPRESENTATION_CONTEXT() REPRESENTATION_CONTEXT('2D SPACE',''
  ) );
#7473 = ORIENTED_EDGE('',*,*,#6701,.T.);
#7474 = ORIENTED_EDGE('',*,*,#5579,.F.);
#7475 = ADVANCED_FACE('',(#7476),#5546,.F.);
#7476 = FACE_BOUND('',#7477,.T.);
#7477 = EDGE_LOOP('',(#7478,#7479,#7506,#7507));
#7478 = ORIENTED_EDGE('',*,*,#6121,.F.);
#7479 = ORIENTED_EDGE('',*,*,#7480,.F.);
#7480 = EDGE_CURVE('',#7028,#6122,#7481,.T.);
#7481 = SURFACE_CURVE('',#7482,(#7487,#7494),.PCURVE_S1.);
#7482 = CIRCLE('',#7483,5.);
#7483 = AXIS2_PLACEMENT_3D('',#7484,#7485,#7486);
#7484 = CARTESIAN_POINT('',(-98.,59.,23.));
#7485 = DIRECTION('',(0.,0.,1.));
#7486 = DIRECTION('',(1.,0.,-0.));
#7487 = PCURVE('',#5546,#7488);
#7488 = DEFINITIONAL_REPRESENTATION('',(#7489),#7493);
#7489 = LINE('',#7490,#7491);
#7490 = CARTESIAN_POINT('',(-0.,-20.));
#7491 = VECTOR('',#7492,1.);
#7492 = DIRECTION('',(-1.,0.));
#7493 = ( GEOMETRIC_REPRESENTATION_CONTEXT(2) 
PARAMETRIC_REPRESENTATION_CONTEXT() REPRESENTATION_CONTEXT('2D SPACE',''
  ) );
#7494 = PCURVE('',#7495,#7500);
#7495 = PLANE('',#7496);
#7496 = AXIS2_PLACEMENT_3D('',#7497,#7498,#7499);
#7497 = CARTESIAN_POINT('',(-98.,59.,23.));
#7498 = DIRECTION('',(0.,0.,1.));
#7499 = DIRECTION('',(1.,0.,-0.));
#7500 = DEFINITIONAL_REPRESENTATION('',(#7501),#7505);
#7501 = CIRCLE('',#7502,5.);
#7502 = AXIS2_PLACEMENT_2D('',#7503,#7504);
#7503 = CARTESIAN_POINT('',(0.,0.));
#7504 = DIRECTION('',(1.,0.));
#7505 = ( GEOMETRIC_REPRESENTATION_CONTEXT(2) 
PARAMETRIC_REPRESENTATION_CONTEXT() REPRESENTATION_CONTEXT('2D SPACE',''
  ) );
#7506 = ORIENTED_EDGE('',*,*,#7049,.T.);
#7507 = ORIENTED_EDGE('',*,*,#5525,.F.);
#7508 = ADVANCED_FACE('',(#7509),#5852,.F.);
#7509 = FACE_BOUND('',#7510,.F.);
#7510 = EDGE_LOOP('',(#7511,#7532,#7533,#7554));
#7511 = ORIENTED_EDGE('',*,*,#7512,.F.);
#7512 = EDGE_CURVE('',#6778,#5838,#7513,.T.);
#7513 = SURFACE_CURVE('',#7514,(#7518,#7525),.PCURVE_S1.);
#7514 = LINE('',#7515,#7516);
#7515 = CARTESIAN_POINT('',(102.,-16.,24.));
#7516 = VECTOR('',#7517,1.);
#7517 = DIRECTION('',(1.,0.,-0.));
#7518 = PCURVE('',#5852,#7519);
#7519 = DEFINITIONAL_REPRESENTATION('',(#7520),#7524);
#7520 = LINE('',#7521,#7522);
#7521 = CARTESIAN_POINT('',(0.,14.));
#7522 = VECTOR('',#7523,1.);
#7523 = DIRECTION('',(1.,0.));
#7524 = ( GEOMETRIC_REPRESENTATION_CONTEXT(2) 
PARAMETRIC_REPRESENTATION_CONTEXT() REPRESENTATION_CONTEXT('2D SPACE',''
  ) );
#7525 = PCURVE('',#5928,#7526);
#7526 = DEFINITIONAL_REPRESENTATION('',(#7527),#7531);
#7527 = LINE('',#7528,#7529);
#7528 = CARTESIAN_POINT('',(7.,0.));
#7529 = VECTOR('',#7530,1.);
#7530 = DIRECTION('',(0.,1.));
#7531 = ( GEOMETRIC_REPRESENTATION_CONTEXT(2) 
PARAMETRIC_REPRESENTATION_CONTEXT() REPRESENTATION_CONTEXT('2D SPACE',''
  ) );
#7532 = ORIENTED_EDGE('',*,*,#6775,.F.);
#7533 = ORIENTED_EDGE('',*,*,#7534,.T.);
#7534 = EDGE_CURVE('',#6776,#5836,#7535,.T.);
#7535 = SURFACE_CURVE('',#7536,(#7540,#7547),.PCURVE_S1.);
#7536 = LINE('',#7537,#7538);
#7537 = CARTESIAN_POINT('',(102.,-30.,24.));
#7538 = VECTOR('',#7539,1.);
#7539 = DIRECTION('',(1.,0.,-0.));
#7540 = PCURVE('',#5852,#7541);
#7541 = DEFINITIONAL_REPRESENTATION('',(#7542),#7546);
#7542 = LINE('',#7543,#7544);
#7543 = CARTESIAN_POINT('',(0.,0.));
#7544 = VECTOR('',#7545,1.);
#7545 = DIRECTION('',(1.,0.));
#7546 = ( GEOMETRIC_REPRESENTATION_CONTEXT(2) 
PARAMETRIC_REPRESENTATION_CONTEXT() REPRESENTATION_CONTEXT('2D SPACE',''
  ) );
#7547 = PCURVE('',#5878,#7548);
#7548 = DEFINITIONAL_REPRESENTATION('',(#7549),#7553);
#7549 = LINE('',#7550,#7551);
#7550 = CARTESIAN_POINT('',(7.,0.));
#7551 = VECTOR('',#7552,1.);
#7552 = DIRECTION('',(0.,1.));
#7553 = ( GEOMETRIC_REPRESENTATION_CONTEXT(2) 
PARAMETRIC_REPRESENTATION_CONTEXT() REPRESENTATION_CONTEXT('2D SPACE',''
  ) );
#7554 = ORIENTED_EDGE('',*,*,#5835,.T.);
#7555 = ADVANCED_FACE('',(#7556),#5928,.F.);
#7556 = FACE_BOUND('',#7557,.F.);
#7557 = EDGE_LOOP('',(#7558,#7579,#7580,#7581));
#7558 = ORIENTED_EDGE('',*,*,#7559,.F.);
#7559 = EDGE_CURVE('',#6820,#5890,#7560,.T.);
#7560 = SURFACE_CURVE('',#7561,(#7565,#7572),.PCURVE_S1.);
#7561 = LINE('',#7562,#7563);
#7562 = CARTESIAN_POINT('',(102.,-16.,17.));
#7563 = VECTOR('',#7564,1.);
#7564 = DIRECTION('',(1.,0.,-0.));
#7565 = PCURVE('',#5928,#7566);
#7566 = DEFINITIONAL_REPRESENTATION('',(#7567),#7571);
#7567 = LINE('',#7568,#7569);
#7568 = CARTESIAN_POINT('',(0.,0.));
#7569 = VECTOR('',#7570,1.);
#7570 = DIRECTION('',(0.,1.));
#7571 = ( GEOMETRIC_REPRESENTATION_CONTEXT(2) 
PARAMETRIC_REPRESENTATION_CONTEXT() REPRESENTATION_CONTEXT('2D SPACE',''
  ) );
#7572 = PCURVE('',#5904,#7573);
#7573 = DEFINITIONAL_REPRESENTATION('',(#7574),#7578);
#7574 = LINE('',#7575,#7576);
#7575 = CARTESIAN_POINT('',(0.,14.));
#7576 = VECTOR('',#7577,1.);
#7577 = DIRECTION('',(1.,0.));
#7578 = ( GEOMETRIC_REPRESENTATION_CONTEXT(2) 
PARAMETRIC_REPRESENTATION_CONTEXT() REPRESENTATION_CONTEXT('2D SPACE',''
  ) );
#7579 = ORIENTED_EDGE('',*,*,#6840,.F.);
#7580 = ORIENTED_EDGE('',*,*,#7512,.T.);
#7581 = ORIENTED_EDGE('',*,*,#5915,.T.);
#7582 = ADVANCED_FACE('',(#7583),#5904,.T.);
#7583 = FACE_BOUND('',#7584,.T.);
#7584 = EDGE_LOOP('',(#7585,#7586,#7587,#7608));
#7585 = ORIENTED_EDGE('',*,*,#7559,.F.);
#7586 = ORIENTED_EDGE('',*,*,#6819,.F.);
#7587 = ORIENTED_EDGE('',*,*,#7588,.T.);
#7588 = EDGE_CURVE('',#6799,#5864,#7589,.T.);
#7589 = SURFACE_CURVE('',#7590,(#7594,#7601),.PCURVE_S1.);
#7590 = LINE('',#7591,#7592);
#7591 = CARTESIAN_POINT('',(102.,-30.,17.));
#7592 = VECTOR('',#7593,1.);
#7593 = DIRECTION('',(1.,0.,-0.));
#7594 = PCURVE('',#5904,#7595);
#7595 = DEFINITIONAL_REPRESENTATION('',(#7596),#7600);
#7596 = LINE('',#7597,#7598);
#7597 = CARTESIAN_POINT('',(0.,0.));
#7598 = VECTOR('',#7599,1.);
#7599 = DIRECTION('',(1.,0.));
#7600 = ( GEOMETRIC_REPRESENTATION_CONTEXT(2) 
PARAMETRIC_REPRESENTATION_CONTEXT() REPRESENTATION_CONTEXT('2D SPACE',''
  ) );
#7601 = PCURVE('',#5878,#7602);
#7602 = DEFINITIONAL_REPRESENTATION('',(#7603),#7607);
#7603 = LINE('',#7604,#7605);
#7604 = CARTESIAN_POINT('',(0.,0.));
#7605 = VECTOR('',#7606,1.);
#7606 = DIRECTION('',(0.,1.));
#7607 = ( GEOMETRIC_REPRESENTATION_CONTEXT(2) 
PARAMETRIC_REPRESENTATION_CONTEXT() REPRESENTATION_CONTEXT('2D SPACE',''
  ) );
#7608 = ORIENTED_EDGE('',*,*,#5889,.T.);
#7609 = ADVANCED_FACE('',(#7610),#5878,.T.);
#7610 = FACE_BOUND('',#7611,.T.);
#7611 = EDGE_LOOP('',(#7612,#7613,#7614,#7615));
#7612 = ORIENTED_EDGE('',*,*,#7588,.F.);
#7613 = ORIENTED_EDGE('',*,*,#6798,.F.);
#7614 = ORIENTED_EDGE('',*,*,#7534,.T.);
#7615 = ORIENTED_EDGE('',*,*,#5863,.T.);
#7616 = ADVANCED_FACE('',(#7617),#5958,.F.);
#7617 = FACE_BOUND('',#7618,.F.);
#7618 = EDGE_LOOP('',(#7619,#7640,#7641,#7662));
#7619 = ORIENTED_EDGE('',*,*,#7620,.F.);
#7620 = EDGE_CURVE('',#6864,#5944,#7621,.T.);
#7621 = SURFACE_CURVE('',#7622,(#7626,#7633),.PCURVE_S1.);
#7622 = LINE('',#7623,#7624);
#7623 = CARTESIAN_POINT('',(102.,24.,23.));
#7624 = VECTOR('',#7625,1.);
#7625 = DIRECTION('',(1.,0.,-0.));
#7626 = PCURVE('',#5958,#7627);
#7627 = DEFINITIONAL_REPRESENTATION('',(#7628),#7632);
#7628 = LINE('',#7629,#7630);
#7629 = CARTESIAN_POINT('',(0.,18.));
#7630 = VECTOR('',#7631,1.);
#7631 = DIRECTION('',(1.,0.));
#7632 = ( GEOMETRIC_REPRESENTATION_CONTEXT(2) 
PARAMETRIC_REPRESENTATION_CONTEXT() REPRESENTATION_CONTEXT('2D SPACE',''
  ) );
#7633 = PCURVE('',#6034,#7634);
#7634 = DEFINITIONAL_REPRESENTATION('',(#7635),#7639);
#7635 = LINE('',#7636,#7637);
#7636 = CARTESIAN_POINT('',(6.,0.));
#7637 = VECTOR('',#7638,1.);
#7638 = DIRECTION('',(0.,1.));
#7639 = ( GEOMETRIC_REPRESENTATION_CONTEXT(2) 
PARAMETRIC_REPRESENTATION_CONTEXT() REPRESENTATION_CONTEXT('2D SPACE',''
  ) );
#7640 = ORIENTED_EDGE('',*,*,#6861,.F.);
#7641 = ORIENTED_EDGE('',*,*,#7642,.T.);
#7642 = EDGE_CURVE('',#6862,#5942,#7643,.T.);
#7643 = SURFACE_CURVE('',#7644,(#7648,#7655),.PCURVE_S1.);
#7644 = LINE('',#7645,#7646);
#7645 = CARTESIAN_POINT('',(102.,6.,23.));
#7646 = VECTOR('',#7647,1.);
#7647 = DIRECTION('',(1.,0.,-0.));
#7648 = PCURVE('',#5958,#7649);
#7649 = DEFINITIONAL_REPRESENTATION('',(#7650),#7654);
#7650 = LINE('',#7651,#7652);
#7651 = CARTESIAN_POINT('',(0.,0.));
#7652 = VECTOR('',#7653,1.);
#7653 = DIRECTION('',(1.,0.));
#7654 = ( GEOMETRIC_REPRESENTATION_CONTEXT(2) 
PARAMETRIC_REPRESENTATION_CONTEXT() REPRESENTATION_CONTEXT('2D SPACE',''
  ) );
#7655 = PCURVE('',#5984,#7656);
#7656 = DEFINITIONAL_REPRESENTATION('',(#7657),#7661);
#7657 = LINE('',#7658,#7659);
#7658 = CARTESIAN_POINT('',(6.,0.));
#7659 = VECTOR('',#7660,1.);
#7660 = DIRECTION('',(0.,1.));
#7661 = ( GEOMETRIC_REPRESENTATION_CONTEXT(2) 
PARAMETRIC_REPRESENTATION_CONTEXT() REPRESENTATION_CONTEXT('2D SPACE',''
  ) );
#7662 = ORIENTED_EDGE('',*,*,#5941,.T.);
#7663 = ADVANCED_FACE('',(#7664),#6034,.F.);
#7664 = FACE_BOUND('',#7665,.F.);
#7665 = EDGE_LOOP('',(#7666,#7687,#7688,#7689));
#7666 = ORIENTED_EDGE('',*,*,#7667,.F.);
#7667 = EDGE_CURVE('',#6906,#5996,#7668,.T.);
#7668 = SURFACE_CURVE('',#7669,(#7673,#7680),.PCURVE_S1.);
#7669 = LINE('',#7670,#7671);
#7670 = CARTESIAN_POINT('',(102.,24.,17.));
#7671 = VECTOR('',#7672,1.);
#7672 = DIRECTION('',(1.,0.,-0.));
#7673 = PCURVE('',#6034,#7674);
#7674 = DEFINITIONAL_REPRESENTATION('',(#7675),#7679);
#7675 = LINE('',#7676,#7677);
#7676 = CARTESIAN_POINT('',(0.,0.));
#7677 = VECTOR('',#7678,1.);
#7678 = DIRECTION('',(0.,1.));
#7679 = ( GEOMETRIC_REPRESENTATION_CONTEXT(2) 
PARAMETRIC_REPRESENTATION_CONTEXT() REPRESENTATION_CONTEXT('2D SPACE',''
  ) );
#7680 = PCURVE('',#6010,#7681);
#7681 = DEFINITIONAL_REPRESENTATION('',(#7682),#7686);
#7682 = LINE('',#7683,#7684);
#7683 = CARTESIAN_POINT('',(0.,18.));
#7684 = VECTOR('',#7685,1.);
#7685 = DIRECTION('',(1.,0.));
#7686 = ( GEOMETRIC_REPRESENTATION_CONTEXT(2) 
PARAMETRIC_REPRESENTATION_CONTEXT() REPRESENTATION_CONTEXT('2D SPACE',''
  ) );
#7687 = ORIENTED_EDGE('',*,*,#6926,.F.);
#7688 = ORIENTED_EDGE('',*,*,#7620,.T.);
#7689 = ORIENTED_EDGE('',*,*,#6021,.T.);
#7690 = ADVANCED_FACE('',(#7691),#6010,.T.);
#7691 = FACE_BOUND('',#7692,.T.);
#7692 = EDGE_LOOP('',(#7693,#7694,#7695,#7716));
#7693 = ORIENTED_EDGE('',*,*,#7667,.F.);
#7694 = ORIENTED_EDGE('',*,*,#6905,.F.);
#7695 = ORIENTED_EDGE('',*,*,#7696,.T.);
#7696 = EDGE_CURVE('',#6885,#5970,#7697,.T.);
#7697 = SURFACE_CURVE('',#7698,(#7702,#7709),.PCURVE_S1.);
#7698 = LINE('',#7699,#7700);
#7699 = CARTESIAN_POINT('',(102.,6.,17.));
#7700 = VECTOR('',#7701,1.);
#7701 = DIRECTION('',(1.,0.,-0.));
#7702 = PCURVE('',#6010,#7703);
#7703 = DEFINITIONAL_REPRESENTATION('',(#7704),#7708);
#7704 = LINE('',#7705,#7706);
#7705 = CARTESIAN_POINT('',(0.,0.));
#7706 = VECTOR('',#7707,1.);
#7707 = DIRECTION('',(1.,0.));
#7708 = ( GEOMETRIC_REPRESENTATION_CONTEXT(2) 
PARAMETRIC_REPRESENTATION_CONTEXT() REPRESENTATION_CONTEXT('2D SPACE',''
  ) );
#7709 = PCURVE('',#5984,#7710);
#7710 = DEFINITIONAL_REPRESENTATION('',(#7711),#7715);
#7711 = LINE('',#7712,#7713);
#7712 = CARTESIAN_POINT('',(0.,0.));
#7713 = VECTOR('',#7714,1.);
#7714 = DIRECTION('',(0.,1.));
#7715 = ( GEOMETRIC_REPRESENTATION_CONTEXT(2) 
PARAMETRIC_REPRESENTATION_CONTEXT() REPRESENTATION_CONTEXT('2D SPACE',''
  ) );
#7716 = ORIENTED_EDGE('',*,*,#5995,.T.);
#7717 = ADVANCED_FACE('',(#7718),#5984,.T.);
#7718 = FACE_BOUND('',#7719,.T.);
#7719 = EDGE_LOOP('',(#7720,#7721,#7722,#7723));
#7720 = ORIENTED_EDGE('',*,*,#7696,.F.);
#7721 = ORIENTED_EDGE('',*,*,#6884,.F.);
#7722 = ORIENTED_EDGE('',*,*,#7642,.T.);
#7723 = ORIENTED_EDGE('',*,*,#5969,.T.);
#7724 = ADVANCED_FACE('',(#7725),#6160,.T.);
#7725 = FACE_BOUND('',#7726,.T.);
#7726 = EDGE_LOOP('',(#7727,#7749,#7750,#7776));
#7727 = ORIENTED_EDGE('',*,*,#7728,.T.);
#7728 = EDGE_CURVE('',#6145,#7005,#7729,.T.);
#7729 = SURFACE_CURVE('',#7730,(#7735,#7742),.PCURVE_S1.);
#7730 = CIRCLE('',#7731,5.);
#7731 = AXIS2_PLACEMENT_3D('',#7732,#7733,#7734);
#7732 = CARTESIAN_POINT('',(-98.,59.,15.));
#7733 = DIRECTION('',(0.,0.,1.));
#7734 = DIRECTION('',(-1.,-3.871423359669E-09,0.));
#7735 = PCURVE('',#6160,#7736);
#7736 = DEFINITIONAL_REPRESENTATION('',(#7737),#7741);
#7737 = LINE('',#7738,#7739);
#7738 = CARTESIAN_POINT('',(3.141592657461,0.));
#7739 = VECTOR('',#7740,1.);
#7740 = DIRECTION('',(1.,0.));
#7741 = ( GEOMETRIC_REPRESENTATION_CONTEXT(2) 
PARAMETRIC_REPRESENTATION_CONTEXT() REPRESENTATION_CONTEXT('2D SPACE',''
  ) );
#7742 = PCURVE('',#7365,#7743);
#7743 = DEFINITIONAL_REPRESENTATION('',(#7744),#7748);
#7744 = CIRCLE('',#7745,5.);
#7745 = AXIS2_PLACEMENT_2D('',#7746,#7747);
#7746 = CARTESIAN_POINT('',(0.,0.));
#7747 = DIRECTION('',(-1.,-3.871423359669E-09));
#7748 = ( GEOMETRIC_REPRESENTATION_CONTEXT(2) 
PARAMETRIC_REPRESENTATION_CONTEXT() REPRESENTATION_CONTEXT('2D SPACE',''
  ) );
#7749 = ORIENTED_EDGE('',*,*,#7027,.T.);
#7750 = ORIENTED_EDGE('',*,*,#7751,.T.);
#7751 = EDGE_CURVE('',#7028,#6122,#7752,.T.);
#7752 = SURFACE_CURVE('',#7753,(#7758,#7765),.PCURVE_S1.);
#7753 = CIRCLE('',#7754,5.);
#7754 = AXIS2_PLACEMENT_3D('',#7755,#7756,#7757);
#7755 = CARTESIAN_POINT('',(-98.,59.,23.));
#7756 = DIRECTION('',(0.,0.,-1.));
#7757 = DIRECTION('',(5.684341891581E-15,1.,0.));
#7758 = PCURVE('',#6160,#7759);
#7759 = DEFINITIONAL_REPRESENTATION('',(#7760),#7764);
#7760 = LINE('',#7761,#7762);
#7761 = CARTESIAN_POINT('',(7.853981633974,8.));
#7762 = VECTOR('',#7763,1.);
#7763 = DIRECTION('',(-1.,-0.));
#7764 = ( GEOMETRIC_REPRESENTATION_CONTEXT(2) 
PARAMETRIC_REPRESENTATION_CONTEXT() REPRESENTATION_CONTEXT('2D SPACE',''
  ) );
#7765 = PCURVE('',#7495,#7766);
#7766 = DEFINITIONAL_REPRESENTATION('',(#7767),#7775);
#7767 = ( BOUNDED_CURVE() B_SPLINE_CURVE(2,(#7768,#7769,#7770,#7771,
#7772,#7773,#7774),.UNSPECIFIED.,.T.,.F.) B_SPLINE_CURVE_WITH_KNOTS((1,2
    ,2,2,2,1),(-2.094395102393,0.,2.094395102393,4.188790204786,
6.28318530718,8.377580409573),.UNSPECIFIED.) CURVE() 
GEOMETRIC_REPRESENTATION_ITEM() RATIONAL_B_SPLINE_CURVE((1.,0.5,1.,0.5,
1.,0.5,1.)) REPRESENTATION_ITEM('') );
#7768 = CARTESIAN_POINT('',(2.842170945791E-14,5.));
#7769 = CARTESIAN_POINT('',(8.660254037844,5.));
#7770 = CARTESIAN_POINT('',(4.330127018922,-2.5));
#7771 = CARTESIAN_POINT('',(-5.561877211667E-14,-10.));
#7772 = CARTESIAN_POINT('',(-4.330127018922,-2.5));
#7773 = CARTESIAN_POINT('',(-8.660254037844,5.));
#7774 = CARTESIAN_POINT('',(2.842170945791E-14,5.));
#7775 = ( GEOMETRIC_REPRESENTATION_CONTEXT(2) 
PARAMETRIC_REPRESENTATION_CONTEXT() REPRESENTATION_CONTEXT('2D SPACE',''
  ) );
#7776 = ORIENTED_EDGE('',*,*,#6144,.F.);
#7777 = ADVANCED_FACE('',(#7778),#6088,.T.);
#7778 = FACE_BOUND('',#7779,.T.);
#7779 = EDGE_LOOP('',(#7780,#7806,#7807,#7829));
#7780 = ORIENTED_EDGE('',*,*,#7781,.T.);
#7781 = EDGE_CURVE('',#6073,#6253,#7782,.T.);
#7782 = SURFACE_CURVE('',#7783,(#7788,#7795),.PCURVE_S1.);
#7783 = CIRCLE('',#7784,5.);
#7784 = AXIS2_PLACEMENT_3D('',#7785,#7786,#7787);
#7785 = CARTESIAN_POINT('',(-98.,-59.,23.));
#7786 = DIRECTION('',(-0.,0.,-1.));
#7787 = DIRECTION('',(-1.,-7.162270776462E-13,0.));
#7788 = PCURVE('',#6088,#7789);
#7789 = DEFINITIONAL_REPRESENTATION('',(#7790),#7794);
#7790 = LINE('',#7791,#7792);
#7791 = CARTESIAN_POINT('',(9.424777960769,8.));
#7792 = VECTOR('',#7793,1.);
#7793 = DIRECTION('',(-1.,-0.));
#7794 = ( GEOMETRIC_REPRESENTATION_CONTEXT(2) 
PARAMETRIC_REPRESENTATION_CONTEXT() REPRESENTATION_CONTEXT('2D SPACE',''
  ) );
#7795 = PCURVE('',#7396,#7796);
#7796 = DEFINITIONAL_REPRESENTATION('',(#7797),#7805);
#7797 = ( BOUNDED_CURVE() B_SPLINE_CURVE(2,(#7798,#7799,#7800,#7801,
#7802,#7803,#7804),.UNSPECIFIED.,.T.,.F.) B_SPLINE_CURVE_WITH_KNOTS((1,2
    ,2,2,2,1),(-2.094395102393,0.,2.094395102393,4.188790204786,
6.28318530718,8.377580409573),.UNSPECIFIED.) CURVE() 
GEOMETRIC_REPRESENTATION_ITEM() RATIONAL_B_SPLINE_CURVE((1.,0.5,1.,0.5,
1.,0.5,1.)) REPRESENTATION_ITEM('') );
#7798 = CARTESIAN_POINT('',(-5.,-3.581135388231E-12));
#7799 = CARTESIAN_POINT('',(-5.000000000006,8.660254037841));
#7800 = CARTESIAN_POINT('',(2.499999999997,4.330127018924));
#7801 = CARTESIAN_POINT('',(10.,7.163495423261E-12));
#7802 = CARTESIAN_POINT('',(2.500000000003,-4.33012701892));
#7803 = CARTESIAN_POINT('',(-4.999999999994,-8.660254037848));
#7804 = CARTESIAN_POINT('',(-5.,-3.581135388231E-12));
#7805 = ( GEOMETRIC_REPRESENTATION_CONTEXT(2) 
PARAMETRIC_REPRESENTATION_CONTEXT() REPRESENTATION_CONTEXT('2D SPACE',''
  ) );
#7806 = ORIENTED_EDGE('',*,*,#6252,.F.);
#7807 = ORIENTED_EDGE('',*,*,#7808,.T.);
#7808 = EDGE_CURVE('',#6196,#6050,#7809,.T.);
#7809 = SURFACE_CURVE('',#7810,(#7815,#7822),.PCURVE_S1.);
#7810 = CIRCLE('',#7811,5.);
#7811 = AXIS2_PLACEMENT_3D('',#7812,#7813,#7814);
#7812 = CARTESIAN_POINT('',(-98.,-59.,15.));
#7813 = DIRECTION('',(0.,0.,1.));
#7814 = DIRECTION('',(-1.136868377216E-14,-1.,0.));
#7815 = PCURVE('',#6088,#7816);
#7816 = DEFINITIONAL_REPRESENTATION('',(#7817),#7821);
#7817 = LINE('',#7818,#7819);
#7818 = CARTESIAN_POINT('',(4.712388980385,0.));
#7819 = VECTOR('',#7820,1.);
#7820 = DIRECTION('',(1.,0.));
#7821 = ( GEOMETRIC_REPRESENTATION_CONTEXT(2) 
PARAMETRIC_REPRESENTATION_CONTEXT() REPRESENTATION_CONTEXT('2D SPACE',''
  ) );
#7822 = PCURVE('',#6235,#7823);
#7823 = DEFINITIONAL_REPRESENTATION('',(#7824),#7828);
#7824 = CIRCLE('',#7825,5.);
#7825 = AXIS2_PLACEMENT_2D('',#7826,#7827);
#7826 = CARTESIAN_POINT('',(0.,0.));
#7827 = DIRECTION('',(-1.136868377216E-14,-1.));
#7828 = ( GEOMETRIC_REPRESENTATION_CONTEXT(2) 
PARAMETRIC_REPRESENTATION_CONTEXT() REPRESENTATION_CONTEXT('2D SPACE',''
  ) );
#7829 = ORIENTED_EDGE('',*,*,#6072,.T.);
#7830 = ADVANCED_FACE('',(#7831,#7835),#6235,.F.);
#7831 = FACE_BOUND('',#7832,.F.);
#7832 = EDGE_LOOP('',(#7833,#7834));
#7833 = ORIENTED_EDGE('',*,*,#6220,.T.);
#7834 = ORIENTED_EDGE('',*,*,#7808,.T.);
#7835 = FACE_BOUND('',#7836,.F.);
#7836 = EDGE_LOOP('',(#7837));
#7837 = ORIENTED_EDGE('',*,*,#7838,.F.);
#7838 = EDGE_CURVE('',#7839,#7839,#7841,.T.);
#7839 = VERTEX_POINT('',#7840);
#7840 = CARTESIAN_POINT('',(-95.65,-59.,15.));
#7841 = SURFACE_CURVE('',#7842,(#7847,#7854),.PCURVE_S1.);
#7842 = CIRCLE('',#7843,2.35);
#7843 = AXIS2_PLACEMENT_3D('',#7844,#7845,#7846);
#7844 = CARTESIAN_POINT('',(-98.,-59.,15.));
#7845 = DIRECTION('',(0.,0.,1.));
#7846 = DIRECTION('',(1.,0.,-0.));
#7847 = PCURVE('',#6235,#7848);
#7848 = DEFINITIONAL_REPRESENTATION('',(#7849),#7853);
#7849 = CIRCLE('',#7850,2.35);
#7850 = AXIS2_PLACEMENT_2D('',#7851,#7852);
#7851 = CARTESIAN_POINT('',(0.,0.));
#7852 = DIRECTION('',(1.,0.));
#7853 = ( GEOMETRIC_REPRESENTATION_CONTEXT(2) 
PARAMETRIC_REPRESENTATION_CONTEXT() REPRESENTATION_CONTEXT('2D SPACE',''
  ) );
#7854 = PCURVE('',#7855,#7860);
#7855 = CYLINDRICAL_SURFACE('',#7856,2.35);
#7856 = AXIS2_PLACEMENT_3D('',#7857,#7858,#7859);
#7857 = CARTESIAN_POINT('',(-98.,-59.,13.));
#7858 = DIRECTION('',(0.,0.,1.));
#7859 = DIRECTION('',(1.,0.,-0.));
#7860 = DEFINITIONAL_REPRESENTATION('',(#7861),#7865);
#7861 = LINE('',#7862,#7863);
#7862 = CARTESIAN_POINT('',(0.,2.));
#7863 = VECTOR('',#7864,1.);
#7864 = DIRECTION('',(1.,0.));
#7865 = ( GEOMETRIC_REPRESENTATION_CONTEXT(2) 
PARAMETRIC_REPRESENTATION_CONTEXT() REPRESENTATION_CONTEXT('2D SPACE',''
  ) );
#7866 = ADVANCED_FACE('',(#7867,#7915),#6335,.T.);
#7867 = FACE_BOUND('',#7868,.T.);
#7868 = EDGE_LOOP('',(#7869,#7891,#7892,#7914));
#7869 = ORIENTED_EDGE('',*,*,#7870,.F.);
#7870 = EDGE_CURVE('',#6657,#6297,#7871,.T.);
#7871 = SURFACE_CURVE('',#7872,(#7877,#7884),.PCURVE_S1.);
#7872 = CIRCLE('',#7873,5.);
#7873 = AXIS2_PLACEMENT_3D('',#7874,#7875,#7876);
#7874 = CARTESIAN_POINT('',(98.,-59.,23.));
#7875 = DIRECTION('',(0.,0.,1.));
#7876 = DIRECTION('',(1.,0.,-0.));
#7877 = PCURVE('',#6335,#7878);
#7878 = DEFINITIONAL_REPRESENTATION('',(#7879),#7883);
#7879 = LINE('',#7880,#7881);
#7880 = CARTESIAN_POINT('',(0.,8.));
#7881 = VECTOR('',#7882,1.);
#7882 = DIRECTION('',(1.,0.));
#7883 = ( GEOMETRIC_REPRESENTATION_CONTEXT(2) 
PARAMETRIC_REPRESENTATION_CONTEXT() REPRESENTATION_CONTEXT('2D SPACE',''
  ) );
#7884 = PCURVE('',#7429,#7885);
#7885 = DEFINITIONAL_REPRESENTATION('',(#7886),#7890);
#7886 = CIRCLE('',#7887,5.);
#7887 = AXIS2_PLACEMENT_2D('',#7888,#7889);
#7888 = CARTESIAN_POINT('',(0.,0.));
#7889 = DIRECTION('',(1.,0.));
#7890 = ( GEOMETRIC_REPRESENTATION_CONTEXT(2) 
PARAMETRIC_REPRESENTATION_CONTEXT() REPRESENTATION_CONTEXT('2D SPACE',''
  ) );
#7891 = ORIENTED_EDGE('',*,*,#6656,.F.);
#7892 = ORIENTED_EDGE('',*,*,#7893,.T.);
#7893 = EDGE_CURVE('',#6600,#6320,#7894,.T.);
#7894 = SURFACE_CURVE('',#7895,(#7900,#7907),.PCURVE_S1.);
#7895 = CIRCLE('',#7896,5.);
#7896 = AXIS2_PLACEMENT_3D('',#7897,#7898,#7899);
#7897 = CARTESIAN_POINT('',(98.,-59.,15.));
#7898 = DIRECTION('',(0.,0.,1.));
#7899 = DIRECTION('',(1.,0.,-0.));
#7900 = PCURVE('',#6335,#7901);
#7901 = DEFINITIONAL_REPRESENTATION('',(#7902),#7906);
#7902 = LINE('',#7903,#7904);
#7903 = CARTESIAN_POINT('',(0.,0.));
#7904 = VECTOR('',#7905,1.);
#7905 = DIRECTION('',(1.,0.));
#7906 = ( GEOMETRIC_REPRESENTATION_CONTEXT(2) 
PARAMETRIC_REPRESENTATION_CONTEXT() REPRESENTATION_CONTEXT('2D SPACE',''
  ) );
#7907 = PCURVE('',#6639,#7908);
#7908 = DEFINITIONAL_REPRESENTATION('',(#7909),#7913);
#7909 = CIRCLE('',#7910,5.);
#7910 = AXIS2_PLACEMENT_2D('',#7911,#7912);
#7911 = CARTESIAN_POINT('',(0.,0.));
#7912 = DIRECTION('',(1.,0.));
#7913 = ( GEOMETRIC_REPRESENTATION_CONTEXT(2) 
PARAMETRIC_REPRESENTATION_CONTEXT() REPRESENTATION_CONTEXT('2D SPACE',''
  ) );
#7914 = ORIENTED_EDGE('',*,*,#6319,.T.);
#7915 = FACE_BOUND('',#7916,.T.);
#7916 = EDGE_LOOP('',(#7917,#7940,#7964,#7990));
#7917 = ORIENTED_EDGE('',*,*,#7918,.F.);
#7918 = EDGE_CURVE('',#7919,#7921,#7923,.T.);
#7919 = VERTEX_POINT('',#7920);
#7920 = CARTESIAN_POINT('',(96.5,-63.76969600708,17.3));
#7921 = VERTEX_POINT('',#7922);
#7922 = CARTESIAN_POINT('',(96.5,-63.76969600708,18.5));
#7923 = SURFACE_CURVE('',#7924,(#7928,#7934),.PCURVE_S1.);
#7924 = LINE('',#7925,#7926);
#7925 = CARTESIAN_POINT('',(96.5,-63.76969600708,15.));
#7926 = VECTOR('',#7927,1.);
#7927 = DIRECTION('',(0.,0.,1.));
#7928 = PCURVE('',#6335,#7929);
#7929 = DEFINITIONAL_REPRESENTATION('',(#7930),#7933);
#7930 = B_SPLINE_CURVE_WITH_KNOTS('',1,(#7931,#7932),.UNSPECIFIED.,.F.,
  .F.,(2,2),(2.18,3.62),.PIECEWISE_BEZIER_KNOTS.);
#7931 = CARTESIAN_POINT('',(4.407696326369,2.18));
#7932 = CARTESIAN_POINT('',(4.407696326369,3.62));
#7933 = ( GEOMETRIC_REPRESENTATION_CONTEXT(2) 
PARAMETRIC_REPRESENTATION_CONTEXT() REPRESENTATION_CONTEXT('2D SPACE',''
  ) );
#7934 = PCURVE('',#6584,#7935);
#7935 = DEFINITIONAL_REPRESENTATION('',(#7936),#7939);
#7936 = B_SPLINE_CURVE_WITH_KNOTS('',1,(#7937,#7938),.UNSPECIFIED.,.F.,
  .F.,(2,2),(2.18,3.62),.PIECEWISE_BEZIER_KNOTS.);
#7937 = CARTESIAN_POINT('',(-0.12,-0.230303992915));
#7938 = CARTESIAN_POINT('',(1.32,-0.230303992915));
#7939 = ( GEOMETRIC_REPRESENTATION_CONTEXT(2) 
PARAMETRIC_REPRESENTATION_CONTEXT() REPRESENTATION_CONTEXT('2D SPACE',''
  ) );
#7940 = ORIENTED_EDGE('',*,*,#7941,.F.);
#7941 = EDGE_CURVE('',#7942,#7919,#7944,.T.);
#7942 = VERTEX_POINT('',#7943);
#7943 = CARTESIAN_POINT('',(96.5,-54.23030399291,17.3));
#7944 = SURFACE_CURVE('',#7945,(#7950,#7957),.PCURVE_S1.);
#7945 = CIRCLE('',#7946,5.);
#7946 = AXIS2_PLACEMENT_3D('',#7947,#7948,#7949);
#7947 = CARTESIAN_POINT('',(98.,-59.,17.3));
#7948 = DIRECTION('',(0.,0.,1.));
#7949 = DIRECTION('',(1.,0.,-0.));
#7950 = PCURVE('',#6335,#7951);
#7951 = DEFINITIONAL_REPRESENTATION('',(#7952),#7956);
#7952 = LINE('',#7953,#7954);
#7953 = CARTESIAN_POINT('',(0.,2.3));
#7954 = VECTOR('',#7955,1.);
#7955 = DIRECTION('',(1.,0.));
#7956 = ( GEOMETRIC_REPRESENTATION_CONTEXT(2) 
PARAMETRIC_REPRESENTATION_CONTEXT() REPRESENTATION_CONTEXT('2D SPACE',''
  ) );
#7957 = PCURVE('',#6558,#7958);
#7958 = DEFINITIONAL_REPRESENTATION('',(#7959),#7963);
#7959 = CIRCLE('',#7960,5.);
#7960 = AXIS2_PLACEMENT_2D('',#7961,#7962);
#7961 = CARTESIAN_POINT('',(6.5,5.));
#7962 = DIRECTION('',(1.,0.));
#7963 = ( GEOMETRIC_REPRESENTATION_CONTEXT(2) 
PARAMETRIC_REPRESENTATION_CONTEXT() REPRESENTATION_CONTEXT('2D SPACE',''
  ) );
#7964 = ORIENTED_EDGE('',*,*,#7965,.T.);
#7965 = EDGE_CURVE('',#7942,#7966,#7968,.T.);
#7966 = VERTEX_POINT('',#7967);
#7967 = CARTESIAN_POINT('',(96.5,-54.23030399291,18.5));
#7968 = SURFACE_CURVE('',#7969,(#7973,#7979),.PCURVE_S1.);
#7969 = LINE('',#7970,#7971);
#7970 = CARTESIAN_POINT('',(96.5,-54.23030399291,15.));
#7971 = VECTOR('',#7972,1.);
#7972 = DIRECTION('',(0.,0.,1.));
#7973 = PCURVE('',#6335,#7974);
#7974 = DEFINITIONAL_REPRESENTATION('',(#7975),#7978);
#7975 = B_SPLINE_CURVE_WITH_KNOTS('',1,(#7976,#7977),.UNSPECIFIED.,.F.,
  .F.,(2,2),(2.18,3.62),.PIECEWISE_BEZIER_KNOTS.);
#7976 = CARTESIAN_POINT('',(1.87548898081,2.18));
#7977 = CARTESIAN_POINT('',(1.87548898081,3.62));
#7978 = ( GEOMETRIC_REPRESENTATION_CONTEXT(2) 
PARAMETRIC_REPRESENTATION_CONTEXT() REPRESENTATION_CONTEXT('2D SPACE',''
  ) );
#7979 = PCURVE('',#7980,#7985);
#7980 = PLANE('',#7981);
#7981 = AXIS2_PLACEMENT_3D('',#7982,#7983,#7984);
#7982 = CARTESIAN_POINT('',(96.5,-64.,17.3));
#7983 = DIRECTION('',(1.,0.,-0.));
#7984 = DIRECTION('',(0.,0.,1.));
#7985 = DEFINITIONAL_REPRESENTATION('',(#7986),#7989);
#7986 = B_SPLINE_CURVE_WITH_KNOTS('',1,(#7987,#7988),.UNSPECIFIED.,.F.,
  .F.,(2,2),(2.18,3.62),.PIECEWISE_BEZIER_KNOTS.);
#7987 = CARTESIAN_POINT('',(-0.12,-9.769696007085));
#7988 = CARTESIAN_POINT('',(1.32,-9.769696007085));
#7989 = ( GEOMETRIC_REPRESENTATION_CONTEXT(2) 
PARAMETRIC_REPRESENTATION_CONTEXT() REPRESENTATION_CONTEXT('2D SPACE',''
  ) );
#7990 = ORIENTED_EDGE('',*,*,#7991,.T.);
#7991 = EDGE_CURVE('',#7966,#7921,#7992,.T.);
#7992 = SURFACE_CURVE('',#7993,(#7998,#8005),.PCURVE_S1.);
#7993 = CIRCLE('',#7994,5.);
#7994 = AXIS2_PLACEMENT_3D('',#7995,#7996,#7997);
#7995 = CARTESIAN_POINT('',(98.,-59.,18.5));
#7996 = DIRECTION('',(0.,0.,1.));
#7997 = DIRECTION('',(1.,0.,-0.));
#7998 = PCURVE('',#6335,#7999);
#7999 = DEFINITIONAL_REPRESENTATION('',(#8000),#8004);
#8000 = LINE('',#8001,#8002);
#8001 = CARTESIAN_POINT('',(0.,3.5));
#8002 = VECTOR('',#8003,1.);
#8003 = DIRECTION('',(1.,0.));
#8004 = ( GEOMETRIC_REPRESENTATION_CONTEXT(2) 
PARAMETRIC_REPRESENTATION_CONTEXT() REPRESENTATION_CONTEXT('2D SPACE',''
  ) );
#8005 = PCURVE('',#6502,#8006);
#8006 = DEFINITIONAL_REPRESENTATION('',(#8007),#8011);
#8007 = CIRCLE('',#8008,5.);
#8008 = AXIS2_PLACEMENT_2D('',#8009,#8010);
#8009 = CARTESIAN_POINT('',(6.5,5.));
#8010 = DIRECTION('',(1.,0.));
#8011 = ( GEOMETRIC_REPRESENTATION_CONTEXT(2) 
PARAMETRIC_REPRESENTATION_CONTEXT() REPRESENTATION_CONTEXT('2D SPACE',''
  ) );
#8012 = ADVANCED_FACE('',(#8013),#6388,.T.);
#8013 = FACE_BOUND('',#8014,.T.);
#8014 = EDGE_LOOP('',(#8015,#8038,#8039,#8062));
#8015 = ORIENTED_EDGE('',*,*,#8016,.F.);
#8016 = EDGE_CURVE('',#6371,#8017,#8019,.T.);
#8017 = VERTEX_POINT('',#8018);
#8018 = CARTESIAN_POINT('',(-12.5,-31.,18.5));
#8019 = SURFACE_CURVE('',#8020,(#8024,#8031),.PCURVE_S1.);
#8020 = LINE('',#8021,#8022);
#8021 = CARTESIAN_POINT('',(-12.5,-64.,18.5));
#8022 = VECTOR('',#8023,1.);
#8023 = DIRECTION('',(-0.,1.,0.));
#8024 = PCURVE('',#6388,#8025);
#8025 = DEFINITIONAL_REPRESENTATION('',(#8026),#8030);
#8026 = LINE('',#8027,#8028);
#8027 = CARTESIAN_POINT('',(0.,0.));
#8028 = VECTOR('',#8029,1.);
#8029 = DIRECTION('',(0.,1.));
#8030 = ( GEOMETRIC_REPRESENTATION_CONTEXT(2) 
PARAMETRIC_REPRESENTATION_CONTEXT() REPRESENTATION_CONTEXT('2D SPACE',''
  ) );
#8031 = PCURVE('',#6416,#8032);
#8032 = DEFINITIONAL_REPRESENTATION('',(#8033),#8037);
#8033 = LINE('',#8034,#8035);
#8034 = CARTESIAN_POINT('',(1.2,0.));
#8035 = VECTOR('',#8036,1.);
#8036 = DIRECTION('',(0.,-1.));
#8037 = ( GEOMETRIC_REPRESENTATION_CONTEXT(2) 
PARAMETRIC_REPRESENTATION_CONTEXT() REPRESENTATION_CONTEXT('2D SPACE',''
  ) );
#8038 = ORIENTED_EDGE('',*,*,#6370,.T.);
#8039 = ORIENTED_EDGE('',*,*,#8040,.T.);
#8040 = EDGE_CURVE('',#6373,#8041,#8043,.T.);
#8041 = VERTEX_POINT('',#8042);
#8042 = CARTESIAN_POINT('',(-7.5,-31.,18.5));
#8043 = SURFACE_CURVE('',#8044,(#8048,#8055),.PCURVE_S1.);
#8044 = LINE('',#8045,#8046);
#8045 = CARTESIAN_POINT('',(-7.5,-64.,18.5));
#8046 = VECTOR('',#8047,1.);
#8047 = DIRECTION('',(-0.,1.,0.));
#8048 = PCURVE('',#6388,#8049);
#8049 = DEFINITIONAL_REPRESENTATION('',(#8050),#8054);
#8050 = LINE('',#8051,#8052);
#8051 = CARTESIAN_POINT('',(5.,0.));
#8052 = VECTOR('',#8053,1.);
#8053 = DIRECTION('',(0.,1.));
#8054 = ( GEOMETRIC_REPRESENTATION_CONTEXT(2) 
PARAMETRIC_REPRESENTATION_CONTEXT() REPRESENTATION_CONTEXT('2D SPACE',''
  ) );
#8055 = PCURVE('',#6470,#8056);
#8056 = DEFINITIONAL_REPRESENTATION('',(#8057),#8061);
#8057 = LINE('',#8058,#8059);
#8058 = CARTESIAN_POINT('',(1.2,0.));
#8059 = VECTOR('',#8060,1.);
#8060 = DIRECTION('',(0.,-1.));
#8061 = ( GEOMETRIC_REPRESENTATION_CONTEXT(2) 
PARAMETRIC_REPRESENTATION_CONTEXT() REPRESENTATION_CONTEXT('2D SPACE',''
  ) );
#8062 = ORIENTED_EDGE('',*,*,#8063,.F.);
#8063 = EDGE_CURVE('',#8017,#8041,#8064,.T.);
#8064 = SURFACE_CURVE('',#8065,(#8069,#8076),.PCURVE_S1.);
#8065 = LINE('',#8066,#8067);
#8066 = CARTESIAN_POINT('',(-12.5,-31.,18.5));
#8067 = VECTOR('',#8068,1.);
#8068 = DIRECTION('',(1.,0.,-0.));
#8069 = PCURVE('',#6388,#8070);
#8070 = DEFINITIONAL_REPRESENTATION('',(#8071),#8075);
#8071 = LINE('',#8072,#8073);
#8072 = CARTESIAN_POINT('',(0.,33.));
#8073 = VECTOR('',#8074,1.);
#8074 = DIRECTION('',(1.,0.));
#8075 = ( GEOMETRIC_REPRESENTATION_CONTEXT(2) 
PARAMETRIC_REPRESENTATION_CONTEXT() REPRESENTATION_CONTEXT('2D SPACE',''
  ) );
#8076 = PCURVE('',#8077,#8082);
#8077 = PLANE('',#8078);
#8078 = AXIS2_PLACEMENT_3D('',#8079,#8080,#8081);
#8079 = CARTESIAN_POINT('',(-12.5,-31.,17.3));
#8080 = DIRECTION('',(-0.,1.,0.));
#8081 = DIRECTION('',(0.,0.,1.));
#8082 = DEFINITIONAL_REPRESENTATION('',(#8083),#8087);
#8083 = LINE('',#8084,#8085);
#8084 = CARTESIAN_POINT('',(1.2,0.));
#8085 = VECTOR('',#8086,1.);
#8086 = DIRECTION('',(0.,1.));
#8087 = ( GEOMETRIC_REPRESENTATION_CONTEXT(2) 
PARAMETRIC_REPRESENTATION_CONTEXT() REPRESENTATION_CONTEXT('2D SPACE',''
  ) );
#8088 = ADVANCED_FACE('',(#8089),#6470,.T.);
#8089 = FACE_BOUND('',#8090,.T.);
#8090 = EDGE_LOOP('',(#8091,#8092,#8093,#8116,#8142,#8168));
#8091 = ORIENTED_EDGE('',*,*,#8040,.F.);
#8092 = ORIENTED_EDGE('',*,*,#6456,.F.);
#8093 = ORIENTED_EDGE('',*,*,#8094,.T.);
#8094 = EDGE_CURVE('',#6429,#8095,#8097,.T.);
#8095 = VERTEX_POINT('',#8096);
#8096 = CARTESIAN_POINT('',(-7.5,-34.12249899919,17.3));
#8097 = SURFACE_CURVE('',#8098,(#8102,#8109),.PCURVE_S1.);
#8098 = LINE('',#8099,#8100);
#8099 = CARTESIAN_POINT('',(-7.5,-64.,17.3));
#8100 = VECTOR('',#8101,1.);
#8101 = DIRECTION('',(-0.,1.,0.));
#8102 = PCURVE('',#6470,#8103);
#8103 = DEFINITIONAL_REPRESENTATION('',(#8104),#8108);
#8104 = LINE('',#8105,#8106);
#8105 = CARTESIAN_POINT('',(0.,0.));
#8106 = VECTOR('',#8107,1.);
#8107 = DIRECTION('',(0.,-1.));
#8108 = ( GEOMETRIC_REPRESENTATION_CONTEXT(2) 
PARAMETRIC_REPRESENTATION_CONTEXT() REPRESENTATION_CONTEXT('2D SPACE',''
  ) );
#8109 = PCURVE('',#6444,#8110);
#8110 = DEFINITIONAL_REPRESENTATION('',(#8111),#8115);
#8111 = LINE('',#8112,#8113);
#8112 = CARTESIAN_POINT('',(5.,0.));
#8113 = VECTOR('',#8114,1.);
#8114 = DIRECTION('',(0.,1.));
#8115 = ( GEOMETRIC_REPRESENTATION_CONTEXT(2) 
PARAMETRIC_REPRESENTATION_CONTEXT() REPRESENTATION_CONTEXT('2D SPACE',''
  ) );
#8116 = ORIENTED_EDGE('',*,*,#8117,.T.);
#8117 = EDGE_CURVE('',#8095,#8118,#8120,.T.);
#8118 = VERTEX_POINT('',#8119);
#8119 = CARTESIAN_POINT('',(-7.5,-34.12249899919,17.9));
#8120 = SURFACE_CURVE('',#8121,(#8125,#8131),.PCURVE_S1.);
#8121 = LINE('',#8122,#8123);
#8122 = CARTESIAN_POINT('',(-7.5,-34.12249899919,16.7));
#8123 = VECTOR('',#8124,1.);
#8124 = DIRECTION('',(0.,0.,1.));
#8125 = PCURVE('',#6470,#8126);
#8126 = DEFINITIONAL_REPRESENTATION('',(#8127),#8130);
#8127 = B_SPLINE_CURVE_WITH_KNOTS('',1,(#8128,#8129),.UNSPECIFIED.,.F.,
  .F.,(2,2),(0.48,1.2000024),.PIECEWISE_BEZIER_KNOTS.);
#8128 = CARTESIAN_POINT('',(-0.12,-29.8775010008));
#8129 = CARTESIAN_POINT('',(0.6000024,-29.8775010008));
#8130 = ( GEOMETRIC_REPRESENTATION_CONTEXT(2) 
PARAMETRIC_REPRESENTATION_CONTEXT() REPRESENTATION_CONTEXT('2D SPACE',''
  ) );
#8131 = PCURVE('',#8132,#8137);
#8132 = CYLINDRICAL_SURFACE('',#8133,4.);
#8133 = AXIS2_PLACEMENT_3D('',#8134,#8135,#8136);
#8134 = CARTESIAN_POINT('',(-10.,-31.,16.7));
#8135 = DIRECTION('',(0.,0.,1.));
#8136 = DIRECTION('',(1.,0.,-0.));
#8137 = DEFINITIONAL_REPRESENTATION('',(#8138),#8141);
#8138 = B_SPLINE_CURVE_WITH_KNOTS('',1,(#8139,#8140),.UNSPECIFIED.,.F.,
  .F.,(2,2),(0.48,1.2000024),.PIECEWISE_BEZIER_KNOTS.);
#8139 = CARTESIAN_POINT('',(5.387520513322,0.48));
#8140 = CARTESIAN_POINT('',(5.387520513322,1.2000024));
#8141 = ( GEOMETRIC_REPRESENTATION_CONTEXT(2) 
PARAMETRIC_REPRESENTATION_CONTEXT() REPRESENTATION_CONTEXT('2D SPACE',''
  ) );
#8142 = ORIENTED_EDGE('',*,*,#8143,.T.);
#8143 = EDGE_CURVE('',#8118,#8144,#8146,.T.);
#8144 = VERTEX_POINT('',#8145);
#8145 = CARTESIAN_POINT('',(-7.5,-31.,17.9));
#8146 = SURFACE_CURVE('',#8147,(#8151,#8157),.PCURVE_S1.);
#8147 = LINE('',#8148,#8149);
#8148 = CARTESIAN_POINT('',(-7.5,-47.5,17.9));
#8149 = VECTOR('',#8150,1.);
#8150 = DIRECTION('',(-0.,1.,0.));
#8151 = PCURVE('',#6470,#8152);
#8152 = DEFINITIONAL_REPRESENTATION('',(#8153),#8156);
#8153 = B_SPLINE_CURVE_WITH_KNOTS('',1,(#8154,#8155),.UNSPECIFIED.,.F.,
  .F.,(2,2),(12.5,16.5),.PIECEWISE_BEZIER_KNOTS.);
#8154 = CARTESIAN_POINT('',(0.6,-29.));
#8155 = CARTESIAN_POINT('',(0.6,-33.));
#8156 = ( GEOMETRIC_REPRESENTATION_CONTEXT(2) 
PARAMETRIC_REPRESENTATION_CONTEXT() REPRESENTATION_CONTEXT('2D SPACE',''
  ) );
#8157 = PCURVE('',#8158,#8163);
#8158 = PLANE('',#8159);
#8159 = AXIS2_PLACEMENT_3D('',#8160,#8161,#8162);
#8160 = CARTESIAN_POINT('',(-10.,-31.,17.9));
#8161 = DIRECTION('',(0.,0.,1.));
#8162 = DIRECTION('',(1.,0.,-0.));
#8163 = DEFINITIONAL_REPRESENTATION('',(#8164),#8167);
#8164 = B_SPLINE_CURVE_WITH_KNOTS('',1,(#8165,#8166),.UNSPECIFIED.,.F.,
  .F.,(2,2),(12.5,16.5),.PIECEWISE_BEZIER_KNOTS.);
#8165 = CARTESIAN_POINT('',(2.5,-4.));
#8166 = CARTESIAN_POINT('',(2.5,0.));
#8167 = ( GEOMETRIC_REPRESENTATION_CONTEXT(2) 
PARAMETRIC_REPRESENTATION_CONTEXT() REPRESENTATION_CONTEXT('2D SPACE',''
  ) );
#8168 = ORIENTED_EDGE('',*,*,#8169,.T.);
#8169 = EDGE_CURVE('',#8144,#8041,#8170,.T.);
#8170 = SURFACE_CURVE('',#8171,(#8175,#8182),.PCURVE_S1.);
#8171 = LINE('',#8172,#8173);
#8172 = CARTESIAN_POINT('',(-7.5,-31.,17.3));
#8173 = VECTOR('',#8174,1.);
#8174 = DIRECTION('',(0.,0.,1.));
#8175 = PCURVE('',#6470,#8176);
#8176 = DEFINITIONAL_REPRESENTATION('',(#8177),#8181);
#8177 = LINE('',#8178,#8179);
#8178 = CARTESIAN_POINT('',(0.,-33.));
#8179 = VECTOR('',#8180,1.);
#8180 = DIRECTION('',(1.,0.));
#8181 = ( GEOMETRIC_REPRESENTATION_CONTEXT(2) 
PARAMETRIC_REPRESENTATION_CONTEXT() REPRESENTATION_CONTEXT('2D SPACE',''
  ) );
#8182 = PCURVE('',#8077,#8183);
#8183 = DEFINITIONAL_REPRESENTATION('',(#8184),#8188);
#8184 = LINE('',#8185,#8186);
#8185 = CARTESIAN_POINT('',(0.,5.));
#8186 = VECTOR('',#8187,1.);
#8187 = DIRECTION('',(1.,0.));
#8188 = ( GEOMETRIC_REPRESENTATION_CONTEXT(2) 
PARAMETRIC_REPRESENTATION_CONTEXT() REPRESENTATION_CONTEXT('2D SPACE',''
  ) );
#8189 = ADVANCED_FACE('',(#8190),#6416,.F.);
#8190 = FACE_BOUND('',#8191,.F.);
#8191 = EDGE_LOOP('',(#8192,#8193,#8194,#8217,#8238,#8259));
#8192 = ORIENTED_EDGE('',*,*,#8016,.F.);
#8193 = ORIENTED_EDGE('',*,*,#6400,.F.);
#8194 = ORIENTED_EDGE('',*,*,#8195,.T.);
#8195 = EDGE_CURVE('',#6401,#8196,#8198,.T.);
#8196 = VERTEX_POINT('',#8197);
#8197 = CARTESIAN_POINT('',(-12.5,-34.12249899919,17.3));
#8198 = SURFACE_CURVE('',#8199,(#8203,#8210),.PCURVE_S1.);
#8199 = LINE('',#8200,#8201);
#8200 = CARTESIAN_POINT('',(-12.5,-64.,17.3));
#8201 = VECTOR('',#8202,1.);
#8202 = DIRECTION('',(-0.,1.,0.));
#8203 = PCURVE('',#6416,#8204);
#8204 = DEFINITIONAL_REPRESENTATION('',(#8205),#8209);
#8205 = LINE('',#8206,#8207);
#8206 = CARTESIAN_POINT('',(0.,0.));
#8207 = VECTOR('',#8208,1.);
#8208 = DIRECTION('',(0.,-1.));
#8209 = ( GEOMETRIC_REPRESENTATION_CONTEXT(2) 
PARAMETRIC_REPRESENTATION_CONTEXT() REPRESENTATION_CONTEXT('2D SPACE',''
  ) );
#8210 = PCURVE('',#6444,#8211);
#8211 = DEFINITIONAL_REPRESENTATION('',(#8212),#8216);
#8212 = LINE('',#8213,#8214);
#8213 = CARTESIAN_POINT('',(0.,0.));
#8214 = VECTOR('',#8215,1.);
#8215 = DIRECTION('',(0.,1.));
#8216 = ( GEOMETRIC_REPRESENTATION_CONTEXT(2) 
PARAMETRIC_REPRESENTATION_CONTEXT() REPRESENTATION_CONTEXT('2D SPACE',''
  ) );
#8217 = ORIENTED_EDGE('',*,*,#8218,.T.);
#8218 = EDGE_CURVE('',#8196,#8219,#8221,.T.);
#8219 = VERTEX_POINT('',#8220);
#8220 = CARTESIAN_POINT('',(-12.5,-34.12249899919,17.9));
#8221 = SURFACE_CURVE('',#8222,(#8226,#8232),.PCURVE_S1.);
#8222 = LINE('',#8223,#8224);
#8223 = CARTESIAN_POINT('',(-12.5,-34.12249899919,16.7));
#8224 = VECTOR('',#8225,1.);
#8225 = DIRECTION('',(0.,0.,1.));
#8226 = PCURVE('',#6416,#8227);
#8227 = DEFINITIONAL_REPRESENTATION('',(#8228),#8231);
#8228 = B_SPLINE_CURVE_WITH_KNOTS('',1,(#8229,#8230),.UNSPECIFIED.,.F.,
  .F.,(2,2),(0.48,1.2000024),.PIECEWISE_BEZIER_KNOTS.);
#8229 = CARTESIAN_POINT('',(-0.12,-29.8775010008));
#8230 = CARTESIAN_POINT('',(0.6000024,-29.8775010008));
#8231 = ( GEOMETRIC_REPRESENTATION_CONTEXT(2) 
PARAMETRIC_REPRESENTATION_CONTEXT() REPRESENTATION_CONTEXT('2D SPACE',''
  ) );
#8232 = PCURVE('',#8132,#8233);
#8233 = DEFINITIONAL_REPRESENTATION('',(#8234),#8237);
#8234 = B_SPLINE_CURVE_WITH_KNOTS('',1,(#8235,#8236),.UNSPECIFIED.,.F.,
  .F.,(2,2),(0.48,1.2000024),.PIECEWISE_BEZIER_KNOTS.);
#8235 = CARTESIAN_POINT('',(4.037257447448,0.48));
#8236 = CARTESIAN_POINT('',(4.037257447448,1.2000024));
#8237 = ( GEOMETRIC_REPRESENTATION_CONTEXT(2) 
PARAMETRIC_REPRESENTATION_CONTEXT() REPRESENTATION_CONTEXT('2D SPACE',''
  ) );
#8238 = ORIENTED_EDGE('',*,*,#8239,.T.);
#8239 = EDGE_CURVE('',#8219,#8240,#8242,.T.);
#8240 = VERTEX_POINT('',#8241);
#8241 = CARTESIAN_POINT('',(-12.5,-31.,17.9));
#8242 = SURFACE_CURVE('',#8243,(#8247,#8253),.PCURVE_S1.);
#8243 = LINE('',#8244,#8245);
#8244 = CARTESIAN_POINT('',(-12.5,-47.5,17.9));
#8245 = VECTOR('',#8246,1.);
#8246 = DIRECTION('',(-0.,1.,0.));
#8247 = PCURVE('',#6416,#8248);
#8248 = DEFINITIONAL_REPRESENTATION('',(#8249),#8252);
#8249 = B_SPLINE_CURVE_WITH_KNOTS('',1,(#8250,#8251),.UNSPECIFIED.,.F.,
  .F.,(2,2),(12.5,16.5),.PIECEWISE_BEZIER_KNOTS.);
#8250 = CARTESIAN_POINT('',(0.6,-29.));
#8251 = CARTESIAN_POINT('',(0.6,-33.));
#8252 = ( GEOMETRIC_REPRESENTATION_CONTEXT(2) 
PARAMETRIC_REPRESENTATION_CONTEXT() REPRESENTATION_CONTEXT('2D SPACE',''
  ) );
#8253 = PCURVE('',#8158,#8254);
#8254 = DEFINITIONAL_REPRESENTATION('',(#8255),#8258);
#8255 = B_SPLINE_CURVE_WITH_KNOTS('',1,(#8256,#8257),.UNSPECIFIED.,.F.,
  .F.,(2,2),(12.5,16.5),.PIECEWISE_BEZIER_KNOTS.);
#8256 = CARTESIAN_POINT('',(-2.5,-4.));
#8257 = CARTESIAN_POINT('',(-2.5,0.));
#8258 = ( GEOMETRIC_REPRESENTATION_CONTEXT(2) 
PARAMETRIC_REPRESENTATION_CONTEXT() REPRESENTATION_CONTEXT('2D SPACE',''
  ) );
#8259 = ORIENTED_EDGE('',*,*,#8260,.T.);
#8260 = EDGE_CURVE('',#8240,#8017,#8261,.T.);
#8261 = SURFACE_CURVE('',#8262,(#8266,#8273),.PCURVE_S1.);
#8262 = LINE('',#8263,#8264);
#8263 = CARTESIAN_POINT('',(-12.5,-31.,17.3));
#8264 = VECTOR('',#8265,1.);
#8265 = DIRECTION('',(0.,0.,1.));
#8266 = PCURVE('',#6416,#8267);
#8267 = DEFINITIONAL_REPRESENTATION('',(#8268),#8272);
#8268 = LINE('',#8269,#8270);
#8269 = CARTESIAN_POINT('',(0.,-33.));
#8270 = VECTOR('',#8271,1.);
#8271 = DIRECTION('',(1.,0.));
#8272 = ( GEOMETRIC_REPRESENTATION_CONTEXT(2) 
PARAMETRIC_REPRESENTATION_CONTEXT() REPRESENTATION_CONTEXT('2D SPACE',''
  ) );
#8273 = PCURVE('',#8077,#8274);
#8274 = DEFINITIONAL_REPRESENTATION('',(#8275),#8279);
#8275 = LINE('',#8276,#8277);
#8276 = CARTESIAN_POINT('',(0.,0.));
#8277 = VECTOR('',#8278,1.);
#8278 = DIRECTION('',(1.,0.));
#8279 = ( GEOMETRIC_REPRESENTATION_CONTEXT(2) 
PARAMETRIC_REPRESENTATION_CONTEXT() REPRESENTATION_CONTEXT('2D SPACE',''
  ) );
#8280 = ADVANCED_FACE('',(#8281),#6444,.F.);
#8281 = FACE_BOUND('',#8282,.F.);
#8282 = EDGE_LOOP('',(#8283,#8284,#8285,#8286));
#8283 = ORIENTED_EDGE('',*,*,#8195,.F.);
#8284 = ORIENTED_EDGE('',*,*,#6428,.T.);
#8285 = ORIENTED_EDGE('',*,*,#8094,.T.);
#8286 = ORIENTED_EDGE('',*,*,#8287,.F.);
#8287 = EDGE_CURVE('',#8196,#8095,#8288,.T.);
#8288 = SURFACE_CURVE('',#8289,(#8294,#8301),.PCURVE_S1.);
#8289 = CIRCLE('',#8290,4.);
#8290 = AXIS2_PLACEMENT_3D('',#8291,#8292,#8293);
#8291 = CARTESIAN_POINT('',(-10.,-31.,17.3));
#8292 = DIRECTION('',(0.,0.,1.));
#8293 = DIRECTION('',(1.,0.,-0.));
#8294 = PCURVE('',#6444,#8295);
#8295 = DEFINITIONAL_REPRESENTATION('',(#8296),#8300);
#8296 = CIRCLE('',#8297,4.);
#8297 = AXIS2_PLACEMENT_2D('',#8298,#8299);
#8298 = CARTESIAN_POINT('',(2.5,33.));
#8299 = DIRECTION('',(1.,0.));
#8300 = ( GEOMETRIC_REPRESENTATION_CONTEXT(2) 
PARAMETRIC_REPRESENTATION_CONTEXT() REPRESENTATION_CONTEXT('2D SPACE',''
  ) );
#8301 = PCURVE('',#8132,#8302);
#8302 = DEFINITIONAL_REPRESENTATION('',(#8303),#8307);
#8303 = LINE('',#8304,#8305);
#8304 = CARTESIAN_POINT('',(0.,0.6));
#8305 = VECTOR('',#8306,1.);
#8306 = DIRECTION('',(1.,0.));
#8307 = ( GEOMETRIC_REPRESENTATION_CONTEXT(2) 
PARAMETRIC_REPRESENTATION_CONTEXT() REPRESENTATION_CONTEXT('2D SPACE',''
  ) );
#8308 = ADVANCED_FACE('',(#8309),#6502,.T.);
#8309 = FACE_BOUND('',#8310,.T.);
#8310 = EDGE_LOOP('',(#8311,#8341,#8362,#8363,#8384,#8385));
#8311 = ORIENTED_EDGE('',*,*,#8312,.F.);
#8312 = EDGE_CURVE('',#8313,#8315,#8317,.T.);
#8313 = VERTEX_POINT('',#8314);
#8314 = CARTESIAN_POINT('',(91.5,-31.,18.5));
#8315 = VERTEX_POINT('',#8316);
#8316 = CARTESIAN_POINT('',(96.5,-31.,18.5));
#8317 = SURFACE_CURVE('',#8318,(#8322,#8329),.PCURVE_S1.);
#8318 = LINE('',#8319,#8320);
#8319 = CARTESIAN_POINT('',(91.5,-31.,18.5));
#8320 = VECTOR('',#8321,1.);
#8321 = DIRECTION('',(1.,0.,-0.));
#8322 = PCURVE('',#6502,#8323);
#8323 = DEFINITIONAL_REPRESENTATION('',(#8324),#8328);
#8324 = LINE('',#8325,#8326);
#8325 = CARTESIAN_POINT('',(0.,33.));
#8326 = VECTOR('',#8327,1.);
#8327 = DIRECTION('',(1.,0.));
#8328 = ( GEOMETRIC_REPRESENTATION_CONTEXT(2) 
PARAMETRIC_REPRESENTATION_CONTEXT() REPRESENTATION_CONTEXT('2D SPACE',''
  ) );
#8329 = PCURVE('',#8330,#8335);
#8330 = PLANE('',#8331);
#8331 = AXIS2_PLACEMENT_3D('',#8332,#8333,#8334);
#8332 = CARTESIAN_POINT('',(91.5,-31.,17.3));
#8333 = DIRECTION('',(-0.,1.,0.));
#8334 = DIRECTION('',(0.,0.,1.));
#8335 = DEFINITIONAL_REPRESENTATION('',(#8336),#8340);
#8336 = LINE('',#8337,#8338);
#8337 = CARTESIAN_POINT('',(1.2,0.));
#8338 = VECTOR('',#8339,1.);
#8339 = DIRECTION('',(0.,1.));
#8340 = ( GEOMETRIC_REPRESENTATION_CONTEXT(2) 
PARAMETRIC_REPRESENTATION_CONTEXT() REPRESENTATION_CONTEXT('2D SPACE',''
  ) );
#8341 = ORIENTED_EDGE('',*,*,#8342,.F.);
#8342 = EDGE_CURVE('',#6485,#8313,#8343,.T.);
#8343 = SURFACE_CURVE('',#8344,(#8348,#8355),.PCURVE_S1.);
#8344 = LINE('',#8345,#8346);
#8345 = CARTESIAN_POINT('',(91.5,-64.,18.5));
#8346 = VECTOR('',#8347,1.);
#8347 = DIRECTION('',(-0.,1.,0.));
#8348 = PCURVE('',#6502,#8349);
#8349 = DEFINITIONAL_REPRESENTATION('',(#8350),#8354);
#8350 = LINE('',#8351,#8352);
#8351 = CARTESIAN_POINT('',(0.,0.));
#8352 = VECTOR('',#8353,1.);
#8353 = DIRECTION('',(0.,1.));
#8354 = ( GEOMETRIC_REPRESENTATION_CONTEXT(2) 
PARAMETRIC_REPRESENTATION_CONTEXT() REPRESENTATION_CONTEXT('2D SPACE',''
  ) );
#8355 = PCURVE('',#6530,#8356);
#8356 = DEFINITIONAL_REPRESENTATION('',(#8357),#8361);
#8357 = LINE('',#8358,#8359);
#8358 = CARTESIAN_POINT('',(1.2,0.));
#8359 = VECTOR('',#8360,1.);
#8360 = DIRECTION('',(0.,-1.));
#8361 = ( GEOMETRIC_REPRESENTATION_CONTEXT(2) 
PARAMETRIC_REPRESENTATION_CONTEXT() REPRESENTATION_CONTEXT('2D SPACE',''
  ) );
#8362 = ORIENTED_EDGE('',*,*,#6484,.T.);
#8363 = ORIENTED_EDGE('',*,*,#8364,.T.);
#8364 = EDGE_CURVE('',#6487,#7921,#8365,.T.);
#8365 = SURFACE_CURVE('',#8366,(#8370,#8377),.PCURVE_S1.);
#8366 = LINE('',#8367,#8368);
#8367 = CARTESIAN_POINT('',(96.5,-64.,18.5));
#8368 = VECTOR('',#8369,1.);
#8369 = DIRECTION('',(-0.,1.,0.));
#8370 = PCURVE('',#6502,#8371);
#8371 = DEFINITIONAL_REPRESENTATION('',(#8372),#8376);
#8372 = LINE('',#8373,#8374);
#8373 = CARTESIAN_POINT('',(5.,0.));
#8374 = VECTOR('',#8375,1.);
#8375 = DIRECTION('',(0.,1.));
#8376 = ( GEOMETRIC_REPRESENTATION_CONTEXT(2) 
PARAMETRIC_REPRESENTATION_CONTEXT() REPRESENTATION_CONTEXT('2D SPACE',''
  ) );
#8377 = PCURVE('',#6584,#8378);
#8378 = DEFINITIONAL_REPRESENTATION('',(#8379),#8383);
#8379 = LINE('',#8380,#8381);
#8380 = CARTESIAN_POINT('',(1.2,0.));
#8381 = VECTOR('',#8382,1.);
#8382 = DIRECTION('',(0.,-1.));
#8383 = ( GEOMETRIC_REPRESENTATION_CONTEXT(2) 
PARAMETRIC_REPRESENTATION_CONTEXT() REPRESENTATION_CONTEXT('2D SPACE',''
  ) );
#8384 = ORIENTED_EDGE('',*,*,#7991,.F.);
#8385 = ORIENTED_EDGE('',*,*,#8386,.T.);
#8386 = EDGE_CURVE('',#7966,#8315,#8387,.T.);
#8387 = SURFACE_CURVE('',#8388,(#8392,#8399),.PCURVE_S1.);
#8388 = LINE('',#8389,#8390);
#8389 = CARTESIAN_POINT('',(96.5,-64.,18.5));
#8390 = VECTOR('',#8391,1.);
#8391 = DIRECTION('',(-0.,1.,0.));
#8392 = PCURVE('',#6502,#8393);
#8393 = DEFINITIONAL_REPRESENTATION('',(#8394),#8398);
#8394 = LINE('',#8395,#8396);
#8395 = CARTESIAN_POINT('',(5.,0.));
#8396 = VECTOR('',#8397,1.);
#8397 = DIRECTION('',(0.,1.));
#8398 = ( GEOMETRIC_REPRESENTATION_CONTEXT(2) 
PARAMETRIC_REPRESENTATION_CONTEXT() REPRESENTATION_CONTEXT('2D SPACE',''
  ) );
#8399 = PCURVE('',#7980,#8400);
#8400 = DEFINITIONAL_REPRESENTATION('',(#8401),#8405);
#8401 = LINE('',#8402,#8403);
#8402 = CARTESIAN_POINT('',(1.2,0.));
#8403 = VECTOR('',#8404,1.);
#8404 = DIRECTION('',(0.,-1.));
#8405 = ( GEOMETRIC_REPRESENTATION_CONTEXT(2) 
PARAMETRIC_REPRESENTATION_CONTEXT() REPRESENTATION_CONTEXT('2D SPACE',''
  ) );
#8406 = ADVANCED_FACE('',(#8407),#6584,.T.);
#8407 = FACE_BOUND('',#8408,.T.);
#8408 = EDGE_LOOP('',(#8409,#8410,#8411,#8432));
#8409 = ORIENTED_EDGE('',*,*,#8364,.F.);
#8410 = ORIENTED_EDGE('',*,*,#6570,.F.);
#8411 = ORIENTED_EDGE('',*,*,#8412,.T.);
#8412 = EDGE_CURVE('',#6543,#7919,#8413,.T.);
#8413 = SURFACE_CURVE('',#8414,(#8418,#8425),.PCURVE_S1.);
#8414 = LINE('',#8415,#8416);
#8415 = CARTESIAN_POINT('',(96.5,-64.,17.3));
#8416 = VECTOR('',#8417,1.);
#8417 = DIRECTION('',(-0.,1.,0.));
#8418 = PCURVE('',#6584,#8419);
#8419 = DEFINITIONAL_REPRESENTATION('',(#8420),#8424);
#8420 = LINE('',#8421,#8422);
#8421 = CARTESIAN_POINT('',(0.,0.));
#8422 = VECTOR('',#8423,1.);
#8423 = DIRECTION('',(0.,-1.));
#8424 = ( GEOMETRIC_REPRESENTATION_CONTEXT(2) 
PARAMETRIC_REPRESENTATION_CONTEXT() REPRESENTATION_CONTEXT('2D SPACE',''
  ) );
#8425 = PCURVE('',#6558,#8426);
#8426 = DEFINITIONAL_REPRESENTATION('',(#8427),#8431);
#8427 = LINE('',#8428,#8429);
#8428 = CARTESIAN_POINT('',(5.,0.));
#8429 = VECTOR('',#8430,1.);
#8430 = DIRECTION('',(0.,1.));
#8431 = ( GEOMETRIC_REPRESENTATION_CONTEXT(2) 
PARAMETRIC_REPRESENTATION_CONTEXT() REPRESENTATION_CONTEXT('2D SPACE',''
  ) );
#8432 = ORIENTED_EDGE('',*,*,#7918,.T.);
#8433 = ADVANCED_FACE('',(#8434),#6558,.F.);
#8434 = FACE_BOUND('',#8435,.F.);
#8435 = EDGE_LOOP('',(#8436,#8459,#8460,#8461,#8462,#8485));
#8436 = ORIENTED_EDGE('',*,*,#8437,.F.);
#8437 = EDGE_CURVE('',#6515,#8438,#8440,.T.);
#8438 = VERTEX_POINT('',#8439);
#8439 = CARTESIAN_POINT('',(91.5,-34.12249899919,17.3));
#8440 = SURFACE_CURVE('',#8441,(#8445,#8452),.PCURVE_S1.);
#8441 = LINE('',#8442,#8443);
#8442 = CARTESIAN_POINT('',(91.5,-64.,17.3));
#8443 = VECTOR('',#8444,1.);
#8444 = DIRECTION('',(-0.,1.,0.));
#8445 = PCURVE('',#6558,#8446);
#8446 = DEFINITIONAL_REPRESENTATION('',(#8447),#8451);
#8447 = LINE('',#8448,#8449);
#8448 = CARTESIAN_POINT('',(0.,0.));
#8449 = VECTOR('',#8450,1.);
#8450 = DIRECTION('',(0.,1.));
#8451 = ( GEOMETRIC_REPRESENTATION_CONTEXT(2) 
PARAMETRIC_REPRESENTATION_CONTEXT() REPRESENTATION_CONTEXT('2D SPACE',''
  ) );
#8452 = PCURVE('',#6530,#8453);
#8453 = DEFINITIONAL_REPRESENTATION('',(#8454),#8458);
#8454 = LINE('',#8455,#8456);
#8455 = CARTESIAN_POINT('',(0.,0.));
#8456 = VECTOR('',#8457,1.);
#8457 = DIRECTION('',(0.,-1.));
#8458 = ( GEOMETRIC_REPRESENTATION_CONTEXT(2) 
PARAMETRIC_REPRESENTATION_CONTEXT() REPRESENTATION_CONTEXT('2D SPACE',''
  ) );
#8459 = ORIENTED_EDGE('',*,*,#6542,.T.);
#8460 = ORIENTED_EDGE('',*,*,#8412,.T.);
#8461 = ORIENTED_EDGE('',*,*,#7941,.F.);
#8462 = ORIENTED_EDGE('',*,*,#8463,.T.);
#8463 = EDGE_CURVE('',#7942,#8464,#8466,.T.);
#8464 = VERTEX_POINT('',#8465);
#8465 = CARTESIAN_POINT('',(96.5,-34.12249899919,17.3));
#8466 = SURFACE_CURVE('',#8467,(#8471,#8478),.PCURVE_S1.);
#8467 = LINE('',#8468,#8469);
#8468 = CARTESIAN_POINT('',(96.5,-64.,17.3));
#8469 = VECTOR('',#8470,1.);
#8470 = DIRECTION('',(-0.,1.,0.));
#8471 = PCURVE('',#6558,#8472);
#8472 = DEFINITIONAL_REPRESENTATION('',(#8473),#8477);
#8473 = LINE('',#8474,#8475);
#8474 = CARTESIAN_POINT('',(5.,0.));
#8475 = VECTOR('',#8476,1.);
#8476 = DIRECTION('',(0.,1.));
#8477 = ( GEOMETRIC_REPRESENTATION_CONTEXT(2) 
PARAMETRIC_REPRESENTATION_CONTEXT() REPRESENTATION_CONTEXT('2D SPACE',''
  ) );
#8478 = PCURVE('',#7980,#8479);
#8479 = DEFINITIONAL_REPRESENTATION('',(#8480),#8484);
#8480 = LINE('',#8481,#8482);
#8481 = CARTESIAN_POINT('',(0.,0.));
#8482 = VECTOR('',#8483,1.);
#8483 = DIRECTION('',(0.,-1.));
#8484 = ( GEOMETRIC_REPRESENTATION_CONTEXT(2) 
PARAMETRIC_REPRESENTATION_CONTEXT() REPRESENTATION_CONTEXT('2D SPACE',''
  ) );
#8485 = ORIENTED_EDGE('',*,*,#8486,.F.);
#8486 = EDGE_CURVE('',#8438,#8464,#8487,.T.);
#8487 = SURFACE_CURVE('',#8488,(#8493,#8500),.PCURVE_S1.);
#8488 = CIRCLE('',#8489,4.);
#8489 = AXIS2_PLACEMENT_3D('',#8490,#8491,#8492);
#8490 = CARTESIAN_POINT('',(94.,-31.,17.3));
#8491 = DIRECTION('',(0.,0.,1.));
#8492 = DIRECTION('',(1.,0.,-0.));
#8493 = PCURVE('',#6558,#8494);
#8494 = DEFINITIONAL_REPRESENTATION('',(#8495),#8499);
#8495 = CIRCLE('',#8496,4.);
#8496 = AXIS2_PLACEMENT_2D('',#8497,#8498);
#8497 = CARTESIAN_POINT('',(2.5,33.));
#8498 = DIRECTION('',(1.,0.));
#8499 = ( GEOMETRIC_REPRESENTATION_CONTEXT(2) 
PARAMETRIC_REPRESENTATION_CONTEXT() REPRESENTATION_CONTEXT('2D SPACE',''
  ) );
#8500 = PCURVE('',#8501,#8506);
#8501 = CYLINDRICAL_SURFACE('',#8502,4.);
#8502 = AXIS2_PLACEMENT_3D('',#8503,#8504,#8505);
#8503 = CARTESIAN_POINT('',(94.,-31.,16.7));
#8504 = DIRECTION('',(0.,0.,1.));
#8505 = DIRECTION('',(1.,0.,-0.));
#8506 = DEFINITIONAL_REPRESENTATION('',(#8507),#8511);
#8507 = LINE('',#8508,#8509);
#8508 = CARTESIAN_POINT('',(0.,0.6));
#8509 = VECTOR('',#8510,1.);
#8510 = DIRECTION('',(1.,0.));
#8511 = ( GEOMETRIC_REPRESENTATION_CONTEXT(2) 
PARAMETRIC_REPRESENTATION_CONTEXT() REPRESENTATION_CONTEXT('2D SPACE',''
  ) );
#8512 = ADVANCED_FACE('',(#8513),#6530,.F.);
#8513 = FACE_BOUND('',#8514,.F.);
#8514 = EDGE_LOOP('',(#8515,#8516,#8517,#8518,#8539,#8565));
#8515 = ORIENTED_EDGE('',*,*,#8342,.F.);
#8516 = ORIENTED_EDGE('',*,*,#6514,.F.);
#8517 = ORIENTED_EDGE('',*,*,#8437,.T.);
#8518 = ORIENTED_EDGE('',*,*,#8519,.T.);
#8519 = EDGE_CURVE('',#8438,#8520,#8522,.T.);
#8520 = VERTEX_POINT('',#8521);
#8521 = CARTESIAN_POINT('',(91.5,-34.12249899919,17.9));
#8522 = SURFACE_CURVE('',#8523,(#8527,#8533),.PCURVE_S1.);
#8523 = LINE('',#8524,#8525);
#8524 = CARTESIAN_POINT('',(91.5,-34.12249899919,16.7));
#8525 = VECTOR('',#8526,1.);
#8526 = DIRECTION('',(0.,0.,1.));
#8527 = PCURVE('',#6530,#8528);
#8528 = DEFINITIONAL_REPRESENTATION('',(#8529),#8532);
#8529 = B_SPLINE_CURVE_WITH_KNOTS('',1,(#8530,#8531),.UNSPECIFIED.,.F.,
  .F.,(2,2),(0.48,1.2000024),.PIECEWISE_BEZIER_KNOTS.);
#8530 = CARTESIAN_POINT('',(-0.12,-29.8775010008));
#8531 = CARTESIAN_POINT('',(0.6000024,-29.8775010008));
#8532 = ( GEOMETRIC_REPRESENTATION_CONTEXT(2) 
PARAMETRIC_REPRESENTATION_CONTEXT() REPRESENTATION_CONTEXT('2D SPACE',''
  ) );
#8533 = PCURVE('',#8501,#8534);
#8534 = DEFINITIONAL_REPRESENTATION('',(#8535),#8538);
#8535 = B_SPLINE_CURVE_WITH_KNOTS('',1,(#8536,#8537),.UNSPECIFIED.,.F.,
  .F.,(2,2),(0.48,1.2000024),.PIECEWISE_BEZIER_KNOTS.);
#8536 = CARTESIAN_POINT('',(4.037257447448,0.48));
#8537 = CARTESIAN_POINT('',(4.037257447448,1.2000024));
#8538 = ( GEOMETRIC_REPRESENTATION_CONTEXT(2) 
PARAMETRIC_REPRESENTATION_CONTEXT() REPRESENTATION_CONTEXT('2D SPACE',''
  ) );
#8539 = ORIENTED_EDGE('',*,*,#8540,.T.);
#8540 = EDGE_CURVE('',#8520,#8541,#8543,.T.);
#8541 = VERTEX_POINT('',#8542);
#8542 = CARTESIAN_POINT('',(91.5,-31.,17.9));
#8543 = SURFACE_CURVE('',#8544,(#8548,#8554),.PCURVE_S1.);
#8544 = LINE('',#8545,#8546);
#8545 = CARTESIAN_POINT('',(91.5,-47.5,17.9));
#8546 = VECTOR('',#8547,1.);
#8547 = DIRECTION('',(-0.,1.,0.));
#8548 = PCURVE('',#6530,#8549);
#8549 = DEFINITIONAL_REPRESENTATION('',(#8550),#8553);
#8550 = B_SPLINE_CURVE_WITH_KNOTS('',1,(#8551,#8552),.UNSPECIFIED.,.F.,
  .F.,(2,2),(12.5,16.5),.PIECEWISE_BEZIER_KNOTS.);
#8551 = CARTESIAN_POINT('',(0.6,-29.));
#8552 = CARTESIAN_POINT('',(0.6,-33.));
#8553 = ( GEOMETRIC_REPRESENTATION_CONTEXT(2) 
PARAMETRIC_REPRESENTATION_CONTEXT() REPRESENTATION_CONTEXT('2D SPACE',''
  ) );
#8554 = PCURVE('',#8555,#8560);
#8555 = PLANE('',#8556);
#8556 = AXIS2_PLACEMENT_3D('',#8557,#8558,#8559);
#8557 = CARTESIAN_POINT('',(94.,-31.,17.9));
#8558 = DIRECTION('',(0.,0.,1.));
#8559 = DIRECTION('',(1.,0.,-0.));
#8560 = DEFINITIONAL_REPRESENTATION('',(#8561),#8564);
#8561 = B_SPLINE_CURVE_WITH_KNOTS('',1,(#8562,#8563),.UNSPECIFIED.,.F.,
  .F.,(2,2),(12.5,16.5),.PIECEWISE_BEZIER_KNOTS.);
#8562 = CARTESIAN_POINT('',(-2.5,-4.));
#8563 = CARTESIAN_POINT('',(-2.5,0.));
#8564 = ( GEOMETRIC_REPRESENTATION_CONTEXT(2) 
PARAMETRIC_REPRESENTATION_CONTEXT() REPRESENTATION_CONTEXT('2D SPACE',''
  ) );
#8565 = ORIENTED_EDGE('',*,*,#8566,.T.);
#8566 = EDGE_CURVE('',#8541,#8313,#8567,.T.);
#8567 = SURFACE_CURVE('',#8568,(#8572,#8579),.PCURVE_S1.);
#8568 = LINE('',#8569,#8570);
#8569 = CARTESIAN_POINT('',(91.5,-31.,17.3));
#8570 = VECTOR('',#8571,1.);
#8571 = DIRECTION('',(0.,0.,1.));
#8572 = PCURVE('',#6530,#8573);
#8573 = DEFINITIONAL_REPRESENTATION('',(#8574),#8578);
#8574 = LINE('',#8575,#8576);
#8575 = CARTESIAN_POINT('',(0.,-33.));
#8576 = VECTOR('',#8577,1.);
#8577 = DIRECTION('',(1.,0.));
#8578 = ( GEOMETRIC_REPRESENTATION_CONTEXT(2) 
PARAMETRIC_REPRESENTATION_CONTEXT() REPRESENTATION_CONTEXT('2D SPACE',''
  ) );
#8579 = PCURVE('',#8330,#8580);
#8580 = DEFINITIONAL_REPRESENTATION('',(#8581),#8585);
#8581 = LINE('',#8582,#8583);
#8582 = CARTESIAN_POINT('',(0.,0.));
#8583 = VECTOR('',#8584,1.);
#8584 = DIRECTION('',(1.,0.));
#8585 = ( GEOMETRIC_REPRESENTATION_CONTEXT(2) 
PARAMETRIC_REPRESENTATION_CONTEXT() REPRESENTATION_CONTEXT('2D SPACE',''
  ) );
#8586 = ADVANCED_FACE('',(#8587,#8591),#6639,.F.);
#8587 = FACE_BOUND('',#8588,.F.);
#8588 = EDGE_LOOP('',(#8589,#8590));
#8589 = ORIENTED_EDGE('',*,*,#7893,.T.);
#8590 = ORIENTED_EDGE('',*,*,#6624,.T.);
#8591 = FACE_BOUND('',#8592,.F.);
#8592 = EDGE_LOOP('',(#8593));
#8593 = ORIENTED_EDGE('',*,*,#8594,.F.);
#8594 = EDGE_CURVE('',#8595,#8595,#8597,.T.);
#8595 = VERTEX_POINT('',#8596);
#8596 = CARTESIAN_POINT('',(100.35,-59.,15.));
#8597 = SURFACE_CURVE('',#8598,(#8603,#8610),.PCURVE_S1.);
#8598 = CIRCLE('',#8599,2.35);
#8599 = AXIS2_PLACEMENT_3D('',#8600,#8601,#8602);
#8600 = CARTESIAN_POINT('',(98.,-59.,15.));
#8601 = DIRECTION('',(0.,0.,1.));
#8602 = DIRECTION('',(1.,0.,-0.));
#8603 = PCURVE('',#6639,#8604);
#8604 = DEFINITIONAL_REPRESENTATION('',(#8605),#8609);
#8605 = CIRCLE('',#8606,2.35);
#8606 = AXIS2_PLACEMENT_2D('',#8607,#8608);
#8607 = CARTESIAN_POINT('',(0.,0.));
#8608 = DIRECTION('',(1.,0.));
#8609 = ( GEOMETRIC_REPRESENTATION_CONTEXT(2) 
PARAMETRIC_REPRESENTATION_CONTEXT() REPRESENTATION_CONTEXT('2D SPACE',''
  ) );
#8610 = PCURVE('',#8611,#8616);
#8611 = CYLINDRICAL_SURFACE('',#8612,2.35);
#8612 = AXIS2_PLACEMENT_3D('',#8613,#8614,#8615);
#8613 = CARTESIAN_POINT('',(98.,-59.,13.));
#8614 = DIRECTION('',(0.,0.,1.));
#8615 = DIRECTION('',(1.,0.,-0.));
#8616 = DEFINITIONAL_REPRESENTATION('',(#8617),#8621);
#8617 = LINE('',#8618,#8619);
#8618 = CARTESIAN_POINT('',(0.,2.));
#8619 = VECTOR('',#8620,1.);
#8620 = DIRECTION('',(1.,0.));
#8621 = ( GEOMETRIC_REPRESENTATION_CONTEXT(2) 
PARAMETRIC_REPRESENTATION_CONTEXT() REPRESENTATION_CONTEXT('2D SPACE',''
  ) );
#8622 = ADVANCED_FACE('',(#8623,#8671),#6740,.T.);
#8623 = FACE_BOUND('',#8624,.T.);
#8624 = EDGE_LOOP('',(#8625,#8626,#8648,#8649));
#8625 = ORIENTED_EDGE('',*,*,#6724,.T.);
#8626 = ORIENTED_EDGE('',*,*,#8627,.F.);
#8627 = EDGE_CURVE('',#7072,#6702,#8628,.T.);
#8628 = SURFACE_CURVE('',#8629,(#8634,#8641),.PCURVE_S1.);
#8629 = CIRCLE('',#8630,5.);
#8630 = AXIS2_PLACEMENT_3D('',#8631,#8632,#8633);
#8631 = CARTESIAN_POINT('',(98.,59.,23.));
#8632 = DIRECTION('',(0.,0.,1.));
#8633 = DIRECTION('',(1.,0.,-0.));
#8634 = PCURVE('',#6740,#8635);
#8635 = DEFINITIONAL_REPRESENTATION('',(#8636),#8640);
#8636 = LINE('',#8637,#8638);
#8637 = CARTESIAN_POINT('',(0.,8.));
#8638 = VECTOR('',#8639,1.);
#8639 = DIRECTION('',(1.,0.));
#8640 = ( GEOMETRIC_REPRESENTATION_CONTEXT(2) 
PARAMETRIC_REPRESENTATION_CONTEXT() REPRESENTATION_CONTEXT('2D SPACE',''
  ) );
#8641 = PCURVE('',#7462,#8642);
#8642 = DEFINITIONAL_REPRESENTATION('',(#8643),#8647);
#8643 = CIRCLE('',#8644,5.);
#8644 = AXIS2_PLACEMENT_2D('',#8645,#8646);
#8645 = CARTESIAN_POINT('',(0.,0.));
#8646 = DIRECTION('',(1.,0.));
#8647 = ( GEOMETRIC_REPRESENTATION_CONTEXT(2) 
PARAMETRIC_REPRESENTATION_CONTEXT() REPRESENTATION_CONTEXT('2D SPACE',''
  ) );
#8648 = ORIENTED_EDGE('',*,*,#7094,.F.);
#8649 = ORIENTED_EDGE('',*,*,#8650,.T.);
#8650 = EDGE_CURVE('',#6949,#6725,#8651,.T.);
#8651 = SURFACE_CURVE('',#8652,(#8657,#8664),.PCURVE_S1.);
#8652 = CIRCLE('',#8653,5.);
#8653 = AXIS2_PLACEMENT_3D('',#8654,#8655,#8656);
#8654 = CARTESIAN_POINT('',(98.,59.,15.));
#8655 = DIRECTION('',(0.,0.,1.));
#8656 = DIRECTION('',(1.,0.,-0.));
#8657 = PCURVE('',#6740,#8658);
#8658 = DEFINITIONAL_REPRESENTATION('',(#8659),#8663);
#8659 = LINE('',#8660,#8661);
#8660 = CARTESIAN_POINT('',(0.,0.));
#8661 = VECTOR('',#8662,1.);
#8662 = DIRECTION('',(1.,0.));
#8663 = ( GEOMETRIC_REPRESENTATION_CONTEXT(2) 
PARAMETRIC_REPRESENTATION_CONTEXT() REPRESENTATION_CONTEXT('2D SPACE',''
  ) );
#8664 = PCURVE('',#6988,#8665);
#8665 = DEFINITIONAL_REPRESENTATION('',(#8666),#8670);
#8666 = CIRCLE('',#8667,5.);
#8667 = AXIS2_PLACEMENT_2D('',#8668,#8669);
#8668 = CARTESIAN_POINT('',(0.,0.));
#8669 = DIRECTION('',(1.,0.));
#8670 = ( GEOMETRIC_REPRESENTATION_CONTEXT(2) 
PARAMETRIC_REPRESENTATION_CONTEXT() REPRESENTATION_CONTEXT('2D SPACE',''
  ) );
#8671 = FACE_BOUND('',#8672,.T.);
#8672 = EDGE_LOOP('',(#8673,#8701,#8725,#8746));
#8673 = ORIENTED_EDGE('',*,*,#8674,.F.);
#8674 = EDGE_CURVE('',#8675,#8677,#8679,.T.);
#8675 = VERTEX_POINT('',#8676);
#8676 = CARTESIAN_POINT('',(96.5,54.230303992915,17.3));
#8677 = VERTEX_POINT('',#8678);
#8678 = CARTESIAN_POINT('',(96.5,54.230303992915,18.5));
#8679 = SURFACE_CURVE('',#8680,(#8684,#8690),.PCURVE_S1.);
#8680 = LINE('',#8681,#8682);
#8681 = CARTESIAN_POINT('',(96.5,54.230303992915,15.));
#8682 = VECTOR('',#8683,1.);
#8683 = DIRECTION('',(0.,0.,1.));
#8684 = PCURVE('',#6740,#8685);
#8685 = DEFINITIONAL_REPRESENTATION('',(#8686),#8689);
#8686 = B_SPLINE_CURVE_WITH_KNOTS('',1,(#8687,#8688),.UNSPECIFIED.,.F.,
  .F.,(2,2),(2.18,3.62),.PIECEWISE_BEZIER_KNOTS.);
#8687 = CARTESIAN_POINT('',(4.407696326369,2.18));
#8688 = CARTESIAN_POINT('',(4.407696326369,3.62));
#8689 = ( GEOMETRIC_REPRESENTATION_CONTEXT(2) 
PARAMETRIC_REPRESENTATION_CONTEXT() REPRESENTATION_CONTEXT('2D SPACE',''
  ) );
#8690 = PCURVE('',#8691,#8696);
#8691 = PLANE('',#8692);
#8692 = AXIS2_PLACEMENT_3D('',#8693,#8694,#8695);
#8693 = CARTESIAN_POINT('',(96.5,31.,17.3));
#8694 = DIRECTION('',(1.,0.,-0.));
#8695 = DIRECTION('',(0.,0.,1.));
#8696 = DEFINITIONAL_REPRESENTATION('',(#8697),#8700);
#8697 = B_SPLINE_CURVE_WITH_KNOTS('',1,(#8698,#8699),.UNSPECIFIED.,.F.,
  .F.,(2,2),(2.18,3.62),.PIECEWISE_BEZIER_KNOTS.);
#8698 = CARTESIAN_POINT('',(-0.12,-23.23030399291));
#8699 = CARTESIAN_POINT('',(1.32,-23.23030399291));
#8700 = ( GEOMETRIC_REPRESENTATION_CONTEXT(2) 
PARAMETRIC_REPRESENTATION_CONTEXT() REPRESENTATION_CONTEXT('2D SPACE',''
  ) );
#8701 = ORIENTED_EDGE('',*,*,#8702,.F.);
#8702 = EDGE_CURVE('',#8703,#8675,#8705,.T.);
#8703 = VERTEX_POINT('',#8704);
#8704 = CARTESIAN_POINT('',(96.5,63.769696007085,17.3));
#8705 = SURFACE_CURVE('',#8706,(#8711,#8718),.PCURVE_S1.);
#8706 = CIRCLE('',#8707,5.);
#8707 = AXIS2_PLACEMENT_3D('',#8708,#8709,#8710);
#8708 = CARTESIAN_POINT('',(98.,59.,17.3));
#8709 = DIRECTION('',(0.,0.,1.));
#8710 = DIRECTION('',(1.,0.,-0.));
#8711 = PCURVE('',#6740,#8712);
#8712 = DEFINITIONAL_REPRESENTATION('',(#8713),#8717);
#8713 = LINE('',#8714,#8715);
#8714 = CARTESIAN_POINT('',(0.,2.3));
#8715 = VECTOR('',#8716,1.);
#8716 = DIRECTION('',(1.,0.));
#8717 = ( GEOMETRIC_REPRESENTATION_CONTEXT(2) 
PARAMETRIC_REPRESENTATION_CONTEXT() REPRESENTATION_CONTEXT('2D SPACE',''
  ) );
#8718 = PCURVE('',#7306,#8719);
#8719 = DEFINITIONAL_REPRESENTATION('',(#8720),#8724);
#8720 = CIRCLE('',#8721,5.);
#8721 = AXIS2_PLACEMENT_2D('',#8722,#8723);
#8722 = CARTESIAN_POINT('',(6.5,28.));
#8723 = DIRECTION('',(1.,0.));
#8724 = ( GEOMETRIC_REPRESENTATION_CONTEXT(2) 
PARAMETRIC_REPRESENTATION_CONTEXT() REPRESENTATION_CONTEXT('2D SPACE',''
  ) );
#8725 = ORIENTED_EDGE('',*,*,#8726,.T.);
#8726 = EDGE_CURVE('',#8703,#8727,#8729,.T.);
#8727 = VERTEX_POINT('',#8728);
#8728 = CARTESIAN_POINT('',(96.5,63.769696007085,18.5));
#8729 = SURFACE_CURVE('',#8730,(#8734,#8740),.PCURVE_S1.);
#8730 = LINE('',#8731,#8732);
#8731 = CARTESIAN_POINT('',(96.5,63.769696007085,15.));
#8732 = VECTOR('',#8733,1.);
#8733 = DIRECTION('',(0.,0.,1.));
#8734 = PCURVE('',#6740,#8735);
#8735 = DEFINITIONAL_REPRESENTATION('',(#8736),#8739);
#8736 = B_SPLINE_CURVE_WITH_KNOTS('',1,(#8737,#8738),.UNSPECIFIED.,.F.,
  .F.,(2,2),(2.18,3.62),.PIECEWISE_BEZIER_KNOTS.);
#8737 = CARTESIAN_POINT('',(1.87548898081,2.18));
#8738 = CARTESIAN_POINT('',(1.87548898081,3.62));
#8739 = ( GEOMETRIC_REPRESENTATION_CONTEXT(2) 
PARAMETRIC_REPRESENTATION_CONTEXT() REPRESENTATION_CONTEXT('2D SPACE',''
  ) );
#8740 = PCURVE('',#7332,#8741);
#8741 = DEFINITIONAL_REPRESENTATION('',(#8742),#8745);
#8742 = B_SPLINE_CURVE_WITH_KNOTS('',1,(#8743,#8744),.UNSPECIFIED.,.F.,
  .F.,(2,2),(2.18,3.62),.PIECEWISE_BEZIER_KNOTS.);
#8743 = CARTESIAN_POINT('',(-0.12,-32.76969600708));
#8744 = CARTESIAN_POINT('',(1.32,-32.76969600708));
#8745 = ( GEOMETRIC_REPRESENTATION_CONTEXT(2) 
PARAMETRIC_REPRESENTATION_CONTEXT() REPRESENTATION_CONTEXT('2D SPACE',''
  ) );
#8746 = ORIENTED_EDGE('',*,*,#8747,.T.);
#8747 = EDGE_CURVE('',#8727,#8677,#8748,.T.);
#8748 = SURFACE_CURVE('',#8749,(#8754,#8761),.PCURVE_S1.);
#8749 = CIRCLE('',#8750,5.);
#8750 = AXIS2_PLACEMENT_3D('',#8751,#8752,#8753);
#8751 = CARTESIAN_POINT('',(98.,59.,18.5));
#8752 = DIRECTION('',(0.,0.,1.));
#8753 = DIRECTION('',(1.,0.,-0.));
#8754 = PCURVE('',#6740,#8755);
#8755 = DEFINITIONAL_REPRESENTATION('',(#8756),#8760);
#8756 = LINE('',#8757,#8758);
#8757 = CARTESIAN_POINT('',(0.,3.5));
#8758 = VECTOR('',#8759,1.);
#8759 = DIRECTION('',(1.,0.));
#8760 = ( GEOMETRIC_REPRESENTATION_CONTEXT(2) 
PARAMETRIC_REPRESENTATION_CONTEXT() REPRESENTATION_CONTEXT('2D SPACE',''
  ) );
#8761 = PCURVE('',#7250,#8762);
#8762 = DEFINITIONAL_REPRESENTATION('',(#8763),#8767);
#8763 = CIRCLE('',#8764,5.);
#8764 = AXIS2_PLACEMENT_2D('',#8765,#8766);
#8765 = CARTESIAN_POINT('',(6.5,28.));
#8766 = DIRECTION('',(1.,0.));
#8767 = ( GEOMETRIC_REPRESENTATION_CONTEXT(2) 
PARAMETRIC_REPRESENTATION_CONTEXT() REPRESENTATION_CONTEXT('2D SPACE',''
  ) );
#8768 = ADVANCED_FACE('',(#8769,#8773),#6988,.F.);
#8769 = FACE_BOUND('',#8770,.F.);
#8770 = EDGE_LOOP('',(#8771,#8772));
#8771 = ORIENTED_EDGE('',*,*,#6973,.T.);
#8772 = ORIENTED_EDGE('',*,*,#8650,.T.);
#8773 = FACE_BOUND('',#8774,.F.);
#8774 = EDGE_LOOP('',(#8775));
#8775 = ORIENTED_EDGE('',*,*,#8776,.F.);
#8776 = EDGE_CURVE('',#8777,#8777,#8779,.T.);
#8777 = VERTEX_POINT('',#8778);
#8778 = CARTESIAN_POINT('',(100.35,59.,15.));
#8779 = SURFACE_CURVE('',#8780,(#8785,#8792),.PCURVE_S1.);
#8780 = CIRCLE('',#8781,2.35);
#8781 = AXIS2_PLACEMENT_3D('',#8782,#8783,#8784);
#8782 = CARTESIAN_POINT('',(98.,59.,15.));
#8783 = DIRECTION('',(0.,0.,1.));
#8784 = DIRECTION('',(1.,0.,-0.));
#8785 = PCURVE('',#6988,#8786);
#8786 = DEFINITIONAL_REPRESENTATION('',(#8787),#8791);
#8787 = CIRCLE('',#8788,2.35);
#8788 = AXIS2_PLACEMENT_2D('',#8789,#8790);
#8789 = CARTESIAN_POINT('',(0.,0.));
#8790 = DIRECTION('',(1.,0.));
#8791 = ( GEOMETRIC_REPRESENTATION_CONTEXT(2) 
PARAMETRIC_REPRESENTATION_CONTEXT() REPRESENTATION_CONTEXT('2D SPACE',''
  ) );
#8792 = PCURVE('',#8793,#8798);
#8793 = CYLINDRICAL_SURFACE('',#8794,2.35);
#8794 = AXIS2_PLACEMENT_3D('',#8795,#8796,#8797);
#8795 = CARTESIAN_POINT('',(98.,59.,13.));
#8796 = DIRECTION('',(0.,0.,1.));
#8797 = DIRECTION('',(1.,0.,-0.));
#8798 = DEFINITIONAL_REPRESENTATION('',(#8799),#8803);
#8799 = LINE('',#8800,#8801);
#8800 = CARTESIAN_POINT('',(0.,2.));
#8801 = VECTOR('',#8802,1.);
#8802 = DIRECTION('',(1.,0.));
#8803 = ( GEOMETRIC_REPRESENTATION_CONTEXT(2) 
PARAMETRIC_REPRESENTATION_CONTEXT() REPRESENTATION_CONTEXT('2D SPACE',''
  ) );
#8804 = ADVANCED_FACE('',(#8805),#7136,.T.);
#8805 = FACE_BOUND('',#8806,.T.);
#8806 = EDGE_LOOP('',(#8807,#8830,#8858,#8879));
#8807 = ORIENTED_EDGE('',*,*,#8808,.F.);
#8808 = EDGE_CURVE('',#8809,#7119,#8811,.T.);
#8809 = VERTEX_POINT('',#8810);
#8810 = CARTESIAN_POINT('',(-12.5,31.,18.5));
#8811 = SURFACE_CURVE('',#8812,(#8816,#8823),.PCURVE_S1.);
#8812 = LINE('',#8813,#8814);
#8813 = CARTESIAN_POINT('',(-12.5,31.,18.5));
#8814 = VECTOR('',#8815,1.);
#8815 = DIRECTION('',(-0.,1.,0.));
#8816 = PCURVE('',#7136,#8817);
#8817 = DEFINITIONAL_REPRESENTATION('',(#8818),#8822);
#8818 = LINE('',#8819,#8820);
#8819 = CARTESIAN_POINT('',(0.,0.));
#8820 = VECTOR('',#8821,1.);
#8821 = DIRECTION('',(0.,1.));
#8822 = ( GEOMETRIC_REPRESENTATION_CONTEXT(2) 
PARAMETRIC_REPRESENTATION_CONTEXT() REPRESENTATION_CONTEXT('2D SPACE',''
  ) );
#8823 = PCURVE('',#7164,#8824);
#8824 = DEFINITIONAL_REPRESENTATION('',(#8825),#8829);
#8825 = LINE('',#8826,#8827);
#8826 = CARTESIAN_POINT('',(1.2,0.));
#8827 = VECTOR('',#8828,1.);
#8828 = DIRECTION('',(0.,-1.));
#8829 = ( GEOMETRIC_REPRESENTATION_CONTEXT(2) 
PARAMETRIC_REPRESENTATION_CONTEXT() REPRESENTATION_CONTEXT('2D SPACE',''
  ) );
#8830 = ORIENTED_EDGE('',*,*,#8831,.T.);
#8831 = EDGE_CURVE('',#8809,#8832,#8834,.T.);
#8832 = VERTEX_POINT('',#8833);
#8833 = CARTESIAN_POINT('',(-7.5,31.,18.5));
#8834 = SURFACE_CURVE('',#8835,(#8839,#8846),.PCURVE_S1.);
#8835 = LINE('',#8836,#8837);
#8836 = CARTESIAN_POINT('',(-12.5,31.,18.5));
#8837 = VECTOR('',#8838,1.);
#8838 = DIRECTION('',(1.,0.,-0.));
#8839 = PCURVE('',#7136,#8840);
#8840 = DEFINITIONAL_REPRESENTATION('',(#8841),#8845);
#8841 = LINE('',#8842,#8843);
#8842 = CARTESIAN_POINT('',(0.,0.));
#8843 = VECTOR('',#8844,1.);
#8844 = DIRECTION('',(1.,0.));
#8845 = ( GEOMETRIC_REPRESENTATION_CONTEXT(2) 
PARAMETRIC_REPRESENTATION_CONTEXT() REPRESENTATION_CONTEXT('2D SPACE',''
  ) );
#8846 = PCURVE('',#8847,#8852);
#8847 = PLANE('',#8848);
#8848 = AXIS2_PLACEMENT_3D('',#8849,#8850,#8851);
#8849 = CARTESIAN_POINT('',(-12.5,31.,17.3));
#8850 = DIRECTION('',(-0.,1.,0.));
#8851 = DIRECTION('',(0.,0.,1.));
#8852 = DEFINITIONAL_REPRESENTATION('',(#8853),#8857);
#8853 = LINE('',#8854,#8855);
#8854 = CARTESIAN_POINT('',(1.2,0.));
#8855 = VECTOR('',#8856,1.);
#8856 = DIRECTION('',(0.,1.));
#8857 = ( GEOMETRIC_REPRESENTATION_CONTEXT(2) 
PARAMETRIC_REPRESENTATION_CONTEXT() REPRESENTATION_CONTEXT('2D SPACE',''
  ) );
#8858 = ORIENTED_EDGE('',*,*,#8859,.T.);
#8859 = EDGE_CURVE('',#8832,#7121,#8860,.T.);
#8860 = SURFACE_CURVE('',#8861,(#8865,#8872),.PCURVE_S1.);
#8861 = LINE('',#8862,#8863);
#8862 = CARTESIAN_POINT('',(-7.5,31.,18.5));
#8863 = VECTOR('',#8864,1.);
#8864 = DIRECTION('',(-0.,1.,0.));
#8865 = PCURVE('',#7136,#8866);
#8866 = DEFINITIONAL_REPRESENTATION('',(#8867),#8871);
#8867 = LINE('',#8868,#8869);
#8868 = CARTESIAN_POINT('',(5.,0.));
#8869 = VECTOR('',#8870,1.);
#8870 = DIRECTION('',(0.,1.));
#8871 = ( GEOMETRIC_REPRESENTATION_CONTEXT(2) 
PARAMETRIC_REPRESENTATION_CONTEXT() REPRESENTATION_CONTEXT('2D SPACE',''
  ) );
#8872 = PCURVE('',#7218,#8873);
#8873 = DEFINITIONAL_REPRESENTATION('',(#8874),#8878);
#8874 = LINE('',#8875,#8876);
#8875 = CARTESIAN_POINT('',(1.2,0.));
#8876 = VECTOR('',#8877,1.);
#8877 = DIRECTION('',(0.,-1.));
#8878 = ( GEOMETRIC_REPRESENTATION_CONTEXT(2) 
PARAMETRIC_REPRESENTATION_CONTEXT() REPRESENTATION_CONTEXT('2D SPACE',''
  ) );
#8879 = ORIENTED_EDGE('',*,*,#7118,.F.);
#8880 = ADVANCED_FACE('',(#8881),#7218,.T.);
#8881 = FACE_BOUND('',#8882,.T.);
#8882 = EDGE_LOOP('',(#8883,#8906,#8932,#8958,#8979,#8980));
#8883 = ORIENTED_EDGE('',*,*,#8884,.F.);
#8884 = EDGE_CURVE('',#8885,#8832,#8887,.T.);
#8885 = VERTEX_POINT('',#8886);
#8886 = CARTESIAN_POINT('',(-7.5,31.,17.9));
#8887 = SURFACE_CURVE('',#8888,(#8892,#8899),.PCURVE_S1.);
#8888 = LINE('',#8889,#8890);
#8889 = CARTESIAN_POINT('',(-7.5,31.,17.3));
#8890 = VECTOR('',#8891,1.);
#8891 = DIRECTION('',(0.,0.,1.));
#8892 = PCURVE('',#7218,#8893);
#8893 = DEFINITIONAL_REPRESENTATION('',(#8894),#8898);
#8894 = LINE('',#8895,#8896);
#8895 = CARTESIAN_POINT('',(0.,0.));
#8896 = VECTOR('',#8897,1.);
#8897 = DIRECTION('',(1.,0.));
#8898 = ( GEOMETRIC_REPRESENTATION_CONTEXT(2) 
PARAMETRIC_REPRESENTATION_CONTEXT() REPRESENTATION_CONTEXT('2D SPACE',''
  ) );
#8899 = PCURVE('',#8847,#8900);
#8900 = DEFINITIONAL_REPRESENTATION('',(#8901),#8905);
#8901 = LINE('',#8902,#8903);
#8902 = CARTESIAN_POINT('',(0.,5.));
#8903 = VECTOR('',#8904,1.);
#8904 = DIRECTION('',(1.,0.));
#8905 = ( GEOMETRIC_REPRESENTATION_CONTEXT(2) 
PARAMETRIC_REPRESENTATION_CONTEXT() REPRESENTATION_CONTEXT('2D SPACE',''
  ) );
#8906 = ORIENTED_EDGE('',*,*,#8907,.T.);
#8907 = EDGE_CURVE('',#8885,#8908,#8910,.T.);
#8908 = VERTEX_POINT('',#8909);
#8909 = CARTESIAN_POINT('',(-7.5,34.122498999199,17.9));
#8910 = SURFACE_CURVE('',#8911,(#8915,#8921),.PCURVE_S1.);
#8911 = LINE('',#8912,#8913);
#8912 = CARTESIAN_POINT('',(-7.5,31.,17.9));
#8913 = VECTOR('',#8914,1.);
#8914 = DIRECTION('',(-0.,1.,0.));
#8915 = PCURVE('',#7218,#8916);
#8916 = DEFINITIONAL_REPRESENTATION('',(#8917),#8920);
#8917 = B_SPLINE_CURVE_WITH_KNOTS('',1,(#8918,#8919),.UNSPECIFIED.,.F.,
  .F.,(2,2),(0.,4.),.PIECEWISE_BEZIER_KNOTS.);
#8918 = CARTESIAN_POINT('',(0.6,0.));
#8919 = CARTESIAN_POINT('',(0.6,-4.));
#8920 = ( GEOMETRIC_REPRESENTATION_CONTEXT(2) 
PARAMETRIC_REPRESENTATION_CONTEXT() REPRESENTATION_CONTEXT('2D SPACE',''
  ) );
#8921 = PCURVE('',#8922,#8927);
#8922 = PLANE('',#8923);
#8923 = AXIS2_PLACEMENT_3D('',#8924,#8925,#8926);
#8924 = CARTESIAN_POINT('',(-10.,31.,17.9));
#8925 = DIRECTION('',(0.,0.,1.));
#8926 = DIRECTION('',(1.,0.,-0.));
#8927 = DEFINITIONAL_REPRESENTATION('',(#8928),#8931);
#8928 = B_SPLINE_CURVE_WITH_KNOTS('',1,(#8929,#8930),.UNSPECIFIED.,.F.,
  .F.,(2,2),(0.,4.),.PIECEWISE_BEZIER_KNOTS.);
#8929 = CARTESIAN_POINT('',(2.5,0.));
#8930 = CARTESIAN_POINT('',(2.5,4.));
#8931 = ( GEOMETRIC_REPRESENTATION_CONTEXT(2) 
PARAMETRIC_REPRESENTATION_CONTEXT() REPRESENTATION_CONTEXT('2D SPACE',''
  ) );
#8932 = ORIENTED_EDGE('',*,*,#8933,.F.);
#8933 = EDGE_CURVE('',#8934,#8908,#8936,.T.);
#8934 = VERTEX_POINT('',#8935);
#8935 = CARTESIAN_POINT('',(-7.5,34.122498999199,17.3));
#8936 = SURFACE_CURVE('',#8937,(#8941,#8947),.PCURVE_S1.);
#8937 = LINE('',#8938,#8939);
#8938 = CARTESIAN_POINT('',(-7.5,34.122498999199,16.7));
#8939 = VECTOR('',#8940,1.);
#8940 = DIRECTION('',(0.,0.,1.));
#8941 = PCURVE('',#7218,#8942);
#8942 = DEFINITIONAL_REPRESENTATION('',(#8943),#8946);
#8943 = B_SPLINE_CURVE_WITH_KNOTS('',1,(#8944,#8945),.UNSPECIFIED.,.F.,
  .F.,(2,2),(0.48,1.2000024),.PIECEWISE_BEZIER_KNOTS.);
#8944 = CARTESIAN_POINT('',(-0.12,-3.122498999199));
#8945 = CARTESIAN_POINT('',(0.6000024,-3.122498999199));
#8946 = ( GEOMETRIC_REPRESENTATION_CONTEXT(2) 
PARAMETRIC_REPRESENTATION_CONTEXT() REPRESENTATION_CONTEXT('2D SPACE',''
  ) );
#8947 = PCURVE('',#8948,#8953);
#8948 = CYLINDRICAL_SURFACE('',#8949,4.);
#8949 = AXIS2_PLACEMENT_3D('',#8950,#8951,#8952);
#8950 = CARTESIAN_POINT('',(-10.,31.,16.7));
#8951 = DIRECTION('',(0.,0.,1.));
#8952 = DIRECTION('',(1.,0.,-0.));
#8953 = DEFINITIONAL_REPRESENTATION('',(#8954),#8957);
#8954 = B_SPLINE_CURVE_WITH_KNOTS('',1,(#8955,#8956),.UNSPECIFIED.,.F.,
  .F.,(2,2),(0.48,1.2000024),.PIECEWISE_BEZIER_KNOTS.);
#8955 = CARTESIAN_POINT('',(0.895664793858,0.48));
#8956 = CARTESIAN_POINT('',(0.895664793858,1.2000024));
#8957 = ( GEOMETRIC_REPRESENTATION_CONTEXT(2) 
PARAMETRIC_REPRESENTATION_CONTEXT() REPRESENTATION_CONTEXT('2D SPACE',''
  ) );
#8958 = ORIENTED_EDGE('',*,*,#8959,.T.);
#8959 = EDGE_CURVE('',#8934,#7177,#8960,.T.);
#8960 = SURFACE_CURVE('',#8961,(#8965,#8972),.PCURVE_S1.);
#8961 = LINE('',#8962,#8963);
#8962 = CARTESIAN_POINT('',(-7.5,31.,17.3));
#8963 = VECTOR('',#8964,1.);
#8964 = DIRECTION('',(-0.,1.,0.));
#8965 = PCURVE('',#7218,#8966);
#8966 = DEFINITIONAL_REPRESENTATION('',(#8967),#8971);
#8967 = LINE('',#8968,#8969);
#8968 = CARTESIAN_POINT('',(0.,0.));
#8969 = VECTOR('',#8970,1.);
#8970 = DIRECTION('',(0.,-1.));
#8971 = ( GEOMETRIC_REPRESENTATION_CONTEXT(2) 
PARAMETRIC_REPRESENTATION_CONTEXT() REPRESENTATION_CONTEXT('2D SPACE',''
  ) );
#8972 = PCURVE('',#7192,#8973);
#8973 = DEFINITIONAL_REPRESENTATION('',(#8974),#8978);
#8974 = LINE('',#8975,#8976);
#8975 = CARTESIAN_POINT('',(5.,0.));
#8976 = VECTOR('',#8977,1.);
#8977 = DIRECTION('',(0.,1.));
#8978 = ( GEOMETRIC_REPRESENTATION_CONTEXT(2) 
PARAMETRIC_REPRESENTATION_CONTEXT() REPRESENTATION_CONTEXT('2D SPACE',''
  ) );
#8979 = ORIENTED_EDGE('',*,*,#7204,.T.);
#8980 = ORIENTED_EDGE('',*,*,#8859,.F.);
#8981 = ADVANCED_FACE('',(#8982),#7164,.F.);
#8982 = FACE_BOUND('',#8983,.F.);
#8983 = EDGE_LOOP('',(#8984,#9007,#9028,#9049,#9070,#9071));
#8984 = ORIENTED_EDGE('',*,*,#8985,.F.);
#8985 = EDGE_CURVE('',#8986,#8809,#8988,.T.);
#8986 = VERTEX_POINT('',#8987);
#8987 = CARTESIAN_POINT('',(-12.5,31.,17.9));
#8988 = SURFACE_CURVE('',#8989,(#8993,#9000),.PCURVE_S1.);
#8989 = LINE('',#8990,#8991);
#8990 = CARTESIAN_POINT('',(-12.5,31.,17.3));
#8991 = VECTOR('',#8992,1.);
#8992 = DIRECTION('',(0.,0.,1.));
#8993 = PCURVE('',#7164,#8994);
#8994 = DEFINITIONAL_REPRESENTATION('',(#8995),#8999);
#8995 = LINE('',#8996,#8997);
#8996 = CARTESIAN_POINT('',(0.,0.));
#8997 = VECTOR('',#8998,1.);
#8998 = DIRECTION('',(1.,0.));
#8999 = ( GEOMETRIC_REPRESENTATION_CONTEXT(2) 
PARAMETRIC_REPRESENTATION_CONTEXT() REPRESENTATION_CONTEXT('2D SPACE',''
  ) );
#9000 = PCURVE('',#8847,#9001);
#9001 = DEFINITIONAL_REPRESENTATION('',(#9002),#9006);
#9002 = LINE('',#9003,#9004);
#9003 = CARTESIAN_POINT('',(0.,0.));
#9004 = VECTOR('',#9005,1.);
#9005 = DIRECTION('',(1.,0.));
#9006 = ( GEOMETRIC_REPRESENTATION_CONTEXT(2) 
PARAMETRIC_REPRESENTATION_CONTEXT() REPRESENTATION_CONTEXT('2D SPACE',''
  ) );
#9007 = ORIENTED_EDGE('',*,*,#9008,.T.);
#9008 = EDGE_CURVE('',#8986,#9009,#9011,.T.);
#9009 = VERTEX_POINT('',#9010);
#9010 = CARTESIAN_POINT('',(-12.5,34.122498999199,17.9));
#9011 = SURFACE_CURVE('',#9012,(#9016,#9022),.PCURVE_S1.);
#9012 = LINE('',#9013,#9014);
#9013 = CARTESIAN_POINT('',(-12.5,31.,17.9));
#9014 = VECTOR('',#9015,1.);
#9015 = DIRECTION('',(-0.,1.,0.));
#9016 = PCURVE('',#7164,#9017);
#9017 = DEFINITIONAL_REPRESENTATION('',(#9018),#9021);
#9018 = B_SPLINE_CURVE_WITH_KNOTS('',1,(#9019,#9020),.UNSPECIFIED.,.F.,
  .F.,(2,2),(0.,4.),.PIECEWISE_BEZIER_KNOTS.);
#9019 = CARTESIAN_POINT('',(0.6,0.));
#9020 = CARTESIAN_POINT('',(0.6,-4.));
#9021 = ( GEOMETRIC_REPRESENTATION_CONTEXT(2) 
PARAMETRIC_REPRESENTATION_CONTEXT() REPRESENTATION_CONTEXT('2D SPACE',''
  ) );
#9022 = PCURVE('',#8922,#9023);
#9023 = DEFINITIONAL_REPRESENTATION('',(#9024),#9027);
#9024 = B_SPLINE_CURVE_WITH_KNOTS('',1,(#9025,#9026),.UNSPECIFIED.,.F.,
  .F.,(2,2),(0.,4.),.PIECEWISE_BEZIER_KNOTS.);
#9025 = CARTESIAN_POINT('',(-2.5,0.));
#9026 = CARTESIAN_POINT('',(-2.5,4.));
#9027 = ( GEOMETRIC_REPRESENTATION_CONTEXT(2) 
PARAMETRIC_REPRESENTATION_CONTEXT() REPRESENTATION_CONTEXT('2D SPACE',''
  ) );
#9028 = ORIENTED_EDGE('',*,*,#9029,.F.);
#9029 = EDGE_CURVE('',#9030,#9009,#9032,.T.);
#9030 = VERTEX_POINT('',#9031);
#9031 = CARTESIAN_POINT('',(-12.5,34.122498999199,17.3));
#9032 = SURFACE_CURVE('',#9033,(#9037,#9043),.PCURVE_S1.);
#9033 = LINE('',#9034,#9035);
#9034 = CARTESIAN_POINT('',(-12.5,34.122498999199,16.7));
#9035 = VECTOR('',#9036,1.);
#9036 = DIRECTION('',(0.,0.,1.));
#9037 = PCURVE('',#7164,#9038);
#9038 = DEFINITIONAL_REPRESENTATION('',(#9039),#9042);
#9039 = B_SPLINE_CURVE_WITH_KNOTS('',1,(#9040,#9041),.UNSPECIFIED.,.F.,
  .F.,(2,2),(0.48,1.2000024),.PIECEWISE_BEZIER_KNOTS.);
#9040 = CARTESIAN_POINT('',(-0.12,-3.122498999199));
#9041 = CARTESIAN_POINT('',(0.6000024,-3.122498999199));
#9042 = ( GEOMETRIC_REPRESENTATION_CONTEXT(2) 
PARAMETRIC_REPRESENTATION_CONTEXT() REPRESENTATION_CONTEXT('2D SPACE',''
  ) );
#9043 = PCURVE('',#8948,#9044);
#9044 = DEFINITIONAL_REPRESENTATION('',(#9045),#9048);
#9045 = B_SPLINE_CURVE_WITH_KNOTS('',1,(#9046,#9047),.UNSPECIFIED.,.F.,
  .F.,(2,2),(0.48,1.2000024),.PIECEWISE_BEZIER_KNOTS.);
#9046 = CARTESIAN_POINT('',(2.245927859732,0.48));
#9047 = CARTESIAN_POINT('',(2.245927859732,1.2000024));
#9048 = ( GEOMETRIC_REPRESENTATION_CONTEXT(2) 
PARAMETRIC_REPRESENTATION_CONTEXT() REPRESENTATION_CONTEXT('2D SPACE',''
  ) );
#9049 = ORIENTED_EDGE('',*,*,#9050,.T.);
#9050 = EDGE_CURVE('',#9030,#7149,#9051,.T.);
#9051 = SURFACE_CURVE('',#9052,(#9056,#9063),.PCURVE_S1.);
#9052 = LINE('',#9053,#9054);
#9053 = CARTESIAN_POINT('',(-12.5,31.,17.3));
#9054 = VECTOR('',#9055,1.);
#9055 = DIRECTION('',(-0.,1.,0.));
#9056 = PCURVE('',#7164,#9057);
#9057 = DEFINITIONAL_REPRESENTATION('',(#9058),#9062);
#9058 = LINE('',#9059,#9060);
#9059 = CARTESIAN_POINT('',(0.,0.));
#9060 = VECTOR('',#9061,1.);
#9061 = DIRECTION('',(0.,-1.));
#9062 = ( GEOMETRIC_REPRESENTATION_CONTEXT(2) 
PARAMETRIC_REPRESENTATION_CONTEXT() REPRESENTATION_CONTEXT('2D SPACE',''
  ) );
#9063 = PCURVE('',#7192,#9064);
#9064 = DEFINITIONAL_REPRESENTATION('',(#9065),#9069);
#9065 = LINE('',#9066,#9067);
#9066 = CARTESIAN_POINT('',(0.,0.));
#9067 = VECTOR('',#9068,1.);
#9068 = DIRECTION('',(0.,1.));
#9069 = ( GEOMETRIC_REPRESENTATION_CONTEXT(2) 
PARAMETRIC_REPRESENTATION_CONTEXT() REPRESENTATION_CONTEXT('2D SPACE',''
  ) );
#9070 = ORIENTED_EDGE('',*,*,#7148,.T.);
#9071 = ORIENTED_EDGE('',*,*,#8808,.F.);
#9072 = ADVANCED_FACE('',(#9073),#7192,.F.);
#9073 = FACE_BOUND('',#9074,.F.);
#9074 = EDGE_LOOP('',(#9075,#9076,#9098,#9099));
#9075 = ORIENTED_EDGE('',*,*,#9050,.F.);
#9076 = ORIENTED_EDGE('',*,*,#9077,.F.);
#9077 = EDGE_CURVE('',#8934,#9030,#9078,.T.);
#9078 = SURFACE_CURVE('',#9079,(#9084,#9091),.PCURVE_S1.);
#9079 = CIRCLE('',#9080,4.);
#9080 = AXIS2_PLACEMENT_3D('',#9081,#9082,#9083);
#9081 = CARTESIAN_POINT('',(-10.,31.,17.3));
#9082 = DIRECTION('',(0.,0.,1.));
#9083 = DIRECTION('',(1.,0.,-0.));
#9084 = PCURVE('',#7192,#9085);
#9085 = DEFINITIONAL_REPRESENTATION('',(#9086),#9090);
#9086 = CIRCLE('',#9087,4.);
#9087 = AXIS2_PLACEMENT_2D('',#9088,#9089);
#9088 = CARTESIAN_POINT('',(2.5,0.));
#9089 = DIRECTION('',(1.,0.));
#9090 = ( GEOMETRIC_REPRESENTATION_CONTEXT(2) 
PARAMETRIC_REPRESENTATION_CONTEXT() REPRESENTATION_CONTEXT('2D SPACE',''
  ) );
#9091 = PCURVE('',#8948,#9092);
#9092 = DEFINITIONAL_REPRESENTATION('',(#9093),#9097);
#9093 = LINE('',#9094,#9095);
#9094 = CARTESIAN_POINT('',(0.,0.6));
#9095 = VECTOR('',#9096,1.);
#9096 = DIRECTION('',(1.,0.));
#9097 = ( GEOMETRIC_REPRESENTATION_CONTEXT(2) 
PARAMETRIC_REPRESENTATION_CONTEXT() REPRESENTATION_CONTEXT('2D SPACE',''
  ) );
#9098 = ORIENTED_EDGE('',*,*,#8959,.T.);
#9099 = ORIENTED_EDGE('',*,*,#7176,.F.);
#9100 = ADVANCED_FACE('',(#9101),#7250,.T.);
#9101 = FACE_BOUND('',#9102,.T.);
#9102 = EDGE_LOOP('',(#9103,#9104,#9127,#9155,#9176,#9177));
#9103 = ORIENTED_EDGE('',*,*,#7232,.F.);
#9104 = ORIENTED_EDGE('',*,*,#9105,.F.);
#9105 = EDGE_CURVE('',#9106,#7233,#9108,.T.);
#9106 = VERTEX_POINT('',#9107);
#9107 = CARTESIAN_POINT('',(91.5,31.,18.5));
#9108 = SURFACE_CURVE('',#9109,(#9113,#9120),.PCURVE_S1.);
#9109 = LINE('',#9110,#9111);
#9110 = CARTESIAN_POINT('',(91.5,31.,18.5));
#9111 = VECTOR('',#9112,1.);
#9112 = DIRECTION('',(-0.,1.,0.));
#9113 = PCURVE('',#7250,#9114);
#9114 = DEFINITIONAL_REPRESENTATION('',(#9115),#9119);
#9115 = LINE('',#9116,#9117);
#9116 = CARTESIAN_POINT('',(0.,0.));
#9117 = VECTOR('',#9118,1.);
#9118 = DIRECTION('',(0.,1.));
#9119 = ( GEOMETRIC_REPRESENTATION_CONTEXT(2) 
PARAMETRIC_REPRESENTATION_CONTEXT() REPRESENTATION_CONTEXT('2D SPACE',''
  ) );
#9120 = PCURVE('',#7278,#9121);
#9121 = DEFINITIONAL_REPRESENTATION('',(#9122),#9126);
#9122 = LINE('',#9123,#9124);
#9123 = CARTESIAN_POINT('',(1.2,0.));
#9124 = VECTOR('',#9125,1.);
#9125 = DIRECTION('',(0.,-1.));
#9126 = ( GEOMETRIC_REPRESENTATION_CONTEXT(2) 
PARAMETRIC_REPRESENTATION_CONTEXT() REPRESENTATION_CONTEXT('2D SPACE',''
  ) );
#9127 = ORIENTED_EDGE('',*,*,#9128,.T.);
#9128 = EDGE_CURVE('',#9106,#9129,#9131,.T.);
#9129 = VERTEX_POINT('',#9130);
#9130 = CARTESIAN_POINT('',(96.5,31.,18.5));
#9131 = SURFACE_CURVE('',#9132,(#9136,#9143),.PCURVE_S1.);
#9132 = LINE('',#9133,#9134);
#9133 = CARTESIAN_POINT('',(91.5,31.,18.5));
#9134 = VECTOR('',#9135,1.);
#9135 = DIRECTION('',(1.,0.,-0.));
#9136 = PCURVE('',#7250,#9137);
#9137 = DEFINITIONAL_REPRESENTATION('',(#9138),#9142);
#9138 = LINE('',#9139,#9140);
#9139 = CARTESIAN_POINT('',(0.,0.));
#9140 = VECTOR('',#9141,1.);
#9141 = DIRECTION('',(1.,0.));
#9142 = ( GEOMETRIC_REPRESENTATION_CONTEXT(2) 
PARAMETRIC_REPRESENTATION_CONTEXT() REPRESENTATION_CONTEXT('2D SPACE',''
  ) );
#9143 = PCURVE('',#9144,#9149);
#9144 = PLANE('',#9145);
#9145 = AXIS2_PLACEMENT_3D('',#9146,#9147,#9148);
#9146 = CARTESIAN_POINT('',(91.5,31.,17.3));
#9147 = DIRECTION('',(-0.,1.,0.));
#9148 = DIRECTION('',(0.,0.,1.));
#9149 = DEFINITIONAL_REPRESENTATION('',(#9150),#9154);
#9150 = LINE('',#9151,#9152);
#9151 = CARTESIAN_POINT('',(1.2,0.));
#9152 = VECTOR('',#9153,1.);
#9153 = DIRECTION('',(0.,1.));
#9154 = ( GEOMETRIC_REPRESENTATION_CONTEXT(2) 
PARAMETRIC_REPRESENTATION_CONTEXT() REPRESENTATION_CONTEXT('2D SPACE',''
  ) );
#9155 = ORIENTED_EDGE('',*,*,#9156,.T.);
#9156 = EDGE_CURVE('',#9129,#8677,#9157,.T.);
#9157 = SURFACE_CURVE('',#9158,(#9162,#9169),.PCURVE_S1.);
#9158 = LINE('',#9159,#9160);
#9159 = CARTESIAN_POINT('',(96.5,31.,18.5));
#9160 = VECTOR('',#9161,1.);
#9161 = DIRECTION('',(-0.,1.,0.));
#9162 = PCURVE('',#7250,#9163);
#9163 = DEFINITIONAL_REPRESENTATION('',(#9164),#9168);
#9164 = LINE('',#9165,#9166);
#9165 = CARTESIAN_POINT('',(5.,0.));
#9166 = VECTOR('',#9167,1.);
#9167 = DIRECTION('',(0.,1.));
#9168 = ( GEOMETRIC_REPRESENTATION_CONTEXT(2) 
PARAMETRIC_REPRESENTATION_CONTEXT() REPRESENTATION_CONTEXT('2D SPACE',''
  ) );
#9169 = PCURVE('',#8691,#9170);
#9170 = DEFINITIONAL_REPRESENTATION('',(#9171),#9175);
#9171 = LINE('',#9172,#9173);
#9172 = CARTESIAN_POINT('',(1.2,0.));
#9173 = VECTOR('',#9174,1.);
#9174 = DIRECTION('',(0.,-1.));
#9175 = ( GEOMETRIC_REPRESENTATION_CONTEXT(2) 
PARAMETRIC_REPRESENTATION_CONTEXT() REPRESENTATION_CONTEXT('2D SPACE',''
  ) );
#9176 = ORIENTED_EDGE('',*,*,#8747,.F.);
#9177 = ORIENTED_EDGE('',*,*,#9178,.T.);
#9178 = EDGE_CURVE('',#8727,#7235,#9179,.T.);
#9179 = SURFACE_CURVE('',#9180,(#9184,#9191),.PCURVE_S1.);
#9180 = LINE('',#9181,#9182);
#9181 = CARTESIAN_POINT('',(96.5,31.,18.5));
#9182 = VECTOR('',#9183,1.);
#9183 = DIRECTION('',(-0.,1.,0.));
#9184 = PCURVE('',#7250,#9185);
#9185 = DEFINITIONAL_REPRESENTATION('',(#9186),#9190);
#9186 = LINE('',#9187,#9188);
#9187 = CARTESIAN_POINT('',(5.,0.));
#9188 = VECTOR('',#9189,1.);
#9189 = DIRECTION('',(0.,1.));
#9190 = ( GEOMETRIC_REPRESENTATION_CONTEXT(2) 
PARAMETRIC_REPRESENTATION_CONTEXT() REPRESENTATION_CONTEXT('2D SPACE',''
  ) );
#9191 = PCURVE('',#7332,#9192);
#9192 = DEFINITIONAL_REPRESENTATION('',(#9193),#9197);
#9193 = LINE('',#9194,#9195);
#9194 = CARTESIAN_POINT('',(1.2,0.));
#9195 = VECTOR('',#9196,1.);
#9196 = DIRECTION('',(0.,-1.));
#9197 = ( GEOMETRIC_REPRESENTATION_CONTEXT(2) 
PARAMETRIC_REPRESENTATION_CONTEXT() REPRESENTATION_CONTEXT('2D SPACE',''
  ) );
#9198 = ADVANCED_FACE('',(#9199),#7332,.T.);
#9199 = FACE_BOUND('',#9200,.T.);
#9200 = EDGE_LOOP('',(#9201,#9202,#9223,#9224));
#9201 = ORIENTED_EDGE('',*,*,#8726,.F.);
#9202 = ORIENTED_EDGE('',*,*,#9203,.T.);
#9203 = EDGE_CURVE('',#8703,#7291,#9204,.T.);
#9204 = SURFACE_CURVE('',#9205,(#9209,#9216),.PCURVE_S1.);
#9205 = LINE('',#9206,#9207);
#9206 = CARTESIAN_POINT('',(96.5,31.,17.3));
#9207 = VECTOR('',#9208,1.);
#9208 = DIRECTION('',(-0.,1.,0.));
#9209 = PCURVE('',#7332,#9210);
#9210 = DEFINITIONAL_REPRESENTATION('',(#9211),#9215);
#9211 = LINE('',#9212,#9213);
#9212 = CARTESIAN_POINT('',(0.,0.));
#9213 = VECTOR('',#9214,1.);
#9214 = DIRECTION('',(0.,-1.));
#9215 = ( GEOMETRIC_REPRESENTATION_CONTEXT(2) 
PARAMETRIC_REPRESENTATION_CONTEXT() REPRESENTATION_CONTEXT('2D SPACE',''
  ) );
#9216 = PCURVE('',#7306,#9217);
#9217 = DEFINITIONAL_REPRESENTATION('',(#9218),#9222);
#9218 = LINE('',#9219,#9220);
#9219 = CARTESIAN_POINT('',(5.,0.));
#9220 = VECTOR('',#9221,1.);
#9221 = DIRECTION('',(0.,1.));
#9222 = ( GEOMETRIC_REPRESENTATION_CONTEXT(2) 
PARAMETRIC_REPRESENTATION_CONTEXT() REPRESENTATION_CONTEXT('2D SPACE',''
  ) );
#9223 = ORIENTED_EDGE('',*,*,#7318,.T.);
#9224 = ORIENTED_EDGE('',*,*,#9178,.F.);
#9225 = ADVANCED_FACE('',(#9226),#7306,.F.);
#9226 = FACE_BOUND('',#9227,.F.);
#9227 = EDGE_LOOP('',(#9228,#9251,#9280,#9301,#9302,#9303));
#9228 = ORIENTED_EDGE('',*,*,#9229,.F.);
#9229 = EDGE_CURVE('',#9230,#7263,#9232,.T.);
#9230 = VERTEX_POINT('',#9231);
#9231 = CARTESIAN_POINT('',(91.5,34.122498999199,17.3));
#9232 = SURFACE_CURVE('',#9233,(#9237,#9244),.PCURVE_S1.);
#9233 = LINE('',#9234,#9235);
#9234 = CARTESIAN_POINT('',(91.5,31.,17.3));
#9235 = VECTOR('',#9236,1.);
#9236 = DIRECTION('',(-0.,1.,0.));
#9237 = PCURVE('',#7306,#9238);
#9238 = DEFINITIONAL_REPRESENTATION('',(#9239),#9243);
#9239 = LINE('',#9240,#9241);
#9240 = CARTESIAN_POINT('',(0.,0.));
#9241 = VECTOR('',#9242,1.);
#9242 = DIRECTION('',(0.,1.));
#9243 = ( GEOMETRIC_REPRESENTATION_CONTEXT(2) 
PARAMETRIC_REPRESENTATION_CONTEXT() REPRESENTATION_CONTEXT('2D SPACE',''
  ) );
#9244 = PCURVE('',#7278,#9245);
#9245 = DEFINITIONAL_REPRESENTATION('',(#9246),#9250);
#9246 = LINE('',#9247,#9248);
#9247 = CARTESIAN_POINT('',(0.,0.));
#9248 = VECTOR('',#9249,1.);
#9249 = DIRECTION('',(0.,-1.));
#9250 = ( GEOMETRIC_REPRESENTATION_CONTEXT(2) 
PARAMETRIC_REPRESENTATION_CONTEXT() REPRESENTATION_CONTEXT('2D SPACE',''
  ) );
#9251 = ORIENTED_EDGE('',*,*,#9252,.F.);
#9252 = EDGE_CURVE('',#9253,#9230,#9255,.T.);
#9253 = VERTEX_POINT('',#9254);
#9254 = CARTESIAN_POINT('',(96.5,34.122498999199,17.3));
#9255 = SURFACE_CURVE('',#9256,(#9261,#9268),.PCURVE_S1.);
#9256 = CIRCLE('',#9257,4.);
#9257 = AXIS2_PLACEMENT_3D('',#9258,#9259,#9260);
#9258 = CARTESIAN_POINT('',(94.,31.,17.3));
#9259 = DIRECTION('',(0.,0.,1.));
#9260 = DIRECTION('',(1.,0.,-0.));
#9261 = PCURVE('',#7306,#9262);
#9262 = DEFINITIONAL_REPRESENTATION('',(#9263),#9267);
#9263 = CIRCLE('',#9264,4.);
#9264 = AXIS2_PLACEMENT_2D('',#9265,#9266);
#9265 = CARTESIAN_POINT('',(2.5,0.));
#9266 = DIRECTION('',(1.,0.));
#9267 = ( GEOMETRIC_REPRESENTATION_CONTEXT(2) 
PARAMETRIC_REPRESENTATION_CONTEXT() REPRESENTATION_CONTEXT('2D SPACE',''
  ) );
#9268 = PCURVE('',#9269,#9274);
#9269 = CYLINDRICAL_SURFACE('',#9270,4.);
#9270 = AXIS2_PLACEMENT_3D('',#9271,#9272,#9273);
#9271 = CARTESIAN_POINT('',(94.,31.,16.7));
#9272 = DIRECTION('',(0.,0.,1.));
#9273 = DIRECTION('',(1.,0.,-0.));
#9274 = DEFINITIONAL_REPRESENTATION('',(#9275),#9279);
#9275 = LINE('',#9276,#9277);
#9276 = CARTESIAN_POINT('',(0.,0.6));
#9277 = VECTOR('',#9278,1.);
#9278 = DIRECTION('',(1.,0.));
#9279 = ( GEOMETRIC_REPRESENTATION_CONTEXT(2) 
PARAMETRIC_REPRESENTATION_CONTEXT() REPRESENTATION_CONTEXT('2D SPACE',''
  ) );
#9280 = ORIENTED_EDGE('',*,*,#9281,.T.);
#9281 = EDGE_CURVE('',#9253,#8675,#9282,.T.);
#9282 = SURFACE_CURVE('',#9283,(#9287,#9294),.PCURVE_S1.);
#9283 = LINE('',#9284,#9285);
#9284 = CARTESIAN_POINT('',(96.5,31.,17.3));
#9285 = VECTOR('',#9286,1.);
#9286 = DIRECTION('',(-0.,1.,0.));
#9287 = PCURVE('',#7306,#9288);
#9288 = DEFINITIONAL_REPRESENTATION('',(#9289),#9293);
#9289 = LINE('',#9290,#9291);
#9290 = CARTESIAN_POINT('',(5.,0.));
#9291 = VECTOR('',#9292,1.);
#9292 = DIRECTION('',(0.,1.));
#9293 = ( GEOMETRIC_REPRESENTATION_CONTEXT(2) 
PARAMETRIC_REPRESENTATION_CONTEXT() REPRESENTATION_CONTEXT('2D SPACE',''
  ) );
#9294 = PCURVE('',#8691,#9295);
#9295 = DEFINITIONAL_REPRESENTATION('',(#9296),#9300);
#9296 = LINE('',#9297,#9298);
#9297 = CARTESIAN_POINT('',(0.,0.));
#9298 = VECTOR('',#9299,1.);
#9299 = DIRECTION('',(0.,-1.));
#9300 = ( GEOMETRIC_REPRESENTATION_CONTEXT(2) 
PARAMETRIC_REPRESENTATION_CONTEXT() REPRESENTATION_CONTEXT('2D SPACE',''
  ) );
#9301 = ORIENTED_EDGE('',*,*,#8702,.F.);
#9302 = ORIENTED_EDGE('',*,*,#9203,.T.);
#9303 = ORIENTED_EDGE('',*,*,#7290,.F.);
#9304 = ADVANCED_FACE('',(#9305),#7278,.F.);
#9305 = FACE_BOUND('',#9306,.F.);
#9306 = EDGE_LOOP('',(#9307,#9330,#9356,#9375,#9376,#9377));
#9307 = ORIENTED_EDGE('',*,*,#9308,.F.);
#9308 = EDGE_CURVE('',#9309,#9106,#9311,.T.);
#9309 = VERTEX_POINT('',#9310);
#9310 = CARTESIAN_POINT('',(91.5,31.,17.9));
#9311 = SURFACE_CURVE('',#9312,(#9316,#9323),.PCURVE_S1.);
#9312 = LINE('',#9313,#9314);
#9313 = CARTESIAN_POINT('',(91.5,31.,17.3));
#9314 = VECTOR('',#9315,1.);
#9315 = DIRECTION('',(0.,0.,1.));
#9316 = PCURVE('',#7278,#9317);
#9317 = DEFINITIONAL_REPRESENTATION('',(#9318),#9322);
#9318 = LINE('',#9319,#9320);
#9319 = CARTESIAN_POINT('',(0.,0.));
#9320 = VECTOR('',#9321,1.);
#9321 = DIRECTION('',(1.,0.));
#9322 = ( GEOMETRIC_REPRESENTATION_CONTEXT(2) 
PARAMETRIC_REPRESENTATION_CONTEXT() REPRESENTATION_CONTEXT('2D SPACE',''
  ) );
#9323 = PCURVE('',#9144,#9324);
#9324 = DEFINITIONAL_REPRESENTATION('',(#9325),#9329);
#9325 = LINE('',#9326,#9327);
#9326 = CARTESIAN_POINT('',(0.,0.));
#9327 = VECTOR('',#9328,1.);
#9328 = DIRECTION('',(1.,0.));
#9329 = ( GEOMETRIC_REPRESENTATION_CONTEXT(2) 
PARAMETRIC_REPRESENTATION_CONTEXT() REPRESENTATION_CONTEXT('2D SPACE',''
  ) );
#9330 = ORIENTED_EDGE('',*,*,#9331,.T.);
#9331 = EDGE_CURVE('',#9309,#9332,#9334,.T.);
#9332 = VERTEX_POINT('',#9333);
#9333 = CARTESIAN_POINT('',(91.5,34.122498999199,17.9));
#9334 = SURFACE_CURVE('',#9335,(#9339,#9345),.PCURVE_S1.);
#9335 = LINE('',#9336,#9337);
#9336 = CARTESIAN_POINT('',(91.5,31.,17.9));
#9337 = VECTOR('',#9338,1.);
#9338 = DIRECTION('',(-0.,1.,0.));
#9339 = PCURVE('',#7278,#9340);
#9340 = DEFINITIONAL_REPRESENTATION('',(#9341),#9344);
#9341 = B_SPLINE_CURVE_WITH_KNOTS('',1,(#9342,#9343),.UNSPECIFIED.,.F.,
  .F.,(2,2),(0.,4.),.PIECEWISE_BEZIER_KNOTS.);
#9342 = CARTESIAN_POINT('',(0.6,0.));
#9343 = CARTESIAN_POINT('',(0.6,-4.));
#9344 = ( GEOMETRIC_REPRESENTATION_CONTEXT(2) 
PARAMETRIC_REPRESENTATION_CONTEXT() REPRESENTATION_CONTEXT('2D SPACE',''
  ) );
#9345 = PCURVE('',#9346,#9351);
#9346 = PLANE('',#9347);
#9347 = AXIS2_PLACEMENT_3D('',#9348,#9349,#9350);
#9348 = CARTESIAN_POINT('',(94.,31.,17.9));
#9349 = DIRECTION('',(0.,0.,1.));
#9350 = DIRECTION('',(1.,0.,-0.));
#9351 = DEFINITIONAL_REPRESENTATION('',(#9352),#9355);
#9352 = B_SPLINE_CURVE_WITH_KNOTS('',1,(#9353,#9354),.UNSPECIFIED.,.F.,
  .F.,(2,2),(0.,4.),.PIECEWISE_BEZIER_KNOTS.);
#9353 = CARTESIAN_POINT('',(-2.5,0.));
#9354 = CARTESIAN_POINT('',(-2.5,4.));
#9355 = ( GEOMETRIC_REPRESENTATION_CONTEXT(2) 
PARAMETRIC_REPRESENTATION_CONTEXT() REPRESENTATION_CONTEXT('2D SPACE',''
  ) );
#9356 = ORIENTED_EDGE('',*,*,#9357,.F.);
#9357 = EDGE_CURVE('',#9230,#9332,#9358,.T.);
#9358 = SURFACE_CURVE('',#9359,(#9363,#9369),.PCURVE_S1.);
#9359 = LINE('',#9360,#9361);
#9360 = CARTESIAN_POINT('',(91.5,34.122498999199,16.7));
#9361 = VECTOR('',#9362,1.);
#9362 = DIRECTION('',(0.,0.,1.));
#9363 = PCURVE('',#7278,#9364);
#9364 = DEFINITIONAL_REPRESENTATION('',(#9365),#9368);
#9365 = B_SPLINE_CURVE_WITH_KNOTS('',1,(#9366,#9367),.UNSPECIFIED.,.F.,
  .F.,(2,2),(0.48,1.2000024),.PIECEWISE_BEZIER_KNOTS.);
#9366 = CARTESIAN_POINT('',(-0.12,-3.122498999199));
#9367 = CARTESIAN_POINT('',(0.6000024,-3.122498999199));
#9368 = ( GEOMETRIC_REPRESENTATION_CONTEXT(2) 
PARAMETRIC_REPRESENTATION_CONTEXT() REPRESENTATION_CONTEXT('2D SPACE',''
  ) );
#9369 = PCURVE('',#9269,#9370);
#9370 = DEFINITIONAL_REPRESENTATION('',(#9371),#9374);
#9371 = B_SPLINE_CURVE_WITH_KNOTS('',1,(#9372,#9373),.UNSPECIFIED.,.F.,
  .F.,(2,2),(0.48,1.2000024),.PIECEWISE_BEZIER_KNOTS.);
#9372 = CARTESIAN_POINT('',(2.245927859732,0.48));
#9373 = CARTESIAN_POINT('',(2.245927859732,1.2000024));
#9374 = ( GEOMETRIC_REPRESENTATION_CONTEXT(2) 
PARAMETRIC_REPRESENTATION_CONTEXT() REPRESENTATION_CONTEXT('2D SPACE',''
  ) );
#9375 = ORIENTED_EDGE('',*,*,#9229,.T.);
#9376 = ORIENTED_EDGE('',*,*,#7262,.T.);
#9377 = ORIENTED_EDGE('',*,*,#9105,.F.);
#9378 = ADVANCED_FACE('',(#9379,#9383),#7365,.F.);
#9379 = FACE_BOUND('',#9380,.F.);
#9380 = EDGE_LOOP('',(#9381,#9382));
#9381 = ORIENTED_EDGE('',*,*,#7350,.T.);
#9382 = ORIENTED_EDGE('',*,*,#7728,.T.);
#9383 = FACE_BOUND('',#9384,.F.);
#9384 = EDGE_LOOP('',(#9385));
#9385 = ORIENTED_EDGE('',*,*,#9386,.F.);
#9386 = EDGE_CURVE('',#9387,#9387,#9389,.T.);
#9387 = VERTEX_POINT('',#9388);
#9388 = CARTESIAN_POINT('',(-95.65,59.,15.));
#9389 = SURFACE_CURVE('',#9390,(#9395,#9402),.PCURVE_S1.);
#9390 = CIRCLE('',#9391,2.35);
#9391 = AXIS2_PLACEMENT_3D('',#9392,#9393,#9394);
#9392 = CARTESIAN_POINT('',(-98.,59.,15.));
#9393 = DIRECTION('',(0.,0.,1.));
#9394 = DIRECTION('',(1.,0.,-0.));
#9395 = PCURVE('',#7365,#9396);
#9396 = DEFINITIONAL_REPRESENTATION('',(#9397),#9401);
#9397 = CIRCLE('',#9398,2.35);
#9398 = AXIS2_PLACEMENT_2D('',#9399,#9400);
#9399 = CARTESIAN_POINT('',(0.,0.));
#9400 = DIRECTION('',(1.,0.));
#9401 = ( GEOMETRIC_REPRESENTATION_CONTEXT(2) 
PARAMETRIC_REPRESENTATION_CONTEXT() REPRESENTATION_CONTEXT('2D SPACE',''
  ) );
#9402 = PCURVE('',#9403,#9408);
#9403 = CYLINDRICAL_SURFACE('',#9404,2.35);
#9404 = AXIS2_PLACEMENT_3D('',#9405,#9406,#9407);
#9405 = CARTESIAN_POINT('',(-98.,59.,13.));
#9406 = DIRECTION('',(0.,0.,1.));
#9407 = DIRECTION('',(1.,0.,-0.));
#9408 = DEFINITIONAL_REPRESENTATION('',(#9409),#9413);
#9409 = LINE('',#9410,#9411);
#9410 = CARTESIAN_POINT('',(0.,2.));
#9411 = VECTOR('',#9412,1.);
#9412 = DIRECTION('',(1.,0.));
#9413 = ( GEOMETRIC_REPRESENTATION_CONTEXT(2) 
PARAMETRIC_REPRESENTATION_CONTEXT() REPRESENTATION_CONTEXT('2D SPACE',''
  ) );
#9414 = ADVANCED_FACE('',(#9415,#9419),#7396,.T.);
#9415 = FACE_BOUND('',#9416,.T.);
#9416 = EDGE_LOOP('',(#9417,#9418));
#9417 = ORIENTED_EDGE('',*,*,#7781,.F.);
#9418 = ORIENTED_EDGE('',*,*,#7381,.T.);
#9419 = FACE_BOUND('',#9420,.T.);
#9420 = EDGE_LOOP('',(#9421));
#9421 = ORIENTED_EDGE('',*,*,#9422,.F.);
#9422 = EDGE_CURVE('',#9423,#9423,#9425,.T.);
#9423 = VERTEX_POINT('',#9424);
#9424 = CARTESIAN_POINT('',(-95.65,-59.,23.));
#9425 = SURFACE_CURVE('',#9426,(#9431,#9438),.PCURVE_S1.);
#9426 = CIRCLE('',#9427,2.35);
#9427 = AXIS2_PLACEMENT_3D('',#9428,#9429,#9430);
#9428 = CARTESIAN_POINT('',(-98.,-59.,23.));
#9429 = DIRECTION('',(0.,0.,1.));
#9430 = DIRECTION('',(1.,0.,-0.));
#9431 = PCURVE('',#7396,#9432);
#9432 = DEFINITIONAL_REPRESENTATION('',(#9433),#9437);
#9433 = CIRCLE('',#9434,2.35);
#9434 = AXIS2_PLACEMENT_2D('',#9435,#9436);
#9435 = CARTESIAN_POINT('',(0.,0.));
#9436 = DIRECTION('',(1.,0.));
#9437 = ( GEOMETRIC_REPRESENTATION_CONTEXT(2) 
PARAMETRIC_REPRESENTATION_CONTEXT() REPRESENTATION_CONTEXT('2D SPACE',''
  ) );
#9438 = PCURVE('',#7855,#9439);
#9439 = DEFINITIONAL_REPRESENTATION('',(#9440),#9444);
#9440 = LINE('',#9441,#9442);
#9441 = CARTESIAN_POINT('',(0.,10.));
#9442 = VECTOR('',#9443,1.);
#9443 = DIRECTION('',(1.,0.));
#9444 = ( GEOMETRIC_REPRESENTATION_CONTEXT(2) 
PARAMETRIC_REPRESENTATION_CONTEXT() REPRESENTATION_CONTEXT('2D SPACE',''
  ) );
#9445 = ADVANCED_FACE('',(#9446,#9450),#7429,.T.);
#9446 = FACE_BOUND('',#9447,.T.);
#9447 = EDGE_LOOP('',(#9448,#9449));
#9448 = ORIENTED_EDGE('',*,*,#7870,.T.);
#9449 = ORIENTED_EDGE('',*,*,#7414,.T.);
#9450 = FACE_BOUND('',#9451,.T.);
#9451 = EDGE_LOOP('',(#9452));
#9452 = ORIENTED_EDGE('',*,*,#9453,.F.);
#9453 = EDGE_CURVE('',#9454,#9454,#9456,.T.);
#9454 = VERTEX_POINT('',#9455);
#9455 = CARTESIAN_POINT('',(100.35,-59.,23.));
#9456 = SURFACE_CURVE('',#9457,(#9462,#9469),.PCURVE_S1.);
#9457 = CIRCLE('',#9458,2.35);
#9458 = AXIS2_PLACEMENT_3D('',#9459,#9460,#9461);
#9459 = CARTESIAN_POINT('',(98.,-59.,23.));
#9460 = DIRECTION('',(0.,0.,1.));
#9461 = DIRECTION('',(1.,0.,-0.));
#9462 = PCURVE('',#7429,#9463);
#9463 = DEFINITIONAL_REPRESENTATION('',(#9464),#9468);
#9464 = CIRCLE('',#9465,2.35);
#9465 = AXIS2_PLACEMENT_2D('',#9466,#9467);
#9466 = CARTESIAN_POINT('',(0.,0.));
#9467 = DIRECTION('',(1.,0.));
#9468 = ( GEOMETRIC_REPRESENTATION_CONTEXT(2) 
PARAMETRIC_REPRESENTATION_CONTEXT() REPRESENTATION_CONTEXT('2D SPACE',''
  ) );
#9469 = PCURVE('',#8611,#9470);
#9470 = DEFINITIONAL_REPRESENTATION('',(#9471),#9475);
#9471 = LINE('',#9472,#9473);
#9472 = CARTESIAN_POINT('',(0.,10.));
#9473 = VECTOR('',#9474,1.);
#9474 = DIRECTION('',(1.,0.));
#9475 = ( GEOMETRIC_REPRESENTATION_CONTEXT(2) 
PARAMETRIC_REPRESENTATION_CONTEXT() REPRESENTATION_CONTEXT('2D SPACE',''
  ) );
#9476 = ADVANCED_FACE('',(#9477,#9481),#7462,.T.);
#9477 = FACE_BOUND('',#9478,.T.);
#9478 = EDGE_LOOP('',(#9479,#9480));
#9479 = ORIENTED_EDGE('',*,*,#7447,.T.);
#9480 = ORIENTED_EDGE('',*,*,#8627,.T.);
#9481 = FACE_BOUND('',#9482,.T.);
#9482 = EDGE_LOOP('',(#9483));
#9483 = ORIENTED_EDGE('',*,*,#9484,.F.);
#9484 = EDGE_CURVE('',#9485,#9485,#9487,.T.);
#9485 = VERTEX_POINT('',#9486);
#9486 = CARTESIAN_POINT('',(100.35,59.,23.));
#9487 = SURFACE_CURVE('',#9488,(#9493,#9500),.PCURVE_S1.);
#9488 = CIRCLE('',#9489,2.35);
#9489 = AXIS2_PLACEMENT_3D('',#9490,#9491,#9492);
#9490 = CARTESIAN_POINT('',(98.,59.,23.));
#9491 = DIRECTION('',(0.,0.,1.));
#9492 = DIRECTION('',(1.,0.,-0.));
#9493 = PCURVE('',#7462,#9494);
#9494 = DEFINITIONAL_REPRESENTATION('',(#9495),#9499);
#9495 = CIRCLE('',#9496,2.35);
#9496 = AXIS2_PLACEMENT_2D('',#9497,#9498);
#9497 = CARTESIAN_POINT('',(0.,0.));
#9498 = DIRECTION('',(1.,0.));
#9499 = ( GEOMETRIC_REPRESENTATION_CONTEXT(2) 
PARAMETRIC_REPRESENTATION_CONTEXT() REPRESENTATION_CONTEXT('2D SPACE',''
  ) );
#9500 = PCURVE('',#8793,#9501);
#9501 = DEFINITIONAL_REPRESENTATION('',(#9502),#9506);
#9502 = LINE('',#9503,#9504);
#9503 = CARTESIAN_POINT('',(0.,10.));
#9504 = VECTOR('',#9505,1.);
#9505 = DIRECTION('',(1.,0.));
#9506 = ( GEOMETRIC_REPRESENTATION_CONTEXT(2) 
PARAMETRIC_REPRESENTATION_CONTEXT() REPRESENTATION_CONTEXT('2D SPACE',''
  ) );
#9507 = ADVANCED_FACE('',(#9508,#9512),#7495,.T.);
#9508 = FACE_BOUND('',#9509,.T.);
#9509 = EDGE_LOOP('',(#9510,#9511));
#9510 = ORIENTED_EDGE('',*,*,#7751,.F.);
#9511 = ORIENTED_EDGE('',*,*,#7480,.T.);
#9512 = FACE_BOUND('',#9513,.T.);
#9513 = EDGE_LOOP('',(#9514));
#9514 = ORIENTED_EDGE('',*,*,#9515,.F.);
#9515 = EDGE_CURVE('',#9516,#9516,#9518,.T.);
#9516 = VERTEX_POINT('',#9517);
#9517 = CARTESIAN_POINT('',(-95.65,59.,23.));
#9518 = SURFACE_CURVE('',#9519,(#9524,#9531),.PCURVE_S1.);
#9519 = CIRCLE('',#9520,2.35);
#9520 = AXIS2_PLACEMENT_3D('',#9521,#9522,#9523);
#9521 = CARTESIAN_POINT('',(-98.,59.,23.));
#9522 = DIRECTION('',(0.,0.,1.));
#9523 = DIRECTION('',(1.,0.,-0.));
#9524 = PCURVE('',#7495,#9525);
#9525 = DEFINITIONAL_REPRESENTATION('',(#9526),#9530);
#9526 = CIRCLE('',#9527,2.35);
#9527 = AXIS2_PLACEMENT_2D('',#9528,#9529);
#9528 = CARTESIAN_POINT('',(0.,0.));
#9529 = DIRECTION('',(1.,0.));
#9530 = ( GEOMETRIC_REPRESENTATION_CONTEXT(2) 
PARAMETRIC_REPRESENTATION_CONTEXT() REPRESENTATION_CONTEXT('2D SPACE',''
  ) );
#9531 = PCURVE('',#9403,#9532);
#9532 = DEFINITIONAL_REPRESENTATION('',(#9533),#9537);
#9533 = LINE('',#9534,#9535);
#9534 = CARTESIAN_POINT('',(0.,10.));
#9535 = VECTOR('',#9536,1.);
#9536 = DIRECTION('',(1.,0.));
#9537 = ( GEOMETRIC_REPRESENTATION_CONTEXT(2) 
PARAMETRIC_REPRESENTATION_CONTEXT() REPRESENTATION_CONTEXT('2D SPACE',''
  ) );
#9538 = ADVANCED_FACE('',(#9539),#7855,.F.);
#9539 = FACE_BOUND('',#9540,.F.);
#9540 = EDGE_LOOP('',(#9541,#9562,#9563,#9564));
#9541 = ORIENTED_EDGE('',*,*,#9542,.T.);
#9542 = EDGE_CURVE('',#7839,#9423,#9543,.T.);
#9543 = SEAM_CURVE('',#9544,(#9548,#9555),.PCURVE_S1.);
#9544 = LINE('',#9545,#9546);
#9545 = CARTESIAN_POINT('',(-95.65,-59.,13.));
#9546 = VECTOR('',#9547,1.);
#9547 = DIRECTION('',(0.,0.,1.));
#9548 = PCURVE('',#7855,#9549);
#9549 = DEFINITIONAL_REPRESENTATION('',(#9550),#9554);
#9550 = LINE('',#9551,#9552);
#9551 = CARTESIAN_POINT('',(6.28318530718,-0.));
#9552 = VECTOR('',#9553,1.);
#9553 = DIRECTION('',(0.,1.));
#9554 = ( GEOMETRIC_REPRESENTATION_CONTEXT(2) 
PARAMETRIC_REPRESENTATION_CONTEXT() REPRESENTATION_CONTEXT('2D SPACE',''
  ) );
#9555 = PCURVE('',#7855,#9556);
#9556 = DEFINITIONAL_REPRESENTATION('',(#9557),#9561);
#9557 = LINE('',#9558,#9559);
#9558 = CARTESIAN_POINT('',(0.,-0.));
#9559 = VECTOR('',#9560,1.);
#9560 = DIRECTION('',(0.,1.));
#9561 = ( GEOMETRIC_REPRESENTATION_CONTEXT(2) 
PARAMETRIC_REPRESENTATION_CONTEXT() REPRESENTATION_CONTEXT('2D SPACE',''
  ) );
#9562 = ORIENTED_EDGE('',*,*,#9422,.F.);
#9563 = ORIENTED_EDGE('',*,*,#9542,.F.);
#9564 = ORIENTED_EDGE('',*,*,#7838,.T.);
#9565 = ADVANCED_FACE('',(#9566),#7980,.T.);
#9566 = FACE_BOUND('',#9567,.T.);
#9567 = EDGE_LOOP('',(#9568,#9569,#9570,#9571,#9592,#9613));
#9568 = ORIENTED_EDGE('',*,*,#8386,.F.);
#9569 = ORIENTED_EDGE('',*,*,#7965,.F.);
#9570 = ORIENTED_EDGE('',*,*,#8463,.T.);
#9571 = ORIENTED_EDGE('',*,*,#9572,.T.);
#9572 = EDGE_CURVE('',#8464,#9573,#9575,.T.);
#9573 = VERTEX_POINT('',#9574);
#9574 = CARTESIAN_POINT('',(96.5,-34.12249899919,17.9));
#9575 = SURFACE_CURVE('',#9576,(#9580,#9586),.PCURVE_S1.);
#9576 = LINE('',#9577,#9578);
#9577 = CARTESIAN_POINT('',(96.5,-34.12249899919,16.7));
#9578 = VECTOR('',#9579,1.);
#9579 = DIRECTION('',(0.,0.,1.));
#9580 = PCURVE('',#7980,#9581);
#9581 = DEFINITIONAL_REPRESENTATION('',(#9582),#9585);
#9582 = B_SPLINE_CURVE_WITH_KNOTS('',1,(#9583,#9584),.UNSPECIFIED.,.F.,
  .F.,(2,2),(0.48,1.2000024),.PIECEWISE_BEZIER_KNOTS.);
#9583 = CARTESIAN_POINT('',(-0.12,-29.8775010008));
#9584 = CARTESIAN_POINT('',(0.6000024,-29.8775010008));
#9585 = ( GEOMETRIC_REPRESENTATION_CONTEXT(2) 
PARAMETRIC_REPRESENTATION_CONTEXT() REPRESENTATION_CONTEXT('2D SPACE',''
  ) );
#9586 = PCURVE('',#8501,#9587);
#9587 = DEFINITIONAL_REPRESENTATION('',(#9588),#9591);
#9588 = B_SPLINE_CURVE_WITH_KNOTS('',1,(#9589,#9590),.UNSPECIFIED.,.F.,
  .F.,(2,2),(0.48,1.2000024),.PIECEWISE_BEZIER_KNOTS.);
#9589 = CARTESIAN_POINT('',(5.387520513322,0.48));
#9590 = CARTESIAN_POINT('',(5.387520513322,1.2000024));
#9591 = ( GEOMETRIC_REPRESENTATION_CONTEXT(2) 
PARAMETRIC_REPRESENTATION_CONTEXT() REPRESENTATION_CONTEXT('2D SPACE',''
  ) );
#9592 = ORIENTED_EDGE('',*,*,#9593,.T.);
#9593 = EDGE_CURVE('',#9573,#9594,#9596,.T.);
#9594 = VERTEX_POINT('',#9595);
#9595 = CARTESIAN_POINT('',(96.5,-31.,17.9));
#9596 = SURFACE_CURVE('',#9597,(#9601,#9607),.PCURVE_S1.);
#9597 = LINE('',#9598,#9599);
#9598 = CARTESIAN_POINT('',(96.5,-47.5,17.9));
#9599 = VECTOR('',#9600,1.);
#9600 = DIRECTION('',(-0.,1.,0.));
#9601 = PCURVE('',#7980,#9602);
#9602 = DEFINITIONAL_REPRESENTATION('',(#9603),#9606);
#9603 = B_SPLINE_CURVE_WITH_KNOTS('',1,(#9604,#9605),.UNSPECIFIED.,.F.,
  .F.,(2,2),(12.5,16.5),.PIECEWISE_BEZIER_KNOTS.);
#9604 = CARTESIAN_POINT('',(0.6,-29.));
#9605 = CARTESIAN_POINT('',(0.6,-33.));
#9606 = ( GEOMETRIC_REPRESENTATION_CONTEXT(2) 
PARAMETRIC_REPRESENTATION_CONTEXT() REPRESENTATION_CONTEXT('2D SPACE',''
  ) );
#9607 = PCURVE('',#8555,#9608);
#9608 = DEFINITIONAL_REPRESENTATION('',(#9609),#9612);
#9609 = B_SPLINE_CURVE_WITH_KNOTS('',1,(#9610,#9611),.UNSPECIFIED.,.F.,
  .F.,(2,2),(12.5,16.5),.PIECEWISE_BEZIER_KNOTS.);
#9610 = CARTESIAN_POINT('',(2.5,-4.));
#9611 = CARTESIAN_POINT('',(2.5,0.));
#9612 = ( GEOMETRIC_REPRESENTATION_CONTEXT(2) 
PARAMETRIC_REPRESENTATION_CONTEXT() REPRESENTATION_CONTEXT('2D SPACE',''
  ) );
#9613 = ORIENTED_EDGE('',*,*,#9614,.T.);
#9614 = EDGE_CURVE('',#9594,#8315,#9615,.T.);
#9615 = SURFACE_CURVE('',#9616,(#9620,#9627),.PCURVE_S1.);
#9616 = LINE('',#9617,#9618);
#9617 = CARTESIAN_POINT('',(96.5,-31.,17.3));
#9618 = VECTOR('',#9619,1.);
#9619 = DIRECTION('',(0.,0.,1.));
#9620 = PCURVE('',#7980,#9621);
#9621 = DEFINITIONAL_REPRESENTATION('',(#9622),#9626);
#9622 = LINE('',#9623,#9624);
#9623 = CARTESIAN_POINT('',(0.,-33.));
#9624 = VECTOR('',#9625,1.);
#9625 = DIRECTION('',(1.,0.));
#9626 = ( GEOMETRIC_REPRESENTATION_CONTEXT(2) 
PARAMETRIC_REPRESENTATION_CONTEXT() REPRESENTATION_CONTEXT('2D SPACE',''
  ) );
#9627 = PCURVE('',#8330,#9628);
#9628 = DEFINITIONAL_REPRESENTATION('',(#9629),#9633);
#9629 = LINE('',#9630,#9631);
#9630 = CARTESIAN_POINT('',(0.,5.));
#9631 = VECTOR('',#9632,1.);
#9632 = DIRECTION('',(1.,0.));
#9633 = ( GEOMETRIC_REPRESENTATION_CONTEXT(2) 
PARAMETRIC_REPRESENTATION_CONTEXT() REPRESENTATION_CONTEXT('2D SPACE',''
  ) );
#9634 = ADVANCED_FACE('',(#9635),#8077,.T.);
#9635 = FACE_BOUND('',#9636,.T.);
#9636 = EDGE_LOOP('',(#9637,#9667,#9695,#9716,#9735,#9736,#9737,#9738));
#9637 = ORIENTED_EDGE('',*,*,#9638,.F.);
#9638 = EDGE_CURVE('',#9639,#9641,#9643,.T.);
#9639 = VERTEX_POINT('',#9640);
#9640 = CARTESIAN_POINT('',(-8.3,-31.,17.3));
#9641 = VERTEX_POINT('',#9642);
#9642 = CARTESIAN_POINT('',(-8.3,-31.,17.9));
#9643 = SURFACE_CURVE('',#9644,(#9648,#9655),.PCURVE_S1.);
#9644 = LINE('',#9645,#9646);
#9645 = CARTESIAN_POINT('',(-8.3,-31.,14.8));
#9646 = VECTOR('',#9647,1.);
#9647 = DIRECTION('',(0.,0.,1.));
#9648 = PCURVE('',#8077,#9649);
#9649 = DEFINITIONAL_REPRESENTATION('',(#9650),#9654);
#9650 = LINE('',#9651,#9652);
#9651 = CARTESIAN_POINT('',(-2.5,4.2));
#9652 = VECTOR('',#9653,1.);
#9653 = DIRECTION('',(1.,0.));
#9654 = ( GEOMETRIC_REPRESENTATION_CONTEXT(2) 
PARAMETRIC_REPRESENTATION_CONTEXT() REPRESENTATION_CONTEXT('2D SPACE',''
  ) );
#9655 = PCURVE('',#9656,#9661);
#9656 = CYLINDRICAL_SURFACE('',#9657,1.7);
#9657 = AXIS2_PLACEMENT_3D('',#9658,#9659,#9660);
#9658 = CARTESIAN_POINT('',(-10.,-31.,14.8));
#9659 = DIRECTION('',(0.,0.,1.));
#9660 = DIRECTION('',(1.,0.,-0.));
#9661 = DEFINITIONAL_REPRESENTATION('',(#9662),#9666);
#9662 = LINE('',#9663,#9664);
#9663 = CARTESIAN_POINT('',(0.,-0.));
#9664 = VECTOR('',#9665,1.);
#9665 = DIRECTION('',(0.,1.));
#9666 = ( GEOMETRIC_REPRESENTATION_CONTEXT(2) 
PARAMETRIC_REPRESENTATION_CONTEXT() REPRESENTATION_CONTEXT('2D SPACE',''
  ) );
#9667 = ORIENTED_EDGE('',*,*,#9668,.F.);
#9668 = EDGE_CURVE('',#9669,#9639,#9671,.T.);
#9669 = VERTEX_POINT('',#9670);
#9670 = CARTESIAN_POINT('',(-11.7,-31.,17.3));
#9671 = SURFACE_CURVE('',#9672,(#9676,#9683),.PCURVE_S1.);
#9672 = LINE('',#9673,#9674);
#9673 = CARTESIAN_POINT('',(-12.5,-31.,17.3));
#9674 = VECTOR('',#9675,1.);
#9675 = DIRECTION('',(1.,0.,-0.));
#9676 = PCURVE('',#8077,#9677);
#9677 = DEFINITIONAL_REPRESENTATION('',(#9678),#9682);
#9678 = LINE('',#9679,#9680);
#9679 = CARTESIAN_POINT('',(0.,0.));
#9680 = VECTOR('',#9681,1.);
#9681 = DIRECTION('',(0.,1.));
#9682 = ( GEOMETRIC_REPRESENTATION_CONTEXT(2) 
PARAMETRIC_REPRESENTATION_CONTEXT() REPRESENTATION_CONTEXT('2D SPACE',''
  ) );
#9683 = PCURVE('',#9684,#9689);
#9684 = PLANE('',#9685);
#9685 = AXIS2_PLACEMENT_3D('',#9686,#9687,#9688);
#9686 = CARTESIAN_POINT('',(-12.5,-64.,17.3));
#9687 = DIRECTION('',(0.,0.,1.));
#9688 = DIRECTION('',(1.,0.,-0.));
#9689 = DEFINITIONAL_REPRESENTATION('',(#9690),#9694);
#9690 = LINE('',#9691,#9692);
#9691 = CARTESIAN_POINT('',(0.,33.));
#9692 = VECTOR('',#9693,1.);
#9693 = DIRECTION('',(1.,0.));
#9694 = ( GEOMETRIC_REPRESENTATION_CONTEXT(2) 
PARAMETRIC_REPRESENTATION_CONTEXT() REPRESENTATION_CONTEXT('2D SPACE',''
  ) );
#9695 = ORIENTED_EDGE('',*,*,#9696,.T.);
#9696 = EDGE_CURVE('',#9669,#9697,#9699,.T.);
#9697 = VERTEX_POINT('',#9698);
#9698 = CARTESIAN_POINT('',(-11.7,-31.,17.9));
#9699 = SURFACE_CURVE('',#9700,(#9704,#9710),.PCURVE_S1.);
#9700 = LINE('',#9701,#9702);
#9701 = CARTESIAN_POINT('',(-11.7,-31.,14.8));
#9702 = VECTOR('',#9703,1.);
#9703 = DIRECTION('',(0.,0.,1.));
#9704 = PCURVE('',#8077,#9705);
#9705 = DEFINITIONAL_REPRESENTATION('',(#9706),#9709);
#9706 = B_SPLINE_CURVE_WITH_KNOTS('',1,(#9707,#9708),.UNSPECIFIED.,.F.,
  .F.,(2,2),(2.38,3.1000024),.PIECEWISE_BEZIER_KNOTS.);
#9707 = CARTESIAN_POINT('',(-0.12,0.8));
#9708 = CARTESIAN_POINT('',(0.6000024,0.8));
#9709 = ( GEOMETRIC_REPRESENTATION_CONTEXT(2) 
PARAMETRIC_REPRESENTATION_CONTEXT() REPRESENTATION_CONTEXT('2D SPACE',''
  ) );
#9710 = PCURVE('',#9656,#9711);
#9711 = DEFINITIONAL_REPRESENTATION('',(#9712),#9715);
#9712 = B_SPLINE_CURVE_WITH_KNOTS('',1,(#9713,#9714),.UNSPECIFIED.,.F.,
  .F.,(2,2),(2.38,3.1000024),.PIECEWISE_BEZIER_KNOTS.);
#9713 = CARTESIAN_POINT('',(3.14159265359,2.38));
#9714 = CARTESIAN_POINT('',(3.14159265359,3.1000024));
#9715 = ( GEOMETRIC_REPRESENTATION_CONTEXT(2) 
PARAMETRIC_REPRESENTATION_CONTEXT() REPRESENTATION_CONTEXT('2D SPACE',''
  ) );
#9716 = ORIENTED_EDGE('',*,*,#9717,.T.);
#9717 = EDGE_CURVE('',#9697,#8240,#9718,.T.);
#9718 = SURFACE_CURVE('',#9719,(#9723,#9729),.PCURVE_S1.);
#9719 = LINE('',#9720,#9721);
#9720 = CARTESIAN_POINT('',(-11.25,-31.,17.9));
#9721 = VECTOR('',#9722,1.);
#9722 = DIRECTION('',(-1.,-0.,0.));
#9723 = PCURVE('',#8077,#9724);
#9724 = DEFINITIONAL_REPRESENTATION('',(#9725),#9728);
#9725 = B_SPLINE_CURVE_WITH_KNOTS('',1,(#9726,#9727),.UNSPECIFIED.,.F.,
  .F.,(2,2),(-3.75,1.25),.PIECEWISE_BEZIER_KNOTS.);
#9726 = CARTESIAN_POINT('',(0.6,5.));
#9727 = CARTESIAN_POINT('',(0.6,0.));
#9728 = ( GEOMETRIC_REPRESENTATION_CONTEXT(2) 
PARAMETRIC_REPRESENTATION_CONTEXT() REPRESENTATION_CONTEXT('2D SPACE',''
  ) );
#9729 = PCURVE('',#8158,#9730);
#9730 = DEFINITIONAL_REPRESENTATION('',(#9731),#9734);
#9731 = B_SPLINE_CURVE_WITH_KNOTS('',1,(#9732,#9733),.UNSPECIFIED.,.F.,
  .F.,(2,2),(-3.75,1.25),.PIECEWISE_BEZIER_KNOTS.);
#9732 = CARTESIAN_POINT('',(2.5,0.));
#9733 = CARTESIAN_POINT('',(-2.5,0.));
#9734 = ( GEOMETRIC_REPRESENTATION_CONTEXT(2) 
PARAMETRIC_REPRESENTATION_CONTEXT() REPRESENTATION_CONTEXT('2D SPACE',''
  ) );
#9735 = ORIENTED_EDGE('',*,*,#8260,.T.);
#9736 = ORIENTED_EDGE('',*,*,#8063,.T.);
#9737 = ORIENTED_EDGE('',*,*,#8169,.F.);
#9738 = ORIENTED_EDGE('',*,*,#9739,.T.);
#9739 = EDGE_CURVE('',#8144,#9641,#9740,.T.);
#9740 = SURFACE_CURVE('',#9741,(#9745,#9751),.PCURVE_S1.);
#9741 = LINE('',#9742,#9743);
#9742 = CARTESIAN_POINT('',(-11.25,-31.,17.9));
#9743 = VECTOR('',#9744,1.);
#9744 = DIRECTION('',(-1.,-0.,0.));
#9745 = PCURVE('',#8077,#9746);
#9746 = DEFINITIONAL_REPRESENTATION('',(#9747),#9750);
#9747 = B_SPLINE_CURVE_WITH_KNOTS('',1,(#9748,#9749),.UNSPECIFIED.,.F.,
  .F.,(2,2),(-3.75,1.25),.PIECEWISE_BEZIER_KNOTS.);
#9748 = CARTESIAN_POINT('',(0.6,5.));
#9749 = CARTESIAN_POINT('',(0.6,0.));
#9750 = ( GEOMETRIC_REPRESENTATION_CONTEXT(2) 
PARAMETRIC_REPRESENTATION_CONTEXT() REPRESENTATION_CONTEXT('2D SPACE',''
  ) );
#9751 = PCURVE('',#8158,#9752);
#9752 = DEFINITIONAL_REPRESENTATION('',(#9753),#9756);
#9753 = B_SPLINE_CURVE_WITH_KNOTS('',1,(#9754,#9755),.UNSPECIFIED.,.F.,
  .F.,(2,2),(-3.75,1.25),.PIECEWISE_BEZIER_KNOTS.);
#9754 = CARTESIAN_POINT('',(2.5,0.));
#9755 = CARTESIAN_POINT('',(-2.5,0.));
#9756 = ( GEOMETRIC_REPRESENTATION_CONTEXT(2) 
PARAMETRIC_REPRESENTATION_CONTEXT() REPRESENTATION_CONTEXT('2D SPACE',''
  ) );
#9757 = ADVANCED_FACE('',(#9758),#8158,.T.);
#9758 = FACE_BOUND('',#9759,.T.);
#9759 = EDGE_LOOP('',(#9760,#9784,#9806,#9807,#9808,#9830,#9831));
#9760 = ORIENTED_EDGE('',*,*,#9761,.T.);
#9761 = EDGE_CURVE('',#8118,#9762,#9764,.T.);
#9762 = VERTEX_POINT('',#9763);
#9763 = CARTESIAN_POINT('',(-6.,-31.,17.9));
#9764 = SURFACE_CURVE('',#9765,(#9770,#9777),.PCURVE_S1.);
#9765 = CIRCLE('',#9766,4.);
#9766 = AXIS2_PLACEMENT_3D('',#9767,#9768,#9769);
#9767 = CARTESIAN_POINT('',(-10.,-31.,17.9));
#9768 = DIRECTION('',(0.,0.,1.));
#9769 = DIRECTION('',(1.,0.,-0.));
#9770 = PCURVE('',#8158,#9771);
#9771 = DEFINITIONAL_REPRESENTATION('',(#9772),#9776);
#9772 = CIRCLE('',#9773,4.);
#9773 = AXIS2_PLACEMENT_2D('',#9774,#9775);
#9774 = CARTESIAN_POINT('',(0.,0.));
#9775 = DIRECTION('',(1.,0.));
#9776 = ( GEOMETRIC_REPRESENTATION_CONTEXT(2) 
PARAMETRIC_REPRESENTATION_CONTEXT() REPRESENTATION_CONTEXT('2D SPACE',''
  ) );
#9777 = PCURVE('',#8132,#9778);
#9778 = DEFINITIONAL_REPRESENTATION('',(#9779),#9783);
#9779 = LINE('',#9780,#9781);
#9780 = CARTESIAN_POINT('',(0.,1.2));
#9781 = VECTOR('',#9782,1.);
#9782 = DIRECTION('',(1.,0.));
#9783 = ( GEOMETRIC_REPRESENTATION_CONTEXT(2) 
PARAMETRIC_REPRESENTATION_CONTEXT() REPRESENTATION_CONTEXT('2D SPACE',''
  ) );
#9784 = ORIENTED_EDGE('',*,*,#9785,.T.);
#9785 = EDGE_CURVE('',#9762,#8219,#9786,.T.);
#9786 = SURFACE_CURVE('',#9787,(#9792,#9799),.PCURVE_S1.);
#9787 = CIRCLE('',#9788,4.);
#9788 = AXIS2_PLACEMENT_3D('',#9789,#9790,#9791);
#9789 = CARTESIAN_POINT('',(-10.,-31.,17.9));
#9790 = DIRECTION('',(0.,0.,1.));
#9791 = DIRECTION('',(1.,0.,-0.));
#9792 = PCURVE('',#8158,#9793);
#9793 = DEFINITIONAL_REPRESENTATION('',(#9794),#9798);
#9794 = CIRCLE('',#9795,4.);
#9795 = AXIS2_PLACEMENT_2D('',#9796,#9797);
#9796 = CARTESIAN_POINT('',(0.,0.));
#9797 = DIRECTION('',(1.,0.));
#9798 = ( GEOMETRIC_REPRESENTATION_CONTEXT(2) 
PARAMETRIC_REPRESENTATION_CONTEXT() REPRESENTATION_CONTEXT('2D SPACE',''
  ) );
#9799 = PCURVE('',#8132,#9800);
#9800 = DEFINITIONAL_REPRESENTATION('',(#9801),#9805);
#9801 = LINE('',#9802,#9803);
#9802 = CARTESIAN_POINT('',(0.,1.2));
#9803 = VECTOR('',#9804,1.);
#9804 = DIRECTION('',(1.,0.));
#9805 = ( GEOMETRIC_REPRESENTATION_CONTEXT(2) 
PARAMETRIC_REPRESENTATION_CONTEXT() REPRESENTATION_CONTEXT('2D SPACE',''
  ) );
#9806 = ORIENTED_EDGE('',*,*,#8239,.T.);
#9807 = ORIENTED_EDGE('',*,*,#9717,.F.);
#9808 = ORIENTED_EDGE('',*,*,#9809,.F.);
#9809 = EDGE_CURVE('',#9641,#9697,#9810,.T.);
#9810 = SURFACE_CURVE('',#9811,(#9816,#9823),.PCURVE_S1.);
#9811 = CIRCLE('',#9812,1.7);
#9812 = AXIS2_PLACEMENT_3D('',#9813,#9814,#9815);
#9813 = CARTESIAN_POINT('',(-10.,-31.,17.9));
#9814 = DIRECTION('',(0.,0.,1.));
#9815 = DIRECTION('',(1.,0.,-0.));
#9816 = PCURVE('',#8158,#9817);
#9817 = DEFINITIONAL_REPRESENTATION('',(#9818),#9822);
#9818 = CIRCLE('',#9819,1.7);
#9819 = AXIS2_PLACEMENT_2D('',#9820,#9821);
#9820 = CARTESIAN_POINT('',(0.,0.));
#9821 = DIRECTION('',(1.,0.));
#9822 = ( GEOMETRIC_REPRESENTATION_CONTEXT(2) 
PARAMETRIC_REPRESENTATION_CONTEXT() REPRESENTATION_CONTEXT('2D SPACE',''
  ) );
#9823 = PCURVE('',#9656,#9824);
#9824 = DEFINITIONAL_REPRESENTATION('',(#9825),#9829);
#9825 = LINE('',#9826,#9827);
#9826 = CARTESIAN_POINT('',(0.,3.1));
#9827 = VECTOR('',#9828,1.);
#9828 = DIRECTION('',(1.,0.));
#9829 = ( GEOMETRIC_REPRESENTATION_CONTEXT(2) 
PARAMETRIC_REPRESENTATION_CONTEXT() REPRESENTATION_CONTEXT('2D SPACE',''
  ) );
#9830 = ORIENTED_EDGE('',*,*,#9739,.F.);
#9831 = ORIENTED_EDGE('',*,*,#8143,.F.);
#9832 = ADVANCED_FACE('',(#9833),#8132,.T.);
#9833 = FACE_BOUND('',#9834,.T.);
#9834 = EDGE_LOOP('',(#9835,#9858,#9859,#9860,#9861,#9862,#9863,#9864));
#9835 = ORIENTED_EDGE('',*,*,#9836,.T.);
#9836 = EDGE_CURVE('',#9837,#9762,#9839,.T.);
#9837 = VERTEX_POINT('',#9838);
#9838 = CARTESIAN_POINT('',(-6.,-31.,16.7));
#9839 = SEAM_CURVE('',#9840,(#9844,#9851),.PCURVE_S1.);
#9840 = LINE('',#9841,#9842);
#9841 = CARTESIAN_POINT('',(-6.,-31.,16.7));
#9842 = VECTOR('',#9843,1.);
#9843 = DIRECTION('',(0.,0.,1.));
#9844 = PCURVE('',#8132,#9845);
#9845 = DEFINITIONAL_REPRESENTATION('',(#9846),#9850);
#9846 = LINE('',#9847,#9848);
#9847 = CARTESIAN_POINT('',(6.28318530718,-0.));
#9848 = VECTOR('',#9849,1.);
#9849 = DIRECTION('',(0.,1.));
#9850 = ( GEOMETRIC_REPRESENTATION_CONTEXT(2) 
PARAMETRIC_REPRESENTATION_CONTEXT() REPRESENTATION_CONTEXT('2D SPACE',''
  ) );
#9851 = PCURVE('',#8132,#9852);
#9852 = DEFINITIONAL_REPRESENTATION('',(#9853),#9857);
#9853 = LINE('',#9854,#9855);
#9854 = CARTESIAN_POINT('',(0.,-0.));
#9855 = VECTOR('',#9856,1.);
#9856 = DIRECTION('',(0.,1.));
#9857 = ( GEOMETRIC_REPRESENTATION_CONTEXT(2) 
PARAMETRIC_REPRESENTATION_CONTEXT() REPRESENTATION_CONTEXT('2D SPACE',''
  ) );
#9858 = ORIENTED_EDGE('',*,*,#9761,.F.);
#9859 = ORIENTED_EDGE('',*,*,#8117,.F.);
#9860 = ORIENTED_EDGE('',*,*,#8287,.F.);
#9861 = ORIENTED_EDGE('',*,*,#8218,.T.);
#9862 = ORIENTED_EDGE('',*,*,#9785,.F.);
#9863 = ORIENTED_EDGE('',*,*,#9836,.F.);
#9864 = ORIENTED_EDGE('',*,*,#9865,.T.);
#9865 = EDGE_CURVE('',#9837,#9837,#9866,.T.);
#9866 = SURFACE_CURVE('',#9867,(#9872,#9879),.PCURVE_S1.);
#9867 = CIRCLE('',#9868,4.);
#9868 = AXIS2_PLACEMENT_3D('',#9869,#9870,#9871);
#9869 = CARTESIAN_POINT('',(-10.,-31.,16.7));
#9870 = DIRECTION('',(0.,0.,1.));
#9871 = DIRECTION('',(1.,0.,-0.));
#9872 = PCURVE('',#8132,#9873);
#9873 = DEFINITIONAL_REPRESENTATION('',(#9874),#9878);
#9874 = LINE('',#9875,#9876);
#9875 = CARTESIAN_POINT('',(0.,0.));
#9876 = VECTOR('',#9877,1.);
#9877 = DIRECTION('',(1.,0.));
#9878 = ( GEOMETRIC_REPRESENTATION_CONTEXT(2) 
PARAMETRIC_REPRESENTATION_CONTEXT() REPRESENTATION_CONTEXT('2D SPACE',''
  ) );
#9879 = PCURVE('',#9880,#9885);
#9880 = PLANE('',#9881);
#9881 = AXIS2_PLACEMENT_3D('',#9882,#9883,#9884);
#9882 = CARTESIAN_POINT('',(-10.,-31.,16.7));
#9883 = DIRECTION('',(0.,0.,1.));
#9884 = DIRECTION('',(1.,0.,-0.));
#9885 = DEFINITIONAL_REPRESENTATION('',(#9886),#9890);
#9886 = CIRCLE('',#9887,4.);
#9887 = AXIS2_PLACEMENT_2D('',#9888,#9889);
#9888 = CARTESIAN_POINT('',(0.,0.));
#9889 = DIRECTION('',(1.,0.));
#9890 = ( GEOMETRIC_REPRESENTATION_CONTEXT(2) 
PARAMETRIC_REPRESENTATION_CONTEXT() REPRESENTATION_CONTEXT('2D SPACE',''
  ) );
#9891 = ADVANCED_FACE('',(#9892),#8330,.T.);
#9892 = FACE_BOUND('',#9893,.T.);
#9893 = EDGE_LOOP('',(#9894,#9924,#9952,#9973,#9992,#9993,#9994,#9995));
#9894 = ORIENTED_EDGE('',*,*,#9895,.F.);
#9895 = EDGE_CURVE('',#9896,#9898,#9900,.T.);
#9896 = VERTEX_POINT('',#9897);
#9897 = CARTESIAN_POINT('',(95.7,-31.,17.3));
#9898 = VERTEX_POINT('',#9899);
#9899 = CARTESIAN_POINT('',(95.7,-31.,17.9));
#9900 = SURFACE_CURVE('',#9901,(#9905,#9912),.PCURVE_S1.);
#9901 = LINE('',#9902,#9903);
#9902 = CARTESIAN_POINT('',(95.7,-31.,14.8));
#9903 = VECTOR('',#9904,1.);
#9904 = DIRECTION('',(0.,0.,1.));
#9905 = PCURVE('',#8330,#9906);
#9906 = DEFINITIONAL_REPRESENTATION('',(#9907),#9911);
#9907 = LINE('',#9908,#9909);
#9908 = CARTESIAN_POINT('',(-2.5,4.2));
#9909 = VECTOR('',#9910,1.);
#9910 = DIRECTION('',(1.,0.));
#9911 = ( GEOMETRIC_REPRESENTATION_CONTEXT(2) 
PARAMETRIC_REPRESENTATION_CONTEXT() REPRESENTATION_CONTEXT('2D SPACE',''
  ) );
#9912 = PCURVE('',#9913,#9918);
#9913 = CYLINDRICAL_SURFACE('',#9914,1.7);
#9914 = AXIS2_PLACEMENT_3D('',#9915,#9916,#9917);
#9915 = CARTESIAN_POINT('',(94.,-31.,14.8));
#9916 = DIRECTION('',(0.,0.,1.));
#9917 = DIRECTION('',(1.,0.,-0.));
#9918 = DEFINITIONAL_REPRESENTATION('',(#9919),#9923);
#9919 = LINE('',#9920,#9921);
#9920 = CARTESIAN_POINT('',(0.,-0.));
#9921 = VECTOR('',#9922,1.);
#9922 = DIRECTION('',(0.,1.));
#9923 = ( GEOMETRIC_REPRESENTATION_CONTEXT(2) 
PARAMETRIC_REPRESENTATION_CONTEXT() REPRESENTATION_CONTEXT('2D SPACE',''
  ) );
#9924 = ORIENTED_EDGE('',*,*,#9925,.F.);
#9925 = EDGE_CURVE('',#9926,#9896,#9928,.T.);
#9926 = VERTEX_POINT('',#9927);
#9927 = CARTESIAN_POINT('',(92.3,-31.,17.3));
#9928 = SURFACE_CURVE('',#9929,(#9933,#9940),.PCURVE_S1.);
#9929 = LINE('',#9930,#9931);
#9930 = CARTESIAN_POINT('',(91.5,-31.,17.3));
#9931 = VECTOR('',#9932,1.);
#9932 = DIRECTION('',(1.,0.,-0.));
#9933 = PCURVE('',#8330,#9934);
#9934 = DEFINITIONAL_REPRESENTATION('',(#9935),#9939);
#9935 = LINE('',#9936,#9937);
#9936 = CARTESIAN_POINT('',(0.,0.));
#9937 = VECTOR('',#9938,1.);
#9938 = DIRECTION('',(0.,1.));
#9939 = ( GEOMETRIC_REPRESENTATION_CONTEXT(2) 
PARAMETRIC_REPRESENTATION_CONTEXT() REPRESENTATION_CONTEXT('2D SPACE',''
  ) );
#9940 = PCURVE('',#9941,#9946);
#9941 = PLANE('',#9942);
#9942 = AXIS2_PLACEMENT_3D('',#9943,#9944,#9945);
#9943 = CARTESIAN_POINT('',(91.5,-64.,17.3));
#9944 = DIRECTION('',(0.,0.,1.));
#9945 = DIRECTION('',(1.,0.,-0.));
#9946 = DEFINITIONAL_REPRESENTATION('',(#9947),#9951);
#9947 = LINE('',#9948,#9949);
#9948 = CARTESIAN_POINT('',(0.,33.));
#9949 = VECTOR('',#9950,1.);
#9950 = DIRECTION('',(1.,0.));
#9951 = ( GEOMETRIC_REPRESENTATION_CONTEXT(2) 
PARAMETRIC_REPRESENTATION_CONTEXT() REPRESENTATION_CONTEXT('2D SPACE',''
  ) );
#9952 = ORIENTED_EDGE('',*,*,#9953,.T.);
#9953 = EDGE_CURVE('',#9926,#9954,#9956,.T.);
#9954 = VERTEX_POINT('',#9955);
#9955 = CARTESIAN_POINT('',(92.3,-31.,17.9));
#9956 = SURFACE_CURVE('',#9957,(#9961,#9967),.PCURVE_S1.);
#9957 = LINE('',#9958,#9959);
#9958 = CARTESIAN_POINT('',(92.3,-31.,14.8));
#9959 = VECTOR('',#9960,1.);
#9960 = DIRECTION('',(0.,0.,1.));
#9961 = PCURVE('',#8330,#9962);
#9962 = DEFINITIONAL_REPRESENTATION('',(#9963),#9966);
#9963 = B_SPLINE_CURVE_WITH_KNOTS('',1,(#9964,#9965),.UNSPECIFIED.,.F.,
  .F.,(2,2),(2.38,3.1000024),.PIECEWISE_BEZIER_KNOTS.);
#9964 = CARTESIAN_POINT('',(-0.12,0.8));
#9965 = CARTESIAN_POINT('',(0.6000024,0.8));
#9966 = ( GEOMETRIC_REPRESENTATION_CONTEXT(2) 
PARAMETRIC_REPRESENTATION_CONTEXT() REPRESENTATION_CONTEXT('2D SPACE',''
  ) );
#9967 = PCURVE('',#9913,#9968);
#9968 = DEFINITIONAL_REPRESENTATION('',(#9969),#9972);
#9969 = B_SPLINE_CURVE_WITH_KNOTS('',1,(#9970,#9971),.UNSPECIFIED.,.F.,
  .F.,(2,2),(2.38,3.1000024),.PIECEWISE_BEZIER_KNOTS.);
#9970 = CARTESIAN_POINT('',(3.14159265359,2.38));
#9971 = CARTESIAN_POINT('',(3.14159265359,3.1000024));
#9972 = ( GEOMETRIC_REPRESENTATION_CONTEXT(2) 
PARAMETRIC_REPRESENTATION_CONTEXT() REPRESENTATION_CONTEXT('2D SPACE',''
  ) );
#9973 = ORIENTED_EDGE('',*,*,#9974,.T.);
#9974 = EDGE_CURVE('',#9954,#8541,#9975,.T.);
#9975 = SURFACE_CURVE('',#9976,(#9980,#9986),.PCURVE_S1.);
#9976 = LINE('',#9977,#9978);
#9977 = CARTESIAN_POINT('',(92.75,-31.,17.9));
#9978 = VECTOR('',#9979,1.);
#9979 = DIRECTION('',(-1.,-0.,0.));
#9980 = PCURVE('',#8330,#9981);
#9981 = DEFINITIONAL_REPRESENTATION('',(#9982),#9985);
#9982 = B_SPLINE_CURVE_WITH_KNOTS('',1,(#9983,#9984),.UNSPECIFIED.,.F.,
  .F.,(2,2),(-3.75,1.25),.PIECEWISE_BEZIER_KNOTS.);
#9983 = CARTESIAN_POINT('',(0.6,5.));
#9984 = CARTESIAN_POINT('',(0.6,0.));
#9985 = ( GEOMETRIC_REPRESENTATION_CONTEXT(2) 
PARAMETRIC_REPRESENTATION_CONTEXT() REPRESENTATION_CONTEXT('2D SPACE',''
  ) );
#9986 = PCURVE('',#8555,#9987);
#9987 = DEFINITIONAL_REPRESENTATION('',(#9988),#9991);
#9988 = B_SPLINE_CURVE_WITH_KNOTS('',1,(#9989,#9990),.UNSPECIFIED.,.F.,
  .F.,(2,2),(-3.75,1.25),.PIECEWISE_BEZIER_KNOTS.);
#9989 = CARTESIAN_POINT('',(2.5,0.));
#9990 = CARTESIAN_POINT('',(-2.5,0.));
#9991 = ( GEOMETRIC_REPRESENTATION_CONTEXT(2) 
PARAMETRIC_REPRESENTATION_CONTEXT() REPRESENTATION_CONTEXT('2D SPACE',''
  ) );
#9992 = ORIENTED_EDGE('',*,*,#8566,.T.);
#9993 = ORIENTED_EDGE('',*,*,#8312,.T.);
#9994 = ORIENTED_EDGE('',*,*,#9614,.F.);
#9995 = ORIENTED_EDGE('',*,*,#9996,.T.);
#9996 = EDGE_CURVE('',#9594,#9898,#9997,.T.);
#9997 = SURFACE_CURVE('',#9998,(#10002,#10008),.PCURVE_S1.);
#9998 = LINE('',#9999,#10000);
#9999 = CARTESIAN_POINT('',(92.75,-31.,17.9));
#10000 = VECTOR('',#10001,1.);
#10001 = DIRECTION('',(-1.,-0.,0.));
#10002 = PCURVE('',#8330,#10003);
#10003 = DEFINITIONAL_REPRESENTATION('',(#10004),#10007);
#10004 = B_SPLINE_CURVE_WITH_KNOTS('',1,(#10005,#10006),.UNSPECIFIED.,
  .F.,.F.,(2,2),(-3.75,1.25),.PIECEWISE_BEZIER_KNOTS.);
#10005 = CARTESIAN_POINT('',(0.6,5.));
#10006 = CARTESIAN_POINT('',(0.6,0.));
#10007 = ( GEOMETRIC_REPRESENTATION_CONTEXT(2) 
PARAMETRIC_REPRESENTATION_CONTEXT() REPRESENTATION_CONTEXT('2D SPACE',''
  ) );
#10008 = PCURVE('',#8555,#10009);
#10009 = DEFINITIONAL_REPRESENTATION('',(#10010),#10013);
#10010 = B_SPLINE_CURVE_WITH_KNOTS('',1,(#10011,#10012),.UNSPECIFIED.,
  .F.,.F.,(2,2),(-3.75,1.25),.PIECEWISE_BEZIER_KNOTS.);
#10011 = CARTESIAN_POINT('',(2.5,0.));
#10012 = CARTESIAN_POINT('',(-2.5,0.));
#10013 = ( GEOMETRIC_REPRESENTATION_CONTEXT(2) 
PARAMETRIC_REPRESENTATION_CONTEXT() REPRESENTATION_CONTEXT('2D SPACE',''
  ) );
#10014 = ADVANCED_FACE('',(#10015),#8501,.T.);
#10015 = FACE_BOUND('',#10016,.T.);
#10016 = EDGE_LOOP('',(#10017,#10042,#10064,#10065,#10066,#10067,#10089,
    #10090));
#10017 = ORIENTED_EDGE('',*,*,#10018,.T.);
#10018 = EDGE_CURVE('',#10019,#10021,#10023,.T.);
#10019 = VERTEX_POINT('',#10020);
#10020 = CARTESIAN_POINT('',(98.,-31.,16.7));
#10021 = VERTEX_POINT('',#10022);
#10022 = CARTESIAN_POINT('',(98.,-31.,17.9));
#10023 = SEAM_CURVE('',#10024,(#10028,#10035),.PCURVE_S1.);
#10024 = LINE('',#10025,#10026);
#10025 = CARTESIAN_POINT('',(98.,-31.,16.7));
#10026 = VECTOR('',#10027,1.);
#10027 = DIRECTION('',(0.,0.,1.));
#10028 = PCURVE('',#8501,#10029);
#10029 = DEFINITIONAL_REPRESENTATION('',(#10030),#10034);
#10030 = LINE('',#10031,#10032);
#10031 = CARTESIAN_POINT('',(6.28318530718,-0.));
#10032 = VECTOR('',#10033,1.);
#10033 = DIRECTION('',(0.,1.));
#10034 = ( GEOMETRIC_REPRESENTATION_CONTEXT(2) 
PARAMETRIC_REPRESENTATION_CONTEXT() REPRESENTATION_CONTEXT('2D SPACE',''
  ) );
#10035 = PCURVE('',#8501,#10036);
#10036 = DEFINITIONAL_REPRESENTATION('',(#10037),#10041);
#10037 = LINE('',#10038,#10039);
#10038 = CARTESIAN_POINT('',(0.,-0.));
#10039 = VECTOR('',#10040,1.);
#10040 = DIRECTION('',(0.,1.));
#10041 = ( GEOMETRIC_REPRESENTATION_CONTEXT(2) 
PARAMETRIC_REPRESENTATION_CONTEXT() REPRESENTATION_CONTEXT('2D SPACE',''
  ) );
#10042 = ORIENTED_EDGE('',*,*,#10043,.F.);
#10043 = EDGE_CURVE('',#9573,#10021,#10044,.T.);
#10044 = SURFACE_CURVE('',#10045,(#10050,#10057),.PCURVE_S1.);
#10045 = CIRCLE('',#10046,4.);
#10046 = AXIS2_PLACEMENT_3D('',#10047,#10048,#10049);
#10047 = CARTESIAN_POINT('',(94.,-31.,17.9));
#10048 = DIRECTION('',(0.,0.,1.));
#10049 = DIRECTION('',(1.,0.,-0.));
#10050 = PCURVE('',#8501,#10051);
#10051 = DEFINITIONAL_REPRESENTATION('',(#10052),#10056);
#10052 = LINE('',#10053,#10054);
#10053 = CARTESIAN_POINT('',(0.,1.2));
#10054 = VECTOR('',#10055,1.);
#10055 = DIRECTION('',(1.,0.));
#10056 = ( GEOMETRIC_REPRESENTATION_CONTEXT(2) 
PARAMETRIC_REPRESENTATION_CONTEXT() REPRESENTATION_CONTEXT('2D SPACE',''
  ) );
#10057 = PCURVE('',#8555,#10058);
#10058 = DEFINITIONAL_REPRESENTATION('',(#10059),#10063);
#10059 = CIRCLE('',#10060,4.);
#10060 = AXIS2_PLACEMENT_2D('',#10061,#10062);
#10061 = CARTESIAN_POINT('',(0.,0.));
#10062 = DIRECTION('',(1.,0.));
#10063 = ( GEOMETRIC_REPRESENTATION_CONTEXT(2) 
PARAMETRIC_REPRESENTATION_CONTEXT() REPRESENTATION_CONTEXT('2D SPACE',''
  ) );
#10064 = ORIENTED_EDGE('',*,*,#9572,.F.);
#10065 = ORIENTED_EDGE('',*,*,#8486,.F.);
#10066 = ORIENTED_EDGE('',*,*,#8519,.T.);
#10067 = ORIENTED_EDGE('',*,*,#10068,.F.);
#10068 = EDGE_CURVE('',#10021,#8520,#10069,.T.);
#10069 = SURFACE_CURVE('',#10070,(#10075,#10082),.PCURVE_S1.);
#10070 = CIRCLE('',#10071,4.);
#10071 = AXIS2_PLACEMENT_3D('',#10072,#10073,#10074);
#10072 = CARTESIAN_POINT('',(94.,-31.,17.9));
#10073 = DIRECTION('',(0.,0.,1.));
#10074 = DIRECTION('',(1.,0.,-0.));
#10075 = PCURVE('',#8501,#10076);
#10076 = DEFINITIONAL_REPRESENTATION('',(#10077),#10081);
#10077 = LINE('',#10078,#10079);
#10078 = CARTESIAN_POINT('',(0.,1.2));
#10079 = VECTOR('',#10080,1.);
#10080 = DIRECTION('',(1.,0.));
#10081 = ( GEOMETRIC_REPRESENTATION_CONTEXT(2) 
PARAMETRIC_REPRESENTATION_CONTEXT() REPRESENTATION_CONTEXT('2D SPACE',''
  ) );
#10082 = PCURVE('',#8555,#10083);
#10083 = DEFINITIONAL_REPRESENTATION('',(#10084),#10088);
#10084 = CIRCLE('',#10085,4.);
#10085 = AXIS2_PLACEMENT_2D('',#10086,#10087);
#10086 = CARTESIAN_POINT('',(0.,0.));
#10087 = DIRECTION('',(1.,0.));
#10088 = ( GEOMETRIC_REPRESENTATION_CONTEXT(2) 
PARAMETRIC_REPRESENTATION_CONTEXT() REPRESENTATION_CONTEXT('2D SPACE',''
  ) );
#10089 = ORIENTED_EDGE('',*,*,#10018,.F.);
#10090 = ORIENTED_EDGE('',*,*,#10091,.T.);
#10091 = EDGE_CURVE('',#10019,#10019,#10092,.T.);
#10092 = SURFACE_CURVE('',#10093,(#10098,#10105),.PCURVE_S1.);
#10093 = CIRCLE('',#10094,4.);
#10094 = AXIS2_PLACEMENT_3D('',#10095,#10096,#10097);
#10095 = CARTESIAN_POINT('',(94.,-31.,16.7));
#10096 = DIRECTION('',(0.,0.,1.));
#10097 = DIRECTION('',(1.,0.,-0.));
#10098 = PCURVE('',#8501,#10099);
#10099 = DEFINITIONAL_REPRESENTATION('',(#10100),#10104);
#10100 = LINE('',#10101,#10102);
#10101 = CARTESIAN_POINT('',(0.,0.));
#10102 = VECTOR('',#10103,1.);
#10103 = DIRECTION('',(1.,0.));
#10104 = ( GEOMETRIC_REPRESENTATION_CONTEXT(2) 
PARAMETRIC_REPRESENTATION_CONTEXT() REPRESENTATION_CONTEXT('2D SPACE',''
  ) );
#10105 = PCURVE('',#10106,#10111);
#10106 = PLANE('',#10107);
#10107 = AXIS2_PLACEMENT_3D('',#10108,#10109,#10110);
#10108 = CARTESIAN_POINT('',(94.,-31.,16.7));
#10109 = DIRECTION('',(0.,0.,1.));
#10110 = DIRECTION('',(1.,0.,-0.));
#10111 = DEFINITIONAL_REPRESENTATION('',(#10112),#10116);
#10112 = CIRCLE('',#10113,4.);
#10113 = AXIS2_PLACEMENT_2D('',#10114,#10115);
#10114 = CARTESIAN_POINT('',(0.,0.));
#10115 = DIRECTION('',(1.,0.));
#10116 = ( GEOMETRIC_REPRESENTATION_CONTEXT(2) 
PARAMETRIC_REPRESENTATION_CONTEXT() REPRESENTATION_CONTEXT('2D SPACE',''
  ) );
#10117 = ADVANCED_FACE('',(#10118),#8555,.T.);
#10118 = FACE_BOUND('',#10119,.T.);
#10119 = EDGE_LOOP('',(#10120,#10121,#10122,#10123,#10124,#10146,#10147)
  );
#10120 = ORIENTED_EDGE('',*,*,#10043,.T.);
#10121 = ORIENTED_EDGE('',*,*,#10068,.T.);
#10122 = ORIENTED_EDGE('',*,*,#8540,.T.);
#10123 = ORIENTED_EDGE('',*,*,#9974,.F.);
#10124 = ORIENTED_EDGE('',*,*,#10125,.F.);
#10125 = EDGE_CURVE('',#9898,#9954,#10126,.T.);
#10126 = SURFACE_CURVE('',#10127,(#10132,#10139),.PCURVE_S1.);
#10127 = CIRCLE('',#10128,1.7);
#10128 = AXIS2_PLACEMENT_3D('',#10129,#10130,#10131);
#10129 = CARTESIAN_POINT('',(94.,-31.,17.9));
#10130 = DIRECTION('',(0.,0.,1.));
#10131 = DIRECTION('',(1.,0.,-0.));
#10132 = PCURVE('',#8555,#10133);
#10133 = DEFINITIONAL_REPRESENTATION('',(#10134),#10138);
#10134 = CIRCLE('',#10135,1.7);
#10135 = AXIS2_PLACEMENT_2D('',#10136,#10137);
#10136 = CARTESIAN_POINT('',(0.,0.));
#10137 = DIRECTION('',(1.,0.));
#10138 = ( GEOMETRIC_REPRESENTATION_CONTEXT(2) 
PARAMETRIC_REPRESENTATION_CONTEXT() REPRESENTATION_CONTEXT('2D SPACE',''
  ) );
#10139 = PCURVE('',#9913,#10140);
#10140 = DEFINITIONAL_REPRESENTATION('',(#10141),#10145);
#10141 = LINE('',#10142,#10143);
#10142 = CARTESIAN_POINT('',(0.,3.1));
#10143 = VECTOR('',#10144,1.);
#10144 = DIRECTION('',(1.,0.));
#10145 = ( GEOMETRIC_REPRESENTATION_CONTEXT(2) 
PARAMETRIC_REPRESENTATION_CONTEXT() REPRESENTATION_CONTEXT('2D SPACE',''
  ) );
#10146 = ORIENTED_EDGE('',*,*,#9996,.F.);
#10147 = ORIENTED_EDGE('',*,*,#9593,.F.);
#10148 = ADVANCED_FACE('',(#10149,#10175),#8611,.F.);
#10149 = FACE_BOUND('',#10150,.F.);
#10150 = EDGE_LOOP('',(#10151,#10152,#10173,#10174));
#10151 = ORIENTED_EDGE('',*,*,#8594,.T.);
#10152 = ORIENTED_EDGE('',*,*,#10153,.T.);
#10153 = EDGE_CURVE('',#8595,#9454,#10154,.T.);
#10154 = SEAM_CURVE('',#10155,(#10159,#10166),.PCURVE_S1.);
#10155 = LINE('',#10156,#10157);
#10156 = CARTESIAN_POINT('',(100.35,-59.,13.));
#10157 = VECTOR('',#10158,1.);
#10158 = DIRECTION('',(0.,0.,1.));
#10159 = PCURVE('',#8611,#10160);
#10160 = DEFINITIONAL_REPRESENTATION('',(#10161),#10165);
#10161 = LINE('',#10162,#10163);
#10162 = CARTESIAN_POINT('',(0.,-0.));
#10163 = VECTOR('',#10164,1.);
#10164 = DIRECTION('',(0.,1.));
#10165 = ( GEOMETRIC_REPRESENTATION_CONTEXT(2) 
PARAMETRIC_REPRESENTATION_CONTEXT() REPRESENTATION_CONTEXT('2D SPACE',''
  ) );
#10166 = PCURVE('',#8611,#10167);
#10167 = DEFINITIONAL_REPRESENTATION('',(#10168),#10172);
#10168 = LINE('',#10169,#10170);
#10169 = CARTESIAN_POINT('',(6.28318530718,-0.));
#10170 = VECTOR('',#10171,1.);
#10171 = DIRECTION('',(0.,1.));
#10172 = ( GEOMETRIC_REPRESENTATION_CONTEXT(2) 
PARAMETRIC_REPRESENTATION_CONTEXT() REPRESENTATION_CONTEXT('2D SPACE',''
  ) );
#10173 = ORIENTED_EDGE('',*,*,#9453,.F.);
#10174 = ORIENTED_EDGE('',*,*,#10153,.F.);
#10175 = FACE_BOUND('',#10176,.F.);
#10176 = EDGE_LOOP('',(#10177,#10205,#10234,#10255));
#10177 = ORIENTED_EDGE('',*,*,#10178,.F.);
#10178 = EDGE_CURVE('',#10179,#10181,#10183,.T.);
#10179 = VERTEX_POINT('',#10180);
#10180 = CARTESIAN_POINT('',(96.5,-60.80900525151,17.3));
#10181 = VERTEX_POINT('',#10182);
#10182 = CARTESIAN_POINT('',(96.5,-60.80900525151,18.5));
#10183 = SURFACE_CURVE('',#10184,(#10188,#10194),.PCURVE_S1.);
#10184 = LINE('',#10185,#10186);
#10185 = CARTESIAN_POINT('',(96.5,-60.80900525151,13.));
#10186 = VECTOR('',#10187,1.);
#10187 = DIRECTION('',(0.,0.,1.));
#10188 = PCURVE('',#8611,#10189);
#10189 = DEFINITIONAL_REPRESENTATION('',(#10190),#10193);
#10190 = B_SPLINE_CURVE_WITH_KNOTS('',1,(#10191,#10192),.UNSPECIFIED.,
  .F.,.F.,(2,2),(4.18,5.62),.PIECEWISE_BEZIER_KNOTS.);
#10191 = CARTESIAN_POINT('',(4.020103907301,4.18));
#10192 = CARTESIAN_POINT('',(4.020103907301,5.62));
#10193 = ( GEOMETRIC_REPRESENTATION_CONTEXT(2) 
PARAMETRIC_REPRESENTATION_CONTEXT() REPRESENTATION_CONTEXT('2D SPACE',''
  ) );
#10194 = PCURVE('',#10195,#10200);
#10195 = PLANE('',#10196);
#10196 = AXIS2_PLACEMENT_3D('',#10197,#10198,#10199);
#10197 = CARTESIAN_POINT('',(96.5,-64.,17.3));
#10198 = DIRECTION('',(1.,0.,-0.));
#10199 = DIRECTION('',(0.,0.,1.));
#10200 = DEFINITIONAL_REPRESENTATION('',(#10201),#10204);
#10201 = B_SPLINE_CURVE_WITH_KNOTS('',1,(#10202,#10203),.UNSPECIFIED.,
  .F.,.F.,(2,2),(4.18,5.62),.PIECEWISE_BEZIER_KNOTS.);
#10202 = CARTESIAN_POINT('',(-0.12,-3.190994748487));
#10203 = CARTESIAN_POINT('',(1.32,-3.190994748487));
#10204 = ( GEOMETRIC_REPRESENTATION_CONTEXT(2) 
PARAMETRIC_REPRESENTATION_CONTEXT() REPRESENTATION_CONTEXT('2D SPACE',''
  ) );
#10205 = ORIENTED_EDGE('',*,*,#10206,.F.);
#10206 = EDGE_CURVE('',#10207,#10179,#10209,.T.);
#10207 = VERTEX_POINT('',#10208);
#10208 = CARTESIAN_POINT('',(96.5,-57.19099474848,17.3));
#10209 = SURFACE_CURVE('',#10210,(#10215,#10222),.PCURVE_S1.);
#10210 = CIRCLE('',#10211,2.35);
#10211 = AXIS2_PLACEMENT_3D('',#10212,#10213,#10214);
#10212 = CARTESIAN_POINT('',(98.,-59.,17.3));
#10213 = DIRECTION('',(0.,0.,1.));
#10214 = DIRECTION('',(1.,0.,-0.));
#10215 = PCURVE('',#8611,#10216);
#10216 = DEFINITIONAL_REPRESENTATION('',(#10217),#10221);
#10217 = LINE('',#10218,#10219);
#10218 = CARTESIAN_POINT('',(0.,4.3));
#10219 = VECTOR('',#10220,1.);
#10220 = DIRECTION('',(1.,0.));
#10221 = ( GEOMETRIC_REPRESENTATION_CONTEXT(2) 
PARAMETRIC_REPRESENTATION_CONTEXT() REPRESENTATION_CONTEXT('2D SPACE',''
  ) );
#10222 = PCURVE('',#10223,#10228);
#10223 = PLANE('',#10224);
#10224 = AXIS2_PLACEMENT_3D('',#10225,#10226,#10227);
#10225 = CARTESIAN_POINT('',(91.5,-64.,17.3));
#10226 = DIRECTION('',(0.,0.,1.));
#10227 = DIRECTION('',(1.,0.,-0.));
#10228 = DEFINITIONAL_REPRESENTATION('',(#10229),#10233);
#10229 = CIRCLE('',#10230,2.35);
#10230 = AXIS2_PLACEMENT_2D('',#10231,#10232);
#10231 = CARTESIAN_POINT('',(6.5,5.));
#10232 = DIRECTION('',(1.,0.));
#10233 = ( GEOMETRIC_REPRESENTATION_CONTEXT(2) 
PARAMETRIC_REPRESENTATION_CONTEXT() REPRESENTATION_CONTEXT('2D SPACE',''
  ) );
#10234 = ORIENTED_EDGE('',*,*,#10235,.T.);
#10235 = EDGE_CURVE('',#10207,#10236,#10238,.T.);
#10236 = VERTEX_POINT('',#10237);
#10237 = CARTESIAN_POINT('',(96.5,-57.19099474848,18.5));
#10238 = SURFACE_CURVE('',#10239,(#10243,#10249),.PCURVE_S1.);
#10239 = LINE('',#10240,#10241);
#10240 = CARTESIAN_POINT('',(96.5,-57.19099474848,13.));
#10241 = VECTOR('',#10242,1.);
#10242 = DIRECTION('',(0.,0.,1.));
#10243 = PCURVE('',#8611,#10244);
#10244 = DEFINITIONAL_REPRESENTATION('',(#10245),#10248);
#10245 = B_SPLINE_CURVE_WITH_KNOTS('',1,(#10246,#10247),.UNSPECIFIED.,
  .F.,.F.,(2,2),(4.18,5.62),.PIECEWISE_BEZIER_KNOTS.);
#10246 = CARTESIAN_POINT('',(2.263081399878,4.18));
#10247 = CARTESIAN_POINT('',(2.263081399878,5.62));
#10248 = ( GEOMETRIC_REPRESENTATION_CONTEXT(2) 
PARAMETRIC_REPRESENTATION_CONTEXT() REPRESENTATION_CONTEXT('2D SPACE',''
  ) );
#10249 = PCURVE('',#10195,#10250);
#10250 = DEFINITIONAL_REPRESENTATION('',(#10251),#10254);
#10251 = B_SPLINE_CURVE_WITH_KNOTS('',1,(#10252,#10253),.UNSPECIFIED.,
  .F.,.F.,(2,2),(4.18,5.62),.PIECEWISE_BEZIER_KNOTS.);
#10252 = CARTESIAN_POINT('',(-0.12,-6.809005251513));
#10253 = CARTESIAN_POINT('',(1.32,-6.809005251513));
#10254 = ( GEOMETRIC_REPRESENTATION_CONTEXT(2) 
PARAMETRIC_REPRESENTATION_CONTEXT() REPRESENTATION_CONTEXT('2D SPACE',''
  ) );
#10255 = ORIENTED_EDGE('',*,*,#10256,.T.);
#10256 = EDGE_CURVE('',#10236,#10181,#10257,.T.);
#10257 = SURFACE_CURVE('',#10258,(#10263,#10270),.PCURVE_S1.);
#10258 = CIRCLE('',#10259,2.35);
#10259 = AXIS2_PLACEMENT_3D('',#10260,#10261,#10262);
#10260 = CARTESIAN_POINT('',(98.,-59.,18.5));
#10261 = DIRECTION('',(0.,0.,1.));
#10262 = DIRECTION('',(1.,0.,-0.));
#10263 = PCURVE('',#8611,#10264);
#10264 = DEFINITIONAL_REPRESENTATION('',(#10265),#10269);
#10265 = LINE('',#10266,#10267);
#10266 = CARTESIAN_POINT('',(0.,5.5));
#10267 = VECTOR('',#10268,1.);
#10268 = DIRECTION('',(1.,0.));
#10269 = ( GEOMETRIC_REPRESENTATION_CONTEXT(2) 
PARAMETRIC_REPRESENTATION_CONTEXT() REPRESENTATION_CONTEXT('2D SPACE',''
  ) );
#10270 = PCURVE('',#10271,#10276);
#10271 = PLANE('',#10272);
#10272 = AXIS2_PLACEMENT_3D('',#10273,#10274,#10275);
#10273 = CARTESIAN_POINT('',(91.5,-64.,18.5));
#10274 = DIRECTION('',(0.,0.,1.));
#10275 = DIRECTION('',(1.,0.,-0.));
#10276 = DEFINITIONAL_REPRESENTATION('',(#10277),#10281);
#10277 = CIRCLE('',#10278,2.35);
#10278 = AXIS2_PLACEMENT_2D('',#10279,#10280);
#10279 = CARTESIAN_POINT('',(6.5,5.));
#10280 = DIRECTION('',(1.,0.));
#10281 = ( GEOMETRIC_REPRESENTATION_CONTEXT(2) 
PARAMETRIC_REPRESENTATION_CONTEXT() REPRESENTATION_CONTEXT('2D SPACE',''
  ) );
#10282 = ADVANCED_FACE('',(#10283),#8691,.T.);
#10283 = FACE_BOUND('',#10284,.T.);
#10284 = EDGE_LOOP('',(#10285,#10308,#10329,#10348,#10349,#10350));
#10285 = ORIENTED_EDGE('',*,*,#10286,.F.);
#10286 = EDGE_CURVE('',#10287,#9129,#10289,.T.);
#10287 = VERTEX_POINT('',#10288);
#10288 = CARTESIAN_POINT('',(96.5,31.,17.9));
#10289 = SURFACE_CURVE('',#10290,(#10294,#10301),.PCURVE_S1.);
#10290 = LINE('',#10291,#10292);
#10291 = CARTESIAN_POINT('',(96.5,31.,17.3));
#10292 = VECTOR('',#10293,1.);
#10293 = DIRECTION('',(0.,0.,1.));
#10294 = PCURVE('',#8691,#10295);
#10295 = DEFINITIONAL_REPRESENTATION('',(#10296),#10300);
#10296 = LINE('',#10297,#10298);
#10297 = CARTESIAN_POINT('',(0.,0.));
#10298 = VECTOR('',#10299,1.);
#10299 = DIRECTION('',(1.,0.));
#10300 = ( GEOMETRIC_REPRESENTATION_CONTEXT(2) 
PARAMETRIC_REPRESENTATION_CONTEXT() REPRESENTATION_CONTEXT('2D SPACE',''
  ) );
#10301 = PCURVE('',#9144,#10302);
#10302 = DEFINITIONAL_REPRESENTATION('',(#10303),#10307);
#10303 = LINE('',#10304,#10305);
#10304 = CARTESIAN_POINT('',(0.,5.));
#10305 = VECTOR('',#10306,1.);
#10306 = DIRECTION('',(1.,0.));
#10307 = ( GEOMETRIC_REPRESENTATION_CONTEXT(2) 
PARAMETRIC_REPRESENTATION_CONTEXT() REPRESENTATION_CONTEXT('2D SPACE',''
  ) );
#10308 = ORIENTED_EDGE('',*,*,#10309,.T.);
#10309 = EDGE_CURVE('',#10287,#10310,#10312,.T.);
#10310 = VERTEX_POINT('',#10311);
#10311 = CARTESIAN_POINT('',(96.5,34.122498999199,17.9));
#10312 = SURFACE_CURVE('',#10313,(#10317,#10323),.PCURVE_S1.);
#10313 = LINE('',#10314,#10315);
#10314 = CARTESIAN_POINT('',(96.5,31.,17.9));
#10315 = VECTOR('',#10316,1.);
#10316 = DIRECTION('',(-0.,1.,0.));
#10317 = PCURVE('',#8691,#10318);
#10318 = DEFINITIONAL_REPRESENTATION('',(#10319),#10322);
#10319 = B_SPLINE_CURVE_WITH_KNOTS('',1,(#10320,#10321),.UNSPECIFIED.,
  .F.,.F.,(2,2),(0.,4.),.PIECEWISE_BEZIER_KNOTS.);
#10320 = CARTESIAN_POINT('',(0.6,0.));
#10321 = CARTESIAN_POINT('',(0.6,-4.));
#10322 = ( GEOMETRIC_REPRESENTATION_CONTEXT(2) 
PARAMETRIC_REPRESENTATION_CONTEXT() REPRESENTATION_CONTEXT('2D SPACE',''
  ) );
#10323 = PCURVE('',#9346,#10324);
#10324 = DEFINITIONAL_REPRESENTATION('',(#10325),#10328);
#10325 = B_SPLINE_CURVE_WITH_KNOTS('',1,(#10326,#10327),.UNSPECIFIED.,
  .F.,.F.,(2,2),(0.,4.),.PIECEWISE_BEZIER_KNOTS.);
#10326 = CARTESIAN_POINT('',(2.5,0.));
#10327 = CARTESIAN_POINT('',(2.5,4.));
#10328 = ( GEOMETRIC_REPRESENTATION_CONTEXT(2) 
PARAMETRIC_REPRESENTATION_CONTEXT() REPRESENTATION_CONTEXT('2D SPACE',''
  ) );
#10329 = ORIENTED_EDGE('',*,*,#10330,.F.);
#10330 = EDGE_CURVE('',#9253,#10310,#10331,.T.);
#10331 = SURFACE_CURVE('',#10332,(#10336,#10342),.PCURVE_S1.);
#10332 = LINE('',#10333,#10334);
#10333 = CARTESIAN_POINT('',(96.5,34.122498999199,16.7));
#10334 = VECTOR('',#10335,1.);
#10335 = DIRECTION('',(0.,0.,1.));
#10336 = PCURVE('',#8691,#10337);
#10337 = DEFINITIONAL_REPRESENTATION('',(#10338),#10341);
#10338 = B_SPLINE_CURVE_WITH_KNOTS('',1,(#10339,#10340),.UNSPECIFIED.,
  .F.,.F.,(2,2),(0.48,1.2000024),.PIECEWISE_BEZIER_KNOTS.);
#10339 = CARTESIAN_POINT('',(-0.12,-3.122498999199));
#10340 = CARTESIAN_POINT('',(0.6000024,-3.122498999199));
#10341 = ( GEOMETRIC_REPRESENTATION_CONTEXT(2) 
PARAMETRIC_REPRESENTATION_CONTEXT() REPRESENTATION_CONTEXT('2D SPACE',''
  ) );
#10342 = PCURVE('',#9269,#10343);
#10343 = DEFINITIONAL_REPRESENTATION('',(#10344),#10347);
#10344 = B_SPLINE_CURVE_WITH_KNOTS('',1,(#10345,#10346),.UNSPECIFIED.,
  .F.,.F.,(2,2),(0.48,1.2000024),.PIECEWISE_BEZIER_KNOTS.);
#10345 = CARTESIAN_POINT('',(0.895664793858,0.48));
#10346 = CARTESIAN_POINT('',(0.895664793858,1.2000024));
#10347 = ( GEOMETRIC_REPRESENTATION_CONTEXT(2) 
PARAMETRIC_REPRESENTATION_CONTEXT() REPRESENTATION_CONTEXT('2D SPACE',''
  ) );
#10348 = ORIENTED_EDGE('',*,*,#9281,.T.);
#10349 = ORIENTED_EDGE('',*,*,#8674,.T.);
#10350 = ORIENTED_EDGE('',*,*,#9156,.F.);
#10351 = ADVANCED_FACE('',(#10352,#10378),#8793,.F.);
#10352 = FACE_BOUND('',#10353,.F.);
#10353 = EDGE_LOOP('',(#10354,#10355,#10376,#10377));
#10354 = ORIENTED_EDGE('',*,*,#8776,.T.);
#10355 = ORIENTED_EDGE('',*,*,#10356,.T.);
#10356 = EDGE_CURVE('',#8777,#9485,#10357,.T.);
#10357 = SEAM_CURVE('',#10358,(#10362,#10369),.PCURVE_S1.);
#10358 = LINE('',#10359,#10360);
#10359 = CARTESIAN_POINT('',(100.35,59.,13.));
#10360 = VECTOR('',#10361,1.);
#10361 = DIRECTION('',(0.,0.,1.));
#10362 = PCURVE('',#8793,#10363);
#10363 = DEFINITIONAL_REPRESENTATION('',(#10364),#10368);
#10364 = LINE('',#10365,#10366);
#10365 = CARTESIAN_POINT('',(0.,-0.));
#10366 = VECTOR('',#10367,1.);
#10367 = DIRECTION('',(0.,1.));
#10368 = ( GEOMETRIC_REPRESENTATION_CONTEXT(2) 
PARAMETRIC_REPRESENTATION_CONTEXT() REPRESENTATION_CONTEXT('2D SPACE',''
  ) );
#10369 = PCURVE('',#8793,#10370);
#10370 = DEFINITIONAL_REPRESENTATION('',(#10371),#10375);
#10371 = LINE('',#10372,#10373);
#10372 = CARTESIAN_POINT('',(6.28318530718,-0.));
#10373 = VECTOR('',#10374,1.);
#10374 = DIRECTION('',(0.,1.));
#10375 = ( GEOMETRIC_REPRESENTATION_CONTEXT(2) 
PARAMETRIC_REPRESENTATION_CONTEXT() REPRESENTATION_CONTEXT('2D SPACE',''
  ) );
#10376 = ORIENTED_EDGE('',*,*,#9484,.F.);
#10377 = ORIENTED_EDGE('',*,*,#10356,.F.);
#10378 = FACE_BOUND('',#10379,.F.);
#10379 = EDGE_LOOP('',(#10380,#10408,#10437,#10458));
#10380 = ORIENTED_EDGE('',*,*,#10381,.F.);
#10381 = EDGE_CURVE('',#10382,#10384,#10386,.T.);
#10382 = VERTEX_POINT('',#10383);
#10383 = CARTESIAN_POINT('',(96.5,57.190994748488,17.3));
#10384 = VERTEX_POINT('',#10385);
#10385 = CARTESIAN_POINT('',(96.5,57.190994748488,18.5));
#10386 = SURFACE_CURVE('',#10387,(#10391,#10397),.PCURVE_S1.);
#10387 = LINE('',#10388,#10389);
#10388 = CARTESIAN_POINT('',(96.5,57.190994748487,13.));
#10389 = VECTOR('',#10390,1.);
#10390 = DIRECTION('',(0.,0.,1.));
#10391 = PCURVE('',#8793,#10392);
#10392 = DEFINITIONAL_REPRESENTATION('',(#10393),#10396);
#10393 = B_SPLINE_CURVE_WITH_KNOTS('',1,(#10394,#10395),.UNSPECIFIED.,
  .F.,.F.,(2,2),(4.18,5.62),.PIECEWISE_BEZIER_KNOTS.);
#10394 = CARTESIAN_POINT('',(4.020103907301,4.18));
#10395 = CARTESIAN_POINT('',(4.020103907301,5.62));
#10396 = ( GEOMETRIC_REPRESENTATION_CONTEXT(2) 
PARAMETRIC_REPRESENTATION_CONTEXT() REPRESENTATION_CONTEXT('2D SPACE',''
  ) );
#10397 = PCURVE('',#10398,#10403);
#10398 = PLANE('',#10399);
#10399 = AXIS2_PLACEMENT_3D('',#10400,#10401,#10402);
#10400 = CARTESIAN_POINT('',(96.5,31.,17.3));
#10401 = DIRECTION('',(1.,0.,-0.));
#10402 = DIRECTION('',(0.,0.,1.));
#10403 = DEFINITIONAL_REPRESENTATION('',(#10404),#10407);
#10404 = B_SPLINE_CURVE_WITH_KNOTS('',1,(#10405,#10406),.UNSPECIFIED.,
  .F.,.F.,(2,2),(4.18,5.62),.PIECEWISE_BEZIER_KNOTS.);
#10405 = CARTESIAN_POINT('',(-0.12,-26.19099474848));
#10406 = CARTESIAN_POINT('',(1.32,-26.19099474848));
#10407 = ( GEOMETRIC_REPRESENTATION_CONTEXT(2) 
PARAMETRIC_REPRESENTATION_CONTEXT() REPRESENTATION_CONTEXT('2D SPACE',''
  ) );
#10408 = ORIENTED_EDGE('',*,*,#10409,.F.);
#10409 = EDGE_CURVE('',#10410,#10382,#10412,.T.);
#10410 = VERTEX_POINT('',#10411);
#10411 = CARTESIAN_POINT('',(96.5,60.809005251512,17.3));
#10412 = SURFACE_CURVE('',#10413,(#10418,#10425),.PCURVE_S1.);
#10413 = CIRCLE('',#10414,2.35);
#10414 = AXIS2_PLACEMENT_3D('',#10415,#10416,#10417);
#10415 = CARTESIAN_POINT('',(98.,59.,17.3));
#10416 = DIRECTION('',(0.,0.,1.));
#10417 = DIRECTION('',(1.,0.,-0.));
#10418 = PCURVE('',#8793,#10419);
#10419 = DEFINITIONAL_REPRESENTATION('',(#10420),#10424);
#10420 = LINE('',#10421,#10422);
#10421 = CARTESIAN_POINT('',(0.,4.3));
#10422 = VECTOR('',#10423,1.);
#10423 = DIRECTION('',(1.,0.));
#10424 = ( GEOMETRIC_REPRESENTATION_CONTEXT(2) 
PARAMETRIC_REPRESENTATION_CONTEXT() REPRESENTATION_CONTEXT('2D SPACE',''
  ) );
#10425 = PCURVE('',#10426,#10431);
#10426 = PLANE('',#10427);
#10427 = AXIS2_PLACEMENT_3D('',#10428,#10429,#10430);
#10428 = CARTESIAN_POINT('',(91.5,31.,17.3));
#10429 = DIRECTION('',(0.,0.,1.));
#10430 = DIRECTION('',(1.,0.,-0.));
#10431 = DEFINITIONAL_REPRESENTATION('',(#10432),#10436);
#10432 = CIRCLE('',#10433,2.35);
#10433 = AXIS2_PLACEMENT_2D('',#10434,#10435);
#10434 = CARTESIAN_POINT('',(6.5,28.));
#10435 = DIRECTION('',(1.,0.));
#10436 = ( GEOMETRIC_REPRESENTATION_CONTEXT(2) 
PARAMETRIC_REPRESENTATION_CONTEXT() REPRESENTATION_CONTEXT('2D SPACE',''
  ) );
#10437 = ORIENTED_EDGE('',*,*,#10438,.T.);
#10438 = EDGE_CURVE('',#10410,#10439,#10441,.T.);
#10439 = VERTEX_POINT('',#10440);
#10440 = CARTESIAN_POINT('',(96.5,60.809005251512,18.5));
#10441 = SURFACE_CURVE('',#10442,(#10446,#10452),.PCURVE_S1.);
#10442 = LINE('',#10443,#10444);
#10443 = CARTESIAN_POINT('',(96.5,60.809005251513,13.));
#10444 = VECTOR('',#10445,1.);
#10445 = DIRECTION('',(0.,0.,1.));
#10446 = PCURVE('',#8793,#10447);
#10447 = DEFINITIONAL_REPRESENTATION('',(#10448),#10451);
#10448 = B_SPLINE_CURVE_WITH_KNOTS('',1,(#10449,#10450),.UNSPECIFIED.,
  .F.,.F.,(2,2),(4.18,5.62),.PIECEWISE_BEZIER_KNOTS.);
#10449 = CARTESIAN_POINT('',(2.263081399878,4.18));
#10450 = CARTESIAN_POINT('',(2.263081399878,5.62));
#10451 = ( GEOMETRIC_REPRESENTATION_CONTEXT(2) 
PARAMETRIC_REPRESENTATION_CONTEXT() REPRESENTATION_CONTEXT('2D SPACE',''
  ) );
#10452 = PCURVE('',#10398,#10453);
#10453 = DEFINITIONAL_REPRESENTATION('',(#10454),#10457);
#10454 = B_SPLINE_CURVE_WITH_KNOTS('',1,(#10455,#10456),.UNSPECIFIED.,
  .F.,.F.,(2,2),(4.18,5.62),.PIECEWISE_BEZIER_KNOTS.);
#10455 = CARTESIAN_POINT('',(-0.12,-29.80900525151));
#10456 = CARTESIAN_POINT('',(1.32,-29.80900525151));
#10457 = ( GEOMETRIC_REPRESENTATION_CONTEXT(2) 
PARAMETRIC_REPRESENTATION_CONTEXT() REPRESENTATION_CONTEXT('2D SPACE',''
  ) );
#10458 = ORIENTED_EDGE('',*,*,#10459,.T.);
#10459 = EDGE_CURVE('',#10439,#10384,#10460,.T.);
#10460 = SURFACE_CURVE('',#10461,(#10466,#10473),.PCURVE_S1.);
#10461 = CIRCLE('',#10462,2.35);
#10462 = AXIS2_PLACEMENT_3D('',#10463,#10464,#10465);
#10463 = CARTESIAN_POINT('',(98.,59.,18.5));
#10464 = DIRECTION('',(0.,0.,1.));
#10465 = DIRECTION('',(1.,0.,-0.));
#10466 = PCURVE('',#8793,#10467);
#10467 = DEFINITIONAL_REPRESENTATION('',(#10468),#10472);
#10468 = LINE('',#10469,#10470);
#10469 = CARTESIAN_POINT('',(0.,5.5));
#10470 = VECTOR('',#10471,1.);
#10471 = DIRECTION('',(1.,0.));
#10472 = ( GEOMETRIC_REPRESENTATION_CONTEXT(2) 
PARAMETRIC_REPRESENTATION_CONTEXT() REPRESENTATION_CONTEXT('2D SPACE',''
  ) );
#10473 = PCURVE('',#10474,#10479);
#10474 = PLANE('',#10475);
#10475 = AXIS2_PLACEMENT_3D('',#10476,#10477,#10478);
#10476 = CARTESIAN_POINT('',(91.5,31.,18.5));
#10477 = DIRECTION('',(0.,0.,1.));
#10478 = DIRECTION('',(1.,0.,-0.));
#10479 = DEFINITIONAL_REPRESENTATION('',(#10480),#10484);
#10480 = CIRCLE('',#10481,2.35);
#10481 = AXIS2_PLACEMENT_2D('',#10482,#10483);
#10482 = CARTESIAN_POINT('',(6.5,28.));
#10483 = DIRECTION('',(1.,0.));
#10484 = ( GEOMETRIC_REPRESENTATION_CONTEXT(2) 
PARAMETRIC_REPRESENTATION_CONTEXT() REPRESENTATION_CONTEXT('2D SPACE',''
  ) );
#10485 = ADVANCED_FACE('',(#10486),#8847,.F.);
#10486 = FACE_BOUND('',#10487,.F.);
#10487 = EDGE_LOOP('',(#10488,#10518,#10546,#10567,#10586,#10587,#10588,
    #10589));
#10488 = ORIENTED_EDGE('',*,*,#10489,.F.);
#10489 = EDGE_CURVE('',#10490,#10492,#10494,.T.);
#10490 = VERTEX_POINT('',#10491);
#10491 = CARTESIAN_POINT('',(-8.3,31.,17.3));
#10492 = VERTEX_POINT('',#10493);
#10493 = CARTESIAN_POINT('',(-8.3,31.,17.9));
#10494 = SURFACE_CURVE('',#10495,(#10499,#10506),.PCURVE_S1.);
#10495 = LINE('',#10496,#10497);
#10496 = CARTESIAN_POINT('',(-8.3,31.,14.8));
#10497 = VECTOR('',#10498,1.);
#10498 = DIRECTION('',(0.,0.,1.));
#10499 = PCURVE('',#8847,#10500);
#10500 = DEFINITIONAL_REPRESENTATION('',(#10501),#10505);
#10501 = LINE('',#10502,#10503);
#10502 = CARTESIAN_POINT('',(-2.5,4.2));
#10503 = VECTOR('',#10504,1.);
#10504 = DIRECTION('',(1.,0.));
#10505 = ( GEOMETRIC_REPRESENTATION_CONTEXT(2) 
PARAMETRIC_REPRESENTATION_CONTEXT() REPRESENTATION_CONTEXT('2D SPACE',''
  ) );
#10506 = PCURVE('',#10507,#10512);
#10507 = CYLINDRICAL_SURFACE('',#10508,1.7);
#10508 = AXIS2_PLACEMENT_3D('',#10509,#10510,#10511);
#10509 = CARTESIAN_POINT('',(-10.,31.,14.8));
#10510 = DIRECTION('',(0.,0.,1.));
#10511 = DIRECTION('',(1.,0.,-0.));
#10512 = DEFINITIONAL_REPRESENTATION('',(#10513),#10517);
#10513 = LINE('',#10514,#10515);
#10514 = CARTESIAN_POINT('',(6.28318530718,-0.));
#10515 = VECTOR('',#10516,1.);
#10516 = DIRECTION('',(0.,1.));
#10517 = ( GEOMETRIC_REPRESENTATION_CONTEXT(2) 
PARAMETRIC_REPRESENTATION_CONTEXT() REPRESENTATION_CONTEXT('2D SPACE',''
  ) );
#10518 = ORIENTED_EDGE('',*,*,#10519,.F.);
#10519 = EDGE_CURVE('',#10520,#10490,#10522,.T.);
#10520 = VERTEX_POINT('',#10521);
#10521 = CARTESIAN_POINT('',(-11.7,31.,17.3));
#10522 = SURFACE_CURVE('',#10523,(#10527,#10534),.PCURVE_S1.);
#10523 = LINE('',#10524,#10525);
#10524 = CARTESIAN_POINT('',(-12.5,31.,17.3));
#10525 = VECTOR('',#10526,1.);
#10526 = DIRECTION('',(1.,0.,-0.));
#10527 = PCURVE('',#8847,#10528);
#10528 = DEFINITIONAL_REPRESENTATION('',(#10529),#10533);
#10529 = LINE('',#10530,#10531);
#10530 = CARTESIAN_POINT('',(0.,0.));
#10531 = VECTOR('',#10532,1.);
#10532 = DIRECTION('',(0.,1.));
#10533 = ( GEOMETRIC_REPRESENTATION_CONTEXT(2) 
PARAMETRIC_REPRESENTATION_CONTEXT() REPRESENTATION_CONTEXT('2D SPACE',''
  ) );
#10534 = PCURVE('',#10535,#10540);
#10535 = PLANE('',#10536);
#10536 = AXIS2_PLACEMENT_3D('',#10537,#10538,#10539);
#10537 = CARTESIAN_POINT('',(-12.5,31.,17.3));
#10538 = DIRECTION('',(0.,0.,1.));
#10539 = DIRECTION('',(1.,0.,-0.));
#10540 = DEFINITIONAL_REPRESENTATION('',(#10541),#10545);
#10541 = LINE('',#10542,#10543);
#10542 = CARTESIAN_POINT('',(0.,0.));
#10543 = VECTOR('',#10544,1.);
#10544 = DIRECTION('',(1.,0.));
#10545 = ( GEOMETRIC_REPRESENTATION_CONTEXT(2) 
PARAMETRIC_REPRESENTATION_CONTEXT() REPRESENTATION_CONTEXT('2D SPACE',''
  ) );
#10546 = ORIENTED_EDGE('',*,*,#10547,.T.);
#10547 = EDGE_CURVE('',#10520,#10548,#10550,.T.);
#10548 = VERTEX_POINT('',#10549);
#10549 = CARTESIAN_POINT('',(-11.7,31.,17.9));
#10550 = SURFACE_CURVE('',#10551,(#10555,#10561),.PCURVE_S1.);
#10551 = LINE('',#10552,#10553);
#10552 = CARTESIAN_POINT('',(-11.7,31.,14.8));
#10553 = VECTOR('',#10554,1.);
#10554 = DIRECTION('',(0.,0.,1.));
#10555 = PCURVE('',#8847,#10556);
#10556 = DEFINITIONAL_REPRESENTATION('',(#10557),#10560);
#10557 = B_SPLINE_CURVE_WITH_KNOTS('',1,(#10558,#10559),.UNSPECIFIED.,
  .F.,.F.,(2,2),(2.38,3.1000024),.PIECEWISE_BEZIER_KNOTS.);
#10558 = CARTESIAN_POINT('',(-0.12,0.8));
#10559 = CARTESIAN_POINT('',(0.6000024,0.8));
#10560 = ( GEOMETRIC_REPRESENTATION_CONTEXT(2) 
PARAMETRIC_REPRESENTATION_CONTEXT() REPRESENTATION_CONTEXT('2D SPACE',''
  ) );
#10561 = PCURVE('',#10507,#10562);
#10562 = DEFINITIONAL_REPRESENTATION('',(#10563),#10566);
#10563 = B_SPLINE_CURVE_WITH_KNOTS('',1,(#10564,#10565),.UNSPECIFIED.,
  .F.,.F.,(2,2),(2.38,3.1000024),.PIECEWISE_BEZIER_KNOTS.);
#10564 = CARTESIAN_POINT('',(3.14159265359,2.38));
#10565 = CARTESIAN_POINT('',(3.14159265359,3.1000024));
#10566 = ( GEOMETRIC_REPRESENTATION_CONTEXT(2) 
PARAMETRIC_REPRESENTATION_CONTEXT() REPRESENTATION_CONTEXT('2D SPACE',''
  ) );
#10567 = ORIENTED_EDGE('',*,*,#10568,.T.);
#10568 = EDGE_CURVE('',#10548,#8986,#10569,.T.);
#10569 = SURFACE_CURVE('',#10570,(#10574,#10580),.PCURVE_S1.);
#10570 = LINE('',#10571,#10572);
#10571 = CARTESIAN_POINT('',(-11.25,31.,17.9));
#10572 = VECTOR('',#10573,1.);
#10573 = DIRECTION('',(-1.,-0.,0.));
#10574 = PCURVE('',#8847,#10575);
#10575 = DEFINITIONAL_REPRESENTATION('',(#10576),#10579);
#10576 = B_SPLINE_CURVE_WITH_KNOTS('',1,(#10577,#10578),.UNSPECIFIED.,
  .F.,.F.,(2,2),(-3.75,1.25),.PIECEWISE_BEZIER_KNOTS.);
#10577 = CARTESIAN_POINT('',(0.6,5.));
#10578 = CARTESIAN_POINT('',(0.6,0.));
#10579 = ( GEOMETRIC_REPRESENTATION_CONTEXT(2) 
PARAMETRIC_REPRESENTATION_CONTEXT() REPRESENTATION_CONTEXT('2D SPACE',''
  ) );
#10580 = PCURVE('',#8922,#10581);
#10581 = DEFINITIONAL_REPRESENTATION('',(#10582),#10585);
#10582 = B_SPLINE_CURVE_WITH_KNOTS('',1,(#10583,#10584),.UNSPECIFIED.,
  .F.,.F.,(2,2),(-3.75,1.25),.PIECEWISE_BEZIER_KNOTS.);
#10583 = CARTESIAN_POINT('',(2.5,0.));
#10584 = CARTESIAN_POINT('',(-2.5,0.));
#10585 = ( GEOMETRIC_REPRESENTATION_CONTEXT(2) 
PARAMETRIC_REPRESENTATION_CONTEXT() REPRESENTATION_CONTEXT('2D SPACE',''
  ) );
#10586 = ORIENTED_EDGE('',*,*,#8985,.T.);
#10587 = ORIENTED_EDGE('',*,*,#8831,.T.);
#10588 = ORIENTED_EDGE('',*,*,#8884,.F.);
#10589 = ORIENTED_EDGE('',*,*,#10590,.T.);
#10590 = EDGE_CURVE('',#8885,#10492,#10591,.T.);
#10591 = SURFACE_CURVE('',#10592,(#10596,#10602),.PCURVE_S1.);
#10592 = LINE('',#10593,#10594);
#10593 = CARTESIAN_POINT('',(-11.25,31.,17.9));
#10594 = VECTOR('',#10595,1.);
#10595 = DIRECTION('',(-1.,-0.,0.));
#10596 = PCURVE('',#8847,#10597);
#10597 = DEFINITIONAL_REPRESENTATION('',(#10598),#10601);
#10598 = B_SPLINE_CURVE_WITH_KNOTS('',1,(#10599,#10600),.UNSPECIFIED.,
  .F.,.F.,(2,2),(-3.75,1.25),.PIECEWISE_BEZIER_KNOTS.);
#10599 = CARTESIAN_POINT('',(0.6,5.));
#10600 = CARTESIAN_POINT('',(0.6,0.));
#10601 = ( GEOMETRIC_REPRESENTATION_CONTEXT(2) 
PARAMETRIC_REPRESENTATION_CONTEXT() REPRESENTATION_CONTEXT('2D SPACE',''
  ) );
#10602 = PCURVE('',#8922,#10603);
#10603 = DEFINITIONAL_REPRESENTATION('',(#10604),#10607);
#10604 = B_SPLINE_CURVE_WITH_KNOTS('',1,(#10605,#10606),.UNSPECIFIED.,
  .F.,.F.,(2,2),(-3.75,1.25),.PIECEWISE_BEZIER_KNOTS.);
#10605 = CARTESIAN_POINT('',(2.5,0.));
#10606 = CARTESIAN_POINT('',(-2.5,0.));
#10607 = ( GEOMETRIC_REPRESENTATION_CONTEXT(2) 
PARAMETRIC_REPRESENTATION_CONTEXT() REPRESENTATION_CONTEXT('2D SPACE',''
  ) );
#10608 = ADVANCED_FACE('',(#10609),#8948,.T.);
#10609 = FACE_BOUND('',#10610,.T.);
#10610 = EDGE_LOOP('',(#10611,#10636,#10658,#10659,#10660,#10661,#10683,
    #10684));
#10611 = ORIENTED_EDGE('',*,*,#10612,.T.);
#10612 = EDGE_CURVE('',#10613,#10615,#10617,.T.);
#10613 = VERTEX_POINT('',#10614);
#10614 = CARTESIAN_POINT('',(-6.,31.,16.7));
#10615 = VERTEX_POINT('',#10616);
#10616 = CARTESIAN_POINT('',(-6.,31.,17.9));
#10617 = SEAM_CURVE('',#10618,(#10622,#10629),.PCURVE_S1.);
#10618 = LINE('',#10619,#10620);
#10619 = CARTESIAN_POINT('',(-6.,31.,16.7));
#10620 = VECTOR('',#10621,1.);
#10621 = DIRECTION('',(0.,0.,1.));
#10622 = PCURVE('',#8948,#10623);
#10623 = DEFINITIONAL_REPRESENTATION('',(#10624),#10628);
#10624 = LINE('',#10625,#10626);
#10625 = CARTESIAN_POINT('',(6.28318530718,-0.));
#10626 = VECTOR('',#10627,1.);
#10627 = DIRECTION('',(0.,1.));
#10628 = ( GEOMETRIC_REPRESENTATION_CONTEXT(2) 
PARAMETRIC_REPRESENTATION_CONTEXT() REPRESENTATION_CONTEXT('2D SPACE',''
  ) );
#10629 = PCURVE('',#8948,#10630);
#10630 = DEFINITIONAL_REPRESENTATION('',(#10631),#10635);
#10631 = LINE('',#10632,#10633);
#10632 = CARTESIAN_POINT('',(0.,-0.));
#10633 = VECTOR('',#10634,1.);
#10634 = DIRECTION('',(0.,1.));
#10635 = ( GEOMETRIC_REPRESENTATION_CONTEXT(2) 
PARAMETRIC_REPRESENTATION_CONTEXT() REPRESENTATION_CONTEXT('2D SPACE',''
  ) );
#10636 = ORIENTED_EDGE('',*,*,#10637,.F.);
#10637 = EDGE_CURVE('',#9009,#10615,#10638,.T.);
#10638 = SURFACE_CURVE('',#10639,(#10644,#10651),.PCURVE_S1.);
#10639 = CIRCLE('',#10640,4.);
#10640 = AXIS2_PLACEMENT_3D('',#10641,#10642,#10643);
#10641 = CARTESIAN_POINT('',(-10.,31.,17.9));
#10642 = DIRECTION('',(0.,0.,1.));
#10643 = DIRECTION('',(1.,0.,-0.));
#10644 = PCURVE('',#8948,#10645);
#10645 = DEFINITIONAL_REPRESENTATION('',(#10646),#10650);
#10646 = LINE('',#10647,#10648);
#10647 = CARTESIAN_POINT('',(0.,1.2));
#10648 = VECTOR('',#10649,1.);
#10649 = DIRECTION('',(1.,0.));
#10650 = ( GEOMETRIC_REPRESENTATION_CONTEXT(2) 
PARAMETRIC_REPRESENTATION_CONTEXT() REPRESENTATION_CONTEXT('2D SPACE',''
  ) );
#10651 = PCURVE('',#8922,#10652);
#10652 = DEFINITIONAL_REPRESENTATION('',(#10653),#10657);
#10653 = CIRCLE('',#10654,4.);
#10654 = AXIS2_PLACEMENT_2D('',#10655,#10656);
#10655 = CARTESIAN_POINT('',(0.,0.));
#10656 = DIRECTION('',(1.,0.));
#10657 = ( GEOMETRIC_REPRESENTATION_CONTEXT(2) 
PARAMETRIC_REPRESENTATION_CONTEXT() REPRESENTATION_CONTEXT('2D SPACE',''
  ) );
#10658 = ORIENTED_EDGE('',*,*,#9029,.F.);
#10659 = ORIENTED_EDGE('',*,*,#9077,.F.);
#10660 = ORIENTED_EDGE('',*,*,#8933,.T.);
#10661 = ORIENTED_EDGE('',*,*,#10662,.F.);
#10662 = EDGE_CURVE('',#10615,#8908,#10663,.T.);
#10663 = SURFACE_CURVE('',#10664,(#10669,#10676),.PCURVE_S1.);
#10664 = CIRCLE('',#10665,4.);
#10665 = AXIS2_PLACEMENT_3D('',#10666,#10667,#10668);
#10666 = CARTESIAN_POINT('',(-10.,31.,17.9));
#10667 = DIRECTION('',(0.,0.,1.));
#10668 = DIRECTION('',(1.,0.,-0.));
#10669 = PCURVE('',#8948,#10670);
#10670 = DEFINITIONAL_REPRESENTATION('',(#10671),#10675);
#10671 = LINE('',#10672,#10673);
#10672 = CARTESIAN_POINT('',(0.,1.2));
#10673 = VECTOR('',#10674,1.);
#10674 = DIRECTION('',(1.,0.));
#10675 = ( GEOMETRIC_REPRESENTATION_CONTEXT(2) 
PARAMETRIC_REPRESENTATION_CONTEXT() REPRESENTATION_CONTEXT('2D SPACE',''
  ) );
#10676 = PCURVE('',#8922,#10677);
#10677 = DEFINITIONAL_REPRESENTATION('',(#10678),#10682);
#10678 = CIRCLE('',#10679,4.);
#10679 = AXIS2_PLACEMENT_2D('',#10680,#10681);
#10680 = CARTESIAN_POINT('',(0.,0.));
#10681 = DIRECTION('',(1.,0.));
#10682 = ( GEOMETRIC_REPRESENTATION_CONTEXT(2) 
PARAMETRIC_REPRESENTATION_CONTEXT() REPRESENTATION_CONTEXT('2D SPACE',''
  ) );
#10683 = ORIENTED_EDGE('',*,*,#10612,.F.);
#10684 = ORIENTED_EDGE('',*,*,#10685,.T.);
#10685 = EDGE_CURVE('',#10613,#10613,#10686,.T.);
#10686 = SURFACE_CURVE('',#10687,(#10692,#10699),.PCURVE_S1.);
#10687 = CIRCLE('',#10688,4.);
#10688 = AXIS2_PLACEMENT_3D('',#10689,#10690,#10691);
#10689 = CARTESIAN_POINT('',(-10.,31.,16.7));
#10690 = DIRECTION('',(0.,0.,1.));
#10691 = DIRECTION('',(1.,0.,-0.));
#10692 = PCURVE('',#8948,#10693);
#10693 = DEFINITIONAL_REPRESENTATION('',(#10694),#10698);
#10694 = LINE('',#10695,#10696);
#10695 = CARTESIAN_POINT('',(0.,0.));
#10696 = VECTOR('',#10697,1.);
#10697 = DIRECTION('',(1.,0.));
#10698 = ( GEOMETRIC_REPRESENTATION_CONTEXT(2) 
PARAMETRIC_REPRESENTATION_CONTEXT() REPRESENTATION_CONTEXT('2D SPACE',''
  ) );
#10699 = PCURVE('',#10700,#10705);
#10700 = PLANE('',#10701);
#10701 = AXIS2_PLACEMENT_3D('',#10702,#10703,#10704);
#10702 = CARTESIAN_POINT('',(-10.,31.,16.7));
#10703 = DIRECTION('',(0.,0.,1.));
#10704 = DIRECTION('',(1.,0.,-0.));
#10705 = DEFINITIONAL_REPRESENTATION('',(#10706),#10710);
#10706 = CIRCLE('',#10707,4.);
#10707 = AXIS2_PLACEMENT_2D('',#10708,#10709);
#10708 = CARTESIAN_POINT('',(0.,0.));
#10709 = DIRECTION('',(1.,0.));
#10710 = ( GEOMETRIC_REPRESENTATION_CONTEXT(2) 
PARAMETRIC_REPRESENTATION_CONTEXT() REPRESENTATION_CONTEXT('2D SPACE',''
  ) );
#10711 = ADVANCED_FACE('',(#10712),#8922,.T.);
#10712 = FACE_BOUND('',#10713,.T.);
#10713 = EDGE_LOOP('',(#10714,#10715,#10716,#10717,#10718,#10740,#10741)
  );
#10714 = ORIENTED_EDGE('',*,*,#10637,.T.);
#10715 = ORIENTED_EDGE('',*,*,#10662,.T.);
#10716 = ORIENTED_EDGE('',*,*,#8907,.F.);
#10717 = ORIENTED_EDGE('',*,*,#10590,.T.);
#10718 = ORIENTED_EDGE('',*,*,#10719,.F.);
#10719 = EDGE_CURVE('',#10548,#10492,#10720,.T.);
#10720 = SURFACE_CURVE('',#10721,(#10726,#10733),.PCURVE_S1.);
#10721 = CIRCLE('',#10722,1.7);
#10722 = AXIS2_PLACEMENT_3D('',#10723,#10724,#10725);
#10723 = CARTESIAN_POINT('',(-10.,31.,17.9));
#10724 = DIRECTION('',(0.,0.,1.));
#10725 = DIRECTION('',(1.,0.,-0.));
#10726 = PCURVE('',#8922,#10727);
#10727 = DEFINITIONAL_REPRESENTATION('',(#10728),#10732);
#10728 = CIRCLE('',#10729,1.7);
#10729 = AXIS2_PLACEMENT_2D('',#10730,#10731);
#10730 = CARTESIAN_POINT('',(0.,0.));
#10731 = DIRECTION('',(1.,0.));
#10732 = ( GEOMETRIC_REPRESENTATION_CONTEXT(2) 
PARAMETRIC_REPRESENTATION_CONTEXT() REPRESENTATION_CONTEXT('2D SPACE',''
  ) );
#10733 = PCURVE('',#10507,#10734);
#10734 = DEFINITIONAL_REPRESENTATION('',(#10735),#10739);
#10735 = LINE('',#10736,#10737);
#10736 = CARTESIAN_POINT('',(0.,3.1));
#10737 = VECTOR('',#10738,1.);
#10738 = DIRECTION('',(1.,0.));
#10739 = ( GEOMETRIC_REPRESENTATION_CONTEXT(2) 
PARAMETRIC_REPRESENTATION_CONTEXT() REPRESENTATION_CONTEXT('2D SPACE',''
  ) );
#10740 = ORIENTED_EDGE('',*,*,#10568,.T.);
#10741 = ORIENTED_EDGE('',*,*,#9008,.T.);
#10742 = ADVANCED_FACE('',(#10743),#9144,.F.);
#10743 = FACE_BOUND('',#10744,.F.);
#10744 = EDGE_LOOP('',(#10745,#10775,#10803,#10824,#10843,#10844,#10845,
    #10846));
#10745 = ORIENTED_EDGE('',*,*,#10746,.F.);
#10746 = EDGE_CURVE('',#10747,#10749,#10751,.T.);
#10747 = VERTEX_POINT('',#10748);
#10748 = CARTESIAN_POINT('',(95.7,31.,17.3));
#10749 = VERTEX_POINT('',#10750);
#10750 = CARTESIAN_POINT('',(95.7,31.,17.9));
#10751 = SURFACE_CURVE('',#10752,(#10756,#10763),.PCURVE_S1.);
#10752 = LINE('',#10753,#10754);
#10753 = CARTESIAN_POINT('',(95.7,31.,14.8));
#10754 = VECTOR('',#10755,1.);
#10755 = DIRECTION('',(0.,0.,1.));
#10756 = PCURVE('',#9144,#10757);
#10757 = DEFINITIONAL_REPRESENTATION('',(#10758),#10762);
#10758 = LINE('',#10759,#10760);
#10759 = CARTESIAN_POINT('',(-2.5,4.2));
#10760 = VECTOR('',#10761,1.);
#10761 = DIRECTION('',(1.,0.));
#10762 = ( GEOMETRIC_REPRESENTATION_CONTEXT(2) 
PARAMETRIC_REPRESENTATION_CONTEXT() REPRESENTATION_CONTEXT('2D SPACE',''
  ) );
#10763 = PCURVE('',#10764,#10769);
#10764 = CYLINDRICAL_SURFACE('',#10765,1.7);
#10765 = AXIS2_PLACEMENT_3D('',#10766,#10767,#10768);
#10766 = CARTESIAN_POINT('',(94.,31.,14.8));
#10767 = DIRECTION('',(0.,0.,1.));
#10768 = DIRECTION('',(1.,0.,-0.));
#10769 = DEFINITIONAL_REPRESENTATION('',(#10770),#10774);
#10770 = LINE('',#10771,#10772);
#10771 = CARTESIAN_POINT('',(6.28318530718,-0.));
#10772 = VECTOR('',#10773,1.);
#10773 = DIRECTION('',(0.,1.));
#10774 = ( GEOMETRIC_REPRESENTATION_CONTEXT(2) 
PARAMETRIC_REPRESENTATION_CONTEXT() REPRESENTATION_CONTEXT('2D SPACE',''
  ) );
#10775 = ORIENTED_EDGE('',*,*,#10776,.F.);
#10776 = EDGE_CURVE('',#10777,#10747,#10779,.T.);
#10777 = VERTEX_POINT('',#10778);
#10778 = CARTESIAN_POINT('',(92.3,31.,17.3));
#10779 = SURFACE_CURVE('',#10780,(#10784,#10791),.PCURVE_S1.);
#10780 = LINE('',#10781,#10782);
#10781 = CARTESIAN_POINT('',(91.5,31.,17.3));
#10782 = VECTOR('',#10783,1.);
#10783 = DIRECTION('',(1.,0.,-0.));
#10784 = PCURVE('',#9144,#10785);
#10785 = DEFINITIONAL_REPRESENTATION('',(#10786),#10790);
#10786 = LINE('',#10787,#10788);
#10787 = CARTESIAN_POINT('',(0.,0.));
#10788 = VECTOR('',#10789,1.);
#10789 = DIRECTION('',(0.,1.));
#10790 = ( GEOMETRIC_REPRESENTATION_CONTEXT(2) 
PARAMETRIC_REPRESENTATION_CONTEXT() REPRESENTATION_CONTEXT('2D SPACE',''
  ) );
#10791 = PCURVE('',#10792,#10797);
#10792 = PLANE('',#10793);
#10793 = AXIS2_PLACEMENT_3D('',#10794,#10795,#10796);
#10794 = CARTESIAN_POINT('',(91.5,31.,17.3));
#10795 = DIRECTION('',(0.,0.,1.));
#10796 = DIRECTION('',(1.,0.,-0.));
#10797 = DEFINITIONAL_REPRESENTATION('',(#10798),#10802);
#10798 = LINE('',#10799,#10800);
#10799 = CARTESIAN_POINT('',(0.,0.));
#10800 = VECTOR('',#10801,1.);
#10801 = DIRECTION('',(1.,0.));
#10802 = ( GEOMETRIC_REPRESENTATION_CONTEXT(2) 
PARAMETRIC_REPRESENTATION_CONTEXT() REPRESENTATION_CONTEXT('2D SPACE',''
  ) );
#10803 = ORIENTED_EDGE('',*,*,#10804,.T.);
#10804 = EDGE_CURVE('',#10777,#10805,#10807,.T.);
#10805 = VERTEX_POINT('',#10806);
#10806 = CARTESIAN_POINT('',(92.3,31.,17.9));
#10807 = SURFACE_CURVE('',#10808,(#10812,#10818),.PCURVE_S1.);
#10808 = LINE('',#10809,#10810);
#10809 = CARTESIAN_POINT('',(92.3,31.,14.8));
#10810 = VECTOR('',#10811,1.);
#10811 = DIRECTION('',(0.,0.,1.));
#10812 = PCURVE('',#9144,#10813);
#10813 = DEFINITIONAL_REPRESENTATION('',(#10814),#10817);
#10814 = B_SPLINE_CURVE_WITH_KNOTS('',1,(#10815,#10816),.UNSPECIFIED.,
  .F.,.F.,(2,2),(2.38,3.1000024),.PIECEWISE_BEZIER_KNOTS.);
#10815 = CARTESIAN_POINT('',(-0.12,0.8));
#10816 = CARTESIAN_POINT('',(0.6000024,0.8));
#10817 = ( GEOMETRIC_REPRESENTATION_CONTEXT(2) 
PARAMETRIC_REPRESENTATION_CONTEXT() REPRESENTATION_CONTEXT('2D SPACE',''
  ) );
#10818 = PCURVE('',#10764,#10819);
#10819 = DEFINITIONAL_REPRESENTATION('',(#10820),#10823);
#10820 = B_SPLINE_CURVE_WITH_KNOTS('',1,(#10821,#10822),.UNSPECIFIED.,
  .F.,.F.,(2,2),(2.38,3.1000024),.PIECEWISE_BEZIER_KNOTS.);
#10821 = CARTESIAN_POINT('',(3.14159265359,2.38));
#10822 = CARTESIAN_POINT('',(3.14159265359,3.1000024));
#10823 = ( GEOMETRIC_REPRESENTATION_CONTEXT(2) 
PARAMETRIC_REPRESENTATION_CONTEXT() REPRESENTATION_CONTEXT('2D SPACE',''
  ) );
#10824 = ORIENTED_EDGE('',*,*,#10825,.T.);
#10825 = EDGE_CURVE('',#10805,#9309,#10826,.T.);
#10826 = SURFACE_CURVE('',#10827,(#10831,#10837),.PCURVE_S1.);
#10827 = LINE('',#10828,#10829);
#10828 = CARTESIAN_POINT('',(92.75,31.,17.9));
#10829 = VECTOR('',#10830,1.);
#10830 = DIRECTION('',(-1.,-0.,0.));
#10831 = PCURVE('',#9144,#10832);
#10832 = DEFINITIONAL_REPRESENTATION('',(#10833),#10836);
#10833 = B_SPLINE_CURVE_WITH_KNOTS('',1,(#10834,#10835),.UNSPECIFIED.,
  .F.,.F.,(2,2),(-3.75,1.25),.PIECEWISE_BEZIER_KNOTS.);
#10834 = CARTESIAN_POINT('',(0.6,5.));
#10835 = CARTESIAN_POINT('',(0.6,0.));
#10836 = ( GEOMETRIC_REPRESENTATION_CONTEXT(2) 
PARAMETRIC_REPRESENTATION_CONTEXT() REPRESENTATION_CONTEXT('2D SPACE',''
  ) );
#10837 = PCURVE('',#9346,#10838);
#10838 = DEFINITIONAL_REPRESENTATION('',(#10839),#10842);
#10839 = B_SPLINE_CURVE_WITH_KNOTS('',1,(#10840,#10841),.UNSPECIFIED.,
  .F.,.F.,(2,2),(-3.75,1.25),.PIECEWISE_BEZIER_KNOTS.);
#10840 = CARTESIAN_POINT('',(2.5,0.));
#10841 = CARTESIAN_POINT('',(-2.5,0.));
#10842 = ( GEOMETRIC_REPRESENTATION_CONTEXT(2) 
PARAMETRIC_REPRESENTATION_CONTEXT() REPRESENTATION_CONTEXT('2D SPACE',''
  ) );
#10843 = ORIENTED_EDGE('',*,*,#9308,.T.);
#10844 = ORIENTED_EDGE('',*,*,#9128,.T.);
#10845 = ORIENTED_EDGE('',*,*,#10286,.F.);
#10846 = ORIENTED_EDGE('',*,*,#10847,.T.);
#10847 = EDGE_CURVE('',#10287,#10749,#10848,.T.);
#10848 = SURFACE_CURVE('',#10849,(#10853,#10859),.PCURVE_S1.);
#10849 = LINE('',#10850,#10851);
#10850 = CARTESIAN_POINT('',(92.75,31.,17.9));
#10851 = VECTOR('',#10852,1.);
#10852 = DIRECTION('',(-1.,-0.,0.));
#10853 = PCURVE('',#9144,#10854);
#10854 = DEFINITIONAL_REPRESENTATION('',(#10855),#10858);
#10855 = B_SPLINE_CURVE_WITH_KNOTS('',1,(#10856,#10857),.UNSPECIFIED.,
  .F.,.F.,(2,2),(-3.75,1.25),.PIECEWISE_BEZIER_KNOTS.);
#10856 = CARTESIAN_POINT('',(0.6,5.));
#10857 = CARTESIAN_POINT('',(0.6,0.));
#10858 = ( GEOMETRIC_REPRESENTATION_CONTEXT(2) 
PARAMETRIC_REPRESENTATION_CONTEXT() REPRESENTATION_CONTEXT('2D SPACE',''
  ) );
#10859 = PCURVE('',#9346,#10860);
#10860 = DEFINITIONAL_REPRESENTATION('',(#10861),#10864);
#10861 = B_SPLINE_CURVE_WITH_KNOTS('',1,(#10862,#10863),.UNSPECIFIED.,
  .F.,.F.,(2,2),(-3.75,1.25),.PIECEWISE_BEZIER_KNOTS.);
#10862 = CARTESIAN_POINT('',(2.5,0.));
#10863 = CARTESIAN_POINT('',(-2.5,0.));
#10864 = ( GEOMETRIC_REPRESENTATION_CONTEXT(2) 
PARAMETRIC_REPRESENTATION_CONTEXT() REPRESENTATION_CONTEXT('2D SPACE',''
  ) );
#10865 = ADVANCED_FACE('',(#10866),#9269,.T.);
#10866 = FACE_BOUND('',#10867,.T.);
#10867 = EDGE_LOOP('',(#10868,#10893,#10915,#10916,#10917,#10918,#10940,
    #10941));
#10868 = ORIENTED_EDGE('',*,*,#10869,.T.);
#10869 = EDGE_CURVE('',#10870,#10872,#10874,.T.);
#10870 = VERTEX_POINT('',#10871);
#10871 = CARTESIAN_POINT('',(98.,31.,16.7));
#10872 = VERTEX_POINT('',#10873);
#10873 = CARTESIAN_POINT('',(98.,31.,17.9));
#10874 = SEAM_CURVE('',#10875,(#10879,#10886),.PCURVE_S1.);
#10875 = LINE('',#10876,#10877);
#10876 = CARTESIAN_POINT('',(98.,31.,16.7));
#10877 = VECTOR('',#10878,1.);
#10878 = DIRECTION('',(0.,0.,1.));
#10879 = PCURVE('',#9269,#10880);
#10880 = DEFINITIONAL_REPRESENTATION('',(#10881),#10885);
#10881 = LINE('',#10882,#10883);
#10882 = CARTESIAN_POINT('',(6.28318530718,-0.));
#10883 = VECTOR('',#10884,1.);
#10884 = DIRECTION('',(0.,1.));
#10885 = ( GEOMETRIC_REPRESENTATION_CONTEXT(2) 
PARAMETRIC_REPRESENTATION_CONTEXT() REPRESENTATION_CONTEXT('2D SPACE',''
  ) );
#10886 = PCURVE('',#9269,#10887);
#10887 = DEFINITIONAL_REPRESENTATION('',(#10888),#10892);
#10888 = LINE('',#10889,#10890);
#10889 = CARTESIAN_POINT('',(0.,-0.));
#10890 = VECTOR('',#10891,1.);
#10891 = DIRECTION('',(0.,1.));
#10892 = ( GEOMETRIC_REPRESENTATION_CONTEXT(2) 
PARAMETRIC_REPRESENTATION_CONTEXT() REPRESENTATION_CONTEXT('2D SPACE',''
  ) );
#10893 = ORIENTED_EDGE('',*,*,#10894,.F.);
#10894 = EDGE_CURVE('',#9332,#10872,#10895,.T.);
#10895 = SURFACE_CURVE('',#10896,(#10901,#10908),.PCURVE_S1.);
#10896 = CIRCLE('',#10897,4.);
#10897 = AXIS2_PLACEMENT_3D('',#10898,#10899,#10900);
#10898 = CARTESIAN_POINT('',(94.,31.,17.9));
#10899 = DIRECTION('',(0.,0.,1.));
#10900 = DIRECTION('',(1.,0.,-0.));
#10901 = PCURVE('',#9269,#10902);
#10902 = DEFINITIONAL_REPRESENTATION('',(#10903),#10907);
#10903 = LINE('',#10904,#10905);
#10904 = CARTESIAN_POINT('',(0.,1.2));
#10905 = VECTOR('',#10906,1.);
#10906 = DIRECTION('',(1.,0.));
#10907 = ( GEOMETRIC_REPRESENTATION_CONTEXT(2) 
PARAMETRIC_REPRESENTATION_CONTEXT() REPRESENTATION_CONTEXT('2D SPACE',''
  ) );
#10908 = PCURVE('',#9346,#10909);
#10909 = DEFINITIONAL_REPRESENTATION('',(#10910),#10914);
#10910 = CIRCLE('',#10911,4.);
#10911 = AXIS2_PLACEMENT_2D('',#10912,#10913);
#10912 = CARTESIAN_POINT('',(0.,0.));
#10913 = DIRECTION('',(1.,0.));
#10914 = ( GEOMETRIC_REPRESENTATION_CONTEXT(2) 
PARAMETRIC_REPRESENTATION_CONTEXT() REPRESENTATION_CONTEXT('2D SPACE',''
  ) );
#10915 = ORIENTED_EDGE('',*,*,#9357,.F.);
#10916 = ORIENTED_EDGE('',*,*,#9252,.F.);
#10917 = ORIENTED_EDGE('',*,*,#10330,.T.);
#10918 = ORIENTED_EDGE('',*,*,#10919,.F.);
#10919 = EDGE_CURVE('',#10872,#10310,#10920,.T.);
#10920 = SURFACE_CURVE('',#10921,(#10926,#10933),.PCURVE_S1.);
#10921 = CIRCLE('',#10922,4.);
#10922 = AXIS2_PLACEMENT_3D('',#10923,#10924,#10925);
#10923 = CARTESIAN_POINT('',(94.,31.,17.9));
#10924 = DIRECTION('',(0.,0.,1.));
#10925 = DIRECTION('',(1.,0.,-0.));
#10926 = PCURVE('',#9269,#10927);
#10927 = DEFINITIONAL_REPRESENTATION('',(#10928),#10932);
#10928 = LINE('',#10929,#10930);
#10929 = CARTESIAN_POINT('',(0.,1.2));
#10930 = VECTOR('',#10931,1.);
#10931 = DIRECTION('',(1.,0.));
#10932 = ( GEOMETRIC_REPRESENTATION_CONTEXT(2) 
PARAMETRIC_REPRESENTATION_CONTEXT() REPRESENTATION_CONTEXT('2D SPACE',''
  ) );
#10933 = PCURVE('',#9346,#10934);
#10934 = DEFINITIONAL_REPRESENTATION('',(#10935),#10939);
#10935 = CIRCLE('',#10936,4.);
#10936 = AXIS2_PLACEMENT_2D('',#10937,#10938);
#10937 = CARTESIAN_POINT('',(0.,0.));
#10938 = DIRECTION('',(1.,0.));
#10939 = ( GEOMETRIC_REPRESENTATION_CONTEXT(2) 
PARAMETRIC_REPRESENTATION_CONTEXT() REPRESENTATION_CONTEXT('2D SPACE',''
  ) );
#10940 = ORIENTED_EDGE('',*,*,#10869,.F.);
#10941 = ORIENTED_EDGE('',*,*,#10942,.T.);
#10942 = EDGE_CURVE('',#10870,#10870,#10943,.T.);
#10943 = SURFACE_CURVE('',#10944,(#10949,#10956),.PCURVE_S1.);
#10944 = CIRCLE('',#10945,4.);
#10945 = AXIS2_PLACEMENT_3D('',#10946,#10947,#10948);
#10946 = CARTESIAN_POINT('',(94.,31.,16.7));
#10947 = DIRECTION('',(0.,0.,1.));
#10948 = DIRECTION('',(1.,0.,-0.));
#10949 = PCURVE('',#9269,#10950);
#10950 = DEFINITIONAL_REPRESENTATION('',(#10951),#10955);
#10951 = LINE('',#10952,#10953);
#10952 = CARTESIAN_POINT('',(0.,0.));
#10953 = VECTOR('',#10954,1.);
#10954 = DIRECTION('',(1.,0.));
#10955 = ( GEOMETRIC_REPRESENTATION_CONTEXT(2) 
PARAMETRIC_REPRESENTATION_CONTEXT() REPRESENTATION_CONTEXT('2D SPACE',''
  ) );
#10956 = PCURVE('',#10957,#10962);
#10957 = PLANE('',#10958);
#10958 = AXIS2_PLACEMENT_3D('',#10959,#10960,#10961);
#10959 = CARTESIAN_POINT('',(94.,31.,16.7));
#10960 = DIRECTION('',(0.,0.,1.));
#10961 = DIRECTION('',(1.,0.,-0.));
#10962 = DEFINITIONAL_REPRESENTATION('',(#10963),#10967);
#10963 = CIRCLE('',#10964,4.);
#10964 = AXIS2_PLACEMENT_2D('',#10965,#10966);
#10965 = CARTESIAN_POINT('',(0.,0.));
#10966 = DIRECTION('',(1.,0.));
#10967 = ( GEOMETRIC_REPRESENTATION_CONTEXT(2) 
PARAMETRIC_REPRESENTATION_CONTEXT() REPRESENTATION_CONTEXT('2D SPACE',''
  ) );
#10968 = ADVANCED_FACE('',(#10969),#9346,.T.);
#10969 = FACE_BOUND('',#10970,.T.);
#10970 = EDGE_LOOP('',(#10971,#10972,#10973,#10974,#10975,#10997,#10998)
  );
#10971 = ORIENTED_EDGE('',*,*,#10894,.T.);
#10972 = ORIENTED_EDGE('',*,*,#10919,.T.);
#10973 = ORIENTED_EDGE('',*,*,#10309,.F.);
#10974 = ORIENTED_EDGE('',*,*,#10847,.T.);
#10975 = ORIENTED_EDGE('',*,*,#10976,.F.);
#10976 = EDGE_CURVE('',#10805,#10749,#10977,.T.);
#10977 = SURFACE_CURVE('',#10978,(#10983,#10990),.PCURVE_S1.);
#10978 = CIRCLE('',#10979,1.7);
#10979 = AXIS2_PLACEMENT_3D('',#10980,#10981,#10982);
#10980 = CARTESIAN_POINT('',(94.,31.,17.9));
#10981 = DIRECTION('',(0.,0.,1.));
#10982 = DIRECTION('',(1.,0.,-0.));
#10983 = PCURVE('',#9346,#10984);
#10984 = DEFINITIONAL_REPRESENTATION('',(#10985),#10989);
#10985 = CIRCLE('',#10986,1.7);
#10986 = AXIS2_PLACEMENT_2D('',#10987,#10988);
#10987 = CARTESIAN_POINT('',(0.,0.));
#10988 = DIRECTION('',(1.,0.));
#10989 = ( GEOMETRIC_REPRESENTATION_CONTEXT(2) 
PARAMETRIC_REPRESENTATION_CONTEXT() REPRESENTATION_CONTEXT('2D SPACE',''
  ) );
#10990 = PCURVE('',#10764,#10991);
#10991 = DEFINITIONAL_REPRESENTATION('',(#10992),#10996);
#10992 = LINE('',#10993,#10994);
#10993 = CARTESIAN_POINT('',(0.,3.1));
#10994 = VECTOR('',#10995,1.);
#10995 = DIRECTION('',(1.,0.));
#10996 = ( GEOMETRIC_REPRESENTATION_CONTEXT(2) 
PARAMETRIC_REPRESENTATION_CONTEXT() REPRESENTATION_CONTEXT('2D SPACE',''
  ) );
#10997 = ORIENTED_EDGE('',*,*,#10825,.T.);
#10998 = ORIENTED_EDGE('',*,*,#9331,.T.);
#10999 = ADVANCED_FACE('',(#11000),#9403,.F.);
#11000 = FACE_BOUND('',#11001,.F.);
#11001 = EDGE_LOOP('',(#11002,#11023,#11024,#11025));
#11002 = ORIENTED_EDGE('',*,*,#11003,.T.);
#11003 = EDGE_CURVE('',#9387,#9516,#11004,.T.);
#11004 = SEAM_CURVE('',#11005,(#11009,#11016),.PCURVE_S1.);
#11005 = LINE('',#11006,#11007);
#11006 = CARTESIAN_POINT('',(-95.65,59.,13.));
#11007 = VECTOR('',#11008,1.);
#11008 = DIRECTION('',(0.,0.,1.));
#11009 = PCURVE('',#9403,#11010);
#11010 = DEFINITIONAL_REPRESENTATION('',(#11011),#11015);
#11011 = LINE('',#11012,#11013);
#11012 = CARTESIAN_POINT('',(6.28318530718,-0.));
#11013 = VECTOR('',#11014,1.);
#11014 = DIRECTION('',(0.,1.));
#11015 = ( GEOMETRIC_REPRESENTATION_CONTEXT(2) 
PARAMETRIC_REPRESENTATION_CONTEXT() REPRESENTATION_CONTEXT('2D SPACE',''
  ) );
#11016 = PCURVE('',#9403,#11017);
#11017 = DEFINITIONAL_REPRESENTATION('',(#11018),#11022);
#11018 = LINE('',#11019,#11020);
#11019 = CARTESIAN_POINT('',(0.,-0.));
#11020 = VECTOR('',#11021,1.);
#11021 = DIRECTION('',(0.,1.));
#11022 = ( GEOMETRIC_REPRESENTATION_CONTEXT(2) 
PARAMETRIC_REPRESENTATION_CONTEXT() REPRESENTATION_CONTEXT('2D SPACE',''
  ) );
#11023 = ORIENTED_EDGE('',*,*,#9515,.F.);
#11024 = ORIENTED_EDGE('',*,*,#11003,.F.);
#11025 = ORIENTED_EDGE('',*,*,#9386,.T.);
#11026 = ADVANCED_FACE('',(#11027),#9656,.F.);
#11027 = FACE_BOUND('',#11028,.F.);
#11028 = EDGE_LOOP('',(#11029,#11030,#11031,#11054,#11076,#11077,#11099)
  );
#11029 = ORIENTED_EDGE('',*,*,#9809,.F.);
#11030 = ORIENTED_EDGE('',*,*,#9638,.F.);
#11031 = ORIENTED_EDGE('',*,*,#11032,.F.);
#11032 = EDGE_CURVE('',#11033,#9639,#11035,.T.);
#11033 = VERTEX_POINT('',#11034);
#11034 = CARTESIAN_POINT('',(-8.3,-31.,16.7));
#11035 = SEAM_CURVE('',#11036,(#11040,#11047),.PCURVE_S1.);
#11036 = LINE('',#11037,#11038);
#11037 = CARTESIAN_POINT('',(-8.3,-31.,14.8));
#11038 = VECTOR('',#11039,1.);
#11039 = DIRECTION('',(0.,0.,1.));
#11040 = PCURVE('',#9656,#11041);
#11041 = DEFINITIONAL_REPRESENTATION('',(#11042),#11046);
#11042 = LINE('',#11043,#11044);
#11043 = CARTESIAN_POINT('',(6.28318530718,-0.));
#11044 = VECTOR('',#11045,1.);
#11045 = DIRECTION('',(0.,1.));
#11046 = ( GEOMETRIC_REPRESENTATION_CONTEXT(2) 
PARAMETRIC_REPRESENTATION_CONTEXT() REPRESENTATION_CONTEXT('2D SPACE',''
  ) );
#11047 = PCURVE('',#9656,#11048);
#11048 = DEFINITIONAL_REPRESENTATION('',(#11049),#11053);
#11049 = LINE('',#11050,#11051);
#11050 = CARTESIAN_POINT('',(0.,-0.));
#11051 = VECTOR('',#11052,1.);
#11052 = DIRECTION('',(0.,1.));
#11053 = ( GEOMETRIC_REPRESENTATION_CONTEXT(2) 
PARAMETRIC_REPRESENTATION_CONTEXT() REPRESENTATION_CONTEXT('2D SPACE',''
  ) );
#11054 = ORIENTED_EDGE('',*,*,#11055,.T.);
#11055 = EDGE_CURVE('',#11033,#11033,#11056,.T.);
#11056 = SURFACE_CURVE('',#11057,(#11062,#11069),.PCURVE_S1.);
#11057 = CIRCLE('',#11058,1.7);
#11058 = AXIS2_PLACEMENT_3D('',#11059,#11060,#11061);
#11059 = CARTESIAN_POINT('',(-10.,-31.,16.7));
#11060 = DIRECTION('',(0.,0.,1.));
#11061 = DIRECTION('',(1.,0.,-0.));
#11062 = PCURVE('',#9656,#11063);
#11063 = DEFINITIONAL_REPRESENTATION('',(#11064),#11068);
#11064 = LINE('',#11065,#11066);
#11065 = CARTESIAN_POINT('',(0.,1.9));
#11066 = VECTOR('',#11067,1.);
#11067 = DIRECTION('',(1.,0.));
#11068 = ( GEOMETRIC_REPRESENTATION_CONTEXT(2) 
PARAMETRIC_REPRESENTATION_CONTEXT() REPRESENTATION_CONTEXT('2D SPACE',''
  ) );
#11069 = PCURVE('',#9880,#11070);
#11070 = DEFINITIONAL_REPRESENTATION('',(#11071),#11075);
#11071 = CIRCLE('',#11072,1.7);
#11072 = AXIS2_PLACEMENT_2D('',#11073,#11074);
#11073 = CARTESIAN_POINT('',(0.,0.));
#11074 = DIRECTION('',(1.,0.));
#11075 = ( GEOMETRIC_REPRESENTATION_CONTEXT(2) 
PARAMETRIC_REPRESENTATION_CONTEXT() REPRESENTATION_CONTEXT('2D SPACE',''
  ) );
#11076 = ORIENTED_EDGE('',*,*,#11032,.T.);
#11077 = ORIENTED_EDGE('',*,*,#11078,.F.);
#11078 = EDGE_CURVE('',#9669,#9639,#11079,.T.);
#11079 = SURFACE_CURVE('',#11080,(#11085,#11092),.PCURVE_S1.);
#11080 = CIRCLE('',#11081,1.7);
#11081 = AXIS2_PLACEMENT_3D('',#11082,#11083,#11084);
#11082 = CARTESIAN_POINT('',(-10.,-31.,17.3));
#11083 = DIRECTION('',(0.,0.,1.));
#11084 = DIRECTION('',(1.,0.,-0.));
#11085 = PCURVE('',#9656,#11086);
#11086 = DEFINITIONAL_REPRESENTATION('',(#11087),#11091);
#11087 = LINE('',#11088,#11089);
#11088 = CARTESIAN_POINT('',(0.,2.5));
#11089 = VECTOR('',#11090,1.);
#11090 = DIRECTION('',(1.,0.));
#11091 = ( GEOMETRIC_REPRESENTATION_CONTEXT(2) 
PARAMETRIC_REPRESENTATION_CONTEXT() REPRESENTATION_CONTEXT('2D SPACE',''
  ) );
#11092 = PCURVE('',#9684,#11093);
#11093 = DEFINITIONAL_REPRESENTATION('',(#11094),#11098);
#11094 = CIRCLE('',#11095,1.7);
#11095 = AXIS2_PLACEMENT_2D('',#11096,#11097);
#11096 = CARTESIAN_POINT('',(2.5,33.));
#11097 = DIRECTION('',(1.,0.));
#11098 = ( GEOMETRIC_REPRESENTATION_CONTEXT(2) 
PARAMETRIC_REPRESENTATION_CONTEXT() REPRESENTATION_CONTEXT('2D SPACE',''
  ) );
#11099 = ORIENTED_EDGE('',*,*,#9696,.T.);
#11100 = ADVANCED_FACE('',(#11101),#9684,.F.);
#11101 = FACE_BOUND('',#11102,.F.);
#11102 = EDGE_LOOP('',(#11103,#11104));
#11103 = ORIENTED_EDGE('',*,*,#9668,.F.);
#11104 = ORIENTED_EDGE('',*,*,#11078,.T.);
#11105 = ADVANCED_FACE('',(#11106,#11109),#9880,.F.);
#11106 = FACE_BOUND('',#11107,.F.);
#11107 = EDGE_LOOP('',(#11108));
#11108 = ORIENTED_EDGE('',*,*,#9865,.T.);
#11109 = FACE_BOUND('',#11110,.F.);
#11110 = EDGE_LOOP('',(#11111));
#11111 = ORIENTED_EDGE('',*,*,#11055,.F.);
#11112 = ADVANCED_FACE('',(#11113),#9913,.F.);
#11113 = FACE_BOUND('',#11114,.F.);
#11114 = EDGE_LOOP('',(#11115,#11116,#11117,#11140,#11162,#11163,#11185)
  );
#11115 = ORIENTED_EDGE('',*,*,#10125,.F.);
#11116 = ORIENTED_EDGE('',*,*,#9895,.F.);
#11117 = ORIENTED_EDGE('',*,*,#11118,.F.);
#11118 = EDGE_CURVE('',#11119,#9896,#11121,.T.);
#11119 = VERTEX_POINT('',#11120);
#11120 = CARTESIAN_POINT('',(95.7,-31.,16.7));
#11121 = SEAM_CURVE('',#11122,(#11126,#11133),.PCURVE_S1.);
#11122 = LINE('',#11123,#11124);
#11123 = CARTESIAN_POINT('',(95.7,-31.,14.8));
#11124 = VECTOR('',#11125,1.);
#11125 = DIRECTION('',(0.,0.,1.));
#11126 = PCURVE('',#9913,#11127);
#11127 = DEFINITIONAL_REPRESENTATION('',(#11128),#11132);
#11128 = LINE('',#11129,#11130);
#11129 = CARTESIAN_POINT('',(6.28318530718,-0.));
#11130 = VECTOR('',#11131,1.);
#11131 = DIRECTION('',(0.,1.));
#11132 = ( GEOMETRIC_REPRESENTATION_CONTEXT(2) 
PARAMETRIC_REPRESENTATION_CONTEXT() REPRESENTATION_CONTEXT('2D SPACE',''
  ) );
#11133 = PCURVE('',#9913,#11134);
#11134 = DEFINITIONAL_REPRESENTATION('',(#11135),#11139);
#11135 = LINE('',#11136,#11137);
#11136 = CARTESIAN_POINT('',(0.,-0.));
#11137 = VECTOR('',#11138,1.);
#11138 = DIRECTION('',(0.,1.));
#11139 = ( GEOMETRIC_REPRESENTATION_CONTEXT(2) 
PARAMETRIC_REPRESENTATION_CONTEXT() REPRESENTATION_CONTEXT('2D SPACE',''
  ) );
#11140 = ORIENTED_EDGE('',*,*,#11141,.T.);
#11141 = EDGE_CURVE('',#11119,#11119,#11142,.T.);
#11142 = SURFACE_CURVE('',#11143,(#11148,#11155),.PCURVE_S1.);
#11143 = CIRCLE('',#11144,1.7);
#11144 = AXIS2_PLACEMENT_3D('',#11145,#11146,#11147);
#11145 = CARTESIAN_POINT('',(94.,-31.,16.7));
#11146 = DIRECTION('',(0.,0.,1.));
#11147 = DIRECTION('',(1.,0.,-0.));
#11148 = PCURVE('',#9913,#11149);
#11149 = DEFINITIONAL_REPRESENTATION('',(#11150),#11154);
#11150 = LINE('',#11151,#11152);
#11151 = CARTESIAN_POINT('',(0.,1.9));
#11152 = VECTOR('',#11153,1.);
#11153 = DIRECTION('',(1.,0.));
#11154 = ( GEOMETRIC_REPRESENTATION_CONTEXT(2) 
PARAMETRIC_REPRESENTATION_CONTEXT() REPRESENTATION_CONTEXT('2D SPACE',''
  ) );
#11155 = PCURVE('',#10106,#11156);
#11156 = DEFINITIONAL_REPRESENTATION('',(#11157),#11161);
#11157 = CIRCLE('',#11158,1.7);
#11158 = AXIS2_PLACEMENT_2D('',#11159,#11160);
#11159 = CARTESIAN_POINT('',(0.,0.));
#11160 = DIRECTION('',(1.,0.));
#11161 = ( GEOMETRIC_REPRESENTATION_CONTEXT(2) 
PARAMETRIC_REPRESENTATION_CONTEXT() REPRESENTATION_CONTEXT('2D SPACE',''
  ) );
#11162 = ORIENTED_EDGE('',*,*,#11118,.T.);
#11163 = ORIENTED_EDGE('',*,*,#11164,.F.);
#11164 = EDGE_CURVE('',#9926,#9896,#11165,.T.);
#11165 = SURFACE_CURVE('',#11166,(#11171,#11178),.PCURVE_S1.);
#11166 = CIRCLE('',#11167,1.7);
#11167 = AXIS2_PLACEMENT_3D('',#11168,#11169,#11170);
#11168 = CARTESIAN_POINT('',(94.,-31.,17.3));
#11169 = DIRECTION('',(0.,0.,1.));
#11170 = DIRECTION('',(1.,0.,-0.));
#11171 = PCURVE('',#9913,#11172);
#11172 = DEFINITIONAL_REPRESENTATION('',(#11173),#11177);
#11173 = LINE('',#11174,#11175);
#11174 = CARTESIAN_POINT('',(0.,2.5));
#11175 = VECTOR('',#11176,1.);
#11176 = DIRECTION('',(1.,0.));
#11177 = ( GEOMETRIC_REPRESENTATION_CONTEXT(2) 
PARAMETRIC_REPRESENTATION_CONTEXT() REPRESENTATION_CONTEXT('2D SPACE',''
  ) );
#11178 = PCURVE('',#9941,#11179);
#11179 = DEFINITIONAL_REPRESENTATION('',(#11180),#11184);
#11180 = CIRCLE('',#11181,1.7);
#11181 = AXIS2_PLACEMENT_2D('',#11182,#11183);
#11182 = CARTESIAN_POINT('',(2.5,33.));
#11183 = DIRECTION('',(1.,0.));
#11184 = ( GEOMETRIC_REPRESENTATION_CONTEXT(2) 
PARAMETRIC_REPRESENTATION_CONTEXT() REPRESENTATION_CONTEXT('2D SPACE',''
  ) );
#11185 = ORIENTED_EDGE('',*,*,#9953,.T.);
#11186 = ADVANCED_FACE('',(#11187),#9941,.F.);
#11187 = FACE_BOUND('',#11188,.F.);
#11188 = EDGE_LOOP('',(#11189,#11190));
#11189 = ORIENTED_EDGE('',*,*,#9925,.F.);
#11190 = ORIENTED_EDGE('',*,*,#11164,.T.);
#11191 = ADVANCED_FACE('',(#11192,#11195),#10106,.F.);
#11192 = FACE_BOUND('',#11193,.F.);
#11193 = EDGE_LOOP('',(#11194));
#11194 = ORIENTED_EDGE('',*,*,#10091,.T.);
#11195 = FACE_BOUND('',#11196,.F.);
#11196 = EDGE_LOOP('',(#11197));
#11197 = ORIENTED_EDGE('',*,*,#11141,.F.);
#11198 = ADVANCED_FACE('',(#11199),#10195,.T.);
#11199 = FACE_BOUND('',#11200,.T.);
#11200 = EDGE_LOOP('',(#11201,#11222,#11223,#11244));
#11201 = ORIENTED_EDGE('',*,*,#11202,.F.);
#11202 = EDGE_CURVE('',#10181,#10236,#11203,.T.);
#11203 = SURFACE_CURVE('',#11204,(#11208,#11215),.PCURVE_S1.);
#11204 = LINE('',#11205,#11206);
#11205 = CARTESIAN_POINT('',(96.5,-64.,18.5));
#11206 = VECTOR('',#11207,1.);
#11207 = DIRECTION('',(-0.,1.,0.));
#11208 = PCURVE('',#10195,#11209);
#11209 = DEFINITIONAL_REPRESENTATION('',(#11210),#11214);
#11210 = LINE('',#11211,#11212);
#11211 = CARTESIAN_POINT('',(1.2,0.));
#11212 = VECTOR('',#11213,1.);
#11213 = DIRECTION('',(0.,-1.));
#11214 = ( GEOMETRIC_REPRESENTATION_CONTEXT(2) 
PARAMETRIC_REPRESENTATION_CONTEXT() REPRESENTATION_CONTEXT('2D SPACE',''
  ) );
#11215 = PCURVE('',#10271,#11216);
#11216 = DEFINITIONAL_REPRESENTATION('',(#11217),#11221);
#11217 = LINE('',#11218,#11219);
#11218 = CARTESIAN_POINT('',(5.,0.));
#11219 = VECTOR('',#11220,1.);
#11220 = DIRECTION('',(0.,1.));
#11221 = ( GEOMETRIC_REPRESENTATION_CONTEXT(2) 
PARAMETRIC_REPRESENTATION_CONTEXT() REPRESENTATION_CONTEXT('2D SPACE',''
  ) );
#11222 = ORIENTED_EDGE('',*,*,#10178,.F.);
#11223 = ORIENTED_EDGE('',*,*,#11224,.T.);
#11224 = EDGE_CURVE('',#10179,#10207,#11225,.T.);
#11225 = SURFACE_CURVE('',#11226,(#11230,#11237),.PCURVE_S1.);
#11226 = LINE('',#11227,#11228);
#11227 = CARTESIAN_POINT('',(96.5,-64.,17.3));
#11228 = VECTOR('',#11229,1.);
#11229 = DIRECTION('',(-0.,1.,0.));
#11230 = PCURVE('',#10195,#11231);
#11231 = DEFINITIONAL_REPRESENTATION('',(#11232),#11236);
#11232 = LINE('',#11233,#11234);
#11233 = CARTESIAN_POINT('',(0.,0.));
#11234 = VECTOR('',#11235,1.);
#11235 = DIRECTION('',(0.,-1.));
#11236 = ( GEOMETRIC_REPRESENTATION_CONTEXT(2) 
PARAMETRIC_REPRESENTATION_CONTEXT() REPRESENTATION_CONTEXT('2D SPACE',''
  ) );
#11237 = PCURVE('',#10223,#11238);
#11238 = DEFINITIONAL_REPRESENTATION('',(#11239),#11243);
#11239 = LINE('',#11240,#11241);
#11240 = CARTESIAN_POINT('',(5.,0.));
#11241 = VECTOR('',#11242,1.);
#11242 = DIRECTION('',(0.,1.));
#11243 = ( GEOMETRIC_REPRESENTATION_CONTEXT(2) 
PARAMETRIC_REPRESENTATION_CONTEXT() REPRESENTATION_CONTEXT('2D SPACE',''
  ) );
#11244 = ORIENTED_EDGE('',*,*,#10235,.T.);
#11245 = ADVANCED_FACE('',(#11246),#10271,.T.);
#11246 = FACE_BOUND('',#11247,.T.);
#11247 = EDGE_LOOP('',(#11248,#11249));
#11248 = ORIENTED_EDGE('',*,*,#11202,.T.);
#11249 = ORIENTED_EDGE('',*,*,#10256,.T.);
#11250 = ADVANCED_FACE('',(#11251),#10223,.F.);
#11251 = FACE_BOUND('',#11252,.F.);
#11252 = EDGE_LOOP('',(#11253,#11254));
#11253 = ORIENTED_EDGE('',*,*,#10206,.T.);
#11254 = ORIENTED_EDGE('',*,*,#11224,.T.);
#11255 = ADVANCED_FACE('',(#11256),#10398,.T.);
#11256 = FACE_BOUND('',#11257,.T.);
#11257 = EDGE_LOOP('',(#11258,#11259,#11280,#11281));
#11258 = ORIENTED_EDGE('',*,*,#10381,.F.);
#11259 = ORIENTED_EDGE('',*,*,#11260,.T.);
#11260 = EDGE_CURVE('',#10382,#10410,#11261,.T.);
#11261 = SURFACE_CURVE('',#11262,(#11266,#11273),.PCURVE_S1.);
#11262 = LINE('',#11263,#11264);
#11263 = CARTESIAN_POINT('',(96.5,31.,17.3));
#11264 = VECTOR('',#11265,1.);
#11265 = DIRECTION('',(-0.,1.,0.));
#11266 = PCURVE('',#10398,#11267);
#11267 = DEFINITIONAL_REPRESENTATION('',(#11268),#11272);
#11268 = LINE('',#11269,#11270);
#11269 = CARTESIAN_POINT('',(0.,0.));
#11270 = VECTOR('',#11271,1.);
#11271 = DIRECTION('',(0.,-1.));
#11272 = ( GEOMETRIC_REPRESENTATION_CONTEXT(2) 
PARAMETRIC_REPRESENTATION_CONTEXT() REPRESENTATION_CONTEXT('2D SPACE',''
  ) );
#11273 = PCURVE('',#10426,#11274);
#11274 = DEFINITIONAL_REPRESENTATION('',(#11275),#11279);
#11275 = LINE('',#11276,#11277);
#11276 = CARTESIAN_POINT('',(5.,0.));
#11277 = VECTOR('',#11278,1.);
#11278 = DIRECTION('',(0.,1.));
#11279 = ( GEOMETRIC_REPRESENTATION_CONTEXT(2) 
PARAMETRIC_REPRESENTATION_CONTEXT() REPRESENTATION_CONTEXT('2D SPACE',''
  ) );
#11280 = ORIENTED_EDGE('',*,*,#10438,.T.);
#11281 = ORIENTED_EDGE('',*,*,#11282,.F.);
#11282 = EDGE_CURVE('',#10384,#10439,#11283,.T.);
#11283 = SURFACE_CURVE('',#11284,(#11288,#11295),.PCURVE_S1.);
#11284 = LINE('',#11285,#11286);
#11285 = CARTESIAN_POINT('',(96.5,31.,18.5));
#11286 = VECTOR('',#11287,1.);
#11287 = DIRECTION('',(-0.,1.,0.));
#11288 = PCURVE('',#10398,#11289);
#11289 = DEFINITIONAL_REPRESENTATION('',(#11290),#11294);
#11290 = LINE('',#11291,#11292);
#11291 = CARTESIAN_POINT('',(1.2,0.));
#11292 = VECTOR('',#11293,1.);
#11293 = DIRECTION('',(0.,-1.));
#11294 = ( GEOMETRIC_REPRESENTATION_CONTEXT(2) 
PARAMETRIC_REPRESENTATION_CONTEXT() REPRESENTATION_CONTEXT('2D SPACE',''
  ) );
#11295 = PCURVE('',#10474,#11296);
#11296 = DEFINITIONAL_REPRESENTATION('',(#11297),#11301);
#11297 = LINE('',#11298,#11299);
#11298 = CARTESIAN_POINT('',(5.,0.));
#11299 = VECTOR('',#11300,1.);
#11300 = DIRECTION('',(0.,1.));
#11301 = ( GEOMETRIC_REPRESENTATION_CONTEXT(2) 
PARAMETRIC_REPRESENTATION_CONTEXT() REPRESENTATION_CONTEXT('2D SPACE',''
  ) );
#11302 = ADVANCED_FACE('',(#11303),#10474,.T.);
#11303 = FACE_BOUND('',#11304,.T.);
#11304 = EDGE_LOOP('',(#11305,#11306));
#11305 = ORIENTED_EDGE('',*,*,#11282,.T.);
#11306 = ORIENTED_EDGE('',*,*,#10459,.T.);
#11307 = ADVANCED_FACE('',(#11308),#10426,.F.);
#11308 = FACE_BOUND('',#11309,.F.);
#11309 = EDGE_LOOP('',(#11310,#11311));
#11310 = ORIENTED_EDGE('',*,*,#10409,.T.);
#11311 = ORIENTED_EDGE('',*,*,#11260,.T.);
#11312 = ADVANCED_FACE('',(#11313),#10507,.F.);
#11313 = FACE_BOUND('',#11314,.F.);
#11314 = EDGE_LOOP('',(#11315,#11316,#11317,#11318,#11340,#11363,#11385)
  );
#11315 = ORIENTED_EDGE('',*,*,#10489,.T.);
#11316 = ORIENTED_EDGE('',*,*,#10719,.F.);
#11317 = ORIENTED_EDGE('',*,*,#10547,.F.);
#11318 = ORIENTED_EDGE('',*,*,#11319,.F.);
#11319 = EDGE_CURVE('',#10490,#10520,#11320,.T.);
#11320 = SURFACE_CURVE('',#11321,(#11326,#11333),.PCURVE_S1.);
#11321 = CIRCLE('',#11322,1.7);
#11322 = AXIS2_PLACEMENT_3D('',#11323,#11324,#11325);
#11323 = CARTESIAN_POINT('',(-10.,31.,17.3));
#11324 = DIRECTION('',(0.,0.,1.));
#11325 = DIRECTION('',(1.,0.,-0.));
#11326 = PCURVE('',#10507,#11327);
#11327 = DEFINITIONAL_REPRESENTATION('',(#11328),#11332);
#11328 = LINE('',#11329,#11330);
#11329 = CARTESIAN_POINT('',(0.,2.5));
#11330 = VECTOR('',#11331,1.);
#11331 = DIRECTION('',(1.,0.));
#11332 = ( GEOMETRIC_REPRESENTATION_CONTEXT(2) 
PARAMETRIC_REPRESENTATION_CONTEXT() REPRESENTATION_CONTEXT('2D SPACE',''
  ) );
#11333 = PCURVE('',#10535,#11334);
#11334 = DEFINITIONAL_REPRESENTATION('',(#11335),#11339);
#11335 = CIRCLE('',#11336,1.7);
#11336 = AXIS2_PLACEMENT_2D('',#11337,#11338);
#11337 = CARTESIAN_POINT('',(2.5,0.));
#11338 = DIRECTION('',(1.,0.));
#11339 = ( GEOMETRIC_REPRESENTATION_CONTEXT(2) 
PARAMETRIC_REPRESENTATION_CONTEXT() REPRESENTATION_CONTEXT('2D SPACE',''
  ) );
#11340 = ORIENTED_EDGE('',*,*,#11341,.F.);
#11341 = EDGE_CURVE('',#11342,#10490,#11344,.T.);
#11342 = VERTEX_POINT('',#11343);
#11343 = CARTESIAN_POINT('',(-8.3,31.,16.7));
#11344 = SEAM_CURVE('',#11345,(#11349,#11356),.PCURVE_S1.);
#11345 = LINE('',#11346,#11347);
#11346 = CARTESIAN_POINT('',(-8.3,31.,14.8));
#11347 = VECTOR('',#11348,1.);
#11348 = DIRECTION('',(0.,0.,1.));
#11349 = PCURVE('',#10507,#11350);
#11350 = DEFINITIONAL_REPRESENTATION('',(#11351),#11355);
#11351 = LINE('',#11352,#11353);
#11352 = CARTESIAN_POINT('',(6.28318530718,-0.));
#11353 = VECTOR('',#11354,1.);
#11354 = DIRECTION('',(0.,1.));
#11355 = ( GEOMETRIC_REPRESENTATION_CONTEXT(2) 
PARAMETRIC_REPRESENTATION_CONTEXT() REPRESENTATION_CONTEXT('2D SPACE',''
  ) );
#11356 = PCURVE('',#10507,#11357);
#11357 = DEFINITIONAL_REPRESENTATION('',(#11358),#11362);
#11358 = LINE('',#11359,#11360);
#11359 = CARTESIAN_POINT('',(0.,-0.));
#11360 = VECTOR('',#11361,1.);
#11361 = DIRECTION('',(0.,1.));
#11362 = ( GEOMETRIC_REPRESENTATION_CONTEXT(2) 
PARAMETRIC_REPRESENTATION_CONTEXT() REPRESENTATION_CONTEXT('2D SPACE',''
  ) );
#11363 = ORIENTED_EDGE('',*,*,#11364,.T.);
#11364 = EDGE_CURVE('',#11342,#11342,#11365,.T.);
#11365 = SURFACE_CURVE('',#11366,(#11371,#11378),.PCURVE_S1.);
#11366 = CIRCLE('',#11367,1.7);
#11367 = AXIS2_PLACEMENT_3D('',#11368,#11369,#11370);
#11368 = CARTESIAN_POINT('',(-10.,31.,16.7));
#11369 = DIRECTION('',(0.,0.,1.));
#11370 = DIRECTION('',(1.,0.,-0.));
#11371 = PCURVE('',#10507,#11372);
#11372 = DEFINITIONAL_REPRESENTATION('',(#11373),#11377);
#11373 = LINE('',#11374,#11375);
#11374 = CARTESIAN_POINT('',(0.,1.9));
#11375 = VECTOR('',#11376,1.);
#11376 = DIRECTION('',(1.,0.));
#11377 = ( GEOMETRIC_REPRESENTATION_CONTEXT(2) 
PARAMETRIC_REPRESENTATION_CONTEXT() REPRESENTATION_CONTEXT('2D SPACE',''
  ) );
#11378 = PCURVE('',#10700,#11379);
#11379 = DEFINITIONAL_REPRESENTATION('',(#11380),#11384);
#11380 = CIRCLE('',#11381,1.7);
#11381 = AXIS2_PLACEMENT_2D('',#11382,#11383);
#11382 = CARTESIAN_POINT('',(0.,0.));
#11383 = DIRECTION('',(1.,0.));
#11384 = ( GEOMETRIC_REPRESENTATION_CONTEXT(2) 
PARAMETRIC_REPRESENTATION_CONTEXT() REPRESENTATION_CONTEXT('2D SPACE',''
  ) );
#11385 = ORIENTED_EDGE('',*,*,#11341,.T.);
#11386 = ADVANCED_FACE('',(#11387),#10535,.F.);
#11387 = FACE_BOUND('',#11388,.F.);
#11388 = EDGE_LOOP('',(#11389,#11390));
#11389 = ORIENTED_EDGE('',*,*,#11319,.T.);
#11390 = ORIENTED_EDGE('',*,*,#10519,.T.);
#11391 = ADVANCED_FACE('',(#11392,#11395),#10700,.F.);
#11392 = FACE_BOUND('',#11393,.F.);
#11393 = EDGE_LOOP('',(#11394));
#11394 = ORIENTED_EDGE('',*,*,#10685,.T.);
#11395 = FACE_BOUND('',#11396,.F.);
#11396 = EDGE_LOOP('',(#11397));
#11397 = ORIENTED_EDGE('',*,*,#11364,.F.);
#11398 = ADVANCED_FACE('',(#11399),#10764,.F.);
#11399 = FACE_BOUND('',#11400,.F.);
#11400 = EDGE_LOOP('',(#11401,#11402,#11403,#11404,#11426,#11449,#11471)
  );
#11401 = ORIENTED_EDGE('',*,*,#10746,.T.);
#11402 = ORIENTED_EDGE('',*,*,#10976,.F.);
#11403 = ORIENTED_EDGE('',*,*,#10804,.F.);
#11404 = ORIENTED_EDGE('',*,*,#11405,.F.);
#11405 = EDGE_CURVE('',#10747,#10777,#11406,.T.);
#11406 = SURFACE_CURVE('',#11407,(#11412,#11419),.PCURVE_S1.);
#11407 = CIRCLE('',#11408,1.7);
#11408 = AXIS2_PLACEMENT_3D('',#11409,#11410,#11411);
#11409 = CARTESIAN_POINT('',(94.,31.,17.3));
#11410 = DIRECTION('',(0.,0.,1.));
#11411 = DIRECTION('',(1.,0.,-0.));
#11412 = PCURVE('',#10764,#11413);
#11413 = DEFINITIONAL_REPRESENTATION('',(#11414),#11418);
#11414 = LINE('',#11415,#11416);
#11415 = CARTESIAN_POINT('',(0.,2.5));
#11416 = VECTOR('',#11417,1.);
#11417 = DIRECTION('',(1.,0.));
#11418 = ( GEOMETRIC_REPRESENTATION_CONTEXT(2) 
PARAMETRIC_REPRESENTATION_CONTEXT() REPRESENTATION_CONTEXT('2D SPACE',''
  ) );
#11419 = PCURVE('',#10792,#11420);
#11420 = DEFINITIONAL_REPRESENTATION('',(#11421),#11425);
#11421 = CIRCLE('',#11422,1.7);
#11422 = AXIS2_PLACEMENT_2D('',#11423,#11424);
#11423 = CARTESIAN_POINT('',(2.5,0.));
#11424 = DIRECTION('',(1.,0.));
#11425 = ( GEOMETRIC_REPRESENTATION_CONTEXT(2) 
PARAMETRIC_REPRESENTATION_CONTEXT() REPRESENTATION_CONTEXT('2D SPACE',''
  ) );
#11426 = ORIENTED_EDGE('',*,*,#11427,.F.);
#11427 = EDGE_CURVE('',#11428,#10747,#11430,.T.);
#11428 = VERTEX_POINT('',#11429);
#11429 = CARTESIAN_POINT('',(95.7,31.,16.7));
#11430 = SEAM_CURVE('',#11431,(#11435,#11442),.PCURVE_S1.);
#11431 = LINE('',#11432,#11433);
#11432 = CARTESIAN_POINT('',(95.7,31.,14.8));
#11433 = VECTOR('',#11434,1.);
#11434 = DIRECTION('',(0.,0.,1.));
#11435 = PCURVE('',#10764,#11436);
#11436 = DEFINITIONAL_REPRESENTATION('',(#11437),#11441);
#11437 = LINE('',#11438,#11439);
#11438 = CARTESIAN_POINT('',(6.28318530718,-0.));
#11439 = VECTOR('',#11440,1.);
#11440 = DIRECTION('',(0.,1.));
#11441 = ( GEOMETRIC_REPRESENTATION_CONTEXT(2) 
PARAMETRIC_REPRESENTATION_CONTEXT() REPRESENTATION_CONTEXT('2D SPACE',''
  ) );
#11442 = PCURVE('',#10764,#11443);
#11443 = DEFINITIONAL_REPRESENTATION('',(#11444),#11448);
#11444 = LINE('',#11445,#11446);
#11445 = CARTESIAN_POINT('',(0.,-0.));
#11446 = VECTOR('',#11447,1.);
#11447 = DIRECTION('',(0.,1.));
#11448 = ( GEOMETRIC_REPRESENTATION_CONTEXT(2) 
PARAMETRIC_REPRESENTATION_CONTEXT() REPRESENTATION_CONTEXT('2D SPACE',''
  ) );
#11449 = ORIENTED_EDGE('',*,*,#11450,.T.);
#11450 = EDGE_CURVE('',#11428,#11428,#11451,.T.);
#11451 = SURFACE_CURVE('',#11452,(#11457,#11464),.PCURVE_S1.);
#11452 = CIRCLE('',#11453,1.7);
#11453 = AXIS2_PLACEMENT_3D('',#11454,#11455,#11456);
#11454 = CARTESIAN_POINT('',(94.,31.,16.7));
#11455 = DIRECTION('',(0.,0.,1.));
#11456 = DIRECTION('',(1.,0.,-0.));
#11457 = PCURVE('',#10764,#11458);
#11458 = DEFINITIONAL_REPRESENTATION('',(#11459),#11463);
#11459 = LINE('',#11460,#11461);
#11460 = CARTESIAN_POINT('',(0.,1.9));
#11461 = VECTOR('',#11462,1.);
#11462 = DIRECTION('',(1.,0.));
#11463 = ( GEOMETRIC_REPRESENTATION_CONTEXT(2) 
PARAMETRIC_REPRESENTATION_CONTEXT() REPRESENTATION_CONTEXT('2D SPACE',''
  ) );
#11464 = PCURVE('',#10957,#11465);
#11465 = DEFINITIONAL_REPRESENTATION('',(#11466),#11470);
#11466 = CIRCLE('',#11467,1.7);
#11467 = AXIS2_PLACEMENT_2D('',#11468,#11469);
#11468 = CARTESIAN_POINT('',(0.,0.));
#11469 = DIRECTION('',(1.,0.));
#11470 = ( GEOMETRIC_REPRESENTATION_CONTEXT(2) 
PARAMETRIC_REPRESENTATION_CONTEXT() REPRESENTATION_CONTEXT('2D SPACE',''
  ) );
#11471 = ORIENTED_EDGE('',*,*,#11427,.T.);
#11472 = ADVANCED_FACE('',(#11473),#10792,.F.);
#11473 = FACE_BOUND('',#11474,.F.);
#11474 = EDGE_LOOP('',(#11475,#11476));
#11475 = ORIENTED_EDGE('',*,*,#11405,.T.);
#11476 = ORIENTED_EDGE('',*,*,#10776,.T.);
#11477 = ADVANCED_FACE('',(#11478,#11481),#10957,.F.);
#11478 = FACE_BOUND('',#11479,.F.);
#11479 = EDGE_LOOP('',(#11480));
#11480 = ORIENTED_EDGE('',*,*,#10942,.T.);
#11481 = FACE_BOUND('',#11482,.F.);
#11482 = EDGE_LOOP('',(#11483));
#11483 = ORIENTED_EDGE('',*,*,#11450,.F.);
#11484 = ( GEOMETRIC_REPRESENTATION_CONTEXT(3) 
GLOBAL_UNCERTAINTY_ASSIGNED_CONTEXT((#11488)) 
GLOBAL_UNIT_ASSIGNED_CONTEXT((#11485,#11486,#11487)) 
REPRESENTATION_CONTEXT('Context #1',
  '3D Context with UNIT and UNCERTAINTY') );
#11485 = ( LENGTH_UNIT() NAMED_UNIT(*) SI_UNIT(.MILLI.,.METRE.) );
#11486 = ( NAMED_UNIT(*) PLANE_ANGLE_UNIT() SI_UNIT($,.RADIAN.) );
#11487 = ( NAMED_UNIT(*) SI_UNIT($,.STERADIAN.) SOLID_ANGLE_UNIT() );
#11488 = UNCERTAINTY_MEASURE_WITH_UNIT(LENGTH_MEASURE(2.E-07),#11485,
  'distance_accuracy_value','confusion accuracy');
#11489 = CONTEXT_DEPENDENT_SHAPE_REPRESENTATION(#11490,#11492);
#11490 = ( REPRESENTATION_RELATIONSHIP('','',#2677,#10) 
REPRESENTATION_RELATIONSHIP_WITH_TRANSFORMATION(#11491) 
SHAPE_REPRESENTATION_RELATIONSHIP() );
#11491 = ITEM_DEFINED_TRANSFORMATION('','',#11,#19);
#11492 = PRODUCT_DEFINITION_SHAPE('Placement','Placement of an item',
  #11493);
#11493 = NEXT_ASSEMBLY_USAGE_OCCURRENCE('22',
  'rear_chassis_with_standoffs_and_hinge_stops','',#5,#2672,$);
#11494 = PRODUCT_RELATED_PRODUCT_CATEGORY('part',$,(#2674));
#11495 = SHAPE_DEFINITION_REPRESENTATION(#11496,#11502);
#11496 = PRODUCT_DEFINITION_SHAPE('','',#11497);
#11497 = PRODUCT_DEFINITION('design','',#11498,#11501);
#11498 = PRODUCT_DEFINITION_FORMATION('','',#11499);
#11499 = PRODUCT('removable_service_cover','removable_service_cover','',
  (#11500));
#11500 = PRODUCT_CONTEXT('',#2,'mechanical');
#11501 = PRODUCT_DEFINITION_CONTEXT('part definition',#2,'design');
#11502 = ADVANCED_BREP_SHAPE_REPRESENTATION('',(#11,#11503),#15663);
#11503 = MANIFOLD_SOLID_BREP('',#11504);
#11504 = CLOSED_SHELL('',(#11505,#11625,#11703,#11781,#13150,#14045,
    #14072,#14099,#14126,#14153,#14160,#14215,#14262,#14289,#14316,
    #14323,#14378,#14425,#14452,#14479,#14486,#14533,#14560,#14587,
    #14594,#14641,#14668,#14695,#14702,#14749,#14776,#14803,#14810,
    #14857,#14884,#14911,#14918,#14965,#14992,#15019,#15026,#15073,
    #15100,#15127,#15134,#15181,#15208,#15235,#15242,#15297,#15352,
    #15407,#15462,#15517,#15572,#15627,#15631,#15635,#15639,#15643,
    #15647,#15651,#15655,#15659));
#11505 = ADVANCED_FACE('',(#11506),#11520,.T.);
#11506 = FACE_BOUND('',#11507,.T.);
#11507 = EDGE_LOOP('',(#11508,#11543,#11571,#11599));
#11508 = ORIENTED_EDGE('',*,*,#11509,.T.);
#11509 = EDGE_CURVE('',#11510,#11512,#11514,.T.);
#11510 = VERTEX_POINT('',#11511);
#11511 = CARTESIAN_POINT('',(-104.,-59.,27.));
#11512 = VERTEX_POINT('',#11513);
#11513 = CARTESIAN_POINT('',(-104.,-59.,29.));
#11514 = SURFACE_CURVE('',#11515,(#11519,#11531),.PCURVE_S1.);
#11515 = LINE('',#11516,#11517);
#11516 = CARTESIAN_POINT('',(-104.,-59.,27.));
#11517 = VECTOR('',#11518,1.);
#11518 = DIRECTION('',(0.,0.,1.));
#11519 = PCURVE('',#11520,#11525);
#11520 = PLANE('',#11521);
#11521 = AXIS2_PLACEMENT_3D('',#11522,#11523,#11524);
#11522 = CARTESIAN_POINT('',(-104.,-59.,27.));
#11523 = DIRECTION('',(-1.,0.,0.));
#11524 = DIRECTION('',(0.,1.,0.));
#11525 = DEFINITIONAL_REPRESENTATION('',(#11526),#11530);
#11526 = LINE('',#11527,#11528);
#11527 = CARTESIAN_POINT('',(0.,0.));
#11528 = VECTOR('',#11529,1.);
#11529 = DIRECTION('',(0.,-1.));
#11530 = ( GEOMETRIC_REPRESENTATION_CONTEXT(2) 
PARAMETRIC_REPRESENTATION_CONTEXT() REPRESENTATION_CONTEXT('2D SPACE',''
  ) );
#11531 = PCURVE('',#11532,#11537);
#11532 = CYLINDRICAL_SURFACE('',#11533,6.);
#11533 = AXIS2_PLACEMENT_3D('',#11534,#11535,#11536);
#11534 = CARTESIAN_POINT('',(-98.,-59.,27.));
#11535 = DIRECTION('',(-0.,-0.,-1.));
#11536 = DIRECTION('',(1.,0.,0.));
#11537 = DEFINITIONAL_REPRESENTATION('',(#11538),#11542);
#11538 = LINE('',#11539,#11540);
#11539 = CARTESIAN_POINT('',(-3.14159265359,0.));
#11540 = VECTOR('',#11541,1.);
#11541 = DIRECTION('',(-0.,-1.));
#11542 = ( GEOMETRIC_REPRESENTATION_CONTEXT(2) 
PARAMETRIC_REPRESENTATION_CONTEXT() REPRESENTATION_CONTEXT('2D SPACE',''
  ) );
#11543 = ORIENTED_EDGE('',*,*,#11544,.T.);
#11544 = EDGE_CURVE('',#11512,#11545,#11547,.T.);
#11545 = VERTEX_POINT('',#11546);
#11546 = CARTESIAN_POINT('',(-104.,58.999999983307,29.));
#11547 = SURFACE_CURVE('',#11548,(#11552,#11559),.PCURVE_S1.);
#11548 = LINE('',#11549,#11550);
#11549 = CARTESIAN_POINT('',(-104.,2.629008122312E-12,29.));
#11550 = VECTOR('',#11551,1.);
#11551 = DIRECTION('',(0.,1.,0.));
#11552 = PCURVE('',#11520,#11553);
#11553 = DEFINITIONAL_REPRESENTATION('',(#11554),#11558);
#11554 = LINE('',#11555,#11556);
#11555 = CARTESIAN_POINT('',(59.000000000005,-2.));
#11556 = VECTOR('',#11557,1.);
#11557 = DIRECTION('',(1.,0.));
#11558 = ( GEOMETRIC_REPRESENTATION_CONTEXT(2) 
PARAMETRIC_REPRESENTATION_CONTEXT() REPRESENTATION_CONTEXT('2D SPACE',''
  ) );
#11559 = PCURVE('',#11560,#11565);
#11560 = PLANE('',#11561);
#11561 = AXIS2_PLACEMENT_3D('',#11562,#11563,#11564);
#11562 = CARTESIAN_POINT('',(1.708882822828E-15,-3.42744990727E-09,29.)
  );
#11563 = DIRECTION('',(0.,0.,1.));
#11564 = DIRECTION('',(1.,0.,0.));
#11565 = DEFINITIONAL_REPRESENTATION('',(#11566),#11570);
#11566 = LINE('',#11567,#11568);
#11567 = CARTESIAN_POINT('',(-104.,3.430078915392E-09));
#11568 = VECTOR('',#11569,1.);
#11569 = DIRECTION('',(0.,1.));
#11570 = ( GEOMETRIC_REPRESENTATION_CONTEXT(2) 
PARAMETRIC_REPRESENTATION_CONTEXT() REPRESENTATION_CONTEXT('2D SPACE',''
  ) );
#11571 = ORIENTED_EDGE('',*,*,#11572,.F.);
#11572 = EDGE_CURVE('',#11573,#11545,#11575,.T.);
#11573 = VERTEX_POINT('',#11574);
#11574 = CARTESIAN_POINT('',(-104.,58.999999983307,27.));
#11575 = SURFACE_CURVE('',#11576,(#11580,#11587),.PCURVE_S1.);
#11576 = LINE('',#11577,#11578);
#11577 = CARTESIAN_POINT('',(-104.,58.999999983307,27.));
#11578 = VECTOR('',#11579,1.);
#11579 = DIRECTION('',(0.,0.,1.));
#11580 = PCURVE('',#11520,#11581);
#11581 = DEFINITIONAL_REPRESENTATION('',(#11582),#11586);
#11582 = LINE('',#11583,#11584);
#11583 = CARTESIAN_POINT('',(117.99999998331,0.));
#11584 = VECTOR('',#11585,1.);
#11585 = DIRECTION('',(0.,-1.));
#11586 = ( GEOMETRIC_REPRESENTATION_CONTEXT(2) 
PARAMETRIC_REPRESENTATION_CONTEXT() REPRESENTATION_CONTEXT('2D SPACE',''
  ) );
#11587 = PCURVE('',#11588,#11593);
#11588 = CYLINDRICAL_SURFACE('',#11589,6.);
#11589 = AXIS2_PLACEMENT_3D('',#11590,#11591,#11592);
#11590 = CARTESIAN_POINT('',(-98.,58.999999983307,27.));
#11591 = DIRECTION('',(-0.,-0.,-1.));
#11592 = DIRECTION('',(1.,0.,0.));
#11593 = DEFINITIONAL_REPRESENTATION('',(#11594),#11598);
#11594 = LINE('',#11595,#11596);
#11595 = CARTESIAN_POINT('',(-3.14159265359,0.));
#11596 = VECTOR('',#11597,1.);
#11597 = DIRECTION('',(-0.,-1.));
#11598 = ( GEOMETRIC_REPRESENTATION_CONTEXT(2) 
PARAMETRIC_REPRESENTATION_CONTEXT() REPRESENTATION_CONTEXT('2D SPACE',''
  ) );
#11599 = ORIENTED_EDGE('',*,*,#11600,.F.);
#11600 = EDGE_CURVE('',#11510,#11573,#11601,.T.);
#11601 = SURFACE_CURVE('',#11602,(#11606,#11613),.PCURVE_S1.);
#11602 = LINE('',#11603,#11604);
#11603 = CARTESIAN_POINT('',(-104.,2.629008122312E-12,27.));
#11604 = VECTOR('',#11605,1.);
#11605 = DIRECTION('',(0.,1.,0.));
#11606 = PCURVE('',#11520,#11607);
#11607 = DEFINITIONAL_REPRESENTATION('',(#11608),#11612);
#11608 = LINE('',#11609,#11610);
#11609 = CARTESIAN_POINT('',(59.000000000005,0.));
#11610 = VECTOR('',#11611,1.);
#11611 = DIRECTION('',(1.,0.));
#11612 = ( GEOMETRIC_REPRESENTATION_CONTEXT(2) 
PARAMETRIC_REPRESENTATION_CONTEXT() REPRESENTATION_CONTEXT('2D SPACE',''
  ) );
#11613 = PCURVE('',#11614,#11619);
#11614 = PLANE('',#11615);
#11615 = AXIS2_PLACEMENT_3D('',#11616,#11617,#11618);
#11616 = CARTESIAN_POINT('',(1.708882822828E-15,-3.42744990727E-09,27.)
  );
#11617 = DIRECTION('',(0.,0.,1.));
#11618 = DIRECTION('',(1.,0.,0.));
#11619 = DEFINITIONAL_REPRESENTATION('',(#11620),#11624);
#11620 = LINE('',#11621,#11622);
#11621 = CARTESIAN_POINT('',(-104.,3.430078915392E-09));
#11622 = VECTOR('',#11623,1.);
#11623 = DIRECTION('',(0.,1.));
#11624 = ( GEOMETRIC_REPRESENTATION_CONTEXT(2) 
PARAMETRIC_REPRESENTATION_CONTEXT() REPRESENTATION_CONTEXT('2D SPACE',''
  ) );
#11625 = ADVANCED_FACE('',(#11626),#11532,.T.);
#11626 = FACE_BOUND('',#11627,.F.);
#11627 = EDGE_LOOP('',(#11628,#11629,#11653,#11681));
#11628 = ORIENTED_EDGE('',*,*,#11509,.T.);
#11629 = ORIENTED_EDGE('',*,*,#11630,.T.);
#11630 = EDGE_CURVE('',#11512,#11631,#11633,.T.);
#11631 = VERTEX_POINT('',#11632);
#11632 = CARTESIAN_POINT('',(-98.,-65.,29.));
#11633 = SURFACE_CURVE('',#11634,(#11639,#11646),.PCURVE_S1.);
#11634 = CIRCLE('',#11635,6.);
#11635 = AXIS2_PLACEMENT_3D('',#11636,#11637,#11638);
#11636 = CARTESIAN_POINT('',(-98.,-59.,29.));
#11637 = DIRECTION('',(0.,0.,1.));
#11638 = DIRECTION('',(1.,0.,0.));
#11639 = PCURVE('',#11532,#11640);
#11640 = DEFINITIONAL_REPRESENTATION('',(#11641),#11645);
#11641 = LINE('',#11642,#11643);
#11642 = CARTESIAN_POINT('',(-0.,-2.));
#11643 = VECTOR('',#11644,1.);
#11644 = DIRECTION('',(-1.,0.));
#11645 = ( GEOMETRIC_REPRESENTATION_CONTEXT(2) 
PARAMETRIC_REPRESENTATION_CONTEXT() REPRESENTATION_CONTEXT('2D SPACE',''
  ) );
#11646 = PCURVE('',#11560,#11647);
#11647 = DEFINITIONAL_REPRESENTATION('',(#11648),#11652);
#11648 = CIRCLE('',#11649,6.);
#11649 = AXIS2_PLACEMENT_2D('',#11650,#11651);
#11650 = CARTESIAN_POINT('',(-98.,-58.99999999657));
#11651 = DIRECTION('',(1.,0.));
#11652 = ( GEOMETRIC_REPRESENTATION_CONTEXT(2) 
PARAMETRIC_REPRESENTATION_CONTEXT() REPRESENTATION_CONTEXT('2D SPACE',''
  ) );
#11653 = ORIENTED_EDGE('',*,*,#11654,.F.);
#11654 = EDGE_CURVE('',#11655,#11631,#11657,.T.);
#11655 = VERTEX_POINT('',#11656);
#11656 = CARTESIAN_POINT('',(-98.,-65.,27.));
#11657 = SURFACE_CURVE('',#11658,(#11662,#11669),.PCURVE_S1.);
#11658 = LINE('',#11659,#11660);
#11659 = CARTESIAN_POINT('',(-98.,-65.,27.));
#11660 = VECTOR('',#11661,1.);
#11661 = DIRECTION('',(0.,0.,1.));
#11662 = PCURVE('',#11532,#11663);
#11663 = DEFINITIONAL_REPRESENTATION('',(#11664),#11668);
#11664 = LINE('',#11665,#11666);
#11665 = CARTESIAN_POINT('',(-4.712388980385,0.));
#11666 = VECTOR('',#11667,1.);
#11667 = DIRECTION('',(-0.,-1.));
#11668 = ( GEOMETRIC_REPRESENTATION_CONTEXT(2) 
PARAMETRIC_REPRESENTATION_CONTEXT() REPRESENTATION_CONTEXT('2D SPACE',''
  ) );
#11669 = PCURVE('',#11670,#11675);
#11670 = PLANE('',#11671);
#11671 = AXIS2_PLACEMENT_3D('',#11672,#11673,#11674);
#11672 = CARTESIAN_POINT('',(-98.,-64.99999999999,27.));
#11673 = DIRECTION('',(0.,1.,0.));
#11674 = DIRECTION('',(1.,0.,0.));
#11675 = DEFINITIONAL_REPRESENTATION('',(#11676),#11680);
#11676 = LINE('',#11677,#11678);
#11677 = CARTESIAN_POINT('',(0.,0.));
#11678 = VECTOR('',#11679,1.);
#11679 = DIRECTION('',(0.,-1.));
#11680 = ( GEOMETRIC_REPRESENTATION_CONTEXT(2) 
PARAMETRIC_REPRESENTATION_CONTEXT() REPRESENTATION_CONTEXT('2D SPACE',''
  ) );
#11681 = ORIENTED_EDGE('',*,*,#11682,.F.);
#11682 = EDGE_CURVE('',#11510,#11655,#11683,.T.);
#11683 = SURFACE_CURVE('',#11684,(#11689,#11696),.PCURVE_S1.);
#11684 = CIRCLE('',#11685,6.);
#11685 = AXIS2_PLACEMENT_3D('',#11686,#11687,#11688);
#11686 = CARTESIAN_POINT('',(-98.,-59.,27.));
#11687 = DIRECTION('',(0.,0.,1.));
#11688 = DIRECTION('',(1.,0.,0.));
#11689 = PCURVE('',#11532,#11690);
#11690 = DEFINITIONAL_REPRESENTATION('',(#11691),#11695);
#11691 = LINE('',#11692,#11693);
#11692 = CARTESIAN_POINT('',(-0.,0.));
#11693 = VECTOR('',#11694,1.);
#11694 = DIRECTION('',(-1.,0.));
#11695 = ( GEOMETRIC_REPRESENTATION_CONTEXT(2) 
PARAMETRIC_REPRESENTATION_CONTEXT() REPRESENTATION_CONTEXT('2D SPACE',''
  ) );
#11696 = PCURVE('',#11614,#11697);
#11697 = DEFINITIONAL_REPRESENTATION('',(#11698),#11702);
#11698 = CIRCLE('',#11699,6.);
#11699 = AXIS2_PLACEMENT_2D('',#11700,#11701);
#11700 = CARTESIAN_POINT('',(-98.,-58.99999999657));
#11701 = DIRECTION('',(1.,0.));
#11702 = ( GEOMETRIC_REPRESENTATION_CONTEXT(2) 
PARAMETRIC_REPRESENTATION_CONTEXT() REPRESENTATION_CONTEXT('2D SPACE',''
  ) );
#11703 = ADVANCED_FACE('',(#11704),#11588,.T.);
#11704 = FACE_BOUND('',#11705,.F.);
#11705 = EDGE_LOOP('',(#11706,#11736,#11758,#11759));
#11706 = ORIENTED_EDGE('',*,*,#11707,.T.);
#11707 = EDGE_CURVE('',#11708,#11710,#11712,.T.);
#11708 = VERTEX_POINT('',#11709);
#11709 = CARTESIAN_POINT('',(-98.,64.999999991655,27.));
#11710 = VERTEX_POINT('',#11711);
#11711 = CARTESIAN_POINT('',(-98.,64.999999991655,29.));
#11712 = SURFACE_CURVE('',#11713,(#11717,#11724),.PCURVE_S1.);
#11713 = LINE('',#11714,#11715);
#11714 = CARTESIAN_POINT('',(-98.,64.999999991655,27.));
#11715 = VECTOR('',#11716,1.);
#11716 = DIRECTION('',(0.,0.,1.));
#11717 = PCURVE('',#11588,#11718);
#11718 = DEFINITIONAL_REPRESENTATION('',(#11719),#11723);
#11719 = LINE('',#11720,#11721);
#11720 = CARTESIAN_POINT('',(-1.570796326795,0.));
#11721 = VECTOR('',#11722,1.);
#11722 = DIRECTION('',(-0.,-1.));
#11723 = ( GEOMETRIC_REPRESENTATION_CONTEXT(2) 
PARAMETRIC_REPRESENTATION_CONTEXT() REPRESENTATION_CONTEXT('2D SPACE',''
  ) );
#11724 = PCURVE('',#11725,#11730);
#11725 = PLANE('',#11726);
#11726 = AXIS2_PLACEMENT_3D('',#11727,#11728,#11729);
#11727 = CARTESIAN_POINT('',(-98.,65.000000000003,27.));
#11728 = DIRECTION('',(0.,1.,0.));
#11729 = DIRECTION('',(1.,0.,0.));
#11730 = DEFINITIONAL_REPRESENTATION('',(#11731),#11735);
#11731 = LINE('',#11732,#11733);
#11732 = CARTESIAN_POINT('',(0.,0.));
#11733 = VECTOR('',#11734,1.);
#11734 = DIRECTION('',(0.,-1.));
#11735 = ( GEOMETRIC_REPRESENTATION_CONTEXT(2) 
PARAMETRIC_REPRESENTATION_CONTEXT() REPRESENTATION_CONTEXT('2D SPACE',''
  ) );
#11736 = ORIENTED_EDGE('',*,*,#11737,.T.);
#11737 = EDGE_CURVE('',#11710,#11545,#11738,.T.);
#11738 = SURFACE_CURVE('',#11739,(#11744,#11751),.PCURVE_S1.);
#11739 = CIRCLE('',#11740,6.);
#11740 = AXIS2_PLACEMENT_3D('',#11741,#11742,#11743);
#11741 = CARTESIAN_POINT('',(-98.,58.999999983307,29.));
#11742 = DIRECTION('',(0.,0.,1.));
#11743 = DIRECTION('',(1.,0.,0.));
#11744 = PCURVE('',#11588,#11745);
#11745 = DEFINITIONAL_REPRESENTATION('',(#11746),#11750);
#11746 = LINE('',#11747,#11748);
#11747 = CARTESIAN_POINT('',(-0.,-2.));
#11748 = VECTOR('',#11749,1.);
#11749 = DIRECTION('',(-1.,0.));
#11750 = ( GEOMETRIC_REPRESENTATION_CONTEXT(2) 
PARAMETRIC_REPRESENTATION_CONTEXT() REPRESENTATION_CONTEXT('2D SPACE',''
  ) );
#11751 = PCURVE('',#11560,#11752);
#11752 = DEFINITIONAL_REPRESENTATION('',(#11753),#11757);
#11753 = CIRCLE('',#11754,6.);
#11754 = AXIS2_PLACEMENT_2D('',#11755,#11756);
#11755 = CARTESIAN_POINT('',(-98.,58.999999986734));
#11756 = DIRECTION('',(1.,0.));
#11757 = ( GEOMETRIC_REPRESENTATION_CONTEXT(2) 
PARAMETRIC_REPRESENTATION_CONTEXT() REPRESENTATION_CONTEXT('2D SPACE',''
  ) );
#11758 = ORIENTED_EDGE('',*,*,#11572,.F.);
#11759 = ORIENTED_EDGE('',*,*,#11760,.F.);
#11760 = EDGE_CURVE('',#11708,#11573,#11761,.T.);
#11761 = SURFACE_CURVE('',#11762,(#11767,#11774),.PCURVE_S1.);
#11762 = CIRCLE('',#11763,6.);
#11763 = AXIS2_PLACEMENT_3D('',#11764,#11765,#11766);
#11764 = CARTESIAN_POINT('',(-98.,58.999999983307,27.));
#11765 = DIRECTION('',(0.,0.,1.));
#11766 = DIRECTION('',(1.,0.,0.));
#11767 = PCURVE('',#11588,#11768);
#11768 = DEFINITIONAL_REPRESENTATION('',(#11769),#11773);
#11769 = LINE('',#11770,#11771);
#11770 = CARTESIAN_POINT('',(-0.,0.));
#11771 = VECTOR('',#11772,1.);
#11772 = DIRECTION('',(-1.,0.));
#11773 = ( GEOMETRIC_REPRESENTATION_CONTEXT(2) 
PARAMETRIC_REPRESENTATION_CONTEXT() REPRESENTATION_CONTEXT('2D SPACE',''
  ) );
#11774 = PCURVE('',#11614,#11775);
#11775 = DEFINITIONAL_REPRESENTATION('',(#11776),#11780);
#11776 = CIRCLE('',#11777,6.);
#11777 = AXIS2_PLACEMENT_2D('',#11778,#11779);
#11778 = CARTESIAN_POINT('',(-98.,58.999999986734));
#11779 = DIRECTION('',(1.,0.));
#11780 = ( GEOMETRIC_REPRESENTATION_CONTEXT(2) 
PARAMETRIC_REPRESENTATION_CONTEXT() REPRESENTATION_CONTEXT('2D SPACE',''
  ) );
#11781 = ADVANCED_FACE('',(#11782,#11917,#11948,#12054,#12085,#12191,
    #12297,#12403,#12509,#12615,#12721,#12827,#12933,#12964,#12995,
    #13026,#13057,#13088,#13119),#11614,.F.);
#11782 = FACE_BOUND('',#11783,.F.);
#11783 = EDGE_LOOP('',(#11784,#11785,#11786,#11809,#11838,#11866,#11895,
    #11916));
#11784 = ORIENTED_EDGE('',*,*,#11600,.F.);
#11785 = ORIENTED_EDGE('',*,*,#11682,.T.);
#11786 = ORIENTED_EDGE('',*,*,#11787,.T.);
#11787 = EDGE_CURVE('',#11655,#11788,#11790,.T.);
#11788 = VERTEX_POINT('',#11789);
#11789 = CARTESIAN_POINT('',(98.,-65.,27.));
#11790 = SURFACE_CURVE('',#11791,(#11795,#11802),.PCURVE_S1.);
#11791 = LINE('',#11792,#11793);
#11792 = CARTESIAN_POINT('',(0.,-64.99999999999,27.));
#11793 = VECTOR('',#11794,1.);
#11794 = DIRECTION('',(1.,0.,0.));
#11795 = PCURVE('',#11614,#11796);
#11796 = DEFINITIONAL_REPRESENTATION('',(#11797),#11801);
#11797 = LINE('',#11798,#11799);
#11798 = CARTESIAN_POINT('',(-1.708882822828E-15,-64.99999999657));
#11799 = VECTOR('',#11800,1.);
#11800 = DIRECTION('',(1.,0.));
#11801 = ( GEOMETRIC_REPRESENTATION_CONTEXT(2) 
PARAMETRIC_REPRESENTATION_CONTEXT() REPRESENTATION_CONTEXT('2D SPACE',''
  ) );
#11802 = PCURVE('',#11670,#11803);
#11803 = DEFINITIONAL_REPRESENTATION('',(#11804),#11808);
#11804 = LINE('',#11805,#11806);
#11805 = CARTESIAN_POINT('',(98.,0.));
#11806 = VECTOR('',#11807,1.);
#11807 = DIRECTION('',(1.,0.));
#11808 = ( GEOMETRIC_REPRESENTATION_CONTEXT(2) 
PARAMETRIC_REPRESENTATION_CONTEXT() REPRESENTATION_CONTEXT('2D SPACE',''
  ) );
#11809 = ORIENTED_EDGE('',*,*,#11810,.T.);
#11810 = EDGE_CURVE('',#11788,#11811,#11813,.T.);
#11811 = VERTEX_POINT('',#11812);
#11812 = CARTESIAN_POINT('',(104.,-59.,27.));
#11813 = SURFACE_CURVE('',#11814,(#11819,#11826),.PCURVE_S1.);
#11814 = CIRCLE('',#11815,6.);
#11815 = AXIS2_PLACEMENT_3D('',#11816,#11817,#11818);
#11816 = CARTESIAN_POINT('',(98.,-59.,27.));
#11817 = DIRECTION('',(0.,0.,1.));
#11818 = DIRECTION('',(1.,0.,0.));
#11819 = PCURVE('',#11614,#11820);
#11820 = DEFINITIONAL_REPRESENTATION('',(#11821),#11825);
#11821 = CIRCLE('',#11822,6.);
#11822 = AXIS2_PLACEMENT_2D('',#11823,#11824);
#11823 = CARTESIAN_POINT('',(98.,-58.99999999657));
#11824 = DIRECTION('',(1.,0.));
#11825 = ( GEOMETRIC_REPRESENTATION_CONTEXT(2) 
PARAMETRIC_REPRESENTATION_CONTEXT() REPRESENTATION_CONTEXT('2D SPACE',''
  ) );
#11826 = PCURVE('',#11827,#11832);
#11827 = CYLINDRICAL_SURFACE('',#11828,6.);
#11828 = AXIS2_PLACEMENT_3D('',#11829,#11830,#11831);
#11829 = CARTESIAN_POINT('',(98.,-59.,27.));
#11830 = DIRECTION('',(-0.,-0.,-1.));
#11831 = DIRECTION('',(1.,0.,0.));
#11832 = DEFINITIONAL_REPRESENTATION('',(#11833),#11837);
#11833 = LINE('',#11834,#11835);
#11834 = CARTESIAN_POINT('',(-0.,0.));
#11835 = VECTOR('',#11836,1.);
#11836 = DIRECTION('',(-1.,0.));
#11837 = ( GEOMETRIC_REPRESENTATION_CONTEXT(2) 
PARAMETRIC_REPRESENTATION_CONTEXT() REPRESENTATION_CONTEXT('2D SPACE',''
  ) );
#11838 = ORIENTED_EDGE('',*,*,#11839,.T.);
#11839 = EDGE_CURVE('',#11811,#11840,#11842,.T.);
#11840 = VERTEX_POINT('',#11841);
#11841 = CARTESIAN_POINT('',(104.,58.999999983307,27.));
#11842 = SURFACE_CURVE('',#11843,(#11847,#11854),.PCURVE_S1.);
#11843 = LINE('',#11844,#11845);
#11844 = CARTESIAN_POINT('',(104.,2.629008122312E-12,27.));
#11845 = VECTOR('',#11846,1.);
#11846 = DIRECTION('',(0.,1.,0.));
#11847 = PCURVE('',#11614,#11848);
#11848 = DEFINITIONAL_REPRESENTATION('',(#11849),#11853);
#11849 = LINE('',#11850,#11851);
#11850 = CARTESIAN_POINT('',(104.,3.430078915392E-09));
#11851 = VECTOR('',#11852,1.);
#11852 = DIRECTION('',(0.,1.));
#11853 = ( GEOMETRIC_REPRESENTATION_CONTEXT(2) 
PARAMETRIC_REPRESENTATION_CONTEXT() REPRESENTATION_CONTEXT('2D SPACE',''
  ) );
#11854 = PCURVE('',#11855,#11860);
#11855 = PLANE('',#11856);
#11856 = AXIS2_PLACEMENT_3D('',#11857,#11858,#11859);
#11857 = CARTESIAN_POINT('',(104.,-59.,27.));
#11858 = DIRECTION('',(-1.,0.,0.));
#11859 = DIRECTION('',(0.,1.,0.));
#11860 = DEFINITIONAL_REPRESENTATION('',(#11861),#11865);
#11861 = LINE('',#11862,#11863);
#11862 = CARTESIAN_POINT('',(59.000000000005,0.));
#11863 = VECTOR('',#11864,1.);
#11864 = DIRECTION('',(1.,0.));
#11865 = ( GEOMETRIC_REPRESENTATION_CONTEXT(2) 
PARAMETRIC_REPRESENTATION_CONTEXT() REPRESENTATION_CONTEXT('2D SPACE',''
  ) );
#11866 = ORIENTED_EDGE('',*,*,#11867,.T.);
#11867 = EDGE_CURVE('',#11840,#11868,#11870,.T.);
#11868 = VERTEX_POINT('',#11869);
#11869 = CARTESIAN_POINT('',(98.,64.999999991655,27.));
#11870 = SURFACE_CURVE('',#11871,(#11876,#11883),.PCURVE_S1.);
#11871 = CIRCLE('',#11872,6.);
#11872 = AXIS2_PLACEMENT_3D('',#11873,#11874,#11875);
#11873 = CARTESIAN_POINT('',(98.,58.999999983307,27.));
#11874 = DIRECTION('',(0.,0.,1.));
#11875 = DIRECTION('',(1.,0.,0.));
#11876 = PCURVE('',#11614,#11877);
#11877 = DEFINITIONAL_REPRESENTATION('',(#11878),#11882);
#11878 = CIRCLE('',#11879,6.);
#11879 = AXIS2_PLACEMENT_2D('',#11880,#11881);
#11880 = CARTESIAN_POINT('',(98.,58.999999986734));
#11881 = DIRECTION('',(1.,0.));
#11882 = ( GEOMETRIC_REPRESENTATION_CONTEXT(2) 
PARAMETRIC_REPRESENTATION_CONTEXT() REPRESENTATION_CONTEXT('2D SPACE',''
  ) );
#11883 = PCURVE('',#11884,#11889);
#11884 = CYLINDRICAL_SURFACE('',#11885,6.);
#11885 = AXIS2_PLACEMENT_3D('',#11886,#11887,#11888);
#11886 = CARTESIAN_POINT('',(98.,58.999999983307,27.));
#11887 = DIRECTION('',(-0.,-0.,-1.));
#11888 = DIRECTION('',(1.,0.,0.));
#11889 = DEFINITIONAL_REPRESENTATION('',(#11890),#11894);
#11890 = LINE('',#11891,#11892);
#11891 = CARTESIAN_POINT('',(-0.,0.));
#11892 = VECTOR('',#11893,1.);
#11893 = DIRECTION('',(-1.,0.));
#11894 = ( GEOMETRIC_REPRESENTATION_CONTEXT(2) 
PARAMETRIC_REPRESENTATION_CONTEXT() REPRESENTATION_CONTEXT('2D SPACE',''
  ) );
#11895 = ORIENTED_EDGE('',*,*,#11896,.F.);
#11896 = EDGE_CURVE('',#11708,#11868,#11897,.T.);
#11897 = SURFACE_CURVE('',#11898,(#11902,#11909),.PCURVE_S1.);
#11898 = LINE('',#11899,#11900);
#11899 = CARTESIAN_POINT('',(0.,65.000000000003,27.));
#11900 = VECTOR('',#11901,1.);
#11901 = DIRECTION('',(1.,0.,0.));
#11902 = PCURVE('',#11614,#11903);
#11903 = DEFINITIONAL_REPRESENTATION('',(#11904),#11908);
#11904 = LINE('',#11905,#11906);
#11905 = CARTESIAN_POINT('',(-1.708882822828E-15,65.00000000343));
#11906 = VECTOR('',#11907,1.);
#11907 = DIRECTION('',(1.,0.));
#11908 = ( GEOMETRIC_REPRESENTATION_CONTEXT(2) 
PARAMETRIC_REPRESENTATION_CONTEXT() REPRESENTATION_CONTEXT('2D SPACE',''
  ) );
#11909 = PCURVE('',#11725,#11910);
#11910 = DEFINITIONAL_REPRESENTATION('',(#11911),#11915);
#11911 = LINE('',#11912,#11913);
#11912 = CARTESIAN_POINT('',(98.,0.));
#11913 = VECTOR('',#11914,1.);
#11914 = DIRECTION('',(1.,0.));
#11915 = ( GEOMETRIC_REPRESENTATION_CONTEXT(2) 
PARAMETRIC_REPRESENTATION_CONTEXT() REPRESENTATION_CONTEXT('2D SPACE',''
  ) );
#11916 = ORIENTED_EDGE('',*,*,#11760,.T.);
#11917 = FACE_BOUND('',#11918,.F.);
#11918 = EDGE_LOOP('',(#11919));
#11919 = ORIENTED_EDGE('',*,*,#11920,.F.);
#11920 = EDGE_CURVE('',#11921,#11921,#11923,.T.);
#11921 = VERTEX_POINT('',#11922);
#11922 = CARTESIAN_POINT('',(-96.2,-59.,27.));
#11923 = SURFACE_CURVE('',#11924,(#11929,#11936),.PCURVE_S1.);
#11924 = CIRCLE('',#11925,1.8);
#11925 = AXIS2_PLACEMENT_3D('',#11926,#11927,#11928);
#11926 = CARTESIAN_POINT('',(-98.,-59.,27.));
#11927 = DIRECTION('',(0.,0.,1.));
#11928 = DIRECTION('',(1.,0.,-0.));
#11929 = PCURVE('',#11614,#11930);
#11930 = DEFINITIONAL_REPRESENTATION('',(#11931),#11935);
#11931 = CIRCLE('',#11932,1.8);
#11932 = AXIS2_PLACEMENT_2D('',#11933,#11934);
#11933 = CARTESIAN_POINT('',(-98.,-58.99999999657));
#11934 = DIRECTION('',(1.,0.));
#11935 = ( GEOMETRIC_REPRESENTATION_CONTEXT(2) 
PARAMETRIC_REPRESENTATION_CONTEXT() REPRESENTATION_CONTEXT('2D SPACE',''
  ) );
#11936 = PCURVE('',#11937,#11942);
#11937 = CYLINDRICAL_SURFACE('',#11938,1.8);
#11938 = AXIS2_PLACEMENT_3D('',#11939,#11940,#11941);
#11939 = CARTESIAN_POINT('',(-98.,-59.,24.));
#11940 = DIRECTION('',(0.,0.,1.));
#11941 = DIRECTION('',(1.,0.,-0.));
#11942 = DEFINITIONAL_REPRESENTATION('',(#11943),#11947);
#11943 = LINE('',#11944,#11945);
#11944 = CARTESIAN_POINT('',(0.,3.));
#11945 = VECTOR('',#11946,1.);
#11946 = DIRECTION('',(1.,0.));
#11947 = ( GEOMETRIC_REPRESENTATION_CONTEXT(2) 
PARAMETRIC_REPRESENTATION_CONTEXT() REPRESENTATION_CONTEXT('2D SPACE',''
  ) );
#11948 = FACE_BOUND('',#11949,.F.);
#11949 = EDGE_LOOP('',(#11950,#11978,#12004,#12030));
#11950 = ORIENTED_EDGE('',*,*,#11951,.T.);
#11951 = EDGE_CURVE('',#11952,#11954,#11956,.T.);
#11952 = VERTEX_POINT('',#11953);
#11953 = CARTESIAN_POINT('',(-3.5,-20.,27.));
#11954 = VERTEX_POINT('',#11955);
#11955 = CARTESIAN_POINT('',(-6.5,-20.,27.));
#11956 = SURFACE_CURVE('',#11957,(#11961,#11967),.PCURVE_S1.);
#11957 = LINE('',#11958,#11959);
#11958 = CARTESIAN_POINT('',(-3.25,-20.,27.));
#11959 = VECTOR('',#11960,1.);
#11960 = DIRECTION('',(-1.,-0.,0.));
#11961 = PCURVE('',#11614,#11962);
#11962 = DEFINITIONAL_REPRESENTATION('',(#11963),#11966);
#11963 = B_SPLINE_CURVE_WITH_KNOTS('',1,(#11964,#11965),.UNSPECIFIED.,
  .F.,.F.,(2,2),(0.25,3.25),.PIECEWISE_BEZIER_KNOTS.);
#11964 = CARTESIAN_POINT('',(-3.5,-19.99999999657));
#11965 = CARTESIAN_POINT('',(-6.5,-19.99999999657));
#11966 = ( GEOMETRIC_REPRESENTATION_CONTEXT(2) 
PARAMETRIC_REPRESENTATION_CONTEXT() REPRESENTATION_CONTEXT('2D SPACE',''
  ) );
#11967 = PCURVE('',#11968,#11973);
#11968 = PLANE('',#11969);
#11969 = AXIS2_PLACEMENT_3D('',#11970,#11971,#11972);
#11970 = CARTESIAN_POINT('',(-6.5,-20.,26.));
#11971 = DIRECTION('',(-0.,1.,0.));
#11972 = DIRECTION('',(0.,0.,1.));
#11973 = DEFINITIONAL_REPRESENTATION('',(#11974),#11977);
#11974 = B_SPLINE_CURVE_WITH_KNOTS('',1,(#11975,#11976),.UNSPECIFIED.,
  .F.,.F.,(2,2),(0.25,3.25),.PIECEWISE_BEZIER_KNOTS.);
#11975 = CARTESIAN_POINT('',(1.,3.));
#11976 = CARTESIAN_POINT('',(1.,0.));
#11977 = ( GEOMETRIC_REPRESENTATION_CONTEXT(2) 
PARAMETRIC_REPRESENTATION_CONTEXT() REPRESENTATION_CONTEXT('2D SPACE',''
  ) );
#11978 = ORIENTED_EDGE('',*,*,#11979,.T.);
#11979 = EDGE_CURVE('',#11954,#11980,#11982,.T.);
#11980 = VERTEX_POINT('',#11981);
#11981 = CARTESIAN_POINT('',(-6.5,4.,27.));
#11982 = SURFACE_CURVE('',#11983,(#11987,#11993),.PCURVE_S1.);
#11983 = LINE('',#11984,#11985);
#11984 = CARTESIAN_POINT('',(-6.5,-10.00000000171,27.));
#11985 = VECTOR('',#11986,1.);
#11986 = DIRECTION('',(-0.,1.,0.));
#11987 = PCURVE('',#11614,#11988);
#11988 = DEFINITIONAL_REPRESENTATION('',(#11989),#11992);
#11989 = B_SPLINE_CURVE_WITH_KNOTS('',1,(#11990,#11991),.UNSPECIFIED.,
  .F.,.F.,(2,2),(-9.999999998286,14.000000001714),
  .PIECEWISE_BEZIER_KNOTS.);
#11990 = CARTESIAN_POINT('',(-6.5,-19.99999999657));
#11991 = CARTESIAN_POINT('',(-6.5,4.000000003427));
#11992 = ( GEOMETRIC_REPRESENTATION_CONTEXT(2) 
PARAMETRIC_REPRESENTATION_CONTEXT() REPRESENTATION_CONTEXT('2D SPACE',''
  ) );
#11993 = PCURVE('',#11994,#11999);
#11994 = PLANE('',#11995);
#11995 = AXIS2_PLACEMENT_3D('',#11996,#11997,#11998);
#11996 = CARTESIAN_POINT('',(-6.5,-20.,26.));
#11997 = DIRECTION('',(1.,0.,-0.));
#11998 = DIRECTION('',(0.,0.,1.));
#11999 = DEFINITIONAL_REPRESENTATION('',(#12000),#12003);
#12000 = B_SPLINE_CURVE_WITH_KNOTS('',1,(#12001,#12002),.UNSPECIFIED.,
  .F.,.F.,(2,2),(-9.999999998286,14.000000001714),
  .PIECEWISE_BEZIER_KNOTS.);
#12001 = CARTESIAN_POINT('',(1.,0.));
#12002 = CARTESIAN_POINT('',(1.,-24.));
#12003 = ( GEOMETRIC_REPRESENTATION_CONTEXT(2) 
PARAMETRIC_REPRESENTATION_CONTEXT() REPRESENTATION_CONTEXT('2D SPACE',''
  ) );
#12004 = ORIENTED_EDGE('',*,*,#12005,.F.);
#12005 = EDGE_CURVE('',#12006,#11980,#12008,.T.);
#12006 = VERTEX_POINT('',#12007);
#12007 = CARTESIAN_POINT('',(-3.5,4.,27.));
#12008 = SURFACE_CURVE('',#12009,(#12013,#12019),.PCURVE_S1.);
#12009 = LINE('',#12010,#12011);
#12010 = CARTESIAN_POINT('',(-3.25,4.,27.));
#12011 = VECTOR('',#12012,1.);
#12012 = DIRECTION('',(-1.,-0.,0.));
#12013 = PCURVE('',#11614,#12014);
#12014 = DEFINITIONAL_REPRESENTATION('',(#12015),#12018);
#12015 = B_SPLINE_CURVE_WITH_KNOTS('',1,(#12016,#12017),.UNSPECIFIED.,
  .F.,.F.,(2,2),(0.25,3.25),.PIECEWISE_BEZIER_KNOTS.);
#12016 = CARTESIAN_POINT('',(-3.5,4.000000003427));
#12017 = CARTESIAN_POINT('',(-6.5,4.000000003427));
#12018 = ( GEOMETRIC_REPRESENTATION_CONTEXT(2) 
PARAMETRIC_REPRESENTATION_CONTEXT() REPRESENTATION_CONTEXT('2D SPACE',''
  ) );
#12019 = PCURVE('',#12020,#12025);
#12020 = PLANE('',#12021);
#12021 = AXIS2_PLACEMENT_3D('',#12022,#12023,#12024);
#12022 = CARTESIAN_POINT('',(-6.5,4.,26.));
#12023 = DIRECTION('',(-0.,1.,0.));
#12024 = DIRECTION('',(0.,0.,1.));
#12025 = DEFINITIONAL_REPRESENTATION('',(#12026),#12029);
#12026 = B_SPLINE_CURVE_WITH_KNOTS('',1,(#12027,#12028),.UNSPECIFIED.,
  .F.,.F.,(2,2),(0.25,3.25),.PIECEWISE_BEZIER_KNOTS.);
#12027 = CARTESIAN_POINT('',(1.,3.));
#12028 = CARTESIAN_POINT('',(1.,0.));
#12029 = ( GEOMETRIC_REPRESENTATION_CONTEXT(2) 
PARAMETRIC_REPRESENTATION_CONTEXT() REPRESENTATION_CONTEXT('2D SPACE',''
  ) );
#12030 = ORIENTED_EDGE('',*,*,#12031,.F.);
#12031 = EDGE_CURVE('',#11952,#12006,#12032,.T.);
#12032 = SURFACE_CURVE('',#12033,(#12037,#12043),.PCURVE_S1.);
#12033 = LINE('',#12034,#12035);
#12034 = CARTESIAN_POINT('',(-3.5,-10.00000000171,27.));
#12035 = VECTOR('',#12036,1.);
#12036 = DIRECTION('',(-0.,1.,0.));
#12037 = PCURVE('',#11614,#12038);
#12038 = DEFINITIONAL_REPRESENTATION('',(#12039),#12042);
#12039 = B_SPLINE_CURVE_WITH_KNOTS('',1,(#12040,#12041),.UNSPECIFIED.,
  .F.,.F.,(2,2),(-9.999999998286,14.000000001714),
  .PIECEWISE_BEZIER_KNOTS.);
#12040 = CARTESIAN_POINT('',(-3.5,-19.99999999657));
#12041 = CARTESIAN_POINT('',(-3.5,4.000000003427));
#12042 = ( GEOMETRIC_REPRESENTATION_CONTEXT(2) 
PARAMETRIC_REPRESENTATION_CONTEXT() REPRESENTATION_CONTEXT('2D SPACE',''
  ) );
#12043 = PCURVE('',#12044,#12049);
#12044 = PLANE('',#12045);
#12045 = AXIS2_PLACEMENT_3D('',#12046,#12047,#12048);
#12046 = CARTESIAN_POINT('',(-3.5,-20.,26.));
#12047 = DIRECTION('',(1.,0.,-0.));
#12048 = DIRECTION('',(0.,0.,1.));
#12049 = DEFINITIONAL_REPRESENTATION('',(#12050),#12053);
#12050 = B_SPLINE_CURVE_WITH_KNOTS('',1,(#12051,#12052),.UNSPECIFIED.,
  .F.,.F.,(2,2),(-9.999999998286,14.000000001714),
  .PIECEWISE_BEZIER_KNOTS.);
#12051 = CARTESIAN_POINT('',(1.,0.));
#12052 = CARTESIAN_POINT('',(1.,-24.));
#12053 = ( GEOMETRIC_REPRESENTATION_CONTEXT(2) 
PARAMETRIC_REPRESENTATION_CONTEXT() REPRESENTATION_CONTEXT('2D SPACE',''
  ) );
#12054 = FACE_BOUND('',#12055,.F.);
#12055 = EDGE_LOOP('',(#12056));
#12056 = ORIENTED_EDGE('',*,*,#12057,.F.);
#12057 = EDGE_CURVE('',#12058,#12058,#12060,.T.);
#12058 = VERTEX_POINT('',#12059);
#12059 = CARTESIAN_POINT('',(99.8,-59.,27.));
#12060 = SURFACE_CURVE('',#12061,(#12066,#12073),.PCURVE_S1.);
#12061 = CIRCLE('',#12062,1.8);
#12062 = AXIS2_PLACEMENT_3D('',#12063,#12064,#12065);
#12063 = CARTESIAN_POINT('',(98.,-59.,27.));
#12064 = DIRECTION('',(0.,0.,1.));
#12065 = DIRECTION('',(1.,0.,-0.));
#12066 = PCURVE('',#11614,#12067);
#12067 = DEFINITIONAL_REPRESENTATION('',(#12068),#12072);
#12068 = CIRCLE('',#12069,1.8);
#12069 = AXIS2_PLACEMENT_2D('',#12070,#12071);
#12070 = CARTESIAN_POINT('',(98.,-58.99999999657));
#12071 = DIRECTION('',(1.,0.));
#12072 = ( GEOMETRIC_REPRESENTATION_CONTEXT(2) 
PARAMETRIC_REPRESENTATION_CONTEXT() REPRESENTATION_CONTEXT('2D SPACE',''
  ) );
#12073 = PCURVE('',#12074,#12079);
#12074 = CYLINDRICAL_SURFACE('',#12075,1.8);
#12075 = AXIS2_PLACEMENT_3D('',#12076,#12077,#12078);
#12076 = CARTESIAN_POINT('',(98.,-59.,24.));
#12077 = DIRECTION('',(0.,0.,1.));
#12078 = DIRECTION('',(1.,0.,-0.));
#12079 = DEFINITIONAL_REPRESENTATION('',(#12080),#12084);
#12080 = LINE('',#12081,#12082);
#12081 = CARTESIAN_POINT('',(0.,3.));
#12082 = VECTOR('',#12083,1.);
#12083 = DIRECTION('',(1.,0.));
#12084 = ( GEOMETRIC_REPRESENTATION_CONTEXT(2) 
PARAMETRIC_REPRESENTATION_CONTEXT() REPRESENTATION_CONTEXT('2D SPACE',''
  ) );
#12085 = FACE_BOUND('',#12086,.F.);
#12086 = EDGE_LOOP('',(#12087,#12115,#12141,#12167));
#12087 = ORIENTED_EDGE('',*,*,#12088,.T.);
#12088 = EDGE_CURVE('',#12089,#12091,#12093,.T.);
#12089 = VERTEX_POINT('',#12090);
#12090 = CARTESIAN_POINT('',(5.5,-20.,27.));
#12091 = VERTEX_POINT('',#12092);
#12092 = CARTESIAN_POINT('',(2.5,-20.,27.));
#12093 = SURFACE_CURVE('',#12094,(#12098,#12104),.PCURVE_S1.);
#12094 = LINE('',#12095,#12096);
#12095 = CARTESIAN_POINT('',(1.25,-20.,27.));
#12096 = VECTOR('',#12097,1.);
#12097 = DIRECTION('',(-1.,-0.,0.));
#12098 = PCURVE('',#11614,#12099);
#12099 = DEFINITIONAL_REPRESENTATION('',(#12100),#12103);
#12100 = B_SPLINE_CURVE_WITH_KNOTS('',1,(#12101,#12102),.UNSPECIFIED.,
  .F.,.F.,(2,2),(-4.25,-1.25),.PIECEWISE_BEZIER_KNOTS.);
#12101 = CARTESIAN_POINT('',(5.5,-19.99999999657));
#12102 = CARTESIAN_POINT('',(2.5,-19.99999999657));
#12103 = ( GEOMETRIC_REPRESENTATION_CONTEXT(2) 
PARAMETRIC_REPRESENTATION_CONTEXT() REPRESENTATION_CONTEXT('2D SPACE',''
  ) );
#12104 = PCURVE('',#12105,#12110);
#12105 = PLANE('',#12106);
#12106 = AXIS2_PLACEMENT_3D('',#12107,#12108,#12109);
#12107 = CARTESIAN_POINT('',(2.5,-20.,26.));
#12108 = DIRECTION('',(-0.,1.,0.));
#12109 = DIRECTION('',(0.,0.,1.));
#12110 = DEFINITIONAL_REPRESENTATION('',(#12111),#12114);
#12111 = B_SPLINE_CURVE_WITH_KNOTS('',1,(#12112,#12113),.UNSPECIFIED.,
  .F.,.F.,(2,2),(-4.25,-1.25),.PIECEWISE_BEZIER_KNOTS.);
#12112 = CARTESIAN_POINT('',(1.,3.));
#12113 = CARTESIAN_POINT('',(1.,0.));
#12114 = ( GEOMETRIC_REPRESENTATION_CONTEXT(2) 
PARAMETRIC_REPRESENTATION_CONTEXT() REPRESENTATION_CONTEXT('2D SPACE',''
  ) );
#12115 = ORIENTED_EDGE('',*,*,#12116,.T.);
#12116 = EDGE_CURVE('',#12091,#12117,#12119,.T.);
#12117 = VERTEX_POINT('',#12118);
#12118 = CARTESIAN_POINT('',(2.5,4.,27.));
#12119 = SURFACE_CURVE('',#12120,(#12124,#12130),.PCURVE_S1.);
#12120 = LINE('',#12121,#12122);
#12121 = CARTESIAN_POINT('',(2.5,-10.00000000171,27.));
#12122 = VECTOR('',#12123,1.);
#12123 = DIRECTION('',(-0.,1.,0.));
#12124 = PCURVE('',#11614,#12125);
#12125 = DEFINITIONAL_REPRESENTATION('',(#12126),#12129);
#12126 = B_SPLINE_CURVE_WITH_KNOTS('',1,(#12127,#12128),.UNSPECIFIED.,
  .F.,.F.,(2,2),(-9.999999998286,14.000000001714),
  .PIECEWISE_BEZIER_KNOTS.);
#12127 = CARTESIAN_POINT('',(2.5,-19.99999999657));
#12128 = CARTESIAN_POINT('',(2.5,4.000000003427));
#12129 = ( GEOMETRIC_REPRESENTATION_CONTEXT(2) 
PARAMETRIC_REPRESENTATION_CONTEXT() REPRESENTATION_CONTEXT('2D SPACE',''
  ) );
#12130 = PCURVE('',#12131,#12136);
#12131 = PLANE('',#12132);
#12132 = AXIS2_PLACEMENT_3D('',#12133,#12134,#12135);
#12133 = CARTESIAN_POINT('',(2.5,-20.,26.));
#12134 = DIRECTION('',(1.,0.,-0.));
#12135 = DIRECTION('',(0.,0.,1.));
#12136 = DEFINITIONAL_REPRESENTATION('',(#12137),#12140);
#12137 = B_SPLINE_CURVE_WITH_KNOTS('',1,(#12138,#12139),.UNSPECIFIED.,
  .F.,.F.,(2,2),(-9.999999998286,14.000000001714),
  .PIECEWISE_BEZIER_KNOTS.);
#12138 = CARTESIAN_POINT('',(1.,0.));
#12139 = CARTESIAN_POINT('',(1.,-24.));
#12140 = ( GEOMETRIC_REPRESENTATION_CONTEXT(2) 
PARAMETRIC_REPRESENTATION_CONTEXT() REPRESENTATION_CONTEXT('2D SPACE',''
  ) );
#12141 = ORIENTED_EDGE('',*,*,#12142,.F.);
#12142 = EDGE_CURVE('',#12143,#12117,#12145,.T.);
#12143 = VERTEX_POINT('',#12144);
#12144 = CARTESIAN_POINT('',(5.5,4.,27.));
#12145 = SURFACE_CURVE('',#12146,(#12150,#12156),.PCURVE_S1.);
#12146 = LINE('',#12147,#12148);
#12147 = CARTESIAN_POINT('',(1.25,4.,27.));
#12148 = VECTOR('',#12149,1.);
#12149 = DIRECTION('',(-1.,-0.,0.));
#12150 = PCURVE('',#11614,#12151);
#12151 = DEFINITIONAL_REPRESENTATION('',(#12152),#12155);
#12152 = B_SPLINE_CURVE_WITH_KNOTS('',1,(#12153,#12154),.UNSPECIFIED.,
  .F.,.F.,(2,2),(-4.25,-1.25),.PIECEWISE_BEZIER_KNOTS.);
#12153 = CARTESIAN_POINT('',(5.5,4.000000003427));
#12154 = CARTESIAN_POINT('',(2.5,4.000000003427));
#12155 = ( GEOMETRIC_REPRESENTATION_CONTEXT(2) 
PARAMETRIC_REPRESENTATION_CONTEXT() REPRESENTATION_CONTEXT('2D SPACE',''
  ) );
#12156 = PCURVE('',#12157,#12162);
#12157 = PLANE('',#12158);
#12158 = AXIS2_PLACEMENT_3D('',#12159,#12160,#12161);
#12159 = CARTESIAN_POINT('',(2.5,4.,26.));
#12160 = DIRECTION('',(-0.,1.,0.));
#12161 = DIRECTION('',(0.,0.,1.));
#12162 = DEFINITIONAL_REPRESENTATION('',(#12163),#12166);
#12163 = B_SPLINE_CURVE_WITH_KNOTS('',1,(#12164,#12165),.UNSPECIFIED.,
  .F.,.F.,(2,2),(-4.25,-1.25),.PIECEWISE_BEZIER_KNOTS.);
#12164 = CARTESIAN_POINT('',(1.,3.));
#12165 = CARTESIAN_POINT('',(1.,0.));
#12166 = ( GEOMETRIC_REPRESENTATION_CONTEXT(2) 
PARAMETRIC_REPRESENTATION_CONTEXT() REPRESENTATION_CONTEXT('2D SPACE',''
  ) );
#12167 = ORIENTED_EDGE('',*,*,#12168,.F.);
#12168 = EDGE_CURVE('',#12089,#12143,#12169,.T.);
#12169 = SURFACE_CURVE('',#12170,(#12174,#12180),.PCURVE_S1.);
#12170 = LINE('',#12171,#12172);
#12171 = CARTESIAN_POINT('',(5.5,-10.00000000171,27.));
#12172 = VECTOR('',#12173,1.);
#12173 = DIRECTION('',(-0.,1.,0.));
#12174 = PCURVE('',#11614,#12175);
#12175 = DEFINITIONAL_REPRESENTATION('',(#12176),#12179);
#12176 = B_SPLINE_CURVE_WITH_KNOTS('',1,(#12177,#12178),.UNSPECIFIED.,
  .F.,.F.,(2,2),(-9.999999998286,14.000000001714),
  .PIECEWISE_BEZIER_KNOTS.);
#12177 = CARTESIAN_POINT('',(5.5,-19.99999999657));
#12178 = CARTESIAN_POINT('',(5.5,4.000000003427));
#12179 = ( GEOMETRIC_REPRESENTATION_CONTEXT(2) 
PARAMETRIC_REPRESENTATION_CONTEXT() REPRESENTATION_CONTEXT('2D SPACE',''
  ) );
#12180 = PCURVE('',#12181,#12186);
#12181 = PLANE('',#12182);
#12182 = AXIS2_PLACEMENT_3D('',#12183,#12184,#12185);
#12183 = CARTESIAN_POINT('',(5.5,-20.,26.));
#12184 = DIRECTION('',(1.,0.,-0.));
#12185 = DIRECTION('',(0.,0.,1.));
#12186 = DEFINITIONAL_REPRESENTATION('',(#12187),#12190);
#12187 = B_SPLINE_CURVE_WITH_KNOTS('',1,(#12188,#12189),.UNSPECIFIED.,
  .F.,.F.,(2,2),(-9.999999998286,14.000000001714),
  .PIECEWISE_BEZIER_KNOTS.);
#12188 = CARTESIAN_POINT('',(1.,0.));
#12189 = CARTESIAN_POINT('',(1.,-24.));
#12190 = ( GEOMETRIC_REPRESENTATION_CONTEXT(2) 
PARAMETRIC_REPRESENTATION_CONTEXT() REPRESENTATION_CONTEXT('2D SPACE',''
  ) );
#12191 = FACE_BOUND('',#12192,.F.);
#12192 = EDGE_LOOP('',(#12193,#12221,#12247,#12273));
#12193 = ORIENTED_EDGE('',*,*,#12194,.T.);
#12194 = EDGE_CURVE('',#12195,#12197,#12199,.T.);
#12195 = VERTEX_POINT('',#12196);
#12196 = CARTESIAN_POINT('',(14.5,-20.,27.));
#12197 = VERTEX_POINT('',#12198);
#12198 = CARTESIAN_POINT('',(11.5,-20.,27.));
#12199 = SURFACE_CURVE('',#12200,(#12204,#12210),.PCURVE_S1.);
#12200 = LINE('',#12201,#12202);
#12201 = CARTESIAN_POINT('',(5.75,-20.,27.));
#12202 = VECTOR('',#12203,1.);
#12203 = DIRECTION('',(-1.,-0.,0.));
#12204 = PCURVE('',#11614,#12205);
#12205 = DEFINITIONAL_REPRESENTATION('',(#12206),#12209);
#12206 = B_SPLINE_CURVE_WITH_KNOTS('',1,(#12207,#12208),.UNSPECIFIED.,
  .F.,.F.,(2,2),(-8.75,-5.75),.PIECEWISE_BEZIER_KNOTS.);
#12207 = CARTESIAN_POINT('',(14.5,-19.99999999657));
#12208 = CARTESIAN_POINT('',(11.5,-19.99999999657));
#12209 = ( GEOMETRIC_REPRESENTATION_CONTEXT(2) 
PARAMETRIC_REPRESENTATION_CONTEXT() REPRESENTATION_CONTEXT('2D SPACE',''
  ) );
#12210 = PCURVE('',#12211,#12216);
#12211 = PLANE('',#12212);
#12212 = AXIS2_PLACEMENT_3D('',#12213,#12214,#12215);
#12213 = CARTESIAN_POINT('',(11.5,-20.,26.));
#12214 = DIRECTION('',(-0.,1.,0.));
#12215 = DIRECTION('',(0.,0.,1.));
#12216 = DEFINITIONAL_REPRESENTATION('',(#12217),#12220);
#12217 = B_SPLINE_CURVE_WITH_KNOTS('',1,(#12218,#12219),.UNSPECIFIED.,
  .F.,.F.,(2,2),(-8.75,-5.75),.PIECEWISE_BEZIER_KNOTS.);
#12218 = CARTESIAN_POINT('',(1.,3.));
#12219 = CARTESIAN_POINT('',(1.,0.));
#12220 = ( GEOMETRIC_REPRESENTATION_CONTEXT(2) 
PARAMETRIC_REPRESENTATION_CONTEXT() REPRESENTATION_CONTEXT('2D SPACE',''
  ) );
#12221 = ORIENTED_EDGE('',*,*,#12222,.T.);
#12222 = EDGE_CURVE('',#12197,#12223,#12225,.T.);
#12223 = VERTEX_POINT('',#12224);
#12224 = CARTESIAN_POINT('',(11.5,4.,27.));
#12225 = SURFACE_CURVE('',#12226,(#12230,#12236),.PCURVE_S1.);
#12226 = LINE('',#12227,#12228);
#12227 = CARTESIAN_POINT('',(11.5,-10.00000000171,27.));
#12228 = VECTOR('',#12229,1.);
#12229 = DIRECTION('',(-0.,1.,0.));
#12230 = PCURVE('',#11614,#12231);
#12231 = DEFINITIONAL_REPRESENTATION('',(#12232),#12235);
#12232 = B_SPLINE_CURVE_WITH_KNOTS('',1,(#12233,#12234),.UNSPECIFIED.,
  .F.,.F.,(2,2),(-9.999999998286,14.000000001714),
  .PIECEWISE_BEZIER_KNOTS.);
#12233 = CARTESIAN_POINT('',(11.5,-19.99999999657));
#12234 = CARTESIAN_POINT('',(11.5,4.000000003427));
#12235 = ( GEOMETRIC_REPRESENTATION_CONTEXT(2) 
PARAMETRIC_REPRESENTATION_CONTEXT() REPRESENTATION_CONTEXT('2D SPACE',''
  ) );
#12236 = PCURVE('',#12237,#12242);
#12237 = PLANE('',#12238);
#12238 = AXIS2_PLACEMENT_3D('',#12239,#12240,#12241);
#12239 = CARTESIAN_POINT('',(11.5,-20.,26.));
#12240 = DIRECTION('',(1.,0.,-0.));
#12241 = DIRECTION('',(0.,0.,1.));
#12242 = DEFINITIONAL_REPRESENTATION('',(#12243),#12246);
#12243 = B_SPLINE_CURVE_WITH_KNOTS('',1,(#12244,#12245),.UNSPECIFIED.,
  .F.,.F.,(2,2),(-9.999999998286,14.000000001714),
  .PIECEWISE_BEZIER_KNOTS.);
#12244 = CARTESIAN_POINT('',(1.,0.));
#12245 = CARTESIAN_POINT('',(1.,-24.));
#12246 = ( GEOMETRIC_REPRESENTATION_CONTEXT(2) 
PARAMETRIC_REPRESENTATION_CONTEXT() REPRESENTATION_CONTEXT('2D SPACE',''
  ) );
#12247 = ORIENTED_EDGE('',*,*,#12248,.F.);
#12248 = EDGE_CURVE('',#12249,#12223,#12251,.T.);
#12249 = VERTEX_POINT('',#12250);
#12250 = CARTESIAN_POINT('',(14.5,4.,27.));
#12251 = SURFACE_CURVE('',#12252,(#12256,#12262),.PCURVE_S1.);
#12252 = LINE('',#12253,#12254);
#12253 = CARTESIAN_POINT('',(5.75,4.,27.));
#12254 = VECTOR('',#12255,1.);
#12255 = DIRECTION('',(-1.,-0.,0.));
#12256 = PCURVE('',#11614,#12257);
#12257 = DEFINITIONAL_REPRESENTATION('',(#12258),#12261);
#12258 = B_SPLINE_CURVE_WITH_KNOTS('',1,(#12259,#12260),.UNSPECIFIED.,
  .F.,.F.,(2,2),(-8.75,-5.75),.PIECEWISE_BEZIER_KNOTS.);
#12259 = CARTESIAN_POINT('',(14.5,4.000000003427));
#12260 = CARTESIAN_POINT('',(11.5,4.000000003427));
#12261 = ( GEOMETRIC_REPRESENTATION_CONTEXT(2) 
PARAMETRIC_REPRESENTATION_CONTEXT() REPRESENTATION_CONTEXT('2D SPACE',''
  ) );
#12262 = PCURVE('',#12263,#12268);
#12263 = PLANE('',#12264);
#12264 = AXIS2_PLACEMENT_3D('',#12265,#12266,#12267);
#12265 = CARTESIAN_POINT('',(11.5,4.,26.));
#12266 = DIRECTION('',(-0.,1.,0.));
#12267 = DIRECTION('',(0.,0.,1.));
#12268 = DEFINITIONAL_REPRESENTATION('',(#12269),#12272);
#12269 = B_SPLINE_CURVE_WITH_KNOTS('',1,(#12270,#12271),.UNSPECIFIED.,
  .F.,.F.,(2,2),(-8.75,-5.75),.PIECEWISE_BEZIER_KNOTS.);
#12270 = CARTESIAN_POINT('',(1.,3.));
#12271 = CARTESIAN_POINT('',(1.,0.));
#12272 = ( GEOMETRIC_REPRESENTATION_CONTEXT(2) 
PARAMETRIC_REPRESENTATION_CONTEXT() REPRESENTATION_CONTEXT('2D SPACE',''
  ) );
#12273 = ORIENTED_EDGE('',*,*,#12274,.F.);
#12274 = EDGE_CURVE('',#12195,#12249,#12275,.T.);
#12275 = SURFACE_CURVE('',#12276,(#12280,#12286),.PCURVE_S1.);
#12276 = LINE('',#12277,#12278);
#12277 = CARTESIAN_POINT('',(14.5,-10.00000000171,27.));
#12278 = VECTOR('',#12279,1.);
#12279 = DIRECTION('',(-0.,1.,0.));
#12280 = PCURVE('',#11614,#12281);
#12281 = DEFINITIONAL_REPRESENTATION('',(#12282),#12285);
#12282 = B_SPLINE_CURVE_WITH_KNOTS('',1,(#12283,#12284),.UNSPECIFIED.,
  .F.,.F.,(2,2),(-9.999999998286,14.000000001714),
  .PIECEWISE_BEZIER_KNOTS.);
#12283 = CARTESIAN_POINT('',(14.5,-19.99999999657));
#12284 = CARTESIAN_POINT('',(14.5,4.000000003427));
#12285 = ( GEOMETRIC_REPRESENTATION_CONTEXT(2) 
PARAMETRIC_REPRESENTATION_CONTEXT() REPRESENTATION_CONTEXT('2D SPACE',''
  ) );
#12286 = PCURVE('',#12287,#12292);
#12287 = PLANE('',#12288);
#12288 = AXIS2_PLACEMENT_3D('',#12289,#12290,#12291);
#12289 = CARTESIAN_POINT('',(14.5,-20.,26.));
#12290 = DIRECTION('',(1.,0.,-0.));
#12291 = DIRECTION('',(0.,0.,1.));
#12292 = DEFINITIONAL_REPRESENTATION('',(#12293),#12296);
#12293 = B_SPLINE_CURVE_WITH_KNOTS('',1,(#12294,#12295),.UNSPECIFIED.,
  .F.,.F.,(2,2),(-9.999999998286,14.000000001714),
  .PIECEWISE_BEZIER_KNOTS.);
#12294 = CARTESIAN_POINT('',(1.,0.));
#12295 = CARTESIAN_POINT('',(1.,-24.));
#12296 = ( GEOMETRIC_REPRESENTATION_CONTEXT(2) 
PARAMETRIC_REPRESENTATION_CONTEXT() REPRESENTATION_CONTEXT('2D SPACE',''
  ) );
#12297 = FACE_BOUND('',#12298,.F.);
#12298 = EDGE_LOOP('',(#12299,#12327,#12353,#12379));
#12299 = ORIENTED_EDGE('',*,*,#12300,.T.);
#12300 = EDGE_CURVE('',#12301,#12303,#12305,.T.);
#12301 = VERTEX_POINT('',#12302);
#12302 = CARTESIAN_POINT('',(23.5,-20.,27.));
#12303 = VERTEX_POINT('',#12304);
#12304 = CARTESIAN_POINT('',(20.5,-20.,27.));
#12305 = SURFACE_CURVE('',#12306,(#12310,#12316),.PCURVE_S1.);
#12306 = LINE('',#12307,#12308);
#12307 = CARTESIAN_POINT('',(10.25,-20.,27.));
#12308 = VECTOR('',#12309,1.);
#12309 = DIRECTION('',(-1.,-0.,0.));
#12310 = PCURVE('',#11614,#12311);
#12311 = DEFINITIONAL_REPRESENTATION('',(#12312),#12315);
#12312 = B_SPLINE_CURVE_WITH_KNOTS('',1,(#12313,#12314),.UNSPECIFIED.,
  .F.,.F.,(2,2),(-13.25,-10.25),.PIECEWISE_BEZIER_KNOTS.);
#12313 = CARTESIAN_POINT('',(23.5,-19.99999999657));
#12314 = CARTESIAN_POINT('',(20.5,-19.99999999657));
#12315 = ( GEOMETRIC_REPRESENTATION_CONTEXT(2) 
PARAMETRIC_REPRESENTATION_CONTEXT() REPRESENTATION_CONTEXT('2D SPACE',''
  ) );
#12316 = PCURVE('',#12317,#12322);
#12317 = PLANE('',#12318);
#12318 = AXIS2_PLACEMENT_3D('',#12319,#12320,#12321);
#12319 = CARTESIAN_POINT('',(20.5,-20.,26.));
#12320 = DIRECTION('',(-0.,1.,0.));
#12321 = DIRECTION('',(0.,0.,1.));
#12322 = DEFINITIONAL_REPRESENTATION('',(#12323),#12326);
#12323 = B_SPLINE_CURVE_WITH_KNOTS('',1,(#12324,#12325),.UNSPECIFIED.,
  .F.,.F.,(2,2),(-13.25,-10.25),.PIECEWISE_BEZIER_KNOTS.);
#12324 = CARTESIAN_POINT('',(1.,3.));
#12325 = CARTESIAN_POINT('',(1.,0.));
#12326 = ( GEOMETRIC_REPRESENTATION_CONTEXT(2) 
PARAMETRIC_REPRESENTATION_CONTEXT() REPRESENTATION_CONTEXT('2D SPACE',''
  ) );
#12327 = ORIENTED_EDGE('',*,*,#12328,.T.);
#12328 = EDGE_CURVE('',#12303,#12329,#12331,.T.);
#12329 = VERTEX_POINT('',#12330);
#12330 = CARTESIAN_POINT('',(20.5,4.,27.));
#12331 = SURFACE_CURVE('',#12332,(#12336,#12342),.PCURVE_S1.);
#12332 = LINE('',#12333,#12334);
#12333 = CARTESIAN_POINT('',(20.5,-10.00000000171,27.));
#12334 = VECTOR('',#12335,1.);
#12335 = DIRECTION('',(-0.,1.,0.));
#12336 = PCURVE('',#11614,#12337);
#12337 = DEFINITIONAL_REPRESENTATION('',(#12338),#12341);
#12338 = B_SPLINE_CURVE_WITH_KNOTS('',1,(#12339,#12340),.UNSPECIFIED.,
  .F.,.F.,(2,2),(-9.999999998286,14.000000001714),
  .PIECEWISE_BEZIER_KNOTS.);
#12339 = CARTESIAN_POINT('',(20.5,-19.99999999657));
#12340 = CARTESIAN_POINT('',(20.5,4.000000003427));
#12341 = ( GEOMETRIC_REPRESENTATION_CONTEXT(2) 
PARAMETRIC_REPRESENTATION_CONTEXT() REPRESENTATION_CONTEXT('2D SPACE',''
  ) );
#12342 = PCURVE('',#12343,#12348);
#12343 = PLANE('',#12344);
#12344 = AXIS2_PLACEMENT_3D('',#12345,#12346,#12347);
#12345 = CARTESIAN_POINT('',(20.5,-20.,26.));
#12346 = DIRECTION('',(1.,0.,-0.));
#12347 = DIRECTION('',(0.,0.,1.));
#12348 = DEFINITIONAL_REPRESENTATION('',(#12349),#12352);
#12349 = B_SPLINE_CURVE_WITH_KNOTS('',1,(#12350,#12351),.UNSPECIFIED.,
  .F.,.F.,(2,2),(-9.999999998286,14.000000001714),
  .PIECEWISE_BEZIER_KNOTS.);
#12350 = CARTESIAN_POINT('',(1.,0.));
#12351 = CARTESIAN_POINT('',(1.,-24.));
#12352 = ( GEOMETRIC_REPRESENTATION_CONTEXT(2) 
PARAMETRIC_REPRESENTATION_CONTEXT() REPRESENTATION_CONTEXT('2D SPACE',''
  ) );
#12353 = ORIENTED_EDGE('',*,*,#12354,.F.);
#12354 = EDGE_CURVE('',#12355,#12329,#12357,.T.);
#12355 = VERTEX_POINT('',#12356);
#12356 = CARTESIAN_POINT('',(23.5,4.,27.));
#12357 = SURFACE_CURVE('',#12358,(#12362,#12368),.PCURVE_S1.);
#12358 = LINE('',#12359,#12360);
#12359 = CARTESIAN_POINT('',(10.25,4.,27.));
#12360 = VECTOR('',#12361,1.);
#12361 = DIRECTION('',(-1.,-0.,0.));
#12362 = PCURVE('',#11614,#12363);
#12363 = DEFINITIONAL_REPRESENTATION('',(#12364),#12367);
#12364 = B_SPLINE_CURVE_WITH_KNOTS('',1,(#12365,#12366),.UNSPECIFIED.,
  .F.,.F.,(2,2),(-13.25,-10.25),.PIECEWISE_BEZIER_KNOTS.);
#12365 = CARTESIAN_POINT('',(23.5,4.000000003427));
#12366 = CARTESIAN_POINT('',(20.5,4.000000003427));
#12367 = ( GEOMETRIC_REPRESENTATION_CONTEXT(2) 
PARAMETRIC_REPRESENTATION_CONTEXT() REPRESENTATION_CONTEXT('2D SPACE',''
  ) );
#12368 = PCURVE('',#12369,#12374);
#12369 = PLANE('',#12370);
#12370 = AXIS2_PLACEMENT_3D('',#12371,#12372,#12373);
#12371 = CARTESIAN_POINT('',(20.5,4.,26.));
#12372 = DIRECTION('',(-0.,1.,0.));
#12373 = DIRECTION('',(0.,0.,1.));
#12374 = DEFINITIONAL_REPRESENTATION('',(#12375),#12378);
#12375 = B_SPLINE_CURVE_WITH_KNOTS('',1,(#12376,#12377),.UNSPECIFIED.,
  .F.,.F.,(2,2),(-13.25,-10.25),.PIECEWISE_BEZIER_KNOTS.);
#12376 = CARTESIAN_POINT('',(1.,3.));
#12377 = CARTESIAN_POINT('',(1.,0.));
#12378 = ( GEOMETRIC_REPRESENTATION_CONTEXT(2) 
PARAMETRIC_REPRESENTATION_CONTEXT() REPRESENTATION_CONTEXT('2D SPACE',''
  ) );
#12379 = ORIENTED_EDGE('',*,*,#12380,.F.);
#12380 = EDGE_CURVE('',#12301,#12355,#12381,.T.);
#12381 = SURFACE_CURVE('',#12382,(#12386,#12392),.PCURVE_S1.);
#12382 = LINE('',#12383,#12384);
#12383 = CARTESIAN_POINT('',(23.5,-10.00000000171,27.));
#12384 = VECTOR('',#12385,1.);
#12385 = DIRECTION('',(-0.,1.,0.));
#12386 = PCURVE('',#11614,#12387);
#12387 = DEFINITIONAL_REPRESENTATION('',(#12388),#12391);
#12388 = B_SPLINE_CURVE_WITH_KNOTS('',1,(#12389,#12390),.UNSPECIFIED.,
  .F.,.F.,(2,2),(-9.999999998286,14.000000001714),
  .PIECEWISE_BEZIER_KNOTS.);
#12389 = CARTESIAN_POINT('',(23.5,-19.99999999657));
#12390 = CARTESIAN_POINT('',(23.5,4.000000003427));
#12391 = ( GEOMETRIC_REPRESENTATION_CONTEXT(2) 
PARAMETRIC_REPRESENTATION_CONTEXT() REPRESENTATION_CONTEXT('2D SPACE',''
  ) );
#12392 = PCURVE('',#12393,#12398);
#12393 = PLANE('',#12394);
#12394 = AXIS2_PLACEMENT_3D('',#12395,#12396,#12397);
#12395 = CARTESIAN_POINT('',(23.5,-20.,26.));
#12396 = DIRECTION('',(1.,0.,-0.));
#12397 = DIRECTION('',(0.,0.,1.));
#12398 = DEFINITIONAL_REPRESENTATION('',(#12399),#12402);
#12399 = B_SPLINE_CURVE_WITH_KNOTS('',1,(#12400,#12401),.UNSPECIFIED.,
  .F.,.F.,(2,2),(-9.999999998286,14.000000001714),
  .PIECEWISE_BEZIER_KNOTS.);
#12400 = CARTESIAN_POINT('',(1.,0.));
#12401 = CARTESIAN_POINT('',(1.,-24.));
#12402 = ( GEOMETRIC_REPRESENTATION_CONTEXT(2) 
PARAMETRIC_REPRESENTATION_CONTEXT() REPRESENTATION_CONTEXT('2D SPACE',''
  ) );
#12403 = FACE_BOUND('',#12404,.F.);
#12404 = EDGE_LOOP('',(#12405,#12433,#12459,#12485));
#12405 = ORIENTED_EDGE('',*,*,#12406,.T.);
#12406 = EDGE_CURVE('',#12407,#12409,#12411,.T.);
#12407 = VERTEX_POINT('',#12408);
#12408 = CARTESIAN_POINT('',(32.5,-20.,27.));
#12409 = VERTEX_POINT('',#12410);
#12410 = CARTESIAN_POINT('',(29.5,-20.,27.));
#12411 = SURFACE_CURVE('',#12412,(#12416,#12422),.PCURVE_S1.);
#12412 = LINE('',#12413,#12414);
#12413 = CARTESIAN_POINT('',(14.75,-20.,27.));
#12414 = VECTOR('',#12415,1.);
#12415 = DIRECTION('',(-1.,-0.,0.));
#12416 = PCURVE('',#11614,#12417);
#12417 = DEFINITIONAL_REPRESENTATION('',(#12418),#12421);
#12418 = B_SPLINE_CURVE_WITH_KNOTS('',1,(#12419,#12420),.UNSPECIFIED.,
  .F.,.F.,(2,2),(-17.75,-14.75),.PIECEWISE_BEZIER_KNOTS.);
#12419 = CARTESIAN_POINT('',(32.5,-19.99999999657));
#12420 = CARTESIAN_POINT('',(29.5,-19.99999999657));
#12421 = ( GEOMETRIC_REPRESENTATION_CONTEXT(2) 
PARAMETRIC_REPRESENTATION_CONTEXT() REPRESENTATION_CONTEXT('2D SPACE',''
  ) );
#12422 = PCURVE('',#12423,#12428);
#12423 = PLANE('',#12424);
#12424 = AXIS2_PLACEMENT_3D('',#12425,#12426,#12427);
#12425 = CARTESIAN_POINT('',(29.5,-20.,26.));
#12426 = DIRECTION('',(-0.,1.,0.));
#12427 = DIRECTION('',(0.,0.,1.));
#12428 = DEFINITIONAL_REPRESENTATION('',(#12429),#12432);
#12429 = B_SPLINE_CURVE_WITH_KNOTS('',1,(#12430,#12431),.UNSPECIFIED.,
  .F.,.F.,(2,2),(-17.75,-14.75),.PIECEWISE_BEZIER_KNOTS.);
#12430 = CARTESIAN_POINT('',(1.,3.));
#12431 = CARTESIAN_POINT('',(1.,0.));
#12432 = ( GEOMETRIC_REPRESENTATION_CONTEXT(2) 
PARAMETRIC_REPRESENTATION_CONTEXT() REPRESENTATION_CONTEXT('2D SPACE',''
  ) );
#12433 = ORIENTED_EDGE('',*,*,#12434,.T.);
#12434 = EDGE_CURVE('',#12409,#12435,#12437,.T.);
#12435 = VERTEX_POINT('',#12436);
#12436 = CARTESIAN_POINT('',(29.5,4.,27.));
#12437 = SURFACE_CURVE('',#12438,(#12442,#12448),.PCURVE_S1.);
#12438 = LINE('',#12439,#12440);
#12439 = CARTESIAN_POINT('',(29.5,-10.00000000171,27.));
#12440 = VECTOR('',#12441,1.);
#12441 = DIRECTION('',(-0.,1.,0.));
#12442 = PCURVE('',#11614,#12443);
#12443 = DEFINITIONAL_REPRESENTATION('',(#12444),#12447);
#12444 = B_SPLINE_CURVE_WITH_KNOTS('',1,(#12445,#12446),.UNSPECIFIED.,
  .F.,.F.,(2,2),(-9.999999998286,14.000000001714),
  .PIECEWISE_BEZIER_KNOTS.);
#12445 = CARTESIAN_POINT('',(29.5,-19.99999999657));
#12446 = CARTESIAN_POINT('',(29.5,4.000000003427));
#12447 = ( GEOMETRIC_REPRESENTATION_CONTEXT(2) 
PARAMETRIC_REPRESENTATION_CONTEXT() REPRESENTATION_CONTEXT('2D SPACE',''
  ) );
#12448 = PCURVE('',#12449,#12454);
#12449 = PLANE('',#12450);
#12450 = AXIS2_PLACEMENT_3D('',#12451,#12452,#12453);
#12451 = CARTESIAN_POINT('',(29.5,-20.,26.));
#12452 = DIRECTION('',(1.,0.,-0.));
#12453 = DIRECTION('',(0.,0.,1.));
#12454 = DEFINITIONAL_REPRESENTATION('',(#12455),#12458);
#12455 = B_SPLINE_CURVE_WITH_KNOTS('',1,(#12456,#12457),.UNSPECIFIED.,
  .F.,.F.,(2,2),(-9.999999998286,14.000000001714),
  .PIECEWISE_BEZIER_KNOTS.);
#12456 = CARTESIAN_POINT('',(1.,0.));
#12457 = CARTESIAN_POINT('',(1.,-24.));
#12458 = ( GEOMETRIC_REPRESENTATION_CONTEXT(2) 
PARAMETRIC_REPRESENTATION_CONTEXT() REPRESENTATION_CONTEXT('2D SPACE',''
  ) );
#12459 = ORIENTED_EDGE('',*,*,#12460,.F.);
#12460 = EDGE_CURVE('',#12461,#12435,#12463,.T.);
#12461 = VERTEX_POINT('',#12462);
#12462 = CARTESIAN_POINT('',(32.5,4.,27.));
#12463 = SURFACE_CURVE('',#12464,(#12468,#12474),.PCURVE_S1.);
#12464 = LINE('',#12465,#12466);
#12465 = CARTESIAN_POINT('',(14.75,4.,27.));
#12466 = VECTOR('',#12467,1.);
#12467 = DIRECTION('',(-1.,-0.,0.));
#12468 = PCURVE('',#11614,#12469);
#12469 = DEFINITIONAL_REPRESENTATION('',(#12470),#12473);
#12470 = B_SPLINE_CURVE_WITH_KNOTS('',1,(#12471,#12472),.UNSPECIFIED.,
  .F.,.F.,(2,2),(-17.75,-14.75),.PIECEWISE_BEZIER_KNOTS.);
#12471 = CARTESIAN_POINT('',(32.5,4.000000003427));
#12472 = CARTESIAN_POINT('',(29.5,4.000000003427));
#12473 = ( GEOMETRIC_REPRESENTATION_CONTEXT(2) 
PARAMETRIC_REPRESENTATION_CONTEXT() REPRESENTATION_CONTEXT('2D SPACE',''
  ) );
#12474 = PCURVE('',#12475,#12480);
#12475 = PLANE('',#12476);
#12476 = AXIS2_PLACEMENT_3D('',#12477,#12478,#12479);
#12477 = CARTESIAN_POINT('',(29.5,4.,26.));
#12478 = DIRECTION('',(-0.,1.,0.));
#12479 = DIRECTION('',(0.,0.,1.));
#12480 = DEFINITIONAL_REPRESENTATION('',(#12481),#12484);
#12481 = B_SPLINE_CURVE_WITH_KNOTS('',1,(#12482,#12483),.UNSPECIFIED.,
  .F.,.F.,(2,2),(-17.75,-14.75),.PIECEWISE_BEZIER_KNOTS.);
#12482 = CARTESIAN_POINT('',(1.,3.));
#12483 = CARTESIAN_POINT('',(1.,0.));
#12484 = ( GEOMETRIC_REPRESENTATION_CONTEXT(2) 
PARAMETRIC_REPRESENTATION_CONTEXT() REPRESENTATION_CONTEXT('2D SPACE',''
  ) );
#12485 = ORIENTED_EDGE('',*,*,#12486,.F.);
#12486 = EDGE_CURVE('',#12407,#12461,#12487,.T.);
#12487 = SURFACE_CURVE('',#12488,(#12492,#12498),.PCURVE_S1.);
#12488 = LINE('',#12489,#12490);
#12489 = CARTESIAN_POINT('',(32.5,-10.00000000171,27.));
#12490 = VECTOR('',#12491,1.);
#12491 = DIRECTION('',(-0.,1.,0.));
#12492 = PCURVE('',#11614,#12493);
#12493 = DEFINITIONAL_REPRESENTATION('',(#12494),#12497);
#12494 = B_SPLINE_CURVE_WITH_KNOTS('',1,(#12495,#12496),.UNSPECIFIED.,
  .F.,.F.,(2,2),(-9.999999998286,14.000000001714),
  .PIECEWISE_BEZIER_KNOTS.);
#12495 = CARTESIAN_POINT('',(32.5,-19.99999999657));
#12496 = CARTESIAN_POINT('',(32.5,4.000000003427));
#12497 = ( GEOMETRIC_REPRESENTATION_CONTEXT(2) 
PARAMETRIC_REPRESENTATION_CONTEXT() REPRESENTATION_CONTEXT('2D SPACE',''
  ) );
#12498 = PCURVE('',#12499,#12504);
#12499 = PLANE('',#12500);
#12500 = AXIS2_PLACEMENT_3D('',#12501,#12502,#12503);
#12501 = CARTESIAN_POINT('',(32.5,-20.,26.));
#12502 = DIRECTION('',(1.,0.,-0.));
#12503 = DIRECTION('',(0.,0.,1.));
#12504 = DEFINITIONAL_REPRESENTATION('',(#12505),#12508);
#12505 = B_SPLINE_CURVE_WITH_KNOTS('',1,(#12506,#12507),.UNSPECIFIED.,
  .F.,.F.,(2,2),(-9.999999998286,14.000000001714),
  .PIECEWISE_BEZIER_KNOTS.);
#12506 = CARTESIAN_POINT('',(1.,0.));
#12507 = CARTESIAN_POINT('',(1.,-24.));
#12508 = ( GEOMETRIC_REPRESENTATION_CONTEXT(2) 
PARAMETRIC_REPRESENTATION_CONTEXT() REPRESENTATION_CONTEXT('2D SPACE',''
  ) );
#12509 = FACE_BOUND('',#12510,.F.);
#12510 = EDGE_LOOP('',(#12511,#12539,#12565,#12591));
#12511 = ORIENTED_EDGE('',*,*,#12512,.T.);
#12512 = EDGE_CURVE('',#12513,#12515,#12517,.T.);
#12513 = VERTEX_POINT('',#12514);
#12514 = CARTESIAN_POINT('',(41.5,-20.,27.));
#12515 = VERTEX_POINT('',#12516);
#12516 = CARTESIAN_POINT('',(38.5,-20.,27.));
#12517 = SURFACE_CURVE('',#12518,(#12522,#12528),.PCURVE_S1.);
#12518 = LINE('',#12519,#12520);
#12519 = CARTESIAN_POINT('',(19.25,-20.,27.));
#12520 = VECTOR('',#12521,1.);
#12521 = DIRECTION('',(-1.,-0.,0.));
#12522 = PCURVE('',#11614,#12523);
#12523 = DEFINITIONAL_REPRESENTATION('',(#12524),#12527);
#12524 = B_SPLINE_CURVE_WITH_KNOTS('',1,(#12525,#12526),.UNSPECIFIED.,
  .F.,.F.,(2,2),(-22.25,-19.25),.PIECEWISE_BEZIER_KNOTS.);
#12525 = CARTESIAN_POINT('',(41.5,-19.99999999657));
#12526 = CARTESIAN_POINT('',(38.5,-19.99999999657));
#12527 = ( GEOMETRIC_REPRESENTATION_CONTEXT(2) 
PARAMETRIC_REPRESENTATION_CONTEXT() REPRESENTATION_CONTEXT('2D SPACE',''
  ) );
#12528 = PCURVE('',#12529,#12534);
#12529 = PLANE('',#12530);
#12530 = AXIS2_PLACEMENT_3D('',#12531,#12532,#12533);
#12531 = CARTESIAN_POINT('',(38.5,-20.,26.));
#12532 = DIRECTION('',(-0.,1.,0.));
#12533 = DIRECTION('',(0.,0.,1.));
#12534 = DEFINITIONAL_REPRESENTATION('',(#12535),#12538);
#12535 = B_SPLINE_CURVE_WITH_KNOTS('',1,(#12536,#12537),.UNSPECIFIED.,
  .F.,.F.,(2,2),(-22.25,-19.25),.PIECEWISE_BEZIER_KNOTS.);
#12536 = CARTESIAN_POINT('',(1.,3.));
#12537 = CARTESIAN_POINT('',(1.,0.));
#12538 = ( GEOMETRIC_REPRESENTATION_CONTEXT(2) 
PARAMETRIC_REPRESENTATION_CONTEXT() REPRESENTATION_CONTEXT('2D SPACE',''
  ) );
#12539 = ORIENTED_EDGE('',*,*,#12540,.T.);
#12540 = EDGE_CURVE('',#12515,#12541,#12543,.T.);
#12541 = VERTEX_POINT('',#12542);
#12542 = CARTESIAN_POINT('',(38.5,4.,27.));
#12543 = SURFACE_CURVE('',#12544,(#12548,#12554),.PCURVE_S1.);
#12544 = LINE('',#12545,#12546);
#12545 = CARTESIAN_POINT('',(38.5,-10.00000000171,27.));
#12546 = VECTOR('',#12547,1.);
#12547 = DIRECTION('',(-0.,1.,0.));
#12548 = PCURVE('',#11614,#12549);
#12549 = DEFINITIONAL_REPRESENTATION('',(#12550),#12553);
#12550 = B_SPLINE_CURVE_WITH_KNOTS('',1,(#12551,#12552),.UNSPECIFIED.,
  .F.,.F.,(2,2),(-9.999999998286,14.000000001714),
  .PIECEWISE_BEZIER_KNOTS.);
#12551 = CARTESIAN_POINT('',(38.5,-19.99999999657));
#12552 = CARTESIAN_POINT('',(38.5,4.000000003427));
#12553 = ( GEOMETRIC_REPRESENTATION_CONTEXT(2) 
PARAMETRIC_REPRESENTATION_CONTEXT() REPRESENTATION_CONTEXT('2D SPACE',''
  ) );
#12554 = PCURVE('',#12555,#12560);
#12555 = PLANE('',#12556);
#12556 = AXIS2_PLACEMENT_3D('',#12557,#12558,#12559);
#12557 = CARTESIAN_POINT('',(38.5,-20.,26.));
#12558 = DIRECTION('',(1.,0.,-0.));
#12559 = DIRECTION('',(0.,0.,1.));
#12560 = DEFINITIONAL_REPRESENTATION('',(#12561),#12564);
#12561 = B_SPLINE_CURVE_WITH_KNOTS('',1,(#12562,#12563),.UNSPECIFIED.,
  .F.,.F.,(2,2),(-9.999999998286,14.000000001714),
  .PIECEWISE_BEZIER_KNOTS.);
#12562 = CARTESIAN_POINT('',(1.,0.));
#12563 = CARTESIAN_POINT('',(1.,-24.));
#12564 = ( GEOMETRIC_REPRESENTATION_CONTEXT(2) 
PARAMETRIC_REPRESENTATION_CONTEXT() REPRESENTATION_CONTEXT('2D SPACE',''
  ) );
#12565 = ORIENTED_EDGE('',*,*,#12566,.F.);
#12566 = EDGE_CURVE('',#12567,#12541,#12569,.T.);
#12567 = VERTEX_POINT('',#12568);
#12568 = CARTESIAN_POINT('',(41.5,4.,27.));
#12569 = SURFACE_CURVE('',#12570,(#12574,#12580),.PCURVE_S1.);
#12570 = LINE('',#12571,#12572);
#12571 = CARTESIAN_POINT('',(19.25,4.,27.));
#12572 = VECTOR('',#12573,1.);
#12573 = DIRECTION('',(-1.,-0.,0.));
#12574 = PCURVE('',#11614,#12575);
#12575 = DEFINITIONAL_REPRESENTATION('',(#12576),#12579);
#12576 = B_SPLINE_CURVE_WITH_KNOTS('',1,(#12577,#12578),.UNSPECIFIED.,
  .F.,.F.,(2,2),(-22.25,-19.25),.PIECEWISE_BEZIER_KNOTS.);
#12577 = CARTESIAN_POINT('',(41.5,4.000000003427));
#12578 = CARTESIAN_POINT('',(38.5,4.000000003427));
#12579 = ( GEOMETRIC_REPRESENTATION_CONTEXT(2) 
PARAMETRIC_REPRESENTATION_CONTEXT() REPRESENTATION_CONTEXT('2D SPACE',''
  ) );
#12580 = PCURVE('',#12581,#12586);
#12581 = PLANE('',#12582);
#12582 = AXIS2_PLACEMENT_3D('',#12583,#12584,#12585);
#12583 = CARTESIAN_POINT('',(38.5,4.,26.));
#12584 = DIRECTION('',(-0.,1.,0.));
#12585 = DIRECTION('',(0.,0.,1.));
#12586 = DEFINITIONAL_REPRESENTATION('',(#12587),#12590);
#12587 = B_SPLINE_CURVE_WITH_KNOTS('',1,(#12588,#12589),.UNSPECIFIED.,
  .F.,.F.,(2,2),(-22.25,-19.25),.PIECEWISE_BEZIER_KNOTS.);
#12588 = CARTESIAN_POINT('',(1.,3.));
#12589 = CARTESIAN_POINT('',(1.,0.));
#12590 = ( GEOMETRIC_REPRESENTATION_CONTEXT(2) 
PARAMETRIC_REPRESENTATION_CONTEXT() REPRESENTATION_CONTEXT('2D SPACE',''
  ) );
#12591 = ORIENTED_EDGE('',*,*,#12592,.F.);
#12592 = EDGE_CURVE('',#12513,#12567,#12593,.T.);
#12593 = SURFACE_CURVE('',#12594,(#12598,#12604),.PCURVE_S1.);
#12594 = LINE('',#12595,#12596);
#12595 = CARTESIAN_POINT('',(41.5,-10.00000000171,27.));
#12596 = VECTOR('',#12597,1.);
#12597 = DIRECTION('',(-0.,1.,0.));
#12598 = PCURVE('',#11614,#12599);
#12599 = DEFINITIONAL_REPRESENTATION('',(#12600),#12603);
#12600 = B_SPLINE_CURVE_WITH_KNOTS('',1,(#12601,#12602),.UNSPECIFIED.,
  .F.,.F.,(2,2),(-9.999999998286,14.000000001714),
  .PIECEWISE_BEZIER_KNOTS.);
#12601 = CARTESIAN_POINT('',(41.5,-19.99999999657));
#12602 = CARTESIAN_POINT('',(41.5,4.000000003427));
#12603 = ( GEOMETRIC_REPRESENTATION_CONTEXT(2) 
PARAMETRIC_REPRESENTATION_CONTEXT() REPRESENTATION_CONTEXT('2D SPACE',''
  ) );
#12604 = PCURVE('',#12605,#12610);
#12605 = PLANE('',#12606);
#12606 = AXIS2_PLACEMENT_3D('',#12607,#12608,#12609);
#12607 = CARTESIAN_POINT('',(41.5,-20.,26.));
#12608 = DIRECTION('',(1.,0.,-0.));
#12609 = DIRECTION('',(0.,0.,1.));
#12610 = DEFINITIONAL_REPRESENTATION('',(#12611),#12614);
#12611 = B_SPLINE_CURVE_WITH_KNOTS('',1,(#12612,#12613),.UNSPECIFIED.,
  .F.,.F.,(2,2),(-9.999999998286,14.000000001714),
  .PIECEWISE_BEZIER_KNOTS.);
#12612 = CARTESIAN_POINT('',(1.,0.));
#12613 = CARTESIAN_POINT('',(1.,-24.));
#12614 = ( GEOMETRIC_REPRESENTATION_CONTEXT(2) 
PARAMETRIC_REPRESENTATION_CONTEXT() REPRESENTATION_CONTEXT('2D SPACE',''
  ) );
#12615 = FACE_BOUND('',#12616,.F.);
#12616 = EDGE_LOOP('',(#12617,#12645,#12671,#12697));
#12617 = ORIENTED_EDGE('',*,*,#12618,.T.);
#12618 = EDGE_CURVE('',#12619,#12621,#12623,.T.);
#12619 = VERTEX_POINT('',#12620);
#12620 = CARTESIAN_POINT('',(50.5,-20.,27.));
#12621 = VERTEX_POINT('',#12622);
#12622 = CARTESIAN_POINT('',(47.5,-20.,27.));
#12623 = SURFACE_CURVE('',#12624,(#12628,#12634),.PCURVE_S1.);
#12624 = LINE('',#12625,#12626);
#12625 = CARTESIAN_POINT('',(23.75,-20.,27.));
#12626 = VECTOR('',#12627,1.);
#12627 = DIRECTION('',(-1.,-0.,0.));
#12628 = PCURVE('',#11614,#12629);
#12629 = DEFINITIONAL_REPRESENTATION('',(#12630),#12633);
#12630 = B_SPLINE_CURVE_WITH_KNOTS('',1,(#12631,#12632),.UNSPECIFIED.,
  .F.,.F.,(2,2),(-26.75,-23.75),.PIECEWISE_BEZIER_KNOTS.);
#12631 = CARTESIAN_POINT('',(50.5,-19.99999999657));
#12632 = CARTESIAN_POINT('',(47.5,-19.99999999657));
#12633 = ( GEOMETRIC_REPRESENTATION_CONTEXT(2) 
PARAMETRIC_REPRESENTATION_CONTEXT() REPRESENTATION_CONTEXT('2D SPACE',''
  ) );
#12634 = PCURVE('',#12635,#12640);
#12635 = PLANE('',#12636);
#12636 = AXIS2_PLACEMENT_3D('',#12637,#12638,#12639);
#12637 = CARTESIAN_POINT('',(47.5,-20.,26.));
#12638 = DIRECTION('',(-0.,1.,0.));
#12639 = DIRECTION('',(0.,0.,1.));
#12640 = DEFINITIONAL_REPRESENTATION('',(#12641),#12644);
#12641 = B_SPLINE_CURVE_WITH_KNOTS('',1,(#12642,#12643),.UNSPECIFIED.,
  .F.,.F.,(2,2),(-26.75,-23.75),.PIECEWISE_BEZIER_KNOTS.);
#12642 = CARTESIAN_POINT('',(1.,3.));
#12643 = CARTESIAN_POINT('',(1.,0.));
#12644 = ( GEOMETRIC_REPRESENTATION_CONTEXT(2) 
PARAMETRIC_REPRESENTATION_CONTEXT() REPRESENTATION_CONTEXT('2D SPACE',''
  ) );
#12645 = ORIENTED_EDGE('',*,*,#12646,.T.);
#12646 = EDGE_CURVE('',#12621,#12647,#12649,.T.);
#12647 = VERTEX_POINT('',#12648);
#12648 = CARTESIAN_POINT('',(47.5,4.,27.));
#12649 = SURFACE_CURVE('',#12650,(#12654,#12660),.PCURVE_S1.);
#12650 = LINE('',#12651,#12652);
#12651 = CARTESIAN_POINT('',(47.5,-10.00000000171,27.));
#12652 = VECTOR('',#12653,1.);
#12653 = DIRECTION('',(-0.,1.,0.));
#12654 = PCURVE('',#11614,#12655);
#12655 = DEFINITIONAL_REPRESENTATION('',(#12656),#12659);
#12656 = B_SPLINE_CURVE_WITH_KNOTS('',1,(#12657,#12658),.UNSPECIFIED.,
  .F.,.F.,(2,2),(-9.999999998286,14.000000001714),
  .PIECEWISE_BEZIER_KNOTS.);
#12657 = CARTESIAN_POINT('',(47.5,-19.99999999657));
#12658 = CARTESIAN_POINT('',(47.5,4.000000003427));
#12659 = ( GEOMETRIC_REPRESENTATION_CONTEXT(2) 
PARAMETRIC_REPRESENTATION_CONTEXT() REPRESENTATION_CONTEXT('2D SPACE',''
  ) );
#12660 = PCURVE('',#12661,#12666);
#12661 = PLANE('',#12662);
#12662 = AXIS2_PLACEMENT_3D('',#12663,#12664,#12665);
#12663 = CARTESIAN_POINT('',(47.5,-20.,26.));
#12664 = DIRECTION('',(1.,0.,-0.));
#12665 = DIRECTION('',(0.,0.,1.));
#12666 = DEFINITIONAL_REPRESENTATION('',(#12667),#12670);
#12667 = B_SPLINE_CURVE_WITH_KNOTS('',1,(#12668,#12669),.UNSPECIFIED.,
  .F.,.F.,(2,2),(-9.999999998286,14.000000001714),
  .PIECEWISE_BEZIER_KNOTS.);
#12668 = CARTESIAN_POINT('',(1.,0.));
#12669 = CARTESIAN_POINT('',(1.,-24.));
#12670 = ( GEOMETRIC_REPRESENTATION_CONTEXT(2) 
PARAMETRIC_REPRESENTATION_CONTEXT() REPRESENTATION_CONTEXT('2D SPACE',''
  ) );
#12671 = ORIENTED_EDGE('',*,*,#12672,.F.);
#12672 = EDGE_CURVE('',#12673,#12647,#12675,.T.);
#12673 = VERTEX_POINT('',#12674);
#12674 = CARTESIAN_POINT('',(50.5,4.,27.));
#12675 = SURFACE_CURVE('',#12676,(#12680,#12686),.PCURVE_S1.);
#12676 = LINE('',#12677,#12678);
#12677 = CARTESIAN_POINT('',(23.75,4.,27.));
#12678 = VECTOR('',#12679,1.);
#12679 = DIRECTION('',(-1.,-0.,0.));
#12680 = PCURVE('',#11614,#12681);
#12681 = DEFINITIONAL_REPRESENTATION('',(#12682),#12685);
#12682 = B_SPLINE_CURVE_WITH_KNOTS('',1,(#12683,#12684),.UNSPECIFIED.,
  .F.,.F.,(2,2),(-26.75,-23.75),.PIECEWISE_BEZIER_KNOTS.);
#12683 = CARTESIAN_POINT('',(50.5,4.000000003427));
#12684 = CARTESIAN_POINT('',(47.5,4.000000003427));
#12685 = ( GEOMETRIC_REPRESENTATION_CONTEXT(2) 
PARAMETRIC_REPRESENTATION_CONTEXT() REPRESENTATION_CONTEXT('2D SPACE',''
  ) );
#12686 = PCURVE('',#12687,#12692);
#12687 = PLANE('',#12688);
#12688 = AXIS2_PLACEMENT_3D('',#12689,#12690,#12691);
#12689 = CARTESIAN_POINT('',(47.5,4.,26.));
#12690 = DIRECTION('',(-0.,1.,0.));
#12691 = DIRECTION('',(0.,0.,1.));
#12692 = DEFINITIONAL_REPRESENTATION('',(#12693),#12696);
#12693 = B_SPLINE_CURVE_WITH_KNOTS('',1,(#12694,#12695),.UNSPECIFIED.,
  .F.,.F.,(2,2),(-26.75,-23.75),.PIECEWISE_BEZIER_KNOTS.);
#12694 = CARTESIAN_POINT('',(1.,3.));
#12695 = CARTESIAN_POINT('',(1.,0.));
#12696 = ( GEOMETRIC_REPRESENTATION_CONTEXT(2) 
PARAMETRIC_REPRESENTATION_CONTEXT() REPRESENTATION_CONTEXT('2D SPACE',''
  ) );
#12697 = ORIENTED_EDGE('',*,*,#12698,.F.);
#12698 = EDGE_CURVE('',#12619,#12673,#12699,.T.);
#12699 = SURFACE_CURVE('',#12700,(#12704,#12710),.PCURVE_S1.);
#12700 = LINE('',#12701,#12702);
#12701 = CARTESIAN_POINT('',(50.5,-10.00000000171,27.));
#12702 = VECTOR('',#12703,1.);
#12703 = DIRECTION('',(-0.,1.,0.));
#12704 = PCURVE('',#11614,#12705);
#12705 = DEFINITIONAL_REPRESENTATION('',(#12706),#12709);
#12706 = B_SPLINE_CURVE_WITH_KNOTS('',1,(#12707,#12708),.UNSPECIFIED.,
  .F.,.F.,(2,2),(-9.999999998286,14.000000001714),
  .PIECEWISE_BEZIER_KNOTS.);
#12707 = CARTESIAN_POINT('',(50.5,-19.99999999657));
#12708 = CARTESIAN_POINT('',(50.5,4.000000003427));
#12709 = ( GEOMETRIC_REPRESENTATION_CONTEXT(2) 
PARAMETRIC_REPRESENTATION_CONTEXT() REPRESENTATION_CONTEXT('2D SPACE',''
  ) );
#12710 = PCURVE('',#12711,#12716);
#12711 = PLANE('',#12712);
#12712 = AXIS2_PLACEMENT_3D('',#12713,#12714,#12715);
#12713 = CARTESIAN_POINT('',(50.5,-20.,26.));
#12714 = DIRECTION('',(1.,0.,-0.));
#12715 = DIRECTION('',(0.,0.,1.));
#12716 = DEFINITIONAL_REPRESENTATION('',(#12717),#12720);
#12717 = B_SPLINE_CURVE_WITH_KNOTS('',1,(#12718,#12719),.UNSPECIFIED.,
  .F.,.F.,(2,2),(-9.999999998286,14.000000001714),
  .PIECEWISE_BEZIER_KNOTS.);
#12718 = CARTESIAN_POINT('',(1.,0.));
#12719 = CARTESIAN_POINT('',(1.,-24.));
#12720 = ( GEOMETRIC_REPRESENTATION_CONTEXT(2) 
PARAMETRIC_REPRESENTATION_CONTEXT() REPRESENTATION_CONTEXT('2D SPACE',''
  ) );
#12721 = FACE_BOUND('',#12722,.F.);
#12722 = EDGE_LOOP('',(#12723,#12751,#12777,#12803));
#12723 = ORIENTED_EDGE('',*,*,#12724,.T.);
#12724 = EDGE_CURVE('',#12725,#12727,#12729,.T.);
#12725 = VERTEX_POINT('',#12726);
#12726 = CARTESIAN_POINT('',(59.5,-20.,27.));
#12727 = VERTEX_POINT('',#12728);
#12728 = CARTESIAN_POINT('',(56.5,-20.,27.));
#12729 = SURFACE_CURVE('',#12730,(#12734,#12740),.PCURVE_S1.);
#12730 = LINE('',#12731,#12732);
#12731 = CARTESIAN_POINT('',(28.25,-20.,27.));
#12732 = VECTOR('',#12733,1.);
#12733 = DIRECTION('',(-1.,-0.,0.));
#12734 = PCURVE('',#11614,#12735);
#12735 = DEFINITIONAL_REPRESENTATION('',(#12736),#12739);
#12736 = B_SPLINE_CURVE_WITH_KNOTS('',1,(#12737,#12738),.UNSPECIFIED.,
  .F.,.F.,(2,2),(-31.25,-28.25),.PIECEWISE_BEZIER_KNOTS.);
#12737 = CARTESIAN_POINT('',(59.5,-19.99999999657));
#12738 = CARTESIAN_POINT('',(56.5,-19.99999999657));
#12739 = ( GEOMETRIC_REPRESENTATION_CONTEXT(2) 
PARAMETRIC_REPRESENTATION_CONTEXT() REPRESENTATION_CONTEXT('2D SPACE',''
  ) );
#12740 = PCURVE('',#12741,#12746);
#12741 = PLANE('',#12742);
#12742 = AXIS2_PLACEMENT_3D('',#12743,#12744,#12745);
#12743 = CARTESIAN_POINT('',(56.5,-20.,26.));
#12744 = DIRECTION('',(-0.,1.,0.));
#12745 = DIRECTION('',(0.,0.,1.));
#12746 = DEFINITIONAL_REPRESENTATION('',(#12747),#12750);
#12747 = B_SPLINE_CURVE_WITH_KNOTS('',1,(#12748,#12749),.UNSPECIFIED.,
  .F.,.F.,(2,2),(-31.25,-28.25),.PIECEWISE_BEZIER_KNOTS.);
#12748 = CARTESIAN_POINT('',(1.,3.));
#12749 = CARTESIAN_POINT('',(1.,0.));
#12750 = ( GEOMETRIC_REPRESENTATION_CONTEXT(2) 
PARAMETRIC_REPRESENTATION_CONTEXT() REPRESENTATION_CONTEXT('2D SPACE',''
  ) );
#12751 = ORIENTED_EDGE('',*,*,#12752,.T.);
#12752 = EDGE_CURVE('',#12727,#12753,#12755,.T.);
#12753 = VERTEX_POINT('',#12754);
#12754 = CARTESIAN_POINT('',(56.5,4.,27.));
#12755 = SURFACE_CURVE('',#12756,(#12760,#12766),.PCURVE_S1.);
#12756 = LINE('',#12757,#12758);
#12757 = CARTESIAN_POINT('',(56.5,-10.00000000171,27.));
#12758 = VECTOR('',#12759,1.);
#12759 = DIRECTION('',(-0.,1.,0.));
#12760 = PCURVE('',#11614,#12761);
#12761 = DEFINITIONAL_REPRESENTATION('',(#12762),#12765);
#12762 = B_SPLINE_CURVE_WITH_KNOTS('',1,(#12763,#12764),.UNSPECIFIED.,
  .F.,.F.,(2,2),(-9.999999998286,14.000000001714),
  .PIECEWISE_BEZIER_KNOTS.);
#12763 = CARTESIAN_POINT('',(56.5,-19.99999999657));
#12764 = CARTESIAN_POINT('',(56.5,4.000000003427));
#12765 = ( GEOMETRIC_REPRESENTATION_CONTEXT(2) 
PARAMETRIC_REPRESENTATION_CONTEXT() REPRESENTATION_CONTEXT('2D SPACE',''
  ) );
#12766 = PCURVE('',#12767,#12772);
#12767 = PLANE('',#12768);
#12768 = AXIS2_PLACEMENT_3D('',#12769,#12770,#12771);
#12769 = CARTESIAN_POINT('',(56.5,-20.,26.));
#12770 = DIRECTION('',(1.,0.,-0.));
#12771 = DIRECTION('',(0.,0.,1.));
#12772 = DEFINITIONAL_REPRESENTATION('',(#12773),#12776);
#12773 = B_SPLINE_CURVE_WITH_KNOTS('',1,(#12774,#12775),.UNSPECIFIED.,
  .F.,.F.,(2,2),(-9.999999998286,14.000000001714),
  .PIECEWISE_BEZIER_KNOTS.);
#12774 = CARTESIAN_POINT('',(1.,0.));
#12775 = CARTESIAN_POINT('',(1.,-24.));
#12776 = ( GEOMETRIC_REPRESENTATION_CONTEXT(2) 
PARAMETRIC_REPRESENTATION_CONTEXT() REPRESENTATION_CONTEXT('2D SPACE',''
  ) );
#12777 = ORIENTED_EDGE('',*,*,#12778,.F.);
#12778 = EDGE_CURVE('',#12779,#12753,#12781,.T.);
#12779 = VERTEX_POINT('',#12780);
#12780 = CARTESIAN_POINT('',(59.5,4.,27.));
#12781 = SURFACE_CURVE('',#12782,(#12786,#12792),.PCURVE_S1.);
#12782 = LINE('',#12783,#12784);
#12783 = CARTESIAN_POINT('',(28.25,4.,27.));
#12784 = VECTOR('',#12785,1.);
#12785 = DIRECTION('',(-1.,-0.,0.));
#12786 = PCURVE('',#11614,#12787);
#12787 = DEFINITIONAL_REPRESENTATION('',(#12788),#12791);
#12788 = B_SPLINE_CURVE_WITH_KNOTS('',1,(#12789,#12790),.UNSPECIFIED.,
  .F.,.F.,(2,2),(-31.25,-28.25),.PIECEWISE_BEZIER_KNOTS.);
#12789 = CARTESIAN_POINT('',(59.5,4.000000003427));
#12790 = CARTESIAN_POINT('',(56.5,4.000000003427));
#12791 = ( GEOMETRIC_REPRESENTATION_CONTEXT(2) 
PARAMETRIC_REPRESENTATION_CONTEXT() REPRESENTATION_CONTEXT('2D SPACE',''
  ) );
#12792 = PCURVE('',#12793,#12798);
#12793 = PLANE('',#12794);
#12794 = AXIS2_PLACEMENT_3D('',#12795,#12796,#12797);
#12795 = CARTESIAN_POINT('',(56.5,4.,26.));
#12796 = DIRECTION('',(-0.,1.,0.));
#12797 = DIRECTION('',(0.,0.,1.));
#12798 = DEFINITIONAL_REPRESENTATION('',(#12799),#12802);
#12799 = B_SPLINE_CURVE_WITH_KNOTS('',1,(#12800,#12801),.UNSPECIFIED.,
  .F.,.F.,(2,2),(-31.25,-28.25),.PIECEWISE_BEZIER_KNOTS.);
#12800 = CARTESIAN_POINT('',(1.,3.));
#12801 = CARTESIAN_POINT('',(1.,0.));
#12802 = ( GEOMETRIC_REPRESENTATION_CONTEXT(2) 
PARAMETRIC_REPRESENTATION_CONTEXT() REPRESENTATION_CONTEXT('2D SPACE',''
  ) );
#12803 = ORIENTED_EDGE('',*,*,#12804,.F.);
#12804 = EDGE_CURVE('',#12725,#12779,#12805,.T.);
#12805 = SURFACE_CURVE('',#12806,(#12810,#12816),.PCURVE_S1.);
#12806 = LINE('',#12807,#12808);
#12807 = CARTESIAN_POINT('',(59.5,-10.00000000171,27.));
#12808 = VECTOR('',#12809,1.);
#12809 = DIRECTION('',(-0.,1.,0.));
#12810 = PCURVE('',#11614,#12811);
#12811 = DEFINITIONAL_REPRESENTATION('',(#12812),#12815);
#12812 = B_SPLINE_CURVE_WITH_KNOTS('',1,(#12813,#12814),.UNSPECIFIED.,
  .F.,.F.,(2,2),(-9.999999998286,14.000000001714),
  .PIECEWISE_BEZIER_KNOTS.);
#12813 = CARTESIAN_POINT('',(59.5,-19.99999999657));
#12814 = CARTESIAN_POINT('',(59.5,4.000000003427));
#12815 = ( GEOMETRIC_REPRESENTATION_CONTEXT(2) 
PARAMETRIC_REPRESENTATION_CONTEXT() REPRESENTATION_CONTEXT('2D SPACE',''
  ) );
#12816 = PCURVE('',#12817,#12822);
#12817 = PLANE('',#12818);
#12818 = AXIS2_PLACEMENT_3D('',#12819,#12820,#12821);
#12819 = CARTESIAN_POINT('',(59.5,-20.,26.));
#12820 = DIRECTION('',(1.,0.,-0.));
#12821 = DIRECTION('',(0.,0.,1.));
#12822 = DEFINITIONAL_REPRESENTATION('',(#12823),#12826);
#12823 = B_SPLINE_CURVE_WITH_KNOTS('',1,(#12824,#12825),.UNSPECIFIED.,
  .F.,.F.,(2,2),(-9.999999998286,14.000000001714),
  .PIECEWISE_BEZIER_KNOTS.);
#12824 = CARTESIAN_POINT('',(1.,0.));
#12825 = CARTESIAN_POINT('',(1.,-24.));
#12826 = ( GEOMETRIC_REPRESENTATION_CONTEXT(2) 
PARAMETRIC_REPRESENTATION_CONTEXT() REPRESENTATION_CONTEXT('2D SPACE',''
  ) );
#12827 = FACE_BOUND('',#12828,.F.);
#12828 = EDGE_LOOP('',(#12829,#12857,#12883,#12909));
#12829 = ORIENTED_EDGE('',*,*,#12830,.T.);
#12830 = EDGE_CURVE('',#12831,#12833,#12835,.T.);
#12831 = VERTEX_POINT('',#12832);
#12832 = CARTESIAN_POINT('',(68.5,-20.,27.));
#12833 = VERTEX_POINT('',#12834);
#12834 = CARTESIAN_POINT('',(65.5,-20.,27.));
#12835 = SURFACE_CURVE('',#12836,(#12840,#12846),.PCURVE_S1.);
#12836 = LINE('',#12837,#12838);
#12837 = CARTESIAN_POINT('',(32.75,-20.,27.));
#12838 = VECTOR('',#12839,1.);
#12839 = DIRECTION('',(-1.,-0.,0.));
#12840 = PCURVE('',#11614,#12841);
#12841 = DEFINITIONAL_REPRESENTATION('',(#12842),#12845);
#12842 = B_SPLINE_CURVE_WITH_KNOTS('',1,(#12843,#12844),.UNSPECIFIED.,
  .F.,.F.,(2,2),(-35.75,-32.75),.PIECEWISE_BEZIER_KNOTS.);
#12843 = CARTESIAN_POINT('',(68.5,-19.99999999657));
#12844 = CARTESIAN_POINT('',(65.5,-19.99999999657));
#12845 = ( GEOMETRIC_REPRESENTATION_CONTEXT(2) 
PARAMETRIC_REPRESENTATION_CONTEXT() REPRESENTATION_CONTEXT('2D SPACE',''
  ) );
#12846 = PCURVE('',#12847,#12852);
#12847 = PLANE('',#12848);
#12848 = AXIS2_PLACEMENT_3D('',#12849,#12850,#12851);
#12849 = CARTESIAN_POINT('',(65.5,-20.,26.));
#12850 = DIRECTION('',(-0.,1.,0.));
#12851 = DIRECTION('',(0.,0.,1.));
#12852 = DEFINITIONAL_REPRESENTATION('',(#12853),#12856);
#12853 = B_SPLINE_CURVE_WITH_KNOTS('',1,(#12854,#12855),.UNSPECIFIED.,
  .F.,.F.,(2,2),(-35.75,-32.75),.PIECEWISE_BEZIER_KNOTS.);
#12854 = CARTESIAN_POINT('',(1.,3.));
#12855 = CARTESIAN_POINT('',(1.,0.));
#12856 = ( GEOMETRIC_REPRESENTATION_CONTEXT(2) 
PARAMETRIC_REPRESENTATION_CONTEXT() REPRESENTATION_CONTEXT('2D SPACE',''
  ) );
#12857 = ORIENTED_EDGE('',*,*,#12858,.T.);
#12858 = EDGE_CURVE('',#12833,#12859,#12861,.T.);
#12859 = VERTEX_POINT('',#12860);
#12860 = CARTESIAN_POINT('',(65.5,4.,27.));
#12861 = SURFACE_CURVE('',#12862,(#12866,#12872),.PCURVE_S1.);
#12862 = LINE('',#12863,#12864);
#12863 = CARTESIAN_POINT('',(65.5,-10.00000000171,27.));
#12864 = VECTOR('',#12865,1.);
#12865 = DIRECTION('',(-0.,1.,0.));
#12866 = PCURVE('',#11614,#12867);
#12867 = DEFINITIONAL_REPRESENTATION('',(#12868),#12871);
#12868 = B_SPLINE_CURVE_WITH_KNOTS('',1,(#12869,#12870),.UNSPECIFIED.,
  .F.,.F.,(2,2),(-9.999999998286,14.000000001714),
  .PIECEWISE_BEZIER_KNOTS.);
#12869 = CARTESIAN_POINT('',(65.5,-19.99999999657));
#12870 = CARTESIAN_POINT('',(65.5,4.000000003427));
#12871 = ( GEOMETRIC_REPRESENTATION_CONTEXT(2) 
PARAMETRIC_REPRESENTATION_CONTEXT() REPRESENTATION_CONTEXT('2D SPACE',''
  ) );
#12872 = PCURVE('',#12873,#12878);
#12873 = PLANE('',#12874);
#12874 = AXIS2_PLACEMENT_3D('',#12875,#12876,#12877);
#12875 = CARTESIAN_POINT('',(65.5,-20.,26.));
#12876 = DIRECTION('',(1.,0.,-0.));
#12877 = DIRECTION('',(0.,0.,1.));
#12878 = DEFINITIONAL_REPRESENTATION('',(#12879),#12882);
#12879 = B_SPLINE_CURVE_WITH_KNOTS('',1,(#12880,#12881),.UNSPECIFIED.,
  .F.,.F.,(2,2),(-9.999999998286,14.000000001714),
  .PIECEWISE_BEZIER_KNOTS.);
#12880 = CARTESIAN_POINT('',(1.,0.));
#12881 = CARTESIAN_POINT('',(1.,-24.));
#12882 = ( GEOMETRIC_REPRESENTATION_CONTEXT(2) 
PARAMETRIC_REPRESENTATION_CONTEXT() REPRESENTATION_CONTEXT('2D SPACE',''
  ) );
#12883 = ORIENTED_EDGE('',*,*,#12884,.F.);
#12884 = EDGE_CURVE('',#12885,#12859,#12887,.T.);
#12885 = VERTEX_POINT('',#12886);
#12886 = CARTESIAN_POINT('',(68.5,4.,27.));
#12887 = SURFACE_CURVE('',#12888,(#12892,#12898),.PCURVE_S1.);
#12888 = LINE('',#12889,#12890);
#12889 = CARTESIAN_POINT('',(32.75,4.,27.));
#12890 = VECTOR('',#12891,1.);
#12891 = DIRECTION('',(-1.,-0.,0.));
#12892 = PCURVE('',#11614,#12893);
#12893 = DEFINITIONAL_REPRESENTATION('',(#12894),#12897);
#12894 = B_SPLINE_CURVE_WITH_KNOTS('',1,(#12895,#12896),.UNSPECIFIED.,
  .F.,.F.,(2,2),(-35.75,-32.75),.PIECEWISE_BEZIER_KNOTS.);
#12895 = CARTESIAN_POINT('',(68.5,4.000000003427));
#12896 = CARTESIAN_POINT('',(65.5,4.000000003427));
#12897 = ( GEOMETRIC_REPRESENTATION_CONTEXT(2) 
PARAMETRIC_REPRESENTATION_CONTEXT() REPRESENTATION_CONTEXT('2D SPACE',''
  ) );
#12898 = PCURVE('',#12899,#12904);
#12899 = PLANE('',#12900);
#12900 = AXIS2_PLACEMENT_3D('',#12901,#12902,#12903);
#12901 = CARTESIAN_POINT('',(65.5,4.,26.));
#12902 = DIRECTION('',(-0.,1.,0.));
#12903 = DIRECTION('',(0.,0.,1.));
#12904 = DEFINITIONAL_REPRESENTATION('',(#12905),#12908);
#12905 = B_SPLINE_CURVE_WITH_KNOTS('',1,(#12906,#12907),.UNSPECIFIED.,
  .F.,.F.,(2,2),(-35.75,-32.75),.PIECEWISE_BEZIER_KNOTS.);
#12906 = CARTESIAN_POINT('',(1.,3.));
#12907 = CARTESIAN_POINT('',(1.,0.));
#12908 = ( GEOMETRIC_REPRESENTATION_CONTEXT(2) 
PARAMETRIC_REPRESENTATION_CONTEXT() REPRESENTATION_CONTEXT('2D SPACE',''
  ) );
#12909 = ORIENTED_EDGE('',*,*,#12910,.F.);
#12910 = EDGE_CURVE('',#12831,#12885,#12911,.T.);
#12911 = SURFACE_CURVE('',#12912,(#12916,#12922),.PCURVE_S1.);
#12912 = LINE('',#12913,#12914);
#12913 = CARTESIAN_POINT('',(68.5,-10.00000000171,27.));
#12914 = VECTOR('',#12915,1.);
#12915 = DIRECTION('',(-0.,1.,0.));
#12916 = PCURVE('',#11614,#12917);
#12917 = DEFINITIONAL_REPRESENTATION('',(#12918),#12921);
#12918 = B_SPLINE_CURVE_WITH_KNOTS('',1,(#12919,#12920),.UNSPECIFIED.,
  .F.,.F.,(2,2),(-9.999999998286,14.000000001714),
  .PIECEWISE_BEZIER_KNOTS.);
#12919 = CARTESIAN_POINT('',(68.5,-19.99999999657));
#12920 = CARTESIAN_POINT('',(68.5,4.000000003427));
#12921 = ( GEOMETRIC_REPRESENTATION_CONTEXT(2) 
PARAMETRIC_REPRESENTATION_CONTEXT() REPRESENTATION_CONTEXT('2D SPACE',''
  ) );
#12922 = PCURVE('',#12923,#12928);
#12923 = PLANE('',#12924);
#12924 = AXIS2_PLACEMENT_3D('',#12925,#12926,#12927);
#12925 = CARTESIAN_POINT('',(68.5,-20.,26.));
#12926 = DIRECTION('',(1.,0.,-0.));
#12927 = DIRECTION('',(0.,0.,1.));
#12928 = DEFINITIONAL_REPRESENTATION('',(#12929),#12932);
#12929 = B_SPLINE_CURVE_WITH_KNOTS('',1,(#12930,#12931),.UNSPECIFIED.,
  .F.,.F.,(2,2),(-9.999999998286,14.000000001714),
  .PIECEWISE_BEZIER_KNOTS.);
#12930 = CARTESIAN_POINT('',(1.,0.));
#12931 = CARTESIAN_POINT('',(1.,-24.));
#12932 = ( GEOMETRIC_REPRESENTATION_CONTEXT(2) 
PARAMETRIC_REPRESENTATION_CONTEXT() REPRESENTATION_CONTEXT('2D SPACE',''
  ) );
#12933 = FACE_BOUND('',#12934,.F.);
#12934 = EDGE_LOOP('',(#12935));
#12935 = ORIENTED_EDGE('',*,*,#12936,.F.);
#12936 = EDGE_CURVE('',#12937,#12937,#12939,.T.);
#12937 = VERTEX_POINT('',#12938);
#12938 = CARTESIAN_POINT('',(-96.2,59.,27.));
#12939 = SURFACE_CURVE('',#12940,(#12945,#12952),.PCURVE_S1.);
#12940 = CIRCLE('',#12941,1.8);
#12941 = AXIS2_PLACEMENT_3D('',#12942,#12943,#12944);
#12942 = CARTESIAN_POINT('',(-98.,59.,27.));
#12943 = DIRECTION('',(0.,0.,1.));
#12944 = DIRECTION('',(1.,0.,-0.));
#12945 = PCURVE('',#11614,#12946);
#12946 = DEFINITIONAL_REPRESENTATION('',(#12947),#12951);
#12947 = CIRCLE('',#12948,1.8);
#12948 = AXIS2_PLACEMENT_2D('',#12949,#12950);
#12949 = CARTESIAN_POINT('',(-98.,59.000000003427));
#12950 = DIRECTION('',(1.,0.));
#12951 = ( GEOMETRIC_REPRESENTATION_CONTEXT(2) 
PARAMETRIC_REPRESENTATION_CONTEXT() REPRESENTATION_CONTEXT('2D SPACE',''
  ) );
#12952 = PCURVE('',#12953,#12958);
#12953 = CYLINDRICAL_SURFACE('',#12954,1.8);
#12954 = AXIS2_PLACEMENT_3D('',#12955,#12956,#12957);
#12955 = CARTESIAN_POINT('',(-98.,59.,24.));
#12956 = DIRECTION('',(0.,0.,1.));
#12957 = DIRECTION('',(1.,0.,-0.));
#12958 = DEFINITIONAL_REPRESENTATION('',(#12959),#12963);
#12959 = LINE('',#12960,#12961);
#12960 = CARTESIAN_POINT('',(0.,3.));
#12961 = VECTOR('',#12962,1.);
#12962 = DIRECTION('',(1.,0.));
#12963 = ( GEOMETRIC_REPRESENTATION_CONTEXT(2) 
PARAMETRIC_REPRESENTATION_CONTEXT() REPRESENTATION_CONTEXT('2D SPACE',''
  ) );
#12964 = FACE_BOUND('',#12965,.F.);
#12965 = EDGE_LOOP('',(#12966));
#12966 = ORIENTED_EDGE('',*,*,#12967,.F.);
#12967 = EDGE_CURVE('',#12968,#12968,#12970,.T.);
#12968 = VERTEX_POINT('',#12969);
#12969 = CARTESIAN_POINT('',(42.2,21.,27.));
#12970 = SURFACE_CURVE('',#12971,(#12976,#12983),.PCURVE_S1.);
#12971 = CIRCLE('',#12972,1.2);
#12972 = AXIS2_PLACEMENT_3D('',#12973,#12974,#12975);
#12973 = CARTESIAN_POINT('',(41.,21.,27.));
#12974 = DIRECTION('',(0.,0.,1.));
#12975 = DIRECTION('',(1.,0.,-0.));
#12976 = PCURVE('',#11614,#12977);
#12977 = DEFINITIONAL_REPRESENTATION('',(#12978),#12982);
#12978 = CIRCLE('',#12979,1.2);
#12979 = AXIS2_PLACEMENT_2D('',#12980,#12981);
#12980 = CARTESIAN_POINT('',(41.,21.000000003427));
#12981 = DIRECTION('',(1.,0.));
#12982 = ( GEOMETRIC_REPRESENTATION_CONTEXT(2) 
PARAMETRIC_REPRESENTATION_CONTEXT() REPRESENTATION_CONTEXT('2D SPACE',''
  ) );
#12983 = PCURVE('',#12984,#12989);
#12984 = CYLINDRICAL_SURFACE('',#12985,1.2);
#12985 = AXIS2_PLACEMENT_3D('',#12986,#12987,#12988);
#12986 = CARTESIAN_POINT('',(41.,21.,24.));
#12987 = DIRECTION('',(0.,0.,1.));
#12988 = DIRECTION('',(1.,0.,-0.));
#12989 = DEFINITIONAL_REPRESENTATION('',(#12990),#12994);
#12990 = LINE('',#12991,#12992);
#12991 = CARTESIAN_POINT('',(0.,3.));
#12992 = VECTOR('',#12993,1.);
#12993 = DIRECTION('',(1.,0.));
#12994 = ( GEOMETRIC_REPRESENTATION_CONTEXT(2) 
PARAMETRIC_REPRESENTATION_CONTEXT() REPRESENTATION_CONTEXT('2D SPACE',''
  ) );
#12995 = FACE_BOUND('',#12996,.F.);
#12996 = EDGE_LOOP('',(#12997));
#12997 = ORIENTED_EDGE('',*,*,#12998,.F.);
#12998 = EDGE_CURVE('',#12999,#12999,#13001,.T.);
#12999 = VERTEX_POINT('',#13000);
#13000 = CARTESIAN_POINT('',(31.,25.,27.));
#13001 = SURFACE_CURVE('',#13002,(#13007,#13014),.PCURVE_S1.);
#13002 = CIRCLE('',#13003,2.);
#13003 = AXIS2_PLACEMENT_3D('',#13004,#13005,#13006);
#13004 = CARTESIAN_POINT('',(29.,25.,27.));
#13005 = DIRECTION('',(0.,0.,1.));
#13006 = DIRECTION('',(1.,0.,-0.));
#13007 = PCURVE('',#11614,#13008);
#13008 = DEFINITIONAL_REPRESENTATION('',(#13009),#13013);
#13009 = CIRCLE('',#13010,2.);
#13010 = AXIS2_PLACEMENT_2D('',#13011,#13012);
#13011 = CARTESIAN_POINT('',(29.,25.000000003427));
#13012 = DIRECTION('',(1.,0.));
#13013 = ( GEOMETRIC_REPRESENTATION_CONTEXT(2) 
PARAMETRIC_REPRESENTATION_CONTEXT() REPRESENTATION_CONTEXT('2D SPACE',''
  ) );
#13014 = PCURVE('',#13015,#13020);
#13015 = CYLINDRICAL_SURFACE('',#13016,2.);
#13016 = AXIS2_PLACEMENT_3D('',#13017,#13018,#13019);
#13017 = CARTESIAN_POINT('',(29.,25.,24.));
#13018 = DIRECTION('',(0.,0.,1.));
#13019 = DIRECTION('',(1.,0.,-0.));
#13020 = DEFINITIONAL_REPRESENTATION('',(#13021),#13025);
#13021 = LINE('',#13022,#13023);
#13022 = CARTESIAN_POINT('',(0.,3.));
#13023 = VECTOR('',#13024,1.);
#13024 = DIRECTION('',(1.,0.));
#13025 = ( GEOMETRIC_REPRESENTATION_CONTEXT(2) 
PARAMETRIC_REPRESENTATION_CONTEXT() REPRESENTATION_CONTEXT('2D SPACE',''
  ) );
#13026 = FACE_BOUND('',#13027,.F.);
#13027 = EDGE_LOOP('',(#13028));
#13028 = ORIENTED_EDGE('',*,*,#13029,.F.);
#13029 = EDGE_CURVE('',#13030,#13030,#13032,.T.);
#13030 = VERTEX_POINT('',#13031);
#13031 = CARTESIAN_POINT('',(54.3,19.,27.));
#13032 = SURFACE_CURVE('',#13033,(#13038,#13045),.PCURVE_S1.);
#13033 = CIRCLE('',#13034,2.3);
#13034 = AXIS2_PLACEMENT_3D('',#13035,#13036,#13037);
#13035 = CARTESIAN_POINT('',(52.,19.,27.));
#13036 = DIRECTION('',(0.,0.,1.));
#13037 = DIRECTION('',(1.,0.,-0.));
#13038 = PCURVE('',#11614,#13039);
#13039 = DEFINITIONAL_REPRESENTATION('',(#13040),#13044);
#13040 = CIRCLE('',#13041,2.3);
#13041 = AXIS2_PLACEMENT_2D('',#13042,#13043);
#13042 = CARTESIAN_POINT('',(52.,19.000000003427));
#13043 = DIRECTION('',(1.,0.));
#13044 = ( GEOMETRIC_REPRESENTATION_CONTEXT(2) 
PARAMETRIC_REPRESENTATION_CONTEXT() REPRESENTATION_CONTEXT('2D SPACE',''
  ) );
#13045 = PCURVE('',#13046,#13051);
#13046 = CYLINDRICAL_SURFACE('',#13047,2.3);
#13047 = AXIS2_PLACEMENT_3D('',#13048,#13049,#13050);
#13048 = CARTESIAN_POINT('',(52.,19.,24.));
#13049 = DIRECTION('',(0.,0.,1.));
#13050 = DIRECTION('',(1.,0.,-0.));
#13051 = DEFINITIONAL_REPRESENTATION('',(#13052),#13056);
#13052 = LINE('',#13053,#13054);
#13053 = CARTESIAN_POINT('',(0.,3.));
#13054 = VECTOR('',#13055,1.);
#13055 = DIRECTION('',(1.,0.));
#13056 = ( GEOMETRIC_REPRESENTATION_CONTEXT(2) 
PARAMETRIC_REPRESENTATION_CONTEXT() REPRESENTATION_CONTEXT('2D SPACE',''
  ) );
#13057 = FACE_BOUND('',#13058,.F.);
#13058 = EDGE_LOOP('',(#13059));
#13059 = ORIENTED_EDGE('',*,*,#13060,.F.);
#13060 = EDGE_CURVE('',#13061,#13061,#13063,.T.);
#13061 = VERTEX_POINT('',#13062);
#13062 = CARTESIAN_POINT('',(64.3,19.,27.));
#13063 = SURFACE_CURVE('',#13064,(#13069,#13076),.PCURVE_S1.);
#13064 = CIRCLE('',#13065,2.3);
#13065 = AXIS2_PLACEMENT_3D('',#13066,#13067,#13068);
#13066 = CARTESIAN_POINT('',(62.,19.,27.));
#13067 = DIRECTION('',(0.,0.,1.));
#13068 = DIRECTION('',(1.,0.,-0.));
#13069 = PCURVE('',#11614,#13070);
#13070 = DEFINITIONAL_REPRESENTATION('',(#13071),#13075);
#13071 = CIRCLE('',#13072,2.3);
#13072 = AXIS2_PLACEMENT_2D('',#13073,#13074);
#13073 = CARTESIAN_POINT('',(62.,19.000000003427));
#13074 = DIRECTION('',(1.,0.));
#13075 = ( GEOMETRIC_REPRESENTATION_CONTEXT(2) 
PARAMETRIC_REPRESENTATION_CONTEXT() REPRESENTATION_CONTEXT('2D SPACE',''
  ) );
#13076 = PCURVE('',#13077,#13082);
#13077 = CYLINDRICAL_SURFACE('',#13078,2.3);
#13078 = AXIS2_PLACEMENT_3D('',#13079,#13080,#13081);
#13079 = CARTESIAN_POINT('',(62.,19.,24.));
#13080 = DIRECTION('',(0.,0.,1.));
#13081 = DIRECTION('',(1.,0.,-0.));
#13082 = DEFINITIONAL_REPRESENTATION('',(#13083),#13087);
#13083 = LINE('',#13084,#13085);
#13084 = CARTESIAN_POINT('',(0.,3.));
#13085 = VECTOR('',#13086,1.);
#13086 = DIRECTION('',(1.,0.));
#13087 = ( GEOMETRIC_REPRESENTATION_CONTEXT(2) 
PARAMETRIC_REPRESENTATION_CONTEXT() REPRESENTATION_CONTEXT('2D SPACE',''
  ) );
#13088 = FACE_BOUND('',#13089,.F.);
#13089 = EDGE_LOOP('',(#13090));
#13090 = ORIENTED_EDGE('',*,*,#13091,.F.);
#13091 = EDGE_CURVE('',#13092,#13092,#13094,.T.);
#13092 = VERTEX_POINT('',#13093);
#13093 = CARTESIAN_POINT('',(74.3,19.,27.));
#13094 = SURFACE_CURVE('',#13095,(#13100,#13107),.PCURVE_S1.);
#13095 = CIRCLE('',#13096,2.3);
#13096 = AXIS2_PLACEMENT_3D('',#13097,#13098,#13099);
#13097 = CARTESIAN_POINT('',(72.,19.,27.));
#13098 = DIRECTION('',(0.,0.,1.));
#13099 = DIRECTION('',(1.,0.,-0.));
#13100 = PCURVE('',#11614,#13101);
#13101 = DEFINITIONAL_REPRESENTATION('',(#13102),#13106);
#13102 = CIRCLE('',#13103,2.3);
#13103 = AXIS2_PLACEMENT_2D('',#13104,#13105);
#13104 = CARTESIAN_POINT('',(72.,19.000000003427));
#13105 = DIRECTION('',(1.,0.));
#13106 = ( GEOMETRIC_REPRESENTATION_CONTEXT(2) 
PARAMETRIC_REPRESENTATION_CONTEXT() REPRESENTATION_CONTEXT('2D SPACE',''
  ) );
#13107 = PCURVE('',#13108,#13113);
#13108 = CYLINDRICAL_SURFACE('',#13109,2.3);
#13109 = AXIS2_PLACEMENT_3D('',#13110,#13111,#13112);
#13110 = CARTESIAN_POINT('',(72.,19.,24.));
#13111 = DIRECTION('',(0.,0.,1.));
#13112 = DIRECTION('',(1.,0.,-0.));
#13113 = DEFINITIONAL_REPRESENTATION('',(#13114),#13118);
#13114 = LINE('',#13115,#13116);
#13115 = CARTESIAN_POINT('',(0.,3.));
#13116 = VECTOR('',#13117,1.);
#13117 = DIRECTION('',(1.,0.));
#13118 = ( GEOMETRIC_REPRESENTATION_CONTEXT(2) 
PARAMETRIC_REPRESENTATION_CONTEXT() REPRESENTATION_CONTEXT('2D SPACE',''
  ) );
#13119 = FACE_BOUND('',#13120,.F.);
#13120 = EDGE_LOOP('',(#13121));
#13121 = ORIENTED_EDGE('',*,*,#13122,.F.);
#13122 = EDGE_CURVE('',#13123,#13123,#13125,.T.);
#13123 = VERTEX_POINT('',#13124);
#13124 = CARTESIAN_POINT('',(99.8,59.,27.));
#13125 = SURFACE_CURVE('',#13126,(#13131,#13138),.PCURVE_S1.);
#13126 = CIRCLE('',#13127,1.8);
#13127 = AXIS2_PLACEMENT_3D('',#13128,#13129,#13130);
#13128 = CARTESIAN_POINT('',(98.,59.,27.));
#13129 = DIRECTION('',(0.,0.,1.));
#13130 = DIRECTION('',(1.,0.,-0.));
#13131 = PCURVE('',#11614,#13132);
#13132 = DEFINITIONAL_REPRESENTATION('',(#13133),#13137);
#13133 = CIRCLE('',#13134,1.8);
#13134 = AXIS2_PLACEMENT_2D('',#13135,#13136);
#13135 = CARTESIAN_POINT('',(98.,59.000000003427));
#13136 = DIRECTION('',(1.,0.));
#13137 = ( GEOMETRIC_REPRESENTATION_CONTEXT(2) 
PARAMETRIC_REPRESENTATION_CONTEXT() REPRESENTATION_CONTEXT('2D SPACE',''
  ) );
#13138 = PCURVE('',#13139,#13144);
#13139 = CYLINDRICAL_SURFACE('',#13140,1.8);
#13140 = AXIS2_PLACEMENT_3D('',#13141,#13142,#13143);
#13141 = CARTESIAN_POINT('',(98.,59.,24.));
#13142 = DIRECTION('',(0.,0.,1.));
#13143 = DIRECTION('',(1.,0.,-0.));
#13144 = DEFINITIONAL_REPRESENTATION('',(#13145),#13149);
#13145 = LINE('',#13146,#13147);
#13146 = CARTESIAN_POINT('',(0.,3.));
#13147 = VECTOR('',#13148,1.);
#13148 = DIRECTION('',(1.,0.));
#13149 = ( GEOMETRIC_REPRESENTATION_CONTEXT(2) 
PARAMETRIC_REPRESENTATION_CONTEXT() REPRESENTATION_CONTEXT('2D SPACE',''
  ) );
#13150 = ADVANCED_FACE('',(#13151,#13271,#13357,#13443,#13529,#13615,
    #13701,#13787,#13873,#13959),#11560,.T.);
#13151 = FACE_BOUND('',#13152,.T.);
#13152 = EDGE_LOOP('',(#13153,#13154,#13155,#13178,#13202,#13225,#13249,
    #13270));
#13153 = ORIENTED_EDGE('',*,*,#11544,.F.);
#13154 = ORIENTED_EDGE('',*,*,#11630,.T.);
#13155 = ORIENTED_EDGE('',*,*,#13156,.T.);
#13156 = EDGE_CURVE('',#11631,#13157,#13159,.T.);
#13157 = VERTEX_POINT('',#13158);
#13158 = CARTESIAN_POINT('',(98.,-65.,29.));
#13159 = SURFACE_CURVE('',#13160,(#13164,#13171),.PCURVE_S1.);
#13160 = LINE('',#13161,#13162);
#13161 = CARTESIAN_POINT('',(0.,-64.99999999999,29.));
#13162 = VECTOR('',#13163,1.);
#13163 = DIRECTION('',(1.,0.,0.));
#13164 = PCURVE('',#11560,#13165);
#13165 = DEFINITIONAL_REPRESENTATION('',(#13166),#13170);
#13166 = LINE('',#13167,#13168);
#13167 = CARTESIAN_POINT('',(-1.708882822828E-15,-64.99999999657));
#13168 = VECTOR('',#13169,1.);
#13169 = DIRECTION('',(1.,0.));
#13170 = ( GEOMETRIC_REPRESENTATION_CONTEXT(2) 
PARAMETRIC_REPRESENTATION_CONTEXT() REPRESENTATION_CONTEXT('2D SPACE',''
  ) );
#13171 = PCURVE('',#11670,#13172);
#13172 = DEFINITIONAL_REPRESENTATION('',(#13173),#13177);
#13173 = LINE('',#13174,#13175);
#13174 = CARTESIAN_POINT('',(98.,-2.));
#13175 = VECTOR('',#13176,1.);
#13176 = DIRECTION('',(1.,0.));
#13177 = ( GEOMETRIC_REPRESENTATION_CONTEXT(2) 
PARAMETRIC_REPRESENTATION_CONTEXT() REPRESENTATION_CONTEXT('2D SPACE',''
  ) );
#13178 = ORIENTED_EDGE('',*,*,#13179,.T.);
#13179 = EDGE_CURVE('',#13157,#13180,#13182,.T.);
#13180 = VERTEX_POINT('',#13181);
#13181 = CARTESIAN_POINT('',(104.,-59.,29.));
#13182 = SURFACE_CURVE('',#13183,(#13188,#13195),.PCURVE_S1.);
#13183 = CIRCLE('',#13184,6.);
#13184 = AXIS2_PLACEMENT_3D('',#13185,#13186,#13187);
#13185 = CARTESIAN_POINT('',(98.,-59.,29.));
#13186 = DIRECTION('',(0.,0.,1.));
#13187 = DIRECTION('',(1.,0.,0.));
#13188 = PCURVE('',#11560,#13189);
#13189 = DEFINITIONAL_REPRESENTATION('',(#13190),#13194);
#13190 = CIRCLE('',#13191,6.);
#13191 = AXIS2_PLACEMENT_2D('',#13192,#13193);
#13192 = CARTESIAN_POINT('',(98.,-58.99999999657));
#13193 = DIRECTION('',(1.,0.));
#13194 = ( GEOMETRIC_REPRESENTATION_CONTEXT(2) 
PARAMETRIC_REPRESENTATION_CONTEXT() REPRESENTATION_CONTEXT('2D SPACE',''
  ) );
#13195 = PCURVE('',#11827,#13196);
#13196 = DEFINITIONAL_REPRESENTATION('',(#13197),#13201);
#13197 = LINE('',#13198,#13199);
#13198 = CARTESIAN_POINT('',(-0.,-2.));
#13199 = VECTOR('',#13200,1.);
#13200 = DIRECTION('',(-1.,0.));
#13201 = ( GEOMETRIC_REPRESENTATION_CONTEXT(2) 
PARAMETRIC_REPRESENTATION_CONTEXT() REPRESENTATION_CONTEXT('2D SPACE',''
  ) );
#13202 = ORIENTED_EDGE('',*,*,#13203,.T.);
#13203 = EDGE_CURVE('',#13180,#13204,#13206,.T.);
#13204 = VERTEX_POINT('',#13205);
#13205 = CARTESIAN_POINT('',(104.,58.999999983307,29.));
#13206 = SURFACE_CURVE('',#13207,(#13211,#13218),.PCURVE_S1.);
#13207 = LINE('',#13208,#13209);
#13208 = CARTESIAN_POINT('',(104.,2.629008122312E-12,29.));
#13209 = VECTOR('',#13210,1.);
#13210 = DIRECTION('',(0.,1.,0.));
#13211 = PCURVE('',#11560,#13212);
#13212 = DEFINITIONAL_REPRESENTATION('',(#13213),#13217);
#13213 = LINE('',#13214,#13215);
#13214 = CARTESIAN_POINT('',(104.,3.430078915392E-09));
#13215 = VECTOR('',#13216,1.);
#13216 = DIRECTION('',(0.,1.));
#13217 = ( GEOMETRIC_REPRESENTATION_CONTEXT(2) 
PARAMETRIC_REPRESENTATION_CONTEXT() REPRESENTATION_CONTEXT('2D SPACE',''
  ) );
#13218 = PCURVE('',#11855,#13219);
#13219 = DEFINITIONAL_REPRESENTATION('',(#13220),#13224);
#13220 = LINE('',#13221,#13222);
#13221 = CARTESIAN_POINT('',(59.000000000005,-2.));
#13222 = VECTOR('',#13223,1.);
#13223 = DIRECTION('',(1.,0.));
#13224 = ( GEOMETRIC_REPRESENTATION_CONTEXT(2) 
PARAMETRIC_REPRESENTATION_CONTEXT() REPRESENTATION_CONTEXT('2D SPACE',''
  ) );
#13225 = ORIENTED_EDGE('',*,*,#13226,.T.);
#13226 = EDGE_CURVE('',#13204,#13227,#13229,.T.);
#13227 = VERTEX_POINT('',#13228);
#13228 = CARTESIAN_POINT('',(98.,64.999999991655,29.));
#13229 = SURFACE_CURVE('',#13230,(#13235,#13242),.PCURVE_S1.);
#13230 = CIRCLE('',#13231,6.);
#13231 = AXIS2_PLACEMENT_3D('',#13232,#13233,#13234);
#13232 = CARTESIAN_POINT('',(98.,58.999999983307,29.));
#13233 = DIRECTION('',(0.,0.,1.));
#13234 = DIRECTION('',(1.,0.,0.));
#13235 = PCURVE('',#11560,#13236);
#13236 = DEFINITIONAL_REPRESENTATION('',(#13237),#13241);
#13237 = CIRCLE('',#13238,6.);
#13238 = AXIS2_PLACEMENT_2D('',#13239,#13240);
#13239 = CARTESIAN_POINT('',(98.,58.999999986734));
#13240 = DIRECTION('',(1.,0.));
#13241 = ( GEOMETRIC_REPRESENTATION_CONTEXT(2) 
PARAMETRIC_REPRESENTATION_CONTEXT() REPRESENTATION_CONTEXT('2D SPACE',''
  ) );
#13242 = PCURVE('',#11884,#13243);
#13243 = DEFINITIONAL_REPRESENTATION('',(#13244),#13248);
#13244 = LINE('',#13245,#13246);
#13245 = CARTESIAN_POINT('',(-0.,-2.));
#13246 = VECTOR('',#13247,1.);
#13247 = DIRECTION('',(-1.,0.));
#13248 = ( GEOMETRIC_REPRESENTATION_CONTEXT(2) 
PARAMETRIC_REPRESENTATION_CONTEXT() REPRESENTATION_CONTEXT('2D SPACE',''
  ) );
#13249 = ORIENTED_EDGE('',*,*,#13250,.F.);
#13250 = EDGE_CURVE('',#11710,#13227,#13251,.T.);
#13251 = SURFACE_CURVE('',#13252,(#13256,#13263),.PCURVE_S1.);
#13252 = LINE('',#13253,#13254);
#13253 = CARTESIAN_POINT('',(0.,65.000000000003,29.));
#13254 = VECTOR('',#13255,1.);
#13255 = DIRECTION('',(1.,0.,0.));
#13256 = PCURVE('',#11560,#13257);
#13257 = DEFINITIONAL_REPRESENTATION('',(#13258),#13262);
#13258 = LINE('',#13259,#13260);
#13259 = CARTESIAN_POINT('',(-1.708882822828E-15,65.00000000343));
#13260 = VECTOR('',#13261,1.);
#13261 = DIRECTION('',(1.,0.));
#13262 = ( GEOMETRIC_REPRESENTATION_CONTEXT(2) 
PARAMETRIC_REPRESENTATION_CONTEXT() REPRESENTATION_CONTEXT('2D SPACE',''
  ) );
#13263 = PCURVE('',#11725,#13264);
#13264 = DEFINITIONAL_REPRESENTATION('',(#13265),#13269);
#13265 = LINE('',#13266,#13267);
#13266 = CARTESIAN_POINT('',(98.,-2.));
#13267 = VECTOR('',#13268,1.);
#13268 = DIRECTION('',(1.,0.));
#13269 = ( GEOMETRIC_REPRESENTATION_CONTEXT(2) 
PARAMETRIC_REPRESENTATION_CONTEXT() REPRESENTATION_CONTEXT('2D SPACE',''
  ) );
#13270 = ORIENTED_EDGE('',*,*,#11737,.T.);
#13271 = FACE_BOUND('',#13272,.T.);
#13272 = EDGE_LOOP('',(#13273,#13296,#13317,#13338));
#13273 = ORIENTED_EDGE('',*,*,#13274,.T.);
#13274 = EDGE_CURVE('',#13275,#13277,#13279,.T.);
#13275 = VERTEX_POINT('',#13276);
#13276 = CARTESIAN_POINT('',(-3.5,-20.,29.));
#13277 = VERTEX_POINT('',#13278);
#13278 = CARTESIAN_POINT('',(-6.5,-20.,29.));
#13279 = SURFACE_CURVE('',#13280,(#13284,#13290),.PCURVE_S1.);
#13280 = LINE('',#13281,#13282);
#13281 = CARTESIAN_POINT('',(-3.25,-20.,29.));
#13282 = VECTOR('',#13283,1.);
#13283 = DIRECTION('',(-1.,-0.,0.));
#13284 = PCURVE('',#11560,#13285);
#13285 = DEFINITIONAL_REPRESENTATION('',(#13286),#13289);
#13286 = B_SPLINE_CURVE_WITH_KNOTS('',1,(#13287,#13288),.UNSPECIFIED.,
  .F.,.F.,(2,2),(0.25,3.25),.PIECEWISE_BEZIER_KNOTS.);
#13287 = CARTESIAN_POINT('',(-3.5,-19.99999999657));
#13288 = CARTESIAN_POINT('',(-6.5,-19.99999999657));
#13289 = ( GEOMETRIC_REPRESENTATION_CONTEXT(2) 
PARAMETRIC_REPRESENTATION_CONTEXT() REPRESENTATION_CONTEXT('2D SPACE',''
  ) );
#13290 = PCURVE('',#11968,#13291);
#13291 = DEFINITIONAL_REPRESENTATION('',(#13292),#13295);
#13292 = B_SPLINE_CURVE_WITH_KNOTS('',1,(#13293,#13294),.UNSPECIFIED.,
  .F.,.F.,(2,2),(0.25,3.25),.PIECEWISE_BEZIER_KNOTS.);
#13293 = CARTESIAN_POINT('',(3.,3.));
#13294 = CARTESIAN_POINT('',(3.,0.));
#13295 = ( GEOMETRIC_REPRESENTATION_CONTEXT(2) 
PARAMETRIC_REPRESENTATION_CONTEXT() REPRESENTATION_CONTEXT('2D SPACE',''
  ) );
#13296 = ORIENTED_EDGE('',*,*,#13297,.T.);
#13297 = EDGE_CURVE('',#13277,#13298,#13300,.T.);
#13298 = VERTEX_POINT('',#13299);
#13299 = CARTESIAN_POINT('',(-6.5,4.,29.));
#13300 = SURFACE_CURVE('',#13301,(#13305,#13311),.PCURVE_S1.);
#13301 = LINE('',#13302,#13303);
#13302 = CARTESIAN_POINT('',(-6.5,-10.00000000171,29.));
#13303 = VECTOR('',#13304,1.);
#13304 = DIRECTION('',(-0.,1.,0.));
#13305 = PCURVE('',#11560,#13306);
#13306 = DEFINITIONAL_REPRESENTATION('',(#13307),#13310);
#13307 = B_SPLINE_CURVE_WITH_KNOTS('',1,(#13308,#13309),.UNSPECIFIED.,
  .F.,.F.,(2,2),(-9.999999998286,14.000000001714),
  .PIECEWISE_BEZIER_KNOTS.);
#13308 = CARTESIAN_POINT('',(-6.5,-19.99999999657));
#13309 = CARTESIAN_POINT('',(-6.5,4.000000003427));
#13310 = ( GEOMETRIC_REPRESENTATION_CONTEXT(2) 
PARAMETRIC_REPRESENTATION_CONTEXT() REPRESENTATION_CONTEXT('2D SPACE',''
  ) );
#13311 = PCURVE('',#11994,#13312);
#13312 = DEFINITIONAL_REPRESENTATION('',(#13313),#13316);
#13313 = B_SPLINE_CURVE_WITH_KNOTS('',1,(#13314,#13315),.UNSPECIFIED.,
  .F.,.F.,(2,2),(-9.999999998286,14.000000001714),
  .PIECEWISE_BEZIER_KNOTS.);
#13314 = CARTESIAN_POINT('',(3.,0.));
#13315 = CARTESIAN_POINT('',(3.,-24.));
#13316 = ( GEOMETRIC_REPRESENTATION_CONTEXT(2) 
PARAMETRIC_REPRESENTATION_CONTEXT() REPRESENTATION_CONTEXT('2D SPACE',''
  ) );
#13317 = ORIENTED_EDGE('',*,*,#13318,.F.);
#13318 = EDGE_CURVE('',#13319,#13298,#13321,.T.);
#13319 = VERTEX_POINT('',#13320);
#13320 = CARTESIAN_POINT('',(-3.5,4.,29.));
#13321 = SURFACE_CURVE('',#13322,(#13326,#13332),.PCURVE_S1.);
#13322 = LINE('',#13323,#13324);
#13323 = CARTESIAN_POINT('',(-3.25,4.,29.));
#13324 = VECTOR('',#13325,1.);
#13325 = DIRECTION('',(-1.,-0.,0.));
#13326 = PCURVE('',#11560,#13327);
#13327 = DEFINITIONAL_REPRESENTATION('',(#13328),#13331);
#13328 = B_SPLINE_CURVE_WITH_KNOTS('',1,(#13329,#13330),.UNSPECIFIED.,
  .F.,.F.,(2,2),(0.25,3.25),.PIECEWISE_BEZIER_KNOTS.);
#13329 = CARTESIAN_POINT('',(-3.5,4.000000003427));
#13330 = CARTESIAN_POINT('',(-6.5,4.000000003427));
#13331 = ( GEOMETRIC_REPRESENTATION_CONTEXT(2) 
PARAMETRIC_REPRESENTATION_CONTEXT() REPRESENTATION_CONTEXT('2D SPACE',''
  ) );
#13332 = PCURVE('',#12020,#13333);
#13333 = DEFINITIONAL_REPRESENTATION('',(#13334),#13337);
#13334 = B_SPLINE_CURVE_WITH_KNOTS('',1,(#13335,#13336),.UNSPECIFIED.,
  .F.,.F.,(2,2),(0.25,3.25),.PIECEWISE_BEZIER_KNOTS.);
#13335 = CARTESIAN_POINT('',(3.,3.));
#13336 = CARTESIAN_POINT('',(3.,0.));
#13337 = ( GEOMETRIC_REPRESENTATION_CONTEXT(2) 
PARAMETRIC_REPRESENTATION_CONTEXT() REPRESENTATION_CONTEXT('2D SPACE',''
  ) );
#13338 = ORIENTED_EDGE('',*,*,#13339,.F.);
#13339 = EDGE_CURVE('',#13275,#13319,#13340,.T.);
#13340 = SURFACE_CURVE('',#13341,(#13345,#13351),.PCURVE_S1.);
#13341 = LINE('',#13342,#13343);
#13342 = CARTESIAN_POINT('',(-3.5,-10.00000000171,29.));
#13343 = VECTOR('',#13344,1.);
#13344 = DIRECTION('',(-0.,1.,0.));
#13345 = PCURVE('',#11560,#13346);
#13346 = DEFINITIONAL_REPRESENTATION('',(#13347),#13350);
#13347 = B_SPLINE_CURVE_WITH_KNOTS('',1,(#13348,#13349),.UNSPECIFIED.,
  .F.,.F.,(2,2),(-9.999999998286,14.000000001714),
  .PIECEWISE_BEZIER_KNOTS.);
#13348 = CARTESIAN_POINT('',(-3.5,-19.99999999657));
#13349 = CARTESIAN_POINT('',(-3.5,4.000000003427));
#13350 = ( GEOMETRIC_REPRESENTATION_CONTEXT(2) 
PARAMETRIC_REPRESENTATION_CONTEXT() REPRESENTATION_CONTEXT('2D SPACE',''
  ) );
#13351 = PCURVE('',#12044,#13352);
#13352 = DEFINITIONAL_REPRESENTATION('',(#13353),#13356);
#13353 = B_SPLINE_CURVE_WITH_KNOTS('',1,(#13354,#13355),.UNSPECIFIED.,
  .F.,.F.,(2,2),(-9.999999998286,14.000000001714),
  .PIECEWISE_BEZIER_KNOTS.);
#13354 = CARTESIAN_POINT('',(3.,0.));
#13355 = CARTESIAN_POINT('',(3.,-24.));
#13356 = ( GEOMETRIC_REPRESENTATION_CONTEXT(2) 
PARAMETRIC_REPRESENTATION_CONTEXT() REPRESENTATION_CONTEXT('2D SPACE',''
  ) );
#13357 = FACE_BOUND('',#13358,.T.);
#13358 = EDGE_LOOP('',(#13359,#13382,#13403,#13424));
#13359 = ORIENTED_EDGE('',*,*,#13360,.T.);
#13360 = EDGE_CURVE('',#13361,#13363,#13365,.T.);
#13361 = VERTEX_POINT('',#13362);
#13362 = CARTESIAN_POINT('',(5.5,-20.,29.));
#13363 = VERTEX_POINT('',#13364);
#13364 = CARTESIAN_POINT('',(2.5,-20.,29.));
#13365 = SURFACE_CURVE('',#13366,(#13370,#13376),.PCURVE_S1.);
#13366 = LINE('',#13367,#13368);
#13367 = CARTESIAN_POINT('',(1.25,-20.,29.));
#13368 = VECTOR('',#13369,1.);
#13369 = DIRECTION('',(-1.,-0.,0.));
#13370 = PCURVE('',#11560,#13371);
#13371 = DEFINITIONAL_REPRESENTATION('',(#13372),#13375);
#13372 = B_SPLINE_CURVE_WITH_KNOTS('',1,(#13373,#13374),.UNSPECIFIED.,
  .F.,.F.,(2,2),(-4.25,-1.25),.PIECEWISE_BEZIER_KNOTS.);
#13373 = CARTESIAN_POINT('',(5.5,-19.99999999657));
#13374 = CARTESIAN_POINT('',(2.5,-19.99999999657));
#13375 = ( GEOMETRIC_REPRESENTATION_CONTEXT(2) 
PARAMETRIC_REPRESENTATION_CONTEXT() REPRESENTATION_CONTEXT('2D SPACE',''
  ) );
#13376 = PCURVE('',#12105,#13377);
#13377 = DEFINITIONAL_REPRESENTATION('',(#13378),#13381);
#13378 = B_SPLINE_CURVE_WITH_KNOTS('',1,(#13379,#13380),.UNSPECIFIED.,
  .F.,.F.,(2,2),(-4.25,-1.25),.PIECEWISE_BEZIER_KNOTS.);
#13379 = CARTESIAN_POINT('',(3.,3.));
#13380 = CARTESIAN_POINT('',(3.,0.));
#13381 = ( GEOMETRIC_REPRESENTATION_CONTEXT(2) 
PARAMETRIC_REPRESENTATION_CONTEXT() REPRESENTATION_CONTEXT('2D SPACE',''
  ) );
#13382 = ORIENTED_EDGE('',*,*,#13383,.T.);
#13383 = EDGE_CURVE('',#13363,#13384,#13386,.T.);
#13384 = VERTEX_POINT('',#13385);
#13385 = CARTESIAN_POINT('',(2.5,4.,29.));
#13386 = SURFACE_CURVE('',#13387,(#13391,#13397),.PCURVE_S1.);
#13387 = LINE('',#13388,#13389);
#13388 = CARTESIAN_POINT('',(2.5,-10.00000000171,29.));
#13389 = VECTOR('',#13390,1.);
#13390 = DIRECTION('',(-0.,1.,0.));
#13391 = PCURVE('',#11560,#13392);
#13392 = DEFINITIONAL_REPRESENTATION('',(#13393),#13396);
#13393 = B_SPLINE_CURVE_WITH_KNOTS('',1,(#13394,#13395),.UNSPECIFIED.,
  .F.,.F.,(2,2),(-9.999999998286,14.000000001714),
  .PIECEWISE_BEZIER_KNOTS.);
#13394 = CARTESIAN_POINT('',(2.5,-19.99999999657));
#13395 = CARTESIAN_POINT('',(2.5,4.000000003427));
#13396 = ( GEOMETRIC_REPRESENTATION_CONTEXT(2) 
PARAMETRIC_REPRESENTATION_CONTEXT() REPRESENTATION_CONTEXT('2D SPACE',''
  ) );
#13397 = PCURVE('',#12131,#13398);
#13398 = DEFINITIONAL_REPRESENTATION('',(#13399),#13402);
#13399 = B_SPLINE_CURVE_WITH_KNOTS('',1,(#13400,#13401),.UNSPECIFIED.,
  .F.,.F.,(2,2),(-9.999999998286,14.000000001714),
  .PIECEWISE_BEZIER_KNOTS.);
#13400 = CARTESIAN_POINT('',(3.,0.));
#13401 = CARTESIAN_POINT('',(3.,-24.));
#13402 = ( GEOMETRIC_REPRESENTATION_CONTEXT(2) 
PARAMETRIC_REPRESENTATION_CONTEXT() REPRESENTATION_CONTEXT('2D SPACE',''
  ) );
#13403 = ORIENTED_EDGE('',*,*,#13404,.F.);
#13404 = EDGE_CURVE('',#13405,#13384,#13407,.T.);
#13405 = VERTEX_POINT('',#13406);
#13406 = CARTESIAN_POINT('',(5.5,4.,29.));
#13407 = SURFACE_CURVE('',#13408,(#13412,#13418),.PCURVE_S1.);
#13408 = LINE('',#13409,#13410);
#13409 = CARTESIAN_POINT('',(1.25,4.,29.));
#13410 = VECTOR('',#13411,1.);
#13411 = DIRECTION('',(-1.,-0.,0.));
#13412 = PCURVE('',#11560,#13413);
#13413 = DEFINITIONAL_REPRESENTATION('',(#13414),#13417);
#13414 = B_SPLINE_CURVE_WITH_KNOTS('',1,(#13415,#13416),.UNSPECIFIED.,
  .F.,.F.,(2,2),(-4.25,-1.25),.PIECEWISE_BEZIER_KNOTS.);
#13415 = CARTESIAN_POINT('',(5.5,4.000000003427));
#13416 = CARTESIAN_POINT('',(2.5,4.000000003427));
#13417 = ( GEOMETRIC_REPRESENTATION_CONTEXT(2) 
PARAMETRIC_REPRESENTATION_CONTEXT() REPRESENTATION_CONTEXT('2D SPACE',''
  ) );
#13418 = PCURVE('',#12157,#13419);
#13419 = DEFINITIONAL_REPRESENTATION('',(#13420),#13423);
#13420 = B_SPLINE_CURVE_WITH_KNOTS('',1,(#13421,#13422),.UNSPECIFIED.,
  .F.,.F.,(2,2),(-4.25,-1.25),.PIECEWISE_BEZIER_KNOTS.);
#13421 = CARTESIAN_POINT('',(3.,3.));
#13422 = CARTESIAN_POINT('',(3.,0.));
#13423 = ( GEOMETRIC_REPRESENTATION_CONTEXT(2) 
PARAMETRIC_REPRESENTATION_CONTEXT() REPRESENTATION_CONTEXT('2D SPACE',''
  ) );
#13424 = ORIENTED_EDGE('',*,*,#13425,.F.);
#13425 = EDGE_CURVE('',#13361,#13405,#13426,.T.);
#13426 = SURFACE_CURVE('',#13427,(#13431,#13437),.PCURVE_S1.);
#13427 = LINE('',#13428,#13429);
#13428 = CARTESIAN_POINT('',(5.5,-10.00000000171,29.));
#13429 = VECTOR('',#13430,1.);
#13430 = DIRECTION('',(-0.,1.,0.));
#13431 = PCURVE('',#11560,#13432);
#13432 = DEFINITIONAL_REPRESENTATION('',(#13433),#13436);
#13433 = B_SPLINE_CURVE_WITH_KNOTS('',1,(#13434,#13435),.UNSPECIFIED.,
  .F.,.F.,(2,2),(-9.999999998286,14.000000001714),
  .PIECEWISE_BEZIER_KNOTS.);
#13434 = CARTESIAN_POINT('',(5.5,-19.99999999657));
#13435 = CARTESIAN_POINT('',(5.5,4.000000003427));
#13436 = ( GEOMETRIC_REPRESENTATION_CONTEXT(2) 
PARAMETRIC_REPRESENTATION_CONTEXT() REPRESENTATION_CONTEXT('2D SPACE',''
  ) );
#13437 = PCURVE('',#12181,#13438);
#13438 = DEFINITIONAL_REPRESENTATION('',(#13439),#13442);
#13439 = B_SPLINE_CURVE_WITH_KNOTS('',1,(#13440,#13441),.UNSPECIFIED.,
  .F.,.F.,(2,2),(-9.999999998286,14.000000001714),
  .PIECEWISE_BEZIER_KNOTS.);
#13440 = CARTESIAN_POINT('',(3.,0.));
#13441 = CARTESIAN_POINT('',(3.,-24.));
#13442 = ( GEOMETRIC_REPRESENTATION_CONTEXT(2) 
PARAMETRIC_REPRESENTATION_CONTEXT() REPRESENTATION_CONTEXT('2D SPACE',''
  ) );
#13443 = FACE_BOUND('',#13444,.T.);
#13444 = EDGE_LOOP('',(#13445,#13468,#13489,#13510));
#13445 = ORIENTED_EDGE('',*,*,#13446,.T.);
#13446 = EDGE_CURVE('',#13447,#13449,#13451,.T.);
#13447 = VERTEX_POINT('',#13448);
#13448 = CARTESIAN_POINT('',(14.5,-20.,29.));
#13449 = VERTEX_POINT('',#13450);
#13450 = CARTESIAN_POINT('',(11.5,-20.,29.));
#13451 = SURFACE_CURVE('',#13452,(#13456,#13462),.PCURVE_S1.);
#13452 = LINE('',#13453,#13454);
#13453 = CARTESIAN_POINT('',(5.75,-20.,29.));
#13454 = VECTOR('',#13455,1.);
#13455 = DIRECTION('',(-1.,-0.,0.));
#13456 = PCURVE('',#11560,#13457);
#13457 = DEFINITIONAL_REPRESENTATION('',(#13458),#13461);
#13458 = B_SPLINE_CURVE_WITH_KNOTS('',1,(#13459,#13460),.UNSPECIFIED.,
  .F.,.F.,(2,2),(-8.75,-5.75),.PIECEWISE_BEZIER_KNOTS.);
#13459 = CARTESIAN_POINT('',(14.5,-19.99999999657));
#13460 = CARTESIAN_POINT('',(11.5,-19.99999999657));
#13461 = ( GEOMETRIC_REPRESENTATION_CONTEXT(2) 
PARAMETRIC_REPRESENTATION_CONTEXT() REPRESENTATION_CONTEXT('2D SPACE',''
  ) );
#13462 = PCURVE('',#12211,#13463);
#13463 = DEFINITIONAL_REPRESENTATION('',(#13464),#13467);
#13464 = B_SPLINE_CURVE_WITH_KNOTS('',1,(#13465,#13466),.UNSPECIFIED.,
  .F.,.F.,(2,2),(-8.75,-5.75),.PIECEWISE_BEZIER_KNOTS.);
#13465 = CARTESIAN_POINT('',(3.,3.));
#13466 = CARTESIAN_POINT('',(3.,0.));
#13467 = ( GEOMETRIC_REPRESENTATION_CONTEXT(2) 
PARAMETRIC_REPRESENTATION_CONTEXT() REPRESENTATION_CONTEXT('2D SPACE',''
  ) );
#13468 = ORIENTED_EDGE('',*,*,#13469,.T.);
#13469 = EDGE_CURVE('',#13449,#13470,#13472,.T.);
#13470 = VERTEX_POINT('',#13471);
#13471 = CARTESIAN_POINT('',(11.5,4.,29.));
#13472 = SURFACE_CURVE('',#13473,(#13477,#13483),.PCURVE_S1.);
#13473 = LINE('',#13474,#13475);
#13474 = CARTESIAN_POINT('',(11.5,-10.00000000171,29.));
#13475 = VECTOR('',#13476,1.);
#13476 = DIRECTION('',(-0.,1.,0.));
#13477 = PCURVE('',#11560,#13478);
#13478 = DEFINITIONAL_REPRESENTATION('',(#13479),#13482);
#13479 = B_SPLINE_CURVE_WITH_KNOTS('',1,(#13480,#13481),.UNSPECIFIED.,
  .F.,.F.,(2,2),(-9.999999998286,14.000000001714),
  .PIECEWISE_BEZIER_KNOTS.);
#13480 = CARTESIAN_POINT('',(11.5,-19.99999999657));
#13481 = CARTESIAN_POINT('',(11.5,4.000000003427));
#13482 = ( GEOMETRIC_REPRESENTATION_CONTEXT(2) 
PARAMETRIC_REPRESENTATION_CONTEXT() REPRESENTATION_CONTEXT('2D SPACE',''
  ) );
#13483 = PCURVE('',#12237,#13484);
#13484 = DEFINITIONAL_REPRESENTATION('',(#13485),#13488);
#13485 = B_SPLINE_CURVE_WITH_KNOTS('',1,(#13486,#13487),.UNSPECIFIED.,
  .F.,.F.,(2,2),(-9.999999998286,14.000000001714),
  .PIECEWISE_BEZIER_KNOTS.);
#13486 = CARTESIAN_POINT('',(3.,0.));
#13487 = CARTESIAN_POINT('',(3.,-24.));
#13488 = ( GEOMETRIC_REPRESENTATION_CONTEXT(2) 
PARAMETRIC_REPRESENTATION_CONTEXT() REPRESENTATION_CONTEXT('2D SPACE',''
  ) );
#13489 = ORIENTED_EDGE('',*,*,#13490,.F.);
#13490 = EDGE_CURVE('',#13491,#13470,#13493,.T.);
#13491 = VERTEX_POINT('',#13492);
#13492 = CARTESIAN_POINT('',(14.5,4.,29.));
#13493 = SURFACE_CURVE('',#13494,(#13498,#13504),.PCURVE_S1.);
#13494 = LINE('',#13495,#13496);
#13495 = CARTESIAN_POINT('',(5.75,4.,29.));
#13496 = VECTOR('',#13497,1.);
#13497 = DIRECTION('',(-1.,-0.,0.));
#13498 = PCURVE('',#11560,#13499);
#13499 = DEFINITIONAL_REPRESENTATION('',(#13500),#13503);
#13500 = B_SPLINE_CURVE_WITH_KNOTS('',1,(#13501,#13502),.UNSPECIFIED.,
  .F.,.F.,(2,2),(-8.75,-5.75),.PIECEWISE_BEZIER_KNOTS.);
#13501 = CARTESIAN_POINT('',(14.5,4.000000003427));
#13502 = CARTESIAN_POINT('',(11.5,4.000000003427));
#13503 = ( GEOMETRIC_REPRESENTATION_CONTEXT(2) 
PARAMETRIC_REPRESENTATION_CONTEXT() REPRESENTATION_CONTEXT('2D SPACE',''
  ) );
#13504 = PCURVE('',#12263,#13505);
#13505 = DEFINITIONAL_REPRESENTATION('',(#13506),#13509);
#13506 = B_SPLINE_CURVE_WITH_KNOTS('',1,(#13507,#13508),.UNSPECIFIED.,
  .F.,.F.,(2,2),(-8.75,-5.75),.PIECEWISE_BEZIER_KNOTS.);
#13507 = CARTESIAN_POINT('',(3.,3.));
#13508 = CARTESIAN_POINT('',(3.,0.));
#13509 = ( GEOMETRIC_REPRESENTATION_CONTEXT(2) 
PARAMETRIC_REPRESENTATION_CONTEXT() REPRESENTATION_CONTEXT('2D SPACE',''
  ) );
#13510 = ORIENTED_EDGE('',*,*,#13511,.F.);
#13511 = EDGE_CURVE('',#13447,#13491,#13512,.T.);
#13512 = SURFACE_CURVE('',#13513,(#13517,#13523),.PCURVE_S1.);
#13513 = LINE('',#13514,#13515);
#13514 = CARTESIAN_POINT('',(14.5,-10.00000000171,29.));
#13515 = VECTOR('',#13516,1.);
#13516 = DIRECTION('',(-0.,1.,0.));
#13517 = PCURVE('',#11560,#13518);
#13518 = DEFINITIONAL_REPRESENTATION('',(#13519),#13522);
#13519 = B_SPLINE_CURVE_WITH_KNOTS('',1,(#13520,#13521),.UNSPECIFIED.,
  .F.,.F.,(2,2),(-9.999999998286,14.000000001714),
  .PIECEWISE_BEZIER_KNOTS.);
#13520 = CARTESIAN_POINT('',(14.5,-19.99999999657));
#13521 = CARTESIAN_POINT('',(14.5,4.000000003427));
#13522 = ( GEOMETRIC_REPRESENTATION_CONTEXT(2) 
PARAMETRIC_REPRESENTATION_CONTEXT() REPRESENTATION_CONTEXT('2D SPACE',''
  ) );
#13523 = PCURVE('',#12287,#13524);
#13524 = DEFINITIONAL_REPRESENTATION('',(#13525),#13528);
#13525 = B_SPLINE_CURVE_WITH_KNOTS('',1,(#13526,#13527),.UNSPECIFIED.,
  .F.,.F.,(2,2),(-9.999999998286,14.000000001714),
  .PIECEWISE_BEZIER_KNOTS.);
#13526 = CARTESIAN_POINT('',(3.,0.));
#13527 = CARTESIAN_POINT('',(3.,-24.));
#13528 = ( GEOMETRIC_REPRESENTATION_CONTEXT(2) 
PARAMETRIC_REPRESENTATION_CONTEXT() REPRESENTATION_CONTEXT('2D SPACE',''
  ) );
#13529 = FACE_BOUND('',#13530,.T.);
#13530 = EDGE_LOOP('',(#13531,#13554,#13575,#13596));
#13531 = ORIENTED_EDGE('',*,*,#13532,.T.);
#13532 = EDGE_CURVE('',#13533,#13535,#13537,.T.);
#13533 = VERTEX_POINT('',#13534);
#13534 = CARTESIAN_POINT('',(23.5,-20.,29.));
#13535 = VERTEX_POINT('',#13536);
#13536 = CARTESIAN_POINT('',(20.5,-20.,29.));
#13537 = SURFACE_CURVE('',#13538,(#13542,#13548),.PCURVE_S1.);
#13538 = LINE('',#13539,#13540);
#13539 = CARTESIAN_POINT('',(10.25,-20.,29.));
#13540 = VECTOR('',#13541,1.);
#13541 = DIRECTION('',(-1.,-0.,0.));
#13542 = PCURVE('',#11560,#13543);
#13543 = DEFINITIONAL_REPRESENTATION('',(#13544),#13547);
#13544 = B_SPLINE_CURVE_WITH_KNOTS('',1,(#13545,#13546),.UNSPECIFIED.,
  .F.,.F.,(2,2),(-13.25,-10.25),.PIECEWISE_BEZIER_KNOTS.);
#13545 = CARTESIAN_POINT('',(23.5,-19.99999999657));
#13546 = CARTESIAN_POINT('',(20.5,-19.99999999657));
#13547 = ( GEOMETRIC_REPRESENTATION_CONTEXT(2) 
PARAMETRIC_REPRESENTATION_CONTEXT() REPRESENTATION_CONTEXT('2D SPACE',''
  ) );
#13548 = PCURVE('',#12317,#13549);
#13549 = DEFINITIONAL_REPRESENTATION('',(#13550),#13553);
#13550 = B_SPLINE_CURVE_WITH_KNOTS('',1,(#13551,#13552),.UNSPECIFIED.,
  .F.,.F.,(2,2),(-13.25,-10.25),.PIECEWISE_BEZIER_KNOTS.);
#13551 = CARTESIAN_POINT('',(3.,3.));
#13552 = CARTESIAN_POINT('',(3.,0.));
#13553 = ( GEOMETRIC_REPRESENTATION_CONTEXT(2) 
PARAMETRIC_REPRESENTATION_CONTEXT() REPRESENTATION_CONTEXT('2D SPACE',''
  ) );
#13554 = ORIENTED_EDGE('',*,*,#13555,.T.);
#13555 = EDGE_CURVE('',#13535,#13556,#13558,.T.);
#13556 = VERTEX_POINT('',#13557);
#13557 = CARTESIAN_POINT('',(20.5,4.,29.));
#13558 = SURFACE_CURVE('',#13559,(#13563,#13569),.PCURVE_S1.);
#13559 = LINE('',#13560,#13561);
#13560 = CARTESIAN_POINT('',(20.5,-10.00000000171,29.));
#13561 = VECTOR('',#13562,1.);
#13562 = DIRECTION('',(-0.,1.,0.));
#13563 = PCURVE('',#11560,#13564);
#13564 = DEFINITIONAL_REPRESENTATION('',(#13565),#13568);
#13565 = B_SPLINE_CURVE_WITH_KNOTS('',1,(#13566,#13567),.UNSPECIFIED.,
  .F.,.F.,(2,2),(-9.999999998286,14.000000001714),
  .PIECEWISE_BEZIER_KNOTS.);
#13566 = CARTESIAN_POINT('',(20.5,-19.99999999657));
#13567 = CARTESIAN_POINT('',(20.5,4.000000003427));
#13568 = ( GEOMETRIC_REPRESENTATION_CONTEXT(2) 
PARAMETRIC_REPRESENTATION_CONTEXT() REPRESENTATION_CONTEXT('2D SPACE',''
  ) );
#13569 = PCURVE('',#12343,#13570);
#13570 = DEFINITIONAL_REPRESENTATION('',(#13571),#13574);
#13571 = B_SPLINE_CURVE_WITH_KNOTS('',1,(#13572,#13573),.UNSPECIFIED.,
  .F.,.F.,(2,2),(-9.999999998286,14.000000001714),
  .PIECEWISE_BEZIER_KNOTS.);
#13572 = CARTESIAN_POINT('',(3.,0.));
#13573 = CARTESIAN_POINT('',(3.,-24.));
#13574 = ( GEOMETRIC_REPRESENTATION_CONTEXT(2) 
PARAMETRIC_REPRESENTATION_CONTEXT() REPRESENTATION_CONTEXT('2D SPACE',''
  ) );
#13575 = ORIENTED_EDGE('',*,*,#13576,.F.);
#13576 = EDGE_CURVE('',#13577,#13556,#13579,.T.);
#13577 = VERTEX_POINT('',#13578);
#13578 = CARTESIAN_POINT('',(23.5,4.,29.));
#13579 = SURFACE_CURVE('',#13580,(#13584,#13590),.PCURVE_S1.);
#13580 = LINE('',#13581,#13582);
#13581 = CARTESIAN_POINT('',(10.25,4.,29.));
#13582 = VECTOR('',#13583,1.);
#13583 = DIRECTION('',(-1.,-0.,0.));
#13584 = PCURVE('',#11560,#13585);
#13585 = DEFINITIONAL_REPRESENTATION('',(#13586),#13589);
#13586 = B_SPLINE_CURVE_WITH_KNOTS('',1,(#13587,#13588),.UNSPECIFIED.,
  .F.,.F.,(2,2),(-13.25,-10.25),.PIECEWISE_BEZIER_KNOTS.);
#13587 = CARTESIAN_POINT('',(23.5,4.000000003427));
#13588 = CARTESIAN_POINT('',(20.5,4.000000003427));
#13589 = ( GEOMETRIC_REPRESENTATION_CONTEXT(2) 
PARAMETRIC_REPRESENTATION_CONTEXT() REPRESENTATION_CONTEXT('2D SPACE',''
  ) );
#13590 = PCURVE('',#12369,#13591);
#13591 = DEFINITIONAL_REPRESENTATION('',(#13592),#13595);
#13592 = B_SPLINE_CURVE_WITH_KNOTS('',1,(#13593,#13594),.UNSPECIFIED.,
  .F.,.F.,(2,2),(-13.25,-10.25),.PIECEWISE_BEZIER_KNOTS.);
#13593 = CARTESIAN_POINT('',(3.,3.));
#13594 = CARTESIAN_POINT('',(3.,0.));
#13595 = ( GEOMETRIC_REPRESENTATION_CONTEXT(2) 
PARAMETRIC_REPRESENTATION_CONTEXT() REPRESENTATION_CONTEXT('2D SPACE',''
  ) );
#13596 = ORIENTED_EDGE('',*,*,#13597,.F.);
#13597 = EDGE_CURVE('',#13533,#13577,#13598,.T.);
#13598 = SURFACE_CURVE('',#13599,(#13603,#13609),.PCURVE_S1.);
#13599 = LINE('',#13600,#13601);
#13600 = CARTESIAN_POINT('',(23.5,-10.00000000171,29.));
#13601 = VECTOR('',#13602,1.);
#13602 = DIRECTION('',(-0.,1.,0.));
#13603 = PCURVE('',#11560,#13604);
#13604 = DEFINITIONAL_REPRESENTATION('',(#13605),#13608);
#13605 = B_SPLINE_CURVE_WITH_KNOTS('',1,(#13606,#13607),.UNSPECIFIED.,
  .F.,.F.,(2,2),(-9.999999998286,14.000000001714),
  .PIECEWISE_BEZIER_KNOTS.);
#13606 = CARTESIAN_POINT('',(23.5,-19.99999999657));
#13607 = CARTESIAN_POINT('',(23.5,4.000000003427));
#13608 = ( GEOMETRIC_REPRESENTATION_CONTEXT(2) 
PARAMETRIC_REPRESENTATION_CONTEXT() REPRESENTATION_CONTEXT('2D SPACE',''
  ) );
#13609 = PCURVE('',#12393,#13610);
#13610 = DEFINITIONAL_REPRESENTATION('',(#13611),#13614);
#13611 = B_SPLINE_CURVE_WITH_KNOTS('',1,(#13612,#13613),.UNSPECIFIED.,
  .F.,.F.,(2,2),(-9.999999998286,14.000000001714),
  .PIECEWISE_BEZIER_KNOTS.);
#13612 = CARTESIAN_POINT('',(3.,0.));
#13613 = CARTESIAN_POINT('',(3.,-24.));
#13614 = ( GEOMETRIC_REPRESENTATION_CONTEXT(2) 
PARAMETRIC_REPRESENTATION_CONTEXT() REPRESENTATION_CONTEXT('2D SPACE',''
  ) );
#13615 = FACE_BOUND('',#13616,.T.);
#13616 = EDGE_LOOP('',(#13617,#13640,#13661,#13682));
#13617 = ORIENTED_EDGE('',*,*,#13618,.T.);
#13618 = EDGE_CURVE('',#13619,#13621,#13623,.T.);
#13619 = VERTEX_POINT('',#13620);
#13620 = CARTESIAN_POINT('',(32.5,-20.,29.));
#13621 = VERTEX_POINT('',#13622);
#13622 = CARTESIAN_POINT('',(29.5,-20.,29.));
#13623 = SURFACE_CURVE('',#13624,(#13628,#13634),.PCURVE_S1.);
#13624 = LINE('',#13625,#13626);
#13625 = CARTESIAN_POINT('',(14.75,-20.,29.));
#13626 = VECTOR('',#13627,1.);
#13627 = DIRECTION('',(-1.,-0.,0.));
#13628 = PCURVE('',#11560,#13629);
#13629 = DEFINITIONAL_REPRESENTATION('',(#13630),#13633);
#13630 = B_SPLINE_CURVE_WITH_KNOTS('',1,(#13631,#13632),.UNSPECIFIED.,
  .F.,.F.,(2,2),(-17.75,-14.75),.PIECEWISE_BEZIER_KNOTS.);
#13631 = CARTESIAN_POINT('',(32.5,-19.99999999657));
#13632 = CARTESIAN_POINT('',(29.5,-19.99999999657));
#13633 = ( GEOMETRIC_REPRESENTATION_CONTEXT(2) 
PARAMETRIC_REPRESENTATION_CONTEXT() REPRESENTATION_CONTEXT('2D SPACE',''
  ) );
#13634 = PCURVE('',#12423,#13635);
#13635 = DEFINITIONAL_REPRESENTATION('',(#13636),#13639);
#13636 = B_SPLINE_CURVE_WITH_KNOTS('',1,(#13637,#13638),.UNSPECIFIED.,
  .F.,.F.,(2,2),(-17.75,-14.75),.PIECEWISE_BEZIER_KNOTS.);
#13637 = CARTESIAN_POINT('',(3.,3.));
#13638 = CARTESIAN_POINT('',(3.,0.));
#13639 = ( GEOMETRIC_REPRESENTATION_CONTEXT(2) 
PARAMETRIC_REPRESENTATION_CONTEXT() REPRESENTATION_CONTEXT('2D SPACE',''
  ) );
#13640 = ORIENTED_EDGE('',*,*,#13641,.T.);
#13641 = EDGE_CURVE('',#13621,#13642,#13644,.T.);
#13642 = VERTEX_POINT('',#13643);
#13643 = CARTESIAN_POINT('',(29.5,4.,29.));
#13644 = SURFACE_CURVE('',#13645,(#13649,#13655),.PCURVE_S1.);
#13645 = LINE('',#13646,#13647);
#13646 = CARTESIAN_POINT('',(29.5,-10.00000000171,29.));
#13647 = VECTOR('',#13648,1.);
#13648 = DIRECTION('',(-0.,1.,0.));
#13649 = PCURVE('',#11560,#13650);
#13650 = DEFINITIONAL_REPRESENTATION('',(#13651),#13654);
#13651 = B_SPLINE_CURVE_WITH_KNOTS('',1,(#13652,#13653),.UNSPECIFIED.,
  .F.,.F.,(2,2),(-9.999999998286,14.000000001714),
  .PIECEWISE_BEZIER_KNOTS.);
#13652 = CARTESIAN_POINT('',(29.5,-19.99999999657));
#13653 = CARTESIAN_POINT('',(29.5,4.000000003427));
#13654 = ( GEOMETRIC_REPRESENTATION_CONTEXT(2) 
PARAMETRIC_REPRESENTATION_CONTEXT() REPRESENTATION_CONTEXT('2D SPACE',''
  ) );
#13655 = PCURVE('',#12449,#13656);
#13656 = DEFINITIONAL_REPRESENTATION('',(#13657),#13660);
#13657 = B_SPLINE_CURVE_WITH_KNOTS('',1,(#13658,#13659),.UNSPECIFIED.,
  .F.,.F.,(2,2),(-9.999999998286,14.000000001714),
  .PIECEWISE_BEZIER_KNOTS.);
#13658 = CARTESIAN_POINT('',(3.,0.));
#13659 = CARTESIAN_POINT('',(3.,-24.));
#13660 = ( GEOMETRIC_REPRESENTATION_CONTEXT(2) 
PARAMETRIC_REPRESENTATION_CONTEXT() REPRESENTATION_CONTEXT('2D SPACE',''
  ) );
#13661 = ORIENTED_EDGE('',*,*,#13662,.F.);
#13662 = EDGE_CURVE('',#13663,#13642,#13665,.T.);
#13663 = VERTEX_POINT('',#13664);
#13664 = CARTESIAN_POINT('',(32.5,4.,29.));
#13665 = SURFACE_CURVE('',#13666,(#13670,#13676),.PCURVE_S1.);
#13666 = LINE('',#13667,#13668);
#13667 = CARTESIAN_POINT('',(14.75,4.,29.));
#13668 = VECTOR('',#13669,1.);
#13669 = DIRECTION('',(-1.,-0.,0.));
#13670 = PCURVE('',#11560,#13671);
#13671 = DEFINITIONAL_REPRESENTATION('',(#13672),#13675);
#13672 = B_SPLINE_CURVE_WITH_KNOTS('',1,(#13673,#13674),.UNSPECIFIED.,
  .F.,.F.,(2,2),(-17.75,-14.75),.PIECEWISE_BEZIER_KNOTS.);
#13673 = CARTESIAN_POINT('',(32.5,4.000000003427));
#13674 = CARTESIAN_POINT('',(29.5,4.000000003427));
#13675 = ( GEOMETRIC_REPRESENTATION_CONTEXT(2) 
PARAMETRIC_REPRESENTATION_CONTEXT() REPRESENTATION_CONTEXT('2D SPACE',''
  ) );
#13676 = PCURVE('',#12475,#13677);
#13677 = DEFINITIONAL_REPRESENTATION('',(#13678),#13681);
#13678 = B_SPLINE_CURVE_WITH_KNOTS('',1,(#13679,#13680),.UNSPECIFIED.,
  .F.,.F.,(2,2),(-17.75,-14.75),.PIECEWISE_BEZIER_KNOTS.);
#13679 = CARTESIAN_POINT('',(3.,3.));
#13680 = CARTESIAN_POINT('',(3.,0.));
#13681 = ( GEOMETRIC_REPRESENTATION_CONTEXT(2) 
PARAMETRIC_REPRESENTATION_CONTEXT() REPRESENTATION_CONTEXT('2D SPACE',''
  ) );
#13682 = ORIENTED_EDGE('',*,*,#13683,.F.);
#13683 = EDGE_CURVE('',#13619,#13663,#13684,.T.);
#13684 = SURFACE_CURVE('',#13685,(#13689,#13695),.PCURVE_S1.);
#13685 = LINE('',#13686,#13687);
#13686 = CARTESIAN_POINT('',(32.5,-10.00000000171,29.));
#13687 = VECTOR('',#13688,1.);
#13688 = DIRECTION('',(-0.,1.,0.));
#13689 = PCURVE('',#11560,#13690);
#13690 = DEFINITIONAL_REPRESENTATION('',(#13691),#13694);
#13691 = B_SPLINE_CURVE_WITH_KNOTS('',1,(#13692,#13693),.UNSPECIFIED.,
  .F.,.F.,(2,2),(-9.999999998286,14.000000001714),
  .PIECEWISE_BEZIER_KNOTS.);
#13692 = CARTESIAN_POINT('',(32.5,-19.99999999657));
#13693 = CARTESIAN_POINT('',(32.5,4.000000003427));
#13694 = ( GEOMETRIC_REPRESENTATION_CONTEXT(2) 
PARAMETRIC_REPRESENTATION_CONTEXT() REPRESENTATION_CONTEXT('2D SPACE',''
  ) );
#13695 = PCURVE('',#12499,#13696);
#13696 = DEFINITIONAL_REPRESENTATION('',(#13697),#13700);
#13697 = B_SPLINE_CURVE_WITH_KNOTS('',1,(#13698,#13699),.UNSPECIFIED.,
  .F.,.F.,(2,2),(-9.999999998286,14.000000001714),
  .PIECEWISE_BEZIER_KNOTS.);
#13698 = CARTESIAN_POINT('',(3.,0.));
#13699 = CARTESIAN_POINT('',(3.,-24.));
#13700 = ( GEOMETRIC_REPRESENTATION_CONTEXT(2) 
PARAMETRIC_REPRESENTATION_CONTEXT() REPRESENTATION_CONTEXT('2D SPACE',''
  ) );
#13701 = FACE_BOUND('',#13702,.T.);
#13702 = EDGE_LOOP('',(#13703,#13726,#13747,#13768));
#13703 = ORIENTED_EDGE('',*,*,#13704,.T.);
#13704 = EDGE_CURVE('',#13705,#13707,#13709,.T.);
#13705 = VERTEX_POINT('',#13706);
#13706 = CARTESIAN_POINT('',(41.5,-20.,29.));
#13707 = VERTEX_POINT('',#13708);
#13708 = CARTESIAN_POINT('',(38.5,-20.,29.));
#13709 = SURFACE_CURVE('',#13710,(#13714,#13720),.PCURVE_S1.);
#13710 = LINE('',#13711,#13712);
#13711 = CARTESIAN_POINT('',(19.25,-20.,29.));
#13712 = VECTOR('',#13713,1.);
#13713 = DIRECTION('',(-1.,-0.,0.));
#13714 = PCURVE('',#11560,#13715);
#13715 = DEFINITIONAL_REPRESENTATION('',(#13716),#13719);
#13716 = B_SPLINE_CURVE_WITH_KNOTS('',1,(#13717,#13718),.UNSPECIFIED.,
  .F.,.F.,(2,2),(-22.25,-19.25),.PIECEWISE_BEZIER_KNOTS.);
#13717 = CARTESIAN_POINT('',(41.5,-19.99999999657));
#13718 = CARTESIAN_POINT('',(38.5,-19.99999999657));
#13719 = ( GEOMETRIC_REPRESENTATION_CONTEXT(2) 
PARAMETRIC_REPRESENTATION_CONTEXT() REPRESENTATION_CONTEXT('2D SPACE',''
  ) );
#13720 = PCURVE('',#12529,#13721);
#13721 = DEFINITIONAL_REPRESENTATION('',(#13722),#13725);
#13722 = B_SPLINE_CURVE_WITH_KNOTS('',1,(#13723,#13724),.UNSPECIFIED.,
  .F.,.F.,(2,2),(-22.25,-19.25),.PIECEWISE_BEZIER_KNOTS.);
#13723 = CARTESIAN_POINT('',(3.,3.));
#13724 = CARTESIAN_POINT('',(3.,0.));
#13725 = ( GEOMETRIC_REPRESENTATION_CONTEXT(2) 
PARAMETRIC_REPRESENTATION_CONTEXT() REPRESENTATION_CONTEXT('2D SPACE',''
  ) );
#13726 = ORIENTED_EDGE('',*,*,#13727,.T.);
#13727 = EDGE_CURVE('',#13707,#13728,#13730,.T.);
#13728 = VERTEX_POINT('',#13729);
#13729 = CARTESIAN_POINT('',(38.5,4.,29.));
#13730 = SURFACE_CURVE('',#13731,(#13735,#13741),.PCURVE_S1.);
#13731 = LINE('',#13732,#13733);
#13732 = CARTESIAN_POINT('',(38.5,-10.00000000171,29.));
#13733 = VECTOR('',#13734,1.);
#13734 = DIRECTION('',(-0.,1.,0.));
#13735 = PCURVE('',#11560,#13736);
#13736 = DEFINITIONAL_REPRESENTATION('',(#13737),#13740);
#13737 = B_SPLINE_CURVE_WITH_KNOTS('',1,(#13738,#13739),.UNSPECIFIED.,
  .F.,.F.,(2,2),(-9.999999998286,14.000000001714),
  .PIECEWISE_BEZIER_KNOTS.);
#13738 = CARTESIAN_POINT('',(38.5,-19.99999999657));
#13739 = CARTESIAN_POINT('',(38.5,4.000000003427));
#13740 = ( GEOMETRIC_REPRESENTATION_CONTEXT(2) 
PARAMETRIC_REPRESENTATION_CONTEXT() REPRESENTATION_CONTEXT('2D SPACE',''
  ) );
#13741 = PCURVE('',#12555,#13742);
#13742 = DEFINITIONAL_REPRESENTATION('',(#13743),#13746);
#13743 = B_SPLINE_CURVE_WITH_KNOTS('',1,(#13744,#13745),.UNSPECIFIED.,
  .F.,.F.,(2,2),(-9.999999998286,14.000000001714),
  .PIECEWISE_BEZIER_KNOTS.);
#13744 = CARTESIAN_POINT('',(3.,0.));
#13745 = CARTESIAN_POINT('',(3.,-24.));
#13746 = ( GEOMETRIC_REPRESENTATION_CONTEXT(2) 
PARAMETRIC_REPRESENTATION_CONTEXT() REPRESENTATION_CONTEXT('2D SPACE',''
  ) );
#13747 = ORIENTED_EDGE('',*,*,#13748,.F.);
#13748 = EDGE_CURVE('',#13749,#13728,#13751,.T.);
#13749 = VERTEX_POINT('',#13750);
#13750 = CARTESIAN_POINT('',(41.5,4.,29.));
#13751 = SURFACE_CURVE('',#13752,(#13756,#13762),.PCURVE_S1.);
#13752 = LINE('',#13753,#13754);
#13753 = CARTESIAN_POINT('',(19.25,4.,29.));
#13754 = VECTOR('',#13755,1.);
#13755 = DIRECTION('',(-1.,-0.,0.));
#13756 = PCURVE('',#11560,#13757);
#13757 = DEFINITIONAL_REPRESENTATION('',(#13758),#13761);
#13758 = B_SPLINE_CURVE_WITH_KNOTS('',1,(#13759,#13760),.UNSPECIFIED.,
  .F.,.F.,(2,2),(-22.25,-19.25),.PIECEWISE_BEZIER_KNOTS.);
#13759 = CARTESIAN_POINT('',(41.5,4.000000003427));
#13760 = CARTESIAN_POINT('',(38.5,4.000000003427));
#13761 = ( GEOMETRIC_REPRESENTATION_CONTEXT(2) 
PARAMETRIC_REPRESENTATION_CONTEXT() REPRESENTATION_CONTEXT('2D SPACE',''
  ) );
#13762 = PCURVE('',#12581,#13763);
#13763 = DEFINITIONAL_REPRESENTATION('',(#13764),#13767);
#13764 = B_SPLINE_CURVE_WITH_KNOTS('',1,(#13765,#13766),.UNSPECIFIED.,
  .F.,.F.,(2,2),(-22.25,-19.25),.PIECEWISE_BEZIER_KNOTS.);
#13765 = CARTESIAN_POINT('',(3.,3.));
#13766 = CARTESIAN_POINT('',(3.,0.));
#13767 = ( GEOMETRIC_REPRESENTATION_CONTEXT(2) 
PARAMETRIC_REPRESENTATION_CONTEXT() REPRESENTATION_CONTEXT('2D SPACE',''
  ) );
#13768 = ORIENTED_EDGE('',*,*,#13769,.F.);
#13769 = EDGE_CURVE('',#13705,#13749,#13770,.T.);
#13770 = SURFACE_CURVE('',#13771,(#13775,#13781),.PCURVE_S1.);
#13771 = LINE('',#13772,#13773);
#13772 = CARTESIAN_POINT('',(41.5,-10.00000000171,29.));
#13773 = VECTOR('',#13774,1.);
#13774 = DIRECTION('',(-0.,1.,0.));
#13775 = PCURVE('',#11560,#13776);
#13776 = DEFINITIONAL_REPRESENTATION('',(#13777),#13780);
#13777 = B_SPLINE_CURVE_WITH_KNOTS('',1,(#13778,#13779),.UNSPECIFIED.,
  .F.,.F.,(2,2),(-9.999999998286,14.000000001714),
  .PIECEWISE_BEZIER_KNOTS.);
#13778 = CARTESIAN_POINT('',(41.5,-19.99999999657));
#13779 = CARTESIAN_POINT('',(41.5,4.000000003427));
#13780 = ( GEOMETRIC_REPRESENTATION_CONTEXT(2) 
PARAMETRIC_REPRESENTATION_CONTEXT() REPRESENTATION_CONTEXT('2D SPACE',''
  ) );
#13781 = PCURVE('',#12605,#13782);
#13782 = DEFINITIONAL_REPRESENTATION('',(#13783),#13786);
#13783 = B_SPLINE_CURVE_WITH_KNOTS('',1,(#13784,#13785),.UNSPECIFIED.,
  .F.,.F.,(2,2),(-9.999999998286,14.000000001714),
  .PIECEWISE_BEZIER_KNOTS.);
#13784 = CARTESIAN_POINT('',(3.,0.));
#13785 = CARTESIAN_POINT('',(3.,-24.));
#13786 = ( GEOMETRIC_REPRESENTATION_CONTEXT(2) 
PARAMETRIC_REPRESENTATION_CONTEXT() REPRESENTATION_CONTEXT('2D SPACE',''
  ) );
#13787 = FACE_BOUND('',#13788,.T.);
#13788 = EDGE_LOOP('',(#13789,#13812,#13833,#13854));
#13789 = ORIENTED_EDGE('',*,*,#13790,.T.);
#13790 = EDGE_CURVE('',#13791,#13793,#13795,.T.);
#13791 = VERTEX_POINT('',#13792);
#13792 = CARTESIAN_POINT('',(50.5,-20.,29.));
#13793 = VERTEX_POINT('',#13794);
#13794 = CARTESIAN_POINT('',(47.5,-20.,29.));
#13795 = SURFACE_CURVE('',#13796,(#13800,#13806),.PCURVE_S1.);
#13796 = LINE('',#13797,#13798);
#13797 = CARTESIAN_POINT('',(23.75,-20.,29.));
#13798 = VECTOR('',#13799,1.);
#13799 = DIRECTION('',(-1.,-0.,0.));
#13800 = PCURVE('',#11560,#13801);
#13801 = DEFINITIONAL_REPRESENTATION('',(#13802),#13805);
#13802 = B_SPLINE_CURVE_WITH_KNOTS('',1,(#13803,#13804),.UNSPECIFIED.,
  .F.,.F.,(2,2),(-26.75,-23.75),.PIECEWISE_BEZIER_KNOTS.);
#13803 = CARTESIAN_POINT('',(50.5,-19.99999999657));
#13804 = CARTESIAN_POINT('',(47.5,-19.99999999657));
#13805 = ( GEOMETRIC_REPRESENTATION_CONTEXT(2) 
PARAMETRIC_REPRESENTATION_CONTEXT() REPRESENTATION_CONTEXT('2D SPACE',''
  ) );
#13806 = PCURVE('',#12635,#13807);
#13807 = DEFINITIONAL_REPRESENTATION('',(#13808),#13811);
#13808 = B_SPLINE_CURVE_WITH_KNOTS('',1,(#13809,#13810),.UNSPECIFIED.,
  .F.,.F.,(2,2),(-26.75,-23.75),.PIECEWISE_BEZIER_KNOTS.);
#13809 = CARTESIAN_POINT('',(3.,3.));
#13810 = CARTESIAN_POINT('',(3.,0.));
#13811 = ( GEOMETRIC_REPRESENTATION_CONTEXT(2) 
PARAMETRIC_REPRESENTATION_CONTEXT() REPRESENTATION_CONTEXT('2D SPACE',''
  ) );
#13812 = ORIENTED_EDGE('',*,*,#13813,.T.);
#13813 = EDGE_CURVE('',#13793,#13814,#13816,.T.);
#13814 = VERTEX_POINT('',#13815);
#13815 = CARTESIAN_POINT('',(47.5,4.,29.));
#13816 = SURFACE_CURVE('',#13817,(#13821,#13827),.PCURVE_S1.);
#13817 = LINE('',#13818,#13819);
#13818 = CARTESIAN_POINT('',(47.5,-10.00000000171,29.));
#13819 = VECTOR('',#13820,1.);
#13820 = DIRECTION('',(-0.,1.,0.));
#13821 = PCURVE('',#11560,#13822);
#13822 = DEFINITIONAL_REPRESENTATION('',(#13823),#13826);
#13823 = B_SPLINE_CURVE_WITH_KNOTS('',1,(#13824,#13825),.UNSPECIFIED.,
  .F.,.F.,(2,2),(-9.999999998286,14.000000001714),
  .PIECEWISE_BEZIER_KNOTS.);
#13824 = CARTESIAN_POINT('',(47.5,-19.99999999657));
#13825 = CARTESIAN_POINT('',(47.5,4.000000003427));
#13826 = ( GEOMETRIC_REPRESENTATION_CONTEXT(2) 
PARAMETRIC_REPRESENTATION_CONTEXT() REPRESENTATION_CONTEXT('2D SPACE',''
  ) );
#13827 = PCURVE('',#12661,#13828);
#13828 = DEFINITIONAL_REPRESENTATION('',(#13829),#13832);
#13829 = B_SPLINE_CURVE_WITH_KNOTS('',1,(#13830,#13831),.UNSPECIFIED.,
  .F.,.F.,(2,2),(-9.999999998286,14.000000001714),
  .PIECEWISE_BEZIER_KNOTS.);
#13830 = CARTESIAN_POINT('',(3.,0.));
#13831 = CARTESIAN_POINT('',(3.,-24.));
#13832 = ( GEOMETRIC_REPRESENTATION_CONTEXT(2) 
PARAMETRIC_REPRESENTATION_CONTEXT() REPRESENTATION_CONTEXT('2D SPACE',''
  ) );
#13833 = ORIENTED_EDGE('',*,*,#13834,.F.);
#13834 = EDGE_CURVE('',#13835,#13814,#13837,.T.);
#13835 = VERTEX_POINT('',#13836);
#13836 = CARTESIAN_POINT('',(50.5,4.,29.));
#13837 = SURFACE_CURVE('',#13838,(#13842,#13848),.PCURVE_S1.);
#13838 = LINE('',#13839,#13840);
#13839 = CARTESIAN_POINT('',(23.75,4.,29.));
#13840 = VECTOR('',#13841,1.);
#13841 = DIRECTION('',(-1.,-0.,0.));
#13842 = PCURVE('',#11560,#13843);
#13843 = DEFINITIONAL_REPRESENTATION('',(#13844),#13847);
#13844 = B_SPLINE_CURVE_WITH_KNOTS('',1,(#13845,#13846),.UNSPECIFIED.,
  .F.,.F.,(2,2),(-26.75,-23.75),.PIECEWISE_BEZIER_KNOTS.);
#13845 = CARTESIAN_POINT('',(50.5,4.000000003427));
#13846 = CARTESIAN_POINT('',(47.5,4.000000003427));
#13847 = ( GEOMETRIC_REPRESENTATION_CONTEXT(2) 
PARAMETRIC_REPRESENTATION_CONTEXT() REPRESENTATION_CONTEXT('2D SPACE',''
  ) );
#13848 = PCURVE('',#12687,#13849);
#13849 = DEFINITIONAL_REPRESENTATION('',(#13850),#13853);
#13850 = B_SPLINE_CURVE_WITH_KNOTS('',1,(#13851,#13852),.UNSPECIFIED.,
  .F.,.F.,(2,2),(-26.75,-23.75),.PIECEWISE_BEZIER_KNOTS.);
#13851 = CARTESIAN_POINT('',(3.,3.));
#13852 = CARTESIAN_POINT('',(3.,0.));
#13853 = ( GEOMETRIC_REPRESENTATION_CONTEXT(2) 
PARAMETRIC_REPRESENTATION_CONTEXT() REPRESENTATION_CONTEXT('2D SPACE',''
  ) );
#13854 = ORIENTED_EDGE('',*,*,#13855,.F.);
#13855 = EDGE_CURVE('',#13791,#13835,#13856,.T.);
#13856 = SURFACE_CURVE('',#13857,(#13861,#13867),.PCURVE_S1.);
#13857 = LINE('',#13858,#13859);
#13858 = CARTESIAN_POINT('',(50.5,-10.00000000171,29.));
#13859 = VECTOR('',#13860,1.);
#13860 = DIRECTION('',(-0.,1.,0.));
#13861 = PCURVE('',#11560,#13862);
#13862 = DEFINITIONAL_REPRESENTATION('',(#13863),#13866);
#13863 = B_SPLINE_CURVE_WITH_KNOTS('',1,(#13864,#13865),.UNSPECIFIED.,
  .F.,.F.,(2,2),(-9.999999998286,14.000000001714),
  .PIECEWISE_BEZIER_KNOTS.);
#13864 = CARTESIAN_POINT('',(50.5,-19.99999999657));
#13865 = CARTESIAN_POINT('',(50.5,4.000000003427));
#13866 = ( GEOMETRIC_REPRESENTATION_CONTEXT(2) 
PARAMETRIC_REPRESENTATION_CONTEXT() REPRESENTATION_CONTEXT('2D SPACE',''
  ) );
#13867 = PCURVE('',#12711,#13868);
#13868 = DEFINITIONAL_REPRESENTATION('',(#13869),#13872);
#13869 = B_SPLINE_CURVE_WITH_KNOTS('',1,(#13870,#13871),.UNSPECIFIED.,
  .F.,.F.,(2,2),(-9.999999998286,14.000000001714),
  .PIECEWISE_BEZIER_KNOTS.);
#13870 = CARTESIAN_POINT('',(3.,0.));
#13871 = CARTESIAN_POINT('',(3.,-24.));
#13872 = ( GEOMETRIC_REPRESENTATION_CONTEXT(2) 
PARAMETRIC_REPRESENTATION_CONTEXT() REPRESENTATION_CONTEXT('2D SPACE',''
  ) );
#13873 = FACE_BOUND('',#13874,.T.);
#13874 = EDGE_LOOP('',(#13875,#13898,#13919,#13940));
#13875 = ORIENTED_EDGE('',*,*,#13876,.T.);
#13876 = EDGE_CURVE('',#13877,#13879,#13881,.T.);
#13877 = VERTEX_POINT('',#13878);
#13878 = CARTESIAN_POINT('',(59.5,-20.,29.));
#13879 = VERTEX_POINT('',#13880);
#13880 = CARTESIAN_POINT('',(56.5,-20.,29.));
#13881 = SURFACE_CURVE('',#13882,(#13886,#13892),.PCURVE_S1.);
#13882 = LINE('',#13883,#13884);
#13883 = CARTESIAN_POINT('',(28.25,-20.,29.));
#13884 = VECTOR('',#13885,1.);
#13885 = DIRECTION('',(-1.,-0.,0.));
#13886 = PCURVE('',#11560,#13887);
#13887 = DEFINITIONAL_REPRESENTATION('',(#13888),#13891);
#13888 = B_SPLINE_CURVE_WITH_KNOTS('',1,(#13889,#13890),.UNSPECIFIED.,
  .F.,.F.,(2,2),(-31.25,-28.25),.PIECEWISE_BEZIER_KNOTS.);
#13889 = CARTESIAN_POINT('',(59.5,-19.99999999657));
#13890 = CARTESIAN_POINT('',(56.5,-19.99999999657));
#13891 = ( GEOMETRIC_REPRESENTATION_CONTEXT(2) 
PARAMETRIC_REPRESENTATION_CONTEXT() REPRESENTATION_CONTEXT('2D SPACE',''
  ) );
#13892 = PCURVE('',#12741,#13893);
#13893 = DEFINITIONAL_REPRESENTATION('',(#13894),#13897);
#13894 = B_SPLINE_CURVE_WITH_KNOTS('',1,(#13895,#13896),.UNSPECIFIED.,
  .F.,.F.,(2,2),(-31.25,-28.25),.PIECEWISE_BEZIER_KNOTS.);
#13895 = CARTESIAN_POINT('',(3.,3.));
#13896 = CARTESIAN_POINT('',(3.,0.));
#13897 = ( GEOMETRIC_REPRESENTATION_CONTEXT(2) 
PARAMETRIC_REPRESENTATION_CONTEXT() REPRESENTATION_CONTEXT('2D SPACE',''
  ) );
#13898 = ORIENTED_EDGE('',*,*,#13899,.T.);
#13899 = EDGE_CURVE('',#13879,#13900,#13902,.T.);
#13900 = VERTEX_POINT('',#13901);
#13901 = CARTESIAN_POINT('',(56.5,4.,29.));
#13902 = SURFACE_CURVE('',#13903,(#13907,#13913),.PCURVE_S1.);
#13903 = LINE('',#13904,#13905);
#13904 = CARTESIAN_POINT('',(56.5,-10.00000000171,29.));
#13905 = VECTOR('',#13906,1.);
#13906 = DIRECTION('',(-0.,1.,0.));
#13907 = PCURVE('',#11560,#13908);
#13908 = DEFINITIONAL_REPRESENTATION('',(#13909),#13912);
#13909 = B_SPLINE_CURVE_WITH_KNOTS('',1,(#13910,#13911),.UNSPECIFIED.,
  .F.,.F.,(2,2),(-9.999999998286,14.000000001714),
  .PIECEWISE_BEZIER_KNOTS.);
#13910 = CARTESIAN_POINT('',(56.5,-19.99999999657));
#13911 = CARTESIAN_POINT('',(56.5,4.000000003427));
#13912 = ( GEOMETRIC_REPRESENTATION_CONTEXT(2) 
PARAMETRIC_REPRESENTATION_CONTEXT() REPRESENTATION_CONTEXT('2D SPACE',''
  ) );
#13913 = PCURVE('',#12767,#13914);
#13914 = DEFINITIONAL_REPRESENTATION('',(#13915),#13918);
#13915 = B_SPLINE_CURVE_WITH_KNOTS('',1,(#13916,#13917),.UNSPECIFIED.,
  .F.,.F.,(2,2),(-9.999999998286,14.000000001714),
  .PIECEWISE_BEZIER_KNOTS.);
#13916 = CARTESIAN_POINT('',(3.,0.));
#13917 = CARTESIAN_POINT('',(3.,-24.));
#13918 = ( GEOMETRIC_REPRESENTATION_CONTEXT(2) 
PARAMETRIC_REPRESENTATION_CONTEXT() REPRESENTATION_CONTEXT('2D SPACE',''
  ) );
#13919 = ORIENTED_EDGE('',*,*,#13920,.F.);
#13920 = EDGE_CURVE('',#13921,#13900,#13923,.T.);
#13921 = VERTEX_POINT('',#13922);
#13922 = CARTESIAN_POINT('',(59.5,4.,29.));
#13923 = SURFACE_CURVE('',#13924,(#13928,#13934),.PCURVE_S1.);
#13924 = LINE('',#13925,#13926);
#13925 = CARTESIAN_POINT('',(28.25,4.,29.));
#13926 = VECTOR('',#13927,1.);
#13927 = DIRECTION('',(-1.,-0.,0.));
#13928 = PCURVE('',#11560,#13929);
#13929 = DEFINITIONAL_REPRESENTATION('',(#13930),#13933);
#13930 = B_SPLINE_CURVE_WITH_KNOTS('',1,(#13931,#13932),.UNSPECIFIED.,
  .F.,.F.,(2,2),(-31.25,-28.25),.PIECEWISE_BEZIER_KNOTS.);
#13931 = CARTESIAN_POINT('',(59.5,4.000000003427));
#13932 = CARTESIAN_POINT('',(56.5,4.000000003427));
#13933 = ( GEOMETRIC_REPRESENTATION_CONTEXT(2) 
PARAMETRIC_REPRESENTATION_CONTEXT() REPRESENTATION_CONTEXT('2D SPACE',''
  ) );
#13934 = PCURVE('',#12793,#13935);
#13935 = DEFINITIONAL_REPRESENTATION('',(#13936),#13939);
#13936 = B_SPLINE_CURVE_WITH_KNOTS('',1,(#13937,#13938),.UNSPECIFIED.,
  .F.,.F.,(2,2),(-31.25,-28.25),.PIECEWISE_BEZIER_KNOTS.);
#13937 = CARTESIAN_POINT('',(3.,3.));
#13938 = CARTESIAN_POINT('',(3.,0.));
#13939 = ( GEOMETRIC_REPRESENTATION_CONTEXT(2) 
PARAMETRIC_REPRESENTATION_CONTEXT() REPRESENTATION_CONTEXT('2D SPACE',''
  ) );
#13940 = ORIENTED_EDGE('',*,*,#13941,.F.);
#13941 = EDGE_CURVE('',#13877,#13921,#13942,.T.);
#13942 = SURFACE_CURVE('',#13943,(#13947,#13953),.PCURVE_S1.);
#13943 = LINE('',#13944,#13945);
#13944 = CARTESIAN_POINT('',(59.5,-10.00000000171,29.));
#13945 = VECTOR('',#13946,1.);
#13946 = DIRECTION('',(-0.,1.,0.));
#13947 = PCURVE('',#11560,#13948);
#13948 = DEFINITIONAL_REPRESENTATION('',(#13949),#13952);
#13949 = B_SPLINE_CURVE_WITH_KNOTS('',1,(#13950,#13951),.UNSPECIFIED.,
  .F.,.F.,(2,2),(-9.999999998286,14.000000001714),
  .PIECEWISE_BEZIER_KNOTS.);
#13950 = CARTESIAN_POINT('',(59.5,-19.99999999657));
#13951 = CARTESIAN_POINT('',(59.5,4.000000003427));
#13952 = ( GEOMETRIC_REPRESENTATION_CONTEXT(2) 
PARAMETRIC_REPRESENTATION_CONTEXT() REPRESENTATION_CONTEXT('2D SPACE',''
  ) );
#13953 = PCURVE('',#12817,#13954);
#13954 = DEFINITIONAL_REPRESENTATION('',(#13955),#13958);
#13955 = B_SPLINE_CURVE_WITH_KNOTS('',1,(#13956,#13957),.UNSPECIFIED.,
  .F.,.F.,(2,2),(-9.999999998286,14.000000001714),
  .PIECEWISE_BEZIER_KNOTS.);
#13956 = CARTESIAN_POINT('',(3.,0.));
#13957 = CARTESIAN_POINT('',(3.,-24.));
#13958 = ( GEOMETRIC_REPRESENTATION_CONTEXT(2) 
PARAMETRIC_REPRESENTATION_CONTEXT() REPRESENTATION_CONTEXT('2D SPACE',''
  ) );
#13959 = FACE_BOUND('',#13960,.T.);
#13960 = EDGE_LOOP('',(#13961,#13984,#14005,#14026));
#13961 = ORIENTED_EDGE('',*,*,#13962,.T.);
#13962 = EDGE_CURVE('',#13963,#13965,#13967,.T.);
#13963 = VERTEX_POINT('',#13964);
#13964 = CARTESIAN_POINT('',(68.5,-20.,29.));
#13965 = VERTEX_POINT('',#13966);
#13966 = CARTESIAN_POINT('',(65.5,-20.,29.));
#13967 = SURFACE_CURVE('',#13968,(#13972,#13978),.PCURVE_S1.);
#13968 = LINE('',#13969,#13970);
#13969 = CARTESIAN_POINT('',(32.75,-20.,29.));
#13970 = VECTOR('',#13971,1.);
#13971 = DIRECTION('',(-1.,-0.,0.));
#13972 = PCURVE('',#11560,#13973);
#13973 = DEFINITIONAL_REPRESENTATION('',(#13974),#13977);
#13974 = B_SPLINE_CURVE_WITH_KNOTS('',1,(#13975,#13976),.UNSPECIFIED.,
  .F.,.F.,(2,2),(-35.75,-32.75),.PIECEWISE_BEZIER_KNOTS.);
#13975 = CARTESIAN_POINT('',(68.5,-19.99999999657));
#13976 = CARTESIAN_POINT('',(65.5,-19.99999999657));
#13977 = ( GEOMETRIC_REPRESENTATION_CONTEXT(2) 
PARAMETRIC_REPRESENTATION_CONTEXT() REPRESENTATION_CONTEXT('2D SPACE',''
  ) );
#13978 = PCURVE('',#12847,#13979);
#13979 = DEFINITIONAL_REPRESENTATION('',(#13980),#13983);
#13980 = B_SPLINE_CURVE_WITH_KNOTS('',1,(#13981,#13982),.UNSPECIFIED.,
  .F.,.F.,(2,2),(-35.75,-32.75),.PIECEWISE_BEZIER_KNOTS.);
#13981 = CARTESIAN_POINT('',(3.,3.));
#13982 = CARTESIAN_POINT('',(3.,0.));
#13983 = ( GEOMETRIC_REPRESENTATION_CONTEXT(2) 
PARAMETRIC_REPRESENTATION_CONTEXT() REPRESENTATION_CONTEXT('2D SPACE',''
  ) );
#13984 = ORIENTED_EDGE('',*,*,#13985,.T.);
#13985 = EDGE_CURVE('',#13965,#13986,#13988,.T.);
#13986 = VERTEX_POINT('',#13987);
#13987 = CARTESIAN_POINT('',(65.5,4.,29.));
#13988 = SURFACE_CURVE('',#13989,(#13993,#13999),.PCURVE_S1.);
#13989 = LINE('',#13990,#13991);
#13990 = CARTESIAN_POINT('',(65.5,-10.00000000171,29.));
#13991 = VECTOR('',#13992,1.);
#13992 = DIRECTION('',(-0.,1.,0.));
#13993 = PCURVE('',#11560,#13994);
#13994 = DEFINITIONAL_REPRESENTATION('',(#13995),#13998);
#13995 = B_SPLINE_CURVE_WITH_KNOTS('',1,(#13996,#13997),.UNSPECIFIED.,
  .F.,.F.,(2,2),(-9.999999998286,14.000000001714),
  .PIECEWISE_BEZIER_KNOTS.);
#13996 = CARTESIAN_POINT('',(65.5,-19.99999999657));
#13997 = CARTESIAN_POINT('',(65.5,4.000000003427));
#13998 = ( GEOMETRIC_REPRESENTATION_CONTEXT(2) 
PARAMETRIC_REPRESENTATION_CONTEXT() REPRESENTATION_CONTEXT('2D SPACE',''
  ) );
#13999 = PCURVE('',#12873,#14000);
#14000 = DEFINITIONAL_REPRESENTATION('',(#14001),#14004);
#14001 = B_SPLINE_CURVE_WITH_KNOTS('',1,(#14002,#14003),.UNSPECIFIED.,
  .F.,.F.,(2,2),(-9.999999998286,14.000000001714),
  .PIECEWISE_BEZIER_KNOTS.);
#14002 = CARTESIAN_POINT('',(3.,0.));
#14003 = CARTESIAN_POINT('',(3.,-24.));
#14004 = ( GEOMETRIC_REPRESENTATION_CONTEXT(2) 
PARAMETRIC_REPRESENTATION_CONTEXT() REPRESENTATION_CONTEXT('2D SPACE',''
  ) );
#14005 = ORIENTED_EDGE('',*,*,#14006,.F.);
#14006 = EDGE_CURVE('',#14007,#13986,#14009,.T.);
#14007 = VERTEX_POINT('',#14008);
#14008 = CARTESIAN_POINT('',(68.5,4.,29.));
#14009 = SURFACE_CURVE('',#14010,(#14014,#14020),.PCURVE_S1.);
#14010 = LINE('',#14011,#14012);
#14011 = CARTESIAN_POINT('',(32.75,4.,29.));
#14012 = VECTOR('',#14013,1.);
#14013 = DIRECTION('',(-1.,-0.,0.));
#14014 = PCURVE('',#11560,#14015);
#14015 = DEFINITIONAL_REPRESENTATION('',(#14016),#14019);
#14016 = B_SPLINE_CURVE_WITH_KNOTS('',1,(#14017,#14018),.UNSPECIFIED.,
  .F.,.F.,(2,2),(-35.75,-32.75),.PIECEWISE_BEZIER_KNOTS.);
#14017 = CARTESIAN_POINT('',(68.5,4.000000003427));
#14018 = CARTESIAN_POINT('',(65.5,4.000000003427));
#14019 = ( GEOMETRIC_REPRESENTATION_CONTEXT(2) 
PARAMETRIC_REPRESENTATION_CONTEXT() REPRESENTATION_CONTEXT('2D SPACE',''
  ) );
#14020 = PCURVE('',#12899,#14021);
#14021 = DEFINITIONAL_REPRESENTATION('',(#14022),#14025);
#14022 = B_SPLINE_CURVE_WITH_KNOTS('',1,(#14023,#14024),.UNSPECIFIED.,
  .F.,.F.,(2,2),(-35.75,-32.75),.PIECEWISE_BEZIER_KNOTS.);
#14023 = CARTESIAN_POINT('',(3.,3.));
#14024 = CARTESIAN_POINT('',(3.,0.));
#14025 = ( GEOMETRIC_REPRESENTATION_CONTEXT(2) 
PARAMETRIC_REPRESENTATION_CONTEXT() REPRESENTATION_CONTEXT('2D SPACE',''
  ) );
#14026 = ORIENTED_EDGE('',*,*,#14027,.F.);
#14027 = EDGE_CURVE('',#13963,#14007,#14028,.T.);
#14028 = SURFACE_CURVE('',#14029,(#14033,#14039),.PCURVE_S1.);
#14029 = LINE('',#14030,#14031);
#14030 = CARTESIAN_POINT('',(68.5,-10.00000000171,29.));
#14031 = VECTOR('',#14032,1.);
#14032 = DIRECTION('',(-0.,1.,0.));
#14033 = PCURVE('',#11560,#14034);
#14034 = DEFINITIONAL_REPRESENTATION('',(#14035),#14038);
#14035 = B_SPLINE_CURVE_WITH_KNOTS('',1,(#14036,#14037),.UNSPECIFIED.,
  .F.,.F.,(2,2),(-9.999999998286,14.000000001714),
  .PIECEWISE_BEZIER_KNOTS.);
#14036 = CARTESIAN_POINT('',(68.5,-19.99999999657));
#14037 = CARTESIAN_POINT('',(68.5,4.000000003427));
#14038 = ( GEOMETRIC_REPRESENTATION_CONTEXT(2) 
PARAMETRIC_REPRESENTATION_CONTEXT() REPRESENTATION_CONTEXT('2D SPACE',''
  ) );
#14039 = PCURVE('',#12923,#14040);
#14040 = DEFINITIONAL_REPRESENTATION('',(#14041),#14044);
#14041 = B_SPLINE_CURVE_WITH_KNOTS('',1,(#14042,#14043),.UNSPECIFIED.,
  .F.,.F.,(2,2),(-9.999999998286,14.000000001714),
  .PIECEWISE_BEZIER_KNOTS.);
#14042 = CARTESIAN_POINT('',(3.,0.));
#14043 = CARTESIAN_POINT('',(3.,-24.));
#14044 = ( GEOMETRIC_REPRESENTATION_CONTEXT(2) 
PARAMETRIC_REPRESENTATION_CONTEXT() REPRESENTATION_CONTEXT('2D SPACE',''
  ) );
#14045 = ADVANCED_FACE('',(#14046),#11670,.F.);
#14046 = FACE_BOUND('',#14047,.F.);
#14047 = EDGE_LOOP('',(#14048,#14049,#14050,#14071));
#14048 = ORIENTED_EDGE('',*,*,#11654,.T.);
#14049 = ORIENTED_EDGE('',*,*,#13156,.T.);
#14050 = ORIENTED_EDGE('',*,*,#14051,.F.);
#14051 = EDGE_CURVE('',#11788,#13157,#14052,.T.);
#14052 = SURFACE_CURVE('',#14053,(#14057,#14064),.PCURVE_S1.);
#14053 = LINE('',#14054,#14055);
#14054 = CARTESIAN_POINT('',(98.,-65.,27.));
#14055 = VECTOR('',#14056,1.);
#14056 = DIRECTION('',(0.,0.,1.));
#14057 = PCURVE('',#11670,#14058);
#14058 = DEFINITIONAL_REPRESENTATION('',(#14059),#14063);
#14059 = LINE('',#14060,#14061);
#14060 = CARTESIAN_POINT('',(196.,0.));
#14061 = VECTOR('',#14062,1.);
#14062 = DIRECTION('',(0.,-1.));
#14063 = ( GEOMETRIC_REPRESENTATION_CONTEXT(2) 
PARAMETRIC_REPRESENTATION_CONTEXT() REPRESENTATION_CONTEXT('2D SPACE',''
  ) );
#14064 = PCURVE('',#11827,#14065);
#14065 = DEFINITIONAL_REPRESENTATION('',(#14066),#14070);
#14066 = LINE('',#14067,#14068);
#14067 = CARTESIAN_POINT('',(-4.712388980385,0.));
#14068 = VECTOR('',#14069,1.);
#14069 = DIRECTION('',(-0.,-1.));
#14070 = ( GEOMETRIC_REPRESENTATION_CONTEXT(2) 
PARAMETRIC_REPRESENTATION_CONTEXT() REPRESENTATION_CONTEXT('2D SPACE',''
  ) );
#14071 = ORIENTED_EDGE('',*,*,#11787,.F.);
#14072 = ADVANCED_FACE('',(#14073),#11725,.T.);
#14073 = FACE_BOUND('',#14074,.T.);
#14074 = EDGE_LOOP('',(#14075,#14076,#14077,#14098));
#14075 = ORIENTED_EDGE('',*,*,#11707,.T.);
#14076 = ORIENTED_EDGE('',*,*,#13250,.T.);
#14077 = ORIENTED_EDGE('',*,*,#14078,.F.);
#14078 = EDGE_CURVE('',#11868,#13227,#14079,.T.);
#14079 = SURFACE_CURVE('',#14080,(#14084,#14091),.PCURVE_S1.);
#14080 = LINE('',#14081,#14082);
#14081 = CARTESIAN_POINT('',(98.,64.999999991655,27.));
#14082 = VECTOR('',#14083,1.);
#14083 = DIRECTION('',(0.,0.,1.));
#14084 = PCURVE('',#11725,#14085);
#14085 = DEFINITIONAL_REPRESENTATION('',(#14086),#14090);
#14086 = LINE('',#14087,#14088);
#14087 = CARTESIAN_POINT('',(196.,0.));
#14088 = VECTOR('',#14089,1.);
#14089 = DIRECTION('',(0.,-1.));
#14090 = ( GEOMETRIC_REPRESENTATION_CONTEXT(2) 
PARAMETRIC_REPRESENTATION_CONTEXT() REPRESENTATION_CONTEXT('2D SPACE',''
  ) );
#14091 = PCURVE('',#11884,#14092);
#14092 = DEFINITIONAL_REPRESENTATION('',(#14093),#14097);
#14093 = LINE('',#14094,#14095);
#14094 = CARTESIAN_POINT('',(-1.570796326795,0.));
#14095 = VECTOR('',#14096,1.);
#14096 = DIRECTION('',(-0.,-1.));
#14097 = ( GEOMETRIC_REPRESENTATION_CONTEXT(2) 
PARAMETRIC_REPRESENTATION_CONTEXT() REPRESENTATION_CONTEXT('2D SPACE',''
  ) );
#14098 = ORIENTED_EDGE('',*,*,#11896,.F.);
#14099 = ADVANCED_FACE('',(#14100),#11827,.T.);
#14100 = FACE_BOUND('',#14101,.F.);
#14101 = EDGE_LOOP('',(#14102,#14103,#14104,#14125));
#14102 = ORIENTED_EDGE('',*,*,#14051,.T.);
#14103 = ORIENTED_EDGE('',*,*,#13179,.T.);
#14104 = ORIENTED_EDGE('',*,*,#14105,.F.);
#14105 = EDGE_CURVE('',#11811,#13180,#14106,.T.);
#14106 = SURFACE_CURVE('',#14107,(#14111,#14118),.PCURVE_S1.);
#14107 = LINE('',#14108,#14109);
#14108 = CARTESIAN_POINT('',(104.,-59.,27.));
#14109 = VECTOR('',#14110,1.);
#14110 = DIRECTION('',(0.,0.,1.));
#14111 = PCURVE('',#11827,#14112);
#14112 = DEFINITIONAL_REPRESENTATION('',(#14113),#14117);
#14113 = LINE('',#14114,#14115);
#14114 = CARTESIAN_POINT('',(-6.28318530718,0.));
#14115 = VECTOR('',#14116,1.);
#14116 = DIRECTION('',(-0.,-1.));
#14117 = ( GEOMETRIC_REPRESENTATION_CONTEXT(2) 
PARAMETRIC_REPRESENTATION_CONTEXT() REPRESENTATION_CONTEXT('2D SPACE',''
  ) );
#14118 = PCURVE('',#11855,#14119);
#14119 = DEFINITIONAL_REPRESENTATION('',(#14120),#14124);
#14120 = LINE('',#14121,#14122);
#14121 = CARTESIAN_POINT('',(0.,0.));
#14122 = VECTOR('',#14123,1.);
#14123 = DIRECTION('',(0.,-1.));
#14124 = ( GEOMETRIC_REPRESENTATION_CONTEXT(2) 
PARAMETRIC_REPRESENTATION_CONTEXT() REPRESENTATION_CONTEXT('2D SPACE',''
  ) );
#14125 = ORIENTED_EDGE('',*,*,#11810,.F.);
#14126 = ADVANCED_FACE('',(#14127),#11884,.T.);
#14127 = FACE_BOUND('',#14128,.F.);
#14128 = EDGE_LOOP('',(#14129,#14150,#14151,#14152));
#14129 = ORIENTED_EDGE('',*,*,#14130,.T.);
#14130 = EDGE_CURVE('',#11840,#13204,#14131,.T.);
#14131 = SURFACE_CURVE('',#14132,(#14136,#14143),.PCURVE_S1.);
#14132 = LINE('',#14133,#14134);
#14133 = CARTESIAN_POINT('',(104.,58.999999983307,27.));
#14134 = VECTOR('',#14135,1.);
#14135 = DIRECTION('',(0.,0.,1.));
#14136 = PCURVE('',#11884,#14137);
#14137 = DEFINITIONAL_REPRESENTATION('',(#14138),#14142);
#14138 = LINE('',#14139,#14140);
#14139 = CARTESIAN_POINT('',(-0.,0.));
#14140 = VECTOR('',#14141,1.);
#14141 = DIRECTION('',(-0.,-1.));
#14142 = ( GEOMETRIC_REPRESENTATION_CONTEXT(2) 
PARAMETRIC_REPRESENTATION_CONTEXT() REPRESENTATION_CONTEXT('2D SPACE',''
  ) );
#14143 = PCURVE('',#11855,#14144);
#14144 = DEFINITIONAL_REPRESENTATION('',(#14145),#14149);
#14145 = LINE('',#14146,#14147);
#14146 = CARTESIAN_POINT('',(117.99999998331,0.));
#14147 = VECTOR('',#14148,1.);
#14148 = DIRECTION('',(0.,-1.));
#14149 = ( GEOMETRIC_REPRESENTATION_CONTEXT(2) 
PARAMETRIC_REPRESENTATION_CONTEXT() REPRESENTATION_CONTEXT('2D SPACE',''
  ) );
#14150 = ORIENTED_EDGE('',*,*,#13226,.T.);
#14151 = ORIENTED_EDGE('',*,*,#14078,.F.);
#14152 = ORIENTED_EDGE('',*,*,#11867,.F.);
#14153 = ADVANCED_FACE('',(#14154),#11855,.F.);
#14154 = FACE_BOUND('',#14155,.F.);
#14155 = EDGE_LOOP('',(#14156,#14157,#14158,#14159));
#14156 = ORIENTED_EDGE('',*,*,#14105,.T.);
#14157 = ORIENTED_EDGE('',*,*,#13203,.T.);
#14158 = ORIENTED_EDGE('',*,*,#14130,.F.);
#14159 = ORIENTED_EDGE('',*,*,#11839,.F.);
#14160 = ADVANCED_FACE('',(#14161),#11937,.F.);
#14161 = FACE_BOUND('',#14162,.F.);
#14162 = EDGE_LOOP('',(#14163,#14186,#14213,#14214));
#14163 = ORIENTED_EDGE('',*,*,#14164,.T.);
#14164 = EDGE_CURVE('',#11921,#14165,#14167,.T.);
#14165 = VERTEX_POINT('',#14166);
#14166 = CARTESIAN_POINT('',(-96.2,-59.,28.));
#14167 = SEAM_CURVE('',#14168,(#14172,#14179),.PCURVE_S1.);
#14168 = LINE('',#14169,#14170);
#14169 = CARTESIAN_POINT('',(-96.2,-59.,24.));
#14170 = VECTOR('',#14171,1.);
#14171 = DIRECTION('',(0.,0.,1.));
#14172 = PCURVE('',#11937,#14173);
#14173 = DEFINITIONAL_REPRESENTATION('',(#14174),#14178);
#14174 = LINE('',#14175,#14176);
#14175 = CARTESIAN_POINT('',(6.28318530718,-0.));
#14176 = VECTOR('',#14177,1.);
#14177 = DIRECTION('',(0.,1.));
#14178 = ( GEOMETRIC_REPRESENTATION_CONTEXT(2) 
PARAMETRIC_REPRESENTATION_CONTEXT() REPRESENTATION_CONTEXT('2D SPACE',''
  ) );
#14179 = PCURVE('',#11937,#14180);
#14180 = DEFINITIONAL_REPRESENTATION('',(#14181),#14185);
#14181 = LINE('',#14182,#14183);
#14182 = CARTESIAN_POINT('',(0.,-0.));
#14183 = VECTOR('',#14184,1.);
#14184 = DIRECTION('',(0.,1.));
#14185 = ( GEOMETRIC_REPRESENTATION_CONTEXT(2) 
PARAMETRIC_REPRESENTATION_CONTEXT() REPRESENTATION_CONTEXT('2D SPACE',''
  ) );
#14186 = ORIENTED_EDGE('',*,*,#14187,.F.);
#14187 = EDGE_CURVE('',#14165,#14165,#14188,.T.);
#14188 = SURFACE_CURVE('',#14189,(#14194,#14201),.PCURVE_S1.);
#14189 = CIRCLE('',#14190,1.8);
#14190 = AXIS2_PLACEMENT_3D('',#14191,#14192,#14193);
#14191 = CARTESIAN_POINT('',(-98.,-59.,28.));
#14192 = DIRECTION('',(0.,0.,1.));
#14193 = DIRECTION('',(1.,0.,-0.));
#14194 = PCURVE('',#11937,#14195);
#14195 = DEFINITIONAL_REPRESENTATION('',(#14196),#14200);
#14196 = LINE('',#14197,#14198);
#14197 = CARTESIAN_POINT('',(0.,4.));
#14198 = VECTOR('',#14199,1.);
#14199 = DIRECTION('',(1.,0.));
#14200 = ( GEOMETRIC_REPRESENTATION_CONTEXT(2) 
PARAMETRIC_REPRESENTATION_CONTEXT() REPRESENTATION_CONTEXT('2D SPACE',''
  ) );
#14201 = PCURVE('',#14202,#14207);
#14202 = PLANE('',#14203);
#14203 = AXIS2_PLACEMENT_3D('',#14204,#14205,#14206);
#14204 = CARTESIAN_POINT('',(-98.,-59.,28.));
#14205 = DIRECTION('',(0.,0.,1.));
#14206 = DIRECTION('',(1.,0.,-0.));
#14207 = DEFINITIONAL_REPRESENTATION('',(#14208),#14212);
#14208 = CIRCLE('',#14209,1.8);
#14209 = AXIS2_PLACEMENT_2D('',#14210,#14211);
#14210 = CARTESIAN_POINT('',(0.,0.));
#14211 = DIRECTION('',(1.,0.));
#14212 = ( GEOMETRIC_REPRESENTATION_CONTEXT(2) 
PARAMETRIC_REPRESENTATION_CONTEXT() REPRESENTATION_CONTEXT('2D SPACE',''
  ) );
#14213 = ORIENTED_EDGE('',*,*,#14164,.F.);
#14214 = ORIENTED_EDGE('',*,*,#11920,.T.);
#14215 = ADVANCED_FACE('',(#14216),#11968,.T.);
#14216 = FACE_BOUND('',#14217,.T.);
#14217 = EDGE_LOOP('',(#14218,#14239,#14240,#14261));
#14218 = ORIENTED_EDGE('',*,*,#14219,.F.);
#14219 = EDGE_CURVE('',#11952,#13275,#14220,.T.);
#14220 = SURFACE_CURVE('',#14221,(#14225,#14232),.PCURVE_S1.);
#14221 = LINE('',#14222,#14223);
#14222 = CARTESIAN_POINT('',(-3.5,-20.,26.));
#14223 = VECTOR('',#14224,1.);
#14224 = DIRECTION('',(0.,0.,1.));
#14225 = PCURVE('',#11968,#14226);
#14226 = DEFINITIONAL_REPRESENTATION('',(#14227),#14231);
#14227 = LINE('',#14228,#14229);
#14228 = CARTESIAN_POINT('',(0.,3.));
#14229 = VECTOR('',#14230,1.);
#14230 = DIRECTION('',(1.,0.));
#14231 = ( GEOMETRIC_REPRESENTATION_CONTEXT(2) 
PARAMETRIC_REPRESENTATION_CONTEXT() REPRESENTATION_CONTEXT('2D SPACE',''
  ) );
#14232 = PCURVE('',#12044,#14233);
#14233 = DEFINITIONAL_REPRESENTATION('',(#14234),#14238);
#14234 = LINE('',#14235,#14236);
#14235 = CARTESIAN_POINT('',(0.,0.));
#14236 = VECTOR('',#14237,1.);
#14237 = DIRECTION('',(1.,0.));
#14238 = ( GEOMETRIC_REPRESENTATION_CONTEXT(2) 
PARAMETRIC_REPRESENTATION_CONTEXT() REPRESENTATION_CONTEXT('2D SPACE',''
  ) );
#14239 = ORIENTED_EDGE('',*,*,#11951,.T.);
#14240 = ORIENTED_EDGE('',*,*,#14241,.T.);
#14241 = EDGE_CURVE('',#11954,#13277,#14242,.T.);
#14242 = SURFACE_CURVE('',#14243,(#14247,#14254),.PCURVE_S1.);
#14243 = LINE('',#14244,#14245);
#14244 = CARTESIAN_POINT('',(-6.5,-20.,26.));
#14245 = VECTOR('',#14246,1.);
#14246 = DIRECTION('',(0.,0.,1.));
#14247 = PCURVE('',#11968,#14248);
#14248 = DEFINITIONAL_REPRESENTATION('',(#14249),#14253);
#14249 = LINE('',#14250,#14251);
#14250 = CARTESIAN_POINT('',(0.,0.));
#14251 = VECTOR('',#14252,1.);
#14252 = DIRECTION('',(1.,0.));
#14253 = ( GEOMETRIC_REPRESENTATION_CONTEXT(2) 
PARAMETRIC_REPRESENTATION_CONTEXT() REPRESENTATION_CONTEXT('2D SPACE',''
  ) );
#14254 = PCURVE('',#11994,#14255);
#14255 = DEFINITIONAL_REPRESENTATION('',(#14256),#14260);
#14256 = LINE('',#14257,#14258);
#14257 = CARTESIAN_POINT('',(0.,0.));
#14258 = VECTOR('',#14259,1.);
#14259 = DIRECTION('',(1.,0.));
#14260 = ( GEOMETRIC_REPRESENTATION_CONTEXT(2) 
PARAMETRIC_REPRESENTATION_CONTEXT() REPRESENTATION_CONTEXT('2D SPACE',''
  ) );
#14261 = ORIENTED_EDGE('',*,*,#13274,.F.);
#14262 = ADVANCED_FACE('',(#14263),#12044,.F.);
#14263 = FACE_BOUND('',#14264,.F.);
#14264 = EDGE_LOOP('',(#14265,#14266,#14267,#14288));
#14265 = ORIENTED_EDGE('',*,*,#14219,.F.);
#14266 = ORIENTED_EDGE('',*,*,#12031,.T.);
#14267 = ORIENTED_EDGE('',*,*,#14268,.T.);
#14268 = EDGE_CURVE('',#12006,#13319,#14269,.T.);
#14269 = SURFACE_CURVE('',#14270,(#14274,#14281),.PCURVE_S1.);
#14270 = LINE('',#14271,#14272);
#14271 = CARTESIAN_POINT('',(-3.5,4.,26.));
#14272 = VECTOR('',#14273,1.);
#14273 = DIRECTION('',(0.,0.,1.));
#14274 = PCURVE('',#12044,#14275);
#14275 = DEFINITIONAL_REPRESENTATION('',(#14276),#14280);
#14276 = LINE('',#14277,#14278);
#14277 = CARTESIAN_POINT('',(0.,-24.));
#14278 = VECTOR('',#14279,1.);
#14279 = DIRECTION('',(1.,0.));
#14280 = ( GEOMETRIC_REPRESENTATION_CONTEXT(2) 
PARAMETRIC_REPRESENTATION_CONTEXT() REPRESENTATION_CONTEXT('2D SPACE',''
  ) );
#14281 = PCURVE('',#12020,#14282);
#14282 = DEFINITIONAL_REPRESENTATION('',(#14283),#14287);
#14283 = LINE('',#14284,#14285);
#14284 = CARTESIAN_POINT('',(0.,3.));
#14285 = VECTOR('',#14286,1.);
#14286 = DIRECTION('',(1.,0.));
#14287 = ( GEOMETRIC_REPRESENTATION_CONTEXT(2) 
PARAMETRIC_REPRESENTATION_CONTEXT() REPRESENTATION_CONTEXT('2D SPACE',''
  ) );
#14288 = ORIENTED_EDGE('',*,*,#13339,.F.);
#14289 = ADVANCED_FACE('',(#14290),#12020,.F.);
#14290 = FACE_BOUND('',#14291,.F.);
#14291 = EDGE_LOOP('',(#14292,#14293,#14294,#14315));
#14292 = ORIENTED_EDGE('',*,*,#14268,.F.);
#14293 = ORIENTED_EDGE('',*,*,#12005,.T.);
#14294 = ORIENTED_EDGE('',*,*,#14295,.T.);
#14295 = EDGE_CURVE('',#11980,#13298,#14296,.T.);
#14296 = SURFACE_CURVE('',#14297,(#14301,#14308),.PCURVE_S1.);
#14297 = LINE('',#14298,#14299);
#14298 = CARTESIAN_POINT('',(-6.5,4.,26.));
#14299 = VECTOR('',#14300,1.);
#14300 = DIRECTION('',(0.,0.,1.));
#14301 = PCURVE('',#12020,#14302);
#14302 = DEFINITIONAL_REPRESENTATION('',(#14303),#14307);
#14303 = LINE('',#14304,#14305);
#14304 = CARTESIAN_POINT('',(0.,0.));
#14305 = VECTOR('',#14306,1.);
#14306 = DIRECTION('',(1.,0.));
#14307 = ( GEOMETRIC_REPRESENTATION_CONTEXT(2) 
PARAMETRIC_REPRESENTATION_CONTEXT() REPRESENTATION_CONTEXT('2D SPACE',''
  ) );
#14308 = PCURVE('',#11994,#14309);
#14309 = DEFINITIONAL_REPRESENTATION('',(#14310),#14314);
#14310 = LINE('',#14311,#14312);
#14311 = CARTESIAN_POINT('',(0.,-24.));
#14312 = VECTOR('',#14313,1.);
#14313 = DIRECTION('',(1.,0.));
#14314 = ( GEOMETRIC_REPRESENTATION_CONTEXT(2) 
PARAMETRIC_REPRESENTATION_CONTEXT() REPRESENTATION_CONTEXT('2D SPACE',''
  ) );
#14315 = ORIENTED_EDGE('',*,*,#13318,.F.);
#14316 = ADVANCED_FACE('',(#14317),#11994,.T.);
#14317 = FACE_BOUND('',#14318,.T.);
#14318 = EDGE_LOOP('',(#14319,#14320,#14321,#14322));
#14319 = ORIENTED_EDGE('',*,*,#14241,.F.);
#14320 = ORIENTED_EDGE('',*,*,#11979,.T.);
#14321 = ORIENTED_EDGE('',*,*,#14295,.T.);
#14322 = ORIENTED_EDGE('',*,*,#13297,.F.);
#14323 = ADVANCED_FACE('',(#14324),#12074,.F.);
#14324 = FACE_BOUND('',#14325,.F.);
#14325 = EDGE_LOOP('',(#14326,#14349,#14376,#14377));
#14326 = ORIENTED_EDGE('',*,*,#14327,.T.);
#14327 = EDGE_CURVE('',#12058,#14328,#14330,.T.);
#14328 = VERTEX_POINT('',#14329);
#14329 = CARTESIAN_POINT('',(99.8,-59.,28.));
#14330 = SEAM_CURVE('',#14331,(#14335,#14342),.PCURVE_S1.);
#14331 = LINE('',#14332,#14333);
#14332 = CARTESIAN_POINT('',(99.8,-59.,24.));
#14333 = VECTOR('',#14334,1.);
#14334 = DIRECTION('',(0.,0.,1.));
#14335 = PCURVE('',#12074,#14336);
#14336 = DEFINITIONAL_REPRESENTATION('',(#14337),#14341);
#14337 = LINE('',#14338,#14339);
#14338 = CARTESIAN_POINT('',(6.28318530718,-0.));
#14339 = VECTOR('',#14340,1.);
#14340 = DIRECTION('',(0.,1.));
#14341 = ( GEOMETRIC_REPRESENTATION_CONTEXT(2) 
PARAMETRIC_REPRESENTATION_CONTEXT() REPRESENTATION_CONTEXT('2D SPACE',''
  ) );
#14342 = PCURVE('',#12074,#14343);
#14343 = DEFINITIONAL_REPRESENTATION('',(#14344),#14348);
#14344 = LINE('',#14345,#14346);
#14345 = CARTESIAN_POINT('',(0.,-0.));
#14346 = VECTOR('',#14347,1.);
#14347 = DIRECTION('',(0.,1.));
#14348 = ( GEOMETRIC_REPRESENTATION_CONTEXT(2) 
PARAMETRIC_REPRESENTATION_CONTEXT() REPRESENTATION_CONTEXT('2D SPACE',''
  ) );
#14349 = ORIENTED_EDGE('',*,*,#14350,.F.);
#14350 = EDGE_CURVE('',#14328,#14328,#14351,.T.);
#14351 = SURFACE_CURVE('',#14352,(#14357,#14364),.PCURVE_S1.);
#14352 = CIRCLE('',#14353,1.8);
#14353 = AXIS2_PLACEMENT_3D('',#14354,#14355,#14356);
#14354 = CARTESIAN_POINT('',(98.,-59.,28.));
#14355 = DIRECTION('',(0.,0.,1.));
#14356 = DIRECTION('',(1.,0.,-0.));
#14357 = PCURVE('',#12074,#14358);
#14358 = DEFINITIONAL_REPRESENTATION('',(#14359),#14363);
#14359 = LINE('',#14360,#14361);
#14360 = CARTESIAN_POINT('',(0.,4.));
#14361 = VECTOR('',#14362,1.);
#14362 = DIRECTION('',(1.,0.));
#14363 = ( GEOMETRIC_REPRESENTATION_CONTEXT(2) 
PARAMETRIC_REPRESENTATION_CONTEXT() REPRESENTATION_CONTEXT('2D SPACE',''
  ) );
#14364 = PCURVE('',#14365,#14370);
#14365 = PLANE('',#14366);
#14366 = AXIS2_PLACEMENT_3D('',#14367,#14368,#14369);
#14367 = CARTESIAN_POINT('',(98.,-59.,28.));
#14368 = DIRECTION('',(0.,0.,1.));
#14369 = DIRECTION('',(1.,0.,-0.));
#14370 = DEFINITIONAL_REPRESENTATION('',(#14371),#14375);
#14371 = CIRCLE('',#14372,1.8);
#14372 = AXIS2_PLACEMENT_2D('',#14373,#14374);
#14373 = CARTESIAN_POINT('',(0.,0.));
#14374 = DIRECTION('',(1.,0.));
#14375 = ( GEOMETRIC_REPRESENTATION_CONTEXT(2) 
PARAMETRIC_REPRESENTATION_CONTEXT() REPRESENTATION_CONTEXT('2D SPACE',''
  ) );
#14376 = ORIENTED_EDGE('',*,*,#14327,.F.);
#14377 = ORIENTED_EDGE('',*,*,#12057,.T.);
#14378 = ADVANCED_FACE('',(#14379),#12105,.T.);
#14379 = FACE_BOUND('',#14380,.T.);
#14380 = EDGE_LOOP('',(#14381,#14402,#14403,#14424));
#14381 = ORIENTED_EDGE('',*,*,#14382,.F.);
#14382 = EDGE_CURVE('',#12089,#13361,#14383,.T.);
#14383 = SURFACE_CURVE('',#14384,(#14388,#14395),.PCURVE_S1.);
#14384 = LINE('',#14385,#14386);
#14385 = CARTESIAN_POINT('',(5.5,-20.,26.));
#14386 = VECTOR('',#14387,1.);
#14387 = DIRECTION('',(0.,0.,1.));
#14388 = PCURVE('',#12105,#14389);
#14389 = DEFINITIONAL_REPRESENTATION('',(#14390),#14394);
#14390 = LINE('',#14391,#14392);
#14391 = CARTESIAN_POINT('',(0.,3.));
#14392 = VECTOR('',#14393,1.);
#14393 = DIRECTION('',(1.,0.));
#14394 = ( GEOMETRIC_REPRESENTATION_CONTEXT(2) 
PARAMETRIC_REPRESENTATION_CONTEXT() REPRESENTATION_CONTEXT('2D SPACE',''
  ) );
#14395 = PCURVE('',#12181,#14396);
#14396 = DEFINITIONAL_REPRESENTATION('',(#14397),#14401);
#14397 = LINE('',#14398,#14399);
#14398 = CARTESIAN_POINT('',(0.,0.));
#14399 = VECTOR('',#14400,1.);
#14400 = DIRECTION('',(1.,0.));
#14401 = ( GEOMETRIC_REPRESENTATION_CONTEXT(2) 
PARAMETRIC_REPRESENTATION_CONTEXT() REPRESENTATION_CONTEXT('2D SPACE',''
  ) );
#14402 = ORIENTED_EDGE('',*,*,#12088,.T.);
#14403 = ORIENTED_EDGE('',*,*,#14404,.T.);
#14404 = EDGE_CURVE('',#12091,#13363,#14405,.T.);
#14405 = SURFACE_CURVE('',#14406,(#14410,#14417),.PCURVE_S1.);
#14406 = LINE('',#14407,#14408);
#14407 = CARTESIAN_POINT('',(2.5,-20.,26.));
#14408 = VECTOR('',#14409,1.);
#14409 = DIRECTION('',(0.,0.,1.));
#14410 = PCURVE('',#12105,#14411);
#14411 = DEFINITIONAL_REPRESENTATION('',(#14412),#14416);
#14412 = LINE('',#14413,#14414);
#14413 = CARTESIAN_POINT('',(0.,0.));
#14414 = VECTOR('',#14415,1.);
#14415 = DIRECTION('',(1.,0.));
#14416 = ( GEOMETRIC_REPRESENTATION_CONTEXT(2) 
PARAMETRIC_REPRESENTATION_CONTEXT() REPRESENTATION_CONTEXT('2D SPACE',''
  ) );
#14417 = PCURVE('',#12131,#14418);
#14418 = DEFINITIONAL_REPRESENTATION('',(#14419),#14423);
#14419 = LINE('',#14420,#14421);
#14420 = CARTESIAN_POINT('',(0.,0.));
#14421 = VECTOR('',#14422,1.);
#14422 = DIRECTION('',(1.,0.));
#14423 = ( GEOMETRIC_REPRESENTATION_CONTEXT(2) 
PARAMETRIC_REPRESENTATION_CONTEXT() REPRESENTATION_CONTEXT('2D SPACE',''
  ) );
#14424 = ORIENTED_EDGE('',*,*,#13360,.F.);
#14425 = ADVANCED_FACE('',(#14426),#12181,.F.);
#14426 = FACE_BOUND('',#14427,.F.);
#14427 = EDGE_LOOP('',(#14428,#14429,#14430,#14451));
#14428 = ORIENTED_EDGE('',*,*,#14382,.F.);
#14429 = ORIENTED_EDGE('',*,*,#12168,.T.);
#14430 = ORIENTED_EDGE('',*,*,#14431,.T.);
#14431 = EDGE_CURVE('',#12143,#13405,#14432,.T.);
#14432 = SURFACE_CURVE('',#14433,(#14437,#14444),.PCURVE_S1.);
#14433 = LINE('',#14434,#14435);
#14434 = CARTESIAN_POINT('',(5.5,4.,26.));
#14435 = VECTOR('',#14436,1.);
#14436 = DIRECTION('',(0.,0.,1.));
#14437 = PCURVE('',#12181,#14438);
#14438 = DEFINITIONAL_REPRESENTATION('',(#14439),#14443);
#14439 = LINE('',#14440,#14441);
#14440 = CARTESIAN_POINT('',(0.,-24.));
#14441 = VECTOR('',#14442,1.);
#14442 = DIRECTION('',(1.,0.));
#14443 = ( GEOMETRIC_REPRESENTATION_CONTEXT(2) 
PARAMETRIC_REPRESENTATION_CONTEXT() REPRESENTATION_CONTEXT('2D SPACE',''
  ) );
#14444 = PCURVE('',#12157,#14445);
#14445 = DEFINITIONAL_REPRESENTATION('',(#14446),#14450);
#14446 = LINE('',#14447,#14448);
#14447 = CARTESIAN_POINT('',(0.,3.));
#14448 = VECTOR('',#14449,1.);
#14449 = DIRECTION('',(1.,0.));
#14450 = ( GEOMETRIC_REPRESENTATION_CONTEXT(2) 
PARAMETRIC_REPRESENTATION_CONTEXT() REPRESENTATION_CONTEXT('2D SPACE',''
  ) );
#14451 = ORIENTED_EDGE('',*,*,#13425,.F.);
#14452 = ADVANCED_FACE('',(#14453),#12157,.F.);
#14453 = FACE_BOUND('',#14454,.F.);
#14454 = EDGE_LOOP('',(#14455,#14456,#14457,#14478));
#14455 = ORIENTED_EDGE('',*,*,#14431,.F.);
#14456 = ORIENTED_EDGE('',*,*,#12142,.T.);
#14457 = ORIENTED_EDGE('',*,*,#14458,.T.);
#14458 = EDGE_CURVE('',#12117,#13384,#14459,.T.);
#14459 = SURFACE_CURVE('',#14460,(#14464,#14471),.PCURVE_S1.);
#14460 = LINE('',#14461,#14462);
#14461 = CARTESIAN_POINT('',(2.5,4.,26.));
#14462 = VECTOR('',#14463,1.);
#14463 = DIRECTION('',(0.,0.,1.));
#14464 = PCURVE('',#12157,#14465);
#14465 = DEFINITIONAL_REPRESENTATION('',(#14466),#14470);
#14466 = LINE('',#14467,#14468);
#14467 = CARTESIAN_POINT('',(0.,0.));
#14468 = VECTOR('',#14469,1.);
#14469 = DIRECTION('',(1.,0.));
#14470 = ( GEOMETRIC_REPRESENTATION_CONTEXT(2) 
PARAMETRIC_REPRESENTATION_CONTEXT() REPRESENTATION_CONTEXT('2D SPACE',''
  ) );
#14471 = PCURVE('',#12131,#14472);
#14472 = DEFINITIONAL_REPRESENTATION('',(#14473),#14477);
#14473 = LINE('',#14474,#14475);
#14474 = CARTESIAN_POINT('',(0.,-24.));
#14475 = VECTOR('',#14476,1.);
#14476 = DIRECTION('',(1.,0.));
#14477 = ( GEOMETRIC_REPRESENTATION_CONTEXT(2) 
PARAMETRIC_REPRESENTATION_CONTEXT() REPRESENTATION_CONTEXT('2D SPACE',''
  ) );
#14478 = ORIENTED_EDGE('',*,*,#13404,.F.);
#14479 = ADVANCED_FACE('',(#14480),#12131,.T.);
#14480 = FACE_BOUND('',#14481,.T.);
#14481 = EDGE_LOOP('',(#14482,#14483,#14484,#14485));
#14482 = ORIENTED_EDGE('',*,*,#14404,.F.);
#14483 = ORIENTED_EDGE('',*,*,#12116,.T.);
#14484 = ORIENTED_EDGE('',*,*,#14458,.T.);
#14485 = ORIENTED_EDGE('',*,*,#13383,.F.);
#14486 = ADVANCED_FACE('',(#14487),#12211,.T.);
#14487 = FACE_BOUND('',#14488,.T.);
#14488 = EDGE_LOOP('',(#14489,#14510,#14511,#14532));
#14489 = ORIENTED_EDGE('',*,*,#14490,.F.);
#14490 = EDGE_CURVE('',#12195,#13447,#14491,.T.);
#14491 = SURFACE_CURVE('',#14492,(#14496,#14503),.PCURVE_S1.);
#14492 = LINE('',#14493,#14494);
#14493 = CARTESIAN_POINT('',(14.5,-20.,26.));
#14494 = VECTOR('',#14495,1.);
#14495 = DIRECTION('',(0.,0.,1.));
#14496 = PCURVE('',#12211,#14497);
#14497 = DEFINITIONAL_REPRESENTATION('',(#14498),#14502);
#14498 = LINE('',#14499,#14500);
#14499 = CARTESIAN_POINT('',(0.,3.));
#14500 = VECTOR('',#14501,1.);
#14501 = DIRECTION('',(1.,0.));
#14502 = ( GEOMETRIC_REPRESENTATION_CONTEXT(2) 
PARAMETRIC_REPRESENTATION_CONTEXT() REPRESENTATION_CONTEXT('2D SPACE',''
  ) );
#14503 = PCURVE('',#12287,#14504);
#14504 = DEFINITIONAL_REPRESENTATION('',(#14505),#14509);
#14505 = LINE('',#14506,#14507);
#14506 = CARTESIAN_POINT('',(0.,0.));
#14507 = VECTOR('',#14508,1.);
#14508 = DIRECTION('',(1.,0.));
#14509 = ( GEOMETRIC_REPRESENTATION_CONTEXT(2) 
PARAMETRIC_REPRESENTATION_CONTEXT() REPRESENTATION_CONTEXT('2D SPACE',''
  ) );
#14510 = ORIENTED_EDGE('',*,*,#12194,.T.);
#14511 = ORIENTED_EDGE('',*,*,#14512,.T.);
#14512 = EDGE_CURVE('',#12197,#13449,#14513,.T.);
#14513 = SURFACE_CURVE('',#14514,(#14518,#14525),.PCURVE_S1.);
#14514 = LINE('',#14515,#14516);
#14515 = CARTESIAN_POINT('',(11.5,-20.,26.));
#14516 = VECTOR('',#14517,1.);
#14517 = DIRECTION('',(0.,0.,1.));
#14518 = PCURVE('',#12211,#14519);
#14519 = DEFINITIONAL_REPRESENTATION('',(#14520),#14524);
#14520 = LINE('',#14521,#14522);
#14521 = CARTESIAN_POINT('',(0.,0.));
#14522 = VECTOR('',#14523,1.);
#14523 = DIRECTION('',(1.,0.));
#14524 = ( GEOMETRIC_REPRESENTATION_CONTEXT(2) 
PARAMETRIC_REPRESENTATION_CONTEXT() REPRESENTATION_CONTEXT('2D SPACE',''
  ) );
#14525 = PCURVE('',#12237,#14526);
#14526 = DEFINITIONAL_REPRESENTATION('',(#14527),#14531);
#14527 = LINE('',#14528,#14529);
#14528 = CARTESIAN_POINT('',(0.,0.));
#14529 = VECTOR('',#14530,1.);
#14530 = DIRECTION('',(1.,0.));
#14531 = ( GEOMETRIC_REPRESENTATION_CONTEXT(2) 
PARAMETRIC_REPRESENTATION_CONTEXT() REPRESENTATION_CONTEXT('2D SPACE',''
  ) );
#14532 = ORIENTED_EDGE('',*,*,#13446,.F.);
#14533 = ADVANCED_FACE('',(#14534),#12287,.F.);
#14534 = FACE_BOUND('',#14535,.F.);
#14535 = EDGE_LOOP('',(#14536,#14537,#14538,#14559));
#14536 = ORIENTED_EDGE('',*,*,#14490,.F.);
#14537 = ORIENTED_EDGE('',*,*,#12274,.T.);
#14538 = ORIENTED_EDGE('',*,*,#14539,.T.);
#14539 = EDGE_CURVE('',#12249,#13491,#14540,.T.);
#14540 = SURFACE_CURVE('',#14541,(#14545,#14552),.PCURVE_S1.);
#14541 = LINE('',#14542,#14543);
#14542 = CARTESIAN_POINT('',(14.5,4.,26.));
#14543 = VECTOR('',#14544,1.);
#14544 = DIRECTION('',(0.,0.,1.));
#14545 = PCURVE('',#12287,#14546);
#14546 = DEFINITIONAL_REPRESENTATION('',(#14547),#14551);
#14547 = LINE('',#14548,#14549);
#14548 = CARTESIAN_POINT('',(0.,-24.));
#14549 = VECTOR('',#14550,1.);
#14550 = DIRECTION('',(1.,0.));
#14551 = ( GEOMETRIC_REPRESENTATION_CONTEXT(2) 
PARAMETRIC_REPRESENTATION_CONTEXT() REPRESENTATION_CONTEXT('2D SPACE',''
  ) );
#14552 = PCURVE('',#12263,#14553);
#14553 = DEFINITIONAL_REPRESENTATION('',(#14554),#14558);
#14554 = LINE('',#14555,#14556);
#14555 = CARTESIAN_POINT('',(0.,3.));
#14556 = VECTOR('',#14557,1.);
#14557 = DIRECTION('',(1.,0.));
#14558 = ( GEOMETRIC_REPRESENTATION_CONTEXT(2) 
PARAMETRIC_REPRESENTATION_CONTEXT() REPRESENTATION_CONTEXT('2D SPACE',''
  ) );
#14559 = ORIENTED_EDGE('',*,*,#13511,.F.);
#14560 = ADVANCED_FACE('',(#14561),#12263,.F.);
#14561 = FACE_BOUND('',#14562,.F.);
#14562 = EDGE_LOOP('',(#14563,#14564,#14565,#14586));
#14563 = ORIENTED_EDGE('',*,*,#14539,.F.);
#14564 = ORIENTED_EDGE('',*,*,#12248,.T.);
#14565 = ORIENTED_EDGE('',*,*,#14566,.T.);
#14566 = EDGE_CURVE('',#12223,#13470,#14567,.T.);
#14567 = SURFACE_CURVE('',#14568,(#14572,#14579),.PCURVE_S1.);
#14568 = LINE('',#14569,#14570);
#14569 = CARTESIAN_POINT('',(11.5,4.,26.));
#14570 = VECTOR('',#14571,1.);
#14571 = DIRECTION('',(0.,0.,1.));
#14572 = PCURVE('',#12263,#14573);
#14573 = DEFINITIONAL_REPRESENTATION('',(#14574),#14578);
#14574 = LINE('',#14575,#14576);
#14575 = CARTESIAN_POINT('',(0.,0.));
#14576 = VECTOR('',#14577,1.);
#14577 = DIRECTION('',(1.,0.));
#14578 = ( GEOMETRIC_REPRESENTATION_CONTEXT(2) 
PARAMETRIC_REPRESENTATION_CONTEXT() REPRESENTATION_CONTEXT('2D SPACE',''
  ) );
#14579 = PCURVE('',#12237,#14580);
#14580 = DEFINITIONAL_REPRESENTATION('',(#14581),#14585);
#14581 = LINE('',#14582,#14583);
#14582 = CARTESIAN_POINT('',(0.,-24.));
#14583 = VECTOR('',#14584,1.);
#14584 = DIRECTION('',(1.,0.));
#14585 = ( GEOMETRIC_REPRESENTATION_CONTEXT(2) 
PARAMETRIC_REPRESENTATION_CONTEXT() REPRESENTATION_CONTEXT('2D SPACE',''
  ) );
#14586 = ORIENTED_EDGE('',*,*,#13490,.F.);
#14587 = ADVANCED_FACE('',(#14588),#12237,.T.);
#14588 = FACE_BOUND('',#14589,.T.);
#14589 = EDGE_LOOP('',(#14590,#14591,#14592,#14593));
#14590 = ORIENTED_EDGE('',*,*,#14512,.F.);
#14591 = ORIENTED_EDGE('',*,*,#12222,.T.);
#14592 = ORIENTED_EDGE('',*,*,#14566,.T.);
#14593 = ORIENTED_EDGE('',*,*,#13469,.F.);
#14594 = ADVANCED_FACE('',(#14595),#12317,.T.);
#14595 = FACE_BOUND('',#14596,.T.);
#14596 = EDGE_LOOP('',(#14597,#14618,#14619,#14640));
#14597 = ORIENTED_EDGE('',*,*,#14598,.F.);
#14598 = EDGE_CURVE('',#12301,#13533,#14599,.T.);
#14599 = SURFACE_CURVE('',#14600,(#14604,#14611),.PCURVE_S1.);
#14600 = LINE('',#14601,#14602);
#14601 = CARTESIAN_POINT('',(23.5,-20.,26.));
#14602 = VECTOR('',#14603,1.);
#14603 = DIRECTION('',(0.,0.,1.));
#14604 = PCURVE('',#12317,#14605);
#14605 = DEFINITIONAL_REPRESENTATION('',(#14606),#14610);
#14606 = LINE('',#14607,#14608);
#14607 = CARTESIAN_POINT('',(0.,3.));
#14608 = VECTOR('',#14609,1.);
#14609 = DIRECTION('',(1.,0.));
#14610 = ( GEOMETRIC_REPRESENTATION_CONTEXT(2) 
PARAMETRIC_REPRESENTATION_CONTEXT() REPRESENTATION_CONTEXT('2D SPACE',''
  ) );
#14611 = PCURVE('',#12393,#14612);
#14612 = DEFINITIONAL_REPRESENTATION('',(#14613),#14617);
#14613 = LINE('',#14614,#14615);
#14614 = CARTESIAN_POINT('',(0.,0.));
#14615 = VECTOR('',#14616,1.);
#14616 = DIRECTION('',(1.,0.));
#14617 = ( GEOMETRIC_REPRESENTATION_CONTEXT(2) 
PARAMETRIC_REPRESENTATION_CONTEXT() REPRESENTATION_CONTEXT('2D SPACE',''
  ) );
#14618 = ORIENTED_EDGE('',*,*,#12300,.T.);
#14619 = ORIENTED_EDGE('',*,*,#14620,.T.);
#14620 = EDGE_CURVE('',#12303,#13535,#14621,.T.);
#14621 = SURFACE_CURVE('',#14622,(#14626,#14633),.PCURVE_S1.);
#14622 = LINE('',#14623,#14624);
#14623 = CARTESIAN_POINT('',(20.5,-20.,26.));
#14624 = VECTOR('',#14625,1.);
#14625 = DIRECTION('',(0.,0.,1.));
#14626 = PCURVE('',#12317,#14627);
#14627 = DEFINITIONAL_REPRESENTATION('',(#14628),#14632);
#14628 = LINE('',#14629,#14630);
#14629 = CARTESIAN_POINT('',(0.,0.));
#14630 = VECTOR('',#14631,1.);
#14631 = DIRECTION('',(1.,0.));
#14632 = ( GEOMETRIC_REPRESENTATION_CONTEXT(2) 
PARAMETRIC_REPRESENTATION_CONTEXT() REPRESENTATION_CONTEXT('2D SPACE',''
  ) );
#14633 = PCURVE('',#12343,#14634);
#14634 = DEFINITIONAL_REPRESENTATION('',(#14635),#14639);
#14635 = LINE('',#14636,#14637);
#14636 = CARTESIAN_POINT('',(0.,0.));
#14637 = VECTOR('',#14638,1.);
#14638 = DIRECTION('',(1.,0.));
#14639 = ( GEOMETRIC_REPRESENTATION_CONTEXT(2) 
PARAMETRIC_REPRESENTATION_CONTEXT() REPRESENTATION_CONTEXT('2D SPACE',''
  ) );
#14640 = ORIENTED_EDGE('',*,*,#13532,.F.);
#14641 = ADVANCED_FACE('',(#14642),#12393,.F.);
#14642 = FACE_BOUND('',#14643,.F.);
#14643 = EDGE_LOOP('',(#14644,#14645,#14646,#14667));
#14644 = ORIENTED_EDGE('',*,*,#14598,.F.);
#14645 = ORIENTED_EDGE('',*,*,#12380,.T.);
#14646 = ORIENTED_EDGE('',*,*,#14647,.T.);
#14647 = EDGE_CURVE('',#12355,#13577,#14648,.T.);
#14648 = SURFACE_CURVE('',#14649,(#14653,#14660),.PCURVE_S1.);
#14649 = LINE('',#14650,#14651);
#14650 = CARTESIAN_POINT('',(23.5,4.,26.));
#14651 = VECTOR('',#14652,1.);
#14652 = DIRECTION('',(0.,0.,1.));
#14653 = PCURVE('',#12393,#14654);
#14654 = DEFINITIONAL_REPRESENTATION('',(#14655),#14659);
#14655 = LINE('',#14656,#14657);
#14656 = CARTESIAN_POINT('',(0.,-24.));
#14657 = VECTOR('',#14658,1.);
#14658 = DIRECTION('',(1.,0.));
#14659 = ( GEOMETRIC_REPRESENTATION_CONTEXT(2) 
PARAMETRIC_REPRESENTATION_CONTEXT() REPRESENTATION_CONTEXT('2D SPACE',''
  ) );
#14660 = PCURVE('',#12369,#14661);
#14661 = DEFINITIONAL_REPRESENTATION('',(#14662),#14666);
#14662 = LINE('',#14663,#14664);
#14663 = CARTESIAN_POINT('',(0.,3.));
#14664 = VECTOR('',#14665,1.);
#14665 = DIRECTION('',(1.,0.));
#14666 = ( GEOMETRIC_REPRESENTATION_CONTEXT(2) 
PARAMETRIC_REPRESENTATION_CONTEXT() REPRESENTATION_CONTEXT('2D SPACE',''
  ) );
#14667 = ORIENTED_EDGE('',*,*,#13597,.F.);
#14668 = ADVANCED_FACE('',(#14669),#12369,.F.);
#14669 = FACE_BOUND('',#14670,.F.);
#14670 = EDGE_LOOP('',(#14671,#14672,#14673,#14694));
#14671 = ORIENTED_EDGE('',*,*,#14647,.F.);
#14672 = ORIENTED_EDGE('',*,*,#12354,.T.);
#14673 = ORIENTED_EDGE('',*,*,#14674,.T.);
#14674 = EDGE_CURVE('',#12329,#13556,#14675,.T.);
#14675 = SURFACE_CURVE('',#14676,(#14680,#14687),.PCURVE_S1.);
#14676 = LINE('',#14677,#14678);
#14677 = CARTESIAN_POINT('',(20.5,4.,26.));
#14678 = VECTOR('',#14679,1.);
#14679 = DIRECTION('',(0.,0.,1.));
#14680 = PCURVE('',#12369,#14681);
#14681 = DEFINITIONAL_REPRESENTATION('',(#14682),#14686);
#14682 = LINE('',#14683,#14684);
#14683 = CARTESIAN_POINT('',(0.,0.));
#14684 = VECTOR('',#14685,1.);
#14685 = DIRECTION('',(1.,0.));
#14686 = ( GEOMETRIC_REPRESENTATION_CONTEXT(2) 
PARAMETRIC_REPRESENTATION_CONTEXT() REPRESENTATION_CONTEXT('2D SPACE',''
  ) );
#14687 = PCURVE('',#12343,#14688);
#14688 = DEFINITIONAL_REPRESENTATION('',(#14689),#14693);
#14689 = LINE('',#14690,#14691);
#14690 = CARTESIAN_POINT('',(0.,-24.));
#14691 = VECTOR('',#14692,1.);
#14692 = DIRECTION('',(1.,0.));
#14693 = ( GEOMETRIC_REPRESENTATION_CONTEXT(2) 
PARAMETRIC_REPRESENTATION_CONTEXT() REPRESENTATION_CONTEXT('2D SPACE',''
  ) );
#14694 = ORIENTED_EDGE('',*,*,#13576,.F.);
#14695 = ADVANCED_FACE('',(#14696),#12343,.T.);
#14696 = FACE_BOUND('',#14697,.T.);
#14697 = EDGE_LOOP('',(#14698,#14699,#14700,#14701));
#14698 = ORIENTED_EDGE('',*,*,#14620,.F.);
#14699 = ORIENTED_EDGE('',*,*,#12328,.T.);
#14700 = ORIENTED_EDGE('',*,*,#14674,.T.);
#14701 = ORIENTED_EDGE('',*,*,#13555,.F.);
#14702 = ADVANCED_FACE('',(#14703),#12423,.T.);
#14703 = FACE_BOUND('',#14704,.T.);
#14704 = EDGE_LOOP('',(#14705,#14726,#14727,#14748));
#14705 = ORIENTED_EDGE('',*,*,#14706,.F.);
#14706 = EDGE_CURVE('',#12407,#13619,#14707,.T.);
#14707 = SURFACE_CURVE('',#14708,(#14712,#14719),.PCURVE_S1.);
#14708 = LINE('',#14709,#14710);
#14709 = CARTESIAN_POINT('',(32.5,-20.,26.));
#14710 = VECTOR('',#14711,1.);
#14711 = DIRECTION('',(0.,0.,1.));
#14712 = PCURVE('',#12423,#14713);
#14713 = DEFINITIONAL_REPRESENTATION('',(#14714),#14718);
#14714 = LINE('',#14715,#14716);
#14715 = CARTESIAN_POINT('',(0.,3.));
#14716 = VECTOR('',#14717,1.);
#14717 = DIRECTION('',(1.,0.));
#14718 = ( GEOMETRIC_REPRESENTATION_CONTEXT(2) 
PARAMETRIC_REPRESENTATION_CONTEXT() REPRESENTATION_CONTEXT('2D SPACE',''
  ) );
#14719 = PCURVE('',#12499,#14720);
#14720 = DEFINITIONAL_REPRESENTATION('',(#14721),#14725);
#14721 = LINE('',#14722,#14723);
#14722 = CARTESIAN_POINT('',(0.,0.));
#14723 = VECTOR('',#14724,1.);
#14724 = DIRECTION('',(1.,0.));
#14725 = ( GEOMETRIC_REPRESENTATION_CONTEXT(2) 
PARAMETRIC_REPRESENTATION_CONTEXT() REPRESENTATION_CONTEXT('2D SPACE',''
  ) );
#14726 = ORIENTED_EDGE('',*,*,#12406,.T.);
#14727 = ORIENTED_EDGE('',*,*,#14728,.T.);
#14728 = EDGE_CURVE('',#12409,#13621,#14729,.T.);
#14729 = SURFACE_CURVE('',#14730,(#14734,#14741),.PCURVE_S1.);
#14730 = LINE('',#14731,#14732);
#14731 = CARTESIAN_POINT('',(29.5,-20.,26.));
#14732 = VECTOR('',#14733,1.);
#14733 = DIRECTION('',(0.,0.,1.));
#14734 = PCURVE('',#12423,#14735);
#14735 = DEFINITIONAL_REPRESENTATION('',(#14736),#14740);
#14736 = LINE('',#14737,#14738);
#14737 = CARTESIAN_POINT('',(0.,0.));
#14738 = VECTOR('',#14739,1.);
#14739 = DIRECTION('',(1.,0.));
#14740 = ( GEOMETRIC_REPRESENTATION_CONTEXT(2) 
PARAMETRIC_REPRESENTATION_CONTEXT() REPRESENTATION_CONTEXT('2D SPACE',''
  ) );
#14741 = PCURVE('',#12449,#14742);
#14742 = DEFINITIONAL_REPRESENTATION('',(#14743),#14747);
#14743 = LINE('',#14744,#14745);
#14744 = CARTESIAN_POINT('',(0.,0.));
#14745 = VECTOR('',#14746,1.);
#14746 = DIRECTION('',(1.,0.));
#14747 = ( GEOMETRIC_REPRESENTATION_CONTEXT(2) 
PARAMETRIC_REPRESENTATION_CONTEXT() REPRESENTATION_CONTEXT('2D SPACE',''
  ) );
#14748 = ORIENTED_EDGE('',*,*,#13618,.F.);
#14749 = ADVANCED_FACE('',(#14750),#12499,.F.);
#14750 = FACE_BOUND('',#14751,.F.);
#14751 = EDGE_LOOP('',(#14752,#14753,#14754,#14775));
#14752 = ORIENTED_EDGE('',*,*,#14706,.F.);
#14753 = ORIENTED_EDGE('',*,*,#12486,.T.);
#14754 = ORIENTED_EDGE('',*,*,#14755,.T.);
#14755 = EDGE_CURVE('',#12461,#13663,#14756,.T.);
#14756 = SURFACE_CURVE('',#14757,(#14761,#14768),.PCURVE_S1.);
#14757 = LINE('',#14758,#14759);
#14758 = CARTESIAN_POINT('',(32.5,4.,26.));
#14759 = VECTOR('',#14760,1.);
#14760 = DIRECTION('',(0.,0.,1.));
#14761 = PCURVE('',#12499,#14762);
#14762 = DEFINITIONAL_REPRESENTATION('',(#14763),#14767);
#14763 = LINE('',#14764,#14765);
#14764 = CARTESIAN_POINT('',(0.,-24.));
#14765 = VECTOR('',#14766,1.);
#14766 = DIRECTION('',(1.,0.));
#14767 = ( GEOMETRIC_REPRESENTATION_CONTEXT(2) 
PARAMETRIC_REPRESENTATION_CONTEXT() REPRESENTATION_CONTEXT('2D SPACE',''
  ) );
#14768 = PCURVE('',#12475,#14769);
#14769 = DEFINITIONAL_REPRESENTATION('',(#14770),#14774);
#14770 = LINE('',#14771,#14772);
#14771 = CARTESIAN_POINT('',(0.,3.));
#14772 = VECTOR('',#14773,1.);
#14773 = DIRECTION('',(1.,0.));
#14774 = ( GEOMETRIC_REPRESENTATION_CONTEXT(2) 
PARAMETRIC_REPRESENTATION_CONTEXT() REPRESENTATION_CONTEXT('2D SPACE',''
  ) );
#14775 = ORIENTED_EDGE('',*,*,#13683,.F.);
#14776 = ADVANCED_FACE('',(#14777),#12475,.F.);
#14777 = FACE_BOUND('',#14778,.F.);
#14778 = EDGE_LOOP('',(#14779,#14780,#14781,#14802));
#14779 = ORIENTED_EDGE('',*,*,#14755,.F.);
#14780 = ORIENTED_EDGE('',*,*,#12460,.T.);
#14781 = ORIENTED_EDGE('',*,*,#14782,.T.);
#14782 = EDGE_CURVE('',#12435,#13642,#14783,.T.);
#14783 = SURFACE_CURVE('',#14784,(#14788,#14795),.PCURVE_S1.);
#14784 = LINE('',#14785,#14786);
#14785 = CARTESIAN_POINT('',(29.5,4.,26.));
#14786 = VECTOR('',#14787,1.);
#14787 = DIRECTION('',(0.,0.,1.));
#14788 = PCURVE('',#12475,#14789);
#14789 = DEFINITIONAL_REPRESENTATION('',(#14790),#14794);
#14790 = LINE('',#14791,#14792);
#14791 = CARTESIAN_POINT('',(0.,0.));
#14792 = VECTOR('',#14793,1.);
#14793 = DIRECTION('',(1.,0.));
#14794 = ( GEOMETRIC_REPRESENTATION_CONTEXT(2) 
PARAMETRIC_REPRESENTATION_CONTEXT() REPRESENTATION_CONTEXT('2D SPACE',''
  ) );
#14795 = PCURVE('',#12449,#14796);
#14796 = DEFINITIONAL_REPRESENTATION('',(#14797),#14801);
#14797 = LINE('',#14798,#14799);
#14798 = CARTESIAN_POINT('',(0.,-24.));
#14799 = VECTOR('',#14800,1.);
#14800 = DIRECTION('',(1.,0.));
#14801 = ( GEOMETRIC_REPRESENTATION_CONTEXT(2) 
PARAMETRIC_REPRESENTATION_CONTEXT() REPRESENTATION_CONTEXT('2D SPACE',''
  ) );
#14802 = ORIENTED_EDGE('',*,*,#13662,.F.);
#14803 = ADVANCED_FACE('',(#14804),#12449,.T.);
#14804 = FACE_BOUND('',#14805,.T.);
#14805 = EDGE_LOOP('',(#14806,#14807,#14808,#14809));
#14806 = ORIENTED_EDGE('',*,*,#14728,.F.);
#14807 = ORIENTED_EDGE('',*,*,#12434,.T.);
#14808 = ORIENTED_EDGE('',*,*,#14782,.T.);
#14809 = ORIENTED_EDGE('',*,*,#13641,.F.);
#14810 = ADVANCED_FACE('',(#14811),#12529,.T.);
#14811 = FACE_BOUND('',#14812,.T.);
#14812 = EDGE_LOOP('',(#14813,#14834,#14835,#14856));
#14813 = ORIENTED_EDGE('',*,*,#14814,.F.);
#14814 = EDGE_CURVE('',#12513,#13705,#14815,.T.);
#14815 = SURFACE_CURVE('',#14816,(#14820,#14827),.PCURVE_S1.);
#14816 = LINE('',#14817,#14818);
#14817 = CARTESIAN_POINT('',(41.5,-20.,26.));
#14818 = VECTOR('',#14819,1.);
#14819 = DIRECTION('',(0.,0.,1.));
#14820 = PCURVE('',#12529,#14821);
#14821 = DEFINITIONAL_REPRESENTATION('',(#14822),#14826);
#14822 = LINE('',#14823,#14824);
#14823 = CARTESIAN_POINT('',(0.,3.));
#14824 = VECTOR('',#14825,1.);
#14825 = DIRECTION('',(1.,0.));
#14826 = ( GEOMETRIC_REPRESENTATION_CONTEXT(2) 
PARAMETRIC_REPRESENTATION_CONTEXT() REPRESENTATION_CONTEXT('2D SPACE',''
  ) );
#14827 = PCURVE('',#12605,#14828);
#14828 = DEFINITIONAL_REPRESENTATION('',(#14829),#14833);
#14829 = LINE('',#14830,#14831);
#14830 = CARTESIAN_POINT('',(0.,0.));
#14831 = VECTOR('',#14832,1.);
#14832 = DIRECTION('',(1.,0.));
#14833 = ( GEOMETRIC_REPRESENTATION_CONTEXT(2) 
PARAMETRIC_REPRESENTATION_CONTEXT() REPRESENTATION_CONTEXT('2D SPACE',''
  ) );
#14834 = ORIENTED_EDGE('',*,*,#12512,.T.);
#14835 = ORIENTED_EDGE('',*,*,#14836,.T.);
#14836 = EDGE_CURVE('',#12515,#13707,#14837,.T.);
#14837 = SURFACE_CURVE('',#14838,(#14842,#14849),.PCURVE_S1.);
#14838 = LINE('',#14839,#14840);
#14839 = CARTESIAN_POINT('',(38.5,-20.,26.));
#14840 = VECTOR('',#14841,1.);
#14841 = DIRECTION('',(0.,0.,1.));
#14842 = PCURVE('',#12529,#14843);
#14843 = DEFINITIONAL_REPRESENTATION('',(#14844),#14848);
#14844 = LINE('',#14845,#14846);
#14845 = CARTESIAN_POINT('',(0.,0.));
#14846 = VECTOR('',#14847,1.);
#14847 = DIRECTION('',(1.,0.));
#14848 = ( GEOMETRIC_REPRESENTATION_CONTEXT(2) 
PARAMETRIC_REPRESENTATION_CONTEXT() REPRESENTATION_CONTEXT('2D SPACE',''
  ) );
#14849 = PCURVE('',#12555,#14850);
#14850 = DEFINITIONAL_REPRESENTATION('',(#14851),#14855);
#14851 = LINE('',#14852,#14853);
#14852 = CARTESIAN_POINT('',(0.,0.));
#14853 = VECTOR('',#14854,1.);
#14854 = DIRECTION('',(1.,0.));
#14855 = ( GEOMETRIC_REPRESENTATION_CONTEXT(2) 
PARAMETRIC_REPRESENTATION_CONTEXT() REPRESENTATION_CONTEXT('2D SPACE',''
  ) );
#14856 = ORIENTED_EDGE('',*,*,#13704,.F.);
#14857 = ADVANCED_FACE('',(#14858),#12605,.F.);
#14858 = FACE_BOUND('',#14859,.F.);
#14859 = EDGE_LOOP('',(#14860,#14861,#14862,#14883));
#14860 = ORIENTED_EDGE('',*,*,#14814,.F.);
#14861 = ORIENTED_EDGE('',*,*,#12592,.T.);
#14862 = ORIENTED_EDGE('',*,*,#14863,.T.);
#14863 = EDGE_CURVE('',#12567,#13749,#14864,.T.);
#14864 = SURFACE_CURVE('',#14865,(#14869,#14876),.PCURVE_S1.);
#14865 = LINE('',#14866,#14867);
#14866 = CARTESIAN_POINT('',(41.5,4.,26.));
#14867 = VECTOR('',#14868,1.);
#14868 = DIRECTION('',(0.,0.,1.));
#14869 = PCURVE('',#12605,#14870);
#14870 = DEFINITIONAL_REPRESENTATION('',(#14871),#14875);
#14871 = LINE('',#14872,#14873);
#14872 = CARTESIAN_POINT('',(0.,-24.));
#14873 = VECTOR('',#14874,1.);
#14874 = DIRECTION('',(1.,0.));
#14875 = ( GEOMETRIC_REPRESENTATION_CONTEXT(2) 
PARAMETRIC_REPRESENTATION_CONTEXT() REPRESENTATION_CONTEXT('2D SPACE',''
  ) );
#14876 = PCURVE('',#12581,#14877);
#14877 = DEFINITIONAL_REPRESENTATION('',(#14878),#14882);
#14878 = LINE('',#14879,#14880);
#14879 = CARTESIAN_POINT('',(0.,3.));
#14880 = VECTOR('',#14881,1.);
#14881 = DIRECTION('',(1.,0.));
#14882 = ( GEOMETRIC_REPRESENTATION_CONTEXT(2) 
PARAMETRIC_REPRESENTATION_CONTEXT() REPRESENTATION_CONTEXT('2D SPACE',''
  ) );
#14883 = ORIENTED_EDGE('',*,*,#13769,.F.);
#14884 = ADVANCED_FACE('',(#14885),#12581,.F.);
#14885 = FACE_BOUND('',#14886,.F.);
#14886 = EDGE_LOOP('',(#14887,#14888,#14889,#14910));
#14887 = ORIENTED_EDGE('',*,*,#14863,.F.);
#14888 = ORIENTED_EDGE('',*,*,#12566,.T.);
#14889 = ORIENTED_EDGE('',*,*,#14890,.T.);
#14890 = EDGE_CURVE('',#12541,#13728,#14891,.T.);
#14891 = SURFACE_CURVE('',#14892,(#14896,#14903),.PCURVE_S1.);
#14892 = LINE('',#14893,#14894);
#14893 = CARTESIAN_POINT('',(38.5,4.,26.));
#14894 = VECTOR('',#14895,1.);
#14895 = DIRECTION('',(0.,0.,1.));
#14896 = PCURVE('',#12581,#14897);
#14897 = DEFINITIONAL_REPRESENTATION('',(#14898),#14902);
#14898 = LINE('',#14899,#14900);
#14899 = CARTESIAN_POINT('',(0.,0.));
#14900 = VECTOR('',#14901,1.);
#14901 = DIRECTION('',(1.,0.));
#14902 = ( GEOMETRIC_REPRESENTATION_CONTEXT(2) 
PARAMETRIC_REPRESENTATION_CONTEXT() REPRESENTATION_CONTEXT('2D SPACE',''
  ) );
#14903 = PCURVE('',#12555,#14904);
#14904 = DEFINITIONAL_REPRESENTATION('',(#14905),#14909);
#14905 = LINE('',#14906,#14907);
#14906 = CARTESIAN_POINT('',(0.,-24.));
#14907 = VECTOR('',#14908,1.);
#14908 = DIRECTION('',(1.,0.));
#14909 = ( GEOMETRIC_REPRESENTATION_CONTEXT(2) 
PARAMETRIC_REPRESENTATION_CONTEXT() REPRESENTATION_CONTEXT('2D SPACE',''
  ) );
#14910 = ORIENTED_EDGE('',*,*,#13748,.F.);
#14911 = ADVANCED_FACE('',(#14912),#12555,.T.);
#14912 = FACE_BOUND('',#14913,.T.);
#14913 = EDGE_LOOP('',(#14914,#14915,#14916,#14917));
#14914 = ORIENTED_EDGE('',*,*,#14836,.F.);
#14915 = ORIENTED_EDGE('',*,*,#12540,.T.);
#14916 = ORIENTED_EDGE('',*,*,#14890,.T.);
#14917 = ORIENTED_EDGE('',*,*,#13727,.F.);
#14918 = ADVANCED_FACE('',(#14919),#12635,.T.);
#14919 = FACE_BOUND('',#14920,.T.);
#14920 = EDGE_LOOP('',(#14921,#14942,#14943,#14964));
#14921 = ORIENTED_EDGE('',*,*,#14922,.F.);
#14922 = EDGE_CURVE('',#12619,#13791,#14923,.T.);
#14923 = SURFACE_CURVE('',#14924,(#14928,#14935),.PCURVE_S1.);
#14924 = LINE('',#14925,#14926);
#14925 = CARTESIAN_POINT('',(50.5,-20.,26.));
#14926 = VECTOR('',#14927,1.);
#14927 = DIRECTION('',(0.,0.,1.));
#14928 = PCURVE('',#12635,#14929);
#14929 = DEFINITIONAL_REPRESENTATION('',(#14930),#14934);
#14930 = LINE('',#14931,#14932);
#14931 = CARTESIAN_POINT('',(0.,3.));
#14932 = VECTOR('',#14933,1.);
#14933 = DIRECTION('',(1.,0.));
#14934 = ( GEOMETRIC_REPRESENTATION_CONTEXT(2) 
PARAMETRIC_REPRESENTATION_CONTEXT() REPRESENTATION_CONTEXT('2D SPACE',''
  ) );
#14935 = PCURVE('',#12711,#14936);
#14936 = DEFINITIONAL_REPRESENTATION('',(#14937),#14941);
#14937 = LINE('',#14938,#14939);
#14938 = CARTESIAN_POINT('',(0.,0.));
#14939 = VECTOR('',#14940,1.);
#14940 = DIRECTION('',(1.,0.));
#14941 = ( GEOMETRIC_REPRESENTATION_CONTEXT(2) 
PARAMETRIC_REPRESENTATION_CONTEXT() REPRESENTATION_CONTEXT('2D SPACE',''
  ) );
#14942 = ORIENTED_EDGE('',*,*,#12618,.T.);
#14943 = ORIENTED_EDGE('',*,*,#14944,.T.);
#14944 = EDGE_CURVE('',#12621,#13793,#14945,.T.);
#14945 = SURFACE_CURVE('',#14946,(#14950,#14957),.PCURVE_S1.);
#14946 = LINE('',#14947,#14948);
#14947 = CARTESIAN_POINT('',(47.5,-20.,26.));
#14948 = VECTOR('',#14949,1.);
#14949 = DIRECTION('',(0.,0.,1.));
#14950 = PCURVE('',#12635,#14951);
#14951 = DEFINITIONAL_REPRESENTATION('',(#14952),#14956);
#14952 = LINE('',#14953,#14954);
#14953 = CARTESIAN_POINT('',(0.,0.));
#14954 = VECTOR('',#14955,1.);
#14955 = DIRECTION('',(1.,0.));
#14956 = ( GEOMETRIC_REPRESENTATION_CONTEXT(2) 
PARAMETRIC_REPRESENTATION_CONTEXT() REPRESENTATION_CONTEXT('2D SPACE',''
  ) );
#14957 = PCURVE('',#12661,#14958);
#14958 = DEFINITIONAL_REPRESENTATION('',(#14959),#14963);
#14959 = LINE('',#14960,#14961);
#14960 = CARTESIAN_POINT('',(0.,0.));
#14961 = VECTOR('',#14962,1.);
#14962 = DIRECTION('',(1.,0.));
#14963 = ( GEOMETRIC_REPRESENTATION_CONTEXT(2) 
PARAMETRIC_REPRESENTATION_CONTEXT() REPRESENTATION_CONTEXT('2D SPACE',''
  ) );
#14964 = ORIENTED_EDGE('',*,*,#13790,.F.);
#14965 = ADVANCED_FACE('',(#14966),#12711,.F.);
#14966 = FACE_BOUND('',#14967,.F.);
#14967 = EDGE_LOOP('',(#14968,#14969,#14970,#14991));
#14968 = ORIENTED_EDGE('',*,*,#14922,.F.);
#14969 = ORIENTED_EDGE('',*,*,#12698,.T.);
#14970 = ORIENTED_EDGE('',*,*,#14971,.T.);
#14971 = EDGE_CURVE('',#12673,#13835,#14972,.T.);
#14972 = SURFACE_CURVE('',#14973,(#14977,#14984),.PCURVE_S1.);
#14973 = LINE('',#14974,#14975);
#14974 = CARTESIAN_POINT('',(50.5,4.,26.));
#14975 = VECTOR('',#14976,1.);
#14976 = DIRECTION('',(0.,0.,1.));
#14977 = PCURVE('',#12711,#14978);
#14978 = DEFINITIONAL_REPRESENTATION('',(#14979),#14983);
#14979 = LINE('',#14980,#14981);
#14980 = CARTESIAN_POINT('',(0.,-24.));
#14981 = VECTOR('',#14982,1.);
#14982 = DIRECTION('',(1.,0.));
#14983 = ( GEOMETRIC_REPRESENTATION_CONTEXT(2) 
PARAMETRIC_REPRESENTATION_CONTEXT() REPRESENTATION_CONTEXT('2D SPACE',''
  ) );
#14984 = PCURVE('',#12687,#14985);
#14985 = DEFINITIONAL_REPRESENTATION('',(#14986),#14990);
#14986 = LINE('',#14987,#14988);
#14987 = CARTESIAN_POINT('',(0.,3.));
#14988 = VECTOR('',#14989,1.);
#14989 = DIRECTION('',(1.,0.));
#14990 = ( GEOMETRIC_REPRESENTATION_CONTEXT(2) 
PARAMETRIC_REPRESENTATION_CONTEXT() REPRESENTATION_CONTEXT('2D SPACE',''
  ) );
#14991 = ORIENTED_EDGE('',*,*,#13855,.F.);
#14992 = ADVANCED_FACE('',(#14993),#12687,.F.);
#14993 = FACE_BOUND('',#14994,.F.);
#14994 = EDGE_LOOP('',(#14995,#14996,#14997,#15018));
#14995 = ORIENTED_EDGE('',*,*,#14971,.F.);
#14996 = ORIENTED_EDGE('',*,*,#12672,.T.);
#14997 = ORIENTED_EDGE('',*,*,#14998,.T.);
#14998 = EDGE_CURVE('',#12647,#13814,#14999,.T.);
#14999 = SURFACE_CURVE('',#15000,(#15004,#15011),.PCURVE_S1.);
#15000 = LINE('',#15001,#15002);
#15001 = CARTESIAN_POINT('',(47.5,4.,26.));
#15002 = VECTOR('',#15003,1.);
#15003 = DIRECTION('',(0.,0.,1.));
#15004 = PCURVE('',#12687,#15005);
#15005 = DEFINITIONAL_REPRESENTATION('',(#15006),#15010);
#15006 = LINE('',#15007,#15008);
#15007 = CARTESIAN_POINT('',(0.,0.));
#15008 = VECTOR('',#15009,1.);
#15009 = DIRECTION('',(1.,0.));
#15010 = ( GEOMETRIC_REPRESENTATION_CONTEXT(2) 
PARAMETRIC_REPRESENTATION_CONTEXT() REPRESENTATION_CONTEXT('2D SPACE',''
  ) );
#15011 = PCURVE('',#12661,#15012);
#15012 = DEFINITIONAL_REPRESENTATION('',(#15013),#15017);
#15013 = LINE('',#15014,#15015);
#15014 = CARTESIAN_POINT('',(0.,-24.));
#15015 = VECTOR('',#15016,1.);
#15016 = DIRECTION('',(1.,0.));
#15017 = ( GEOMETRIC_REPRESENTATION_CONTEXT(2) 
PARAMETRIC_REPRESENTATION_CONTEXT() REPRESENTATION_CONTEXT('2D SPACE',''
  ) );
#15018 = ORIENTED_EDGE('',*,*,#13834,.F.);
#15019 = ADVANCED_FACE('',(#15020),#12661,.T.);
#15020 = FACE_BOUND('',#15021,.T.);
#15021 = EDGE_LOOP('',(#15022,#15023,#15024,#15025));
#15022 = ORIENTED_EDGE('',*,*,#14944,.F.);
#15023 = ORIENTED_EDGE('',*,*,#12646,.T.);
#15024 = ORIENTED_EDGE('',*,*,#14998,.T.);
#15025 = ORIENTED_EDGE('',*,*,#13813,.F.);
#15026 = ADVANCED_FACE('',(#15027),#12741,.T.);
#15027 = FACE_BOUND('',#15028,.T.);
#15028 = EDGE_LOOP('',(#15029,#15050,#15051,#15072));
#15029 = ORIENTED_EDGE('',*,*,#15030,.F.);
#15030 = EDGE_CURVE('',#12725,#13877,#15031,.T.);
#15031 = SURFACE_CURVE('',#15032,(#15036,#15043),.PCURVE_S1.);
#15032 = LINE('',#15033,#15034);
#15033 = CARTESIAN_POINT('',(59.5,-20.,26.));
#15034 = VECTOR('',#15035,1.);
#15035 = DIRECTION('',(0.,0.,1.));
#15036 = PCURVE('',#12741,#15037);
#15037 = DEFINITIONAL_REPRESENTATION('',(#15038),#15042);
#15038 = LINE('',#15039,#15040);
#15039 = CARTESIAN_POINT('',(0.,3.));
#15040 = VECTOR('',#15041,1.);
#15041 = DIRECTION('',(1.,0.));
#15042 = ( GEOMETRIC_REPRESENTATION_CONTEXT(2) 
PARAMETRIC_REPRESENTATION_CONTEXT() REPRESENTATION_CONTEXT('2D SPACE',''
  ) );
#15043 = PCURVE('',#12817,#15044);
#15044 = DEFINITIONAL_REPRESENTATION('',(#15045),#15049);
#15045 = LINE('',#15046,#15047);
#15046 = CARTESIAN_POINT('',(0.,0.));
#15047 = VECTOR('',#15048,1.);
#15048 = DIRECTION('',(1.,0.));
#15049 = ( GEOMETRIC_REPRESENTATION_CONTEXT(2) 
PARAMETRIC_REPRESENTATION_CONTEXT() REPRESENTATION_CONTEXT('2D SPACE',''
  ) );
#15050 = ORIENTED_EDGE('',*,*,#12724,.T.);
#15051 = ORIENTED_EDGE('',*,*,#15052,.T.);
#15052 = EDGE_CURVE('',#12727,#13879,#15053,.T.);
#15053 = SURFACE_CURVE('',#15054,(#15058,#15065),.PCURVE_S1.);
#15054 = LINE('',#15055,#15056);
#15055 = CARTESIAN_POINT('',(56.5,-20.,26.));
#15056 = VECTOR('',#15057,1.);
#15057 = DIRECTION('',(0.,0.,1.));
#15058 = PCURVE('',#12741,#15059);
#15059 = DEFINITIONAL_REPRESENTATION('',(#15060),#15064);
#15060 = LINE('',#15061,#15062);
#15061 = CARTESIAN_POINT('',(0.,0.));
#15062 = VECTOR('',#15063,1.);
#15063 = DIRECTION('',(1.,0.));
#15064 = ( GEOMETRIC_REPRESENTATION_CONTEXT(2) 
PARAMETRIC_REPRESENTATION_CONTEXT() REPRESENTATION_CONTEXT('2D SPACE',''
  ) );
#15065 = PCURVE('',#12767,#15066);
#15066 = DEFINITIONAL_REPRESENTATION('',(#15067),#15071);
#15067 = LINE('',#15068,#15069);
#15068 = CARTESIAN_POINT('',(0.,0.));
#15069 = VECTOR('',#15070,1.);
#15070 = DIRECTION('',(1.,0.));
#15071 = ( GEOMETRIC_REPRESENTATION_CONTEXT(2) 
PARAMETRIC_REPRESENTATION_CONTEXT() REPRESENTATION_CONTEXT('2D SPACE',''
  ) );
#15072 = ORIENTED_EDGE('',*,*,#13876,.F.);
#15073 = ADVANCED_FACE('',(#15074),#12817,.F.);
#15074 = FACE_BOUND('',#15075,.F.);
#15075 = EDGE_LOOP('',(#15076,#15077,#15078,#15099));
#15076 = ORIENTED_EDGE('',*,*,#15030,.F.);
#15077 = ORIENTED_EDGE('',*,*,#12804,.T.);
#15078 = ORIENTED_EDGE('',*,*,#15079,.T.);
#15079 = EDGE_CURVE('',#12779,#13921,#15080,.T.);
#15080 = SURFACE_CURVE('',#15081,(#15085,#15092),.PCURVE_S1.);
#15081 = LINE('',#15082,#15083);
#15082 = CARTESIAN_POINT('',(59.5,4.,26.));
#15083 = VECTOR('',#15084,1.);
#15084 = DIRECTION('',(0.,0.,1.));
#15085 = PCURVE('',#12817,#15086);
#15086 = DEFINITIONAL_REPRESENTATION('',(#15087),#15091);
#15087 = LINE('',#15088,#15089);
#15088 = CARTESIAN_POINT('',(0.,-24.));
#15089 = VECTOR('',#15090,1.);
#15090 = DIRECTION('',(1.,0.));
#15091 = ( GEOMETRIC_REPRESENTATION_CONTEXT(2) 
PARAMETRIC_REPRESENTATION_CONTEXT() REPRESENTATION_CONTEXT('2D SPACE',''
  ) );
#15092 = PCURVE('',#12793,#15093);
#15093 = DEFINITIONAL_REPRESENTATION('',(#15094),#15098);
#15094 = LINE('',#15095,#15096);
#15095 = CARTESIAN_POINT('',(0.,3.));
#15096 = VECTOR('',#15097,1.);
#15097 = DIRECTION('',(1.,0.));
#15098 = ( GEOMETRIC_REPRESENTATION_CONTEXT(2) 
PARAMETRIC_REPRESENTATION_CONTEXT() REPRESENTATION_CONTEXT('2D SPACE',''
  ) );
#15099 = ORIENTED_EDGE('',*,*,#13941,.F.);
#15100 = ADVANCED_FACE('',(#15101),#12793,.F.);
#15101 = FACE_BOUND('',#15102,.F.);
#15102 = EDGE_LOOP('',(#15103,#15104,#15105,#15126));
#15103 = ORIENTED_EDGE('',*,*,#15079,.F.);
#15104 = ORIENTED_EDGE('',*,*,#12778,.T.);
#15105 = ORIENTED_EDGE('',*,*,#15106,.T.);
#15106 = EDGE_CURVE('',#12753,#13900,#15107,.T.);
#15107 = SURFACE_CURVE('',#15108,(#15112,#15119),.PCURVE_S1.);
#15108 = LINE('',#15109,#15110);
#15109 = CARTESIAN_POINT('',(56.5,4.,26.));
#15110 = VECTOR('',#15111,1.);
#15111 = DIRECTION('',(0.,0.,1.));
#15112 = PCURVE('',#12793,#15113);
#15113 = DEFINITIONAL_REPRESENTATION('',(#15114),#15118);
#15114 = LINE('',#15115,#15116);
#15115 = CARTESIAN_POINT('',(0.,0.));
#15116 = VECTOR('',#15117,1.);
#15117 = DIRECTION('',(1.,0.));
#15118 = ( GEOMETRIC_REPRESENTATION_CONTEXT(2) 
PARAMETRIC_REPRESENTATION_CONTEXT() REPRESENTATION_CONTEXT('2D SPACE',''
  ) );
#15119 = PCURVE('',#12767,#15120);
#15120 = DEFINITIONAL_REPRESENTATION('',(#15121),#15125);
#15121 = LINE('',#15122,#15123);
#15122 = CARTESIAN_POINT('',(0.,-24.));
#15123 = VECTOR('',#15124,1.);
#15124 = DIRECTION('',(1.,0.));
#15125 = ( GEOMETRIC_REPRESENTATION_CONTEXT(2) 
PARAMETRIC_REPRESENTATION_CONTEXT() REPRESENTATION_CONTEXT('2D SPACE',''
  ) );
#15126 = ORIENTED_EDGE('',*,*,#13920,.F.);
#15127 = ADVANCED_FACE('',(#15128),#12767,.T.);
#15128 = FACE_BOUND('',#15129,.T.);
#15129 = EDGE_LOOP('',(#15130,#15131,#15132,#15133));
#15130 = ORIENTED_EDGE('',*,*,#15052,.F.);
#15131 = ORIENTED_EDGE('',*,*,#12752,.T.);
#15132 = ORIENTED_EDGE('',*,*,#15106,.T.);
#15133 = ORIENTED_EDGE('',*,*,#13899,.F.);
#15134 = ADVANCED_FACE('',(#15135),#12847,.T.);
#15135 = FACE_BOUND('',#15136,.T.);
#15136 = EDGE_LOOP('',(#15137,#15158,#15159,#15180));
#15137 = ORIENTED_EDGE('',*,*,#15138,.F.);
#15138 = EDGE_CURVE('',#12831,#13963,#15139,.T.);
#15139 = SURFACE_CURVE('',#15140,(#15144,#15151),.PCURVE_S1.);
#15140 = LINE('',#15141,#15142);
#15141 = CARTESIAN_POINT('',(68.5,-20.,26.));
#15142 = VECTOR('',#15143,1.);
#15143 = DIRECTION('',(0.,0.,1.));
#15144 = PCURVE('',#12847,#15145);
#15145 = DEFINITIONAL_REPRESENTATION('',(#15146),#15150);
#15146 = LINE('',#15147,#15148);
#15147 = CARTESIAN_POINT('',(0.,3.));
#15148 = VECTOR('',#15149,1.);
#15149 = DIRECTION('',(1.,0.));
#15150 = ( GEOMETRIC_REPRESENTATION_CONTEXT(2) 
PARAMETRIC_REPRESENTATION_CONTEXT() REPRESENTATION_CONTEXT('2D SPACE',''
  ) );
#15151 = PCURVE('',#12923,#15152);
#15152 = DEFINITIONAL_REPRESENTATION('',(#15153),#15157);
#15153 = LINE('',#15154,#15155);
#15154 = CARTESIAN_POINT('',(0.,0.));
#15155 = VECTOR('',#15156,1.);
#15156 = DIRECTION('',(1.,0.));
#15157 = ( GEOMETRIC_REPRESENTATION_CONTEXT(2) 
PARAMETRIC_REPRESENTATION_CONTEXT() REPRESENTATION_CONTEXT('2D SPACE',''
  ) );
#15158 = ORIENTED_EDGE('',*,*,#12830,.T.);
#15159 = ORIENTED_EDGE('',*,*,#15160,.T.);
#15160 = EDGE_CURVE('',#12833,#13965,#15161,.T.);
#15161 = SURFACE_CURVE('',#15162,(#15166,#15173),.PCURVE_S1.);
#15162 = LINE('',#15163,#15164);
#15163 = CARTESIAN_POINT('',(65.5,-20.,26.));
#15164 = VECTOR('',#15165,1.);
#15165 = DIRECTION('',(0.,0.,1.));
#15166 = PCURVE('',#12847,#15167);
#15167 = DEFINITIONAL_REPRESENTATION('',(#15168),#15172);
#15168 = LINE('',#15169,#15170);
#15169 = CARTESIAN_POINT('',(0.,0.));
#15170 = VECTOR('',#15171,1.);
#15171 = DIRECTION('',(1.,0.));
#15172 = ( GEOMETRIC_REPRESENTATION_CONTEXT(2) 
PARAMETRIC_REPRESENTATION_CONTEXT() REPRESENTATION_CONTEXT('2D SPACE',''
  ) );
#15173 = PCURVE('',#12873,#15174);
#15174 = DEFINITIONAL_REPRESENTATION('',(#15175),#15179);
#15175 = LINE('',#15176,#15177);
#15176 = CARTESIAN_POINT('',(0.,0.));
#15177 = VECTOR('',#15178,1.);
#15178 = DIRECTION('',(1.,0.));
#15179 = ( GEOMETRIC_REPRESENTATION_CONTEXT(2) 
PARAMETRIC_REPRESENTATION_CONTEXT() REPRESENTATION_CONTEXT('2D SPACE',''
  ) );
#15180 = ORIENTED_EDGE('',*,*,#13962,.F.);
#15181 = ADVANCED_FACE('',(#15182),#12923,.F.);
#15182 = FACE_BOUND('',#15183,.F.);
#15183 = EDGE_LOOP('',(#15184,#15185,#15186,#15207));
#15184 = ORIENTED_EDGE('',*,*,#15138,.F.);
#15185 = ORIENTED_EDGE('',*,*,#12910,.T.);
#15186 = ORIENTED_EDGE('',*,*,#15187,.T.);
#15187 = EDGE_CURVE('',#12885,#14007,#15188,.T.);
#15188 = SURFACE_CURVE('',#15189,(#15193,#15200),.PCURVE_S1.);
#15189 = LINE('',#15190,#15191);
#15190 = CARTESIAN_POINT('',(68.5,4.,26.));
#15191 = VECTOR('',#15192,1.);
#15192 = DIRECTION('',(0.,0.,1.));
#15193 = PCURVE('',#12923,#15194);
#15194 = DEFINITIONAL_REPRESENTATION('',(#15195),#15199);
#15195 = LINE('',#15196,#15197);
#15196 = CARTESIAN_POINT('',(0.,-24.));
#15197 = VECTOR('',#15198,1.);
#15198 = DIRECTION('',(1.,0.));
#15199 = ( GEOMETRIC_REPRESENTATION_CONTEXT(2) 
PARAMETRIC_REPRESENTATION_CONTEXT() REPRESENTATION_CONTEXT('2D SPACE',''
  ) );
#15200 = PCURVE('',#12899,#15201);
#15201 = DEFINITIONAL_REPRESENTATION('',(#15202),#15206);
#15202 = LINE('',#15203,#15204);
#15203 = CARTESIAN_POINT('',(0.,3.));
#15204 = VECTOR('',#15205,1.);
#15205 = DIRECTION('',(1.,0.));
#15206 = ( GEOMETRIC_REPRESENTATION_CONTEXT(2) 
PARAMETRIC_REPRESENTATION_CONTEXT() REPRESENTATION_CONTEXT('2D SPACE',''
  ) );
#15207 = ORIENTED_EDGE('',*,*,#14027,.F.);
#15208 = ADVANCED_FACE('',(#15209),#12899,.F.);
#15209 = FACE_BOUND('',#15210,.F.);
#15210 = EDGE_LOOP('',(#15211,#15212,#15213,#15234));
#15211 = ORIENTED_EDGE('',*,*,#15187,.F.);
#15212 = ORIENTED_EDGE('',*,*,#12884,.T.);
#15213 = ORIENTED_EDGE('',*,*,#15214,.T.);
#15214 = EDGE_CURVE('',#12859,#13986,#15215,.T.);
#15215 = SURFACE_CURVE('',#15216,(#15220,#15227),.PCURVE_S1.);
#15216 = LINE('',#15217,#15218);
#15217 = CARTESIAN_POINT('',(65.5,4.,26.));
#15218 = VECTOR('',#15219,1.);
#15219 = DIRECTION('',(0.,0.,1.));
#15220 = PCURVE('',#12899,#15221);
#15221 = DEFINITIONAL_REPRESENTATION('',(#15222),#15226);
#15222 = LINE('',#15223,#15224);
#15223 = CARTESIAN_POINT('',(0.,0.));
#15224 = VECTOR('',#15225,1.);
#15225 = DIRECTION('',(1.,0.));
#15226 = ( GEOMETRIC_REPRESENTATION_CONTEXT(2) 
PARAMETRIC_REPRESENTATION_CONTEXT() REPRESENTATION_CONTEXT('2D SPACE',''
  ) );
#15227 = PCURVE('',#12873,#15228);
#15228 = DEFINITIONAL_REPRESENTATION('',(#15229),#15233);
#15229 = LINE('',#15230,#15231);
#15230 = CARTESIAN_POINT('',(0.,-24.));
#15231 = VECTOR('',#15232,1.);
#15232 = DIRECTION('',(1.,0.));
#15233 = ( GEOMETRIC_REPRESENTATION_CONTEXT(2) 
PARAMETRIC_REPRESENTATION_CONTEXT() REPRESENTATION_CONTEXT('2D SPACE',''
  ) );
#15234 = ORIENTED_EDGE('',*,*,#14006,.F.);
#15235 = ADVANCED_FACE('',(#15236),#12873,.T.);
#15236 = FACE_BOUND('',#15237,.T.);
#15237 = EDGE_LOOP('',(#15238,#15239,#15240,#15241));
#15238 = ORIENTED_EDGE('',*,*,#15160,.F.);
#15239 = ORIENTED_EDGE('',*,*,#12858,.T.);
#15240 = ORIENTED_EDGE('',*,*,#15214,.T.);
#15241 = ORIENTED_EDGE('',*,*,#13985,.F.);
#15242 = ADVANCED_FACE('',(#15243),#12953,.F.);
#15243 = FACE_BOUND('',#15244,.F.);
#15244 = EDGE_LOOP('',(#15245,#15268,#15295,#15296));
#15245 = ORIENTED_EDGE('',*,*,#15246,.T.);
#15246 = EDGE_CURVE('',#12937,#15247,#15249,.T.);
#15247 = VERTEX_POINT('',#15248);
#15248 = CARTESIAN_POINT('',(-96.2,59.,28.));
#15249 = SEAM_CURVE('',#15250,(#15254,#15261),.PCURVE_S1.);
#15250 = LINE('',#15251,#15252);
#15251 = CARTESIAN_POINT('',(-96.2,59.,24.));
#15252 = VECTOR('',#15253,1.);
#15253 = DIRECTION('',(0.,0.,1.));
#15254 = PCURVE('',#12953,#15255);
#15255 = DEFINITIONAL_REPRESENTATION('',(#15256),#15260);
#15256 = LINE('',#15257,#15258);
#15257 = CARTESIAN_POINT('',(6.28318530718,-0.));
#15258 = VECTOR('',#15259,1.);
#15259 = DIRECTION('',(0.,1.));
#15260 = ( GEOMETRIC_REPRESENTATION_CONTEXT(2) 
PARAMETRIC_REPRESENTATION_CONTEXT() REPRESENTATION_CONTEXT('2D SPACE',''
  ) );
#15261 = PCURVE('',#12953,#15262);
#15262 = DEFINITIONAL_REPRESENTATION('',(#15263),#15267);
#15263 = LINE('',#15264,#15265);
#15264 = CARTESIAN_POINT('',(0.,-0.));
#15265 = VECTOR('',#15266,1.);
#15266 = DIRECTION('',(0.,1.));
#15267 = ( GEOMETRIC_REPRESENTATION_CONTEXT(2) 
PARAMETRIC_REPRESENTATION_CONTEXT() REPRESENTATION_CONTEXT('2D SPACE',''
  ) );
#15268 = ORIENTED_EDGE('',*,*,#15269,.F.);
#15269 = EDGE_CURVE('',#15247,#15247,#15270,.T.);
#15270 = SURFACE_CURVE('',#15271,(#15276,#15283),.PCURVE_S1.);
#15271 = CIRCLE('',#15272,1.8);
#15272 = AXIS2_PLACEMENT_3D('',#15273,#15274,#15275);
#15273 = CARTESIAN_POINT('',(-98.,59.,28.));
#15274 = DIRECTION('',(0.,0.,1.));
#15275 = DIRECTION('',(1.,0.,-0.));
#15276 = PCURVE('',#12953,#15277);
#15277 = DEFINITIONAL_REPRESENTATION('',(#15278),#15282);
#15278 = LINE('',#15279,#15280);
#15279 = CARTESIAN_POINT('',(0.,4.));
#15280 = VECTOR('',#15281,1.);
#15281 = DIRECTION('',(1.,0.));
#15282 = ( GEOMETRIC_REPRESENTATION_CONTEXT(2) 
PARAMETRIC_REPRESENTATION_CONTEXT() REPRESENTATION_CONTEXT('2D SPACE',''
  ) );
#15283 = PCURVE('',#15284,#15289);
#15284 = PLANE('',#15285);
#15285 = AXIS2_PLACEMENT_3D('',#15286,#15287,#15288);
#15286 = CARTESIAN_POINT('',(-98.,59.,28.));
#15287 = DIRECTION('',(0.,0.,1.));
#15288 = DIRECTION('',(1.,0.,-0.));
#15289 = DEFINITIONAL_REPRESENTATION('',(#15290),#15294);
#15290 = CIRCLE('',#15291,1.8);
#15291 = AXIS2_PLACEMENT_2D('',#15292,#15293);
#15292 = CARTESIAN_POINT('',(0.,0.));
#15293 = DIRECTION('',(1.,0.));
#15294 = ( GEOMETRIC_REPRESENTATION_CONTEXT(2) 
PARAMETRIC_REPRESENTATION_CONTEXT() REPRESENTATION_CONTEXT('2D SPACE',''
  ) );
#15295 = ORIENTED_EDGE('',*,*,#15246,.F.);
#15296 = ORIENTED_EDGE('',*,*,#12936,.T.);
#15297 = ADVANCED_FACE('',(#15298),#12984,.F.);
#15298 = FACE_BOUND('',#15299,.F.);
#15299 = EDGE_LOOP('',(#15300,#15323,#15350,#15351));
#15300 = ORIENTED_EDGE('',*,*,#15301,.T.);
#15301 = EDGE_CURVE('',#12968,#15302,#15304,.T.);
#15302 = VERTEX_POINT('',#15303);
#15303 = CARTESIAN_POINT('',(42.2,21.,28.));
#15304 = SEAM_CURVE('',#15305,(#15309,#15316),.PCURVE_S1.);
#15305 = LINE('',#15306,#15307);
#15306 = CARTESIAN_POINT('',(42.2,21.,24.));
#15307 = VECTOR('',#15308,1.);
#15308 = DIRECTION('',(0.,0.,1.));
#15309 = PCURVE('',#12984,#15310);
#15310 = DEFINITIONAL_REPRESENTATION('',(#15311),#15315);
#15311 = LINE('',#15312,#15313);
#15312 = CARTESIAN_POINT('',(6.28318530718,-0.));
#15313 = VECTOR('',#15314,1.);
#15314 = DIRECTION('',(0.,1.));
#15315 = ( GEOMETRIC_REPRESENTATION_CONTEXT(2) 
PARAMETRIC_REPRESENTATION_CONTEXT() REPRESENTATION_CONTEXT('2D SPACE',''
  ) );
#15316 = PCURVE('',#12984,#15317);
#15317 = DEFINITIONAL_REPRESENTATION('',(#15318),#15322);
#15318 = LINE('',#15319,#15320);
#15319 = CARTESIAN_POINT('',(0.,-0.));
#15320 = VECTOR('',#15321,1.);
#15321 = DIRECTION('',(0.,1.));
#15322 = ( GEOMETRIC_REPRESENTATION_CONTEXT(2) 
PARAMETRIC_REPRESENTATION_CONTEXT() REPRESENTATION_CONTEXT('2D SPACE',''
  ) );
#15323 = ORIENTED_EDGE('',*,*,#15324,.F.);
#15324 = EDGE_CURVE('',#15302,#15302,#15325,.T.);
#15325 = SURFACE_CURVE('',#15326,(#15331,#15338),.PCURVE_S1.);
#15326 = CIRCLE('',#15327,1.2);
#15327 = AXIS2_PLACEMENT_3D('',#15328,#15329,#15330);
#15328 = CARTESIAN_POINT('',(41.,21.,28.));
#15329 = DIRECTION('',(0.,0.,1.));
#15330 = DIRECTION('',(1.,0.,-0.));
#15331 = PCURVE('',#12984,#15332);
#15332 = DEFINITIONAL_REPRESENTATION('',(#15333),#15337);
#15333 = LINE('',#15334,#15335);
#15334 = CARTESIAN_POINT('',(0.,4.));
#15335 = VECTOR('',#15336,1.);
#15336 = DIRECTION('',(1.,0.));
#15337 = ( GEOMETRIC_REPRESENTATION_CONTEXT(2) 
PARAMETRIC_REPRESENTATION_CONTEXT() REPRESENTATION_CONTEXT('2D SPACE',''
  ) );
#15338 = PCURVE('',#15339,#15344);
#15339 = PLANE('',#15340);
#15340 = AXIS2_PLACEMENT_3D('',#15341,#15342,#15343);
#15341 = CARTESIAN_POINT('',(41.,21.,28.));
#15342 = DIRECTION('',(0.,0.,1.));
#15343 = DIRECTION('',(1.,0.,-0.));
#15344 = DEFINITIONAL_REPRESENTATION('',(#15345),#15349);
#15345 = CIRCLE('',#15346,1.2);
#15346 = AXIS2_PLACEMENT_2D('',#15347,#15348);
#15347 = CARTESIAN_POINT('',(0.,0.));
#15348 = DIRECTION('',(1.,0.));
#15349 = ( GEOMETRIC_REPRESENTATION_CONTEXT(2) 
PARAMETRIC_REPRESENTATION_CONTEXT() REPRESENTATION_CONTEXT('2D SPACE',''
  ) );
#15350 = ORIENTED_EDGE('',*,*,#15301,.F.);
#15351 = ORIENTED_EDGE('',*,*,#12967,.T.);
#15352 = ADVANCED_FACE('',(#15353),#13015,.F.);
#15353 = FACE_BOUND('',#15354,.F.);
#15354 = EDGE_LOOP('',(#15355,#15378,#15405,#15406));
#15355 = ORIENTED_EDGE('',*,*,#15356,.T.);
#15356 = EDGE_CURVE('',#12999,#15357,#15359,.T.);
#15357 = VERTEX_POINT('',#15358);
#15358 = CARTESIAN_POINT('',(31.,25.,28.));
#15359 = SEAM_CURVE('',#15360,(#15364,#15371),.PCURVE_S1.);
#15360 = LINE('',#15361,#15362);
#15361 = CARTESIAN_POINT('',(31.,25.,24.));
#15362 = VECTOR('',#15363,1.);
#15363 = DIRECTION('',(0.,0.,1.));
#15364 = PCURVE('',#13015,#15365);
#15365 = DEFINITIONAL_REPRESENTATION('',(#15366),#15370);
#15366 = LINE('',#15367,#15368);
#15367 = CARTESIAN_POINT('',(6.28318530718,-0.));
#15368 = VECTOR('',#15369,1.);
#15369 = DIRECTION('',(0.,1.));
#15370 = ( GEOMETRIC_REPRESENTATION_CONTEXT(2) 
PARAMETRIC_REPRESENTATION_CONTEXT() REPRESENTATION_CONTEXT('2D SPACE',''
  ) );
#15371 = PCURVE('',#13015,#15372);
#15372 = DEFINITIONAL_REPRESENTATION('',(#15373),#15377);
#15373 = LINE('',#15374,#15375);
#15374 = CARTESIAN_POINT('',(0.,-0.));
#15375 = VECTOR('',#15376,1.);
#15376 = DIRECTION('',(0.,1.));
#15377 = ( GEOMETRIC_REPRESENTATION_CONTEXT(2) 
PARAMETRIC_REPRESENTATION_CONTEXT() REPRESENTATION_CONTEXT('2D SPACE',''
  ) );
#15378 = ORIENTED_EDGE('',*,*,#15379,.F.);
#15379 = EDGE_CURVE('',#15357,#15357,#15380,.T.);
#15380 = SURFACE_CURVE('',#15381,(#15386,#15393),.PCURVE_S1.);
#15381 = CIRCLE('',#15382,2.);
#15382 = AXIS2_PLACEMENT_3D('',#15383,#15384,#15385);
#15383 = CARTESIAN_POINT('',(29.,25.,28.));
#15384 = DIRECTION('',(0.,0.,1.));
#15385 = DIRECTION('',(1.,0.,-0.));
#15386 = PCURVE('',#13015,#15387);
#15387 = DEFINITIONAL_REPRESENTATION('',(#15388),#15392);
#15388 = LINE('',#15389,#15390);
#15389 = CARTESIAN_POINT('',(0.,4.));
#15390 = VECTOR('',#15391,1.);
#15391 = DIRECTION('',(1.,0.));
#15392 = ( GEOMETRIC_REPRESENTATION_CONTEXT(2) 
PARAMETRIC_REPRESENTATION_CONTEXT() REPRESENTATION_CONTEXT('2D SPACE',''
  ) );
#15393 = PCURVE('',#15394,#15399);
#15394 = PLANE('',#15395);
#15395 = AXIS2_PLACEMENT_3D('',#15396,#15397,#15398);
#15396 = CARTESIAN_POINT('',(29.,25.,28.));
#15397 = DIRECTION('',(0.,0.,1.));
#15398 = DIRECTION('',(1.,0.,-0.));
#15399 = DEFINITIONAL_REPRESENTATION('',(#15400),#15404);
#15400 = CIRCLE('',#15401,2.);
#15401 = AXIS2_PLACEMENT_2D('',#15402,#15403);
#15402 = CARTESIAN_POINT('',(0.,0.));
#15403 = DIRECTION('',(1.,0.));
#15404 = ( GEOMETRIC_REPRESENTATION_CONTEXT(2) 
PARAMETRIC_REPRESENTATION_CONTEXT() REPRESENTATION_CONTEXT('2D SPACE',''
  ) );
#15405 = ORIENTED_EDGE('',*,*,#15356,.F.);
#15406 = ORIENTED_EDGE('',*,*,#12998,.T.);
#15407 = ADVANCED_FACE('',(#15408),#13046,.F.);
#15408 = FACE_BOUND('',#15409,.F.);
#15409 = EDGE_LOOP('',(#15410,#15433,#15460,#15461));
#15410 = ORIENTED_EDGE('',*,*,#15411,.T.);
#15411 = EDGE_CURVE('',#13030,#15412,#15414,.T.);
#15412 = VERTEX_POINT('',#15413);
#15413 = CARTESIAN_POINT('',(54.3,19.,28.));
#15414 = SEAM_CURVE('',#15415,(#15419,#15426),.PCURVE_S1.);
#15415 = LINE('',#15416,#15417);
#15416 = CARTESIAN_POINT('',(54.3,19.,24.));
#15417 = VECTOR('',#15418,1.);
#15418 = DIRECTION('',(0.,0.,1.));
#15419 = PCURVE('',#13046,#15420);
#15420 = DEFINITIONAL_REPRESENTATION('',(#15421),#15425);
#15421 = LINE('',#15422,#15423);
#15422 = CARTESIAN_POINT('',(6.28318530718,-0.));
#15423 = VECTOR('',#15424,1.);
#15424 = DIRECTION('',(0.,1.));
#15425 = ( GEOMETRIC_REPRESENTATION_CONTEXT(2) 
PARAMETRIC_REPRESENTATION_CONTEXT() REPRESENTATION_CONTEXT('2D SPACE',''
  ) );
#15426 = PCURVE('',#13046,#15427);
#15427 = DEFINITIONAL_REPRESENTATION('',(#15428),#15432);
#15428 = LINE('',#15429,#15430);
#15429 = CARTESIAN_POINT('',(0.,-0.));
#15430 = VECTOR('',#15431,1.);
#15431 = DIRECTION('',(0.,1.));
#15432 = ( GEOMETRIC_REPRESENTATION_CONTEXT(2) 
PARAMETRIC_REPRESENTATION_CONTEXT() REPRESENTATION_CONTEXT('2D SPACE',''
  ) );
#15433 = ORIENTED_EDGE('',*,*,#15434,.F.);
#15434 = EDGE_CURVE('',#15412,#15412,#15435,.T.);
#15435 = SURFACE_CURVE('',#15436,(#15441,#15448),.PCURVE_S1.);
#15436 = CIRCLE('',#15437,2.3);
#15437 = AXIS2_PLACEMENT_3D('',#15438,#15439,#15440);
#15438 = CARTESIAN_POINT('',(52.,19.,28.));
#15439 = DIRECTION('',(0.,0.,1.));
#15440 = DIRECTION('',(1.,0.,-0.));
#15441 = PCURVE('',#13046,#15442);
#15442 = DEFINITIONAL_REPRESENTATION('',(#15443),#15447);
#15443 = LINE('',#15444,#15445);
#15444 = CARTESIAN_POINT('',(0.,4.));
#15445 = VECTOR('',#15446,1.);
#15446 = DIRECTION('',(1.,0.));
#15447 = ( GEOMETRIC_REPRESENTATION_CONTEXT(2) 
PARAMETRIC_REPRESENTATION_CONTEXT() REPRESENTATION_CONTEXT('2D SPACE',''
  ) );
#15448 = PCURVE('',#15449,#15454);
#15449 = PLANE('',#15450);
#15450 = AXIS2_PLACEMENT_3D('',#15451,#15452,#15453);
#15451 = CARTESIAN_POINT('',(52.,19.,28.));
#15452 = DIRECTION('',(0.,0.,1.));
#15453 = DIRECTION('',(1.,0.,-0.));
#15454 = DEFINITIONAL_REPRESENTATION('',(#15455),#15459);
#15455 = CIRCLE('',#15456,2.3);
#15456 = AXIS2_PLACEMENT_2D('',#15457,#15458);
#15457 = CARTESIAN_POINT('',(0.,0.));
#15458 = DIRECTION('',(1.,0.));
#15459 = ( GEOMETRIC_REPRESENTATION_CONTEXT(2) 
PARAMETRIC_REPRESENTATION_CONTEXT() REPRESENTATION_CONTEXT('2D SPACE',''
  ) );
#15460 = ORIENTED_EDGE('',*,*,#15411,.F.);
#15461 = ORIENTED_EDGE('',*,*,#13029,.T.);
#15462 = ADVANCED_FACE('',(#15463),#13077,.F.);
#15463 = FACE_BOUND('',#15464,.F.);
#15464 = EDGE_LOOP('',(#15465,#15488,#15515,#15516));
#15465 = ORIENTED_EDGE('',*,*,#15466,.T.);
#15466 = EDGE_CURVE('',#13061,#15467,#15469,.T.);
#15467 = VERTEX_POINT('',#15468);
#15468 = CARTESIAN_POINT('',(64.3,19.,28.));
#15469 = SEAM_CURVE('',#15470,(#15474,#15481),.PCURVE_S1.);
#15470 = LINE('',#15471,#15472);
#15471 = CARTESIAN_POINT('',(64.3,19.,24.));
#15472 = VECTOR('',#15473,1.);
#15473 = DIRECTION('',(0.,0.,1.));
#15474 = PCURVE('',#13077,#15475);
#15475 = DEFINITIONAL_REPRESENTATION('',(#15476),#15480);
#15476 = LINE('',#15477,#15478);
#15477 = CARTESIAN_POINT('',(6.28318530718,-0.));
#15478 = VECTOR('',#15479,1.);
#15479 = DIRECTION('',(0.,1.));
#15480 = ( GEOMETRIC_REPRESENTATION_CONTEXT(2) 
PARAMETRIC_REPRESENTATION_CONTEXT() REPRESENTATION_CONTEXT('2D SPACE',''
  ) );
#15481 = PCURVE('',#13077,#15482);
#15482 = DEFINITIONAL_REPRESENTATION('',(#15483),#15487);
#15483 = LINE('',#15484,#15485);
#15484 = CARTESIAN_POINT('',(0.,-0.));
#15485 = VECTOR('',#15486,1.);
#15486 = DIRECTION('',(0.,1.));
#15487 = ( GEOMETRIC_REPRESENTATION_CONTEXT(2) 
PARAMETRIC_REPRESENTATION_CONTEXT() REPRESENTATION_CONTEXT('2D SPACE',''
  ) );
#15488 = ORIENTED_EDGE('',*,*,#15489,.F.);
#15489 = EDGE_CURVE('',#15467,#15467,#15490,.T.);
#15490 = SURFACE_CURVE('',#15491,(#15496,#15503),.PCURVE_S1.);
#15491 = CIRCLE('',#15492,2.3);
#15492 = AXIS2_PLACEMENT_3D('',#15493,#15494,#15495);
#15493 = CARTESIAN_POINT('',(62.,19.,28.));
#15494 = DIRECTION('',(0.,0.,1.));
#15495 = DIRECTION('',(1.,0.,-0.));
#15496 = PCURVE('',#13077,#15497);
#15497 = DEFINITIONAL_REPRESENTATION('',(#15498),#15502);
#15498 = LINE('',#15499,#15500);
#15499 = CARTESIAN_POINT('',(0.,4.));
#15500 = VECTOR('',#15501,1.);
#15501 = DIRECTION('',(1.,0.));
#15502 = ( GEOMETRIC_REPRESENTATION_CONTEXT(2) 
PARAMETRIC_REPRESENTATION_CONTEXT() REPRESENTATION_CONTEXT('2D SPACE',''
  ) );
#15503 = PCURVE('',#15504,#15509);
#15504 = PLANE('',#15505);
#15505 = AXIS2_PLACEMENT_3D('',#15506,#15507,#15508);
#15506 = CARTESIAN_POINT('',(62.,19.,28.));
#15507 = DIRECTION('',(0.,0.,1.));
#15508 = DIRECTION('',(1.,0.,-0.));
#15509 = DEFINITIONAL_REPRESENTATION('',(#15510),#15514);
#15510 = CIRCLE('',#15511,2.3);
#15511 = AXIS2_PLACEMENT_2D('',#15512,#15513);
#15512 = CARTESIAN_POINT('',(0.,0.));
#15513 = DIRECTION('',(1.,0.));
#15514 = ( GEOMETRIC_REPRESENTATION_CONTEXT(2) 
PARAMETRIC_REPRESENTATION_CONTEXT() REPRESENTATION_CONTEXT('2D SPACE',''
  ) );
#15515 = ORIENTED_EDGE('',*,*,#15466,.F.);
#15516 = ORIENTED_EDGE('',*,*,#13060,.T.);
#15517 = ADVANCED_FACE('',(#15518),#13108,.F.);
#15518 = FACE_BOUND('',#15519,.F.);
#15519 = EDGE_LOOP('',(#15520,#15543,#15570,#15571));
#15520 = ORIENTED_EDGE('',*,*,#15521,.T.);
#15521 = EDGE_CURVE('',#13092,#15522,#15524,.T.);
#15522 = VERTEX_POINT('',#15523);
#15523 = CARTESIAN_POINT('',(74.3,19.,28.));
#15524 = SEAM_CURVE('',#15525,(#15529,#15536),.PCURVE_S1.);
#15525 = LINE('',#15526,#15527);
#15526 = CARTESIAN_POINT('',(74.3,19.,24.));
#15527 = VECTOR('',#15528,1.);
#15528 = DIRECTION('',(0.,0.,1.));
#15529 = PCURVE('',#13108,#15530);
#15530 = DEFINITIONAL_REPRESENTATION('',(#15531),#15535);
#15531 = LINE('',#15532,#15533);
#15532 = CARTESIAN_POINT('',(6.28318530718,-0.));
#15533 = VECTOR('',#15534,1.);
#15534 = DIRECTION('',(0.,1.));
#15535 = ( GEOMETRIC_REPRESENTATION_CONTEXT(2) 
PARAMETRIC_REPRESENTATION_CONTEXT() REPRESENTATION_CONTEXT('2D SPACE',''
  ) );
#15536 = PCURVE('',#13108,#15537);
#15537 = DEFINITIONAL_REPRESENTATION('',(#15538),#15542);
#15538 = LINE('',#15539,#15540);
#15539 = CARTESIAN_POINT('',(0.,-0.));
#15540 = VECTOR('',#15541,1.);
#15541 = DIRECTION('',(0.,1.));
#15542 = ( GEOMETRIC_REPRESENTATION_CONTEXT(2) 
PARAMETRIC_REPRESENTATION_CONTEXT() REPRESENTATION_CONTEXT('2D SPACE',''
  ) );
#15543 = ORIENTED_EDGE('',*,*,#15544,.F.);
#15544 = EDGE_CURVE('',#15522,#15522,#15545,.T.);
#15545 = SURFACE_CURVE('',#15546,(#15551,#15558),.PCURVE_S1.);
#15546 = CIRCLE('',#15547,2.3);
#15547 = AXIS2_PLACEMENT_3D('',#15548,#15549,#15550);
#15548 = CARTESIAN_POINT('',(72.,19.,28.));
#15549 = DIRECTION('',(0.,0.,1.));
#15550 = DIRECTION('',(1.,0.,-0.));
#15551 = PCURVE('',#13108,#15552);
#15552 = DEFINITIONAL_REPRESENTATION('',(#15553),#15557);
#15553 = LINE('',#15554,#15555);
#15554 = CARTESIAN_POINT('',(0.,4.));
#15555 = VECTOR('',#15556,1.);
#15556 = DIRECTION('',(1.,0.));
#15557 = ( GEOMETRIC_REPRESENTATION_CONTEXT(2) 
PARAMETRIC_REPRESENTATION_CONTEXT() REPRESENTATION_CONTEXT('2D SPACE',''
  ) );
#15558 = PCURVE('',#15559,#15564);
#15559 = PLANE('',#15560);
#15560 = AXIS2_PLACEMENT_3D('',#15561,#15562,#15563);
#15561 = CARTESIAN_POINT('',(72.,19.,28.));
#15562 = DIRECTION('',(0.,0.,1.));
#15563 = DIRECTION('',(1.,0.,-0.));
#15564 = DEFINITIONAL_REPRESENTATION('',(#15565),#15569);
#15565 = CIRCLE('',#15566,2.3);
#15566 = AXIS2_PLACEMENT_2D('',#15567,#15568);
#15567 = CARTESIAN_POINT('',(0.,0.));
#15568 = DIRECTION('',(1.,0.));
#15569 = ( GEOMETRIC_REPRESENTATION_CONTEXT(2) 
PARAMETRIC_REPRESENTATION_CONTEXT() REPRESENTATION_CONTEXT('2D SPACE',''
  ) );
#15570 = ORIENTED_EDGE('',*,*,#15521,.F.);
#15571 = ORIENTED_EDGE('',*,*,#13091,.T.);
#15572 = ADVANCED_FACE('',(#15573),#13139,.F.);
#15573 = FACE_BOUND('',#15574,.F.);
#15574 = EDGE_LOOP('',(#15575,#15598,#15625,#15626));
#15575 = ORIENTED_EDGE('',*,*,#15576,.T.);
#15576 = EDGE_CURVE('',#13123,#15577,#15579,.T.);
#15577 = VERTEX_POINT('',#15578);
#15578 = CARTESIAN_POINT('',(99.8,59.,28.));
#15579 = SEAM_CURVE('',#15580,(#15584,#15591),.PCURVE_S1.);
#15580 = LINE('',#15581,#15582);
#15581 = CARTESIAN_POINT('',(99.8,59.,24.));
#15582 = VECTOR('',#15583,1.);
#15583 = DIRECTION('',(0.,0.,1.));
#15584 = PCURVE('',#13139,#15585);
#15585 = DEFINITIONAL_REPRESENTATION('',(#15586),#15590);
#15586 = LINE('',#15587,#15588);
#15587 = CARTESIAN_POINT('',(6.28318530718,-0.));
#15588 = VECTOR('',#15589,1.);
#15589 = DIRECTION('',(0.,1.));
#15590 = ( GEOMETRIC_REPRESENTATION_CONTEXT(2) 
PARAMETRIC_REPRESENTATION_CONTEXT() REPRESENTATION_CONTEXT('2D SPACE',''
  ) );
#15591 = PCURVE('',#13139,#15592);
#15592 = DEFINITIONAL_REPRESENTATION('',(#15593),#15597);
#15593 = LINE('',#15594,#15595);
#15594 = CARTESIAN_POINT('',(0.,-0.));
#15595 = VECTOR('',#15596,1.);
#15596 = DIRECTION('',(0.,1.));
#15597 = ( GEOMETRIC_REPRESENTATION_CONTEXT(2) 
PARAMETRIC_REPRESENTATION_CONTEXT() REPRESENTATION_CONTEXT('2D SPACE',''
  ) );
#15598 = ORIENTED_EDGE('',*,*,#15599,.F.);
#15599 = EDGE_CURVE('',#15577,#15577,#15600,.T.);
#15600 = SURFACE_CURVE('',#15601,(#15606,#15613),.PCURVE_S1.);
#15601 = CIRCLE('',#15602,1.8);
#15602 = AXIS2_PLACEMENT_3D('',#15603,#15604,#15605);
#15603 = CARTESIAN_POINT('',(98.,59.,28.));
#15604 = DIRECTION('',(0.,0.,1.));
#15605 = DIRECTION('',(1.,0.,-0.));
#15606 = PCURVE('',#13139,#15607);
#15607 = DEFINITIONAL_REPRESENTATION('',(#15608),#15612);
#15608 = LINE('',#15609,#15610);
#15609 = CARTESIAN_POINT('',(0.,4.));
#15610 = VECTOR('',#15611,1.);
#15611 = DIRECTION('',(1.,0.));
#15612 = ( GEOMETRIC_REPRESENTATION_CONTEXT(2) 
PARAMETRIC_REPRESENTATION_CONTEXT() REPRESENTATION_CONTEXT('2D SPACE',''
  ) );
#15613 = PCURVE('',#15614,#15619);
#15614 = PLANE('',#15615);
#15615 = AXIS2_PLACEMENT_3D('',#15616,#15617,#15618);
#15616 = CARTESIAN_POINT('',(98.,59.,28.));
#15617 = DIRECTION('',(0.,0.,1.));
#15618 = DIRECTION('',(1.,0.,-0.));
#15619 = DEFINITIONAL_REPRESENTATION('',(#15620),#15624);
#15620 = CIRCLE('',#15621,1.8);
#15621 = AXIS2_PLACEMENT_2D('',#15622,#15623);
#15622 = CARTESIAN_POINT('',(0.,0.));
#15623 = DIRECTION('',(1.,0.));
#15624 = ( GEOMETRIC_REPRESENTATION_CONTEXT(2) 
PARAMETRIC_REPRESENTATION_CONTEXT() REPRESENTATION_CONTEXT('2D SPACE',''
  ) );
#15625 = ORIENTED_EDGE('',*,*,#15576,.F.);
#15626 = ORIENTED_EDGE('',*,*,#13122,.T.);
#15627 = ADVANCED_FACE('',(#15628),#14202,.F.);
#15628 = FACE_BOUND('',#15629,.F.);
#15629 = EDGE_LOOP('',(#15630));
#15630 = ORIENTED_EDGE('',*,*,#14187,.T.);
#15631 = ADVANCED_FACE('',(#15632),#14365,.F.);
#15632 = FACE_BOUND('',#15633,.F.);
#15633 = EDGE_LOOP('',(#15634));
#15634 = ORIENTED_EDGE('',*,*,#14350,.T.);
#15635 = ADVANCED_FACE('',(#15636),#15284,.F.);
#15636 = FACE_BOUND('',#15637,.F.);
#15637 = EDGE_LOOP('',(#15638));
#15638 = ORIENTED_EDGE('',*,*,#15269,.T.);
#15639 = ADVANCED_FACE('',(#15640),#15339,.F.);
#15640 = FACE_BOUND('',#15641,.F.);
#15641 = EDGE_LOOP('',(#15642));
#15642 = ORIENTED_EDGE('',*,*,#15324,.T.);
#15643 = ADVANCED_FACE('',(#15644),#15394,.F.);
#15644 = FACE_BOUND('',#15645,.F.);
#15645 = EDGE_LOOP('',(#15646));
#15646 = ORIENTED_EDGE('',*,*,#15379,.T.);
#15647 = ADVANCED_FACE('',(#15648),#15449,.F.);
#15648 = FACE_BOUND('',#15649,.F.);
#15649 = EDGE_LOOP('',(#15650));
#15650 = ORIENTED_EDGE('',*,*,#15434,.T.);
#15651 = ADVANCED_FACE('',(#15652),#15504,.F.);
#15652 = FACE_BOUND('',#15653,.F.);
#15653 = EDGE_LOOP('',(#15654));
#15654 = ORIENTED_EDGE('',*,*,#15489,.T.);
#15655 = ADVANCED_FACE('',(#15656),#15559,.F.);
#15656 = FACE_BOUND('',#15657,.F.);
#15657 = EDGE_LOOP('',(#15658));
#15658 = ORIENTED_EDGE('',*,*,#15544,.T.);
#15659 = ADVANCED_FACE('',(#15660),#15614,.F.);
#15660 = FACE_BOUND('',#15661,.F.);
#15661 = EDGE_LOOP('',(#15662));
#15662 = ORIENTED_EDGE('',*,*,#15599,.T.);
#15663 = ( GEOMETRIC_REPRESENTATION_CONTEXT(3) 
GLOBAL_UNCERTAINTY_ASSIGNED_CONTEXT((#15667)) 
GLOBAL_UNIT_ASSIGNED_CONTEXT((#15664,#15665,#15666)) 
REPRESENTATION_CONTEXT('Context #1',
  '3D Context with UNIT and UNCERTAINTY') );
#15664 = ( LENGTH_UNIT() NAMED_UNIT(*) SI_UNIT(.MILLI.,.METRE.) );
#15665 = ( NAMED_UNIT(*) PLANE_ANGLE_UNIT() SI_UNIT($,.RADIAN.) );
#15666 = ( NAMED_UNIT(*) SI_UNIT($,.STERADIAN.) SOLID_ANGLE_UNIT() );
#15667 = UNCERTAINTY_MEASURE_WITH_UNIT(LENGTH_MEASURE(1.E-07),#15664,
  'distance_accuracy_value','confusion accuracy');
#15668 = CONTEXT_DEPENDENT_SHAPE_REPRESENTATION(#15669,#15671);
#15669 = ( REPRESENTATION_RELATIONSHIP('','',#11502,#10) 
REPRESENTATION_RELATIONSHIP_WITH_TRANSFORMATION(#15670) 
SHAPE_REPRESENTATION_RELATIONSHIP() );
#15670 = ITEM_DEFINED_TRANSFORMATION('','',#11,#23);
#15671 = PRODUCT_DEFINITION_SHAPE('Placement','Placement of an item',
  #15672);
#15672 = NEXT_ASSEMBLY_USAGE_OCCURRENCE('23','removable_service_cover',
  '',#5,#11497,$);
#15673 = PRODUCT_RELATED_PRODUCT_CATEGORY('part',$,(#11499));
#15674 = SHAPE_DEFINITION_REPRESENTATION(#15675,#15681);
#15675 = PRODUCT_DEFINITION_SHAPE('','',#15676);
#15676 = PRODUCT_DEFINITION('design','',#15677,#15680);
#15677 = PRODUCT_DEFINITION_FORMATION('','',#15678);
#15678 = PRODUCT('display_subsystem','display_subsystem','',(#15679));
#15679 = PRODUCT_CONTEXT('',#2,'mechanical');
#15680 = PRODUCT_DEFINITION_CONTEXT('part definition',#2,'design');
#15681 = SHAPE_REPRESENTATION('',(#11,#15682,#15686),#15690);
#15682 = AXIS2_PLACEMENT_3D('',#15683,#15684,#15685);
#15683 = CARTESIAN_POINT('',(0.,0.,4.5));
#15684 = DIRECTION('',(0.,0.,1.));
#15685 = DIRECTION('',(1.,0.,-0.));
#15686 = AXIS2_PLACEMENT_3D('',#15687,#15688,#15689);
#15687 = CARTESIAN_POINT('',(0.,0.,4.15));
#15688 = DIRECTION('',(0.,0.,1.));
#15689 = DIRECTION('',(1.,0.,-0.));
#15690 = ( GEOMETRIC_REPRESENTATION_CONTEXT(3) 
GLOBAL_UNCERTAINTY_ASSIGNED_CONTEXT((#15694)) 
GLOBAL_UNIT_ASSIGNED_CONTEXT((#15691,#15692,#15693)) 
REPRESENTATION_CONTEXT('Context #1',
  '3D Context with UNIT and UNCERTAINTY') );
#15691 = ( LENGTH_UNIT() NAMED_UNIT(*) SI_UNIT(.MILLI.,.METRE.) );
#15692 = ( NAMED_UNIT(*) PLANE_ANGLE_UNIT() SI_UNIT($,.RADIAN.) );
#15693 = ( NAMED_UNIT(*) SI_UNIT($,.STERADIAN.) SOLID_ANGLE_UNIT() );
#15694 = UNCERTAINTY_MEASURE_WITH_UNIT(LENGTH_MEASURE(1.E-07),#15691,
  'distance_accuracy_value','confusion accuracy');
#15695 = CONTEXT_DEPENDENT_SHAPE_REPRESENTATION(#15696,#15698);
#15696 = ( REPRESENTATION_RELATIONSHIP('','',#15681,#10) 
REPRESENTATION_RELATIONSHIP_WITH_TRANSFORMATION(#15697) 
SHAPE_REPRESENTATION_RELATIONSHIP() );
#15697 = ITEM_DEFINED_TRANSFORMATION('','',#11,#27);
#15698 = PRODUCT_DEFINITION_SHAPE('Placement','Placement of an item',
  #15699);
#15699 = NEXT_ASSEMBLY_USAGE_OCCURRENCE('26','display_subsystem','',#5,
  #15676,$);
#15700 = PRODUCT_RELATED_PRODUCT_CATEGORY('part',$,(#15678));
#15701 = SHAPE_DEFINITION_REPRESENTATION(#15702,#15708);
#15702 = PRODUCT_DEFINITION_SHAPE('','',#15703);
#15703 = PRODUCT_DEFINITION('design','',#15704,#15707);
#15704 = PRODUCT_DEFINITION_FORMATION('','',#15705);
#15705 = PRODUCT('ER-TFTM070-4V3_documented_max_envelope',
  'ER-TFTM070-4V3_documented_max_envelope','',(#15706));
#15706 = PRODUCT_CONTEXT('',#2,'mechanical');
#15707 = PRODUCT_DEFINITION_CONTEXT('part definition',#2,'design');
#15708 = ADVANCED_BREP_SHAPE_REPRESENTATION('',(#11,#15709),#16039);
#15709 = MANIFOLD_SOLID_BREP('',#15710);
#15710 = CLOSED_SHELL('',(#15711,#15831,#15931,#15978,#16025,#16032));
#15711 = ADVANCED_FACE('',(#15712),#15726,.F.);
#15712 = FACE_BOUND('',#15713,.F.);
#15713 = EDGE_LOOP('',(#15714,#15749,#15777,#15805));
#15714 = ORIENTED_EDGE('',*,*,#15715,.F.);
#15715 = EDGE_CURVE('',#15716,#15718,#15720,.T.);
#15716 = VERTEX_POINT('',#15717);
#15717 = CARTESIAN_POINT('',(-90.,-50.,0.));
#15718 = VERTEX_POINT('',#15719);
#15719 = CARTESIAN_POINT('',(-90.,-50.,12.8));
#15720 = SURFACE_CURVE('',#15721,(#15725,#15737),.PCURVE_S1.);
#15721 = LINE('',#15722,#15723);
#15722 = CARTESIAN_POINT('',(-90.,-50.,0.));
#15723 = VECTOR('',#15724,1.);
#15724 = DIRECTION('',(0.,0.,1.));
#15725 = PCURVE('',#15726,#15731);
#15726 = PLANE('',#15727);
#15727 = AXIS2_PLACEMENT_3D('',#15728,#15729,#15730);
#15728 = CARTESIAN_POINT('',(-90.,-50.,0.));
#15729 = DIRECTION('',(1.,0.,-0.));
#15730 = DIRECTION('',(0.,0.,1.));
#15731 = DEFINITIONAL_REPRESENTATION('',(#15732),#15736);
#15732 = LINE('',#15733,#15734);
#15733 = CARTESIAN_POINT('',(0.,0.));
#15734 = VECTOR('',#15735,1.);
#15735 = DIRECTION('',(1.,0.));
#15736 = ( GEOMETRIC_REPRESENTATION_CONTEXT(2) 
PARAMETRIC_REPRESENTATION_CONTEXT() REPRESENTATION_CONTEXT('2D SPACE',''
  ) );
#15737 = PCURVE('',#15738,#15743);
#15738 = PLANE('',#15739);
#15739 = AXIS2_PLACEMENT_3D('',#15740,#15741,#15742);
#15740 = CARTESIAN_POINT('',(-90.,-50.,0.));
#15741 = DIRECTION('',(-0.,1.,0.));
#15742 = DIRECTION('',(0.,0.,1.));
#15743 = DEFINITIONAL_REPRESENTATION('',(#15744),#15748);
#15744 = LINE('',#15745,#15746);
#15745 = CARTESIAN_POINT('',(0.,0.));
#15746 = VECTOR('',#15747,1.);
#15747 = DIRECTION('',(1.,0.));
#15748 = ( GEOMETRIC_REPRESENTATION_CONTEXT(2) 
PARAMETRIC_REPRESENTATION_CONTEXT() REPRESENTATION_CONTEXT('2D SPACE',''
  ) );
#15749 = ORIENTED_EDGE('',*,*,#15750,.T.);
#15750 = EDGE_CURVE('',#15716,#15751,#15753,.T.);
#15751 = VERTEX_POINT('',#15752);
#15752 = CARTESIAN_POINT('',(-90.,50.,0.));
#15753 = SURFACE_CURVE('',#15754,(#15758,#15765),.PCURVE_S1.);
#15754 = LINE('',#15755,#15756);
#15755 = CARTESIAN_POINT('',(-90.,-50.,0.));
#15756 = VECTOR('',#15757,1.);
#15757 = DIRECTION('',(-0.,1.,0.));
#15758 = PCURVE('',#15726,#15759);
#15759 = DEFINITIONAL_REPRESENTATION('',(#15760),#15764);
#15760 = LINE('',#15761,#15762);
#15761 = CARTESIAN_POINT('',(0.,0.));
#15762 = VECTOR('',#15763,1.);
#15763 = DIRECTION('',(0.,-1.));
#15764 = ( GEOMETRIC_REPRESENTATION_CONTEXT(2) 
PARAMETRIC_REPRESENTATION_CONTEXT() REPRESENTATION_CONTEXT('2D SPACE',''
  ) );
#15765 = PCURVE('',#15766,#15771);
#15766 = PLANE('',#15767);
#15767 = AXIS2_PLACEMENT_3D('',#15768,#15769,#15770);
#15768 = CARTESIAN_POINT('',(-90.,-50.,0.));
#15769 = DIRECTION('',(0.,0.,1.));
#15770 = DIRECTION('',(1.,0.,-0.));
#15771 = DEFINITIONAL_REPRESENTATION('',(#15772),#15776);
#15772 = LINE('',#15773,#15774);
#15773 = CARTESIAN_POINT('',(0.,0.));
#15774 = VECTOR('',#15775,1.);
#15775 = DIRECTION('',(0.,1.));
#15776 = ( GEOMETRIC_REPRESENTATION_CONTEXT(2) 
PARAMETRIC_REPRESENTATION_CONTEXT() REPRESENTATION_CONTEXT('2D SPACE',''
  ) );
#15777 = ORIENTED_EDGE('',*,*,#15778,.T.);
#15778 = EDGE_CURVE('',#15751,#15779,#15781,.T.);
#15779 = VERTEX_POINT('',#15780);
#15780 = CARTESIAN_POINT('',(-90.,50.,12.8));
#15781 = SURFACE_CURVE('',#15782,(#15786,#15793),.PCURVE_S1.);
#15782 = LINE('',#15783,#15784);
#15783 = CARTESIAN_POINT('',(-90.,50.,0.));
#15784 = VECTOR('',#15785,1.);
#15785 = DIRECTION('',(0.,0.,1.));
#15786 = PCURVE('',#15726,#15787);
#15787 = DEFINITIONAL_REPRESENTATION('',(#15788),#15792);
#15788 = LINE('',#15789,#15790);
#15789 = CARTESIAN_POINT('',(0.,-100.));
#15790 = VECTOR('',#15791,1.);
#15791 = DIRECTION('',(1.,0.));
#15792 = ( GEOMETRIC_REPRESENTATION_CONTEXT(2) 
PARAMETRIC_REPRESENTATION_CONTEXT() REPRESENTATION_CONTEXT('2D SPACE',''
  ) );
#15793 = PCURVE('',#15794,#15799);
#15794 = PLANE('',#15795);
#15795 = AXIS2_PLACEMENT_3D('',#15796,#15797,#15798);
#15796 = CARTESIAN_POINT('',(-90.,50.,0.));
#15797 = DIRECTION('',(-0.,1.,0.));
#15798 = DIRECTION('',(0.,0.,1.));
#15799 = DEFINITIONAL_REPRESENTATION('',(#15800),#15804);
#15800 = LINE('',#15801,#15802);
#15801 = CARTESIAN_POINT('',(0.,0.));
#15802 = VECTOR('',#15803,1.);
#15803 = DIRECTION('',(1.,0.));
#15804 = ( GEOMETRIC_REPRESENTATION_CONTEXT(2) 
PARAMETRIC_REPRESENTATION_CONTEXT() REPRESENTATION_CONTEXT('2D SPACE',''
  ) );
#15805 = ORIENTED_EDGE('',*,*,#15806,.F.);
#15806 = EDGE_CURVE('',#15718,#15779,#15807,.T.);
#15807 = SURFACE_CURVE('',#15808,(#15812,#15819),.PCURVE_S1.);
#15808 = LINE('',#15809,#15810);
#15809 = CARTESIAN_POINT('',(-90.,-50.,12.8));
#15810 = VECTOR('',#15811,1.);
#15811 = DIRECTION('',(-0.,1.,0.));
#15812 = PCURVE('',#15726,#15813);
#15813 = DEFINITIONAL_REPRESENTATION('',(#15814),#15818);
#15814 = LINE('',#15815,#15816);
#15815 = CARTESIAN_POINT('',(12.8,0.));
#15816 = VECTOR('',#15817,1.);
#15817 = DIRECTION('',(0.,-1.));
#15818 = ( GEOMETRIC_REPRESENTATION_CONTEXT(2) 
PARAMETRIC_REPRESENTATION_CONTEXT() REPRESENTATION_CONTEXT('2D SPACE',''
  ) );
#15819 = PCURVE('',#15820,#15825);
#15820 = PLANE('',#15821);
#15821 = AXIS2_PLACEMENT_3D('',#15822,#15823,#15824);
#15822 = CARTESIAN_POINT('',(-90.,-50.,12.8));
#15823 = DIRECTION('',(0.,0.,1.));
#15824 = DIRECTION('',(1.,0.,-0.));
#15825 = DEFINITIONAL_REPRESENTATION('',(#15826),#15830);
#15826 = LINE('',#15827,#15828);
#15827 = CARTESIAN_POINT('',(0.,0.));
#15828 = VECTOR('',#15829,1.);
#15829 = DIRECTION('',(0.,1.));
#15830 = ( GEOMETRIC_REPRESENTATION_CONTEXT(2) 
PARAMETRIC_REPRESENTATION_CONTEXT() REPRESENTATION_CONTEXT('2D SPACE',''
  ) );
#15831 = ADVANCED_FACE('',(#15832),#15846,.T.);
#15832 = FACE_BOUND('',#15833,.T.);
#15833 = EDGE_LOOP('',(#15834,#15864,#15887,#15910));
#15834 = ORIENTED_EDGE('',*,*,#15835,.F.);
#15835 = EDGE_CURVE('',#15836,#15838,#15840,.T.);
#15836 = VERTEX_POINT('',#15837);
#15837 = CARTESIAN_POINT('',(90.,-50.,0.));
#15838 = VERTEX_POINT('',#15839);
#15839 = CARTESIAN_POINT('',(90.,-50.,12.8));
#15840 = SURFACE_CURVE('',#15841,(#15845,#15857),.PCURVE_S1.);
#15841 = LINE('',#15842,#15843);
#15842 = CARTESIAN_POINT('',(90.,-50.,0.));
#15843 = VECTOR('',#15844,1.);
#15844 = DIRECTION('',(0.,0.,1.));
#15845 = PCURVE('',#15846,#15851);
#15846 = PLANE('',#15847);
#15847 = AXIS2_PLACEMENT_3D('',#15848,#15849,#15850);
#15848 = CARTESIAN_POINT('',(90.,-50.,0.));
#15849 = DIRECTION('',(1.,0.,-0.));
#15850 = DIRECTION('',(0.,0.,1.));
#15851 = DEFINITIONAL_REPRESENTATION('',(#15852),#15856);
#15852 = LINE('',#15853,#15854);
#15853 = CARTESIAN_POINT('',(0.,0.));
#15854 = VECTOR('',#15855,1.);
#15855 = DIRECTION('',(1.,0.));
#15856 = ( GEOMETRIC_REPRESENTATION_CONTEXT(2) 
PARAMETRIC_REPRESENTATION_CONTEXT() REPRESENTATION_CONTEXT('2D SPACE',''
  ) );
#15857 = PCURVE('',#15738,#15858);
#15858 = DEFINITIONAL_REPRESENTATION('',(#15859),#15863);
#15859 = LINE('',#15860,#15861);
#15860 = CARTESIAN_POINT('',(0.,180.));
#15861 = VECTOR('',#15862,1.);
#15862 = DIRECTION('',(1.,0.));
#15863 = ( GEOMETRIC_REPRESENTATION_CONTEXT(2) 
PARAMETRIC_REPRESENTATION_CONTEXT() REPRESENTATION_CONTEXT('2D SPACE',''
  ) );
#15864 = ORIENTED_EDGE('',*,*,#15865,.T.);
#15865 = EDGE_CURVE('',#15836,#15866,#15868,.T.);
#15866 = VERTEX_POINT('',#15867);
#15867 = CARTESIAN_POINT('',(90.,50.,0.));
#15868 = SURFACE_CURVE('',#15869,(#15873,#15880),.PCURVE_S1.);
#15869 = LINE('',#15870,#15871);
#15870 = CARTESIAN_POINT('',(90.,-50.,0.));
#15871 = VECTOR('',#15872,1.);
#15872 = DIRECTION('',(-0.,1.,0.));
#15873 = PCURVE('',#15846,#15874);
#15874 = DEFINITIONAL_REPRESENTATION('',(#15875),#15879);
#15875 = LINE('',#15876,#15877);
#15876 = CARTESIAN_POINT('',(0.,0.));
#15877 = VECTOR('',#15878,1.);
#15878 = DIRECTION('',(0.,-1.));
#15879 = ( GEOMETRIC_REPRESENTATION_CONTEXT(2) 
PARAMETRIC_REPRESENTATION_CONTEXT() REPRESENTATION_CONTEXT('2D SPACE',''
  ) );
#15880 = PCURVE('',#15766,#15881);
#15881 = DEFINITIONAL_REPRESENTATION('',(#15882),#15886);
#15882 = LINE('',#15883,#15884);
#15883 = CARTESIAN_POINT('',(180.,0.));
#15884 = VECTOR('',#15885,1.);
#15885 = DIRECTION('',(0.,1.));
#15886 = ( GEOMETRIC_REPRESENTATION_CONTEXT(2) 
PARAMETRIC_REPRESENTATION_CONTEXT() REPRESENTATION_CONTEXT('2D SPACE',''
  ) );
#15887 = ORIENTED_EDGE('',*,*,#15888,.T.);
#15888 = EDGE_CURVE('',#15866,#15889,#15891,.T.);
#15889 = VERTEX_POINT('',#15890);
#15890 = CARTESIAN_POINT('',(90.,50.,12.8));
#15891 = SURFACE_CURVE('',#15892,(#15896,#15903),.PCURVE_S1.);
#15892 = LINE('',#15893,#15894);
#15893 = CARTESIAN_POINT('',(90.,50.,0.));
#15894 = VECTOR('',#15895,1.);
#15895 = DIRECTION('',(0.,0.,1.));
#15896 = PCURVE('',#15846,#15897);
#15897 = DEFINITIONAL_REPRESENTATION('',(#15898),#15902);
#15898 = LINE('',#15899,#15900);
#15899 = CARTESIAN_POINT('',(0.,-100.));
#15900 = VECTOR('',#15901,1.);
#15901 = DIRECTION('',(1.,0.));
#15902 = ( GEOMETRIC_REPRESENTATION_CONTEXT(2) 
PARAMETRIC_REPRESENTATION_CONTEXT() REPRESENTATION_CONTEXT('2D SPACE',''
  ) );
#15903 = PCURVE('',#15794,#15904);
#15904 = DEFINITIONAL_REPRESENTATION('',(#15905),#15909);
#15905 = LINE('',#15906,#15907);
#15906 = CARTESIAN_POINT('',(0.,180.));
#15907 = VECTOR('',#15908,1.);
#15908 = DIRECTION('',(1.,0.));
#15909 = ( GEOMETRIC_REPRESENTATION_CONTEXT(2) 
PARAMETRIC_REPRESENTATION_CONTEXT() REPRESENTATION_CONTEXT('2D SPACE',''
  ) );
#15910 = ORIENTED_EDGE('',*,*,#15911,.F.);
#15911 = EDGE_CURVE('',#15838,#15889,#15912,.T.);
#15912 = SURFACE_CURVE('',#15913,(#15917,#15924),.PCURVE_S1.);
#15913 = LINE('',#15914,#15915);
#15914 = CARTESIAN_POINT('',(90.,-50.,12.8));
#15915 = VECTOR('',#15916,1.);
#15916 = DIRECTION('',(-0.,1.,0.));
#15917 = PCURVE('',#15846,#15918);
#15918 = DEFINITIONAL_REPRESENTATION('',(#15919),#15923);
#15919 = LINE('',#15920,#15921);
#15920 = CARTESIAN_POINT('',(12.8,0.));
#15921 = VECTOR('',#15922,1.);
#15922 = DIRECTION('',(0.,-1.));
#15923 = ( GEOMETRIC_REPRESENTATION_CONTEXT(2) 
PARAMETRIC_REPRESENTATION_CONTEXT() REPRESENTATION_CONTEXT('2D SPACE',''
  ) );
#15924 = PCURVE('',#15820,#15925);
#15925 = DEFINITIONAL_REPRESENTATION('',(#15926),#15930);
#15926 = LINE('',#15927,#15928);
#15927 = CARTESIAN_POINT('',(180.,0.));
#15928 = VECTOR('',#15929,1.);
#15929 = DIRECTION('',(0.,1.));
#15930 = ( GEOMETRIC_REPRESENTATION_CONTEXT(2) 
PARAMETRIC_REPRESENTATION_CONTEXT() REPRESENTATION_CONTEXT('2D SPACE',''
  ) );
#15931 = ADVANCED_FACE('',(#15932),#15738,.F.);
#15932 = FACE_BOUND('',#15933,.F.);
#15933 = EDGE_LOOP('',(#15934,#15955,#15956,#15977));
#15934 = ORIENTED_EDGE('',*,*,#15935,.F.);
#15935 = EDGE_CURVE('',#15716,#15836,#15936,.T.);
#15936 = SURFACE_CURVE('',#15937,(#15941,#15948),.PCURVE_S1.);
#15937 = LINE('',#15938,#15939);
#15938 = CARTESIAN_POINT('',(-90.,-50.,0.));
#15939 = VECTOR('',#15940,1.);
#15940 = DIRECTION('',(1.,0.,-0.));
#15941 = PCURVE('',#15738,#15942);
#15942 = DEFINITIONAL_REPRESENTATION('',(#15943),#15947);
#15943 = LINE('',#15944,#15945);
#15944 = CARTESIAN_POINT('',(0.,0.));
#15945 = VECTOR('',#15946,1.);
#15946 = DIRECTION('',(0.,1.));
#15947 = ( GEOMETRIC_REPRESENTATION_CONTEXT(2) 
PARAMETRIC_REPRESENTATION_CONTEXT() REPRESENTATION_CONTEXT('2D SPACE',''
  ) );
#15948 = PCURVE('',#15766,#15949);
#15949 = DEFINITIONAL_REPRESENTATION('',(#15950),#15954);
#15950 = LINE('',#15951,#15952);
#15951 = CARTESIAN_POINT('',(0.,0.));
#15952 = VECTOR('',#15953,1.);
#15953 = DIRECTION('',(1.,0.));
#15954 = ( GEOMETRIC_REPRESENTATION_CONTEXT(2) 
PARAMETRIC_REPRESENTATION_CONTEXT() REPRESENTATION_CONTEXT('2D SPACE',''
  ) );
#15955 = ORIENTED_EDGE('',*,*,#15715,.T.);
#15956 = ORIENTED_EDGE('',*,*,#15957,.T.);
#15957 = EDGE_CURVE('',#15718,#15838,#15958,.T.);
#15958 = SURFACE_CURVE('',#15959,(#15963,#15970),.PCURVE_S1.);
#15959 = LINE('',#15960,#15961);
#15960 = CARTESIAN_POINT('',(-90.,-50.,12.8));
#15961 = VECTOR('',#15962,1.);
#15962 = DIRECTION('',(1.,0.,-0.));
#15963 = PCURVE('',#15738,#15964);
#15964 = DEFINITIONAL_REPRESENTATION('',(#15965),#15969);
#15965 = LINE('',#15966,#15967);
#15966 = CARTESIAN_POINT('',(12.8,0.));
#15967 = VECTOR('',#15968,1.);
#15968 = DIRECTION('',(0.,1.));
#15969 = ( GEOMETRIC_REPRESENTATION_CONTEXT(2) 
PARAMETRIC_REPRESENTATION_CONTEXT() REPRESENTATION_CONTEXT('2D SPACE',''
  ) );
#15970 = PCURVE('',#15820,#15971);
#15971 = DEFINITIONAL_REPRESENTATION('',(#15972),#15976);
#15972 = LINE('',#15973,#15974);
#15973 = CARTESIAN_POINT('',(0.,0.));
#15974 = VECTOR('',#15975,1.);
#15975 = DIRECTION('',(1.,0.));
#15976 = ( GEOMETRIC_REPRESENTATION_CONTEXT(2) 
PARAMETRIC_REPRESENTATION_CONTEXT() REPRESENTATION_CONTEXT('2D SPACE',''
  ) );
#15977 = ORIENTED_EDGE('',*,*,#15835,.F.);
#15978 = ADVANCED_FACE('',(#15979),#15794,.T.);
#15979 = FACE_BOUND('',#15980,.T.);
#15980 = EDGE_LOOP('',(#15981,#16002,#16003,#16024));
#15981 = ORIENTED_EDGE('',*,*,#15982,.F.);
#15982 = EDGE_CURVE('',#15751,#15866,#15983,.T.);
#15983 = SURFACE_CURVE('',#15984,(#15988,#15995),.PCURVE_S1.);
#15984 = LINE('',#15985,#15986);
#15985 = CARTESIAN_POINT('',(-90.,50.,0.));
#15986 = VECTOR('',#15987,1.);
#15987 = DIRECTION('',(1.,0.,-0.));
#15988 = PCURVE('',#15794,#15989);
#15989 = DEFINITIONAL_REPRESENTATION('',(#15990),#15994);
#15990 = LINE('',#15991,#15992);
#15991 = CARTESIAN_POINT('',(0.,0.));
#15992 = VECTOR('',#15993,1.);
#15993 = DIRECTION('',(0.,1.));
#15994 = ( GEOMETRIC_REPRESENTATION_CONTEXT(2) 
PARAMETRIC_REPRESENTATION_CONTEXT() REPRESENTATION_CONTEXT('2D SPACE',''
  ) );
#15995 = PCURVE('',#15766,#15996);
#15996 = DEFINITIONAL_REPRESENTATION('',(#15997),#16001);
#15997 = LINE('',#15998,#15999);
#15998 = CARTESIAN_POINT('',(0.,100.));
#15999 = VECTOR('',#16000,1.);
#16000 = DIRECTION('',(1.,0.));
#16001 = ( GEOMETRIC_REPRESENTATION_CONTEXT(2) 
PARAMETRIC_REPRESENTATION_CONTEXT() REPRESENTATION_CONTEXT('2D SPACE',''
  ) );
#16002 = ORIENTED_EDGE('',*,*,#15778,.T.);
#16003 = ORIENTED_EDGE('',*,*,#16004,.T.);
#16004 = EDGE_CURVE('',#15779,#15889,#16005,.T.);
#16005 = SURFACE_CURVE('',#16006,(#16010,#16017),.PCURVE_S1.);
#16006 = LINE('',#16007,#16008);
#16007 = CARTESIAN_POINT('',(-90.,50.,12.8));
#16008 = VECTOR('',#16009,1.);
#16009 = DIRECTION('',(1.,0.,-0.));
#16010 = PCURVE('',#15794,#16011);
#16011 = DEFINITIONAL_REPRESENTATION('',(#16012),#16016);
#16012 = LINE('',#16013,#16014);
#16013 = CARTESIAN_POINT('',(12.8,0.));
#16014 = VECTOR('',#16015,1.);
#16015 = DIRECTION('',(0.,1.));
#16016 = ( GEOMETRIC_REPRESENTATION_CONTEXT(2) 
PARAMETRIC_REPRESENTATION_CONTEXT() REPRESENTATION_CONTEXT('2D SPACE',''
  ) );
#16017 = PCURVE('',#15820,#16018);
#16018 = DEFINITIONAL_REPRESENTATION('',(#16019),#16023);
#16019 = LINE('',#16020,#16021);
#16020 = CARTESIAN_POINT('',(0.,100.));
#16021 = VECTOR('',#16022,1.);
#16022 = DIRECTION('',(1.,0.));
#16023 = ( GEOMETRIC_REPRESENTATION_CONTEXT(2) 
PARAMETRIC_REPRESENTATION_CONTEXT() REPRESENTATION_CONTEXT('2D SPACE',''
  ) );
#16024 = ORIENTED_EDGE('',*,*,#15888,.F.);
#16025 = ADVANCED_FACE('',(#16026),#15766,.F.);
#16026 = FACE_BOUND('',#16027,.F.);
#16027 = EDGE_LOOP('',(#16028,#16029,#16030,#16031));
#16028 = ORIENTED_EDGE('',*,*,#15750,.F.);
#16029 = ORIENTED_EDGE('',*,*,#15935,.T.);
#16030 = ORIENTED_EDGE('',*,*,#15865,.T.);
#16031 = ORIENTED_EDGE('',*,*,#15982,.F.);
#16032 = ADVANCED_FACE('',(#16033),#15820,.T.);
#16033 = FACE_BOUND('',#16034,.T.);
#16034 = EDGE_LOOP('',(#16035,#16036,#16037,#16038));
#16035 = ORIENTED_EDGE('',*,*,#15806,.F.);
#16036 = ORIENTED_EDGE('',*,*,#15957,.T.);
#16037 = ORIENTED_EDGE('',*,*,#15911,.T.);
#16038 = ORIENTED_EDGE('',*,*,#16004,.F.);
#16039 = ( GEOMETRIC_REPRESENTATION_CONTEXT(3) 
GLOBAL_UNCERTAINTY_ASSIGNED_CONTEXT((#16043)) 
GLOBAL_UNIT_ASSIGNED_CONTEXT((#16040,#16041,#16042)) 
REPRESENTATION_CONTEXT('Context #1',
  '3D Context with UNIT and UNCERTAINTY') );
#16040 = ( LENGTH_UNIT() NAMED_UNIT(*) SI_UNIT(.MILLI.,.METRE.) );
#16041 = ( NAMED_UNIT(*) PLANE_ANGLE_UNIT() SI_UNIT($,.RADIAN.) );
#16042 = ( NAMED_UNIT(*) SI_UNIT($,.STERADIAN.) SOLID_ANGLE_UNIT() );
#16043 = UNCERTAINTY_MEASURE_WITH_UNIT(LENGTH_MEASURE(1.E-07),#16040,
  'distance_accuracy_value','confusion accuracy');
#16044 = CONTEXT_DEPENDENT_SHAPE_REPRESENTATION(#16045,#16047);
#16045 = ( REPRESENTATION_RELATIONSHIP('','',#15708,#15681) 
REPRESENTATION_RELATIONSHIP_WITH_TRANSFORMATION(#16046) 
SHAPE_REPRESENTATION_RELATIONSHIP() );
#16046 = ITEM_DEFINED_TRANSFORMATION('','',#11,#15682);
#16047 = PRODUCT_DEFINITION_SHAPE('Placement','Placement of an item',
  #16048);
#16048 = NEXT_ASSEMBLY_USAGE_OCCURRENCE('24',
  'ER-TFTM070-4V3_documented_max_envelope','',#15676,#15703,$);
#16049 = PRODUCT_RELATED_PRODUCT_CATEGORY('part',$,(#15705));
#16050 = SHAPE_DEFINITION_REPRESENTATION(#16051,#16057);
#16051 = PRODUCT_DEFINITION_SHAPE('','',#16052);
#16052 = PRODUCT_DEFINITION('design','',#16053,#16056);
#16053 = PRODUCT_DEFINITION_FORMATION('','',#16054);
#16054 = PRODUCT('display_active_area_154p08x85p92',
  'display_active_area_154p08x85p92','',(#16055));
#16055 = PRODUCT_CONTEXT('',#2,'mechanical');
#16056 = PRODUCT_DEFINITION_CONTEXT('part definition',#2,'design');
#16057 = ADVANCED_BREP_SHAPE_REPRESENTATION('',(#11,#16058),#16388);
#16058 = MANIFOLD_SOLID_BREP('',#16059);
#16059 = CLOSED_SHELL('',(#16060,#16180,#16280,#16327,#16374,#16381));
#16060 = ADVANCED_FACE('',(#16061),#16075,.F.);
#16061 = FACE_BOUND('',#16062,.F.);
#16062 = EDGE_LOOP('',(#16063,#16098,#16126,#16154));
#16063 = ORIENTED_EDGE('',*,*,#16064,.F.);
#16064 = EDGE_CURVE('',#16065,#16067,#16069,.T.);
#16065 = VERTEX_POINT('',#16066);
#16066 = CARTESIAN_POINT('',(-77.04,-42.96,0.));
#16067 = VERTEX_POINT('',#16068);
#16068 = CARTESIAN_POINT('',(-77.04,-42.96,0.35));
#16069 = SURFACE_CURVE('',#16070,(#16074,#16086),.PCURVE_S1.);
#16070 = LINE('',#16071,#16072);
#16071 = CARTESIAN_POINT('',(-77.04,-42.96,0.));
#16072 = VECTOR('',#16073,1.);
#16073 = DIRECTION('',(0.,0.,1.));
#16074 = PCURVE('',#16075,#16080);
#16075 = PLANE('',#16076);
#16076 = AXIS2_PLACEMENT_3D('',#16077,#16078,#16079);
#16077 = CARTESIAN_POINT('',(-77.04,-42.96,0.));
#16078 = DIRECTION('',(1.,0.,-0.));
#16079 = DIRECTION('',(0.,0.,1.));
#16080 = DEFINITIONAL_REPRESENTATION('',(#16081),#16085);
#16081 = LINE('',#16082,#16083);
#16082 = CARTESIAN_POINT('',(0.,0.));
#16083 = VECTOR('',#16084,1.);
#16084 = DIRECTION('',(1.,0.));
#16085 = ( GEOMETRIC_REPRESENTATION_CONTEXT(2) 
PARAMETRIC_REPRESENTATION_CONTEXT() REPRESENTATION_CONTEXT('2D SPACE',''
  ) );
#16086 = PCURVE('',#16087,#16092);
#16087 = PLANE('',#16088);
#16088 = AXIS2_PLACEMENT_3D('',#16089,#16090,#16091);
#16089 = CARTESIAN_POINT('',(-77.04,-42.96,0.));
#16090 = DIRECTION('',(-0.,1.,0.));
#16091 = DIRECTION('',(0.,0.,1.));
#16092 = DEFINITIONAL_REPRESENTATION('',(#16093),#16097);
#16093 = LINE('',#16094,#16095);
#16094 = CARTESIAN_POINT('',(0.,0.));
#16095 = VECTOR('',#16096,1.);
#16096 = DIRECTION('',(1.,0.));
#16097 = ( GEOMETRIC_REPRESENTATION_CONTEXT(2) 
PARAMETRIC_REPRESENTATION_CONTEXT() REPRESENTATION_CONTEXT('2D SPACE',''
  ) );
#16098 = ORIENTED_EDGE('',*,*,#16099,.T.);
#16099 = EDGE_CURVE('',#16065,#16100,#16102,.T.);
#16100 = VERTEX_POINT('',#16101);
#16101 = CARTESIAN_POINT('',(-77.04,42.96,0.));
#16102 = SURFACE_CURVE('',#16103,(#16107,#16114),.PCURVE_S1.);
#16103 = LINE('',#16104,#16105);
#16104 = CARTESIAN_POINT('',(-77.04,-42.96,0.));
#16105 = VECTOR('',#16106,1.);
#16106 = DIRECTION('',(-0.,1.,0.));
#16107 = PCURVE('',#16075,#16108);
#16108 = DEFINITIONAL_REPRESENTATION('',(#16109),#16113);
#16109 = LINE('',#16110,#16111);
#16110 = CARTESIAN_POINT('',(0.,0.));
#16111 = VECTOR('',#16112,1.);
#16112 = DIRECTION('',(0.,-1.));
#16113 = ( GEOMETRIC_REPRESENTATION_CONTEXT(2) 
PARAMETRIC_REPRESENTATION_CONTEXT() REPRESENTATION_CONTEXT('2D SPACE',''
  ) );
#16114 = PCURVE('',#16115,#16120);
#16115 = PLANE('',#16116);
#16116 = AXIS2_PLACEMENT_3D('',#16117,#16118,#16119);
#16117 = CARTESIAN_POINT('',(-77.04,-42.96,0.));
#16118 = DIRECTION('',(0.,0.,1.));
#16119 = DIRECTION('',(1.,0.,-0.));
#16120 = DEFINITIONAL_REPRESENTATION('',(#16121),#16125);
#16121 = LINE('',#16122,#16123);
#16122 = CARTESIAN_POINT('',(0.,0.));
#16123 = VECTOR('',#16124,1.);
#16124 = DIRECTION('',(0.,1.));
#16125 = ( GEOMETRIC_REPRESENTATION_CONTEXT(2) 
PARAMETRIC_REPRESENTATION_CONTEXT() REPRESENTATION_CONTEXT('2D SPACE',''
  ) );
#16126 = ORIENTED_EDGE('',*,*,#16127,.T.);
#16127 = EDGE_CURVE('',#16100,#16128,#16130,.T.);
#16128 = VERTEX_POINT('',#16129);
#16129 = CARTESIAN_POINT('',(-77.04,42.96,0.35));
#16130 = SURFACE_CURVE('',#16131,(#16135,#16142),.PCURVE_S1.);
#16131 = LINE('',#16132,#16133);
#16132 = CARTESIAN_POINT('',(-77.04,42.96,0.));
#16133 = VECTOR('',#16134,1.);
#16134 = DIRECTION('',(0.,0.,1.));
#16135 = PCURVE('',#16075,#16136);
#16136 = DEFINITIONAL_REPRESENTATION('',(#16137),#16141);
#16137 = LINE('',#16138,#16139);
#16138 = CARTESIAN_POINT('',(0.,-85.92));
#16139 = VECTOR('',#16140,1.);
#16140 = DIRECTION('',(1.,0.));
#16141 = ( GEOMETRIC_REPRESENTATION_CONTEXT(2) 
PARAMETRIC_REPRESENTATION_CONTEXT() REPRESENTATION_CONTEXT('2D SPACE',''
  ) );
#16142 = PCURVE('',#16143,#16148);
#16143 = PLANE('',#16144);
#16144 = AXIS2_PLACEMENT_3D('',#16145,#16146,#16147);
#16145 = CARTESIAN_POINT('',(-77.04,42.96,0.));
#16146 = DIRECTION('',(-0.,1.,0.));
#16147 = DIRECTION('',(0.,0.,1.));
#16148 = DEFINITIONAL_REPRESENTATION('',(#16149),#16153);
#16149 = LINE('',#16150,#16151);
#16150 = CARTESIAN_POINT('',(0.,0.));
#16151 = VECTOR('',#16152,1.);
#16152 = DIRECTION('',(1.,0.));
#16153 = ( GEOMETRIC_REPRESENTATION_CONTEXT(2) 
PARAMETRIC_REPRESENTATION_CONTEXT() REPRESENTATION_CONTEXT('2D SPACE',''
  ) );
#16154 = ORIENTED_EDGE('',*,*,#16155,.F.);
#16155 = EDGE_CURVE('',#16067,#16128,#16156,.T.);
#16156 = SURFACE_CURVE('',#16157,(#16161,#16168),.PCURVE_S1.);
#16157 = LINE('',#16158,#16159);
#16158 = CARTESIAN_POINT('',(-77.04,-42.96,0.35));
#16159 = VECTOR('',#16160,1.);
#16160 = DIRECTION('',(-0.,1.,0.));
#16161 = PCURVE('',#16075,#16162);
#16162 = DEFINITIONAL_REPRESENTATION('',(#16163),#16167);
#16163 = LINE('',#16164,#16165);
#16164 = CARTESIAN_POINT('',(0.35,0.));
#16165 = VECTOR('',#16166,1.);
#16166 = DIRECTION('',(0.,-1.));
#16167 = ( GEOMETRIC_REPRESENTATION_CONTEXT(2) 
PARAMETRIC_REPRESENTATION_CONTEXT() REPRESENTATION_CONTEXT('2D SPACE',''
  ) );
#16168 = PCURVE('',#16169,#16174);
#16169 = PLANE('',#16170);
#16170 = AXIS2_PLACEMENT_3D('',#16171,#16172,#16173);
#16171 = CARTESIAN_POINT('',(-77.04,-42.96,0.35));
#16172 = DIRECTION('',(0.,0.,1.));
#16173 = DIRECTION('',(1.,0.,-0.));
#16174 = DEFINITIONAL_REPRESENTATION('',(#16175),#16179);
#16175 = LINE('',#16176,#16177);
#16176 = CARTESIAN_POINT('',(0.,0.));
#16177 = VECTOR('',#16178,1.);
#16178 = DIRECTION('',(0.,1.));
#16179 = ( GEOMETRIC_REPRESENTATION_CONTEXT(2) 
PARAMETRIC_REPRESENTATION_CONTEXT() REPRESENTATION_CONTEXT('2D SPACE',''
  ) );
#16180 = ADVANCED_FACE('',(#16181),#16195,.T.);
#16181 = FACE_BOUND('',#16182,.T.);
#16182 = EDGE_LOOP('',(#16183,#16213,#16236,#16259));
#16183 = ORIENTED_EDGE('',*,*,#16184,.F.);
#16184 = EDGE_CURVE('',#16185,#16187,#16189,.T.);
#16185 = VERTEX_POINT('',#16186);
#16186 = CARTESIAN_POINT('',(77.04,-42.96,0.));
#16187 = VERTEX_POINT('',#16188);
#16188 = CARTESIAN_POINT('',(77.04,-42.96,0.35));
#16189 = SURFACE_CURVE('',#16190,(#16194,#16206),.PCURVE_S1.);
#16190 = LINE('',#16191,#16192);
#16191 = CARTESIAN_POINT('',(77.04,-42.96,0.));
#16192 = VECTOR('',#16193,1.);
#16193 = DIRECTION('',(0.,0.,1.));
#16194 = PCURVE('',#16195,#16200);
#16195 = PLANE('',#16196);
#16196 = AXIS2_PLACEMENT_3D('',#16197,#16198,#16199);
#16197 = CARTESIAN_POINT('',(77.04,-42.96,0.));
#16198 = DIRECTION('',(1.,0.,-0.));
#16199 = DIRECTION('',(0.,0.,1.));
#16200 = DEFINITIONAL_REPRESENTATION('',(#16201),#16205);
#16201 = LINE('',#16202,#16203);
#16202 = CARTESIAN_POINT('',(0.,0.));
#16203 = VECTOR('',#16204,1.);
#16204 = DIRECTION('',(1.,0.));
#16205 = ( GEOMETRIC_REPRESENTATION_CONTEXT(2) 
PARAMETRIC_REPRESENTATION_CONTEXT() REPRESENTATION_CONTEXT('2D SPACE',''
  ) );
#16206 = PCURVE('',#16087,#16207);
#16207 = DEFINITIONAL_REPRESENTATION('',(#16208),#16212);
#16208 = LINE('',#16209,#16210);
#16209 = CARTESIAN_POINT('',(0.,154.08));
#16210 = VECTOR('',#16211,1.);
#16211 = DIRECTION('',(1.,0.));
#16212 = ( GEOMETRIC_REPRESENTATION_CONTEXT(2) 
PARAMETRIC_REPRESENTATION_CONTEXT() REPRESENTATION_CONTEXT('2D SPACE',''
  ) );
#16213 = ORIENTED_EDGE('',*,*,#16214,.T.);
#16214 = EDGE_CURVE('',#16185,#16215,#16217,.T.);
#16215 = VERTEX_POINT('',#16216);
#16216 = CARTESIAN_POINT('',(77.04,42.96,0.));
#16217 = SURFACE_CURVE('',#16218,(#16222,#16229),.PCURVE_S1.);
#16218 = LINE('',#16219,#16220);
#16219 = CARTESIAN_POINT('',(77.04,-42.96,0.));
#16220 = VECTOR('',#16221,1.);
#16221 = DIRECTION('',(-0.,1.,0.));
#16222 = PCURVE('',#16195,#16223);
#16223 = DEFINITIONAL_REPRESENTATION('',(#16224),#16228);
#16224 = LINE('',#16225,#16226);
#16225 = CARTESIAN_POINT('',(0.,0.));
#16226 = VECTOR('',#16227,1.);
#16227 = DIRECTION('',(0.,-1.));
#16228 = ( GEOMETRIC_REPRESENTATION_CONTEXT(2) 
PARAMETRIC_REPRESENTATION_CONTEXT() REPRESENTATION_CONTEXT('2D SPACE',''
  ) );
#16229 = PCURVE('',#16115,#16230);
#16230 = DEFINITIONAL_REPRESENTATION('',(#16231),#16235);
#16231 = LINE('',#16232,#16233);
#16232 = CARTESIAN_POINT('',(154.08,0.));
#16233 = VECTOR('',#16234,1.);
#16234 = DIRECTION('',(0.,1.));
#16235 = ( GEOMETRIC_REPRESENTATION_CONTEXT(2) 
PARAMETRIC_REPRESENTATION_CONTEXT() REPRESENTATION_CONTEXT('2D SPACE',''
  ) );
#16236 = ORIENTED_EDGE('',*,*,#16237,.T.);
#16237 = EDGE_CURVE('',#16215,#16238,#16240,.T.);
#16238 = VERTEX_POINT('',#16239);
#16239 = CARTESIAN_POINT('',(77.04,42.96,0.35));
#16240 = SURFACE_CURVE('',#16241,(#16245,#16252),.PCURVE_S1.);
#16241 = LINE('',#16242,#16243);
#16242 = CARTESIAN_POINT('',(77.04,42.96,0.));
#16243 = VECTOR('',#16244,1.);
#16244 = DIRECTION('',(0.,0.,1.));
#16245 = PCURVE('',#16195,#16246);
#16246 = DEFINITIONAL_REPRESENTATION('',(#16247),#16251);
#16247 = LINE('',#16248,#16249);
#16248 = CARTESIAN_POINT('',(0.,-85.92));
#16249 = VECTOR('',#16250,1.);
#16250 = DIRECTION('',(1.,0.));
#16251 = ( GEOMETRIC_REPRESENTATION_CONTEXT(2) 
PARAMETRIC_REPRESENTATION_CONTEXT() REPRESENTATION_CONTEXT('2D SPACE',''
  ) );
#16252 = PCURVE('',#16143,#16253);
#16253 = DEFINITIONAL_REPRESENTATION('',(#16254),#16258);
#16254 = LINE('',#16255,#16256);
#16255 = CARTESIAN_POINT('',(0.,154.08));
#16256 = VECTOR('',#16257,1.);
#16257 = DIRECTION('',(1.,0.));
#16258 = ( GEOMETRIC_REPRESENTATION_CONTEXT(2) 
PARAMETRIC_REPRESENTATION_CONTEXT() REPRESENTATION_CONTEXT('2D SPACE',''
  ) );
#16259 = ORIENTED_EDGE('',*,*,#16260,.F.);
#16260 = EDGE_CURVE('',#16187,#16238,#16261,.T.);
#16261 = SURFACE_CURVE('',#16262,(#16266,#16273),.PCURVE_S1.);
#16262 = LINE('',#16263,#16264);
#16263 = CARTESIAN_POINT('',(77.04,-42.96,0.35));
#16264 = VECTOR('',#16265,1.);
#16265 = DIRECTION('',(-0.,1.,0.));
#16266 = PCURVE('',#16195,#16267);
#16267 = DEFINITIONAL_REPRESENTATION('',(#16268),#16272);
#16268 = LINE('',#16269,#16270);
#16269 = CARTESIAN_POINT('',(0.35,0.));
#16270 = VECTOR('',#16271,1.);
#16271 = DIRECTION('',(0.,-1.));
#16272 = ( GEOMETRIC_REPRESENTATION_CONTEXT(2) 
PARAMETRIC_REPRESENTATION_CONTEXT() REPRESENTATION_CONTEXT('2D SPACE',''
  ) );
#16273 = PCURVE('',#16169,#16274);
#16274 = DEFINITIONAL_REPRESENTATION('',(#16275),#16279);
#16275 = LINE('',#16276,#16277);
#16276 = CARTESIAN_POINT('',(154.08,0.));
#16277 = VECTOR('',#16278,1.);
#16278 = DIRECTION('',(0.,1.));
#16279 = ( GEOMETRIC_REPRESENTATION_CONTEXT(2) 
PARAMETRIC_REPRESENTATION_CONTEXT() REPRESENTATION_CONTEXT('2D SPACE',''
  ) );
#16280 = ADVANCED_FACE('',(#16281),#16087,.F.);
#16281 = FACE_BOUND('',#16282,.F.);
#16282 = EDGE_LOOP('',(#16283,#16304,#16305,#16326));
#16283 = ORIENTED_EDGE('',*,*,#16284,.F.);
#16284 = EDGE_CURVE('',#16065,#16185,#16285,.T.);
#16285 = SURFACE_CURVE('',#16286,(#16290,#16297),.PCURVE_S1.);
#16286 = LINE('',#16287,#16288);
#16287 = CARTESIAN_POINT('',(-77.04,-42.96,0.));
#16288 = VECTOR('',#16289,1.);
#16289 = DIRECTION('',(1.,0.,-0.));
#16290 = PCURVE('',#16087,#16291);
#16291 = DEFINITIONAL_REPRESENTATION('',(#16292),#16296);
#16292 = LINE('',#16293,#16294);
#16293 = CARTESIAN_POINT('',(0.,0.));
#16294 = VECTOR('',#16295,1.);
#16295 = DIRECTION('',(0.,1.));
#16296 = ( GEOMETRIC_REPRESENTATION_CONTEXT(2) 
PARAMETRIC_REPRESENTATION_CONTEXT() REPRESENTATION_CONTEXT('2D SPACE',''
  ) );
#16297 = PCURVE('',#16115,#16298);
#16298 = DEFINITIONAL_REPRESENTATION('',(#16299),#16303);
#16299 = LINE('',#16300,#16301);
#16300 = CARTESIAN_POINT('',(0.,0.));
#16301 = VECTOR('',#16302,1.);
#16302 = DIRECTION('',(1.,0.));
#16303 = ( GEOMETRIC_REPRESENTATION_CONTEXT(2) 
PARAMETRIC_REPRESENTATION_CONTEXT() REPRESENTATION_CONTEXT('2D SPACE',''
  ) );
#16304 = ORIENTED_EDGE('',*,*,#16064,.T.);
#16305 = ORIENTED_EDGE('',*,*,#16306,.T.);
#16306 = EDGE_CURVE('',#16067,#16187,#16307,.T.);
#16307 = SURFACE_CURVE('',#16308,(#16312,#16319),.PCURVE_S1.);
#16308 = LINE('',#16309,#16310);
#16309 = CARTESIAN_POINT('',(-77.04,-42.96,0.35));
#16310 = VECTOR('',#16311,1.);
#16311 = DIRECTION('',(1.,0.,-0.));
#16312 = PCURVE('',#16087,#16313);
#16313 = DEFINITIONAL_REPRESENTATION('',(#16314),#16318);
#16314 = LINE('',#16315,#16316);
#16315 = CARTESIAN_POINT('',(0.35,0.));
#16316 = VECTOR('',#16317,1.);
#16317 = DIRECTION('',(0.,1.));
#16318 = ( GEOMETRIC_REPRESENTATION_CONTEXT(2) 
PARAMETRIC_REPRESENTATION_CONTEXT() REPRESENTATION_CONTEXT('2D SPACE',''
  ) );
#16319 = PCURVE('',#16169,#16320);
#16320 = DEFINITIONAL_REPRESENTATION('',(#16321),#16325);
#16321 = LINE('',#16322,#16323);
#16322 = CARTESIAN_POINT('',(0.,0.));
#16323 = VECTOR('',#16324,1.);
#16324 = DIRECTION('',(1.,0.));
#16325 = ( GEOMETRIC_REPRESENTATION_CONTEXT(2) 
PARAMETRIC_REPRESENTATION_CONTEXT() REPRESENTATION_CONTEXT('2D SPACE',''
  ) );
#16326 = ORIENTED_EDGE('',*,*,#16184,.F.);
#16327 = ADVANCED_FACE('',(#16328),#16143,.T.);
#16328 = FACE_BOUND('',#16329,.T.);
#16329 = EDGE_LOOP('',(#16330,#16351,#16352,#16373));
#16330 = ORIENTED_EDGE('',*,*,#16331,.F.);
#16331 = EDGE_CURVE('',#16100,#16215,#16332,.T.);
#16332 = SURFACE_CURVE('',#16333,(#16337,#16344),.PCURVE_S1.);
#16333 = LINE('',#16334,#16335);
#16334 = CARTESIAN_POINT('',(-77.04,42.96,0.));
#16335 = VECTOR('',#16336,1.);
#16336 = DIRECTION('',(1.,0.,-0.));
#16337 = PCURVE('',#16143,#16338);
#16338 = DEFINITIONAL_REPRESENTATION('',(#16339),#16343);
#16339 = LINE('',#16340,#16341);
#16340 = CARTESIAN_POINT('',(0.,0.));
#16341 = VECTOR('',#16342,1.);
#16342 = DIRECTION('',(0.,1.));
#16343 = ( GEOMETRIC_REPRESENTATION_CONTEXT(2) 
PARAMETRIC_REPRESENTATION_CONTEXT() REPRESENTATION_CONTEXT('2D SPACE',''
  ) );
#16344 = PCURVE('',#16115,#16345);
#16345 = DEFINITIONAL_REPRESENTATION('',(#16346),#16350);
#16346 = LINE('',#16347,#16348);
#16347 = CARTESIAN_POINT('',(0.,85.92));
#16348 = VECTOR('',#16349,1.);
#16349 = DIRECTION('',(1.,0.));
#16350 = ( GEOMETRIC_REPRESENTATION_CONTEXT(2) 
PARAMETRIC_REPRESENTATION_CONTEXT() REPRESENTATION_CONTEXT('2D SPACE',''
  ) );
#16351 = ORIENTED_EDGE('',*,*,#16127,.T.);
#16352 = ORIENTED_EDGE('',*,*,#16353,.T.);
#16353 = EDGE_CURVE('',#16128,#16238,#16354,.T.);
#16354 = SURFACE_CURVE('',#16355,(#16359,#16366),.PCURVE_S1.);
#16355 = LINE('',#16356,#16357);
#16356 = CARTESIAN_POINT('',(-77.04,42.96,0.35));
#16357 = VECTOR('',#16358,1.);
#16358 = DIRECTION('',(1.,0.,-0.));
#16359 = PCURVE('',#16143,#16360);
#16360 = DEFINITIONAL_REPRESENTATION('',(#16361),#16365);
#16361 = LINE('',#16362,#16363);
#16362 = CARTESIAN_POINT('',(0.35,0.));
#16363 = VECTOR('',#16364,1.);
#16364 = DIRECTION('',(0.,1.));
#16365 = ( GEOMETRIC_REPRESENTATION_CONTEXT(2) 
PARAMETRIC_REPRESENTATION_CONTEXT() REPRESENTATION_CONTEXT('2D SPACE',''
  ) );
#16366 = PCURVE('',#16169,#16367);
#16367 = DEFINITIONAL_REPRESENTATION('',(#16368),#16372);
#16368 = LINE('',#16369,#16370);
#16369 = CARTESIAN_POINT('',(0.,85.92));
#16370 = VECTOR('',#16371,1.);
#16371 = DIRECTION('',(1.,0.));
#16372 = ( GEOMETRIC_REPRESENTATION_CONTEXT(2) 
PARAMETRIC_REPRESENTATION_CONTEXT() REPRESENTATION_CONTEXT('2D SPACE',''
  ) );
#16373 = ORIENTED_EDGE('',*,*,#16237,.F.);
#16374 = ADVANCED_FACE('',(#16375),#16115,.F.);
#16375 = FACE_BOUND('',#16376,.F.);
#16376 = EDGE_LOOP('',(#16377,#16378,#16379,#16380));
#16377 = ORIENTED_EDGE('',*,*,#16099,.F.);
#16378 = ORIENTED_EDGE('',*,*,#16284,.T.);
#16379 = ORIENTED_EDGE('',*,*,#16214,.T.);
#16380 = ORIENTED_EDGE('',*,*,#16331,.F.);
#16381 = ADVANCED_FACE('',(#16382),#16169,.T.);
#16382 = FACE_BOUND('',#16383,.T.);
#16383 = EDGE_LOOP('',(#16384,#16385,#16386,#16387));
#16384 = ORIENTED_EDGE('',*,*,#16155,.F.);
#16385 = ORIENTED_EDGE('',*,*,#16306,.T.);
#16386 = ORIENTED_EDGE('',*,*,#16260,.T.);
#16387 = ORIENTED_EDGE('',*,*,#16353,.F.);
#16388 = ( GEOMETRIC_REPRESENTATION_CONTEXT(3) 
GLOBAL_UNCERTAINTY_ASSIGNED_CONTEXT((#16392)) 
GLOBAL_UNIT_ASSIGNED_CONTEXT((#16389,#16390,#16391)) 
REPRESENTATION_CONTEXT('Context #1',
  '3D Context with UNIT and UNCERTAINTY') );
#16389 = ( LENGTH_UNIT() NAMED_UNIT(*) SI_UNIT(.MILLI.,.METRE.) );
#16390 = ( NAMED_UNIT(*) PLANE_ANGLE_UNIT() SI_UNIT($,.RADIAN.) );
#16391 = ( NAMED_UNIT(*) SI_UNIT($,.STERADIAN.) SOLID_ANGLE_UNIT() );
#16392 = UNCERTAINTY_MEASURE_WITH_UNIT(LENGTH_MEASURE(1.E-07),#16389,
  'distance_accuracy_value','confusion accuracy');
#16393 = CONTEXT_DEPENDENT_SHAPE_REPRESENTATION(#16394,#16396);
#16394 = ( REPRESENTATION_RELATIONSHIP('','',#16057,#15681) 
REPRESENTATION_RELATIONSHIP_WITH_TRANSFORMATION(#16395) 
SHAPE_REPRESENTATION_RELATIONSHIP() );
#16395 = ITEM_DEFINED_TRANSFORMATION('','',#11,#15686);
#16396 = PRODUCT_DEFINITION_SHAPE('Placement','Placement of an item',
  #16397);
#16397 = NEXT_ASSEMBLY_USAGE_OCCURRENCE('25',
  'display_active_area_154p08x85p92','',#15676,#16052,$);
#16398 = PRODUCT_RELATED_PRODUCT_CATEGORY('part',$,(#16054));
#16399 = SHAPE_DEFINITION_REPRESENTATION(#16400,#16406);
#16400 = PRODUCT_DEFINITION_SHAPE('','',#16401);
#16401 = PRODUCT_DEFINITION('design','',#16402,#16405);
#16402 = PRODUCT_DEFINITION_FORMATION('','',#16403);
#16403 = PRODUCT('populated_pcb_conservative_envelope',
  'populated_pcb_conservative_envelope','',(#16404));
#16404 = PRODUCT_CONTEXT('',#2,'mechanical');
#16405 = PRODUCT_DEFINITION_CONTEXT('part definition',#2,'design');
#16406 = SHAPE_REPRESENTATION('',(#11,#16407,#16411),#16415);
#16407 = AXIS2_PLACEMENT_3D('',#16408,#16409,#16410);
#16408 = CARTESIAN_POINT('',(42.,0.,18.5));
#16409 = DIRECTION('',(0.,0.,1.));
#16410 = DIRECTION('',(1.,0.,-0.));
#16411 = AXIS2_PLACEMENT_3D('',#16412,#16413,#16414);
#16412 = CARTESIAN_POINT('',(42.,0.,20.1));
#16413 = DIRECTION('',(0.,0.,1.));
#16414 = DIRECTION('',(1.,0.,-0.));
#16415 = ( GEOMETRIC_REPRESENTATION_CONTEXT(3) 
GLOBAL_UNCERTAINTY_ASSIGNED_CONTEXT((#16419)) 
GLOBAL_UNIT_ASSIGNED_CONTEXT((#16416,#16417,#16418)) 
REPRESENTATION_CONTEXT('Context #1',
  '3D Context with UNIT and UNCERTAINTY') );
#16416 = ( LENGTH_UNIT() NAMED_UNIT(*) SI_UNIT(.MILLI.,.METRE.) );
#16417 = ( NAMED_UNIT(*) PLANE_ANGLE_UNIT() SI_UNIT($,.RADIAN.) );
#16418 = ( NAMED_UNIT(*) SI_UNIT($,.STERADIAN.) SOLID_ANGLE_UNIT() );
#16419 = UNCERTAINTY_MEASURE_WITH_UNIT(LENGTH_MEASURE(1.E-07),#16416,
  'distance_accuracy_value','confusion accuracy');
#16420 = CONTEXT_DEPENDENT_SHAPE_REPRESENTATION(#16421,#16423);
#16421 = ( REPRESENTATION_RELATIONSHIP('','',#16406,#10) 
REPRESENTATION_RELATIONSHIP_WITH_TRANSFORMATION(#16422) 
SHAPE_REPRESENTATION_RELATIONSHIP() );
#16422 = ITEM_DEFINED_TRANSFORMATION('','',#11,#31);
#16423 = PRODUCT_DEFINITION_SHAPE('Placement','Placement of an item',
  #16424);
#16424 = NEXT_ASSEMBLY_USAGE_OCCURRENCE('29',
  'populated_pcb_conservative_envelope','',#5,#16401,$);
#16425 = PRODUCT_RELATED_PRODUCT_CATEGORY('part',$,(#16403));
#16426 = SHAPE_DEFINITION_REPRESENTATION(#16427,#16433);
#16427 = PRODUCT_DEFINITION_SHAPE('','',#16428);
#16428 = PRODUCT_DEFINITION('design','',#16429,#16432);
#16429 = PRODUCT_DEFINITION_FORMATION('','',#16430);
#16430 = PRODUCT('pcb_112x70x1p6','pcb_112x70x1p6','',(#16431));
#16431 = PRODUCT_CONTEXT('',#2,'mechanical');
#16432 = PRODUCT_DEFINITION_CONTEXT('part definition',#2,'design');
#16433 = ADVANCED_BREP_SHAPE_REPRESENTATION('',(#11,#16434),#16764);
#16434 = MANIFOLD_SOLID_BREP('',#16435);
#16435 = CLOSED_SHELL('',(#16436,#16556,#16656,#16703,#16750,#16757));
#16436 = ADVANCED_FACE('',(#16437),#16451,.F.);
#16437 = FACE_BOUND('',#16438,.F.);
#16438 = EDGE_LOOP('',(#16439,#16474,#16502,#16530));
#16439 = ORIENTED_EDGE('',*,*,#16440,.F.);
#16440 = EDGE_CURVE('',#16441,#16443,#16445,.T.);
#16441 = VERTEX_POINT('',#16442);
#16442 = CARTESIAN_POINT('',(-56.,-35.,0.));
#16443 = VERTEX_POINT('',#16444);
#16444 = CARTESIAN_POINT('',(-56.,-35.,1.6));
#16445 = SURFACE_CURVE('',#16446,(#16450,#16462),.PCURVE_S1.);
#16446 = LINE('',#16447,#16448);
#16447 = CARTESIAN_POINT('',(-56.,-35.,0.));
#16448 = VECTOR('',#16449,1.);
#16449 = DIRECTION('',(0.,0.,1.));
#16450 = PCURVE('',#16451,#16456);
#16451 = PLANE('',#16452);
#16452 = AXIS2_PLACEMENT_3D('',#16453,#16454,#16455);
#16453 = CARTESIAN_POINT('',(-56.,-35.,0.));
#16454 = DIRECTION('',(1.,0.,-0.));
#16455 = DIRECTION('',(0.,0.,1.));
#16456 = DEFINITIONAL_REPRESENTATION('',(#16457),#16461);
#16457 = LINE('',#16458,#16459);
#16458 = CARTESIAN_POINT('',(0.,0.));
#16459 = VECTOR('',#16460,1.);
#16460 = DIRECTION('',(1.,0.));
#16461 = ( GEOMETRIC_REPRESENTATION_CONTEXT(2) 
PARAMETRIC_REPRESENTATION_CONTEXT() REPRESENTATION_CONTEXT('2D SPACE',''
  ) );
#16462 = PCURVE('',#16463,#16468);
#16463 = PLANE('',#16464);
#16464 = AXIS2_PLACEMENT_3D('',#16465,#16466,#16467);
#16465 = CARTESIAN_POINT('',(-56.,-35.,0.));
#16466 = DIRECTION('',(-0.,1.,0.));
#16467 = DIRECTION('',(0.,0.,1.));
#16468 = DEFINITIONAL_REPRESENTATION('',(#16469),#16473);
#16469 = LINE('',#16470,#16471);
#16470 = CARTESIAN_POINT('',(0.,0.));
#16471 = VECTOR('',#16472,1.);
#16472 = DIRECTION('',(1.,0.));
#16473 = ( GEOMETRIC_REPRESENTATION_CONTEXT(2) 
PARAMETRIC_REPRESENTATION_CONTEXT() REPRESENTATION_CONTEXT('2D SPACE',''
  ) );
#16474 = ORIENTED_EDGE('',*,*,#16475,.T.);
#16475 = EDGE_CURVE('',#16441,#16476,#16478,.T.);
#16476 = VERTEX_POINT('',#16477);
#16477 = CARTESIAN_POINT('',(-56.,35.,0.));
#16478 = SURFACE_CURVE('',#16479,(#16483,#16490),.PCURVE_S1.);
#16479 = LINE('',#16480,#16481);
#16480 = CARTESIAN_POINT('',(-56.,-35.,0.));
#16481 = VECTOR('',#16482,1.);
#16482 = DIRECTION('',(-0.,1.,0.));
#16483 = PCURVE('',#16451,#16484);
#16484 = DEFINITIONAL_REPRESENTATION('',(#16485),#16489);
#16485 = LINE('',#16486,#16487);
#16486 = CARTESIAN_POINT('',(0.,0.));
#16487 = VECTOR('',#16488,1.);
#16488 = DIRECTION('',(0.,-1.));
#16489 = ( GEOMETRIC_REPRESENTATION_CONTEXT(2) 
PARAMETRIC_REPRESENTATION_CONTEXT() REPRESENTATION_CONTEXT('2D SPACE',''
  ) );
#16490 = PCURVE('',#16491,#16496);
#16491 = PLANE('',#16492);
#16492 = AXIS2_PLACEMENT_3D('',#16493,#16494,#16495);
#16493 = CARTESIAN_POINT('',(-56.,-35.,0.));
#16494 = DIRECTION('',(0.,0.,1.));
#16495 = DIRECTION('',(1.,0.,-0.));
#16496 = DEFINITIONAL_REPRESENTATION('',(#16497),#16501);
#16497 = LINE('',#16498,#16499);
#16498 = CARTESIAN_POINT('',(0.,0.));
#16499 = VECTOR('',#16500,1.);
#16500 = DIRECTION('',(0.,1.));
#16501 = ( GEOMETRIC_REPRESENTATION_CONTEXT(2) 
PARAMETRIC_REPRESENTATION_CONTEXT() REPRESENTATION_CONTEXT('2D SPACE',''
  ) );
#16502 = ORIENTED_EDGE('',*,*,#16503,.T.);
#16503 = EDGE_CURVE('',#16476,#16504,#16506,.T.);
#16504 = VERTEX_POINT('',#16505);
#16505 = CARTESIAN_POINT('',(-56.,35.,1.6));
#16506 = SURFACE_CURVE('',#16507,(#16511,#16518),.PCURVE_S1.);
#16507 = LINE('',#16508,#16509);
#16508 = CARTESIAN_POINT('',(-56.,35.,0.));
#16509 = VECTOR('',#16510,1.);
#16510 = DIRECTION('',(0.,0.,1.));
#16511 = PCURVE('',#16451,#16512);
#16512 = DEFINITIONAL_REPRESENTATION('',(#16513),#16517);
#16513 = LINE('',#16514,#16515);
#16514 = CARTESIAN_POINT('',(0.,-70.));
#16515 = VECTOR('',#16516,1.);
#16516 = DIRECTION('',(1.,0.));
#16517 = ( GEOMETRIC_REPRESENTATION_CONTEXT(2) 
PARAMETRIC_REPRESENTATION_CONTEXT() REPRESENTATION_CONTEXT('2D SPACE',''
  ) );
#16518 = PCURVE('',#16519,#16524);
#16519 = PLANE('',#16520);
#16520 = AXIS2_PLACEMENT_3D('',#16521,#16522,#16523);
#16521 = CARTESIAN_POINT('',(-56.,35.,0.));
#16522 = DIRECTION('',(-0.,1.,0.));
#16523 = DIRECTION('',(0.,0.,1.));
#16524 = DEFINITIONAL_REPRESENTATION('',(#16525),#16529);
#16525 = LINE('',#16526,#16527);
#16526 = CARTESIAN_POINT('',(0.,0.));
#16527 = VECTOR('',#16528,1.);
#16528 = DIRECTION('',(1.,0.));
#16529 = ( GEOMETRIC_REPRESENTATION_CONTEXT(2) 
PARAMETRIC_REPRESENTATION_CONTEXT() REPRESENTATION_CONTEXT('2D SPACE',''
  ) );
#16530 = ORIENTED_EDGE('',*,*,#16531,.F.);
#16531 = EDGE_CURVE('',#16443,#16504,#16532,.T.);
#16532 = SURFACE_CURVE('',#16533,(#16537,#16544),.PCURVE_S1.);
#16533 = LINE('',#16534,#16535);
#16534 = CARTESIAN_POINT('',(-56.,-35.,1.6));
#16535 = VECTOR('',#16536,1.);
#16536 = DIRECTION('',(-0.,1.,0.));
#16537 = PCURVE('',#16451,#16538);
#16538 = DEFINITIONAL_REPRESENTATION('',(#16539),#16543);
#16539 = LINE('',#16540,#16541);
#16540 = CARTESIAN_POINT('',(1.6,0.));
#16541 = VECTOR('',#16542,1.);
#16542 = DIRECTION('',(0.,-1.));
#16543 = ( GEOMETRIC_REPRESENTATION_CONTEXT(2) 
PARAMETRIC_REPRESENTATION_CONTEXT() REPRESENTATION_CONTEXT('2D SPACE',''
  ) );
#16544 = PCURVE('',#16545,#16550);
#16545 = PLANE('',#16546);
#16546 = AXIS2_PLACEMENT_3D('',#16547,#16548,#16549);
#16547 = CARTESIAN_POINT('',(-56.,-35.,1.6));
#16548 = DIRECTION('',(0.,0.,1.));
#16549 = DIRECTION('',(1.,0.,-0.));
#16550 = DEFINITIONAL_REPRESENTATION('',(#16551),#16555);
#16551 = LINE('',#16552,#16553);
#16552 = CARTESIAN_POINT('',(0.,0.));
#16553 = VECTOR('',#16554,1.);
#16554 = DIRECTION('',(0.,1.));
#16555 = ( GEOMETRIC_REPRESENTATION_CONTEXT(2) 
PARAMETRIC_REPRESENTATION_CONTEXT() REPRESENTATION_CONTEXT('2D SPACE',''
  ) );
#16556 = ADVANCED_FACE('',(#16557),#16571,.T.);
#16557 = FACE_BOUND('',#16558,.T.);
#16558 = EDGE_LOOP('',(#16559,#16589,#16612,#16635));
#16559 = ORIENTED_EDGE('',*,*,#16560,.F.);
#16560 = EDGE_CURVE('',#16561,#16563,#16565,.T.);
#16561 = VERTEX_POINT('',#16562);
#16562 = CARTESIAN_POINT('',(56.,-35.,0.));
#16563 = VERTEX_POINT('',#16564);
#16564 = CARTESIAN_POINT('',(56.,-35.,1.6));
#16565 = SURFACE_CURVE('',#16566,(#16570,#16582),.PCURVE_S1.);
#16566 = LINE('',#16567,#16568);
#16567 = CARTESIAN_POINT('',(56.,-35.,0.));
#16568 = VECTOR('',#16569,1.);
#16569 = DIRECTION('',(0.,0.,1.));
#16570 = PCURVE('',#16571,#16576);
#16571 = PLANE('',#16572);
#16572 = AXIS2_PLACEMENT_3D('',#16573,#16574,#16575);
#16573 = CARTESIAN_POINT('',(56.,-35.,0.));
#16574 = DIRECTION('',(1.,0.,-0.));
#16575 = DIRECTION('',(0.,0.,1.));
#16576 = DEFINITIONAL_REPRESENTATION('',(#16577),#16581);
#16577 = LINE('',#16578,#16579);
#16578 = CARTESIAN_POINT('',(0.,0.));
#16579 = VECTOR('',#16580,1.);
#16580 = DIRECTION('',(1.,0.));
#16581 = ( GEOMETRIC_REPRESENTATION_CONTEXT(2) 
PARAMETRIC_REPRESENTATION_CONTEXT() REPRESENTATION_CONTEXT('2D SPACE',''
  ) );
#16582 = PCURVE('',#16463,#16583);
#16583 = DEFINITIONAL_REPRESENTATION('',(#16584),#16588);
#16584 = LINE('',#16585,#16586);
#16585 = CARTESIAN_POINT('',(0.,112.));
#16586 = VECTOR('',#16587,1.);
#16587 = DIRECTION('',(1.,0.));
#16588 = ( GEOMETRIC_REPRESENTATION_CONTEXT(2) 
PARAMETRIC_REPRESENTATION_CONTEXT() REPRESENTATION_CONTEXT('2D SPACE',''
  ) );
#16589 = ORIENTED_EDGE('',*,*,#16590,.T.);
#16590 = EDGE_CURVE('',#16561,#16591,#16593,.T.);
#16591 = VERTEX_POINT('',#16592);
#16592 = CARTESIAN_POINT('',(56.,35.,0.));
#16593 = SURFACE_CURVE('',#16594,(#16598,#16605),.PCURVE_S1.);
#16594 = LINE('',#16595,#16596);
#16595 = CARTESIAN_POINT('',(56.,-35.,0.));
#16596 = VECTOR('',#16597,1.);
#16597 = DIRECTION('',(-0.,1.,0.));
#16598 = PCURVE('',#16571,#16599);
#16599 = DEFINITIONAL_REPRESENTATION('',(#16600),#16604);
#16600 = LINE('',#16601,#16602);
#16601 = CARTESIAN_POINT('',(0.,0.));
#16602 = VECTOR('',#16603,1.);
#16603 = DIRECTION('',(0.,-1.));
#16604 = ( GEOMETRIC_REPRESENTATION_CONTEXT(2) 
PARAMETRIC_REPRESENTATION_CONTEXT() REPRESENTATION_CONTEXT('2D SPACE',''
  ) );
#16605 = PCURVE('',#16491,#16606);
#16606 = DEFINITIONAL_REPRESENTATION('',(#16607),#16611);
#16607 = LINE('',#16608,#16609);
#16608 = CARTESIAN_POINT('',(112.,0.));
#16609 = VECTOR('',#16610,1.);
#16610 = DIRECTION('',(0.,1.));
#16611 = ( GEOMETRIC_REPRESENTATION_CONTEXT(2) 
PARAMETRIC_REPRESENTATION_CONTEXT() REPRESENTATION_CONTEXT('2D SPACE',''
  ) );
#16612 = ORIENTED_EDGE('',*,*,#16613,.T.);
#16613 = EDGE_CURVE('',#16591,#16614,#16616,.T.);
#16614 = VERTEX_POINT('',#16615);
#16615 = CARTESIAN_POINT('',(56.,35.,1.6));
#16616 = SURFACE_CURVE('',#16617,(#16621,#16628),.PCURVE_S1.);
#16617 = LINE('',#16618,#16619);
#16618 = CARTESIAN_POINT('',(56.,35.,0.));
#16619 = VECTOR('',#16620,1.);
#16620 = DIRECTION('',(0.,0.,1.));
#16621 = PCURVE('',#16571,#16622);
#16622 = DEFINITIONAL_REPRESENTATION('',(#16623),#16627);
#16623 = LINE('',#16624,#16625);
#16624 = CARTESIAN_POINT('',(0.,-70.));
#16625 = VECTOR('',#16626,1.);
#16626 = DIRECTION('',(1.,0.));
#16627 = ( GEOMETRIC_REPRESENTATION_CONTEXT(2) 
PARAMETRIC_REPRESENTATION_CONTEXT() REPRESENTATION_CONTEXT('2D SPACE',''
  ) );
#16628 = PCURVE('',#16519,#16629);
#16629 = DEFINITIONAL_REPRESENTATION('',(#16630),#16634);
#16630 = LINE('',#16631,#16632);
#16631 = CARTESIAN_POINT('',(0.,112.));
#16632 = VECTOR('',#16633,1.);
#16633 = DIRECTION('',(1.,0.));
#16634 = ( GEOMETRIC_REPRESENTATION_CONTEXT(2) 
PARAMETRIC_REPRESENTATION_CONTEXT() REPRESENTATION_CONTEXT('2D SPACE',''
  ) );
#16635 = ORIENTED_EDGE('',*,*,#16636,.F.);
#16636 = EDGE_CURVE('',#16563,#16614,#16637,.T.);
#16637 = SURFACE_CURVE('',#16638,(#16642,#16649),.PCURVE_S1.);
#16638 = LINE('',#16639,#16640);
#16639 = CARTESIAN_POINT('',(56.,-35.,1.6));
#16640 = VECTOR('',#16641,1.);
#16641 = DIRECTION('',(-0.,1.,0.));
#16642 = PCURVE('',#16571,#16643);
#16643 = DEFINITIONAL_REPRESENTATION('',(#16644),#16648);
#16644 = LINE('',#16645,#16646);
#16645 = CARTESIAN_POINT('',(1.6,0.));
#16646 = VECTOR('',#16647,1.);
#16647 = DIRECTION('',(0.,-1.));
#16648 = ( GEOMETRIC_REPRESENTATION_CONTEXT(2) 
PARAMETRIC_REPRESENTATION_CONTEXT() REPRESENTATION_CONTEXT('2D SPACE',''
  ) );
#16649 = PCURVE('',#16545,#16650);
#16650 = DEFINITIONAL_REPRESENTATION('',(#16651),#16655);
#16651 = LINE('',#16652,#16653);
#16652 = CARTESIAN_POINT('',(112.,0.));
#16653 = VECTOR('',#16654,1.);
#16654 = DIRECTION('',(0.,1.));
#16655 = ( GEOMETRIC_REPRESENTATION_CONTEXT(2) 
PARAMETRIC_REPRESENTATION_CONTEXT() REPRESENTATION_CONTEXT('2D SPACE',''
  ) );
#16656 = ADVANCED_FACE('',(#16657),#16463,.F.);
#16657 = FACE_BOUND('',#16658,.F.);
#16658 = EDGE_LOOP('',(#16659,#16680,#16681,#16702));
#16659 = ORIENTED_EDGE('',*,*,#16660,.F.);
#16660 = EDGE_CURVE('',#16441,#16561,#16661,.T.);
#16661 = SURFACE_CURVE('',#16662,(#16666,#16673),.PCURVE_S1.);
#16662 = LINE('',#16663,#16664);
#16663 = CARTESIAN_POINT('',(-56.,-35.,0.));
#16664 = VECTOR('',#16665,1.);
#16665 = DIRECTION('',(1.,0.,-0.));
#16666 = PCURVE('',#16463,#16667);
#16667 = DEFINITIONAL_REPRESENTATION('',(#16668),#16672);
#16668 = LINE('',#16669,#16670);
#16669 = CARTESIAN_POINT('',(0.,0.));
#16670 = VECTOR('',#16671,1.);
#16671 = DIRECTION('',(0.,1.));
#16672 = ( GEOMETRIC_REPRESENTATION_CONTEXT(2) 
PARAMETRIC_REPRESENTATION_CONTEXT() REPRESENTATION_CONTEXT('2D SPACE',''
  ) );
#16673 = PCURVE('',#16491,#16674);
#16674 = DEFINITIONAL_REPRESENTATION('',(#16675),#16679);
#16675 = LINE('',#16676,#16677);
#16676 = CARTESIAN_POINT('',(0.,0.));
#16677 = VECTOR('',#16678,1.);
#16678 = DIRECTION('',(1.,0.));
#16679 = ( GEOMETRIC_REPRESENTATION_CONTEXT(2) 
PARAMETRIC_REPRESENTATION_CONTEXT() REPRESENTATION_CONTEXT('2D SPACE',''
  ) );
#16680 = ORIENTED_EDGE('',*,*,#16440,.T.);
#16681 = ORIENTED_EDGE('',*,*,#16682,.T.);
#16682 = EDGE_CURVE('',#16443,#16563,#16683,.T.);
#16683 = SURFACE_CURVE('',#16684,(#16688,#16695),.PCURVE_S1.);
#16684 = LINE('',#16685,#16686);
#16685 = CARTESIAN_POINT('',(-56.,-35.,1.6));
#16686 = VECTOR('',#16687,1.);
#16687 = DIRECTION('',(1.,0.,-0.));
#16688 = PCURVE('',#16463,#16689);
#16689 = DEFINITIONAL_REPRESENTATION('',(#16690),#16694);
#16690 = LINE('',#16691,#16692);
#16691 = CARTESIAN_POINT('',(1.6,0.));
#16692 = VECTOR('',#16693,1.);
#16693 = DIRECTION('',(0.,1.));
#16694 = ( GEOMETRIC_REPRESENTATION_CONTEXT(2) 
PARAMETRIC_REPRESENTATION_CONTEXT() REPRESENTATION_CONTEXT('2D SPACE',''
  ) );
#16695 = PCURVE('',#16545,#16696);
#16696 = DEFINITIONAL_REPRESENTATION('',(#16697),#16701);
#16697 = LINE('',#16698,#16699);
#16698 = CARTESIAN_POINT('',(0.,0.));
#16699 = VECTOR('',#16700,1.);
#16700 = DIRECTION('',(1.,0.));
#16701 = ( GEOMETRIC_REPRESENTATION_CONTEXT(2) 
PARAMETRIC_REPRESENTATION_CONTEXT() REPRESENTATION_CONTEXT('2D SPACE',''
  ) );
#16702 = ORIENTED_EDGE('',*,*,#16560,.F.);
#16703 = ADVANCED_FACE('',(#16704),#16519,.T.);
#16704 = FACE_BOUND('',#16705,.T.);
#16705 = EDGE_LOOP('',(#16706,#16727,#16728,#16749));
#16706 = ORIENTED_EDGE('',*,*,#16707,.F.);
#16707 = EDGE_CURVE('',#16476,#16591,#16708,.T.);
#16708 = SURFACE_CURVE('',#16709,(#16713,#16720),.PCURVE_S1.);
#16709 = LINE('',#16710,#16711);
#16710 = CARTESIAN_POINT('',(-56.,35.,0.));
#16711 = VECTOR('',#16712,1.);
#16712 = DIRECTION('',(1.,0.,-0.));
#16713 = PCURVE('',#16519,#16714);
#16714 = DEFINITIONAL_REPRESENTATION('',(#16715),#16719);
#16715 = LINE('',#16716,#16717);
#16716 = CARTESIAN_POINT('',(0.,0.));
#16717 = VECTOR('',#16718,1.);
#16718 = DIRECTION('',(0.,1.));
#16719 = ( GEOMETRIC_REPRESENTATION_CONTEXT(2) 
PARAMETRIC_REPRESENTATION_CONTEXT() REPRESENTATION_CONTEXT('2D SPACE',''
  ) );
#16720 = PCURVE('',#16491,#16721);
#16721 = DEFINITIONAL_REPRESENTATION('',(#16722),#16726);
#16722 = LINE('',#16723,#16724);
#16723 = CARTESIAN_POINT('',(0.,70.));
#16724 = VECTOR('',#16725,1.);
#16725 = DIRECTION('',(1.,0.));
#16726 = ( GEOMETRIC_REPRESENTATION_CONTEXT(2) 
PARAMETRIC_REPRESENTATION_CONTEXT() REPRESENTATION_CONTEXT('2D SPACE',''
  ) );
#16727 = ORIENTED_EDGE('',*,*,#16503,.T.);
#16728 = ORIENTED_EDGE('',*,*,#16729,.T.);
#16729 = EDGE_CURVE('',#16504,#16614,#16730,.T.);
#16730 = SURFACE_CURVE('',#16731,(#16735,#16742),.PCURVE_S1.);
#16731 = LINE('',#16732,#16733);
#16732 = CARTESIAN_POINT('',(-56.,35.,1.6));
#16733 = VECTOR('',#16734,1.);
#16734 = DIRECTION('',(1.,0.,-0.));
#16735 = PCURVE('',#16519,#16736);
#16736 = DEFINITIONAL_REPRESENTATION('',(#16737),#16741);
#16737 = LINE('',#16738,#16739);
#16738 = CARTESIAN_POINT('',(1.6,0.));
#16739 = VECTOR('',#16740,1.);
#16740 = DIRECTION('',(0.,1.));
#16741 = ( GEOMETRIC_REPRESENTATION_CONTEXT(2) 
PARAMETRIC_REPRESENTATION_CONTEXT() REPRESENTATION_CONTEXT('2D SPACE',''
  ) );
#16742 = PCURVE('',#16545,#16743);
#16743 = DEFINITIONAL_REPRESENTATION('',(#16744),#16748);
#16744 = LINE('',#16745,#16746);
#16745 = CARTESIAN_POINT('',(0.,70.));
#16746 = VECTOR('',#16747,1.);
#16747 = DIRECTION('',(1.,0.));
#16748 = ( GEOMETRIC_REPRESENTATION_CONTEXT(2) 
PARAMETRIC_REPRESENTATION_CONTEXT() REPRESENTATION_CONTEXT('2D SPACE',''
  ) );
#16749 = ORIENTED_EDGE('',*,*,#16613,.F.);
#16750 = ADVANCED_FACE('',(#16751),#16491,.F.);
#16751 = FACE_BOUND('',#16752,.F.);
#16752 = EDGE_LOOP('',(#16753,#16754,#16755,#16756));
#16753 = ORIENTED_EDGE('',*,*,#16475,.F.);
#16754 = ORIENTED_EDGE('',*,*,#16660,.T.);
#16755 = ORIENTED_EDGE('',*,*,#16590,.T.);
#16756 = ORIENTED_EDGE('',*,*,#16707,.F.);
#16757 = ADVANCED_FACE('',(#16758),#16545,.T.);
#16758 = FACE_BOUND('',#16759,.T.);
#16759 = EDGE_LOOP('',(#16760,#16761,#16762,#16763));
#16760 = ORIENTED_EDGE('',*,*,#16531,.F.);
#16761 = ORIENTED_EDGE('',*,*,#16682,.T.);
#16762 = ORIENTED_EDGE('',*,*,#16636,.T.);
#16763 = ORIENTED_EDGE('',*,*,#16729,.F.);
#16764 = ( GEOMETRIC_REPRESENTATION_CONTEXT(3) 
GLOBAL_UNCERTAINTY_ASSIGNED_CONTEXT((#16768)) 
GLOBAL_UNIT_ASSIGNED_CONTEXT((#16765,#16766,#16767)) 
REPRESENTATION_CONTEXT('Context #1',
  '3D Context with UNIT and UNCERTAINTY') );
#16765 = ( LENGTH_UNIT() NAMED_UNIT(*) SI_UNIT(.MILLI.,.METRE.) );
#16766 = ( NAMED_UNIT(*) PLANE_ANGLE_UNIT() SI_UNIT($,.RADIAN.) );
#16767 = ( NAMED_UNIT(*) SI_UNIT($,.STERADIAN.) SOLID_ANGLE_UNIT() );
#16768 = UNCERTAINTY_MEASURE_WITH_UNIT(LENGTH_MEASURE(1.E-07),#16765,
  'distance_accuracy_value','confusion accuracy');
#16769 = CONTEXT_DEPENDENT_SHAPE_REPRESENTATION(#16770,#16772);
#16770 = ( REPRESENTATION_RELATIONSHIP('','',#16433,#16406) 
REPRESENTATION_RELATIONSHIP_WITH_TRANSFORMATION(#16771) 
SHAPE_REPRESENTATION_RELATIONSHIP() );
#16771 = ITEM_DEFINED_TRANSFORMATION('','',#11,#16407);
#16772 = PRODUCT_DEFINITION_SHAPE('Placement','Placement of an item',
  #16773);
#16773 = NEXT_ASSEMBLY_USAGE_OCCURRENCE('27','pcb_112x70x1p6','',#16401,
  #16428,$);
#16774 = PRODUCT_RELATED_PRODUCT_CATEGORY('part',$,(#16430));
#16775 = SHAPE_DEFINITION_REPRESENTATION(#16776,#16782);
#16776 = PRODUCT_DEFINITION_SHAPE('','',#16777);
#16777 = PRODUCT_DEFINITION('design','',#16778,#16781);
#16778 = PRODUCT_DEFINITION_FORMATION('','',#16779);
#16779 = PRODUCT('unverified_populated_component_envelope_4p5mm',
  'unverified_populated_component_envelope_4p5mm','',(#16780));
#16780 = PRODUCT_CONTEXT('',#2,'mechanical');
#16781 = PRODUCT_DEFINITION_CONTEXT('part definition',#2,'design');
#16782 = ADVANCED_BREP_SHAPE_REPRESENTATION('',(#11,#16783),#17113);
#16783 = MANIFOLD_SOLID_BREP('',#16784);
#16784 = CLOSED_SHELL('',(#16785,#16905,#17005,#17052,#17099,#17106));
#16785 = ADVANCED_FACE('',(#16786),#16800,.F.);
#16786 = FACE_BOUND('',#16787,.F.);
#16787 = EDGE_LOOP('',(#16788,#16823,#16851,#16879));
#16788 = ORIENTED_EDGE('',*,*,#16789,.F.);
#16789 = EDGE_CURVE('',#16790,#16792,#16794,.T.);
#16790 = VERTEX_POINT('',#16791);
#16791 = CARTESIAN_POINT('',(-56.,-35.,0.));
#16792 = VERTEX_POINT('',#16793);
#16793 = CARTESIAN_POINT('',(-56.,-35.,4.5));
#16794 = SURFACE_CURVE('',#16795,(#16799,#16811),.PCURVE_S1.);
#16795 = LINE('',#16796,#16797);
#16796 = CARTESIAN_POINT('',(-56.,-35.,0.));
#16797 = VECTOR('',#16798,1.);
#16798 = DIRECTION('',(0.,0.,1.));
#16799 = PCURVE('',#16800,#16805);
#16800 = PLANE('',#16801);
#16801 = AXIS2_PLACEMENT_3D('',#16802,#16803,#16804);
#16802 = CARTESIAN_POINT('',(-56.,-35.,0.));
#16803 = DIRECTION('',(1.,0.,-0.));
#16804 = DIRECTION('',(0.,0.,1.));
#16805 = DEFINITIONAL_REPRESENTATION('',(#16806),#16810);
#16806 = LINE('',#16807,#16808);
#16807 = CARTESIAN_POINT('',(0.,0.));
#16808 = VECTOR('',#16809,1.);
#16809 = DIRECTION('',(1.,0.));
#16810 = ( GEOMETRIC_REPRESENTATION_CONTEXT(2) 
PARAMETRIC_REPRESENTATION_CONTEXT() REPRESENTATION_CONTEXT('2D SPACE',''
  ) );
#16811 = PCURVE('',#16812,#16817);
#16812 = PLANE('',#16813);
#16813 = AXIS2_PLACEMENT_3D('',#16814,#16815,#16816);
#16814 = CARTESIAN_POINT('',(-56.,-35.,0.));
#16815 = DIRECTION('',(-0.,1.,0.));
#16816 = DIRECTION('',(0.,0.,1.));
#16817 = DEFINITIONAL_REPRESENTATION('',(#16818),#16822);
#16818 = LINE('',#16819,#16820);
#16819 = CARTESIAN_POINT('',(0.,0.));
#16820 = VECTOR('',#16821,1.);
#16821 = DIRECTION('',(1.,0.));
#16822 = ( GEOMETRIC_REPRESENTATION_CONTEXT(2) 
PARAMETRIC_REPRESENTATION_CONTEXT() REPRESENTATION_CONTEXT('2D SPACE',''
  ) );
#16823 = ORIENTED_EDGE('',*,*,#16824,.T.);
#16824 = EDGE_CURVE('',#16790,#16825,#16827,.T.);
#16825 = VERTEX_POINT('',#16826);
#16826 = CARTESIAN_POINT('',(-56.,35.,0.));
#16827 = SURFACE_CURVE('',#16828,(#16832,#16839),.PCURVE_S1.);
#16828 = LINE('',#16829,#16830);
#16829 = CARTESIAN_POINT('',(-56.,-35.,0.));
#16830 = VECTOR('',#16831,1.);
#16831 = DIRECTION('',(-0.,1.,0.));
#16832 = PCURVE('',#16800,#16833);
#16833 = DEFINITIONAL_REPRESENTATION('',(#16834),#16838);
#16834 = LINE('',#16835,#16836);
#16835 = CARTESIAN_POINT('',(0.,0.));
#16836 = VECTOR('',#16837,1.);
#16837 = DIRECTION('',(0.,-1.));
#16838 = ( GEOMETRIC_REPRESENTATION_CONTEXT(2) 
PARAMETRIC_REPRESENTATION_CONTEXT() REPRESENTATION_CONTEXT('2D SPACE',''
  ) );
#16839 = PCURVE('',#16840,#16845);
#16840 = PLANE('',#16841);
#16841 = AXIS2_PLACEMENT_3D('',#16842,#16843,#16844);
#16842 = CARTESIAN_POINT('',(-56.,-35.,0.));
#16843 = DIRECTION('',(0.,0.,1.));
#16844 = DIRECTION('',(1.,0.,-0.));
#16845 = DEFINITIONAL_REPRESENTATION('',(#16846),#16850);
#16846 = LINE('',#16847,#16848);
#16847 = CARTESIAN_POINT('',(0.,0.));
#16848 = VECTOR('',#16849,1.);
#16849 = DIRECTION('',(0.,1.));
#16850 = ( GEOMETRIC_REPRESENTATION_CONTEXT(2) 
PARAMETRIC_REPRESENTATION_CONTEXT() REPRESENTATION_CONTEXT('2D SPACE',''
  ) );
#16851 = ORIENTED_EDGE('',*,*,#16852,.T.);
#16852 = EDGE_CURVE('',#16825,#16853,#16855,.T.);
#16853 = VERTEX_POINT('',#16854);
#16854 = CARTESIAN_POINT('',(-56.,35.,4.5));
#16855 = SURFACE_CURVE('',#16856,(#16860,#16867),.PCURVE_S1.);
#16856 = LINE('',#16857,#16858);
#16857 = CARTESIAN_POINT('',(-56.,35.,0.));
#16858 = VECTOR('',#16859,1.);
#16859 = DIRECTION('',(0.,0.,1.));
#16860 = PCURVE('',#16800,#16861);
#16861 = DEFINITIONAL_REPRESENTATION('',(#16862),#16866);
#16862 = LINE('',#16863,#16864);
#16863 = CARTESIAN_POINT('',(0.,-70.));
#16864 = VECTOR('',#16865,1.);
#16865 = DIRECTION('',(1.,0.));
#16866 = ( GEOMETRIC_REPRESENTATION_CONTEXT(2) 
PARAMETRIC_REPRESENTATION_CONTEXT() REPRESENTATION_CONTEXT('2D SPACE',''
  ) );
#16867 = PCURVE('',#16868,#16873);
#16868 = PLANE('',#16869);
#16869 = AXIS2_PLACEMENT_3D('',#16870,#16871,#16872);
#16870 = CARTESIAN_POINT('',(-56.,35.,0.));
#16871 = DIRECTION('',(-0.,1.,0.));
#16872 = DIRECTION('',(0.,0.,1.));
#16873 = DEFINITIONAL_REPRESENTATION('',(#16874),#16878);
#16874 = LINE('',#16875,#16876);
#16875 = CARTESIAN_POINT('',(0.,0.));
#16876 = VECTOR('',#16877,1.);
#16877 = DIRECTION('',(1.,0.));
#16878 = ( GEOMETRIC_REPRESENTATION_CONTEXT(2) 
PARAMETRIC_REPRESENTATION_CONTEXT() REPRESENTATION_CONTEXT('2D SPACE',''
  ) );
#16879 = ORIENTED_EDGE('',*,*,#16880,.F.);
#16880 = EDGE_CURVE('',#16792,#16853,#16881,.T.);
#16881 = SURFACE_CURVE('',#16882,(#16886,#16893),.PCURVE_S1.);
#16882 = LINE('',#16883,#16884);
#16883 = CARTESIAN_POINT('',(-56.,-35.,4.5));
#16884 = VECTOR('',#16885,1.);
#16885 = DIRECTION('',(-0.,1.,0.));
#16886 = PCURVE('',#16800,#16887);
#16887 = DEFINITIONAL_REPRESENTATION('',(#16888),#16892);
#16888 = LINE('',#16889,#16890);
#16889 = CARTESIAN_POINT('',(4.5,0.));
#16890 = VECTOR('',#16891,1.);
#16891 = DIRECTION('',(0.,-1.));
#16892 = ( GEOMETRIC_REPRESENTATION_CONTEXT(2) 
PARAMETRIC_REPRESENTATION_CONTEXT() REPRESENTATION_CONTEXT('2D SPACE',''
  ) );
#16893 = PCURVE('',#16894,#16899);
#16894 = PLANE('',#16895);
#16895 = AXIS2_PLACEMENT_3D('',#16896,#16897,#16898);
#16896 = CARTESIAN_POINT('',(-56.,-35.,4.5));
#16897 = DIRECTION('',(0.,0.,1.));
#16898 = DIRECTION('',(1.,0.,-0.));
#16899 = DEFINITIONAL_REPRESENTATION('',(#16900),#16904);
#16900 = LINE('',#16901,#16902);
#16901 = CARTESIAN_POINT('',(0.,0.));
#16902 = VECTOR('',#16903,1.);
#16903 = DIRECTION('',(0.,1.));
#16904 = ( GEOMETRIC_REPRESENTATION_CONTEXT(2) 
PARAMETRIC_REPRESENTATION_CONTEXT() REPRESENTATION_CONTEXT('2D SPACE',''
  ) );
#16905 = ADVANCED_FACE('',(#16906),#16920,.T.);
#16906 = FACE_BOUND('',#16907,.T.);
#16907 = EDGE_LOOP('',(#16908,#16938,#16961,#16984));
#16908 = ORIENTED_EDGE('',*,*,#16909,.F.);
#16909 = EDGE_CURVE('',#16910,#16912,#16914,.T.);
#16910 = VERTEX_POINT('',#16911);
#16911 = CARTESIAN_POINT('',(56.,-35.,0.));
#16912 = VERTEX_POINT('',#16913);
#16913 = CARTESIAN_POINT('',(56.,-35.,4.5));
#16914 = SURFACE_CURVE('',#16915,(#16919,#16931),.PCURVE_S1.);
#16915 = LINE('',#16916,#16917);
#16916 = CARTESIAN_POINT('',(56.,-35.,0.));
#16917 = VECTOR('',#16918,1.);
#16918 = DIRECTION('',(0.,0.,1.));
#16919 = PCURVE('',#16920,#16925);
#16920 = PLANE('',#16921);
#16921 = AXIS2_PLACEMENT_3D('',#16922,#16923,#16924);
#16922 = CARTESIAN_POINT('',(56.,-35.,0.));
#16923 = DIRECTION('',(1.,0.,-0.));
#16924 = DIRECTION('',(0.,0.,1.));
#16925 = DEFINITIONAL_REPRESENTATION('',(#16926),#16930);
#16926 = LINE('',#16927,#16928);
#16927 = CARTESIAN_POINT('',(0.,0.));
#16928 = VECTOR('',#16929,1.);
#16929 = DIRECTION('',(1.,0.));
#16930 = ( GEOMETRIC_REPRESENTATION_CONTEXT(2) 
PARAMETRIC_REPRESENTATION_CONTEXT() REPRESENTATION_CONTEXT('2D SPACE',''
  ) );
#16931 = PCURVE('',#16812,#16932);
#16932 = DEFINITIONAL_REPRESENTATION('',(#16933),#16937);
#16933 = LINE('',#16934,#16935);
#16934 = CARTESIAN_POINT('',(0.,112.));
#16935 = VECTOR('',#16936,1.);
#16936 = DIRECTION('',(1.,0.));
#16937 = ( GEOMETRIC_REPRESENTATION_CONTEXT(2) 
PARAMETRIC_REPRESENTATION_CONTEXT() REPRESENTATION_CONTEXT('2D SPACE',''
  ) );
#16938 = ORIENTED_EDGE('',*,*,#16939,.T.);
#16939 = EDGE_CURVE('',#16910,#16940,#16942,.T.);
#16940 = VERTEX_POINT('',#16941);
#16941 = CARTESIAN_POINT('',(56.,35.,0.));
#16942 = SURFACE_CURVE('',#16943,(#16947,#16954),.PCURVE_S1.);
#16943 = LINE('',#16944,#16945);
#16944 = CARTESIAN_POINT('',(56.,-35.,0.));
#16945 = VECTOR('',#16946,1.);
#16946 = DIRECTION('',(-0.,1.,0.));
#16947 = PCURVE('',#16920,#16948);
#16948 = DEFINITIONAL_REPRESENTATION('',(#16949),#16953);
#16949 = LINE('',#16950,#16951);
#16950 = CARTESIAN_POINT('',(0.,0.));
#16951 = VECTOR('',#16952,1.);
#16952 = DIRECTION('',(0.,-1.));
#16953 = ( GEOMETRIC_REPRESENTATION_CONTEXT(2) 
PARAMETRIC_REPRESENTATION_CONTEXT() REPRESENTATION_CONTEXT('2D SPACE',''
  ) );
#16954 = PCURVE('',#16840,#16955);
#16955 = DEFINITIONAL_REPRESENTATION('',(#16956),#16960);
#16956 = LINE('',#16957,#16958);
#16957 = CARTESIAN_POINT('',(112.,0.));
#16958 = VECTOR('',#16959,1.);
#16959 = DIRECTION('',(0.,1.));
#16960 = ( GEOMETRIC_REPRESENTATION_CONTEXT(2) 
PARAMETRIC_REPRESENTATION_CONTEXT() REPRESENTATION_CONTEXT('2D SPACE',''
  ) );
#16961 = ORIENTED_EDGE('',*,*,#16962,.T.);
#16962 = EDGE_CURVE('',#16940,#16963,#16965,.T.);
#16963 = VERTEX_POINT('',#16964);
#16964 = CARTESIAN_POINT('',(56.,35.,4.5));
#16965 = SURFACE_CURVE('',#16966,(#16970,#16977),.PCURVE_S1.);
#16966 = LINE('',#16967,#16968);
#16967 = CARTESIAN_POINT('',(56.,35.,0.));
#16968 = VECTOR('',#16969,1.);
#16969 = DIRECTION('',(0.,0.,1.));
#16970 = PCURVE('',#16920,#16971);
#16971 = DEFINITIONAL_REPRESENTATION('',(#16972),#16976);
#16972 = LINE('',#16973,#16974);
#16973 = CARTESIAN_POINT('',(0.,-70.));
#16974 = VECTOR('',#16975,1.);
#16975 = DIRECTION('',(1.,0.));
#16976 = ( GEOMETRIC_REPRESENTATION_CONTEXT(2) 
PARAMETRIC_REPRESENTATION_CONTEXT() REPRESENTATION_CONTEXT('2D SPACE',''
  ) );
#16977 = PCURVE('',#16868,#16978);
#16978 = DEFINITIONAL_REPRESENTATION('',(#16979),#16983);
#16979 = LINE('',#16980,#16981);
#16980 = CARTESIAN_POINT('',(0.,112.));
#16981 = VECTOR('',#16982,1.);
#16982 = DIRECTION('',(1.,0.));
#16983 = ( GEOMETRIC_REPRESENTATION_CONTEXT(2) 
PARAMETRIC_REPRESENTATION_CONTEXT() REPRESENTATION_CONTEXT('2D SPACE',''
  ) );
#16984 = ORIENTED_EDGE('',*,*,#16985,.F.);
#16985 = EDGE_CURVE('',#16912,#16963,#16986,.T.);
#16986 = SURFACE_CURVE('',#16987,(#16991,#16998),.PCURVE_S1.);
#16987 = LINE('',#16988,#16989);
#16988 = CARTESIAN_POINT('',(56.,-35.,4.5));
#16989 = VECTOR('',#16990,1.);
#16990 = DIRECTION('',(-0.,1.,0.));
#16991 = PCURVE('',#16920,#16992);
#16992 = DEFINITIONAL_REPRESENTATION('',(#16993),#16997);
#16993 = LINE('',#16994,#16995);
#16994 = CARTESIAN_POINT('',(4.5,0.));
#16995 = VECTOR('',#16996,1.);
#16996 = DIRECTION('',(0.,-1.));
#16997 = ( GEOMETRIC_REPRESENTATION_CONTEXT(2) 
PARAMETRIC_REPRESENTATION_CONTEXT() REPRESENTATION_CONTEXT('2D SPACE',''
  ) );
#16998 = PCURVE('',#16894,#16999);
#16999 = DEFINITIONAL_REPRESENTATION('',(#17000),#17004);
#17000 = LINE('',#17001,#17002);
#17001 = CARTESIAN_POINT('',(112.,0.));
#17002 = VECTOR('',#17003,1.);
#17003 = DIRECTION('',(0.,1.));
#17004 = ( GEOMETRIC_REPRESENTATION_CONTEXT(2) 
PARAMETRIC_REPRESENTATION_CONTEXT() REPRESENTATION_CONTEXT('2D SPACE',''
  ) );
#17005 = ADVANCED_FACE('',(#17006),#16812,.F.);
#17006 = FACE_BOUND('',#17007,.F.);
#17007 = EDGE_LOOP('',(#17008,#17029,#17030,#17051));
#17008 = ORIENTED_EDGE('',*,*,#17009,.F.);
#17009 = EDGE_CURVE('',#16790,#16910,#17010,.T.);
#17010 = SURFACE_CURVE('',#17011,(#17015,#17022),.PCURVE_S1.);
#17011 = LINE('',#17012,#17013);
#17012 = CARTESIAN_POINT('',(-56.,-35.,0.));
#17013 = VECTOR('',#17014,1.);
#17014 = DIRECTION('',(1.,0.,-0.));
#17015 = PCURVE('',#16812,#17016);
#17016 = DEFINITIONAL_REPRESENTATION('',(#17017),#17021);
#17017 = LINE('',#17018,#17019);
#17018 = CARTESIAN_POINT('',(0.,0.));
#17019 = VECTOR('',#17020,1.);
#17020 = DIRECTION('',(0.,1.));
#17021 = ( GEOMETRIC_REPRESENTATION_CONTEXT(2) 
PARAMETRIC_REPRESENTATION_CONTEXT() REPRESENTATION_CONTEXT('2D SPACE',''
  ) );
#17022 = PCURVE('',#16840,#17023);
#17023 = DEFINITIONAL_REPRESENTATION('',(#17024),#17028);
#17024 = LINE('',#17025,#17026);
#17025 = CARTESIAN_POINT('',(0.,0.));
#17026 = VECTOR('',#17027,1.);
#17027 = DIRECTION('',(1.,0.));
#17028 = ( GEOMETRIC_REPRESENTATION_CONTEXT(2) 
PARAMETRIC_REPRESENTATION_CONTEXT() REPRESENTATION_CONTEXT('2D SPACE',''
  ) );
#17029 = ORIENTED_EDGE('',*,*,#16789,.T.);
#17030 = ORIENTED_EDGE('',*,*,#17031,.T.);
#17031 = EDGE_CURVE('',#16792,#16912,#17032,.T.);
#17032 = SURFACE_CURVE('',#17033,(#17037,#17044),.PCURVE_S1.);
#17033 = LINE('',#17034,#17035);
#17034 = CARTESIAN_POINT('',(-56.,-35.,4.5));
#17035 = VECTOR('',#17036,1.);
#17036 = DIRECTION('',(1.,0.,-0.));
#17037 = PCURVE('',#16812,#17038);
#17038 = DEFINITIONAL_REPRESENTATION('',(#17039),#17043);
#17039 = LINE('',#17040,#17041);
#17040 = CARTESIAN_POINT('',(4.5,0.));
#17041 = VECTOR('',#17042,1.);
#17042 = DIRECTION('',(0.,1.));
#17043 = ( GEOMETRIC_REPRESENTATION_CONTEXT(2) 
PARAMETRIC_REPRESENTATION_CONTEXT() REPRESENTATION_CONTEXT('2D SPACE',''
  ) );
#17044 = PCURVE('',#16894,#17045);
#17045 = DEFINITIONAL_REPRESENTATION('',(#17046),#17050);
#17046 = LINE('',#17047,#17048);
#17047 = CARTESIAN_POINT('',(0.,0.));
#17048 = VECTOR('',#17049,1.);
#17049 = DIRECTION('',(1.,0.));
#17050 = ( GEOMETRIC_REPRESENTATION_CONTEXT(2) 
PARAMETRIC_REPRESENTATION_CONTEXT() REPRESENTATION_CONTEXT('2D SPACE',''
  ) );
#17051 = ORIENTED_EDGE('',*,*,#16909,.F.);
#17052 = ADVANCED_FACE('',(#17053),#16868,.T.);
#17053 = FACE_BOUND('',#17054,.T.);
#17054 = EDGE_LOOP('',(#17055,#17076,#17077,#17098));
#17055 = ORIENTED_EDGE('',*,*,#17056,.F.);
#17056 = EDGE_CURVE('',#16825,#16940,#17057,.T.);
#17057 = SURFACE_CURVE('',#17058,(#17062,#17069),.PCURVE_S1.);
#17058 = LINE('',#17059,#17060);
#17059 = CARTESIAN_POINT('',(-56.,35.,0.));
#17060 = VECTOR('',#17061,1.);
#17061 = DIRECTION('',(1.,0.,-0.));
#17062 = PCURVE('',#16868,#17063);
#17063 = DEFINITIONAL_REPRESENTATION('',(#17064),#17068);
#17064 = LINE('',#17065,#17066);
#17065 = CARTESIAN_POINT('',(0.,0.));
#17066 = VECTOR('',#17067,1.);
#17067 = DIRECTION('',(0.,1.));
#17068 = ( GEOMETRIC_REPRESENTATION_CONTEXT(2) 
PARAMETRIC_REPRESENTATION_CONTEXT() REPRESENTATION_CONTEXT('2D SPACE',''
  ) );
#17069 = PCURVE('',#16840,#17070);
#17070 = DEFINITIONAL_REPRESENTATION('',(#17071),#17075);
#17071 = LINE('',#17072,#17073);
#17072 = CARTESIAN_POINT('',(0.,70.));
#17073 = VECTOR('',#17074,1.);
#17074 = DIRECTION('',(1.,0.));
#17075 = ( GEOMETRIC_REPRESENTATION_CONTEXT(2) 
PARAMETRIC_REPRESENTATION_CONTEXT() REPRESENTATION_CONTEXT('2D SPACE',''
  ) );
#17076 = ORIENTED_EDGE('',*,*,#16852,.T.);
#17077 = ORIENTED_EDGE('',*,*,#17078,.T.);
#17078 = EDGE_CURVE('',#16853,#16963,#17079,.T.);
#17079 = SURFACE_CURVE('',#17080,(#17084,#17091),.PCURVE_S1.);
#17080 = LINE('',#17081,#17082);
#17081 = CARTESIAN_POINT('',(-56.,35.,4.5));
#17082 = VECTOR('',#17083,1.);
#17083 = DIRECTION('',(1.,0.,-0.));
#17084 = PCURVE('',#16868,#17085);
#17085 = DEFINITIONAL_REPRESENTATION('',(#17086),#17090);
#17086 = LINE('',#17087,#17088);
#17087 = CARTESIAN_POINT('',(4.5,0.));
#17088 = VECTOR('',#17089,1.);
#17089 = DIRECTION('',(0.,1.));
#17090 = ( GEOMETRIC_REPRESENTATION_CONTEXT(2) 
PARAMETRIC_REPRESENTATION_CONTEXT() REPRESENTATION_CONTEXT('2D SPACE',''
  ) );
#17091 = PCURVE('',#16894,#17092);
#17092 = DEFINITIONAL_REPRESENTATION('',(#17093),#17097);
#17093 = LINE('',#17094,#17095);
#17094 = CARTESIAN_POINT('',(0.,70.));
#17095 = VECTOR('',#17096,1.);
#17096 = DIRECTION('',(1.,0.));
#17097 = ( GEOMETRIC_REPRESENTATION_CONTEXT(2) 
PARAMETRIC_REPRESENTATION_CONTEXT() REPRESENTATION_CONTEXT('2D SPACE',''
  ) );
#17098 = ORIENTED_EDGE('',*,*,#16962,.F.);
#17099 = ADVANCED_FACE('',(#17100),#16840,.F.);
#17100 = FACE_BOUND('',#17101,.F.);
#17101 = EDGE_LOOP('',(#17102,#17103,#17104,#17105));
#17102 = ORIENTED_EDGE('',*,*,#16824,.F.);
#17103 = ORIENTED_EDGE('',*,*,#17009,.T.);
#17104 = ORIENTED_EDGE('',*,*,#16939,.T.);
#17105 = ORIENTED_EDGE('',*,*,#17056,.F.);
#17106 = ADVANCED_FACE('',(#17107),#16894,.T.);
#17107 = FACE_BOUND('',#17108,.T.);
#17108 = EDGE_LOOP('',(#17109,#17110,#17111,#17112));
#17109 = ORIENTED_EDGE('',*,*,#16880,.F.);
#17110 = ORIENTED_EDGE('',*,*,#17031,.T.);
#17111 = ORIENTED_EDGE('',*,*,#16985,.T.);
#17112 = ORIENTED_EDGE('',*,*,#17078,.F.);
#17113 = ( GEOMETRIC_REPRESENTATION_CONTEXT(3) 
GLOBAL_UNCERTAINTY_ASSIGNED_CONTEXT((#17117)) 
GLOBAL_UNIT_ASSIGNED_CONTEXT((#17114,#17115,#17116)) 
REPRESENTATION_CONTEXT('Context #1',
  '3D Context with UNIT and UNCERTAINTY') );
#17114 = ( LENGTH_UNIT() NAMED_UNIT(*) SI_UNIT(.MILLI.,.METRE.) );
#17115 = ( NAMED_UNIT(*) PLANE_ANGLE_UNIT() SI_UNIT($,.RADIAN.) );
#17116 = ( NAMED_UNIT(*) SI_UNIT($,.STERADIAN.) SOLID_ANGLE_UNIT() );
#17117 = UNCERTAINTY_MEASURE_WITH_UNIT(LENGTH_MEASURE(1.E-07),#17114,
  'distance_accuracy_value','confusion accuracy');
#17118 = CONTEXT_DEPENDENT_SHAPE_REPRESENTATION(#17119,#17121);
#17119 = ( REPRESENTATION_RELATIONSHIP('','',#16782,#16406) 
REPRESENTATION_RELATIONSHIP_WITH_TRANSFORMATION(#17120) 
SHAPE_REPRESENTATION_RELATIONSHIP() );
#17120 = ITEM_DEFINED_TRANSFORMATION('','',#11,#16411);
#17121 = PRODUCT_DEFINITION_SHAPE('Placement','Placement of an item',
  #17122);
#17122 = NEXT_ASSEMBLY_USAGE_OCCURRENCE('28',
  'unverified_populated_component_envelope_4p5mm','',#16401,#16777,$);
#17123 = PRODUCT_RELATED_PRODUCT_CATEGORY('part',$,(#16779));
#17124 = SHAPE_DEFINITION_REPRESENTATION(#17125,#17131);
#17125 = PRODUCT_DEFINITION_SHAPE('','',#17126);
#17126 = PRODUCT_DEFINITION('design','',#17127,#17130);
#17127 = PRODUCT_DEFINITION_FORMATION('','',#17128);
#17128 = PRODUCT('folding_easel_stand_with_detents',
  'folding_easel_stand_with_detents','',(#17129));
#17129 = PRODUCT_CONTEXT('',#2,'mechanical');
#17130 = PRODUCT_DEFINITION_CONTEXT('part definition',#2,'design');
#17131 = ADVANCED_BREP_SHAPE_REPRESENTATION('',(#11,#17132),#18060);
#17132 = MANIFOLD_SOLID_BREP('',#17133);
#17133 = CLOSED_SHELL('',(#17134,#17254,#17500,#17573,#17627,#17673,
    #17723,#17772,#17822,#17871,#17988,#18017,#18046,#18053));
#17134 = ADVANCED_FACE('',(#17135),#17149,.T.);
#17135 = FACE_BOUND('',#17136,.T.);
#17136 = EDGE_LOOP('',(#17137,#17172,#17200,#17228));
#17137 = ORIENTED_EDGE('',*,*,#17138,.T.);
#17138 = EDGE_CURVE('',#17139,#17141,#17143,.T.);
#17139 = VERTEX_POINT('',#17140);
#17140 = CARTESIAN_POINT('',(-70.,-98.,0.));
#17141 = VERTEX_POINT('',#17142);
#17142 = CARTESIAN_POINT('',(-70.,-98.,4.));
#17143 = SURFACE_CURVE('',#17144,(#17148,#17160),.PCURVE_S1.);
#17144 = LINE('',#17145,#17146);
#17145 = CARTESIAN_POINT('',(-70.,-98.,0.));
#17146 = VECTOR('',#17147,1.);
#17147 = DIRECTION('',(0.,0.,1.));
#17148 = PCURVE('',#17149,#17154);
#17149 = PLANE('',#17150);
#17150 = AXIS2_PLACEMENT_3D('',#17151,#17152,#17153);
#17151 = CARTESIAN_POINT('',(-70.,-98.,0.));
#17152 = DIRECTION('',(-1.,0.,0.));
#17153 = DIRECTION('',(0.,1.,0.));
#17154 = DEFINITIONAL_REPRESENTATION('',(#17155),#17159);
#17155 = LINE('',#17156,#17157);
#17156 = CARTESIAN_POINT('',(0.,0.));
#17157 = VECTOR('',#17158,1.);
#17158 = DIRECTION('',(0.,-1.));
#17159 = ( GEOMETRIC_REPRESENTATION_CONTEXT(2) 
PARAMETRIC_REPRESENTATION_CONTEXT() REPRESENTATION_CONTEXT('2D SPACE',''
  ) );
#17160 = PCURVE('',#17161,#17166);
#17161 = CYLINDRICAL_SURFACE('',#17162,7.);
#17162 = AXIS2_PLACEMENT_3D('',#17163,#17164,#17165);
#17163 = CARTESIAN_POINT('',(-63.,-98.,0.));
#17164 = DIRECTION('',(-0.,-0.,-1.));
#17165 = DIRECTION('',(1.,0.,0.));
#17166 = DEFINITIONAL_REPRESENTATION('',(#17167),#17171);
#17167 = LINE('',#17168,#17169);
#17168 = CARTESIAN_POINT('',(-3.14159265359,0.));
#17169 = VECTOR('',#17170,1.);
#17170 = DIRECTION('',(-0.,-1.));
#17171 = ( GEOMETRIC_REPRESENTATION_CONTEXT(2) 
PARAMETRIC_REPRESENTATION_CONTEXT() REPRESENTATION_CONTEXT('2D SPACE',''
  ) );
#17172 = ORIENTED_EDGE('',*,*,#17173,.T.);
#17173 = EDGE_CURVE('',#17141,#17174,#17176,.T.);
#17174 = VERTEX_POINT('',#17175);
#17175 = CARTESIAN_POINT('',(-70.,-7.000000009794,4.));
#17176 = SURFACE_CURVE('',#17177,(#17181,#17188),.PCURVE_S1.);
#17177 = LINE('',#17178,#17179);
#17178 = CARTESIAN_POINT('',(-70.,-52.49999999999,4.));
#17179 = VECTOR('',#17180,1.);
#17180 = DIRECTION('',(0.,1.,0.));
#17181 = PCURVE('',#17149,#17182);
#17182 = DEFINITIONAL_REPRESENTATION('',(#17183),#17187);
#17183 = LINE('',#17184,#17185);
#17184 = CARTESIAN_POINT('',(45.500000000002,-4.));
#17185 = VECTOR('',#17186,1.);
#17186 = DIRECTION('',(1.,0.));
#17187 = ( GEOMETRIC_REPRESENTATION_CONTEXT(2) 
PARAMETRIC_REPRESENTATION_CONTEXT() REPRESENTATION_CONTEXT('2D SPACE',''
  ) );
#17188 = PCURVE('',#17189,#17194);
#17189 = PLANE('',#17190);
#17190 = AXIS2_PLACEMENT_3D('',#17191,#17192,#17193);
#17191 = CARTESIAN_POINT('',(-1.69643965237E-15,-52.50000000231,4.));
#17192 = DIRECTION('',(0.,0.,1.));
#17193 = DIRECTION('',(1.,0.,0.));
#17194 = DEFINITIONAL_REPRESENTATION('',(#17195),#17199);
#17195 = LINE('',#17196,#17197);
#17196 = CARTESIAN_POINT('',(-70.,2.313178981694E-09));
#17197 = VECTOR('',#17198,1.);
#17198 = DIRECTION('',(0.,1.));
#17199 = ( GEOMETRIC_REPRESENTATION_CONTEXT(2) 
PARAMETRIC_REPRESENTATION_CONTEXT() REPRESENTATION_CONTEXT('2D SPACE',''
  ) );
#17200 = ORIENTED_EDGE('',*,*,#17201,.F.);
#17201 = EDGE_CURVE('',#17202,#17174,#17204,.T.);
#17202 = VERTEX_POINT('',#17203);
#17203 = CARTESIAN_POINT('',(-70.,-7.000000009794,0.));
#17204 = SURFACE_CURVE('',#17205,(#17209,#17216),.PCURVE_S1.);
#17205 = LINE('',#17206,#17207);
#17206 = CARTESIAN_POINT('',(-70.,-7.000000009794,0.));
#17207 = VECTOR('',#17208,1.);
#17208 = DIRECTION('',(0.,0.,1.));
#17209 = PCURVE('',#17149,#17210);
#17210 = DEFINITIONAL_REPRESENTATION('',(#17211),#17215);
#17211 = LINE('',#17212,#17213);
#17212 = CARTESIAN_POINT('',(90.999999990207,0.));
#17213 = VECTOR('',#17214,1.);
#17214 = DIRECTION('',(0.,-1.));
#17215 = ( GEOMETRIC_REPRESENTATION_CONTEXT(2) 
PARAMETRIC_REPRESENTATION_CONTEXT() REPRESENTATION_CONTEXT('2D SPACE',''
  ) );
#17216 = PCURVE('',#17217,#17222);
#17217 = CYLINDRICAL_SURFACE('',#17218,7.);
#17218 = AXIS2_PLACEMENT_3D('',#17219,#17220,#17221);
#17219 = CARTESIAN_POINT('',(-63.,-7.000000009794,0.));
#17220 = DIRECTION('',(-0.,-0.,-1.));
#17221 = DIRECTION('',(1.,0.,0.));
#17222 = DEFINITIONAL_REPRESENTATION('',(#17223),#17227);
#17223 = LINE('',#17224,#17225);
#17224 = CARTESIAN_POINT('',(-3.14159265359,0.));
#17225 = VECTOR('',#17226,1.);
#17226 = DIRECTION('',(-0.,-1.));
#17227 = ( GEOMETRIC_REPRESENTATION_CONTEXT(2) 
PARAMETRIC_REPRESENTATION_CONTEXT() REPRESENTATION_CONTEXT('2D SPACE',''
  ) );
#17228 = ORIENTED_EDGE('',*,*,#17229,.F.);
#17229 = EDGE_CURVE('',#17139,#17202,#17230,.T.);
#17230 = SURFACE_CURVE('',#17231,(#17235,#17242),.PCURVE_S1.);
#17231 = LINE('',#17232,#17233);
#17232 = CARTESIAN_POINT('',(-70.,-52.49999999999,0.));
#17233 = VECTOR('',#17234,1.);
#17234 = DIRECTION('',(0.,1.,0.));
#17235 = PCURVE('',#17149,#17236);
#17236 = DEFINITIONAL_REPRESENTATION('',(#17237),#17241);
#17237 = LINE('',#17238,#17239);
#17238 = CARTESIAN_POINT('',(45.500000000002,0.));
#17239 = VECTOR('',#17240,1.);
#17240 = DIRECTION('',(1.,0.));
#17241 = ( GEOMETRIC_REPRESENTATION_CONTEXT(2) 
PARAMETRIC_REPRESENTATION_CONTEXT() REPRESENTATION_CONTEXT('2D SPACE',''
  ) );
#17242 = PCURVE('',#17243,#17248);
#17243 = PLANE('',#17244);
#17244 = AXIS2_PLACEMENT_3D('',#17245,#17246,#17247);
#17245 = CARTESIAN_POINT('',(-1.69643965237E-15,-52.50000000231,0.));
#17246 = DIRECTION('',(0.,0.,1.));
#17247 = DIRECTION('',(1.,0.,0.));
#17248 = DEFINITIONAL_REPRESENTATION('',(#17249),#17253);
#17249 = LINE('',#17250,#17251);
#17250 = CARTESIAN_POINT('',(-70.,2.313178981694E-09));
#17251 = VECTOR('',#17252,1.);
#17252 = DIRECTION('',(0.,1.));
#17253 = ( GEOMETRIC_REPRESENTATION_CONTEXT(2) 
PARAMETRIC_REPRESENTATION_CONTEXT() REPRESENTATION_CONTEXT('2D SPACE',''
  ) );
#17254 = ADVANCED_FACE('',(#17255),#17189,.T.);
#17255 = FACE_BOUND('',#17256,.T.);
#17256 = EDGE_LOOP('',(#17257,#17258,#17282,#17310,#17339,#17367,#17396,
    #17423,#17451,#17478));
#17257 = ORIENTED_EDGE('',*,*,#17173,.F.);
#17258 = ORIENTED_EDGE('',*,*,#17259,.T.);
#17259 = EDGE_CURVE('',#17141,#17260,#17262,.T.);
#17260 = VERTEX_POINT('',#17261);
#17261 = CARTESIAN_POINT('',(-63.,-105.,4.));
#17262 = SURFACE_CURVE('',#17263,(#17268,#17275),.PCURVE_S1.);
#17263 = CIRCLE('',#17264,7.);
#17264 = AXIS2_PLACEMENT_3D('',#17265,#17266,#17267);
#17265 = CARTESIAN_POINT('',(-63.,-98.,4.));
#17266 = DIRECTION('',(0.,0.,1.));
#17267 = DIRECTION('',(1.,0.,0.));
#17268 = PCURVE('',#17189,#17269);
#17269 = DEFINITIONAL_REPRESENTATION('',(#17270),#17274);
#17270 = CIRCLE('',#17271,7.);
#17271 = AXIS2_PLACEMENT_2D('',#17272,#17273);
#17272 = CARTESIAN_POINT('',(-63.,-45.49999999768));
#17273 = DIRECTION('',(1.,0.));
#17274 = ( GEOMETRIC_REPRESENTATION_CONTEXT(2) 
PARAMETRIC_REPRESENTATION_CONTEXT() REPRESENTATION_CONTEXT('2D SPACE',''
  ) );
#17275 = PCURVE('',#17161,#17276);
#17276 = DEFINITIONAL_REPRESENTATION('',(#17277),#17281);
#17277 = LINE('',#17278,#17279);
#17278 = CARTESIAN_POINT('',(-0.,-4.));
#17279 = VECTOR('',#17280,1.);
#17280 = DIRECTION('',(-1.,0.));
#17281 = ( GEOMETRIC_REPRESENTATION_CONTEXT(2) 
PARAMETRIC_REPRESENTATION_CONTEXT() REPRESENTATION_CONTEXT('2D SPACE',''
  ) );
#17282 = ORIENTED_EDGE('',*,*,#17283,.T.);
#17283 = EDGE_CURVE('',#17260,#17284,#17286,.T.);
#17284 = VERTEX_POINT('',#17285);
#17285 = CARTESIAN_POINT('',(63.,-105.,4.));
#17286 = SURFACE_CURVE('',#17287,(#17291,#17298),.PCURVE_S1.);
#17287 = LINE('',#17288,#17289);
#17288 = CARTESIAN_POINT('',(0.,-104.9999999999,4.));
#17289 = VECTOR('',#17290,1.);
#17290 = DIRECTION('',(1.,0.,0.));
#17291 = PCURVE('',#17189,#17292);
#17292 = DEFINITIONAL_REPRESENTATION('',(#17293),#17297);
#17293 = LINE('',#17294,#17295);
#17294 = CARTESIAN_POINT('',(1.69643965237E-15,-52.49999999768));
#17295 = VECTOR('',#17296,1.);
#17296 = DIRECTION('',(1.,0.));
#17297 = ( GEOMETRIC_REPRESENTATION_CONTEXT(2) 
PARAMETRIC_REPRESENTATION_CONTEXT() REPRESENTATION_CONTEXT('2D SPACE',''
  ) );
#17298 = PCURVE('',#17299,#17304);
#17299 = PLANE('',#17300);
#17300 = AXIS2_PLACEMENT_3D('',#17301,#17302,#17303);
#17301 = CARTESIAN_POINT('',(-63.,-104.9999999999,0.));
#17302 = DIRECTION('',(0.,1.,0.));
#17303 = DIRECTION('',(1.,0.,0.));
#17304 = DEFINITIONAL_REPRESENTATION('',(#17305),#17309);
#17305 = LINE('',#17306,#17307);
#17306 = CARTESIAN_POINT('',(63.,-4.));
#17307 = VECTOR('',#17308,1.);
#17308 = DIRECTION('',(1.,0.));
#17309 = ( GEOMETRIC_REPRESENTATION_CONTEXT(2) 
PARAMETRIC_REPRESENTATION_CONTEXT() REPRESENTATION_CONTEXT('2D SPACE',''
  ) );
#17310 = ORIENTED_EDGE('',*,*,#17311,.T.);
#17311 = EDGE_CURVE('',#17284,#17312,#17314,.T.);
#17312 = VERTEX_POINT('',#17313);
#17313 = CARTESIAN_POINT('',(70.,-98.,4.));
#17314 = SURFACE_CURVE('',#17315,(#17320,#17327),.PCURVE_S1.);
#17315 = CIRCLE('',#17316,7.);
#17316 = AXIS2_PLACEMENT_3D('',#17317,#17318,#17319);
#17317 = CARTESIAN_POINT('',(63.,-98.,4.));
#17318 = DIRECTION('',(0.,0.,1.));
#17319 = DIRECTION('',(1.,0.,0.));
#17320 = PCURVE('',#17189,#17321);
#17321 = DEFINITIONAL_REPRESENTATION('',(#17322),#17326);
#17322 = CIRCLE('',#17323,7.);
#17323 = AXIS2_PLACEMENT_2D('',#17324,#17325);
#17324 = CARTESIAN_POINT('',(63.,-45.49999999768));
#17325 = DIRECTION('',(1.,0.));
#17326 = ( GEOMETRIC_REPRESENTATION_CONTEXT(2) 
PARAMETRIC_REPRESENTATION_CONTEXT() REPRESENTATION_CONTEXT('2D SPACE',''
  ) );
#17327 = PCURVE('',#17328,#17333);
#17328 = CYLINDRICAL_SURFACE('',#17329,7.);
#17329 = AXIS2_PLACEMENT_3D('',#17330,#17331,#17332);
#17330 = CARTESIAN_POINT('',(63.,-98.,0.));
#17331 = DIRECTION('',(-0.,-0.,-1.));
#17332 = DIRECTION('',(1.,0.,0.));
#17333 = DEFINITIONAL_REPRESENTATION('',(#17334),#17338);
#17334 = LINE('',#17335,#17336);
#17335 = CARTESIAN_POINT('',(-0.,-4.));
#17336 = VECTOR('',#17337,1.);
#17337 = DIRECTION('',(-1.,0.));
#17338 = ( GEOMETRIC_REPRESENTATION_CONTEXT(2) 
PARAMETRIC_REPRESENTATION_CONTEXT() REPRESENTATION_CONTEXT('2D SPACE',''
  ) );
#17339 = ORIENTED_EDGE('',*,*,#17340,.T.);
#17340 = EDGE_CURVE('',#17312,#17341,#17343,.T.);
#17341 = VERTEX_POINT('',#17342);
#17342 = CARTESIAN_POINT('',(70.,-7.000000009794,4.));
#17343 = SURFACE_CURVE('',#17344,(#17348,#17355),.PCURVE_S1.);
#17344 = LINE('',#17345,#17346);
#17345 = CARTESIAN_POINT('',(70.,-52.49999999999,4.));
#17346 = VECTOR('',#17347,1.);
#17347 = DIRECTION('',(0.,1.,0.));
#17348 = PCURVE('',#17189,#17349);
#17349 = DEFINITIONAL_REPRESENTATION('',(#17350),#17354);
#17350 = LINE('',#17351,#17352);
#17351 = CARTESIAN_POINT('',(70.,2.313178981694E-09));
#17352 = VECTOR('',#17353,1.);
#17353 = DIRECTION('',(0.,1.));
#17354 = ( GEOMETRIC_REPRESENTATION_CONTEXT(2) 
PARAMETRIC_REPRESENTATION_CONTEXT() REPRESENTATION_CONTEXT('2D SPACE',''
  ) );
#17355 = PCURVE('',#17356,#17361);
#17356 = PLANE('',#17357);
#17357 = AXIS2_PLACEMENT_3D('',#17358,#17359,#17360);
#17358 = CARTESIAN_POINT('',(70.,-98.,0.));
#17359 = DIRECTION('',(-1.,0.,0.));
#17360 = DIRECTION('',(0.,1.,0.));
#17361 = DEFINITIONAL_REPRESENTATION('',(#17362),#17366);
#17362 = LINE('',#17363,#17364);
#17363 = CARTESIAN_POINT('',(45.500000000002,-4.));
#17364 = VECTOR('',#17365,1.);
#17365 = DIRECTION('',(1.,0.));
#17366 = ( GEOMETRIC_REPRESENTATION_CONTEXT(2) 
PARAMETRIC_REPRESENTATION_CONTEXT() REPRESENTATION_CONTEXT('2D SPACE',''
  ) );
#17367 = ORIENTED_EDGE('',*,*,#17368,.T.);
#17368 = EDGE_CURVE('',#17341,#17369,#17371,.T.);
#17369 = VERTEX_POINT('',#17370);
#17370 = CARTESIAN_POINT('',(64.,-7.179677951834E-02,4.));
#17371 = SURFACE_CURVE('',#17372,(#17377,#17384),.PCURVE_S1.);
#17372 = CIRCLE('',#17373,7.);
#17373 = AXIS2_PLACEMENT_3D('',#17374,#17375,#17376);
#17374 = CARTESIAN_POINT('',(63.,-7.000000009794,4.));
#17375 = DIRECTION('',(0.,0.,1.));
#17376 = DIRECTION('',(1.,0.,0.));
#17377 = PCURVE('',#17189,#17378);
#17378 = DEFINITIONAL_REPRESENTATION('',(#17379),#17383);
#17379 = CIRCLE('',#17380,7.);
#17380 = AXIS2_PLACEMENT_2D('',#17381,#17382);
#17381 = CARTESIAN_POINT('',(63.,45.499999992518));
#17382 = DIRECTION('',(1.,0.));
#17383 = ( GEOMETRIC_REPRESENTATION_CONTEXT(2) 
PARAMETRIC_REPRESENTATION_CONTEXT() REPRESENTATION_CONTEXT('2D SPACE',''
  ) );
#17384 = PCURVE('',#17385,#17390);
#17385 = CYLINDRICAL_SURFACE('',#17386,7.);
#17386 = AXIS2_PLACEMENT_3D('',#17387,#17388,#17389);
#17387 = CARTESIAN_POINT('',(63.,-7.000000009794,0.));
#17388 = DIRECTION('',(-0.,-0.,-1.));
#17389 = DIRECTION('',(1.,0.,0.));
#17390 = DEFINITIONAL_REPRESENTATION('',(#17391),#17395);
#17391 = LINE('',#17392,#17393);
#17392 = CARTESIAN_POINT('',(-0.,-4.));
#17393 = VECTOR('',#17394,1.);
#17394 = DIRECTION('',(-1.,0.));
#17395 = ( GEOMETRIC_REPRESENTATION_CONTEXT(2) 
PARAMETRIC_REPRESENTATION_CONTEXT() REPRESENTATION_CONTEXT('2D SPACE',''
  ) );
#17396 = ORIENTED_EDGE('',*,*,#17397,.F.);
#17397 = EDGE_CURVE('',#17398,#17369,#17400,.T.);
#17398 = VERTEX_POINT('',#17399);
#17399 = CARTESIAN_POINT('',(64.,-3.693237062524,4.));
#17400 = SURFACE_CURVE('',#17401,(#17405,#17412),.PCURVE_S1.);
#17401 = LINE('',#17402,#17403);
#17402 = CARTESIAN_POINT('',(64.,-26.25000000115,4.));
#17403 = VECTOR('',#17404,1.);
#17404 = DIRECTION('',(0.,1.,0.));
#17405 = PCURVE('',#17189,#17406);
#17406 = DEFINITIONAL_REPRESENTATION('',(#17407),#17411);
#17407 = LINE('',#17408,#17409);
#17408 = CARTESIAN_POINT('',(64.,26.250000001156));
#17409 = VECTOR('',#17410,1.);
#17410 = DIRECTION('',(0.,1.));
#17411 = ( GEOMETRIC_REPRESENTATION_CONTEXT(2) 
PARAMETRIC_REPRESENTATION_CONTEXT() REPRESENTATION_CONTEXT('2D SPACE',''
  ) );
#17412 = PCURVE('',#17413,#17418);
#17413 = PLANE('',#17414);
#17414 = AXIS2_PLACEMENT_3D('',#17415,#17416,#17417);
#17415 = CARTESIAN_POINT('',(64.,0.,2.));
#17416 = DIRECTION('',(1.,0.,1.110223024625E-16));
#17417 = DIRECTION('',(1.110223024625E-16,0.,-1.));
#17418 = DEFINITIONAL_REPRESENTATION('',(#17419),#17422);
#17419 = B_SPLINE_CURVE_WITH_KNOTS('',1,(#17420,#17421),.UNSPECIFIED.,
  .F.,.F.,(2,2),(22.050000001156,26.250000001157),
  .PIECEWISE_BEZIER_KNOTS.);
#17420 = CARTESIAN_POINT('',(-2.,-4.2));
#17421 = CARTESIAN_POINT('',(-2.,9.805489753489E-13));
#17422 = ( GEOMETRIC_REPRESENTATION_CONTEXT(2) 
PARAMETRIC_REPRESENTATION_CONTEXT() REPRESENTATION_CONTEXT('2D SPACE',''
  ) );
#17423 = ORIENTED_EDGE('',*,*,#17424,.T.);
#17424 = EDGE_CURVE('',#17398,#17425,#17427,.T.);
#17425 = VERTEX_POINT('',#17426);
#17426 = CARTESIAN_POINT('',(-64.,-3.693237062524,4.));
#17427 = SURFACE_CURVE('',#17428,(#17432,#17439),.PCURVE_S1.);
#17428 = LINE('',#17429,#17430);
#17429 = CARTESIAN_POINT('',(64.,-3.693237062524,4.));
#17430 = VECTOR('',#17431,1.);
#17431 = DIRECTION('',(-1.,5.551115123126E-17,-6.938893903907E-18));
#17432 = PCURVE('',#17189,#17433);
#17433 = DEFINITIONAL_REPRESENTATION('',(#17434),#17438);
#17434 = LINE('',#17435,#17436);
#17435 = CARTESIAN_POINT('',(64.,48.806762939788));
#17436 = VECTOR('',#17437,1.);
#17437 = DIRECTION('',(-1.,5.551115123126E-17));
#17438 = ( GEOMETRIC_REPRESENTATION_CONTEXT(2) 
PARAMETRIC_REPRESENTATION_CONTEXT() REPRESENTATION_CONTEXT('2D SPACE',''
  ) );
#17439 = PCURVE('',#17440,#17445);
#17440 = CYLINDRICAL_SURFACE('',#17441,4.2);
#17441 = AXIS2_PLACEMENT_3D('',#17442,#17443,#17444);
#17442 = CARTESIAN_POINT('',(-64.,0.,2.));
#17443 = DIRECTION('',(1.,0.,1.110223024625E-16));
#17444 = DIRECTION('',(1.110223024625E-16,0.,-1.));
#17445 = DEFINITIONAL_REPRESENTATION('',(#17446),#17450);
#17446 = LINE('',#17447,#17448);
#17447 = CARTESIAN_POINT('',(10.499256925439,128.));
#17448 = VECTOR('',#17449,1.);
#17449 = DIRECTION('',(-0.,-1.));
#17450 = ( GEOMETRIC_REPRESENTATION_CONTEXT(2) 
PARAMETRIC_REPRESENTATION_CONTEXT() REPRESENTATION_CONTEXT('2D SPACE',''
  ) );
#17451 = ORIENTED_EDGE('',*,*,#17452,.T.);
#17452 = EDGE_CURVE('',#17425,#17453,#17455,.T.);
#17453 = VERTEX_POINT('',#17454);
#17454 = CARTESIAN_POINT('',(-64.,-7.179677951834E-02,4.));
#17455 = SURFACE_CURVE('',#17456,(#17460,#17467),.PCURVE_S1.);
#17456 = LINE('',#17457,#17458);
#17457 = CARTESIAN_POINT('',(-64.,-26.25000000115,4.));
#17458 = VECTOR('',#17459,1.);
#17459 = DIRECTION('',(0.,1.,0.));
#17460 = PCURVE('',#17189,#17461);
#17461 = DEFINITIONAL_REPRESENTATION('',(#17462),#17466);
#17462 = LINE('',#17463,#17464);
#17463 = CARTESIAN_POINT('',(-64.,26.250000001156));
#17464 = VECTOR('',#17465,1.);
#17465 = DIRECTION('',(0.,1.));
#17466 = ( GEOMETRIC_REPRESENTATION_CONTEXT(2) 
PARAMETRIC_REPRESENTATION_CONTEXT() REPRESENTATION_CONTEXT('2D SPACE',''
  ) );
#17467 = PCURVE('',#17468,#17473);
#17468 = PLANE('',#17469);
#17469 = AXIS2_PLACEMENT_3D('',#17470,#17471,#17472);
#17470 = CARTESIAN_POINT('',(-64.,0.,2.));
#17471 = DIRECTION('',(1.,0.,1.110223024625E-16));
#17472 = DIRECTION('',(1.110223024625E-16,0.,-1.));
#17473 = DEFINITIONAL_REPRESENTATION('',(#17474),#17477);
#17474 = B_SPLINE_CURVE_WITH_KNOTS('',1,(#17475,#17476),.UNSPECIFIED.,
  .F.,.F.,(2,2),(22.050000001156,26.250000001157),
  .PIECEWISE_BEZIER_KNOTS.);
#17475 = CARTESIAN_POINT('',(-2.,-4.2));
#17476 = CARTESIAN_POINT('',(-2.,9.805489753489E-13));
#17477 = ( GEOMETRIC_REPRESENTATION_CONTEXT(2) 
PARAMETRIC_REPRESENTATION_CONTEXT() REPRESENTATION_CONTEXT('2D SPACE',''
  ) );
#17478 = ORIENTED_EDGE('',*,*,#17479,.T.);
#17479 = EDGE_CURVE('',#17453,#17174,#17480,.T.);
#17480 = SURFACE_CURVE('',#17481,(#17486,#17493),.PCURVE_S1.);
#17481 = CIRCLE('',#17482,7.);
#17482 = AXIS2_PLACEMENT_3D('',#17483,#17484,#17485);
#17483 = CARTESIAN_POINT('',(-63.,-7.000000009794,4.));
#17484 = DIRECTION('',(0.,0.,1.));
#17485 = DIRECTION('',(1.,0.,0.));
#17486 = PCURVE('',#17189,#17487);
#17487 = DEFINITIONAL_REPRESENTATION('',(#17488),#17492);
#17488 = CIRCLE('',#17489,7.);
#17489 = AXIS2_PLACEMENT_2D('',#17490,#17491);
#17490 = CARTESIAN_POINT('',(-63.,45.499999992518));
#17491 = DIRECTION('',(1.,0.));
#17492 = ( GEOMETRIC_REPRESENTATION_CONTEXT(2) 
PARAMETRIC_REPRESENTATION_CONTEXT() REPRESENTATION_CONTEXT('2D SPACE',''
  ) );
#17493 = PCURVE('',#17217,#17494);
#17494 = DEFINITIONAL_REPRESENTATION('',(#17495),#17499);
#17495 = LINE('',#17496,#17497);
#17496 = CARTESIAN_POINT('',(-0.,-4.));
#17497 = VECTOR('',#17498,1.);
#17498 = DIRECTION('',(-1.,0.));
#17499 = ( GEOMETRIC_REPRESENTATION_CONTEXT(2) 
PARAMETRIC_REPRESENTATION_CONTEXT() REPRESENTATION_CONTEXT('2D SPACE',''
  ) );
#17500 = ADVANCED_FACE('',(#17501),#17468,.F.);
#17501 = FACE_BOUND('',#17502,.F.);
#17502 = EDGE_LOOP('',(#17503,#17527,#17553,#17554));
#17503 = ORIENTED_EDGE('',*,*,#17504,.F.);
#17504 = EDGE_CURVE('',#17505,#17507,#17509,.T.);
#17505 = VERTEX_POINT('',#17506);
#17506 = CARTESIAN_POINT('',(-64.,-3.693237062524,0.));
#17507 = VERTEX_POINT('',#17508);
#17508 = CARTESIAN_POINT('',(-64.,-7.179677951834E-02,0.));
#17509 = SURFACE_CURVE('',#17510,(#17514,#17520),.PCURVE_S1.);
#17510 = LINE('',#17511,#17512);
#17511 = CARTESIAN_POINT('',(-64.,-26.25000000115,0.));
#17512 = VECTOR('',#17513,1.);
#17513 = DIRECTION('',(0.,1.,0.));
#17514 = PCURVE('',#17468,#17515);
#17515 = DEFINITIONAL_REPRESENTATION('',(#17516),#17519);
#17516 = B_SPLINE_CURVE_WITH_KNOTS('',1,(#17517,#17518),.UNSPECIFIED.,
  .F.,.F.,(2,2),(22.050000001156,26.250000001157),
  .PIECEWISE_BEZIER_KNOTS.);
#17517 = CARTESIAN_POINT('',(2.,-4.2));
#17518 = CARTESIAN_POINT('',(2.,9.805489753489E-13));
#17519 = ( GEOMETRIC_REPRESENTATION_CONTEXT(2) 
PARAMETRIC_REPRESENTATION_CONTEXT() REPRESENTATION_CONTEXT('2D SPACE',''
  ) );
#17520 = PCURVE('',#17243,#17521);
#17521 = DEFINITIONAL_REPRESENTATION('',(#17522),#17526);
#17522 = LINE('',#17523,#17524);
#17523 = CARTESIAN_POINT('',(-64.,26.250000001156));
#17524 = VECTOR('',#17525,1.);
#17525 = DIRECTION('',(0.,1.));
#17526 = ( GEOMETRIC_REPRESENTATION_CONTEXT(2) 
PARAMETRIC_REPRESENTATION_CONTEXT() REPRESENTATION_CONTEXT('2D SPACE',''
  ) );
#17527 = ORIENTED_EDGE('',*,*,#17528,.F.);
#17528 = EDGE_CURVE('',#17425,#17505,#17529,.T.);
#17529 = SURFACE_CURVE('',#17530,(#17535,#17546),.PCURVE_S1.);
#17530 = CIRCLE('',#17531,4.2);
#17531 = AXIS2_PLACEMENT_3D('',#17532,#17533,#17534);
#17532 = CARTESIAN_POINT('',(-64.,0.,2.));
#17533 = DIRECTION('',(-1.,0.,0.));
#17534 = DIRECTION('',(0.,-0.879342157744,0.47619047619));
#17535 = PCURVE('',#17468,#17536);
#17536 = DEFINITIONAL_REPRESENTATION('',(#17537),#17545);
#17537 = ( BOUNDED_CURVE() B_SPLINE_CURVE(2,(#17538,#17539,#17540,#17541
    ,#17542,#17543,#17544),.UNSPECIFIED.,.T.,.F.) 
B_SPLINE_CURVE_WITH_KNOTS((1,2,2,2,2,1),(-2.094395102393,0.,
    2.094395102393,4.188790204786,6.28318530718,8.377580409573),
.UNSPECIFIED.) CURVE() GEOMETRIC_REPRESENTATION_ITEM() 
RATIONAL_B_SPLINE_CURVE((1.,0.5,1.,0.5,1.,0.5,1.)) REPRESENTATION_ITEM(
  '') );
#17538 = CARTESIAN_POINT('',(-2.,-3.693237062524));
#17539 = CARTESIAN_POINT('',(-8.396874236688,-0.229135447386));
#17540 = CARTESIAN_POINT('',(-2.198437118344,3.578669338831));
#17541 = CARTESIAN_POINT('',(4.,7.386474125048));
#17542 = CARTESIAN_POINT('',(4.198437118344,0.114567723693));
#17543 = CARTESIAN_POINT('',(4.396874236688,-7.157338677662));
#17544 = CARTESIAN_POINT('',(-2.,-3.693237062524));
#17545 = ( GEOMETRIC_REPRESENTATION_CONTEXT(2) 
PARAMETRIC_REPRESENTATION_CONTEXT() REPRESENTATION_CONTEXT('2D SPACE',''
  ) );
#17546 = PCURVE('',#17440,#17547);
#17547 = DEFINITIONAL_REPRESENTATION('',(#17548),#17552);
#17548 = LINE('',#17549,#17550);
#17549 = CARTESIAN_POINT('',(10.499256925439,0.));
#17550 = VECTOR('',#17551,1.);
#17551 = DIRECTION('',(-1.,-0.));
#17552 = ( GEOMETRIC_REPRESENTATION_CONTEXT(2) 
PARAMETRIC_REPRESENTATION_CONTEXT() REPRESENTATION_CONTEXT('2D SPACE',''
  ) );
#17553 = ORIENTED_EDGE('',*,*,#17452,.T.);
#17554 = ORIENTED_EDGE('',*,*,#17555,.T.);
#17555 = EDGE_CURVE('',#17453,#17507,#17556,.T.);
#17556 = SURFACE_CURVE('',#17557,(#17561,#17567),.PCURVE_S1.);
#17557 = LINE('',#17558,#17559);
#17558 = CARTESIAN_POINT('',(-64.,-7.179677951834E-02,
    -1.110223024625E-16));
#17559 = VECTOR('',#17560,1.);
#17560 = DIRECTION('',(-0.,-0.,-1.));
#17561 = PCURVE('',#17468,#17562);
#17562 = DEFINITIONAL_REPRESENTATION('',(#17563),#17566);
#17563 = B_SPLINE_CURVE_WITH_KNOTS('',1,(#17564,#17565),.UNSPECIFIED.,
  .F.,.F.,(2,2),(-4.0000024,2.399999999889E-06),
  .PIECEWISE_BEZIER_KNOTS.);
#17564 = CARTESIAN_POINT('',(-2.0000024,-7.179677951834E-02));
#17565 = CARTESIAN_POINT('',(2.0000024,-7.179677951834E-02));
#17566 = ( GEOMETRIC_REPRESENTATION_CONTEXT(2) 
PARAMETRIC_REPRESENTATION_CONTEXT() REPRESENTATION_CONTEXT('2D SPACE',''
  ) );
#17567 = PCURVE('',#17217,#17568);
#17568 = DEFINITIONAL_REPRESENTATION('',(#17569),#17572);
#17569 = B_SPLINE_CURVE_WITH_KNOTS('',1,(#17570,#17571),.UNSPECIFIED.,
  .F.,.F.,(2,2),(-4.0000024,2.399999999889E-06),
  .PIECEWISE_BEZIER_KNOTS.);
#17570 = CARTESIAN_POINT('',(-1.7141438957,-4.0000024));
#17571 = CARTESIAN_POINT('',(-1.7141438957,2.4E-06));
#17572 = ( GEOMETRIC_REPRESENTATION_CONTEXT(2) 
PARAMETRIC_REPRESENTATION_CONTEXT() REPRESENTATION_CONTEXT('2D SPACE',''
  ) );
#17573 = ADVANCED_FACE('',(#17574),#17440,.T.);
#17574 = FACE_BOUND('',#17575,.T.);
#17575 = EDGE_LOOP('',(#17576,#17577,#17578,#17606));
#17576 = ORIENTED_EDGE('',*,*,#17528,.F.);
#17577 = ORIENTED_EDGE('',*,*,#17424,.F.);
#17578 = ORIENTED_EDGE('',*,*,#17579,.T.);
#17579 = EDGE_CURVE('',#17398,#17580,#17582,.T.);
#17580 = VERTEX_POINT('',#17581);
#17581 = CARTESIAN_POINT('',(64.,-3.693237062524,8.881784197001E-16));
#17582 = SURFACE_CURVE('',#17583,(#17588,#17595),.PCURVE_S1.);
#17583 = CIRCLE('',#17584,4.2);
#17584 = AXIS2_PLACEMENT_3D('',#17585,#17586,#17587);
#17585 = CARTESIAN_POINT('',(64.,0.,2.));
#17586 = DIRECTION('',(-1.,0.,0.));
#17587 = DIRECTION('',(0.,-0.879342157744,0.47619047619));
#17588 = PCURVE('',#17440,#17589);
#17589 = DEFINITIONAL_REPRESENTATION('',(#17590),#17594);
#17590 = LINE('',#17591,#17592);
#17591 = CARTESIAN_POINT('',(10.499256925439,128.));
#17592 = VECTOR('',#17593,1.);
#17593 = DIRECTION('',(-1.,-0.));
#17594 = ( GEOMETRIC_REPRESENTATION_CONTEXT(2) 
PARAMETRIC_REPRESENTATION_CONTEXT() REPRESENTATION_CONTEXT('2D SPACE',''
  ) );
#17595 = PCURVE('',#17413,#17596);
#17596 = DEFINITIONAL_REPRESENTATION('',(#17597),#17605);
#17597 = ( BOUNDED_CURVE() B_SPLINE_CURVE(2,(#17598,#17599,#17600,#17601
    ,#17602,#17603,#17604),.UNSPECIFIED.,.T.,.F.) 
B_SPLINE_CURVE_WITH_KNOTS((1,2,2,2,2,1),(-2.094395102393,0.,
    2.094395102393,4.188790204786,6.28318530718,8.377580409573),
.UNSPECIFIED.) CURVE() GEOMETRIC_REPRESENTATION_ITEM() 
RATIONAL_B_SPLINE_CURVE((1.,0.5,1.,0.5,1.,0.5,1.)) REPRESENTATION_ITEM(
  '') );
#17598 = CARTESIAN_POINT('',(-2.,-3.693237062524));
#17599 = CARTESIAN_POINT('',(-8.396874236688,-0.229135447386));
#17600 = CARTESIAN_POINT('',(-2.198437118344,3.578669338831));
#17601 = CARTESIAN_POINT('',(4.,7.386474125048));
#17602 = CARTESIAN_POINT('',(4.198437118344,0.114567723693));
#17603 = CARTESIAN_POINT('',(4.396874236688,-7.157338677662));
#17604 = CARTESIAN_POINT('',(-2.,-3.693237062524));
#17605 = ( GEOMETRIC_REPRESENTATION_CONTEXT(2) 
PARAMETRIC_REPRESENTATION_CONTEXT() REPRESENTATION_CONTEXT('2D SPACE',''
  ) );
#17606 = ORIENTED_EDGE('',*,*,#17607,.F.);
#17607 = EDGE_CURVE('',#17505,#17580,#17608,.T.);
#17608 = SURFACE_CURVE('',#17609,(#17613,#17620),.PCURVE_S1.);
#17609 = LINE('',#17610,#17611);
#17610 = CARTESIAN_POINT('',(-64.,-3.693237062524,0.));
#17611 = VECTOR('',#17612,1.);
#17612 = DIRECTION('',(1.,5.551115123126E-17,6.938893903907E-18));
#17613 = PCURVE('',#17440,#17614);
#17614 = DEFINITIONAL_REPRESENTATION('',(#17615),#17619);
#17615 = LINE('',#17616,#17617);
#17616 = CARTESIAN_POINT('',(5.20870634251,-2.22044604925E-16));
#17617 = VECTOR('',#17618,1.);
#17618 = DIRECTION('',(0.,1.));
#17619 = ( GEOMETRIC_REPRESENTATION_CONTEXT(2) 
PARAMETRIC_REPRESENTATION_CONTEXT() REPRESENTATION_CONTEXT('2D SPACE',''
  ) );
#17620 = PCURVE('',#17243,#17621);
#17621 = DEFINITIONAL_REPRESENTATION('',(#17622),#17626);
#17622 = LINE('',#17623,#17624);
#17623 = CARTESIAN_POINT('',(-64.,48.806762939788));
#17624 = VECTOR('',#17625,1.);
#17625 = DIRECTION('',(1.,5.551115123126E-17));
#17626 = ( GEOMETRIC_REPRESENTATION_CONTEXT(2) 
PARAMETRIC_REPRESENTATION_CONTEXT() REPRESENTATION_CONTEXT('2D SPACE',''
  ) );
#17627 = ADVANCED_FACE('',(#17628),#17413,.T.);
#17628 = FACE_BOUND('',#17629,.T.);
#17629 = EDGE_LOOP('',(#17630,#17652,#17653,#17654));
#17630 = ORIENTED_EDGE('',*,*,#17631,.F.);
#17631 = EDGE_CURVE('',#17580,#17632,#17634,.T.);
#17632 = VERTEX_POINT('',#17633);
#17633 = CARTESIAN_POINT('',(64.,-7.179677951834E-02,0.));
#17634 = SURFACE_CURVE('',#17635,(#17639,#17645),.PCURVE_S1.);
#17635 = LINE('',#17636,#17637);
#17636 = CARTESIAN_POINT('',(64.,-26.25000000115,0.));
#17637 = VECTOR('',#17638,1.);
#17638 = DIRECTION('',(0.,1.,0.));
#17639 = PCURVE('',#17413,#17640);
#17640 = DEFINITIONAL_REPRESENTATION('',(#17641),#17644);
#17641 = B_SPLINE_CURVE_WITH_KNOTS('',1,(#17642,#17643),.UNSPECIFIED.,
  .F.,.F.,(2,2),(22.050000001156,26.250000001157),
  .PIECEWISE_BEZIER_KNOTS.);
#17642 = CARTESIAN_POINT('',(2.,-4.2));
#17643 = CARTESIAN_POINT('',(2.,9.805489753489E-13));
#17644 = ( GEOMETRIC_REPRESENTATION_CONTEXT(2) 
PARAMETRIC_REPRESENTATION_CONTEXT() REPRESENTATION_CONTEXT('2D SPACE',''
  ) );
#17645 = PCURVE('',#17243,#17646);
#17646 = DEFINITIONAL_REPRESENTATION('',(#17647),#17651);
#17647 = LINE('',#17648,#17649);
#17648 = CARTESIAN_POINT('',(64.,26.250000001156));
#17649 = VECTOR('',#17650,1.);
#17650 = DIRECTION('',(0.,1.));
#17651 = ( GEOMETRIC_REPRESENTATION_CONTEXT(2) 
PARAMETRIC_REPRESENTATION_CONTEXT() REPRESENTATION_CONTEXT('2D SPACE',''
  ) );
#17652 = ORIENTED_EDGE('',*,*,#17579,.F.);
#17653 = ORIENTED_EDGE('',*,*,#17397,.T.);
#17654 = ORIENTED_EDGE('',*,*,#17655,.T.);
#17655 = EDGE_CURVE('',#17369,#17632,#17656,.T.);
#17656 = SURFACE_CURVE('',#17657,(#17661,#17667),.PCURVE_S1.);
#17657 = LINE('',#17658,#17659);
#17658 = CARTESIAN_POINT('',(64.,-7.179677951834E-02,1.110223024625E-16)
  );
#17659 = VECTOR('',#17660,1.);
#17660 = DIRECTION('',(-0.,-0.,-1.));
#17661 = PCURVE('',#17413,#17662);
#17662 = DEFINITIONAL_REPRESENTATION('',(#17663),#17666);
#17663 = B_SPLINE_CURVE_WITH_KNOTS('',1,(#17664,#17665),.UNSPECIFIED.,
  .F.,.F.,(2,2),(-4.0000024,2.400000000111E-06),
  .PIECEWISE_BEZIER_KNOTS.);
#17664 = CARTESIAN_POINT('',(-2.0000024,-7.179677951834E-02));
#17665 = CARTESIAN_POINT('',(2.0000024,-7.179677951834E-02));
#17666 = ( GEOMETRIC_REPRESENTATION_CONTEXT(2) 
PARAMETRIC_REPRESENTATION_CONTEXT() REPRESENTATION_CONTEXT('2D SPACE',''
  ) );
#17667 = PCURVE('',#17385,#17668);
#17668 = DEFINITIONAL_REPRESENTATION('',(#17669),#17672);
#17669 = B_SPLINE_CURVE_WITH_KNOTS('',1,(#17670,#17671),.UNSPECIFIED.,
  .F.,.F.,(2,2),(-4.0000024,2.400000000111E-06),
  .PIECEWISE_BEZIER_KNOTS.);
#17670 = CARTESIAN_POINT('',(-1.42744875789,-4.0000024));
#17671 = CARTESIAN_POINT('',(-1.42744875789,2.4E-06));
#17672 = ( GEOMETRIC_REPRESENTATION_CONTEXT(2) 
PARAMETRIC_REPRESENTATION_CONTEXT() REPRESENTATION_CONTEXT('2D SPACE',''
  ) );
#17673 = ADVANCED_FACE('',(#17674),#17385,.T.);
#17674 = FACE_BOUND('',#17675,.F.);
#17675 = EDGE_LOOP('',(#17676,#17700,#17721,#17722));
#17676 = ORIENTED_EDGE('',*,*,#17677,.F.);
#17677 = EDGE_CURVE('',#17678,#17632,#17680,.T.);
#17678 = VERTEX_POINT('',#17679);
#17679 = CARTESIAN_POINT('',(70.,-7.000000009794,0.));
#17680 = SURFACE_CURVE('',#17681,(#17686,#17693),.PCURVE_S1.);
#17681 = CIRCLE('',#17682,7.);
#17682 = AXIS2_PLACEMENT_3D('',#17683,#17684,#17685);
#17683 = CARTESIAN_POINT('',(63.,-7.000000009794,0.));
#17684 = DIRECTION('',(0.,0.,1.));
#17685 = DIRECTION('',(1.,0.,0.));
#17686 = PCURVE('',#17385,#17687);
#17687 = DEFINITIONAL_REPRESENTATION('',(#17688),#17692);
#17688 = LINE('',#17689,#17690);
#17689 = CARTESIAN_POINT('',(-0.,0.));
#17690 = VECTOR('',#17691,1.);
#17691 = DIRECTION('',(-1.,0.));
#17692 = ( GEOMETRIC_REPRESENTATION_CONTEXT(2) 
PARAMETRIC_REPRESENTATION_CONTEXT() REPRESENTATION_CONTEXT('2D SPACE',''
  ) );
#17693 = PCURVE('',#17243,#17694);
#17694 = DEFINITIONAL_REPRESENTATION('',(#17695),#17699);
#17695 = CIRCLE('',#17696,7.);
#17696 = AXIS2_PLACEMENT_2D('',#17697,#17698);
#17697 = CARTESIAN_POINT('',(63.,45.499999992518));
#17698 = DIRECTION('',(1.,0.));
#17699 = ( GEOMETRIC_REPRESENTATION_CONTEXT(2) 
PARAMETRIC_REPRESENTATION_CONTEXT() REPRESENTATION_CONTEXT('2D SPACE',''
  ) );
#17700 = ORIENTED_EDGE('',*,*,#17701,.T.);
#17701 = EDGE_CURVE('',#17678,#17341,#17702,.T.);
#17702 = SURFACE_CURVE('',#17703,(#17707,#17714),.PCURVE_S1.);
#17703 = LINE('',#17704,#17705);
#17704 = CARTESIAN_POINT('',(70.,-7.000000009794,0.));
#17705 = VECTOR('',#17706,1.);
#17706 = DIRECTION('',(0.,0.,1.));
#17707 = PCURVE('',#17385,#17708);
#17708 = DEFINITIONAL_REPRESENTATION('',(#17709),#17713);
#17709 = LINE('',#17710,#17711);
#17710 = CARTESIAN_POINT('',(-0.,0.));
#17711 = VECTOR('',#17712,1.);
#17712 = DIRECTION('',(-0.,-1.));
#17713 = ( GEOMETRIC_REPRESENTATION_CONTEXT(2) 
PARAMETRIC_REPRESENTATION_CONTEXT() REPRESENTATION_CONTEXT('2D SPACE',''
  ) );
#17714 = PCURVE('',#17356,#17715);
#17715 = DEFINITIONAL_REPRESENTATION('',(#17716),#17720);
#17716 = LINE('',#17717,#17718);
#17717 = CARTESIAN_POINT('',(90.999999990207,0.));
#17718 = VECTOR('',#17719,1.);
#17719 = DIRECTION('',(0.,-1.));
#17720 = ( GEOMETRIC_REPRESENTATION_CONTEXT(2) 
PARAMETRIC_REPRESENTATION_CONTEXT() REPRESENTATION_CONTEXT('2D SPACE',''
  ) );
#17721 = ORIENTED_EDGE('',*,*,#17368,.T.);
#17722 = ORIENTED_EDGE('',*,*,#17655,.T.);
#17723 = ADVANCED_FACE('',(#17724),#17356,.F.);
#17724 = FACE_BOUND('',#17725,.F.);
#17725 = EDGE_LOOP('',(#17726,#17749,#17750,#17751));
#17726 = ORIENTED_EDGE('',*,*,#17727,.T.);
#17727 = EDGE_CURVE('',#17728,#17312,#17730,.T.);
#17728 = VERTEX_POINT('',#17729);
#17729 = CARTESIAN_POINT('',(70.,-98.,0.));
#17730 = SURFACE_CURVE('',#17731,(#17735,#17742),.PCURVE_S1.);
#17731 = LINE('',#17732,#17733);
#17732 = CARTESIAN_POINT('',(70.,-98.,0.));
#17733 = VECTOR('',#17734,1.);
#17734 = DIRECTION('',(0.,0.,1.));
#17735 = PCURVE('',#17356,#17736);
#17736 = DEFINITIONAL_REPRESENTATION('',(#17737),#17741);
#17737 = LINE('',#17738,#17739);
#17738 = CARTESIAN_POINT('',(0.,0.));
#17739 = VECTOR('',#17740,1.);
#17740 = DIRECTION('',(0.,-1.));
#17741 = ( GEOMETRIC_REPRESENTATION_CONTEXT(2) 
PARAMETRIC_REPRESENTATION_CONTEXT() REPRESENTATION_CONTEXT('2D SPACE',''
  ) );
#17742 = PCURVE('',#17328,#17743);
#17743 = DEFINITIONAL_REPRESENTATION('',(#17744),#17748);
#17744 = LINE('',#17745,#17746);
#17745 = CARTESIAN_POINT('',(-6.28318530718,0.));
#17746 = VECTOR('',#17747,1.);
#17747 = DIRECTION('',(-0.,-1.));
#17748 = ( GEOMETRIC_REPRESENTATION_CONTEXT(2) 
PARAMETRIC_REPRESENTATION_CONTEXT() REPRESENTATION_CONTEXT('2D SPACE',''
  ) );
#17749 = ORIENTED_EDGE('',*,*,#17340,.T.);
#17750 = ORIENTED_EDGE('',*,*,#17701,.F.);
#17751 = ORIENTED_EDGE('',*,*,#17752,.F.);
#17752 = EDGE_CURVE('',#17728,#17678,#17753,.T.);
#17753 = SURFACE_CURVE('',#17754,(#17758,#17765),.PCURVE_S1.);
#17754 = LINE('',#17755,#17756);
#17755 = CARTESIAN_POINT('',(70.,-52.49999999999,0.));
#17756 = VECTOR('',#17757,1.);
#17757 = DIRECTION('',(0.,1.,0.));
#17758 = PCURVE('',#17356,#17759);
#17759 = DEFINITIONAL_REPRESENTATION('',(#17760),#17764);
#17760 = LINE('',#17761,#17762);
#17761 = CARTESIAN_POINT('',(45.500000000002,0.));
#17762 = VECTOR('',#17763,1.);
#17763 = DIRECTION('',(1.,0.));
#17764 = ( GEOMETRIC_REPRESENTATION_CONTEXT(2) 
PARAMETRIC_REPRESENTATION_CONTEXT() REPRESENTATION_CONTEXT('2D SPACE',''
  ) );
#17765 = PCURVE('',#17243,#17766);
#17766 = DEFINITIONAL_REPRESENTATION('',(#17767),#17771);
#17767 = LINE('',#17768,#17769);
#17768 = CARTESIAN_POINT('',(70.,2.313178981694E-09));
#17769 = VECTOR('',#17770,1.);
#17770 = DIRECTION('',(0.,1.));
#17771 = ( GEOMETRIC_REPRESENTATION_CONTEXT(2) 
PARAMETRIC_REPRESENTATION_CONTEXT() REPRESENTATION_CONTEXT('2D SPACE',''
  ) );
#17772 = ADVANCED_FACE('',(#17773),#17328,.T.);
#17773 = FACE_BOUND('',#17774,.F.);
#17774 = EDGE_LOOP('',(#17775,#17798,#17799,#17800));
#17775 = ORIENTED_EDGE('',*,*,#17776,.T.);
#17776 = EDGE_CURVE('',#17777,#17284,#17779,.T.);
#17777 = VERTEX_POINT('',#17778);
#17778 = CARTESIAN_POINT('',(63.,-105.,0.));
#17779 = SURFACE_CURVE('',#17780,(#17784,#17791),.PCURVE_S1.);
#17780 = LINE('',#17781,#17782);
#17781 = CARTESIAN_POINT('',(63.,-105.,0.));
#17782 = VECTOR('',#17783,1.);
#17783 = DIRECTION('',(0.,0.,1.));
#17784 = PCURVE('',#17328,#17785);
#17785 = DEFINITIONAL_REPRESENTATION('',(#17786),#17790);
#17786 = LINE('',#17787,#17788);
#17787 = CARTESIAN_POINT('',(-4.712388980385,0.));
#17788 = VECTOR('',#17789,1.);
#17789 = DIRECTION('',(-0.,-1.));
#17790 = ( GEOMETRIC_REPRESENTATION_CONTEXT(2) 
PARAMETRIC_REPRESENTATION_CONTEXT() REPRESENTATION_CONTEXT('2D SPACE',''
  ) );
#17791 = PCURVE('',#17299,#17792);
#17792 = DEFINITIONAL_REPRESENTATION('',(#17793),#17797);
#17793 = LINE('',#17794,#17795);
#17794 = CARTESIAN_POINT('',(126.,0.));
#17795 = VECTOR('',#17796,1.);
#17796 = DIRECTION('',(0.,-1.));
#17797 = ( GEOMETRIC_REPRESENTATION_CONTEXT(2) 
PARAMETRIC_REPRESENTATION_CONTEXT() REPRESENTATION_CONTEXT('2D SPACE',''
  ) );
#17798 = ORIENTED_EDGE('',*,*,#17311,.T.);
#17799 = ORIENTED_EDGE('',*,*,#17727,.F.);
#17800 = ORIENTED_EDGE('',*,*,#17801,.F.);
#17801 = EDGE_CURVE('',#17777,#17728,#17802,.T.);
#17802 = SURFACE_CURVE('',#17803,(#17808,#17815),.PCURVE_S1.);
#17803 = CIRCLE('',#17804,7.);
#17804 = AXIS2_PLACEMENT_3D('',#17805,#17806,#17807);
#17805 = CARTESIAN_POINT('',(63.,-98.,0.));
#17806 = DIRECTION('',(0.,0.,1.));
#17807 = DIRECTION('',(1.,0.,0.));
#17808 = PCURVE('',#17328,#17809);
#17809 = DEFINITIONAL_REPRESENTATION('',(#17810),#17814);
#17810 = LINE('',#17811,#17812);
#17811 = CARTESIAN_POINT('',(-0.,0.));
#17812 = VECTOR('',#17813,1.);
#17813 = DIRECTION('',(-1.,0.));
#17814 = ( GEOMETRIC_REPRESENTATION_CONTEXT(2) 
PARAMETRIC_REPRESENTATION_CONTEXT() REPRESENTATION_CONTEXT('2D SPACE',''
  ) );
#17815 = PCURVE('',#17243,#17816);
#17816 = DEFINITIONAL_REPRESENTATION('',(#17817),#17821);
#17817 = CIRCLE('',#17818,7.);
#17818 = AXIS2_PLACEMENT_2D('',#17819,#17820);
#17819 = CARTESIAN_POINT('',(63.,-45.49999999768));
#17820 = DIRECTION('',(1.,0.));
#17821 = ( GEOMETRIC_REPRESENTATION_CONTEXT(2) 
PARAMETRIC_REPRESENTATION_CONTEXT() REPRESENTATION_CONTEXT('2D SPACE',''
  ) );
#17822 = ADVANCED_FACE('',(#17823),#17299,.F.);
#17823 = FACE_BOUND('',#17824,.F.);
#17824 = EDGE_LOOP('',(#17825,#17848,#17849,#17850));
#17825 = ORIENTED_EDGE('',*,*,#17826,.T.);
#17826 = EDGE_CURVE('',#17827,#17260,#17829,.T.);
#17827 = VERTEX_POINT('',#17828);
#17828 = CARTESIAN_POINT('',(-63.,-105.,0.));
#17829 = SURFACE_CURVE('',#17830,(#17834,#17841),.PCURVE_S1.);
#17830 = LINE('',#17831,#17832);
#17831 = CARTESIAN_POINT('',(-63.,-105.,0.));
#17832 = VECTOR('',#17833,1.);
#17833 = DIRECTION('',(0.,0.,1.));
#17834 = PCURVE('',#17299,#17835);
#17835 = DEFINITIONAL_REPRESENTATION('',(#17836),#17840);
#17836 = LINE('',#17837,#17838);
#17837 = CARTESIAN_POINT('',(0.,0.));
#17838 = VECTOR('',#17839,1.);
#17839 = DIRECTION('',(0.,-1.));
#17840 = ( GEOMETRIC_REPRESENTATION_CONTEXT(2) 
PARAMETRIC_REPRESENTATION_CONTEXT() REPRESENTATION_CONTEXT('2D SPACE',''
  ) );
#17841 = PCURVE('',#17161,#17842);
#17842 = DEFINITIONAL_REPRESENTATION('',(#17843),#17847);
#17843 = LINE('',#17844,#17845);
#17844 = CARTESIAN_POINT('',(-4.712388980385,0.));
#17845 = VECTOR('',#17846,1.);
#17846 = DIRECTION('',(-0.,-1.));
#17847 = ( GEOMETRIC_REPRESENTATION_CONTEXT(2) 
PARAMETRIC_REPRESENTATION_CONTEXT() REPRESENTATION_CONTEXT('2D SPACE',''
  ) );
#17848 = ORIENTED_EDGE('',*,*,#17283,.T.);
#17849 = ORIENTED_EDGE('',*,*,#17776,.F.);
#17850 = ORIENTED_EDGE('',*,*,#17851,.F.);
#17851 = EDGE_CURVE('',#17827,#17777,#17852,.T.);
#17852 = SURFACE_CURVE('',#17853,(#17857,#17864),.PCURVE_S1.);
#17853 = LINE('',#17854,#17855);
#17854 = CARTESIAN_POINT('',(0.,-104.9999999999,0.));
#17855 = VECTOR('',#17856,1.);
#17856 = DIRECTION('',(1.,0.,0.));
#17857 = PCURVE('',#17299,#17858);
#17858 = DEFINITIONAL_REPRESENTATION('',(#17859),#17863);
#17859 = LINE('',#17860,#17861);
#17860 = CARTESIAN_POINT('',(63.,0.));
#17861 = VECTOR('',#17862,1.);
#17862 = DIRECTION('',(1.,0.));
#17863 = ( GEOMETRIC_REPRESENTATION_CONTEXT(2) 
PARAMETRIC_REPRESENTATION_CONTEXT() REPRESENTATION_CONTEXT('2D SPACE',''
  ) );
#17864 = PCURVE('',#17243,#17865);
#17865 = DEFINITIONAL_REPRESENTATION('',(#17866),#17870);
#17866 = LINE('',#17867,#17868);
#17867 = CARTESIAN_POINT('',(1.69643965237E-15,-52.49999999768));
#17868 = VECTOR('',#17869,1.);
#17869 = DIRECTION('',(1.,0.));
#17870 = ( GEOMETRIC_REPRESENTATION_CONTEXT(2) 
PARAMETRIC_REPRESENTATION_CONTEXT() REPRESENTATION_CONTEXT('2D SPACE',''
  ) );
#17871 = ADVANCED_FACE('',(#17872,#17926,#17957),#17243,.F.);
#17872 = FACE_BOUND('',#17873,.F.);
#17873 = EDGE_LOOP('',(#17874,#17875,#17897,#17898,#17899,#17900,#17901,
    #17902,#17903,#17904));
#17874 = ORIENTED_EDGE('',*,*,#17229,.F.);
#17875 = ORIENTED_EDGE('',*,*,#17876,.T.);
#17876 = EDGE_CURVE('',#17139,#17827,#17877,.T.);
#17877 = SURFACE_CURVE('',#17878,(#17883,#17890),.PCURVE_S1.);
#17878 = CIRCLE('',#17879,7.);
#17879 = AXIS2_PLACEMENT_3D('',#17880,#17881,#17882);
#17880 = CARTESIAN_POINT('',(-63.,-98.,0.));
#17881 = DIRECTION('',(0.,0.,1.));
#17882 = DIRECTION('',(1.,0.,0.));
#17883 = PCURVE('',#17243,#17884);
#17884 = DEFINITIONAL_REPRESENTATION('',(#17885),#17889);
#17885 = CIRCLE('',#17886,7.);
#17886 = AXIS2_PLACEMENT_2D('',#17887,#17888);
#17887 = CARTESIAN_POINT('',(-63.,-45.49999999768));
#17888 = DIRECTION('',(1.,0.));
#17889 = ( GEOMETRIC_REPRESENTATION_CONTEXT(2) 
PARAMETRIC_REPRESENTATION_CONTEXT() REPRESENTATION_CONTEXT('2D SPACE',''
  ) );
#17890 = PCURVE('',#17161,#17891);
#17891 = DEFINITIONAL_REPRESENTATION('',(#17892),#17896);
#17892 = LINE('',#17893,#17894);
#17893 = CARTESIAN_POINT('',(-0.,0.));
#17894 = VECTOR('',#17895,1.);
#17895 = DIRECTION('',(-1.,0.));
#17896 = ( GEOMETRIC_REPRESENTATION_CONTEXT(2) 
PARAMETRIC_REPRESENTATION_CONTEXT() REPRESENTATION_CONTEXT('2D SPACE',''
  ) );
#17897 = ORIENTED_EDGE('',*,*,#17851,.T.);
#17898 = ORIENTED_EDGE('',*,*,#17801,.T.);
#17899 = ORIENTED_EDGE('',*,*,#17752,.T.);
#17900 = ORIENTED_EDGE('',*,*,#17677,.T.);
#17901 = ORIENTED_EDGE('',*,*,#17631,.F.);
#17902 = ORIENTED_EDGE('',*,*,#17607,.F.);
#17903 = ORIENTED_EDGE('',*,*,#17504,.T.);
#17904 = ORIENTED_EDGE('',*,*,#17905,.T.);
#17905 = EDGE_CURVE('',#17507,#17202,#17906,.T.);
#17906 = SURFACE_CURVE('',#17907,(#17912,#17919),.PCURVE_S1.);
#17907 = CIRCLE('',#17908,7.);
#17908 = AXIS2_PLACEMENT_3D('',#17909,#17910,#17911);
#17909 = CARTESIAN_POINT('',(-63.,-7.000000009794,0.));
#17910 = DIRECTION('',(0.,0.,1.));
#17911 = DIRECTION('',(1.,0.,0.));
#17912 = PCURVE('',#17243,#17913);
#17913 = DEFINITIONAL_REPRESENTATION('',(#17914),#17918);
#17914 = CIRCLE('',#17915,7.);
#17915 = AXIS2_PLACEMENT_2D('',#17916,#17917);
#17916 = CARTESIAN_POINT('',(-63.,45.499999992518));
#17917 = DIRECTION('',(1.,0.));
#17918 = ( GEOMETRIC_REPRESENTATION_CONTEXT(2) 
PARAMETRIC_REPRESENTATION_CONTEXT() REPRESENTATION_CONTEXT('2D SPACE',''
  ) );
#17919 = PCURVE('',#17217,#17920);
#17920 = DEFINITIONAL_REPRESENTATION('',(#17921),#17925);
#17921 = LINE('',#17922,#17923);
#17922 = CARTESIAN_POINT('',(-0.,0.));
#17923 = VECTOR('',#17924,1.);
#17924 = DIRECTION('',(-1.,0.));
#17925 = ( GEOMETRIC_REPRESENTATION_CONTEXT(2) 
PARAMETRIC_REPRESENTATION_CONTEXT() REPRESENTATION_CONTEXT('2D SPACE',''
  ) );
#17926 = FACE_BOUND('',#17927,.F.);
#17927 = EDGE_LOOP('',(#17928));
#17928 = ORIENTED_EDGE('',*,*,#17929,.F.);
#17929 = EDGE_CURVE('',#17930,#17930,#17932,.T.);
#17930 = VERTEX_POINT('',#17931);
#17931 = CARTESIAN_POINT('',(-56.26794919243,-78.,-8.881784197001E-16));
#17932 = SURFACE_CURVE('',#17933,(#17938,#17945),.PCURVE_S1.);
#17933 = CIRCLE('',#17934,1.732050807569);
#17934 = AXIS2_PLACEMENT_3D('',#17935,#17936,#17937);
#17935 = CARTESIAN_POINT('',(-58.,-78.,0.));
#17936 = DIRECTION('',(0.,0.,1.));
#17937 = DIRECTION('',(1.,0.,-0.));
#17938 = PCURVE('',#17243,#17939);
#17939 = DEFINITIONAL_REPRESENTATION('',(#17940),#17944);
#17940 = CIRCLE('',#17941,1.732050807569);
#17941 = AXIS2_PLACEMENT_2D('',#17942,#17943);
#17942 = CARTESIAN_POINT('',(-58.,-25.49999999768));
#17943 = DIRECTION('',(1.,0.));
#17944 = ( GEOMETRIC_REPRESENTATION_CONTEXT(2) 
PARAMETRIC_REPRESENTATION_CONTEXT() REPRESENTATION_CONTEXT('2D SPACE',''
  ) );
#17945 = PCURVE('',#17946,#17951);
#17946 = SPHERICAL_SURFACE('',#17947,2.);
#17947 = AXIS2_PLACEMENT_3D('',#17948,#17949,#17950);
#17948 = CARTESIAN_POINT('',(-58.,-78.,1.));
#17949 = DIRECTION('',(0.,0.,1.));
#17950 = DIRECTION('',(1.,0.,-0.));
#17951 = DEFINITIONAL_REPRESENTATION('',(#17952),#17956);
#17952 = LINE('',#17953,#17954);
#17953 = CARTESIAN_POINT('',(0.,-0.523598775598));
#17954 = VECTOR('',#17955,1.);
#17955 = DIRECTION('',(1.,0.));
#17956 = ( GEOMETRIC_REPRESENTATION_CONTEXT(2) 
PARAMETRIC_REPRESENTATION_CONTEXT() REPRESENTATION_CONTEXT('2D SPACE',''
  ) );
#17957 = FACE_BOUND('',#17958,.F.);
#17958 = EDGE_LOOP('',(#17959));
#17959 = ORIENTED_EDGE('',*,*,#17960,.F.);
#17960 = EDGE_CURVE('',#17961,#17961,#17963,.T.);
#17961 = VERTEX_POINT('',#17962);
#17962 = CARTESIAN_POINT('',(59.732050807569,-78.,-8.881784197001E-16));
#17963 = SURFACE_CURVE('',#17964,(#17969,#17976),.PCURVE_S1.);
#17964 = CIRCLE('',#17965,1.732050807569);
#17965 = AXIS2_PLACEMENT_3D('',#17966,#17967,#17968);
#17966 = CARTESIAN_POINT('',(58.,-78.,0.));
#17967 = DIRECTION('',(0.,0.,1.));
#17968 = DIRECTION('',(1.,0.,-0.));
#17969 = PCURVE('',#17243,#17970);
#17970 = DEFINITIONAL_REPRESENTATION('',(#17971),#17975);
#17971 = CIRCLE('',#17972,1.732050807569);
#17972 = AXIS2_PLACEMENT_2D('',#17973,#17974);
#17973 = CARTESIAN_POINT('',(58.,-25.49999999768));
#17974 = DIRECTION('',(1.,0.));
#17975 = ( GEOMETRIC_REPRESENTATION_CONTEXT(2) 
PARAMETRIC_REPRESENTATION_CONTEXT() REPRESENTATION_CONTEXT('2D SPACE',''
  ) );
#17976 = PCURVE('',#17977,#17982);
#17977 = SPHERICAL_SURFACE('',#17978,2.);
#17978 = AXIS2_PLACEMENT_3D('',#17979,#17980,#17981);
#17979 = CARTESIAN_POINT('',(58.,-78.,1.));
#17980 = DIRECTION('',(0.,0.,1.));
#17981 = DIRECTION('',(1.,0.,-0.));
#17982 = DEFINITIONAL_REPRESENTATION('',(#17983),#17987);
#17983 = LINE('',#17984,#17985);
#17984 = CARTESIAN_POINT('',(0.,-0.523598775598));
#17985 = VECTOR('',#17986,1.);
#17986 = DIRECTION('',(1.,0.));
#17987 = ( GEOMETRIC_REPRESENTATION_CONTEXT(2) 
PARAMETRIC_REPRESENTATION_CONTEXT() REPRESENTATION_CONTEXT('2D SPACE',''
  ) );
#17988 = ADVANCED_FACE('',(#17989),#17977,.T.);
#17989 = FACE_BOUND('',#17990,.T.);
#17990 = EDGE_LOOP('',(#17991,#17992,#18016));
#17991 = ORIENTED_EDGE('',*,*,#17960,.F.);
#17992 = ORIENTED_EDGE('',*,*,#17993,.F.);
#17993 = EDGE_CURVE('',#17994,#17961,#17996,.T.);
#17994 = VERTEX_POINT('',#17995);
#17995 = CARTESIAN_POINT('',(58.,-78.,-1.));
#17996 = SEAM_CURVE('',#17997,(#18002,#18009),.PCURVE_S1.);
#17997 = CIRCLE('',#17998,2.);
#17998 = AXIS2_PLACEMENT_3D('',#17999,#18000,#18001);
#17999 = CARTESIAN_POINT('',(58.,-78.,1.));
#18000 = DIRECTION('',(-2.449293598295E-16,-1.,0.));
#18001 = DIRECTION('',(1.,-2.449293598295E-16,0.));
#18002 = PCURVE('',#17977,#18003);
#18003 = DEFINITIONAL_REPRESENTATION('',(#18004),#18008);
#18004 = LINE('',#18005,#18006);
#18005 = CARTESIAN_POINT('',(6.28318530718,-6.28318530718));
#18006 = VECTOR('',#18007,1.);
#18007 = DIRECTION('',(0.,1.));
#18008 = ( GEOMETRIC_REPRESENTATION_CONTEXT(2) 
PARAMETRIC_REPRESENTATION_CONTEXT() REPRESENTATION_CONTEXT('2D SPACE',''
  ) );
#18009 = PCURVE('',#17977,#18010);
#18010 = DEFINITIONAL_REPRESENTATION('',(#18011),#18015);
#18011 = LINE('',#18012,#18013);
#18012 = CARTESIAN_POINT('',(0.,-6.28318530718));
#18013 = VECTOR('',#18014,1.);
#18014 = DIRECTION('',(0.,1.));
#18015 = ( GEOMETRIC_REPRESENTATION_CONTEXT(2) 
PARAMETRIC_REPRESENTATION_CONTEXT() REPRESENTATION_CONTEXT('2D SPACE',''
  ) );
#18016 = ORIENTED_EDGE('',*,*,#17993,.T.);
#18017 = ADVANCED_FACE('',(#18018),#17946,.T.);
#18018 = FACE_BOUND('',#18019,.T.);
#18019 = EDGE_LOOP('',(#18020,#18021,#18045));
#18020 = ORIENTED_EDGE('',*,*,#17929,.F.);
#18021 = ORIENTED_EDGE('',*,*,#18022,.F.);
#18022 = EDGE_CURVE('',#18023,#17930,#18025,.T.);
#18023 = VERTEX_POINT('',#18024);
#18024 = CARTESIAN_POINT('',(-58.,-78.,-1.));
#18025 = SEAM_CURVE('',#18026,(#18031,#18038),.PCURVE_S1.);
#18026 = CIRCLE('',#18027,2.);
#18027 = AXIS2_PLACEMENT_3D('',#18028,#18029,#18030);
#18028 = CARTESIAN_POINT('',(-58.,-78.,1.));
#18029 = DIRECTION('',(-2.449293598295E-16,-1.,0.));
#18030 = DIRECTION('',(1.,-2.449293598295E-16,0.));
#18031 = PCURVE('',#17946,#18032);
#18032 = DEFINITIONAL_REPRESENTATION('',(#18033),#18037);
#18033 = LINE('',#18034,#18035);
#18034 = CARTESIAN_POINT('',(6.28318530718,-6.28318530718));
#18035 = VECTOR('',#18036,1.);
#18036 = DIRECTION('',(0.,1.));
#18037 = ( GEOMETRIC_REPRESENTATION_CONTEXT(2) 
PARAMETRIC_REPRESENTATION_CONTEXT() REPRESENTATION_CONTEXT('2D SPACE',''
  ) );
#18038 = PCURVE('',#17946,#18039);
#18039 = DEFINITIONAL_REPRESENTATION('',(#18040),#18044);
#18040 = LINE('',#18041,#18042);
#18041 = CARTESIAN_POINT('',(0.,-6.28318530718));
#18042 = VECTOR('',#18043,1.);
#18043 = DIRECTION('',(0.,1.));
#18044 = ( GEOMETRIC_REPRESENTATION_CONTEXT(2) 
PARAMETRIC_REPRESENTATION_CONTEXT() REPRESENTATION_CONTEXT('2D SPACE',''
  ) );
#18045 = ORIENTED_EDGE('',*,*,#18022,.T.);
#18046 = ADVANCED_FACE('',(#18047),#17217,.T.);
#18047 = FACE_BOUND('',#18048,.F.);
#18048 = EDGE_LOOP('',(#18049,#18050,#18051,#18052));
#18049 = ORIENTED_EDGE('',*,*,#17905,.F.);
#18050 = ORIENTED_EDGE('',*,*,#17555,.F.);
#18051 = ORIENTED_EDGE('',*,*,#17479,.T.);
#18052 = ORIENTED_EDGE('',*,*,#17201,.F.);
#18053 = ADVANCED_FACE('',(#18054),#17161,.T.);
#18054 = FACE_BOUND('',#18055,.F.);
#18055 = EDGE_LOOP('',(#18056,#18057,#18058,#18059));
#18056 = ORIENTED_EDGE('',*,*,#17138,.T.);
#18057 = ORIENTED_EDGE('',*,*,#17259,.T.);
#18058 = ORIENTED_EDGE('',*,*,#17826,.F.);
#18059 = ORIENTED_EDGE('',*,*,#17876,.F.);
#18060 = ( GEOMETRIC_REPRESENTATION_CONTEXT(3) 
GLOBAL_UNCERTAINTY_ASSIGNED_CONTEXT((#18064)) 
GLOBAL_UNIT_ASSIGNED_CONTEXT((#18061,#18062,#18063)) 
REPRESENTATION_CONTEXT('Context #1',
  '3D Context with UNIT and UNCERTAINTY') );
#18061 = ( LENGTH_UNIT() NAMED_UNIT(*) SI_UNIT(.MILLI.,.METRE.) );
#18062 = ( NAMED_UNIT(*) PLANE_ANGLE_UNIT() SI_UNIT($,.RADIAN.) );
#18063 = ( NAMED_UNIT(*) SI_UNIT($,.STERADIAN.) SOLID_ANGLE_UNIT() );
#18064 = UNCERTAINTY_MEASURE_WITH_UNIT(LENGTH_MEASURE(2.E-07),#18061,
  'distance_accuracy_value','confusion accuracy');
#18065 = CONTEXT_DEPENDENT_SHAPE_REPRESENTATION(#18066,#18068);
#18066 = ( REPRESENTATION_RELATIONSHIP('','',#17131,#10) 
REPRESENTATION_RELATIONSHIP_WITH_TRANSFORMATION(#18067) 
SHAPE_REPRESENTATION_RELATIONSHIP() );
#18067 = ITEM_DEFINED_TRANSFORMATION('','',#11,#35);
#18068 = PRODUCT_DEFINITION_SHAPE('Placement','Placement of an item',
  #18069);
#18069 = NEXT_ASSEMBLY_USAGE_OCCURRENCE('30',
  'folding_easel_stand_with_detents','',#5,#17126,$);
#18070 = PRODUCT_RELATED_PRODUCT_CATEGORY('part',$,(#17128));
#18071 = SHAPE_DEFINITION_REPRESENTATION(#2667,#18072);
#18072 = SHAPE_REPRESENTATION('',(#15),#2659);
#18073 = SHAPE_DEFINITION_REPRESENTATION(#11492,#18074);
#18074 = SHAPE_REPRESENTATION('',(#19),#11484);
#18075 = SHAPE_DEFINITION_REPRESENTATION(#15671,#18076);
#18076 = SHAPE_REPRESENTATION('',(#23),#15663);
#18077 = SHAPE_DEFINITION_REPRESENTATION(#16047,#18078);
#18078 = SHAPE_REPRESENTATION('',(#15682),#16039);
#18079 = SHAPE_DEFINITION_REPRESENTATION(#16396,#18080);
#18080 = SHAPE_REPRESENTATION('',(#15686),#16388);
#18081 = SHAPE_DEFINITION_REPRESENTATION(#16047,#18082);
#18082 = SHAPE_REPRESENTATION('',(#15682),#16039);
#18083 = SHAPE_DEFINITION_REPRESENTATION(#16396,#18084);
#18084 = SHAPE_REPRESENTATION('',(#15686),#16388);
#18085 = SHAPE_DEFINITION_REPRESENTATION(#16772,#18086);
#18086 = SHAPE_REPRESENTATION('',(#16407),#16764);
#18087 = SHAPE_DEFINITION_REPRESENTATION(#17121,#18088);
#18088 = SHAPE_REPRESENTATION('',(#16411),#17113);
#18089 = SHAPE_DEFINITION_REPRESENTATION(#16772,#18090);
#18090 = SHAPE_REPRESENTATION('',(#16407),#16764);
#18091 = SHAPE_DEFINITION_REPRESENTATION(#17121,#18092);
#18092 = SHAPE_REPRESENTATION('',(#16411),#17113);
#18093 = SHAPE_DEFINITION_REPRESENTATION(#18068,#18094);
#18094 = SHAPE_REPRESENTATION('',(#35),#18060);
#18095 = SHAPE_DEFINITION_REPRESENTATION(#2667,#18096);
#18096 = SHAPE_REPRESENTATION('',(#15),#2659);
#18097 = SHAPE_DEFINITION_REPRESENTATION(#11492,#18098);
#18098 = SHAPE_REPRESENTATION('',(#19),#11484);
#18099 = SHAPE_DEFINITION_REPRESENTATION(#15671,#18100);
#18100 = SHAPE_REPRESENTATION('',(#23),#15663);
#18101 = SHAPE_DEFINITION_REPRESENTATION(#18068,#18102);
#18102 = SHAPE_REPRESENTATION('',(#35),#18060);
#18103 = MECHANICAL_DESIGN_GEOMETRIC_PRESENTATION_REPRESENTATION('',(
    #18104),#16764);
#18104 = STYLED_ITEM('color',(#18105),#16434);
#18105 = PRESENTATION_STYLE_ASSIGNMENT((#18106));
#18106 = SURFACE_STYLE_USAGE(.BOTH.,#18107);
#18107 = SURFACE_SIDE_STYLE('',(#18108));
#18108 = SURFACE_STYLE_FILL_AREA(#18109);
#18109 = FILL_AREA_STYLE('',(#18110));
#18110 = FILL_AREA_STYLE_COLOUR('',#18111);
#18111 = COLOUR_RGB('',6.995400008745E-03,0.194617799794,
  6.847820064697E-02);
#18112 = MECHANICAL_DESIGN_GEOMETRIC_PRESENTATION_REPRESENTATION('',(
    #18113,#18121,#18128,#18135,#18143,#18150),#11484);
#18113 = STYLED_ITEM('color',(#18114),#2678);
#18114 = PRESENTATION_STYLE_ASSIGNMENT((#18115));
#18115 = SURFACE_STYLE_USAGE(.BOTH.,#18116);
#18116 = SURFACE_SIDE_STYLE('',(#18117));
#18117 = SURFACE_STYLE_FILL_AREA(#18118);
#18118 = FILL_AREA_STYLE('',(#18119));
#18119 = FILL_AREA_STYLE_COLOUR('',#18120);
#18120 = COLOUR_RGB('',2.955683527514E-02,3.310476648621E-02,
  4.231141189294E-02);
#18121 = STYLED_ITEM('color',(#18122),#3702);
#18122 = PRESENTATION_STYLE_ASSIGNMENT((#18123));
#18123 = SURFACE_STYLE_USAGE(.BOTH.,#18124);
#18124 = SURFACE_SIDE_STYLE('',(#18125));
#18125 = SURFACE_STYLE_FILL_AREA(#18126);
#18126 = FILL_AREA_STYLE('',(#18127));
#18127 = FILL_AREA_STYLE_COLOUR('',#18120);
#18128 = STYLED_ITEM('color',(#18129),#4726);
#18129 = PRESENTATION_STYLE_ASSIGNMENT((#18130));
#18130 = SURFACE_STYLE_USAGE(.BOTH.,#18131);
#18131 = SURFACE_SIDE_STYLE('',(#18132));
#18132 = SURFACE_STYLE_FILL_AREA(#18133);
#18133 = FILL_AREA_STYLE('',(#18134));
#18134 = FILL_AREA_STYLE_COLOUR('',#18120);
#18135 = OVER_RIDING_STYLED_ITEM('overriding color',(#18136),#2678,
  #18113);
#18136 = PRESENTATION_STYLE_BY_CONTEXT((#18137),#18098);
#18137 = SURFACE_STYLE_USAGE(.BOTH.,#18138);
#18138 = SURFACE_SIDE_STYLE('',(#18139));
#18139 = SURFACE_STYLE_FILL_AREA(#18140);
#18140 = FILL_AREA_STYLE('',(#18141));
#18141 = FILL_AREA_STYLE_COLOUR('',#18142);
#18142 = COLOUR_RGB('',2.955683527514E-02,3.310476648621E-02,
  4.231141189294E-02);
#18143 = OVER_RIDING_STYLED_ITEM('overriding color',(#18144),#3702,
  #18113);
#18144 = PRESENTATION_STYLE_BY_CONTEXT((#18145),#18098);
#18145 = SURFACE_STYLE_USAGE(.BOTH.,#18146);
#18146 = SURFACE_SIDE_STYLE('',(#18147));
#18147 = SURFACE_STYLE_FILL_AREA(#18148);
#18148 = FILL_AREA_STYLE('',(#18149));
#18149 = FILL_AREA_STYLE_COLOUR('',#18142);
#18150 = OVER_RIDING_STYLED_ITEM('overriding color',(#18151),#4726,
  #18113);
#18151 = PRESENTATION_STYLE_BY_CONTEXT((#18152),#18098);
#18152 = SURFACE_STYLE_USAGE(.BOTH.,#18153);
#18153 = SURFACE_SIDE_STYLE('',(#18154));
#18154 = SURFACE_STYLE_FILL_AREA(#18155);
#18155 = FILL_AREA_STYLE('',(#18156));
#18156 = FILL_AREA_STYLE_COLOUR('',#18142);
#18157 = MECHANICAL_DESIGN_GEOMETRIC_PRESENTATION_REPRESENTATION('',(
    #18158,#18166),#15663);
#18158 = STYLED_ITEM('color',(#18159),#11503);
#18159 = PRESENTATION_STYLE_ASSIGNMENT((#18160));
#18160 = SURFACE_STYLE_USAGE(.BOTH.,#18161);
#18161 = SURFACE_SIDE_STYLE('',(#18162));
#18162 = SURFACE_STYLE_FILL_AREA(#18163);
#18163 = FILL_AREA_STYLE('',(#18164));
#18164 = FILL_AREA_STYLE_COLOUR('',#18165);
#18165 = COLOUR_RGB('',4.23114003779E-02,4.666509909872E-02,
  5.780540212977E-02);
#18166 = OVER_RIDING_STYLED_ITEM('overriding color',(#18167),#11503,
  #18158);
#18167 = PRESENTATION_STYLE_BY_CONTEXT((#18168),#18100);
#18168 = SURFACE_STYLE_USAGE(.BOTH.,#18169);
#18169 = SURFACE_SIDE_STYLE('',(#18170));
#18170 = SURFACE_STYLE_FILL_AREA(#18171);
#18171 = FILL_AREA_STYLE('',(#18172));
#18172 = FILL_AREA_STYLE_COLOUR('',#18173);
#18173 = COLOUR_RGB('',4.23114003779E-02,4.666509909872E-02,
  5.780540212977E-02);
#18174 = MECHANICAL_DESIGN_GEOMETRIC_PRESENTATION_REPRESENTATION('',(
    #18175,#18183),#2659);
#18175 = STYLED_ITEM('color',(#18176),#53);
#18176 = PRESENTATION_STYLE_ASSIGNMENT((#18177));
#18177 = SURFACE_STYLE_USAGE(.BOTH.,#18178);
#18178 = SURFACE_SIDE_STYLE('',(#18179));
#18179 = SURFACE_STYLE_FILL_AREA(#18180);
#18180 = FILL_AREA_STYLE('',(#18181));
#18181 = FILL_AREA_STYLE_COLOUR('',#18182);
#18182 = COLOUR_RGB('',1.938236158341E-02,2.121900997125E-02,
  2.624122217298E-02);
#18183 = OVER_RIDING_STYLED_ITEM('overriding color',(#18184),#53,#18175
  );
#18184 = PRESENTATION_STYLE_BY_CONTEXT((#18185),#18096);
#18185 = SURFACE_STYLE_USAGE(.BOTH.,#18186);
#18186 = SURFACE_SIDE_STYLE('',(#18187));
#18187 = SURFACE_STYLE_FILL_AREA(#18188);
#18188 = FILL_AREA_STYLE('',(#18189));
#18189 = FILL_AREA_STYLE_COLOUR('',#18190);
#18190 = COLOUR_RGB('',1.938236158341E-02,2.121900997125E-02,
  2.624122217298E-02);
#18191 = MECHANICAL_DESIGN_GEOMETRIC_PRESENTATION_REPRESENTATION('',(
    #18192),#16388);
#18192 = STYLED_ITEM('color',(#18193),#16058);
#18193 = PRESENTATION_STYLE_ASSIGNMENT((#18194));
#18194 = SURFACE_STYLE_USAGE(.BOTH.,#18195);
#18195 = SURFACE_SIDE_STYLE('',(#18196));
#18196 = SURFACE_STYLE_FILL_AREA(#18197);
#18197 = FILL_AREA_STYLE('',(#18198));
#18198 = FILL_AREA_STYLE_COLOUR('',#18199);
#18199 = COLOUR_RGB('',5.605391450226E-03,8.568125681486E-03,
  1.59962940868E-02);
#18200 = MECHANICAL_DESIGN_GEOMETRIC_PRESENTATION_REPRESENTATION('',(
    #18201),#16039);
#18201 = STYLED_ITEM('color',(#18202),#15709);
#18202 = PRESENTATION_STYLE_ASSIGNMENT((#18203));
#18203 = SURFACE_STYLE_USAGE(.BOTH.,#18204);
#18204 = SURFACE_SIDE_STYLE('',(#18205));
#18205 = SURFACE_STYLE_FILL_AREA(#18206);
#18206 = FILL_AREA_STYLE('',(#18207));
#18207 = FILL_AREA_STYLE_COLOUR('',#18208);
#18208 = COLOUR_RGB('',0.109461709905,0.122138770276,0.147027267948);
#18209 = MECHANICAL_DESIGN_GEOMETRIC_PRESENTATION_REPRESENTATION('',(
    #18210,#18218),#18060);
#18210 = STYLED_ITEM('color',(#18211),#17132);
#18211 = PRESENTATION_STYLE_ASSIGNMENT((#18212));
#18212 = SURFACE_STYLE_USAGE(.BOTH.,#18213);
#18213 = SURFACE_SIDE_STYLE('',(#18214));
#18214 = SURFACE_STYLE_FILL_AREA(#18215);
#18215 = FILL_AREA_STYLE('',(#18216));
#18216 = FILL_AREA_STYLE_COLOUR('',#18217);
#18217 = COLOUR_RGB('',1.850020012818E-02,2.028860044666E-02,
  2.518690003082E-02);
#18218 = OVER_RIDING_STYLED_ITEM('overriding color',(#18219),#17132,
  #18210);
#18219 = PRESENTATION_STYLE_BY_CONTEXT((#18220),#18102);
#18220 = SURFACE_STYLE_USAGE(.BOTH.,#18221);
#18221 = SURFACE_SIDE_STYLE('',(#18222));
#18222 = SURFACE_STYLE_FILL_AREA(#18223);
#18223 = FILL_AREA_STYLE('',(#18224));
#18224 = FILL_AREA_STYLE_COLOUR('',#18225);
#18225 = COLOUR_RGB('',1.850020012818E-02,2.028860044666E-02,
  2.518690003082E-02);
#18226 = MECHANICAL_DESIGN_GEOMETRIC_PRESENTATION_REPRESENTATION('',(
    #18227),#17113);
#18227 = STYLED_ITEM('color',(#18228),#16783);
#18228 = PRESENTATION_STYLE_ASSIGNMENT((#18229));
#18229 = SURFACE_STYLE_USAGE(.BOTH.,#18230);
#18230 = SURFACE_SIDE_STYLE('',(#18231,#18235));
#18231 = SURFACE_STYLE_FILL_AREA(#18232);
#18232 = FILL_AREA_STYLE('',(#18233));
#18233 = FILL_AREA_STYLE_COLOUR('',#18234);
#18234 = COLOUR_RGB('',2.842600028031E-02,0.109461698858,
  6.66258999757E-02);
#18235 = SURFACE_STYLE_RENDERING_WITH_PROPERTIES(.NORMAL_SHADING.,#18234
  ,(#18236));
#18236 = SURFACE_STYLE_TRANSPARENT(0.449999988079);

#18237=DESCRIPTIVE_REPRESENTATION_ITEM('cadgen:generator','cadgen');
#18238=REPRESENTATION('cadgen:generator',(#18237),#39);
#18239=PROPERTY_DEFINITION('cadgen metadata','cadgen:generator',#5);
#18240=PROPERTY_DEFINITION_REPRESENTATION(#18239,#18238);
#18241=DESCRIPTIVE_REPRESENTATION_ITEM('cadgen:entryKind','assembly');
#18242=REPRESENTATION('cadgen:entryKind',(#18241),#39);
#18243=PROPERTY_DEFINITION('cadgen metadata','cadgen:entryKind',#5);
#18244=PROPERTY_DEFINITION_REPRESENTATION(#18243,#18242);
#18245=DESCRIPTIVE_REPRESENTATION_ITEM('cadgen:sourcePath','product_rear_cover_open_exploded.step.py');
#18246=REPRESENTATION('cadgen:sourcePath',(#18245),#39);
#18247=PROPERTY_DEFINITION('cadgen metadata','cadgen:sourcePath',#5);
#18248=PROPERTY_DEFINITION_REPRESENTATION(#18247,#18246);
#18249=DESCRIPTIVE_REPRESENTATION_ITEM('cadgen:sourceHash','4d34c5318297d2f2385296d2d3b6beba4a03a75f80a6a5b4961086a709e61475');
#18250=REPRESENTATION('cadgen:sourceHash',(#18249),#39);
#18251=PROPERTY_DEFINITION('cadgen metadata','cadgen:sourceHash',#5);
#18252=PROPERTY_DEFINITION_REPRESENTATION(#18251,#18250);
ENDSEC;
END-ISO-10303-21;
