ISO-10303-21;
HEADER;
FILE_DESCRIPTION(('Open CASCADE Model'),'2;1');
FILE_NAME('Open CASCADE Shape Model','2026-09-03T01:22:50',('Author'),(
    'Open CASCADE'),'Open CASCADE STEP processor 7.9','Open CASCADE 7.9'
  ,'Unknown');
FILE_SCHEMA(('AUTOMOTIVE_DESIGN { 1 0 10303 214 1 1 1 1 }'));
ENDSEC;
DATA;
#1 = APPLICATION_PROTOCOL_DEFINITION('international standard',
  'automotive_design',2000,#2);
#2 = APPLICATION_CONTEXT(
  'core data for automotive mechanical design processes');
#3 = SHAPE_DEFINITION_REPRESENTATION(#4,#10);
#4 = PRODUCT_DEFINITION_SHAPE('','',#5);
#5 = PRODUCT_DEFINITION('design','',#6,#9);
#6 = PRODUCT_DEFINITION_FORMATION('','',#7);
#7 = PRODUCT('left_shoulder_arm','left_shoulder_arm','',(#8));
#8 = PRODUCT_CONTEXT('',#2,'mechanical');
#9 = PRODUCT_DEFINITION_CONTEXT('part definition',#2,'design');
#10 = ADVANCED_BREP_SHAPE_REPRESENTATION('',(#11,#15),#3569);
#11 = AXIS2_PLACEMENT_3D('',#12,#13,#14);
#12 = CARTESIAN_POINT('',(0.,0.,0.));
#13 = DIRECTION('',(0.,0.,1.));
#14 = DIRECTION('',(1.,0.,-0.));
#15 = MANIFOLD_SOLID_BREP('',#16);
#16 = CLOSED_SHELL('',(#17,#418,#628,#1010,#1121,#1656,#1715,#1820,#1869
    ,#2045,#2628,#2763,#2797,#2803,#2857,#2906,#2933,#2982,#3031,#3177,
    #3206,#3233,#3260,#3267,#3294,#3301,#3327,#3354,#3360,#3387,#3394,
    #3529,#3563));
#17 = ADVANCED_FACE('',(#18,#292,#383),#32,.T.);
#18 = FACE_BOUND('',#19,.F.);
#19 = EDGE_LOOP('',(#20,#55,#88,#116,#144,#172,#200,#233,#261));
#20 = ORIENTED_EDGE('',*,*,#21,.T.);
#21 = EDGE_CURVE('',#22,#24,#26,.T.);
#22 = VERTEX_POINT('',#23);
#23 = CARTESIAN_POINT('',(-150.2383505304,-3.5,-17.75242513989));
#24 = VERTEX_POINT('',#25);
#25 = CARTESIAN_POINT('',(-6.05097460369,-3.5,7.323640238672));
#26 = SURFACE_CURVE('',#27,(#31,#43),.PCURVE_S1.);
#27 = LINE('',#28,#29);
#28 = CARTESIAN_POINT('',(-183.7258541203,-3.5,-23.57633880771));
#29 = VECTOR('',#30,1.);
#30 = DIRECTION('',(0.98521175482,1.902269172752E-17,0.171341174751));
#31 = PCURVE('',#32,#37);
#32 = PLANE('',#33);
#33 = AXIS2_PLACEMENT_3D('',#34,#35,#36);
#34 = CARTESIAN_POINT('',(-91.54812415367,-3.5,-14.41693272575));
#35 = DIRECTION('',(-0.,-1.,1.110223024625E-16));
#36 = DIRECTION('',(1.,0.,0.));
#37 = DEFINITIONAL_REPRESENTATION('',(#38),#42);
#38 = LINE('',#39,#40);
#39 = CARTESIAN_POINT('',(-92.17772996672,-9.159406081956));
#40 = VECTOR('',#41,1.);
#41 = DIRECTION('',(0.98521175482,0.171341174751));
#42 = ( GEOMETRIC_REPRESENTATION_CONTEXT(2) 
PARAMETRIC_REPRESENTATION_CONTEXT() REPRESENTATION_CONTEXT('2D SPACE',''
  ) );
#43 = PCURVE('',#44,#49);
#44 = CYLINDRICAL_SURFACE('',#45,1.6);
#45 = AXIS2_PLACEMENT_3D('',#46,#47,#48);
#46 = CARTESIAN_POINT('',(-183.7258541203,-1.9,-23.57633880771));
#47 = DIRECTION('',(0.98521175482,1.902269172752E-17,0.171341174751));
#48 = DIRECTION('',(-0.171341174751,1.093804774332E-16,0.98521175482));
#49 = DEFINITIONAL_REPRESENTATION('',(#50),#54);
#50 = LINE('',#51,#52);
#51 = CARTESIAN_POINT('',(1.570796326795,0.));
#52 = VECTOR('',#53,1.);
#53 = DIRECTION('',(0.,1.));
#54 = ( GEOMETRIC_REPRESENTATION_CONTEXT(2) 
PARAMETRIC_REPRESENTATION_CONTEXT() REPRESENTATION_CONTEXT('2D SPACE',''
  ) );
#55 = ORIENTED_EDGE('',*,*,#56,.T.);
#56 = EDGE_CURVE('',#24,#57,#59,.T.);
#57 = VERTEX_POINT('',#58);
#58 = CARTESIAN_POINT('',(-4.,-3.5,-8.616843969807));
#59 = SURFACE_CURVE('',#60,(#65,#76),.PCURVE_S1.);
#60 = CIRCLE('',#61,9.5);
#61 = AXIS2_PLACEMENT_3D('',#62,#63,#64);
#62 = CARTESIAN_POINT('',(0.,-3.5,1.554312234475E-15));
#63 = DIRECTION('',(0.,1.,-2.22044604925E-16));
#64 = DIRECTION('',(-1.,0.,-0.));
#65 = PCURVE('',#32,#66);
#66 = DEFINITIONAL_REPRESENTATION('',(#67),#75);
#67 = ( BOUNDED_CURVE() B_SPLINE_CURVE(2,(#68,#69,#70,#71,#72,#73,#74),
.UNSPECIFIED.,.T.,.F.) B_SPLINE_CURVE_WITH_KNOTS((1,2,2,2,2,1),(
    -2.094395102393,0.,2.094395102393,4.188790204786,6.28318530718,
8.377580409573),.UNSPECIFIED.) CURVE() GEOMETRIC_REPRESENTATION_ITEM() 
RATIONAL_B_SPLINE_CURVE((1.,0.5,1.,0.5,1.,0.5,1.)) REPRESENTATION_ITEM(
  '') );
#68 = CARTESIAN_POINT('',(82.048124153677,14.416932725756));
#69 = CARTESIAN_POINT('',(82.048124153677,30.87141539766));
#70 = CARTESIAN_POINT('',(96.298124153677,22.644174061708));
#71 = CARTESIAN_POINT('',(110.54812415367,14.416932725756));
#72 = CARTESIAN_POINT('',(96.298124153677,6.189691389804));
#73 = CARTESIAN_POINT('',(82.048124153677,-2.037549946149));
#74 = CARTESIAN_POINT('',(82.048124153677,14.416932725756));
#75 = ( GEOMETRIC_REPRESENTATION_CONTEXT(2) 
PARAMETRIC_REPRESENTATION_CONTEXT() REPRESENTATION_CONTEXT('2D SPACE',''
  ) );
#76 = PCURVE('',#77,#82);
#77 = CYLINDRICAL_SURFACE('',#78,9.5);
#78 = AXIS2_PLACEMENT_3D('',#79,#80,#81);
#79 = CARTESIAN_POINT('',(0.,3.5,0.));
#80 = DIRECTION('',(0.,-1.,2.22044604925E-16));
#81 = DIRECTION('',(-1.,0.,-0.));
#82 = DEFINITIONAL_REPRESENTATION('',(#83),#87);
#83 = LINE('',#84,#85);
#84 = CARTESIAN_POINT('',(-0.,7.));
#85 = VECTOR('',#86,1.);
#86 = DIRECTION('',(-1.,0.));
#87 = ( GEOMETRIC_REPRESENTATION_CONTEXT(2) 
PARAMETRIC_REPRESENTATION_CONTEXT() REPRESENTATION_CONTEXT('2D SPACE',''
  ) );
#88 = ORIENTED_EDGE('',*,*,#89,.F.);
#89 = EDGE_CURVE('',#90,#57,#92,.T.);
#90 = VERTEX_POINT('',#91);
#91 = CARTESIAN_POINT('',(-4.,-3.5,-12.));
#92 = SURFACE_CURVE('',#93,(#97,#104),.PCURVE_S1.);
#93 = LINE('',#94,#95);
#94 = CARTESIAN_POINT('',(-4.,-3.5,-12.));
#95 = VECTOR('',#96,1.);
#96 = DIRECTION('',(-0.,-0.,1.));
#97 = PCURVE('',#32,#98);
#98 = DEFINITIONAL_REPRESENTATION('',(#99),#103);
#99 = LINE('',#100,#101);
#100 = CARTESIAN_POINT('',(87.548124153677,2.416932725756));
#101 = VECTOR('',#102,1.);
#102 = DIRECTION('',(0.,1.));
#103 = ( GEOMETRIC_REPRESENTATION_CONTEXT(2) 
PARAMETRIC_REPRESENTATION_CONTEXT() REPRESENTATION_CONTEXT('2D SPACE',''
  ) );
#104 = PCURVE('',#105,#110);
#105 = PLANE('',#106);
#106 = AXIS2_PLACEMENT_3D('',#107,#108,#109);
#107 = CARTESIAN_POINT('',(-4.,-3.5,-12.));
#108 = DIRECTION('',(-1.,-0.,-0.));
#109 = DIRECTION('',(0.,0.,-1.));
#110 = DEFINITIONAL_REPRESENTATION('',(#111),#115);
#111 = LINE('',#112,#113);
#112 = CARTESIAN_POINT('',(-0.,-0.));
#113 = VECTOR('',#114,1.);
#114 = DIRECTION('',(-1.,-0.));
#115 = ( GEOMETRIC_REPRESENTATION_CONTEXT(2) 
PARAMETRIC_REPRESENTATION_CONTEXT() REPRESENTATION_CONTEXT('2D SPACE',''
  ) );
#116 = ORIENTED_EDGE('',*,*,#117,.T.);
#117 = EDGE_CURVE('',#90,#118,#120,.T.);
#118 = VERTEX_POINT('',#119);
#119 = CARTESIAN_POINT('',(-12.,-3.5,-12.));
#120 = SURFACE_CURVE('',#121,(#125,#132),.PCURVE_S1.);
#121 = LINE('',#122,#123);
#122 = CARTESIAN_POINT('',(-4.,-3.5,-12.));
#123 = VECTOR('',#124,1.);
#124 = DIRECTION('',(-1.,-0.,-0.));
#125 = PCURVE('',#32,#126);
#126 = DEFINITIONAL_REPRESENTATION('',(#127),#131);
#127 = LINE('',#128,#129);
#128 = CARTESIAN_POINT('',(87.548124153677,2.416932725756));
#129 = VECTOR('',#130,1.);
#130 = DIRECTION('',(-1.,0.));
#131 = ( GEOMETRIC_REPRESENTATION_CONTEXT(2) 
PARAMETRIC_REPRESENTATION_CONTEXT() REPRESENTATION_CONTEXT('2D SPACE',''
  ) );
#132 = PCURVE('',#133,#138);
#133 = PLANE('',#134);
#134 = AXIS2_PLACEMENT_3D('',#135,#136,#137);
#135 = CARTESIAN_POINT('',(-4.,-3.5,-12.));
#136 = DIRECTION('',(-0.,-0.,1.));
#137 = DIRECTION('',(1.,0.,0.));
#138 = DEFINITIONAL_REPRESENTATION('',(#139),#143);
#139 = LINE('',#140,#141);
#140 = CARTESIAN_POINT('',(0.,-0.));
#141 = VECTOR('',#142,1.);
#142 = DIRECTION('',(-1.,0.));
#143 = ( GEOMETRIC_REPRESENTATION_CONTEXT(2) 
PARAMETRIC_REPRESENTATION_CONTEXT() REPRESENTATION_CONTEXT('2D SPACE',''
  ) );
#144 = ORIENTED_EDGE('',*,*,#145,.T.);
#145 = EDGE_CURVE('',#118,#146,#148,.T.);
#146 = VERTEX_POINT('',#147);
#147 = CARTESIAN_POINT('',(-12.,-3.5,-8.335394683636));
#148 = SURFACE_CURVE('',#149,(#153,#160),.PCURVE_S1.);
#149 = LINE('',#150,#151);
#150 = CARTESIAN_POINT('',(-12.,-3.5,-12.));
#151 = VECTOR('',#152,1.);
#152 = DIRECTION('',(-0.,-0.,1.));
#153 = PCURVE('',#32,#154);
#154 = DEFINITIONAL_REPRESENTATION('',(#155),#159);
#155 = LINE('',#156,#157);
#156 = CARTESIAN_POINT('',(79.548124153677,2.416932725756));
#157 = VECTOR('',#158,1.);
#158 = DIRECTION('',(0.,1.));
#159 = ( GEOMETRIC_REPRESENTATION_CONTEXT(2) 
PARAMETRIC_REPRESENTATION_CONTEXT() REPRESENTATION_CONTEXT('2D SPACE',''
  ) );
#160 = PCURVE('',#161,#166);
#161 = PLANE('',#162);
#162 = AXIS2_PLACEMENT_3D('',#163,#164,#165);
#163 = CARTESIAN_POINT('',(-12.,-3.5,-12.));
#164 = DIRECTION('',(-1.,-0.,-0.));
#165 = DIRECTION('',(0.,0.,-1.));
#166 = DEFINITIONAL_REPRESENTATION('',(#167),#171);
#167 = LINE('',#168,#169);
#168 = CARTESIAN_POINT('',(-0.,-0.));
#169 = VECTOR('',#170,1.);
#170 = DIRECTION('',(-1.,-0.));
#171 = ( GEOMETRIC_REPRESENTATION_CONTEXT(2) 
PARAMETRIC_REPRESENTATION_CONTEXT() REPRESENTATION_CONTEXT('2D SPACE',''
  ) );
#172 = ORIENTED_EDGE('',*,*,#173,.T.);
#173 = EDGE_CURVE('',#146,#174,#176,.T.);
#174 = VERTEX_POINT('',#175);
#175 = CARTESIAN_POINT('',(-178.1152709611,-3.5,-35.41940625338));
#176 = SURFACE_CURVE('',#177,(#181,#188),.PCURVE_S1.);
#177 = LINE('',#178,#179);
#178 = CARTESIAN_POINT('',(-0.257469828126,-3.5,-6.42085172083));
#179 = VECTOR('',#180,1.);
#180 = DIRECTION('',(-0.986967674481,-1.78655582082E-17,-0.160918642578)
  );
#181 = PCURVE('',#32,#182);
#182 = DEFINITIONAL_REPRESENTATION('',(#183),#187);
#183 = LINE('',#184,#185);
#184 = CARTESIAN_POINT('',(91.290654325552,7.996081004926));
#185 = VECTOR('',#186,1.);
#186 = DIRECTION('',(-0.986967674481,-0.160918642578));
#187 = ( GEOMETRIC_REPRESENTATION_CONTEXT(2) 
PARAMETRIC_REPRESENTATION_CONTEXT() REPRESENTATION_CONTEXT('2D SPACE',''
  ) );
#188 = PCURVE('',#189,#194);
#189 = CYLINDRICAL_SURFACE('',#190,1.6);
#190 = AXIS2_PLACEMENT_3D('',#191,#192,#193);
#191 = CARTESIAN_POINT('',(-0.257469828126,-1.9,-6.42085172083));
#192 = DIRECTION('',(-0.986967674481,-1.78655582082E-17,-0.160918642578)
  );
#193 = DIRECTION('',(0.160918642578,-1.09575423677E-16,-0.986967674481)
  );
#194 = DEFINITIONAL_REPRESENTATION('',(#195),#199);
#195 = LINE('',#196,#197);
#196 = CARTESIAN_POINT('',(1.570796326795,0.));
#197 = VECTOR('',#198,1.);
#198 = DIRECTION('',(0.,1.));
#199 = ( GEOMETRIC_REPRESENTATION_CONTEXT(2) 
PARAMETRIC_REPRESENTATION_CONTEXT() REPRESENTATION_CONTEXT('2D SPACE',''
  ) );
#200 = ORIENTED_EDGE('',*,*,#201,.T.);
#201 = EDGE_CURVE('',#174,#202,#204,.T.);
#202 = VERTEX_POINT('',#203);
#203 = CARTESIAN_POINT('',(-180.1957523923,-3.5,-22.96240807239));
#204 = SURFACE_CURVE('',#205,(#210,#221),.PCURVE_S1.);
#205 = CIRCLE('',#206,8.);
#206 = AXIS2_PLACEMENT_3D('',#207,#208,#209);
#207 = CARTESIAN_POINT('',(-184.,-3.5,-30.));
#208 = DIRECTION('',(-1.691021630299E-32,1.,-4.916655320746E-16));
#209 = DIRECTION('',(0.735591129857,-3.330669073875E-16,-0.677425781673)
  );
#210 = PCURVE('',#32,#211);
#211 = DEFINITIONAL_REPRESENTATION('',(#212),#220);
#212 = ( BOUNDED_CURVE() B_SPLINE_CURVE(2,(#213,#214,#215,#216,#217,#218
,#219),.UNSPECIFIED.,.T.,.F.) B_SPLINE_CURVE_WITH_KNOTS((1,2,2,2,2,1),(
    -2.094395102393,0.,2.094395102393,4.188790204786,6.28318530718,
8.377580409573),.UNSPECIFIED.) CURVE() GEOMETRIC_REPRESENTATION_ITEM() 
RATIONAL_B_SPLINE_CURVE((1.,0.5,1.,0.5,1.,0.5,1.)) REPRESENTATION_ITEM(
  '') );
#213 = CARTESIAN_POINT('',(-86.56714680746,-21.00247352763));
#214 = CARTESIAN_POINT('',(-95.95383378519,-31.1951232117));
#215 = CARTESIAN_POINT('',(-100.0875838546,-17.96968898958));
#216 = CARTESIAN_POINT('',(-104.221333924,-4.744254767469));
#217 = CARTESIAN_POINT('',(-90.70089687688,-7.777039305514));
#218 = CARTESIAN_POINT('',(-77.18045982974,-10.80982384355));
#219 = CARTESIAN_POINT('',(-86.56714680746,-21.00247352763));
#220 = ( GEOMETRIC_REPRESENTATION_CONTEXT(2) 
PARAMETRIC_REPRESENTATION_CONTEXT() REPRESENTATION_CONTEXT('2D SPACE',''
  ) );
#221 = PCURVE('',#222,#227);
#222 = CYLINDRICAL_SURFACE('',#223,8.);
#223 = AXIS2_PLACEMENT_3D('',#224,#225,#226);
#224 = CARTESIAN_POINT('',(-184.,3.5,-30.));
#225 = DIRECTION('',(-0.,-1.,2.22044604925E-16));
#226 = DIRECTION('',(-1.,-0.,-0.));
#227 = DEFINITIONAL_REPRESENTATION('',(#228),#232);
#228 = LINE('',#229,#230);
#229 = CARTESIAN_POINT('',(-3.885850100327,7.));
#230 = VECTOR('',#231,1.);
#231 = DIRECTION('',(-1.,0.));
#232 = ( GEOMETRIC_REPRESENTATION_CONTEXT(2) 
PARAMETRIC_REPRESENTATION_CONTEXT() REPRESENTATION_CONTEXT('2D SPACE',''
  ) );
#233 = ORIENTED_EDGE('',*,*,#234,.T.);
#234 = EDGE_CURVE('',#202,#235,#237,.T.);
#235 = VERTEX_POINT('',#236);
#236 = CARTESIAN_POINT('',(-156.7069356919,-3.5,-18.87739647233));
#237 = SURFACE_CURVE('',#238,(#242,#249),.PCURVE_S1.);
#238 = LINE('',#239,#240);
#239 = CARTESIAN_POINT('',(-183.7258541203,-3.5,-23.57633880771));
#240 = VECTOR('',#241,1.);
#241 = DIRECTION('',(0.98521175482,1.902269172752E-17,0.171341174751));
#242 = PCURVE('',#32,#243);
#243 = DEFINITIONAL_REPRESENTATION('',(#244),#248);
#244 = LINE('',#245,#246);
#245 = CARTESIAN_POINT('',(-92.17772996672,-9.159406081956));
#246 = VECTOR('',#247,1.);
#247 = DIRECTION('',(0.98521175482,0.171341174751));
#248 = ( GEOMETRIC_REPRESENTATION_CONTEXT(2) 
PARAMETRIC_REPRESENTATION_CONTEXT() REPRESENTATION_CONTEXT('2D SPACE',''
  ) );
#249 = PCURVE('',#250,#255);
#250 = CYLINDRICAL_SURFACE('',#251,1.6);
#251 = AXIS2_PLACEMENT_3D('',#252,#253,#254);
#252 = CARTESIAN_POINT('',(-183.7258541203,-1.9,-23.57633880771));
#253 = DIRECTION('',(0.98521175482,1.902269172752E-17,0.171341174751));
#254 = DIRECTION('',(-0.171341174751,1.093804774332E-16,0.98521175482));
#255 = DEFINITIONAL_REPRESENTATION('',(#256),#260);
#256 = LINE('',#257,#258);
#257 = CARTESIAN_POINT('',(1.570796326795,0.));
#258 = VECTOR('',#259,1.);
#259 = DIRECTION('',(0.,1.));
#260 = ( GEOMETRIC_REPRESENTATION_CONTEXT(2) 
PARAMETRIC_REPRESENTATION_CONTEXT() REPRESENTATION_CONTEXT('2D SPACE',''
  ) );
#261 = ORIENTED_EDGE('',*,*,#262,.F.);
#262 = EDGE_CURVE('',#22,#235,#263,.T.);
#263 = SURFACE_CURVE('',#264,(#269,#280),.PCURVE_S1.);
#264 = CIRCLE('',#265,4.5);
#265 = AXIS2_PLACEMENT_3D('',#266,#267,#268);
#266 = CARTESIAN_POINT('',(-154.,-3.5,-15.28260869565));
#267 = DIRECTION('',(0.,1.,-2.22044604925E-16));
#268 = DIRECTION('',(-1.,-0.,-0.));
#269 = PCURVE('',#32,#270);
#270 = DEFINITIONAL_REPRESENTATION('',(#271),#279);
#271 = ( BOUNDED_CURVE() B_SPLINE_CURVE(2,(#272,#273,#274,#275,#276,#277
,#278),.UNSPECIFIED.,.T.,.F.) B_SPLINE_CURVE_WITH_KNOTS((1,2,2,2,2,1),(
    -2.094395102393,0.,2.094395102393,4.188790204786,6.28318530718,
8.377580409573),.UNSPECIFIED.) CURVE() GEOMETRIC_REPRESENTATION_ITEM() 
RATIONAL_B_SPLINE_CURVE((1.,0.5,1.,0.5,1.,0.5,1.)) REPRESENTATION_ITEM(
  '') );
#272 = CARTESIAN_POINT('',(-66.95187584632,-0.865675969896));
#273 = CARTESIAN_POINT('',(-66.95187584632,6.928552664164));
#274 = CARTESIAN_POINT('',(-60.20187584632,3.031438347134));
#275 = CARTESIAN_POINT('',(-53.45187584632,-0.865675969896));
#276 = CARTESIAN_POINT('',(-60.20187584632,-4.762790286926));
#277 = CARTESIAN_POINT('',(-66.95187584632,-8.659904603956));
#278 = CARTESIAN_POINT('',(-66.95187584632,-0.865675969896));
#279 = ( GEOMETRIC_REPRESENTATION_CONTEXT(2) 
PARAMETRIC_REPRESENTATION_CONTEXT() REPRESENTATION_CONTEXT('2D SPACE',''
  ) );
#280 = PCURVE('',#281,#286);
#281 = CYLINDRICAL_SURFACE('',#282,4.5);
#282 = AXIS2_PLACEMENT_3D('',#283,#284,#285);
#283 = CARTESIAN_POINT('',(-154.,4.5,-15.28260869565));
#284 = DIRECTION('',(0.,-1.,2.22044604925E-16));
#285 = DIRECTION('',(-1.,0.,-0.));
#286 = DEFINITIONAL_REPRESENTATION('',(#287),#291);
#287 = LINE('',#288,#289);
#288 = CARTESIAN_POINT('',(-0.,8.));
#289 = VECTOR('',#290,1.);
#290 = DIRECTION('',(-1.,0.));
#291 = ( GEOMETRIC_REPRESENTATION_CONTEXT(2) 
PARAMETRIC_REPRESENTATION_CONTEXT() REPRESENTATION_CONTEXT('2D SPACE',''
  ) );
#292 = FACE_BOUND('',#293,.F.);
#293 = EDGE_LOOP('',(#294,#329,#357));
#294 = ORIENTED_EDGE('',*,*,#295,.T.);
#295 = EDGE_CURVE('',#296,#298,#300,.T.);
#296 = VERTEX_POINT('',#297);
#297 = CARTESIAN_POINT('',(-5.830951894845,-3.5,-7.5));
#298 = VERTEX_POINT('',#299);
#299 = CARTESIAN_POINT('',(-6.008508033527,-3.5,-7.35852099345));
#300 = SURFACE_CURVE('',#301,(#306,#317),.PCURVE_S1.);
#301 = CIRCLE('',#302,9.5);
#302 = AXIS2_PLACEMENT_3D('',#303,#304,#305);
#303 = CARTESIAN_POINT('',(0.,-3.5,1.554312234475E-15));
#304 = DIRECTION('',(0.,1.,-2.22044604925E-16));
#305 = DIRECTION('',(-1.,0.,-0.));
#306 = PCURVE('',#32,#307);
#307 = DEFINITIONAL_REPRESENTATION('',(#308),#316);
#308 = ( BOUNDED_CURVE() B_SPLINE_CURVE(2,(#309,#310,#311,#312,#313,#314
,#315),.UNSPECIFIED.,.T.,.F.) B_SPLINE_CURVE_WITH_KNOTS((1,2,2,2,2,1),(
    -2.094395102393,0.,2.094395102393,4.188790204786,6.28318530718,
8.377580409573),.UNSPECIFIED.) CURVE() GEOMETRIC_REPRESENTATION_ITEM() 
RATIONAL_B_SPLINE_CURVE((1.,0.5,1.,0.5,1.,0.5,1.)) REPRESENTATION_ITEM(
  '') );
#309 = CARTESIAN_POINT('',(82.048124153677,14.416932725756));
#310 = CARTESIAN_POINT('',(82.048124153677,30.87141539766));
#311 = CARTESIAN_POINT('',(96.298124153677,22.644174061708));
#312 = CARTESIAN_POINT('',(110.54812415367,14.416932725756));
#313 = CARTESIAN_POINT('',(96.298124153677,6.189691389804));
#314 = CARTESIAN_POINT('',(82.048124153677,-2.037549946149));
#315 = CARTESIAN_POINT('',(82.048124153677,14.416932725756));
#316 = ( GEOMETRIC_REPRESENTATION_CONTEXT(2) 
PARAMETRIC_REPRESENTATION_CONTEXT() REPRESENTATION_CONTEXT('2D SPACE',''
  ) );
#317 = PCURVE('',#318,#323);
#318 = CYLINDRICAL_SURFACE('',#319,9.5);
#319 = AXIS2_PLACEMENT_3D('',#320,#321,#322);
#320 = CARTESIAN_POINT('',(0.,3.5,0.));
#321 = DIRECTION('',(0.,-1.,2.22044604925E-16));
#322 = DIRECTION('',(-1.,0.,-0.));
#323 = DEFINITIONAL_REPRESENTATION('',(#324),#328);
#324 = LINE('',#325,#326);
#325 = CARTESIAN_POINT('',(-0.,7.));
#326 = VECTOR('',#327,1.);
#327 = DIRECTION('',(-1.,0.));
#328 = ( GEOMETRIC_REPRESENTATION_CONTEXT(2) 
PARAMETRIC_REPRESENTATION_CONTEXT() REPRESENTATION_CONTEXT('2D SPACE',''
  ) );
#329 = ORIENTED_EDGE('',*,*,#330,.T.);
#330 = EDGE_CURVE('',#298,#331,#333,.T.);
#331 = VERTEX_POINT('',#332);
#332 = CARTESIAN_POINT('',(-6.876245940367,-3.5,-7.5));
#333 = SURFACE_CURVE('',#334,(#338,#345),.PCURVE_S1.);
#334 = LINE('',#335,#336);
#335 = CARTESIAN_POINT('',(-0.257469828126,-3.5,-6.42085172083));
#336 = VECTOR('',#337,1.);
#337 = DIRECTION('',(-0.986967674481,-1.78655582082E-17,-0.160918642578)
  );
#338 = PCURVE('',#32,#339);
#339 = DEFINITIONAL_REPRESENTATION('',(#340),#344);
#340 = LINE('',#341,#342);
#341 = CARTESIAN_POINT('',(91.290654325552,7.996081004926));
#342 = VECTOR('',#343,1.);
#343 = DIRECTION('',(-0.986967674481,-0.160918642578));
#344 = ( GEOMETRIC_REPRESENTATION_CONTEXT(2) 
PARAMETRIC_REPRESENTATION_CONTEXT() REPRESENTATION_CONTEXT('2D SPACE',''
  ) );
#345 = PCURVE('',#346,#351);
#346 = CYLINDRICAL_SURFACE('',#347,1.6);
#347 = AXIS2_PLACEMENT_3D('',#348,#349,#350);
#348 = CARTESIAN_POINT('',(-0.257469828126,-1.9,-6.42085172083));
#349 = DIRECTION('',(-0.986967674481,-1.78655582082E-17,-0.160918642578)
  );
#350 = DIRECTION('',(0.160918642578,-1.09575423677E-16,-0.986967674481)
  );
#351 = DEFINITIONAL_REPRESENTATION('',(#352),#356);
#352 = LINE('',#353,#354);
#353 = CARTESIAN_POINT('',(1.570796326795,0.));
#354 = VECTOR('',#355,1.);
#355 = DIRECTION('',(0.,1.));
#356 = ( GEOMETRIC_REPRESENTATION_CONTEXT(2) 
PARAMETRIC_REPRESENTATION_CONTEXT() REPRESENTATION_CONTEXT('2D SPACE',''
  ) );
#357 = ORIENTED_EDGE('',*,*,#358,.F.);
#358 = EDGE_CURVE('',#296,#331,#359,.T.);
#359 = SURFACE_CURVE('',#360,(#364,#371),.PCURVE_S1.);
#360 = LINE('',#361,#362);
#361 = CARTESIAN_POINT('',(-4.,-3.5,-7.5));
#362 = VECTOR('',#363,1.);
#363 = DIRECTION('',(-1.,-0.,-0.));
#364 = PCURVE('',#32,#365);
#365 = DEFINITIONAL_REPRESENTATION('',(#366),#370);
#366 = LINE('',#367,#368);
#367 = CARTESIAN_POINT('',(87.548124153677,6.916932725756));
#368 = VECTOR('',#369,1.);
#369 = DIRECTION('',(-1.,0.));
#370 = ( GEOMETRIC_REPRESENTATION_CONTEXT(2) 
PARAMETRIC_REPRESENTATION_CONTEXT() REPRESENTATION_CONTEXT('2D SPACE',''
  ) );
#371 = PCURVE('',#372,#377);
#372 = PLANE('',#373);
#373 = AXIS2_PLACEMENT_3D('',#374,#375,#376);
#374 = CARTESIAN_POINT('',(-4.,-3.5,-7.5));
#375 = DIRECTION('',(-0.,-0.,1.));
#376 = DIRECTION('',(1.,0.,0.));
#377 = DEFINITIONAL_REPRESENTATION('',(#378),#382);
#378 = LINE('',#379,#380);
#379 = CARTESIAN_POINT('',(0.,-0.));
#380 = VECTOR('',#381,1.);
#381 = DIRECTION('',(-1.,0.));
#382 = ( GEOMETRIC_REPRESENTATION_CONTEXT(2) 
PARAMETRIC_REPRESENTATION_CONTEXT() REPRESENTATION_CONTEXT('2D SPACE',''
  ) );
#383 = FACE_BOUND('',#384,.F.);
#384 = EDGE_LOOP('',(#385));
#385 = ORIENTED_EDGE('',*,*,#386,.F.);
#386 = EDGE_CURVE('',#387,#387,#389,.T.);
#387 = VERTEX_POINT('',#388);
#388 = CARTESIAN_POINT('',(-2.8,-3.5,1.090554631878E-15));
#389 = SURFACE_CURVE('',#390,(#395,#406),.PCURVE_S1.);
#390 = CIRCLE('',#391,2.8);
#391 = AXIS2_PLACEMENT_3D('',#392,#393,#394);
#392 = CARTESIAN_POINT('',(0.,-3.5,1.7763568394E-15));
#393 = DIRECTION('',(0.,1.,-2.22044604925E-16));
#394 = DIRECTION('',(-1.,-0.,-0.));
#395 = PCURVE('',#32,#396);
#396 = DEFINITIONAL_REPRESENTATION('',(#397),#405);
#397 = ( BOUNDED_CURVE() B_SPLINE_CURVE(2,(#398,#399,#400,#401,#402,#403
,#404),.UNSPECIFIED.,.T.,.F.) B_SPLINE_CURVE_WITH_KNOTS((1,2,2,2,2,1),(
    -2.094395102393,0.,2.094395102393,4.188790204786,6.28318530718,
8.377580409573),.UNSPECIFIED.) CURVE() GEOMETRIC_REPRESENTATION_ITEM() 
RATIONAL_B_SPLINE_CURVE((1.,0.5,1.,0.5,1.,0.5,1.)) REPRESENTATION_ITEM(
  '') );
#398 = CARTESIAN_POINT('',(88.748124153677,14.416932725756));
#399 = CARTESIAN_POINT('',(88.748124153677,19.266674986949));
#400 = CARTESIAN_POINT('',(92.948124153677,16.841803856352));
#401 = CARTESIAN_POINT('',(97.148124153677,14.416932725756));
#402 = CARTESIAN_POINT('',(92.948124153677,11.992061595159));
#403 = CARTESIAN_POINT('',(88.748124153677,9.567190464563));
#404 = CARTESIAN_POINT('',(88.748124153677,14.416932725756));
#405 = ( GEOMETRIC_REPRESENTATION_CONTEXT(2) 
PARAMETRIC_REPRESENTATION_CONTEXT() REPRESENTATION_CONTEXT('2D SPACE',''
  ) );
#406 = PCURVE('',#407,#412);
#407 = CYLINDRICAL_SURFACE('',#408,2.8);
#408 = AXIS2_PLACEMENT_3D('',#409,#410,#411);
#409 = CARTESIAN_POINT('',(0.,4.5,0.));
#410 = DIRECTION('',(0.,-1.,2.22044604925E-16));
#411 = DIRECTION('',(-1.,0.,-0.));
#412 = DEFINITIONAL_REPRESENTATION('',(#413),#417);
#413 = LINE('',#414,#415);
#414 = CARTESIAN_POINT('',(-0.,8.));
#415 = VECTOR('',#416,1.);
#416 = DIRECTION('',(-1.,0.));
#417 = ( GEOMETRIC_REPRESENTATION_CONTEXT(2) 
PARAMETRIC_REPRESENTATION_CONTEXT() REPRESENTATION_CONTEXT('2D SPACE',''
  ) );
#418 = ADVANCED_FACE('',(#419),#44,.T.);
#419 = FACE_BOUND('',#420,.T.);
#420 = EDGE_LOOP('',(#421,#451,#544,#545,#601));
#421 = ORIENTED_EDGE('',*,*,#422,.F.);
#422 = EDGE_CURVE('',#423,#425,#427,.T.);
#423 = VERTEX_POINT('',#424);
#424 = CARTESIAN_POINT('',(-149.5592269974,-1.9,-16.01030034738));
#425 = VERTEX_POINT('',#426);
#426 = CARTESIAN_POINT('',(-1.874145879602,-1.9,9.674061586156));
#427 = SURFACE_CURVE('',#428,(#432,#439),.PCURVE_S1.);
#428 = LINE('',#429,#430);
#429 = CARTESIAN_POINT('',(-184.,-1.9,-22.));
#430 = VECTOR('',#431,1.);
#431 = DIRECTION('',(0.98521175482,1.902269172752E-17,0.171341174751));
#432 = PCURVE('',#44,#433);
#433 = DEFINITIONAL_REPRESENTATION('',(#434),#438);
#434 = LINE('',#435,#436);
#435 = CARTESIAN_POINT('',(0.,0.));
#436 = VECTOR('',#437,1.);
#437 = DIRECTION('',(0.,1.));
#438 = ( GEOMETRIC_REPRESENTATION_CONTEXT(2) 
PARAMETRIC_REPRESENTATION_CONTEXT() REPRESENTATION_CONTEXT('2D SPACE',''
  ) );
#439 = PCURVE('',#440,#445);
#440 = PLANE('',#441);
#441 = AXIS2_PLACEMENT_3D('',#442,#443,#444);
#442 = CARTESIAN_POINT('',(-184.,-2.442490654175E-15,-22.));
#443 = DIRECTION('',(-0.171341174751,1.093804774332E-16,0.98521175482));
#444 = DIRECTION('',(-0.98521175482,-1.902269172752E-17,-0.171341174751)
  );
#445 = DEFINITIONAL_REPRESENTATION('',(#446),#450);
#446 = LINE('',#447,#448);
#447 = CARTESIAN_POINT('',(-0.,1.9));
#448 = VECTOR('',#449,1.);
#449 = DIRECTION('',(-1.,0.));
#450 = ( GEOMETRIC_REPRESENTATION_CONTEXT(2) 
PARAMETRIC_REPRESENTATION_CONTEXT() REPRESENTATION_CONTEXT('2D SPACE',''
  ) );
#451 = ORIENTED_EDGE('',*,*,#452,.T.);
#452 = EDGE_CURVE('',#423,#22,#453,.T.);
#453 = SURFACE_CURVE('',#454,(#482,#513),.PCURVE_S1.);
#454 = B_SPLINE_CURVE_WITH_KNOTS('',6,(#455,#456,#457,#458,#459,#460,
    #461,#462,#463,#464,#465,#466,#467,#468,#469,#470,#471,#472,#473,
    #474,#475,#476,#477,#478,#479,#480,#481),.UNSPECIFIED.,.F.,.F.,(7,5,
    5,5,5,7),(0.,0.377295183883,0.4781375865,0.650137764419,
    0.800287109595,1.),.UNSPECIFIED.);
#455 = CARTESIAN_POINT('',(-149.5592269974,-1.9,-16.01030034738));
#456 = CARTESIAN_POINT('',(-149.5592269974,-2.056784740821,
    -16.01030034738));
#457 = CARTESIAN_POINT('',(-149.5623834367,-2.213894264499,
    -16.02956204627));
#458 = CARTESIAN_POINT('',(-149.5687202602,-2.369138116019,
    -16.06823547184));
#459 = CARTESIAN_POINT('',(-149.5789046962,-2.52024567479,
    -16.12645479887));
#460 = CARTESIAN_POINT('',(-149.5942664429,-2.664783348655,
    -16.20429443863));
#461 = CARTESIAN_POINT('',(-149.6229543608,-2.836225247637,
    -16.32768540508));
#462 = CARTESIAN_POINT('',(-149.6295194649,-2.871692404205,
    -16.35508287848));
#463 = CARTESIAN_POINT('',(-149.6366337595,-2.906393898098,
    -16.3838291133));
#464 = CARTESIAN_POINT('',(-149.6443328481,-2.94025976978,-16.4138943446
    ));
#465 = CARTESIAN_POINT('',(-149.6526533773,-2.973224680684,
    -16.44524377753));
#466 = CARTESIAN_POINT('',(-149.6769490479,-3.059813698022,
    -16.53343068055));
#467 = CARTESIAN_POINT('',(-149.6941936373,-3.11164253376,
    -16.59268575248));
#468 = CARTESIAN_POINT('',(-149.7135222635,-3.160279697337,
    -16.65528858349));
#469 = CARTESIAN_POINT('',(-149.7350714985,-3.205391489869,
    -16.72085181805));
#470 = CARTESIAN_POINT('',(-149.7589406027,-3.246743234771,
    -16.78893610731));
#471 = CARTESIAN_POINT('',(-149.8080730286,-3.316893170776,
    -16.92029645557));
#472 = CARTESIAN_POINT('',(-149.8327513281,-3.346586464027,
    -16.98302394446));
#473 = CARTESIAN_POINT('',(-149.8592243808,-3.37318722486,
    -17.04691782138));
#474 = CARTESIAN_POINT('',(-149.8874709283,-3.396666775401,
    -17.11162086356));
#475 = CARTESIAN_POINT('',(-149.917424488,-3.417055279074,
    -17.17676409635));
#476 = CARTESIAN_POINT('',(-149.9909186723,-3.457561766596,
    -17.32871488152));
#477 = CARTESIAN_POINT('',(-150.0356298807,-3.475340993686,
    -17.41547068116));
#478 = CARTESIAN_POINT('',(-150.0829698918,-3.488093276934,
    -17.50170628411));
#479 = CARTESIAN_POINT('',(-150.1327356945,-3.496178793596,
    -17.58691719805));
#480 = CARTESIAN_POINT('',(-150.1846483431,-3.5,-17.67063412066));
#481 = CARTESIAN_POINT('',(-150.2383505304,-3.5,-17.75242513989));
#482 = PCURVE('',#44,#483);
#483 = DEFINITIONAL_REPRESENTATION('',(#484),#512);
#484 = B_SPLINE_CURVE_WITH_KNOTS('',6,(#485,#486,#487,#488,#489,#490,
    #491,#492,#493,#494,#495,#496,#497,#498,#499,#500,#501,#502,#503,
    #504,#505,#506,#507,#508,#509,#510,#511),.UNSPECIFIED.,.F.,.F.,(7,5,
    5,5,5,7),(0.,0.377295183883,0.4781375865,0.650137764419,
    0.800287109595,1.),.UNSPECIFIED.);
#485 = CARTESIAN_POINT('',(0.,34.957736582054));
#486 = CARTESIAN_POINT('',(9.799046301305E-02,34.957736582054));
#487 = CARTESIAN_POINT('',(0.196184017228,34.951326498902));
#488 = CARTESIAN_POINT('',(0.294904582579,34.938457035685));
#489 = CARTESIAN_POINT('',(0.394464167792,34.918447841762));
#490 = CARTESIAN_POINT('',(0.495188712247,34.889976132998));
#491 = CARTESIAN_POINT('',(0.624791072812,34.840570505893));
#492 = CARTESIAN_POINT('',(0.65221261104,34.829408172921));
#493 = CARTESIAN_POINT('',(0.679709630844,34.817473672547));
#494 = CARTESIAN_POINT('',(0.707271200234,34.804737027998));
#495 = CARTESIAN_POINT('',(0.734887510551,34.791168096077));
#496 = CARTESIAN_POINT('',(0.809731733863,34.752121668315));
#497 = CARTESIAN_POINT('',(0.857082466541,34.724979262432));
#498 = CARTESIAN_POINT('',(0.904450180592,34.695210030107));
#499 = CARTESIAN_POINT('',(0.951703723367,34.662745788886));
#500 = CARTESIAN_POINT('',(0.998724142971,34.627564024747));
#501 = CARTESIAN_POINT('',(1.086138960041,34.556650744831));
#502 = CARTESIAN_POINT('',(1.126576003202,34.521589592434));
#503 = CARTESIAN_POINT('',(1.166620615172,34.484560377808));
#504 = CARTESIAN_POINT('',(1.206187600754,34.445645251884));
#505 = CARTESIAN_POINT('',(1.245190545479,34.404972934739));
#506 = CARTESIAN_POINT('',(1.334546388521,34.306530174443));
#507 = CARTESIAN_POINT('',(1.384334467218,34.247615325715));
#508 = CARTESIAN_POINT('',(1.432893887692,34.186199680739));
#509 = CARTESIAN_POINT('',(1.480193752648,34.122569688851));
#510 = CARTESIAN_POINT('',(1.526183778211,34.057080581363));
#511 = CARTESIAN_POINT('',(1.570796326795,33.990158385874));
#512 = ( GEOMETRIC_REPRESENTATION_CONTEXT(2) 
PARAMETRIC_REPRESENTATION_CONTEXT() REPRESENTATION_CONTEXT('2D SPACE',''
  ) );
#513 = PCURVE('',#281,#514);
#514 = DEFINITIONAL_REPRESENTATION('',(#515),#543);
#515 = B_SPLINE_CURVE_WITH_KNOTS('',6,(#516,#517,#518,#519,#520,#521,
    #522,#523,#524,#525,#526,#527,#528,#529,#530,#531,#532,#533,#534,
    #535,#536,#537,#538,#539,#540,#541,#542),.UNSPECIFIED.,.F.,.F.,(7,5,
    5,5,5,7),(0.,0.377295183883,0.4781375865,0.650137764419,
    0.800287109595,1.),.UNSPECIFIED.);
#516 = CARTESIAN_POINT('',(-3.304015114122,6.4));
#517 = CARTESIAN_POINT('',(-3.304015114122,6.556784740821));
#518 = CARTESIAN_POINT('',(-3.308352609178,6.713894264499));
#519 = CARTESIAN_POINT('',(-3.317061186893,6.869138116019));
#520 = CARTESIAN_POINT('',(-3.330194814751,7.02024567479));
#521 = CARTESIAN_POINT('',(-3.347816227849,7.164783348655));
#522 = CARTESIAN_POINT('',(-3.375967781747,7.336225247637));
#523 = CARTESIAN_POINT('',(-3.382228334373,7.371692404205));
#524 = CARTESIAN_POINT('',(-3.388808814878,7.406393898098));
#525 = CARTESIAN_POINT('',(-3.395705179198,7.44025976978));
#526 = CARTESIAN_POINT('',(-3.402912613669,7.473224680684));
#527 = CARTESIAN_POINT('',(-3.42323982522,7.559813698022));
#528 = CARTESIAN_POINT('',(-3.436952518837,7.61164253376));
#529 = CARTESIAN_POINT('',(-3.451509128793,7.660279697337));
#530 = CARTESIAN_POINT('',(-3.466841419454,7.705391489869));
#531 = CARTESIAN_POINT('',(-3.482870636589,7.746743234771));
#532 = CARTESIAN_POINT('',(-3.514036886433,7.816893170776));
#533 = CARTESIAN_POINT('',(-3.529014179867,7.846586464027));
#534 = CARTESIAN_POINT('',(-3.544379431375,7.87318722486));
#535 = CARTESIAN_POINT('',(-3.560063998497,7.896666775401));
#536 = CARTESIAN_POINT('',(-3.575994230239,7.917055279074));
#537 = CARTESIAN_POINT('',(-3.613503364099,7.957561766596));
#538 = CARTESIAN_POINT('',(-3.635185168688,7.975340993686));
#539 = CARTESIAN_POINT('',(-3.657034909757,7.988093276934));
#540 = CARTESIAN_POINT('',(-3.678951994262,7.996178793596));
#541 = CARTESIAN_POINT('',(-3.700834874265,8.));
#542 = CARTESIAN_POINT('',(-3.722578266332,8.));
#543 = ( GEOMETRIC_REPRESENTATION_CONTEXT(2) 
PARAMETRIC_REPRESENTATION_CONTEXT() REPRESENTATION_CONTEXT('2D SPACE',''
  ) );
#544 = ORIENTED_EDGE('',*,*,#21,.T.);
#545 = ORIENTED_EDGE('',*,*,#546,.T.);
#546 = EDGE_CURVE('',#24,#547,#549,.T.);
#547 = VERTEX_POINT('',#548);
#548 = CARTESIAN_POINT('',(-1.813491941434,-2.903728955691,
    9.325301441688));
#549 = SURFACE_CURVE('',#550,(#565,#583),.PCURVE_S1.);
#550 = B_SPLINE_CURVE_WITH_KNOTS('',7,(#551,#552,#553,#554,#555,#556,
    #557,#558,#559,#560,#561,#562,#563,#564),.UNSPECIFIED.,.F.,.F.,(8,6,
    8),(0.,0.514587253175,1.),.UNSPECIFIED.);
#551 = CARTESIAN_POINT('',(-6.05097460369,-3.5,7.323640238673));
#552 = CARTESIAN_POINT('',(-5.774641365004,-3.5,7.551953666824));
#553 = CARTESIAN_POINT('',(-5.488925389258,-3.477002773481,
    7.767551357219));
#554 = CARTESIAN_POINT('',(-5.196737101471,-3.437602320619,7.96820531497
    ));
#555 = CARTESIAN_POINT('',(-4.899937775258,-3.386823934561,
    8.153600411602));
#556 = CARTESIAN_POINT('',(-4.599355102557,-3.328752566516,8.32413726661
    ));
#557 = CARTESIAN_POINT('',(-4.294612280156,-3.266618129711,
    8.480813253847));
#558 = CARTESIAN_POINT('',(-3.688853823642,-3.144383514881,
    8.760551190402));
#559 = CARTESIAN_POINT('',(-3.386778924717,-3.083999448925,8.88585802734
    ));
#560 = CARTESIAN_POINT('',(-3.079690302228,-3.026442036372,
    8.998840006524));
#561 = CARTESIAN_POINT('',(-2.769551098433,-2.975949971587,
    9.098900567523));
#562 = CARTESIAN_POINT('',(-2.456950922929,-2.936670084189,
    9.186354485964));
#563 = CARTESIAN_POINT('',(-2.139652051592,-2.911929040317,
    9.261873150659));
#564 = CARTESIAN_POINT('',(-1.813489585102,-2.903728896449,
    9.325301899924));
#565 = PCURVE('',#44,#566);
#566 = DEFINITIONAL_REPRESENTATION('',(#567),#582);
#567 = B_SPLINE_CURVE_WITH_KNOTS('',7,(#568,#569,#570,#571,#572,#573,
    #574,#575,#576,#577,#578,#579,#580,#581),.UNSPECIFIED.,.F.,.F.,(8,6,
    8),(0.,0.514587253175,1.),.UNSPECIFIED.);
#568 = CARTESIAN_POINT('',(1.570796326795,180.34181854562));
#569 = CARTESIAN_POINT('',(1.459802694633,180.65318479161));
#570 = CARTESIAN_POINT('',(1.357642631479,180.971616291));
#571 = CARTESIAN_POINT('',(1.263150694827,181.29386391159));
#572 = CARTESIAN_POINT('',(1.175658300836,181.61803991025));
#573 = CARTESIAN_POINT('',(1.09476962258,181.94339747777));
#574 = CARTESIAN_POINT('',(1.020239436141,182.2704787363));
#575 = CARTESIAN_POINT('',(0.888454978081,182.91520971491));
#576 = CARTESIAN_POINT('',(0.830063922652,183.23428767681));
#577 = CARTESIAN_POINT('',(0.778894737556,183.5561934625));
#578 = CARTESIAN_POINT('',(0.736502592604,183.87889074578));
#579 = CARTESIAN_POINT('',(0.704598641996,184.20185257036));
#580 = CARTESIAN_POINT('',(0.684701769406,184.52739860492));
#581 = CARTESIAN_POINT('',(0.678120620627,184.8596056573));
#582 = ( GEOMETRIC_REPRESENTATION_CONTEXT(2) 
PARAMETRIC_REPRESENTATION_CONTEXT() REPRESENTATION_CONTEXT('2D SPACE',''
  ) );
#583 = PCURVE('',#77,#584);
#584 = DEFINITIONAL_REPRESENTATION('',(#585),#600);
#585 = B_SPLINE_CURVE_WITH_KNOTS('',7,(#586,#587,#588,#589,#590,#591,
    #592,#593,#594,#595,#596,#597,#598,#599),.UNSPECIFIED.,.F.,.F.,(8,6,
    8),(0.,0.514587253175,1.),.UNSPECIFIED.);
#586 = CARTESIAN_POINT('',(-0.880267829001,7.));
#587 = CARTESIAN_POINT('',(-0.917999507466,7.));
#588 = CARTESIAN_POINT('',(-0.955639984482,6.977002773481));
#589 = CARTESIAN_POINT('',(-0.992891777521,6.937602320619));
#590 = CARTESIAN_POINT('',(-1.029667342587,6.886823934561));
#591 = CARTESIAN_POINT('',(-1.065995565522,6.828752566516));
#592 = CARTESIAN_POINT('',(-1.102032826501,6.766618129711));
#593 = CARTESIAN_POINT('',(-1.172267622337,6.644383514881));
#594 = CARTESIAN_POINT('',(-1.206665519035,6.583999448925));
#595 = CARTESIAN_POINT('',(-1.241063243422,6.526442036372));
#596 = CARTESIAN_POINT('',(-1.275317270315,6.475949971587));
#597 = CARTESIAN_POINT('',(-1.309444644474,6.436670084189));
#598 = CARTESIAN_POINT('',(-1.343747803074,6.411929040317));
#599 = CARTESIAN_POINT('',(-1.378723878915,6.403728896449));
#600 = ( GEOMETRIC_REPRESENTATION_CONTEXT(2) 
PARAMETRIC_REPRESENTATION_CONTEXT() REPRESENTATION_CONTEXT('2D SPACE',''
  ) );
#601 = ORIENTED_EDGE('',*,*,#602,.T.);
#602 = EDGE_CURVE('',#547,#425,#603,.T.);
#603 = SURFACE_CURVE('',#604,(#609,#616),.PCURVE_S1.);
#604 = CIRCLE('',#605,1.6);
#605 = AXIS2_PLACEMENT_3D('',#606,#607,#608);
#606 = CARTESIAN_POINT('',(-1.6,-1.9,8.097722778445));
#607 = DIRECTION('',(-0.98521175482,-1.902269172752E-17,-0.171341174751)
  );
#608 = DIRECTION('',(-0.171341174751,1.093804774332E-16,0.98521175482));
#609 = PCURVE('',#44,#610);
#610 = DEFINITIONAL_REPRESENTATION('',(#611),#615);
#611 = LINE('',#612,#613);
#612 = CARTESIAN_POINT('',(6.28318530718,184.8596032573));
#613 = VECTOR('',#614,1.);
#614 = DIRECTION('',(-1.,-0.));
#615 = ( GEOMETRIC_REPRESENTATION_CONTEXT(2) 
PARAMETRIC_REPRESENTATION_CONTEXT() REPRESENTATION_CONTEXT('2D SPACE',''
  ) );
#616 = PCURVE('',#617,#622);
#617 = SPHERICAL_SURFACE('',#618,1.6);
#618 = AXIS2_PLACEMENT_3D('',#619,#620,#621);
#619 = CARTESIAN_POINT('',(-1.6,-1.9,8.097722778445));
#620 = DIRECTION('',(-0.,1.,-1.110223024625E-16));
#621 = DIRECTION('',(-0.171341174751,1.093804774332E-16,0.98521175482));
#622 = DEFINITIONAL_REPRESENTATION('',(#623),#627);
#623 = LINE('',#624,#625);
#624 = CARTESIAN_POINT('',(0.,-6.28318530718));
#625 = VECTOR('',#626,1.);
#626 = DIRECTION('',(0.,1.));
#627 = ( GEOMETRIC_REPRESENTATION_CONTEXT(2) 
PARAMETRIC_REPRESENTATION_CONTEXT() REPRESENTATION_CONTEXT('2D SPACE',''
  ) );
#628 = ADVANCED_FACE('',(#629),#281,.F.);
#629 = FACE_BOUND('',#630,.T.);
#630 = EDGE_LOOP('',(#631,#632,#633,#656,#756,#789,#889,#917));
#631 = ORIENTED_EDGE('',*,*,#262,.F.);
#632 = ORIENTED_EDGE('',*,*,#452,.F.);
#633 = ORIENTED_EDGE('',*,*,#634,.F.);
#634 = EDGE_CURVE('',#635,#423,#637,.T.);
#635 = VERTEX_POINT('',#636);
#636 = CARTESIAN_POINT('',(-149.5592269974,1.9,-16.01030034738));
#637 = SURFACE_CURVE('',#638,(#642,#649),.PCURVE_S1.);
#638 = LINE('',#639,#640);
#639 = CARTESIAN_POINT('',(-149.5592269974,4.5,-16.01030034738));
#640 = VECTOR('',#641,1.);
#641 = DIRECTION('',(-0.,-1.,2.22044604925E-16));
#642 = PCURVE('',#281,#643);
#643 = DEFINITIONAL_REPRESENTATION('',(#644),#648);
#644 = LINE('',#645,#646);
#645 = CARTESIAN_POINT('',(-3.304015114122,-1.615800053165E-16));
#646 = VECTOR('',#647,1.);
#647 = DIRECTION('',(-0.,1.));
#648 = ( GEOMETRIC_REPRESENTATION_CONTEXT(2) 
PARAMETRIC_REPRESENTATION_CONTEXT() REPRESENTATION_CONTEXT('2D SPACE',''
  ) );
#649 = PCURVE('',#440,#650);
#650 = DEFINITIONAL_REPRESENTATION('',(#651),#655);
#651 = LINE('',#652,#653);
#652 = CARTESIAN_POINT('',(-34.95773658205,-4.5));
#653 = VECTOR('',#654,1.);
#654 = DIRECTION('',(-1.902269172752E-17,1.));
#655 = ( GEOMETRIC_REPRESENTATION_CONTEXT(2) 
PARAMETRIC_REPRESENTATION_CONTEXT() REPRESENTATION_CONTEXT('2D SPACE',''
  ) );
#656 = ORIENTED_EDGE('',*,*,#657,.T.);
#657 = EDGE_CURVE('',#635,#658,#660,.T.);
#658 = VERTEX_POINT('',#659);
#659 = CARTESIAN_POINT('',(-150.2383505304,3.5,-17.75242513989));
#660 = SURFACE_CURVE('',#661,(#689,#720),.PCURVE_S1.);
#661 = B_SPLINE_CURVE_WITH_KNOTS('',6,(#662,#663,#664,#665,#666,#667,
    #668,#669,#670,#671,#672,#673,#674,#675,#676,#677,#678,#679,#680,
    #681,#682,#683,#684,#685,#686,#687,#688),.UNSPECIFIED.,.F.,.F.,(7,5,
    5,5,5,7),(0.,0.377295225247,0.478137629441,0.650137793204,
    0.800287126031,1.),.UNSPECIFIED.);
#662 = CARTESIAN_POINT('',(-149.5592269974,1.9,-16.01030034738));
#663 = CARTESIAN_POINT('',(-149.5592269974,2.056784740825,
    -16.01030034738));
#664 = CARTESIAN_POINT('',(-149.5623834367,2.213894264507,
    -16.02956204627));
#665 = CARTESIAN_POINT('',(-149.5687202602,2.369138116032,
    -16.06823547185));
#666 = CARTESIAN_POINT('',(-149.5789046962,2.520245674806,
    -16.12645479888));
#667 = CARTESIAN_POINT('',(-149.5942664429,2.664783348674,
    -16.20429443864));
#668 = CARTESIAN_POINT('',(-149.6229543603,2.83622524426,-16.32768540265
    ));
#669 = CARTESIAN_POINT('',(-149.6295194652,2.871692404999,
    -16.35508287954));
#670 = CARTESIAN_POINT('',(-149.6366337603,2.906393901396,
    -16.38382911614));
#671 = CARTESIAN_POINT('',(-149.6443328481,2.940259770784,
    -16.41389434507));
#672 = CARTESIAN_POINT('',(-149.6526533765,2.97322467757,-16.44524377435
    ));
#673 = CARTESIAN_POINT('',(-149.6769490479,3.059813698044,
    -16.53343068057));
#674 = CARTESIAN_POINT('',(-149.6941936373,3.111642533782,
    -16.59268575251));
#675 = CARTESIAN_POINT('',(-149.7135222635,3.160279697359,
    -16.65528858352));
#676 = CARTESIAN_POINT('',(-149.7350714985,3.205391489891,
    -16.72085181809));
#677 = CARTESIAN_POINT('',(-149.7589406027,3.246743234792,
    -16.78893610734));
#678 = CARTESIAN_POINT('',(-149.8080730286,3.316893170798,
    -16.92029645562));
#679 = CARTESIAN_POINT('',(-149.8327513281,3.34658646405,-16.98302394451
    ));
#680 = CARTESIAN_POINT('',(-149.8592243808,3.373187224883,
    -17.04691782144));
#681 = CARTESIAN_POINT('',(-149.8874709283,3.396666775423,
    -17.11162086362));
#682 = CARTESIAN_POINT('',(-149.917424488,3.417055279096,-17.17676409642
    ));
#683 = CARTESIAN_POINT('',(-149.9909186723,3.457561766613,-17.3287148816
    ));
#684 = CARTESIAN_POINT('',(-150.0356298807,3.475340993691,
    -17.41547068121));
#685 = CARTESIAN_POINT('',(-150.0829698919,3.488093276935,
    -17.50170628414));
#686 = CARTESIAN_POINT('',(-150.1327356945,3.496178793598,
    -17.58691719807));
#687 = CARTESIAN_POINT('',(-150.1846483431,3.5,-17.67063412068));
#688 = CARTESIAN_POINT('',(-150.2383505304,3.5,-17.75242513989));
#689 = PCURVE('',#281,#690);
#690 = DEFINITIONAL_REPRESENTATION('',(#691),#719);
#691 = B_SPLINE_CURVE_WITH_KNOTS('',6,(#692,#693,#694,#695,#696,#697,
    #698,#699,#700,#701,#702,#703,#704,#705,#706,#707,#708,#709,#710,
    #711,#712,#713,#714,#715,#716,#717,#718),.UNSPECIFIED.,.F.,.F.,(7,5,
    5,5,5,7),(0.,0.377295225247,0.478137629441,0.650137793204,
    0.800287126031,1.),.UNSPECIFIED.);
#692 = CARTESIAN_POINT('',(-3.304015114122,2.6));
#693 = CARTESIAN_POINT('',(-3.304015114122,2.443215259175));
#694 = CARTESIAN_POINT('',(-3.308352609178,2.286105735493));
#695 = CARTESIAN_POINT('',(-3.317061186894,2.130861883968));
#696 = CARTESIAN_POINT('',(-3.330194814753,1.979754325194));
#697 = CARTESIAN_POINT('',(-3.347816227851,1.835216651326));
#698 = CARTESIAN_POINT('',(-3.375967781193,1.66377475574));
#699 = CARTESIAN_POINT('',(-3.38222833462,1.628307595001));
#700 = CARTESIAN_POINT('',(-3.388808815528,1.593606098604));
#701 = CARTESIAN_POINT('',(-3.395705179303,1.559740229216));
#702 = CARTESIAN_POINT('',(-3.402912612938,1.52677532243));
#703 = CARTESIAN_POINT('',(-3.423239825226,1.440186301956));
#704 = CARTESIAN_POINT('',(-3.436952518843,1.388357466218));
#705 = CARTESIAN_POINT('',(-3.4515091288,1.339720302641));
#706 = CARTESIAN_POINT('',(-3.466841419462,1.294608510109));
#707 = CARTESIAN_POINT('',(-3.482870636597,1.253256765208));
#708 = CARTESIAN_POINT('',(-3.514036886444,1.183106829202));
#709 = CARTESIAN_POINT('',(-3.52901417988,1.15341353595));
#710 = CARTESIAN_POINT('',(-3.544379431389,1.126812775117));
#711 = CARTESIAN_POINT('',(-3.560063998512,1.103333224577));
#712 = CARTESIAN_POINT('',(-3.575994230256,1.082944720904));
#713 = CARTESIAN_POINT('',(-3.613503364119,1.042438233387));
#714 = CARTESIAN_POINT('',(-3.6351851687,1.024659006309));
#715 = CARTESIAN_POINT('',(-3.657034909763,1.011906723065));
#716 = CARTESIAN_POINT('',(-3.678951994267,1.003821206402));
#717 = CARTESIAN_POINT('',(-3.700834874271,1.));
#718 = CARTESIAN_POINT('',(-3.722578266332,1.));
#719 = ( GEOMETRIC_REPRESENTATION_CONTEXT(2) 
PARAMETRIC_REPRESENTATION_CONTEXT() REPRESENTATION_CONTEXT('2D SPACE',''
  ) );
#720 = PCURVE('',#721,#726);
#721 = CYLINDRICAL_SURFACE('',#722,1.6);
#722 = AXIS2_PLACEMENT_3D('',#723,#724,#725);
#723 = CARTESIAN_POINT('',(-183.7258541203,1.9,-23.57633880771));
#724 = DIRECTION('',(0.98521175482,1.902269172752E-17,0.171341174751));
#725 = DIRECTION('',(-0.171341174751,1.093804774332E-16,0.98521175482));
#726 = DEFINITIONAL_REPRESENTATION('',(#727),#755);
#727 = B_SPLINE_CURVE_WITH_KNOTS('',6,(#728,#729,#730,#731,#732,#733,
    #734,#735,#736,#737,#738,#739,#740,#741,#742,#743,#744,#745,#746,
    #747,#748,#749,#750,#751,#752,#753,#754),.UNSPECIFIED.,.F.,.F.,(7,5,
    5,5,5,7),(0.,0.377295225247,0.478137629441,0.650137793204,
    0.800287126031,1.),.UNSPECIFIED.);
#728 = CARTESIAN_POINT('',(0.,34.957736582054));
#729 = CARTESIAN_POINT('',(-9.799046301558E-02,34.957736582054));
#730 = CARTESIAN_POINT('',(-0.196184017233,34.951326498901));
#731 = CARTESIAN_POINT('',(-0.294904582587,34.938457035684));
#732 = CARTESIAN_POINT('',(-0.394464167802,34.91844784176));
#733 = CARTESIAN_POINT('',(-0.49518871226,34.889976132994));
#734 = CARTESIAN_POINT('',(-0.624791070259,34.840570506866));
#735 = CARTESIAN_POINT('',(-0.652212611818,34.829408172424));
#736 = CARTESIAN_POINT('',(-0.679709633503,34.817473671348));
#737 = CARTESIAN_POINT('',(-0.707271200901,34.804737027848));
#738 = CARTESIAN_POINT('',(-0.734887507859,34.791168097482));
#739 = CARTESIAN_POINT('',(-0.809731733883,34.752121668304));
#740 = CARTESIAN_POINT('',(-0.857082466562,34.724979262419));
#741 = CARTESIAN_POINT('',(-0.904450180615,34.695210030092));
#742 = CARTESIAN_POINT('',(-0.95170372339,34.66274578887));
#743 = CARTESIAN_POINT('',(-0.998724142996,34.627564024728));
#744 = CARTESIAN_POINT('',(-1.086138960071,34.556650744806));
#745 = CARTESIAN_POINT('',(-1.126576003234,34.521589592405));
#746 = CARTESIAN_POINT('',(-1.166620615208,34.484560377775));
#747 = CARTESIAN_POINT('',(-1.206187600793,34.445645251845));
#748 = CARTESIAN_POINT('',(-1.24519054552,34.404972934695));
#749 = CARTESIAN_POINT('',(-1.334546388566,34.30653017439));
#750 = CARTESIAN_POINT('',(-1.384334467244,34.247615325681));
#751 = CARTESIAN_POINT('',(-1.432893887705,34.186199680721));
#752 = CARTESIAN_POINT('',(-1.480193752659,34.122569688836));
#753 = CARTESIAN_POINT('',(-1.526183778224,34.057080581343));
#754 = CARTESIAN_POINT('',(-1.570796326795,33.990158385874));
#755 = ( GEOMETRIC_REPRESENTATION_CONTEXT(2) 
PARAMETRIC_REPRESENTATION_CONTEXT() REPRESENTATION_CONTEXT('2D SPACE',''
  ) );
#756 = ORIENTED_EDGE('',*,*,#757,.T.);
#757 = EDGE_CURVE('',#658,#758,#760,.T.);
#758 = VERTEX_POINT('',#759);
#759 = CARTESIAN_POINT('',(-156.7069356919,3.5,-18.87739647233));
#760 = SURFACE_CURVE('',#761,(#766,#773),.PCURVE_S1.);
#761 = CIRCLE('',#762,4.5);
#762 = AXIS2_PLACEMENT_3D('',#763,#764,#765);
#763 = CARTESIAN_POINT('',(-154.,3.5,-15.28260869565));
#764 = DIRECTION('',(0.,1.,-2.22044604925E-16));
#765 = DIRECTION('',(-1.,-0.,-0.));
#766 = PCURVE('',#281,#767);
#767 = DEFINITIONAL_REPRESENTATION('',(#768),#772);
#768 = LINE('',#769,#770);
#769 = CARTESIAN_POINT('',(-0.,1.));
#770 = VECTOR('',#771,1.);
#771 = DIRECTION('',(-1.,0.));
#772 = ( GEOMETRIC_REPRESENTATION_CONTEXT(2) 
PARAMETRIC_REPRESENTATION_CONTEXT() REPRESENTATION_CONTEXT('2D SPACE',''
  ) );
#773 = PCURVE('',#774,#779);
#774 = PLANE('',#775);
#775 = AXIS2_PLACEMENT_3D('',#776,#777,#778);
#776 = CARTESIAN_POINT('',(0.,3.5,0.));
#777 = DIRECTION('',(-0.,-1.,2.22044604925E-16));
#778 = DIRECTION('',(1.,0.,0.));
#779 = DEFINITIONAL_REPRESENTATION('',(#780),#788);
#780 = ( BOUNDED_CURVE() B_SPLINE_CURVE(2,(#781,#782,#783,#784,#785,#786
,#787),.UNSPECIFIED.,.T.,.F.) B_SPLINE_CURVE_WITH_KNOTS((1,2,2,2,2,1),(
    -2.094395102393,0.,2.094395102393,4.188790204786,6.28318530718,
8.377580409573),.UNSPECIFIED.) CURVE() GEOMETRIC_REPRESENTATION_ITEM() 
RATIONAL_B_SPLINE_CURVE((1.,0.5,1.,0.5,1.,0.5,1.)) REPRESENTATION_ITEM(
  '') );
#781 = CARTESIAN_POINT('',(-158.5,-15.28260869565));
#782 = CARTESIAN_POINT('',(-158.5,-7.488380061592));
#783 = CARTESIAN_POINT('',(-151.75,-11.38549437862));
#784 = CARTESIAN_POINT('',(-145.,-15.28260869565));
#785 = CARTESIAN_POINT('',(-151.75,-19.17972301268));
#786 = CARTESIAN_POINT('',(-158.5,-23.07683732971));
#787 = CARTESIAN_POINT('',(-158.5,-15.28260869565));
#788 = ( GEOMETRIC_REPRESENTATION_CONTEXT(2) 
PARAMETRIC_REPRESENTATION_CONTEXT() REPRESENTATION_CONTEXT('2D SPACE',''
  ) );
#789 = ORIENTED_EDGE('',*,*,#790,.T.);
#790 = EDGE_CURVE('',#758,#791,#793,.T.);
#791 = VERTEX_POINT('',#792);
#792 = CARTESIAN_POINT('',(-157.9343509841,1.9,-17.46684364942));
#793 = SURFACE_CURVE('',#794,(#822,#853),.PCURVE_S1.);
#794 = B_SPLINE_CURVE_WITH_KNOTS('',6,(#795,#796,#797,#798,#799,#800,
    #801,#802,#803,#804,#805,#806,#807,#808,#809,#810,#811,#812,#813,
    #814,#815,#816,#817,#818,#819,#820,#821),.UNSPECIFIED.,.F.,.F.,(7,5,
    5,5,5,7),(0.,0.127528573434,0.348323236796,0.5220096097,
    0.621782445522,1.),.UNSPECIFIED.);
#795 = CARTESIAN_POINT('',(-156.7069356919,3.5,-18.87739647233));
#796 = CARTESIAN_POINT('',(-156.7568451564,3.5,-18.83981380568));
#797 = CARTESIAN_POINT('',(-156.8062970252,3.498441960057,
    -18.80127275178));
#798 = CARTESIAN_POINT('',(-156.855187299,3.495214856882,-18.76183494537
    ));
#799 = CARTESIAN_POINT('',(-156.9034185472,3.490210802579,
    -18.72157173066));
#800 = CARTESIAN_POINT('',(-156.9508999076,3.483325044654,
    -18.68056416136));
#801 = CARTESIAN_POINT('',(-157.078308974,3.459100621063,-18.56677358127
    ));
#802 = CARTESIAN_POINT('',(-157.1567240898,3.437770958297,
    -18.49254849162));
#803 = CARTESIAN_POINT('',(-157.2318982525,3.409980414353,-18.4170750646
    ));
#804 = CARTESIAN_POINT('',(-157.3031733511,3.375456586968,-18.3412936124
    ));
#805 = CARTESIAN_POINT('',(-157.3700930872,3.334161968399,
    -18.26618808004));
#806 = CARTESIAN_POINT('',(-157.4813573466,3.248675987561,
    -18.13495675169));
#807 = CARTESIAN_POINT('',(-157.5273758974,3.207056500992,
    -18.07831374963));
#808 = CARTESIAN_POINT('',(-157.5703010529,3.1615951199,-18.02327912672)
  );
#809 = CARTESIAN_POINT('',(-157.6100751281,3.112531666833,
    -17.97031420147));
#810 = CARTESIAN_POINT('',(-157.6466953531,3.060209014884,
    -17.91984273305));
#811 = CARTESIAN_POINT('',(-157.699451465,2.973404018938,-17.84486895272
    ));
#812 = CARTESIAN_POINT('',(-157.7176810818,2.940791299184,
    -17.81844346515));
#813 = CARTESIAN_POINT('',(-157.7349132995,2.907295946824,
    -17.79299571386));
#814 = CARTESIAN_POINT('',(-157.7511701096,2.872981302723,
    -17.76856951721));
#815 = CARTESIAN_POINT('',(-157.7664742037,2.83791515897,-17.74520381274
    ));
#816 = CARTESIAN_POINT('',(-157.8353406629,2.666666566088,
    -17.63850745373));
#817 = CARTESIAN_POINT('',(-157.8763074612,2.521824248899,
    -17.57007188075));
#818 = CARTESIAN_POINT('',(-157.9057075676,2.370350332321,
    -17.51843831482));
#819 = CARTESIAN_POINT('',(-157.924828733,2.214704031308,-17.48399536569
    ));
#820 = CARTESIAN_POINT('',(-157.9343509841,2.057182238434,
    -17.46684364942));
#821 = CARTESIAN_POINT('',(-157.9343509841,1.9,-17.46684364942));
#822 = PCURVE('',#281,#823);
#823 = DEFINITIONAL_REPRESENTATION('',(#824),#852);
#824 = B_SPLINE_CURVE_WITH_KNOTS('',6,(#825,#826,#827,#828,#829,#830,
    #831,#832,#833,#834,#835,#836,#837,#838,#839,#840,#841,#842,#843,
    #844,#845,#846,#847,#848,#849,#850,#851),.UNSPECIFIED.,.F.,.F.,(7,5,
    5,5,5,7),(0.,0.127528573434,0.348323236796,0.5220096097,
    0.621782445522,1.),.UNSPECIFIED.);
#825 = CARTESIAN_POINT('',(-5.357818065391,1.));
#826 = CARTESIAN_POINT('',(-5.371701907096,1.));
#827 = CARTESIAN_POINT('',(-5.385632576987,1.001558039943));
#828 = CARTESIAN_POINT('',(-5.399588348577,1.004785143118));
#829 = CARTESIAN_POINT('',(-5.413547265345,1.009789197421));
#830 = CARTESIAN_POINT('',(-5.427487140741,1.016674955346));
#831 = CARTESIAN_POINT('',(-5.465448372637,1.040899378937));
#832 = CARTESIAN_POINT('',(-5.489432316266,1.062229041703));
#833 = CARTESIAN_POINT('',(-5.513089413607,1.090019585647));
#834 = CARTESIAN_POINT('',(-5.536194612653,1.124543413032));
#835 = CARTESIAN_POINT('',(-5.558542120506,1.165838031601));
#836 = CARTESIAN_POINT('',(-5.596775579434,1.251324012439));
#837 = CARTESIAN_POINT('',(-5.612989845826,1.292943499008));
#838 = CARTESIAN_POINT('',(-5.628495648896,1.3384048801));
#839 = CARTESIAN_POINT('',(-5.643211627555,1.387468333167));
#840 = CARTESIAN_POINT('',(-5.657067337203,1.439790985116));
#841 = CARTESIAN_POINT('',(-5.677439522411,1.526595981062));
#842 = CARTESIAN_POINT('',(-5.684573305173,1.559208700816));
#843 = CARTESIAN_POINT('',(-5.69140256065,1.592704053176));
#844 = CARTESIAN_POINT('',(-5.697922602933,1.627018697277));
#845 = CARTESIAN_POINT('',(-5.704129485846,1.66208484103));
#846 = CARTESIAN_POINT('',(-5.732349697695,1.833333433912));
#847 = CARTESIAN_POINT('',(-5.750064135363,1.978175751101));
#848 = CARTESIAN_POINT('',(-5.763267464426,2.129649667679));
#849 = CARTESIAN_POINT('',(-5.772021698894,2.285295968692));
#850 = CARTESIAN_POINT('',(-5.776381217602,2.442817761566));
#851 = CARTESIAN_POINT('',(-5.776381217602,2.6));
#852 = ( GEOMETRIC_REPRESENTATION_CONTEXT(2) 
PARAMETRIC_REPRESENTATION_CONTEXT() REPRESENTATION_CONTEXT('2D SPACE',''
  ) );
#853 = PCURVE('',#854,#859);
#854 = CYLINDRICAL_SURFACE('',#855,1.6);
#855 = AXIS2_PLACEMENT_3D('',#856,#857,#858);
#856 = CARTESIAN_POINT('',(-183.7258541203,1.9,-23.57633880771));
#857 = DIRECTION('',(0.98521175482,1.902269172752E-17,0.171341174751));
#858 = DIRECTION('',(-0.171341174751,1.093804774332E-16,0.98521175482));
#859 = DEFINITIONAL_REPRESENTATION('',(#860),#888);
#860 = B_SPLINE_CURVE_WITH_KNOTS('',6,(#861,#862,#863,#864,#865,#866,
    #867,#868,#869,#870,#871,#872,#873,#874,#875,#876,#877,#878,#879,
    #880,#881,#882,#883,#884,#885,#886,#887),.UNSPECIFIED.,.F.,.F.,(7,5,
    5,5,5,7),(0.,0.127528573434,0.348323236796,0.5220096097,
    0.621782445522,1.),.UNSPECIFIED.);
#861 = CARTESIAN_POINT('',(-1.570796326795,27.424478338008));
#862 = CARTESIAN_POINT('',(-1.542309807273,27.381746405206));
#863 = CARTESIAN_POINT('',(-1.5132820581,27.339629512192));
#864 = CARTESIAN_POINT('',(-1.483720846297,27.298219559807));
#865 = CARTESIAN_POINT('',(-1.453630861364,27.25760031372));
#866 = CARTESIAN_POINT('',(-1.423013715282,27.217847404429));
#867 = CARTESIAN_POINT('',(-1.337944180727,27.111819506184));
#868 = CARTESIAN_POINT('',(-1.282332930736,27.047281826356));
#869 = CARTESIAN_POINT('',(-1.225307399683,26.986151063289));
#870 = CARTESIAN_POINT('',(-1.167102289874,26.928914481382));
#871 = CARTESIAN_POINT('',(-1.107937313601,26.875853040904));
#872 = CARTESIAN_POINT('',(-1.000923517618,26.788719514529));
#873 = CARTESIAN_POINT('',(-0.953446169897,26.753086775941));
#874 = CARTESIAN_POINT('',(-0.905727360565,26.720226105052));
#875 = CARTESIAN_POINT('',(-0.857889450074,26.690115291107));
#876 = CARTESIAN_POINT('',(-0.810067431681,26.66268445574));
#877 = CARTESIAN_POINT('',(-0.73504598278,26.623554609705));
#878 = CARTESIAN_POINT('',(-0.707719091235,26.610122351013));
#879 = CARTESIAN_POINT('',(-0.68044570219,26.597505215194));
#880 = CARTESIAN_POINT('',(-0.653235372535,26.585674028047));
#881 = CARTESIAN_POINT('',(-0.626098738781,26.574599761863));
#882 = CARTESIAN_POINT('',(-0.496502101389,26.525033196265));
#883 = CARTESIAN_POINT('',(-0.395504229505,26.496398056459));
#884 = CARTESIAN_POINT('',(-0.295675119587,26.476279681916));
#885 = CARTESIAN_POINT('',(-0.196690126885,26.463342780361));
#886 = CARTESIAN_POINT('',(-9.82388990214E-02,26.456900141828));
#887 = CARTESIAN_POINT('',(0.,26.456900141828));
#888 = ( GEOMETRIC_REPRESENTATION_CONTEXT(2) 
PARAMETRIC_REPRESENTATION_CONTEXT() REPRESENTATION_CONTEXT('2D SPACE',''
  ) );
#889 = ORIENTED_EDGE('',*,*,#890,.T.);
#890 = EDGE_CURVE('',#791,#891,#893,.T.);
#891 = VERTEX_POINT('',#892);
#892 = CARTESIAN_POINT('',(-157.9343509841,-1.9,-17.46684364942));
#893 = SURFACE_CURVE('',#894,(#898,#905),.PCURVE_S1.);
#894 = LINE('',#895,#896);
#895 = CARTESIAN_POINT('',(-157.9343509841,4.5,-17.46684364942));
#896 = VECTOR('',#897,1.);
#897 = DIRECTION('',(-0.,-1.,2.22044604925E-16));
#898 = PCURVE('',#281,#899);
#899 = DEFINITIONAL_REPRESENTATION('',(#900),#904);
#900 = LINE('',#901,#902);
#901 = CARTESIAN_POINT('',(-5.776381217602,-4.849975873734E-16));
#902 = VECTOR('',#903,1.);
#903 = DIRECTION('',(-0.,1.));
#904 = ( GEOMETRIC_REPRESENTATION_CONTEXT(2) 
PARAMETRIC_REPRESENTATION_CONTEXT() REPRESENTATION_CONTEXT('2D SPACE',''
  ) );
#905 = PCURVE('',#906,#911);
#906 = PLANE('',#907);
#907 = AXIS2_PLACEMENT_3D('',#908,#909,#910);
#908 = CARTESIAN_POINT('',(-184.,-2.442490654175E-15,-22.));
#909 = DIRECTION('',(-0.171341174751,1.093804774332E-16,0.98521175482));
#910 = DIRECTION('',(-0.98521175482,-1.902269172752E-17,-0.171341174751)
  );
#911 = DEFINITIONAL_REPRESENTATION('',(#912),#916);
#912 = LINE('',#913,#914);
#913 = CARTESIAN_POINT('',(-26.45690014182,-4.5));
#914 = VECTOR('',#915,1.);
#915 = DIRECTION('',(-1.902269172752E-17,1.));
#916 = ( GEOMETRIC_REPRESENTATION_CONTEXT(2) 
PARAMETRIC_REPRESENTATION_CONTEXT() REPRESENTATION_CONTEXT('2D SPACE',''
  ) );
#917 = ORIENTED_EDGE('',*,*,#918,.F.);
#918 = EDGE_CURVE('',#235,#891,#919,.T.);
#919 = SURFACE_CURVE('',#920,(#948,#979),.PCURVE_S1.);
#920 = B_SPLINE_CURVE_WITH_KNOTS('',6,(#921,#922,#923,#924,#925,#926,
    #927,#928,#929,#930,#931,#932,#933,#934,#935,#936,#937,#938,#939,
    #940,#941,#942,#943,#944,#945,#946,#947),.UNSPECIFIED.,.F.,.F.,(7,5,
    5,5,5,7),(0.,0.127528612289,0.348323265819,0.522009630988,
    0.621782462366,1.),.UNSPECIFIED.);
#921 = CARTESIAN_POINT('',(-156.7069356919,-3.5,-18.87739647233));
#922 = CARTESIAN_POINT('',(-156.7568451397,-3.5,-18.83981381824));
#923 = CARTESIAN_POINT('',(-156.8062970295,-3.498441958434,
    -18.80127274736));
#924 = CARTESIAN_POINT('',(-156.8551873156,-3.495214855376,
    -18.7618349318));
#925 = CARTESIAN_POINT('',(-156.9034185517,-3.490210803434,
    -18.72157172783));
#926 = CARTESIAN_POINT('',(-156.9508998913,-3.483325047751,
    -18.68056417591));
#927 = CARTESIAN_POINT('',(-157.078308974,-3.459100621063,
    -18.56677358127));
#928 = CARTESIAN_POINT('',(-157.1567240898,-3.437770958297,
    -18.49254849162));
#929 = CARTESIAN_POINT('',(-157.2318982525,-3.409980414353,
    -18.4170750646));
#930 = CARTESIAN_POINT('',(-157.3031733511,-3.375456586968,
    -18.3412936124));
#931 = CARTESIAN_POINT('',(-157.3700930872,-3.334161968399,
    -18.26618808004));
#932 = CARTESIAN_POINT('',(-157.4813573466,-3.248675987561,
    -18.13495675169));
#933 = CARTESIAN_POINT('',(-157.5273758974,-3.207056500992,
    -18.07831374963));
#934 = CARTESIAN_POINT('',(-157.5703010529,-3.1615951199,-18.02327912672
    ));
#935 = CARTESIAN_POINT('',(-157.6100751281,-3.112531666833,
    -17.97031420147));
#936 = CARTESIAN_POINT('',(-157.6466953531,-3.060209014884,
    -17.91984273305));
#937 = CARTESIAN_POINT('',(-157.699451465,-2.973404018938,
    -17.84486895272));
#938 = CARTESIAN_POINT('',(-157.7176810818,-2.940791299184,
    -17.81844346515));
#939 = CARTESIAN_POINT('',(-157.7349132995,-2.907295946824,
    -17.79299571386));
#940 = CARTESIAN_POINT('',(-157.7511701096,-2.872981302723,
    -17.76856951721));
#941 = CARTESIAN_POINT('',(-157.7664742037,-2.83791515897,
    -17.74520381274));
#942 = CARTESIAN_POINT('',(-157.8353406629,-2.666666566088,
    -17.63850745373));
#943 = CARTESIAN_POINT('',(-157.8763074612,-2.521824248899,
    -17.57007188075));
#944 = CARTESIAN_POINT('',(-157.9057075676,-2.370350332321,
    -17.51843831482));
#945 = CARTESIAN_POINT('',(-157.924828733,-2.214704031308,
    -17.48399536569));
#946 = CARTESIAN_POINT('',(-157.9343509841,-2.057182238434,
    -17.46684364942));
#947 = CARTESIAN_POINT('',(-157.9343509841,-1.9,-17.46684364942));
#948 = PCURVE('',#281,#949);
#949 = DEFINITIONAL_REPRESENTATION('',(#950),#978);
#950 = B_SPLINE_CURVE_WITH_KNOTS('',6,(#951,#952,#953,#954,#955,#956,
    #957,#958,#959,#960,#961,#962,#963,#964,#965,#966,#967,#968,#969,
    #970,#971,#972,#973,#974,#975,#976,#977),.UNSPECIFIED.,.F.,.F.,(7,5,
    5,5,5,7),(0.,0.127528612289,0.348323265819,0.522009630988,
    0.621782462366,1.),.UNSPECIFIED.);
#951 = CARTESIAN_POINT('',(-5.357818065391,8.));
#952 = CARTESIAN_POINT('',(-5.371701902457,8.));
#953 = CARTESIAN_POINT('',(-5.385632578345,7.998441958434));
#954 = CARTESIAN_POINT('',(-5.399588353333,7.995214855376));
#955 = CARTESIAN_POINT('',(-5.413547266531,7.990210803434));
#956 = CARTESIAN_POINT('',(-5.427487135887,7.983325047751));
#957 = CARTESIAN_POINT('',(-5.465448372637,7.959100621063));
#958 = CARTESIAN_POINT('',(-5.489432316266,7.937770958297));
#959 = CARTESIAN_POINT('',(-5.513089413607,7.909980414353));
#960 = CARTESIAN_POINT('',(-5.536194612653,7.875456586968));
#961 = CARTESIAN_POINT('',(-5.558542120506,7.834161968399));
#962 = CARTESIAN_POINT('',(-5.596775579434,7.748675987561));
#963 = CARTESIAN_POINT('',(-5.612989845826,7.707056500992));
#964 = CARTESIAN_POINT('',(-5.628495648896,7.6615951199));
#965 = CARTESIAN_POINT('',(-5.643211627555,7.612531666833));
#966 = CARTESIAN_POINT('',(-5.657067337203,7.560209014884));
#967 = CARTESIAN_POINT('',(-5.677439522411,7.473404018938));
#968 = CARTESIAN_POINT('',(-5.684573305173,7.440791299184));
#969 = CARTESIAN_POINT('',(-5.69140256065,7.407295946824));
#970 = CARTESIAN_POINT('',(-5.697922602933,7.372981302723));
#971 = CARTESIAN_POINT('',(-5.704129485846,7.33791515897));
#972 = CARTESIAN_POINT('',(-5.732349697695,7.166666566088));
#973 = CARTESIAN_POINT('',(-5.750064135363,7.021824248899));
#974 = CARTESIAN_POINT('',(-5.763267464426,6.870350332321));
#975 = CARTESIAN_POINT('',(-5.772021698894,6.714704031308));
#976 = CARTESIAN_POINT('',(-5.776381217602,6.557182238434));
#977 = CARTESIAN_POINT('',(-5.776381217602,6.4));
#978 = ( GEOMETRIC_REPRESENTATION_CONTEXT(2) 
PARAMETRIC_REPRESENTATION_CONTEXT() REPRESENTATION_CONTEXT('2D SPACE',''
  ) );
#979 = PCURVE('',#250,#980);
#980 = DEFINITIONAL_REPRESENTATION('',(#981),#1009);
#981 = B_SPLINE_CURVE_WITH_KNOTS('',6,(#982,#983,#984,#985,#986,#987,
    #988,#989,#990,#991,#992,#993,#994,#995,#996,#997,#998,#999,#1000,
    #1001,#1002,#1003,#1004,#1005,#1006,#1007,#1008),.UNSPECIFIED.,.F.,
  .F.,(7,5,5,5,5,7),(0.,0.127528612289,0.348323265819,0.522009630988,
    0.621782462366,1.),.UNSPECIFIED.);
#982 = CARTESIAN_POINT('',(1.570796326795,27.424478338008));
#983 = CARTESIAN_POINT('',(1.542309816792,27.381746419484));
#984 = CARTESIAN_POINT('',(1.513282054833,27.33962950874));
#985 = CARTESIAN_POINT('',(1.483720836093,27.298219545845));
#986 = CARTESIAN_POINT('',(1.453630859183,27.257600309689));
#987 = CARTESIAN_POINT('',(1.423013726158,27.217847417985));
#988 = CARTESIAN_POINT('',(1.337944180727,27.111819506184));
#989 = CARTESIAN_POINT('',(1.282332930736,27.047281826356));
#990 = CARTESIAN_POINT('',(1.225307399683,26.986151063289));
#991 = CARTESIAN_POINT('',(1.167102289874,26.928914481382));
#992 = CARTESIAN_POINT('',(1.107937313601,26.875853040904));
#993 = CARTESIAN_POINT('',(1.000923517618,26.788719514529));
#994 = CARTESIAN_POINT('',(0.953446169897,26.753086775941));
#995 = CARTESIAN_POINT('',(0.905727360565,26.720226105052));
#996 = CARTESIAN_POINT('',(0.857889450074,26.690115291107));
#997 = CARTESIAN_POINT('',(0.810067431681,26.66268445574));
#998 = CARTESIAN_POINT('',(0.73504598278,26.623554609705));
#999 = CARTESIAN_POINT('',(0.707719091235,26.610122351013));
#1000 = CARTESIAN_POINT('',(0.68044570219,26.597505215194));
#1001 = CARTESIAN_POINT('',(0.653235372535,26.585674028047));
#1002 = CARTESIAN_POINT('',(0.626098738781,26.574599761863));
#1003 = CARTESIAN_POINT('',(0.496502101389,26.525033196265));
#1004 = CARTESIAN_POINT('',(0.395504229505,26.496398056459));
#1005 = CARTESIAN_POINT('',(0.295675119587,26.476279681916));
#1006 = CARTESIAN_POINT('',(0.196690126885,26.463342780361));
#1007 = CARTESIAN_POINT('',(9.823889902141E-02,26.456900141828));
#1008 = CARTESIAN_POINT('',(0.,26.456900141828));
#1009 = ( GEOMETRIC_REPRESENTATION_CONTEXT(2) 
PARAMETRIC_REPRESENTATION_CONTEXT() REPRESENTATION_CONTEXT('2D SPACE',''
  ) );
#1010 = ADVANCED_FACE('',(#1011),#250,.T.);
#1011 = FACE_BOUND('',#1012,.T.);
#1012 = EDGE_LOOP('',(#1013,#1044,#1098,#1099,#1100));
#1013 = ORIENTED_EDGE('',*,*,#1014,.F.);
#1014 = EDGE_CURVE('',#1015,#1017,#1019,.T.);
#1015 = VERTEX_POINT('',#1016);
#1016 = CARTESIAN_POINT('',(-182.6129735453,-2.90747321929,
    -22.12115759682));
#1017 = VERTEX_POINT('',#1018);
#1018 = CARTESIAN_POINT('',(-182.6741458796,-1.9,-21.76941667471));
#1019 = SURFACE_CURVE('',#1020,(#1025,#1032),.PCURVE_S1.);
#1020 = CIRCLE('',#1021,1.6);
#1021 = AXIS2_PLACEMENT_3D('',#1022,#1023,#1024);
#1022 = CARTESIAN_POINT('',(-182.4,-1.9,-23.34575548242));
#1023 = DIRECTION('',(-0.98521175482,-1.902269172752E-17,-0.171341174751
    ));
#1024 = DIRECTION('',(-0.171341174751,1.093804774332E-16,0.98521175482)
  );
#1025 = PCURVE('',#250,#1026);
#1026 = DEFINITIONAL_REPRESENTATION('',(#1027),#1031);
#1027 = LINE('',#1028,#1029);
#1028 = CARTESIAN_POINT('',(6.28318530718,1.345755482425));
#1029 = VECTOR('',#1030,1.);
#1030 = DIRECTION('',(-1.,-0.));
#1031 = ( GEOMETRIC_REPRESENTATION_CONTEXT(2) 
PARAMETRIC_REPRESENTATION_CONTEXT() REPRESENTATION_CONTEXT('2D SPACE',''
  ) );
#1032 = PCURVE('',#1033,#1038);
#1033 = SPHERICAL_SURFACE('',#1034,1.6);
#1034 = AXIS2_PLACEMENT_3D('',#1035,#1036,#1037);
#1035 = CARTESIAN_POINT('',(-182.4,-1.9,-23.34575548242));
#1036 = DIRECTION('',(-0.,1.,-1.110223024625E-16));
#1037 = DIRECTION('',(-0.171341174751,1.093804774332E-16,0.98521175482)
  );
#1038 = DEFINITIONAL_REPRESENTATION('',(#1039),#1043);
#1039 = LINE('',#1040,#1041);
#1040 = CARTESIAN_POINT('',(-0.,-6.28318530718));
#1041 = VECTOR('',#1042,1.);
#1042 = DIRECTION('',(-0.,1.));
#1043 = ( GEOMETRIC_REPRESENTATION_CONTEXT(2) 
PARAMETRIC_REPRESENTATION_CONTEXT() REPRESENTATION_CONTEXT('2D SPACE',''
  ) );
#1044 = ORIENTED_EDGE('',*,*,#1045,.T.);
#1045 = EDGE_CURVE('',#1015,#202,#1046,.T.);
#1046 = SURFACE_CURVE('',#1047,(#1062,#1080),.PCURVE_S1.);
#1047 = B_SPLINE_CURVE_WITH_KNOTS('',7,(#1048,#1049,#1050,#1051,#1052,
    #1053,#1054,#1055,#1056,#1057,#1058,#1059,#1060,#1061),
  .UNSPECIFIED.,.F.,.F.,(8,6,8),(0.,0.537993641869,1.),.UNSPECIFIED.);
#1048 = CARTESIAN_POINT('',(-182.6129760582,-2.907472150329,
    -22.12115715443));
#1049 = CARTESIAN_POINT('',(-182.4330710061,-2.983999910638,
    -22.1528283807));
#1050 = CARTESIAN_POINT('',(-182.2509768055,-3.056227882208,
    -22.18982612184));
#1051 = CARTESIAN_POINT('',(-182.0675057736,-3.124090549435,
    -22.23230725367));
#1052 = CARTESIAN_POINT('',(-181.882857365,-3.187388259305,
    -22.28043757349));
#1053 = CARTESIAN_POINT('',(-181.6971032642,-3.245759488406,
    -22.33446643344));
#1054 = CARTESIAN_POINT('',(-181.5103899223,-3.29859788509,
    -22.39464635689));
#1055 = CARTESIAN_POINT('',(-181.1619916753,-3.384916735512,
    -22.51836350586));
#1056 = CARTESIAN_POINT('',(-181.0005838147,-3.420055428368,
    -22.58019491213));
#1057 = CARTESIAN_POINT('',(-180.8388651794,-3.449916271058,
    -22.64684089351));
#1058 = CARTESIAN_POINT('',(-180.6770766945,-3.473802163013,
    -22.71840950369));
#1059 = CARTESIAN_POINT('',(-180.5155882132,-3.490847140161,
    -22.79494432584));
#1060 = CARTESIAN_POINT('',(-180.3549185119,-3.5,-22.87636907838));
#1061 = CARTESIAN_POINT('',(-180.1957523923,-3.5,-22.96240807239));
#1062 = PCURVE('',#250,#1063);
#1063 = DEFINITIONAL_REPRESENTATION('',(#1064),#1079);
#1064 = B_SPLINE_CURVE_WITH_KNOTS('',7,(#1065,#1066,#1067,#1068,#1069,
    #1070,#1071,#1072,#1073,#1074,#1075,#1076,#1077,#1078),
  .UNSPECIFIED.,.F.,.F.,(8,6,8),(0.,0.537993641869,1.),.UNSPECIFIED.);
#1065 = CARTESIAN_POINT('',(0.681128473867,1.345753082425));
#1066 = CARTESIAN_POINT('',(0.742696436181,1.517571069402));
#1067 = CARTESIAN_POINT('',(0.804389486161,1.690633179957));
#1068 = CARTESIAN_POINT('',(0.866563242182,1.864112230164));
#1069 = CARTESIAN_POINT('',(0.929559213444,2.037783307275));
#1070 = CARTESIAN_POINT('',(0.993738681421,2.211533062531));
#1071 = CARTESIAN_POINT('',(1.059442373727,2.385173943018));
#1072 = CARTESIAN_POINT('',(1.18510183415,2.707222149644));
#1073 = CARTESIAN_POINT('',(1.24452731014,2.855648805504));
#1074 = CARTESIAN_POINT('',(1.305562888862,3.003556705164));
#1075 = CARTESIAN_POINT('',(1.368448023651,3.150689972616));
#1076 = CARTESIAN_POINT('',(1.433428427962,3.296676756254));
#1077 = CARTESIAN_POINT('',(1.500772365432,3.441019021927));
#1078 = CARTESIAN_POINT('',(1.570796326795,3.583089331612));
#1079 = ( GEOMETRIC_REPRESENTATION_CONTEXT(2) 
PARAMETRIC_REPRESENTATION_CONTEXT() REPRESENTATION_CONTEXT('2D SPACE',''
  ) );
#1080 = PCURVE('',#222,#1081);
#1081 = DEFINITIONAL_REPRESENTATION('',(#1082),#1097);
#1082 = B_SPLINE_CURVE_WITH_KNOTS('',7,(#1083,#1084,#1085,#1086,#1087,
    #1088,#1089,#1090,#1091,#1092,#1093,#1094,#1095,#1096),
  .UNSPECIFIED.,.F.,.F.,(8,6,8),(0.,0.537993641869,1.),.UNSPECIFIED.);
#1083 = CARTESIAN_POINT('',(-8.028240212815,6.407472150329));
#1084 = CARTESIAN_POINT('',(-8.051074156281,6.483999910638));
#1085 = CARTESIAN_POINT('',(-8.074293032945,6.556227882208));
#1086 = CARTESIAN_POINT('',(-8.097819713446,6.624090549435));
#1087 = CARTESIAN_POINT('',(-8.121655533374,6.687388259305));
#1088 = CARTESIAN_POINT('',(-8.145821237095,6.745759488406));
#1089 = CARTESIAN_POINT('',(-8.170332146583,6.79859788509));
#1090 = CARTESIAN_POINT('',(-8.216546198734,6.884916735512));
#1091 = CARTESIAN_POINT('',(-8.238145349894,6.920055428368));
#1092 = CARTESIAN_POINT('',(-8.259998433138,6.949916271058));
#1093 = CARTESIAN_POINT('',(-8.282099039717,6.973802163013));
#1094 = CARTESIAN_POINT('',(-8.304424954423,6.990847140161));
#1095 = CARTESIAN_POINT('',(-8.326932567185,7.));
#1096 = CARTESIAN_POINT('',(-8.349549127115,7.));
#1097 = ( GEOMETRIC_REPRESENTATION_CONTEXT(2) 
PARAMETRIC_REPRESENTATION_CONTEXT() REPRESENTATION_CONTEXT('2D SPACE',''
  ) );
#1098 = ORIENTED_EDGE('',*,*,#234,.T.);
#1099 = ORIENTED_EDGE('',*,*,#918,.T.);
#1100 = ORIENTED_EDGE('',*,*,#1101,.F.);
#1101 = EDGE_CURVE('',#1017,#891,#1102,.T.);
#1102 = SURFACE_CURVE('',#1103,(#1107,#1114),.PCURVE_S1.);
#1103 = LINE('',#1104,#1105);
#1104 = CARTESIAN_POINT('',(-184.,-1.9,-22.));
#1105 = VECTOR('',#1106,1.);
#1106 = DIRECTION('',(0.98521175482,1.902269172752E-17,0.171341174751));
#1107 = PCURVE('',#250,#1108);
#1108 = DEFINITIONAL_REPRESENTATION('',(#1109),#1113);
#1109 = LINE('',#1110,#1111);
#1110 = CARTESIAN_POINT('',(0.,0.));
#1111 = VECTOR('',#1112,1.);
#1112 = DIRECTION('',(0.,1.));
#1113 = ( GEOMETRIC_REPRESENTATION_CONTEXT(2) 
PARAMETRIC_REPRESENTATION_CONTEXT() REPRESENTATION_CONTEXT('2D SPACE',''
  ) );
#1114 = PCURVE('',#906,#1115);
#1115 = DEFINITIONAL_REPRESENTATION('',(#1116),#1120);
#1116 = LINE('',#1117,#1118);
#1117 = CARTESIAN_POINT('',(-0.,1.9));
#1118 = VECTOR('',#1119,1.);
#1119 = DIRECTION('',(-1.,0.));
#1120 = ( GEOMETRIC_REPRESENTATION_CONTEXT(2) 
PARAMETRIC_REPRESENTATION_CONTEXT() REPRESENTATION_CONTEXT('2D SPACE',''
  ) );
#1121 = ADVANCED_FACE('',(#1122),#222,.T.);
#1122 = FACE_BOUND('',#1123,.F.);
#1123 = EDGE_LOOP('',(#1124,#1125,#1250,#1278,#1408,#1432,#1488,#1549,
    #1577,#1655));
#1124 = ORIENTED_EDGE('',*,*,#201,.F.);
#1125 = ORIENTED_EDGE('',*,*,#1126,.F.);
#1126 = EDGE_CURVE('',#1127,#174,#1129,.T.);
#1127 = VERTEX_POINT('',#1128);
#1128 = CARTESIAN_POINT('',(-181.4588560248,-1.9,-37.58568304753));
#1129 = SURFACE_CURVE('',#1130,(#1168,#1209),.PCURVE_S1.);
#1130 = B_SPLINE_CURVE_WITH_KNOTS('',8,(#1131,#1132,#1133,#1134,#1135,
    #1136,#1137,#1138,#1139,#1140,#1141,#1142,#1143,#1144,#1145,#1146,
    #1147,#1148,#1149,#1150,#1151,#1152,#1153,#1154,#1155,#1156,#1157,
    #1158,#1159,#1160,#1161,#1162,#1163,#1164,#1165,#1166,#1167),
  .UNSPECIFIED.,.F.,.F.,(9,7,7,7,7,9),(0.,5.02835356988E-02,
    8.447809969919E-02,0.173212220593,0.435969637471,1.),.UNSPECIFIED.);
#1131 = CARTESIAN_POINT('',(-181.4588560248,-1.9,-37.58568304753));
#1132 = CARTESIAN_POINT('',(-181.4588560248,-1.925300589729,
    -37.58568304753));
#1133 = CARTESIAN_POINT('',(-181.4561618403,-1.950256330829,
    -37.58478031913));
#1134 = CARTESIAN_POINT('',(-181.450901925,-1.974805220059,
    -37.58301857039));
#1135 = CARTESIAN_POINT('',(-181.4432697169,-1.998873558316,
    -37.58045599582));
#1136 = CARTESIAN_POINT('',(-181.4335249783,-2.022368839417,
    -37.57716893671));
#1137 = CARTESIAN_POINT('',(-181.4219951335,-2.045172638867,
    -37.57325554144));
#1138 = CARTESIAN_POINT('',(-181.4090766085,-2.067133502636,
    -37.56883942575));
#1139 = CARTESIAN_POINT('',(-181.3858241869,-2.102290474913,
    -37.56083222329));
#1140 = CARTESIAN_POINT('',(-181.3758842305,-2.116196226289,
    -37.55739425625));
#1141 = CARTESIAN_POINT('',(-181.3654871246,-2.129789504994,
    -37.55378098442));
#1142 = CARTESIAN_POINT('',(-181.354693915,-2.143084620012,
    -37.55001089022));
#1143 = CARTESIAN_POINT('',(-181.3435558696,-2.156097774378,
    -37.54609938605));
#1144 = CARTESIAN_POINT('',(-181.3321144784,-2.168847065175,
    -37.54205881427));
#1145 = CARTESIAN_POINT('',(-181.3204014531,-2.18135248354,
    -37.53789844724));
#1146 = CARTESIAN_POINT('',(-181.2773957241,-2.225511140842,
    -37.52253365774));
#1147 = CARTESIAN_POINT('',(-181.2444462509,-2.256122551567,
    -37.5105969245));
#1148 = CARTESIAN_POINT('',(-181.2102351038,-2.285509200369,
    -37.49800787362));
#1149 = CARTESIAN_POINT('',(-181.1752378333,-2.313742309026,
    -37.48491633822));
#1150 = CARTESIAN_POINT('',(-181.1397499831,-2.340935749984,
    -37.47141959933));
#1151 = CARTESIAN_POINT('',(-181.103877332,-2.367256214039,
    -37.45755093537));
#1152 = CARTESIAN_POINT('',(-181.0675271397,-2.392933063251,
    -37.44326551989));
#1153 = CARTESIAN_POINT('',(-180.9204615448,-2.493288707543,
    -37.38447432112));
#1154 = CARTESIAN_POINT('',(-180.8040556312,-2.565073489161,
    -37.33578312938));
#1155 = CARTESIAN_POINT('',(-180.6855875819,-2.633199519617,
    -37.28361505132));
#1156 = CARTESIAN_POINT('',(-180.5676450356,-2.697570422443,
    -37.22892957356));
#1157 = CARTESIAN_POINT('',(-180.4508496499,-2.758601172761,
    -37.17214802781));
#1158 = CARTESIAN_POINT('',(-180.334506084,-2.817081061295,
    -37.11294841405));
#1159 = CARTESIAN_POINT('',(-180.217246932,-2.873827467263,
    -37.05050588868));
#1160 = CARTESIAN_POINT('',(-179.8400865742,-3.049098118964,
    -36.83973656664));
#1161 = CARTESIAN_POINT('',(-179.5834203364,-3.157984210396,
    -36.68208485298));
#1162 = CARTESIAN_POINT('',(-179.3290120853,-3.256228924924,
    -36.51043604839));
#1163 = CARTESIAN_POINT('',(-179.0765741882,-3.342652634501,
    -36.32375942974));
#1164 = CARTESIAN_POINT('',(-178.8270354359,-3.414895449845,
    -36.12113326675));
#1165 = CARTESIAN_POINT('',(-178.5818430805,-3.469137289922,
    -35.90210536174));
#1166 = CARTESIAN_POINT('',(-178.3434948646,-3.5,-35.66722599036));
#1167 = CARTESIAN_POINT('',(-178.1152709611,-3.5,-35.41940625338));
#1168 = PCURVE('',#222,#1169);
#1169 = DEFINITIONAL_REPRESENTATION('',(#1170),#1208);
#1170 = B_SPLINE_CURVE_WITH_KNOTS('',8,(#1171,#1172,#1173,#1174,#1175,
    #1176,#1177,#1178,#1179,#1180,#1181,#1182,#1183,#1184,#1185,#1186,
    #1187,#1188,#1189,#1190,#1191,#1192,#1193,#1194,#1195,#1196,#1197,
    #1198,#1199,#1200,#1201,#1202,#1203,#1204,#1205,#1206,#1207),
  .UNSPECIFIED.,.F.,.F.,(9,7,7,7,7,9),(0.,5.02835356988E-02,
    8.447809969919E-02,0.173212220593,0.435969637471,1.),.UNSPECIFIED.);
#1171 = CARTESIAN_POINT('',(-4.389146270019,5.4));
#1172 = CARTESIAN_POINT('',(-4.389146270019,5.425300589729));
#1173 = CARTESIAN_POINT('',(-4.388791094633,5.450256330829));
#1174 = CARTESIAN_POINT('',(-4.388097705676,5.474805220059));
#1175 = CARTESIAN_POINT('',(-4.38709134149,5.498873558316));
#1176 = CARTESIAN_POINT('',(-4.38580581955,5.522368839417));
#1177 = CARTESIAN_POINT('',(-4.384283839067,5.545172638867));
#1178 = CARTESIAN_POINT('',(-4.382577283585,5.567133502636));
#1179 = CARTESIAN_POINT('',(-4.379503222755,5.602290474913));
#1180 = CARTESIAN_POINT('',(-4.378188509616,5.616196226289));
#1181 = CARTESIAN_POINT('',(-4.376812628678,5.629789504994));
#1182 = CARTESIAN_POINT('',(-4.375383542769,5.643084620012));
#1183 = CARTESIAN_POINT('',(-4.373907933041,5.656097774378));
#1184 = CARTESIAN_POINT('',(-4.372391198963,5.668847065175));
#1185 = CARTESIAN_POINT('',(-4.370837458328,5.68135248354));
#1186 = CARTESIAN_POINT('',(-4.365128953878,5.725511140842));
#1187 = CARTESIAN_POINT('',(-4.360748368419,5.756122551567));
#1188 = CARTESIAN_POINT('',(-4.356191731131,5.785509200369));
#1189 = CARTESIAN_POINT('',(-4.35152114997,5.813742309026));
#1190 = CARTESIAN_POINT('',(-4.346775322799,5.840935749984));
#1191 = CARTESIAN_POINT('',(-4.341967922241,5.867256214039));
#1192 = CARTESIAN_POINT('',(-4.337085943172,5.892933063251));
#1193 = CARTESIAN_POINT('',(-4.317288257755,5.993288707543));
#1194 = CARTESIAN_POINT('',(-4.301517848636,6.065073489161));
#1195 = CARTESIAN_POINT('',(-4.2853418678,6.133199519617));
#1196 = CARTESIAN_POINT('',(-4.269097302212,6.197570422442));
#1197 = CARTESIAN_POINT('',(-4.252869287398,6.258601172761));
#1198 = CARTESIAN_POINT('',(-4.236556613688,6.317081061295));
#1199 = CARTESIAN_POINT('',(-4.21995393053,6.373827467263));
#1200 = CARTESIAN_POINT('',(-4.165946748918,6.549098118964));
#1201 = CARTESIAN_POINT('',(-4.128326645798,6.657984210396));
#1202 = CARTESIAN_POINT('',(-4.090022970584,6.756228924922));
#1203 = CARTESIAN_POINT('',(-4.050852877537,6.842652634503));
#1204 = CARTESIAN_POINT('',(-4.010758123712,6.914895449844));
#1205 = CARTESIAN_POINT('',(-3.96974219456,6.969137289923));
#1206 = CARTESIAN_POINT('',(-3.927962444896,7.));
#1207 = CARTESIAN_POINT('',(-3.885850100327,7.));
#1208 = ( GEOMETRIC_REPRESENTATION_CONTEXT(2) 
PARAMETRIC_REPRESENTATION_CONTEXT() REPRESENTATION_CONTEXT('2D SPACE',''
  ) );
#1209 = PCURVE('',#189,#1210);
#1210 = DEFINITIONAL_REPRESENTATION('',(#1211),#1249);
#1211 = B_SPLINE_CURVE_WITH_KNOTS('',8,(#1212,#1213,#1214,#1215,#1216,
    #1217,#1218,#1219,#1220,#1221,#1222,#1223,#1224,#1225,#1226,#1227,
    #1228,#1229,#1230,#1231,#1232,#1233,#1234,#1235,#1236,#1237,#1238,
    #1239,#1240,#1241,#1242,#1243,#1244,#1245,#1246,#1247,#1248),
  .UNSPECIFIED.,.F.,.F.,(9,7,7,7,7,9),(0.,5.02835356988E-02,
    8.447809969919E-02,0.173212220593,0.435969637471,1.),.UNSPECIFIED.);
#1212 = CARTESIAN_POINT('',(0.,183.85491310062));
#1213 = CARTESIAN_POINT('',(1.581286858033E-02,183.85491310062));
#1214 = CARTESIAN_POINT('',(3.141024646799E-02,183.85210876181));
#1215 = CARTESIAN_POINT('',(4.67592789484E-02,183.84663389714));
#1216 = CARTESIAN_POINT('',(6.18193368293E-02,183.83868878854));
#1217 = CARTESIAN_POINT('',(7.653709845351E-02,183.82854209739));
#1218 = CARTESIAN_POINT('',(9.084163171175E-02,183.816532775));
#1219 = CARTESIAN_POINT('',(0.104639476055,183.80307197309));
#1220 = CARTESIAN_POINT('',(0.126765954365,183.77883407652));
#1221 = CARTESIAN_POINT('',(0.13552860684,183.7684704279));
#1222 = CARTESIAN_POINT('',(0.144105679702,183.7576273776));
#1223 = CARTESIAN_POINT('',(0.1525063321,183.74636815018));
#1224 = CARTESIAN_POINT('',(0.160740884565,183.73474582554));
#1225 = CARTESIAN_POINT('',(0.16882081901,183.72280333892));
#1226 = CARTESIAN_POINT('',(0.17675877873,183.7105734809));
#1227 = CARTESIAN_POINT('',(0.204834796113,183.66565573559));
#1228 = CARTESIAN_POINT('',(0.224385137515,183.63121482774));
#1229 = CARTESIAN_POINT('',(0.24324621437,183.59542371845));
#1230 = CARTESIAN_POINT('',(0.26146258457,183.55877587166));
#1231 = CARTESIAN_POINT('',(0.279104702726,183.52157863373));
#1232 = CARTESIAN_POINT('',(0.296277649133,183.4839417601));
#1233 = CARTESIAN_POINT('',(0.313130627095,183.44576650573));
#1234 = CARTESIAN_POINT('',(0.379427264176,183.29115691761));
#1235 = CARTESIAN_POINT('',(0.427810654034,183.16843272328));
#1236 = CARTESIAN_POINT('',(0.474843207211,183.04311377187));
#1237 = CARTESIAN_POINT('',(0.520511045985,182.91790837836));
#1238 = CARTESIAN_POINT('',(0.56509012078,182.79349789893));
#1239 = CARTESIAN_POINT('',(0.609179731929,182.66914423876));
#1240 = CARTESIAN_POINT('',(0.653524990983,182.54336507973));
#1241 = CARTESIAN_POINT('',(0.79662957562,182.13720328529));
#1242 = CARTESIAN_POINT('',(0.894688849384,181.85851290566));
#1243 = CARTESIAN_POINT('',(0.994773584407,181.57979869312));
#1244 = CARTESIAN_POINT('',(1.098193935782,181.30061090073));
#1245 = CARTESIAN_POINT('',(1.206179613391,181.02171789161));
#1246 = CARTESIAN_POINT('',(1.319965563548,180.7444752897));
#1247 = CARTESIAN_POINT('',(1.44088095883,180.47143683568));
#1248 = CARTESIAN_POINT('',(1.570796326795,180.2063084047));
#1249 = ( GEOMETRIC_REPRESENTATION_CONTEXT(2) 
PARAMETRIC_REPRESENTATION_CONTEXT() REPRESENTATION_CONTEXT('2D SPACE',''
  ) );
#1250 = ORIENTED_EDGE('',*,*,#1251,.F.);
#1251 = EDGE_CURVE('',#1252,#1127,#1254,.T.);
#1252 = VERTEX_POINT('',#1253);
#1253 = CARTESIAN_POINT('',(-181.4588560248,1.9,-37.58568304753));
#1254 = SURFACE_CURVE('',#1255,(#1259,#1266),.PCURVE_S1.);
#1255 = LINE('',#1256,#1257);
#1256 = CARTESIAN_POINT('',(-181.4588560248,3.5,-37.58568304753));
#1257 = VECTOR('',#1258,1.);
#1258 = DIRECTION('',(-0.,-1.,2.22044604925E-16));
#1259 = PCURVE('',#222,#1260);
#1260 = DEFINITIONAL_REPRESENTATION('',(#1261),#1265);
#1261 = LINE('',#1262,#1263);
#1262 = CARTESIAN_POINT('',(-4.389146270019,-7.961815756755E-16));
#1263 = VECTOR('',#1264,1.);
#1264 = DIRECTION('',(-0.,1.));
#1265 = ( GEOMETRIC_REPRESENTATION_CONTEXT(2) 
PARAMETRIC_REPRESENTATION_CONTEXT() REPRESENTATION_CONTEXT('2D SPACE',''
  ) );
#1266 = PCURVE('',#1267,#1272);
#1267 = PLANE('',#1268);
#1268 = AXIS2_PLACEMENT_3D('',#1269,#1270,#1271);
#1269 = CARTESIAN_POINT('',(0.,-8.881784197001E-16,-8.));
#1270 = DIRECTION('',(0.160918642578,-1.09575423677E-16,-0.986967674481)
  );
#1271 = DIRECTION('',(0.986967674481,1.78655582082E-17,0.160918642578));
#1272 = DEFINITIONAL_REPRESENTATION('',(#1273),#1277);
#1273 = LINE('',#1274,#1275);
#1274 = CARTESIAN_POINT('',(-183.8549131006,-3.5));
#1275 = VECTOR('',#1276,1.);
#1276 = DIRECTION('',(1.78655582082E-17,1.));
#1277 = ( GEOMETRIC_REPRESENTATION_CONTEXT(2) 
PARAMETRIC_REPRESENTATION_CONTEXT() REPRESENTATION_CONTEXT('2D SPACE',''
  ) );
#1278 = ORIENTED_EDGE('',*,*,#1279,.T.);
#1279 = EDGE_CURVE('',#1252,#1280,#1282,.T.);
#1280 = VERTEX_POINT('',#1281);
#1281 = CARTESIAN_POINT('',(-178.1152709611,3.5,-35.41940625338));
#1282 = SURFACE_CURVE('',#1283,(#1321,#1362),.PCURVE_S1.);
#1283 = B_SPLINE_CURVE_WITH_KNOTS('',8,(#1284,#1285,#1286,#1287,#1288,
    #1289,#1290,#1291,#1292,#1293,#1294,#1295,#1296,#1297,#1298,#1299,
    #1300,#1301,#1302,#1303,#1304,#1305,#1306,#1307,#1308,#1309,#1310,
    #1311,#1312,#1313,#1314,#1315,#1316,#1317,#1318,#1319,#1320),
  .UNSPECIFIED.,.F.,.F.,(9,7,7,7,7,9),(0.,5.028353569873E-02,
    8.447809969928E-02,0.173212220593,0.435969637472,1.),.UNSPECIFIED.);
#1284 = CARTESIAN_POINT('',(-181.4588560248,1.9,-37.58568304753));
#1285 = CARTESIAN_POINT('',(-181.4588560248,1.925300589729,
    -37.58568304753));
#1286 = CARTESIAN_POINT('',(-181.4561618403,1.950256330829,
    -37.58478031913));
#1287 = CARTESIAN_POINT('',(-181.450901925,1.974805220059,
    -37.58301857039));
#1288 = CARTESIAN_POINT('',(-181.4432697169,1.998873558316,
    -37.58045599582));
#1289 = CARTESIAN_POINT('',(-181.4335249783,2.022368839417,
    -37.57716893671));
#1290 = CARTESIAN_POINT('',(-181.4219951335,2.045172638867,
    -37.57325554144));
#1291 = CARTESIAN_POINT('',(-181.4090766085,2.067133502636,
    -37.56883942575));
#1292 = CARTESIAN_POINT('',(-181.3858241869,2.102290474913,
    -37.56083222329));
#1293 = CARTESIAN_POINT('',(-181.3758842305,2.116196226289,
    -37.55739425625));
#1294 = CARTESIAN_POINT('',(-181.3654871246,2.129789504994,
    -37.55378098442));
#1295 = CARTESIAN_POINT('',(-181.354693915,2.143084620012,
    -37.55001089022));
#1296 = CARTESIAN_POINT('',(-181.3435558696,2.156097774378,
    -37.54609938605));
#1297 = CARTESIAN_POINT('',(-181.3321144784,2.168847065175,
    -37.54205881427));
#1298 = CARTESIAN_POINT('',(-181.3204014531,2.18135248354,
    -37.53789844724));
#1299 = CARTESIAN_POINT('',(-181.2773957241,2.225511140841,
    -37.52253365774));
#1300 = CARTESIAN_POINT('',(-181.2444462509,2.256122551567,
    -37.5105969245));
#1301 = CARTESIAN_POINT('',(-181.2102351038,2.285509200369,
    -37.49800787362));
#1302 = CARTESIAN_POINT('',(-181.1752378333,2.313742309026,
    -37.48491633821));
#1303 = CARTESIAN_POINT('',(-181.1397499831,2.340935749984,
    -37.47141959933));
#1304 = CARTESIAN_POINT('',(-181.103877332,2.367256214039,
    -37.45755093537));
#1305 = CARTESIAN_POINT('',(-181.0675271397,2.392933063251,
    -37.44326551989));
#1306 = CARTESIAN_POINT('',(-180.9204615448,2.493288707543,
    -37.38447432112));
#1307 = CARTESIAN_POINT('',(-180.8040556312,2.565073489161,
    -37.33578312938));
#1308 = CARTESIAN_POINT('',(-180.6855875819,2.633199519617,
    -37.28361505132));
#1309 = CARTESIAN_POINT('',(-180.5676450356,2.697570422442,
    -37.22892957356));
#1310 = CARTESIAN_POINT('',(-180.4508496499,2.758601172761,
    -37.17214802781));
#1311 = CARTESIAN_POINT('',(-180.334506084,2.817081061295,
    -37.11294841405));
#1312 = CARTESIAN_POINT('',(-180.217246932,2.873827467263,
    -37.05050588868));
#1313 = CARTESIAN_POINT('',(-179.8400865742,3.049098118964,
    -36.83973656664));
#1314 = CARTESIAN_POINT('',(-179.5834203364,3.157984210398,
    -36.68208485297));
#1315 = CARTESIAN_POINT('',(-179.3290120853,3.25622892492,
    -36.51043604839));
#1316 = CARTESIAN_POINT('',(-179.0765741882,3.342652634504,
    -36.32375942974));
#1317 = CARTESIAN_POINT('',(-178.8270354359,3.414895449843,
    -36.12113326675));
#1318 = CARTESIAN_POINT('',(-178.5818430805,3.469137289923,
    -35.90210536174));
#1319 = CARTESIAN_POINT('',(-178.3434948646,3.5,-35.66722599036));
#1320 = CARTESIAN_POINT('',(-178.1152709611,3.5,-35.41940625338));
#1321 = PCURVE('',#222,#1322);
#1322 = DEFINITIONAL_REPRESENTATION('',(#1323),#1361);
#1323 = B_SPLINE_CURVE_WITH_KNOTS('',8,(#1324,#1325,#1326,#1327,#1328,
    #1329,#1330,#1331,#1332,#1333,#1334,#1335,#1336,#1337,#1338,#1339,
    #1340,#1341,#1342,#1343,#1344,#1345,#1346,#1347,#1348,#1349,#1350,
    #1351,#1352,#1353,#1354,#1355,#1356,#1357,#1358,#1359,#1360),
  .UNSPECIFIED.,.F.,.F.,(9,7,7,7,7,9),(0.,5.028353569873E-02,
    8.447809969928E-02,0.173212220593,0.435969637472,1.),.UNSPECIFIED.);
#1324 = CARTESIAN_POINT('',(-4.389146270019,1.6));
#1325 = CARTESIAN_POINT('',(-4.389146270019,1.574699410271));
#1326 = CARTESIAN_POINT('',(-4.388791094633,1.549743669171));
#1327 = CARTESIAN_POINT('',(-4.388097705676,1.525194779941));
#1328 = CARTESIAN_POINT('',(-4.38709134149,1.501126441684));
#1329 = CARTESIAN_POINT('',(-4.38580581955,1.477631160583));
#1330 = CARTESIAN_POINT('',(-4.384283839067,1.454827361133));
#1331 = CARTESIAN_POINT('',(-4.382577283585,1.432866497364));
#1332 = CARTESIAN_POINT('',(-4.379503222755,1.397709525087));
#1333 = CARTESIAN_POINT('',(-4.378188509616,1.383803773711));
#1334 = CARTESIAN_POINT('',(-4.376812628678,1.370210495006));
#1335 = CARTESIAN_POINT('',(-4.375383542769,1.356915379988));
#1336 = CARTESIAN_POINT('',(-4.373907933041,1.343902225622));
#1337 = CARTESIAN_POINT('',(-4.372391198963,1.331152934825));
#1338 = CARTESIAN_POINT('',(-4.370837458328,1.31864751646));
#1339 = CARTESIAN_POINT('',(-4.365128953878,1.274488859159));
#1340 = CARTESIAN_POINT('',(-4.360748368419,1.243877448433));
#1341 = CARTESIAN_POINT('',(-4.356191731131,1.214490799631));
#1342 = CARTESIAN_POINT('',(-4.35152114997,1.186257690974));
#1343 = CARTESIAN_POINT('',(-4.346775322799,1.159064250016));
#1344 = CARTESIAN_POINT('',(-4.341967922241,1.132743785961));
#1345 = CARTESIAN_POINT('',(-4.337085943172,1.107066936749));
#1346 = CARTESIAN_POINT('',(-4.317288257755,1.006711292457));
#1347 = CARTESIAN_POINT('',(-4.301517848636,0.934926510839));
#1348 = CARTESIAN_POINT('',(-4.2853418678,0.866800480384));
#1349 = CARTESIAN_POINT('',(-4.269097302212,0.802429577557));
#1350 = CARTESIAN_POINT('',(-4.252869287398,0.74139882724));
#1351 = CARTESIAN_POINT('',(-4.236556613688,0.682918938705));
#1352 = CARTESIAN_POINT('',(-4.21995393053,0.626172532737));
#1353 = CARTESIAN_POINT('',(-4.165946748919,0.450901881036));
#1354 = CARTESIAN_POINT('',(-4.128326645797,0.342015789602));
#1355 = CARTESIAN_POINT('',(-4.090022970585,0.24377107508));
#1356 = CARTESIAN_POINT('',(-4.050852877537,0.157347365496));
#1357 = CARTESIAN_POINT('',(-4.010758123712,8.51045501559E-02));
#1358 = CARTESIAN_POINT('',(-3.96974219456,3.086271007759E-02));
#1359 = CARTESIAN_POINT('',(-3.927962444896,1.16661852442E-15));
#1360 = CARTESIAN_POINT('',(-3.885850100327,2.6645352591E-15));
#1361 = ( GEOMETRIC_REPRESENTATION_CONTEXT(2) 
PARAMETRIC_REPRESENTATION_CONTEXT() REPRESENTATION_CONTEXT('2D SPACE',''
  ) );
#1362 = PCURVE('',#1363,#1368);
#1363 = CYLINDRICAL_SURFACE('',#1364,1.6);
#1364 = AXIS2_PLACEMENT_3D('',#1365,#1366,#1367);
#1365 = CARTESIAN_POINT('',(-0.257469828126,1.9,-6.42085172083));
#1366 = DIRECTION('',(-0.986967674481,-1.78655582082E-17,-0.160918642578
    ));
#1367 = DIRECTION('',(0.160918642578,-1.09575423677E-16,-0.986967674481)
  );
#1368 = DEFINITIONAL_REPRESENTATION('',(#1369),#1407);
#1369 = B_SPLINE_CURVE_WITH_KNOTS('',8,(#1370,#1371,#1372,#1373,#1374,
    #1375,#1376,#1377,#1378,#1379,#1380,#1381,#1382,#1383,#1384,#1385,
    #1386,#1387,#1388,#1389,#1390,#1391,#1392,#1393,#1394,#1395,#1396,
    #1397,#1398,#1399,#1400,#1401,#1402,#1403,#1404,#1405,#1406),
  .UNSPECIFIED.,.F.,.F.,(9,7,7,7,7,9),(0.,5.028353569873E-02,
    8.447809969928E-02,0.173212220593,0.435969637472,1.),.UNSPECIFIED.);
#1370 = CARTESIAN_POINT('',(0.,183.85491310062));
#1371 = CARTESIAN_POINT('',(-1.581286858041E-02,183.85491310062));
#1372 = CARTESIAN_POINT('',(-3.141024646794E-02,183.85210876181));
#1373 = CARTESIAN_POINT('',(-4.675927894832E-02,183.84663389714));
#1374 = CARTESIAN_POINT('',(-6.181933682931E-02,183.83868878854));
#1375 = CARTESIAN_POINT('',(-7.65370984536E-02,183.82854209739));
#1376 = CARTESIAN_POINT('',(-9.084163171181E-02,183.816532775));
#1377 = CARTESIAN_POINT('',(-0.104639476055,183.80307197309));
#1378 = CARTESIAN_POINT('',(-0.126765954365,183.77883407652));
#1379 = CARTESIAN_POINT('',(-0.13552860684,183.7684704279));
#1380 = CARTESIAN_POINT('',(-0.144105679702,183.7576273776));
#1381 = CARTESIAN_POINT('',(-0.1525063321,183.74636815018));
#1382 = CARTESIAN_POINT('',(-0.160740884565,183.73474582554));
#1383 = CARTESIAN_POINT('',(-0.16882081901,183.72280333892));
#1384 = CARTESIAN_POINT('',(-0.17675877873,183.7105734809));
#1385 = CARTESIAN_POINT('',(-0.204834796113,183.66565573559));
#1386 = CARTESIAN_POINT('',(-0.224385137515,183.63121482774));
#1387 = CARTESIAN_POINT('',(-0.24324621437,183.59542371845));
#1388 = CARTESIAN_POINT('',(-0.26146258457,183.55877587166));
#1389 = CARTESIAN_POINT('',(-0.279104702726,183.52157863373));
#1390 = CARTESIAN_POINT('',(-0.296277649133,183.4839417601));
#1391 = CARTESIAN_POINT('',(-0.313130627095,183.44576650573));
#1392 = CARTESIAN_POINT('',(-0.379427264176,183.29115691761));
#1393 = CARTESIAN_POINT('',(-0.427810654035,183.16843272328));
#1394 = CARTESIAN_POINT('',(-0.47484320721,183.04311377187));
#1395 = CARTESIAN_POINT('',(-0.520511045986,182.91790837836));
#1396 = CARTESIAN_POINT('',(-0.56509012078,182.79349789892));
#1397 = CARTESIAN_POINT('',(-0.609179731929,182.66914423876));
#1398 = CARTESIAN_POINT('',(-0.653524990983,182.54336507973));
#1399 = CARTESIAN_POINT('',(-0.796629575619,182.1372032853));
#1400 = CARTESIAN_POINT('',(-0.894688849386,181.85851290565));
#1401 = CARTESIAN_POINT('',(-0.994773584406,181.57979869312));
#1402 = CARTESIAN_POINT('',(-1.098193935782,181.30061090073));
#1403 = CARTESIAN_POINT('',(-1.206179613393,181.02171789161));
#1404 = CARTESIAN_POINT('',(-1.319965563547,180.7444752897));
#1405 = CARTESIAN_POINT('',(-1.440880958831,180.47143683568));
#1406 = CARTESIAN_POINT('',(-1.570796326795,180.2063084047));
#1407 = ( GEOMETRIC_REPRESENTATION_CONTEXT(2) 
PARAMETRIC_REPRESENTATION_CONTEXT() REPRESENTATION_CONTEXT('2D SPACE',''
  ) );
#1408 = ORIENTED_EDGE('',*,*,#1409,.F.);
#1409 = EDGE_CURVE('',#1410,#1280,#1412,.T.);
#1410 = VERTEX_POINT('',#1411);
#1411 = CARTESIAN_POINT('',(-180.1957523923,3.5,-22.96240807239));
#1412 = SURFACE_CURVE('',#1413,(#1418,#1425),.PCURVE_S1.);
#1413 = CIRCLE('',#1414,8.);
#1414 = AXIS2_PLACEMENT_3D('',#1415,#1416,#1417);
#1415 = CARTESIAN_POINT('',(-184.,3.5,-30.));
#1416 = DIRECTION('',(-2.503898757777E-33,-1.,-6.310243822295E-17));
#1417 = DIRECTION('',(0.475530950959,-5.551115123126E-17,0.879698990951)
  );
#1418 = PCURVE('',#222,#1419);
#1419 = DEFINITIONAL_REPRESENTATION('',(#1420),#1424);
#1420 = LINE('',#1421,#1422);
#1421 = CARTESIAN_POINT('',(-8.349549127115,0.));
#1422 = VECTOR('',#1423,1.);
#1423 = DIRECTION('',(1.,-0.));
#1424 = ( GEOMETRIC_REPRESENTATION_CONTEXT(2) 
PARAMETRIC_REPRESENTATION_CONTEXT() REPRESENTATION_CONTEXT('2D SPACE',''
  ) );
#1425 = PCURVE('',#774,#1426);
#1426 = DEFINITIONAL_REPRESENTATION('',(#1427),#1431);
#1427 = CIRCLE('',#1428,8.);
#1428 = AXIS2_PLACEMENT_2D('',#1429,#1430);
#1429 = CARTESIAN_POINT('',(-184.,-30.));
#1430 = DIRECTION('',(0.475530950959,0.879698990951));
#1431 = ( GEOMETRIC_REPRESENTATION_CONTEXT(2) 
PARAMETRIC_REPRESENTATION_CONTEXT() REPRESENTATION_CONTEXT('2D SPACE',''
  ) );
#1432 = ORIENTED_EDGE('',*,*,#1433,.F.);
#1433 = EDGE_CURVE('',#1434,#1410,#1436,.T.);
#1434 = VERTEX_POINT('',#1435);
#1435 = CARTESIAN_POINT('',(-182.6129735453,2.90747321929,
    -22.12115759682));
#1436 = SURFACE_CURVE('',#1437,(#1452,#1470),.PCURVE_S1.);
#1437 = B_SPLINE_CURVE_WITH_KNOTS('',7,(#1438,#1439,#1440,#1441,#1442,
    #1443,#1444,#1445,#1446,#1447,#1448,#1449,#1450,#1451),
  .UNSPECIFIED.,.F.,.F.,(8,6,8),(0.,0.53799364187,1.),.UNSPECIFIED.);
#1438 = CARTESIAN_POINT('',(-182.6129760582,2.907472150329,
    -22.12115715443));
#1439 = CARTESIAN_POINT('',(-182.4330710061,2.983999910638,
    -22.1528283807));
#1440 = CARTESIAN_POINT('',(-182.2509768055,3.056227882207,
    -22.18982612184));
#1441 = CARTESIAN_POINT('',(-182.0675057736,3.124090549434,
    -22.23230725367));
#1442 = CARTESIAN_POINT('',(-181.882857365,3.187388259305,
    -22.28043757349));
#1443 = CARTESIAN_POINT('',(-181.6971032642,3.245759488406,
    -22.33446643344));
#1444 = CARTESIAN_POINT('',(-181.5103899223,3.29859788509,
    -22.39464635689));
#1445 = CARTESIAN_POINT('',(-181.1619916753,3.384916735512,
    -22.51836350586));
#1446 = CARTESIAN_POINT('',(-181.0005838147,3.420055428368,
    -22.58019491213));
#1447 = CARTESIAN_POINT('',(-180.8388651794,3.449916271058,
    -22.64684089351));
#1448 = CARTESIAN_POINT('',(-180.6770766945,3.473802163013,
    -22.71840950369));
#1449 = CARTESIAN_POINT('',(-180.5155882132,3.490847140161,
    -22.79494432584));
#1450 = CARTESIAN_POINT('',(-180.3549185119,3.5,-22.87636907838));
#1451 = CARTESIAN_POINT('',(-180.1957523923,3.5,-22.96240807239));
#1452 = PCURVE('',#222,#1453);
#1453 = DEFINITIONAL_REPRESENTATION('',(#1454),#1469);
#1454 = B_SPLINE_CURVE_WITH_KNOTS('',7,(#1455,#1456,#1457,#1458,#1459,
    #1460,#1461,#1462,#1463,#1464,#1465,#1466,#1467,#1468),
  .UNSPECIFIED.,.F.,.F.,(8,6,8),(0.,0.53799364187,1.),.UNSPECIFIED.);
#1455 = CARTESIAN_POINT('',(-8.028240212815,0.592527849671));
#1456 = CARTESIAN_POINT('',(-8.051074156281,0.516000089362));
#1457 = CARTESIAN_POINT('',(-8.074293032945,0.443772117793));
#1458 = CARTESIAN_POINT('',(-8.097819713446,0.375909450566));
#1459 = CARTESIAN_POINT('',(-8.121655533374,0.312611740695));
#1460 = CARTESIAN_POINT('',(-8.145821237096,0.254240511594));
#1461 = CARTESIAN_POINT('',(-8.170332146583,0.20140211491));
#1462 = CARTESIAN_POINT('',(-8.216546198734,0.115083264488));
#1463 = CARTESIAN_POINT('',(-8.238145349894,7.994457163163E-02));
#1464 = CARTESIAN_POINT('',(-8.259998433138,5.008372894209E-02));
#1465 = CARTESIAN_POINT('',(-8.282099039717,2.619783698652E-02));
#1466 = CARTESIAN_POINT('',(-8.304424954423,9.152859838833E-03));
#1467 = CARTESIAN_POINT('',(-8.326932567185,4.399278569349E-15));
#1468 = CARTESIAN_POINT('',(-8.349549127115,4.218847493576E-15));
#1469 = ( GEOMETRIC_REPRESENTATION_CONTEXT(2) 
PARAMETRIC_REPRESENTATION_CONTEXT() REPRESENTATION_CONTEXT('2D SPACE',''
  ) );
#1470 = PCURVE('',#854,#1471);
#1471 = DEFINITIONAL_REPRESENTATION('',(#1472),#1487);
#1472 = B_SPLINE_CURVE_WITH_KNOTS('',7,(#1473,#1474,#1475,#1476,#1477,
    #1478,#1479,#1480,#1481,#1482,#1483,#1484,#1485,#1486),
  .UNSPECIFIED.,.F.,.F.,(8,6,8),(0.,0.53799364187,1.),.UNSPECIFIED.);
#1473 = CARTESIAN_POINT('',(-0.681128473867,1.345753082425));
#1474 = CARTESIAN_POINT('',(-0.742696436182,1.517571069403));
#1475 = CARTESIAN_POINT('',(-0.804389486161,1.690633179956));
#1476 = CARTESIAN_POINT('',(-0.866563242181,1.864112230164));
#1477 = CARTESIAN_POINT('',(-0.929559213444,2.037783307275));
#1478 = CARTESIAN_POINT('',(-0.993738681421,2.211533062531));
#1479 = CARTESIAN_POINT('',(-1.059442373727,2.385173943017));
#1480 = CARTESIAN_POINT('',(-1.18510183415,2.707222149645));
#1481 = CARTESIAN_POINT('',(-1.24452731014,2.855648805504));
#1482 = CARTESIAN_POINT('',(-1.305562888862,3.003556705164));
#1483 = CARTESIAN_POINT('',(-1.36844802365,3.150689972616));
#1484 = CARTESIAN_POINT('',(-1.433428427962,3.296676756254));
#1485 = CARTESIAN_POINT('',(-1.500772365432,3.441019021928));
#1486 = CARTESIAN_POINT('',(-1.570796326795,3.583089331612));
#1487 = ( GEOMETRIC_REPRESENTATION_CONTEXT(2) 
PARAMETRIC_REPRESENTATION_CONTEXT() REPRESENTATION_CONTEXT('2D SPACE',''
  ) );
#1488 = ORIENTED_EDGE('',*,*,#1489,.F.);
#1489 = EDGE_CURVE('',#1490,#1434,#1492,.T.);
#1490 = VERTEX_POINT('',#1491);
#1491 = CARTESIAN_POINT('',(-183.3100938584,1.9,-22.02980367143));
#1492 = SURFACE_CURVE('',#1493,(#1508,#1526),.PCURVE_S1.);
#1493 = B_SPLINE_CURVE_WITH_KNOTS('',7,(#1494,#1495,#1496,#1497,#1498,
    #1499,#1500,#1501,#1502,#1503,#1504,#1505,#1506,#1507),
  .UNSPECIFIED.,.F.,.F.,(8,6,8),(0.,0.616933512031,1.),.UNSPECIFIED.);
#1494 = CARTESIAN_POINT('',(-183.3100938584,1.9,-22.02980367143));
#1495 = CARTESIAN_POINT('',(-183.3100938584,2.006957990165,
    -22.02980367143));
#1496 = CARTESIAN_POINT('',(-183.2970615079,2.113561824019,
    -22.03093157506));
#1497 = CARTESIAN_POINT('',(-183.2711434948,2.219119803574,
    -22.03317577583));
#1498 = CARTESIAN_POINT('',(-183.2321471254,2.322512875882,
    -22.03668499601));
#1499 = CARTESIAN_POINT('',(-183.1799872507,2.422309140114,
    -22.04173594951));
#1500 = CARTESIAN_POINT('',(-183.1148552059,2.516814081144,
    -22.04873448236));
#1501 = CARTESIAN_POINT('',(-182.9891295172,2.658460736981,
    -22.06397489538));
#1502 = CARTESIAN_POINT('',(-182.9361874737,2.709962482603,
    -22.07073832287));
#1503 = CARTESIAN_POINT('',(-182.8786991322,2.758155539769,
    -22.07852290517));
#1504 = CARTESIAN_POINT('',(-182.8170397833,2.802475400746,
    -22.08741798279));
#1505 = CARTESIAN_POINT('',(-182.7517337827,2.842398698662,
    -22.09748779152));
#1506 = CARTESIAN_POINT('',(-182.683448436,2.877494733028,
    -22.10875088365));
#1507 = CARTESIAN_POINT('',(-182.6129735453,2.90747321929,
    -22.12115759682));
#1508 = PCURVE('',#222,#1509);
#1509 = DEFINITIONAL_REPRESENTATION('',(#1510),#1525);
#1510 = B_SPLINE_CURVE_WITH_KNOTS('',7,(#1511,#1512,#1513,#1514,#1515,
    #1516,#1517,#1518,#1519,#1520,#1521,#1522,#1523,#1524),
  .UNSPECIFIED.,.F.,.F.,(8,6,8),(0.,0.616933512031,1.),.UNSPECIFIED.);
#1511 = CARTESIAN_POINT('',(-7.940327153888,1.6));
#1512 = CARTESIAN_POINT('',(-7.940327153888,1.493042009835));
#1513 = CARTESIAN_POINT('',(-7.941962290728,1.38643817598));
#1514 = CARTESIAN_POINT('',(-7.945214152475,1.280880196426));
#1515 = CARTESIAN_POINT('',(-7.950108390762,1.177487124118));
#1516 = CARTESIAN_POINT('',(-7.956658499467,1.077690859886));
#1517 = CARTESIAN_POINT('',(-7.96484611328,0.983185918856));
#1518 = CARTESIAN_POINT('',(-7.980676868051,0.841539263019));
#1519 = CARTESIAN_POINT('',(-7.987348267914,0.790037517397));
#1520 = CARTESIAN_POINT('',(-7.994599556509,0.741844460231));
#1521 = CARTESIAN_POINT('',(-8.002386180206,0.697524599254));
#1522 = CARTESIAN_POINT('',(-8.010645209985,0.657601301338));
#1523 = CARTESIAN_POINT('',(-8.019295703688,0.622505266972));
#1524 = CARTESIAN_POINT('',(-8.028240531766,0.59252678071));
#1525 = ( GEOMETRIC_REPRESENTATION_CONTEXT(2) 
PARAMETRIC_REPRESENTATION_CONTEXT() REPRESENTATION_CONTEXT('2D SPACE',''
  ) );
#1526 = PCURVE('',#1527,#1532);
#1527 = SPHERICAL_SURFACE('',#1528,1.6);
#1528 = AXIS2_PLACEMENT_3D('',#1529,#1530,#1531);
#1529 = CARTESIAN_POINT('',(-182.4,1.9,-23.34575548242));
#1530 = DIRECTION('',(-0.,-1.,1.110223024625E-16));
#1531 = DIRECTION('',(-0.171341174751,1.093804774332E-16,0.98521175482)
  );
#1532 = DEFINITIONAL_REPRESENTATION('',(#1533),#1548);
#1533 = B_SPLINE_CURVE_WITH_KNOTS('',7,(#1534,#1535,#1536,#1537,#1538,
    #1539,#1540,#1541,#1542,#1543,#1544,#1545,#1546,#1547),
  .UNSPECIFIED.,.F.,.F.,(8,6,8),(0.,0.616933512031,1.),.UNSPECIFIED.);
#1534 = CARTESIAN_POINT('',(0.432865825055,0.));
#1535 = CARTESIAN_POINT('',(0.432865825055,-6.684874385311E-02));
#1536 = CARTESIAN_POINT('',(0.426566431124,-0.133475966862));
#1537 = CARTESIAN_POINT('',(0.414045227336,-0.19993813413));
#1538 = CARTESIAN_POINT('',(0.394826849236,-0.266007593097));
#1539 = CARTESIAN_POINT('',(0.368186757345,-0.33125000452));
#1540 = CARTESIAN_POINT('',(0.332881539631,-0.394913742146));
#1541 = CARTESIAN_POINT('',(0.259157367654,-0.493505544666));
#1542 = CARTESIAN_POINT('',(0.226998847848,-0.530168959589));
#1543 = CARTESIAN_POINT('',(0.190628353399,-0.565345113788));
#1544 = CARTESIAN_POINT('',(0.149770911921,-0.598577592413));
#1545 = CARTESIAN_POINT('',(0.104252858351,-0.629325365621));
#1546 = CARTESIAN_POINT('',(5.414965979642E-02,-0.657011084598));
#1547 = CARTESIAN_POINT('',(0.,-0.681129333866));
#1548 = ( GEOMETRIC_REPRESENTATION_CONTEXT(2) 
PARAMETRIC_REPRESENTATION_CONTEXT() REPRESENTATION_CONTEXT('2D SPACE',''
  ) );
#1549 = ORIENTED_EDGE('',*,*,#1550,.T.);
#1550 = EDGE_CURVE('',#1490,#1551,#1553,.T.);
#1551 = VERTEX_POINT('',#1552);
#1552 = CARTESIAN_POINT('',(-183.3100938584,-1.9,-22.02980367143));
#1553 = SURFACE_CURVE('',#1554,(#1558,#1565),.PCURVE_S1.);
#1554 = LINE('',#1555,#1556);
#1555 = CARTESIAN_POINT('',(-183.3100938584,3.5,-22.02980367143));
#1556 = VECTOR('',#1557,1.);
#1557 = DIRECTION('',(-0.,-1.,1.110223024625E-16));
#1558 = PCURVE('',#222,#1559);
#1559 = DEFINITIONAL_REPRESENTATION('',(#1560),#1564);
#1560 = LINE('',#1561,#1562);
#1561 = CARTESIAN_POINT('',(-7.940327153888,4.434274354051E-15));
#1562 = VECTOR('',#1563,1.);
#1563 = DIRECTION('',(-0.,1.));
#1564 = ( GEOMETRIC_REPRESENTATION_CONTEXT(2) 
PARAMETRIC_REPRESENTATION_CONTEXT() REPRESENTATION_CONTEXT('2D SPACE',''
  ) );
#1565 = PCURVE('',#1566,#1571);
#1566 = CYLINDRICAL_SURFACE('',#1567,1.6);
#1567 = AXIS2_PLACEMENT_3D('',#1568,#1569,#1570);
#1568 = CARTESIAN_POINT('',(-182.4,3.5,-23.34575548242));
#1569 = DIRECTION('',(-0.,-1.,1.110223024625E-16));
#1570 = DIRECTION('',(-0.171341174751,1.093804774332E-16,0.98521175482)
  );
#1571 = DEFINITIONAL_REPRESENTATION('',(#1572),#1576);
#1572 = LINE('',#1573,#1574);
#1573 = CARTESIAN_POINT('',(0.432865825059,1.460999999855E-16));
#1574 = VECTOR('',#1575,1.);
#1575 = DIRECTION('',(0.,1.));
#1576 = ( GEOMETRIC_REPRESENTATION_CONTEXT(2) 
PARAMETRIC_REPRESENTATION_CONTEXT() REPRESENTATION_CONTEXT('2D SPACE',''
  ) );
#1577 = ORIENTED_EDGE('',*,*,#1578,.F.);
#1578 = EDGE_CURVE('',#1015,#1551,#1579,.T.);
#1579 = SURFACE_CURVE('',#1580,(#1603,#1629),.PCURVE_S1.);
#1580 = B_SPLINE_CURVE_WITH_KNOTS('',6,(#1581,#1582,#1583,#1584,#1585,
    #1586,#1587,#1588,#1589,#1590,#1591,#1592,#1593,#1594,#1595,#1596,
    #1597,#1598,#1599,#1600,#1601,#1602),.UNSPECIFIED.,.F.,.F.,(7,5,5,5,
    7),(0.,0.201494687443,0.381473915944,0.615334961795,1.),
  .UNSPECIFIED.);
#1581 = CARTESIAN_POINT('',(-182.6129735453,-2.90747321929,
    -22.12115759682));
#1582 = CARTESIAN_POINT('',(-182.6562038055,-2.889084006516,
    -22.11354714957));
#1583 = CARTESIAN_POINT('',(-182.6985836759,-2.868715513498,
    -22.10637985499));
#1584 = CARTESIAN_POINT('',(-182.7399208752,-2.846438174759,
    -22.09966670993));
#1585 = CARTESIAN_POINT('',(-182.7800366544,-2.822348847452,
    -22.09340846248));
#1586 = CARTESIAN_POINT('',(-182.8187708058,-2.796566322911,
    -22.0875976135));
#1587 = CARTESIAN_POINT('',(-182.8892286549,-2.744806644139,
    -22.07741739598));
#1588 = CARTESIAN_POINT('',(-182.9212621702,-2.719142076576,
    -22.07295996881));
#1589 = CARTESIAN_POINT('',(-182.9519945502,-2.692325938368,
    -22.06883767549));
#1590 = CARTESIAN_POINT('',(-182.9813542696,-2.664454820049,
    -22.06503565954));
#1591 = CARTESIAN_POINT('',(-183.009288079,-2.635624257062,
    -22.06153661703));
#1592 = CARTESIAN_POINT('',(-183.0701527509,-2.567331880253,
    -22.054146709));
#1593 = CARTESIAN_POINT('',(-183.1020742552,-2.527273233832,
    -22.05045238086));
#1594 = CARTESIAN_POINT('',(-183.1314445057,-2.48594002222,
    -22.04719967889));
#1595 = CARTESIAN_POINT('',(-183.1582198398,-2.443513684574,
    -22.0443484936));
#1596 = CARTESIAN_POINT('',(-183.1823806565,-2.400158447148,
    -22.04186157221));
#1597 = CARTESIAN_POINT('',(-183.2393515031,-2.283405224373,
    -22.03616413153));
#1598 = CARTESIAN_POINT('',(-183.2676814472,-2.20868463626,
    -22.03352209511));
#1599 = CARTESIAN_POINT('',(-183.2889027115,-2.132458497259,
    -22.0316380515));
#1600 = CARTESIAN_POINT('',(-183.3030275794,-2.05528202972,
    -22.03041531877));
#1601 = CARTESIAN_POINT('',(-183.3100938584,-1.977652736281,
    -22.02980367143));
#1602 = CARTESIAN_POINT('',(-183.3100938584,-1.9,-22.02980367143));
#1603 = PCURVE('',#222,#1604);
#1604 = DEFINITIONAL_REPRESENTATION('',(#1605),#1628);
#1605 = B_SPLINE_CURVE_WITH_KNOTS('',6,(#1606,#1607,#1608,#1609,#1610,
    #1611,#1612,#1613,#1614,#1615,#1616,#1617,#1618,#1619,#1620,#1621,
    #1622,#1623,#1624,#1625,#1626,#1627),.UNSPECIFIED.,.F.,.F.,(7,5,5,5,
    7),(0.,0.201494687443,0.381473915944,0.615334961795,1.),
  .UNSPECIFIED.);
#1606 = CARTESIAN_POINT('',(-8.028240531766,6.40747321929));
#1607 = CARTESIAN_POINT('',(-8.022753652098,6.389084006516));
#1608 = CARTESIAN_POINT('',(-8.017381066139,6.368715513498));
#1609 = CARTESIAN_POINT('',(-8.012146382636,6.346438174759));
#1610 = CARTESIAN_POINT('',(-8.007071394149,6.322348847452));
#1611 = CARTESIAN_POINT('',(-8.002175516002,6.296566322911));
#1612 = CARTESIAN_POINT('',(-7.993276828138,6.244806644139));
#1613 = CARTESIAN_POINT('',(-7.989234114766,6.219142076576));
#1614 = CARTESIAN_POINT('',(-7.985358228265,6.192325938368));
#1615 = CARTESIAN_POINT('',(-7.981657670364,6.164454820049));
#1616 = CARTESIAN_POINT('',(-7.978138682293,6.135624257062));
#1617 = CARTESIAN_POINT('',(-7.970474725423,6.067331880253));
#1618 = CARTESIAN_POINT('',(-7.966457967411,6.027273233832));
#1619 = CARTESIAN_POINT('',(-7.962764298672,5.98594002222));
#1620 = CARTESIAN_POINT('',(-7.959398493155,5.943513684574));
#1621 = CARTESIAN_POINT('',(-7.956362446985,5.900158447148));
#1622 = CARTESIAN_POINT('',(-7.949205568525,5.783405224373));
#1623 = CARTESIAN_POINT('',(-7.945649038604,5.70868463626));
#1624 = CARTESIAN_POINT('',(-7.942985953049,5.632458497259));
#1625 = CARTESIAN_POINT('',(-7.941213741565,5.55528202972));
#1626 = CARTESIAN_POINT('',(-7.940327153888,5.477652736281));
#1627 = CARTESIAN_POINT('',(-7.940327153888,5.4));
#1628 = ( GEOMETRIC_REPRESENTATION_CONTEXT(2) 
PARAMETRIC_REPRESENTATION_CONTEXT() REPRESENTATION_CONTEXT('2D SPACE',''
  ) );
#1629 = PCURVE('',#1033,#1630);
#1630 = DEFINITIONAL_REPRESENTATION('',(#1631),#1654);
#1631 = B_SPLINE_CURVE_WITH_KNOTS('',6,(#1632,#1633,#1634,#1635,#1636,
    #1637,#1638,#1639,#1640,#1641,#1642,#1643,#1644,#1645,#1646,#1647,
    #1648,#1649,#1650,#1651,#1652,#1653),.UNSPECIFIED.,.F.,.F.,(7,5,5,5,
    7),(0.,0.201494687443,0.381473915944,0.615334961795,1.),
  .UNSPECIFIED.);
#1632 = CARTESIAN_POINT('',(0.,-0.681129333866));
#1633 = CARTESIAN_POINT('',(-3.321614063383E-02,-0.666334870474));
#1634 = CARTESIAN_POINT('',(-6.486348739908E-02,-0.650160752708));
#1635 = CARTESIAN_POINT('',(-9.481336978148E-02,-0.632733079484));
#1636 = CARTESIAN_POINT('',(-0.123008748205,-0.614190789354));
#1637 = CARTESIAN_POINT('',(-0.149444062702,-0.594675823213));
#1638 = CARTESIAN_POINT('',(-0.196208543304,-0.556143980092));
#1639 = CARTESIAN_POINT('',(-0.216890071186,-0.537294897475));
#1640 = CARTESIAN_POINT('',(-0.236211675833,-0.517869971503));
#1641 = CARTESIAN_POINT('',(-0.25421699552,-0.497954414381));
#1642 = CARTESIAN_POINT('',(-0.270960950805,-0.477622963187));
#1643 = CARTESIAN_POINT('',(-0.306689716673,-0.430060701526));
#1644 = CARTESIAN_POINT('',(-0.324843630514,-0.40258806216));
#1645 = CARTESIAN_POINT('',(-0.341089444656,-0.374654268045));
#1646 = CARTESIAN_POINT('',(-0.355553274428,-0.346364830052));
#1647 = CARTESIAN_POINT('',(-0.368350085451,-0.317799663505));
#1648 = CARTESIAN_POINT('',(-0.398037530957,-0.241671465216));
#1649 = CARTESIAN_POINT('',(-0.412241735092,-0.193750190856));
#1650 = CARTESIAN_POINT('',(-0.422624531104,-0.145492415769));
#1651 = CARTESIAN_POINT('',(-0.42945096472,-9.705124217719E-02));
#1652 = CARTESIAN_POINT('',(-0.432865825058,-4.853296017556E-02));
#1653 = CARTESIAN_POINT('',(-0.432865825058,1.110223024625E-16));
#1654 = ( GEOMETRIC_REPRESENTATION_CONTEXT(2) 
PARAMETRIC_REPRESENTATION_CONTEXT() REPRESENTATION_CONTEXT('2D SPACE',''
  ) );
#1655 = ORIENTED_EDGE('',*,*,#1045,.T.);
#1656 = ADVANCED_FACE('',(#1657),#189,.T.);
#1657 = FACE_BOUND('',#1658,.T.);
#1658 = EDGE_LOOP('',(#1659,#1692,#1693,#1694));
#1659 = ORIENTED_EDGE('',*,*,#1660,.F.);
#1660 = EDGE_CURVE('',#146,#1661,#1663,.T.);
#1661 = VERTEX_POINT('',#1662);
#1662 = CARTESIAN_POINT('',(-12.,-1.9,-9.95652173913));
#1663 = SURFACE_CURVE('',#1664,(#1669,#1681),.PCURVE_S1.);
#1664 = ELLIPSE('',#1665,1.621127055495,1.6);
#1665 = AXIS2_PLACEMENT_3D('',#1666,#1667,#1668);
#1666 = CARTESIAN_POINT('',(-12.,-1.9,-8.335394683636));
#1667 = DIRECTION('',(1.,0.,-0.));
#1668 = DIRECTION('',(-0.,-1.110223024625E-16,-1.));
#1669 = PCURVE('',#189,#1670);
#1670 = DEFINITIONAL_REPRESENTATION('',(#1671),#1680);
#1671 = B_SPLINE_CURVE_WITH_KNOTS('',7,(#1672,#1673,#1674,#1675,#1676,
    #1677,#1678,#1679),.UNSPECIFIED.,.F.,.F.,(8,8),(4.712388980385,
    6.28318530718),.PIECEWISE_BEZIER_KNOTS.);
#1672 = CARTESIAN_POINT('',(1.570796326795,11.897583350992));
#1673 = CARTESIAN_POINT('',(1.346396851538,11.956122344538));
#1674 = CARTESIAN_POINT('',(1.121997376282,12.01466110038));
#1675 = CARTESIAN_POINT('',(0.897597901026,12.068386870759));
#1676 = CARTESIAN_POINT('',(0.67319842577,12.11247791742));
#1677 = CARTESIAN_POINT('',(0.448798950513,12.143127175528));
#1678 = CARTESIAN_POINT('',(0.224399475256,12.15845291621));
#1679 = CARTESIAN_POINT('',(2.775557561563E-16,12.15845291621));
#1680 = ( GEOMETRIC_REPRESENTATION_CONTEXT(2) 
PARAMETRIC_REPRESENTATION_CONTEXT() REPRESENTATION_CONTEXT('2D SPACE',''
  ) );
#1681 = PCURVE('',#161,#1682);
#1682 = DEFINITIONAL_REPRESENTATION('',(#1683),#1691);
#1683 = ( BOUNDED_CURVE() B_SPLINE_CURVE(2,(#1684,#1685,#1686,#1687,
#1688,#1689,#1690),.UNSPECIFIED.,.T.,.F.) B_SPLINE_CURVE_WITH_KNOTS((1,2
    ,2,2,2,1),(-2.094395102393,0.,2.094395102393,4.188790204786,
6.28318530718,8.377580409573),.UNSPECIFIED.) CURVE() 
GEOMETRIC_REPRESENTATION_ITEM() RATIONAL_B_SPLINE_CURVE((1.,0.5,1.,0.5,
1.,0.5,1.)) REPRESENTATION_ITEM('') );
#1684 = CARTESIAN_POINT('',(-2.04347826087,-1.6));
#1685 = CARTESIAN_POINT('',(-2.04347826087,-4.37128129211));
#1686 = CARTESIAN_POINT('',(-4.475168844112,-2.985640646055));
#1687 = CARTESIAN_POINT('',(-6.906859427353,-1.6));
#1688 = CARTESIAN_POINT('',(-4.475168844112,-0.214359353945));
#1689 = CARTESIAN_POINT('',(-2.04347826087,1.17128129211));
#1690 = CARTESIAN_POINT('',(-2.04347826087,-1.6));
#1691 = ( GEOMETRIC_REPRESENTATION_CONTEXT(2) 
PARAMETRIC_REPRESENTATION_CONTEXT() REPRESENTATION_CONTEXT('2D SPACE',''
  ) );
#1692 = ORIENTED_EDGE('',*,*,#173,.T.);
#1693 = ORIENTED_EDGE('',*,*,#1126,.F.);
#1694 = ORIENTED_EDGE('',*,*,#1695,.F.);
#1695 = EDGE_CURVE('',#1661,#1127,#1696,.T.);
#1696 = SURFACE_CURVE('',#1697,(#1701,#1708),.PCURVE_S1.);
#1697 = LINE('',#1698,#1699);
#1698 = CARTESIAN_POINT('',(1.998401444325E-15,-1.9,-8.));
#1699 = VECTOR('',#1700,1.);
#1700 = DIRECTION('',(-0.986967674481,-1.78655582082E-17,-0.160918642578
    ));
#1701 = PCURVE('',#189,#1702);
#1702 = DEFINITIONAL_REPRESENTATION('',(#1703),#1707);
#1703 = LINE('',#1704,#1705);
#1704 = CARTESIAN_POINT('',(0.,0.));
#1705 = VECTOR('',#1706,1.);
#1706 = DIRECTION('',(0.,1.));
#1707 = ( GEOMETRIC_REPRESENTATION_CONTEXT(2) 
PARAMETRIC_REPRESENTATION_CONTEXT() REPRESENTATION_CONTEXT('2D SPACE',''
  ) );
#1708 = PCURVE('',#1267,#1709);
#1709 = DEFINITIONAL_REPRESENTATION('',(#1710),#1714);
#1710 = LINE('',#1711,#1712);
#1711 = CARTESIAN_POINT('',(1.921283801132E-15,1.9));
#1712 = VECTOR('',#1713,1.);
#1713 = DIRECTION('',(-1.,0.));
#1714 = ( GEOMETRIC_REPRESENTATION_CONTEXT(2) 
PARAMETRIC_REPRESENTATION_CONTEXT() REPRESENTATION_CONTEXT('2D SPACE',''
  ) );
#1715 = ADVANCED_FACE('',(#1716),#161,.T.);
#1716 = FACE_BOUND('',#1717,.F.);
#1717 = EDGE_LOOP('',(#1718,#1719,#1742,#1765,#1798,#1819));
#1718 = ORIENTED_EDGE('',*,*,#145,.F.);
#1719 = ORIENTED_EDGE('',*,*,#1720,.T.);
#1720 = EDGE_CURVE('',#118,#1721,#1723,.T.);
#1721 = VERTEX_POINT('',#1722);
#1722 = CARTESIAN_POINT('',(-12.,3.5,-12.));
#1723 = SURFACE_CURVE('',#1724,(#1728,#1735),.PCURVE_S1.);
#1724 = LINE('',#1725,#1726);
#1725 = CARTESIAN_POINT('',(-12.,-3.5,-12.));
#1726 = VECTOR('',#1727,1.);
#1727 = DIRECTION('',(-0.,1.,-0.));
#1728 = PCURVE('',#161,#1729);
#1729 = DEFINITIONAL_REPRESENTATION('',(#1730),#1734);
#1730 = LINE('',#1731,#1732);
#1731 = CARTESIAN_POINT('',(-0.,-0.));
#1732 = VECTOR('',#1733,1.);
#1733 = DIRECTION('',(-0.,-1.));
#1734 = ( GEOMETRIC_REPRESENTATION_CONTEXT(2) 
PARAMETRIC_REPRESENTATION_CONTEXT() REPRESENTATION_CONTEXT('2D SPACE',''
  ) );
#1735 = PCURVE('',#133,#1736);
#1736 = DEFINITIONAL_REPRESENTATION('',(#1737),#1741);
#1737 = LINE('',#1738,#1739);
#1738 = CARTESIAN_POINT('',(-8.,0.));
#1739 = VECTOR('',#1740,1.);
#1740 = DIRECTION('',(-0.,1.));
#1741 = ( GEOMETRIC_REPRESENTATION_CONTEXT(2) 
PARAMETRIC_REPRESENTATION_CONTEXT() REPRESENTATION_CONTEXT('2D SPACE',''
  ) );
#1742 = ORIENTED_EDGE('',*,*,#1743,.T.);
#1743 = EDGE_CURVE('',#1721,#1744,#1746,.T.);
#1744 = VERTEX_POINT('',#1745);
#1745 = CARTESIAN_POINT('',(-12.,3.5,-8.335394683636));
#1746 = SURFACE_CURVE('',#1747,(#1751,#1758),.PCURVE_S1.);
#1747 = LINE('',#1748,#1749);
#1748 = CARTESIAN_POINT('',(-12.,3.5,-12.));
#1749 = VECTOR('',#1750,1.);
#1750 = DIRECTION('',(-0.,-0.,1.));
#1751 = PCURVE('',#161,#1752);
#1752 = DEFINITIONAL_REPRESENTATION('',(#1753),#1757);
#1753 = LINE('',#1754,#1755);
#1754 = CARTESIAN_POINT('',(-0.,-7.));
#1755 = VECTOR('',#1756,1.);
#1756 = DIRECTION('',(-1.,-0.));
#1757 = ( GEOMETRIC_REPRESENTATION_CONTEXT(2) 
PARAMETRIC_REPRESENTATION_CONTEXT() REPRESENTATION_CONTEXT('2D SPACE',''
  ) );
#1758 = PCURVE('',#774,#1759);
#1759 = DEFINITIONAL_REPRESENTATION('',(#1760),#1764);
#1760 = LINE('',#1761,#1762);
#1761 = CARTESIAN_POINT('',(-12.,-12.));
#1762 = VECTOR('',#1763,1.);
#1763 = DIRECTION('',(0.,1.));
#1764 = ( GEOMETRIC_REPRESENTATION_CONTEXT(2) 
PARAMETRIC_REPRESENTATION_CONTEXT() REPRESENTATION_CONTEXT('2D SPACE',''
  ) );
#1765 = ORIENTED_EDGE('',*,*,#1766,.F.);
#1766 = EDGE_CURVE('',#1767,#1744,#1769,.T.);
#1767 = VERTEX_POINT('',#1768);
#1768 = CARTESIAN_POINT('',(-12.,1.9,-9.95652173913));
#1769 = SURFACE_CURVE('',#1770,(#1775,#1786),.PCURVE_S1.);
#1770 = ELLIPSE('',#1771,1.621127055495,1.6);
#1771 = AXIS2_PLACEMENT_3D('',#1772,#1773,#1774);
#1772 = CARTESIAN_POINT('',(-12.,1.9,-8.335394683636));
#1773 = DIRECTION('',(1.,0.,-0.));
#1774 = DIRECTION('',(-0.,-1.110223024625E-16,-1.));
#1775 = PCURVE('',#161,#1776);
#1776 = DEFINITIONAL_REPRESENTATION('',(#1777),#1785);
#1777 = ( BOUNDED_CURVE() B_SPLINE_CURVE(2,(#1778,#1779,#1780,#1781,
#1782,#1783,#1784),.UNSPECIFIED.,.T.,.F.) B_SPLINE_CURVE_WITH_KNOTS((1,2
    ,2,2,2,1),(-2.094395102393,0.,2.094395102393,4.188790204786,
6.28318530718,8.377580409573),.UNSPECIFIED.) CURVE() 
GEOMETRIC_REPRESENTATION_ITEM() RATIONAL_B_SPLINE_CURVE((1.,0.5,1.,0.5,
1.,0.5,1.)) REPRESENTATION_ITEM('') );
#1778 = CARTESIAN_POINT('',(-2.04347826087,-5.4));
#1779 = CARTESIAN_POINT('',(-2.04347826087,-8.17128129211));
#1780 = CARTESIAN_POINT('',(-4.475168844112,-6.785640646055));
#1781 = CARTESIAN_POINT('',(-6.906859427353,-5.4));
#1782 = CARTESIAN_POINT('',(-4.475168844112,-4.014359353945));
#1783 = CARTESIAN_POINT('',(-2.04347826087,-2.62871870789));
#1784 = CARTESIAN_POINT('',(-2.04347826087,-5.4));
#1785 = ( GEOMETRIC_REPRESENTATION_CONTEXT(2) 
PARAMETRIC_REPRESENTATION_CONTEXT() REPRESENTATION_CONTEXT('2D SPACE',''
  ) );
#1786 = PCURVE('',#1363,#1787);
#1787 = DEFINITIONAL_REPRESENTATION('',(#1788),#1797);
#1788 = B_SPLINE_CURVE_WITH_KNOTS('',7,(#1789,#1790,#1791,#1792,#1793,
    #1794,#1795,#1796),.UNSPECIFIED.,.F.,.F.,(8,8),(0.,1.570796326795),
  .PIECEWISE_BEZIER_KNOTS.);
#1789 = CARTESIAN_POINT('',(0.,12.15845291621));
#1790 = CARTESIAN_POINT('',(-0.224399475256,12.15845291621));
#1791 = CARTESIAN_POINT('',(-0.448798950513,12.143127175529));
#1792 = CARTESIAN_POINT('',(-0.673198425769,12.112477917413));
#1793 = CARTESIAN_POINT('',(-0.897597901026,12.068386870763));
#1794 = CARTESIAN_POINT('',(-1.121997376282,12.014661100379));
#1795 = CARTESIAN_POINT('',(-1.346396851538,11.956122344538));
#1796 = CARTESIAN_POINT('',(-1.570796326795,11.897583350992));
#1797 = ( GEOMETRIC_REPRESENTATION_CONTEXT(2) 
PARAMETRIC_REPRESENTATION_CONTEXT() REPRESENTATION_CONTEXT('2D SPACE',''
  ) );
#1798 = ORIENTED_EDGE('',*,*,#1799,.T.);
#1799 = EDGE_CURVE('',#1767,#1661,#1800,.T.);
#1800 = SURFACE_CURVE('',#1801,(#1805,#1812),.PCURVE_S1.);
#1801 = LINE('',#1802,#1803);
#1802 = CARTESIAN_POINT('',(-12.,-1.75,-9.95652173913));
#1803 = VECTOR('',#1804,1.);
#1804 = DIRECTION('',(-0.,-1.,1.110223024625E-16));
#1805 = PCURVE('',#161,#1806);
#1806 = DEFINITIONAL_REPRESENTATION('',(#1807),#1811);
#1807 = LINE('',#1808,#1809);
#1808 = CARTESIAN_POINT('',(-2.04347826087,-1.75));
#1809 = VECTOR('',#1810,1.);
#1810 = DIRECTION('',(-1.110223024625E-16,1.));
#1811 = ( GEOMETRIC_REPRESENTATION_CONTEXT(2) 
PARAMETRIC_REPRESENTATION_CONTEXT() REPRESENTATION_CONTEXT('2D SPACE',''
  ) );
#1812 = PCURVE('',#1267,#1813);
#1813 = DEFINITIONAL_REPRESENTATION('',(#1814),#1818);
#1814 = LINE('',#1815,#1816);
#1815 = CARTESIAN_POINT('',(-12.15845291621,1.75));
#1816 = VECTOR('',#1817,1.);
#1817 = DIRECTION('',(0.,1.));
#1818 = ( GEOMETRIC_REPRESENTATION_CONTEXT(2) 
PARAMETRIC_REPRESENTATION_CONTEXT() REPRESENTATION_CONTEXT('2D SPACE',''
  ) );
#1819 = ORIENTED_EDGE('',*,*,#1660,.F.);
#1820 = ADVANCED_FACE('',(#1821),#133,.F.);
#1821 = FACE_BOUND('',#1822,.T.);
#1822 = EDGE_LOOP('',(#1823,#1846,#1847,#1848));
#1823 = ORIENTED_EDGE('',*,*,#1824,.F.);
#1824 = EDGE_CURVE('',#90,#1825,#1827,.T.);
#1825 = VERTEX_POINT('',#1826);
#1826 = CARTESIAN_POINT('',(-4.,3.5,-12.));
#1827 = SURFACE_CURVE('',#1828,(#1832,#1839),.PCURVE_S1.);
#1828 = LINE('',#1829,#1830);
#1829 = CARTESIAN_POINT('',(-4.,-3.5,-12.));
#1830 = VECTOR('',#1831,1.);
#1831 = DIRECTION('',(-0.,1.,-0.));
#1832 = PCURVE('',#133,#1833);
#1833 = DEFINITIONAL_REPRESENTATION('',(#1834),#1838);
#1834 = LINE('',#1835,#1836);
#1835 = CARTESIAN_POINT('',(0.,-0.));
#1836 = VECTOR('',#1837,1.);
#1837 = DIRECTION('',(-0.,1.));
#1838 = ( GEOMETRIC_REPRESENTATION_CONTEXT(2) 
PARAMETRIC_REPRESENTATION_CONTEXT() REPRESENTATION_CONTEXT('2D SPACE',''
  ) );
#1839 = PCURVE('',#105,#1840);
#1840 = DEFINITIONAL_REPRESENTATION('',(#1841),#1845);
#1841 = LINE('',#1842,#1843);
#1842 = CARTESIAN_POINT('',(-0.,-0.));
#1843 = VECTOR('',#1844,1.);
#1844 = DIRECTION('',(-0.,-1.));
#1845 = ( GEOMETRIC_REPRESENTATION_CONTEXT(2) 
PARAMETRIC_REPRESENTATION_CONTEXT() REPRESENTATION_CONTEXT('2D SPACE',''
  ) );
#1846 = ORIENTED_EDGE('',*,*,#117,.T.);
#1847 = ORIENTED_EDGE('',*,*,#1720,.T.);
#1848 = ORIENTED_EDGE('',*,*,#1849,.F.);
#1849 = EDGE_CURVE('',#1825,#1721,#1850,.T.);
#1850 = SURFACE_CURVE('',#1851,(#1855,#1862),.PCURVE_S1.);
#1851 = LINE('',#1852,#1853);
#1852 = CARTESIAN_POINT('',(-4.,3.5,-12.));
#1853 = VECTOR('',#1854,1.);
#1854 = DIRECTION('',(-1.,-0.,-0.));
#1855 = PCURVE('',#133,#1856);
#1856 = DEFINITIONAL_REPRESENTATION('',(#1857),#1861);
#1857 = LINE('',#1858,#1859);
#1858 = CARTESIAN_POINT('',(0.,7.));
#1859 = VECTOR('',#1860,1.);
#1860 = DIRECTION('',(-1.,0.));
#1861 = ( GEOMETRIC_REPRESENTATION_CONTEXT(2) 
PARAMETRIC_REPRESENTATION_CONTEXT() REPRESENTATION_CONTEXT('2D SPACE',''
  ) );
#1862 = PCURVE('',#774,#1863);
#1863 = DEFINITIONAL_REPRESENTATION('',(#1864),#1868);
#1864 = LINE('',#1865,#1866);
#1865 = CARTESIAN_POINT('',(-4.,-12.));
#1866 = VECTOR('',#1867,1.);
#1867 = DIRECTION('',(-1.,0.));
#1868 = ( GEOMETRIC_REPRESENTATION_CONTEXT(2) 
PARAMETRIC_REPRESENTATION_CONTEXT() REPRESENTATION_CONTEXT('2D SPACE',''
  ) );
#1869 = ADVANCED_FACE('',(#1870),#105,.F.);
#1870 = FACE_BOUND('',#1871,.T.);
#1871 = EDGE_LOOP('',(#1872,#1873,#1874,#1897,#1920,#1958,#1986,#2024));
#1872 = ORIENTED_EDGE('',*,*,#89,.F.);
#1873 = ORIENTED_EDGE('',*,*,#1824,.T.);
#1874 = ORIENTED_EDGE('',*,*,#1875,.T.);
#1875 = EDGE_CURVE('',#1825,#1876,#1878,.T.);
#1876 = VERTEX_POINT('',#1877);
#1877 = CARTESIAN_POINT('',(-4.,3.5,-8.616843969807));
#1878 = SURFACE_CURVE('',#1879,(#1883,#1890),.PCURVE_S1.);
#1879 = LINE('',#1880,#1881);
#1880 = CARTESIAN_POINT('',(-4.,3.5,-12.));
#1881 = VECTOR('',#1882,1.);
#1882 = DIRECTION('',(-0.,-0.,1.));
#1883 = PCURVE('',#105,#1884);
#1884 = DEFINITIONAL_REPRESENTATION('',(#1885),#1889);
#1885 = LINE('',#1886,#1887);
#1886 = CARTESIAN_POINT('',(-0.,-7.));
#1887 = VECTOR('',#1888,1.);
#1888 = DIRECTION('',(-1.,-0.));
#1889 = ( GEOMETRIC_REPRESENTATION_CONTEXT(2) 
PARAMETRIC_REPRESENTATION_CONTEXT() REPRESENTATION_CONTEXT('2D SPACE',''
  ) );
#1890 = PCURVE('',#774,#1891);
#1891 = DEFINITIONAL_REPRESENTATION('',(#1892),#1896);
#1892 = LINE('',#1893,#1894);
#1893 = CARTESIAN_POINT('',(-4.,-12.));
#1894 = VECTOR('',#1895,1.);
#1895 = DIRECTION('',(0.,1.));
#1896 = ( GEOMETRIC_REPRESENTATION_CONTEXT(2) 
PARAMETRIC_REPRESENTATION_CONTEXT() REPRESENTATION_CONTEXT('2D SPACE',''
  ) );
#1897 = ORIENTED_EDGE('',*,*,#1898,.T.);
#1898 = EDGE_CURVE('',#1876,#1899,#1901,.T.);
#1899 = VERTEX_POINT('',#1900);
#1900 = CARTESIAN_POINT('',(-3.99999999981,2.232214631503,
    -8.616843968434));
#1901 = SURFACE_CURVE('',#1902,(#1906,#1913),.PCURVE_S1.);
#1902 = LINE('',#1903,#1904);
#1903 = CARTESIAN_POINT('',(-4.,3.5,-8.616843969807));
#1904 = VECTOR('',#1905,1.);
#1905 = DIRECTION('',(-0.,-1.,2.22044604925E-16));
#1906 = PCURVE('',#105,#1907);
#1907 = DEFINITIONAL_REPRESENTATION('',(#1908),#1912);
#1908 = LINE('',#1909,#1910);
#1909 = CARTESIAN_POINT('',(-3.383156030193,-7.));
#1910 = VECTOR('',#1911,1.);
#1911 = DIRECTION('',(-2.22044604925E-16,1.));
#1912 = ( GEOMETRIC_REPRESENTATION_CONTEXT(2) 
PARAMETRIC_REPRESENTATION_CONTEXT() REPRESENTATION_CONTEXT('2D SPACE',''
  ) );
#1913 = PCURVE('',#77,#1914);
#1914 = DEFINITIONAL_REPRESENTATION('',(#1915),#1919);
#1915 = LINE('',#1916,#1917);
#1916 = CARTESIAN_POINT('',(-5.146994505992,-1.369668755762E-16));
#1917 = VECTOR('',#1918,1.);
#1918 = DIRECTION('',(-0.,1.));
#1919 = ( GEOMETRIC_REPRESENTATION_CONTEXT(2) 
PARAMETRIC_REPRESENTATION_CONTEXT() REPRESENTATION_CONTEXT('2D SPACE',''
  ) );
#1920 = ORIENTED_EDGE('',*,*,#1921,.F.);
#1921 = EDGE_CURVE('',#1922,#1899,#1924,.T.);
#1922 = VERTEX_POINT('',#1923);
#1923 = CARTESIAN_POINT('',(-4.,1.9,-8.652173913043));
#1924 = SURFACE_CURVE('',#1925,(#1930,#1941),.PCURVE_S1.);
#1925 = ELLIPSE('',#1926,1.621127055495,1.6);
#1926 = AXIS2_PLACEMENT_3D('',#1927,#1928,#1929);
#1927 = CARTESIAN_POINT('',(-4.,1.9,-7.031046857549));
#1928 = DIRECTION('',(1.,0.,-0.));
#1929 = DIRECTION('',(-0.,-1.110223024625E-16,-1.));
#1930 = PCURVE('',#105,#1931);
#1931 = DEFINITIONAL_REPRESENTATION('',(#1932),#1940);
#1932 = ( BOUNDED_CURVE() B_SPLINE_CURVE(2,(#1933,#1934,#1935,#1936,
#1937,#1938,#1939),.UNSPECIFIED.,.T.,.F.) B_SPLINE_CURVE_WITH_KNOTS((1,2
    ,2,2,2,1),(-2.094395102393,0.,2.094395102393,4.188790204786,
6.28318530718,8.377580409573),.UNSPECIFIED.) CURVE() 
GEOMETRIC_REPRESENTATION_ITEM() RATIONAL_B_SPLINE_CURVE((1.,0.5,1.,0.5,
1.,0.5,1.)) REPRESENTATION_ITEM('') );
#1933 = CARTESIAN_POINT('',(-3.347826086957,-5.4));
#1934 = CARTESIAN_POINT('',(-3.347826086957,-8.17128129211));
#1935 = CARTESIAN_POINT('',(-5.779516670198,-6.785640646055));
#1936 = CARTESIAN_POINT('',(-8.21120725344,-5.4));
#1937 = CARTESIAN_POINT('',(-5.779516670198,-4.014359353945));
#1938 = CARTESIAN_POINT('',(-3.347826086957,-2.62871870789));
#1939 = CARTESIAN_POINT('',(-3.347826086957,-5.4));
#1940 = ( GEOMETRIC_REPRESENTATION_CONTEXT(2) 
PARAMETRIC_REPRESENTATION_CONTEXT() REPRESENTATION_CONTEXT('2D SPACE',''
  ) );
#1941 = PCURVE('',#1942,#1947);
#1942 = CYLINDRICAL_SURFACE('',#1943,1.6);
#1943 = AXIS2_PLACEMENT_3D('',#1944,#1945,#1946);
#1944 = CARTESIAN_POINT('',(-0.257469828126,1.9,-6.42085172083));
#1945 = DIRECTION('',(-0.986967674481,-1.78655582082E-17,-0.160918642578
    ));
#1946 = DIRECTION('',(0.160918642578,-1.09575423677E-16,-0.986967674481)
  );
#1947 = DEFINITIONAL_REPRESENTATION('',(#1948),#1957);
#1948 = B_SPLINE_CURVE_WITH_KNOTS('',7,(#1949,#1950,#1951,#1952,#1953,
    #1954,#1955,#1956),.UNSPECIFIED.,.F.,.F.,(8,8),(0.,1.559104723605),
  .PIECEWISE_BEZIER_KNOTS.);
#1949 = CARTESIAN_POINT('',(0.,4.052817638737));
#1950 = CARTESIAN_POINT('',(-0.222729246229,4.052817638737));
#1951 = CARTESIAN_POINT('',(-0.445458492459,4.037719201517));
#1952 = CARTESIAN_POINT('',(-0.668187738688,4.007524431365));
#1953 = CARTESIAN_POINT('',(-0.890916984917,3.964059876155));
#1954 = CARTESIAN_POINT('',(-1.113646231146,3.911019864952));
#1955 = CARTESIAN_POINT('',(-1.336375477376,3.853097297972));
#1956 = CARTESIAN_POINT('',(-1.559104723605,3.794997987475));
#1957 = ( GEOMETRIC_REPRESENTATION_CONTEXT(2) 
PARAMETRIC_REPRESENTATION_CONTEXT() REPRESENTATION_CONTEXT('2D SPACE',''
  ) );
#1958 = ORIENTED_EDGE('',*,*,#1959,.T.);
#1959 = EDGE_CURVE('',#1922,#1960,#1962,.T.);
#1960 = VERTEX_POINT('',#1961);
#1961 = CARTESIAN_POINT('',(-4.,-1.9,-8.652173913043));
#1962 = SURFACE_CURVE('',#1963,(#1967,#1974),.PCURVE_S1.);
#1963 = LINE('',#1964,#1965);
#1964 = CARTESIAN_POINT('',(-4.,-1.75,-8.652173913043));
#1965 = VECTOR('',#1966,1.);
#1966 = DIRECTION('',(-0.,-1.,1.110223024625E-16));
#1967 = PCURVE('',#105,#1968);
#1968 = DEFINITIONAL_REPRESENTATION('',(#1969),#1973);
#1969 = LINE('',#1970,#1971);
#1970 = CARTESIAN_POINT('',(-3.347826086957,-1.75));
#1971 = VECTOR('',#1972,1.);
#1972 = DIRECTION('',(-1.110223024625E-16,1.));
#1973 = ( GEOMETRIC_REPRESENTATION_CONTEXT(2) 
PARAMETRIC_REPRESENTATION_CONTEXT() REPRESENTATION_CONTEXT('2D SPACE',''
  ) );
#1974 = PCURVE('',#1975,#1980);
#1975 = PLANE('',#1976);
#1976 = AXIS2_PLACEMENT_3D('',#1977,#1978,#1979);
#1977 = CARTESIAN_POINT('',(0.,-8.881784197001E-16,-8.));
#1978 = DIRECTION('',(0.160918642578,-1.09575423677E-16,-0.986967674481)
  );
#1979 = DIRECTION('',(0.986967674481,1.78655582082E-17,0.160918642578));
#1980 = DEFINITIONAL_REPRESENTATION('',(#1981),#1985);
#1981 = LINE('',#1982,#1983);
#1982 = CARTESIAN_POINT('',(-4.052817638737,1.75));
#1983 = VECTOR('',#1984,1.);
#1984 = DIRECTION('',(0.,1.));
#1985 = ( GEOMETRIC_REPRESENTATION_CONTEXT(2) 
PARAMETRIC_REPRESENTATION_CONTEXT() REPRESENTATION_CONTEXT('2D SPACE',''
  ) );
#1986 = ORIENTED_EDGE('',*,*,#1987,.F.);
#1987 = EDGE_CURVE('',#1988,#1960,#1990,.T.);
#1988 = VERTEX_POINT('',#1989);
#1989 = CARTESIAN_POINT('',(-3.99999999981,-2.232214631503,
    -8.616843968434));
#1990 = SURFACE_CURVE('',#1991,(#1996,#2007),.PCURVE_S1.);
#1991 = ELLIPSE('',#1992,1.621127055495,1.6);
#1992 = AXIS2_PLACEMENT_3D('',#1993,#1994,#1995);
#1993 = CARTESIAN_POINT('',(-4.,-1.9,-7.031046857549));
#1994 = DIRECTION('',(1.,0.,-0.));
#1995 = DIRECTION('',(-0.,-1.110223024625E-16,-1.));
#1996 = PCURVE('',#105,#1997);
#1997 = DEFINITIONAL_REPRESENTATION('',(#1998),#2006);
#1998 = ( BOUNDED_CURVE() B_SPLINE_CURVE(2,(#1999,#2000,#2001,#2002,
#2003,#2004,#2005),.UNSPECIFIED.,.T.,.F.) B_SPLINE_CURVE_WITH_KNOTS((1,2
    ,2,2,2,1),(-2.094395102393,0.,2.094395102393,4.188790204786,
6.28318530718,8.377580409573),.UNSPECIFIED.) CURVE() 
GEOMETRIC_REPRESENTATION_ITEM() RATIONAL_B_SPLINE_CURVE((1.,0.5,1.,0.5,
1.,0.5,1.)) REPRESENTATION_ITEM('') );
#1999 = CARTESIAN_POINT('',(-3.347826086957,-1.6));
#2000 = CARTESIAN_POINT('',(-3.347826086957,-4.37128129211));
#2001 = CARTESIAN_POINT('',(-5.779516670198,-2.985640646055));
#2002 = CARTESIAN_POINT('',(-8.21120725344,-1.6));
#2003 = CARTESIAN_POINT('',(-5.779516670198,-0.214359353945));
#2004 = CARTESIAN_POINT('',(-3.347826086957,1.17128129211));
#2005 = CARTESIAN_POINT('',(-3.347826086957,-1.6));
#2006 = ( GEOMETRIC_REPRESENTATION_CONTEXT(2) 
PARAMETRIC_REPRESENTATION_CONTEXT() REPRESENTATION_CONTEXT('2D SPACE',''
  ) );
#2007 = PCURVE('',#2008,#2013);
#2008 = CYLINDRICAL_SURFACE('',#2009,1.6);
#2009 = AXIS2_PLACEMENT_3D('',#2010,#2011,#2012);
#2010 = CARTESIAN_POINT('',(-0.257469828126,-1.9,-6.42085172083));
#2011 = DIRECTION('',(-0.986967674481,-1.78655582082E-17,-0.160918642578
    ));
#2012 = DIRECTION('',(0.160918642578,-1.09575423677E-16,-0.986967674481)
  );
#2013 = DEFINITIONAL_REPRESENTATION('',(#2014),#2023);
#2014 = B_SPLINE_CURVE_WITH_KNOTS('',7,(#2015,#2016,#2017,#2018,#2019,
    #2020,#2021,#2022),.UNSPECIFIED.,.F.,.F.,(8,8),(4.724080583575,
    6.28318530718),.PIECEWISE_BEZIER_KNOTS.);
#2015 = CARTESIAN_POINT('',(1.559104723605,3.794997987475));
#2016 = CARTESIAN_POINT('',(1.336375477376,3.853097297972));
#2017 = CARTESIAN_POINT('',(1.113646231146,3.911019864953));
#2018 = CARTESIAN_POINT('',(0.890916984917,3.964059876152));
#2019 = CARTESIAN_POINT('',(0.668187738688,4.007524431368));
#2020 = CARTESIAN_POINT('',(0.445458492458,4.037719201516));
#2021 = CARTESIAN_POINT('',(0.222729246229,4.052817638737));
#2022 = CARTESIAN_POINT('',(2.775557561563E-16,4.052817638737));
#2023 = ( GEOMETRIC_REPRESENTATION_CONTEXT(2) 
PARAMETRIC_REPRESENTATION_CONTEXT() REPRESENTATION_CONTEXT('2D SPACE',''
  ) );
#2024 = ORIENTED_EDGE('',*,*,#2025,.T.);
#2025 = EDGE_CURVE('',#1988,#57,#2026,.T.);
#2026 = SURFACE_CURVE('',#2027,(#2031,#2038),.PCURVE_S1.);
#2027 = LINE('',#2028,#2029);
#2028 = CARTESIAN_POINT('',(-4.,3.5,-8.616843969807));
#2029 = VECTOR('',#2030,1.);
#2030 = DIRECTION('',(-0.,-1.,2.22044604925E-16));
#2031 = PCURVE('',#105,#2032);
#2032 = DEFINITIONAL_REPRESENTATION('',(#2033),#2037);
#2033 = LINE('',#2034,#2035);
#2034 = CARTESIAN_POINT('',(-3.383156030193,-7.));
#2035 = VECTOR('',#2036,1.);
#2036 = DIRECTION('',(-2.22044604925E-16,1.));
#2037 = ( GEOMETRIC_REPRESENTATION_CONTEXT(2) 
PARAMETRIC_REPRESENTATION_CONTEXT() REPRESENTATION_CONTEXT('2D SPACE',''
  ) );
#2038 = PCURVE('',#77,#2039);
#2039 = DEFINITIONAL_REPRESENTATION('',(#2040),#2044);
#2040 = LINE('',#2041,#2042);
#2041 = CARTESIAN_POINT('',(-5.146994505992,-1.369668755762E-16));
#2042 = VECTOR('',#2043,1.);
#2043 = DIRECTION('',(-0.,1.));
#2044 = ( GEOMETRIC_REPRESENTATION_CONTEXT(2) 
PARAMETRIC_REPRESENTATION_CONTEXT() REPRESENTATION_CONTEXT('2D SPACE',''
  ) );
#2045 = ADVANCED_FACE('',(#2046),#77,.T.);
#2046 = FACE_BOUND('',#2047,.F.);
#2047 = EDGE_LOOP('',(#2048,#2049,#2050,#2160,#2188,#2303,#2359,#2385,
    #2386,#2496,#2519,#2627));
#2048 = ORIENTED_EDGE('',*,*,#56,.F.);
#2049 = ORIENTED_EDGE('',*,*,#546,.T.);
#2050 = ORIENTED_EDGE('',*,*,#2051,.F.);
#2051 = EDGE_CURVE('',#2052,#547,#2054,.T.);
#2052 = VERTEX_POINT('',#2053);
#2053 = CARTESIAN_POINT('',(-0.774575366457,-1.9,9.468370134383));
#2054 = SURFACE_CURVE('',#2055,(#2088,#2124),.PCURVE_S1.);
#2055 = B_SPLINE_CURVE_WITH_KNOTS('',7,(#2056,#2057,#2058,#2059,#2060,
    #2061,#2062,#2063,#2064,#2065,#2066,#2067,#2068,#2069,#2070,#2071,
    #2072,#2073,#2074,#2075,#2076,#2077,#2078,#2079,#2080,#2081,#2082,
    #2083,#2084,#2085,#2086,#2087),.UNSPECIFIED.,.F.,.F.,(8,6,6,6,6,8),(
    0.,0.483952392849,0.607545797126,0.680121997615,0.859560768468,1.),
  .UNSPECIFIED.);
#2056 = CARTESIAN_POINT('',(-0.774575366457,-1.9,9.468370134383));
#2057 = CARTESIAN_POINT('',(-0.774575366457,-2.000444274975,
    9.468370134383));
#2058 = CARTESIAN_POINT('',(-0.787128818125,-2.100642864897,
    9.467343306523));
#2059 = CARTESIAN_POINT('',(-0.812132280253,-2.199858489615,
    9.465297301179));
#2060 = CARTESIAN_POINT('',(-0.849811350673,-2.296943225477,
    9.462110701665));
#2061 = CARTESIAN_POINT('',(-0.900282315762,-2.390433095288,
    9.457561477352));
#2062 = CARTESIAN_POINT('',(-0.963397938642,-2.478615282051,
    9.451328407186));
#2063 = CARTESIAN_POINT('',(-1.057974013094,-2.580307370673,
    9.440925041086));
#2064 = CARTESIAN_POINT('',(-1.078000415941,-2.600515416711,
    9.438675846617));
#2065 = CARTESIAN_POINT('',(-1.098800344293,-2.62020897041,
    9.436288432387));
#2066 = CARTESIAN_POINT('',(-1.120356867675,-2.639351314157,
    9.433757539549));
#2067 = CARTESIAN_POINT('',(-1.142648893643,-2.657904941665,
    9.431078265327));
#2068 = CARTESIAN_POINT('',(-1.165650726235,-2.675832230848,
    9.428246289668));
#2069 = CARTESIAN_POINT('',(-1.203237460464,-2.703233771279,
    9.423503385952));
#2070 = CARTESIAN_POINT('',(-1.217377473878,-2.713142708024,
    9.421694811002));
#2071 = CARTESIAN_POINT('',(-1.231745391567,-2.722815328773,
    9.419831657042));
#2072 = CARTESIAN_POINT('',(-1.246334418794,-2.732244246528,
    9.417913317806));
#2073 = CARTESIAN_POINT('',(-1.261137239187,-2.741422285455,
    9.415939300756));
#2074 = CARTESIAN_POINT('',(-1.276146014738,-2.750342480881,
    9.413909227087));
#2075 = CARTESIAN_POINT('',(-1.32894890526,-2.78039834454,9.406664388348
    ));
#2076 = CARTESIAN_POINT('',(-1.367759154944,-2.800184531548,
    9.401160924159));
#2077 = CARTESIAN_POINT('',(-1.407647769165,-2.818249471495,
    9.395309771861));
#2078 = CARTESIAN_POINT('',(-1.448473155948,-2.834506579442,
    9.389112007681));
#2079 = CARTESIAN_POINT('',(-1.490089284131,-2.848888122957,
    9.38257286273));
#2080 = CARTESIAN_POINT('',(-1.532347470447,-2.861343490739,
    9.375702134375));
#2081 = CARTESIAN_POINT('',(-1.608557350998,-2.880050653647,
    9.362889212766));
#2082 = CARTESIAN_POINT('',(-1.642322017532,-2.887063271551,
    9.357069108176));
#2083 = CARTESIAN_POINT('',(-1.676323948564,-2.892859270317,
    9.351060698964));
#2084 = CARTESIAN_POINT('',(-1.710500085635,-2.897428371817,
    9.344871135875));
#2085 = CARTESIAN_POINT('',(-1.744791167816,-2.900764680933,
    9.33850846606));
#2086 = CARTESIAN_POINT('',(-1.77914037004,-2.902865302075,
    9.331981793877));
#2087 = CARTESIAN_POINT('',(-1.813491941434,-2.903728955691,
    9.325301441688));
#2088 = PCURVE('',#77,#2089);
#2089 = DEFINITIONAL_REPRESENTATION('',(#2090),#2123);
#2090 = B_SPLINE_CURVE_WITH_KNOTS('',7,(#2091,#2092,#2093,#2094,#2095,
    #2096,#2097,#2098,#2099,#2100,#2101,#2102,#2103,#2104,#2105,#2106,
    #2107,#2108,#2109,#2110,#2111,#2112,#2113,#2114,#2115,#2116,#2117,
    #2118,#2119,#2120,#2121,#2122),.UNSPECIFIED.,.F.,.F.,(8,6,6,6,6,8),(
    0.,0.483952392849,0.607545797126,0.680121997615,0.859560768468,1.),
  .UNSPECIFIED.);
#2091 = CARTESIAN_POINT('',(-1.489171468683,5.4));
#2092 = CARTESIAN_POINT('',(-1.489171468683,5.500444274975));
#2093 = CARTESIAN_POINT('',(-1.487845638368,5.600642864897));
#2094 = CARTESIAN_POINT('',(-1.485204902762,5.699858489615));
#2095 = CARTESIAN_POINT('',(-1.481224530715,5.796943225477));
#2096 = CARTESIAN_POINT('',(-1.475890458396,5.890433095288));
#2097 = CARTESIAN_POINT('',(-1.469214803091,5.978615282051));
#2098 = CARTESIAN_POINT('',(-1.459199377932,6.080307370673));
#2099 = CARTESIAN_POINT('',(-1.457078087404,6.100515416711));
#2100 = CARTESIAN_POINT('',(-1.454874256768,6.12020897041));
#2101 = CARTESIAN_POINT('',(-1.452589577889,6.139351314157));
#2102 = CARTESIAN_POINT('',(-1.450226176359,6.157904941665));
#2103 = CARTESIAN_POINT('',(-1.447786659859,6.175832230848));
#2104 = CARTESIAN_POINT('',(-1.443798786655,6.203233771279));
#2105 = CARTESIAN_POINT('',(-1.442298240719,6.213142708024));
#2106 = CARTESIAN_POINT('',(-1.440773169097,6.222815328773));
#2107 = CARTESIAN_POINT('',(-1.439224267351,6.232244246528));
#2108 = CARTESIAN_POINT('',(-1.437652286224,6.241422285455));
#2109 = CARTESIAN_POINT('',(-1.436058031636,6.250342480881));
#2110 = CARTESIAN_POINT('',(-1.430447759167,6.28039834454));
#2111 = CARTESIAN_POINT('',(-1.426321641265,6.300184531548));
#2112 = CARTESIAN_POINT('',(-1.422077986978,6.318249471495));
#2113 = CARTESIAN_POINT('',(-1.417731440901,6.334506579442));
#2114 = CARTESIAN_POINT('',(-1.413297145358,6.348888122957));
#2115 = CARTESIAN_POINT('',(-1.408790569518,6.361343490739));
#2116 = CARTESIAN_POINT('',(-1.400655888213,6.380050653647));
#2117 = CARTESIAN_POINT('',(-1.397049328583,6.387063271551));
#2118 = CARTESIAN_POINT('',(-1.393414778574,6.392859270317));
#2119 = CARTESIAN_POINT('',(-1.389758827908,6.397428371817));
#2120 = CARTESIAN_POINT('',(-1.386087684486,6.400764680933));
#2121 = CARTESIAN_POINT('',(-1.38240732178,6.402865302075));
#2122 = CARTESIAN_POINT('',(-1.378723626233,6.403728955691));
#2123 = ( GEOMETRIC_REPRESENTATION_CONTEXT(2) 
PARAMETRIC_REPRESENTATION_CONTEXT() REPRESENTATION_CONTEXT('2D SPACE',''
  ) );
#2124 = PCURVE('',#617,#2125);
#2125 = DEFINITIONAL_REPRESENTATION('',(#2126),#2159);
#2126 = B_SPLINE_CURVE_WITH_KNOTS('',7,(#2127,#2128,#2129,#2130,#2131,
    #2132,#2133,#2134,#2135,#2136,#2137,#2138,#2139,#2140,#2141,#2142,
    #2143,#2144,#2145,#2146,#2147,#2148,#2149,#2150,#2151,#2152,#2153,
    #2154,#2155,#2156,#2157,#2158),.UNSPECIFIED.,.F.,.F.,(8,6,6,6,6,8),(
    0.,0.483952392849,0.607545797126,0.680121997615,0.859560768468,1.),
  .UNSPECIFIED.);
#2127 = CARTESIAN_POINT('',(0.714237526233,0.));
#2128 = CARTESIAN_POINT('',(0.714237526233,-6.277767185956E-02));
#2129 = CARTESIAN_POINT('',(0.707846742812,-0.125401577706));
#2130 = CARTESIAN_POINT('',(0.695121853573,-0.187816259071));
#2131 = CARTESIAN_POINT('',(0.675600646711,-0.249696167171));
#2132 = CARTESIAN_POINT('',(0.648586527258,-0.310502184106));
#2133 = CARTESIAN_POINT('',(0.612943596208,-0.369365959967));
#2134 = CARTESIAN_POINT('',(0.55581346024,-0.439127776736));
#2135 = CARTESIAN_POINT('',(0.543554247598,-0.45309701788));
#2136 = CARTESIAN_POINT('',(0.530641454091,-0.466818339076));
#2137 = CARTESIAN_POINT('',(0.517059942495,-0.480263455742));
#2138 = CARTESIAN_POINT('',(0.502797238153,-0.493401599978));
#2139 = CARTESIAN_POINT('',(0.487844942874,-0.506199848785));
#2140 = CARTESIAN_POINT('',(0.463013253164,-0.525918808712));
#2141 = CARTESIAN_POINT('',(0.453587621047,-0.533085019424));
#2142 = CARTESIAN_POINT('',(0.443922589199,-0.540114974099));
#2143 = CARTESIAN_POINT('',(0.43401829248,-0.547001481997));
#2144 = CARTESIAN_POINT('',(0.423875663886,-0.553737271952));
#2145 = CARTESIAN_POINT('',(0.413496434549,-0.560314992371));
#2146 = CARTESIAN_POINT('',(0.376642608072,-0.582580902427));
#2147 = CARTESIAN_POINT('',(0.348967998018,-0.59742537171));
#2148 = CARTESIAN_POINT('',(0.319903652022,-0.611145321092));
#2149 = CARTESIAN_POINT('',(0.289525408929,-0.623631925788));
#2150 = CARTESIAN_POINT('',(0.257942778501,-0.634786692976));
#2151 = CARTESIAN_POINT('',(0.225301121936,-0.644525320548));
#2152 = CARTESIAN_POINT('',(0.165551249724,-0.659243366438));
#2153 = CARTESIAN_POINT('',(0.138779050277,-0.66479791126));
#2154 = CARTESIAN_POINT('',(0.111550797908,-0.669413987271));
#2155 = CARTESIAN_POINT('',(8.395867479585E-02,-0.673067672965));
#2156 = CARTESIAN_POINT('',(5.610109202547E-02,-0.675742150859));
#2157 = CARTESIAN_POINT('',(2.808030019225E-02,-0.677427529948));
#2158 = CARTESIAN_POINT('',(0.,-0.678120668172));
#2159 = ( GEOMETRIC_REPRESENTATION_CONTEXT(2) 
PARAMETRIC_REPRESENTATION_CONTEXT() REPRESENTATION_CONTEXT('2D SPACE',''
  ) );
#2160 = ORIENTED_EDGE('',*,*,#2161,.T.);
#2161 = EDGE_CURVE('',#2052,#2162,#2164,.T.);
#2162 = VERTEX_POINT('',#2163);
#2163 = CARTESIAN_POINT('',(-0.774575366457,1.9,9.468370134383));
#2164 = SURFACE_CURVE('',#2165,(#2169,#2176),.PCURVE_S1.);
#2165 = LINE('',#2166,#2167);
#2166 = CARTESIAN_POINT('',(-0.774575366457,-3.5,9.468370134383));
#2167 = VECTOR('',#2168,1.);
#2168 = DIRECTION('',(-0.,1.,-1.110223024625E-16));
#2169 = PCURVE('',#77,#2170);
#2170 = DEFINITIONAL_REPRESENTATION('',(#2171),#2175);
#2171 = LINE('',#2172,#2173);
#2172 = CARTESIAN_POINT('',(-1.489171468683,7.));
#2173 = VECTOR('',#2174,1.);
#2174 = DIRECTION('',(-0.,-1.));
#2175 = ( GEOMETRIC_REPRESENTATION_CONTEXT(2) 
PARAMETRIC_REPRESENTATION_CONTEXT() REPRESENTATION_CONTEXT('2D SPACE',''
  ) );
#2176 = PCURVE('',#2177,#2182);
#2177 = CYLINDRICAL_SURFACE('',#2178,1.6);
#2178 = AXIS2_PLACEMENT_3D('',#2179,#2180,#2181);
#2179 = CARTESIAN_POINT('',(-1.6,-3.5,8.097722778445));
#2180 = DIRECTION('',(-0.,1.,-1.110223024625E-16));
#2181 = DIRECTION('',(1.,0.,-0.));
#2182 = DEFINITIONAL_REPRESENTATION('',(#2183),#2187);
#2183 = LINE('',#2184,#2185);
#2184 = CARTESIAN_POINT('',(-1.028749615085,-1.521724253204E-16));
#2185 = VECTOR('',#2186,1.);
#2186 = DIRECTION('',(-0.,1.));
#2187 = ( GEOMETRIC_REPRESENTATION_CONTEXT(2) 
PARAMETRIC_REPRESENTATION_CONTEXT() REPRESENTATION_CONTEXT('2D SPACE',''
  ) );
#2188 = ORIENTED_EDGE('',*,*,#2189,.F.);
#2189 = EDGE_CURVE('',#2190,#2162,#2192,.T.);
#2190 = VERTEX_POINT('',#2191);
#2191 = CARTESIAN_POINT('',(-1.813491941434,2.903728955691,
    9.325301441688));
#2192 = SURFACE_CURVE('',#2193,(#2226,#2262),.PCURVE_S1.);
#2193 = B_SPLINE_CURVE_WITH_KNOTS('',7,(#2194,#2195,#2196,#2197,#2198,
    #2199,#2200,#2201,#2202,#2203,#2204,#2205,#2206,#2207,#2208,#2209,
    #2210,#2211,#2212,#2213,#2214,#2215,#2216,#2217,#2218,#2219,#2220,
    #2221,#2222,#2223,#2224,#2225),.UNSPECIFIED.,.F.,.F.,(8,6,6,6,6,8),(
    0.,0.140004445009,0.31911158629,0.391735035605,0.514919005529,1.),
  .UNSPECIFIED.);
#2194 = CARTESIAN_POINT('',(-1.813491941434,2.903728955691,
    9.325301441688));
#2195 = CARTESIAN_POINT('',(-1.779244044908,2.902867908627,
    9.331961632219));
#2196 = CARTESIAN_POINT('',(-1.744998820081,2.900777358952,
    9.338469007532));
#2197 = CARTESIAN_POINT('',(-1.710811268459,2.897458603494,
    9.344813390777));
#2198 = CARTESIAN_POINT('',(-1.676737571467,2.892914497159,9.35098578));
#2199 = CARTESIAN_POINT('',(-1.642836414132,2.887150843384,
    9.356978196831));
#2200 = CARTESIAN_POINT('',(-1.609170308777,2.880177784594,
    9.362783535161));
#2201 = CARTESIAN_POINT('',(-1.533125263712,2.861563703407,
    9.375574659244));
#2202 = CARTESIAN_POINT('',(-1.490932738811,2.849161407307,
    9.382438376587));
#2203 = CARTESIAN_POINT('',(-1.449377976271,2.834839181197,9.3889718451)
  );
#2204 = CARTESIAN_POINT('',(-1.408608821604,2.81864715106,9.395165276066
    ));
#2205 = CARTESIAN_POINT('',(-1.368770569282,2.800652440381,
    9.401013405533));
#2206 = CARTESIAN_POINT('',(-1.330004198457,2.780940918502,
    9.406515091039));
#2207 = CARTESIAN_POINT('',(-1.277215137956,2.750973425613,
    9.413764273762));
#2208 = CARTESIAN_POINT('',(-1.262183119337,2.742062581893,
    9.415799223606));
#2209 = CARTESIAN_POINT('',(-1.247356949841,2.732893172897,
    9.417778018183));
#2210 = CARTESIAN_POINT('',(-1.232744504525,2.723472167726,
    9.419701032174));
#2211 = CARTESIAN_POINT('',(-1.21835313649,2.713806749499,9.421568754624
    ));
#2212 = CARTESIAN_POINT('',(-1.20418967687,2.703904315348,9.423381788944
    ));
#2213 = CARTESIAN_POINT('',(-1.166633640099,2.676586840741,
    9.428124579037));
#2214 = CARTESIAN_POINT('',(-1.143680652431,2.658741067417,
    9.430953008455));
#2215 = CARTESIAN_POINT('',(-1.121432025792,2.640271847205,
    9.433629598902));
#2216 = CARTESIAN_POINT('',(-1.099913329712,2.621216435383,
    9.436158611622));
#2217 = CARTESIAN_POINT('',(-1.079145581936,2.601611987843,
    9.438544887799));
#2218 = CARTESIAN_POINT('',(-1.059145681054,2.581494897171,
    9.440793625002));
#2219 = CARTESIAN_POINT('',(-0.964245766702,2.479800852912,
    9.451244742969));
#2220 = CARTESIAN_POINT('',(-0.900844272554,2.39147490159,9.457510831308
    ));
#2221 = CARTESIAN_POINT('',(-0.850139045543,2.297798210632,
    9.462083152229));
#2222 = CARTESIAN_POINT('',(-0.812283074445,2.200490498816,
    9.465285024823));
#2223 = CARTESIAN_POINT('',(-0.787168214515,2.101031465517,
    9.467340053115));
#2224 = CARTESIAN_POINT('',(-0.774575366457,2.000600621941,
    9.468370134383));
#2225 = CARTESIAN_POINT('',(-0.774575366457,1.9,9.468370134383));
#2226 = PCURVE('',#77,#2227);
#2227 = DEFINITIONAL_REPRESENTATION('',(#2228),#2261);
#2228 = B_SPLINE_CURVE_WITH_KNOTS('',7,(#2229,#2230,#2231,#2232,#2233,
    #2234,#2235,#2236,#2237,#2238,#2239,#2240,#2241,#2242,#2243,#2244,
    #2245,#2246,#2247,#2248,#2249,#2250,#2251,#2252,#2253,#2254,#2255,
    #2256,#2257,#2258,#2259,#2260),.UNSPECIFIED.,.F.,.F.,(8,6,6,6,6,8),(
    0.,0.140004445009,0.31911158629,0.391735035605,0.514919005529,1.),
  .UNSPECIFIED.);
#2229 = CARTESIAN_POINT('',(-1.378723626233,0.596271044309));
#2230 = CARTESIAN_POINT('',(-1.382396204191,0.597132091373));
#2231 = CARTESIAN_POINT('',(-1.386065435426,0.599222641048));
#2232 = CARTESIAN_POINT('',(-1.38972551311,0.602541396506));
#2233 = CARTESIAN_POINT('',(-1.393370531603,0.607085502841));
#2234 = CARTESIAN_POINT('',(-1.396994343219,0.612849156616));
#2235 = CARTESIAN_POINT('',(-1.400590415001,0.619822215406));
#2236 = CARTESIAN_POINT('',(-1.40870760495,0.638436296593));
#2237 = CARTESIAN_POINT('',(-1.413207240552,0.650838592693));
#2238 = CARTESIAN_POINT('',(-1.417635062562,0.665160818803));
#2239 = CARTESIAN_POINT('',(-1.421975688497,0.68135284894));
#2240 = CARTESIAN_POINT('',(-1.42621405179,0.699347559619));
#2241 = CARTESIAN_POINT('',(-1.430335570463,0.719059081498));
#2242 = CARTESIAN_POINT('',(-1.435944462847,0.749026574387));
#2243 = CARTESIAN_POINT('',(-1.437541210792,0.757937418107));
#2244 = CARTESIAN_POINT('',(-1.439115694617,0.767106827103));
#2245 = CARTESIAN_POINT('',(-1.440667104526,0.776527832274));
#2246 = CARTESIAN_POINT('',(-1.442194685941,0.786193250501));
#2247 = CARTESIAN_POINT('',(-1.443697739505,0.796095684652));
#2248 = CARTESIAN_POINT('',(-1.447682405343,0.823413159259));
#2249 = CARTESIAN_POINT('',(-1.45011677328,0.841258932583));
#2250 = CARTESIAN_POINT('',(-1.452475605499,0.859728152795));
#2251 = CARTESIAN_POINT('',(-1.454756306733,0.878783564617));
#2252 = CARTESIAN_POINT('',(-1.456956758436,0.898388012157));
#2253 = CARTESIAN_POINT('',(-1.459075271373,0.918505102829));
#2254 = CARTESIAN_POINT('',(-1.469125130242,1.020199147088));
#2255 = CARTESIAN_POINT('',(-1.475831067372,1.10852509841));
#2256 = CARTESIAN_POINT('',(-1.481189915294,1.202201789368));
#2257 = CARTESIAN_POINT('',(-1.48518897669,1.299509501184));
#2258 = CARTESIAN_POINT('',(-1.487841477544,1.398968534483));
#2259 = CARTESIAN_POINT('',(-1.489171468683,1.499399378059));
#2260 = CARTESIAN_POINT('',(-1.489171468683,1.6));
#2261 = ( GEOMETRIC_REPRESENTATION_CONTEXT(2) 
PARAMETRIC_REPRESENTATION_CONTEXT() REPRESENTATION_CONTEXT('2D SPACE',''
  ) );
#2262 = PCURVE('',#2263,#2268);
#2263 = SPHERICAL_SURFACE('',#2264,1.6);
#2264 = AXIS2_PLACEMENT_3D('',#2265,#2266,#2267);
#2265 = CARTESIAN_POINT('',(-1.6,1.9,8.097722778445));
#2266 = DIRECTION('',(-0.,-1.,1.110223024625E-16));
#2267 = DIRECTION('',(-0.171341174751,1.093804774332E-16,0.98521175482)
  );
#2268 = DEFINITIONAL_REPRESENTATION('',(#2269),#2302);
#2269 = B_SPLINE_CURVE_WITH_KNOTS('',7,(#2270,#2271,#2272,#2273,#2274,
    #2275,#2276,#2277,#2278,#2279,#2280,#2281,#2282,#2283,#2284,#2285,
    #2286,#2287,#2288,#2289,#2290,#2291,#2292,#2293,#2294,#2295,#2296,
    #2297,#2298,#2299,#2300,#2301),.UNSPECIFIED.,.F.,.F.,(8,6,6,6,6,8),(
    0.,0.140004445009,0.31911158629,0.391735035605,0.514919005529,1.),
  .UNSPECIFIED.);
#2270 = CARTESIAN_POINT('',(8.881784197001E-16,-0.678120668172));
#2271 = CARTESIAN_POINT('',(-2.799555235452E-02,-0.677429621876));
#2272 = CARTESIAN_POINT('',(-5.593169423524E-02,-0.67575232225));
#2273 = CARTESIAN_POINT('',(-8.370587016542E-02,-0.673091907537));
#2274 = CARTESIAN_POINT('',(-0.111216851122,-0.669458150543));
#2275 = CARTESIAN_POINT('',(-0.138367109298,-0.664867657474));
#2276 = CARTESIAN_POINT('',(-0.165065192863,-0.65934406677));
#2277 = CARTESIAN_POINT('',(-0.224698206867,-0.644697722946));
#2278 = CARTESIAN_POINT('',(-0.257297820824,-0.634999324088));
#2279 = CARTESIAN_POINT('',(-0.288844331854,-0.623888762558));
#2280 = CARTESIAN_POINT('',(-0.319192780169,-0.611449694871));
#2281 = CARTESIAN_POINT('',(-0.348233746844,-0.597779914763));
#2282 = CARTESIAN_POINT('',(-0.375891243724,-0.582987545087));
#2283 = CARTESIAN_POINT('',(-0.412755950168,-0.560780598484));
#2284 = CARTESIAN_POINT('',(-0.423157024795,-0.554207849869));
#2285 = CARTESIAN_POINT('',(-0.433321254394,-0.54747643101));
#2286 = CARTESIAN_POINT('',(-0.443246869087,-0.540593710551));
#2287 = CARTESIAN_POINT('',(-0.452932901944,-0.533566978627));
#2288 = CARTESIAN_POINT('',(-0.462379188973,-0.52640344687));
#2289 = CARTESIAN_POINT('',(-0.487203597651,-0.506739517605));
#2290 = CARTESIAN_POINT('',(-0.502132740205,-0.493995601994));
#2291 = CARTESIAN_POINT('',(-0.516376547162,-0.480912950441));
#2292 = CARTESIAN_POINT('',(-0.529943219217,-0.467524219832));
#2293 = CARTESIAN_POINT('',(-0.542845011181,-0.453859948469));
#2294 = CARTESIAN_POINT('',(-0.555096835755,-0.439948229473));
#2295 = CARTESIAN_POINT('',(-0.612465027084,-0.370157306908));
#2296 = CARTESIAN_POINT('',(-0.648285711956,-0.311179702908));
#2297 = CARTESIAN_POINT('',(-0.675431647953,-0.250240799696));
#2298 = CARTESIAN_POINT('',(-0.695044938197,-0.18821310092));
#2299 = CARTESIAN_POINT('',(-0.707826823277,-0.125644498103));
#2300 = CARTESIAN_POINT('',(-0.714237526233,-6.287538871318E-02));
#2301 = CARTESIAN_POINT('',(-0.714237526233,0.));
#2302 = ( GEOMETRIC_REPRESENTATION_CONTEXT(2) 
PARAMETRIC_REPRESENTATION_CONTEXT() REPRESENTATION_CONTEXT('2D SPACE',''
  ) );
#2303 = ORIENTED_EDGE('',*,*,#2304,.F.);
#2304 = EDGE_CURVE('',#2305,#2190,#2307,.T.);
#2305 = VERTEX_POINT('',#2306);
#2306 = CARTESIAN_POINT('',(-6.05097460369,3.5,7.323640238672));
#2307 = SURFACE_CURVE('',#2308,(#2323,#2341),.PCURVE_S1.);
#2308 = B_SPLINE_CURVE_WITH_KNOTS('',7,(#2309,#2310,#2311,#2312,#2313,
    #2314,#2315,#2316,#2317,#2318,#2319,#2320,#2321,#2322),
  .UNSPECIFIED.,.F.,.F.,(8,6,8),(0.,0.514587253174,1.),.UNSPECIFIED.);
#2309 = CARTESIAN_POINT('',(-6.05097460369,3.5,7.323640238673));
#2310 = CARTESIAN_POINT('',(-5.774641365004,3.5,7.551953666824));
#2311 = CARTESIAN_POINT('',(-5.488925389257,3.477002773481,
    7.767551357219));
#2312 = CARTESIAN_POINT('',(-5.19673710147,3.437602320619,7.96820531497)
  );
#2313 = CARTESIAN_POINT('',(-4.899937775259,3.386823934561,
    8.153600411602));
#2314 = CARTESIAN_POINT('',(-4.599355102556,3.328752566516,8.32413726661
    ));
#2315 = CARTESIAN_POINT('',(-4.294612280156,3.266618129711,
    8.480813253847));
#2316 = CARTESIAN_POINT('',(-3.688853823642,3.144383514881,
    8.760551190402));
#2317 = CARTESIAN_POINT('',(-3.386778924716,3.083999448925,8.88585802734
    ));
#2318 = CARTESIAN_POINT('',(-3.079690302229,3.026442036372,
    8.998840006524));
#2319 = CARTESIAN_POINT('',(-2.769551098434,2.975949971587,
    9.098900567523));
#2320 = CARTESIAN_POINT('',(-2.456950922926,2.936670084189,
    9.186354485964));
#2321 = CARTESIAN_POINT('',(-2.139652051593,2.911929040317,
    9.261873150659));
#2322 = CARTESIAN_POINT('',(-1.813489585102,2.903728896449,
    9.325301899924));
#2323 = PCURVE('',#77,#2324);
#2324 = DEFINITIONAL_REPRESENTATION('',(#2325),#2340);
#2325 = B_SPLINE_CURVE_WITH_KNOTS('',7,(#2326,#2327,#2328,#2329,#2330,
    #2331,#2332,#2333,#2334,#2335,#2336,#2337,#2338,#2339),
  .UNSPECIFIED.,.F.,.F.,(8,6,8),(0.,0.514587253174,1.),.UNSPECIFIED.);
#2326 = CARTESIAN_POINT('',(-0.880267829001,8.881784197001E-16));
#2327 = CARTESIAN_POINT('',(-0.917999507466,1.210612916025E-15));
#2328 = CARTESIAN_POINT('',(-0.955639984482,2.299722651882E-02));
#2329 = CARTESIAN_POINT('',(-0.992891777521,6.239767938094E-02));
#2330 = CARTESIAN_POINT('',(-1.029667342586,0.113176065439));
#2331 = CARTESIAN_POINT('',(-1.065995565522,0.171247433484));
#2332 = CARTESIAN_POINT('',(-1.102032826501,0.233381870289));
#2333 = CARTESIAN_POINT('',(-1.172267622337,0.355616485119));
#2334 = CARTESIAN_POINT('',(-1.206665519036,0.416000551075));
#2335 = CARTESIAN_POINT('',(-1.241063243422,0.473557963628));
#2336 = CARTESIAN_POINT('',(-1.275317270315,0.524050028413));
#2337 = CARTESIAN_POINT('',(-1.309444644474,0.563329915811));
#2338 = CARTESIAN_POINT('',(-1.343747803074,0.588070959683));
#2339 = CARTESIAN_POINT('',(-1.378723878915,0.596271103551));
#2340 = ( GEOMETRIC_REPRESENTATION_CONTEXT(2) 
PARAMETRIC_REPRESENTATION_CONTEXT() REPRESENTATION_CONTEXT('2D SPACE',''
  ) );
#2341 = PCURVE('',#721,#2342);
#2342 = DEFINITIONAL_REPRESENTATION('',(#2343),#2358);
#2343 = B_SPLINE_CURVE_WITH_KNOTS('',7,(#2344,#2345,#2346,#2347,#2348,
    #2349,#2350,#2351,#2352,#2353,#2354,#2355,#2356,#2357),
  .UNSPECIFIED.,.F.,.F.,(8,6,8),(0.,0.514587253174,1.),.UNSPECIFIED.);
#2344 = CARTESIAN_POINT('',(-1.570796326795,180.34181854562));
#2345 = CARTESIAN_POINT('',(-1.459802694633,180.65318479161));
#2346 = CARTESIAN_POINT('',(-1.357642631479,180.97161629101));
#2347 = CARTESIAN_POINT('',(-1.263150694827,181.29386391159));
#2348 = CARTESIAN_POINT('',(-1.175658300836,181.61803991025));
#2349 = CARTESIAN_POINT('',(-1.094769622579,181.94339747777));
#2350 = CARTESIAN_POINT('',(-1.02023943614,182.2704787363));
#2351 = CARTESIAN_POINT('',(-0.888454978081,182.91520971491));
#2352 = CARTESIAN_POINT('',(-0.830063922652,183.23428767681));
#2353 = CARTESIAN_POINT('',(-0.778894737556,183.5561934625));
#2354 = CARTESIAN_POINT('',(-0.736502592604,183.87889074578));
#2355 = CARTESIAN_POINT('',(-0.704598641996,184.20185257037));
#2356 = CARTESIAN_POINT('',(-0.684701769406,184.52739860492));
#2357 = CARTESIAN_POINT('',(-0.678120620627,184.8596056573));
#2358 = ( GEOMETRIC_REPRESENTATION_CONTEXT(2) 
PARAMETRIC_REPRESENTATION_CONTEXT() REPRESENTATION_CONTEXT('2D SPACE',''
  ) );
#2359 = ORIENTED_EDGE('',*,*,#2360,.T.);
#2360 = EDGE_CURVE('',#2305,#1876,#2361,.T.);
#2361 = SURFACE_CURVE('',#2362,(#2367,#2374),.PCURVE_S1.);
#2362 = CIRCLE('',#2363,9.5);
#2363 = AXIS2_PLACEMENT_3D('',#2364,#2365,#2366);
#2364 = CARTESIAN_POINT('',(0.,3.5,0.));
#2365 = DIRECTION('',(0.,1.,-2.22044604925E-16));
#2366 = DIRECTION('',(-1.,0.,-0.));
#2367 = PCURVE('',#77,#2368);
#2368 = DEFINITIONAL_REPRESENTATION('',(#2369),#2373);
#2369 = LINE('',#2370,#2371);
#2370 = CARTESIAN_POINT('',(-0.,0.));
#2371 = VECTOR('',#2372,1.);
#2372 = DIRECTION('',(-1.,0.));
#2373 = ( GEOMETRIC_REPRESENTATION_CONTEXT(2) 
PARAMETRIC_REPRESENTATION_CONTEXT() REPRESENTATION_CONTEXT('2D SPACE',''
  ) );
#2374 = PCURVE('',#774,#2375);
#2375 = DEFINITIONAL_REPRESENTATION('',(#2376),#2384);
#2376 = ( BOUNDED_CURVE() B_SPLINE_CURVE(2,(#2377,#2378,#2379,#2380,
#2381,#2382,#2383),.UNSPECIFIED.,.T.,.F.) B_SPLINE_CURVE_WITH_KNOTS((1,2
    ,2,2,2,1),(-2.094395102393,0.,2.094395102393,4.188790204786,
6.28318530718,8.377580409573),.UNSPECIFIED.) CURVE() 
GEOMETRIC_REPRESENTATION_ITEM() RATIONAL_B_SPLINE_CURVE((1.,0.5,1.,0.5,
1.,0.5,1.)) REPRESENTATION_ITEM('') );
#2377 = CARTESIAN_POINT('',(-9.5,0.));
#2378 = CARTESIAN_POINT('',(-9.5,16.454482671904));
#2379 = CARTESIAN_POINT('',(4.75,8.227241335952));
#2380 = CARTESIAN_POINT('',(19.,2.32682891838E-15));
#2381 = CARTESIAN_POINT('',(4.75,-8.227241335952));
#2382 = CARTESIAN_POINT('',(-9.5,-16.4544826719));
#2383 = CARTESIAN_POINT('',(-9.5,0.));
#2384 = ( GEOMETRIC_REPRESENTATION_CONTEXT(2) 
PARAMETRIC_REPRESENTATION_CONTEXT() REPRESENTATION_CONTEXT('2D SPACE',''
  ) );
#2385 = ORIENTED_EDGE('',*,*,#1898,.T.);
#2386 = ORIENTED_EDGE('',*,*,#2387,.F.);
#2387 = EDGE_CURVE('',#2388,#1899,#2390,.T.);
#2388 = VERTEX_POINT('',#2389);
#2389 = CARTESIAN_POINT('',(-3.943314703321,1.9,-8.642931745107));
#2390 = SURFACE_CURVE('',#2391,(#2424,#2460),.PCURVE_S1.);
#2391 = B_SPLINE_CURVE_WITH_KNOTS('',6,(#2392,#2393,#2394,#2395,#2396,
    #2397,#2398,#2399,#2400,#2401,#2402,#2403,#2404,#2405,#2406,#2407,
    #2408,#2409,#2410,#2411,#2412,#2413,#2414,#2415,#2416,#2417,#2418,
    #2419,#2420,#2421,#2422,#2423),.UNSPECIFIED.,.F.,.F.,(7,5,5,5,5,5,7)
  ,(0.,0.223052290803,0.328552170625,0.410465628034,0.63864179203,
    0.880131862106,1.),.UNSPECIFIED.);
#2392 = CARTESIAN_POINT('',(-3.943314703321,1.9,-8.642931745107));
#2393 = CARTESIAN_POINT('',(-3.943314703321,2.007528013852,
    -8.642931745107));
#2394 = CARTESIAN_POINT('',(-3.957501786344,2.114073605299,
    -8.636458640651));
#2395 = CARTESIAN_POINT('',(-3.985392808961,2.218461213109,
    -8.623734701697));
#2396 = CARTESIAN_POINT('',(-4.025701508177,2.319489268522,
    -8.605129928224));
#2397 = CARTESIAN_POINT('',(-4.076344844385,2.415913699556,
    -8.581234414032));
#2398 = CARTESIAN_POINT('',(-4.161996880768,2.549322009425,
    -8.53983109612));
#2399 = CARTESIAN_POINT('',(-4.191301694352,2.591041233854,
    -8.525534679241));
#2400 = CARTESIAN_POINT('',(-4.222232907556,2.631637959835,
    -8.510287723486));
#2401 = CARTESIAN_POINT('',(-4.254629026089,2.671110540104,
    -8.494137107633));
#2402 = CARTESIAN_POINT('',(-4.288342142983,2.709459272818,
    -8.477125540658));
#2403 = CARTESIAN_POINT('',(-4.350332142593,2.77559072666,-8.44544469408
    ));
#2404 = CARTESIAN_POINT('',(-4.378144238306,2.803824122248,
    -8.43109957771));
#2405 = CARTESIAN_POINT('',(-4.406616768676,2.83139232198,
    -8.416271631417));
#2406 = CARTESIAN_POINT('',(-4.435698117764,2.858301152188,
    -8.400974184894));
#2407 = CARTESIAN_POINT('',(-4.465342510743,2.884556531876,
    -8.385218478728));
#2408 = CARTESIAN_POINT('',(-4.579543887737,2.981497339066,
    -8.323873921954));
#2409 = CARTESIAN_POINT('',(-4.667684911553,3.04784724828,
    -8.275223243914));
#2410 = CARTESIAN_POINT('',(-4.759011433457,3.109276469334,
    -8.223285905287));
#2411 = CARTESIAN_POINT('',(-4.852879377644,3.165835380485,
    -8.168195234256));
#2412 = CARTESIAN_POINT('',(-4.948845208895,3.217519124347,
    -8.11000868514));
#2413 = CARTESIAN_POINT('',(-5.150035855338,3.313654610995,
    -7.983861159164));
#2414 = CARTESIAN_POINT('',(-5.255451334318,3.357497600062,
    -7.915541958721));
#2415 = CARTESIAN_POINT('',(-5.362287888605,3.395554259981,
    -7.843871519252));
#2416 = CARTESIAN_POINT('',(-5.470085042456,3.427541083545,
    -7.768943629377));
#2417 = CARTESIAN_POINT('',(-5.578418438926,3.453075208774,
    -7.690875815932));
#2418 = CARTESIAN_POINT('',(-5.740670531746,3.480884313839,
    -7.56962458295));
#2419 = CARTESIAN_POINT('',(-5.794507124651,3.48839518515,
    -7.528680642474));
#2420 = CARTESIAN_POINT('',(-5.848283777544,3.494128815504,
    -7.487051693657));
#2421 = CARTESIAN_POINT('',(-5.901925756193,3.498019654312,
    -7.444781487018));
#2422 = CARTESIAN_POINT('',(-5.955358582305,3.5,-7.401919511295));
#2423 = CARTESIAN_POINT('',(-6.008508033527,3.5,-7.35852099345));
#2424 = PCURVE('',#77,#2425);
#2425 = DEFINITIONAL_REPRESENTATION('',(#2426),#2459);
#2426 = B_SPLINE_CURVE_WITH_KNOTS('',6,(#2427,#2428,#2429,#2430,#2431,
    #2432,#2433,#2434,#2435,#2436,#2437,#2438,#2439,#2440,#2441,#2442,
    #2443,#2444,#2445,#2446,#2447,#2448,#2449,#2450,#2451,#2452,#2453,
    #2454,#2455,#2456,#2457,#2458),.UNSPECIFIED.,.F.,.F.,(7,5,5,5,5,5,7)
  ,(0.,0.223052290803,0.328552170625,0.410465628034,0.63864179203,
    0.880131862106,1.),.UNSPECIFIED.);
#2427 = CARTESIAN_POINT('',(-5.140426043712,1.6));
#2428 = CARTESIAN_POINT('',(-5.140426043712,1.492471986148));
#2429 = CARTESIAN_POINT('',(-5.142067514287,1.385926394701));
#2430 = CARTESIAN_POINT('',(-5.145294529734,1.281538786891));
#2431 = CARTESIAN_POINT('',(-5.149967563011,1.180510731478));
#2432 = CARTESIAN_POINT('',(-5.155861789936,1.084086300444));
#2433 = CARTESIAN_POINT('',(-5.165875910753,0.950677990575));
#2434 = CARTESIAN_POINT('',(-5.169308112507,0.908958766146));
#2435 = CARTESIAN_POINT('',(-5.172938055696,0.868362040165));
#2436 = CARTESIAN_POINT('',(-5.176748389194,0.828889459896));
#2437 = CARTESIAN_POINT('',(-5.180723282684,0.790540727182));
#2438 = CARTESIAN_POINT('',(-5.188051319454,0.72440927334));
#2439 = CARTESIAN_POINT('',(-5.191345368885,0.696175877752));
#2440 = CARTESIAN_POINT('',(-5.194724510489,0.66860767802));
#2441 = CARTESIAN_POINT('',(-5.198183343319,0.641698847812));
#2442 = CARTESIAN_POINT('',(-5.201717129941,0.615443468124));
#2443 = CARTESIAN_POINT('',(-5.215362869042,0.518502660934));
#2444 = CARTESIAN_POINT('',(-5.225959684598,0.45215275172));
#2445 = CARTESIAN_POINT('',(-5.237017450247,0.390723530666));
#2446 = CARTESIAN_POINT('',(-5.24847259034,0.334164619515));
#2447 = CARTESIAN_POINT('',(-5.260284740195,0.282480875653));
#2448 = CARTESIAN_POINT('',(-5.285281332655,0.186345389005));
#2449 = CARTESIAN_POINT('',(-5.29850281972,0.142502399938));
#2450 = CARTESIAN_POINT('',(-5.312042246017,0.104445740019));
#2451 = CARTESIAN_POINT('',(-5.325858242292,7.245891645454E-02));
#2452 = CARTESIAN_POINT('',(-5.339912094546,4.692479122582E-02));
#2453 = CARTESIAN_POINT('',(-5.361233433168,1.911568616089E-02));
#2454 = CARTESIAN_POINT('',(-5.368352875677,1.160481484961E-02));
#2455 = CARTESIAN_POINT('',(-5.375511075028,5.871184496429E-03));
#2456 = CARTESIAN_POINT('',(-5.38269964225,1.980345687714E-03));
#2457 = CARTESIAN_POINT('',(-5.389909865428,-1.094527475837E-15));
#2458 = CARTESIAN_POINT('',(-5.397132709701,-1.110223024625E-15));
#2459 = ( GEOMETRIC_REPRESENTATION_CONTEXT(2) 
PARAMETRIC_REPRESENTATION_CONTEXT() REPRESENTATION_CONTEXT('2D SPACE',''
  ) );
#2460 = PCURVE('',#1942,#2461);
#2461 = DEFINITIONAL_REPRESENTATION('',(#2462),#2495);
#2462 = B_SPLINE_CURVE_WITH_KNOTS('',6,(#2463,#2464,#2465,#2466,#2467,
    #2468,#2469,#2470,#2471,#2472,#2473,#2474,#2475,#2476,#2477,#2478,
    #2479,#2480,#2481,#2482,#2483,#2484,#2485,#2486,#2487,#2488,#2489,
    #2490,#2491,#2492,#2493,#2494),.UNSPECIFIED.,.F.,.F.,(7,5,5,5,5,5,7)
  ,(0.,0.223052290803,0.328552170625,0.410465628034,0.63864179203,
    0.880131862106,1.),.UNSPECIFIED.);
#2463 = CARTESIAN_POINT('',(0.,3.995383846177));
#2464 = CARTESIAN_POINT('',(-6.720500865759E-02,3.995383846177));
#2465 = CARTESIAN_POINT('',(-0.133795866385,4.008344395334));
#2466 = CARTESIAN_POINT('',(-0.199585133159,4.03382441408));
#2467 = CARTESIAN_POINT('',(-0.26431502456,4.070613942314));
#2468 = CARTESIAN_POINT('',(-0.327600835866,4.116752044371));
#2469 = CARTESIAN_POINT('',(-0.417705037634,4.194625269819));
#2470 = CARTESIAN_POINT('',(-0.446293928459,4.221247613535));
#2471 = CARTESIAN_POINT('',(-0.474561031449,4.249322201676));
#2472 = CARTESIAN_POINT('',(-0.502527174811,4.278697188267));
#2473 = CARTESIAN_POINT('',(-0.530211746857,4.309233466581));
#2474 = CARTESIAN_POINT('',(-0.578923191836,4.365317553511));
#2475 = CARTESIAN_POINT('',(-0.600058795192,4.390458796285));
#2476 = CARTESIAN_POINT('',(-0.621051630724,4.416174170381));
#2477 = CARTESIAN_POINT('',(-0.641913931433,4.442414877532));
#2478 = CARTESIAN_POINT('',(-0.662658038673,4.469137548283));
#2479 = CARTESIAN_POINT('',(-0.740786132898,4.571979132952));
#2480 = CARTESIAN_POINT('',(-0.797488826204,4.651142673183));
#2481 = CARTESIAN_POINT('',(-0.853630818148,4.732921312094));
#2482 = CARTESIAN_POINT('',(-0.909439144151,4.816700822676));
#2483 = CARTESIAN_POINT('',(-0.965150068258,4.902052695475));
#2484 = CARTESIAN_POINT('',(-1.080144985398,5.080321871277));
#2485 = CARTESIAN_POINT('',(-1.139434874515,5.173369708423));
#2486 = CARTESIAN_POINT('',(-1.199092187148,5.267280824125));
#2487 = CARTESIAN_POINT('',(-1.259316899465,5.361615836047));
#2488 = CARTESIAN_POINT('',(-1.320313555725,5.455974829861));
#2489 = CARTESIAN_POINT('',(-1.413069285953,5.596600816769));
#2490 = CARTESIAN_POINT('',(-1.444076843673,5.643147150347));
#2491 = CARTESIAN_POINT('',(-1.475337513568,5.689524094458));
#2492 = CARTESIAN_POINT('',(-1.506866528614,5.735664929106));
#2493 = CARTESIAN_POINT('',(-1.538680281934,5.781504110284));
#2494 = CARTESIAN_POINT('',(-1.570796326795,5.826977269975));
#2495 = ( GEOMETRIC_REPRESENTATION_CONTEXT(2) 
PARAMETRIC_REPRESENTATION_CONTEXT() REPRESENTATION_CONTEXT('2D SPACE',''
  ) );
#2496 = ORIENTED_EDGE('',*,*,#2497,.T.);
#2497 = EDGE_CURVE('',#2388,#2498,#2500,.T.);
#2498 = VERTEX_POINT('',#2499);
#2499 = CARTESIAN_POINT('',(-3.943314703321,-1.9,-8.642931745107));
#2500 = SURFACE_CURVE('',#2501,(#2505,#2512),.PCURVE_S1.);
#2501 = LINE('',#2502,#2503);
#2502 = CARTESIAN_POINT('',(-3.943314703321,3.5,-8.642931745107));
#2503 = VECTOR('',#2504,1.);
#2504 = DIRECTION('',(-0.,-1.,2.22044604925E-16));
#2505 = PCURVE('',#77,#2506);
#2506 = DEFINITIONAL_REPRESENTATION('',(#2507),#2511);
#2507 = LINE('',#2508,#2509);
#2508 = CARTESIAN_POINT('',(-5.140426043712,-1.030937945036E-15));
#2509 = VECTOR('',#2510,1.);
#2510 = DIRECTION('',(-0.,1.));
#2511 = ( GEOMETRIC_REPRESENTATION_CONTEXT(2) 
PARAMETRIC_REPRESENTATION_CONTEXT() REPRESENTATION_CONTEXT('2D SPACE',''
  ) );
#2512 = PCURVE('',#1975,#2513);
#2513 = DEFINITIONAL_REPRESENTATION('',(#2514),#2518);
#2514 = LINE('',#2515,#2516);
#2515 = CARTESIAN_POINT('',(-3.995383846177,-3.5));
#2516 = VECTOR('',#2517,1.);
#2517 = DIRECTION('',(1.78655582082E-17,1.));
#2518 = ( GEOMETRIC_REPRESENTATION_CONTEXT(2) 
PARAMETRIC_REPRESENTATION_CONTEXT() REPRESENTATION_CONTEXT('2D SPACE',''
  ) );
#2519 = ORIENTED_EDGE('',*,*,#2520,.T.);
#2520 = EDGE_CURVE('',#2498,#1988,#2521,.T.);
#2521 = SURFACE_CURVE('',#2522,(#2555,#2591),.PCURVE_S1.);
#2522 = B_SPLINE_CURVE_WITH_KNOTS('',6,(#2523,#2524,#2525,#2526,#2527,
    #2528,#2529,#2530,#2531,#2532,#2533,#2534,#2535,#2536,#2537,#2538,
    #2539,#2540,#2541,#2542,#2543,#2544,#2545,#2546,#2547,#2548,#2549,
    #2550,#2551,#2552,#2553,#2554),.UNSPECIFIED.,.F.,.F.,(7,5,5,5,5,5,7)
  ,(0.,0.223052347017,0.328552237994,0.410465689064,0.638641835401,
    0.880131871349,1.),.UNSPECIFIED.);
#2523 = CARTESIAN_POINT('',(-3.943314703321,-1.9,-8.642931745107));
#2524 = CARTESIAN_POINT('',(-3.943314703321,-2.007528013852,
    -8.642931745107));
#2525 = CARTESIAN_POINT('',(-3.957501786344,-2.114073605299,
    -8.636458640651));
#2526 = CARTESIAN_POINT('',(-3.985392808961,-2.218461213109,
    -8.623734701697));
#2527 = CARTESIAN_POINT('',(-4.025701508177,-2.319489268522,
    -8.605129928224));
#2528 = CARTESIAN_POINT('',(-4.076344844385,-2.415913699556,
    -8.581234414032));
#2529 = CARTESIAN_POINT('',(-4.161996876744,-2.549322003158,
    -8.539831098065));
#2530 = CARTESIAN_POINT('',(-4.191301696381,-2.591041235542,
    -8.525534678179));
#2531 = CARTESIAN_POINT('',(-4.222232912303,-2.631637965963,
    -8.510287721122));
#2532 = CARTESIAN_POINT('',(-4.254629026225,-2.671110541353,
    -8.494137107627));
#2533 = CARTESIAN_POINT('',(-4.288342136593,-2.709459266002,
    -8.477125543924));
#2534 = CARTESIAN_POINT('',(-4.350332142593,-2.77559072666,
    -8.44544469408));
#2535 = CARTESIAN_POINT('',(-4.378144238306,-2.803824122248,
    -8.43109957771));
#2536 = CARTESIAN_POINT('',(-4.406616768676,-2.83139232198,
    -8.416271631417));
#2537 = CARTESIAN_POINT('',(-4.435698117764,-2.858301152188,
    -8.400974184894));
#2538 = CARTESIAN_POINT('',(-4.465342510743,-2.884556531876,
    -8.385218478728));
#2539 = CARTESIAN_POINT('',(-4.579543887737,-2.981497339066,
    -8.323873921954));
#2540 = CARTESIAN_POINT('',(-4.667684911553,-3.04784724828,
    -8.275223243914));
#2541 = CARTESIAN_POINT('',(-4.759011433457,-3.109276469334,
    -8.223285905287));
#2542 = CARTESIAN_POINT('',(-4.852879377644,-3.165835380485,
    -8.168195234256));
#2543 = CARTESIAN_POINT('',(-4.948845208895,-3.217519124347,
    -8.11000868514));
#2544 = CARTESIAN_POINT('',(-5.150035848724,-3.313654607835,
    -7.98386116331));
#2545 = CARTESIAN_POINT('',(-5.255451345205,-3.357497603781,
    -7.915541951317));
#2546 = CARTESIAN_POINT('',(-5.362287888443,-3.395554260894,
    -7.843871519743));
#2547 = CARTESIAN_POINT('',(-5.470085031491,-3.427541080256,
    -7.768943637013));
#2548 = CARTESIAN_POINT('',(-5.578418445888,-3.453075209967,
    -7.690875810729));
#2549 = CARTESIAN_POINT('',(-5.740670531746,-3.480884313839,
    -7.56962458295));
#2550 = CARTESIAN_POINT('',(-5.794507124651,-3.48839518515,
    -7.528680642474));
#2551 = CARTESIAN_POINT('',(-5.848283777544,-3.494128815504,
    -7.487051693657));
#2552 = CARTESIAN_POINT('',(-5.901925756193,-3.498019654312,
    -7.444781487018));
#2553 = CARTESIAN_POINT('',(-5.955358582305,-3.5,-7.401919511295));
#2554 = CARTESIAN_POINT('',(-6.008508033527,-3.5,-7.35852099345));
#2555 = PCURVE('',#77,#2556);
#2556 = DEFINITIONAL_REPRESENTATION('',(#2557),#2590);
#2557 = B_SPLINE_CURVE_WITH_KNOTS('',6,(#2558,#2559,#2560,#2561,#2562,
    #2563,#2564,#2565,#2566,#2567,#2568,#2569,#2570,#2571,#2572,#2573,
    #2574,#2575,#2576,#2577,#2578,#2579,#2580,#2581,#2582,#2583,#2584,
    #2585,#2586,#2587,#2588,#2589),.UNSPECIFIED.,.F.,.F.,(7,5,5,5,5,5,7)
  ,(0.,0.223052347017,0.328552237994,0.410465689064,0.638641835401,
    0.880131871349,1.),.UNSPECIFIED.);
#2558 = CARTESIAN_POINT('',(-5.140426043712,5.4));
#2559 = CARTESIAN_POINT('',(-5.140426043712,5.507528013852));
#2560 = CARTESIAN_POINT('',(-5.142067514287,5.614073605299));
#2561 = CARTESIAN_POINT('',(-5.145294529734,5.718461213109));
#2562 = CARTESIAN_POINT('',(-5.149967563011,5.819489268522));
#2563 = CARTESIAN_POINT('',(-5.155861789936,5.915913699556));
#2564 = CARTESIAN_POINT('',(-5.165875910283,6.049322003158));
#2565 = CARTESIAN_POINT('',(-5.169308112748,6.091041235542));
#2566 = CARTESIAN_POINT('',(-5.172938056254,6.131637965963));
#2567 = CARTESIAN_POINT('',(-5.176748389207,6.171110541353));
#2568 = CARTESIAN_POINT('',(-5.180723281929,6.209459266002));
#2569 = CARTESIAN_POINT('',(-5.188051319454,6.27559072666));
#2570 = CARTESIAN_POINT('',(-5.191345368885,6.303824122248));
#2571 = CARTESIAN_POINT('',(-5.194724510489,6.33139232198));
#2572 = CARTESIAN_POINT('',(-5.198183343319,6.358301152188));
#2573 = CARTESIAN_POINT('',(-5.201717129941,6.384556531876));
#2574 = CARTESIAN_POINT('',(-5.215362869042,6.481497339066));
#2575 = CARTESIAN_POINT('',(-5.225959684598,6.54784724828));
#2576 = CARTESIAN_POINT('',(-5.237017450247,6.609276469334));
#2577 = CARTESIAN_POINT('',(-5.24847259034,6.665835380485));
#2578 = CARTESIAN_POINT('',(-5.260284740195,6.717519124347));
#2579 = CARTESIAN_POINT('',(-5.285281331833,6.813654607835));
#2580 = CARTESIAN_POINT('',(-5.298502821107,6.857497603781));
#2581 = CARTESIAN_POINT('',(-5.312042245974,6.895554260894));
#2582 = CARTESIAN_POINT('',(-5.325858240884,6.927541080256));
#2583 = CARTESIAN_POINT('',(-5.339912095461,6.953075209967));
#2584 = CARTESIAN_POINT('',(-5.361233433168,6.980884313839));
#2585 = CARTESIAN_POINT('',(-5.368352875677,6.98839518515));
#2586 = CARTESIAN_POINT('',(-5.375511075028,6.994128815504));
#2587 = CARTESIAN_POINT('',(-5.38269964225,6.998019654312));
#2588 = CARTESIAN_POINT('',(-5.389909865428,7.));
#2589 = CARTESIAN_POINT('',(-5.397132709701,7.));
#2590 = ( GEOMETRIC_REPRESENTATION_CONTEXT(2) 
PARAMETRIC_REPRESENTATION_CONTEXT() REPRESENTATION_CONTEXT('2D SPACE',''
  ) );
#2591 = PCURVE('',#2008,#2592);
#2592 = DEFINITIONAL_REPRESENTATION('',(#2593),#2626);
#2593 = B_SPLINE_CURVE_WITH_KNOTS('',6,(#2594,#2595,#2596,#2597,#2598,
    #2599,#2600,#2601,#2602,#2603,#2604,#2605,#2606,#2607,#2608,#2609,
    #2610,#2611,#2612,#2613,#2614,#2615,#2616,#2617,#2618,#2619,#2620,
    #2621,#2622,#2623,#2624,#2625),.UNSPECIFIED.,.F.,.F.,(7,5,5,5,5,5,7)
  ,(0.,0.223052347017,0.328552237994,0.410465689064,0.638641835401,
    0.880131871349,1.),.UNSPECIFIED.);
#2594 = CARTESIAN_POINT('',(0.,3.995383846177));
#2595 = CARTESIAN_POINT('',(6.720500865761E-02,3.995383846177));
#2596 = CARTESIAN_POINT('',(0.133795866385,4.008344395334));
#2597 = CARTESIAN_POINT('',(0.199585133159,4.03382441408));
#2598 = CARTESIAN_POINT('',(0.26431502456,4.070613942314));
#2599 = CARTESIAN_POINT('',(0.327600835866,4.116752044371));
#2600 = CARTESIAN_POINT('',(0.417705033401,4.19462526616));
#2601 = CARTESIAN_POINT('',(0.446293929793,4.221247615366));
#2602 = CARTESIAN_POINT('',(0.474561035754,4.249322205981));
#2603 = CARTESIAN_POINT('',(0.502527175514,4.2786971884));
#2604 = CARTESIAN_POINT('',(0.530211741836,4.3092334608));
#2605 = CARTESIAN_POINT('',(0.578923191836,4.365317553511));
#2606 = CARTESIAN_POINT('',(0.600058795192,4.390458796285));
#2607 = CARTESIAN_POINT('',(0.621051630724,4.416174170381));
#2608 = CARTESIAN_POINT('',(0.641913931433,4.442414877532));
#2609 = CARTESIAN_POINT('',(0.662658038673,4.469137548283));
#2610 = CARTESIAN_POINT('',(0.740786132898,4.571979132952));
#2611 = CARTESIAN_POINT('',(0.797488826204,4.651142673183));
#2612 = CARTESIAN_POINT('',(0.853630818148,4.732921312094));
#2613 = CARTESIAN_POINT('',(0.909439144151,4.816700822676));
#2614 = CARTESIAN_POINT('',(0.965150068258,4.902052695475));
#2615 = CARTESIAN_POINT('',(1.080144981617,5.080321865417));
#2616 = CARTESIAN_POINT('',(1.139434880719,5.173369717977));
#2617 = CARTESIAN_POINT('',(1.199092187055,5.267280824044));
#2618 = CARTESIAN_POINT('',(1.259316893217,5.361615826454));
#2619 = CARTESIAN_POINT('',(1.320313559705,5.455974835896));
#2620 = CARTESIAN_POINT('',(1.413069285953,5.596600816769));
#2621 = CARTESIAN_POINT('',(1.444076843673,5.643147150347));
#2622 = CARTESIAN_POINT('',(1.475337513568,5.689524094458));
#2623 = CARTESIAN_POINT('',(1.506866528614,5.735664929106));
#2624 = CARTESIAN_POINT('',(1.538680281934,5.781504110284));
#2625 = CARTESIAN_POINT('',(1.570796326795,5.826977269975));
#2626 = ( GEOMETRIC_REPRESENTATION_CONTEXT(2) 
PARAMETRIC_REPRESENTATION_CONTEXT() REPRESENTATION_CONTEXT('2D SPACE',''
  ) );
#2627 = ORIENTED_EDGE('',*,*,#2025,.T.);
#2628 = ADVANCED_FACE('',(#2629),#318,.T.);
#2629 = FACE_BOUND('',#2630,.F.);
#2630 = EDGE_LOOP('',(#2631,#2741,#2742));
#2631 = ORIENTED_EDGE('',*,*,#2632,.T.);
#2632 = EDGE_CURVE('',#2633,#298,#2635,.T.);
#2633 = VERTEX_POINT('',#2634);
#2634 = CARTESIAN_POINT('',(-5.830951900827,-3.491133653453,
    -7.500000001203));
#2635 = SURFACE_CURVE('',#2636,(#2669,#2705),.PCURVE_S1.);
#2636 = B_SPLINE_CURVE_WITH_KNOTS('',6,(#2637,#2638,#2639,#2640,#2641,
    #2642,#2643,#2644,#2645,#2646,#2647,#2648,#2649,#2650,#2651,#2652,
    #2653,#2654,#2655,#2656,#2657,#2658,#2659,#2660,#2661,#2662,#2663,
    #2664,#2665,#2666,#2667,#2668),.UNSPECIFIED.,.F.,.F.,(7,5,5,5,5,5,7)
  ,(0.,0.223052347017,0.328552237994,0.410465689064,0.638641835401,
    0.880131871349,1.),.UNSPECIFIED.);
#2637 = CARTESIAN_POINT('',(-3.943314703321,-1.9,-8.642931745107));
#2638 = CARTESIAN_POINT('',(-3.943314703321,-2.007528013852,
    -8.642931745107));
#2639 = CARTESIAN_POINT('',(-3.957501786344,-2.114073605299,
    -8.636458640651));
#2640 = CARTESIAN_POINT('',(-3.985392808961,-2.218461213109,
    -8.623734701697));
#2641 = CARTESIAN_POINT('',(-4.025701508177,-2.319489268522,
    -8.605129928224));
#2642 = CARTESIAN_POINT('',(-4.076344844385,-2.415913699556,
    -8.581234414032));
#2643 = CARTESIAN_POINT('',(-4.161996876744,-2.549322003158,
    -8.539831098065));
#2644 = CARTESIAN_POINT('',(-4.191301696381,-2.591041235542,
    -8.525534678179));
#2645 = CARTESIAN_POINT('',(-4.222232912303,-2.631637965963,
    -8.510287721122));
#2646 = CARTESIAN_POINT('',(-4.254629026225,-2.671110541353,
    -8.494137107627));
#2647 = CARTESIAN_POINT('',(-4.288342136593,-2.709459266002,
    -8.477125543924));
#2648 = CARTESIAN_POINT('',(-4.350332142593,-2.77559072666,
    -8.44544469408));
#2649 = CARTESIAN_POINT('',(-4.378144238306,-2.803824122248,
    -8.43109957771));
#2650 = CARTESIAN_POINT('',(-4.406616768676,-2.83139232198,
    -8.416271631417));
#2651 = CARTESIAN_POINT('',(-4.435698117764,-2.858301152188,
    -8.400974184894));
#2652 = CARTESIAN_POINT('',(-4.465342510743,-2.884556531876,
    -8.385218478728));
#2653 = CARTESIAN_POINT('',(-4.579543887737,-2.981497339066,
    -8.323873921954));
#2654 = CARTESIAN_POINT('',(-4.667684911553,-3.04784724828,
    -8.275223243914));
#2655 = CARTESIAN_POINT('',(-4.759011433457,-3.109276469334,
    -8.223285905287));
#2656 = CARTESIAN_POINT('',(-4.852879377644,-3.165835380485,
    -8.168195234256));
#2657 = CARTESIAN_POINT('',(-4.948845208895,-3.217519124347,
    -8.11000868514));
#2658 = CARTESIAN_POINT('',(-5.150035848724,-3.313654607835,
    -7.98386116331));
#2659 = CARTESIAN_POINT('',(-5.255451345205,-3.357497603781,
    -7.915541951317));
#2660 = CARTESIAN_POINT('',(-5.362287888443,-3.395554260894,
    -7.843871519743));
#2661 = CARTESIAN_POINT('',(-5.470085031491,-3.427541080256,
    -7.768943637013));
#2662 = CARTESIAN_POINT('',(-5.578418445888,-3.453075209967,
    -7.690875810729));
#2663 = CARTESIAN_POINT('',(-5.740670531746,-3.480884313839,
    -7.56962458295));
#2664 = CARTESIAN_POINT('',(-5.794507124651,-3.48839518515,
    -7.528680642474));
#2665 = CARTESIAN_POINT('',(-5.848283777544,-3.494128815504,
    -7.487051693657));
#2666 = CARTESIAN_POINT('',(-5.901925756193,-3.498019654312,
    -7.444781487018));
#2667 = CARTESIAN_POINT('',(-5.955358582305,-3.5,-7.401919511295));
#2668 = CARTESIAN_POINT('',(-6.008508033527,-3.5,-7.35852099345));
#2669 = PCURVE('',#318,#2670);
#2670 = DEFINITIONAL_REPRESENTATION('',(#2671),#2704);
#2671 = B_SPLINE_CURVE_WITH_KNOTS('',6,(#2672,#2673,#2674,#2675,#2676,
    #2677,#2678,#2679,#2680,#2681,#2682,#2683,#2684,#2685,#2686,#2687,
    #2688,#2689,#2690,#2691,#2692,#2693,#2694,#2695,#2696,#2697,#2698,
    #2699,#2700,#2701,#2702,#2703),.UNSPECIFIED.,.F.,.F.,(7,5,5,5,5,5,7)
  ,(0.,0.223052347017,0.328552237994,0.410465689064,0.638641835401,
    0.880131871349,1.),.UNSPECIFIED.);
#2672 = CARTESIAN_POINT('',(-5.140426043712,5.4));
#2673 = CARTESIAN_POINT('',(-5.140426043712,5.507528013852));
#2674 = CARTESIAN_POINT('',(-5.142067514287,5.614073605299));
#2675 = CARTESIAN_POINT('',(-5.145294529734,5.718461213109));
#2676 = CARTESIAN_POINT('',(-5.149967563011,5.819489268522));
#2677 = CARTESIAN_POINT('',(-5.155861789936,5.915913699556));
#2678 = CARTESIAN_POINT('',(-5.165875910283,6.049322003158));
#2679 = CARTESIAN_POINT('',(-5.169308112748,6.091041235542));
#2680 = CARTESIAN_POINT('',(-5.172938056254,6.131637965963));
#2681 = CARTESIAN_POINT('',(-5.176748389207,6.171110541353));
#2682 = CARTESIAN_POINT('',(-5.180723281929,6.209459266002));
#2683 = CARTESIAN_POINT('',(-5.188051319454,6.27559072666));
#2684 = CARTESIAN_POINT('',(-5.191345368885,6.303824122248));
#2685 = CARTESIAN_POINT('',(-5.194724510489,6.33139232198));
#2686 = CARTESIAN_POINT('',(-5.198183343319,6.358301152188));
#2687 = CARTESIAN_POINT('',(-5.201717129941,6.384556531876));
#2688 = CARTESIAN_POINT('',(-5.215362869042,6.481497339066));
#2689 = CARTESIAN_POINT('',(-5.225959684598,6.54784724828));
#2690 = CARTESIAN_POINT('',(-5.237017450247,6.609276469334));
#2691 = CARTESIAN_POINT('',(-5.24847259034,6.665835380485));
#2692 = CARTESIAN_POINT('',(-5.260284740195,6.717519124347));
#2693 = CARTESIAN_POINT('',(-5.285281331833,6.813654607835));
#2694 = CARTESIAN_POINT('',(-5.298502821107,6.857497603781));
#2695 = CARTESIAN_POINT('',(-5.312042245974,6.895554260894));
#2696 = CARTESIAN_POINT('',(-5.325858240884,6.927541080256));
#2697 = CARTESIAN_POINT('',(-5.339912095461,6.953075209967));
#2698 = CARTESIAN_POINT('',(-5.361233433168,6.980884313839));
#2699 = CARTESIAN_POINT('',(-5.368352875677,6.98839518515));
#2700 = CARTESIAN_POINT('',(-5.375511075028,6.994128815504));
#2701 = CARTESIAN_POINT('',(-5.38269964225,6.998019654312));
#2702 = CARTESIAN_POINT('',(-5.389909865428,7.));
#2703 = CARTESIAN_POINT('',(-5.397132709701,7.));
#2704 = ( GEOMETRIC_REPRESENTATION_CONTEXT(2) 
PARAMETRIC_REPRESENTATION_CONTEXT() REPRESENTATION_CONTEXT('2D SPACE',''
  ) );
#2705 = PCURVE('',#346,#2706);
#2706 = DEFINITIONAL_REPRESENTATION('',(#2707),#2740);
#2707 = B_SPLINE_CURVE_WITH_KNOTS('',6,(#2708,#2709,#2710,#2711,#2712,
    #2713,#2714,#2715,#2716,#2717,#2718,#2719,#2720,#2721,#2722,#2723,
    #2724,#2725,#2726,#2727,#2728,#2729,#2730,#2731,#2732,#2733,#2734,
    #2735,#2736,#2737,#2738,#2739),.UNSPECIFIED.,.F.,.F.,(7,5,5,5,5,5,7)
  ,(0.,0.223052347017,0.328552237994,0.410465689064,0.638641835401,
    0.880131871349,1.),.UNSPECIFIED.);
#2708 = CARTESIAN_POINT('',(0.,3.995383846177));
#2709 = CARTESIAN_POINT('',(6.720500865761E-02,3.995383846177));
#2710 = CARTESIAN_POINT('',(0.133795866385,4.008344395334));
#2711 = CARTESIAN_POINT('',(0.199585133159,4.03382441408));
#2712 = CARTESIAN_POINT('',(0.26431502456,4.070613942314));
#2713 = CARTESIAN_POINT('',(0.327600835866,4.116752044371));
#2714 = CARTESIAN_POINT('',(0.417705033401,4.19462526616));
#2715 = CARTESIAN_POINT('',(0.446293929793,4.221247615366));
#2716 = CARTESIAN_POINT('',(0.474561035754,4.249322205981));
#2717 = CARTESIAN_POINT('',(0.502527175514,4.2786971884));
#2718 = CARTESIAN_POINT('',(0.530211741836,4.3092334608));
#2719 = CARTESIAN_POINT('',(0.578923191836,4.365317553511));
#2720 = CARTESIAN_POINT('',(0.600058795192,4.390458796285));
#2721 = CARTESIAN_POINT('',(0.621051630724,4.416174170381));
#2722 = CARTESIAN_POINT('',(0.641913931433,4.442414877532));
#2723 = CARTESIAN_POINT('',(0.662658038673,4.469137548283));
#2724 = CARTESIAN_POINT('',(0.740786132898,4.571979132952));
#2725 = CARTESIAN_POINT('',(0.797488826204,4.651142673183));
#2726 = CARTESIAN_POINT('',(0.853630818148,4.732921312094));
#2727 = CARTESIAN_POINT('',(0.909439144151,4.816700822676));
#2728 = CARTESIAN_POINT('',(0.965150068258,4.902052695475));
#2729 = CARTESIAN_POINT('',(1.080144981617,5.080321865417));
#2730 = CARTESIAN_POINT('',(1.139434880719,5.173369717977));
#2731 = CARTESIAN_POINT('',(1.199092187055,5.267280824044));
#2732 = CARTESIAN_POINT('',(1.259316893217,5.361615826454));
#2733 = CARTESIAN_POINT('',(1.320313559705,5.455974835896));
#2734 = CARTESIAN_POINT('',(1.413069285953,5.596600816769));
#2735 = CARTESIAN_POINT('',(1.444076843673,5.643147150347));
#2736 = CARTESIAN_POINT('',(1.475337513568,5.689524094458));
#2737 = CARTESIAN_POINT('',(1.506866528614,5.735664929106));
#2738 = CARTESIAN_POINT('',(1.538680281934,5.781504110284));
#2739 = CARTESIAN_POINT('',(1.570796326795,5.826977269975));
#2740 = ( GEOMETRIC_REPRESENTATION_CONTEXT(2) 
PARAMETRIC_REPRESENTATION_CONTEXT() REPRESENTATION_CONTEXT('2D SPACE',''
  ) );
#2741 = ORIENTED_EDGE('',*,*,#295,.F.);
#2742 = ORIENTED_EDGE('',*,*,#2743,.F.);
#2743 = EDGE_CURVE('',#2633,#296,#2744,.T.);
#2744 = SURFACE_CURVE('',#2745,(#2749,#2756),.PCURVE_S1.);
#2745 = LINE('',#2746,#2747);
#2746 = CARTESIAN_POINT('',(-5.830951894845,3.5,-7.5));
#2747 = VECTOR('',#2748,1.);
#2748 = DIRECTION('',(-0.,-1.,2.22044604925E-16));
#2749 = PCURVE('',#318,#2750);
#2750 = DEFINITIONAL_REPRESENTATION('',(#2751),#2755);
#2751 = LINE('',#2752,#2753);
#2752 = CARTESIAN_POINT('',(-5.373234276208,-1.665334536938E-15));
#2753 = VECTOR('',#2754,1.);
#2754 = DIRECTION('',(-0.,1.));
#2755 = ( GEOMETRIC_REPRESENTATION_CONTEXT(2) 
PARAMETRIC_REPRESENTATION_CONTEXT() REPRESENTATION_CONTEXT('2D SPACE',''
  ) );
#2756 = PCURVE('',#372,#2757);
#2757 = DEFINITIONAL_REPRESENTATION('',(#2758),#2762);
#2758 = LINE('',#2759,#2760);
#2759 = CARTESIAN_POINT('',(-1.830951894845,7.));
#2760 = VECTOR('',#2761,1.);
#2761 = DIRECTION('',(-0.,-1.));
#2762 = ( GEOMETRIC_REPRESENTATION_CONTEXT(2) 
PARAMETRIC_REPRESENTATION_CONTEXT() REPRESENTATION_CONTEXT('2D SPACE',''
  ) );
#2763 = ADVANCED_FACE('',(#2764),#372,.T.);
#2764 = FACE_BOUND('',#2765,.F.);
#2765 = EDGE_LOOP('',(#2766,#2767,#2768));
#2766 = ORIENTED_EDGE('',*,*,#2743,.T.);
#2767 = ORIENTED_EDGE('',*,*,#358,.T.);
#2768 = ORIENTED_EDGE('',*,*,#2769,.F.);
#2769 = EDGE_CURVE('',#2633,#331,#2770,.T.);
#2770 = SURFACE_CURVE('',#2771,(#2776,#2787),.PCURVE_S1.);
#2771 = ELLIPSE('',#2772,9.942912607034,1.6);
#2772 = AXIS2_PLACEMENT_3D('',#2773,#2774,#2775);
#2773 = CARTESIAN_POINT('',(-6.876245940367,-1.9,-7.5));
#2774 = DIRECTION('',(0.,0.,-1.));
#2775 = DIRECTION('',(-1.,-1.810146235802E-17,-0.));
#2776 = PCURVE('',#372,#2777);
#2777 = DEFINITIONAL_REPRESENTATION('',(#2778),#2786);
#2778 = ( BOUNDED_CURVE() B_SPLINE_CURVE(2,(#2779,#2780,#2781,#2782,
#2783,#2784,#2785),.UNSPECIFIED.,.T.,.F.) B_SPLINE_CURVE_WITH_KNOTS((1,2
    ,2,2,2,1),(-2.094395102393,0.,2.094395102393,4.188790204786,
6.28318530718,8.377580409573),.UNSPECIFIED.) CURVE() 
GEOMETRIC_REPRESENTATION_ITEM() RATIONAL_B_SPLINE_CURVE((1.,0.5,1.,0.5,
1.,0.5,1.)) REPRESENTATION_ITEM('') );
#2779 = CARTESIAN_POINT('',(-12.8191585474,1.6));
#2780 = CARTESIAN_POINT('',(-12.8191585474,4.37128129211));
#2781 = CARTESIAN_POINT('',(2.09521036315,2.985640646055));
#2782 = CARTESIAN_POINT('',(17.0095792737,1.6));
#2783 = CARTESIAN_POINT('',(2.09521036315,0.214359353945));
#2784 = CARTESIAN_POINT('',(-12.8191585474,-1.17128129211));
#2785 = CARTESIAN_POINT('',(-12.8191585474,1.6));
#2786 = ( GEOMETRIC_REPRESENTATION_CONTEXT(2) 
PARAMETRIC_REPRESENTATION_CONTEXT() REPRESENTATION_CONTEXT('2D SPACE',''
  ) );
#2787 = PCURVE('',#346,#2788);
#2788 = DEFINITIONAL_REPRESENTATION('',(#2789),#2796);
#2789 = B_SPLINE_CURVE_WITH_KNOTS('',5,(#2790,#2791,#2792,#2793,#2794,
    #2795),.UNSPECIFIED.,.F.,.F.,(6,6),(4.333664845991,4.712388980385),
  .PIECEWISE_BEZIER_KNOTS.);
#2790 = CARTESIAN_POINT('',(1.192072192401,3.07783723705));
#2791 = CARTESIAN_POINT('',(1.26781701928,3.768473441572));
#2792 = CARTESIAN_POINT('',(1.343561846159,4.485130430661));
#2793 = CARTESIAN_POINT('',(1.419306673037,5.219554527748));
#2794 = CARTESIAN_POINT('',(1.495051499916,5.962863909199));
#2795 = CARTESIAN_POINT('',(1.570796326795,6.706173143635));
#2796 = ( GEOMETRIC_REPRESENTATION_CONTEXT(2) 
PARAMETRIC_REPRESENTATION_CONTEXT() REPRESENTATION_CONTEXT('2D SPACE',''
  ) );
#2797 = ADVANCED_FACE('',(#2798),#346,.T.);
#2798 = FACE_BOUND('',#2799,.T.);
#2799 = EDGE_LOOP('',(#2800,#2801,#2802));
#2800 = ORIENTED_EDGE('',*,*,#2632,.T.);
#2801 = ORIENTED_EDGE('',*,*,#330,.T.);
#2802 = ORIENTED_EDGE('',*,*,#2769,.F.);
#2803 = ADVANCED_FACE('',(#2804),#407,.F.);
#2804 = FACE_BOUND('',#2805,.T.);
#2805 = EDGE_LOOP('',(#2806,#2807,#2830,#2856));
#2806 = ORIENTED_EDGE('',*,*,#386,.F.);
#2807 = ORIENTED_EDGE('',*,*,#2808,.F.);
#2808 = EDGE_CURVE('',#2809,#387,#2811,.T.);
#2809 = VERTEX_POINT('',#2810);
#2810 = CARTESIAN_POINT('',(-2.8,3.5,-4.637576025975E-16));
#2811 = SEAM_CURVE('',#2812,(#2816,#2823),.PCURVE_S1.);
#2812 = LINE('',#2813,#2814);
#2813 = CARTESIAN_POINT('',(-2.8,4.5,-6.858022075225E-16));
#2814 = VECTOR('',#2815,1.);
#2815 = DIRECTION('',(0.,-1.,2.22044604925E-16));
#2816 = PCURVE('',#407,#2817);
#2817 = DEFINITIONAL_REPRESENTATION('',(#2818),#2822);
#2818 = LINE('',#2819,#2820);
#2819 = CARTESIAN_POINT('',(-6.28318530718,-0.));
#2820 = VECTOR('',#2821,1.);
#2821 = DIRECTION('',(-0.,1.));
#2822 = ( GEOMETRIC_REPRESENTATION_CONTEXT(2) 
PARAMETRIC_REPRESENTATION_CONTEXT() REPRESENTATION_CONTEXT('2D SPACE',''
  ) );
#2823 = PCURVE('',#407,#2824);
#2824 = DEFINITIONAL_REPRESENTATION('',(#2825),#2829);
#2825 = LINE('',#2826,#2827);
#2826 = CARTESIAN_POINT('',(-0.,-0.));
#2827 = VECTOR('',#2828,1.);
#2828 = DIRECTION('',(-0.,1.));
#2829 = ( GEOMETRIC_REPRESENTATION_CONTEXT(2) 
PARAMETRIC_REPRESENTATION_CONTEXT() REPRESENTATION_CONTEXT('2D SPACE',''
  ) );
#2830 = ORIENTED_EDGE('',*,*,#2831,.T.);
#2831 = EDGE_CURVE('',#2809,#2809,#2832,.T.);
#2832 = SURFACE_CURVE('',#2833,(#2838,#2845),.PCURVE_S1.);
#2833 = CIRCLE('',#2834,2.8);
#2834 = AXIS2_PLACEMENT_3D('',#2835,#2836,#2837);
#2835 = CARTESIAN_POINT('',(0.,3.5,2.22044604925E-16));
#2836 = DIRECTION('',(0.,1.,-2.22044604925E-16));
#2837 = DIRECTION('',(-1.,-0.,-0.));
#2838 = PCURVE('',#407,#2839);
#2839 = DEFINITIONAL_REPRESENTATION('',(#2840),#2844);
#2840 = LINE('',#2841,#2842);
#2841 = CARTESIAN_POINT('',(-0.,1.));
#2842 = VECTOR('',#2843,1.);
#2843 = DIRECTION('',(-1.,0.));
#2844 = ( GEOMETRIC_REPRESENTATION_CONTEXT(2) 
PARAMETRIC_REPRESENTATION_CONTEXT() REPRESENTATION_CONTEXT('2D SPACE',''
  ) );
#2845 = PCURVE('',#774,#2846);
#2846 = DEFINITIONAL_REPRESENTATION('',(#2847),#2855);
#2847 = ( BOUNDED_CURVE() B_SPLINE_CURVE(2,(#2848,#2849,#2850,#2851,
#2852,#2853,#2854),.UNSPECIFIED.,.T.,.F.) B_SPLINE_CURVE_WITH_KNOTS((1,2
    ,2,2,2,1),(-2.094395102393,0.,2.094395102393,4.188790204786,
6.28318530718,8.377580409573),.UNSPECIFIED.) CURVE() 
GEOMETRIC_REPRESENTATION_ITEM() RATIONAL_B_SPLINE_CURVE((1.,0.5,1.,0.5,
1.,0.5,1.)) REPRESENTATION_ITEM('') );
#2848 = CARTESIAN_POINT('',(-2.8,2.22044604925E-16));
#2849 = CARTESIAN_POINT('',(-2.8,4.849742261193));
#2850 = CARTESIAN_POINT('',(1.4,2.424871130596));
#2851 = CARTESIAN_POINT('',(5.6,9.078468124475E-16));
#2852 = CARTESIAN_POINT('',(1.4,-2.424871130596));
#2853 = CARTESIAN_POINT('',(-2.8,-4.849742261193));
#2854 = CARTESIAN_POINT('',(-2.8,2.22044604925E-16));
#2855 = ( GEOMETRIC_REPRESENTATION_CONTEXT(2) 
PARAMETRIC_REPRESENTATION_CONTEXT() REPRESENTATION_CONTEXT('2D SPACE',''
  ) );
#2856 = ORIENTED_EDGE('',*,*,#2808,.T.);
#2857 = ADVANCED_FACE('',(#2858),#440,.T.);
#2858 = FACE_BOUND('',#2859,.F.);
#2859 = EDGE_LOOP('',(#2860,#2883,#2884,#2885));
#2860 = ORIENTED_EDGE('',*,*,#2861,.F.);
#2861 = EDGE_CURVE('',#425,#2862,#2864,.T.);
#2862 = VERTEX_POINT('',#2863);
#2863 = CARTESIAN_POINT('',(-1.874145879602,1.9,9.674061586156));
#2864 = SURFACE_CURVE('',#2865,(#2869,#2876),.PCURVE_S1.);
#2865 = LINE('',#2866,#2867);
#2866 = CARTESIAN_POINT('',(-1.874145879602,-3.5,9.674061586156));
#2867 = VECTOR('',#2868,1.);
#2868 = DIRECTION('',(-0.,1.,-1.110223024625E-16));
#2869 = PCURVE('',#440,#2870);
#2870 = DEFINITIONAL_REPRESENTATION('',(#2871),#2875);
#2871 = LINE('',#2872,#2873);
#2872 = CARTESIAN_POINT('',(-184.8596032573,3.5));
#2873 = VECTOR('',#2874,1.);
#2874 = DIRECTION('',(-0.,-1.));
#2875 = ( GEOMETRIC_REPRESENTATION_CONTEXT(2) 
PARAMETRIC_REPRESENTATION_CONTEXT() REPRESENTATION_CONTEXT('2D SPACE',''
  ) );
#2876 = PCURVE('',#2177,#2877);
#2877 = DEFINITIONAL_REPRESENTATION('',(#2878),#2882);
#2878 = LINE('',#2879,#2880);
#2879 = CARTESIAN_POINT('',(-1.742987141318,0.));
#2880 = VECTOR('',#2881,1.);
#2881 = DIRECTION('',(-0.,1.));
#2882 = ( GEOMETRIC_REPRESENTATION_CONTEXT(2) 
PARAMETRIC_REPRESENTATION_CONTEXT() REPRESENTATION_CONTEXT('2D SPACE',''
  ) );
#2883 = ORIENTED_EDGE('',*,*,#422,.F.);
#2884 = ORIENTED_EDGE('',*,*,#634,.F.);
#2885 = ORIENTED_EDGE('',*,*,#2886,.T.);
#2886 = EDGE_CURVE('',#635,#2862,#2887,.T.);
#2887 = SURFACE_CURVE('',#2888,(#2892,#2899),.PCURVE_S1.);
#2888 = LINE('',#2889,#2890);
#2889 = CARTESIAN_POINT('',(-184.,1.9,-22.));
#2890 = VECTOR('',#2891,1.);
#2891 = DIRECTION('',(0.98521175482,1.902269172752E-17,0.171341174751));
#2892 = PCURVE('',#440,#2893);
#2893 = DEFINITIONAL_REPRESENTATION('',(#2894),#2898);
#2894 = LINE('',#2895,#2896);
#2895 = CARTESIAN_POINT('',(-0.,-1.9));
#2896 = VECTOR('',#2897,1.);
#2897 = DIRECTION('',(-1.,0.));
#2898 = ( GEOMETRIC_REPRESENTATION_CONTEXT(2) 
PARAMETRIC_REPRESENTATION_CONTEXT() REPRESENTATION_CONTEXT('2D SPACE',''
  ) );
#2899 = PCURVE('',#721,#2900);
#2900 = DEFINITIONAL_REPRESENTATION('',(#2901),#2905);
#2901 = LINE('',#2902,#2903);
#2902 = CARTESIAN_POINT('',(-0.,0.));
#2903 = VECTOR('',#2904,1.);
#2904 = DIRECTION('',(-0.,1.));
#2905 = ( GEOMETRIC_REPRESENTATION_CONTEXT(2) 
PARAMETRIC_REPRESENTATION_CONTEXT() REPRESENTATION_CONTEXT('2D SPACE',''
  ) );
#2906 = ADVANCED_FACE('',(#2907),#617,.T.);
#2907 = FACE_BOUND('',#2908,.T.);
#2908 = EDGE_LOOP('',(#2909,#2910,#2911));
#2909 = ORIENTED_EDGE('',*,*,#602,.F.);
#2910 = ORIENTED_EDGE('',*,*,#2051,.F.);
#2911 = ORIENTED_EDGE('',*,*,#2912,.F.);
#2912 = EDGE_CURVE('',#425,#2052,#2913,.T.);
#2913 = SURFACE_CURVE('',#2914,(#2919,#2926),.PCURVE_S1.);
#2914 = CIRCLE('',#2915,1.6);
#2915 = AXIS2_PLACEMENT_3D('',#2916,#2917,#2918);
#2916 = CARTESIAN_POINT('',(-1.6,-1.9,8.097722778445));
#2917 = DIRECTION('',(-2.1532115576E-34,1.,-1.110223024625E-16));
#2918 = DIRECTION('',(-0.171341174751,1.093804774332E-16,0.98521175482)
  );
#2919 = PCURVE('',#617,#2920);
#2920 = DEFINITIONAL_REPRESENTATION('',(#2921),#2925);
#2921 = LINE('',#2922,#2923);
#2922 = CARTESIAN_POINT('',(0.,0.));
#2923 = VECTOR('',#2924,1.);
#2924 = DIRECTION('',(1.,0.));
#2925 = ( GEOMETRIC_REPRESENTATION_CONTEXT(2) 
PARAMETRIC_REPRESENTATION_CONTEXT() REPRESENTATION_CONTEXT('2D SPACE',''
  ) );
#2926 = PCURVE('',#2177,#2927);
#2927 = DEFINITIONAL_REPRESENTATION('',(#2928),#2932);
#2928 = LINE('',#2929,#2930);
#2929 = CARTESIAN_POINT('',(-1.742987141318,1.6));
#2930 = VECTOR('',#2931,1.);
#2931 = DIRECTION('',(1.,-0.));
#2932 = ( GEOMETRIC_REPRESENTATION_CONTEXT(2) 
PARAMETRIC_REPRESENTATION_CONTEXT() REPRESENTATION_CONTEXT('2D SPACE',''
  ) );
#2933 = ADVANCED_FACE('',(#2934),#906,.T.);
#2934 = FACE_BOUND('',#2935,.F.);
#2935 = EDGE_LOOP('',(#2936,#2937,#2938,#2961));
#2936 = ORIENTED_EDGE('',*,*,#890,.T.);
#2937 = ORIENTED_EDGE('',*,*,#1101,.F.);
#2938 = ORIENTED_EDGE('',*,*,#2939,.F.);
#2939 = EDGE_CURVE('',#2940,#1017,#2942,.T.);
#2940 = VERTEX_POINT('',#2941);
#2941 = CARTESIAN_POINT('',(-182.6741458796,1.9,-21.76941667471));
#2942 = SURFACE_CURVE('',#2943,(#2947,#2954),.PCURVE_S1.);
#2943 = LINE('',#2944,#2945);
#2944 = CARTESIAN_POINT('',(-182.6741458796,3.5,-21.76941667471));
#2945 = VECTOR('',#2946,1.);
#2946 = DIRECTION('',(-0.,-1.,1.110223024625E-16));
#2947 = PCURVE('',#906,#2948);
#2948 = DEFINITIONAL_REPRESENTATION('',(#2949),#2953);
#2949 = LINE('',#2950,#2951);
#2950 = CARTESIAN_POINT('',(-1.345755482425,-3.5));
#2951 = VECTOR('',#2952,1.);
#2952 = DIRECTION('',(-0.,1.));
#2953 = ( GEOMETRIC_REPRESENTATION_CONTEXT(2) 
PARAMETRIC_REPRESENTATION_CONTEXT() REPRESENTATION_CONTEXT('2D SPACE',''
  ) );
#2954 = PCURVE('',#1566,#2955);
#2955 = DEFINITIONAL_REPRESENTATION('',(#2956),#2960);
#2956 = LINE('',#2957,#2958);
#2957 = CARTESIAN_POINT('',(0.,0.));
#2958 = VECTOR('',#2959,1.);
#2959 = DIRECTION('',(0.,1.));
#2960 = ( GEOMETRIC_REPRESENTATION_CONTEXT(2) 
PARAMETRIC_REPRESENTATION_CONTEXT() REPRESENTATION_CONTEXT('2D SPACE',''
  ) );
#2961 = ORIENTED_EDGE('',*,*,#2962,.T.);
#2962 = EDGE_CURVE('',#2940,#791,#2963,.T.);
#2963 = SURFACE_CURVE('',#2964,(#2968,#2975),.PCURVE_S1.);
#2964 = LINE('',#2965,#2966);
#2965 = CARTESIAN_POINT('',(-184.,1.9,-22.));
#2966 = VECTOR('',#2967,1.);
#2967 = DIRECTION('',(0.98521175482,1.902269172752E-17,0.171341174751));
#2968 = PCURVE('',#906,#2969);
#2969 = DEFINITIONAL_REPRESENTATION('',(#2970),#2974);
#2970 = LINE('',#2971,#2972);
#2971 = CARTESIAN_POINT('',(-0.,-1.9));
#2972 = VECTOR('',#2973,1.);
#2973 = DIRECTION('',(-1.,0.));
#2974 = ( GEOMETRIC_REPRESENTATION_CONTEXT(2) 
PARAMETRIC_REPRESENTATION_CONTEXT() REPRESENTATION_CONTEXT('2D SPACE',''
  ) );
#2975 = PCURVE('',#854,#2976);
#2976 = DEFINITIONAL_REPRESENTATION('',(#2977),#2981);
#2977 = LINE('',#2978,#2979);
#2978 = CARTESIAN_POINT('',(-0.,0.));
#2979 = VECTOR('',#2980,1.);
#2980 = DIRECTION('',(-0.,1.));
#2981 = ( GEOMETRIC_REPRESENTATION_CONTEXT(2) 
PARAMETRIC_REPRESENTATION_CONTEXT() REPRESENTATION_CONTEXT('2D SPACE',''
  ) );
#2982 = ADVANCED_FACE('',(#2983),#854,.T.);
#2983 = FACE_BOUND('',#2984,.F.);
#2984 = EDGE_LOOP('',(#2985,#3007,#3008,#3029,#3030));
#2985 = ORIENTED_EDGE('',*,*,#2986,.F.);
#2986 = EDGE_CURVE('',#1434,#2940,#2987,.T.);
#2987 = SURFACE_CURVE('',#2988,(#2993,#3000),.PCURVE_S1.);
#2988 = CIRCLE('',#2989,1.6);
#2989 = AXIS2_PLACEMENT_3D('',#2990,#2991,#2992);
#2990 = CARTESIAN_POINT('',(-182.4,1.9,-23.34575548242));
#2991 = DIRECTION('',(0.98521175482,1.902269172752E-17,0.171341174751));
#2992 = DIRECTION('',(-0.171341174751,1.093804774332E-16,0.98521175482)
  );
#2993 = PCURVE('',#854,#2994);
#2994 = DEFINITIONAL_REPRESENTATION('',(#2995),#2999);
#2995 = LINE('',#2996,#2997);
#2996 = CARTESIAN_POINT('',(-6.28318530718,1.345755482425));
#2997 = VECTOR('',#2998,1.);
#2998 = DIRECTION('',(1.,-0.));
#2999 = ( GEOMETRIC_REPRESENTATION_CONTEXT(2) 
PARAMETRIC_REPRESENTATION_CONTEXT() REPRESENTATION_CONTEXT('2D SPACE',''
  ) );
#3000 = PCURVE('',#1527,#3001);
#3001 = DEFINITIONAL_REPRESENTATION('',(#3002),#3006);
#3002 = LINE('',#3003,#3004);
#3003 = CARTESIAN_POINT('',(0.,-6.28318530718));
#3004 = VECTOR('',#3005,1.);
#3005 = DIRECTION('',(0.,1.));
#3006 = ( GEOMETRIC_REPRESENTATION_CONTEXT(2) 
PARAMETRIC_REPRESENTATION_CONTEXT() REPRESENTATION_CONTEXT('2D SPACE',''
  ) );
#3007 = ORIENTED_EDGE('',*,*,#1433,.T.);
#3008 = ORIENTED_EDGE('',*,*,#3009,.T.);
#3009 = EDGE_CURVE('',#1410,#758,#3010,.T.);
#3010 = SURFACE_CURVE('',#3011,(#3015,#3022),.PCURVE_S1.);
#3011 = LINE('',#3012,#3013);
#3012 = CARTESIAN_POINT('',(-183.7258541203,3.5,-23.57633880771));
#3013 = VECTOR('',#3014,1.);
#3014 = DIRECTION('',(0.98521175482,1.902269172752E-17,0.171341174751));
#3015 = PCURVE('',#854,#3016);
#3016 = DEFINITIONAL_REPRESENTATION('',(#3017),#3021);
#3017 = LINE('',#3018,#3019);
#3018 = CARTESIAN_POINT('',(-1.570796326795,0.));
#3019 = VECTOR('',#3020,1.);
#3020 = DIRECTION('',(-0.,1.));
#3021 = ( GEOMETRIC_REPRESENTATION_CONTEXT(2) 
PARAMETRIC_REPRESENTATION_CONTEXT() REPRESENTATION_CONTEXT('2D SPACE',''
  ) );
#3022 = PCURVE('',#774,#3023);
#3023 = DEFINITIONAL_REPRESENTATION('',(#3024),#3028);
#3024 = LINE('',#3025,#3026);
#3025 = CARTESIAN_POINT('',(-183.7258541203,-23.57633880771));
#3026 = VECTOR('',#3027,1.);
#3027 = DIRECTION('',(0.98521175482,0.171341174751));
#3028 = ( GEOMETRIC_REPRESENTATION_CONTEXT(2) 
PARAMETRIC_REPRESENTATION_CONTEXT() REPRESENTATION_CONTEXT('2D SPACE',''
  ) );
#3029 = ORIENTED_EDGE('',*,*,#790,.T.);
#3030 = ORIENTED_EDGE('',*,*,#2962,.F.);
#3031 = ADVANCED_FACE('',(#3032,#3083,#3174),#774,.F.);
#3032 = FACE_BOUND('',#3033,.T.);
#3033 = EDGE_LOOP('',(#3034,#3055,#3056,#3057,#3058,#3059,#3080,#3081,
    #3082));
#3034 = ORIENTED_EDGE('',*,*,#3035,.T.);
#3035 = EDGE_CURVE('',#658,#2305,#3036,.T.);
#3036 = SURFACE_CURVE('',#3037,(#3041,#3048),.PCURVE_S1.);
#3037 = LINE('',#3038,#3039);
#3038 = CARTESIAN_POINT('',(-183.7258541203,3.5,-23.57633880771));
#3039 = VECTOR('',#3040,1.);
#3040 = DIRECTION('',(0.98521175482,1.902269172752E-17,0.171341174751));
#3041 = PCURVE('',#774,#3042);
#3042 = DEFINITIONAL_REPRESENTATION('',(#3043),#3047);
#3043 = LINE('',#3044,#3045);
#3044 = CARTESIAN_POINT('',(-183.7258541203,-23.57633880771));
#3045 = VECTOR('',#3046,1.);
#3046 = DIRECTION('',(0.98521175482,0.171341174751));
#3047 = ( GEOMETRIC_REPRESENTATION_CONTEXT(2) 
PARAMETRIC_REPRESENTATION_CONTEXT() REPRESENTATION_CONTEXT('2D SPACE',''
  ) );
#3048 = PCURVE('',#721,#3049);
#3049 = DEFINITIONAL_REPRESENTATION('',(#3050),#3054);
#3050 = LINE('',#3051,#3052);
#3051 = CARTESIAN_POINT('',(-1.570796326795,0.));
#3052 = VECTOR('',#3053,1.);
#3053 = DIRECTION('',(-0.,1.));
#3054 = ( GEOMETRIC_REPRESENTATION_CONTEXT(2) 
PARAMETRIC_REPRESENTATION_CONTEXT() REPRESENTATION_CONTEXT('2D SPACE',''
  ) );
#3055 = ORIENTED_EDGE('',*,*,#2360,.T.);
#3056 = ORIENTED_EDGE('',*,*,#1875,.F.);
#3057 = ORIENTED_EDGE('',*,*,#1849,.T.);
#3058 = ORIENTED_EDGE('',*,*,#1743,.T.);
#3059 = ORIENTED_EDGE('',*,*,#3060,.T.);
#3060 = EDGE_CURVE('',#1744,#1280,#3061,.T.);
#3061 = SURFACE_CURVE('',#3062,(#3066,#3073),.PCURVE_S1.);
#3062 = LINE('',#3063,#3064);
#3063 = CARTESIAN_POINT('',(-0.257469828126,3.5,-6.42085172083));
#3064 = VECTOR('',#3065,1.);
#3065 = DIRECTION('',(-0.986967674481,-1.78655582082E-17,-0.160918642578
    ));
#3066 = PCURVE('',#774,#3067);
#3067 = DEFINITIONAL_REPRESENTATION('',(#3068),#3072);
#3068 = LINE('',#3069,#3070);
#3069 = CARTESIAN_POINT('',(-0.257469828126,-6.42085172083));
#3070 = VECTOR('',#3071,1.);
#3071 = DIRECTION('',(-0.986967674481,-0.160918642578));
#3072 = ( GEOMETRIC_REPRESENTATION_CONTEXT(2) 
PARAMETRIC_REPRESENTATION_CONTEXT() REPRESENTATION_CONTEXT('2D SPACE',''
  ) );
#3073 = PCURVE('',#1363,#3074);
#3074 = DEFINITIONAL_REPRESENTATION('',(#3075),#3079);
#3075 = LINE('',#3076,#3077);
#3076 = CARTESIAN_POINT('',(-1.570796326795,0.));
#3077 = VECTOR('',#3078,1.);
#3078 = DIRECTION('',(-0.,1.));
#3079 = ( GEOMETRIC_REPRESENTATION_CONTEXT(2) 
PARAMETRIC_REPRESENTATION_CONTEXT() REPRESENTATION_CONTEXT('2D SPACE',''
  ) );
#3080 = ORIENTED_EDGE('',*,*,#1409,.F.);
#3081 = ORIENTED_EDGE('',*,*,#3009,.T.);
#3082 = ORIENTED_EDGE('',*,*,#757,.F.);
#3083 = FACE_BOUND('',#3084,.T.);
#3084 = EDGE_LOOP('',(#3085,#3120,#3148));
#3085 = ORIENTED_EDGE('',*,*,#3086,.T.);
#3086 = EDGE_CURVE('',#3087,#3089,#3091,.T.);
#3087 = VERTEX_POINT('',#3088);
#3088 = CARTESIAN_POINT('',(-5.830951894845,3.5,-7.5));
#3089 = VERTEX_POINT('',#3090);
#3090 = CARTESIAN_POINT('',(-6.008508033527,3.5,-7.35852099345));
#3091 = SURFACE_CURVE('',#3092,(#3097,#3108),.PCURVE_S1.);
#3092 = CIRCLE('',#3093,9.5);
#3093 = AXIS2_PLACEMENT_3D('',#3094,#3095,#3096);
#3094 = CARTESIAN_POINT('',(0.,3.5,0.));
#3095 = DIRECTION('',(0.,1.,-2.22044604925E-16));
#3096 = DIRECTION('',(-1.,0.,-0.));
#3097 = PCURVE('',#774,#3098);
#3098 = DEFINITIONAL_REPRESENTATION('',(#3099),#3107);
#3099 = ( BOUNDED_CURVE() B_SPLINE_CURVE(2,(#3100,#3101,#3102,#3103,
#3104,#3105,#3106),.UNSPECIFIED.,.T.,.F.) B_SPLINE_CURVE_WITH_KNOTS((1,2
    ,2,2,2,1),(-2.094395102393,0.,2.094395102393,4.188790204786,
6.28318530718,8.377580409573),.UNSPECIFIED.) CURVE() 
GEOMETRIC_REPRESENTATION_ITEM() RATIONAL_B_SPLINE_CURVE((1.,0.5,1.,0.5,
1.,0.5,1.)) REPRESENTATION_ITEM('') );
#3100 = CARTESIAN_POINT('',(-9.5,0.));
#3101 = CARTESIAN_POINT('',(-9.5,16.454482671904));
#3102 = CARTESIAN_POINT('',(4.75,8.227241335952));
#3103 = CARTESIAN_POINT('',(19.,2.32682891838E-15));
#3104 = CARTESIAN_POINT('',(4.75,-8.227241335952));
#3105 = CARTESIAN_POINT('',(-9.5,-16.4544826719));
#3106 = CARTESIAN_POINT('',(-9.5,0.));
#3107 = ( GEOMETRIC_REPRESENTATION_CONTEXT(2) 
PARAMETRIC_REPRESENTATION_CONTEXT() REPRESENTATION_CONTEXT('2D SPACE',''
  ) );
#3108 = PCURVE('',#3109,#3114);
#3109 = CYLINDRICAL_SURFACE('',#3110,9.5);
#3110 = AXIS2_PLACEMENT_3D('',#3111,#3112,#3113);
#3111 = CARTESIAN_POINT('',(0.,3.5,0.));
#3112 = DIRECTION('',(0.,-1.,2.22044604925E-16));
#3113 = DIRECTION('',(-1.,0.,-0.));
#3114 = DEFINITIONAL_REPRESENTATION('',(#3115),#3119);
#3115 = LINE('',#3116,#3117);
#3116 = CARTESIAN_POINT('',(-0.,0.));
#3117 = VECTOR('',#3118,1.);
#3118 = DIRECTION('',(-1.,0.));
#3119 = ( GEOMETRIC_REPRESENTATION_CONTEXT(2) 
PARAMETRIC_REPRESENTATION_CONTEXT() REPRESENTATION_CONTEXT('2D SPACE',''
  ) );
#3120 = ORIENTED_EDGE('',*,*,#3121,.T.);
#3121 = EDGE_CURVE('',#3089,#3122,#3124,.T.);
#3122 = VERTEX_POINT('',#3123);
#3123 = CARTESIAN_POINT('',(-6.876245940367,3.5,-7.5));
#3124 = SURFACE_CURVE('',#3125,(#3129,#3136),.PCURVE_S1.);
#3125 = LINE('',#3126,#3127);
#3126 = CARTESIAN_POINT('',(-0.257469828126,3.5,-6.42085172083));
#3127 = VECTOR('',#3128,1.);
#3128 = DIRECTION('',(-0.986967674481,-1.78655582082E-17,-0.160918642578
    ));
#3129 = PCURVE('',#774,#3130);
#3130 = DEFINITIONAL_REPRESENTATION('',(#3131),#3135);
#3131 = LINE('',#3132,#3133);
#3132 = CARTESIAN_POINT('',(-0.257469828126,-6.42085172083));
#3133 = VECTOR('',#3134,1.);
#3134 = DIRECTION('',(-0.986967674481,-0.160918642578));
#3135 = ( GEOMETRIC_REPRESENTATION_CONTEXT(2) 
PARAMETRIC_REPRESENTATION_CONTEXT() REPRESENTATION_CONTEXT('2D SPACE',''
  ) );
#3136 = PCURVE('',#3137,#3142);
#3137 = CYLINDRICAL_SURFACE('',#3138,1.6);
#3138 = AXIS2_PLACEMENT_3D('',#3139,#3140,#3141);
#3139 = CARTESIAN_POINT('',(-0.257469828126,1.9,-6.42085172083));
#3140 = DIRECTION('',(-0.986967674481,-1.78655582082E-17,-0.160918642578
    ));
#3141 = DIRECTION('',(0.160918642578,-1.09575423677E-16,-0.986967674481)
  );
#3142 = DEFINITIONAL_REPRESENTATION('',(#3143),#3147);
#3143 = LINE('',#3144,#3145);
#3144 = CARTESIAN_POINT('',(-1.570796326795,0.));
#3145 = VECTOR('',#3146,1.);
#3146 = DIRECTION('',(-0.,1.));
#3147 = ( GEOMETRIC_REPRESENTATION_CONTEXT(2) 
PARAMETRIC_REPRESENTATION_CONTEXT() REPRESENTATION_CONTEXT('2D SPACE',''
  ) );
#3148 = ORIENTED_EDGE('',*,*,#3149,.F.);
#3149 = EDGE_CURVE('',#3087,#3122,#3150,.T.);
#3150 = SURFACE_CURVE('',#3151,(#3155,#3162),.PCURVE_S1.);
#3151 = LINE('',#3152,#3153);
#3152 = CARTESIAN_POINT('',(-4.,3.5,-7.5));
#3153 = VECTOR('',#3154,1.);
#3154 = DIRECTION('',(-1.,-0.,-0.));
#3155 = PCURVE('',#774,#3156);
#3156 = DEFINITIONAL_REPRESENTATION('',(#3157),#3161);
#3157 = LINE('',#3158,#3159);
#3158 = CARTESIAN_POINT('',(-4.,-7.5));
#3159 = VECTOR('',#3160,1.);
#3160 = DIRECTION('',(-1.,0.));
#3161 = ( GEOMETRIC_REPRESENTATION_CONTEXT(2) 
PARAMETRIC_REPRESENTATION_CONTEXT() REPRESENTATION_CONTEXT('2D SPACE',''
  ) );
#3162 = PCURVE('',#3163,#3168);
#3163 = PLANE('',#3164);
#3164 = AXIS2_PLACEMENT_3D('',#3165,#3166,#3167);
#3165 = CARTESIAN_POINT('',(-4.,-3.5,-7.5));
#3166 = DIRECTION('',(-0.,-0.,1.));
#3167 = DIRECTION('',(1.,0.,0.));
#3168 = DEFINITIONAL_REPRESENTATION('',(#3169),#3173);
#3169 = LINE('',#3170,#3171);
#3170 = CARTESIAN_POINT('',(0.,7.));
#3171 = VECTOR('',#3172,1.);
#3172 = DIRECTION('',(-1.,0.));
#3173 = ( GEOMETRIC_REPRESENTATION_CONTEXT(2) 
PARAMETRIC_REPRESENTATION_CONTEXT() REPRESENTATION_CONTEXT('2D SPACE',''
  ) );
#3174 = FACE_BOUND('',#3175,.T.);
#3175 = EDGE_LOOP('',(#3176));
#3176 = ORIENTED_EDGE('',*,*,#2831,.F.);
#3177 = ADVANCED_FACE('',(#3178),#721,.T.);
#3178 = FACE_BOUND('',#3179,.F.);
#3179 = EDGE_LOOP('',(#3180,#3181,#3182,#3183,#3184));
#3180 = ORIENTED_EDGE('',*,*,#2886,.F.);
#3181 = ORIENTED_EDGE('',*,*,#657,.T.);
#3182 = ORIENTED_EDGE('',*,*,#3035,.T.);
#3183 = ORIENTED_EDGE('',*,*,#2304,.T.);
#3184 = ORIENTED_EDGE('',*,*,#3185,.T.);
#3185 = EDGE_CURVE('',#2190,#2862,#3186,.T.);
#3186 = SURFACE_CURVE('',#3187,(#3192,#3199),.PCURVE_S1.);
#3187 = CIRCLE('',#3188,1.6);
#3188 = AXIS2_PLACEMENT_3D('',#3189,#3190,#3191);
#3189 = CARTESIAN_POINT('',(-1.6,1.9,8.097722778445));
#3190 = DIRECTION('',(0.98521175482,1.902269172752E-17,0.171341174751));
#3191 = DIRECTION('',(-0.171341174751,1.093804774332E-16,0.98521175482)
  );
#3192 = PCURVE('',#721,#3193);
#3193 = DEFINITIONAL_REPRESENTATION('',(#3194),#3198);
#3194 = LINE('',#3195,#3196);
#3195 = CARTESIAN_POINT('',(-6.28318530718,184.8596032573));
#3196 = VECTOR('',#3197,1.);
#3197 = DIRECTION('',(1.,-0.));
#3198 = ( GEOMETRIC_REPRESENTATION_CONTEXT(2) 
PARAMETRIC_REPRESENTATION_CONTEXT() REPRESENTATION_CONTEXT('2D SPACE',''
  ) );
#3199 = PCURVE('',#2263,#3200);
#3200 = DEFINITIONAL_REPRESENTATION('',(#3201),#3205);
#3201 = LINE('',#3202,#3203);
#3202 = CARTESIAN_POINT('',(-0.,-6.28318530718));
#3203 = VECTOR('',#3204,1.);
#3204 = DIRECTION('',(-0.,1.));
#3205 = ( GEOMETRIC_REPRESENTATION_CONTEXT(2) 
PARAMETRIC_REPRESENTATION_CONTEXT() REPRESENTATION_CONTEXT('2D SPACE',''
  ) );
#3206 = ADVANCED_FACE('',(#3207),#1033,.T.);
#3207 = FACE_BOUND('',#3208,.F.);
#3208 = EDGE_LOOP('',(#3209,#3210,#3211));
#3209 = ORIENTED_EDGE('',*,*,#1014,.F.);
#3210 = ORIENTED_EDGE('',*,*,#1578,.T.);
#3211 = ORIENTED_EDGE('',*,*,#3212,.F.);
#3212 = EDGE_CURVE('',#1017,#1551,#3213,.T.);
#3213 = SURFACE_CURVE('',#3214,(#3219,#3226),.PCURVE_S1.);
#3214 = CIRCLE('',#3215,1.6);
#3215 = AXIS2_PLACEMENT_3D('',#3216,#3217,#3218);
#3216 = CARTESIAN_POINT('',(-182.4,-1.9,-23.34575548242));
#3217 = DIRECTION('',(4.163512109013E-34,-1.,1.110223024625E-16));
#3218 = DIRECTION('',(-0.171341174751,1.093804774332E-16,0.98521175482)
  );
#3219 = PCURVE('',#1033,#3220);
#3220 = DEFINITIONAL_REPRESENTATION('',(#3221),#3225);
#3221 = LINE('',#3222,#3223);
#3222 = CARTESIAN_POINT('',(-0.,0.));
#3223 = VECTOR('',#3224,1.);
#3224 = DIRECTION('',(-1.,0.));
#3225 = ( GEOMETRIC_REPRESENTATION_CONTEXT(2) 
PARAMETRIC_REPRESENTATION_CONTEXT() REPRESENTATION_CONTEXT('2D SPACE',''
  ) );
#3226 = PCURVE('',#1566,#3227);
#3227 = DEFINITIONAL_REPRESENTATION('',(#3228),#3232);
#3228 = LINE('',#3229,#3230);
#3229 = CARTESIAN_POINT('',(0.,5.4));
#3230 = VECTOR('',#3231,1.);
#3231 = DIRECTION('',(1.,0.));
#3232 = ( GEOMETRIC_REPRESENTATION_CONTEXT(2) 
PARAMETRIC_REPRESENTATION_CONTEXT() REPRESENTATION_CONTEXT('2D SPACE',''
  ) );
#3233 = ADVANCED_FACE('',(#3234),#1267,.T.);
#3234 = FACE_BOUND('',#3235,.F.);
#3235 = EDGE_LOOP('',(#3236,#3237,#3258,#3259));
#3236 = ORIENTED_EDGE('',*,*,#1799,.F.);
#3237 = ORIENTED_EDGE('',*,*,#3238,.T.);
#3238 = EDGE_CURVE('',#1767,#1252,#3239,.T.);
#3239 = SURFACE_CURVE('',#3240,(#3244,#3251),.PCURVE_S1.);
#3240 = LINE('',#3241,#3242);
#3241 = CARTESIAN_POINT('',(2.053912595557E-15,1.9,-8.));
#3242 = VECTOR('',#3243,1.);
#3243 = DIRECTION('',(-0.986967674481,-1.78655582082E-17,-0.160918642578
    ));
#3244 = PCURVE('',#1267,#3245);
#3245 = DEFINITIONAL_REPRESENTATION('',(#3246),#3250);
#3246 = LINE('',#3247,#3248);
#3247 = CARTESIAN_POINT('',(1.974652795608E-15,-1.9));
#3248 = VECTOR('',#3249,1.);
#3249 = DIRECTION('',(-1.,0.));
#3250 = ( GEOMETRIC_REPRESENTATION_CONTEXT(2) 
PARAMETRIC_REPRESENTATION_CONTEXT() REPRESENTATION_CONTEXT('2D SPACE',''
  ) );
#3251 = PCURVE('',#1363,#3252);
#3252 = DEFINITIONAL_REPRESENTATION('',(#3253),#3257);
#3253 = LINE('',#3254,#3255);
#3254 = CARTESIAN_POINT('',(-0.,0.));
#3255 = VECTOR('',#3256,1.);
#3256 = DIRECTION('',(-0.,1.));
#3257 = ( GEOMETRIC_REPRESENTATION_CONTEXT(2) 
PARAMETRIC_REPRESENTATION_CONTEXT() REPRESENTATION_CONTEXT('2D SPACE',''
  ) );
#3258 = ORIENTED_EDGE('',*,*,#1251,.T.);
#3259 = ORIENTED_EDGE('',*,*,#1695,.F.);
#3260 = ADVANCED_FACE('',(#3261),#1363,.T.);
#3261 = FACE_BOUND('',#3262,.F.);
#3262 = EDGE_LOOP('',(#3263,#3264,#3265,#3266));
#3263 = ORIENTED_EDGE('',*,*,#1766,.T.);
#3264 = ORIENTED_EDGE('',*,*,#3060,.T.);
#3265 = ORIENTED_EDGE('',*,*,#1279,.F.);
#3266 = ORIENTED_EDGE('',*,*,#3238,.F.);
#3267 = ADVANCED_FACE('',(#3268),#1527,.T.);
#3268 = FACE_BOUND('',#3269,.T.);
#3269 = EDGE_LOOP('',(#3270,#3271,#3272));
#3270 = ORIENTED_EDGE('',*,*,#2986,.F.);
#3271 = ORIENTED_EDGE('',*,*,#1489,.F.);
#3272 = ORIENTED_EDGE('',*,*,#3273,.F.);
#3273 = EDGE_CURVE('',#2940,#1490,#3274,.T.);
#3274 = SURFACE_CURVE('',#3275,(#3280,#3287),.PCURVE_S1.);
#3275 = CIRCLE('',#3276,1.6);
#3276 = AXIS2_PLACEMENT_3D('',#3277,#3278,#3279);
#3277 = CARTESIAN_POINT('',(-182.4,1.9,-23.34575548242));
#3278 = DIRECTION('',(4.163512109013E-34,-1.,1.110223024625E-16));
#3279 = DIRECTION('',(-0.171341174751,1.093804774332E-16,0.98521175482)
  );
#3280 = PCURVE('',#1527,#3281);
#3281 = DEFINITIONAL_REPRESENTATION('',(#3282),#3286);
#3282 = LINE('',#3283,#3284);
#3283 = CARTESIAN_POINT('',(0.,0.));
#3284 = VECTOR('',#3285,1.);
#3285 = DIRECTION('',(1.,0.));
#3286 = ( GEOMETRIC_REPRESENTATION_CONTEXT(2) 
PARAMETRIC_REPRESENTATION_CONTEXT() REPRESENTATION_CONTEXT('2D SPACE',''
  ) );
#3287 = PCURVE('',#1566,#3288);
#3288 = DEFINITIONAL_REPRESENTATION('',(#3289),#3293);
#3289 = LINE('',#3290,#3291);
#3290 = CARTESIAN_POINT('',(0.,1.6));
#3291 = VECTOR('',#3292,1.);
#3292 = DIRECTION('',(1.,0.));
#3293 = ( GEOMETRIC_REPRESENTATION_CONTEXT(2) 
PARAMETRIC_REPRESENTATION_CONTEXT() REPRESENTATION_CONTEXT('2D SPACE',''
  ) );
#3294 = ADVANCED_FACE('',(#3295),#1566,.T.);
#3295 = FACE_BOUND('',#3296,.T.);
#3296 = EDGE_LOOP('',(#3297,#3298,#3299,#3300));
#3297 = ORIENTED_EDGE('',*,*,#2939,.F.);
#3298 = ORIENTED_EDGE('',*,*,#3273,.T.);
#3299 = ORIENTED_EDGE('',*,*,#1550,.T.);
#3300 = ORIENTED_EDGE('',*,*,#3212,.F.);
#3301 = ADVANCED_FACE('',(#3302),#2008,.T.);
#3302 = FACE_BOUND('',#3303,.T.);
#3303 = EDGE_LOOP('',(#3304,#3325,#3326));
#3304 = ORIENTED_EDGE('',*,*,#3305,.F.);
#3305 = EDGE_CURVE('',#2498,#1960,#3306,.T.);
#3306 = SURFACE_CURVE('',#3307,(#3311,#3318),.PCURVE_S1.);
#3307 = LINE('',#3308,#3309);
#3308 = CARTESIAN_POINT('',(1.998401444325E-15,-1.9,-8.));
#3309 = VECTOR('',#3310,1.);
#3310 = DIRECTION('',(-0.986967674481,-1.78655582082E-17,-0.160918642578
    ));
#3311 = PCURVE('',#2008,#3312);
#3312 = DEFINITIONAL_REPRESENTATION('',(#3313),#3317);
#3313 = LINE('',#3314,#3315);
#3314 = CARTESIAN_POINT('',(0.,0.));
#3315 = VECTOR('',#3316,1.);
#3316 = DIRECTION('',(0.,1.));
#3317 = ( GEOMETRIC_REPRESENTATION_CONTEXT(2) 
PARAMETRIC_REPRESENTATION_CONTEXT() REPRESENTATION_CONTEXT('2D SPACE',''
  ) );
#3318 = PCURVE('',#1975,#3319);
#3319 = DEFINITIONAL_REPRESENTATION('',(#3320),#3324);
#3320 = LINE('',#3321,#3322);
#3321 = CARTESIAN_POINT('',(1.921283801132E-15,1.9));
#3322 = VECTOR('',#3323,1.);
#3323 = DIRECTION('',(-1.,0.));
#3324 = ( GEOMETRIC_REPRESENTATION_CONTEXT(2) 
PARAMETRIC_REPRESENTATION_CONTEXT() REPRESENTATION_CONTEXT('2D SPACE',''
  ) );
#3325 = ORIENTED_EDGE('',*,*,#2520,.T.);
#3326 = ORIENTED_EDGE('',*,*,#1987,.T.);
#3327 = ADVANCED_FACE('',(#3328),#1975,.T.);
#3328 = FACE_BOUND('',#3329,.F.);
#3329 = EDGE_LOOP('',(#3330,#3331,#3352,#3353));
#3330 = ORIENTED_EDGE('',*,*,#2497,.F.);
#3331 = ORIENTED_EDGE('',*,*,#3332,.T.);
#3332 = EDGE_CURVE('',#2388,#1922,#3333,.T.);
#3333 = SURFACE_CURVE('',#3334,(#3338,#3345),.PCURVE_S1.);
#3334 = LINE('',#3335,#3336);
#3335 = CARTESIAN_POINT('',(2.053912595557E-15,1.9,-8.));
#3336 = VECTOR('',#3337,1.);
#3337 = DIRECTION('',(-0.986967674481,-1.78655582082E-17,-0.160918642578
    ));
#3338 = PCURVE('',#1975,#3339);
#3339 = DEFINITIONAL_REPRESENTATION('',(#3340),#3344);
#3340 = LINE('',#3341,#3342);
#3341 = CARTESIAN_POINT('',(1.974652795608E-15,-1.9));
#3342 = VECTOR('',#3343,1.);
#3343 = DIRECTION('',(-1.,0.));
#3344 = ( GEOMETRIC_REPRESENTATION_CONTEXT(2) 
PARAMETRIC_REPRESENTATION_CONTEXT() REPRESENTATION_CONTEXT('2D SPACE',''
  ) );
#3345 = PCURVE('',#1942,#3346);
#3346 = DEFINITIONAL_REPRESENTATION('',(#3347),#3351);
#3347 = LINE('',#3348,#3349);
#3348 = CARTESIAN_POINT('',(-0.,0.));
#3349 = VECTOR('',#3350,1.);
#3350 = DIRECTION('',(-0.,1.));
#3351 = ( GEOMETRIC_REPRESENTATION_CONTEXT(2) 
PARAMETRIC_REPRESENTATION_CONTEXT() REPRESENTATION_CONTEXT('2D SPACE',''
  ) );
#3352 = ORIENTED_EDGE('',*,*,#1959,.T.);
#3353 = ORIENTED_EDGE('',*,*,#3305,.F.);
#3354 = ADVANCED_FACE('',(#3355),#1942,.T.);
#3355 = FACE_BOUND('',#3356,.F.);
#3356 = EDGE_LOOP('',(#3357,#3358,#3359));
#3357 = ORIENTED_EDGE('',*,*,#3332,.F.);
#3358 = ORIENTED_EDGE('',*,*,#2387,.T.);
#3359 = ORIENTED_EDGE('',*,*,#1921,.F.);
#3360 = ADVANCED_FACE('',(#3361),#2263,.T.);
#3361 = FACE_BOUND('',#3362,.F.);
#3362 = EDGE_LOOP('',(#3363,#3364,#3365));
#3363 = ORIENTED_EDGE('',*,*,#3185,.F.);
#3364 = ORIENTED_EDGE('',*,*,#2189,.T.);
#3365 = ORIENTED_EDGE('',*,*,#3366,.F.);
#3366 = EDGE_CURVE('',#2862,#2162,#3367,.T.);
#3367 = SURFACE_CURVE('',#3368,(#3373,#3380),.PCURVE_S1.);
#3368 = CIRCLE('',#3369,1.6);
#3369 = AXIS2_PLACEMENT_3D('',#3370,#3371,#3372);
#3370 = CARTESIAN_POINT('',(-1.6,1.9,8.097722778445));
#3371 = DIRECTION('',(4.80804928146E-34,1.,-1.110223024625E-16));
#3372 = DIRECTION('',(-0.171341174751,1.093804774332E-16,0.98521175482)
  );
#3373 = PCURVE('',#2263,#3374);
#3374 = DEFINITIONAL_REPRESENTATION('',(#3375),#3379);
#3375 = LINE('',#3376,#3377);
#3376 = CARTESIAN_POINT('',(-0.,0.));
#3377 = VECTOR('',#3378,1.);
#3378 = DIRECTION('',(-1.,0.));
#3379 = ( GEOMETRIC_REPRESENTATION_CONTEXT(2) 
PARAMETRIC_REPRESENTATION_CONTEXT() REPRESENTATION_CONTEXT('2D SPACE',''
  ) );
#3380 = PCURVE('',#2177,#3381);
#3381 = DEFINITIONAL_REPRESENTATION('',(#3382),#3386);
#3382 = LINE('',#3383,#3384);
#3383 = CARTESIAN_POINT('',(-1.742987141318,5.4));
#3384 = VECTOR('',#3385,1.);
#3385 = DIRECTION('',(1.,-0.));
#3386 = ( GEOMETRIC_REPRESENTATION_CONTEXT(2) 
PARAMETRIC_REPRESENTATION_CONTEXT() REPRESENTATION_CONTEXT('2D SPACE',''
  ) );
#3387 = ADVANCED_FACE('',(#3388),#2177,.T.);
#3388 = FACE_BOUND('',#3389,.F.);
#3389 = EDGE_LOOP('',(#3390,#3391,#3392,#3393));
#3390 = ORIENTED_EDGE('',*,*,#2161,.F.);
#3391 = ORIENTED_EDGE('',*,*,#2912,.F.);
#3392 = ORIENTED_EDGE('',*,*,#2861,.T.);
#3393 = ORIENTED_EDGE('',*,*,#3366,.T.);
#3394 = ADVANCED_FACE('',(#3395),#3109,.T.);
#3395 = FACE_BOUND('',#3396,.F.);
#3396 = EDGE_LOOP('',(#3397,#3398,#3508));
#3397 = ORIENTED_EDGE('',*,*,#3086,.T.);
#3398 = ORIENTED_EDGE('',*,*,#3399,.F.);
#3399 = EDGE_CURVE('',#3400,#3089,#3402,.T.);
#3400 = VERTEX_POINT('',#3401);
#3401 = CARTESIAN_POINT('',(-5.830951900827,3.491133653453,
    -7.500000001203));
#3402 = SURFACE_CURVE('',#3403,(#3436,#3472),.PCURVE_S1.);
#3403 = B_SPLINE_CURVE_WITH_KNOTS('',6,(#3404,#3405,#3406,#3407,#3408,
    #3409,#3410,#3411,#3412,#3413,#3414,#3415,#3416,#3417,#3418,#3419,
    #3420,#3421,#3422,#3423,#3424,#3425,#3426,#3427,#3428,#3429,#3430,
    #3431,#3432,#3433,#3434,#3435),.UNSPECIFIED.,.F.,.F.,(7,5,5,5,5,5,7)
  ,(0.,0.223052290803,0.328552170625,0.410465628034,0.63864179203,
    0.880131862106,1.),.UNSPECIFIED.);
#3404 = CARTESIAN_POINT('',(-3.943314703321,1.9,-8.642931745107));
#3405 = CARTESIAN_POINT('',(-3.943314703321,2.007528013852,
    -8.642931745107));
#3406 = CARTESIAN_POINT('',(-3.957501786344,2.114073605299,
    -8.636458640651));
#3407 = CARTESIAN_POINT('',(-3.985392808961,2.218461213109,
    -8.623734701697));
#3408 = CARTESIAN_POINT('',(-4.025701508177,2.319489268522,
    -8.605129928224));
#3409 = CARTESIAN_POINT('',(-4.076344844385,2.415913699556,
    -8.581234414032));
#3410 = CARTESIAN_POINT('',(-4.161996880768,2.549322009425,
    -8.53983109612));
#3411 = CARTESIAN_POINT('',(-4.191301694352,2.591041233854,
    -8.525534679241));
#3412 = CARTESIAN_POINT('',(-4.222232907556,2.631637959835,
    -8.510287723486));
#3413 = CARTESIAN_POINT('',(-4.254629026089,2.671110540104,
    -8.494137107633));
#3414 = CARTESIAN_POINT('',(-4.288342142983,2.709459272818,
    -8.477125540658));
#3415 = CARTESIAN_POINT('',(-4.350332142593,2.77559072666,-8.44544469408
    ));
#3416 = CARTESIAN_POINT('',(-4.378144238306,2.803824122248,
    -8.43109957771));
#3417 = CARTESIAN_POINT('',(-4.406616768676,2.83139232198,
    -8.416271631417));
#3418 = CARTESIAN_POINT('',(-4.435698117764,2.858301152188,
    -8.400974184894));
#3419 = CARTESIAN_POINT('',(-4.465342510743,2.884556531876,
    -8.385218478728));
#3420 = CARTESIAN_POINT('',(-4.579543887737,2.981497339066,
    -8.323873921954));
#3421 = CARTESIAN_POINT('',(-4.667684911553,3.04784724828,
    -8.275223243914));
#3422 = CARTESIAN_POINT('',(-4.759011433457,3.109276469334,
    -8.223285905287));
#3423 = CARTESIAN_POINT('',(-4.852879377644,3.165835380485,
    -8.168195234256));
#3424 = CARTESIAN_POINT('',(-4.948845208895,3.217519124347,
    -8.11000868514));
#3425 = CARTESIAN_POINT('',(-5.150035855338,3.313654610995,
    -7.983861159164));
#3426 = CARTESIAN_POINT('',(-5.255451334318,3.357497600062,
    -7.915541958721));
#3427 = CARTESIAN_POINT('',(-5.362287888605,3.395554259981,
    -7.843871519252));
#3428 = CARTESIAN_POINT('',(-5.470085042456,3.427541083545,
    -7.768943629377));
#3429 = CARTESIAN_POINT('',(-5.578418438926,3.453075208774,
    -7.690875815932));
#3430 = CARTESIAN_POINT('',(-5.740670531746,3.480884313839,
    -7.56962458295));
#3431 = CARTESIAN_POINT('',(-5.794507124651,3.48839518515,
    -7.528680642474));
#3432 = CARTESIAN_POINT('',(-5.848283777544,3.494128815504,
    -7.487051693657));
#3433 = CARTESIAN_POINT('',(-5.901925756193,3.498019654312,
    -7.444781487018));
#3434 = CARTESIAN_POINT('',(-5.955358582305,3.5,-7.401919511295));
#3435 = CARTESIAN_POINT('',(-6.008508033527,3.5,-7.35852099345));
#3436 = PCURVE('',#3109,#3437);
#3437 = DEFINITIONAL_REPRESENTATION('',(#3438),#3471);
#3438 = B_SPLINE_CURVE_WITH_KNOTS('',6,(#3439,#3440,#3441,#3442,#3443,
    #3444,#3445,#3446,#3447,#3448,#3449,#3450,#3451,#3452,#3453,#3454,
    #3455,#3456,#3457,#3458,#3459,#3460,#3461,#3462,#3463,#3464,#3465,
    #3466,#3467,#3468,#3469,#3470),.UNSPECIFIED.,.F.,.F.,(7,5,5,5,5,5,7)
  ,(0.,0.223052290803,0.328552170625,0.410465628034,0.63864179203,
    0.880131862106,1.),.UNSPECIFIED.);
#3439 = CARTESIAN_POINT('',(-5.140426043712,1.6));
#3440 = CARTESIAN_POINT('',(-5.140426043712,1.492471986148));
#3441 = CARTESIAN_POINT('',(-5.142067514287,1.385926394701));
#3442 = CARTESIAN_POINT('',(-5.145294529734,1.281538786891));
#3443 = CARTESIAN_POINT('',(-5.149967563011,1.180510731478));
#3444 = CARTESIAN_POINT('',(-5.155861789936,1.084086300444));
#3445 = CARTESIAN_POINT('',(-5.165875910753,0.950677990575));
#3446 = CARTESIAN_POINT('',(-5.169308112507,0.908958766146));
#3447 = CARTESIAN_POINT('',(-5.172938055696,0.868362040165));
#3448 = CARTESIAN_POINT('',(-5.176748389194,0.828889459896));
#3449 = CARTESIAN_POINT('',(-5.180723282684,0.790540727182));
#3450 = CARTESIAN_POINT('',(-5.188051319454,0.72440927334));
#3451 = CARTESIAN_POINT('',(-5.191345368885,0.696175877752));
#3452 = CARTESIAN_POINT('',(-5.194724510489,0.66860767802));
#3453 = CARTESIAN_POINT('',(-5.198183343319,0.641698847812));
#3454 = CARTESIAN_POINT('',(-5.201717129941,0.615443468124));
#3455 = CARTESIAN_POINT('',(-5.215362869042,0.518502660934));
#3456 = CARTESIAN_POINT('',(-5.225959684598,0.45215275172));
#3457 = CARTESIAN_POINT('',(-5.237017450247,0.390723530666));
#3458 = CARTESIAN_POINT('',(-5.24847259034,0.334164619515));
#3459 = CARTESIAN_POINT('',(-5.260284740195,0.282480875653));
#3460 = CARTESIAN_POINT('',(-5.285281332655,0.186345389005));
#3461 = CARTESIAN_POINT('',(-5.29850281972,0.142502399938));
#3462 = CARTESIAN_POINT('',(-5.312042246017,0.104445740019));
#3463 = CARTESIAN_POINT('',(-5.325858242292,7.245891645454E-02));
#3464 = CARTESIAN_POINT('',(-5.339912094546,4.692479122582E-02));
#3465 = CARTESIAN_POINT('',(-5.361233433168,1.911568616089E-02));
#3466 = CARTESIAN_POINT('',(-5.368352875677,1.160481484961E-02));
#3467 = CARTESIAN_POINT('',(-5.375511075028,5.871184496429E-03));
#3468 = CARTESIAN_POINT('',(-5.38269964225,1.980345687714E-03));
#3469 = CARTESIAN_POINT('',(-5.389909865428,-1.094527475837E-15));
#3470 = CARTESIAN_POINT('',(-5.397132709701,-1.110223024625E-15));
#3471 = ( GEOMETRIC_REPRESENTATION_CONTEXT(2) 
PARAMETRIC_REPRESENTATION_CONTEXT() REPRESENTATION_CONTEXT('2D SPACE',''
  ) );
#3472 = PCURVE('',#3137,#3473);
#3473 = DEFINITIONAL_REPRESENTATION('',(#3474),#3507);
#3474 = B_SPLINE_CURVE_WITH_KNOTS('',6,(#3475,#3476,#3477,#3478,#3479,
    #3480,#3481,#3482,#3483,#3484,#3485,#3486,#3487,#3488,#3489,#3490,
    #3491,#3492,#3493,#3494,#3495,#3496,#3497,#3498,#3499,#3500,#3501,
    #3502,#3503,#3504,#3505,#3506),.UNSPECIFIED.,.F.,.F.,(7,5,5,5,5,5,7)
  ,(0.,0.223052290803,0.328552170625,0.410465628034,0.63864179203,
    0.880131862106,1.),.UNSPECIFIED.);
#3475 = CARTESIAN_POINT('',(0.,3.995383846177));
#3476 = CARTESIAN_POINT('',(-6.720500865759E-02,3.995383846177));
#3477 = CARTESIAN_POINT('',(-0.133795866385,4.008344395334));
#3478 = CARTESIAN_POINT('',(-0.199585133159,4.03382441408));
#3479 = CARTESIAN_POINT('',(-0.26431502456,4.070613942314));
#3480 = CARTESIAN_POINT('',(-0.327600835866,4.116752044371));
#3481 = CARTESIAN_POINT('',(-0.417705037634,4.194625269819));
#3482 = CARTESIAN_POINT('',(-0.446293928459,4.221247613535));
#3483 = CARTESIAN_POINT('',(-0.474561031449,4.249322201676));
#3484 = CARTESIAN_POINT('',(-0.502527174811,4.278697188267));
#3485 = CARTESIAN_POINT('',(-0.530211746857,4.309233466581));
#3486 = CARTESIAN_POINT('',(-0.578923191836,4.365317553511));
#3487 = CARTESIAN_POINT('',(-0.600058795192,4.390458796285));
#3488 = CARTESIAN_POINT('',(-0.621051630724,4.416174170381));
#3489 = CARTESIAN_POINT('',(-0.641913931433,4.442414877532));
#3490 = CARTESIAN_POINT('',(-0.662658038673,4.469137548283));
#3491 = CARTESIAN_POINT('',(-0.740786132898,4.571979132952));
#3492 = CARTESIAN_POINT('',(-0.797488826204,4.651142673183));
#3493 = CARTESIAN_POINT('',(-0.853630818148,4.732921312094));
#3494 = CARTESIAN_POINT('',(-0.909439144151,4.816700822676));
#3495 = CARTESIAN_POINT('',(-0.965150068258,4.902052695475));
#3496 = CARTESIAN_POINT('',(-1.080144985398,5.080321871277));
#3497 = CARTESIAN_POINT('',(-1.139434874515,5.173369708423));
#3498 = CARTESIAN_POINT('',(-1.199092187148,5.267280824125));
#3499 = CARTESIAN_POINT('',(-1.259316899465,5.361615836047));
#3500 = CARTESIAN_POINT('',(-1.320313555725,5.455974829861));
#3501 = CARTESIAN_POINT('',(-1.413069285953,5.596600816769));
#3502 = CARTESIAN_POINT('',(-1.444076843673,5.643147150347));
#3503 = CARTESIAN_POINT('',(-1.475337513568,5.689524094458));
#3504 = CARTESIAN_POINT('',(-1.506866528614,5.735664929106));
#3505 = CARTESIAN_POINT('',(-1.538680281934,5.781504110284));
#3506 = CARTESIAN_POINT('',(-1.570796326795,5.826977269975));
#3507 = ( GEOMETRIC_REPRESENTATION_CONTEXT(2) 
PARAMETRIC_REPRESENTATION_CONTEXT() REPRESENTATION_CONTEXT('2D SPACE',''
  ) );
#3508 = ORIENTED_EDGE('',*,*,#3509,.F.);
#3509 = EDGE_CURVE('',#3087,#3400,#3510,.T.);
#3510 = SURFACE_CURVE('',#3511,(#3515,#3522),.PCURVE_S1.);
#3511 = LINE('',#3512,#3513);
#3512 = CARTESIAN_POINT('',(-5.830951894845,3.5,-7.5));
#3513 = VECTOR('',#3514,1.);
#3514 = DIRECTION('',(-0.,-1.,2.22044604925E-16));
#3515 = PCURVE('',#3109,#3516);
#3516 = DEFINITIONAL_REPRESENTATION('',(#3517),#3521);
#3517 = LINE('',#3518,#3519);
#3518 = CARTESIAN_POINT('',(-5.373234276208,-1.665334536938E-15));
#3519 = VECTOR('',#3520,1.);
#3520 = DIRECTION('',(-0.,1.));
#3521 = ( GEOMETRIC_REPRESENTATION_CONTEXT(2) 
PARAMETRIC_REPRESENTATION_CONTEXT() REPRESENTATION_CONTEXT('2D SPACE',''
  ) );
#3522 = PCURVE('',#3163,#3523);
#3523 = DEFINITIONAL_REPRESENTATION('',(#3524),#3528);
#3524 = LINE('',#3525,#3526);
#3525 = CARTESIAN_POINT('',(-1.830951894845,7.));
#3526 = VECTOR('',#3527,1.);
#3527 = DIRECTION('',(-0.,-1.));
#3528 = ( GEOMETRIC_REPRESENTATION_CONTEXT(2) 
PARAMETRIC_REPRESENTATION_CONTEXT() REPRESENTATION_CONTEXT('2D SPACE',''
  ) );
#3529 = ADVANCED_FACE('',(#3530),#3163,.T.);
#3530 = FACE_BOUND('',#3531,.F.);
#3531 = EDGE_LOOP('',(#3532,#3533,#3562));
#3532 = ORIENTED_EDGE('',*,*,#3509,.T.);
#3533 = ORIENTED_EDGE('',*,*,#3534,.F.);
#3534 = EDGE_CURVE('',#3122,#3400,#3535,.T.);
#3535 = SURFACE_CURVE('',#3536,(#3541,#3552),.PCURVE_S1.);
#3536 = ELLIPSE('',#3537,9.942912607034,1.6);
#3537 = AXIS2_PLACEMENT_3D('',#3538,#3539,#3540);
#3538 = CARTESIAN_POINT('',(-6.876245940367,1.9,-7.5));
#3539 = DIRECTION('',(0.,0.,-1.));
#3540 = DIRECTION('',(-1.,-1.810146235802E-17,-0.));
#3541 = PCURVE('',#3163,#3542);
#3542 = DEFINITIONAL_REPRESENTATION('',(#3543),#3551);
#3543 = ( BOUNDED_CURVE() B_SPLINE_CURVE(2,(#3544,#3545,#3546,#3547,
#3548,#3549,#3550),.UNSPECIFIED.,.T.,.F.) B_SPLINE_CURVE_WITH_KNOTS((1,2
    ,2,2,2,1),(-2.094395102393,0.,2.094395102393,4.188790204786,
6.28318530718,8.377580409573),.UNSPECIFIED.) CURVE() 
GEOMETRIC_REPRESENTATION_ITEM() RATIONAL_B_SPLINE_CURVE((1.,0.5,1.,0.5,
1.,0.5,1.)) REPRESENTATION_ITEM('') );
#3544 = CARTESIAN_POINT('',(-12.8191585474,5.4));
#3545 = CARTESIAN_POINT('',(-12.8191585474,8.17128129211));
#3546 = CARTESIAN_POINT('',(2.09521036315,6.785640646055));
#3547 = CARTESIAN_POINT('',(17.0095792737,5.4));
#3548 = CARTESIAN_POINT('',(2.09521036315,4.014359353945));
#3549 = CARTESIAN_POINT('',(-12.8191585474,2.62871870789));
#3550 = CARTESIAN_POINT('',(-12.8191585474,5.4));
#3551 = ( GEOMETRIC_REPRESENTATION_CONTEXT(2) 
PARAMETRIC_REPRESENTATION_CONTEXT() REPRESENTATION_CONTEXT('2D SPACE',''
  ) );
#3552 = PCURVE('',#3137,#3553);
#3553 = DEFINITIONAL_REPRESENTATION('',(#3554),#3561);
#3554 = B_SPLINE_CURVE_WITH_KNOTS('',5,(#3555,#3556,#3557,#3558,#3559,
    #3560),.UNSPECIFIED.,.F.,.F.,(6,6),(1.570796326795,1.949520461188),
  .PIECEWISE_BEZIER_KNOTS.);
#3555 = CARTESIAN_POINT('',(-1.570796326795,6.706173143635));
#3556 = CARTESIAN_POINT('',(-1.495051499916,5.962863909199));
#3557 = CARTESIAN_POINT('',(-1.419306673037,5.219554527748));
#3558 = CARTESIAN_POINT('',(-1.343561846159,4.485130430661));
#3559 = CARTESIAN_POINT('',(-1.26781701928,3.768473441572));
#3560 = CARTESIAN_POINT('',(-1.192072192401,3.07783723705));
#3561 = ( GEOMETRIC_REPRESENTATION_CONTEXT(2) 
PARAMETRIC_REPRESENTATION_CONTEXT() REPRESENTATION_CONTEXT('2D SPACE',''
  ) );
#3562 = ORIENTED_EDGE('',*,*,#3149,.F.);
#3563 = ADVANCED_FACE('',(#3564),#3137,.T.);
#3564 = FACE_BOUND('',#3565,.F.);
#3565 = EDGE_LOOP('',(#3566,#3567,#3568));
#3566 = ORIENTED_EDGE('',*,*,#3399,.T.);
#3567 = ORIENTED_EDGE('',*,*,#3121,.T.);
#3568 = ORIENTED_EDGE('',*,*,#3534,.T.);
#3569 = ( GEOMETRIC_REPRESENTATION_CONTEXT(3) 
GLOBAL_UNCERTAINTY_ASSIGNED_CONTEXT((#3573)) 
GLOBAL_UNIT_ASSIGNED_CONTEXT((#3570,#3571,#3572)) REPRESENTATION_CONTEXT
('Context #1','3D Context with UNIT and UNCERTAINTY') );
#3570 = ( LENGTH_UNIT() NAMED_UNIT(*) SI_UNIT(.MILLI.,.METRE.) );
#3571 = ( NAMED_UNIT(*) PLANE_ANGLE_UNIT() SI_UNIT($,.RADIAN.) );
#3572 = ( NAMED_UNIT(*) SI_UNIT($,.STERADIAN.) SOLID_ANGLE_UNIT() );
#3573 = UNCERTAINTY_MEASURE_WITH_UNIT(LENGTH_MEASURE(2.E-07),#3570,
  'distance_accuracy_value','confusion accuracy');
#3574 = PRODUCT_RELATED_PRODUCT_CATEGORY('part',$,(#7));
#3575 = MECHANICAL_DESIGN_GEOMETRIC_PRESENTATION_REPRESENTATION('',(
    #3576),#3569);
#3576 = STYLED_ITEM('color',(#3577),#15);
#3577 = PRESENTATION_STYLE_ASSIGNMENT((#3578));
#3578 = SURFACE_STYLE_USAGE(.BOTH.,#3579);
#3579 = SURFACE_SIDE_STYLE('',(#3580));
#3580 = SURFACE_STYLE_FILL_AREA(#3581);
#3581 = FILL_AREA_STYLE('',(#3582));
#3582 = FILL_AREA_STYLE_COLOUR('',#3583);
#3583 = COLOUR_RGB('',7.227185111814E-02,0.262250657182,1.);

#3584=DESCRIPTIVE_REPRESENTATION_ITEM('cadgen:generator','cadgen');
#3585=REPRESENTATION('cadgen:generator',(#3584),#3569);
#3586=PROPERTY_DEFINITION('cadgen metadata','cadgen:generator',#5);
#3587=PROPERTY_DEFINITION_REPRESENTATION(#3586,#3585);
#3588=DESCRIPTIVE_REPRESENTATION_ITEM('cadgen:entryKind','part');
#3589=REPRESENTATION('cadgen:entryKind',(#3588),#3569);
#3590=PROPERTY_DEFINITION('cadgen metadata','cadgen:entryKind',#5);
#3591=PROPERTY_DEFINITION_REPRESENTATION(#3590,#3589);
#3592=DESCRIPTIVE_REPRESENTATION_ITEM('cadgen:sourcePath','left_shoulder_arm.step.py');
#3593=REPRESENTATION('cadgen:sourcePath',(#3592),#3569);
#3594=PROPERTY_DEFINITION('cadgen metadata','cadgen:sourcePath',#5);
#3595=PROPERTY_DEFINITION_REPRESENTATION(#3594,#3593);
#3596=DESCRIPTIVE_REPRESENTATION_ITEM('cadgen:sourceHash','e6632b762325e6df34a7edfa11274e6d3f24b2be49df10af2a413496163a8517');
#3597=REPRESENTATION('cadgen:sourceHash',(#3596),#3569);
#3598=PROPERTY_DEFINITION('cadgen metadata','cadgen:sourceHash',#5);
#3599=PROPERTY_DEFINITION_REPRESENTATION(#3598,#3597);
ENDSEC;
END-ISO-10303-21;
