ISO-10303-21;
HEADER;
FILE_DESCRIPTION(('Open CASCADE Model'),'2;1');
FILE_NAME('Open CASCADE Shape Model','2026-07-29T21:54:22',('Author'),(
    'Open CASCADE'),'Open CASCADE STEP processor 7.9','Open CASCADE 7.9'
  ,'Unknown');
FILE_SCHEMA(('AUTOMOTIVE_DESIGN { 1 0 10303 214 1 1 1 1 }'));
ENDSEC;
DATA;
#1 = APPLICATION_PROTOCOL_DEFINITION('international standard',
  'automotive_design',2000,#2);
#2 = APPLICATION_CONTEXT(
  'core data for automotive mechanical design processes');
#3 = SHAPE_DEFINITION_REPRESENTATION(#4,#10);
#4 = PRODUCT_DEFINITION_SHAPE('','',#5);
#5 = PRODUCT_DEFINITION('design','',#6,#9);
#6 = PRODUCT_DEFINITION_FORMATION('','',#7);
#7 = PRODUCT('split_v2_engineering','split_v2_engineering','',(#8));
#8 = PRODUCT_CONTEXT('',#2,'mechanical');
#9 = PRODUCT_DEFINITION_CONTEXT('part definition',#2,'design');
#10 = SHAPE_REPRESENTATION('',(#11,#15,#19,#23,#27,#31,#35,#39,#43),#47
  );
#11 = AXIS2_PLACEMENT_3D('',#12,#13,#14);
#12 = CARTESIAN_POINT('',(0.,0.,0.));
#13 = DIRECTION('',(0.,0.,1.));
#14 = DIRECTION('',(1.,0.,-0.));
#15 = AXIS2_PLACEMENT_3D('',#16,#17,#18);
#16 = CARTESIAN_POINT('',(0.,0.,0.));
#17 = DIRECTION('',(0.,0.,1.));
#18 = DIRECTION('',(1.,0.,-0.));
#19 = AXIS2_PLACEMENT_3D('',#20,#21,#22);
#20 = CARTESIAN_POINT('',(0.,0.,0.));
#21 = DIRECTION('',(0.,0.,1.));
#22 = DIRECTION('',(1.,0.,-0.));
#23 = AXIS2_PLACEMENT_3D('',#24,#25,#26);
#24 = CARTESIAN_POINT('',(0.,0.,0.));
#25 = DIRECTION('',(0.,0.,1.));
#26 = DIRECTION('',(1.,0.,-0.));
#27 = AXIS2_PLACEMENT_3D('',#28,#29,#30);
#28 = CARTESIAN_POINT('',(0.,0.,0.));
#29 = DIRECTION('',(0.,0.,1.));
#30 = DIRECTION('',(1.,0.,-0.));
#31 = AXIS2_PLACEMENT_3D('',#32,#33,#34);
#32 = CARTESIAN_POINT('',(90.,-36.,60.));
#33 = DIRECTION('',(0.,0.,1.));
#34 = DIRECTION('',(1.,0.,-0.));
#35 = AXIS2_PLACEMENT_3D('',#36,#37,#38);
#36 = CARTESIAN_POINT('',(90.,36.,60.));
#37 = DIRECTION('',(0.,0.,1.));
#38 = DIRECTION('',(1.,0.,-0.));
#39 = AXIS2_PLACEMENT_3D('',#40,#41,#42);
#40 = CARTESIAN_POINT('',(0.,0.,0.));
#41 = DIRECTION('',(0.,0.,1.));
#42 = DIRECTION('',(1.,0.,-0.));
#43 = AXIS2_PLACEMENT_3D('',#44,#45,#46);
#44 = CARTESIAN_POINT('',(55.,0.,51.));
#45 = DIRECTION('',(0.,0.,1.));
#46 = DIRECTION('',(1.,0.,-0.));
#47 = ( GEOMETRIC_REPRESENTATION_CONTEXT(3) 
GLOBAL_UNCERTAINTY_ASSIGNED_CONTEXT((#51)) GLOBAL_UNIT_ASSIGNED_CONTEXT(
(#48,#49,#50)) REPRESENTATION_CONTEXT('Context #1',
  '3D Context with UNIT and UNCERTAINTY') );
#48 = ( LENGTH_UNIT() NAMED_UNIT(*) SI_UNIT(.MILLI.,.METRE.) );
#49 = ( NAMED_UNIT(*) PLANE_ANGLE_UNIT() SI_UNIT($,.RADIAN.) );
#50 = ( NAMED_UNIT(*) SI_UNIT($,.STERADIAN.) SOLID_ANGLE_UNIT() );
#51 = UNCERTAINTY_MEASURE_WITH_UNIT(LENGTH_MEASURE(5.E-06),#48,
  'distance_accuracy_value','confusion accuracy');
#52 = PRODUCT_RELATED_PRODUCT_CATEGORY('part',$,(#7));
#53 = SHAPE_DEFINITION_REPRESENTATION(#54,#60);
#54 = PRODUCT_DEFINITION_SHAPE('','',#55);
#55 = PRODUCT_DEFINITION('design','',#56,#59);
#56 = PRODUCT_DEFINITION_FORMATION('','',#57);
#57 = PRODUCT('split_v2_primary_shell','split_v2_primary_shell','',(#58)
  );
#58 = PRODUCT_CONTEXT('',#2,'mechanical');
#59 = PRODUCT_DEFINITION_CONTEXT('part definition',#2,'design');
#60 = ADVANCED_BREP_SHAPE_REPRESENTATION('',(#11,#61),#3330);
#61 = MANIFOLD_SOLID_BREP('',#62);
#62 = CLOSED_SHELL('',(#63,#183,#435,#664,#925,#1066,#1193,#1276,#1422,
    #1457,#1868,#1917,#1971,#2020,#2070,#2097,#2129,#2136,#2191,#2198,
    #2404,#2488,#2713,#2740,#2795,#2850,#2880,#2907,#2934,#2941,#2996,
    #3051,#3078,#3133,#3188,#3243,#3298,#3302,#3306,#3310,#3314,#3318,
    #3322,#3326));
#63 = ADVANCED_FACE('',(#64),#78,.F.);
#64 = FACE_BOUND('',#65,.F.);
#65 = EDGE_LOOP('',(#66,#101,#129,#157));
#66 = ORIENTED_EDGE('',*,*,#67,.T.);
#67 = EDGE_CURVE('',#68,#70,#72,.T.);
#68 = VERTEX_POINT('',#69);
#69 = CARTESIAN_POINT('',(-150.,56.,0.));
#70 = VERTEX_POINT('',#71);
#71 = CARTESIAN_POINT('',(-150.,56.,67.75003124219));
#72 = SURFACE_CURVE('',#73,(#77,#89),.PCURVE_S1.);
#73 = LINE('',#74,#75);
#74 = CARTESIAN_POINT('',(-150.,56.,0.));
#75 = VECTOR('',#76,1.);
#76 = DIRECTION('',(0.,0.,1.));
#77 = PCURVE('',#78,#83);
#78 = PLANE('',#79);
#79 = AXIS2_PLACEMENT_3D('',#80,#81,#82);
#80 = CARTESIAN_POINT('',(-150.,-70.,0.));
#81 = DIRECTION('',(1.,0.,-0.));
#82 = DIRECTION('',(0.,0.,1.));
#83 = DEFINITIONAL_REPRESENTATION('',(#84),#88);
#84 = LINE('',#85,#86);
#85 = CARTESIAN_POINT('',(0.,-126.));
#86 = VECTOR('',#87,1.);
#87 = DIRECTION('',(1.,0.));
#88 = ( GEOMETRIC_REPRESENTATION_CONTEXT(2) 
PARAMETRIC_REPRESENTATION_CONTEXT() REPRESENTATION_CONTEXT('2D SPACE',''
  ) );
#89 = PCURVE('',#90,#95);
#90 = CYLINDRICAL_SURFACE('',#91,14.);
#91 = AXIS2_PLACEMENT_3D('',#92,#93,#94);
#92 = CARTESIAN_POINT('',(-136.,56.,0.));
#93 = DIRECTION('',(0.,0.,1.));
#94 = DIRECTION('',(-1.,-0.,0.));
#95 = DEFINITIONAL_REPRESENTATION('',(#96),#100);
#96 = LINE('',#97,#98);
#97 = CARTESIAN_POINT('',(-0.,0.));
#98 = VECTOR('',#99,1.);
#99 = DIRECTION('',(-0.,1.));
#100 = ( GEOMETRIC_REPRESENTATION_CONTEXT(2) 
PARAMETRIC_REPRESENTATION_CONTEXT() REPRESENTATION_CONTEXT('2D SPACE',''
  ) );
#101 = ORIENTED_EDGE('',*,*,#102,.T.);
#102 = EDGE_CURVE('',#70,#103,#105,.T.);
#103 = VERTEX_POINT('',#104);
#104 = CARTESIAN_POINT('',(-150.,-56.,67.75003124219));
#105 = SURFACE_CURVE('',#106,(#110,#117),.PCURVE_S1.);
#106 = LINE('',#107,#108);
#107 = CARTESIAN_POINT('',(-150.,56.,67.75003124219));
#108 = VECTOR('',#109,1.);
#109 = DIRECTION('',(0.,-1.,2.22044604925E-16));
#110 = PCURVE('',#78,#111);
#111 = DEFINITIONAL_REPRESENTATION('',(#112),#116);
#112 = LINE('',#113,#114);
#113 = CARTESIAN_POINT('',(67.75003124219,-126.));
#114 = VECTOR('',#115,1.);
#115 = DIRECTION('',(2.22044604925E-16,1.));
#116 = ( GEOMETRIC_REPRESENTATION_CONTEXT(2) 
PARAMETRIC_REPRESENTATION_CONTEXT() REPRESENTATION_CONTEXT('2D SPACE',''
  ) );
#117 = PCURVE('',#118,#123);
#118 = CYLINDRICAL_SURFACE('',#119,10.);
#119 = AXIS2_PLACEMENT_3D('',#120,#121,#122);
#120 = CARTESIAN_POINT('',(-140.,56.,67.75003124219));
#121 = DIRECTION('',(0.,-1.,2.22044604925E-16));
#122 = DIRECTION('',(-1.,0.,0.));
#123 = DEFINITIONAL_REPRESENTATION('',(#124),#128);
#124 = LINE('',#125,#126);
#125 = CARTESIAN_POINT('',(-0.,0.));
#126 = VECTOR('',#127,1.);
#127 = DIRECTION('',(-0.,1.));
#128 = ( GEOMETRIC_REPRESENTATION_CONTEXT(2) 
PARAMETRIC_REPRESENTATION_CONTEXT() REPRESENTATION_CONTEXT('2D SPACE',''
  ) );
#129 = ORIENTED_EDGE('',*,*,#130,.F.);
#130 = EDGE_CURVE('',#131,#103,#133,.T.);
#131 = VERTEX_POINT('',#132);
#132 = CARTESIAN_POINT('',(-150.,-56.,0.));
#133 = SURFACE_CURVE('',#134,(#138,#145),.PCURVE_S1.);
#134 = LINE('',#135,#136);
#135 = CARTESIAN_POINT('',(-150.,-56.,0.));
#136 = VECTOR('',#137,1.);
#137 = DIRECTION('',(0.,0.,1.));
#138 = PCURVE('',#78,#139);
#139 = DEFINITIONAL_REPRESENTATION('',(#140),#144);
#140 = LINE('',#141,#142);
#141 = CARTESIAN_POINT('',(0.,-14.));
#142 = VECTOR('',#143,1.);
#143 = DIRECTION('',(1.,0.));
#144 = ( GEOMETRIC_REPRESENTATION_CONTEXT(2) 
PARAMETRIC_REPRESENTATION_CONTEXT() REPRESENTATION_CONTEXT('2D SPACE',''
  ) );
#145 = PCURVE('',#146,#151);
#146 = CYLINDRICAL_SURFACE('',#147,14.);
#147 = AXIS2_PLACEMENT_3D('',#148,#149,#150);
#148 = CARTESIAN_POINT('',(-136.,-56.,0.));
#149 = DIRECTION('',(0.,0.,1.));
#150 = DIRECTION('',(-1.,-0.,0.));
#151 = DEFINITIONAL_REPRESENTATION('',(#152),#156);
#152 = LINE('',#153,#154);
#153 = CARTESIAN_POINT('',(0.,0.));
#154 = VECTOR('',#155,1.);
#155 = DIRECTION('',(0.,1.));
#156 = ( GEOMETRIC_REPRESENTATION_CONTEXT(2) 
PARAMETRIC_REPRESENTATION_CONTEXT() REPRESENTATION_CONTEXT('2D SPACE',''
  ) );
#157 = ORIENTED_EDGE('',*,*,#158,.T.);
#158 = EDGE_CURVE('',#131,#68,#159,.T.);
#159 = SURFACE_CURVE('',#160,(#164,#171),.PCURVE_S1.);
#160 = LINE('',#161,#162);
#161 = CARTESIAN_POINT('',(-150.,-70.,0.));
#162 = VECTOR('',#163,1.);
#163 = DIRECTION('',(-0.,1.,0.));
#164 = PCURVE('',#78,#165);
#165 = DEFINITIONAL_REPRESENTATION('',(#166),#170);
#166 = LINE('',#167,#168);
#167 = CARTESIAN_POINT('',(0.,0.));
#168 = VECTOR('',#169,1.);
#169 = DIRECTION('',(0.,-1.));
#170 = ( GEOMETRIC_REPRESENTATION_CONTEXT(2) 
PARAMETRIC_REPRESENTATION_CONTEXT() REPRESENTATION_CONTEXT('2D SPACE',''
  ) );
#171 = PCURVE('',#172,#177);
#172 = PLANE('',#173);
#173 = AXIS2_PLACEMENT_3D('',#174,#175,#176);
#174 = CARTESIAN_POINT('',(-150.,-70.,0.));
#175 = DIRECTION('',(0.,0.,1.));
#176 = DIRECTION('',(1.,0.,-0.));
#177 = DEFINITIONAL_REPRESENTATION('',(#178),#182);
#178 = LINE('',#179,#180);
#179 = CARTESIAN_POINT('',(0.,0.));
#180 = VECTOR('',#181,1.);
#181 = DIRECTION('',(0.,1.));
#182 = ( GEOMETRIC_REPRESENTATION_CONTEXT(2) 
PARAMETRIC_REPRESENTATION_CONTEXT() REPRESENTATION_CONTEXT('2D SPACE',''
  ) );
#183 = ADVANCED_FACE('',(#184),#90,.T.);
#184 = FACE_BOUND('',#185,.F.);
#185 = EDGE_LOOP('',(#186,#187,#215,#243));
#186 = ORIENTED_EDGE('',*,*,#67,.F.);
#187 = ORIENTED_EDGE('',*,*,#188,.T.);
#188 = EDGE_CURVE('',#68,#189,#191,.T.);
#189 = VERTEX_POINT('',#190);
#190 = CARTESIAN_POINT('',(-136.,70.,0.));
#191 = SURFACE_CURVE('',#192,(#197,#204),.PCURVE_S1.);
#192 = CIRCLE('',#193,14.);
#193 = AXIS2_PLACEMENT_3D('',#194,#195,#196);
#194 = CARTESIAN_POINT('',(-136.,56.,0.));
#195 = DIRECTION('',(-0.,-0.,-1.));
#196 = DIRECTION('',(0.,-1.,0.));
#197 = PCURVE('',#90,#198);
#198 = DEFINITIONAL_REPRESENTATION('',(#199),#203);
#199 = LINE('',#200,#201);
#200 = CARTESIAN_POINT('',(1.570796326795,-0.));
#201 = VECTOR('',#202,1.);
#202 = DIRECTION('',(-1.,0.));
#203 = ( GEOMETRIC_REPRESENTATION_CONTEXT(2) 
PARAMETRIC_REPRESENTATION_CONTEXT() REPRESENTATION_CONTEXT('2D SPACE',''
  ) );
#204 = PCURVE('',#172,#205);
#205 = DEFINITIONAL_REPRESENTATION('',(#206),#214);
#206 = ( BOUNDED_CURVE() B_SPLINE_CURVE(2,(#207,#208,#209,#210,#211,#212
,#213),.UNSPECIFIED.,.T.,.F.) B_SPLINE_CURVE_WITH_KNOTS((1,2,2,2,2,1),(
    -2.094395102393,0.,2.094395102393,4.188790204786,6.28318530718,
8.377580409573),.UNSPECIFIED.) CURVE() GEOMETRIC_REPRESENTATION_ITEM() 
RATIONAL_B_SPLINE_CURVE((1.,0.5,1.,0.5,1.,0.5,1.)) REPRESENTATION_ITEM(
  '') );
#207 = CARTESIAN_POINT('',(14.,112.));
#208 = CARTESIAN_POINT('',(-10.24871130596,112.));
#209 = CARTESIAN_POINT('',(1.875644347018,133.));
#210 = CARTESIAN_POINT('',(14.,154.));
#211 = CARTESIAN_POINT('',(26.124355652982,133.));
#212 = CARTESIAN_POINT('',(38.248711305964,112.));
#213 = CARTESIAN_POINT('',(14.,112.));
#214 = ( GEOMETRIC_REPRESENTATION_CONTEXT(2) 
PARAMETRIC_REPRESENTATION_CONTEXT() REPRESENTATION_CONTEXT('2D SPACE',''
  ) );
#215 = ORIENTED_EDGE('',*,*,#216,.T.);
#216 = EDGE_CURVE('',#189,#217,#219,.T.);
#217 = VERTEX_POINT('',#218);
#218 = CARTESIAN_POINT('',(-136.,70.,67.198321344333));
#219 = SURFACE_CURVE('',#220,(#224,#231),.PCURVE_S1.);
#220 = LINE('',#221,#222);
#221 = CARTESIAN_POINT('',(-136.,70.,0.));
#222 = VECTOR('',#223,1.);
#223 = DIRECTION('',(0.,0.,1.));
#224 = PCURVE('',#90,#225);
#225 = DEFINITIONAL_REPRESENTATION('',(#226),#230);
#226 = LINE('',#227,#228);
#227 = CARTESIAN_POINT('',(-1.570796326795,0.));
#228 = VECTOR('',#229,1.);
#229 = DIRECTION('',(-0.,1.));
#230 = ( GEOMETRIC_REPRESENTATION_CONTEXT(2) 
PARAMETRIC_REPRESENTATION_CONTEXT() REPRESENTATION_CONTEXT('2D SPACE',''
  ) );
#231 = PCURVE('',#232,#237);
#232 = PLANE('',#233);
#233 = AXIS2_PLACEMENT_3D('',#234,#235,#236);
#234 = CARTESIAN_POINT('',(-150.,70.,0.));
#235 = DIRECTION('',(-0.,1.,0.));
#236 = DIRECTION('',(0.,0.,1.));
#237 = DEFINITIONAL_REPRESENTATION('',(#238),#242);
#238 = LINE('',#239,#240);
#239 = CARTESIAN_POINT('',(0.,14.));
#240 = VECTOR('',#241,1.);
#241 = DIRECTION('',(1.,0.));
#242 = ( GEOMETRIC_REPRESENTATION_CONTEXT(2) 
PARAMETRIC_REPRESENTATION_CONTEXT() REPRESENTATION_CONTEXT('2D SPACE',''
  ) );
#243 = ORIENTED_EDGE('',*,*,#244,.T.);
#244 = EDGE_CURVE('',#217,#70,#245,.T.);
#245 = SURFACE_CURVE('',#246,(#273,#349),.PCURVE_S1.);
#246 = ( BOUNDED_CURVE() B_SPLINE_CURVE(7,(#247,#248,#249,#250,#251,#252
    ,#253,#254,#255,#256,#257,#258,#259,#260,#261,#262,#263,#264,#265,
    #266,#267,#268,#269,#270,#271,#272),.UNSPECIFIED.,.F.,.F.) 
B_SPLINE_CURVE_WITH_KNOTS((8,6,6,6,8),(834.6436229942,835.77577537705,
    840.31481462261,846.92682732891,858.10651797663),.UNSPECIFIED.) 
CURVE() GEOMETRIC_REPRESENTATION_ITEM() RATIONAL_B_SPLINE_CURVE((1.,1.,
    1.,1.,1.,1.,1.,1.,1.,1.,1.,1.,1.,1.,1.,1.,1.,1.,1.,1.,1.,1.,1.,1.,1.
,1.)) REPRESENTATION_ITEM('') );
#247 = CARTESIAN_POINT('',(-136.,70.,67.198321344334));
#248 = CARTESIAN_POINT('',(-136.1968531836,70.,67.205964369364));
#249 = CARTESIAN_POINT('',(-136.3936817447,69.996777579531,
    67.213594358039));
#250 = CARTESIAN_POINT('',(-136.5906789256,69.99029706836,
    67.221164615732));
#251 = CARTESIAN_POINT('',(-136.787435723,69.980622387619,
    67.228717784293));
#252 = CARTESIAN_POINT('',(-136.9843189929,69.967696264121,
    67.236183952306));
#253 = CARTESIAN_POINT('',(-137.181816829,69.951419796404,
    67.243472591323));
#254 = CARTESIAN_POINT('',(-138.1637946864,69.85430407429,
    67.280469264537));
#255 = CARTESIAN_POINT('',(-138.9400946767,69.725264197224,
    67.309572683163));
#256 = CARTESIAN_POINT('',(-139.6944131315,69.547458580431,
    67.338283830259));
#257 = CARTESIAN_POINT('',(-140.4266800268,69.324815117005,
    67.366064423057));
#258 = CARTESIAN_POINT('',(-141.1292938855,69.061081329145,
    67.392781033671));
#259 = CARTESIAN_POINT('',(-141.7983586559,68.76267141704,
    67.418345834503));
#260 = CARTESIAN_POINT('',(-143.3517768817,67.959376010182,
    67.477988794854));
#261 = CARTESIAN_POINT('',(-144.1949019455,67.422459800233,
    67.510630283222));
#262 = CARTESIAN_POINT('',(-144.9607366815,66.839332437888,
    67.540602397654));
#263 = CARTESIAN_POINT('',(-145.6519180358,66.221155083268,
    67.567961439813));
#264 = CARTESIAN_POINT('',(-146.2715979287,65.578071916416,
    67.592804104045));
#265 = CARTESIAN_POINT('',(-146.823431089,64.918743161658,
    67.615246319309));
#266 = CARTESIAN_POINT('',(-148.1407415357,63.111739260877,
    67.669321236425));
#267 = CARTESIAN_POINT('',(-148.7893735358,61.942865778382,
    67.696786530105));
#268 = CARTESIAN_POINT('',(-149.2855125624,60.759136555882,
    67.718285240716));
#269 = CARTESIAN_POINT('',(-149.6458074291,59.570673345687,
    67.734198860468));
#270 = CARTESIAN_POINT('',(-149.8816649083,58.381331940076,
    67.744751192936));
#271 = CARTESIAN_POINT('',(-150.,57.191282657666,67.75003124219));
#272 = CARTESIAN_POINT('',(-150.,56.,67.75003124219));
#273 = PCURVE('',#90,#274);
#274 = DEFINITIONAL_REPRESENTATION('',(#275),#348);
#275 = B_SPLINE_CURVE_WITH_KNOTS('',11,(#276,#277,#278,#279,#280,#281,
    #282,#283,#284,#285,#286,#287,#288,#289,#290,#291,#292,#293,#294,
    #295,#296,#297,#298,#299,#300,#301,#302,#303,#304,#305,#306,#307,
    #308,#309,#310,#311,#312,#313,#314,#315,#316,#317,#318,#319,#320,
    #321,#322,#323,#324,#325,#326,#327,#328,#329,#330,#331,#332,#333,
    #334,#335,#336,#337,#338,#339,#340,#341,#342,#343,#344,#345,#346,
    #347),.UNSPECIFIED.,.F.,.F.,(12,10,10,10,10,10,10,12),(
    834.6436229942,835.3768384624,835.7434461965,836.1100539306,
    837.576484867,840.50934673981,846.37507048542,858.10651797663),
  .UNSPECIFIED.);
#276 = CARTESIAN_POINT('',(-1.570796326795,67.198321344334));
#277 = CARTESIAN_POINT('',(-1.56500141946,67.201471248711));
#278 = CARTESIAN_POINT('',(-1.559206455502,67.204618351234));
#279 = CARTESIAN_POINT('',(-1.553411122542,67.207761525401));
#280 = CARTESIAN_POINT('',(-1.547615108211,67.210899644858));
#281 = CARTESIAN_POINT('',(-1.541818100118,67.214031582951));
#282 = CARTESIAN_POINT('',(-1.536019785906,67.217156213492));
#283 = CARTESIAN_POINT('',(-1.530219853179,67.220272409736));
#284 = CARTESIAN_POINT('',(-1.524417989575,67.223379045453));
#285 = CARTESIAN_POINT('',(-1.518613882708,67.226474994048));
#286 = CARTESIAN_POINT('',(-1.512807220207,67.229559129113));
#287 = CARTESIAN_POINT('',(-1.504092924436,67.234165921725));
#288 = CARTESIAN_POINT('',(-1.501187566864,67.235698512978));
#289 = CARTESIAN_POINT('',(-1.498281524451,67.237227841466));
#290 = CARTESIAN_POINT('',(-1.495374811491,67.238753859915));
#291 = CARTESIAN_POINT('',(-1.49246754914,67.240276732082));
#292 = CARTESIAN_POINT('',(-1.48955996535,67.241796829662));
#293 = CARTESIAN_POINT('',(-1.486652394954,67.243314736421));
#294 = CARTESIAN_POINT('',(-1.483745279577,67.24483124374));
#295 = CARTESIAN_POINT('',(-1.480839167713,67.246347354532));
#296 = CARTESIAN_POINT('',(-1.47793471467,67.247864280434));
#297 = CARTESIAN_POINT('',(-1.472130650533,67.250902606425));
#298 = CARTESIAN_POINT('',(-1.469231367818,67.252424660877));
#299 = CARTESIAN_POINT('',(-1.466333494125,67.253946674872));
#300 = CARTESIAN_POINT('',(-1.463436332095,67.255467065166));
#301 = CARTESIAN_POINT('',(-1.460539674007,67.256985277604));
#302 = CARTESIAN_POINT('',(-1.457643648353,67.258501464145));
#303 = CARTESIAN_POINT('',(-1.454748566543,67.260016164583));
#304 = CARTESIAN_POINT('',(-1.45185476946,67.261529982974));
#305 = CARTESIAN_POINT('',(-1.448962474155,67.263043268972));
#306 = CARTESIAN_POINT('',(-1.446071620435,67.264555795419));
#307 = CARTESIAN_POINT('',(-1.43162210585,67.272109009632));
#308 = CARTESIAN_POINT('',(-1.420083093145,67.278132153813));
#309 = CARTESIAN_POINT('',(-1.4085668908,67.284135036883));
#310 = CARTESIAN_POINT('',(-1.397075511151,67.290116673118));
#311 = CARTESIAN_POINT('',(-1.385610767457,67.29607592441));
#312 = CARTESIAN_POINT('',(-1.374174273921,67.302011501279));
#313 = CARTESIAN_POINT('',(-1.362767445666,67.307921961489));
#314 = CARTESIAN_POINT('',(-1.351391498759,67.313805711571));
#315 = CARTESIAN_POINT('',(-1.34004745019,67.319661005464));
#316 = CARTESIAN_POINT('',(-1.328736117889,67.325485945499));
#317 = CARTESIAN_POINT('',(-1.294902126363,67.342863554479));
#318 = CARTESIAN_POINT('',(-1.272481556666,67.354319731533));
#319 = CARTESIAN_POINT('',(-1.250202166845,67.365635237126));
#320 = CARTESIAN_POINT('',(-1.228075072993,67.37679581014));
#321 = CARTESIAN_POINT('',(-1.2061111573,67.387789977085));
#322 = CARTESIAN_POINT('',(-1.184320085689,67.398609840064));
#323 = CARTESIAN_POINT('',(-1.162711800805,67.409249291151));
#324 = CARTESIAN_POINT('',(-1.141298353473,67.419701573267));
#325 = CARTESIAN_POINT('',(-1.120093935531,67.429958098308));
#326 = CARTESIAN_POINT('',(-1.099110977155,67.440010441589));
#327 = CARTESIAN_POINT('',(-1.036828560561,67.469551393151));
#328 = CARTESIAN_POINT('',(-0.996185487912,67.488429346901));
#329 = CARTESIAN_POINT('',(-0.956387020828,67.506499382375));
#330 = CARTESIAN_POINT('',(-0.917399276711,67.523769928326));
#331 = CARTESIAN_POINT('',(-0.879190989148,67.540250633181));
#332 = CARTESIAN_POINT('',(-0.841734672807,67.555952808409));
#333 = CARTESIAN_POINT('',(-0.805006387166,67.570889417344));
#334 = CARTESIAN_POINT('',(-0.768984099245,67.585074624138));
#335 = CARTESIAN_POINT('',(-0.733644645156,67.598522887193));
#336 = CARTESIAN_POINT('',(-0.698959290637,67.611247610845));
#337 = CARTESIAN_POINT('',(-0.596745090073,67.64728281429));
#338 = CARTESIAN_POINT('',(-0.531033566632,67.668412509104));
#339 = CARTESIAN_POINT('',(-0.467639015737,67.687045972932));
#340 = CARTESIAN_POINT('',(-0.405621615965,67.702955973475));
#341 = CARTESIAN_POINT('',(-0.345513087129,67.716595281119));
#342 = CARTESIAN_POINT('',(-0.286182888952,67.727780607385));
#343 = CARTESIAN_POINT('',(-0.228117877459,67.736704285621));
#344 = CARTESIAN_POINT('',(-0.170598381027,67.743375806783));
#345 = CARTESIAN_POINT('',(-0.113608148489,67.747810790441));
#346 = CARTESIAN_POINT('',(-5.682166474083E-02,67.75003124219));
#347 = CARTESIAN_POINT('',(1.665334536938E-16,67.75003124219));
#348 = ( GEOMETRIC_REPRESENTATION_CONTEXT(2) 
PARAMETRIC_REPRESENTATION_CONTEXT() REPRESENTATION_CONTEXT('2D SPACE',''
  ) );
#349 = PCURVE('',#350,#429);
#350 = ( BOUNDED_SURFACE() B_SPLINE_SURFACE(2,7,(
    (#351,#352,#353,#354,#355,#356,#357,#358,#359,#360,#361,#362,#363
      ,#364,#365,#366,#367,#368,#369,#370,#371,#372,#373,#374,#375,#376)
    ,(#377,#378,#379,#380,#381,#382,#383,#384,#385,#386,#387,#388,#389
      ,#390,#391,#392,#393,#394,#395,#396,#397,#398,#399,#400,#401,#402)
    ,(#403,#404,#405,#406,#407,#408,#409,#410,#411,#412,#413,#414,#415
      ,#416,#417,#418,#419,#420,#421,#422,#423,#424,#425,#426,#427,#428
)),.UNSPECIFIED.,.F.,.F.,.F.) B_SPLINE_SURFACE_WITH_KNOTS((3,3),(8,6,6,6
    ,8),(0.,23.462894982428),(834.6436229942,835.77577537705,
    840.31481462261,846.92682732891,858.10651797663),.UNSPECIFIED.) 
GEOMETRIC_REPRESENTATION_ITEM() RATIONAL_B_SPLINE_SURFACE((
    (1.,1.,1.,1.,1.,1.,1.,1.,1.,1.,1.,1.,1.,1.,1.,1.,1.,1.,1.,1.,1.,1.
      ,1.,1.,1.,1.)
    ,(0.707106781187,0.706437379275,0.705765399796,0.705087932618
      ,0.704408999691,0.703724129404,0.703027092681,0.699579292728
      ,0.696818821683,0.694131869195,0.691496906007,0.688949374743
      ,0.686511067472,0.680824250446,0.677714753602,0.674877643785
      ,0.672310469927,0.670008078215,0.667961515013,0.663076829591
      ,0.660684481459,0.658866008408,0.657554794583,0.656701076992
      ,0.656272100052,0.656272100052)
    ,(1.,1.,1.,1.,1.,1.,1.,1.,1.,1.,1.,1.,1.,1.,1.,1.,1.,1.,1.,1.,1.,1.
,1.,1.,1.,1.))) REPRESENTATION_ITEM('') SURFACE() );
#351 = CARTESIAN_POINT('',(-136.,70.,67.198321344334));
#352 = CARTESIAN_POINT('',(-136.1968531836,70.,67.205964369364));
#353 = CARTESIAN_POINT('',(-136.3936817447,69.996777579531,
    67.213594358039));
#354 = CARTESIAN_POINT('',(-136.5906789256,69.99029706836,
    67.221164615732));
#355 = CARTESIAN_POINT('',(-136.787435723,69.980622387619,
    67.228717784293));
#356 = CARTESIAN_POINT('',(-136.9843189929,69.967696264121,
    67.236183952306));
#357 = CARTESIAN_POINT('',(-137.181816829,69.951419796404,
    67.243472591323));
#358 = CARTESIAN_POINT('',(-138.1637946864,69.85430407429,
    67.280469264537));
#359 = CARTESIAN_POINT('',(-138.9400946767,69.725264197224,
    67.309572683163));
#360 = CARTESIAN_POINT('',(-139.6944131315,69.547458580431,
    67.338283830259));
#361 = CARTESIAN_POINT('',(-140.4266800268,69.324815117005,
    67.366064423057));
#362 = CARTESIAN_POINT('',(-141.1292938855,69.061081329145,
    67.392781033671));
#363 = CARTESIAN_POINT('',(-141.7983586559,68.76267141704,
    67.418345834503));
#364 = CARTESIAN_POINT('',(-143.3517768817,67.959376010182,
    67.477988794854));
#365 = CARTESIAN_POINT('',(-144.1949019455,67.422459800233,
    67.510630283222));
#366 = CARTESIAN_POINT('',(-144.9607366815,66.839332437888,
    67.540602397654));
#367 = CARTESIAN_POINT('',(-145.6519180358,66.221155083268,
    67.567961439813));
#368 = CARTESIAN_POINT('',(-146.2715979287,65.578071916416,
    67.592804104045));
#369 = CARTESIAN_POINT('',(-146.823431089,64.918743161658,
    67.615246319309));
#370 = CARTESIAN_POINT('',(-148.1407415357,63.111739260877,
    67.669321236425));
#371 = CARTESIAN_POINT('',(-148.7893735358,61.942865778382,
    67.696786530105));
#372 = CARTESIAN_POINT('',(-149.2855125624,60.759136555882,
    67.718285240716));
#373 = CARTESIAN_POINT('',(-149.6458074291,59.570673345687,
    67.734198860468));
#374 = CARTESIAN_POINT('',(-149.8816649083,58.381331940076,
    67.744751192936));
#375 = CARTESIAN_POINT('',(-150.,57.191282657666,67.75003124219));
#376 = CARTESIAN_POINT('',(-150.,56.,67.75003124219));
#377 = CARTESIAN_POINT('',(-134.6534653465,70.,77.107248855776));
#378 = CARTESIAN_POINT('',(-134.8460275578,70.018951486191,
    77.133416338599));
#379 = CARTESIAN_POINT('',(-135.0385203896,70.034805172279,
    77.159617025354));
#380 = CARTESIAN_POINT('',(-135.2309634878,70.047609197918,
    77.185862207734));
#381 = CARTESIAN_POINT('',(-135.4233407122,70.057323160886,
    77.212134855875));
#382 = CARTESIAN_POINT('',(-135.6155195705,70.064020311905,
    77.238422427206));
#383 = CARTESIAN_POINT('',(-135.8075681888,70.067778567602,
    77.264751694245));
#384 = CARTESIAN_POINT('',(-136.7774652315,70.070182939996,
    77.397859048863));
#385 = CARTESIAN_POINT('',(-137.5536445001,70.021608923204,
    77.504866232249));
#386 = CARTESIAN_POINT('',(-138.319420845,69.922539214395,
    77.610635070673));
#387 = CARTESIAN_POINT('',(-139.0709972693,69.775628037603,
    77.714779191159));
#388 = CARTESIAN_POINT('',(-139.8014027121,69.583519860074,
    77.81627547927));
#389 = CARTESIAN_POINT('',(-140.5059537252,69.350679515596,
    77.914381938475));
#390 = CARTESIAN_POINT('',(-142.1706033327,68.68814800802,78.14661035057
    ));
#391 = CARTESIAN_POINT('',(-143.0944690078,68.217832740573,
    78.275883885858));
#392 = CARTESIAN_POINT('',(-143.9494518946,67.684068447367,
    78.395777792463));
#393 = CARTESIAN_POINT('',(-144.7347889314,67.097568542421,
    78.506079736545));
#394 = CARTESIAN_POINT('',(-145.4505239147,66.468521618129,
    78.606706433384));
#395 = CARTESIAN_POINT('',(-146.0976154178,65.806226169662,
    78.697725606677));
#396 = CARTESIAN_POINT('',(-147.66938522,63.942517268963,78.918953006328
    ));
#397 = CARTESIAN_POINT('',(-148.4662125993,62.693112298127,
    79.031184349434));
#398 = CARTESIAN_POINT('',(-149.0878453405,61.394991266924,
    79.118746417912));
#399 = CARTESIAN_POINT('',(-149.5457311123,60.066203417937,
    79.183218063972));
#400 = CARTESIAN_POINT('',(-149.8480784753,58.718761532532,
    79.22577098244));
#401 = CARTESIAN_POINT('',(-150.,57.360973771136,79.247157319866));
#402 = CARTESIAN_POINT('',(-150.,56.,79.247157319866));
#403 = CARTESIAN_POINT('',(-134.6534653465,60.,77.107248855776));
#404 = CARTESIAN_POINT('',(-134.8458452635,60.,77.133391566438));
#405 = CARTESIAN_POINT('',(-135.0381756555,59.997001527011,
    77.159570861976));
#406 = CARTESIAN_POINT('',(-135.2306833057,59.990106065988,
    77.185824821002));
#407 = CARTESIAN_POINT('',(-135.4228993622,59.980858204409,
    77.212067051258));
#408 = CARTESIAN_POINT('',(-135.6331884919,59.968626302378,
    77.240835843119));
#409 = CARTESIAN_POINT('',(-135.8531094184,59.951562454524,
    77.271005892926));
#410 = CARTESIAN_POINT('',(-136.2713657516,59.859289203542,
    77.328394951448));
#411 = CARTESIAN_POINT('',(-136.4639682194,59.758120081677,
    77.354954001123));
#412 = CARTESIAN_POINT('',(-136.6477687878,59.658803690416,
    77.380252351188));
#413 = CARTESIAN_POINT('',(-136.8405509876,59.544907316691,
    77.406883169557));
#414 = CARTESIAN_POINT('',(-137.0172770034,59.420316869805,
    77.431317908486));
#415 = CARTESIAN_POINT('',(-137.1795205466,59.291025175971,
    77.453786358708));
#416 = CARTESIAN_POINT('',(-137.542227203,58.964865383413,
    77.504072255317));
#417 = CARTESIAN_POINT('',(-137.7260205119,58.764459552112,
    77.529609141472));
#418 = CARTESIAN_POINT('',(-137.8812475359,58.563275969168,
    77.551211401467));
#419 = CARTESIAN_POINT('',(-138.012226442,58.363149576733,
    77.569461307072));
#420 = CARTESIAN_POINT('',(-138.1213157775,58.167969001411,
    77.58467487482));
#421 = CARTESIAN_POINT('',(-138.2101921388,57.981996402849,
    77.597077627435));
#422 = CARTESIAN_POINT('',(-138.4141127524,57.49243029519,
    77.625550546628));
#423 = CARTESIAN_POINT('',(-138.4941294587,57.209373923243,
    77.636742252342));
#424 = CARTESIAN_POINT('',(-138.5487443602,56.943436207165,
    77.644383048276));
#425 = CARTESIAN_POINT('',(-138.5836212628,56.694561179457,
    77.649263073718));
#426 = CARTESIAN_POINT('',(-138.6032269223,56.459413538483,
    77.652008151868));
#427 = CARTESIAN_POINT('',(-138.6138613861,56.229773323134,
    77.653496279396));
#428 = CARTESIAN_POINT('',(-138.6138613861,56.,77.653496279396));
#429 = DEFINITIONAL_REPRESENTATION('',(#430),#434);
#430 = LINE('',#431,#432);
#431 = CARTESIAN_POINT('',(0.,0.));
#432 = VECTOR('',#433,1.);
#433 = DIRECTION('',(0.,1.));
#434 = ( GEOMETRIC_REPRESENTATION_CONTEXT(2) 
PARAMETRIC_REPRESENTATION_CONTEXT() REPRESENTATION_CONTEXT('2D SPACE',''
  ) );
#435 = ADVANCED_FACE('',(#436),#118,.T.);
#436 = FACE_BOUND('',#437,.F.);
#437 = EDGE_LOOP('',(#438,#496,#524,#663));
#438 = ORIENTED_EDGE('',*,*,#439,.T.);
#439 = EDGE_CURVE('',#70,#440,#442,.T.);
#440 = VERTEX_POINT('',#441);
#441 = CARTESIAN_POINT('',(-138.6138613861,56.,77.653496279396));
#442 = SURFACE_CURVE('',#443,(#448,#454),.PCURVE_S1.);
#443 = CIRCLE('',#444,10.);
#444 = AXIS2_PLACEMENT_3D('',#445,#446,#447);
#445 = CARTESIAN_POINT('',(-140.,56.,67.75003124219));
#446 = DIRECTION('',(0.,1.,-2.22044604925E-16));
#447 = DIRECTION('',(-1.,0.,0.));
#448 = PCURVE('',#118,#449);
#449 = DEFINITIONAL_REPRESENTATION('',(#450),#453);
#450 = B_SPLINE_CURVE_WITH_KNOTS('',1,(#451,#452),.UNSPECIFIED.,.F.,.F.,
  (2,2),(0.,1.709857953792),.PIECEWISE_BEZIER_KNOTS.);
#451 = CARTESIAN_POINT('',(0.,0.));
#452 = CARTESIAN_POINT('',(-1.709857953792,0.));
#453 = ( GEOMETRIC_REPRESENTATION_CONTEXT(2) 
PARAMETRIC_REPRESENTATION_CONTEXT() REPRESENTATION_CONTEXT('2D SPACE',''
  ) );
#454 = PCURVE('',#350,#455);
#455 = DEFINITIONAL_REPRESENTATION('',(#456),#495);
#456 = B_SPLINE_CURVE_WITH_KNOTS('',10,(#457,#458,#459,#460,#461,#462,
    #463,#464,#465,#466,#467,#468,#469,#470,#471,#472,#473,#474,#475,
    #476,#477,#478,#479,#480,#481,#482,#483,#484,#485,#486,#487,#488,
    #489,#490,#491,#492,#493,#494),.UNSPECIFIED.,.F.,.F.,(11,9,9,9,11),(
    0.,0.427464488448,0.854928976896,1.282393465344,1.709857953792),
  .UNSPECIFIED.);
#457 = CARTESIAN_POINT('',(-1.33226762955E-15,858.10651797663));
#458 = CARTESIAN_POINT('',(0.664627653525,858.10651797663));
#459 = CARTESIAN_POINT('',(1.314875381177,858.10651797661));
#460 = CARTESIAN_POINT('',(1.95210748792,858.10651797666));
#461 = CARTESIAN_POINT('',(2.577580912844,858.1065179766));
#462 = CARTESIAN_POINT('',(3.192419029068,858.10651797665));
#463 = CARTESIAN_POINT('',(3.797703995817,858.10651797661));
#464 = CARTESIAN_POINT('',(4.394401890626,858.10651797663));
#465 = CARTESIAN_POINT('',(4.983451594916,858.10651797663));
#466 = CARTESIAN_POINT('',(5.565724086432,858.10651797662));
#467 = CARTESIAN_POINT('',(6.718386727197,858.10651797665));
#468 = CARTESIAN_POINT('',(7.288776789526,858.1065179765));
#469 = CARTESIAN_POINT('',(7.854060006581,858.10651797696));
#470 = CARTESIAN_POINT('',(8.41502979678,858.10651797608));
#471 = CARTESIAN_POINT('',(8.97244660322,858.10651797727));
#472 = CARTESIAN_POINT('',(9.527045407729,858.10651797609));
#473 = CARTESIAN_POINT('',(10.079542740367,858.10651797695));
#474 = CARTESIAN_POINT('',(10.630643183824,858.1065179765));
#475 = CARTESIAN_POINT('',(11.181045373271,858.10651797666));
#476 = CARTESIAN_POINT('',(12.281849609158,858.10651797661));
#477 = CARTESIAN_POINT('',(12.832251798603,858.10651797671));
#478 = CARTESIAN_POINT('',(13.383352242063,858.10651797645));
#479 = CARTESIAN_POINT('',(13.935849574695,858.1065179769));
#480 = CARTESIAN_POINT('',(14.490448379213,858.10651797634));
#481 = CARTESIAN_POINT('',(15.047865185643,858.10651797685));
#482 = CARTESIAN_POINT('',(15.60883497585,858.1065179765));
#483 = CARTESIAN_POINT('',(16.174118192901,858.10651797668));
#484 = CARTESIAN_POINT('',(16.744508255232,858.10651797662));
#485 = CARTESIAN_POINT('',(17.897170895996,858.10651797664));
#486 = CARTESIAN_POINT('',(18.479443387511,858.10651797657));
#487 = CARTESIAN_POINT('',(19.068493091806,858.10651797676));
#488 = CARTESIAN_POINT('',(19.665190986604,858.10651797645));
#489 = CARTESIAN_POINT('',(20.270475953367,858.10651797681));
#490 = CARTESIAN_POINT('',(20.885314069578,858.1065179765));
#491 = CARTESIAN_POINT('',(21.510787494511,858.10651797671));
#492 = CARTESIAN_POINT('',(22.14801960125,858.1065179766));
#493 = CARTESIAN_POINT('',(22.798267328903,858.10651797664));
#494 = CARTESIAN_POINT('',(23.462894982428,858.10651797663));
#495 = ( GEOMETRIC_REPRESENTATION_CONTEXT(2) 
PARAMETRIC_REPRESENTATION_CONTEXT() REPRESENTATION_CONTEXT('2D SPACE',''
  ) );
#496 = ORIENTED_EDGE('',*,*,#497,.T.);
#497 = EDGE_CURVE('',#440,#498,#500,.T.);
#498 = VERTEX_POINT('',#499);
#499 = CARTESIAN_POINT('',(-138.6138613861,-56.,77.653496279396));
#500 = SURFACE_CURVE('',#501,(#505,#512),.PCURVE_S1.);
#501 = LINE('',#502,#503);
#502 = CARTESIAN_POINT('',(-138.6138613861,56.,77.653496279396));
#503 = VECTOR('',#504,1.);
#504 = DIRECTION('',(0.,-1.,2.22044604925E-16));
#505 = PCURVE('',#118,#506);
#506 = DEFINITIONAL_REPRESENTATION('',(#507),#511);
#507 = LINE('',#508,#509);
#508 = CARTESIAN_POINT('',(-1.709857953792,-7.105427357601E-15));
#509 = VECTOR('',#510,1.);
#510 = DIRECTION('',(-0.,1.));
#511 = ( GEOMETRIC_REPRESENTATION_CONTEXT(2) 
PARAMETRIC_REPRESENTATION_CONTEXT() REPRESENTATION_CONTEXT('2D SPACE',''
  ) );
#512 = PCURVE('',#513,#518);
#513 = CYLINDRICAL_SURFACE('',#514,1.E+03);
#514 = AXIS2_PLACEMENT_3D('',#515,#516,#517);
#515 = CARTESIAN_POINT('',(0.,85.,1.068E+03));
#516 = DIRECTION('',(0.,-1.,2.22044604925E-16));
#517 = DIRECTION('',(1.,0.,0.));
#518 = DEFINITIONAL_REPRESENTATION('',(#519),#523);
#519 = LINE('',#520,#521);
#520 = CARTESIAN_POINT('',(4.573327353387,29.));
#521 = VECTOR('',#522,1.);
#522 = DIRECTION('',(0.,1.));
#523 = ( GEOMETRIC_REPRESENTATION_CONTEXT(2) 
PARAMETRIC_REPRESENTATION_CONTEXT() REPRESENTATION_CONTEXT('2D SPACE',''
  ) );
#524 = ORIENTED_EDGE('',*,*,#525,.F.);
#525 = EDGE_CURVE('',#103,#498,#526,.T.);
#526 = SURFACE_CURVE('',#527,(#532,#538),.PCURVE_S1.);
#527 = CIRCLE('',#528,10.);
#528 = AXIS2_PLACEMENT_3D('',#529,#530,#531);
#529 = CARTESIAN_POINT('',(-140.,-56.,67.75003124219));
#530 = DIRECTION('',(0.,1.,-2.22044604925E-16));
#531 = DIRECTION('',(-1.,0.,0.));
#532 = PCURVE('',#118,#533);
#533 = DEFINITIONAL_REPRESENTATION('',(#534),#537);
#534 = B_SPLINE_CURVE_WITH_KNOTS('',1,(#535,#536),.UNSPECIFIED.,.F.,.F.,
  (2,2),(0.,1.709857953792),.PIECEWISE_BEZIER_KNOTS.);
#535 = CARTESIAN_POINT('',(0.,112.));
#536 = CARTESIAN_POINT('',(-1.709857953792,112.));
#537 = ( GEOMETRIC_REPRESENTATION_CONTEXT(2) 
PARAMETRIC_REPRESENTATION_CONTEXT() REPRESENTATION_CONTEXT('2D SPACE',''
  ) );
#538 = PCURVE('',#539,#618);
#539 = ( BOUNDED_SURFACE() B_SPLINE_SURFACE(2,7,(
    (#540,#541,#542,#543,#544,#545,#546,#547,#548,#549,#550,#551,#552
      ,#553,#554,#555,#556,#557,#558,#559,#560,#561,#562,#563,#564,#565)
    ,(#566,#567,#568,#569,#570,#571,#572,#573,#574,#575,#576,#577,#578
      ,#579,#580,#581,#582,#583,#584,#585,#586,#587,#588,#589,#590,#591)
    ,(#592,#593,#594,#595,#596,#597,#598,#599,#600,#601,#602,#603,#604
      ,#605,#606,#607,#608,#609,#610,#611,#612,#613,#614,#615,#616,#617
)),.UNSPECIFIED.,.F.,.F.,.F.) B_SPLINE_SURFACE_WITH_KNOTS((3,3),(8,6,6,6
    ,8),(0.,23.462894982353),(112.,123.17969060708,129.79170333736,
    134.33074259742,135.46289498235),.UNSPECIFIED.) 
GEOMETRIC_REPRESENTATION_ITEM() RATIONAL_B_SPLINE_SURFACE((
    (1.,1.,1.,1.,1.,1.,1.,1.,1.,1.,1.,1.,1.,1.,1.,1.,1.,1.,1.,1.,1.,1.
      ,1.,1.,1.,1.)
    ,(0.656272100052,0.656272100052,0.656701076953,0.657554794638
      ,0.65886600843,0.660684481376,0.663076829618,0.667961515027
      ,0.670008078207,0.672310469922,0.674877643787,0.677714753602
      ,0.680824250444,0.686511067472,0.688949374742,0.69149690601
      ,0.694131869197,0.696818821683,0.699579292725,0.70302709268
      ,0.703724129404,0.704408999691,0.705087932618,0.705765399795
      ,0.706437379274,0.707106781187)
    ,(1.,1.,1.,1.,1.,1.,1.,1.,1.,1.,1.,1.,1.,1.,1.,1.,1.,1.,1.,1.,1.,1.
,1.,1.,1.,1.))) REPRESENTATION_ITEM('') SURFACE() );
#540 = CARTESIAN_POINT('',(-150.,-56.,67.75003124219));
#541 = CARTESIAN_POINT('',(-150.,-57.19128263773,67.75003124219));
#542 = CARTESIAN_POINT('',(-149.8816649131,-58.38133196313,
    67.744751192712));
#543 = CARTESIAN_POINT('',(-149.6458074224,-59.57067335055,
    67.734198860792));
#544 = CARTESIAN_POINT('',(-149.2855125595,-60.75913654012,
    67.718285240836));
#545 = CARTESIAN_POINT('',(-148.7893735462,-61.94286577465,
    67.696786529638));
#546 = CARTESIAN_POINT('',(-148.1407415337,-63.11173926384,
    67.669321236733));
#547 = CARTESIAN_POINT('',(-146.8234310854,-64.91874316635,
    67.615246319175));
#548 = CARTESIAN_POINT('',(-146.2715979288,-65.57807191529,
    67.592804103901));
#549 = CARTESIAN_POINT('',(-145.6519180368,-66.22115508222,
    67.567961439822));
#550 = CARTESIAN_POINT('',(-144.9607366818,-66.8393324383,
    67.540602397715));
#551 = CARTESIAN_POINT('',(-144.1949019455,-67.42245979997,
    67.510630283214));
#552 = CARTESIAN_POINT('',(-143.351776882,-67.95937601004,
    67.477988794848));
#553 = CARTESIAN_POINT('',(-141.798358656,-68.76267141699,
    67.418345834517));
#554 = CARTESIAN_POINT('',(-141.1292938856,-69.06108132909,
    67.392781033662));
#555 = CARTESIAN_POINT('',(-140.4266800261,-69.32481511738,
    67.366064423037));
#556 = CARTESIAN_POINT('',(-139.6944131307,-69.54745858053,
    67.338283830225));
#557 = CARTESIAN_POINT('',(-138.9400946768,-69.72526419711,
    67.30957268317));
#558 = CARTESIAN_POINT('',(-138.1637946872,-69.8543040742,67.28046926457
    ));
#559 = CARTESIAN_POINT('',(-137.1818168291,-69.95141979639,
    67.243472591322));
#560 = CARTESIAN_POINT('',(-136.9843189929,-69.96769626412,
    67.236183952308));
#561 = CARTESIAN_POINT('',(-136.787435723,-69.98062238762,
    67.228717784296));
#562 = CARTESIAN_POINT('',(-136.5906789256,-69.99029706835,
    67.221164615732));
#563 = CARTESIAN_POINT('',(-136.3936817447,-69.99677757952,
    67.213594358038));
#564 = CARTESIAN_POINT('',(-136.1968531838,-70.,67.205964369371));
#565 = CARTESIAN_POINT('',(-136.,-70.,67.198321344333));
#566 = CARTESIAN_POINT('',(-150.,-56.,79.247157319866));
#567 = CARTESIAN_POINT('',(-150.,-57.36097376016,79.247157319866));
#568 = CARTESIAN_POINT('',(-149.848078479,-58.71876154409,
    79.225770983127));
#569 = CARTESIAN_POINT('',(-149.5457311072,-60.06620342161,
    79.183218063026));
#570 = CARTESIAN_POINT('',(-149.0878453382,-61.39499125876,
    79.118746417493));
#571 = CARTESIAN_POINT('',(-148.4662126072,-62.69311229413,
    79.031184350898));
#572 = CARTESIAN_POINT('',(-147.6693852197,-63.94251726897,
    78.91895300613));
#573 = CARTESIAN_POINT('',(-146.0976154137,-65.80622617452,
    78.697725606094));
#574 = CARTESIAN_POINT('',(-145.450523914,-66.46852161782,
    78.606706433345));
#575 = CARTESIAN_POINT('',(-144.7347889324,-67.09756854147,
    78.506079736697));
#576 = CARTESIAN_POINT('',(-143.9494518951,-67.68406844748,
    78.395777792515));
#577 = CARTESIAN_POINT('',(-143.0944690078,-68.21783274041,
    78.275883885852));
#578 = CARTESIAN_POINT('',(-142.1706033329,-68.68814800794,
    78.146610350605));
#579 = CARTESIAN_POINT('',(-140.5059537254,-69.35067951552,
    77.914381938492));
#580 = CARTESIAN_POINT('',(-139.8014027122,-69.58351986008,
    77.816275479286));
#581 = CARTESIAN_POINT('',(-139.0709972686,-69.77562803788,
    77.714779191054));
#582 = CARTESIAN_POINT('',(-138.3194208442,-69.92253921443,
    77.610635070565));
#583 = CARTESIAN_POINT('',(-137.5536445002,-70.02160892309,
    77.504866232264));
#584 = CARTESIAN_POINT('',(-136.7774652324,-70.07018293999,
    77.397859048977));
#585 = CARTESIAN_POINT('',(-135.8075681888,-70.0677785676,
    77.264751694253));
#586 = CARTESIAN_POINT('',(-135.6155195705,-70.0640203119,
    77.238422427209));
#587 = CARTESIAN_POINT('',(-135.4233407123,-70.05732316088,
    77.212134855878));
#588 = CARTESIAN_POINT('',(-135.2309634878,-70.04760919791,
    77.185862207739));
#589 = CARTESIAN_POINT('',(-135.0385203897,-70.03480517228,
    77.15961702536));
#590 = CARTESIAN_POINT('',(-134.8460275578,-70.0189514862,
    77.133416338605));
#591 = CARTESIAN_POINT('',(-134.6534653465,-70.,77.107248855784));
#592 = CARTESIAN_POINT('',(-138.6138613861,-56.,77.653496279396));
#593 = CARTESIAN_POINT('',(-138.6138613861,-56.22977325157,
    77.653496279396));
#594 = CARTESIAN_POINT('',(-138.6032269407,-56.45941362512,
    77.652008154444));
#595 = CARTESIAN_POINT('',(-138.5836212367,-56.6945611942,
    77.649263070072));
#596 = CARTESIAN_POINT('',(-138.5487443497,-56.9434361487,
    77.644383046801));
#597 = CARTESIAN_POINT('',(-138.4941294979,-57.20937391865,
    77.63674225781));
#598 = CARTESIAN_POINT('',(-138.4141127358,-57.49243031718,
    77.625550544313));
#599 = CARTESIAN_POINT('',(-138.2101921373,-57.9819964042,
    77.597077627229));
#600 = CARTESIAN_POINT('',(-138.1213157842,-58.16796899407,
    77.584674875745));
#601 = CARTESIAN_POINT('',(-138.0122264449,-58.36314957529,
    77.569461307473));
#602 = CARTESIAN_POINT('',(-137.8812475338,-58.56327597192,
    77.551211401179));
#603 = CARTESIAN_POINT('',(-137.726020511,-58.76445955147,
    77.529609141349));
#604 = CARTESIAN_POINT('',(-137.5422272047,-58.9648653827,77.50407225555
    ));
#605 = CARTESIAN_POINT('',(-137.1795205455,-59.29102517639,
    77.453786358558));
#606 = CARTESIAN_POINT('',(-137.0172770045,-59.42031686921,
    77.431317908635));
#607 = CARTESIAN_POINT('',(-136.8405509876,-59.5449073171,
    77.406883169553));
#608 = CARTESIAN_POINT('',(-136.6477687874,-59.65880369035,
    77.380252351133));
#609 = CARTESIAN_POINT('',(-136.4639682199,-59.75812008167,
    77.354954001193));
#610 = CARTESIAN_POINT('',(-136.2713657515,-59.85928920347,
    77.328394951434));
#611 = CARTESIAN_POINT('',(-135.8531094185,-59.95156245451,
    77.271005892939));
#612 = CARTESIAN_POINT('',(-135.6331884918,-59.96862630237,
    77.240835843116));
#613 = CARTESIAN_POINT('',(-135.4228993622,-59.98085820441,
    77.212067051261));
#614 = CARTESIAN_POINT('',(-135.2306833058,-59.99010606598,
    77.185824821011));
#615 = CARTESIAN_POINT('',(-135.0381756555,-59.997001527,77.159570861979
    ));
#616 = CARTESIAN_POINT('',(-134.8458452636,-60.,77.133391566445));
#617 = CARTESIAN_POINT('',(-134.6534653465,-60.,77.107248855784));
#618 = DEFINITIONAL_REPRESENTATION('',(#619),#662);
#619 = B_SPLINE_CURVE_WITH_KNOTS('',11,(#620,#621,#622,#623,#624,#625,
    #626,#627,#628,#629,#630,#631,#632,#633,#634,#635,#636,#637,#638,
    #639,#640,#641,#642,#643,#644,#645,#646,#647,#648,#649,#650,#651,
    #652,#653,#654,#655,#656,#657,#658,#659,#660,#661),.UNSPECIFIED.,.F.
  ,.F.,(12,10,10,10,12),(0.,0.427464488448,0.854928976896,1.282393465344
    ,1.709857953792),.UNSPECIFIED.);
#620 = CARTESIAN_POINT('',(8.881784197001E-16,112.));
#621 = CARTESIAN_POINT('',(0.604206957748,112.));
#622 = CARTESIAN_POINT('',(1.196648722236,112.));
#623 = CARTESIAN_POINT('',(1.778315883419,112.));
#624 = CARTESIAN_POINT('',(2.350138605869,111.99999999998));
#625 = CARTESIAN_POINT('',(2.912943216993,112.00000000002));
#626 = CARTESIAN_POINT('',(3.467552500453,111.99999999997));
#627 = CARTESIAN_POINT('',(4.014682473639,112.00000000002));
#628 = CARTESIAN_POINT('',(4.555052839893,111.99999999998));
#629 = CARTESIAN_POINT('',(5.089319119994,112.));
#630 = CARTESIAN_POINT('',(5.618117842812,111.99999999999));
#631 = CARTESIAN_POINT('',(6.665992970777,112.));
#632 = CARTESIAN_POINT('',(7.185069505444,111.99999999997));
#633 = CARTESIAN_POINT('',(7.69989185645,112.00000000006));
#634 = CARTESIAN_POINT('',(8.211040782138,111.99999999989));
#635 = CARTESIAN_POINT('',(8.719075327536,112.00000000011));
#636 = CARTESIAN_POINT('',(9.224536968876,111.99999999989));
#637 = CARTESIAN_POINT('',(9.727953528659,112.00000000007));
#638 = CARTESIAN_POINT('',(10.229842861276,111.99999999996));
#639 = CARTESIAN_POINT('',(10.730716309145,112.00000000001));
#640 = CARTESIAN_POINT('',(11.231081929411,111.99999999999));
#641 = CARTESIAN_POINT('',(12.231813052943,112.));
#642 = CARTESIAN_POINT('',(12.732178673204,111.99999999996));
#643 = CARTESIAN_POINT('',(13.233052121088,112.00000000008));
#644 = CARTESIAN_POINT('',(13.734941453676,111.99999999985));
#645 = CARTESIAN_POINT('',(14.238358013501,112.00000000018));
#646 = CARTESIAN_POINT('',(14.743819654795,111.99999999982));
#647 = CARTESIAN_POINT('',(15.251854200231,112.00000000013));
#648 = CARTESIAN_POINT('',(15.763003125896,111.99999999992));
#649 = CARTESIAN_POINT('',(16.277825476913,112.00000000003));
#650 = CARTESIAN_POINT('',(16.796902011576,111.99999999999));
#651 = CARTESIAN_POINT('',(17.844777139542,112.));
#652 = CARTESIAN_POINT('',(18.373575862354,111.99999999996));
#653 = CARTESIAN_POINT('',(18.907842142472,112.00000000008));
#654 = CARTESIAN_POINT('',(19.448212508696,111.99999999985));
#655 = CARTESIAN_POINT('',(19.995342481922,112.00000000017));
#656 = CARTESIAN_POINT('',(20.549951765341,111.99999999983));
#657 = CARTESIAN_POINT('',(21.112756376498,112.00000000012));
#658 = CARTESIAN_POINT('',(21.684579098927,111.99999999993));
#659 = CARTESIAN_POINT('',(22.26624626012,112.00000000002));
#660 = CARTESIAN_POINT('',(22.858688024605,111.99999999999));
#661 = CARTESIAN_POINT('',(23.462894982353,112.));
#662 = ( GEOMETRIC_REPRESENTATION_CONTEXT(2) 
PARAMETRIC_REPRESENTATION_CONTEXT() REPRESENTATION_CONTEXT('2D SPACE',''
  ) );
#663 = ORIENTED_EDGE('',*,*,#102,.F.);
#664 = ADVANCED_FACE('',(#665),#172,.F.);
#665 = FACE_BOUND('',#666,.F.);
#666 = EDGE_LOOP('',(#667,#668,#692,#720,#746,#772,#801,#827,#856,#882,
    #903,#924));
#667 = ORIENTED_EDGE('',*,*,#158,.F.);
#668 = ORIENTED_EDGE('',*,*,#669,.T.);
#669 = EDGE_CURVE('',#131,#670,#672,.T.);
#670 = VERTEX_POINT('',#671);
#671 = CARTESIAN_POINT('',(-136.,-70.,0.));
#672 = SURFACE_CURVE('',#673,(#678,#685),.PCURVE_S1.);
#673 = CIRCLE('',#674,14.);
#674 = AXIS2_PLACEMENT_3D('',#675,#676,#677);
#675 = CARTESIAN_POINT('',(-136.,-56.,0.));
#676 = DIRECTION('',(0.,0.,1.));
#677 = DIRECTION('',(0.,-1.,0.));
#678 = PCURVE('',#172,#679);
#679 = DEFINITIONAL_REPRESENTATION('',(#680),#684);
#680 = CIRCLE('',#681,14.);
#681 = AXIS2_PLACEMENT_2D('',#682,#683);
#682 = CARTESIAN_POINT('',(14.,14.));
#683 = DIRECTION('',(0.,-1.));
#684 = ( GEOMETRIC_REPRESENTATION_CONTEXT(2) 
PARAMETRIC_REPRESENTATION_CONTEXT() REPRESENTATION_CONTEXT('2D SPACE',''
  ) );
#685 = PCURVE('',#146,#686);
#686 = DEFINITIONAL_REPRESENTATION('',(#687),#691);
#687 = LINE('',#688,#689);
#688 = CARTESIAN_POINT('',(-4.712388980385,0.));
#689 = VECTOR('',#690,1.);
#690 = DIRECTION('',(1.,0.));
#691 = ( GEOMETRIC_REPRESENTATION_CONTEXT(2) 
PARAMETRIC_REPRESENTATION_CONTEXT() REPRESENTATION_CONTEXT('2D SPACE',''
  ) );
#692 = ORIENTED_EDGE('',*,*,#693,.T.);
#693 = EDGE_CURVE('',#670,#694,#696,.T.);
#694 = VERTEX_POINT('',#695);
#695 = CARTESIAN_POINT('',(89.85,-70.,0.));
#696 = SURFACE_CURVE('',#697,(#701,#708),.PCURVE_S1.);
#697 = LINE('',#698,#699);
#698 = CARTESIAN_POINT('',(-150.,-70.,0.));
#699 = VECTOR('',#700,1.);
#700 = DIRECTION('',(1.,0.,-0.));
#701 = PCURVE('',#172,#702);
#702 = DEFINITIONAL_REPRESENTATION('',(#703),#707);
#703 = LINE('',#704,#705);
#704 = CARTESIAN_POINT('',(0.,0.));
#705 = VECTOR('',#706,1.);
#706 = DIRECTION('',(1.,0.));
#707 = ( GEOMETRIC_REPRESENTATION_CONTEXT(2) 
PARAMETRIC_REPRESENTATION_CONTEXT() REPRESENTATION_CONTEXT('2D SPACE',''
  ) );
#708 = PCURVE('',#709,#714);
#709 = PLANE('',#710);
#710 = AXIS2_PLACEMENT_3D('',#711,#712,#713);
#711 = CARTESIAN_POINT('',(-150.,-70.,0.));
#712 = DIRECTION('',(-0.,1.,0.));
#713 = DIRECTION('',(0.,0.,1.));
#714 = DEFINITIONAL_REPRESENTATION('',(#715),#719);
#715 = LINE('',#716,#717);
#716 = CARTESIAN_POINT('',(0.,0.));
#717 = VECTOR('',#718,1.);
#718 = DIRECTION('',(0.,1.));
#719 = ( GEOMETRIC_REPRESENTATION_CONTEXT(2) 
PARAMETRIC_REPRESENTATION_CONTEXT() REPRESENTATION_CONTEXT('2D SPACE',''
  ) );
#720 = ORIENTED_EDGE('',*,*,#721,.F.);
#721 = EDGE_CURVE('',#722,#694,#724,.T.);
#722 = VERTEX_POINT('',#723);
#723 = CARTESIAN_POINT('',(89.85,-67.,0.));
#724 = SURFACE_CURVE('',#725,(#729,#735),.PCURVE_S1.);
#725 = LINE('',#726,#727);
#726 = CARTESIAN_POINT('',(89.85,-75.,0.));
#727 = VECTOR('',#728,1.);
#728 = DIRECTION('',(0.,-1.,0.));
#729 = PCURVE('',#172,#730);
#730 = DEFINITIONAL_REPRESENTATION('',(#731),#734);
#731 = B_SPLINE_CURVE_WITH_KNOTS('',1,(#732,#733),.UNSPECIFIED.,.F.,.F.,
  (2,2),(-145.,-5.),.PIECEWISE_BEZIER_KNOTS.);
#732 = CARTESIAN_POINT('',(239.85,140.));
#733 = CARTESIAN_POINT('',(239.85,0.));
#734 = ( GEOMETRIC_REPRESENTATION_CONTEXT(2) 
PARAMETRIC_REPRESENTATION_CONTEXT() REPRESENTATION_CONTEXT('2D SPACE',''
  ) );
#735 = PCURVE('',#736,#741);
#736 = PLANE('',#737);
#737 = AXIS2_PLACEMENT_3D('',#738,#739,#740);
#738 = CARTESIAN_POINT('',(89.85,-80.,-10.));
#739 = DIRECTION('',(1.,0.,-0.));
#740 = DIRECTION('',(0.,0.,1.));
#741 = DEFINITIONAL_REPRESENTATION('',(#742),#745);
#742 = B_SPLINE_CURVE_WITH_KNOTS('',1,(#743,#744),.UNSPECIFIED.,.F.,.F.,
  (2,2),(-145.,-5.),.PIECEWISE_BEZIER_KNOTS.);
#743 = CARTESIAN_POINT('',(10.,-150.));
#744 = CARTESIAN_POINT('',(10.,-10.));
#745 = ( GEOMETRIC_REPRESENTATION_CONTEXT(2) 
PARAMETRIC_REPRESENTATION_CONTEXT() REPRESENTATION_CONTEXT('2D SPACE',''
  ) );
#746 = ORIENTED_EDGE('',*,*,#747,.T.);
#747 = EDGE_CURVE('',#722,#748,#750,.T.);
#748 = VERTEX_POINT('',#749);
#749 = CARTESIAN_POINT('',(-109.,-67.,0.));
#750 = SURFACE_CURVE('',#751,(#755,#761),.PCURVE_S1.);
#751 = LINE('',#752,#753);
#752 = CARTESIAN_POINT('',(-135.5,-67.,0.));
#753 = VECTOR('',#754,1.);
#754 = DIRECTION('',(-1.,-0.,0.));
#755 = PCURVE('',#172,#756);
#756 = DEFINITIONAL_REPRESENTATION('',(#757),#760);
#757 = B_SPLINE_CURVE_WITH_KNOTS('',1,(#758,#759),.UNSPECIFIED.,.F.,.F.,
  (2,2),(-244.5,-26.5),.PIECEWISE_BEZIER_KNOTS.);
#758 = CARTESIAN_POINT('',(259.,3.));
#759 = CARTESIAN_POINT('',(41.,3.));
#760 = ( GEOMETRIC_REPRESENTATION_CONTEXT(2) 
PARAMETRIC_REPRESENTATION_CONTEXT() REPRESENTATION_CONTEXT('2D SPACE',''
  ) );
#761 = PCURVE('',#762,#767);
#762 = PLANE('',#763);
#763 = AXIS2_PLACEMENT_3D('',#764,#765,#766);
#764 = CARTESIAN_POINT('',(-121.,-67.,-1.));
#765 = DIRECTION('',(-0.,1.,0.));
#766 = DIRECTION('',(0.,0.,1.));
#767 = DEFINITIONAL_REPRESENTATION('',(#768),#771);
#768 = B_SPLINE_CURVE_WITH_KNOTS('',1,(#769,#770),.UNSPECIFIED.,.F.,.F.,
  (2,2),(-244.5,-26.5),.PIECEWISE_BEZIER_KNOTS.);
#769 = CARTESIAN_POINT('',(1.,230.));
#770 = CARTESIAN_POINT('',(1.,12.));
#771 = ( GEOMETRIC_REPRESENTATION_CONTEXT(2) 
PARAMETRIC_REPRESENTATION_CONTEXT() REPRESENTATION_CONTEXT('2D SPACE',''
  ) );
#772 = ORIENTED_EDGE('',*,*,#773,.F.);
#773 = EDGE_CURVE('',#774,#748,#776,.T.);
#774 = VERTEX_POINT('',#775);
#775 = CARTESIAN_POINT('',(-121.,-55.,0.));
#776 = SURFACE_CURVE('',#777,(#782,#789),.PCURVE_S1.);
#777 = CIRCLE('',#778,12.);
#778 = AXIS2_PLACEMENT_3D('',#779,#780,#781);
#779 = CARTESIAN_POINT('',(-109.,-55.,0.));
#780 = DIRECTION('',(0.,0.,1.));
#781 = DIRECTION('',(-1.,-0.,0.));
#782 = PCURVE('',#172,#783);
#783 = DEFINITIONAL_REPRESENTATION('',(#784),#788);
#784 = CIRCLE('',#785,12.);
#785 = AXIS2_PLACEMENT_2D('',#786,#787);
#786 = CARTESIAN_POINT('',(41.,15.));
#787 = DIRECTION('',(-1.,0.));
#788 = ( GEOMETRIC_REPRESENTATION_CONTEXT(2) 
PARAMETRIC_REPRESENTATION_CONTEXT() REPRESENTATION_CONTEXT('2D SPACE',''
  ) );
#789 = PCURVE('',#790,#795);
#790 = CYLINDRICAL_SURFACE('',#791,12.);
#791 = AXIS2_PLACEMENT_3D('',#792,#793,#794);
#792 = CARTESIAN_POINT('',(-109.,-55.,-1.));
#793 = DIRECTION('',(0.,0.,1.));
#794 = DIRECTION('',(-1.,-0.,0.));
#795 = DEFINITIONAL_REPRESENTATION('',(#796),#800);
#796 = LINE('',#797,#798);
#797 = CARTESIAN_POINT('',(0.,1.));
#798 = VECTOR('',#799,1.);
#799 = DIRECTION('',(1.,0.));
#800 = ( GEOMETRIC_REPRESENTATION_CONTEXT(2) 
PARAMETRIC_REPRESENTATION_CONTEXT() REPRESENTATION_CONTEXT('2D SPACE',''
  ) );
#801 = ORIENTED_EDGE('',*,*,#802,.T.);
#802 = EDGE_CURVE('',#774,#803,#805,.T.);
#803 = VERTEX_POINT('',#804);
#804 = CARTESIAN_POINT('',(-121.,55.,0.));
#805 = SURFACE_CURVE('',#806,(#810,#816),.PCURVE_S1.);
#806 = LINE('',#807,#808);
#807 = CARTESIAN_POINT('',(-121.,-68.5,0.));
#808 = VECTOR('',#809,1.);
#809 = DIRECTION('',(-0.,1.,0.));
#810 = PCURVE('',#172,#811);
#811 = DEFINITIONAL_REPRESENTATION('',(#812),#815);
#812 = B_SPLINE_CURVE_WITH_KNOTS('',1,(#813,#814),.UNSPECIFIED.,.F.,.F.,
  (2,2),(13.5,123.5),.PIECEWISE_BEZIER_KNOTS.);
#813 = CARTESIAN_POINT('',(29.,15.));
#814 = CARTESIAN_POINT('',(29.,125.));
#815 = ( GEOMETRIC_REPRESENTATION_CONTEXT(2) 
PARAMETRIC_REPRESENTATION_CONTEXT() REPRESENTATION_CONTEXT('2D SPACE',''
  ) );
#816 = PCURVE('',#817,#822);
#817 = PLANE('',#818);
#818 = AXIS2_PLACEMENT_3D('',#819,#820,#821);
#819 = CARTESIAN_POINT('',(-121.,-67.,-1.));
#820 = DIRECTION('',(1.,0.,-0.));
#821 = DIRECTION('',(0.,0.,1.));
#822 = DEFINITIONAL_REPRESENTATION('',(#823),#826);
#823 = B_SPLINE_CURVE_WITH_KNOTS('',1,(#824,#825),.UNSPECIFIED.,.F.,.F.,
  (2,2),(13.5,123.5),.PIECEWISE_BEZIER_KNOTS.);
#824 = CARTESIAN_POINT('',(1.,-12.));
#825 = CARTESIAN_POINT('',(1.,-122.));
#826 = ( GEOMETRIC_REPRESENTATION_CONTEXT(2) 
PARAMETRIC_REPRESENTATION_CONTEXT() REPRESENTATION_CONTEXT('2D SPACE',''
  ) );
#827 = ORIENTED_EDGE('',*,*,#828,.F.);
#828 = EDGE_CURVE('',#829,#803,#831,.T.);
#829 = VERTEX_POINT('',#830);
#830 = CARTESIAN_POINT('',(-109.,67.,0.));
#831 = SURFACE_CURVE('',#832,(#837,#844),.PCURVE_S1.);
#832 = CIRCLE('',#833,12.);
#833 = AXIS2_PLACEMENT_3D('',#834,#835,#836);
#834 = CARTESIAN_POINT('',(-109.,55.,0.));
#835 = DIRECTION('',(0.,0.,1.));
#836 = DIRECTION('',(-1.,-0.,0.));
#837 = PCURVE('',#172,#838);
#838 = DEFINITIONAL_REPRESENTATION('',(#839),#843);
#839 = CIRCLE('',#840,12.);
#840 = AXIS2_PLACEMENT_2D('',#841,#842);
#841 = CARTESIAN_POINT('',(41.,125.));
#842 = DIRECTION('',(-1.,0.));
#843 = ( GEOMETRIC_REPRESENTATION_CONTEXT(2) 
PARAMETRIC_REPRESENTATION_CONTEXT() REPRESENTATION_CONTEXT('2D SPACE',''
  ) );
#844 = PCURVE('',#845,#850);
#845 = CYLINDRICAL_SURFACE('',#846,12.);
#846 = AXIS2_PLACEMENT_3D('',#847,#848,#849);
#847 = CARTESIAN_POINT('',(-109.,55.,-1.));
#848 = DIRECTION('',(0.,0.,1.));
#849 = DIRECTION('',(-1.,-0.,0.));
#850 = DEFINITIONAL_REPRESENTATION('',(#851),#855);
#851 = LINE('',#852,#853);
#852 = CARTESIAN_POINT('',(-6.28318530718,1.));
#853 = VECTOR('',#854,1.);
#854 = DIRECTION('',(1.,-0.));
#855 = ( GEOMETRIC_REPRESENTATION_CONTEXT(2) 
PARAMETRIC_REPRESENTATION_CONTEXT() REPRESENTATION_CONTEXT('2D SPACE',''
  ) );
#856 = ORIENTED_EDGE('',*,*,#857,.F.);
#857 = EDGE_CURVE('',#858,#829,#860,.T.);
#858 = VERTEX_POINT('',#859);
#859 = CARTESIAN_POINT('',(89.85,67.,0.));
#860 = SURFACE_CURVE('',#861,(#865,#871),.PCURVE_S1.);
#861 = LINE('',#862,#863);
#862 = CARTESIAN_POINT('',(-135.5,67.,0.));
#863 = VECTOR('',#864,1.);
#864 = DIRECTION('',(-1.,-0.,0.));
#865 = PCURVE('',#172,#866);
#866 = DEFINITIONAL_REPRESENTATION('',(#867),#870);
#867 = B_SPLINE_CURVE_WITH_KNOTS('',1,(#868,#869),.UNSPECIFIED.,.F.,.F.,
  (2,2),(-244.5,-26.5),.PIECEWISE_BEZIER_KNOTS.);
#868 = CARTESIAN_POINT('',(259.,137.));
#869 = CARTESIAN_POINT('',(41.,137.));
#870 = ( GEOMETRIC_REPRESENTATION_CONTEXT(2) 
PARAMETRIC_REPRESENTATION_CONTEXT() REPRESENTATION_CONTEXT('2D SPACE',''
  ) );
#871 = PCURVE('',#872,#877);
#872 = PLANE('',#873);
#873 = AXIS2_PLACEMENT_3D('',#874,#875,#876);
#874 = CARTESIAN_POINT('',(-121.,67.,-1.));
#875 = DIRECTION('',(-0.,1.,0.));
#876 = DIRECTION('',(0.,0.,1.));
#877 = DEFINITIONAL_REPRESENTATION('',(#878),#881);
#878 = B_SPLINE_CURVE_WITH_KNOTS('',1,(#879,#880),.UNSPECIFIED.,.F.,.F.,
  (2,2),(-244.5,-26.5),.PIECEWISE_BEZIER_KNOTS.);
#879 = CARTESIAN_POINT('',(1.,230.));
#880 = CARTESIAN_POINT('',(1.,12.));
#881 = ( GEOMETRIC_REPRESENTATION_CONTEXT(2) 
PARAMETRIC_REPRESENTATION_CONTEXT() REPRESENTATION_CONTEXT('2D SPACE',''
  ) );
#882 = ORIENTED_EDGE('',*,*,#883,.F.);
#883 = EDGE_CURVE('',#884,#858,#886,.T.);
#884 = VERTEX_POINT('',#885);
#885 = CARTESIAN_POINT('',(89.85,70.,0.));
#886 = SURFACE_CURVE('',#887,(#891,#897),.PCURVE_S1.);
#887 = LINE('',#888,#889);
#888 = CARTESIAN_POINT('',(89.85,-75.,0.));
#889 = VECTOR('',#890,1.);
#890 = DIRECTION('',(0.,-1.,0.));
#891 = PCURVE('',#172,#892);
#892 = DEFINITIONAL_REPRESENTATION('',(#893),#896);
#893 = B_SPLINE_CURVE_WITH_KNOTS('',1,(#894,#895),.UNSPECIFIED.,.F.,.F.,
  (2,2),(-145.,-5.),.PIECEWISE_BEZIER_KNOTS.);
#894 = CARTESIAN_POINT('',(239.85,140.));
#895 = CARTESIAN_POINT('',(239.85,0.));
#896 = ( GEOMETRIC_REPRESENTATION_CONTEXT(2) 
PARAMETRIC_REPRESENTATION_CONTEXT() REPRESENTATION_CONTEXT('2D SPACE',''
  ) );
#897 = PCURVE('',#736,#898);
#898 = DEFINITIONAL_REPRESENTATION('',(#899),#902);
#899 = B_SPLINE_CURVE_WITH_KNOTS('',1,(#900,#901),.UNSPECIFIED.,.F.,.F.,
  (2,2),(-145.,-5.),.PIECEWISE_BEZIER_KNOTS.);
#900 = CARTESIAN_POINT('',(10.,-150.));
#901 = CARTESIAN_POINT('',(10.,-10.));
#902 = ( GEOMETRIC_REPRESENTATION_CONTEXT(2) 
PARAMETRIC_REPRESENTATION_CONTEXT() REPRESENTATION_CONTEXT('2D SPACE',''
  ) );
#903 = ORIENTED_EDGE('',*,*,#904,.F.);
#904 = EDGE_CURVE('',#189,#884,#905,.T.);
#905 = SURFACE_CURVE('',#906,(#910,#917),.PCURVE_S1.);
#906 = LINE('',#907,#908);
#907 = CARTESIAN_POINT('',(-150.,70.,0.));
#908 = VECTOR('',#909,1.);
#909 = DIRECTION('',(1.,0.,-0.));
#910 = PCURVE('',#172,#911);
#911 = DEFINITIONAL_REPRESENTATION('',(#912),#916);
#912 = LINE('',#913,#914);
#913 = CARTESIAN_POINT('',(0.,140.));
#914 = VECTOR('',#915,1.);
#915 = DIRECTION('',(1.,0.));
#916 = ( GEOMETRIC_REPRESENTATION_CONTEXT(2) 
PARAMETRIC_REPRESENTATION_CONTEXT() REPRESENTATION_CONTEXT('2D SPACE',''
  ) );
#917 = PCURVE('',#232,#918);
#918 = DEFINITIONAL_REPRESENTATION('',(#919),#923);
#919 = LINE('',#920,#921);
#920 = CARTESIAN_POINT('',(0.,0.));
#921 = VECTOR('',#922,1.);
#922 = DIRECTION('',(0.,1.));
#923 = ( GEOMETRIC_REPRESENTATION_CONTEXT(2) 
PARAMETRIC_REPRESENTATION_CONTEXT() REPRESENTATION_CONTEXT('2D SPACE',''
  ) );
#924 = ORIENTED_EDGE('',*,*,#188,.F.);
#925 = ADVANCED_FACE('',(#926),#146,.T.);
#926 = FACE_BOUND('',#927,.T.);
#927 = EDGE_LOOP('',(#928,#929,#930,#953));
#928 = ORIENTED_EDGE('',*,*,#130,.F.);
#929 = ORIENTED_EDGE('',*,*,#669,.T.);
#930 = ORIENTED_EDGE('',*,*,#931,.T.);
#931 = EDGE_CURVE('',#670,#932,#934,.T.);
#932 = VERTEX_POINT('',#933);
#933 = CARTESIAN_POINT('',(-136.,-70.,67.198321344333));
#934 = SURFACE_CURVE('',#935,(#939,#946),.PCURVE_S1.);
#935 = LINE('',#936,#937);
#936 = CARTESIAN_POINT('',(-136.,-70.,0.));
#937 = VECTOR('',#938,1.);
#938 = DIRECTION('',(0.,0.,1.));
#939 = PCURVE('',#146,#940);
#940 = DEFINITIONAL_REPRESENTATION('',(#941),#945);
#941 = LINE('',#942,#943);
#942 = CARTESIAN_POINT('',(1.570796326795,0.));
#943 = VECTOR('',#944,1.);
#944 = DIRECTION('',(0.,1.));
#945 = ( GEOMETRIC_REPRESENTATION_CONTEXT(2) 
PARAMETRIC_REPRESENTATION_CONTEXT() REPRESENTATION_CONTEXT('2D SPACE',''
  ) );
#946 = PCURVE('',#709,#947);
#947 = DEFINITIONAL_REPRESENTATION('',(#948),#952);
#948 = LINE('',#949,#950);
#949 = CARTESIAN_POINT('',(0.,14.));
#950 = VECTOR('',#951,1.);
#951 = DIRECTION('',(1.,0.));
#952 = ( GEOMETRIC_REPRESENTATION_CONTEXT(2) 
PARAMETRIC_REPRESENTATION_CONTEXT() REPRESENTATION_CONTEXT('2D SPACE',''
  ) );
#953 = ORIENTED_EDGE('',*,*,#954,.F.);
#954 = EDGE_CURVE('',#103,#932,#955,.T.);
#955 = SURFACE_CURVE('',#956,(#983,#1059),.PCURVE_S1.);
#956 = ( BOUNDED_CURVE() B_SPLINE_CURVE(7,(#957,#958,#959,#960,#961,#962
    ,#963,#964,#965,#966,#967,#968,#969,#970,#971,#972,#973,#974,#975,
    #976,#977,#978,#979,#980,#981,#982),.UNSPECIFIED.,.F.,.F.) 
B_SPLINE_CURVE_WITH_KNOTS((8,6,6,6,8),(112.,123.17969060708,
    129.79170333736,134.33074259742,135.46289498235),.UNSPECIFIED.) 
CURVE() GEOMETRIC_REPRESENTATION_ITEM() RATIONAL_B_SPLINE_CURVE((1.,1.,
    1.,1.,1.,1.,1.,1.,1.,1.,1.,1.,1.,1.,1.,1.,1.,1.,1.,1.,1.,1.,1.,1.,1.
,1.)) REPRESENTATION_ITEM('') );
#957 = CARTESIAN_POINT('',(-150.,-56.,67.75003124219));
#958 = CARTESIAN_POINT('',(-150.,-57.19128263773,67.75003124219));
#959 = CARTESIAN_POINT('',(-149.8816649131,-58.38133196313,
    67.744751192712));
#960 = CARTESIAN_POINT('',(-149.6458074224,-59.57067335055,
    67.734198860792));
#961 = CARTESIAN_POINT('',(-149.2855125595,-60.75913654012,
    67.718285240836));
#962 = CARTESIAN_POINT('',(-148.7893735462,-61.94286577465,
    67.696786529638));
#963 = CARTESIAN_POINT('',(-148.1407415337,-63.11173926384,
    67.669321236733));
#964 = CARTESIAN_POINT('',(-146.8234310854,-64.91874316635,
    67.615246319175));
#965 = CARTESIAN_POINT('',(-146.2715979288,-65.57807191529,
    67.592804103901));
#966 = CARTESIAN_POINT('',(-145.6519180368,-66.22115508222,
    67.567961439822));
#967 = CARTESIAN_POINT('',(-144.9607366818,-66.8393324383,
    67.540602397715));
#968 = CARTESIAN_POINT('',(-144.1949019455,-67.42245979997,
    67.510630283214));
#969 = CARTESIAN_POINT('',(-143.351776882,-67.95937601004,
    67.477988794848));
#970 = CARTESIAN_POINT('',(-141.798358656,-68.76267141699,
    67.418345834517));
#971 = CARTESIAN_POINT('',(-141.1292938856,-69.06108132909,
    67.392781033662));
#972 = CARTESIAN_POINT('',(-140.4266800261,-69.32481511738,
    67.366064423037));
#973 = CARTESIAN_POINT('',(-139.6944131307,-69.54745858053,
    67.338283830225));
#974 = CARTESIAN_POINT('',(-138.9400946768,-69.72526419711,
    67.30957268317));
#975 = CARTESIAN_POINT('',(-138.1637946872,-69.8543040742,67.28046926457
    ));
#976 = CARTESIAN_POINT('',(-137.1818168291,-69.95141979639,
    67.243472591322));
#977 = CARTESIAN_POINT('',(-136.9843189929,-69.96769626412,
    67.236183952308));
#978 = CARTESIAN_POINT('',(-136.787435723,-69.98062238762,
    67.228717784296));
#979 = CARTESIAN_POINT('',(-136.5906789256,-69.99029706835,
    67.221164615732));
#980 = CARTESIAN_POINT('',(-136.3936817447,-69.99677757952,
    67.213594358038));
#981 = CARTESIAN_POINT('',(-136.1968531838,-70.,67.205964369371));
#982 = CARTESIAN_POINT('',(-136.,-70.,67.198321344333));
#983 = PCURVE('',#146,#984);
#984 = DEFINITIONAL_REPRESENTATION('',(#985),#1058);
#985 = B_SPLINE_CURVE_WITH_KNOTS('',11,(#986,#987,#988,#989,#990,#991,
    #992,#993,#994,#995,#996,#997,#998,#999,#1000,#1001,#1002,#1003,
    #1004,#1005,#1006,#1007,#1008,#1009,#1010,#1011,#1012,#1013,#1014,
    #1015,#1016,#1017,#1018,#1019,#1020,#1021,#1022,#1023,#1024,#1025,
    #1026,#1027,#1028,#1029,#1030,#1031,#1032,#1033,#1034,#1035,#1036,
    #1037,#1038,#1039,#1040,#1041,#1042,#1043,#1044,#1045,#1046,#1047,
    #1048,#1049,#1050,#1051,#1052,#1053,#1054,#1055,#1056,#1057),
  .UNSPECIFIED.,.F.,.F.,(12,10,10,10,10,10,10,12),(112.,123.73144749117,
    129.59717123676,132.53003310955,133.99646404595,134.36307178005,
    134.72967951415,135.46289498235),.UNSPECIFIED.);
#986 = CARTESIAN_POINT('',(-5.551115123126E-17,67.75003124219));
#987 = CARTESIAN_POINT('',(5.682166399662E-02,67.750031242197));
#988 = CARTESIAN_POINT('',(0.113608148861,67.747810790287));
#989 = CARTESIAN_POINT('',(0.170598382439,67.74337580686));
#990 = CARTESIAN_POINT('',(0.228117878334,67.736704285164));
#991 = CARTESIAN_POINT('',(0.286182890818,67.727780608234));
#992 = CARTESIAN_POINT('',(0.345513087012,67.716595279689));
#993 = CARTESIAN_POINT('',(0.405621617695,67.702955974294));
#994 = CARTESIAN_POINT('',(0.467639016852,67.687045971267));
#995 = CARTESIAN_POINT('',(0.531033568793,67.668412509231));
#996 = CARTESIAN_POINT('',(0.596745092849,67.647282813597));
#997 = CARTESIAN_POINT('',(0.698959293226,67.611247609894));
#998 = CARTESIAN_POINT('',(0.733644647565,67.598522886255));
#999 = CARTESIAN_POINT('',(0.768984101472,67.585074623123));
#1000 = CARTESIAN_POINT('',(0.805006389253,67.570889416587));
#1001 = CARTESIAN_POINT('',(0.841734674785,67.55595280739));
#1002 = CARTESIAN_POINT('',(0.879190991041,67.540250632562));
#1003 = CARTESIAN_POINT('',(0.917399278509,67.523769927407));
#1004 = CARTESIAN_POINT('',(0.956387022523,67.506499381701));
#1005 = CARTESIAN_POINT('',(0.996185489489,67.488429346136));
#1006 = CARTESIAN_POINT('',(1.03682856202,67.469551392469));
#1007 = CARTESIAN_POINT('',(1.099110978441,67.440010440971));
#1008 = CARTESIAN_POINT('',(1.120093936759,67.429958097732));
#1009 = CARTESIAN_POINT('',(1.141298354644,67.419701572673));
#1010 = CARTESIAN_POINT('',(1.162711801921,67.409249290655));
#1011 = CARTESIAN_POINT('',(1.184320086751,67.398609839458));
#1012 = CARTESIAN_POINT('',(1.206111158311,67.387789976665));
#1013 = CARTESIAN_POINT('',(1.228075073947,67.376795809587));
#1014 = CARTESIAN_POINT('',(1.250202167739,67.365635236721));
#1015 = CARTESIAN_POINT('',(1.272481557493,67.354319731089));
#1016 = CARTESIAN_POINT('',(1.294902127119,67.342863554098));
#1017 = CARTESIAN_POINT('',(1.328736118531,67.325485945165));
#1018 = CARTESIAN_POINT('',(1.340047450794,67.319661005171));
#1019 = CARTESIAN_POINT('',(1.351391499321,67.313805711237));
#1020 = CARTESIAN_POINT('',(1.362767446191,67.307921961297));
#1021 = CARTESIAN_POINT('',(1.3741742744,67.302011500928));
#1022 = CARTESIAN_POINT('',(1.385610767901,67.29607592428));
#1023 = CARTESIAN_POINT('',(1.397075511549,67.290116672839));
#1024 = CARTESIAN_POINT('',(1.408566891163,67.284135036734));
#1025 = CARTESIAN_POINT('',(1.420083093467,67.278132153631));
#1026 = CARTESIAN_POINT('',(1.431622106137,67.272109009484));
#1027 = CARTESIAN_POINT('',(1.446071620681,67.26455579529));
#1028 = CARTESIAN_POINT('',(1.448962474392,67.263043268839));
#1029 = CARTESIAN_POINT('',(1.45185476969,67.261529982875));
#1030 = CARTESIAN_POINT('',(1.454748566763,67.26001616442));
#1031 = CARTESIAN_POINT('',(1.457643648569,67.258501464099));
#1032 = CARTESIAN_POINT('',(1.460539674211,67.256985277413));
#1033 = CARTESIAN_POINT('',(1.463436332296,67.255467065129));
#1034 = CARTESIAN_POINT('',(1.466333494316,67.253946674722));
#1035 = CARTESIAN_POINT('',(1.469231368004,67.252424660797));
#1036 = CARTESIAN_POINT('',(1.472130650712,67.250902606321));
#1037 = CARTESIAN_POINT('',(1.477934714837,67.247864280349));
#1038 = CARTESIAN_POINT('',(1.480839167874,67.246347354414));
#1039 = CARTESIAN_POINT('',(1.483745279735,67.244831243736));
#1040 = CARTESIAN_POINT('',(1.486652395101,67.243314736192));
#1041 = CARTESIAN_POINT('',(1.4895599655,67.241796829784));
#1042 = CARTESIAN_POINT('',(1.492467549276,67.240276731797));
#1043 = CARTESIAN_POINT('',(1.495374811631,67.238753860006));
#1044 = CARTESIAN_POINT('',(1.49828152458,67.237227841302));
#1045 = CARTESIAN_POINT('',(1.501187566991,67.235698512946));
#1046 = CARTESIAN_POINT('',(1.504092924557,67.234165921656));
#1047 = CARTESIAN_POINT('',(1.512807220313,67.229559129058));
#1048 = CARTESIAN_POINT('',(1.518613882804,67.226474994012));
#1049 = CARTESIAN_POINT('',(1.524417989657,67.223379045361));
#1050 = CARTESIAN_POINT('',(1.530219853253,67.220272409793));
#1051 = CARTESIAN_POINT('',(1.536019785961,67.217156213331));
#1052 = CARTESIAN_POINT('',(1.54181810017,67.214031583062));
#1053 = CARTESIAN_POINT('',(1.547615108243,67.210899644736));
#1054 = CARTESIAN_POINT('',(1.553411122569,67.207761525448));
#1055 = CARTESIAN_POINT('',(1.559206455516,67.204618351203));
#1056 = CARTESIAN_POINT('',(1.565001419466,67.201471248714));
#1057 = CARTESIAN_POINT('',(1.570796326795,67.198321344333));
#1058 = ( GEOMETRIC_REPRESENTATION_CONTEXT(2) 
PARAMETRIC_REPRESENTATION_CONTEXT() REPRESENTATION_CONTEXT('2D SPACE',''
  ) );
#1059 = PCURVE('',#539,#1060);
#1060 = DEFINITIONAL_REPRESENTATION('',(#1061),#1065);
#1061 = LINE('',#1062,#1063);
#1062 = CARTESIAN_POINT('',(0.,0.));
#1063 = VECTOR('',#1064,1.);
#1064 = DIRECTION('',(0.,1.));
#1065 = ( GEOMETRIC_REPRESENTATION_CONTEXT(2) 
PARAMETRIC_REPRESENTATION_CONTEXT() REPRESENTATION_CONTEXT('2D SPACE',''
  ) );
#1066 = ADVANCED_FACE('',(#1067),#350,.F.);
#1067 = FACE_BOUND('',#1068,.F.);
#1068 = EDGE_LOOP('',(#1069,#1124,#1191,#1192));
#1069 = ORIENTED_EDGE('',*,*,#1070,.T.);
#1070 = EDGE_CURVE('',#217,#1071,#1073,.T.);
#1071 = VERTEX_POINT('',#1072);
#1072 = CARTESIAN_POINT('',(-134.6534653465,60.,77.107248855776));
#1073 = SURFACE_CURVE('',#1074,(#1079,#1113),.PCURVE_S1.);
#1074 = CIRCLE('',#1075,10.);
#1075 = AXIS2_PLACEMENT_3D('',#1076,#1077,#1078);
#1076 = CARTESIAN_POINT('',(-136.,60.,67.198321344334));
#1077 = DIRECTION('',(0.990892751144,0.,-0.134653465347));
#1078 = DIRECTION('',(-0.134653465347,0.,-0.990892751144));
#1079 = PCURVE('',#350,#1080);
#1080 = DEFINITIONAL_REPRESENTATION('',(#1081),#1112);
#1081 = B_SPLINE_CURVE_WITH_KNOTS('',8,(#1082,#1083,#1084,#1085,#1086,
    #1087,#1088,#1089,#1090,#1091,#1092,#1093,#1094,#1095,#1096,#1097,
    #1098,#1099,#1100,#1101,#1102,#1103,#1104,#1105,#1106,#1107,#1108,
    #1109,#1110,#1111),.UNSPECIFIED.,.F.,.F.,(9,7,7,7,9),(1.570796326795
    ,1.963495408494,2.356194490192,2.748893571891,3.14159265359),
  .UNSPECIFIED.);
#1082 = CARTESIAN_POINT('',(-2.22044604925E-15,834.6436229942));
#1083 = CARTESIAN_POINT('',(0.814397623416,834.64362299421));
#1084 = CARTESIAN_POINT('',(1.609871247564,834.64362299418));
#1085 = CARTESIAN_POINT('',(2.388682892943,834.64362299423));
#1086 = CARTESIAN_POINT('',(3.152860209339,834.64362299417));
#1087 = CARTESIAN_POINT('',(3.904223972961,834.64362299422));
#1088 = CARTESIAN_POINT('',(4.644472931956,834.64362299419));
#1089 = CARTESIAN_POINT('',(5.375172227887,834.6436229942));
#1090 = CARTESIAN_POINT('',(6.820443263952,834.6436229942));
#1091 = CARTESIAN_POINT('',(7.535014989004,834.6436229942));
#1092 = CARTESIAN_POINT('',(8.243006760938,834.6436229942));
#1093 = CARTESIAN_POINT('',(8.945815428618,834.64362299419));
#1094 = CARTESIAN_POINT('',(9.644775874792,834.64362299421));
#1095 = CARTESIAN_POINT('',(10.341183710573,834.64362299419));
#1096 = CARTESIAN_POINT('',(11.036315639503,834.64362299421));
#1097 = CARTESIAN_POINT('',(12.426579342925,834.6436229942));
#1098 = CARTESIAN_POINT('',(13.121711271855,834.64362299422));
#1099 = CARTESIAN_POINT('',(13.818119107635,834.64362299416));
#1100 = CARTESIAN_POINT('',(14.517079553811,834.64362299425));
#1101 = CARTESIAN_POINT('',(15.219888221489,834.64362299416));
#1102 = CARTESIAN_POINT('',(15.927879993424,834.64362299422));
#1103 = CARTESIAN_POINT('',(16.642451718476,834.6436229942));
#1104 = CARTESIAN_POINT('',(18.087722754541,834.6436229942));
#1105 = CARTESIAN_POINT('',(18.818422050472,834.64362299421));
#1106 = CARTESIAN_POINT('',(19.558671009468,834.64362299418));
#1107 = CARTESIAN_POINT('',(20.310034773088,834.64362299423));
#1108 = CARTESIAN_POINT('',(21.074212089485,834.64362299418));
#1109 = CARTESIAN_POINT('',(21.853023734864,834.64362299421));
#1110 = CARTESIAN_POINT('',(22.648497359012,834.6436229942));
#1111 = CARTESIAN_POINT('',(23.462894982428,834.6436229942));
#1112 = ( GEOMETRIC_REPRESENTATION_CONTEXT(2) 
PARAMETRIC_REPRESENTATION_CONTEXT() REPRESENTATION_CONTEXT('2D SPACE',''
  ) );
#1113 = PCURVE('',#1114,#1119);
#1114 = TOROIDAL_SURFACE('',#1115,1.01E+03,10.);
#1115 = AXIS2_PLACEMENT_3D('',#1116,#1117,#1118);
#1116 = CARTESIAN_POINT('',(0.,60.,1.068E+03));
#1117 = DIRECTION('',(-0.,1.,0.));
#1118 = DIRECTION('',(0.136,0.,-0.990708837146));
#1119 = DEFINITIONAL_REPRESENTATION('',(#1120),#1123);
#1120 = B_SPLINE_CURVE_WITH_KNOTS('',1,(#1121,#1122),.UNSPECIFIED.,.F.,
  .F.,(2,2),(1.570796326795,3.14159265359),.PIECEWISE_BEZIER_KNOTS.);
#1121 = CARTESIAN_POINT('',(0.271486505526,1.570796326795));
#1122 = CARTESIAN_POINT('',(0.271486505526,3.14159265359));
#1123 = ( GEOMETRIC_REPRESENTATION_CONTEXT(2) 
PARAMETRIC_REPRESENTATION_CONTEXT() REPRESENTATION_CONTEXT('2D SPACE',''
  ) );
#1124 = ORIENTED_EDGE('',*,*,#1125,.T.);
#1125 = EDGE_CURVE('',#1071,#440,#1126,.T.);
#1126 = SURFACE_CURVE('',#1127,(#1154,#1161),.PCURVE_S1.);
#1127 = ( BOUNDED_CURVE() B_SPLINE_CURVE(7,(#1128,#1129,#1130,#1131,
    #1132,#1133,#1134,#1135,#1136,#1137,#1138,#1139,#1140,#1141,#1142,
    #1143,#1144,#1145,#1146,#1147,#1148,#1149,#1150,#1151,#1152,#1153),
.UNSPECIFIED.,.F.,.F.) B_SPLINE_CURVE_WITH_KNOTS((8,6,6,6,8),(
    834.6436229942,835.77577537705,840.31481462261,846.92682732891,
858.10651797663),.UNSPECIFIED.) CURVE() GEOMETRIC_REPRESENTATION_ITEM() 
RATIONAL_B_SPLINE_CURVE((1.,1.,1.,1.,1.,1.,1.,1.,1.,1.,1.,1.,1.,1.,1.,1.
,1.,1.,1.,1.,1.,1.,1.,1.,1.,1.)) REPRESENTATION_ITEM('') );
#1128 = CARTESIAN_POINT('',(-134.6534653465,60.,77.107248855776));
#1129 = CARTESIAN_POINT('',(-134.8458452635,60.,77.133391566438));
#1130 = CARTESIAN_POINT('',(-135.0381756555,59.997001527011,
    77.159570861976));
#1131 = CARTESIAN_POINT('',(-135.2306833057,59.990106065988,
    77.185824821002));
#1132 = CARTESIAN_POINT('',(-135.4228993622,59.980858204409,
    77.212067051258));
#1133 = CARTESIAN_POINT('',(-135.6331884919,59.968626302378,
    77.240835843119));
#1134 = CARTESIAN_POINT('',(-135.8531094184,59.951562454524,
    77.271005892926));
#1135 = CARTESIAN_POINT('',(-136.2713657516,59.859289203542,
    77.328394951448));
#1136 = CARTESIAN_POINT('',(-136.4639682194,59.758120081677,
    77.354954001123));
#1137 = CARTESIAN_POINT('',(-136.6477687878,59.658803690416,
    77.380252351188));
#1138 = CARTESIAN_POINT('',(-136.8405509876,59.544907316691,
    77.406883169557));
#1139 = CARTESIAN_POINT('',(-137.0172770034,59.420316869805,
    77.431317908486));
#1140 = CARTESIAN_POINT('',(-137.1795205466,59.291025175971,
    77.453786358708));
#1141 = CARTESIAN_POINT('',(-137.542227203,58.964865383413,
    77.504072255317));
#1142 = CARTESIAN_POINT('',(-137.7260205119,58.764459552112,
    77.529609141472));
#1143 = CARTESIAN_POINT('',(-137.8812475359,58.563275969168,
    77.551211401467));
#1144 = CARTESIAN_POINT('',(-138.012226442,58.363149576733,
    77.569461307072));
#1145 = CARTESIAN_POINT('',(-138.1213157775,58.167969001411,
    77.58467487482));
#1146 = CARTESIAN_POINT('',(-138.2101921388,57.981996402849,
    77.597077627435));
#1147 = CARTESIAN_POINT('',(-138.4141127524,57.49243029519,
    77.625550546628));
#1148 = CARTESIAN_POINT('',(-138.4941294587,57.209373923243,
    77.636742252342));
#1149 = CARTESIAN_POINT('',(-138.5487443602,56.943436207165,
    77.644383048276));
#1150 = CARTESIAN_POINT('',(-138.5836212628,56.694561179457,
    77.649263073718));
#1151 = CARTESIAN_POINT('',(-138.6032269223,56.459413538483,
    77.652008151868));
#1152 = CARTESIAN_POINT('',(-138.6138613861,56.229773323134,
    77.653496279396));
#1153 = CARTESIAN_POINT('',(-138.6138613861,56.,77.653496279396));
#1154 = PCURVE('',#350,#1155);
#1155 = DEFINITIONAL_REPRESENTATION('',(#1156),#1160);
#1156 = LINE('',#1157,#1158);
#1157 = CARTESIAN_POINT('',(23.462894982428,0.));
#1158 = VECTOR('',#1159,1.);
#1159 = DIRECTION('',(0.,1.));
#1160 = ( GEOMETRIC_REPRESENTATION_CONTEXT(2) 
PARAMETRIC_REPRESENTATION_CONTEXT() REPRESENTATION_CONTEXT('2D SPACE',''
  ) );
#1161 = PCURVE('',#513,#1162);
#1162 = DEFINITIONAL_REPRESENTATION('',(#1163),#1190);
#1163 = B_SPLINE_CURVE_WITH_KNOTS('',7,(#1164,#1165,#1166,#1167,#1168,
    #1169,#1170,#1171,#1172,#1173,#1174,#1175,#1176,#1177,#1178,#1179,
    #1180,#1181,#1182,#1183,#1184,#1185,#1186,#1187,#1188,#1189),
  .UNSPECIFIED.,.F.,.F.,(8,6,6,6,8),(834.6436229942,835.77577537705,
    840.31481462261,846.92682732891,858.10651797663),.UNSPECIFIED.);
#1164 = CARTESIAN_POINT('',(4.577325245873,25.));
#1165 = CARTESIAN_POINT('',(4.577131097801,25.));
#1166 = CARTESIAN_POINT('',(4.57693699388,25.002998472989));
#1167 = CARTESIAN_POINT('',(4.576742704236,25.009893934012));
#1168 = CARTESIAN_POINT('',(4.57654870511,25.01914179559));
#1169 = CARTESIAN_POINT('',(4.576336457246,25.031373697622));
#1170 = CARTESIAN_POINT('',(4.576114476514,25.048437545476));
#1171 = CARTESIAN_POINT('',(4.575692301356,25.140710796457));
#1172 = CARTESIAN_POINT('',(4.575497876363,25.241879918322));
#1173 = CARTESIAN_POINT('',(4.575312342903,25.341196309584));
#1174 = CARTESIAN_POINT('',(4.575117730051,25.455092683309));
#1175 = CARTESIAN_POINT('',(4.574939322809,25.579683130194));
#1176 = CARTESIAN_POINT('',(4.574775530877,25.708974824029));
#1177 = CARTESIAN_POINT('',(4.574409354977,26.035134616586));
#1178 = CARTESIAN_POINT('',(4.574223796064,26.235540447888));
#1179 = CARTESIAN_POINT('',(4.574067073108,26.436724030831));
#1180 = CARTESIAN_POINT('',(4.573934828893,26.636850423267));
#1181 = CARTESIAN_POINT('',(4.573824683827,26.832030998589));
#1182 = CARTESIAN_POINT('',(4.573734946232,27.018003597151));
#1183 = CARTESIAN_POINT('',(4.573529047413,27.50756970481));
#1184 = CARTESIAN_POINT('',(4.573448251824,27.790626076756));
#1185 = CARTESIAN_POINT('',(4.573393105027,28.056563792836));
#1186 = CARTESIAN_POINT('',(4.573357888368,28.305438820541));
#1187 = CARTESIAN_POINT('',(4.573338091467,28.540586461517));
#1188 = CARTESIAN_POINT('',(4.573327353387,28.770226676866));
#1189 = CARTESIAN_POINT('',(4.573327353387,29.));
#1190 = ( GEOMETRIC_REPRESENTATION_CONTEXT(2) 
PARAMETRIC_REPRESENTATION_CONTEXT() REPRESENTATION_CONTEXT('2D SPACE',''
  ) );
#1191 = ORIENTED_EDGE('',*,*,#439,.F.);
#1192 = ORIENTED_EDGE('',*,*,#244,.F.);
#1193 = ADVANCED_FACE('',(#1194,#1241),#232,.T.);
#1194 = FACE_BOUND('',#1195,.T.);
#1195 = EDGE_LOOP('',(#1196,#1220,#1239,#1240));
#1196 = ORIENTED_EDGE('',*,*,#1197,.F.);
#1197 = EDGE_CURVE('',#1198,#217,#1200,.T.);
#1198 = VERTEX_POINT('',#1199);
#1199 = CARTESIAN_POINT('',(89.85,70.,62.004484353931));
#1200 = SURFACE_CURVE('',#1201,(#1206,#1213),.PCURVE_S1.);
#1201 = CIRCLE('',#1202,1.01E+03);
#1202 = AXIS2_PLACEMENT_3D('',#1203,#1204,#1205);
#1203 = CARTESIAN_POINT('',(0.,70.,1.068E+03));
#1204 = DIRECTION('',(0.,1.,0.));
#1205 = DIRECTION('',(0.136,0.,-0.990708837146));
#1206 = PCURVE('',#232,#1207);
#1207 = DEFINITIONAL_REPRESENTATION('',(#1208),#1212);
#1208 = CIRCLE('',#1209,1.01E+03);
#1209 = AXIS2_PLACEMENT_2D('',#1210,#1211);
#1210 = CARTESIAN_POINT('',(1.068E+03,150.));
#1211 = DIRECTION('',(-0.990708837146,0.136));
#1212 = ( GEOMETRIC_REPRESENTATION_CONTEXT(2) 
PARAMETRIC_REPRESENTATION_CONTEXT() REPRESENTATION_CONTEXT('2D SPACE',''
  ) );
#1213 = PCURVE('',#1114,#1214);
#1214 = DEFINITIONAL_REPRESENTATION('',(#1215),#1219);
#1215 = LINE('',#1216,#1217);
#1216 = CARTESIAN_POINT('',(0.,1.570796326795));
#1217 = VECTOR('',#1218,1.);
#1218 = DIRECTION('',(1.,0.));
#1219 = ( GEOMETRIC_REPRESENTATION_CONTEXT(2) 
PARAMETRIC_REPRESENTATION_CONTEXT() REPRESENTATION_CONTEXT('2D SPACE',''
  ) );
#1220 = ORIENTED_EDGE('',*,*,#1221,.F.);
#1221 = EDGE_CURVE('',#884,#1198,#1222,.T.);
#1222 = SURFACE_CURVE('',#1223,(#1227,#1233),.PCURVE_S1.);
#1223 = LINE('',#1224,#1225);
#1224 = CARTESIAN_POINT('',(89.85,70.,-5.));
#1225 = VECTOR('',#1226,1.);
#1226 = DIRECTION('',(0.,0.,1.));
#1227 = PCURVE('',#232,#1228);
#1228 = DEFINITIONAL_REPRESENTATION('',(#1229),#1232);
#1229 = B_SPLINE_CURVE_WITH_KNOTS('',1,(#1230,#1231),.UNSPECIFIED.,.F.,
  .F.,(2,2),(5.,72.198321344334),.PIECEWISE_BEZIER_KNOTS.);
#1230 = CARTESIAN_POINT('',(0.,239.85));
#1231 = CARTESIAN_POINT('',(67.198321344334,239.85));
#1232 = ( GEOMETRIC_REPRESENTATION_CONTEXT(2) 
PARAMETRIC_REPRESENTATION_CONTEXT() REPRESENTATION_CONTEXT('2D SPACE',''
  ) );
#1233 = PCURVE('',#736,#1234);
#1234 = DEFINITIONAL_REPRESENTATION('',(#1235),#1238);
#1235 = B_SPLINE_CURVE_WITH_KNOTS('',1,(#1236,#1237),.UNSPECIFIED.,.F.,
  .F.,(2,2),(5.,72.198321344334),.PIECEWISE_BEZIER_KNOTS.);
#1236 = CARTESIAN_POINT('',(10.,-150.));
#1237 = CARTESIAN_POINT('',(77.198321344334,-150.));
#1238 = ( GEOMETRIC_REPRESENTATION_CONTEXT(2) 
PARAMETRIC_REPRESENTATION_CONTEXT() REPRESENTATION_CONTEXT('2D SPACE',''
  ) );
#1239 = ORIENTED_EDGE('',*,*,#904,.F.);
#1240 = ORIENTED_EDGE('',*,*,#216,.T.);
#1241 = FACE_BOUND('',#1242,.T.);
#1242 = EDGE_LOOP('',(#1243));
#1243 = ORIENTED_EDGE('',*,*,#1244,.T.);
#1244 = EDGE_CURVE('',#1245,#1245,#1247,.T.);
#1245 = VERTEX_POINT('',#1246);
#1246 = CARTESIAN_POINT('',(7.,70.,30.));
#1247 = SURFACE_CURVE('',#1248,(#1253,#1264),.PCURVE_S1.);
#1248 = CIRCLE('',#1249,7.);
#1249 = AXIS2_PLACEMENT_3D('',#1250,#1251,#1252);
#1250 = CARTESIAN_POINT('',(0.,70.,30.));
#1251 = DIRECTION('',(0.,-1.,2.22044604925E-16));
#1252 = DIRECTION('',(1.,0.,0.));
#1253 = PCURVE('',#232,#1254);
#1254 = DEFINITIONAL_REPRESENTATION('',(#1255),#1263);
#1255 = ( BOUNDED_CURVE() B_SPLINE_CURVE(2,(#1256,#1257,#1258,#1259,
#1260,#1261,#1262),.UNSPECIFIED.,.T.,.F.) B_SPLINE_CURVE_WITH_KNOTS((1,2
    ,2,2,2,1),(-2.094395102393,0.,2.094395102393,4.188790204786,
6.28318530718,8.377580409573),.UNSPECIFIED.) CURVE() 
GEOMETRIC_REPRESENTATION_ITEM() RATIONAL_B_SPLINE_CURVE((1.,0.5,1.,0.5,
1.,0.5,1.)) REPRESENTATION_ITEM('') );
#1256 = CARTESIAN_POINT('',(30.,157.));
#1257 = CARTESIAN_POINT('',(42.124355652982,157.));
#1258 = CARTESIAN_POINT('',(36.062177826491,146.5));
#1259 = CARTESIAN_POINT('',(30.,136.));
#1260 = CARTESIAN_POINT('',(23.937822173509,146.5));
#1261 = CARTESIAN_POINT('',(17.875644347018,157.));
#1262 = CARTESIAN_POINT('',(30.,157.));
#1263 = ( GEOMETRIC_REPRESENTATION_CONTEXT(2) 
PARAMETRIC_REPRESENTATION_CONTEXT() REPRESENTATION_CONTEXT('2D SPACE',''
  ) );
#1264 = PCURVE('',#1265,#1270);
#1265 = CYLINDRICAL_SURFACE('',#1266,7.);
#1266 = AXIS2_PLACEMENT_3D('',#1267,#1268,#1269);
#1267 = CARTESIAN_POINT('',(0.,70.,30.));
#1268 = DIRECTION('',(0.,-1.,2.22044604925E-16));
#1269 = DIRECTION('',(1.,0.,0.));
#1270 = DEFINITIONAL_REPRESENTATION('',(#1271),#1275);
#1271 = LINE('',#1272,#1273);
#1272 = CARTESIAN_POINT('',(0.,0.));
#1273 = VECTOR('',#1274,1.);
#1274 = DIRECTION('',(1.,0.));
#1275 = ( GEOMETRIC_REPRESENTATION_CONTEXT(2) 
PARAMETRIC_REPRESENTATION_CONTEXT() REPRESENTATION_CONTEXT('2D SPACE',''
  ) );
#1276 = ADVANCED_FACE('',(#1277),#513,.F.);
#1277 = FACE_BOUND('',#1278,.F.);
#1278 = EDGE_LOOP('',(#1279,#1280,#1281,#1305,#1326,#1355));
#1279 = ORIENTED_EDGE('',*,*,#497,.F.);
#1280 = ORIENTED_EDGE('',*,*,#1125,.F.);
#1281 = ORIENTED_EDGE('',*,*,#1282,.F.);
#1282 = EDGE_CURVE('',#1283,#1071,#1285,.T.);
#1283 = VERTEX_POINT('',#1284);
#1284 = CARTESIAN_POINT('',(89.85,60.,72.044691012694));
#1285 = SURFACE_CURVE('',#1286,(#1291,#1298),.PCURVE_S1.);
#1286 = CIRCLE('',#1287,1.E+03);
#1287 = AXIS2_PLACEMENT_3D('',#1288,#1289,#1290);
#1288 = CARTESIAN_POINT('',(0.,60.,1.068E+03));
#1289 = DIRECTION('',(0.,1.,0.));
#1290 = DIRECTION('',(0.136,0.,-0.990708837146));
#1291 = PCURVE('',#513,#1292);
#1292 = DEFINITIONAL_REPRESENTATION('',(#1293),#1297);
#1293 = LINE('',#1294,#1295);
#1294 = CARTESIAN_POINT('',(4.848811751399,25.));
#1295 = VECTOR('',#1296,1.);
#1296 = DIRECTION('',(-1.,-0.));
#1297 = ( GEOMETRIC_REPRESENTATION_CONTEXT(2) 
PARAMETRIC_REPRESENTATION_CONTEXT() REPRESENTATION_CONTEXT('2D SPACE',''
  ) );
#1298 = PCURVE('',#1114,#1299);
#1299 = DEFINITIONAL_REPRESENTATION('',(#1300),#1304);
#1300 = LINE('',#1301,#1302);
#1301 = CARTESIAN_POINT('',(0.,3.14159265359));
#1302 = VECTOR('',#1303,1.);
#1303 = DIRECTION('',(1.,0.));
#1304 = ( GEOMETRIC_REPRESENTATION_CONTEXT(2) 
PARAMETRIC_REPRESENTATION_CONTEXT() REPRESENTATION_CONTEXT('2D SPACE',''
  ) );
#1305 = ORIENTED_EDGE('',*,*,#1306,.T.);
#1306 = EDGE_CURVE('',#1283,#1307,#1309,.T.);
#1307 = VERTEX_POINT('',#1308);
#1308 = CARTESIAN_POINT('',(89.85,-60.,72.044691012694));
#1309 = SURFACE_CURVE('',#1310,(#1314,#1320),.PCURVE_S1.);
#1310 = LINE('',#1311,#1312);
#1311 = CARTESIAN_POINT('',(89.85,85.,72.044691012694));
#1312 = VECTOR('',#1313,1.);
#1313 = DIRECTION('',(0.,-1.,2.22044604925E-16));
#1314 = PCURVE('',#513,#1315);
#1315 = DEFINITIONAL_REPRESENTATION('',(#1316),#1319);
#1316 = B_SPLINE_CURVE_WITH_KNOTS('',1,(#1317,#1318),.UNSPECIFIED.,.F.,
  .F.,(2,2),(24.9999994,145.0000006),.PIECEWISE_BEZIER_KNOTS.);
#1317 = CARTESIAN_POINT('',(4.802360315208,24.9999994));
#1318 = CARTESIAN_POINT('',(4.802360315208,145.0000006));
#1319 = ( GEOMETRIC_REPRESENTATION_CONTEXT(2) 
PARAMETRIC_REPRESENTATION_CONTEXT() REPRESENTATION_CONTEXT('2D SPACE',''
  ) );
#1320 = PCURVE('',#736,#1321);
#1321 = DEFINITIONAL_REPRESENTATION('',(#1322),#1325);
#1322 = B_SPLINE_CURVE_WITH_KNOTS('',1,(#1323,#1324),.UNSPECIFIED.,.F.,
  .F.,(2,2),(24.9999994,145.0000006),.PIECEWISE_BEZIER_KNOTS.);
#1323 = CARTESIAN_POINT('',(82.044691012694,-140.0000006));
#1324 = CARTESIAN_POINT('',(82.044691012694,-19.99999939999));
#1325 = ( GEOMETRIC_REPRESENTATION_CONTEXT(2) 
PARAMETRIC_REPRESENTATION_CONTEXT() REPRESENTATION_CONTEXT('2D SPACE',''
  ) );
#1326 = ORIENTED_EDGE('',*,*,#1327,.F.);
#1327 = EDGE_CURVE('',#1328,#1307,#1330,.T.);
#1328 = VERTEX_POINT('',#1329);
#1329 = CARTESIAN_POINT('',(-134.6534653465,-60.,77.107248855784));
#1330 = SURFACE_CURVE('',#1331,(#1336,#1343),.PCURVE_S1.);
#1331 = CIRCLE('',#1332,1.E+03);
#1332 = AXIS2_PLACEMENT_3D('',#1333,#1334,#1335);
#1333 = CARTESIAN_POINT('',(0.,-60.,1.068E+03));
#1334 = DIRECTION('',(0.,-1.,-0.));
#1335 = DIRECTION('',(-0.136,0.,-0.990708837146));
#1336 = PCURVE('',#513,#1337);
#1337 = DEFINITIONAL_REPRESENTATION('',(#1338),#1342);
#1338 = LINE('',#1339,#1340);
#1339 = CARTESIAN_POINT('',(4.57596620937,145.));
#1340 = VECTOR('',#1341,1.);
#1341 = DIRECTION('',(1.,0.));
#1342 = ( GEOMETRIC_REPRESENTATION_CONTEXT(2) 
PARAMETRIC_REPRESENTATION_CONTEXT() REPRESENTATION_CONTEXT('2D SPACE',''
  ) );
#1343 = PCURVE('',#1344,#1349);
#1344 = TOROIDAL_SURFACE('',#1345,1.01E+03,10.);
#1345 = AXIS2_PLACEMENT_3D('',#1346,#1347,#1348);
#1346 = CARTESIAN_POINT('',(0.,-60.,1.068E+03));
#1347 = DIRECTION('',(0.,-1.,-0.));
#1348 = DIRECTION('',(-0.136,0.,-0.990708837146));
#1349 = DEFINITIONAL_REPRESENTATION('',(#1350),#1354);
#1350 = LINE('',#1351,#1352);
#1351 = CARTESIAN_POINT('',(0.,3.14159265359));
#1352 = VECTOR('',#1353,1.);
#1353 = DIRECTION('',(1.,0.));
#1354 = ( GEOMETRIC_REPRESENTATION_CONTEXT(2) 
PARAMETRIC_REPRESENTATION_CONTEXT() REPRESENTATION_CONTEXT('2D SPACE',''
  ) );
#1355 = ORIENTED_EDGE('',*,*,#1356,.F.);
#1356 = EDGE_CURVE('',#498,#1328,#1357,.T.);
#1357 = SURFACE_CURVE('',#1358,(#1385,#1415),.PCURVE_S1.);
#1358 = ( BOUNDED_CURVE() B_SPLINE_CURVE(7,(#1359,#1360,#1361,#1362,
    #1363,#1364,#1365,#1366,#1367,#1368,#1369,#1370,#1371,#1372,#1373,
    #1374,#1375,#1376,#1377,#1378,#1379,#1380,#1381,#1382,#1383,#1384),
.UNSPECIFIED.,.F.,.F.) B_SPLINE_CURVE_WITH_KNOTS((8,6,6,6,8),(112.,
    123.17969060708,129.79170333736,134.33074259742,135.46289498235),
.UNSPECIFIED.) CURVE() GEOMETRIC_REPRESENTATION_ITEM() 
RATIONAL_B_SPLINE_CURVE((1.,1.,1.,1.,1.,1.,1.,1.,1.,1.,1.,1.,1.,1.,1.,1.
,1.,1.,1.,1.,1.,1.,1.,1.,1.,1.)) REPRESENTATION_ITEM('') );
#1359 = CARTESIAN_POINT('',(-138.6138613861,-56.,77.653496279396));
#1360 = CARTESIAN_POINT('',(-138.6138613861,-56.22977325157,
    77.653496279396));
#1361 = CARTESIAN_POINT('',(-138.6032269407,-56.45941362512,
    77.652008154444));
#1362 = CARTESIAN_POINT('',(-138.5836212367,-56.6945611942,
    77.649263070072));
#1363 = CARTESIAN_POINT('',(-138.5487443497,-56.9434361487,
    77.644383046801));
#1364 = CARTESIAN_POINT('',(-138.4941294979,-57.20937391865,
    77.63674225781));
#1365 = CARTESIAN_POINT('',(-138.4141127358,-57.49243031718,
    77.625550544313));
#1366 = CARTESIAN_POINT('',(-138.2101921373,-57.9819964042,
    77.597077627229));
#1367 = CARTESIAN_POINT('',(-138.1213157842,-58.16796899407,
    77.584674875745));
#1368 = CARTESIAN_POINT('',(-138.0122264449,-58.36314957529,
    77.569461307473));
#1369 = CARTESIAN_POINT('',(-137.8812475338,-58.56327597192,
    77.551211401179));
#1370 = CARTESIAN_POINT('',(-137.726020511,-58.76445955147,
    77.529609141349));
#1371 = CARTESIAN_POINT('',(-137.5422272047,-58.9648653827,
    77.50407225555));
#1372 = CARTESIAN_POINT('',(-137.1795205455,-59.29102517639,
    77.453786358558));
#1373 = CARTESIAN_POINT('',(-137.0172770045,-59.42031686921,
    77.431317908635));
#1374 = CARTESIAN_POINT('',(-136.8405509876,-59.5449073171,
    77.406883169553));
#1375 = CARTESIAN_POINT('',(-136.6477687874,-59.65880369035,
    77.380252351133));
#1376 = CARTESIAN_POINT('',(-136.4639682199,-59.75812008167,
    77.354954001193));
#1377 = CARTESIAN_POINT('',(-136.2713657515,-59.85928920347,
    77.328394951434));
#1378 = CARTESIAN_POINT('',(-135.8531094185,-59.95156245451,
    77.271005892939));
#1379 = CARTESIAN_POINT('',(-135.6331884918,-59.96862630237,
    77.240835843116));
#1380 = CARTESIAN_POINT('',(-135.4228993622,-59.98085820441,
    77.212067051261));
#1381 = CARTESIAN_POINT('',(-135.2306833058,-59.99010606598,
    77.185824821011));
#1382 = CARTESIAN_POINT('',(-135.0381756555,-59.997001527,
    77.159570861979));
#1383 = CARTESIAN_POINT('',(-134.8458452636,-60.,77.133391566445));
#1384 = CARTESIAN_POINT('',(-134.6534653465,-60.,77.107248855784));
#1385 = PCURVE('',#513,#1386);
#1386 = DEFINITIONAL_REPRESENTATION('',(#1387),#1414);
#1387 = B_SPLINE_CURVE_WITH_KNOTS('',7,(#1388,#1389,#1390,#1391,#1392,
    #1393,#1394,#1395,#1396,#1397,#1398,#1399,#1400,#1401,#1402,#1403,
    #1404,#1405,#1406,#1407,#1408,#1409,#1410,#1411,#1412,#1413),
  .UNSPECIFIED.,.F.,.F.,(8,6,6,6,8),(112.,123.17969060708,
    129.79170333736,134.33074259742,135.46289498235),.UNSPECIFIED.);
#1388 = CARTESIAN_POINT('',(4.573327353387,141.));
#1389 = CARTESIAN_POINT('',(4.573327353387,141.22977325157));
#1390 = CARTESIAN_POINT('',(4.573338091448,141.45941362512));
#1391 = CARTESIAN_POINT('',(4.573357888394,141.6945611942));
#1392 = CARTESIAN_POINT('',(4.573393105037,141.9434361487));
#1393 = CARTESIAN_POINT('',(4.573448251784,142.20937391864));
#1394 = CARTESIAN_POINT('',(4.57352904743,142.49243031718));
#1395 = CARTESIAN_POINT('',(4.573734946234,142.9819964042));
#1396 = CARTESIAN_POINT('',(4.57382468382,143.16796899407));
#1397 = CARTESIAN_POINT('',(4.57393482889,143.36314957529));
#1398 = CARTESIAN_POINT('',(4.57406707311,143.56327597192));
#1399 = CARTESIAN_POINT('',(4.574223796065,143.76445955147));
#1400 = CARTESIAN_POINT('',(4.574409354975,143.9648653827));
#1401 = CARTESIAN_POINT('',(4.574775530878,144.29102517639));
#1402 = CARTESIAN_POINT('',(4.574939322808,144.42031686921));
#1403 = CARTESIAN_POINT('',(4.575117730051,144.5449073171));
#1404 = CARTESIAN_POINT('',(4.575312342903,144.65880369035));
#1405 = CARTESIAN_POINT('',(4.575497876363,144.75812008167));
#1406 = CARTESIAN_POINT('',(4.575692301356,144.85928920347));
#1407 = CARTESIAN_POINT('',(4.576114476514,144.95156245451));
#1408 = CARTESIAN_POINT('',(4.576336457246,144.96862630238));
#1409 = CARTESIAN_POINT('',(4.57654870511,144.9808582044));
#1410 = CARTESIAN_POINT('',(4.576742704236,144.99010606599));
#1411 = CARTESIAN_POINT('',(4.576936993879,144.997001527));
#1412 = CARTESIAN_POINT('',(4.577131097801,145.));
#1413 = CARTESIAN_POINT('',(4.577325245873,145.));
#1414 = ( GEOMETRIC_REPRESENTATION_CONTEXT(2) 
PARAMETRIC_REPRESENTATION_CONTEXT() REPRESENTATION_CONTEXT('2D SPACE',''
  ) );
#1415 = PCURVE('',#539,#1416);
#1416 = DEFINITIONAL_REPRESENTATION('',(#1417),#1421);
#1417 = LINE('',#1418,#1419);
#1418 = CARTESIAN_POINT('',(23.462894982353,0.));
#1419 = VECTOR('',#1420,1.);
#1420 = DIRECTION('',(0.,1.));
#1421 = ( GEOMETRIC_REPRESENTATION_CONTEXT(2) 
PARAMETRIC_REPRESENTATION_CONTEXT() REPRESENTATION_CONTEXT('2D SPACE',''
  ) );
#1422 = ADVANCED_FACE('',(#1423),#539,.F.);
#1423 = FACE_BOUND('',#1424,.F.);
#1424 = EDGE_LOOP('',(#1425,#1426,#1427,#1456));
#1425 = ORIENTED_EDGE('',*,*,#525,.T.);
#1426 = ORIENTED_EDGE('',*,*,#1356,.T.);
#1427 = ORIENTED_EDGE('',*,*,#1428,.F.);
#1428 = EDGE_CURVE('',#932,#1328,#1429,.T.);
#1429 = SURFACE_CURVE('',#1430,(#1434,#1440),.PCURVE_S1.);
#1430 = ( BOUNDED_CURVE() B_SPLINE_CURVE(2,(#1431,#1432,#1433),
.UNSPECIFIED.,.F.,.F.) B_SPLINE_CURVE_WITH_KNOTS((3,3),(0.,
23.462894982353),.PIECEWISE_BEZIER_KNOTS.) CURVE() 
GEOMETRIC_REPRESENTATION_ITEM() RATIONAL_B_SPLINE_CURVE((1.,
0.707106781187,1.)) REPRESENTATION_ITEM('') );
#1431 = CARTESIAN_POINT('',(-136.,-70.,67.198321344333));
#1432 = CARTESIAN_POINT('',(-134.6534653465,-70.,77.107248855784));
#1433 = CARTESIAN_POINT('',(-134.6534653465,-60.,77.107248855784));
#1434 = PCURVE('',#539,#1435);
#1435 = DEFINITIONAL_REPRESENTATION('',(#1436),#1439);
#1436 = B_SPLINE_CURVE_WITH_KNOTS('',1,(#1437,#1438),.UNSPECIFIED.,.F.,
  .F.,(2,2),(0.,23.462894982353),.PIECEWISE_BEZIER_KNOTS.);
#1437 = CARTESIAN_POINT('',(0.,135.46289498235));
#1438 = CARTESIAN_POINT('',(23.462894982353,135.46289498235));
#1439 = ( GEOMETRIC_REPRESENTATION_CONTEXT(2) 
PARAMETRIC_REPRESENTATION_CONTEXT() REPRESENTATION_CONTEXT('2D SPACE',''
  ) );
#1440 = PCURVE('',#1344,#1441);
#1441 = DEFINITIONAL_REPRESENTATION('',(#1442),#1455);
#1442 = B_SPLINE_CURVE_WITH_KNOTS('',11,(#1443,#1444,#1445,#1446,#1447,
    #1448,#1449,#1450,#1451,#1452,#1453,#1454),.UNSPECIFIED.,.F.,.F.,(12
    ,12),(0.,23.462894982353),.PIECEWISE_BEZIER_KNOTS.);
#1443 = CARTESIAN_POINT('',(1.359036502767E-03,1.570796326795));
#1444 = CARTESIAN_POINT('',(1.359036502767E-03,1.699361196102));
#1445 = CARTESIAN_POINT('',(1.359036502767E-03,1.835457293884));
#1446 = CARTESIAN_POINT('',(1.359036502767E-03,1.978390736209));
#1447 = CARTESIAN_POINT('',(1.359036502766E-03,2.126951478685));
#1448 = CARTESIAN_POINT('',(1.359036502767E-03,2.279309209413));
#1449 = CARTESIAN_POINT('',(1.359036502766E-03,2.433079770972));
#1450 = CARTESIAN_POINT('',(1.359036502767E-03,2.585437501699));
#1451 = CARTESIAN_POINT('',(1.359036502767E-03,2.733998244176));
#1452 = CARTESIAN_POINT('',(1.359036502767E-03,2.8769316865));
#1453 = CARTESIAN_POINT('',(1.359036502767E-03,3.013027784283));
#1454 = CARTESIAN_POINT('',(1.359036502767E-03,3.14159265359));
#1455 = ( GEOMETRIC_REPRESENTATION_CONTEXT(2) 
PARAMETRIC_REPRESENTATION_CONTEXT() REPRESENTATION_CONTEXT('2D SPACE',''
  ) );
#1456 = ORIENTED_EDGE('',*,*,#954,.F.);
#1457 = ADVANCED_FACE('',(#1458,#1806,#1837),#736,.T.);
#1458 = FACE_BOUND('',#1459,.T.);
#1459 = EDGE_LOOP('',(#1460,#1461,#1462,#1540,#1541,#1621,#1640,#1641,
    #1662,#1688,#1714,#1740,#1766,#1787));
#1460 = ORIENTED_EDGE('',*,*,#883,.F.);
#1461 = ORIENTED_EDGE('',*,*,#1221,.T.);
#1462 = ORIENTED_EDGE('',*,*,#1463,.T.);
#1463 = EDGE_CURVE('',#1198,#1283,#1464,.T.);
#1464 = SURFACE_CURVE('',#1465,(#1488,#1514),.PCURVE_S1.);
#1465 = B_SPLINE_CURVE_WITH_KNOTS('',6,(#1466,#1467,#1468,#1469,#1470,
    #1471,#1472,#1473,#1474,#1475,#1476,#1477,#1478,#1479,#1480,#1481,
    #1482,#1483,#1484,#1485,#1486,#1487),.UNSPECIFIED.,.F.,.F.,(7,5,5,5,
    7),(0.,0.341545557577,0.507629419634,0.672546622675,1.),
  .UNSPECIFIED.);
#1466 = CARTESIAN_POINT('',(89.85,70.,62.004484353931));
#1467 = CARTESIAN_POINT('',(89.85,70.,62.900427058102));
#1468 = CARTESIAN_POINT('',(89.85,69.904436402915,63.79653405179));
#1469 = CARTESIAN_POINT('',(89.85,69.713249640212,64.679699171791));
#1470 = CARTESIAN_POINT('',(89.85,69.428829964781,65.537404018712));
#1471 = CARTESIAN_POINT('',(89.85,69.055337163537,66.35757613675));
#1472 = CARTESIAN_POINT('',(89.85,68.377711050751,67.50387370845));
#1473 = CARTESIAN_POINT('',(89.85,68.136495390521,67.867383663839));
#1474 = CARTESIAN_POINT('',(89.85,67.876509148689,68.218078213904));
#1475 = CARTESIAN_POINT('',(89.85,67.59859709079,68.554745840711));
#1476 = CARTESIAN_POINT('',(89.85,67.303707177736,68.876250339579));
#1477 = CARTESIAN_POINT('',(89.85,66.684259102504,69.484670527952));
#1478 = CARTESIAN_POINT('',(89.85,66.359917251577,69.771819848774));
#1479 = CARTESIAN_POINT('',(89.85,66.020897167002,70.041944091362));
#1480 = CARTESIAN_POINT('',(89.85,65.66830949976,70.294103417644));
#1481 = CARTESIAN_POINT('',(89.85,65.303344700566,70.527456685539));
#1482 = CARTESIAN_POINT('',(89.85,64.180560452082,71.165790089078));
#1483 = CARTESIAN_POINT('',(89.85,63.38990304607,71.513346149802));
#1484 = CARTESIAN_POINT('',(89.85,62.565464060233,71.777947708522));
#1485 = CARTESIAN_POINT('',(89.85,61.718056380475,71.955795755505));
#1486 = CARTESIAN_POINT('',(89.85,60.858949442297,72.044691012694));
#1487 = CARTESIAN_POINT('',(89.85,60.,72.044691012694));
#1488 = PCURVE('',#736,#1489);
#1489 = DEFINITIONAL_REPRESENTATION('',(#1490),#1513);
#1490 = B_SPLINE_CURVE_WITH_KNOTS('',6,(#1491,#1492,#1493,#1494,#1495,
    #1496,#1497,#1498,#1499,#1500,#1501,#1502,#1503,#1504,#1505,#1506,
    #1507,#1508,#1509,#1510,#1511,#1512),.UNSPECIFIED.,.F.,.F.,(7,5,5,5,
    7),(0.,0.341545557577,0.507629419634,0.672546622675,1.),
  .UNSPECIFIED.);
#1491 = CARTESIAN_POINT('',(72.004484353931,-150.));
#1492 = CARTESIAN_POINT('',(72.900427058102,-150.));
#1493 = CARTESIAN_POINT('',(73.79653405179,-149.9044364029));
#1494 = CARTESIAN_POINT('',(74.679699171791,-149.7132496402));
#1495 = CARTESIAN_POINT('',(75.537404018712,-149.4288299647));
#1496 = CARTESIAN_POINT('',(76.35757613675,-149.0553371635));
#1497 = CARTESIAN_POINT('',(77.50387370845,-148.3777110507));
#1498 = CARTESIAN_POINT('',(77.867383663839,-148.1364953905));
#1499 = CARTESIAN_POINT('',(78.218078213904,-147.8765091486));
#1500 = CARTESIAN_POINT('',(78.554745840711,-147.5985970907));
#1501 = CARTESIAN_POINT('',(78.876250339579,-147.3037071777));
#1502 = CARTESIAN_POINT('',(79.484670527952,-146.6842591025));
#1503 = CARTESIAN_POINT('',(79.771819848774,-146.3599172515));
#1504 = CARTESIAN_POINT('',(80.041944091362,-146.020897167));
#1505 = CARTESIAN_POINT('',(80.294103417644,-145.6683094997));
#1506 = CARTESIAN_POINT('',(80.527456685539,-145.3033447005));
#1507 = CARTESIAN_POINT('',(81.165790089078,-144.180560452));
#1508 = CARTESIAN_POINT('',(81.513346149802,-143.389903046));
#1509 = CARTESIAN_POINT('',(81.777947708522,-142.5654640602));
#1510 = CARTESIAN_POINT('',(81.955795755505,-141.7180563804));
#1511 = CARTESIAN_POINT('',(82.044691012694,-140.8589494422));
#1512 = CARTESIAN_POINT('',(82.044691012694,-140.));
#1513 = ( GEOMETRIC_REPRESENTATION_CONTEXT(2) 
PARAMETRIC_REPRESENTATION_CONTEXT() REPRESENTATION_CONTEXT('2D SPACE',''
  ) );
#1514 = PCURVE('',#1114,#1515);
#1515 = DEFINITIONAL_REPRESENTATION('',(#1516),#1539);
#1516 = B_SPLINE_CURVE_WITH_KNOTS('',6,(#1517,#1518,#1519,#1520,#1521,
    #1522,#1523,#1524,#1525,#1526,#1527,#1528,#1529,#1530,#1531,#1532,
    #1533,#1534,#1535,#1536,#1537,#1538),.UNSPECIFIED.,.F.,.F.,(7,5,5,5,
    7),(0.,0.341545557577,0.507629419634,0.672546622675,1.),
  .UNSPECIFIED.);
#1517 = CARTESIAN_POINT('',(4.734461707072E-02,1.570796326795));
#1518 = CARTESIAN_POINT('',(4.726570279568E-02,1.660035370624));
#1519 = CARTESIAN_POINT('',(4.718660670953E-02,1.74928973998));
#1520 = CARTESIAN_POINT('',(4.710848242167E-02,1.838535161831));
#1521 = CARTESIAN_POINT('',(4.703244807317E-02,1.927799401692));
#1522 = CARTESIAN_POINT('',(4.695959784898E-02,2.017109913611));
#1523 = CARTESIAN_POINT('',(4.685760419359E-02,2.149875513512));
#1524 = CARTESIAN_POINT('',(4.68252305456E-02,2.193321396728));
#1525 = CARTESIAN_POINT('',(4.679397078015E-02,2.236775095283));
#1526 = CARTESIAN_POINT('',(4.676393659899E-02,2.280237556458));
#1527 = CARTESIAN_POINT('',(4.673523331348E-02,2.323709541666));
#1528 = CARTESIAN_POINT('',(4.668087720648E-02,2.410365157899));
#1529 = CARTESIAN_POINT('',(4.665520378955E-02,2.453549602938));
#1530 = CARTESIAN_POINT('',(4.663103566644E-02,2.496742355994));
#1531 = CARTESIAN_POINT('',(4.660846076148E-02,2.539943767451));
#1532 = CARTESIAN_POINT('',(4.658755808145E-02,2.583154001971));
#1533 = CARTESIAN_POINT('',(4.653035244596E-02,2.712182410317));
#1534 = CARTESIAN_POINT('',(4.649916689827E-02,2.798039755363));
#1535 = CARTESIAN_POINT('',(4.647540308352E-02,2.883904590178));
#1536 = CARTESIAN_POINT('',(4.645942342883E-02,2.969787257649));
#1537 = CARTESIAN_POINT('',(4.645143619128E-02,3.05569770936));
#1538 = CARTESIAN_POINT('',(4.645143619128E-02,3.14159265359));
#1539 = ( GEOMETRIC_REPRESENTATION_CONTEXT(2) 
PARAMETRIC_REPRESENTATION_CONTEXT() REPRESENTATION_CONTEXT('2D SPACE',''
  ) );
#1540 = ORIENTED_EDGE('',*,*,#1306,.T.);
#1541 = ORIENTED_EDGE('',*,*,#1542,.F.);
#1542 = EDGE_CURVE('',#1543,#1307,#1545,.T.);
#1543 = VERTEX_POINT('',#1544);
#1544 = CARTESIAN_POINT('',(89.85,-70.,62.004484353931));
#1545 = SURFACE_CURVE('',#1546,(#1569,#1595),.PCURVE_S1.);
#1546 = B_SPLINE_CURVE_WITH_KNOTS('',6,(#1547,#1548,#1549,#1550,#1551,
    #1552,#1553,#1554,#1555,#1556,#1557,#1558,#1559,#1560,#1561,#1562,
    #1563,#1564,#1565,#1566,#1567,#1568),.UNSPECIFIED.,.F.,.F.,(7,5,5,5,
    7),(0.,0.341545557577,0.507629419634,0.672546622675,1.),
  .UNSPECIFIED.);
#1547 = CARTESIAN_POINT('',(89.85,-70.,62.004484353931));
#1548 = CARTESIAN_POINT('',(89.85,-70.,62.900427058102));
#1549 = CARTESIAN_POINT('',(89.85,-69.90443640291,63.79653405179));
#1550 = CARTESIAN_POINT('',(89.85,-69.71324964021,64.67969917179));
#1551 = CARTESIAN_POINT('',(89.85,-69.42882996478,65.537404018712));
#1552 = CARTESIAN_POINT('',(89.85,-69.05533716353,66.357576136749));
#1553 = CARTESIAN_POINT('',(89.85,-68.37771105075,67.50387370845));
#1554 = CARTESIAN_POINT('',(89.85,-68.13649539052,67.867383663839));
#1555 = CARTESIAN_POINT('',(89.85,-67.87650914868,68.218078213904));
#1556 = CARTESIAN_POINT('',(89.85,-67.59859709078,68.554745840711));
#1557 = CARTESIAN_POINT('',(89.85,-67.30370717773,68.876250339579));
#1558 = CARTESIAN_POINT('',(89.85,-66.6842591025,69.484670527952));
#1559 = CARTESIAN_POINT('',(89.85,-66.35991725157,69.771819848774));
#1560 = CARTESIAN_POINT('',(89.85,-66.020897167,70.041944091361));
#1561 = CARTESIAN_POINT('',(89.85,-65.66830949975,70.294103417645));
#1562 = CARTESIAN_POINT('',(89.85,-65.30334470056,70.527456685539));
#1563 = CARTESIAN_POINT('',(89.85,-64.18056045208,71.165790089077));
#1564 = CARTESIAN_POINT('',(89.85,-63.38990304606,71.513346149803));
#1565 = CARTESIAN_POINT('',(89.85,-62.56546406023,71.777947708521));
#1566 = CARTESIAN_POINT('',(89.85,-61.71805638047,71.955795755506));
#1567 = CARTESIAN_POINT('',(89.85,-60.85894944229,72.044691012694));
#1568 = CARTESIAN_POINT('',(89.85,-60.,72.044691012694));
#1569 = PCURVE('',#736,#1570);
#1570 = DEFINITIONAL_REPRESENTATION('',(#1571),#1594);
#1571 = B_SPLINE_CURVE_WITH_KNOTS('',6,(#1572,#1573,#1574,#1575,#1576,
    #1577,#1578,#1579,#1580,#1581,#1582,#1583,#1584,#1585,#1586,#1587,
    #1588,#1589,#1590,#1591,#1592,#1593),.UNSPECIFIED.,.F.,.F.,(7,5,5,5,
    7),(0.,0.341545557577,0.507629419634,0.672546622675,1.),
  .UNSPECIFIED.);
#1572 = CARTESIAN_POINT('',(72.004484353931,-10.));
#1573 = CARTESIAN_POINT('',(72.900427058102,-10.));
#1574 = CARTESIAN_POINT('',(73.79653405179,-10.09556359708));
#1575 = CARTESIAN_POINT('',(74.67969917179,-10.28675035978));
#1576 = CARTESIAN_POINT('',(75.537404018712,-10.57117003521));
#1577 = CARTESIAN_POINT('',(76.357576136749,-10.94466283646));
#1578 = CARTESIAN_POINT('',(77.50387370845,-11.62228894924));
#1579 = CARTESIAN_POINT('',(77.867383663839,-11.86350460947));
#1580 = CARTESIAN_POINT('',(78.218078213904,-12.12349085131));
#1581 = CARTESIAN_POINT('',(78.554745840711,-12.40140290921));
#1582 = CARTESIAN_POINT('',(78.876250339579,-12.69629282226));
#1583 = CARTESIAN_POINT('',(79.484670527952,-13.31574089749));
#1584 = CARTESIAN_POINT('',(79.771819848774,-13.64008274842));
#1585 = CARTESIAN_POINT('',(80.041944091361,-13.97910283299));
#1586 = CARTESIAN_POINT('',(80.294103417645,-14.33169050024));
#1587 = CARTESIAN_POINT('',(80.527456685539,-14.69665529943));
#1588 = CARTESIAN_POINT('',(81.165790089077,-15.81943954791));
#1589 = CARTESIAN_POINT('',(81.513346149803,-16.61009695393));
#1590 = CARTESIAN_POINT('',(81.777947708521,-17.43453593976));
#1591 = CARTESIAN_POINT('',(81.955795755506,-18.28194361952));
#1592 = CARTESIAN_POINT('',(82.044691012694,-19.1410505577));
#1593 = CARTESIAN_POINT('',(82.044691012694,-20.));
#1594 = ( GEOMETRIC_REPRESENTATION_CONTEXT(2) 
PARAMETRIC_REPRESENTATION_CONTEXT() REPRESENTATION_CONTEXT('2D SPACE',''
  ) );
#1595 = PCURVE('',#1344,#1596);
#1596 = DEFINITIONAL_REPRESENTATION('',(#1597),#1620);
#1597 = B_SPLINE_CURVE_WITH_KNOTS('',6,(#1598,#1599,#1600,#1601,#1602,
    #1603,#1604,#1605,#1606,#1607,#1608,#1609,#1610,#1611,#1612,#1613,
    #1614,#1615,#1616,#1617,#1618,#1619),.UNSPECIFIED.,.F.,.F.,(7,5,5,5,
    7),(0.,0.341545557577,0.507629419634,0.672546622675,1.),
  .UNSPECIFIED.);
#1598 = CARTESIAN_POINT('',(0.225500924958,1.570796326795));
#1599 = CARTESIAN_POINT('',(0.225579839233,1.660035370624));
#1600 = CARTESIAN_POINT('',(0.22565893532,1.74928973998));
#1601 = CARTESIAN_POINT('',(0.225737059607,1.838535161831));
#1602 = CARTESIAN_POINT('',(0.225813093956,1.927799401692));
#1603 = CARTESIAN_POINT('',(0.22588594418,2.017109913611));
#1604 = CARTESIAN_POINT('',(0.225987937836,2.149875513512));
#1605 = CARTESIAN_POINT('',(0.226020311484,2.193321396728));
#1606 = CARTESIAN_POINT('',(0.226051571249,2.236775095283));
#1607 = CARTESIAN_POINT('',(0.22608160543,2.280237556458));
#1608 = CARTESIAN_POINT('',(0.226110308716,2.323709541666));
#1609 = CARTESIAN_POINT('',(0.226164664823,2.410365157899));
#1610 = CARTESIAN_POINT('',(0.22619033824,2.453549602938));
#1611 = CARTESIAN_POINT('',(0.226214506363,2.496742355994));
#1612 = CARTESIAN_POINT('',(0.226237081268,2.539943767451));
#1613 = CARTESIAN_POINT('',(0.226257983948,2.583154001971));
#1614 = CARTESIAN_POINT('',(0.226315189583,2.712182410317));
#1615 = CARTESIAN_POINT('',(0.226346375131,2.798039755363));
#1616 = CARTESIAN_POINT('',(0.226370138946,2.883904590178));
#1617 = CARTESIAN_POINT('',(0.2263861186,2.969787257649));
#1618 = CARTESIAN_POINT('',(0.226394105838,3.05569770936));
#1619 = CARTESIAN_POINT('',(0.226394105838,3.14159265359));
#1620 = ( GEOMETRIC_REPRESENTATION_CONTEXT(2) 
PARAMETRIC_REPRESENTATION_CONTEXT() REPRESENTATION_CONTEXT('2D SPACE',''
  ) );
#1621 = ORIENTED_EDGE('',*,*,#1622,.F.);
#1622 = EDGE_CURVE('',#694,#1543,#1623,.T.);
#1623 = SURFACE_CURVE('',#1624,(#1628,#1634),.PCURVE_S1.);
#1624 = LINE('',#1625,#1626);
#1625 = CARTESIAN_POINT('',(89.85,-70.,-5.));
#1626 = VECTOR('',#1627,1.);
#1627 = DIRECTION('',(0.,0.,1.));
#1628 = PCURVE('',#736,#1629);
#1629 = DEFINITIONAL_REPRESENTATION('',(#1630),#1633);
#1630 = B_SPLINE_CURVE_WITH_KNOTS('',1,(#1631,#1632),.UNSPECIFIED.,.F.,
  .F.,(2,2),(5.,72.198321344334),.PIECEWISE_BEZIER_KNOTS.);
#1631 = CARTESIAN_POINT('',(10.,-10.));
#1632 = CARTESIAN_POINT('',(77.198321344334,-10.));
#1633 = ( GEOMETRIC_REPRESENTATION_CONTEXT(2) 
PARAMETRIC_REPRESENTATION_CONTEXT() REPRESENTATION_CONTEXT('2D SPACE',''
  ) );
#1634 = PCURVE('',#709,#1635);
#1635 = DEFINITIONAL_REPRESENTATION('',(#1636),#1639);
#1636 = B_SPLINE_CURVE_WITH_KNOTS('',1,(#1637,#1638),.UNSPECIFIED.,.F.,
  .F.,(2,2),(5.,72.198321344334),.PIECEWISE_BEZIER_KNOTS.);
#1637 = CARTESIAN_POINT('',(0.,239.85));
#1638 = CARTESIAN_POINT('',(67.198321344334,239.85));
#1639 = ( GEOMETRIC_REPRESENTATION_CONTEXT(2) 
PARAMETRIC_REPRESENTATION_CONTEXT() REPRESENTATION_CONTEXT('2D SPACE',''
  ) );
#1640 = ORIENTED_EDGE('',*,*,#721,.F.);
#1641 = ORIENTED_EDGE('',*,*,#1642,.T.);
#1642 = EDGE_CURVE('',#722,#1643,#1645,.T.);
#1643 = VERTEX_POINT('',#1644);
#1644 = CARTESIAN_POINT('',(89.85,-67.,4.));
#1645 = SURFACE_CURVE('',#1646,(#1650,#1656),.PCURVE_S1.);
#1646 = LINE('',#1647,#1648);
#1647 = CARTESIAN_POINT('',(89.85,-67.,-5.5));
#1648 = VECTOR('',#1649,1.);
#1649 = DIRECTION('',(0.,0.,1.));
#1650 = PCURVE('',#736,#1651);
#1651 = DEFINITIONAL_REPRESENTATION('',(#1652),#1655);
#1652 = B_SPLINE_CURVE_WITH_KNOTS('',1,(#1653,#1654),.UNSPECIFIED.,.F.,
  .F.,(2,2),(5.5,9.5),.PIECEWISE_BEZIER_KNOTS.);
#1653 = CARTESIAN_POINT('',(10.,-13.));
#1654 = CARTESIAN_POINT('',(14.,-13.));
#1655 = ( GEOMETRIC_REPRESENTATION_CONTEXT(2) 
PARAMETRIC_REPRESENTATION_CONTEXT() REPRESENTATION_CONTEXT('2D SPACE',''
  ) );
#1656 = PCURVE('',#762,#1657);
#1657 = DEFINITIONAL_REPRESENTATION('',(#1658),#1661);
#1658 = B_SPLINE_CURVE_WITH_KNOTS('',1,(#1659,#1660),.UNSPECIFIED.,.F.,
  .F.,(2,2),(5.5,9.5),.PIECEWISE_BEZIER_KNOTS.);
#1659 = CARTESIAN_POINT('',(1.,210.85));
#1660 = CARTESIAN_POINT('',(5.,210.85));
#1661 = ( GEOMETRIC_REPRESENTATION_CONTEXT(2) 
PARAMETRIC_REPRESENTATION_CONTEXT() REPRESENTATION_CONTEXT('2D SPACE',''
  ) );
#1662 = ORIENTED_EDGE('',*,*,#1663,.F.);
#1663 = EDGE_CURVE('',#1664,#1643,#1666,.T.);
#1664 = VERTEX_POINT('',#1665);
#1665 = CARTESIAN_POINT('',(89.85,-56.,4.));
#1666 = SURFACE_CURVE('',#1667,(#1671,#1677),.PCURVE_S1.);
#1667 = LINE('',#1668,#1669);
#1668 = CARTESIAN_POINT('',(89.85,-73.5,4.));
#1669 = VECTOR('',#1670,1.);
#1670 = DIRECTION('',(0.,-1.,0.));
#1671 = PCURVE('',#736,#1672);
#1672 = DEFINITIONAL_REPRESENTATION('',(#1673),#1676);
#1673 = B_SPLINE_CURVE_WITH_KNOTS('',1,(#1674,#1675),.UNSPECIFIED.,.F.,
  .F.,(2,2),(-140.5,-6.5),.PIECEWISE_BEZIER_KNOTS.);
#1674 = CARTESIAN_POINT('',(14.,-147.));
#1675 = CARTESIAN_POINT('',(14.,-13.));
#1676 = ( GEOMETRIC_REPRESENTATION_CONTEXT(2) 
PARAMETRIC_REPRESENTATION_CONTEXT() REPRESENTATION_CONTEXT('2D SPACE',''
  ) );
#1677 = PCURVE('',#1678,#1683);
#1678 = PLANE('',#1679);
#1679 = AXIS2_PLACEMENT_3D('',#1680,#1681,#1682);
#1680 = CARTESIAN_POINT('',(-121.,-67.,4.));
#1681 = DIRECTION('',(0.,0.,1.));
#1682 = DIRECTION('',(1.,0.,-0.));
#1683 = DEFINITIONAL_REPRESENTATION('',(#1684),#1687);
#1684 = B_SPLINE_CURVE_WITH_KNOTS('',1,(#1685,#1686),.UNSPECIFIED.,.F.,
  .F.,(2,2),(-140.5,-6.5),.PIECEWISE_BEZIER_KNOTS.);
#1685 = CARTESIAN_POINT('',(210.85,134.));
#1686 = CARTESIAN_POINT('',(210.85,0.));
#1687 = ( GEOMETRIC_REPRESENTATION_CONTEXT(2) 
PARAMETRIC_REPRESENTATION_CONTEXT() REPRESENTATION_CONTEXT('2D SPACE',''
  ) );
#1688 = ORIENTED_EDGE('',*,*,#1689,.T.);
#1689 = EDGE_CURVE('',#1664,#1690,#1692,.T.);
#1690 = VERTEX_POINT('',#1691);
#1691 = CARTESIAN_POINT('',(89.85,-56.,53.));
#1692 = SURFACE_CURVE('',#1693,(#1697,#1703),.PCURVE_S1.);
#1693 = LINE('',#1694,#1695);
#1694 = CARTESIAN_POINT('',(89.85,-56.,-3.));
#1695 = VECTOR('',#1696,1.);
#1696 = DIRECTION('',(0.,0.,1.));
#1697 = PCURVE('',#736,#1698);
#1698 = DEFINITIONAL_REPRESENTATION('',(#1699),#1702);
#1699 = B_SPLINE_CURVE_WITH_KNOTS('',1,(#1700,#1701),.UNSPECIFIED.,.F.,
  .F.,(2,2),(7.,56.),.PIECEWISE_BEZIER_KNOTS.);
#1700 = CARTESIAN_POINT('',(14.,-24.));
#1701 = CARTESIAN_POINT('',(63.,-24.));
#1702 = ( GEOMETRIC_REPRESENTATION_CONTEXT(2) 
PARAMETRIC_REPRESENTATION_CONTEXT() REPRESENTATION_CONTEXT('2D SPACE',''
  ) );
#1703 = PCURVE('',#1704,#1709);
#1704 = PLANE('',#1705);
#1705 = AXIS2_PLACEMENT_3D('',#1706,#1707,#1708);
#1706 = CARTESIAN_POINT('',(-107.,-56.,4.));
#1707 = DIRECTION('',(-0.,1.,0.));
#1708 = DIRECTION('',(0.,0.,1.));
#1709 = DEFINITIONAL_REPRESENTATION('',(#1710),#1713);
#1710 = B_SPLINE_CURVE_WITH_KNOTS('',1,(#1711,#1712),.UNSPECIFIED.,.F.,
  .F.,(2,2),(7.,56.),.PIECEWISE_BEZIER_KNOTS.);
#1711 = CARTESIAN_POINT('',(0.,196.85));
#1712 = CARTESIAN_POINT('',(49.,196.85));
#1713 = ( GEOMETRIC_REPRESENTATION_CONTEXT(2) 
PARAMETRIC_REPRESENTATION_CONTEXT() REPRESENTATION_CONTEXT('2D SPACE',''
  ) );
#1714 = ORIENTED_EDGE('',*,*,#1715,.F.);
#1715 = EDGE_CURVE('',#1716,#1690,#1718,.T.);
#1716 = VERTEX_POINT('',#1717);
#1717 = CARTESIAN_POINT('',(89.85,56.,53.));
#1718 = SURFACE_CURVE('',#1719,(#1723,#1729),.PCURVE_S1.);
#1719 = LINE('',#1720,#1721);
#1720 = CARTESIAN_POINT('',(89.85,-68.,53.));
#1721 = VECTOR('',#1722,1.);
#1722 = DIRECTION('',(0.,-1.,0.));
#1723 = PCURVE('',#736,#1724);
#1724 = DEFINITIONAL_REPRESENTATION('',(#1725),#1728);
#1725 = B_SPLINE_CURVE_WITH_KNOTS('',1,(#1726,#1727),.UNSPECIFIED.,.F.,
  .F.,(2,2),(-124.,-12.),.PIECEWISE_BEZIER_KNOTS.);
#1726 = CARTESIAN_POINT('',(63.,-136.));
#1727 = CARTESIAN_POINT('',(63.,-24.));
#1728 = ( GEOMETRIC_REPRESENTATION_CONTEXT(2) 
PARAMETRIC_REPRESENTATION_CONTEXT() REPRESENTATION_CONTEXT('2D SPACE',''
  ) );
#1729 = PCURVE('',#1730,#1735);
#1730 = PLANE('',#1731);
#1731 = AXIS2_PLACEMENT_3D('',#1732,#1733,#1734);
#1732 = CARTESIAN_POINT('',(-107.,-56.,53.));
#1733 = DIRECTION('',(0.,0.,1.));
#1734 = DIRECTION('',(1.,0.,-0.));
#1735 = DEFINITIONAL_REPRESENTATION('',(#1736),#1739);
#1736 = B_SPLINE_CURVE_WITH_KNOTS('',1,(#1737,#1738),.UNSPECIFIED.,.F.,
  .F.,(2,2),(-124.,-12.),.PIECEWISE_BEZIER_KNOTS.);
#1737 = CARTESIAN_POINT('',(196.85,112.));
#1738 = CARTESIAN_POINT('',(196.85,0.));
#1739 = ( GEOMETRIC_REPRESENTATION_CONTEXT(2) 
PARAMETRIC_REPRESENTATION_CONTEXT() REPRESENTATION_CONTEXT('2D SPACE',''
  ) );
#1740 = ORIENTED_EDGE('',*,*,#1741,.F.);
#1741 = EDGE_CURVE('',#1742,#1716,#1744,.T.);
#1742 = VERTEX_POINT('',#1743);
#1743 = CARTESIAN_POINT('',(89.85,56.,4.));
#1744 = SURFACE_CURVE('',#1745,(#1749,#1755),.PCURVE_S1.);
#1745 = LINE('',#1746,#1747);
#1746 = CARTESIAN_POINT('',(89.85,56.,-3.));
#1747 = VECTOR('',#1748,1.);
#1748 = DIRECTION('',(0.,0.,1.));
#1749 = PCURVE('',#736,#1750);
#1750 = DEFINITIONAL_REPRESENTATION('',(#1751),#1754);
#1751 = B_SPLINE_CURVE_WITH_KNOTS('',1,(#1752,#1753),.UNSPECIFIED.,.F.,
  .F.,(2,2),(7.,56.),.PIECEWISE_BEZIER_KNOTS.);
#1752 = CARTESIAN_POINT('',(14.,-136.));
#1753 = CARTESIAN_POINT('',(63.,-136.));
#1754 = ( GEOMETRIC_REPRESENTATION_CONTEXT(2) 
PARAMETRIC_REPRESENTATION_CONTEXT() REPRESENTATION_CONTEXT('2D SPACE',''
  ) );
#1755 = PCURVE('',#1756,#1761);
#1756 = PLANE('',#1757);
#1757 = AXIS2_PLACEMENT_3D('',#1758,#1759,#1760);
#1758 = CARTESIAN_POINT('',(-107.,56.,4.));
#1759 = DIRECTION('',(-0.,1.,0.));
#1760 = DIRECTION('',(0.,0.,1.));
#1761 = DEFINITIONAL_REPRESENTATION('',(#1762),#1765);
#1762 = B_SPLINE_CURVE_WITH_KNOTS('',1,(#1763,#1764),.UNSPECIFIED.,.F.,
  .F.,(2,2),(7.,56.),.PIECEWISE_BEZIER_KNOTS.);
#1763 = CARTESIAN_POINT('',(0.,196.85));
#1764 = CARTESIAN_POINT('',(49.,196.85));
#1765 = ( GEOMETRIC_REPRESENTATION_CONTEXT(2) 
PARAMETRIC_REPRESENTATION_CONTEXT() REPRESENTATION_CONTEXT('2D SPACE',''
  ) );
#1766 = ORIENTED_EDGE('',*,*,#1767,.F.);
#1767 = EDGE_CURVE('',#1768,#1742,#1770,.T.);
#1768 = VERTEX_POINT('',#1769);
#1769 = CARTESIAN_POINT('',(89.85,67.,4.));
#1770 = SURFACE_CURVE('',#1771,(#1775,#1781),.PCURVE_S1.);
#1771 = LINE('',#1772,#1773);
#1772 = CARTESIAN_POINT('',(89.85,-73.5,4.));
#1773 = VECTOR('',#1774,1.);
#1774 = DIRECTION('',(0.,-1.,0.));
#1775 = PCURVE('',#736,#1776);
#1776 = DEFINITIONAL_REPRESENTATION('',(#1777),#1780);
#1777 = B_SPLINE_CURVE_WITH_KNOTS('',1,(#1778,#1779),.UNSPECIFIED.,.F.,
  .F.,(2,2),(-140.5,-6.5),.PIECEWISE_BEZIER_KNOTS.);
#1778 = CARTESIAN_POINT('',(14.,-147.));
#1779 = CARTESIAN_POINT('',(14.,-13.));
#1780 = ( GEOMETRIC_REPRESENTATION_CONTEXT(2) 
PARAMETRIC_REPRESENTATION_CONTEXT() REPRESENTATION_CONTEXT('2D SPACE',''
  ) );
#1781 = PCURVE('',#1678,#1782);
#1782 = DEFINITIONAL_REPRESENTATION('',(#1783),#1786);
#1783 = B_SPLINE_CURVE_WITH_KNOTS('',1,(#1784,#1785),.UNSPECIFIED.,.F.,
  .F.,(2,2),(-140.5,-6.5),.PIECEWISE_BEZIER_KNOTS.);
#1784 = CARTESIAN_POINT('',(210.85,134.));
#1785 = CARTESIAN_POINT('',(210.85,0.));
#1786 = ( GEOMETRIC_REPRESENTATION_CONTEXT(2) 
PARAMETRIC_REPRESENTATION_CONTEXT() REPRESENTATION_CONTEXT('2D SPACE',''
  ) );
#1787 = ORIENTED_EDGE('',*,*,#1788,.F.);
#1788 = EDGE_CURVE('',#858,#1768,#1789,.T.);
#1789 = SURFACE_CURVE('',#1790,(#1794,#1800),.PCURVE_S1.);
#1790 = LINE('',#1791,#1792);
#1791 = CARTESIAN_POINT('',(89.85,67.,-5.5));
#1792 = VECTOR('',#1793,1.);
#1793 = DIRECTION('',(0.,0.,1.));
#1794 = PCURVE('',#736,#1795);
#1795 = DEFINITIONAL_REPRESENTATION('',(#1796),#1799);
#1796 = B_SPLINE_CURVE_WITH_KNOTS('',1,(#1797,#1798),.UNSPECIFIED.,.F.,
  .F.,(2,2),(5.5,9.5),.PIECEWISE_BEZIER_KNOTS.);
#1797 = CARTESIAN_POINT('',(10.,-147.));
#1798 = CARTESIAN_POINT('',(14.,-147.));
#1799 = ( GEOMETRIC_REPRESENTATION_CONTEXT(2) 
PARAMETRIC_REPRESENTATION_CONTEXT() REPRESENTATION_CONTEXT('2D SPACE',''
  ) );
#1800 = PCURVE('',#872,#1801);
#1801 = DEFINITIONAL_REPRESENTATION('',(#1802),#1805);
#1802 = B_SPLINE_CURVE_WITH_KNOTS('',1,(#1803,#1804),.UNSPECIFIED.,.F.,
  .F.,(2,2),(5.5,9.5),.PIECEWISE_BEZIER_KNOTS.);
#1803 = CARTESIAN_POINT('',(1.,210.85));
#1804 = CARTESIAN_POINT('',(5.,210.85));
#1805 = ( GEOMETRIC_REPRESENTATION_CONTEXT(2) 
PARAMETRIC_REPRESENTATION_CONTEXT() REPRESENTATION_CONTEXT('2D SPACE',''
  ) );
#1806 = FACE_BOUND('',#1807,.T.);
#1807 = EDGE_LOOP('',(#1808));
#1808 = ORIENTED_EDGE('',*,*,#1809,.F.);
#1809 = EDGE_CURVE('',#1810,#1810,#1812,.T.);
#1810 = VERTEX_POINT('',#1811);
#1811 = CARTESIAN_POINT('',(89.85,36.,56.8));
#1812 = SURFACE_CURVE('',#1813,(#1818,#1825),.PCURVE_S1.);
#1813 = CIRCLE('',#1814,3.2);
#1814 = AXIS2_PLACEMENT_3D('',#1815,#1816,#1817);
#1815 = CARTESIAN_POINT('',(89.85,36.,60.));
#1816 = DIRECTION('',(1.,0.,2.22044604925E-16));
#1817 = DIRECTION('',(2.22044604925E-16,0.,-1.));
#1818 = PCURVE('',#736,#1819);
#1819 = DEFINITIONAL_REPRESENTATION('',(#1820),#1824);
#1820 = CIRCLE('',#1821,3.2);
#1821 = AXIS2_PLACEMENT_2D('',#1822,#1823);
#1822 = CARTESIAN_POINT('',(70.,-116.));
#1823 = DIRECTION('',(-1.,0.));
#1824 = ( GEOMETRIC_REPRESENTATION_CONTEXT(2) 
PARAMETRIC_REPRESENTATION_CONTEXT() REPRESENTATION_CONTEXT('2D SPACE',''
  ) );
#1825 = PCURVE('',#1826,#1831);
#1826 = CYLINDRICAL_SURFACE('',#1827,3.2);
#1827 = AXIS2_PLACEMENT_3D('',#1828,#1829,#1830);
#1828 = CARTESIAN_POINT('',(80.,36.,60.));
#1829 = DIRECTION('',(1.,0.,2.22044604925E-16));
#1830 = DIRECTION('',(2.22044604925E-16,0.,-1.));
#1831 = DEFINITIONAL_REPRESENTATION('',(#1832),#1836);
#1832 = LINE('',#1833,#1834);
#1833 = CARTESIAN_POINT('',(0.,9.85));
#1834 = VECTOR('',#1835,1.);
#1835 = DIRECTION('',(1.,0.));
#1836 = ( GEOMETRIC_REPRESENTATION_CONTEXT(2) 
PARAMETRIC_REPRESENTATION_CONTEXT() REPRESENTATION_CONTEXT('2D SPACE',''
  ) );
#1837 = FACE_BOUND('',#1838,.T.);
#1838 = EDGE_LOOP('',(#1839));
#1839 = ORIENTED_EDGE('',*,*,#1840,.F.);
#1840 = EDGE_CURVE('',#1841,#1841,#1843,.T.);
#1841 = VERTEX_POINT('',#1842);
#1842 = CARTESIAN_POINT('',(89.85,-36.,56.8));
#1843 = SURFACE_CURVE('',#1844,(#1849,#1856),.PCURVE_S1.);
#1844 = CIRCLE('',#1845,3.2);
#1845 = AXIS2_PLACEMENT_3D('',#1846,#1847,#1848);
#1846 = CARTESIAN_POINT('',(89.85,-36.,60.));
#1847 = DIRECTION('',(1.,0.,2.22044604925E-16));
#1848 = DIRECTION('',(2.22044604925E-16,0.,-1.));
#1849 = PCURVE('',#736,#1850);
#1850 = DEFINITIONAL_REPRESENTATION('',(#1851),#1855);
#1851 = CIRCLE('',#1852,3.2);
#1852 = AXIS2_PLACEMENT_2D('',#1853,#1854);
#1853 = CARTESIAN_POINT('',(70.,-44.));
#1854 = DIRECTION('',(-1.,0.));
#1855 = ( GEOMETRIC_REPRESENTATION_CONTEXT(2) 
PARAMETRIC_REPRESENTATION_CONTEXT() REPRESENTATION_CONTEXT('2D SPACE',''
  ) );
#1856 = PCURVE('',#1857,#1862);
#1857 = CYLINDRICAL_SURFACE('',#1858,3.2);
#1858 = AXIS2_PLACEMENT_3D('',#1859,#1860,#1861);
#1859 = CARTESIAN_POINT('',(80.,-36.,60.));
#1860 = DIRECTION('',(1.,0.,2.22044604925E-16));
#1861 = DIRECTION('',(2.22044604925E-16,0.,-1.));
#1862 = DEFINITIONAL_REPRESENTATION('',(#1863),#1867);
#1863 = LINE('',#1864,#1865);
#1864 = CARTESIAN_POINT('',(0.,9.85));
#1865 = VECTOR('',#1866,1.);
#1866 = DIRECTION('',(1.,0.));
#1867 = ( GEOMETRIC_REPRESENTATION_CONTEXT(2) 
PARAMETRIC_REPRESENTATION_CONTEXT() REPRESENTATION_CONTEXT('2D SPACE',''
  ) );
#1868 = ADVANCED_FACE('',(#1869),#872,.F.);
#1869 = FACE_BOUND('',#1870,.F.);
#1870 = EDGE_LOOP('',(#1871,#1872,#1873,#1896));
#1871 = ORIENTED_EDGE('',*,*,#1788,.F.);
#1872 = ORIENTED_EDGE('',*,*,#857,.T.);
#1873 = ORIENTED_EDGE('',*,*,#1874,.T.);
#1874 = EDGE_CURVE('',#829,#1875,#1877,.T.);
#1875 = VERTEX_POINT('',#1876);
#1876 = CARTESIAN_POINT('',(-109.,67.,4.));
#1877 = SURFACE_CURVE('',#1878,(#1882,#1889),.PCURVE_S1.);
#1878 = LINE('',#1879,#1880);
#1879 = CARTESIAN_POINT('',(-109.,67.,-1.));
#1880 = VECTOR('',#1881,1.);
#1881 = DIRECTION('',(0.,0.,1.));
#1882 = PCURVE('',#872,#1883);
#1883 = DEFINITIONAL_REPRESENTATION('',(#1884),#1888);
#1884 = LINE('',#1885,#1886);
#1885 = CARTESIAN_POINT('',(0.,12.));
#1886 = VECTOR('',#1887,1.);
#1887 = DIRECTION('',(1.,0.));
#1888 = ( GEOMETRIC_REPRESENTATION_CONTEXT(2) 
PARAMETRIC_REPRESENTATION_CONTEXT() REPRESENTATION_CONTEXT('2D SPACE',''
  ) );
#1889 = PCURVE('',#845,#1890);
#1890 = DEFINITIONAL_REPRESENTATION('',(#1891),#1895);
#1891 = LINE('',#1892,#1893);
#1892 = CARTESIAN_POINT('',(-1.570796326795,0.));
#1893 = VECTOR('',#1894,1.);
#1894 = DIRECTION('',(-0.,1.));
#1895 = ( GEOMETRIC_REPRESENTATION_CONTEXT(2) 
PARAMETRIC_REPRESENTATION_CONTEXT() REPRESENTATION_CONTEXT('2D SPACE',''
  ) );
#1896 = ORIENTED_EDGE('',*,*,#1897,.T.);
#1897 = EDGE_CURVE('',#1875,#1768,#1898,.T.);
#1898 = SURFACE_CURVE('',#1899,(#1903,#1910),.PCURVE_S1.);
#1899 = LINE('',#1900,#1901);
#1900 = CARTESIAN_POINT('',(-121.,67.,4.));
#1901 = VECTOR('',#1902,1.);
#1902 = DIRECTION('',(1.,0.,-0.));
#1903 = PCURVE('',#872,#1904);
#1904 = DEFINITIONAL_REPRESENTATION('',(#1905),#1909);
#1905 = LINE('',#1906,#1907);
#1906 = CARTESIAN_POINT('',(5.,0.));
#1907 = VECTOR('',#1908,1.);
#1908 = DIRECTION('',(0.,1.));
#1909 = ( GEOMETRIC_REPRESENTATION_CONTEXT(2) 
PARAMETRIC_REPRESENTATION_CONTEXT() REPRESENTATION_CONTEXT('2D SPACE',''
  ) );
#1910 = PCURVE('',#1678,#1911);
#1911 = DEFINITIONAL_REPRESENTATION('',(#1912),#1916);
#1912 = LINE('',#1913,#1914);
#1913 = CARTESIAN_POINT('',(0.,134.));
#1914 = VECTOR('',#1915,1.);
#1915 = DIRECTION('',(1.,0.));
#1916 = ( GEOMETRIC_REPRESENTATION_CONTEXT(2) 
PARAMETRIC_REPRESENTATION_CONTEXT() REPRESENTATION_CONTEXT('2D SPACE',''
  ) );
#1917 = ADVANCED_FACE('',(#1918),#845,.F.);
#1918 = FACE_BOUND('',#1919,.T.);
#1919 = EDGE_LOOP('',(#1920,#1943,#1944,#1945));
#1920 = ORIENTED_EDGE('',*,*,#1921,.F.);
#1921 = EDGE_CURVE('',#803,#1922,#1924,.T.);
#1922 = VERTEX_POINT('',#1923);
#1923 = CARTESIAN_POINT('',(-121.,55.,4.));
#1924 = SURFACE_CURVE('',#1925,(#1929,#1936),.PCURVE_S1.);
#1925 = LINE('',#1926,#1927);
#1926 = CARTESIAN_POINT('',(-121.,55.,-1.));
#1927 = VECTOR('',#1928,1.);
#1928 = DIRECTION('',(0.,0.,1.));
#1929 = PCURVE('',#845,#1930);
#1930 = DEFINITIONAL_REPRESENTATION('',(#1931),#1935);
#1931 = LINE('',#1932,#1933);
#1932 = CARTESIAN_POINT('',(-0.,0.));
#1933 = VECTOR('',#1934,1.);
#1934 = DIRECTION('',(-0.,1.));
#1935 = ( GEOMETRIC_REPRESENTATION_CONTEXT(2) 
PARAMETRIC_REPRESENTATION_CONTEXT() REPRESENTATION_CONTEXT('2D SPACE',''
  ) );
#1936 = PCURVE('',#817,#1937);
#1937 = DEFINITIONAL_REPRESENTATION('',(#1938),#1942);
#1938 = LINE('',#1939,#1940);
#1939 = CARTESIAN_POINT('',(0.,-122.));
#1940 = VECTOR('',#1941,1.);
#1941 = DIRECTION('',(1.,0.));
#1942 = ( GEOMETRIC_REPRESENTATION_CONTEXT(2) 
PARAMETRIC_REPRESENTATION_CONTEXT() REPRESENTATION_CONTEXT('2D SPACE',''
  ) );
#1943 = ORIENTED_EDGE('',*,*,#828,.F.);
#1944 = ORIENTED_EDGE('',*,*,#1874,.T.);
#1945 = ORIENTED_EDGE('',*,*,#1946,.F.);
#1946 = EDGE_CURVE('',#1922,#1875,#1947,.T.);
#1947 = SURFACE_CURVE('',#1948,(#1953,#1960),.PCURVE_S1.);
#1948 = CIRCLE('',#1949,12.);
#1949 = AXIS2_PLACEMENT_3D('',#1950,#1951,#1952);
#1950 = CARTESIAN_POINT('',(-109.,55.,4.));
#1951 = DIRECTION('',(-0.,-0.,-1.));
#1952 = DIRECTION('',(0.,-1.,0.));
#1953 = PCURVE('',#845,#1954);
#1954 = DEFINITIONAL_REPRESENTATION('',(#1955),#1959);
#1955 = LINE('',#1956,#1957);
#1956 = CARTESIAN_POINT('',(1.570796326795,5.));
#1957 = VECTOR('',#1958,1.);
#1958 = DIRECTION('',(-1.,0.));
#1959 = ( GEOMETRIC_REPRESENTATION_CONTEXT(2) 
PARAMETRIC_REPRESENTATION_CONTEXT() REPRESENTATION_CONTEXT('2D SPACE',''
  ) );
#1960 = PCURVE('',#1678,#1961);
#1961 = DEFINITIONAL_REPRESENTATION('',(#1962),#1970);
#1962 = ( BOUNDED_CURVE() B_SPLINE_CURVE(2,(#1963,#1964,#1965,#1966,
#1967,#1968,#1969),.UNSPECIFIED.,.T.,.F.) B_SPLINE_CURVE_WITH_KNOTS((1,2
    ,2,2,2,1),(-2.094395102393,0.,2.094395102393,4.188790204786,
6.28318530718,8.377580409573),.UNSPECIFIED.) CURVE() 
GEOMETRIC_REPRESENTATION_ITEM() RATIONAL_B_SPLINE_CURVE((1.,0.5,1.,0.5,
1.,0.5,1.)) REPRESENTATION_ITEM('') );
#1963 = CARTESIAN_POINT('',(12.,110.));
#1964 = CARTESIAN_POINT('',(-8.784609690827,110.));
#1965 = CARTESIAN_POINT('',(1.607695154587,128.));
#1966 = CARTESIAN_POINT('',(12.,146.));
#1967 = CARTESIAN_POINT('',(22.392304845413,128.));
#1968 = CARTESIAN_POINT('',(32.784609690827,110.));
#1969 = CARTESIAN_POINT('',(12.,110.));
#1970 = ( GEOMETRIC_REPRESENTATION_CONTEXT(2) 
PARAMETRIC_REPRESENTATION_CONTEXT() REPRESENTATION_CONTEXT('2D SPACE',''
  ) );
#1971 = ADVANCED_FACE('',(#1972),#817,.T.);
#1972 = FACE_BOUND('',#1973,.T.);
#1973 = EDGE_LOOP('',(#1974,#1997,#2018,#2019));
#1974 = ORIENTED_EDGE('',*,*,#1975,.F.);
#1975 = EDGE_CURVE('',#1976,#1922,#1978,.T.);
#1976 = VERTEX_POINT('',#1977);
#1977 = CARTESIAN_POINT('',(-121.,-55.,4.));
#1978 = SURFACE_CURVE('',#1979,(#1983,#1990),.PCURVE_S1.);
#1979 = LINE('',#1980,#1981);
#1980 = CARTESIAN_POINT('',(-121.,-67.,4.));
#1981 = VECTOR('',#1982,1.);
#1982 = DIRECTION('',(-0.,1.,0.));
#1983 = PCURVE('',#817,#1984);
#1984 = DEFINITIONAL_REPRESENTATION('',(#1985),#1989);
#1985 = LINE('',#1986,#1987);
#1986 = CARTESIAN_POINT('',(5.,0.));
#1987 = VECTOR('',#1988,1.);
#1988 = DIRECTION('',(0.,-1.));
#1989 = ( GEOMETRIC_REPRESENTATION_CONTEXT(2) 
PARAMETRIC_REPRESENTATION_CONTEXT() REPRESENTATION_CONTEXT('2D SPACE',''
  ) );
#1990 = PCURVE('',#1678,#1991);
#1991 = DEFINITIONAL_REPRESENTATION('',(#1992),#1996);
#1992 = LINE('',#1993,#1994);
#1993 = CARTESIAN_POINT('',(0.,0.));
#1994 = VECTOR('',#1995,1.);
#1995 = DIRECTION('',(0.,1.));
#1996 = ( GEOMETRIC_REPRESENTATION_CONTEXT(2) 
PARAMETRIC_REPRESENTATION_CONTEXT() REPRESENTATION_CONTEXT('2D SPACE',''
  ) );
#1997 = ORIENTED_EDGE('',*,*,#1998,.F.);
#1998 = EDGE_CURVE('',#774,#1976,#1999,.T.);
#1999 = SURFACE_CURVE('',#2000,(#2004,#2011),.PCURVE_S1.);
#2000 = LINE('',#2001,#2002);
#2001 = CARTESIAN_POINT('',(-121.,-55.,-1.));
#2002 = VECTOR('',#2003,1.);
#2003 = DIRECTION('',(0.,0.,1.));
#2004 = PCURVE('',#817,#2005);
#2005 = DEFINITIONAL_REPRESENTATION('',(#2006),#2010);
#2006 = LINE('',#2007,#2008);
#2007 = CARTESIAN_POINT('',(0.,-12.));
#2008 = VECTOR('',#2009,1.);
#2009 = DIRECTION('',(1.,0.));
#2010 = ( GEOMETRIC_REPRESENTATION_CONTEXT(2) 
PARAMETRIC_REPRESENTATION_CONTEXT() REPRESENTATION_CONTEXT('2D SPACE',''
  ) );
#2011 = PCURVE('',#790,#2012);
#2012 = DEFINITIONAL_REPRESENTATION('',(#2013),#2017);
#2013 = LINE('',#2014,#2015);
#2014 = CARTESIAN_POINT('',(0.,0.));
#2015 = VECTOR('',#2016,1.);
#2016 = DIRECTION('',(0.,1.));
#2017 = ( GEOMETRIC_REPRESENTATION_CONTEXT(2) 
PARAMETRIC_REPRESENTATION_CONTEXT() REPRESENTATION_CONTEXT('2D SPACE',''
  ) );
#2018 = ORIENTED_EDGE('',*,*,#802,.T.);
#2019 = ORIENTED_EDGE('',*,*,#1921,.T.);
#2020 = ADVANCED_FACE('',(#2021),#790,.F.);
#2021 = FACE_BOUND('',#2022,.F.);
#2022 = EDGE_LOOP('',(#2023,#2024,#2025,#2048));
#2023 = ORIENTED_EDGE('',*,*,#1998,.F.);
#2024 = ORIENTED_EDGE('',*,*,#773,.T.);
#2025 = ORIENTED_EDGE('',*,*,#2026,.T.);
#2026 = EDGE_CURVE('',#748,#2027,#2029,.T.);
#2027 = VERTEX_POINT('',#2028);
#2028 = CARTESIAN_POINT('',(-109.,-67.,4.));
#2029 = SURFACE_CURVE('',#2030,(#2034,#2041),.PCURVE_S1.);
#2030 = LINE('',#2031,#2032);
#2031 = CARTESIAN_POINT('',(-109.,-67.,-1.));
#2032 = VECTOR('',#2033,1.);
#2033 = DIRECTION('',(0.,0.,1.));
#2034 = PCURVE('',#790,#2035);
#2035 = DEFINITIONAL_REPRESENTATION('',(#2036),#2040);
#2036 = LINE('',#2037,#2038);
#2037 = CARTESIAN_POINT('',(1.570796326795,0.));
#2038 = VECTOR('',#2039,1.);
#2039 = DIRECTION('',(0.,1.));
#2040 = ( GEOMETRIC_REPRESENTATION_CONTEXT(2) 
PARAMETRIC_REPRESENTATION_CONTEXT() REPRESENTATION_CONTEXT('2D SPACE',''
  ) );
#2041 = PCURVE('',#762,#2042);
#2042 = DEFINITIONAL_REPRESENTATION('',(#2043),#2047);
#2043 = LINE('',#2044,#2045);
#2044 = CARTESIAN_POINT('',(0.,12.));
#2045 = VECTOR('',#2046,1.);
#2046 = DIRECTION('',(1.,0.));
#2047 = ( GEOMETRIC_REPRESENTATION_CONTEXT(2) 
PARAMETRIC_REPRESENTATION_CONTEXT() REPRESENTATION_CONTEXT('2D SPACE',''
  ) );
#2048 = ORIENTED_EDGE('',*,*,#2049,.F.);
#2049 = EDGE_CURVE('',#1976,#2027,#2050,.T.);
#2050 = SURFACE_CURVE('',#2051,(#2056,#2063),.PCURVE_S1.);
#2051 = CIRCLE('',#2052,12.);
#2052 = AXIS2_PLACEMENT_3D('',#2053,#2054,#2055);
#2053 = CARTESIAN_POINT('',(-109.,-55.,4.));
#2054 = DIRECTION('',(0.,0.,1.));
#2055 = DIRECTION('',(0.,-1.,0.));
#2056 = PCURVE('',#790,#2057);
#2057 = DEFINITIONAL_REPRESENTATION('',(#2058),#2062);
#2058 = LINE('',#2059,#2060);
#2059 = CARTESIAN_POINT('',(-4.712388980385,5.));
#2060 = VECTOR('',#2061,1.);
#2061 = DIRECTION('',(1.,0.));
#2062 = ( GEOMETRIC_REPRESENTATION_CONTEXT(2) 
PARAMETRIC_REPRESENTATION_CONTEXT() REPRESENTATION_CONTEXT('2D SPACE',''
  ) );
#2063 = PCURVE('',#1678,#2064);
#2064 = DEFINITIONAL_REPRESENTATION('',(#2065),#2069);
#2065 = CIRCLE('',#2066,12.);
#2066 = AXIS2_PLACEMENT_2D('',#2067,#2068);
#2067 = CARTESIAN_POINT('',(12.,12.));
#2068 = DIRECTION('',(0.,-1.));
#2069 = ( GEOMETRIC_REPRESENTATION_CONTEXT(2) 
PARAMETRIC_REPRESENTATION_CONTEXT() REPRESENTATION_CONTEXT('2D SPACE',''
  ) );
#2070 = ADVANCED_FACE('',(#2071),#762,.T.);
#2071 = FACE_BOUND('',#2072,.T.);
#2072 = EDGE_LOOP('',(#2073,#2074,#2075,#2076));
#2073 = ORIENTED_EDGE('',*,*,#1642,.F.);
#2074 = ORIENTED_EDGE('',*,*,#747,.T.);
#2075 = ORIENTED_EDGE('',*,*,#2026,.T.);
#2076 = ORIENTED_EDGE('',*,*,#2077,.T.);
#2077 = EDGE_CURVE('',#2027,#1643,#2078,.T.);
#2078 = SURFACE_CURVE('',#2079,(#2083,#2090),.PCURVE_S1.);
#2079 = LINE('',#2080,#2081);
#2080 = CARTESIAN_POINT('',(-121.,-67.,4.));
#2081 = VECTOR('',#2082,1.);
#2082 = DIRECTION('',(1.,0.,-0.));
#2083 = PCURVE('',#762,#2084);
#2084 = DEFINITIONAL_REPRESENTATION('',(#2085),#2089);
#2085 = LINE('',#2086,#2087);
#2086 = CARTESIAN_POINT('',(5.,0.));
#2087 = VECTOR('',#2088,1.);
#2088 = DIRECTION('',(0.,1.));
#2089 = ( GEOMETRIC_REPRESENTATION_CONTEXT(2) 
PARAMETRIC_REPRESENTATION_CONTEXT() REPRESENTATION_CONTEXT('2D SPACE',''
  ) );
#2090 = PCURVE('',#1678,#2091);
#2091 = DEFINITIONAL_REPRESENTATION('',(#2092),#2096);
#2092 = LINE('',#2093,#2094);
#2093 = CARTESIAN_POINT('',(0.,0.));
#2094 = VECTOR('',#2095,1.);
#2095 = DIRECTION('',(1.,0.));
#2096 = ( GEOMETRIC_REPRESENTATION_CONTEXT(2) 
PARAMETRIC_REPRESENTATION_CONTEXT() REPRESENTATION_CONTEXT('2D SPACE',''
  ) );
#2097 = ADVANCED_FACE('',(#2098),#709,.F.);
#2098 = FACE_BOUND('',#2099,.F.);
#2099 = EDGE_LOOP('',(#2100,#2126,#2127,#2128));
#2100 = ORIENTED_EDGE('',*,*,#2101,.T.);
#2101 = EDGE_CURVE('',#932,#1543,#2102,.T.);
#2102 = SURFACE_CURVE('',#2103,(#2108,#2119),.PCURVE_S1.);
#2103 = CIRCLE('',#2104,1.01E+03);
#2104 = AXIS2_PLACEMENT_3D('',#2105,#2106,#2107);
#2105 = CARTESIAN_POINT('',(0.,-70.,1.068E+03));
#2106 = DIRECTION('',(0.,-1.,-0.));
#2107 = DIRECTION('',(-0.136,0.,-0.990708837146));
#2108 = PCURVE('',#709,#2109);
#2109 = DEFINITIONAL_REPRESENTATION('',(#2110),#2118);
#2110 = ( BOUNDED_CURVE() B_SPLINE_CURVE(2,(#2111,#2112,#2113,#2114,
#2115,#2116,#2117),.UNSPECIFIED.,.T.,.F.) B_SPLINE_CURVE_WITH_KNOTS((1,2
    ,2,2,2,1),(-2.094395102393,0.,2.094395102393,4.188790204786,
6.28318530718,8.377580409573),.UNSPECIFIED.) CURVE() 
GEOMETRIC_REPRESENTATION_ITEM() RATIONAL_B_SPLINE_CURVE((1.,0.5,1.,0.5,
1.,0.5,1.)) REPRESENTATION_ITEM('') );
#2111 = CARTESIAN_POINT('',(67.384074482122,12.64));
#2112 = CARTESIAN_POINT('',(-170.5304244455,1.74575762186E+03));
#2113 = CARTESIAN_POINT('',(1.449350713295E+03,1.08523881093E+03));
#2114 = CARTESIAN_POINT('',(3.069231851036E+03,424.72));
#2115 = CARTESIAN_POINT('',(1.687265212223E+03,-647.8788109297));
#2116 = CARTESIAN_POINT('',(305.29857340978,-1.72047762186E+03));
#2117 = CARTESIAN_POINT('',(67.384074482122,12.64));
#2118 = ( GEOMETRIC_REPRESENTATION_CONTEXT(2) 
PARAMETRIC_REPRESENTATION_CONTEXT() REPRESENTATION_CONTEXT('2D SPACE',''
  ) );
#2119 = PCURVE('',#1344,#2120);
#2120 = DEFINITIONAL_REPRESENTATION('',(#2121),#2125);
#2121 = LINE('',#2122,#2123);
#2122 = CARTESIAN_POINT('',(0.,1.570796326795));
#2123 = VECTOR('',#2124,1.);
#2124 = DIRECTION('',(1.,0.));
#2125 = ( GEOMETRIC_REPRESENTATION_CONTEXT(2) 
PARAMETRIC_REPRESENTATION_CONTEXT() REPRESENTATION_CONTEXT('2D SPACE',''
  ) );
#2126 = ORIENTED_EDGE('',*,*,#1622,.F.);
#2127 = ORIENTED_EDGE('',*,*,#693,.F.);
#2128 = ORIENTED_EDGE('',*,*,#931,.T.);
#2129 = ADVANCED_FACE('',(#2130),#1114,.T.);
#2130 = FACE_BOUND('',#2131,.T.);
#2131 = EDGE_LOOP('',(#2132,#2133,#2134,#2135));
#2132 = ORIENTED_EDGE('',*,*,#1463,.F.);
#2133 = ORIENTED_EDGE('',*,*,#1197,.T.);
#2134 = ORIENTED_EDGE('',*,*,#1070,.T.);
#2135 = ORIENTED_EDGE('',*,*,#1282,.F.);
#2136 = ADVANCED_FACE('',(#2137),#1265,.F.);
#2137 = FACE_BOUND('',#2138,.F.);
#2138 = EDGE_LOOP('',(#2139,#2168,#2189,#2190));
#2139 = ORIENTED_EDGE('',*,*,#2140,.F.);
#2140 = EDGE_CURVE('',#2141,#2141,#2143,.T.);
#2141 = VERTEX_POINT('',#2142);
#2142 = CARTESIAN_POINT('',(7.,58.5,30.));
#2143 = SURFACE_CURVE('',#2144,(#2149,#2156),.PCURVE_S1.);
#2144 = CIRCLE('',#2145,7.);
#2145 = AXIS2_PLACEMENT_3D('',#2146,#2147,#2148);
#2146 = CARTESIAN_POINT('',(0.,58.5,30.));
#2147 = DIRECTION('',(0.,-1.,2.22044604925E-16));
#2148 = DIRECTION('',(1.,0.,0.));
#2149 = PCURVE('',#1265,#2150);
#2150 = DEFINITIONAL_REPRESENTATION('',(#2151),#2155);
#2151 = LINE('',#2152,#2153);
#2152 = CARTESIAN_POINT('',(0.,11.5));
#2153 = VECTOR('',#2154,1.);
#2154 = DIRECTION('',(1.,0.));
#2155 = ( GEOMETRIC_REPRESENTATION_CONTEXT(2) 
PARAMETRIC_REPRESENTATION_CONTEXT() REPRESENTATION_CONTEXT('2D SPACE',''
  ) );
#2156 = PCURVE('',#2157,#2162);
#2157 = PLANE('',#2158);
#2158 = AXIS2_PLACEMENT_3D('',#2159,#2160,#2161);
#2159 = CARTESIAN_POINT('',(0.,58.5,30.));
#2160 = DIRECTION('',(0.,-1.,2.22044604925E-16));
#2161 = DIRECTION('',(1.,0.,0.));
#2162 = DEFINITIONAL_REPRESENTATION('',(#2163),#2167);
#2163 = CIRCLE('',#2164,7.);
#2164 = AXIS2_PLACEMENT_2D('',#2165,#2166);
#2165 = CARTESIAN_POINT('',(0.,0.));
#2166 = DIRECTION('',(1.,0.));
#2167 = ( GEOMETRIC_REPRESENTATION_CONTEXT(2) 
PARAMETRIC_REPRESENTATION_CONTEXT() REPRESENTATION_CONTEXT('2D SPACE',''
  ) );
#2168 = ORIENTED_EDGE('',*,*,#2169,.F.);
#2169 = EDGE_CURVE('',#1245,#2141,#2170,.T.);
#2170 = SEAM_CURVE('',#2171,(#2175,#2182),.PCURVE_S1.);
#2171 = LINE('',#2172,#2173);
#2172 = CARTESIAN_POINT('',(7.,70.,30.));
#2173 = VECTOR('',#2174,1.);
#2174 = DIRECTION('',(0.,-1.,2.22044604925E-16));
#2175 = PCURVE('',#1265,#2176);
#2176 = DEFINITIONAL_REPRESENTATION('',(#2177),#2181);
#2177 = LINE('',#2178,#2179);
#2178 = CARTESIAN_POINT('',(6.28318530718,-0.));
#2179 = VECTOR('',#2180,1.);
#2180 = DIRECTION('',(0.,1.));
#2181 = ( GEOMETRIC_REPRESENTATION_CONTEXT(2) 
PARAMETRIC_REPRESENTATION_CONTEXT() REPRESENTATION_CONTEXT('2D SPACE',''
  ) );
#2182 = PCURVE('',#1265,#2183);
#2183 = DEFINITIONAL_REPRESENTATION('',(#2184),#2188);
#2184 = LINE('',#2185,#2186);
#2185 = CARTESIAN_POINT('',(0.,-0.));
#2186 = VECTOR('',#2187,1.);
#2187 = DIRECTION('',(0.,1.));
#2188 = ( GEOMETRIC_REPRESENTATION_CONTEXT(2) 
PARAMETRIC_REPRESENTATION_CONTEXT() REPRESENTATION_CONTEXT('2D SPACE',''
  ) );
#2189 = ORIENTED_EDGE('',*,*,#1244,.T.);
#2190 = ORIENTED_EDGE('',*,*,#2169,.T.);
#2191 = ADVANCED_FACE('',(#2192),#1344,.T.);
#2192 = FACE_BOUND('',#2193,.T.);
#2193 = EDGE_LOOP('',(#2194,#2195,#2196,#2197));
#2194 = ORIENTED_EDGE('',*,*,#1428,.F.);
#2195 = ORIENTED_EDGE('',*,*,#2101,.T.);
#2196 = ORIENTED_EDGE('',*,*,#1542,.T.);
#2197 = ORIENTED_EDGE('',*,*,#1327,.F.);
#2198 = ADVANCED_FACE('',(#2199,#2342,#2373),#1678,.F.);
#2199 = FACE_BOUND('',#2200,.F.);
#2200 = EDGE_LOOP('',(#2201,#2202,#2203,#2204,#2205,#2228,#2257,#2285,
    #2318,#2339,#2340,#2341));
#2201 = ORIENTED_EDGE('',*,*,#1975,.F.);
#2202 = ORIENTED_EDGE('',*,*,#2049,.T.);
#2203 = ORIENTED_EDGE('',*,*,#2077,.T.);
#2204 = ORIENTED_EDGE('',*,*,#1663,.F.);
#2205 = ORIENTED_EDGE('',*,*,#2206,.F.);
#2206 = EDGE_CURVE('',#2207,#1664,#2209,.T.);
#2207 = VERTEX_POINT('',#2208);
#2208 = CARTESIAN_POINT('',(-97.,-56.,4.));
#2209 = SURFACE_CURVE('',#2210,(#2214,#2221),.PCURVE_S1.);
#2210 = LINE('',#2211,#2212);
#2211 = CARTESIAN_POINT('',(-107.,-56.,4.));
#2212 = VECTOR('',#2213,1.);
#2213 = DIRECTION('',(1.,0.,-0.));
#2214 = PCURVE('',#1678,#2215);
#2215 = DEFINITIONAL_REPRESENTATION('',(#2216),#2220);
#2216 = LINE('',#2217,#2218);
#2217 = CARTESIAN_POINT('',(14.,11.));
#2218 = VECTOR('',#2219,1.);
#2219 = DIRECTION('',(1.,0.));
#2220 = ( GEOMETRIC_REPRESENTATION_CONTEXT(2) 
PARAMETRIC_REPRESENTATION_CONTEXT() REPRESENTATION_CONTEXT('2D SPACE',''
  ) );
#2221 = PCURVE('',#1704,#2222);
#2222 = DEFINITIONAL_REPRESENTATION('',(#2223),#2227);
#2223 = LINE('',#2224,#2225);
#2224 = CARTESIAN_POINT('',(0.,0.));
#2225 = VECTOR('',#2226,1.);
#2226 = DIRECTION('',(0.,1.));
#2227 = ( GEOMETRIC_REPRESENTATION_CONTEXT(2) 
PARAMETRIC_REPRESENTATION_CONTEXT() REPRESENTATION_CONTEXT('2D SPACE',''
  ) );
#2228 = ORIENTED_EDGE('',*,*,#2229,.F.);
#2229 = EDGE_CURVE('',#2230,#2207,#2232,.T.);
#2230 = VERTEX_POINT('',#2231);
#2231 = CARTESIAN_POINT('',(-107.,-46.,4.));
#2232 = SURFACE_CURVE('',#2233,(#2238,#2245),.PCURVE_S1.);
#2233 = CIRCLE('',#2234,10.);
#2234 = AXIS2_PLACEMENT_3D('',#2235,#2236,#2237);
#2235 = CARTESIAN_POINT('',(-97.,-46.,4.));
#2236 = DIRECTION('',(0.,0.,1.));
#2237 = DIRECTION('',(0.,-1.,0.));
#2238 = PCURVE('',#1678,#2239);
#2239 = DEFINITIONAL_REPRESENTATION('',(#2240),#2244);
#2240 = CIRCLE('',#2241,10.);
#2241 = AXIS2_PLACEMENT_2D('',#2242,#2243);
#2242 = CARTESIAN_POINT('',(24.,21.));
#2243 = DIRECTION('',(0.,-1.));
#2244 = ( GEOMETRIC_REPRESENTATION_CONTEXT(2) 
PARAMETRIC_REPRESENTATION_CONTEXT() REPRESENTATION_CONTEXT('2D SPACE',''
  ) );
#2245 = PCURVE('',#2246,#2251);
#2246 = CYLINDRICAL_SURFACE('',#2247,10.);
#2247 = AXIS2_PLACEMENT_3D('',#2248,#2249,#2250);
#2248 = CARTESIAN_POINT('',(-97.,-46.,4.));
#2249 = DIRECTION('',(0.,0.,1.));
#2250 = DIRECTION('',(-1.,-0.,0.));
#2251 = DEFINITIONAL_REPRESENTATION('',(#2252),#2256);
#2252 = LINE('',#2253,#2254);
#2253 = CARTESIAN_POINT('',(-4.712388980385,0.));
#2254 = VECTOR('',#2255,1.);
#2255 = DIRECTION('',(1.,0.));
#2256 = ( GEOMETRIC_REPRESENTATION_CONTEXT(2) 
PARAMETRIC_REPRESENTATION_CONTEXT() REPRESENTATION_CONTEXT('2D SPACE',''
  ) );
#2257 = ORIENTED_EDGE('',*,*,#2258,.T.);
#2258 = EDGE_CURVE('',#2230,#2259,#2261,.T.);
#2259 = VERTEX_POINT('',#2260);
#2260 = CARTESIAN_POINT('',(-107.,46.,4.));
#2261 = SURFACE_CURVE('',#2262,(#2266,#2273),.PCURVE_S1.);
#2262 = LINE('',#2263,#2264);
#2263 = CARTESIAN_POINT('',(-107.,-56.,4.));
#2264 = VECTOR('',#2265,1.);
#2265 = DIRECTION('',(-0.,1.,0.));
#2266 = PCURVE('',#1678,#2267);
#2267 = DEFINITIONAL_REPRESENTATION('',(#2268),#2272);
#2268 = LINE('',#2269,#2270);
#2269 = CARTESIAN_POINT('',(14.,11.));
#2270 = VECTOR('',#2271,1.);
#2271 = DIRECTION('',(0.,1.));
#2272 = ( GEOMETRIC_REPRESENTATION_CONTEXT(2) 
PARAMETRIC_REPRESENTATION_CONTEXT() REPRESENTATION_CONTEXT('2D SPACE',''
  ) );
#2273 = PCURVE('',#2274,#2279);
#2274 = PLANE('',#2275);
#2275 = AXIS2_PLACEMENT_3D('',#2276,#2277,#2278);
#2276 = CARTESIAN_POINT('',(-107.,-56.,4.));
#2277 = DIRECTION('',(1.,0.,-0.));
#2278 = DIRECTION('',(0.,0.,1.));
#2279 = DEFINITIONAL_REPRESENTATION('',(#2280),#2284);
#2280 = LINE('',#2281,#2282);
#2281 = CARTESIAN_POINT('',(0.,0.));
#2282 = VECTOR('',#2283,1.);
#2283 = DIRECTION('',(0.,-1.));
#2284 = ( GEOMETRIC_REPRESENTATION_CONTEXT(2) 
PARAMETRIC_REPRESENTATION_CONTEXT() REPRESENTATION_CONTEXT('2D SPACE',''
  ) );
#2285 = ORIENTED_EDGE('',*,*,#2286,.T.);
#2286 = EDGE_CURVE('',#2259,#2287,#2289,.T.);
#2287 = VERTEX_POINT('',#2288);
#2288 = CARTESIAN_POINT('',(-97.,56.,4.));
#2289 = SURFACE_CURVE('',#2290,(#2295,#2306),.PCURVE_S1.);
#2290 = CIRCLE('',#2291,10.);
#2291 = AXIS2_PLACEMENT_3D('',#2292,#2293,#2294);
#2292 = CARTESIAN_POINT('',(-97.,46.,4.));
#2293 = DIRECTION('',(-0.,-0.,-1.));
#2294 = DIRECTION('',(0.,-1.,0.));
#2295 = PCURVE('',#1678,#2296);
#2296 = DEFINITIONAL_REPRESENTATION('',(#2297),#2305);
#2297 = ( BOUNDED_CURVE() B_SPLINE_CURVE(2,(#2298,#2299,#2300,#2301,
#2302,#2303,#2304),.UNSPECIFIED.,.T.,.F.) B_SPLINE_CURVE_WITH_KNOTS((1,2
    ,2,2,2,1),(-2.094395102393,0.,2.094395102393,4.188790204786,
6.28318530718,8.377580409573),.UNSPECIFIED.) CURVE() 
GEOMETRIC_REPRESENTATION_ITEM() RATIONAL_B_SPLINE_CURVE((1.,0.5,1.,0.5,
1.,0.5,1.)) REPRESENTATION_ITEM('') );
#2298 = CARTESIAN_POINT('',(24.,103.));
#2299 = CARTESIAN_POINT('',(6.679491924311,103.));
#2300 = CARTESIAN_POINT('',(15.339745962156,118.));
#2301 = CARTESIAN_POINT('',(24.,133.));
#2302 = CARTESIAN_POINT('',(32.660254037844,118.));
#2303 = CARTESIAN_POINT('',(41.320508075689,103.));
#2304 = CARTESIAN_POINT('',(24.,103.));
#2305 = ( GEOMETRIC_REPRESENTATION_CONTEXT(2) 
PARAMETRIC_REPRESENTATION_CONTEXT() REPRESENTATION_CONTEXT('2D SPACE',''
  ) );
#2306 = PCURVE('',#2307,#2312);
#2307 = CYLINDRICAL_SURFACE('',#2308,10.);
#2308 = AXIS2_PLACEMENT_3D('',#2309,#2310,#2311);
#2309 = CARTESIAN_POINT('',(-97.,46.,4.));
#2310 = DIRECTION('',(0.,0.,1.));
#2311 = DIRECTION('',(-1.,-0.,0.));
#2312 = DEFINITIONAL_REPRESENTATION('',(#2313),#2317);
#2313 = LINE('',#2314,#2315);
#2314 = CARTESIAN_POINT('',(1.570796326795,-0.));
#2315 = VECTOR('',#2316,1.);
#2316 = DIRECTION('',(-1.,0.));
#2317 = ( GEOMETRIC_REPRESENTATION_CONTEXT(2) 
PARAMETRIC_REPRESENTATION_CONTEXT() REPRESENTATION_CONTEXT('2D SPACE',''
  ) );
#2318 = ORIENTED_EDGE('',*,*,#2319,.T.);
#2319 = EDGE_CURVE('',#2287,#1742,#2320,.T.);
#2320 = SURFACE_CURVE('',#2321,(#2325,#2332),.PCURVE_S1.);
#2321 = LINE('',#2322,#2323);
#2322 = CARTESIAN_POINT('',(-107.,56.,4.));
#2323 = VECTOR('',#2324,1.);
#2324 = DIRECTION('',(1.,0.,-0.));
#2325 = PCURVE('',#1678,#2326);
#2326 = DEFINITIONAL_REPRESENTATION('',(#2327),#2331);
#2327 = LINE('',#2328,#2329);
#2328 = CARTESIAN_POINT('',(14.,123.));
#2329 = VECTOR('',#2330,1.);
#2330 = DIRECTION('',(1.,0.));
#2331 = ( GEOMETRIC_REPRESENTATION_CONTEXT(2) 
PARAMETRIC_REPRESENTATION_CONTEXT() REPRESENTATION_CONTEXT('2D SPACE',''
  ) );
#2332 = PCURVE('',#1756,#2333);
#2333 = DEFINITIONAL_REPRESENTATION('',(#2334),#2338);
#2334 = LINE('',#2335,#2336);
#2335 = CARTESIAN_POINT('',(0.,0.));
#2336 = VECTOR('',#2337,1.);
#2337 = DIRECTION('',(0.,1.));
#2338 = ( GEOMETRIC_REPRESENTATION_CONTEXT(2) 
PARAMETRIC_REPRESENTATION_CONTEXT() REPRESENTATION_CONTEXT('2D SPACE',''
  ) );
#2339 = ORIENTED_EDGE('',*,*,#1767,.F.);
#2340 = ORIENTED_EDGE('',*,*,#1897,.F.);
#2341 = ORIENTED_EDGE('',*,*,#1946,.F.);
#2342 = FACE_BOUND('',#2343,.F.);
#2343 = EDGE_LOOP('',(#2344));
#2344 = ORIENTED_EDGE('',*,*,#2345,.F.);
#2345 = EDGE_CURVE('',#2346,#2346,#2348,.T.);
#2346 = VERTEX_POINT('',#2347);
#2347 = CARTESIAN_POINT('',(-102.25,-61.,4.));
#2348 = SURFACE_CURVE('',#2349,(#2354,#2361),.PCURVE_S1.);
#2349 = CIRCLE('',#2350,2.75);
#2350 = AXIS2_PLACEMENT_3D('',#2351,#2352,#2353);
#2351 = CARTESIAN_POINT('',(-105.,-61.,4.));
#2352 = DIRECTION('',(0.,0.,1.));
#2353 = DIRECTION('',(1.,0.,-0.));
#2354 = PCURVE('',#1678,#2355);
#2355 = DEFINITIONAL_REPRESENTATION('',(#2356),#2360);
#2356 = CIRCLE('',#2357,2.75);
#2357 = AXIS2_PLACEMENT_2D('',#2358,#2359);
#2358 = CARTESIAN_POINT('',(16.,6.));
#2359 = DIRECTION('',(1.,0.));
#2360 = ( GEOMETRIC_REPRESENTATION_CONTEXT(2) 
PARAMETRIC_REPRESENTATION_CONTEXT() REPRESENTATION_CONTEXT('2D SPACE',''
  ) );
#2361 = PCURVE('',#2362,#2367);
#2362 = CYLINDRICAL_SURFACE('',#2363,2.75);
#2363 = AXIS2_PLACEMENT_3D('',#2364,#2365,#2366);
#2364 = CARTESIAN_POINT('',(-105.,-61.,4.));
#2365 = DIRECTION('',(0.,0.,1.));
#2366 = DIRECTION('',(1.,0.,-0.));
#2367 = DEFINITIONAL_REPRESENTATION('',(#2368),#2372);
#2368 = LINE('',#2369,#2370);
#2369 = CARTESIAN_POINT('',(0.,0.));
#2370 = VECTOR('',#2371,1.);
#2371 = DIRECTION('',(1.,0.));
#2372 = ( GEOMETRIC_REPRESENTATION_CONTEXT(2) 
PARAMETRIC_REPRESENTATION_CONTEXT() REPRESENTATION_CONTEXT('2D SPACE',''
  ) );
#2373 = FACE_BOUND('',#2374,.F.);
#2374 = EDGE_LOOP('',(#2375));
#2375 = ORIENTED_EDGE('',*,*,#2376,.F.);
#2376 = EDGE_CURVE('',#2377,#2377,#2379,.T.);
#2377 = VERTEX_POINT('',#2378);
#2378 = CARTESIAN_POINT('',(-102.25,61.,4.));
#2379 = SURFACE_CURVE('',#2380,(#2385,#2392),.PCURVE_S1.);
#2380 = CIRCLE('',#2381,2.75);
#2381 = AXIS2_PLACEMENT_3D('',#2382,#2383,#2384);
#2382 = CARTESIAN_POINT('',(-105.,61.,4.));
#2383 = DIRECTION('',(0.,0.,1.));
#2384 = DIRECTION('',(1.,0.,-0.));
#2385 = PCURVE('',#1678,#2386);
#2386 = DEFINITIONAL_REPRESENTATION('',(#2387),#2391);
#2387 = CIRCLE('',#2388,2.75);
#2388 = AXIS2_PLACEMENT_2D('',#2389,#2390);
#2389 = CARTESIAN_POINT('',(16.,128.));
#2390 = DIRECTION('',(1.,0.));
#2391 = ( GEOMETRIC_REPRESENTATION_CONTEXT(2) 
PARAMETRIC_REPRESENTATION_CONTEXT() REPRESENTATION_CONTEXT('2D SPACE',''
  ) );
#2392 = PCURVE('',#2393,#2398);
#2393 = CYLINDRICAL_SURFACE('',#2394,2.75);
#2394 = AXIS2_PLACEMENT_3D('',#2395,#2396,#2397);
#2395 = CARTESIAN_POINT('',(-105.,61.,4.));
#2396 = DIRECTION('',(0.,0.,1.));
#2397 = DIRECTION('',(1.,0.,-0.));
#2398 = DEFINITIONAL_REPRESENTATION('',(#2399),#2403);
#2399 = LINE('',#2400,#2401);
#2400 = CARTESIAN_POINT('',(0.,0.));
#2401 = VECTOR('',#2402,1.);
#2402 = DIRECTION('',(1.,0.));
#2403 = ( GEOMETRIC_REPRESENTATION_CONTEXT(2) 
PARAMETRIC_REPRESENTATION_CONTEXT() REPRESENTATION_CONTEXT('2D SPACE',''
  ) );
#2404 = ADVANCED_FACE('',(#2405,#2453),#1756,.F.);
#2405 = FACE_BOUND('',#2406,.F.);
#2406 = EDGE_LOOP('',(#2407,#2408,#2431,#2452));
#2407 = ORIENTED_EDGE('',*,*,#2319,.F.);
#2408 = ORIENTED_EDGE('',*,*,#2409,.T.);
#2409 = EDGE_CURVE('',#2287,#2410,#2412,.T.);
#2410 = VERTEX_POINT('',#2411);
#2411 = CARTESIAN_POINT('',(-97.,56.,53.));
#2412 = SURFACE_CURVE('',#2413,(#2417,#2424),.PCURVE_S1.);
#2413 = LINE('',#2414,#2415);
#2414 = CARTESIAN_POINT('',(-97.,56.,4.));
#2415 = VECTOR('',#2416,1.);
#2416 = DIRECTION('',(0.,0.,1.));
#2417 = PCURVE('',#1756,#2418);
#2418 = DEFINITIONAL_REPRESENTATION('',(#2419),#2423);
#2419 = LINE('',#2420,#2421);
#2420 = CARTESIAN_POINT('',(0.,10.));
#2421 = VECTOR('',#2422,1.);
#2422 = DIRECTION('',(1.,0.));
#2423 = ( GEOMETRIC_REPRESENTATION_CONTEXT(2) 
PARAMETRIC_REPRESENTATION_CONTEXT() REPRESENTATION_CONTEXT('2D SPACE',''
  ) );
#2424 = PCURVE('',#2307,#2425);
#2425 = DEFINITIONAL_REPRESENTATION('',(#2426),#2430);
#2426 = LINE('',#2427,#2428);
#2427 = CARTESIAN_POINT('',(-1.570796326795,0.));
#2428 = VECTOR('',#2429,1.);
#2429 = DIRECTION('',(-0.,1.));
#2430 = ( GEOMETRIC_REPRESENTATION_CONTEXT(2) 
PARAMETRIC_REPRESENTATION_CONTEXT() REPRESENTATION_CONTEXT('2D SPACE',''
  ) );
#2431 = ORIENTED_EDGE('',*,*,#2432,.T.);
#2432 = EDGE_CURVE('',#2410,#1716,#2433,.T.);
#2433 = SURFACE_CURVE('',#2434,(#2438,#2445),.PCURVE_S1.);
#2434 = LINE('',#2435,#2436);
#2435 = CARTESIAN_POINT('',(-107.,56.,53.));
#2436 = VECTOR('',#2437,1.);
#2437 = DIRECTION('',(1.,0.,-0.));
#2438 = PCURVE('',#1756,#2439);
#2439 = DEFINITIONAL_REPRESENTATION('',(#2440),#2444);
#2440 = LINE('',#2441,#2442);
#2441 = CARTESIAN_POINT('',(49.,0.));
#2442 = VECTOR('',#2443,1.);
#2443 = DIRECTION('',(0.,1.));
#2444 = ( GEOMETRIC_REPRESENTATION_CONTEXT(2) 
PARAMETRIC_REPRESENTATION_CONTEXT() REPRESENTATION_CONTEXT('2D SPACE',''
  ) );
#2445 = PCURVE('',#1730,#2446);
#2446 = DEFINITIONAL_REPRESENTATION('',(#2447),#2451);
#2447 = LINE('',#2448,#2449);
#2448 = CARTESIAN_POINT('',(0.,112.));
#2449 = VECTOR('',#2450,1.);
#2450 = DIRECTION('',(1.,0.));
#2451 = ( GEOMETRIC_REPRESENTATION_CONTEXT(2) 
PARAMETRIC_REPRESENTATION_CONTEXT() REPRESENTATION_CONTEXT('2D SPACE',''
  ) );
#2452 = ORIENTED_EDGE('',*,*,#1741,.F.);
#2453 = FACE_BOUND('',#2454,.F.);
#2454 = EDGE_LOOP('',(#2455));
#2455 = ORIENTED_EDGE('',*,*,#2456,.T.);
#2456 = EDGE_CURVE('',#2457,#2457,#2459,.T.);
#2457 = VERTEX_POINT('',#2458);
#2458 = CARTESIAN_POINT('',(4.,56.,30.));
#2459 = SURFACE_CURVE('',#2460,(#2465,#2476),.PCURVE_S1.);
#2460 = CIRCLE('',#2461,4.);
#2461 = AXIS2_PLACEMENT_3D('',#2462,#2463,#2464);
#2462 = CARTESIAN_POINT('',(0.,56.,30.));
#2463 = DIRECTION('',(0.,-1.,2.22044604925E-16));
#2464 = DIRECTION('',(1.,0.,0.));
#2465 = PCURVE('',#1756,#2466);
#2466 = DEFINITIONAL_REPRESENTATION('',(#2467),#2475);
#2467 = ( BOUNDED_CURVE() B_SPLINE_CURVE(2,(#2468,#2469,#2470,#2471,
#2472,#2473,#2474),.UNSPECIFIED.,.T.,.F.) B_SPLINE_CURVE_WITH_KNOTS((1,2
    ,2,2,2,1),(-2.094395102393,0.,2.094395102393,4.188790204786,
6.28318530718,8.377580409573),.UNSPECIFIED.) CURVE() 
GEOMETRIC_REPRESENTATION_ITEM() RATIONAL_B_SPLINE_CURVE((1.,0.5,1.,0.5,
1.,0.5,1.)) REPRESENTATION_ITEM('') );
#2468 = CARTESIAN_POINT('',(26.,111.));
#2469 = CARTESIAN_POINT('',(32.928203230276,111.));
#2470 = CARTESIAN_POINT('',(29.464101615138,105.));
#2471 = CARTESIAN_POINT('',(26.,99.));
#2472 = CARTESIAN_POINT('',(22.535898384862,105.));
#2473 = CARTESIAN_POINT('',(19.071796769724,111.));
#2474 = CARTESIAN_POINT('',(26.,111.));
#2475 = ( GEOMETRIC_REPRESENTATION_CONTEXT(2) 
PARAMETRIC_REPRESENTATION_CONTEXT() REPRESENTATION_CONTEXT('2D SPACE',''
  ) );
#2476 = PCURVE('',#2477,#2482);
#2477 = CYLINDRICAL_SURFACE('',#2478,4.);
#2478 = AXIS2_PLACEMENT_3D('',#2479,#2480,#2481);
#2479 = CARTESIAN_POINT('',(0.,76.,30.));
#2480 = DIRECTION('',(0.,-1.,2.22044604925E-16));
#2481 = DIRECTION('',(1.,0.,0.));
#2482 = DEFINITIONAL_REPRESENTATION('',(#2483),#2487);
#2483 = LINE('',#2484,#2485);
#2484 = CARTESIAN_POINT('',(0.,20.));
#2485 = VECTOR('',#2486,1.);
#2486 = DIRECTION('',(1.,0.));
#2487 = ( GEOMETRIC_REPRESENTATION_CONTEXT(2) 
PARAMETRIC_REPRESENTATION_CONTEXT() REPRESENTATION_CONTEXT('2D SPACE',''
  ) );
#2488 = ADVANCED_FACE('',(#2489,#2589,#2620,#2651,#2682),#1730,.F.);
#2489 = FACE_BOUND('',#2490,.F.);
#2490 = EDGE_LOOP('',(#2491,#2516,#2540,#2561,#2562,#2563));
#2491 = ORIENTED_EDGE('',*,*,#2492,.F.);
#2492 = EDGE_CURVE('',#2493,#2495,#2497,.T.);
#2493 = VERTEX_POINT('',#2494);
#2494 = CARTESIAN_POINT('',(-107.,-46.,53.));
#2495 = VERTEX_POINT('',#2496);
#2496 = CARTESIAN_POINT('',(-107.,46.,53.));
#2497 = SURFACE_CURVE('',#2498,(#2502,#2509),.PCURVE_S1.);
#2498 = LINE('',#2499,#2500);
#2499 = CARTESIAN_POINT('',(-107.,-56.,53.));
#2500 = VECTOR('',#2501,1.);
#2501 = DIRECTION('',(-0.,1.,0.));
#2502 = PCURVE('',#1730,#2503);
#2503 = DEFINITIONAL_REPRESENTATION('',(#2504),#2508);
#2504 = LINE('',#2505,#2506);
#2505 = CARTESIAN_POINT('',(0.,0.));
#2506 = VECTOR('',#2507,1.);
#2507 = DIRECTION('',(0.,1.));
#2508 = ( GEOMETRIC_REPRESENTATION_CONTEXT(2) 
PARAMETRIC_REPRESENTATION_CONTEXT() REPRESENTATION_CONTEXT('2D SPACE',''
  ) );
#2509 = PCURVE('',#2274,#2510);
#2510 = DEFINITIONAL_REPRESENTATION('',(#2511),#2515);
#2511 = LINE('',#2512,#2513);
#2512 = CARTESIAN_POINT('',(49.,0.));
#2513 = VECTOR('',#2514,1.);
#2514 = DIRECTION('',(0.,-1.));
#2515 = ( GEOMETRIC_REPRESENTATION_CONTEXT(2) 
PARAMETRIC_REPRESENTATION_CONTEXT() REPRESENTATION_CONTEXT('2D SPACE',''
  ) );
#2516 = ORIENTED_EDGE('',*,*,#2517,.T.);
#2517 = EDGE_CURVE('',#2493,#2518,#2520,.T.);
#2518 = VERTEX_POINT('',#2519);
#2519 = CARTESIAN_POINT('',(-97.,-56.,53.));
#2520 = SURFACE_CURVE('',#2521,(#2526,#2533),.PCURVE_S1.);
#2521 = CIRCLE('',#2522,10.);
#2522 = AXIS2_PLACEMENT_3D('',#2523,#2524,#2525);
#2523 = CARTESIAN_POINT('',(-97.,-46.,53.));
#2524 = DIRECTION('',(0.,0.,1.));
#2525 = DIRECTION('',(0.,-1.,0.));
#2526 = PCURVE('',#1730,#2527);
#2527 = DEFINITIONAL_REPRESENTATION('',(#2528),#2532);
#2528 = CIRCLE('',#2529,10.);
#2529 = AXIS2_PLACEMENT_2D('',#2530,#2531);
#2530 = CARTESIAN_POINT('',(10.,10.));
#2531 = DIRECTION('',(0.,-1.));
#2532 = ( GEOMETRIC_REPRESENTATION_CONTEXT(2) 
PARAMETRIC_REPRESENTATION_CONTEXT() REPRESENTATION_CONTEXT('2D SPACE',''
  ) );
#2533 = PCURVE('',#2246,#2534);
#2534 = DEFINITIONAL_REPRESENTATION('',(#2535),#2539);
#2535 = LINE('',#2536,#2537);
#2536 = CARTESIAN_POINT('',(-4.712388980385,49.));
#2537 = VECTOR('',#2538,1.);
#2538 = DIRECTION('',(1.,0.));
#2539 = ( GEOMETRIC_REPRESENTATION_CONTEXT(2) 
PARAMETRIC_REPRESENTATION_CONTEXT() REPRESENTATION_CONTEXT('2D SPACE',''
  ) );
#2540 = ORIENTED_EDGE('',*,*,#2541,.T.);
#2541 = EDGE_CURVE('',#2518,#1690,#2542,.T.);
#2542 = SURFACE_CURVE('',#2543,(#2547,#2554),.PCURVE_S1.);
#2543 = LINE('',#2544,#2545);
#2544 = CARTESIAN_POINT('',(-107.,-56.,53.));
#2545 = VECTOR('',#2546,1.);
#2546 = DIRECTION('',(1.,0.,-0.));
#2547 = PCURVE('',#1730,#2548);
#2548 = DEFINITIONAL_REPRESENTATION('',(#2549),#2553);
#2549 = LINE('',#2550,#2551);
#2550 = CARTESIAN_POINT('',(0.,0.));
#2551 = VECTOR('',#2552,1.);
#2552 = DIRECTION('',(1.,0.));
#2553 = ( GEOMETRIC_REPRESENTATION_CONTEXT(2) 
PARAMETRIC_REPRESENTATION_CONTEXT() REPRESENTATION_CONTEXT('2D SPACE',''
  ) );
#2554 = PCURVE('',#1704,#2555);
#2555 = DEFINITIONAL_REPRESENTATION('',(#2556),#2560);
#2556 = LINE('',#2557,#2558);
#2557 = CARTESIAN_POINT('',(49.,0.));
#2558 = VECTOR('',#2559,1.);
#2559 = DIRECTION('',(0.,1.));
#2560 = ( GEOMETRIC_REPRESENTATION_CONTEXT(2) 
PARAMETRIC_REPRESENTATION_CONTEXT() REPRESENTATION_CONTEXT('2D SPACE',''
  ) );
#2561 = ORIENTED_EDGE('',*,*,#1715,.F.);
#2562 = ORIENTED_EDGE('',*,*,#2432,.F.);
#2563 = ORIENTED_EDGE('',*,*,#2564,.F.);
#2564 = EDGE_CURVE('',#2495,#2410,#2565,.T.);
#2565 = SURFACE_CURVE('',#2566,(#2571,#2582),.PCURVE_S1.);
#2566 = CIRCLE('',#2567,10.);
#2567 = AXIS2_PLACEMENT_3D('',#2568,#2569,#2570);
#2568 = CARTESIAN_POINT('',(-97.,46.,53.));
#2569 = DIRECTION('',(-0.,-0.,-1.));
#2570 = DIRECTION('',(0.,-1.,0.));
#2571 = PCURVE('',#1730,#2572);
#2572 = DEFINITIONAL_REPRESENTATION('',(#2573),#2581);
#2573 = ( BOUNDED_CURVE() B_SPLINE_CURVE(2,(#2574,#2575,#2576,#2577,
#2578,#2579,#2580),.UNSPECIFIED.,.T.,.F.) B_SPLINE_CURVE_WITH_KNOTS((1,2
    ,2,2,2,1),(-2.094395102393,0.,2.094395102393,4.188790204786,
6.28318530718,8.377580409573),.UNSPECIFIED.) CURVE() 
GEOMETRIC_REPRESENTATION_ITEM() RATIONAL_B_SPLINE_CURVE((1.,0.5,1.,0.5,
1.,0.5,1.)) REPRESENTATION_ITEM('') );
#2574 = CARTESIAN_POINT('',(10.,92.));
#2575 = CARTESIAN_POINT('',(-7.320508075689,92.));
#2576 = CARTESIAN_POINT('',(1.339745962156,107.));
#2577 = CARTESIAN_POINT('',(10.,122.));
#2578 = CARTESIAN_POINT('',(18.660254037844,107.));
#2579 = CARTESIAN_POINT('',(27.320508075689,92.));
#2580 = CARTESIAN_POINT('',(10.,92.));
#2581 = ( GEOMETRIC_REPRESENTATION_CONTEXT(2) 
PARAMETRIC_REPRESENTATION_CONTEXT() REPRESENTATION_CONTEXT('2D SPACE',''
  ) );
#2582 = PCURVE('',#2307,#2583);
#2583 = DEFINITIONAL_REPRESENTATION('',(#2584),#2588);
#2584 = LINE('',#2585,#2586);
#2585 = CARTESIAN_POINT('',(1.570796326795,49.));
#2586 = VECTOR('',#2587,1.);
#2587 = DIRECTION('',(-1.,0.));
#2588 = ( GEOMETRIC_REPRESENTATION_CONTEXT(2) 
PARAMETRIC_REPRESENTATION_CONTEXT() REPRESENTATION_CONTEXT('2D SPACE',''
  ) );
#2589 = FACE_BOUND('',#2590,.F.);
#2590 = EDGE_LOOP('',(#2591));
#2591 = ORIENTED_EDGE('',*,*,#2592,.F.);
#2592 = EDGE_CURVE('',#2593,#2593,#2595,.T.);
#2593 = VERTEX_POINT('',#2594);
#2594 = CARTESIAN_POINT('',(-72.,-42.,53.));
#2595 = SURFACE_CURVE('',#2596,(#2601,#2608),.PCURVE_S1.);
#2596 = CIRCLE('',#2597,3.);
#2597 = AXIS2_PLACEMENT_3D('',#2598,#2599,#2600);
#2598 = CARTESIAN_POINT('',(-75.,-42.,53.));
#2599 = DIRECTION('',(0.,0.,1.));
#2600 = DIRECTION('',(1.,0.,-0.));
#2601 = PCURVE('',#1730,#2602);
#2602 = DEFINITIONAL_REPRESENTATION('',(#2603),#2607);
#2603 = CIRCLE('',#2604,3.);
#2604 = AXIS2_PLACEMENT_2D('',#2605,#2606);
#2605 = CARTESIAN_POINT('',(32.,14.));
#2606 = DIRECTION('',(1.,0.));
#2607 = ( GEOMETRIC_REPRESENTATION_CONTEXT(2) 
PARAMETRIC_REPRESENTATION_CONTEXT() REPRESENTATION_CONTEXT('2D SPACE',''
  ) );
#2608 = PCURVE('',#2609,#2614);
#2609 = CYLINDRICAL_SURFACE('',#2610,3.);
#2610 = AXIS2_PLACEMENT_3D('',#2611,#2612,#2613);
#2611 = CARTESIAN_POINT('',(-75.,-42.,52.5));
#2612 = DIRECTION('',(0.,0.,1.));
#2613 = DIRECTION('',(1.,0.,-0.));
#2614 = DEFINITIONAL_REPRESENTATION('',(#2615),#2619);
#2615 = LINE('',#2616,#2617);
#2616 = CARTESIAN_POINT('',(0.,0.5));
#2617 = VECTOR('',#2618,1.);
#2618 = DIRECTION('',(1.,0.));
#2619 = ( GEOMETRIC_REPRESENTATION_CONTEXT(2) 
PARAMETRIC_REPRESENTATION_CONTEXT() REPRESENTATION_CONTEXT('2D SPACE',''
  ) );
#2620 = FACE_BOUND('',#2621,.F.);
#2621 = EDGE_LOOP('',(#2622));
#2622 = ORIENTED_EDGE('',*,*,#2623,.F.);
#2623 = EDGE_CURVE('',#2624,#2624,#2626,.T.);
#2624 = VERTEX_POINT('',#2625);
#2625 = CARTESIAN_POINT('',(63.,-42.,53.));
#2626 = SURFACE_CURVE('',#2627,(#2632,#2639),.PCURVE_S1.);
#2627 = CIRCLE('',#2628,3.);
#2628 = AXIS2_PLACEMENT_3D('',#2629,#2630,#2631);
#2629 = CARTESIAN_POINT('',(60.,-42.,53.));
#2630 = DIRECTION('',(0.,0.,1.));
#2631 = DIRECTION('',(1.,0.,-0.));
#2632 = PCURVE('',#1730,#2633);
#2633 = DEFINITIONAL_REPRESENTATION('',(#2634),#2638);
#2634 = CIRCLE('',#2635,3.);
#2635 = AXIS2_PLACEMENT_2D('',#2636,#2637);
#2636 = CARTESIAN_POINT('',(167.,14.));
#2637 = DIRECTION('',(1.,0.));
#2638 = ( GEOMETRIC_REPRESENTATION_CONTEXT(2) 
PARAMETRIC_REPRESENTATION_CONTEXT() REPRESENTATION_CONTEXT('2D SPACE',''
  ) );
#2639 = PCURVE('',#2640,#2645);
#2640 = CYLINDRICAL_SURFACE('',#2641,3.);
#2641 = AXIS2_PLACEMENT_3D('',#2642,#2643,#2644);
#2642 = CARTESIAN_POINT('',(60.,-42.,52.5));
#2643 = DIRECTION('',(0.,0.,1.));
#2644 = DIRECTION('',(1.,0.,-0.));
#2645 = DEFINITIONAL_REPRESENTATION('',(#2646),#2650);
#2646 = LINE('',#2647,#2648);
#2647 = CARTESIAN_POINT('',(0.,0.5));
#2648 = VECTOR('',#2649,1.);
#2649 = DIRECTION('',(1.,0.));
#2650 = ( GEOMETRIC_REPRESENTATION_CONTEXT(2) 
PARAMETRIC_REPRESENTATION_CONTEXT() REPRESENTATION_CONTEXT('2D SPACE',''
  ) );
#2651 = FACE_BOUND('',#2652,.F.);
#2652 = EDGE_LOOP('',(#2653));
#2653 = ORIENTED_EDGE('',*,*,#2654,.F.);
#2654 = EDGE_CURVE('',#2655,#2655,#2657,.T.);
#2655 = VERTEX_POINT('',#2656);
#2656 = CARTESIAN_POINT('',(-72.,42.,53.));
#2657 = SURFACE_CURVE('',#2658,(#2663,#2670),.PCURVE_S1.);
#2658 = CIRCLE('',#2659,3.);
#2659 = AXIS2_PLACEMENT_3D('',#2660,#2661,#2662);
#2660 = CARTESIAN_POINT('',(-75.,42.,53.));
#2661 = DIRECTION('',(0.,0.,1.));
#2662 = DIRECTION('',(1.,0.,-0.));
#2663 = PCURVE('',#1730,#2664);
#2664 = DEFINITIONAL_REPRESENTATION('',(#2665),#2669);
#2665 = CIRCLE('',#2666,3.);
#2666 = AXIS2_PLACEMENT_2D('',#2667,#2668);
#2667 = CARTESIAN_POINT('',(32.,98.));
#2668 = DIRECTION('',(1.,0.));
#2669 = ( GEOMETRIC_REPRESENTATION_CONTEXT(2) 
PARAMETRIC_REPRESENTATION_CONTEXT() REPRESENTATION_CONTEXT('2D SPACE',''
  ) );
#2670 = PCURVE('',#2671,#2676);
#2671 = CYLINDRICAL_SURFACE('',#2672,3.);
#2672 = AXIS2_PLACEMENT_3D('',#2673,#2674,#2675);
#2673 = CARTESIAN_POINT('',(-75.,42.,52.5));
#2674 = DIRECTION('',(0.,0.,1.));
#2675 = DIRECTION('',(1.,0.,-0.));
#2676 = DEFINITIONAL_REPRESENTATION('',(#2677),#2681);
#2677 = LINE('',#2678,#2679);
#2678 = CARTESIAN_POINT('',(0.,0.5));
#2679 = VECTOR('',#2680,1.);
#2680 = DIRECTION('',(1.,0.));
#2681 = ( GEOMETRIC_REPRESENTATION_CONTEXT(2) 
PARAMETRIC_REPRESENTATION_CONTEXT() REPRESENTATION_CONTEXT('2D SPACE',''
  ) );
#2682 = FACE_BOUND('',#2683,.F.);
#2683 = EDGE_LOOP('',(#2684));
#2684 = ORIENTED_EDGE('',*,*,#2685,.F.);
#2685 = EDGE_CURVE('',#2686,#2686,#2688,.T.);
#2686 = VERTEX_POINT('',#2687);
#2687 = CARTESIAN_POINT('',(63.,42.,53.));
#2688 = SURFACE_CURVE('',#2689,(#2694,#2701),.PCURVE_S1.);
#2689 = CIRCLE('',#2690,3.);
#2690 = AXIS2_PLACEMENT_3D('',#2691,#2692,#2693);
#2691 = CARTESIAN_POINT('',(60.,42.,53.));
#2692 = DIRECTION('',(0.,0.,1.));
#2693 = DIRECTION('',(1.,0.,-0.));
#2694 = PCURVE('',#1730,#2695);
#2695 = DEFINITIONAL_REPRESENTATION('',(#2696),#2700);
#2696 = CIRCLE('',#2697,3.);
#2697 = AXIS2_PLACEMENT_2D('',#2698,#2699);
#2698 = CARTESIAN_POINT('',(167.,98.));
#2699 = DIRECTION('',(1.,0.));
#2700 = ( GEOMETRIC_REPRESENTATION_CONTEXT(2) 
PARAMETRIC_REPRESENTATION_CONTEXT() REPRESENTATION_CONTEXT('2D SPACE',''
  ) );
#2701 = PCURVE('',#2702,#2707);
#2702 = CYLINDRICAL_SURFACE('',#2703,3.);
#2703 = AXIS2_PLACEMENT_3D('',#2704,#2705,#2706);
#2704 = CARTESIAN_POINT('',(60.,42.,52.5));
#2705 = DIRECTION('',(0.,0.,1.));
#2706 = DIRECTION('',(1.,0.,-0.));
#2707 = DEFINITIONAL_REPRESENTATION('',(#2708),#2712);
#2708 = LINE('',#2709,#2710);
#2709 = CARTESIAN_POINT('',(0.,0.5));
#2710 = VECTOR('',#2711,1.);
#2711 = DIRECTION('',(1.,0.));
#2712 = ( GEOMETRIC_REPRESENTATION_CONTEXT(2) 
PARAMETRIC_REPRESENTATION_CONTEXT() REPRESENTATION_CONTEXT('2D SPACE',''
  ) );
#2713 = ADVANCED_FACE('',(#2714),#1704,.T.);
#2714 = FACE_BOUND('',#2715,.T.);
#2715 = EDGE_LOOP('',(#2716,#2717,#2738,#2739));
#2716 = ORIENTED_EDGE('',*,*,#2206,.F.);
#2717 = ORIENTED_EDGE('',*,*,#2718,.T.);
#2718 = EDGE_CURVE('',#2207,#2518,#2719,.T.);
#2719 = SURFACE_CURVE('',#2720,(#2724,#2731),.PCURVE_S1.);
#2720 = LINE('',#2721,#2722);
#2721 = CARTESIAN_POINT('',(-97.,-56.,4.));
#2722 = VECTOR('',#2723,1.);
#2723 = DIRECTION('',(0.,0.,1.));
#2724 = PCURVE('',#1704,#2725);
#2725 = DEFINITIONAL_REPRESENTATION('',(#2726),#2730);
#2726 = LINE('',#2727,#2728);
#2727 = CARTESIAN_POINT('',(0.,10.));
#2728 = VECTOR('',#2729,1.);
#2729 = DIRECTION('',(1.,0.));
#2730 = ( GEOMETRIC_REPRESENTATION_CONTEXT(2) 
PARAMETRIC_REPRESENTATION_CONTEXT() REPRESENTATION_CONTEXT('2D SPACE',''
  ) );
#2731 = PCURVE('',#2246,#2732);
#2732 = DEFINITIONAL_REPRESENTATION('',(#2733),#2737);
#2733 = LINE('',#2734,#2735);
#2734 = CARTESIAN_POINT('',(1.570796326795,0.));
#2735 = VECTOR('',#2736,1.);
#2736 = DIRECTION('',(0.,1.));
#2737 = ( GEOMETRIC_REPRESENTATION_CONTEXT(2) 
PARAMETRIC_REPRESENTATION_CONTEXT() REPRESENTATION_CONTEXT('2D SPACE',''
  ) );
#2738 = ORIENTED_EDGE('',*,*,#2541,.T.);
#2739 = ORIENTED_EDGE('',*,*,#1689,.F.);
#2740 = ADVANCED_FACE('',(#2741),#1826,.F.);
#2741 = FACE_BOUND('',#2742,.F.);
#2742 = EDGE_LOOP('',(#2743,#2772,#2793,#2794));
#2743 = ORIENTED_EDGE('',*,*,#2744,.T.);
#2744 = EDGE_CURVE('',#2745,#2745,#2747,.T.);
#2745 = VERTEX_POINT('',#2746);
#2746 = CARTESIAN_POINT('',(80.,36.,56.8));
#2747 = SURFACE_CURVE('',#2748,(#2753,#2760),.PCURVE_S1.);
#2748 = CIRCLE('',#2749,3.2);
#2749 = AXIS2_PLACEMENT_3D('',#2750,#2751,#2752);
#2750 = CARTESIAN_POINT('',(80.,36.,60.));
#2751 = DIRECTION('',(1.,-0.,2.22044604925E-16));
#2752 = DIRECTION('',(2.22044604925E-16,0.,-1.));
#2753 = PCURVE('',#1826,#2754);
#2754 = DEFINITIONAL_REPRESENTATION('',(#2755),#2759);
#2755 = LINE('',#2756,#2757);
#2756 = CARTESIAN_POINT('',(0.,0.));
#2757 = VECTOR('',#2758,1.);
#2758 = DIRECTION('',(1.,0.));
#2759 = ( GEOMETRIC_REPRESENTATION_CONTEXT(2) 
PARAMETRIC_REPRESENTATION_CONTEXT() REPRESENTATION_CONTEXT('2D SPACE',''
  ) );
#2760 = PCURVE('',#2761,#2766);
#2761 = PLANE('',#2762);
#2762 = AXIS2_PLACEMENT_3D('',#2763,#2764,#2765);
#2763 = CARTESIAN_POINT('',(80.,36.,60.));
#2764 = DIRECTION('',(1.,0.,2.22044604925E-16));
#2765 = DIRECTION('',(2.22044604925E-16,0.,-1.));
#2766 = DEFINITIONAL_REPRESENTATION('',(#2767),#2771);
#2767 = CIRCLE('',#2768,3.2);
#2768 = AXIS2_PLACEMENT_2D('',#2769,#2770);
#2769 = CARTESIAN_POINT('',(0.,0.));
#2770 = DIRECTION('',(1.,0.));
#2771 = ( GEOMETRIC_REPRESENTATION_CONTEXT(2) 
PARAMETRIC_REPRESENTATION_CONTEXT() REPRESENTATION_CONTEXT('2D SPACE',''
  ) );
#2772 = ORIENTED_EDGE('',*,*,#2773,.T.);
#2773 = EDGE_CURVE('',#2745,#1810,#2774,.T.);
#2774 = SEAM_CURVE('',#2775,(#2779,#2786),.PCURVE_S1.);
#2775 = LINE('',#2776,#2777);
#2776 = CARTESIAN_POINT('',(80.,36.,56.8));
#2777 = VECTOR('',#2778,1.);
#2778 = DIRECTION('',(1.,0.,2.22044604925E-16));
#2779 = PCURVE('',#1826,#2780);
#2780 = DEFINITIONAL_REPRESENTATION('',(#2781),#2785);
#2781 = LINE('',#2782,#2783);
#2782 = CARTESIAN_POINT('',(0.,-0.));
#2783 = VECTOR('',#2784,1.);
#2784 = DIRECTION('',(0.,1.));
#2785 = ( GEOMETRIC_REPRESENTATION_CONTEXT(2) 
PARAMETRIC_REPRESENTATION_CONTEXT() REPRESENTATION_CONTEXT('2D SPACE',''
  ) );
#2786 = PCURVE('',#1826,#2787);
#2787 = DEFINITIONAL_REPRESENTATION('',(#2788),#2792);
#2788 = LINE('',#2789,#2790);
#2789 = CARTESIAN_POINT('',(6.28318530718,-0.));
#2790 = VECTOR('',#2791,1.);
#2791 = DIRECTION('',(0.,1.));
#2792 = ( GEOMETRIC_REPRESENTATION_CONTEXT(2) 
PARAMETRIC_REPRESENTATION_CONTEXT() REPRESENTATION_CONTEXT('2D SPACE',''
  ) );
#2793 = ORIENTED_EDGE('',*,*,#1809,.F.);
#2794 = ORIENTED_EDGE('',*,*,#2773,.F.);
#2795 = ADVANCED_FACE('',(#2796),#1857,.F.);
#2796 = FACE_BOUND('',#2797,.F.);
#2797 = EDGE_LOOP('',(#2798,#2827,#2848,#2849));
#2798 = ORIENTED_EDGE('',*,*,#2799,.T.);
#2799 = EDGE_CURVE('',#2800,#2800,#2802,.T.);
#2800 = VERTEX_POINT('',#2801);
#2801 = CARTESIAN_POINT('',(80.,-36.,56.8));
#2802 = SURFACE_CURVE('',#2803,(#2808,#2815),.PCURVE_S1.);
#2803 = CIRCLE('',#2804,3.2);
#2804 = AXIS2_PLACEMENT_3D('',#2805,#2806,#2807);
#2805 = CARTESIAN_POINT('',(80.,-36.,60.));
#2806 = DIRECTION('',(1.,-0.,2.22044604925E-16));
#2807 = DIRECTION('',(2.22044604925E-16,0.,-1.));
#2808 = PCURVE('',#1857,#2809);
#2809 = DEFINITIONAL_REPRESENTATION('',(#2810),#2814);
#2810 = LINE('',#2811,#2812);
#2811 = CARTESIAN_POINT('',(0.,0.));
#2812 = VECTOR('',#2813,1.);
#2813 = DIRECTION('',(1.,0.));
#2814 = ( GEOMETRIC_REPRESENTATION_CONTEXT(2) 
PARAMETRIC_REPRESENTATION_CONTEXT() REPRESENTATION_CONTEXT('2D SPACE',''
  ) );
#2815 = PCURVE('',#2816,#2821);
#2816 = PLANE('',#2817);
#2817 = AXIS2_PLACEMENT_3D('',#2818,#2819,#2820);
#2818 = CARTESIAN_POINT('',(80.,-36.,60.));
#2819 = DIRECTION('',(1.,0.,2.22044604925E-16));
#2820 = DIRECTION('',(2.22044604925E-16,0.,-1.));
#2821 = DEFINITIONAL_REPRESENTATION('',(#2822),#2826);
#2822 = CIRCLE('',#2823,3.2);
#2823 = AXIS2_PLACEMENT_2D('',#2824,#2825);
#2824 = CARTESIAN_POINT('',(0.,0.));
#2825 = DIRECTION('',(1.,0.));
#2826 = ( GEOMETRIC_REPRESENTATION_CONTEXT(2) 
PARAMETRIC_REPRESENTATION_CONTEXT() REPRESENTATION_CONTEXT('2D SPACE',''
  ) );
#2827 = ORIENTED_EDGE('',*,*,#2828,.T.);
#2828 = EDGE_CURVE('',#2800,#1841,#2829,.T.);
#2829 = SEAM_CURVE('',#2830,(#2834,#2841),.PCURVE_S1.);
#2830 = LINE('',#2831,#2832);
#2831 = CARTESIAN_POINT('',(80.,-36.,56.8));
#2832 = VECTOR('',#2833,1.);
#2833 = DIRECTION('',(1.,0.,2.22044604925E-16));
#2834 = PCURVE('',#1857,#2835);
#2835 = DEFINITIONAL_REPRESENTATION('',(#2836),#2840);
#2836 = LINE('',#2837,#2838);
#2837 = CARTESIAN_POINT('',(0.,-0.));
#2838 = VECTOR('',#2839,1.);
#2839 = DIRECTION('',(0.,1.));
#2840 = ( GEOMETRIC_REPRESENTATION_CONTEXT(2) 
PARAMETRIC_REPRESENTATION_CONTEXT() REPRESENTATION_CONTEXT('2D SPACE',''
  ) );
#2841 = PCURVE('',#1857,#2842);
#2842 = DEFINITIONAL_REPRESENTATION('',(#2843),#2847);
#2843 = LINE('',#2844,#2845);
#2844 = CARTESIAN_POINT('',(6.28318530718,-0.));
#2845 = VECTOR('',#2846,1.);
#2846 = DIRECTION('',(0.,1.));
#2847 = ( GEOMETRIC_REPRESENTATION_CONTEXT(2) 
PARAMETRIC_REPRESENTATION_CONTEXT() REPRESENTATION_CONTEXT('2D SPACE',''
  ) );
#2848 = ORIENTED_EDGE('',*,*,#1840,.F.);
#2849 = ORIENTED_EDGE('',*,*,#2828,.F.);
#2850 = ADVANCED_FACE('',(#2851,#2854),#2157,.F.);
#2851 = FACE_BOUND('',#2852,.F.);
#2852 = EDGE_LOOP('',(#2853));
#2853 = ORIENTED_EDGE('',*,*,#2140,.T.);
#2854 = FACE_BOUND('',#2855,.F.);
#2855 = EDGE_LOOP('',(#2856));
#2856 = ORIENTED_EDGE('',*,*,#2857,.F.);
#2857 = EDGE_CURVE('',#2858,#2858,#2860,.T.);
#2858 = VERTEX_POINT('',#2859);
#2859 = CARTESIAN_POINT('',(4.,58.5,30.));
#2860 = SURFACE_CURVE('',#2861,(#2866,#2873),.PCURVE_S1.);
#2861 = CIRCLE('',#2862,4.);
#2862 = AXIS2_PLACEMENT_3D('',#2863,#2864,#2865);
#2863 = CARTESIAN_POINT('',(0.,58.5,30.));
#2864 = DIRECTION('',(0.,-1.,2.22044604925E-16));
#2865 = DIRECTION('',(1.,0.,0.));
#2866 = PCURVE('',#2157,#2867);
#2867 = DEFINITIONAL_REPRESENTATION('',(#2868),#2872);
#2868 = CIRCLE('',#2869,4.);
#2869 = AXIS2_PLACEMENT_2D('',#2870,#2871);
#2870 = CARTESIAN_POINT('',(0.,-3.552713678801E-15));
#2871 = DIRECTION('',(1.,0.));
#2872 = ( GEOMETRIC_REPRESENTATION_CONTEXT(2) 
PARAMETRIC_REPRESENTATION_CONTEXT() REPRESENTATION_CONTEXT('2D SPACE',''
  ) );
#2873 = PCURVE('',#2477,#2874);
#2874 = DEFINITIONAL_REPRESENTATION('',(#2875),#2879);
#2875 = LINE('',#2876,#2877);
#2876 = CARTESIAN_POINT('',(0.,17.5));
#2877 = VECTOR('',#2878,1.);
#2878 = DIRECTION('',(1.,0.));
#2879 = ( GEOMETRIC_REPRESENTATION_CONTEXT(2) 
PARAMETRIC_REPRESENTATION_CONTEXT() REPRESENTATION_CONTEXT('2D SPACE',''
  ) );
#2880 = ADVANCED_FACE('',(#2881),#2307,.F.);
#2881 = FACE_BOUND('',#2882,.T.);
#2882 = EDGE_LOOP('',(#2883,#2884,#2885,#2886));
#2883 = ORIENTED_EDGE('',*,*,#2286,.T.);
#2884 = ORIENTED_EDGE('',*,*,#2409,.T.);
#2885 = ORIENTED_EDGE('',*,*,#2564,.F.);
#2886 = ORIENTED_EDGE('',*,*,#2887,.F.);
#2887 = EDGE_CURVE('',#2259,#2495,#2888,.T.);
#2888 = SURFACE_CURVE('',#2889,(#2893,#2900),.PCURVE_S1.);
#2889 = LINE('',#2890,#2891);
#2890 = CARTESIAN_POINT('',(-107.,46.,4.));
#2891 = VECTOR('',#2892,1.);
#2892 = DIRECTION('',(0.,0.,1.));
#2893 = PCURVE('',#2307,#2894);
#2894 = DEFINITIONAL_REPRESENTATION('',(#2895),#2899);
#2895 = LINE('',#2896,#2897);
#2896 = CARTESIAN_POINT('',(-0.,0.));
#2897 = VECTOR('',#2898,1.);
#2898 = DIRECTION('',(-0.,1.));
#2899 = ( GEOMETRIC_REPRESENTATION_CONTEXT(2) 
PARAMETRIC_REPRESENTATION_CONTEXT() REPRESENTATION_CONTEXT('2D SPACE',''
  ) );
#2900 = PCURVE('',#2274,#2901);
#2901 = DEFINITIONAL_REPRESENTATION('',(#2902),#2906);
#2902 = LINE('',#2903,#2904);
#2903 = CARTESIAN_POINT('',(0.,-102.));
#2904 = VECTOR('',#2905,1.);
#2905 = DIRECTION('',(1.,0.));
#2906 = ( GEOMETRIC_REPRESENTATION_CONTEXT(2) 
PARAMETRIC_REPRESENTATION_CONTEXT() REPRESENTATION_CONTEXT('2D SPACE',''
  ) );
#2907 = ADVANCED_FACE('',(#2908),#2274,.T.);
#2908 = FACE_BOUND('',#2909,.T.);
#2909 = EDGE_LOOP('',(#2910,#2911,#2932,#2933));
#2910 = ORIENTED_EDGE('',*,*,#2492,.F.);
#2911 = ORIENTED_EDGE('',*,*,#2912,.F.);
#2912 = EDGE_CURVE('',#2230,#2493,#2913,.T.);
#2913 = SURFACE_CURVE('',#2914,(#2918,#2925),.PCURVE_S1.);
#2914 = LINE('',#2915,#2916);
#2915 = CARTESIAN_POINT('',(-107.,-46.,4.));
#2916 = VECTOR('',#2917,1.);
#2917 = DIRECTION('',(0.,0.,1.));
#2918 = PCURVE('',#2274,#2919);
#2919 = DEFINITIONAL_REPRESENTATION('',(#2920),#2924);
#2920 = LINE('',#2921,#2922);
#2921 = CARTESIAN_POINT('',(0.,-10.));
#2922 = VECTOR('',#2923,1.);
#2923 = DIRECTION('',(1.,0.));
#2924 = ( GEOMETRIC_REPRESENTATION_CONTEXT(2) 
PARAMETRIC_REPRESENTATION_CONTEXT() REPRESENTATION_CONTEXT('2D SPACE',''
  ) );
#2925 = PCURVE('',#2246,#2926);
#2926 = DEFINITIONAL_REPRESENTATION('',(#2927),#2931);
#2927 = LINE('',#2928,#2929);
#2928 = CARTESIAN_POINT('',(0.,0.));
#2929 = VECTOR('',#2930,1.);
#2930 = DIRECTION('',(0.,1.));
#2931 = ( GEOMETRIC_REPRESENTATION_CONTEXT(2) 
PARAMETRIC_REPRESENTATION_CONTEXT() REPRESENTATION_CONTEXT('2D SPACE',''
  ) );
#2932 = ORIENTED_EDGE('',*,*,#2258,.T.);
#2933 = ORIENTED_EDGE('',*,*,#2887,.T.);
#2934 = ADVANCED_FACE('',(#2935),#2246,.F.);
#2935 = FACE_BOUND('',#2936,.F.);
#2936 = EDGE_LOOP('',(#2937,#2938,#2939,#2940));
#2937 = ORIENTED_EDGE('',*,*,#2229,.T.);
#2938 = ORIENTED_EDGE('',*,*,#2718,.T.);
#2939 = ORIENTED_EDGE('',*,*,#2517,.F.);
#2940 = ORIENTED_EDGE('',*,*,#2912,.F.);
#2941 = ADVANCED_FACE('',(#2942),#2362,.F.);
#2942 = FACE_BOUND('',#2943,.F.);
#2943 = EDGE_LOOP('',(#2944,#2973,#2994,#2995));
#2944 = ORIENTED_EDGE('',*,*,#2945,.F.);
#2945 = EDGE_CURVE('',#2946,#2946,#2948,.T.);
#2946 = VERTEX_POINT('',#2947);
#2947 = CARTESIAN_POINT('',(-102.25,-61.,12.));
#2948 = SURFACE_CURVE('',#2949,(#2954,#2961),.PCURVE_S1.);
#2949 = CIRCLE('',#2950,2.75);
#2950 = AXIS2_PLACEMENT_3D('',#2951,#2952,#2953);
#2951 = CARTESIAN_POINT('',(-105.,-61.,12.));
#2952 = DIRECTION('',(0.,0.,1.));
#2953 = DIRECTION('',(1.,0.,-0.));
#2954 = PCURVE('',#2362,#2955);
#2955 = DEFINITIONAL_REPRESENTATION('',(#2956),#2960);
#2956 = LINE('',#2957,#2958);
#2957 = CARTESIAN_POINT('',(0.,8.));
#2958 = VECTOR('',#2959,1.);
#2959 = DIRECTION('',(1.,0.));
#2960 = ( GEOMETRIC_REPRESENTATION_CONTEXT(2) 
PARAMETRIC_REPRESENTATION_CONTEXT() REPRESENTATION_CONTEXT('2D SPACE',''
  ) );
#2961 = PCURVE('',#2962,#2967);
#2962 = PLANE('',#2963);
#2963 = AXIS2_PLACEMENT_3D('',#2964,#2965,#2966);
#2964 = CARTESIAN_POINT('',(-105.,-61.,12.));
#2965 = DIRECTION('',(0.,0.,1.));
#2966 = DIRECTION('',(1.,0.,-0.));
#2967 = DEFINITIONAL_REPRESENTATION('',(#2968),#2972);
#2968 = CIRCLE('',#2969,2.75);
#2969 = AXIS2_PLACEMENT_2D('',#2970,#2971);
#2970 = CARTESIAN_POINT('',(0.,0.));
#2971 = DIRECTION('',(1.,0.));
#2972 = ( GEOMETRIC_REPRESENTATION_CONTEXT(2) 
PARAMETRIC_REPRESENTATION_CONTEXT() REPRESENTATION_CONTEXT('2D SPACE',''
  ) );
#2973 = ORIENTED_EDGE('',*,*,#2974,.F.);
#2974 = EDGE_CURVE('',#2346,#2946,#2975,.T.);
#2975 = SEAM_CURVE('',#2976,(#2980,#2987),.PCURVE_S1.);
#2976 = LINE('',#2977,#2978);
#2977 = CARTESIAN_POINT('',(-102.25,-61.,4.));
#2978 = VECTOR('',#2979,1.);
#2979 = DIRECTION('',(0.,0.,1.));
#2980 = PCURVE('',#2362,#2981);
#2981 = DEFINITIONAL_REPRESENTATION('',(#2982),#2986);
#2982 = LINE('',#2983,#2984);
#2983 = CARTESIAN_POINT('',(6.28318530718,-0.));
#2984 = VECTOR('',#2985,1.);
#2985 = DIRECTION('',(0.,1.));
#2986 = ( GEOMETRIC_REPRESENTATION_CONTEXT(2) 
PARAMETRIC_REPRESENTATION_CONTEXT() REPRESENTATION_CONTEXT('2D SPACE',''
  ) );
#2987 = PCURVE('',#2362,#2988);
#2988 = DEFINITIONAL_REPRESENTATION('',(#2989),#2993);
#2989 = LINE('',#2990,#2991);
#2990 = CARTESIAN_POINT('',(0.,-0.));
#2991 = VECTOR('',#2992,1.);
#2992 = DIRECTION('',(0.,1.));
#2993 = ( GEOMETRIC_REPRESENTATION_CONTEXT(2) 
PARAMETRIC_REPRESENTATION_CONTEXT() REPRESENTATION_CONTEXT('2D SPACE',''
  ) );
#2994 = ORIENTED_EDGE('',*,*,#2345,.T.);
#2995 = ORIENTED_EDGE('',*,*,#2974,.T.);
#2996 = ADVANCED_FACE('',(#2997),#2393,.F.);
#2997 = FACE_BOUND('',#2998,.F.);
#2998 = EDGE_LOOP('',(#2999,#3028,#3049,#3050));
#2999 = ORIENTED_EDGE('',*,*,#3000,.F.);
#3000 = EDGE_CURVE('',#3001,#3001,#3003,.T.);
#3001 = VERTEX_POINT('',#3002);
#3002 = CARTESIAN_POINT('',(-102.25,61.,12.));
#3003 = SURFACE_CURVE('',#3004,(#3009,#3016),.PCURVE_S1.);
#3004 = CIRCLE('',#3005,2.75);
#3005 = AXIS2_PLACEMENT_3D('',#3006,#3007,#3008);
#3006 = CARTESIAN_POINT('',(-105.,61.,12.));
#3007 = DIRECTION('',(0.,0.,1.));
#3008 = DIRECTION('',(1.,0.,-0.));
#3009 = PCURVE('',#2393,#3010);
#3010 = DEFINITIONAL_REPRESENTATION('',(#3011),#3015);
#3011 = LINE('',#3012,#3013);
#3012 = CARTESIAN_POINT('',(0.,8.));
#3013 = VECTOR('',#3014,1.);
#3014 = DIRECTION('',(1.,0.));
#3015 = ( GEOMETRIC_REPRESENTATION_CONTEXT(2) 
PARAMETRIC_REPRESENTATION_CONTEXT() REPRESENTATION_CONTEXT('2D SPACE',''
  ) );
#3016 = PCURVE('',#3017,#3022);
#3017 = PLANE('',#3018);
#3018 = AXIS2_PLACEMENT_3D('',#3019,#3020,#3021);
#3019 = CARTESIAN_POINT('',(-105.,61.,12.));
#3020 = DIRECTION('',(0.,0.,1.));
#3021 = DIRECTION('',(1.,0.,-0.));
#3022 = DEFINITIONAL_REPRESENTATION('',(#3023),#3027);
#3023 = CIRCLE('',#3024,2.75);
#3024 = AXIS2_PLACEMENT_2D('',#3025,#3026);
#3025 = CARTESIAN_POINT('',(0.,0.));
#3026 = DIRECTION('',(1.,0.));
#3027 = ( GEOMETRIC_REPRESENTATION_CONTEXT(2) 
PARAMETRIC_REPRESENTATION_CONTEXT() REPRESENTATION_CONTEXT('2D SPACE',''
  ) );
#3028 = ORIENTED_EDGE('',*,*,#3029,.F.);
#3029 = EDGE_CURVE('',#2377,#3001,#3030,.T.);
#3030 = SEAM_CURVE('',#3031,(#3035,#3042),.PCURVE_S1.);
#3031 = LINE('',#3032,#3033);
#3032 = CARTESIAN_POINT('',(-102.25,61.,4.));
#3033 = VECTOR('',#3034,1.);
#3034 = DIRECTION('',(0.,0.,1.));
#3035 = PCURVE('',#2393,#3036);
#3036 = DEFINITIONAL_REPRESENTATION('',(#3037),#3041);
#3037 = LINE('',#3038,#3039);
#3038 = CARTESIAN_POINT('',(6.28318530718,-0.));
#3039 = VECTOR('',#3040,1.);
#3040 = DIRECTION('',(0.,1.));
#3041 = ( GEOMETRIC_REPRESENTATION_CONTEXT(2) 
PARAMETRIC_REPRESENTATION_CONTEXT() REPRESENTATION_CONTEXT('2D SPACE',''
  ) );
#3042 = PCURVE('',#2393,#3043);
#3043 = DEFINITIONAL_REPRESENTATION('',(#3044),#3048);
#3044 = LINE('',#3045,#3046);
#3045 = CARTESIAN_POINT('',(0.,-0.));
#3046 = VECTOR('',#3047,1.);
#3047 = DIRECTION('',(0.,1.));
#3048 = ( GEOMETRIC_REPRESENTATION_CONTEXT(2) 
PARAMETRIC_REPRESENTATION_CONTEXT() REPRESENTATION_CONTEXT('2D SPACE',''
  ) );
#3049 = ORIENTED_EDGE('',*,*,#2376,.T.);
#3050 = ORIENTED_EDGE('',*,*,#3029,.T.);
#3051 = ADVANCED_FACE('',(#3052),#2477,.F.);
#3052 = FACE_BOUND('',#3053,.F.);
#3053 = EDGE_LOOP('',(#3054,#3075,#3076,#3077));
#3054 = ORIENTED_EDGE('',*,*,#3055,.T.);
#3055 = EDGE_CURVE('',#2858,#2457,#3056,.T.);
#3056 = SEAM_CURVE('',#3057,(#3061,#3068),.PCURVE_S1.);
#3057 = LINE('',#3058,#3059);
#3058 = CARTESIAN_POINT('',(4.,76.,30.));
#3059 = VECTOR('',#3060,1.);
#3060 = DIRECTION('',(0.,-1.,2.22044604925E-16));
#3061 = PCURVE('',#2477,#3062);
#3062 = DEFINITIONAL_REPRESENTATION('',(#3063),#3067);
#3063 = LINE('',#3064,#3065);
#3064 = CARTESIAN_POINT('',(6.28318530718,-0.));
#3065 = VECTOR('',#3066,1.);
#3066 = DIRECTION('',(0.,1.));
#3067 = ( GEOMETRIC_REPRESENTATION_CONTEXT(2) 
PARAMETRIC_REPRESENTATION_CONTEXT() REPRESENTATION_CONTEXT('2D SPACE',''
  ) );
#3068 = PCURVE('',#2477,#3069);
#3069 = DEFINITIONAL_REPRESENTATION('',(#3070),#3074);
#3070 = LINE('',#3071,#3072);
#3071 = CARTESIAN_POINT('',(0.,-0.));
#3072 = VECTOR('',#3073,1.);
#3073 = DIRECTION('',(0.,1.));
#3074 = ( GEOMETRIC_REPRESENTATION_CONTEXT(2) 
PARAMETRIC_REPRESENTATION_CONTEXT() REPRESENTATION_CONTEXT('2D SPACE',''
  ) );
#3075 = ORIENTED_EDGE('',*,*,#2456,.F.);
#3076 = ORIENTED_EDGE('',*,*,#3055,.F.);
#3077 = ORIENTED_EDGE('',*,*,#2857,.T.);
#3078 = ADVANCED_FACE('',(#3079),#2609,.F.);
#3079 = FACE_BOUND('',#3080,.F.);
#3080 = EDGE_LOOP('',(#3081,#3104,#3131,#3132));
#3081 = ORIENTED_EDGE('',*,*,#3082,.T.);
#3082 = EDGE_CURVE('',#2593,#3083,#3085,.T.);
#3083 = VERTEX_POINT('',#3084);
#3084 = CARTESIAN_POINT('',(-72.,-42.,60.5));
#3085 = SEAM_CURVE('',#3086,(#3090,#3097),.PCURVE_S1.);
#3086 = LINE('',#3087,#3088);
#3087 = CARTESIAN_POINT('',(-72.,-42.,52.5));
#3088 = VECTOR('',#3089,1.);
#3089 = DIRECTION('',(0.,0.,1.));
#3090 = PCURVE('',#2609,#3091);
#3091 = DEFINITIONAL_REPRESENTATION('',(#3092),#3096);
#3092 = LINE('',#3093,#3094);
#3093 = CARTESIAN_POINT('',(6.28318530718,-0.));
#3094 = VECTOR('',#3095,1.);
#3095 = DIRECTION('',(0.,1.));
#3096 = ( GEOMETRIC_REPRESENTATION_CONTEXT(2) 
PARAMETRIC_REPRESENTATION_CONTEXT() REPRESENTATION_CONTEXT('2D SPACE',''
  ) );
#3097 = PCURVE('',#2609,#3098);
#3098 = DEFINITIONAL_REPRESENTATION('',(#3099),#3103);
#3099 = LINE('',#3100,#3101);
#3100 = CARTESIAN_POINT('',(0.,-0.));
#3101 = VECTOR('',#3102,1.);
#3102 = DIRECTION('',(0.,1.));
#3103 = ( GEOMETRIC_REPRESENTATION_CONTEXT(2) 
PARAMETRIC_REPRESENTATION_CONTEXT() REPRESENTATION_CONTEXT('2D SPACE',''
  ) );
#3104 = ORIENTED_EDGE('',*,*,#3105,.F.);
#3105 = EDGE_CURVE('',#3083,#3083,#3106,.T.);
#3106 = SURFACE_CURVE('',#3107,(#3112,#3119),.PCURVE_S1.);
#3107 = CIRCLE('',#3108,3.);
#3108 = AXIS2_PLACEMENT_3D('',#3109,#3110,#3111);
#3109 = CARTESIAN_POINT('',(-75.,-42.,60.5));
#3110 = DIRECTION('',(0.,0.,1.));
#3111 = DIRECTION('',(1.,0.,-0.));
#3112 = PCURVE('',#2609,#3113);
#3113 = DEFINITIONAL_REPRESENTATION('',(#3114),#3118);
#3114 = LINE('',#3115,#3116);
#3115 = CARTESIAN_POINT('',(0.,8.));
#3116 = VECTOR('',#3117,1.);
#3117 = DIRECTION('',(1.,0.));
#3118 = ( GEOMETRIC_REPRESENTATION_CONTEXT(2) 
PARAMETRIC_REPRESENTATION_CONTEXT() REPRESENTATION_CONTEXT('2D SPACE',''
  ) );
#3119 = PCURVE('',#3120,#3125);
#3120 = PLANE('',#3121);
#3121 = AXIS2_PLACEMENT_3D('',#3122,#3123,#3124);
#3122 = CARTESIAN_POINT('',(-75.,-42.,60.5));
#3123 = DIRECTION('',(0.,0.,1.));
#3124 = DIRECTION('',(1.,0.,-0.));
#3125 = DEFINITIONAL_REPRESENTATION('',(#3126),#3130);
#3126 = CIRCLE('',#3127,3.);
#3127 = AXIS2_PLACEMENT_2D('',#3128,#3129);
#3128 = CARTESIAN_POINT('',(0.,0.));
#3129 = DIRECTION('',(1.,0.));
#3130 = ( GEOMETRIC_REPRESENTATION_CONTEXT(2) 
PARAMETRIC_REPRESENTATION_CONTEXT() REPRESENTATION_CONTEXT('2D SPACE',''
  ) );
#3131 = ORIENTED_EDGE('',*,*,#3082,.F.);
#3132 = ORIENTED_EDGE('',*,*,#2592,.T.);
#3133 = ADVANCED_FACE('',(#3134),#2640,.F.);
#3134 = FACE_BOUND('',#3135,.F.);
#3135 = EDGE_LOOP('',(#3136,#3159,#3186,#3187));
#3136 = ORIENTED_EDGE('',*,*,#3137,.T.);
#3137 = EDGE_CURVE('',#2624,#3138,#3140,.T.);
#3138 = VERTEX_POINT('',#3139);
#3139 = CARTESIAN_POINT('',(63.,-42.,60.5));
#3140 = SEAM_CURVE('',#3141,(#3145,#3152),.PCURVE_S1.);
#3141 = LINE('',#3142,#3143);
#3142 = CARTESIAN_POINT('',(63.,-42.,52.5));
#3143 = VECTOR('',#3144,1.);
#3144 = DIRECTION('',(0.,0.,1.));
#3145 = PCURVE('',#2640,#3146);
#3146 = DEFINITIONAL_REPRESENTATION('',(#3147),#3151);
#3147 = LINE('',#3148,#3149);
#3148 = CARTESIAN_POINT('',(6.28318530718,-0.));
#3149 = VECTOR('',#3150,1.);
#3150 = DIRECTION('',(0.,1.));
#3151 = ( GEOMETRIC_REPRESENTATION_CONTEXT(2) 
PARAMETRIC_REPRESENTATION_CONTEXT() REPRESENTATION_CONTEXT('2D SPACE',''
  ) );
#3152 = PCURVE('',#2640,#3153);
#3153 = DEFINITIONAL_REPRESENTATION('',(#3154),#3158);
#3154 = LINE('',#3155,#3156);
#3155 = CARTESIAN_POINT('',(0.,-0.));
#3156 = VECTOR('',#3157,1.);
#3157 = DIRECTION('',(0.,1.));
#3158 = ( GEOMETRIC_REPRESENTATION_CONTEXT(2) 
PARAMETRIC_REPRESENTATION_CONTEXT() REPRESENTATION_CONTEXT('2D SPACE',''
  ) );
#3159 = ORIENTED_EDGE('',*,*,#3160,.F.);
#3160 = EDGE_CURVE('',#3138,#3138,#3161,.T.);
#3161 = SURFACE_CURVE('',#3162,(#3167,#3174),.PCURVE_S1.);
#3162 = CIRCLE('',#3163,3.);
#3163 = AXIS2_PLACEMENT_3D('',#3164,#3165,#3166);
#3164 = CARTESIAN_POINT('',(60.,-42.,60.5));
#3165 = DIRECTION('',(0.,0.,1.));
#3166 = DIRECTION('',(1.,0.,-0.));
#3167 = PCURVE('',#2640,#3168);
#3168 = DEFINITIONAL_REPRESENTATION('',(#3169),#3173);
#3169 = LINE('',#3170,#3171);
#3170 = CARTESIAN_POINT('',(0.,8.));
#3171 = VECTOR('',#3172,1.);
#3172 = DIRECTION('',(1.,0.));
#3173 = ( GEOMETRIC_REPRESENTATION_CONTEXT(2) 
PARAMETRIC_REPRESENTATION_CONTEXT() REPRESENTATION_CONTEXT('2D SPACE',''
  ) );
#3174 = PCURVE('',#3175,#3180);
#3175 = PLANE('',#3176);
#3176 = AXIS2_PLACEMENT_3D('',#3177,#3178,#3179);
#3177 = CARTESIAN_POINT('',(60.,-42.,60.5));
#3178 = DIRECTION('',(0.,0.,1.));
#3179 = DIRECTION('',(1.,0.,-0.));
#3180 = DEFINITIONAL_REPRESENTATION('',(#3181),#3185);
#3181 = CIRCLE('',#3182,3.);
#3182 = AXIS2_PLACEMENT_2D('',#3183,#3184);
#3183 = CARTESIAN_POINT('',(0.,0.));
#3184 = DIRECTION('',(1.,0.));
#3185 = ( GEOMETRIC_REPRESENTATION_CONTEXT(2) 
PARAMETRIC_REPRESENTATION_CONTEXT() REPRESENTATION_CONTEXT('2D SPACE',''
  ) );
#3186 = ORIENTED_EDGE('',*,*,#3137,.F.);
#3187 = ORIENTED_EDGE('',*,*,#2623,.T.);
#3188 = ADVANCED_FACE('',(#3189),#2671,.F.);
#3189 = FACE_BOUND('',#3190,.F.);
#3190 = EDGE_LOOP('',(#3191,#3214,#3241,#3242));
#3191 = ORIENTED_EDGE('',*,*,#3192,.T.);
#3192 = EDGE_CURVE('',#2655,#3193,#3195,.T.);
#3193 = VERTEX_POINT('',#3194);
#3194 = CARTESIAN_POINT('',(-72.,42.,60.5));
#3195 = SEAM_CURVE('',#3196,(#3200,#3207),.PCURVE_S1.);
#3196 = LINE('',#3197,#3198);
#3197 = CARTESIAN_POINT('',(-72.,42.,52.5));
#3198 = VECTOR('',#3199,1.);
#3199 = DIRECTION('',(0.,0.,1.));
#3200 = PCURVE('',#2671,#3201);
#3201 = DEFINITIONAL_REPRESENTATION('',(#3202),#3206);
#3202 = LINE('',#3203,#3204);
#3203 = CARTESIAN_POINT('',(6.28318530718,-0.));
#3204 = VECTOR('',#3205,1.);
#3205 = DIRECTION('',(0.,1.));
#3206 = ( GEOMETRIC_REPRESENTATION_CONTEXT(2) 
PARAMETRIC_REPRESENTATION_CONTEXT() REPRESENTATION_CONTEXT('2D SPACE',''
  ) );
#3207 = PCURVE('',#2671,#3208);
#3208 = DEFINITIONAL_REPRESENTATION('',(#3209),#3213);
#3209 = LINE('',#3210,#3211);
#3210 = CARTESIAN_POINT('',(0.,-0.));
#3211 = VECTOR('',#3212,1.);
#3212 = DIRECTION('',(0.,1.));
#3213 = ( GEOMETRIC_REPRESENTATION_CONTEXT(2) 
PARAMETRIC_REPRESENTATION_CONTEXT() REPRESENTATION_CONTEXT('2D SPACE',''
  ) );
#3214 = ORIENTED_EDGE('',*,*,#3215,.F.);
#3215 = EDGE_CURVE('',#3193,#3193,#3216,.T.);
#3216 = SURFACE_CURVE('',#3217,(#3222,#3229),.PCURVE_S1.);
#3217 = CIRCLE('',#3218,3.);
#3218 = AXIS2_PLACEMENT_3D('',#3219,#3220,#3221);
#3219 = CARTESIAN_POINT('',(-75.,42.,60.5));
#3220 = DIRECTION('',(0.,0.,1.));
#3221 = DIRECTION('',(1.,0.,-0.));
#3222 = PCURVE('',#2671,#3223);
#3223 = DEFINITIONAL_REPRESENTATION('',(#3224),#3228);
#3224 = LINE('',#3225,#3226);
#3225 = CARTESIAN_POINT('',(0.,8.));
#3226 = VECTOR('',#3227,1.);
#3227 = DIRECTION('',(1.,0.));
#3228 = ( GEOMETRIC_REPRESENTATION_CONTEXT(2) 
PARAMETRIC_REPRESENTATION_CONTEXT() REPRESENTATION_CONTEXT('2D SPACE',''
  ) );
#3229 = PCURVE('',#3230,#3235);
#3230 = PLANE('',#3231);
#3231 = AXIS2_PLACEMENT_3D('',#3232,#3233,#3234);
#3232 = CARTESIAN_POINT('',(-75.,42.,60.5));
#3233 = DIRECTION('',(0.,0.,1.));
#3234 = DIRECTION('',(1.,0.,-0.));
#3235 = DEFINITIONAL_REPRESENTATION('',(#3236),#3240);
#3236 = CIRCLE('',#3237,3.);
#3237 = AXIS2_PLACEMENT_2D('',#3238,#3239);
#3238 = CARTESIAN_POINT('',(0.,0.));
#3239 = DIRECTION('',(1.,0.));
#3240 = ( GEOMETRIC_REPRESENTATION_CONTEXT(2) 
PARAMETRIC_REPRESENTATION_CONTEXT() REPRESENTATION_CONTEXT('2D SPACE',''
  ) );
#3241 = ORIENTED_EDGE('',*,*,#3192,.F.);
#3242 = ORIENTED_EDGE('',*,*,#2654,.T.);
#3243 = ADVANCED_FACE('',(#3244),#2702,.F.);
#3244 = FACE_BOUND('',#3245,.F.);
#3245 = EDGE_LOOP('',(#3246,#3269,#3296,#3297));
#3246 = ORIENTED_EDGE('',*,*,#3247,.T.);
#3247 = EDGE_CURVE('',#2686,#3248,#3250,.T.);
#3248 = VERTEX_POINT('',#3249);
#3249 = CARTESIAN_POINT('',(63.,42.,60.5));
#3250 = SEAM_CURVE('',#3251,(#3255,#3262),.PCURVE_S1.);
#3251 = LINE('',#3252,#3253);
#3252 = CARTESIAN_POINT('',(63.,42.,52.5));
#3253 = VECTOR('',#3254,1.);
#3254 = DIRECTION('',(0.,0.,1.));
#3255 = PCURVE('',#2702,#3256);
#3256 = DEFINITIONAL_REPRESENTATION('',(#3257),#3261);
#3257 = LINE('',#3258,#3259);
#3258 = CARTESIAN_POINT('',(6.28318530718,-0.));
#3259 = VECTOR('',#3260,1.);
#3260 = DIRECTION('',(0.,1.));
#3261 = ( GEOMETRIC_REPRESENTATION_CONTEXT(2) 
PARAMETRIC_REPRESENTATION_CONTEXT() REPRESENTATION_CONTEXT('2D SPACE',''
  ) );
#3262 = PCURVE('',#2702,#3263);
#3263 = DEFINITIONAL_REPRESENTATION('',(#3264),#3268);
#3264 = LINE('',#3265,#3266);
#3265 = CARTESIAN_POINT('',(0.,-0.));
#3266 = VECTOR('',#3267,1.);
#3267 = DIRECTION('',(0.,1.));
#3268 = ( GEOMETRIC_REPRESENTATION_CONTEXT(2) 
PARAMETRIC_REPRESENTATION_CONTEXT() REPRESENTATION_CONTEXT('2D SPACE',''
  ) );
#3269 = ORIENTED_EDGE('',*,*,#3270,.F.);
#3270 = EDGE_CURVE('',#3248,#3248,#3271,.T.);
#3271 = SURFACE_CURVE('',#3272,(#3277,#3284),.PCURVE_S1.);
#3272 = CIRCLE('',#3273,3.);
#3273 = AXIS2_PLACEMENT_3D('',#3274,#3275,#3276);
#3274 = CARTESIAN_POINT('',(60.,42.,60.5));
#3275 = DIRECTION('',(0.,0.,1.));
#3276 = DIRECTION('',(1.,0.,-0.));
#3277 = PCURVE('',#2702,#3278);
#3278 = DEFINITIONAL_REPRESENTATION('',(#3279),#3283);
#3279 = LINE('',#3280,#3281);
#3280 = CARTESIAN_POINT('',(0.,8.));
#3281 = VECTOR('',#3282,1.);
#3282 = DIRECTION('',(1.,0.));
#3283 = ( GEOMETRIC_REPRESENTATION_CONTEXT(2) 
PARAMETRIC_REPRESENTATION_CONTEXT() REPRESENTATION_CONTEXT('2D SPACE',''
  ) );
#3284 = PCURVE('',#3285,#3290);
#3285 = PLANE('',#3286);
#3286 = AXIS2_PLACEMENT_3D('',#3287,#3288,#3289);
#3287 = CARTESIAN_POINT('',(60.,42.,60.5));
#3288 = DIRECTION('',(0.,0.,1.));
#3289 = DIRECTION('',(1.,0.,-0.));
#3290 = DEFINITIONAL_REPRESENTATION('',(#3291),#3295);
#3291 = CIRCLE('',#3292,3.);
#3292 = AXIS2_PLACEMENT_2D('',#3293,#3294);
#3293 = CARTESIAN_POINT('',(0.,0.));
#3294 = DIRECTION('',(1.,0.));
#3295 = ( GEOMETRIC_REPRESENTATION_CONTEXT(2) 
PARAMETRIC_REPRESENTATION_CONTEXT() REPRESENTATION_CONTEXT('2D SPACE',''
  ) );
#3296 = ORIENTED_EDGE('',*,*,#3247,.F.);
#3297 = ORIENTED_EDGE('',*,*,#2685,.T.);
#3298 = ADVANCED_FACE('',(#3299),#2761,.T.);
#3299 = FACE_BOUND('',#3300,.F.);
#3300 = EDGE_LOOP('',(#3301));
#3301 = ORIENTED_EDGE('',*,*,#2744,.F.);
#3302 = ADVANCED_FACE('',(#3303),#2816,.T.);
#3303 = FACE_BOUND('',#3304,.F.);
#3304 = EDGE_LOOP('',(#3305));
#3305 = ORIENTED_EDGE('',*,*,#2799,.F.);
#3306 = ADVANCED_FACE('',(#3307),#2962,.F.);
#3307 = FACE_BOUND('',#3308,.F.);
#3308 = EDGE_LOOP('',(#3309));
#3309 = ORIENTED_EDGE('',*,*,#2945,.T.);
#3310 = ADVANCED_FACE('',(#3311),#3017,.F.);
#3311 = FACE_BOUND('',#3312,.F.);
#3312 = EDGE_LOOP('',(#3313));
#3313 = ORIENTED_EDGE('',*,*,#3000,.T.);
#3314 = ADVANCED_FACE('',(#3315),#3120,.F.);
#3315 = FACE_BOUND('',#3316,.F.);
#3316 = EDGE_LOOP('',(#3317));
#3317 = ORIENTED_EDGE('',*,*,#3105,.T.);
#3318 = ADVANCED_FACE('',(#3319),#3175,.F.);
#3319 = FACE_BOUND('',#3320,.F.);
#3320 = EDGE_LOOP('',(#3321));
#3321 = ORIENTED_EDGE('',*,*,#3160,.T.);
#3322 = ADVANCED_FACE('',(#3323),#3230,.F.);
#3323 = FACE_BOUND('',#3324,.F.);
#3324 = EDGE_LOOP('',(#3325));
#3325 = ORIENTED_EDGE('',*,*,#3215,.T.);
#3326 = ADVANCED_FACE('',(#3327),#3285,.F.);
#3327 = FACE_BOUND('',#3328,.F.);
#3328 = EDGE_LOOP('',(#3329));
#3329 = ORIENTED_EDGE('',*,*,#3270,.T.);
#3330 = ( GEOMETRIC_REPRESENTATION_CONTEXT(3) 
GLOBAL_UNCERTAINTY_ASSIGNED_CONTEXT((#3334)) 
GLOBAL_UNIT_ASSIGNED_CONTEXT((#3331,#3332,#3333)) REPRESENTATION_CONTEXT
('Context #1','3D Context with UNIT and UNCERTAINTY') );
#3331 = ( LENGTH_UNIT() NAMED_UNIT(*) SI_UNIT(.MILLI.,.METRE.) );
#3332 = ( NAMED_UNIT(*) PLANE_ANGLE_UNIT() SI_UNIT($,.RADIAN.) );
#3333 = ( NAMED_UNIT(*) SI_UNIT($,.STERADIAN.) SOLID_ANGLE_UNIT() );
#3334 = UNCERTAINTY_MEASURE_WITH_UNIT(LENGTH_MEASURE(1.E-05),#3331,
  'distance_accuracy_value','confusion accuracy');
#3335 = CONTEXT_DEPENDENT_SHAPE_REPRESENTATION(#3336,#3338);
#3336 = ( REPRESENTATION_RELATIONSHIP('','',#60,#10) 
REPRESENTATION_RELATIONSHIP_WITH_TRANSFORMATION(#3337) 
SHAPE_REPRESENTATION_RELATIONSHIP() );
#3337 = ITEM_DEFINED_TRANSFORMATION('','',#11,#15);
#3338 = PRODUCT_DEFINITION_SHAPE('Placement','Placement of an item',
  #3339);
#3339 = NEXT_ASSEMBLY_USAGE_OCCURRENCE('1','split_v2_primary_shell','',
  #5,#55,$);
#3340 = PRODUCT_RELATED_PRODUCT_CATEGORY('part',$,(#57));
#3341 = SHAPE_DEFINITION_REPRESENTATION(#3342,#3348);
#3342 = PRODUCT_DEFINITION_SHAPE('','',#3343);
#3343 = PRODUCT_DEFINITION('design','',#3344,#3347);
#3344 = PRODUCT_DEFINITION_FORMATION('','',#3345);
#3345 = PRODUCT('split_v2_end_cap','split_v2_end_cap','',(#3346));
#3346 = PRODUCT_CONTEXT('',#2,'mechanical');
#3347 = PRODUCT_DEFINITION_CONTEXT('part definition',#2,'design');
#3348 = ADVANCED_BREP_SHAPE_REPRESENTATION('',(#11,#3349),#7045);
#3349 = MANIFOLD_SOLID_BREP('',#3350);
#3350 = CLOSED_SHELL('',(#3351,#3893,#4156,#4205,#4503,#4552,#4715,#4742
    ,#4769,#4823,#4970,#5559,#5617,#5644,#5889,#6122,#6149,#6176,#6183,
    #6331,#6380,#6506,#6533,#6560,#6567,#6622,#6677,#6771,#6865,#6900,
    #6966,#6973,#6998,#7005,#7030,#7037,#7041));
#3351 = ADVANCED_FACE('',(#3352,#3831,#3862),#3366,.F.);
#3352 = FACE_BOUND('',#3353,.F.);
#3353 = EDGE_LOOP('',(#3354,#3387,#3413,#3498,#3524,#3609,#3635,#3656,
    #3682,#3708,#3734,#3760,#3786,#3807));
#3354 = ORIENTED_EDGE('',*,*,#3355,.F.);
#3355 = EDGE_CURVE('',#3356,#3358,#3360,.T.);
#3356 = VERTEX_POINT('',#3357);
#3357 = CARTESIAN_POINT('',(90.15,70.,0.));
#3358 = VERTEX_POINT('',#3359);
#3359 = CARTESIAN_POINT('',(90.15,67.,0.));
#3360 = SURFACE_CURVE('',#3361,(#3365,#3376),.PCURVE_S1.);
#3361 = LINE('',#3362,#3363);
#3362 = CARTESIAN_POINT('',(90.15,-75.,0.));
#3363 = VECTOR('',#3364,1.);
#3364 = DIRECTION('',(0.,-1.,0.));
#3365 = PCURVE('',#3366,#3371);
#3366 = PLANE('',#3367);
#3367 = AXIS2_PLACEMENT_3D('',#3368,#3369,#3370);
#3368 = CARTESIAN_POINT('',(90.15,-80.,-10.));
#3369 = DIRECTION('',(1.,0.,-0.));
#3370 = DIRECTION('',(0.,0.,1.));
#3371 = DEFINITIONAL_REPRESENTATION('',(#3372),#3375);
#3372 = B_SPLINE_CURVE_WITH_KNOTS('',1,(#3373,#3374),.UNSPECIFIED.,.F.,
  .F.,(2,2),(-145.,-5.),.PIECEWISE_BEZIER_KNOTS.);
#3373 = CARTESIAN_POINT('',(10.,-150.));
#3374 = CARTESIAN_POINT('',(10.,-10.));
#3375 = ( GEOMETRIC_REPRESENTATION_CONTEXT(2) 
PARAMETRIC_REPRESENTATION_CONTEXT() REPRESENTATION_CONTEXT('2D SPACE',''
  ) );
#3376 = PCURVE('',#3377,#3382);
#3377 = PLANE('',#3378);
#3378 = AXIS2_PLACEMENT_3D('',#3379,#3380,#3381);
#3379 = CARTESIAN_POINT('',(-150.,-70.,0.));
#3380 = DIRECTION('',(0.,0.,1.));
#3381 = DIRECTION('',(1.,0.,-0.));
#3382 = DEFINITIONAL_REPRESENTATION('',(#3383),#3386);
#3383 = B_SPLINE_CURVE_WITH_KNOTS('',1,(#3384,#3385),.UNSPECIFIED.,.F.,
  .F.,(2,2),(-145.,-5.),.PIECEWISE_BEZIER_KNOTS.);
#3384 = CARTESIAN_POINT('',(240.15,140.));
#3385 = CARTESIAN_POINT('',(240.15,0.));
#3386 = ( GEOMETRIC_REPRESENTATION_CONTEXT(2) 
PARAMETRIC_REPRESENTATION_CONTEXT() REPRESENTATION_CONTEXT('2D SPACE',''
  ) );
#3387 = ORIENTED_EDGE('',*,*,#3388,.T.);
#3388 = EDGE_CURVE('',#3356,#3389,#3391,.T.);
#3389 = VERTEX_POINT('',#3390);
#3390 = CARTESIAN_POINT('',(90.15,70.,62.031323797803));
#3391 = SURFACE_CURVE('',#3392,(#3396,#3402),.PCURVE_S1.);
#3392 = LINE('',#3393,#3394);
#3393 = CARTESIAN_POINT('',(90.15,70.,-5.));
#3394 = VECTOR('',#3395,1.);
#3395 = DIRECTION('',(0.,0.,1.));
#3396 = PCURVE('',#3366,#3397);
#3397 = DEFINITIONAL_REPRESENTATION('',(#3398),#3401);
#3398 = B_SPLINE_CURVE_WITH_KNOTS('',1,(#3399,#3400),.UNSPECIFIED.,.F.,
  .F.,(2,2),(5.,72.198321344334),.PIECEWISE_BEZIER_KNOTS.);
#3399 = CARTESIAN_POINT('',(10.,-150.));
#3400 = CARTESIAN_POINT('',(77.198321344334,-150.));
#3401 = ( GEOMETRIC_REPRESENTATION_CONTEXT(2) 
PARAMETRIC_REPRESENTATION_CONTEXT() REPRESENTATION_CONTEXT('2D SPACE',''
  ) );
#3402 = PCURVE('',#3403,#3408);
#3403 = PLANE('',#3404);
#3404 = AXIS2_PLACEMENT_3D('',#3405,#3406,#3407);
#3405 = CARTESIAN_POINT('',(-150.,70.,0.));
#3406 = DIRECTION('',(-0.,1.,0.));
#3407 = DIRECTION('',(0.,0.,1.));
#3408 = DEFINITIONAL_REPRESENTATION('',(#3409),#3412);
#3409 = B_SPLINE_CURVE_WITH_KNOTS('',1,(#3410,#3411),.UNSPECIFIED.,.F.,
  .F.,(2,2),(5.,72.198321344334),.PIECEWISE_BEZIER_KNOTS.);
#3410 = CARTESIAN_POINT('',(0.,240.15));
#3411 = CARTESIAN_POINT('',(67.198321344334,240.15));
#3412 = ( GEOMETRIC_REPRESENTATION_CONTEXT(2) 
PARAMETRIC_REPRESENTATION_CONTEXT() REPRESENTATION_CONTEXT('2D SPACE',''
  ) );
#3413 = ORIENTED_EDGE('',*,*,#3414,.T.);
#3414 = EDGE_CURVE('',#3389,#3415,#3417,.T.);
#3415 = VERTEX_POINT('',#3416);
#3416 = CARTESIAN_POINT('',(90.15,60.,72.071801031821));
#3417 = SURFACE_CURVE('',#3418,(#3441,#3467),.PCURVE_S1.);
#3418 = B_SPLINE_CURVE_WITH_KNOTS('',6,(#3419,#3420,#3421,#3422,#3423,
    #3424,#3425,#3426,#3427,#3428,#3429,#3430,#3431,#3432,#3433,#3434,
    #3435,#3436,#3437,#3438,#3439,#3440),.UNSPECIFIED.,.F.,.F.,(7,5,5,5,
    7),(0.,0.341549265033,0.507633656085,0.672550268913,1.),
  .UNSPECIFIED.);
#3419 = CARTESIAN_POINT('',(90.15,70.,62.031323797803));
#3420 = CARTESIAN_POINT('',(90.15,70.,62.927288410673));
#3421 = CARTESIAN_POINT('',(90.15,69.904436829274,63.82341722644));
#3422 = CARTESIAN_POINT('',(90.15,69.7132509708,64.706604729825));
#3423 = CARTESIAN_POINT('',(90.15,69.428832087011,65.564332760656));
#3424 = CARTESIAN_POINT('',(90.15,69.055339187638,66.384528786595));
#3425 = CARTESIAN_POINT('',(90.15,68.377711766895,67.530859468372));
#3426 = CARTESIAN_POINT('',(90.15,68.136496683302,67.89437854328));
#3427 = CARTESIAN_POINT('',(90.15,67.876510762433,68.245082395619));
#3428 = CARTESIAN_POINT('',(90.15,67.59859865766,68.581759432636));
#3429 = CARTESIAN_POINT('',(90.15,67.30370823157,68.903273346932));
#3430 = CARTESIAN_POINT('',(90.15,66.684260143635,69.511710014683));
#3431 = CARTESIAN_POINT('',(90.15,66.359919013175,69.798866617461));
#3432 = CARTESIAN_POINT('',(90.15,66.020899237929,70.068998139324));
#3433 = CARTESIAN_POINT('',(90.15,65.668311400284,70.321164618293));
#3434 = CARTESIAN_POINT('',(90.15,65.303345911649,70.554524777276));
#3435 = CARTESIAN_POINT('',(90.15,64.180563689776,71.192874359186));
#3436 = CARTESIAN_POINT('',(90.15,63.389908025131,71.540439762328));
#3437 = CARTESIAN_POINT('',(90.15,62.565469200697,71.805049236362));
#3438 = CARTESIAN_POINT('',(90.15,61.718060332172,71.982902953162));
#3439 = CARTESIAN_POINT('',(90.15,60.858951379719,72.071801031821));
#3440 = CARTESIAN_POINT('',(90.15,60.,72.071801031821));
#3441 = PCURVE('',#3366,#3442);
#3442 = DEFINITIONAL_REPRESENTATION('',(#3443),#3466);
#3443 = B_SPLINE_CURVE_WITH_KNOTS('',6,(#3444,#3445,#3446,#3447,#3448,
    #3449,#3450,#3451,#3452,#3453,#3454,#3455,#3456,#3457,#3458,#3459,
    #3460,#3461,#3462,#3463,#3464,#3465),.UNSPECIFIED.,.F.,.F.,(7,5,5,5,
    7),(0.,0.341549265033,0.507633656085,0.672550268913,1.),
  .UNSPECIFIED.);
#3444 = CARTESIAN_POINT('',(72.031323797803,-150.));
#3445 = CARTESIAN_POINT('',(72.927288410673,-150.));
#3446 = CARTESIAN_POINT('',(73.82341722644,-149.9044368292));
#3447 = CARTESIAN_POINT('',(74.706604729825,-149.7132509708));
#3448 = CARTESIAN_POINT('',(75.564332760656,-149.428832087));
#3449 = CARTESIAN_POINT('',(76.384528786595,-149.0553391876));
#3450 = CARTESIAN_POINT('',(77.530859468372,-148.3777117668));
#3451 = CARTESIAN_POINT('',(77.89437854328,-148.1364966833));
#3452 = CARTESIAN_POINT('',(78.245082395619,-147.8765107624));
#3453 = CARTESIAN_POINT('',(78.581759432636,-147.5985986576));
#3454 = CARTESIAN_POINT('',(78.903273346932,-147.3037082315));
#3455 = CARTESIAN_POINT('',(79.511710014683,-146.6842601436));
#3456 = CARTESIAN_POINT('',(79.798866617461,-146.3599190131));
#3457 = CARTESIAN_POINT('',(80.068998139324,-146.0208992379));
#3458 = CARTESIAN_POINT('',(80.321164618293,-145.6683114002));
#3459 = CARTESIAN_POINT('',(80.554524777276,-145.3033459116));
#3460 = CARTESIAN_POINT('',(81.192874359186,-144.1805636897));
#3461 = CARTESIAN_POINT('',(81.540439762328,-143.3899080251));
#3462 = CARTESIAN_POINT('',(81.805049236362,-142.5654692006));
#3463 = CARTESIAN_POINT('',(81.982902953162,-141.7180603321));
#3464 = CARTESIAN_POINT('',(82.071801031821,-140.8589513797));
#3465 = CARTESIAN_POINT('',(82.071801031821,-140.));
#3466 = ( GEOMETRIC_REPRESENTATION_CONTEXT(2) 
PARAMETRIC_REPRESENTATION_CONTEXT() REPRESENTATION_CONTEXT('2D SPACE',''
  ) );
#3467 = PCURVE('',#3468,#3473);
#3468 = TOROIDAL_SURFACE('',#3469,1.01E+03,10.);
#3469 = AXIS2_PLACEMENT_3D('',#3470,#3471,#3472);
#3470 = CARTESIAN_POINT('',(0.,60.,1.068E+03));
#3471 = DIRECTION('',(-0.,1.,0.));
#3472 = DIRECTION('',(0.136,0.,-0.990708837146));
#3473 = DEFINITIONAL_REPRESENTATION('',(#3474),#3497);
#3474 = B_SPLINE_CURVE_WITH_KNOTS('',6,(#3475,#3476,#3477,#3478,#3479,
    #3480,#3481,#3482,#3483,#3484,#3485,#3486,#3487,#3488,#3489,#3490,
    #3491,#3492,#3493,#3494,#3495,#3496),.UNSPECIFIED.,.F.,.F.,(7,5,5,5,
    7),(0.,0.341549265033,0.507633656085,0.672550268913,1.),
  .UNSPECIFIED.);
#3475 = CARTESIAN_POINT('',(4.704640102991E-02,1.570796326795));
#3476 = CARTESIAN_POINT('',(4.696722133199E-02,1.660035171897));
#3477 = CARTESIAN_POINT('',(4.688785921982E-02,1.749289328487));
#3478 = CARTESIAN_POINT('',(4.680947209743E-02,1.838534613544));
#3479 = CARTESIAN_POINT('',(4.673318181726E-02,1.927798842441));
#3480 = CARTESIAN_POINT('',(4.666008622377E-02,2.017109517034));
#3481 = CARTESIAN_POINT('',(4.655774906609E-02,2.1498753732));
#3482 = CARTESIAN_POINT('',(4.652526651105E-02,2.193321168101));
#3483 = CARTESIAN_POINT('',(4.649390154067E-02,2.236774834463));
#3484 = CARTESIAN_POINT('',(4.646376623631E-02,2.28023732223));
#3485 = CARTESIAN_POINT('',(4.643496627015E-02,2.323709394243));
#3486 = CARTESIAN_POINT('',(4.638042719646E-02,2.410365012253));
#3487 = CARTESIAN_POINT('',(4.635466740547E-02,2.453549371278));
#3488 = CARTESIAN_POINT('',(4.633041793412E-02,2.496742097769));
#3489 = CARTESIAN_POINT('',(4.630776701145E-02,2.539943540882));
#3490 = CARTESIAN_POINT('',(4.628679392021E-02,2.583153862796));
#3491 = CARTESIAN_POINT('',(4.622939582623E-02,2.712182038247));
#3492 = CARTESIAN_POINT('',(4.619810531241E-02,2.798039226491));
#3493 = CARTESIAN_POINT('',(4.617426143957E-02,2.883904068063));
#3494 = CARTESIAN_POINT('',(4.615822791929E-02,2.969786862565));
#3495 = CARTESIAN_POINT('',(4.615021375881E-02,3.055697515618));
#3496 = CARTESIAN_POINT('',(4.615021375881E-02,3.14159265359));
#3497 = ( GEOMETRIC_REPRESENTATION_CONTEXT(2) 
PARAMETRIC_REPRESENTATION_CONTEXT() REPRESENTATION_CONTEXT('2D SPACE',''
  ) );
#3498 = ORIENTED_EDGE('',*,*,#3499,.T.);
#3499 = EDGE_CURVE('',#3415,#3500,#3502,.T.);
#3500 = VERTEX_POINT('',#3501);
#3501 = CARTESIAN_POINT('',(90.15,-60.,72.071801031821));
#3502 = SURFACE_CURVE('',#3503,(#3507,#3513),.PCURVE_S1.);
#3503 = LINE('',#3504,#3505);
#3504 = CARTESIAN_POINT('',(90.15,85.,72.071801031821));
#3505 = VECTOR('',#3506,1.);
#3506 = DIRECTION('',(0.,-1.,2.22044604925E-16));
#3507 = PCURVE('',#3366,#3508);
#3508 = DEFINITIONAL_REPRESENTATION('',(#3509),#3512);
#3509 = B_SPLINE_CURVE_WITH_KNOTS('',1,(#3510,#3511),.UNSPECIFIED.,.F.,
  .F.,(2,2),(24.9999994,145.0000006),.PIECEWISE_BEZIER_KNOTS.);
#3510 = CARTESIAN_POINT('',(82.071801031821,-140.0000006));
#3511 = CARTESIAN_POINT('',(82.071801031821,-19.99999939999));
#3512 = ( GEOMETRIC_REPRESENTATION_CONTEXT(2) 
PARAMETRIC_REPRESENTATION_CONTEXT() REPRESENTATION_CONTEXT('2D SPACE',''
  ) );
#3513 = PCURVE('',#3514,#3519);
#3514 = CYLINDRICAL_SURFACE('',#3515,1.E+03);
#3515 = AXIS2_PLACEMENT_3D('',#3516,#3517,#3518);
#3516 = CARTESIAN_POINT('',(0.,85.,1.068E+03));
#3517 = DIRECTION('',(0.,-1.,2.22044604925E-16));
#3518 = DIRECTION('',(1.,0.,0.));
#3519 = DEFINITIONAL_REPRESENTATION('',(#3520),#3523);
#3520 = B_SPLINE_CURVE_WITH_KNOTS('',1,(#3521,#3522),.UNSPECIFIED.,.F.,
  .F.,(2,2),(24.9999994,145.0000006),.PIECEWISE_BEZIER_KNOTS.);
#3521 = CARTESIAN_POINT('',(4.80266153764,24.9999994));
#3522 = CARTESIAN_POINT('',(4.80266153764,145.0000006));
#3523 = ( GEOMETRIC_REPRESENTATION_CONTEXT(2) 
PARAMETRIC_REPRESENTATION_CONTEXT() REPRESENTATION_CONTEXT('2D SPACE',''
  ) );
#3524 = ORIENTED_EDGE('',*,*,#3525,.F.);
#3525 = EDGE_CURVE('',#3526,#3500,#3528,.T.);
#3526 = VERTEX_POINT('',#3527);
#3527 = CARTESIAN_POINT('',(90.15,-70.,62.031323797803));
#3528 = SURFACE_CURVE('',#3529,(#3552,#3578),.PCURVE_S1.);
#3529 = B_SPLINE_CURVE_WITH_KNOTS('',6,(#3530,#3531,#3532,#3533,#3534,
    #3535,#3536,#3537,#3538,#3539,#3540,#3541,#3542,#3543,#3544,#3545,
    #3546,#3547,#3548,#3549,#3550,#3551),.UNSPECIFIED.,.F.,.F.,(7,5,5,5,
    7),(0.,0.341549265033,0.507633656085,0.672550268913,1.),
  .UNSPECIFIED.);
#3530 = CARTESIAN_POINT('',(90.15,-70.,62.031323797803));
#3531 = CARTESIAN_POINT('',(90.15,-70.,62.927288410673));
#3532 = CARTESIAN_POINT('',(90.15,-69.90443682927,63.82341722644));
#3533 = CARTESIAN_POINT('',(90.15,-69.7132509708,64.706604729825));
#3534 = CARTESIAN_POINT('',(90.15,-69.42883208701,65.564332760656));
#3535 = CARTESIAN_POINT('',(90.15,-69.05533918763,66.384528786595));
#3536 = CARTESIAN_POINT('',(90.15,-68.37771176689,67.530859468372));
#3537 = CARTESIAN_POINT('',(90.15,-68.1364966833,67.89437854328));
#3538 = CARTESIAN_POINT('',(90.15,-67.87651076243,68.245082395619));
#3539 = CARTESIAN_POINT('',(90.15,-67.59859865766,68.581759432636));
#3540 = CARTESIAN_POINT('',(90.15,-67.30370823157,68.903273346932));
#3541 = CARTESIAN_POINT('',(90.15,-66.68426014363,69.511710014683));
#3542 = CARTESIAN_POINT('',(90.15,-66.35991901317,69.798866617461));
#3543 = CARTESIAN_POINT('',(90.15,-66.02089923792,70.068998139324));
#3544 = CARTESIAN_POINT('',(90.15,-65.66831140028,70.321164618293));
#3545 = CARTESIAN_POINT('',(90.15,-65.30334591164,70.554524777275));
#3546 = CARTESIAN_POINT('',(90.15,-64.18056368977,71.192874359186));
#3547 = CARTESIAN_POINT('',(90.15,-63.38990802513,71.540439762328));
#3548 = CARTESIAN_POINT('',(90.15,-62.56546920069,71.805049236362));
#3549 = CARTESIAN_POINT('',(90.15,-61.71806033217,71.982902953162));
#3550 = CARTESIAN_POINT('',(90.15,-60.85895137971,72.071801031821));
#3551 = CARTESIAN_POINT('',(90.15,-60.,72.071801031821));
#3552 = PCURVE('',#3366,#3553);
#3553 = DEFINITIONAL_REPRESENTATION('',(#3554),#3577);
#3554 = B_SPLINE_CURVE_WITH_KNOTS('',6,(#3555,#3556,#3557,#3558,#3559,
    #3560,#3561,#3562,#3563,#3564,#3565,#3566,#3567,#3568,#3569,#3570,
    #3571,#3572,#3573,#3574,#3575,#3576),.UNSPECIFIED.,.F.,.F.,(7,5,5,5,
    7),(0.,0.341549265033,0.507633656085,0.672550268913,1.),
  .UNSPECIFIED.);
#3555 = CARTESIAN_POINT('',(72.031323797803,-10.));
#3556 = CARTESIAN_POINT('',(72.927288410673,-10.));
#3557 = CARTESIAN_POINT('',(73.82341722644,-10.09556317072));
#3558 = CARTESIAN_POINT('',(74.706604729825,-10.28674902919));
#3559 = CARTESIAN_POINT('',(75.564332760656,-10.57116791298));
#3560 = CARTESIAN_POINT('',(76.384528786595,-10.94466081236));
#3561 = CARTESIAN_POINT('',(77.530859468372,-11.6222882331));
#3562 = CARTESIAN_POINT('',(77.89437854328,-11.86350331669));
#3563 = CARTESIAN_POINT('',(78.245082395619,-12.12348923756));
#3564 = CARTESIAN_POINT('',(78.581759432636,-12.40140134234));
#3565 = CARTESIAN_POINT('',(78.903273346932,-12.69629176843));
#3566 = CARTESIAN_POINT('',(79.511710014683,-13.31573985636));
#3567 = CARTESIAN_POINT('',(79.798866617461,-13.64008098682));
#3568 = CARTESIAN_POINT('',(80.068998139324,-13.97910076207));
#3569 = CARTESIAN_POINT('',(80.321164618293,-14.33168859971));
#3570 = CARTESIAN_POINT('',(80.554524777275,-14.69665408835));
#3571 = CARTESIAN_POINT('',(81.192874359186,-15.81943631022));
#3572 = CARTESIAN_POINT('',(81.540439762328,-16.61009197487));
#3573 = CARTESIAN_POINT('',(81.805049236362,-17.4345307993));
#3574 = CARTESIAN_POINT('',(81.982902953162,-18.28193966782));
#3575 = CARTESIAN_POINT('',(82.071801031821,-19.14104862028));
#3576 = CARTESIAN_POINT('',(82.071801031821,-20.));
#3577 = ( GEOMETRIC_REPRESENTATION_CONTEXT(2) 
PARAMETRIC_REPRESENTATION_CONTEXT() REPRESENTATION_CONTEXT('2D SPACE',''
  ) );
#3578 = PCURVE('',#3579,#3584);
#3579 = TOROIDAL_SURFACE('',#3580,1.01E+03,10.);
#3580 = AXIS2_PLACEMENT_3D('',#3581,#3582,#3583);
#3581 = CARTESIAN_POINT('',(0.,-60.,1.068E+03));
#3582 = DIRECTION('',(0.,-1.,-0.));
#3583 = DIRECTION('',(-0.136,0.,-0.990708837146));
#3584 = DEFINITIONAL_REPRESENTATION('',(#3585),#3608);
#3585 = B_SPLINE_CURVE_WITH_KNOTS('',6,(#3586,#3587,#3588,#3589,#3590,
    #3591,#3592,#3593,#3594,#3595,#3596,#3597,#3598,#3599,#3600,#3601,
    #3602,#3603,#3604,#3605,#3606,#3607),.UNSPECIFIED.,.F.,.F.,(7,5,5,5,
    7),(0.,0.341549265033,0.507633656085,0.672550268913,1.),
  .UNSPECIFIED.);
#3586 = CARTESIAN_POINT('',(0.225799140999,1.570796326795));
#3587 = CARTESIAN_POINT('',(0.225878320697,1.660035171897));
#3588 = CARTESIAN_POINT('',(0.225957682809,1.749289328487));
#3589 = CARTESIAN_POINT('',(0.226036069932,1.838534613544));
#3590 = CARTESIAN_POINT('',(0.226112360212,1.927798842441));
#3591 = CARTESIAN_POINT('',(0.226185455805,2.017109517034));
#3592 = CARTESIAN_POINT('',(0.226287792963,2.1498753732));
#3593 = CARTESIAN_POINT('',(0.226320275518,2.193321168101));
#3594 = CARTESIAN_POINT('',(0.226351640488,2.236774834463));
#3595 = CARTESIAN_POINT('',(0.226381775793,2.28023732223));
#3596 = CARTESIAN_POINT('',(0.226410575759,2.323709394243));
#3597 = CARTESIAN_POINT('',(0.226465114833,2.410365012253));
#3598 = CARTESIAN_POINT('',(0.226490874624,2.453549371278));
#3599 = CARTESIAN_POINT('',(0.226515124095,2.496742097769));
#3600 = CARTESIAN_POINT('',(0.226537775018,2.539943540882));
#3601 = CARTESIAN_POINT('',(0.226558748109,2.583153862796));
#3602 = CARTESIAN_POINT('',(0.226616146203,2.712182038247));
#3603 = CARTESIAN_POINT('',(0.226647436717,2.798039226491));
#3604 = CARTESIAN_POINT('',(0.22667128059,2.883904068063));
#3605 = CARTESIAN_POINT('',(0.22668731411,2.969786862565));
#3606 = CARTESIAN_POINT('',(0.22669532827,3.055697515618));
#3607 = CARTESIAN_POINT('',(0.22669532827,3.14159265359));
#3608 = ( GEOMETRIC_REPRESENTATION_CONTEXT(2) 
PARAMETRIC_REPRESENTATION_CONTEXT() REPRESENTATION_CONTEXT('2D SPACE',''
  ) );
#3609 = ORIENTED_EDGE('',*,*,#3610,.F.);
#3610 = EDGE_CURVE('',#3611,#3526,#3613,.T.);
#3611 = VERTEX_POINT('',#3612);
#3612 = CARTESIAN_POINT('',(90.15,-70.,0.));
#3613 = SURFACE_CURVE('',#3614,(#3618,#3624),.PCURVE_S1.);
#3614 = LINE('',#3615,#3616);
#3615 = CARTESIAN_POINT('',(90.15,-70.,-5.));
#3616 = VECTOR('',#3617,1.);
#3617 = DIRECTION('',(0.,0.,1.));
#3618 = PCURVE('',#3366,#3619);
#3619 = DEFINITIONAL_REPRESENTATION('',(#3620),#3623);
#3620 = B_SPLINE_CURVE_WITH_KNOTS('',1,(#3621,#3622),.UNSPECIFIED.,.F.,
  .F.,(2,2),(5.,72.198321344334),.PIECEWISE_BEZIER_KNOTS.);
#3621 = CARTESIAN_POINT('',(10.,-10.));
#3622 = CARTESIAN_POINT('',(77.198321344334,-10.));
#3623 = ( GEOMETRIC_REPRESENTATION_CONTEXT(2) 
PARAMETRIC_REPRESENTATION_CONTEXT() REPRESENTATION_CONTEXT('2D SPACE',''
  ) );
#3624 = PCURVE('',#3625,#3630);
#3625 = PLANE('',#3626);
#3626 = AXIS2_PLACEMENT_3D('',#3627,#3628,#3629);
#3627 = CARTESIAN_POINT('',(-150.,-70.,0.));
#3628 = DIRECTION('',(-0.,1.,0.));
#3629 = DIRECTION('',(0.,0.,1.));
#3630 = DEFINITIONAL_REPRESENTATION('',(#3631),#3634);
#3631 = B_SPLINE_CURVE_WITH_KNOTS('',1,(#3632,#3633),.UNSPECIFIED.,.F.,
  .F.,(2,2),(5.,72.198321344334),.PIECEWISE_BEZIER_KNOTS.);
#3632 = CARTESIAN_POINT('',(0.,240.15));
#3633 = CARTESIAN_POINT('',(67.198321344334,240.15));
#3634 = ( GEOMETRIC_REPRESENTATION_CONTEXT(2) 
PARAMETRIC_REPRESENTATION_CONTEXT() REPRESENTATION_CONTEXT('2D SPACE',''
  ) );
#3635 = ORIENTED_EDGE('',*,*,#3636,.F.);
#3636 = EDGE_CURVE('',#3637,#3611,#3639,.T.);
#3637 = VERTEX_POINT('',#3638);
#3638 = CARTESIAN_POINT('',(90.15,-67.,0.));
#3639 = SURFACE_CURVE('',#3640,(#3644,#3650),.PCURVE_S1.);
#3640 = LINE('',#3641,#3642);
#3641 = CARTESIAN_POINT('',(90.15,-75.,0.));
#3642 = VECTOR('',#3643,1.);
#3643 = DIRECTION('',(0.,-1.,0.));
#3644 = PCURVE('',#3366,#3645);
#3645 = DEFINITIONAL_REPRESENTATION('',(#3646),#3649);
#3646 = B_SPLINE_CURVE_WITH_KNOTS('',1,(#3647,#3648),.UNSPECIFIED.,.F.,
  .F.,(2,2),(-145.,-5.),.PIECEWISE_BEZIER_KNOTS.);
#3647 = CARTESIAN_POINT('',(10.,-150.));
#3648 = CARTESIAN_POINT('',(10.,-10.));
#3649 = ( GEOMETRIC_REPRESENTATION_CONTEXT(2) 
PARAMETRIC_REPRESENTATION_CONTEXT() REPRESENTATION_CONTEXT('2D SPACE',''
  ) );
#3650 = PCURVE('',#3377,#3651);
#3651 = DEFINITIONAL_REPRESENTATION('',(#3652),#3655);
#3652 = B_SPLINE_CURVE_WITH_KNOTS('',1,(#3653,#3654),.UNSPECIFIED.,.F.,
  .F.,(2,2),(-145.,-5.),.PIECEWISE_BEZIER_KNOTS.);
#3653 = CARTESIAN_POINT('',(240.15,140.));
#3654 = CARTESIAN_POINT('',(240.15,0.));
#3655 = ( GEOMETRIC_REPRESENTATION_CONTEXT(2) 
PARAMETRIC_REPRESENTATION_CONTEXT() REPRESENTATION_CONTEXT('2D SPACE',''
  ) );
#3656 = ORIENTED_EDGE('',*,*,#3657,.T.);
#3657 = EDGE_CURVE('',#3637,#3658,#3660,.T.);
#3658 = VERTEX_POINT('',#3659);
#3659 = CARTESIAN_POINT('',(90.15,-67.,4.));
#3660 = SURFACE_CURVE('',#3661,(#3665,#3671),.PCURVE_S1.);
#3661 = LINE('',#3662,#3663);
#3662 = CARTESIAN_POINT('',(90.15,-67.,-5.5));
#3663 = VECTOR('',#3664,1.);
#3664 = DIRECTION('',(0.,0.,1.));
#3665 = PCURVE('',#3366,#3666);
#3666 = DEFINITIONAL_REPRESENTATION('',(#3667),#3670);
#3667 = B_SPLINE_CURVE_WITH_KNOTS('',1,(#3668,#3669),.UNSPECIFIED.,.F.,
  .F.,(2,2),(5.5,9.5),.PIECEWISE_BEZIER_KNOTS.);
#3668 = CARTESIAN_POINT('',(10.,-13.));
#3669 = CARTESIAN_POINT('',(14.,-13.));
#3670 = ( GEOMETRIC_REPRESENTATION_CONTEXT(2) 
PARAMETRIC_REPRESENTATION_CONTEXT() REPRESENTATION_CONTEXT('2D SPACE',''
  ) );
#3671 = PCURVE('',#3672,#3677);
#3672 = PLANE('',#3673);
#3673 = AXIS2_PLACEMENT_3D('',#3674,#3675,#3676);
#3674 = CARTESIAN_POINT('',(-121.,-67.,-1.));
#3675 = DIRECTION('',(-0.,1.,0.));
#3676 = DIRECTION('',(0.,0.,1.));
#3677 = DEFINITIONAL_REPRESENTATION('',(#3678),#3681);
#3678 = B_SPLINE_CURVE_WITH_KNOTS('',1,(#3679,#3680),.UNSPECIFIED.,.F.,
  .F.,(2,2),(5.5,9.5),.PIECEWISE_BEZIER_KNOTS.);
#3679 = CARTESIAN_POINT('',(1.,211.15));
#3680 = CARTESIAN_POINT('',(5.,211.15));
#3681 = ( GEOMETRIC_REPRESENTATION_CONTEXT(2) 
PARAMETRIC_REPRESENTATION_CONTEXT() REPRESENTATION_CONTEXT('2D SPACE',''
  ) );
#3682 = ORIENTED_EDGE('',*,*,#3683,.F.);
#3683 = EDGE_CURVE('',#3684,#3658,#3686,.T.);
#3684 = VERTEX_POINT('',#3685);
#3685 = CARTESIAN_POINT('',(90.15,-56.,4.));
#3686 = SURFACE_CURVE('',#3687,(#3691,#3697),.PCURVE_S1.);
#3687 = LINE('',#3688,#3689);
#3688 = CARTESIAN_POINT('',(90.15,-73.5,4.));
#3689 = VECTOR('',#3690,1.);
#3690 = DIRECTION('',(0.,-1.,0.));
#3691 = PCURVE('',#3366,#3692);
#3692 = DEFINITIONAL_REPRESENTATION('',(#3693),#3696);
#3693 = B_SPLINE_CURVE_WITH_KNOTS('',1,(#3694,#3695),.UNSPECIFIED.,.F.,
  .F.,(2,2),(-140.5,-6.5),.PIECEWISE_BEZIER_KNOTS.);
#3694 = CARTESIAN_POINT('',(14.,-147.));
#3695 = CARTESIAN_POINT('',(14.,-13.));
#3696 = ( GEOMETRIC_REPRESENTATION_CONTEXT(2) 
PARAMETRIC_REPRESENTATION_CONTEXT() REPRESENTATION_CONTEXT('2D SPACE',''
  ) );
#3697 = PCURVE('',#3698,#3703);
#3698 = PLANE('',#3699);
#3699 = AXIS2_PLACEMENT_3D('',#3700,#3701,#3702);
#3700 = CARTESIAN_POINT('',(-121.,-67.,4.));
#3701 = DIRECTION('',(0.,0.,1.));
#3702 = DIRECTION('',(1.,0.,-0.));
#3703 = DEFINITIONAL_REPRESENTATION('',(#3704),#3707);
#3704 = B_SPLINE_CURVE_WITH_KNOTS('',1,(#3705,#3706),.UNSPECIFIED.,.F.,
  .F.,(2,2),(-140.5,-6.5),.PIECEWISE_BEZIER_KNOTS.);
#3705 = CARTESIAN_POINT('',(211.15,134.));
#3706 = CARTESIAN_POINT('',(211.15,0.));
#3707 = ( GEOMETRIC_REPRESENTATION_CONTEXT(2) 
PARAMETRIC_REPRESENTATION_CONTEXT() REPRESENTATION_CONTEXT('2D SPACE',''
  ) );
#3708 = ORIENTED_EDGE('',*,*,#3709,.T.);
#3709 = EDGE_CURVE('',#3684,#3710,#3712,.T.);
#3710 = VERTEX_POINT('',#3711);
#3711 = CARTESIAN_POINT('',(90.15,-56.,53.));
#3712 = SURFACE_CURVE('',#3713,(#3717,#3723),.PCURVE_S1.);
#3713 = LINE('',#3714,#3715);
#3714 = CARTESIAN_POINT('',(90.15,-56.,-3.));
#3715 = VECTOR('',#3716,1.);
#3716 = DIRECTION('',(0.,0.,1.));
#3717 = PCURVE('',#3366,#3718);
#3718 = DEFINITIONAL_REPRESENTATION('',(#3719),#3722);
#3719 = B_SPLINE_CURVE_WITH_KNOTS('',1,(#3720,#3721),.UNSPECIFIED.,.F.,
  .F.,(2,2),(7.,56.),.PIECEWISE_BEZIER_KNOTS.);
#3720 = CARTESIAN_POINT('',(14.,-24.));
#3721 = CARTESIAN_POINT('',(63.,-24.));
#3722 = ( GEOMETRIC_REPRESENTATION_CONTEXT(2) 
PARAMETRIC_REPRESENTATION_CONTEXT() REPRESENTATION_CONTEXT('2D SPACE',''
  ) );
#3723 = PCURVE('',#3724,#3729);
#3724 = PLANE('',#3725);
#3725 = AXIS2_PLACEMENT_3D('',#3726,#3727,#3728);
#3726 = CARTESIAN_POINT('',(-107.,-56.,4.));
#3727 = DIRECTION('',(-0.,1.,0.));
#3728 = DIRECTION('',(0.,0.,1.));
#3729 = DEFINITIONAL_REPRESENTATION('',(#3730),#3733);
#3730 = B_SPLINE_CURVE_WITH_KNOTS('',1,(#3731,#3732),.UNSPECIFIED.,.F.,
  .F.,(2,2),(7.,56.),.PIECEWISE_BEZIER_KNOTS.);
#3731 = CARTESIAN_POINT('',(0.,197.15));
#3732 = CARTESIAN_POINT('',(49.,197.15));
#3733 = ( GEOMETRIC_REPRESENTATION_CONTEXT(2) 
PARAMETRIC_REPRESENTATION_CONTEXT() REPRESENTATION_CONTEXT('2D SPACE',''
  ) );
#3734 = ORIENTED_EDGE('',*,*,#3735,.F.);
#3735 = EDGE_CURVE('',#3736,#3710,#3738,.T.);
#3736 = VERTEX_POINT('',#3737);
#3737 = CARTESIAN_POINT('',(90.15,56.,53.));
#3738 = SURFACE_CURVE('',#3739,(#3743,#3749),.PCURVE_S1.);
#3739 = LINE('',#3740,#3741);
#3740 = CARTESIAN_POINT('',(90.15,-68.,53.));
#3741 = VECTOR('',#3742,1.);
#3742 = DIRECTION('',(0.,-1.,0.));
#3743 = PCURVE('',#3366,#3744);
#3744 = DEFINITIONAL_REPRESENTATION('',(#3745),#3748);
#3745 = B_SPLINE_CURVE_WITH_KNOTS('',1,(#3746,#3747),.UNSPECIFIED.,.F.,
  .F.,(2,2),(-124.,-12.),.PIECEWISE_BEZIER_KNOTS.);
#3746 = CARTESIAN_POINT('',(63.,-136.));
#3747 = CARTESIAN_POINT('',(63.,-24.));
#3748 = ( GEOMETRIC_REPRESENTATION_CONTEXT(2) 
PARAMETRIC_REPRESENTATION_CONTEXT() REPRESENTATION_CONTEXT('2D SPACE',''
  ) );
#3749 = PCURVE('',#3750,#3755);
#3750 = PLANE('',#3751);
#3751 = AXIS2_PLACEMENT_3D('',#3752,#3753,#3754);
#3752 = CARTESIAN_POINT('',(-107.,-56.,53.));
#3753 = DIRECTION('',(0.,0.,1.));
#3754 = DIRECTION('',(1.,0.,-0.));
#3755 = DEFINITIONAL_REPRESENTATION('',(#3756),#3759);
#3756 = B_SPLINE_CURVE_WITH_KNOTS('',1,(#3757,#3758),.UNSPECIFIED.,.F.,
  .F.,(2,2),(-124.,-12.),.PIECEWISE_BEZIER_KNOTS.);
#3757 = CARTESIAN_POINT('',(197.15,112.));
#3758 = CARTESIAN_POINT('',(197.15,0.));
#3759 = ( GEOMETRIC_REPRESENTATION_CONTEXT(2) 
PARAMETRIC_REPRESENTATION_CONTEXT() REPRESENTATION_CONTEXT('2D SPACE',''
  ) );
#3760 = ORIENTED_EDGE('',*,*,#3761,.F.);
#3761 = EDGE_CURVE('',#3762,#3736,#3764,.T.);
#3762 = VERTEX_POINT('',#3763);
#3763 = CARTESIAN_POINT('',(90.15,56.,4.));
#3764 = SURFACE_CURVE('',#3765,(#3769,#3775),.PCURVE_S1.);
#3765 = LINE('',#3766,#3767);
#3766 = CARTESIAN_POINT('',(90.15,56.,-3.));
#3767 = VECTOR('',#3768,1.);
#3768 = DIRECTION('',(0.,0.,1.));
#3769 = PCURVE('',#3366,#3770);
#3770 = DEFINITIONAL_REPRESENTATION('',(#3771),#3774);
#3771 = B_SPLINE_CURVE_WITH_KNOTS('',1,(#3772,#3773),.UNSPECIFIED.,.F.,
  .F.,(2,2),(7.,56.),.PIECEWISE_BEZIER_KNOTS.);
#3772 = CARTESIAN_POINT('',(14.,-136.));
#3773 = CARTESIAN_POINT('',(63.,-136.));
#3774 = ( GEOMETRIC_REPRESENTATION_CONTEXT(2) 
PARAMETRIC_REPRESENTATION_CONTEXT() REPRESENTATION_CONTEXT('2D SPACE',''
  ) );
#3775 = PCURVE('',#3776,#3781);
#3776 = PLANE('',#3777);
#3777 = AXIS2_PLACEMENT_3D('',#3778,#3779,#3780);
#3778 = CARTESIAN_POINT('',(-107.,56.,4.));
#3779 = DIRECTION('',(-0.,1.,0.));
#3780 = DIRECTION('',(0.,0.,1.));
#3781 = DEFINITIONAL_REPRESENTATION('',(#3782),#3785);
#3782 = B_SPLINE_CURVE_WITH_KNOTS('',1,(#3783,#3784),.UNSPECIFIED.,.F.,
  .F.,(2,2),(7.,56.),.PIECEWISE_BEZIER_KNOTS.);
#3783 = CARTESIAN_POINT('',(0.,197.15));
#3784 = CARTESIAN_POINT('',(49.,197.15));
#3785 = ( GEOMETRIC_REPRESENTATION_CONTEXT(2) 
PARAMETRIC_REPRESENTATION_CONTEXT() REPRESENTATION_CONTEXT('2D SPACE',''
  ) );
#3786 = ORIENTED_EDGE('',*,*,#3787,.F.);
#3787 = EDGE_CURVE('',#3788,#3762,#3790,.T.);
#3788 = VERTEX_POINT('',#3789);
#3789 = CARTESIAN_POINT('',(90.15,67.,4.));
#3790 = SURFACE_CURVE('',#3791,(#3795,#3801),.PCURVE_S1.);
#3791 = LINE('',#3792,#3793);
#3792 = CARTESIAN_POINT('',(90.15,-73.5,4.));
#3793 = VECTOR('',#3794,1.);
#3794 = DIRECTION('',(0.,-1.,0.));
#3795 = PCURVE('',#3366,#3796);
#3796 = DEFINITIONAL_REPRESENTATION('',(#3797),#3800);
#3797 = B_SPLINE_CURVE_WITH_KNOTS('',1,(#3798,#3799),.UNSPECIFIED.,.F.,
  .F.,(2,2),(-140.5,-6.5),.PIECEWISE_BEZIER_KNOTS.);
#3798 = CARTESIAN_POINT('',(14.,-147.));
#3799 = CARTESIAN_POINT('',(14.,-13.));
#3800 = ( GEOMETRIC_REPRESENTATION_CONTEXT(2) 
PARAMETRIC_REPRESENTATION_CONTEXT() REPRESENTATION_CONTEXT('2D SPACE',''
  ) );
#3801 = PCURVE('',#3698,#3802);
#3802 = DEFINITIONAL_REPRESENTATION('',(#3803),#3806);
#3803 = B_SPLINE_CURVE_WITH_KNOTS('',1,(#3804,#3805),.UNSPECIFIED.,.F.,
  .F.,(2,2),(-140.5,-6.5),.PIECEWISE_BEZIER_KNOTS.);
#3804 = CARTESIAN_POINT('',(211.15,134.));
#3805 = CARTESIAN_POINT('',(211.15,0.));
#3806 = ( GEOMETRIC_REPRESENTATION_CONTEXT(2) 
PARAMETRIC_REPRESENTATION_CONTEXT() REPRESENTATION_CONTEXT('2D SPACE',''
  ) );
#3807 = ORIENTED_EDGE('',*,*,#3808,.F.);
#3808 = EDGE_CURVE('',#3358,#3788,#3809,.T.);
#3809 = SURFACE_CURVE('',#3810,(#3814,#3820),.PCURVE_S1.);
#3810 = LINE('',#3811,#3812);
#3811 = CARTESIAN_POINT('',(90.15,67.,-5.5));
#3812 = VECTOR('',#3813,1.);
#3813 = DIRECTION('',(0.,0.,1.));
#3814 = PCURVE('',#3366,#3815);
#3815 = DEFINITIONAL_REPRESENTATION('',(#3816),#3819);
#3816 = B_SPLINE_CURVE_WITH_KNOTS('',1,(#3817,#3818),.UNSPECIFIED.,.F.,
  .F.,(2,2),(5.5,9.5),.PIECEWISE_BEZIER_KNOTS.);
#3817 = CARTESIAN_POINT('',(10.,-147.));
#3818 = CARTESIAN_POINT('',(14.,-147.));
#3819 = ( GEOMETRIC_REPRESENTATION_CONTEXT(2) 
PARAMETRIC_REPRESENTATION_CONTEXT() REPRESENTATION_CONTEXT('2D SPACE',''
  ) );
#3820 = PCURVE('',#3821,#3826);
#3821 = PLANE('',#3822);
#3822 = AXIS2_PLACEMENT_3D('',#3823,#3824,#3825);
#3823 = CARTESIAN_POINT('',(-121.,67.,-1.));
#3824 = DIRECTION('',(-0.,1.,0.));
#3825 = DIRECTION('',(0.,0.,1.));
#3826 = DEFINITIONAL_REPRESENTATION('',(#3827),#3830);
#3827 = B_SPLINE_CURVE_WITH_KNOTS('',1,(#3828,#3829),.UNSPECIFIED.,.F.,
  .F.,(2,2),(5.5,9.5),.PIECEWISE_BEZIER_KNOTS.);
#3828 = CARTESIAN_POINT('',(1.,211.15));
#3829 = CARTESIAN_POINT('',(5.,211.15));
#3830 = ( GEOMETRIC_REPRESENTATION_CONTEXT(2) 
PARAMETRIC_REPRESENTATION_CONTEXT() REPRESENTATION_CONTEXT('2D SPACE',''
  ) );
#3831 = FACE_BOUND('',#3832,.F.);
#3832 = EDGE_LOOP('',(#3833));
#3833 = ORIENTED_EDGE('',*,*,#3834,.F.);
#3834 = EDGE_CURVE('',#3835,#3835,#3837,.T.);
#3835 = VERTEX_POINT('',#3836);
#3836 = CARTESIAN_POINT('',(90.15,36.,56.8));
#3837 = SURFACE_CURVE('',#3838,(#3843,#3850),.PCURVE_S1.);
#3838 = CIRCLE('',#3839,3.2);
#3839 = AXIS2_PLACEMENT_3D('',#3840,#3841,#3842);
#3840 = CARTESIAN_POINT('',(90.15,36.,60.));
#3841 = DIRECTION('',(1.,0.,2.22044604925E-16));
#3842 = DIRECTION('',(2.22044604925E-16,0.,-1.));
#3843 = PCURVE('',#3366,#3844);
#3844 = DEFINITIONAL_REPRESENTATION('',(#3845),#3849);
#3845 = CIRCLE('',#3846,3.2);
#3846 = AXIS2_PLACEMENT_2D('',#3847,#3848);
#3847 = CARTESIAN_POINT('',(70.,-116.));
#3848 = DIRECTION('',(-1.,0.));
#3849 = ( GEOMETRIC_REPRESENTATION_CONTEXT(2) 
PARAMETRIC_REPRESENTATION_CONTEXT() REPRESENTATION_CONTEXT('2D SPACE',''
  ) );
#3850 = PCURVE('',#3851,#3856);
#3851 = CYLINDRICAL_SURFACE('',#3852,3.2);
#3852 = AXIS2_PLACEMENT_3D('',#3853,#3854,#3855);
#3853 = CARTESIAN_POINT('',(80.,36.,60.));
#3854 = DIRECTION('',(1.,0.,2.22044604925E-16));
#3855 = DIRECTION('',(2.22044604925E-16,0.,-1.));
#3856 = DEFINITIONAL_REPRESENTATION('',(#3857),#3861);
#3857 = LINE('',#3858,#3859);
#3858 = CARTESIAN_POINT('',(0.,10.15));
#3859 = VECTOR('',#3860,1.);
#3860 = DIRECTION('',(1.,0.));
#3861 = ( GEOMETRIC_REPRESENTATION_CONTEXT(2) 
PARAMETRIC_REPRESENTATION_CONTEXT() REPRESENTATION_CONTEXT('2D SPACE',''
  ) );
#3862 = FACE_BOUND('',#3863,.F.);
#3863 = EDGE_LOOP('',(#3864));
#3864 = ORIENTED_EDGE('',*,*,#3865,.F.);
#3865 = EDGE_CURVE('',#3866,#3866,#3868,.T.);
#3866 = VERTEX_POINT('',#3867);
#3867 = CARTESIAN_POINT('',(90.15,-36.,56.8));
#3868 = SURFACE_CURVE('',#3869,(#3874,#3881),.PCURVE_S1.);
#3869 = CIRCLE('',#3870,3.2);
#3870 = AXIS2_PLACEMENT_3D('',#3871,#3872,#3873);
#3871 = CARTESIAN_POINT('',(90.15,-36.,60.));
#3872 = DIRECTION('',(1.,0.,2.22044604925E-16));
#3873 = DIRECTION('',(2.22044604925E-16,0.,-1.));
#3874 = PCURVE('',#3366,#3875);
#3875 = DEFINITIONAL_REPRESENTATION('',(#3876),#3880);
#3876 = CIRCLE('',#3877,3.2);
#3877 = AXIS2_PLACEMENT_2D('',#3878,#3879);
#3878 = CARTESIAN_POINT('',(70.,-44.));
#3879 = DIRECTION('',(-1.,0.));
#3880 = ( GEOMETRIC_REPRESENTATION_CONTEXT(2) 
PARAMETRIC_REPRESENTATION_CONTEXT() REPRESENTATION_CONTEXT('2D SPACE',''
  ) );
#3881 = PCURVE('',#3882,#3887);
#3882 = CYLINDRICAL_SURFACE('',#3883,3.2);
#3883 = AXIS2_PLACEMENT_3D('',#3884,#3885,#3886);
#3884 = CARTESIAN_POINT('',(80.,-36.,60.));
#3885 = DIRECTION('',(1.,0.,2.22044604925E-16));
#3886 = DIRECTION('',(2.22044604925E-16,0.,-1.));
#3887 = DEFINITIONAL_REPRESENTATION('',(#3888),#3892);
#3888 = LINE('',#3889,#3890);
#3889 = CARTESIAN_POINT('',(0.,10.15));
#3890 = VECTOR('',#3891,1.);
#3891 = DIRECTION('',(1.,0.));
#3892 = ( GEOMETRIC_REPRESENTATION_CONTEXT(2) 
PARAMETRIC_REPRESENTATION_CONTEXT() REPRESENTATION_CONTEXT('2D SPACE',''
  ) );
#3893 = ADVANCED_FACE('',(#3894),#3377,.F.);
#3894 = FACE_BOUND('',#3895,.F.);
#3895 = EDGE_LOOP('',(#3896,#3897,#3920,#3953,#3981,#4010,#4031,#4032,
    #4053,#4082,#4108,#4137));
#3896 = ORIENTED_EDGE('',*,*,#3636,.T.);
#3897 = ORIENTED_EDGE('',*,*,#3898,.T.);
#3898 = EDGE_CURVE('',#3611,#3899,#3901,.T.);
#3899 = VERTEX_POINT('',#3900);
#3900 = CARTESIAN_POINT('',(136.,-70.,0.));
#3901 = SURFACE_CURVE('',#3902,(#3906,#3913),.PCURVE_S1.);
#3902 = LINE('',#3903,#3904);
#3903 = CARTESIAN_POINT('',(-150.,-70.,0.));
#3904 = VECTOR('',#3905,1.);
#3905 = DIRECTION('',(1.,0.,-0.));
#3906 = PCURVE('',#3377,#3907);
#3907 = DEFINITIONAL_REPRESENTATION('',(#3908),#3912);
#3908 = LINE('',#3909,#3910);
#3909 = CARTESIAN_POINT('',(0.,0.));
#3910 = VECTOR('',#3911,1.);
#3911 = DIRECTION('',(1.,0.));
#3912 = ( GEOMETRIC_REPRESENTATION_CONTEXT(2) 
PARAMETRIC_REPRESENTATION_CONTEXT() REPRESENTATION_CONTEXT('2D SPACE',''
  ) );
#3913 = PCURVE('',#3625,#3914);
#3914 = DEFINITIONAL_REPRESENTATION('',(#3915),#3919);
#3915 = LINE('',#3916,#3917);
#3916 = CARTESIAN_POINT('',(0.,0.));
#3917 = VECTOR('',#3918,1.);
#3918 = DIRECTION('',(0.,1.));
#3919 = ( GEOMETRIC_REPRESENTATION_CONTEXT(2) 
PARAMETRIC_REPRESENTATION_CONTEXT() REPRESENTATION_CONTEXT('2D SPACE',''
  ) );
#3920 = ORIENTED_EDGE('',*,*,#3921,.F.);
#3921 = EDGE_CURVE('',#3922,#3899,#3924,.T.);
#3922 = VERTEX_POINT('',#3923);
#3923 = CARTESIAN_POINT('',(150.,-56.,0.));
#3924 = SURFACE_CURVE('',#3925,(#3930,#3941),.PCURVE_S1.);
#3925 = CIRCLE('',#3926,14.);
#3926 = AXIS2_PLACEMENT_3D('',#3927,#3928,#3929);
#3927 = CARTESIAN_POINT('',(136.,-56.,0.));
#3928 = DIRECTION('',(-0.,-0.,-1.));
#3929 = DIRECTION('',(0.,-1.,0.));
#3930 = PCURVE('',#3377,#3931);
#3931 = DEFINITIONAL_REPRESENTATION('',(#3932),#3940);
#3932 = ( BOUNDED_CURVE() B_SPLINE_CURVE(2,(#3933,#3934,#3935,#3936,
#3937,#3938,#3939),.UNSPECIFIED.,.T.,.F.) B_SPLINE_CURVE_WITH_KNOTS((1,2
    ,2,2,2,1),(-2.094395102393,0.,2.094395102393,4.188790204786,
6.28318530718,8.377580409573),.UNSPECIFIED.) CURVE() 
GEOMETRIC_REPRESENTATION_ITEM() RATIONAL_B_SPLINE_CURVE((1.,0.5,1.,0.5,
1.,0.5,1.)) REPRESENTATION_ITEM('') );
#3933 = CARTESIAN_POINT('',(286.,0.));
#3934 = CARTESIAN_POINT('',(261.75128869403,0.));
#3935 = CARTESIAN_POINT('',(273.87564434701,21.));
#3936 = CARTESIAN_POINT('',(286.,42.));
#3937 = CARTESIAN_POINT('',(298.12435565298,21.));
#3938 = CARTESIAN_POINT('',(310.24871130596,2.13162820728E-14));
#3939 = CARTESIAN_POINT('',(286.,0.));
#3940 = ( GEOMETRIC_REPRESENTATION_CONTEXT(2) 
PARAMETRIC_REPRESENTATION_CONTEXT() REPRESENTATION_CONTEXT('2D SPACE',''
  ) );
#3941 = PCURVE('',#3942,#3947);
#3942 = CYLINDRICAL_SURFACE('',#3943,14.);
#3943 = AXIS2_PLACEMENT_3D('',#3944,#3945,#3946);
#3944 = CARTESIAN_POINT('',(136.,-56.,0.));
#3945 = DIRECTION('',(0.,0.,1.));
#3946 = DIRECTION('',(1.,0.,-0.));
#3947 = DEFINITIONAL_REPRESENTATION('',(#3948),#3952);
#3948 = LINE('',#3949,#3950);
#3949 = CARTESIAN_POINT('',(4.712388980385,-0.));
#3950 = VECTOR('',#3951,1.);
#3951 = DIRECTION('',(-1.,0.));
#3952 = ( GEOMETRIC_REPRESENTATION_CONTEXT(2) 
PARAMETRIC_REPRESENTATION_CONTEXT() REPRESENTATION_CONTEXT('2D SPACE',''
  ) );
#3953 = ORIENTED_EDGE('',*,*,#3954,.T.);
#3954 = EDGE_CURVE('',#3922,#3955,#3957,.T.);
#3955 = VERTEX_POINT('',#3956);
#3956 = CARTESIAN_POINT('',(150.,56.,0.));
#3957 = SURFACE_CURVE('',#3958,(#3962,#3969),.PCURVE_S1.);
#3958 = LINE('',#3959,#3960);
#3959 = CARTESIAN_POINT('',(150.,-70.,0.));
#3960 = VECTOR('',#3961,1.);
#3961 = DIRECTION('',(-0.,1.,0.));
#3962 = PCURVE('',#3377,#3963);
#3963 = DEFINITIONAL_REPRESENTATION('',(#3964),#3968);
#3964 = LINE('',#3965,#3966);
#3965 = CARTESIAN_POINT('',(300.,0.));
#3966 = VECTOR('',#3967,1.);
#3967 = DIRECTION('',(0.,1.));
#3968 = ( GEOMETRIC_REPRESENTATION_CONTEXT(2) 
PARAMETRIC_REPRESENTATION_CONTEXT() REPRESENTATION_CONTEXT('2D SPACE',''
  ) );
#3969 = PCURVE('',#3970,#3975);
#3970 = PLANE('',#3971);
#3971 = AXIS2_PLACEMENT_3D('',#3972,#3973,#3974);
#3972 = CARTESIAN_POINT('',(150.,-70.,0.));
#3973 = DIRECTION('',(1.,0.,-0.));
#3974 = DIRECTION('',(0.,0.,1.));
#3975 = DEFINITIONAL_REPRESENTATION('',(#3976),#3980);
#3976 = LINE('',#3977,#3978);
#3977 = CARTESIAN_POINT('',(0.,0.));
#3978 = VECTOR('',#3979,1.);
#3979 = DIRECTION('',(0.,-1.));
#3980 = ( GEOMETRIC_REPRESENTATION_CONTEXT(2) 
PARAMETRIC_REPRESENTATION_CONTEXT() REPRESENTATION_CONTEXT('2D SPACE',''
  ) );
#3981 = ORIENTED_EDGE('',*,*,#3982,.T.);
#3982 = EDGE_CURVE('',#3955,#3983,#3985,.T.);
#3983 = VERTEX_POINT('',#3984);
#3984 = CARTESIAN_POINT('',(136.,70.,0.));
#3985 = SURFACE_CURVE('',#3986,(#3991,#3998),.PCURVE_S1.);
#3986 = CIRCLE('',#3987,14.);
#3987 = AXIS2_PLACEMENT_3D('',#3988,#3989,#3990);
#3988 = CARTESIAN_POINT('',(136.,56.,0.));
#3989 = DIRECTION('',(0.,0.,1.));
#3990 = DIRECTION('',(0.,-1.,0.));
#3991 = PCURVE('',#3377,#3992);
#3992 = DEFINITIONAL_REPRESENTATION('',(#3993),#3997);
#3993 = CIRCLE('',#3994,14.);
#3994 = AXIS2_PLACEMENT_2D('',#3995,#3996);
#3995 = CARTESIAN_POINT('',(286.,126.));
#3996 = DIRECTION('',(0.,-1.));
#3997 = ( GEOMETRIC_REPRESENTATION_CONTEXT(2) 
PARAMETRIC_REPRESENTATION_CONTEXT() REPRESENTATION_CONTEXT('2D SPACE',''
  ) );
#3998 = PCURVE('',#3999,#4004);
#3999 = CYLINDRICAL_SURFACE('',#4000,14.);
#4000 = AXIS2_PLACEMENT_3D('',#4001,#4002,#4003);
#4001 = CARTESIAN_POINT('',(136.,56.,0.));
#4002 = DIRECTION('',(0.,0.,1.));
#4003 = DIRECTION('',(1.,0.,-0.));
#4004 = DEFINITIONAL_REPRESENTATION('',(#4005),#4009);
#4005 = LINE('',#4006,#4007);
#4006 = CARTESIAN_POINT('',(-1.570796326795,0.));
#4007 = VECTOR('',#4008,1.);
#4008 = DIRECTION('',(1.,0.));
#4009 = ( GEOMETRIC_REPRESENTATION_CONTEXT(2) 
PARAMETRIC_REPRESENTATION_CONTEXT() REPRESENTATION_CONTEXT('2D SPACE',''
  ) );
#4010 = ORIENTED_EDGE('',*,*,#4011,.F.);
#4011 = EDGE_CURVE('',#3356,#3983,#4012,.T.);
#4012 = SURFACE_CURVE('',#4013,(#4017,#4024),.PCURVE_S1.);
#4013 = LINE('',#4014,#4015);
#4014 = CARTESIAN_POINT('',(-150.,70.,0.));
#4015 = VECTOR('',#4016,1.);
#4016 = DIRECTION('',(1.,0.,-0.));
#4017 = PCURVE('',#3377,#4018);
#4018 = DEFINITIONAL_REPRESENTATION('',(#4019),#4023);
#4019 = LINE('',#4020,#4021);
#4020 = CARTESIAN_POINT('',(0.,140.));
#4021 = VECTOR('',#4022,1.);
#4022 = DIRECTION('',(1.,0.));
#4023 = ( GEOMETRIC_REPRESENTATION_CONTEXT(2) 
PARAMETRIC_REPRESENTATION_CONTEXT() REPRESENTATION_CONTEXT('2D SPACE',''
  ) );
#4024 = PCURVE('',#3403,#4025);
#4025 = DEFINITIONAL_REPRESENTATION('',(#4026),#4030);
#4026 = LINE('',#4027,#4028);
#4027 = CARTESIAN_POINT('',(0.,0.));
#4028 = VECTOR('',#4029,1.);
#4029 = DIRECTION('',(0.,1.));
#4030 = ( GEOMETRIC_REPRESENTATION_CONTEXT(2) 
PARAMETRIC_REPRESENTATION_CONTEXT() REPRESENTATION_CONTEXT('2D SPACE',''
  ) );
#4031 = ORIENTED_EDGE('',*,*,#3355,.T.);
#4032 = ORIENTED_EDGE('',*,*,#4033,.F.);
#4033 = EDGE_CURVE('',#4034,#3358,#4036,.T.);
#4034 = VERTEX_POINT('',#4035);
#4035 = CARTESIAN_POINT('',(109.,67.,0.));
#4036 = SURFACE_CURVE('',#4037,(#4041,#4047),.PCURVE_S1.);
#4037 = LINE('',#4038,#4039);
#4038 = CARTESIAN_POINT('',(-135.5,67.,0.));
#4039 = VECTOR('',#4040,1.);
#4040 = DIRECTION('',(-1.,-0.,0.));
#4041 = PCURVE('',#3377,#4042);
#4042 = DEFINITIONAL_REPRESENTATION('',(#4043),#4046);
#4043 = B_SPLINE_CURVE_WITH_KNOTS('',1,(#4044,#4045),.UNSPECIFIED.,.F.,
  .F.,(2,2),(-244.5,-26.5),.PIECEWISE_BEZIER_KNOTS.);
#4044 = CARTESIAN_POINT('',(259.,137.));
#4045 = CARTESIAN_POINT('',(41.,137.));
#4046 = ( GEOMETRIC_REPRESENTATION_CONTEXT(2) 
PARAMETRIC_REPRESENTATION_CONTEXT() REPRESENTATION_CONTEXT('2D SPACE',''
  ) );
#4047 = PCURVE('',#3821,#4048);
#4048 = DEFINITIONAL_REPRESENTATION('',(#4049),#4052);
#4049 = B_SPLINE_CURVE_WITH_KNOTS('',1,(#4050,#4051),.UNSPECIFIED.,.F.,
  .F.,(2,2),(-244.5,-26.5),.PIECEWISE_BEZIER_KNOTS.);
#4050 = CARTESIAN_POINT('',(1.,230.));
#4051 = CARTESIAN_POINT('',(1.,12.));
#4052 = ( GEOMETRIC_REPRESENTATION_CONTEXT(2) 
PARAMETRIC_REPRESENTATION_CONTEXT() REPRESENTATION_CONTEXT('2D SPACE',''
  ) );
#4053 = ORIENTED_EDGE('',*,*,#4054,.F.);
#4054 = EDGE_CURVE('',#4055,#4034,#4057,.T.);
#4055 = VERTEX_POINT('',#4056);
#4056 = CARTESIAN_POINT('',(121.,55.,0.));
#4057 = SURFACE_CURVE('',#4058,(#4063,#4070),.PCURVE_S1.);
#4058 = CIRCLE('',#4059,12.);
#4059 = AXIS2_PLACEMENT_3D('',#4060,#4061,#4062);
#4060 = CARTESIAN_POINT('',(109.,55.,0.));
#4061 = DIRECTION('',(0.,0.,1.));
#4062 = DIRECTION('',(1.,0.,-0.));
#4063 = PCURVE('',#3377,#4064);
#4064 = DEFINITIONAL_REPRESENTATION('',(#4065),#4069);
#4065 = CIRCLE('',#4066,12.);
#4066 = AXIS2_PLACEMENT_2D('',#4067,#4068);
#4067 = CARTESIAN_POINT('',(259.,125.));
#4068 = DIRECTION('',(1.,0.));
#4069 = ( GEOMETRIC_REPRESENTATION_CONTEXT(2) 
PARAMETRIC_REPRESENTATION_CONTEXT() REPRESENTATION_CONTEXT('2D SPACE',''
  ) );
#4070 = PCURVE('',#4071,#4076);
#4071 = CYLINDRICAL_SURFACE('',#4072,12.);
#4072 = AXIS2_PLACEMENT_3D('',#4073,#4074,#4075);
#4073 = CARTESIAN_POINT('',(109.,55.,-1.));
#4074 = DIRECTION('',(0.,0.,1.));
#4075 = DIRECTION('',(1.,0.,-0.));
#4076 = DEFINITIONAL_REPRESENTATION('',(#4077),#4081);
#4077 = LINE('',#4078,#4079);
#4078 = CARTESIAN_POINT('',(0.,1.));
#4079 = VECTOR('',#4080,1.);
#4080 = DIRECTION('',(1.,0.));
#4081 = ( GEOMETRIC_REPRESENTATION_CONTEXT(2) 
PARAMETRIC_REPRESENTATION_CONTEXT() REPRESENTATION_CONTEXT('2D SPACE',''
  ) );
#4082 = ORIENTED_EDGE('',*,*,#4083,.F.);
#4083 = EDGE_CURVE('',#4084,#4055,#4086,.T.);
#4084 = VERTEX_POINT('',#4085);
#4085 = CARTESIAN_POINT('',(121.,-55.,0.));
#4086 = SURFACE_CURVE('',#4087,(#4091,#4097),.PCURVE_S1.);
#4087 = LINE('',#4088,#4089);
#4088 = CARTESIAN_POINT('',(121.,-68.5,0.));
#4089 = VECTOR('',#4090,1.);
#4090 = DIRECTION('',(-0.,1.,0.));
#4091 = PCURVE('',#3377,#4092);
#4092 = DEFINITIONAL_REPRESENTATION('',(#4093),#4096);
#4093 = B_SPLINE_CURVE_WITH_KNOTS('',1,(#4094,#4095),.UNSPECIFIED.,.F.,
  .F.,(2,2),(13.5,123.5),.PIECEWISE_BEZIER_KNOTS.);
#4094 = CARTESIAN_POINT('',(271.,15.));
#4095 = CARTESIAN_POINT('',(271.,125.));
#4096 = ( GEOMETRIC_REPRESENTATION_CONTEXT(2) 
PARAMETRIC_REPRESENTATION_CONTEXT() REPRESENTATION_CONTEXT('2D SPACE',''
  ) );
#4097 = PCURVE('',#4098,#4103);
#4098 = PLANE('',#4099);
#4099 = AXIS2_PLACEMENT_3D('',#4100,#4101,#4102);
#4100 = CARTESIAN_POINT('',(121.,-67.,-1.));
#4101 = DIRECTION('',(1.,0.,-0.));
#4102 = DIRECTION('',(0.,0.,1.));
#4103 = DEFINITIONAL_REPRESENTATION('',(#4104),#4107);
#4104 = B_SPLINE_CURVE_WITH_KNOTS('',1,(#4105,#4106),.UNSPECIFIED.,.F.,
  .F.,(2,2),(13.5,123.5),.PIECEWISE_BEZIER_KNOTS.);
#4105 = CARTESIAN_POINT('',(1.,-12.));
#4106 = CARTESIAN_POINT('',(1.,-122.));
#4107 = ( GEOMETRIC_REPRESENTATION_CONTEXT(2) 
PARAMETRIC_REPRESENTATION_CONTEXT() REPRESENTATION_CONTEXT('2D SPACE',''
  ) );
#4108 = ORIENTED_EDGE('',*,*,#4109,.F.);
#4109 = EDGE_CURVE('',#4110,#4084,#4112,.T.);
#4110 = VERTEX_POINT('',#4111);
#4111 = CARTESIAN_POINT('',(109.,-67.,0.));
#4112 = SURFACE_CURVE('',#4113,(#4118,#4125),.PCURVE_S1.);
#4113 = CIRCLE('',#4114,12.);
#4114 = AXIS2_PLACEMENT_3D('',#4115,#4116,#4117);
#4115 = CARTESIAN_POINT('',(109.,-55.,0.));
#4116 = DIRECTION('',(0.,0.,1.));
#4117 = DIRECTION('',(1.,0.,-0.));
#4118 = PCURVE('',#3377,#4119);
#4119 = DEFINITIONAL_REPRESENTATION('',(#4120),#4124);
#4120 = CIRCLE('',#4121,12.);
#4121 = AXIS2_PLACEMENT_2D('',#4122,#4123);
#4122 = CARTESIAN_POINT('',(259.,15.));
#4123 = DIRECTION('',(1.,0.));
#4124 = ( GEOMETRIC_REPRESENTATION_CONTEXT(2) 
PARAMETRIC_REPRESENTATION_CONTEXT() REPRESENTATION_CONTEXT('2D SPACE',''
  ) );
#4125 = PCURVE('',#4126,#4131);
#4126 = CYLINDRICAL_SURFACE('',#4127,12.);
#4127 = AXIS2_PLACEMENT_3D('',#4128,#4129,#4130);
#4128 = CARTESIAN_POINT('',(109.,-55.,-1.));
#4129 = DIRECTION('',(0.,0.,1.));
#4130 = DIRECTION('',(1.,0.,-0.));
#4131 = DEFINITIONAL_REPRESENTATION('',(#4132),#4136);
#4132 = LINE('',#4133,#4134);
#4133 = CARTESIAN_POINT('',(-6.28318530718,1.));
#4134 = VECTOR('',#4135,1.);
#4135 = DIRECTION('',(1.,-0.));
#4136 = ( GEOMETRIC_REPRESENTATION_CONTEXT(2) 
PARAMETRIC_REPRESENTATION_CONTEXT() REPRESENTATION_CONTEXT('2D SPACE',''
  ) );
#4137 = ORIENTED_EDGE('',*,*,#4138,.T.);
#4138 = EDGE_CURVE('',#4110,#3637,#4139,.T.);
#4139 = SURFACE_CURVE('',#4140,(#4144,#4150),.PCURVE_S1.);
#4140 = LINE('',#4141,#4142);
#4141 = CARTESIAN_POINT('',(-135.5,-67.,0.));
#4142 = VECTOR('',#4143,1.);
#4143 = DIRECTION('',(-1.,-0.,0.));
#4144 = PCURVE('',#3377,#4145);
#4145 = DEFINITIONAL_REPRESENTATION('',(#4146),#4149);
#4146 = B_SPLINE_CURVE_WITH_KNOTS('',1,(#4147,#4148),.UNSPECIFIED.,.F.,
  .F.,(2,2),(-244.5,-26.5),.PIECEWISE_BEZIER_KNOTS.);
#4147 = CARTESIAN_POINT('',(259.,3.));
#4148 = CARTESIAN_POINT('',(41.,3.));
#4149 = ( GEOMETRIC_REPRESENTATION_CONTEXT(2) 
PARAMETRIC_REPRESENTATION_CONTEXT() REPRESENTATION_CONTEXT('2D SPACE',''
  ) );
#4150 = PCURVE('',#3672,#4151);
#4151 = DEFINITIONAL_REPRESENTATION('',(#4152),#4155);
#4152 = B_SPLINE_CURVE_WITH_KNOTS('',1,(#4153,#4154),.UNSPECIFIED.,.F.,
  .F.,(2,2),(-244.5,-26.5),.PIECEWISE_BEZIER_KNOTS.);
#4153 = CARTESIAN_POINT('',(1.,230.));
#4154 = CARTESIAN_POINT('',(1.,12.));
#4155 = ( GEOMETRIC_REPRESENTATION_CONTEXT(2) 
PARAMETRIC_REPRESENTATION_CONTEXT() REPRESENTATION_CONTEXT('2D SPACE',''
  ) );
#4156 = ADVANCED_FACE('',(#4157),#3821,.F.);
#4157 = FACE_BOUND('',#4158,.F.);
#4158 = EDGE_LOOP('',(#4159,#4182,#4183,#4184));
#4159 = ORIENTED_EDGE('',*,*,#4160,.F.);
#4160 = EDGE_CURVE('',#4034,#4161,#4163,.T.);
#4161 = VERTEX_POINT('',#4162);
#4162 = CARTESIAN_POINT('',(109.,67.,4.));
#4163 = SURFACE_CURVE('',#4164,(#4168,#4175),.PCURVE_S1.);
#4164 = LINE('',#4165,#4166);
#4165 = CARTESIAN_POINT('',(109.,67.,-1.));
#4166 = VECTOR('',#4167,1.);
#4167 = DIRECTION('',(0.,0.,1.));
#4168 = PCURVE('',#3821,#4169);
#4169 = DEFINITIONAL_REPRESENTATION('',(#4170),#4174);
#4170 = LINE('',#4171,#4172);
#4171 = CARTESIAN_POINT('',(0.,230.));
#4172 = VECTOR('',#4173,1.);
#4173 = DIRECTION('',(1.,0.));
#4174 = ( GEOMETRIC_REPRESENTATION_CONTEXT(2) 
PARAMETRIC_REPRESENTATION_CONTEXT() REPRESENTATION_CONTEXT('2D SPACE',''
  ) );
#4175 = PCURVE('',#4071,#4176);
#4176 = DEFINITIONAL_REPRESENTATION('',(#4177),#4181);
#4177 = LINE('',#4178,#4179);
#4178 = CARTESIAN_POINT('',(1.570796326795,0.));
#4179 = VECTOR('',#4180,1.);
#4180 = DIRECTION('',(0.,1.));
#4181 = ( GEOMETRIC_REPRESENTATION_CONTEXT(2) 
PARAMETRIC_REPRESENTATION_CONTEXT() REPRESENTATION_CONTEXT('2D SPACE',''
  ) );
#4182 = ORIENTED_EDGE('',*,*,#4033,.T.);
#4183 = ORIENTED_EDGE('',*,*,#3808,.T.);
#4184 = ORIENTED_EDGE('',*,*,#4185,.T.);
#4185 = EDGE_CURVE('',#3788,#4161,#4186,.T.);
#4186 = SURFACE_CURVE('',#4187,(#4191,#4198),.PCURVE_S1.);
#4187 = LINE('',#4188,#4189);
#4188 = CARTESIAN_POINT('',(-121.,67.,4.));
#4189 = VECTOR('',#4190,1.);
#4190 = DIRECTION('',(1.,0.,-0.));
#4191 = PCURVE('',#3821,#4192);
#4192 = DEFINITIONAL_REPRESENTATION('',(#4193),#4197);
#4193 = LINE('',#4194,#4195);
#4194 = CARTESIAN_POINT('',(5.,0.));
#4195 = VECTOR('',#4196,1.);
#4196 = DIRECTION('',(0.,1.));
#4197 = ( GEOMETRIC_REPRESENTATION_CONTEXT(2) 
PARAMETRIC_REPRESENTATION_CONTEXT() REPRESENTATION_CONTEXT('2D SPACE',''
  ) );
#4198 = PCURVE('',#3698,#4199);
#4199 = DEFINITIONAL_REPRESENTATION('',(#4200),#4204);
#4200 = LINE('',#4201,#4202);
#4201 = CARTESIAN_POINT('',(0.,134.));
#4202 = VECTOR('',#4203,1.);
#4203 = DIRECTION('',(1.,0.));
#4204 = ( GEOMETRIC_REPRESENTATION_CONTEXT(2) 
PARAMETRIC_REPRESENTATION_CONTEXT() REPRESENTATION_CONTEXT('2D SPACE',''
  ) );
#4205 = ADVANCED_FACE('',(#4206,#4441,#4472),#3698,.F.);
#4206 = FACE_BOUND('',#4207,.F.);
#4207 = EDGE_LOOP('',(#4208,#4209,#4232,#4260,#4283,#4305,#4306,#4307,
    #4330,#4359,#4387,#4420));
#4208 = ORIENTED_EDGE('',*,*,#3683,.T.);
#4209 = ORIENTED_EDGE('',*,*,#4210,.T.);
#4210 = EDGE_CURVE('',#3658,#4211,#4213,.T.);
#4211 = VERTEX_POINT('',#4212);
#4212 = CARTESIAN_POINT('',(109.,-67.,4.));
#4213 = SURFACE_CURVE('',#4214,(#4218,#4225),.PCURVE_S1.);
#4214 = LINE('',#4215,#4216);
#4215 = CARTESIAN_POINT('',(-121.,-67.,4.));
#4216 = VECTOR('',#4217,1.);
#4217 = DIRECTION('',(1.,0.,-0.));
#4218 = PCURVE('',#3698,#4219);
#4219 = DEFINITIONAL_REPRESENTATION('',(#4220),#4224);
#4220 = LINE('',#4221,#4222);
#4221 = CARTESIAN_POINT('',(0.,0.));
#4222 = VECTOR('',#4223,1.);
#4223 = DIRECTION('',(1.,0.));
#4224 = ( GEOMETRIC_REPRESENTATION_CONTEXT(2) 
PARAMETRIC_REPRESENTATION_CONTEXT() REPRESENTATION_CONTEXT('2D SPACE',''
  ) );
#4225 = PCURVE('',#3672,#4226);
#4226 = DEFINITIONAL_REPRESENTATION('',(#4227),#4231);
#4227 = LINE('',#4228,#4229);
#4228 = CARTESIAN_POINT('',(5.,0.));
#4229 = VECTOR('',#4230,1.);
#4230 = DIRECTION('',(0.,1.));
#4231 = ( GEOMETRIC_REPRESENTATION_CONTEXT(2) 
PARAMETRIC_REPRESENTATION_CONTEXT() REPRESENTATION_CONTEXT('2D SPACE',''
  ) );
#4232 = ORIENTED_EDGE('',*,*,#4233,.F.);
#4233 = EDGE_CURVE('',#4234,#4211,#4236,.T.);
#4234 = VERTEX_POINT('',#4235);
#4235 = CARTESIAN_POINT('',(121.,-55.,4.));
#4236 = SURFACE_CURVE('',#4237,(#4242,#4253),.PCURVE_S1.);
#4237 = CIRCLE('',#4238,12.);
#4238 = AXIS2_PLACEMENT_3D('',#4239,#4240,#4241);
#4239 = CARTESIAN_POINT('',(109.,-55.,4.));
#4240 = DIRECTION('',(-0.,-0.,-1.));
#4241 = DIRECTION('',(0.,-1.,0.));
#4242 = PCURVE('',#3698,#4243);
#4243 = DEFINITIONAL_REPRESENTATION('',(#4244),#4252);
#4244 = ( BOUNDED_CURVE() B_SPLINE_CURVE(2,(#4245,#4246,#4247,#4248,
#4249,#4250,#4251),.UNSPECIFIED.,.T.,.F.) B_SPLINE_CURVE_WITH_KNOTS((1,2
    ,2,2,2,1),(-2.094395102393,0.,2.094395102393,4.188790204786,
6.28318530718,8.377580409573),.UNSPECIFIED.) CURVE() 
GEOMETRIC_REPRESENTATION_ITEM() RATIONAL_B_SPLINE_CURVE((1.,0.5,1.,0.5,
1.,0.5,1.)) REPRESENTATION_ITEM('') );
#4245 = CARTESIAN_POINT('',(230.,0.));
#4246 = CARTESIAN_POINT('',(209.21539030917,0.));
#4247 = CARTESIAN_POINT('',(219.60769515458,18.));
#4248 = CARTESIAN_POINT('',(230.,36.));
#4249 = CARTESIAN_POINT('',(240.39230484541,18.));
#4250 = CARTESIAN_POINT('',(250.78460969082,1.7763568394E-14));
#4251 = CARTESIAN_POINT('',(230.,0.));
#4252 = ( GEOMETRIC_REPRESENTATION_CONTEXT(2) 
PARAMETRIC_REPRESENTATION_CONTEXT() REPRESENTATION_CONTEXT('2D SPACE',''
  ) );
#4253 = PCURVE('',#4126,#4254);
#4254 = DEFINITIONAL_REPRESENTATION('',(#4255),#4259);
#4255 = LINE('',#4256,#4257);
#4256 = CARTESIAN_POINT('',(4.712388980385,5.));
#4257 = VECTOR('',#4258,1.);
#4258 = DIRECTION('',(-1.,0.));
#4259 = ( GEOMETRIC_REPRESENTATION_CONTEXT(2) 
PARAMETRIC_REPRESENTATION_CONTEXT() REPRESENTATION_CONTEXT('2D SPACE',''
  ) );
#4260 = ORIENTED_EDGE('',*,*,#4261,.T.);
#4261 = EDGE_CURVE('',#4234,#4262,#4264,.T.);
#4262 = VERTEX_POINT('',#4263);
#4263 = CARTESIAN_POINT('',(121.,55.,4.));
#4264 = SURFACE_CURVE('',#4265,(#4269,#4276),.PCURVE_S1.);
#4265 = LINE('',#4266,#4267);
#4266 = CARTESIAN_POINT('',(121.,-67.,4.));
#4267 = VECTOR('',#4268,1.);
#4268 = DIRECTION('',(-0.,1.,0.));
#4269 = PCURVE('',#3698,#4270);
#4270 = DEFINITIONAL_REPRESENTATION('',(#4271),#4275);
#4271 = LINE('',#4272,#4273);
#4272 = CARTESIAN_POINT('',(242.,0.));
#4273 = VECTOR('',#4274,1.);
#4274 = DIRECTION('',(0.,1.));
#4275 = ( GEOMETRIC_REPRESENTATION_CONTEXT(2) 
PARAMETRIC_REPRESENTATION_CONTEXT() REPRESENTATION_CONTEXT('2D SPACE',''
  ) );
#4276 = PCURVE('',#4098,#4277);
#4277 = DEFINITIONAL_REPRESENTATION('',(#4278),#4282);
#4278 = LINE('',#4279,#4280);
#4279 = CARTESIAN_POINT('',(5.,0.));
#4280 = VECTOR('',#4281,1.);
#4281 = DIRECTION('',(0.,-1.));
#4282 = ( GEOMETRIC_REPRESENTATION_CONTEXT(2) 
PARAMETRIC_REPRESENTATION_CONTEXT() REPRESENTATION_CONTEXT('2D SPACE',''
  ) );
#4283 = ORIENTED_EDGE('',*,*,#4284,.T.);
#4284 = EDGE_CURVE('',#4262,#4161,#4285,.T.);
#4285 = SURFACE_CURVE('',#4286,(#4291,#4298),.PCURVE_S1.);
#4286 = CIRCLE('',#4287,12.);
#4287 = AXIS2_PLACEMENT_3D('',#4288,#4289,#4290);
#4288 = CARTESIAN_POINT('',(109.,55.,4.));
#4289 = DIRECTION('',(0.,0.,1.));
#4290 = DIRECTION('',(0.,-1.,0.));
#4291 = PCURVE('',#3698,#4292);
#4292 = DEFINITIONAL_REPRESENTATION('',(#4293),#4297);
#4293 = CIRCLE('',#4294,12.);
#4294 = AXIS2_PLACEMENT_2D('',#4295,#4296);
#4295 = CARTESIAN_POINT('',(230.,122.));
#4296 = DIRECTION('',(0.,-1.));
#4297 = ( GEOMETRIC_REPRESENTATION_CONTEXT(2) 
PARAMETRIC_REPRESENTATION_CONTEXT() REPRESENTATION_CONTEXT('2D SPACE',''
  ) );
#4298 = PCURVE('',#4071,#4299);
#4299 = DEFINITIONAL_REPRESENTATION('',(#4300),#4304);
#4300 = LINE('',#4301,#4302);
#4301 = CARTESIAN_POINT('',(-1.570796326795,5.));
#4302 = VECTOR('',#4303,1.);
#4303 = DIRECTION('',(1.,0.));
#4304 = ( GEOMETRIC_REPRESENTATION_CONTEXT(2) 
PARAMETRIC_REPRESENTATION_CONTEXT() REPRESENTATION_CONTEXT('2D SPACE',''
  ) );
#4305 = ORIENTED_EDGE('',*,*,#4185,.F.);
#4306 = ORIENTED_EDGE('',*,*,#3787,.T.);
#4307 = ORIENTED_EDGE('',*,*,#4308,.T.);
#4308 = EDGE_CURVE('',#3762,#4309,#4311,.T.);
#4309 = VERTEX_POINT('',#4310);
#4310 = CARTESIAN_POINT('',(97.,56.,4.));
#4311 = SURFACE_CURVE('',#4312,(#4316,#4323),.PCURVE_S1.);
#4312 = LINE('',#4313,#4314);
#4313 = CARTESIAN_POINT('',(-107.,56.,4.));
#4314 = VECTOR('',#4315,1.);
#4315 = DIRECTION('',(1.,0.,-0.));
#4316 = PCURVE('',#3698,#4317);
#4317 = DEFINITIONAL_REPRESENTATION('',(#4318),#4322);
#4318 = LINE('',#4319,#4320);
#4319 = CARTESIAN_POINT('',(14.,123.));
#4320 = VECTOR('',#4321,1.);
#4321 = DIRECTION('',(1.,0.));
#4322 = ( GEOMETRIC_REPRESENTATION_CONTEXT(2) 
PARAMETRIC_REPRESENTATION_CONTEXT() REPRESENTATION_CONTEXT('2D SPACE',''
  ) );
#4323 = PCURVE('',#3776,#4324);
#4324 = DEFINITIONAL_REPRESENTATION('',(#4325),#4329);
#4325 = LINE('',#4326,#4327);
#4326 = CARTESIAN_POINT('',(0.,0.));
#4327 = VECTOR('',#4328,1.);
#4328 = DIRECTION('',(0.,1.));
#4329 = ( GEOMETRIC_REPRESENTATION_CONTEXT(2) 
PARAMETRIC_REPRESENTATION_CONTEXT() REPRESENTATION_CONTEXT('2D SPACE',''
  ) );
#4330 = ORIENTED_EDGE('',*,*,#4331,.F.);
#4331 = EDGE_CURVE('',#4332,#4309,#4334,.T.);
#4332 = VERTEX_POINT('',#4333);
#4333 = CARTESIAN_POINT('',(107.,46.,4.));
#4334 = SURFACE_CURVE('',#4335,(#4340,#4347),.PCURVE_S1.);
#4335 = CIRCLE('',#4336,10.);
#4336 = AXIS2_PLACEMENT_3D('',#4337,#4338,#4339);
#4337 = CARTESIAN_POINT('',(97.,46.,4.));
#4338 = DIRECTION('',(0.,0.,1.));
#4339 = DIRECTION('',(0.,-1.,0.));
#4340 = PCURVE('',#3698,#4341);
#4341 = DEFINITIONAL_REPRESENTATION('',(#4342),#4346);
#4342 = CIRCLE('',#4343,10.);
#4343 = AXIS2_PLACEMENT_2D('',#4344,#4345);
#4344 = CARTESIAN_POINT('',(218.,113.));
#4345 = DIRECTION('',(0.,-1.));
#4346 = ( GEOMETRIC_REPRESENTATION_CONTEXT(2) 
PARAMETRIC_REPRESENTATION_CONTEXT() REPRESENTATION_CONTEXT('2D SPACE',''
  ) );
#4347 = PCURVE('',#4348,#4353);
#4348 = CYLINDRICAL_SURFACE('',#4349,10.);
#4349 = AXIS2_PLACEMENT_3D('',#4350,#4351,#4352);
#4350 = CARTESIAN_POINT('',(97.,46.,4.));
#4351 = DIRECTION('',(0.,0.,1.));
#4352 = DIRECTION('',(1.,0.,-0.));
#4353 = DEFINITIONAL_REPRESENTATION('',(#4354),#4358);
#4354 = LINE('',#4355,#4356);
#4355 = CARTESIAN_POINT('',(-1.570796326795,0.));
#4356 = VECTOR('',#4357,1.);
#4357 = DIRECTION('',(1.,0.));
#4358 = ( GEOMETRIC_REPRESENTATION_CONTEXT(2) 
PARAMETRIC_REPRESENTATION_CONTEXT() REPRESENTATION_CONTEXT('2D SPACE',''
  ) );
#4359 = ORIENTED_EDGE('',*,*,#4360,.F.);
#4360 = EDGE_CURVE('',#4361,#4332,#4363,.T.);
#4361 = VERTEX_POINT('',#4362);
#4362 = CARTESIAN_POINT('',(107.,-46.,4.));
#4363 = SURFACE_CURVE('',#4364,(#4368,#4375),.PCURVE_S1.);
#4364 = LINE('',#4365,#4366);
#4365 = CARTESIAN_POINT('',(107.,-56.,4.));
#4366 = VECTOR('',#4367,1.);
#4367 = DIRECTION('',(-0.,1.,0.));
#4368 = PCURVE('',#3698,#4369);
#4369 = DEFINITIONAL_REPRESENTATION('',(#4370),#4374);
#4370 = LINE('',#4371,#4372);
#4371 = CARTESIAN_POINT('',(228.,11.));
#4372 = VECTOR('',#4373,1.);
#4373 = DIRECTION('',(0.,1.));
#4374 = ( GEOMETRIC_REPRESENTATION_CONTEXT(2) 
PARAMETRIC_REPRESENTATION_CONTEXT() REPRESENTATION_CONTEXT('2D SPACE',''
  ) );
#4375 = PCURVE('',#4376,#4381);
#4376 = PLANE('',#4377);
#4377 = AXIS2_PLACEMENT_3D('',#4378,#4379,#4380);
#4378 = CARTESIAN_POINT('',(107.,-56.,4.));
#4379 = DIRECTION('',(1.,0.,-0.));
#4380 = DIRECTION('',(0.,0.,1.));
#4381 = DEFINITIONAL_REPRESENTATION('',(#4382),#4386);
#4382 = LINE('',#4383,#4384);
#4383 = CARTESIAN_POINT('',(0.,0.));
#4384 = VECTOR('',#4385,1.);
#4385 = DIRECTION('',(0.,-1.));
#4386 = ( GEOMETRIC_REPRESENTATION_CONTEXT(2) 
PARAMETRIC_REPRESENTATION_CONTEXT() REPRESENTATION_CONTEXT('2D SPACE',''
  ) );
#4387 = ORIENTED_EDGE('',*,*,#4388,.T.);
#4388 = EDGE_CURVE('',#4361,#4389,#4391,.T.);
#4389 = VERTEX_POINT('',#4390);
#4390 = CARTESIAN_POINT('',(97.,-56.,4.));
#4391 = SURFACE_CURVE('',#4392,(#4397,#4408),.PCURVE_S1.);
#4392 = CIRCLE('',#4393,10.);
#4393 = AXIS2_PLACEMENT_3D('',#4394,#4395,#4396);
#4394 = CARTESIAN_POINT('',(97.,-46.,4.));
#4395 = DIRECTION('',(-0.,-0.,-1.));
#4396 = DIRECTION('',(0.,-1.,0.));
#4397 = PCURVE('',#3698,#4398);
#4398 = DEFINITIONAL_REPRESENTATION('',(#4399),#4407);
#4399 = ( BOUNDED_CURVE() B_SPLINE_CURVE(2,(#4400,#4401,#4402,#4403,
#4404,#4405,#4406),.UNSPECIFIED.,.T.,.F.) B_SPLINE_CURVE_WITH_KNOTS((1,2
    ,2,2,2,1),(-2.094395102393,0.,2.094395102393,4.188790204786,
6.28318530718,8.377580409573),.UNSPECIFIED.) CURVE() 
GEOMETRIC_REPRESENTATION_ITEM() RATIONAL_B_SPLINE_CURVE((1.,0.5,1.,0.5,
1.,0.5,1.)) REPRESENTATION_ITEM('') );
#4400 = CARTESIAN_POINT('',(218.,11.));
#4401 = CARTESIAN_POINT('',(200.67949192431,11.));
#4402 = CARTESIAN_POINT('',(209.33974596215,26.));
#4403 = CARTESIAN_POINT('',(218.,41.));
#4404 = CARTESIAN_POINT('',(226.66025403784,26.));
#4405 = CARTESIAN_POINT('',(235.32050807568,11.));
#4406 = CARTESIAN_POINT('',(218.,11.));
#4407 = ( GEOMETRIC_REPRESENTATION_CONTEXT(2) 
PARAMETRIC_REPRESENTATION_CONTEXT() REPRESENTATION_CONTEXT('2D SPACE',''
  ) );
#4408 = PCURVE('',#4409,#4414);
#4409 = CYLINDRICAL_SURFACE('',#4410,10.);
#4410 = AXIS2_PLACEMENT_3D('',#4411,#4412,#4413);
#4411 = CARTESIAN_POINT('',(97.,-46.,4.));
#4412 = DIRECTION('',(0.,0.,1.));
#4413 = DIRECTION('',(1.,0.,-0.));
#4414 = DEFINITIONAL_REPRESENTATION('',(#4415),#4419);
#4415 = LINE('',#4416,#4417);
#4416 = CARTESIAN_POINT('',(4.712388980385,-0.));
#4417 = VECTOR('',#4418,1.);
#4418 = DIRECTION('',(-1.,0.));
#4419 = ( GEOMETRIC_REPRESENTATION_CONTEXT(2) 
PARAMETRIC_REPRESENTATION_CONTEXT() REPRESENTATION_CONTEXT('2D SPACE',''
  ) );
#4420 = ORIENTED_EDGE('',*,*,#4421,.F.);
#4421 = EDGE_CURVE('',#3684,#4389,#4422,.T.);
#4422 = SURFACE_CURVE('',#4423,(#4427,#4434),.PCURVE_S1.);
#4423 = LINE('',#4424,#4425);
#4424 = CARTESIAN_POINT('',(-107.,-56.,4.));
#4425 = VECTOR('',#4426,1.);
#4426 = DIRECTION('',(1.,0.,-0.));
#4427 = PCURVE('',#3698,#4428);
#4428 = DEFINITIONAL_REPRESENTATION('',(#4429),#4433);
#4429 = LINE('',#4430,#4431);
#4430 = CARTESIAN_POINT('',(14.,11.));
#4431 = VECTOR('',#4432,1.);
#4432 = DIRECTION('',(1.,0.));
#4433 = ( GEOMETRIC_REPRESENTATION_CONTEXT(2) 
PARAMETRIC_REPRESENTATION_CONTEXT() REPRESENTATION_CONTEXT('2D SPACE',''
  ) );
#4434 = PCURVE('',#3724,#4435);
#4435 = DEFINITIONAL_REPRESENTATION('',(#4436),#4440);
#4436 = LINE('',#4437,#4438);
#4437 = CARTESIAN_POINT('',(0.,0.));
#4438 = VECTOR('',#4439,1.);
#4439 = DIRECTION('',(0.,1.));
#4440 = ( GEOMETRIC_REPRESENTATION_CONTEXT(2) 
PARAMETRIC_REPRESENTATION_CONTEXT() REPRESENTATION_CONTEXT('2D SPACE',''
  ) );
#4441 = FACE_BOUND('',#4442,.F.);
#4442 = EDGE_LOOP('',(#4443));
#4443 = ORIENTED_EDGE('',*,*,#4444,.F.);
#4444 = EDGE_CURVE('',#4445,#4445,#4447,.T.);
#4445 = VERTEX_POINT('',#4446);
#4446 = CARTESIAN_POINT('',(107.75,-61.,4.));
#4447 = SURFACE_CURVE('',#4448,(#4453,#4460),.PCURVE_S1.);
#4448 = CIRCLE('',#4449,2.75);
#4449 = AXIS2_PLACEMENT_3D('',#4450,#4451,#4452);
#4450 = CARTESIAN_POINT('',(105.,-61.,4.));
#4451 = DIRECTION('',(0.,0.,1.));
#4452 = DIRECTION('',(1.,0.,-0.));
#4453 = PCURVE('',#3698,#4454);
#4454 = DEFINITIONAL_REPRESENTATION('',(#4455),#4459);
#4455 = CIRCLE('',#4456,2.75);
#4456 = AXIS2_PLACEMENT_2D('',#4457,#4458);
#4457 = CARTESIAN_POINT('',(226.,6.));
#4458 = DIRECTION('',(1.,0.));
#4459 = ( GEOMETRIC_REPRESENTATION_CONTEXT(2) 
PARAMETRIC_REPRESENTATION_CONTEXT() REPRESENTATION_CONTEXT('2D SPACE',''
  ) );
#4460 = PCURVE('',#4461,#4466);
#4461 = CYLINDRICAL_SURFACE('',#4462,2.75);
#4462 = AXIS2_PLACEMENT_3D('',#4463,#4464,#4465);
#4463 = CARTESIAN_POINT('',(105.,-61.,4.));
#4464 = DIRECTION('',(0.,0.,1.));
#4465 = DIRECTION('',(1.,0.,-0.));
#4466 = DEFINITIONAL_REPRESENTATION('',(#4467),#4471);
#4467 = LINE('',#4468,#4469);
#4468 = CARTESIAN_POINT('',(0.,0.));
#4469 = VECTOR('',#4470,1.);
#4470 = DIRECTION('',(1.,0.));
#4471 = ( GEOMETRIC_REPRESENTATION_CONTEXT(2) 
PARAMETRIC_REPRESENTATION_CONTEXT() REPRESENTATION_CONTEXT('2D SPACE',''
  ) );
#4472 = FACE_BOUND('',#4473,.F.);
#4473 = EDGE_LOOP('',(#4474));
#4474 = ORIENTED_EDGE('',*,*,#4475,.F.);
#4475 = EDGE_CURVE('',#4476,#4476,#4478,.T.);
#4476 = VERTEX_POINT('',#4477);
#4477 = CARTESIAN_POINT('',(107.75,61.,4.));
#4478 = SURFACE_CURVE('',#4479,(#4484,#4491),.PCURVE_S1.);
#4479 = CIRCLE('',#4480,2.75);
#4480 = AXIS2_PLACEMENT_3D('',#4481,#4482,#4483);
#4481 = CARTESIAN_POINT('',(105.,61.,4.));
#4482 = DIRECTION('',(0.,0.,1.));
#4483 = DIRECTION('',(1.,0.,-0.));
#4484 = PCURVE('',#3698,#4485);
#4485 = DEFINITIONAL_REPRESENTATION('',(#4486),#4490);
#4486 = CIRCLE('',#4487,2.75);
#4487 = AXIS2_PLACEMENT_2D('',#4488,#4489);
#4488 = CARTESIAN_POINT('',(226.,128.));
#4489 = DIRECTION('',(1.,0.));
#4490 = ( GEOMETRIC_REPRESENTATION_CONTEXT(2) 
PARAMETRIC_REPRESENTATION_CONTEXT() REPRESENTATION_CONTEXT('2D SPACE',''
  ) );
#4491 = PCURVE('',#4492,#4497);
#4492 = CYLINDRICAL_SURFACE('',#4493,2.75);
#4493 = AXIS2_PLACEMENT_3D('',#4494,#4495,#4496);
#4494 = CARTESIAN_POINT('',(105.,61.,4.));
#4495 = DIRECTION('',(0.,0.,1.));
#4496 = DIRECTION('',(1.,0.,-0.));
#4497 = DEFINITIONAL_REPRESENTATION('',(#4498),#4502);
#4498 = LINE('',#4499,#4500);
#4499 = CARTESIAN_POINT('',(0.,0.));
#4500 = VECTOR('',#4501,1.);
#4501 = DIRECTION('',(1.,0.));
#4502 = ( GEOMETRIC_REPRESENTATION_CONTEXT(2) 
PARAMETRIC_REPRESENTATION_CONTEXT() REPRESENTATION_CONTEXT('2D SPACE',''
  ) );
#4503 = ADVANCED_FACE('',(#4504),#3776,.F.);
#4504 = FACE_BOUND('',#4505,.F.);
#4505 = EDGE_LOOP('',(#4506,#4507,#4508,#4531));
#4506 = ORIENTED_EDGE('',*,*,#4308,.F.);
#4507 = ORIENTED_EDGE('',*,*,#3761,.T.);
#4508 = ORIENTED_EDGE('',*,*,#4509,.T.);
#4509 = EDGE_CURVE('',#3736,#4510,#4512,.T.);
#4510 = VERTEX_POINT('',#4511);
#4511 = CARTESIAN_POINT('',(97.,56.,53.));
#4512 = SURFACE_CURVE('',#4513,(#4517,#4524),.PCURVE_S1.);
#4513 = LINE('',#4514,#4515);
#4514 = CARTESIAN_POINT('',(-107.,56.,53.));
#4515 = VECTOR('',#4516,1.);
#4516 = DIRECTION('',(1.,0.,-0.));
#4517 = PCURVE('',#3776,#4518);
#4518 = DEFINITIONAL_REPRESENTATION('',(#4519),#4523);
#4519 = LINE('',#4520,#4521);
#4520 = CARTESIAN_POINT('',(49.,0.));
#4521 = VECTOR('',#4522,1.);
#4522 = DIRECTION('',(0.,1.));
#4523 = ( GEOMETRIC_REPRESENTATION_CONTEXT(2) 
PARAMETRIC_REPRESENTATION_CONTEXT() REPRESENTATION_CONTEXT('2D SPACE',''
  ) );
#4524 = PCURVE('',#3750,#4525);
#4525 = DEFINITIONAL_REPRESENTATION('',(#4526),#4530);
#4526 = LINE('',#4527,#4528);
#4527 = CARTESIAN_POINT('',(0.,112.));
#4528 = VECTOR('',#4529,1.);
#4529 = DIRECTION('',(1.,0.));
#4530 = ( GEOMETRIC_REPRESENTATION_CONTEXT(2) 
PARAMETRIC_REPRESENTATION_CONTEXT() REPRESENTATION_CONTEXT('2D SPACE',''
  ) );
#4531 = ORIENTED_EDGE('',*,*,#4532,.F.);
#4532 = EDGE_CURVE('',#4309,#4510,#4533,.T.);
#4533 = SURFACE_CURVE('',#4534,(#4538,#4545),.PCURVE_S1.);
#4534 = LINE('',#4535,#4536);
#4535 = CARTESIAN_POINT('',(97.,56.,4.));
#4536 = VECTOR('',#4537,1.);
#4537 = DIRECTION('',(0.,0.,1.));
#4538 = PCURVE('',#3776,#4539);
#4539 = DEFINITIONAL_REPRESENTATION('',(#4540),#4544);
#4540 = LINE('',#4541,#4542);
#4541 = CARTESIAN_POINT('',(0.,204.));
#4542 = VECTOR('',#4543,1.);
#4543 = DIRECTION('',(1.,0.));
#4544 = ( GEOMETRIC_REPRESENTATION_CONTEXT(2) 
PARAMETRIC_REPRESENTATION_CONTEXT() REPRESENTATION_CONTEXT('2D SPACE',''
  ) );
#4545 = PCURVE('',#4348,#4546);
#4546 = DEFINITIONAL_REPRESENTATION('',(#4547),#4551);
#4547 = LINE('',#4548,#4549);
#4548 = CARTESIAN_POINT('',(1.570796326795,0.));
#4549 = VECTOR('',#4550,1.);
#4550 = DIRECTION('',(0.,1.));
#4551 = ( GEOMETRIC_REPRESENTATION_CONTEXT(2) 
PARAMETRIC_REPRESENTATION_CONTEXT() REPRESENTATION_CONTEXT('2D SPACE',''
  ) );
#4552 = ADVANCED_FACE('',(#4553,#4653,#4684),#3750,.F.);
#4553 = FACE_BOUND('',#4554,.F.);
#4554 = EDGE_LOOP('',(#4555,#4556,#4579,#4607,#4630,#4652));
#4555 = ORIENTED_EDGE('',*,*,#3735,.T.);
#4556 = ORIENTED_EDGE('',*,*,#4557,.T.);
#4557 = EDGE_CURVE('',#3710,#4558,#4560,.T.);
#4558 = VERTEX_POINT('',#4559);
#4559 = CARTESIAN_POINT('',(97.,-56.,53.));
#4560 = SURFACE_CURVE('',#4561,(#4565,#4572),.PCURVE_S1.);
#4561 = LINE('',#4562,#4563);
#4562 = CARTESIAN_POINT('',(-107.,-56.,53.));
#4563 = VECTOR('',#4564,1.);
#4564 = DIRECTION('',(1.,0.,-0.));
#4565 = PCURVE('',#3750,#4566);
#4566 = DEFINITIONAL_REPRESENTATION('',(#4567),#4571);
#4567 = LINE('',#4568,#4569);
#4568 = CARTESIAN_POINT('',(0.,0.));
#4569 = VECTOR('',#4570,1.);
#4570 = DIRECTION('',(1.,0.));
#4571 = ( GEOMETRIC_REPRESENTATION_CONTEXT(2) 
PARAMETRIC_REPRESENTATION_CONTEXT() REPRESENTATION_CONTEXT('2D SPACE',''
  ) );
#4572 = PCURVE('',#3724,#4573);
#4573 = DEFINITIONAL_REPRESENTATION('',(#4574),#4578);
#4574 = LINE('',#4575,#4576);
#4575 = CARTESIAN_POINT('',(49.,0.));
#4576 = VECTOR('',#4577,1.);
#4577 = DIRECTION('',(0.,1.));
#4578 = ( GEOMETRIC_REPRESENTATION_CONTEXT(2) 
PARAMETRIC_REPRESENTATION_CONTEXT() REPRESENTATION_CONTEXT('2D SPACE',''
  ) );
#4579 = ORIENTED_EDGE('',*,*,#4580,.F.);
#4580 = EDGE_CURVE('',#4581,#4558,#4583,.T.);
#4581 = VERTEX_POINT('',#4582);
#4582 = CARTESIAN_POINT('',(107.,-46.,53.));
#4583 = SURFACE_CURVE('',#4584,(#4589,#4600),.PCURVE_S1.);
#4584 = CIRCLE('',#4585,10.);
#4585 = AXIS2_PLACEMENT_3D('',#4586,#4587,#4588);
#4586 = CARTESIAN_POINT('',(97.,-46.,53.));
#4587 = DIRECTION('',(-0.,-0.,-1.));
#4588 = DIRECTION('',(0.,-1.,0.));
#4589 = PCURVE('',#3750,#4590);
#4590 = DEFINITIONAL_REPRESENTATION('',(#4591),#4599);
#4591 = ( BOUNDED_CURVE() B_SPLINE_CURVE(2,(#4592,#4593,#4594,#4595,
#4596,#4597,#4598),.UNSPECIFIED.,.T.,.F.) B_SPLINE_CURVE_WITH_KNOTS((1,2
    ,2,2,2,1),(-2.094395102393,0.,2.094395102393,4.188790204786,
6.28318530718,8.377580409573),.UNSPECIFIED.) CURVE() 
GEOMETRIC_REPRESENTATION_ITEM() RATIONAL_B_SPLINE_CURVE((1.,0.5,1.,0.5,
1.,0.5,1.)) REPRESENTATION_ITEM('') );
#4592 = CARTESIAN_POINT('',(204.,0.));
#4593 = CARTESIAN_POINT('',(186.67949192431,0.));
#4594 = CARTESIAN_POINT('',(195.33974596215,15.));
#4595 = CARTESIAN_POINT('',(204.,30.));
#4596 = CARTESIAN_POINT('',(212.66025403784,15.));
#4597 = CARTESIAN_POINT('',(221.32050807568,1.59872115546E-14));
#4598 = CARTESIAN_POINT('',(204.,0.));
#4599 = ( GEOMETRIC_REPRESENTATION_CONTEXT(2) 
PARAMETRIC_REPRESENTATION_CONTEXT() REPRESENTATION_CONTEXT('2D SPACE',''
  ) );
#4600 = PCURVE('',#4409,#4601);
#4601 = DEFINITIONAL_REPRESENTATION('',(#4602),#4606);
#4602 = LINE('',#4603,#4604);
#4603 = CARTESIAN_POINT('',(4.712388980385,49.));
#4604 = VECTOR('',#4605,1.);
#4605 = DIRECTION('',(-1.,0.));
#4606 = ( GEOMETRIC_REPRESENTATION_CONTEXT(2) 
PARAMETRIC_REPRESENTATION_CONTEXT() REPRESENTATION_CONTEXT('2D SPACE',''
  ) );
#4607 = ORIENTED_EDGE('',*,*,#4608,.T.);
#4608 = EDGE_CURVE('',#4581,#4609,#4611,.T.);
#4609 = VERTEX_POINT('',#4610);
#4610 = CARTESIAN_POINT('',(107.,46.,53.));
#4611 = SURFACE_CURVE('',#4612,(#4616,#4623),.PCURVE_S1.);
#4612 = LINE('',#4613,#4614);
#4613 = CARTESIAN_POINT('',(107.,-56.,53.));
#4614 = VECTOR('',#4615,1.);
#4615 = DIRECTION('',(-0.,1.,0.));
#4616 = PCURVE('',#3750,#4617);
#4617 = DEFINITIONAL_REPRESENTATION('',(#4618),#4622);
#4618 = LINE('',#4619,#4620);
#4619 = CARTESIAN_POINT('',(214.,0.));
#4620 = VECTOR('',#4621,1.);
#4621 = DIRECTION('',(0.,1.));
#4622 = ( GEOMETRIC_REPRESENTATION_CONTEXT(2) 
PARAMETRIC_REPRESENTATION_CONTEXT() REPRESENTATION_CONTEXT('2D SPACE',''
  ) );
#4623 = PCURVE('',#4376,#4624);
#4624 = DEFINITIONAL_REPRESENTATION('',(#4625),#4629);
#4625 = LINE('',#4626,#4627);
#4626 = CARTESIAN_POINT('',(49.,0.));
#4627 = VECTOR('',#4628,1.);
#4628 = DIRECTION('',(0.,-1.));
#4629 = ( GEOMETRIC_REPRESENTATION_CONTEXT(2) 
PARAMETRIC_REPRESENTATION_CONTEXT() REPRESENTATION_CONTEXT('2D SPACE',''
  ) );
#4630 = ORIENTED_EDGE('',*,*,#4631,.T.);
#4631 = EDGE_CURVE('',#4609,#4510,#4632,.T.);
#4632 = SURFACE_CURVE('',#4633,(#4638,#4645),.PCURVE_S1.);
#4633 = CIRCLE('',#4634,10.);
#4634 = AXIS2_PLACEMENT_3D('',#4635,#4636,#4637);
#4635 = CARTESIAN_POINT('',(97.,46.,53.));
#4636 = DIRECTION('',(0.,0.,1.));
#4637 = DIRECTION('',(0.,-1.,0.));
#4638 = PCURVE('',#3750,#4639);
#4639 = DEFINITIONAL_REPRESENTATION('',(#4640),#4644);
#4640 = CIRCLE('',#4641,10.);
#4641 = AXIS2_PLACEMENT_2D('',#4642,#4643);
#4642 = CARTESIAN_POINT('',(204.,102.));
#4643 = DIRECTION('',(0.,-1.));
#4644 = ( GEOMETRIC_REPRESENTATION_CONTEXT(2) 
PARAMETRIC_REPRESENTATION_CONTEXT() REPRESENTATION_CONTEXT('2D SPACE',''
  ) );
#4645 = PCURVE('',#4348,#4646);
#4646 = DEFINITIONAL_REPRESENTATION('',(#4647),#4651);
#4647 = LINE('',#4648,#4649);
#4648 = CARTESIAN_POINT('',(-1.570796326795,49.));
#4649 = VECTOR('',#4650,1.);
#4650 = DIRECTION('',(1.,0.));
#4651 = ( GEOMETRIC_REPRESENTATION_CONTEXT(2) 
PARAMETRIC_REPRESENTATION_CONTEXT() REPRESENTATION_CONTEXT('2D SPACE',''
  ) );
#4652 = ORIENTED_EDGE('',*,*,#4509,.F.);
#4653 = FACE_BOUND('',#4654,.F.);
#4654 = EDGE_LOOP('',(#4655));
#4655 = ORIENTED_EDGE('',*,*,#4656,.F.);
#4656 = EDGE_CURVE('',#4657,#4657,#4659,.T.);
#4657 = VERTEX_POINT('',#4658);
#4658 = CARTESIAN_POINT('',(103.,-42.,53.));
#4659 = SURFACE_CURVE('',#4660,(#4665,#4672),.PCURVE_S1.);
#4660 = CIRCLE('',#4661,3.);
#4661 = AXIS2_PLACEMENT_3D('',#4662,#4663,#4664);
#4662 = CARTESIAN_POINT('',(100.,-42.,53.));
#4663 = DIRECTION('',(0.,0.,1.));
#4664 = DIRECTION('',(1.,0.,-0.));
#4665 = PCURVE('',#3750,#4666);
#4666 = DEFINITIONAL_REPRESENTATION('',(#4667),#4671);
#4667 = CIRCLE('',#4668,3.);
#4668 = AXIS2_PLACEMENT_2D('',#4669,#4670);
#4669 = CARTESIAN_POINT('',(207.,14.));
#4670 = DIRECTION('',(1.,0.));
#4671 = ( GEOMETRIC_REPRESENTATION_CONTEXT(2) 
PARAMETRIC_REPRESENTATION_CONTEXT() REPRESENTATION_CONTEXT('2D SPACE',''
  ) );
#4672 = PCURVE('',#4673,#4678);
#4673 = CYLINDRICAL_SURFACE('',#4674,3.);
#4674 = AXIS2_PLACEMENT_3D('',#4675,#4676,#4677);
#4675 = CARTESIAN_POINT('',(100.,-42.,52.5));
#4676 = DIRECTION('',(0.,0.,1.));
#4677 = DIRECTION('',(1.,0.,-0.));
#4678 = DEFINITIONAL_REPRESENTATION('',(#4679),#4683);
#4679 = LINE('',#4680,#4681);
#4680 = CARTESIAN_POINT('',(0.,0.5));
#4681 = VECTOR('',#4682,1.);
#4682 = DIRECTION('',(1.,0.));
#4683 = ( GEOMETRIC_REPRESENTATION_CONTEXT(2) 
PARAMETRIC_REPRESENTATION_CONTEXT() REPRESENTATION_CONTEXT('2D SPACE',''
  ) );
#4684 = FACE_BOUND('',#4685,.F.);
#4685 = EDGE_LOOP('',(#4686));
#4686 = ORIENTED_EDGE('',*,*,#4687,.F.);
#4687 = EDGE_CURVE('',#4688,#4688,#4690,.T.);
#4688 = VERTEX_POINT('',#4689);
#4689 = CARTESIAN_POINT('',(103.,42.,53.));
#4690 = SURFACE_CURVE('',#4691,(#4696,#4703),.PCURVE_S1.);
#4691 = CIRCLE('',#4692,3.);
#4692 = AXIS2_PLACEMENT_3D('',#4693,#4694,#4695);
#4693 = CARTESIAN_POINT('',(100.,42.,53.));
#4694 = DIRECTION('',(0.,0.,1.));
#4695 = DIRECTION('',(1.,0.,-0.));
#4696 = PCURVE('',#3750,#4697);
#4697 = DEFINITIONAL_REPRESENTATION('',(#4698),#4702);
#4698 = CIRCLE('',#4699,3.);
#4699 = AXIS2_PLACEMENT_2D('',#4700,#4701);
#4700 = CARTESIAN_POINT('',(207.,98.));
#4701 = DIRECTION('',(1.,0.));
#4702 = ( GEOMETRIC_REPRESENTATION_CONTEXT(2) 
PARAMETRIC_REPRESENTATION_CONTEXT() REPRESENTATION_CONTEXT('2D SPACE',''
  ) );
#4703 = PCURVE('',#4704,#4709);
#4704 = CYLINDRICAL_SURFACE('',#4705,3.);
#4705 = AXIS2_PLACEMENT_3D('',#4706,#4707,#4708);
#4706 = CARTESIAN_POINT('',(100.,42.,52.5));
#4707 = DIRECTION('',(0.,0.,1.));
#4708 = DIRECTION('',(1.,0.,-0.));
#4709 = DEFINITIONAL_REPRESENTATION('',(#4710),#4714);
#4710 = LINE('',#4711,#4712);
#4711 = CARTESIAN_POINT('',(0.,0.5));
#4712 = VECTOR('',#4713,1.);
#4713 = DIRECTION('',(1.,0.));
#4714 = ( GEOMETRIC_REPRESENTATION_CONTEXT(2) 
PARAMETRIC_REPRESENTATION_CONTEXT() REPRESENTATION_CONTEXT('2D SPACE',''
  ) );
#4715 = ADVANCED_FACE('',(#4716),#3724,.T.);
#4716 = FACE_BOUND('',#4717,.T.);
#4717 = EDGE_LOOP('',(#4718,#4719,#4720,#4721));
#4718 = ORIENTED_EDGE('',*,*,#4421,.F.);
#4719 = ORIENTED_EDGE('',*,*,#3709,.T.);
#4720 = ORIENTED_EDGE('',*,*,#4557,.T.);
#4721 = ORIENTED_EDGE('',*,*,#4722,.F.);
#4722 = EDGE_CURVE('',#4389,#4558,#4723,.T.);
#4723 = SURFACE_CURVE('',#4724,(#4728,#4735),.PCURVE_S1.);
#4724 = LINE('',#4725,#4726);
#4725 = CARTESIAN_POINT('',(97.,-56.,4.));
#4726 = VECTOR('',#4727,1.);
#4727 = DIRECTION('',(0.,0.,1.));
#4728 = PCURVE('',#3724,#4729);
#4729 = DEFINITIONAL_REPRESENTATION('',(#4730),#4734);
#4730 = LINE('',#4731,#4732);
#4731 = CARTESIAN_POINT('',(0.,204.));
#4732 = VECTOR('',#4733,1.);
#4733 = DIRECTION('',(1.,0.));
#4734 = ( GEOMETRIC_REPRESENTATION_CONTEXT(2) 
PARAMETRIC_REPRESENTATION_CONTEXT() REPRESENTATION_CONTEXT('2D SPACE',''
  ) );
#4735 = PCURVE('',#4409,#4736);
#4736 = DEFINITIONAL_REPRESENTATION('',(#4737),#4741);
#4737 = LINE('',#4738,#4739);
#4738 = CARTESIAN_POINT('',(-1.570796326795,0.));
#4739 = VECTOR('',#4740,1.);
#4740 = DIRECTION('',(-0.,1.));
#4741 = ( GEOMETRIC_REPRESENTATION_CONTEXT(2) 
PARAMETRIC_REPRESENTATION_CONTEXT() REPRESENTATION_CONTEXT('2D SPACE',''
  ) );
#4742 = ADVANCED_FACE('',(#4743),#3672,.T.);
#4743 = FACE_BOUND('',#4744,.T.);
#4744 = EDGE_LOOP('',(#4745,#4766,#4767,#4768));
#4745 = ORIENTED_EDGE('',*,*,#4746,.F.);
#4746 = EDGE_CURVE('',#4110,#4211,#4747,.T.);
#4747 = SURFACE_CURVE('',#4748,(#4752,#4759),.PCURVE_S1.);
#4748 = LINE('',#4749,#4750);
#4749 = CARTESIAN_POINT('',(109.,-67.,-1.));
#4750 = VECTOR('',#4751,1.);
#4751 = DIRECTION('',(0.,0.,1.));
#4752 = PCURVE('',#3672,#4753);
#4753 = DEFINITIONAL_REPRESENTATION('',(#4754),#4758);
#4754 = LINE('',#4755,#4756);
#4755 = CARTESIAN_POINT('',(0.,230.));
#4756 = VECTOR('',#4757,1.);
#4757 = DIRECTION('',(1.,0.));
#4758 = ( GEOMETRIC_REPRESENTATION_CONTEXT(2) 
PARAMETRIC_REPRESENTATION_CONTEXT() REPRESENTATION_CONTEXT('2D SPACE',''
  ) );
#4759 = PCURVE('',#4126,#4760);
#4760 = DEFINITIONAL_REPRESENTATION('',(#4761),#4765);
#4761 = LINE('',#4762,#4763);
#4762 = CARTESIAN_POINT('',(-1.570796326795,0.));
#4763 = VECTOR('',#4764,1.);
#4764 = DIRECTION('',(-0.,1.));
#4765 = ( GEOMETRIC_REPRESENTATION_CONTEXT(2) 
PARAMETRIC_REPRESENTATION_CONTEXT() REPRESENTATION_CONTEXT('2D SPACE',''
  ) );
#4766 = ORIENTED_EDGE('',*,*,#4138,.T.);
#4767 = ORIENTED_EDGE('',*,*,#3657,.T.);
#4768 = ORIENTED_EDGE('',*,*,#4210,.T.);
#4769 = ADVANCED_FACE('',(#4770),#3625,.F.);
#4770 = FACE_BOUND('',#4771,.F.);
#4771 = EDGE_LOOP('',(#4772,#4800,#4821,#4822));
#4772 = ORIENTED_EDGE('',*,*,#4773,.T.);
#4773 = EDGE_CURVE('',#3526,#4774,#4776,.T.);
#4774 = VERTEX_POINT('',#4775);
#4775 = CARTESIAN_POINT('',(135.99999999999,-70.,67.198321344333));
#4776 = SURFACE_CURVE('',#4777,(#4782,#4793),.PCURVE_S1.);
#4777 = CIRCLE('',#4778,1.01E+03);
#4778 = AXIS2_PLACEMENT_3D('',#4779,#4780,#4781);
#4779 = CARTESIAN_POINT('',(0.,-70.,1.068E+03));
#4780 = DIRECTION('',(0.,-1.,-0.));
#4781 = DIRECTION('',(-0.136,0.,-0.990708837146));
#4782 = PCURVE('',#3625,#4783);
#4783 = DEFINITIONAL_REPRESENTATION('',(#4784),#4792);
#4784 = ( BOUNDED_CURVE() B_SPLINE_CURVE(2,(#4785,#4786,#4787,#4788,
#4789,#4790,#4791),.UNSPECIFIED.,.T.,.F.) B_SPLINE_CURVE_WITH_KNOTS((1,2
    ,2,2,2,1),(-2.094395102393,0.,2.094395102393,4.188790204786,
6.28318530718,8.377580409573),.UNSPECIFIED.) CURVE() 
GEOMETRIC_REPRESENTATION_ITEM() RATIONAL_B_SPLINE_CURVE((1.,0.5,1.,0.5,
1.,0.5,1.)) REPRESENTATION_ITEM('') );
#4785 = CARTESIAN_POINT('',(67.384074482122,12.64));
#4786 = CARTESIAN_POINT('',(-170.5304244455,1.74575762186E+03));
#4787 = CARTESIAN_POINT('',(1.449350713295E+03,1.08523881093E+03));
#4788 = CARTESIAN_POINT('',(3.069231851036E+03,424.72));
#4789 = CARTESIAN_POINT('',(1.687265212223E+03,-647.8788109297));
#4790 = CARTESIAN_POINT('',(305.29857340978,-1.72047762186E+03));
#4791 = CARTESIAN_POINT('',(67.384074482122,12.64));
#4792 = ( GEOMETRIC_REPRESENTATION_CONTEXT(2) 
PARAMETRIC_REPRESENTATION_CONTEXT() REPRESENTATION_CONTEXT('2D SPACE',''
  ) );
#4793 = PCURVE('',#3579,#4794);
#4794 = DEFINITIONAL_REPRESENTATION('',(#4795),#4799);
#4795 = LINE('',#4796,#4797);
#4796 = CARTESIAN_POINT('',(0.,1.570796326795));
#4797 = VECTOR('',#4798,1.);
#4798 = DIRECTION('',(1.,0.));
#4799 = ( GEOMETRIC_REPRESENTATION_CONTEXT(2) 
PARAMETRIC_REPRESENTATION_CONTEXT() REPRESENTATION_CONTEXT('2D SPACE',''
  ) );
#4800 = ORIENTED_EDGE('',*,*,#4801,.F.);
#4801 = EDGE_CURVE('',#3899,#4774,#4802,.T.);
#4802 = SURFACE_CURVE('',#4803,(#4807,#4814),.PCURVE_S1.);
#4803 = LINE('',#4804,#4805);
#4804 = CARTESIAN_POINT('',(136.,-70.,0.));
#4805 = VECTOR('',#4806,1.);
#4806 = DIRECTION('',(0.,0.,1.));
#4807 = PCURVE('',#3625,#4808);
#4808 = DEFINITIONAL_REPRESENTATION('',(#4809),#4813);
#4809 = LINE('',#4810,#4811);
#4810 = CARTESIAN_POINT('',(0.,286.));
#4811 = VECTOR('',#4812,1.);
#4812 = DIRECTION('',(1.,0.));
#4813 = ( GEOMETRIC_REPRESENTATION_CONTEXT(2) 
PARAMETRIC_REPRESENTATION_CONTEXT() REPRESENTATION_CONTEXT('2D SPACE',''
  ) );
#4814 = PCURVE('',#3942,#4815);
#4815 = DEFINITIONAL_REPRESENTATION('',(#4816),#4820);
#4816 = LINE('',#4817,#4818);
#4817 = CARTESIAN_POINT('',(-1.570796326795,0.));
#4818 = VECTOR('',#4819,1.);
#4819 = DIRECTION('',(-0.,1.));
#4820 = ( GEOMETRIC_REPRESENTATION_CONTEXT(2) 
PARAMETRIC_REPRESENTATION_CONTEXT() REPRESENTATION_CONTEXT('2D SPACE',''
  ) );
#4821 = ORIENTED_EDGE('',*,*,#3898,.F.);
#4822 = ORIENTED_EDGE('',*,*,#3610,.T.);
#4823 = ADVANCED_FACE('',(#4824),#3579,.T.);
#4824 = FACE_BOUND('',#4825,.T.);
#4825 = EDGE_LOOP('',(#4826,#4827,#4828,#4948));
#4826 = ORIENTED_EDGE('',*,*,#3525,.F.);
#4827 = ORIENTED_EDGE('',*,*,#4773,.T.);
#4828 = ORIENTED_EDGE('',*,*,#4829,.T.);
#4829 = EDGE_CURVE('',#4774,#4830,#4832,.T.);
#4830 = VERTEX_POINT('',#4831);
#4831 = CARTESIAN_POINT('',(134.65346534653,-60.,77.107248855776));
#4832 = SURFACE_CURVE('',#4833,(#4838,#4844),.PCURVE_S1.);
#4833 = CIRCLE('',#4834,10.);
#4834 = AXIS2_PLACEMENT_3D('',#4835,#4836,#4837);
#4835 = CARTESIAN_POINT('',(135.99999999999,-60.,67.198321344333));
#4836 = DIRECTION('',(-0.990892751144,0.,-0.134653465347));
#4837 = DIRECTION('',(0.134653465347,0.,-0.990892751144));
#4838 = PCURVE('',#3579,#4839);
#4839 = DEFINITIONAL_REPRESENTATION('',(#4840),#4843);
#4840 = B_SPLINE_CURVE_WITH_KNOTS('',1,(#4841,#4842),.UNSPECIFIED.,.F.,
  .F.,(2,2),(1.570796326795,3.14159265359),.PIECEWISE_BEZIER_KNOTS.);
#4841 = CARTESIAN_POINT('',(0.271486505526,1.570796326795));
#4842 = CARTESIAN_POINT('',(0.271486505526,3.14159265359));
#4843 = ( GEOMETRIC_REPRESENTATION_CONTEXT(2) 
PARAMETRIC_REPRESENTATION_CONTEXT() REPRESENTATION_CONTEXT('2D SPACE',''
  ) );
#4844 = PCURVE('',#4845,#4915);
#4845 = ( BOUNDED_SURFACE() B_SPLINE_SURFACE(2,8,(
    (#4846,#4847,#4848,#4849,#4850,#4851,#4852,#4853,#4854,#4855,#4856
      ,#4857,#4858,#4859,#4860,#4861,#4862,#4863,#4864,#4865,#4866,#4867
      ,#4868)
    ,(#4869,#4870,#4871,#4872,#4873,#4874,#4875,#4876,#4877,#4878,#4879
      ,#4880,#4881,#4882,#4883,#4884,#4885,#4886,#4887,#4888,#4889,#4890
      ,#4891)
    ,(#4892,#4893,#4894,#4895,#4896,#4897,#4898,#4899,#4900,#4901,#4902
      ,#4903,#4904,#4905,#4906,#4907,#4908,#4909,#4910,#4911,#4912,#4913
,#4914
    )),.UNSPECIFIED.,.F.,.F.,.F.) B_SPLINE_SURFACE_WITH_KNOTS((3,3),(9,7
    ,7,9),(0.,23.462894982212),(405.59036400601,406.70210505135,
    417.5662109294,429.05325898822),.UNSPECIFIED.) 
GEOMETRIC_REPRESENTATION_ITEM() RATIONAL_B_SPLINE_SURFACE((
    (1.,1.,1.,1.,1.,1.,1.,1.,1.,1.,1.,1.,1.,1.,1.,1.,1.,1.,1.,1.,1.,1.
      ,1.)
    ,(0.707106781187,0.706521054514,0.70593301213,0.705342609135
      ,0.704748430104,0.704151581326,0.703550051127,0.70293987294
      ,0.69647176271,0.690734779779,0.685404108885,0.6805417683
      ,0.676200138461,0.672444996872,0.669284834739,0.663748211722
      ,0.661507645819,0.659694049936,0.658286466438,0.657277437752
      ,0.656606338037,0.656272100052,0.656272100052)
    ,(1.,1.,1.,1.,1.,1.,1.,1.,1.,1.,1.,1.,1.,1.,1.,1.,1.,1.,1.,1.,1.,1.
,1.))) REPRESENTATION_ITEM('') SURFACE() );
#4846 = CARTESIAN_POINT('',(136.,-70.,67.198321344333));
#4847 = CARTESIAN_POINT('',(136.17224653573,-70.,67.205008991235));
#4848 = CARTESIAN_POINT('',(136.34450270626,-69.99757660305,
    67.211682500171));
#4849 = CARTESIAN_POINT('',(136.51675961079,-69.99273833012,
    67.21833282586));
#4850 = CARTESIAN_POINT('',(136.68905903015,-69.98545825067,
    67.224940925796));
#4851 = CARTESIAN_POINT('',(136.86131048014,-69.97576591779,
    67.231511082832));
#4852 = CARTESIAN_POINT('',(137.03372940028,-69.96363388233,
    67.23801227262));
#4853 = CARTESIAN_POINT('',(137.2065656258,-69.94897144416,
    67.244397024684));
#4854 = CARTESIAN_POINT('',(139.05103503224,-69.76656497723,
    67.314095035535));
#4855 = CARTESIAN_POINT('',(140.64735221026,-69.37653300395,
    67.373949722325));
#4856 = CARTESIAN_POINT('',(142.11194352784,-68.79528820729,
    67.429664481781));
#4857 = CARTESIAN_POINT('',(143.43449932912,-68.06723462154,
    67.480661513316));
#4858 = CARTESIAN_POINT('',(144.60459405693,-67.22755123518,
    67.526199919473));
#4859 = CARTESIAN_POINT('',(145.61346420783,-66.31429857572,
    67.566098810582));
#4860 = CARTESIAN_POINT('',(146.46918645278,-65.37256384871,
    67.600969350575));
#4861 = CARTESIAN_POINT('',(147.95682011607,-63.39284675825,
    67.661496543806));
#4862 = CARTESIAN_POINT('',(148.56750055608,-62.36002200797,
    67.687477386815));
#4863 = CARTESIAN_POINT('',(149.06095911844,-61.31187807638,
    67.708642093192));
#4864 = CARTESIAN_POINT('',(149.44369661863,-60.24988775852,
    67.725196676095));
#4865 = CARTESIAN_POINT('',(149.72296197171,-59.18909177132,
    67.737688654519));
#4866 = CARTESIAN_POINT('',(149.9076533652,-58.12663922789,
    67.745899974639));
#4867 = CARTESIAN_POINT('',(150.,-57.0638216895,67.75003124219));
#4868 = CARTESIAN_POINT('',(150.,-56.,67.75003124219));
#4869 = CARTESIAN_POINT('',(134.65346534653,-70.,77.107248855776));
#4870 = CARTESIAN_POINT('',(134.82193732644,-70.01658058649,
    77.130142691544));
#4871 = CARTESIAN_POINT('',(134.99036655194,-70.03084226798,
    77.153065244648));
#4872 = CARTESIAN_POINT('',(135.1587480922,-70.04279968779,
    77.176009184615));
#4873 = CARTESIAN_POINT('',(135.327106195,-70.05246316418,
    77.198992769212));
#4874 = CARTESIAN_POINT('',(135.49536743143,-70.05983917809,
    77.221991387886));
#4875 = CARTESIAN_POINT('',(135.66353095833,-70.06496228059,
    77.245000865824));
#4876 = CARTESIAN_POINT('',(135.8318228526,-70.06784679655,
    77.26808158322));
#4877 = CARTESIAN_POINT('',(137.66401738058,-70.0721720126,
    77.519509788377));
#4878 = CARTESIAN_POINT('',(139.28772129459,-69.84929756328,
    77.744232288386));
#4879 = CARTESIAN_POINT('',(140.82151737401,-69.41945073578,
    77.957655082661));
#4880 = CARTESIAN_POINT('',(142.24660291339,-68.81340315486,
    78.156800773085));
#4881 = CARTESIAN_POINT('',(143.54124110178,-68.06112874356,
    78.338365859245));
#4882 = CARTESIAN_POINT('',(144.68642361827,-67.19779390977,
    78.499297030545));
#4883 = CARTESIAN_POINT('',(145.6814214698,-66.26506451178,
    78.639090675996));
#4884 = CARTESIAN_POINT('',(147.44605155636,-64.23872249658,
    78.887583465278));
#4885 = CARTESIAN_POINT('',(148.19318076091,-63.14143956554,
    78.99268266749));
#4886 = CARTESIAN_POINT('',(148.80624021637,-62.00136725004,
    79.079040743753));
#4887 = CARTESIAN_POINT('',(149.28831661124,-60.82702072061,
    79.147001662692));
#4888 = CARTESIAN_POINT('',(149.64471166718,-59.6342596253,
    79.197134622244));
#4889 = CARTESIAN_POINT('',(149.88137728377,-58.42834714185,
    79.230462401376));
#4890 = CARTESIAN_POINT('',(150.,-57.21535673616,79.247157319866));
#4891 = CARTESIAN_POINT('',(150.,-56.,79.247157319866));
#4892 = CARTESIAN_POINT('',(134.65346534653,-60.,77.107248855776));
#4893 = CARTESIAN_POINT('',(134.82179777392,-60.,77.130123727605));
#4894 = CARTESIAN_POINT('',(134.9901686775,-59.99749150388,
    77.153036020521));
#4895 = CARTESIAN_POINT('',(135.15833464979,-59.99313375077,
    77.175958747289));
#4896 = CARTESIAN_POINT('',(135.3268626088,-59.98543193355,
    77.198955249423));
#4897 = CARTESIAN_POINT('',(135.50279241402,-59.97584536095,
    77.22299536213));
#4898 = CARTESIAN_POINT('',(135.69129098812,-59.96473401773,
    77.248806345053));
#4899 = CARTESIAN_POINT('',(135.86816044785,-59.94911580429,
    77.273071612391));
#4900 = CARTESIAN_POINT('',(136.51343730969,-59.77774086372,
    77.361604546014));
#4901 = CARTESIAN_POINT('',(136.95140095486,-59.53157446415,
    77.422100174986));
#4902 = CARTESIAN_POINT('',(137.28519654373,-59.26168254635,
    77.468330502584));
#4903 = CARTESIAN_POINT('',(137.5782244224,-58.97993498754,
    77.509013098179));
#4904 = CARTESIAN_POINT('',(137.82895827254,-58.67772423818,
    77.543908088257));
#4905 = CARTESIAN_POINT('',(138.01260550276,-58.37543158207,
    77.569513741412));
#4906 = CARTESIAN_POINT('',(138.14539010221,-58.11754849756,
    77.588032001775));
#4907 = CARTESIAN_POINT('',(138.39627395923,-57.55532116691,
    77.623057465866));
#4908 = CARTESIAN_POINT('',(138.45980454219,-57.31249788239,
    77.631945916191));
#4909 = CARTESIAN_POINT('',(138.52357932375,-57.07570428126,
    77.640857290951));
#4910 = CARTESIAN_POINT('',(138.56500141407,-56.83448673014,
    77.646660820333));
#4911 = CARTESIAN_POINT('',(138.5892093701,-56.61987733318,
    77.650044643729));
#4912 = CARTESIAN_POINT('',(138.60591031692,-56.41006594009,
    77.65238367141));
#4913 = CARTESIAN_POINT('',(138.61386138613,-56.20518870448,
    77.653496279396));
#4914 = CARTESIAN_POINT('',(138.61386138613,-56.,77.653496279396));
#4915 = DEFINITIONAL_REPRESENTATION('',(#4916),#4947);
#4916 = B_SPLINE_CURVE_WITH_KNOTS('',8,(#4917,#4918,#4919,#4920,#4921,
    #4922,#4923,#4924,#4925,#4926,#4927,#4928,#4929,#4930,#4931,#4932,
    #4933,#4934,#4935,#4936,#4937,#4938,#4939,#4940,#4941,#4942,#4943,
    #4944,#4945,#4946),.UNSPECIFIED.,.F.,.F.,(9,7,7,7,9),(1.570796326795
    ,1.963495408494,2.356194490192,2.748893571891,3.14159265359),
  .UNSPECIFIED.);
#4917 = CARTESIAN_POINT('',(-8.881784197001E-16,405.59036400601));
#4918 = CARTESIAN_POINT('',(0.814397623408,405.59036400601));
#4919 = CARTESIAN_POINT('',(1.609871247549,405.59036400599));
#4920 = CARTESIAN_POINT('',(2.388682892921,405.59036400604));
#4921 = CARTESIAN_POINT('',(3.152860209311,405.59036400598));
#4922 = CARTESIAN_POINT('',(3.904223972924,405.59036400603));
#4923 = CARTESIAN_POINT('',(4.644472931914,405.590364006));
#4924 = CARTESIAN_POINT('',(5.375172227838,405.59036400601));
#4925 = CARTESIAN_POINT('',(6.820443263889,405.59036400601));
#4926 = CARTESIAN_POINT('',(7.535014988935,405.59036400602));
#4927 = CARTESIAN_POINT('',(8.243006760862,405.590364006));
#4928 = CARTESIAN_POINT('',(8.945815428536,405.59036400602));
#4929 = CARTESIAN_POINT('',(9.644775874703,405.590364006));
#4930 = CARTESIAN_POINT('',(10.341183710478,405.59036400601));
#4931 = CARTESIAN_POINT('',(11.036315639402,405.59036400601));
#4932 = CARTESIAN_POINT('',(12.426579342811,405.59036400601));
#4933 = CARTESIAN_POINT('',(13.121711271734,405.59036400602));
#4934 = CARTESIAN_POINT('',(13.818119107508,405.59036400599));
#4935 = CARTESIAN_POINT('',(14.517079553678,405.59036400603));
#4936 = CARTESIAN_POINT('',(15.219888221349,405.59036400599));
#4937 = CARTESIAN_POINT('',(15.927879993278,405.59036400602));
#4938 = CARTESIAN_POINT('',(16.642451718323,405.59036400601));
#4939 = CARTESIAN_POINT('',(18.087722754374,405.59036400601));
#4940 = CARTESIAN_POINT('',(18.818422050299,405.59036400601));
#4941 = CARTESIAN_POINT('',(19.558671009288,405.590364006));
#4942 = CARTESIAN_POINT('',(20.310034772902,405.59036400602));
#4943 = CARTESIAN_POINT('',(21.074212089292,405.590364006));
#4944 = CARTESIAN_POINT('',(21.853023734663,405.59036400601));
#4945 = CARTESIAN_POINT('',(22.648497358804,405.59036400601));
#4946 = CARTESIAN_POINT('',(23.462894982212,405.59036400601));
#4947 = ( GEOMETRIC_REPRESENTATION_CONTEXT(2) 
PARAMETRIC_REPRESENTATION_CONTEXT() REPRESENTATION_CONTEXT('2D SPACE',''
  ) );
#4948 = ORIENTED_EDGE('',*,*,#4949,.F.);
#4949 = EDGE_CURVE('',#3500,#4830,#4950,.T.);
#4950 = SURFACE_CURVE('',#4951,(#4956,#4963),.PCURVE_S1.);
#4951 = CIRCLE('',#4952,1.E+03);
#4952 = AXIS2_PLACEMENT_3D('',#4953,#4954,#4955);
#4953 = CARTESIAN_POINT('',(0.,-60.,1.068E+03));
#4954 = DIRECTION('',(0.,-1.,-0.));
#4955 = DIRECTION('',(-0.136,0.,-0.990708837146));
#4956 = PCURVE('',#3579,#4957);
#4957 = DEFINITIONAL_REPRESENTATION('',(#4958),#4962);
#4958 = LINE('',#4959,#4960);
#4959 = CARTESIAN_POINT('',(0.,3.14159265359));
#4960 = VECTOR('',#4961,1.);
#4961 = DIRECTION('',(1.,0.));
#4962 = ( GEOMETRIC_REPRESENTATION_CONTEXT(2) 
PARAMETRIC_REPRESENTATION_CONTEXT() REPRESENTATION_CONTEXT('2D SPACE',''
  ) );
#4963 = PCURVE('',#3514,#4964);
#4964 = DEFINITIONAL_REPRESENTATION('',(#4965),#4969);
#4965 = LINE('',#4966,#4967);
#4966 = CARTESIAN_POINT('',(4.57596620937,145.));
#4967 = VECTOR('',#4968,1.);
#4968 = DIRECTION('',(1.,0.));
#4969 = ( GEOMETRIC_REPRESENTATION_CONTEXT(2) 
PARAMETRIC_REPRESENTATION_CONTEXT() REPRESENTATION_CONTEXT('2D SPACE',''
  ) );
#4970 = ADVANCED_FACE('',(#4971),#3514,.F.);
#4971 = FACE_BOUND('',#4972,.F.);
#4972 = EDGE_LOOP('',(#4973,#4974,#4998,#5300,#5328,#5558));
#4973 = ORIENTED_EDGE('',*,*,#3499,.F.);
#4974 = ORIENTED_EDGE('',*,*,#4975,.F.);
#4975 = EDGE_CURVE('',#4976,#3415,#4978,.T.);
#4976 = VERTEX_POINT('',#4977);
#4977 = CARTESIAN_POINT('',(134.65346534659,60.,77.107248855784));
#4978 = SURFACE_CURVE('',#4979,(#4984,#4991),.PCURVE_S1.);
#4979 = CIRCLE('',#4980,1.E+03);
#4980 = AXIS2_PLACEMENT_3D('',#4981,#4982,#4983);
#4981 = CARTESIAN_POINT('',(0.,60.,1.068E+03));
#4982 = DIRECTION('',(0.,1.,0.));
#4983 = DIRECTION('',(0.136,0.,-0.990708837146));
#4984 = PCURVE('',#3514,#4985);
#4985 = DEFINITIONAL_REPRESENTATION('',(#4986),#4990);
#4986 = LINE('',#4987,#4988);
#4987 = CARTESIAN_POINT('',(4.848811751399,25.));
#4988 = VECTOR('',#4989,1.);
#4989 = DIRECTION('',(-1.,-0.));
#4990 = ( GEOMETRIC_REPRESENTATION_CONTEXT(2) 
PARAMETRIC_REPRESENTATION_CONTEXT() REPRESENTATION_CONTEXT('2D SPACE',''
  ) );
#4991 = PCURVE('',#3468,#4992);
#4992 = DEFINITIONAL_REPRESENTATION('',(#4993),#4997);
#4993 = LINE('',#4994,#4995);
#4994 = CARTESIAN_POINT('',(0.,3.14159265359));
#4995 = VECTOR('',#4996,1.);
#4996 = DIRECTION('',(1.,0.));
#4997 = ( GEOMETRIC_REPRESENTATION_CONTEXT(2) 
PARAMETRIC_REPRESENTATION_CONTEXT() REPRESENTATION_CONTEXT('2D SPACE',''
  ) );
#4998 = ORIENTED_EDGE('',*,*,#4999,.F.);
#4999 = EDGE_CURVE('',#5000,#4976,#5002,.T.);
#5000 = VERTEX_POINT('',#5001);
#5001 = CARTESIAN_POINT('',(138.61386138613,56.,77.653496279396));
#5002 = SURFACE_CURVE('',#5003,(#5027,#5223),.PCURVE_S1.);
#5003 = ( BOUNDED_CURVE() B_SPLINE_CURVE(8,(#5004,#5005,#5006,#5007,
    #5008,#5009,#5010,#5011,#5012,#5013,#5014,#5015,#5016,#5017,#5018,
    #5019,#5020,#5021,#5022,#5023,#5024,#5025,#5026),.UNSPECIFIED.,.F.,
.F.) B_SPLINE_CURVE_WITH_KNOTS((9,7,7,9),(541.05325898827,
    552.54030702011,563.40441292816,564.51615397054),.UNSPECIFIED.) 
CURVE() GEOMETRIC_REPRESENTATION_ITEM() RATIONAL_B_SPLINE_CURVE((1.,1.,
    1.,1.,1.,1.,1.,1.,1.,1.,1.,1.,1.,1.,1.,1.,1.,1.,1.,1.,1.,1.,1.)) 
REPRESENTATION_ITEM('') );
#5004 = CARTESIAN_POINT('',(138.61386138613,56.,77.653496279396));
#5005 = CARTESIAN_POINT('',(138.61386138613,56.205188704486,
    77.653496279396));
#5006 = CARTESIAN_POINT('',(138.60591031682,56.410065940305,
    77.652383671394));
#5007 = CARTESIAN_POINT('',(138.58920937055,56.619877332192,
    77.650044643795));
#5008 = CARTESIAN_POINT('',(138.56500141318,56.834486732653,
    77.646660820202));
#5009 = CARTESIAN_POINT('',(138.52357932462,57.075704267102,
    77.64085729108));
#5010 = CARTESIAN_POINT('',(138.45980455576,57.312497869749,
    77.631945918084));
#5011 = CARTESIAN_POINT('',(138.39627395335,57.555321177647,
    77.623057465044));
#5012 = CARTESIAN_POINT('',(138.14539008439,58.117548515555,
    77.588031999289));
#5013 = CARTESIAN_POINT('',(138.01260562746,58.375431484695,
    77.569513758746));
#5014 = CARTESIAN_POINT('',(137.82895812662,58.677724318794,
    77.543908068045));
#5015 = CARTESIAN_POINT('',(137.57822442307,58.979935014864,
    77.509013098211));
#5016 = CARTESIAN_POINT('',(137.28519668697,59.261682468284,
    77.468330522424));
#5017 = CARTESIAN_POINT('',(136.95140082797,59.531574502648,
    77.422100157483));
#5018 = CARTESIAN_POINT('',(136.51343734326,59.777740862656,
    77.361604550621));
#5019 = CARTESIAN_POINT('',(135.86816044715,59.949115804294,
    77.273071612294));
#5020 = CARTESIAN_POINT('',(135.69129098708,59.964734017691,
    77.24880634491));
#5021 = CARTESIAN_POINT('',(135.50279241389,59.97584536097,
    77.222995362113));
#5022 = CARTESIAN_POINT('',(135.32686260891,59.985431933568,
    77.198955249439));
#5023 = CARTESIAN_POINT('',(135.15833464971,59.993133750751,
    77.175958747278));
#5024 = CARTESIAN_POINT('',(134.99016867758,59.997491503883,
    77.153036020533));
#5025 = CARTESIAN_POINT('',(134.82179777398,60.,77.130123727612));
#5026 = CARTESIAN_POINT('',(134.65346534659,60.,77.107248855784));
#5027 = PCURVE('',#3514,#5028);
#5028 = DEFINITIONAL_REPRESENTATION('',(#5029),#5222);
#5029 = B_SPLINE_CURVE_WITH_KNOTS('',11,(#5030,#5031,#5032,#5033,#5034,
    #5035,#5036,#5037,#5038,#5039,#5040,#5041,#5042,#5043,#5044,#5045,
    #5046,#5047,#5048,#5049,#5050,#5051,#5052,#5053,#5054,#5055,#5056,
    #5057,#5058,#5059,#5060,#5061,#5062,#5063,#5064,#5065,#5066,#5067,
    #5068,#5069,#5070,#5071,#5072,#5073,#5074,#5075,#5076,#5077,#5078,
    #5079,#5080,#5081,#5082,#5083,#5084,#5085,#5086,#5087,#5088,#5089,
    #5090,#5091,#5092,#5093,#5094,#5095,#5096,#5097,#5098,#5099,#5100,
    #5101,#5102,#5103,#5104,#5105,#5106,#5107,#5108,#5109,#5110,#5111,
    #5112,#5113,#5114,#5115,#5116,#5117,#5118,#5119,#5120,#5121,#5122,
    #5123,#5124,#5125,#5126,#5127,#5128,#5129,#5130,#5131,#5132,#5133,
    #5134,#5135,#5136,#5137,#5138,#5139,#5140,#5141,#5142,#5143,#5144,
    #5145,#5146,#5147,#5148,#5149,#5150,#5151,#5152,#5153,#5154,#5155,
    #5156,#5157,#5158,#5159,#5160,#5161,#5162,#5163,#5164,#5165,#5166,
    #5167,#5168,#5169,#5170,#5171,#5172,#5173,#5174,#5175,#5176,#5177,
    #5178,#5179,#5180,#5181,#5182,#5183,#5184,#5185,#5186,#5187,#5188,
    #5189,#5190,#5191,#5192,#5193,#5194,#5195,#5196,#5197,#5198,#5199,
    #5200,#5201,#5202,#5203,#5204,#5205,#5206,#5207,#5208,#5209,#5210,
    #5211,#5212,#5213,#5214,#5215,#5216,#5217,#5218,#5219,#5220,#5221),
  .UNSPECIFIED.,.F.,.F.,(12,10,10,10,10,10,10,10,10,10,10,10,10,10,10,10
    ,10,10,10,12),(541.05325898827,546.91898273384,549.85184460662,
    551.31827554302,552.05149101121,552.41809874531,552.50975067883,
    552.60140261236,552.78470647941,558.65043022498,561.58329209776,
    563.04972303415,563.2330269012,563.32467883472,563.37050480149,
    563.39341778487,563.40487427656,563.41633076825,563.78293850235,
    564.51615397054),.UNSPECIFIED.);
#5030 = CARTESIAN_POINT('',(4.851450607382,29.));
#5031 = CARTESIAN_POINT('',(4.851450607383,28.923798429938));
#5032 = CARTESIAN_POINT('',(4.851449541623,28.847638206099));
#5033 = CARTESIAN_POINT('',(4.851447373655,28.7712822781));
#5034 = CARTESIAN_POINT('',(4.851444096735,28.69457121323));
#5035 = CARTESIAN_POINT('',(4.851439678734,28.617308191221));
#5036 = CARTESIAN_POINT('',(4.851434037642,28.539253718357));
#5037 = CARTESIAN_POINT('',(4.851427043886,28.460170539165));
#5038 = CARTESIAN_POINT('',(4.851418540196,28.379874525052));
#5039 = CARTESIAN_POINT('',(4.851408368391,28.298262643298));
#5040 = CARTESIAN_POINT('',(4.851396386799,28.215304410147));
#5041 = CARTESIAN_POINT('',(4.851375496809,28.088845624114));
#5042 = CARTESIAN_POINT('',(4.85136804711,28.046355859245));
#5043 = CARTESIAN_POINT('',(4.851360094441,28.003528892198));
#5044 = CARTESIAN_POINT('',(4.851351622067,27.960366512283));
#5045 = CARTESIAN_POINT('',(4.851342613437,27.916870975086));
#5046 = CARTESIAN_POINT('',(4.851333051454,27.873042965177));
#5047 = CARTESIAN_POINT('',(4.851322917213,27.828879211976));
#5048 = CARTESIAN_POINT('',(4.851312187528,27.784369756983));
#5049 = CARTESIAN_POINT('',(4.851300831983,27.739494874261));
#5050 = CARTESIAN_POINT('',(4.851288808843,27.694221642487));
#5051 = CARTESIAN_POINT('',(4.851269686069,27.625639433525));
#5052 = CARTESIAN_POINT('',(4.851263130486,27.602666645015));
#5053 = CARTESIAN_POINT('',(4.851256386221,27.579575627081));
#5054 = CARTESIAN_POINT('',(4.851249444974,27.556359143958));
#5055 = CARTESIAN_POINT('',(4.851242297294,27.533008815755));
#5056 = CARTESIAN_POINT('',(4.851234932301,27.509515032039));
#5057 = CARTESIAN_POINT('',(4.85122733749,27.485866866595));
#5058 = CARTESIAN_POINT('',(4.851219498463,27.46205199083));
#5059 = CARTESIAN_POINT('',(4.851211398706,27.438056588449));
#5060 = CARTESIAN_POINT('',(4.851203019348,27.413865269163));
#5061 = CARTESIAN_POINT('',(4.851189998712,27.377258839889));
#5062 = CARTESIAN_POINT('',(4.851185583176,27.365003454471));
#5063 = CARTESIAN_POINT('',(4.851181089674,27.352692706239));
#5064 = CARTESIAN_POINT('',(4.851176515385,27.340324369175));
#5065 = CARTESIAN_POINT('',(4.851171857225,27.327896111247));
#5066 = CARTESIAN_POINT('',(4.851167111986,27.315405495209));
#5067 = CARTESIAN_POINT('',(4.851162276156,27.302849977567));
#5068 = CARTESIAN_POINT('',(4.851157346107,27.290226909648));
#5069 = CARTESIAN_POINT('',(4.851152317937,27.277533536708));
#5070 = CARTESIAN_POINT('',(4.851147187577,27.264766998533));
#5071 = CARTESIAN_POINT('',(4.85113933231,27.245502994408));
#5072 = CARTESIAN_POINT('',(4.851136687251,27.239062626074));
#5073 = CARTESIAN_POINT('',(4.85113401502,27.232602852809));
#5074 = CARTESIAN_POINT('',(4.851131315043,27.226123296497));
#5075 = CARTESIAN_POINT('',(4.851128586771,27.21962357255));
#5076 = CARTESIAN_POINT('',(4.851125829574,27.21310328932));
#5077 = CARTESIAN_POINT('',(4.851123042879,27.206562048888));
#5078 = CARTESIAN_POINT('',(4.851120226031,27.199999446231));
#5079 = CARTESIAN_POINT('',(4.851117378402,27.193415069917));
#5080 = CARTESIAN_POINT('',(4.851114499325,27.186808501653));
#5081 = CARTESIAN_POINT('',(4.851110860322,27.178522020213));
#5082 = CARTESIAN_POINT('',(4.851110130516,27.176863310541));
#5083 = CARTESIAN_POINT('',(4.851109398683,27.175203180681));
#5084 = CARTESIAN_POINT('',(4.851108664839,27.173541624061));
#5085 = CARTESIAN_POINT('',(4.851107928925,27.171878633628));
#5086 = CARTESIAN_POINT('',(4.851107190998,27.170214203075));
#5087 = CARTESIAN_POINT('',(4.851106450972,27.168548325187));
#5088 = CARTESIAN_POINT('',(4.8511057089,27.166880993633));
#5089 = CARTESIAN_POINT('',(4.851104964729,27.165212201392));
#5090 = CARTESIAN_POINT('',(4.851104218469,27.163541941869));
#5091 = CARTESIAN_POINT('',(4.851102721734,27.160198474671));
#5092 = CARTESIAN_POINT('',(4.851101971567,27.158525626877));
#5093 = CARTESIAN_POINT('',(4.851101215691,27.156847079713));
#5094 = CARTESIAN_POINT('',(4.851100476086,27.155188663801));
#5095 = CARTESIAN_POINT('',(4.851099681626,27.153466775814));
#5096 = CARTESIAN_POINT('',(4.851098972648,27.151846488921));
#5097 = CARTESIAN_POINT('',(4.851098180541,27.1501293689));
#5098 = CARTESIAN_POINT('',(4.851097441028,27.148475194525));
#5099 = CARTESIAN_POINT('',(4.851096678427,27.146794842585));
#5100 = CARTESIAN_POINT('',(4.851095921375,27.145122041454));
#5101 = CARTESIAN_POINT('',(4.851093646619,27.140102428841));
#5102 = CARTESIAN_POINT('',(4.851092128331,27.136757956251));
#5103 = CARTESIAN_POINT('',(4.851090608193,27.133415333487));
#5104 = CARTESIAN_POINT('',(4.851089086152,27.130074474616));
#5105 = CARTESIAN_POINT('',(4.851087562126,27.12673529357));
#5106 = CARTESIAN_POINT('',(4.851086036078,27.123397704498));
#5107 = CARTESIAN_POINT('',(4.851084507916,27.12006162128));
#5108 = CARTESIAN_POINT('',(4.851082977602,27.11672695806));
#5109 = CARTESIAN_POINT('',(4.851081445057,27.113393628777));
#5110 = CARTESIAN_POINT('',(4.851079910225,27.110061547493));
#5111 = CARTESIAN_POINT('',(4.851029183147,27.000141211359));
#5112 = CARTESIAN_POINT('',(4.850977587626,26.894751873832));
#5113 = CARTESIAN_POINT('',(4.850921576344,26.787960620754));
#5114 = CARTESIAN_POINT('',(4.850859596255,26.678843927767));
#5115 = CARTESIAN_POINT('',(4.850790618115,26.567488390488));
#5116 = CARTESIAN_POINT('',(4.850714086474,26.454503161675));
#5117 = CARTESIAN_POINT('',(4.850629787774,26.340690746526));
#5118 = CARTESIAN_POINT('',(4.850537669706,26.22685371912));
#5119 = CARTESIAN_POINT('',(4.850437646878,26.11371493144));
#5120 = CARTESIAN_POINT('',(4.850329426048,26.001928778383));
#5121 = CARTESIAN_POINT('',(4.850153865405,25.837277243716));
#5122 = CARTESIAN_POINT('',(4.850093140442,25.782897913532));
#5123 = CARTESIAN_POINT('',(4.850030132567,25.729106636777));
#5124 = CARTESIAN_POINT('',(4.849964743854,25.675987144239));
#5125 = CARTESIAN_POINT('',(4.849896852054,25.623626443117));
#5126 = CARTESIAN_POINT('',(4.849826307265,25.572118534577));
#5127 = CARTESIAN_POINT('',(4.849752930538,25.521568766765));
#5128 = CARTESIAN_POINT('',(4.849676513472,25.472098820286));
#5129 = CARTESIAN_POINT('',(4.849596819834,25.423852329445));
#5130 = CARTESIAN_POINT('',(4.849513588273,25.377001136228));
#5131 = CARTESIAN_POINT('',(4.849383011091,25.30912770087));
#5132 = CARTESIAN_POINT('',(4.849338530355,25.286903756119));
#5133 = CARTESIAN_POINT('',(4.849293059577,25.265106174635));
#5134 = CARTESIAN_POINT('',(4.849246562313,25.243762944327));
#5135 = CARTESIAN_POINT('',(4.84919900098,25.22290441214));
#5136 = CARTESIAN_POINT('',(4.849150337143,25.202563484032));
#5137 = CARTESIAN_POINT('',(4.849100531765,25.182775825983));
#5138 = CARTESIAN_POINT('',(4.849049545527,25.163580063797));
#5139 = CARTESIAN_POINT('',(4.848997339049,25.145017984064));
#5140 = CARTESIAN_POINT('',(4.848943873218,25.1271347342));
#5141 = CARTESIAN_POINT('',(4.848882263952,25.1078345592));
#5142 = CARTESIAN_POINT('',(4.848875398198,25.105701457775));
#5143 = CARTESIAN_POINT('',(4.848868512086,25.103579817451));
#5144 = CARTESIAN_POINT('',(4.848861605551,25.101469736913));
#5145 = CARTESIAN_POINT('',(4.848854678502,25.099371314735));
#5146 = CARTESIAN_POINT('',(4.84884773089,25.097284649682));
#5147 = CARTESIAN_POINT('',(4.848840762611,25.095209840267));
#5148 = CARTESIAN_POINT('',(4.848833773616,25.093146985261));
#5149 = CARTESIAN_POINT('',(4.848826763814,25.09109618323));
#5150 = CARTESIAN_POINT('',(4.848819733141,25.089057532864));
#5151 = CARTESIAN_POINT('',(4.848809155705,25.086017932766));
#5152 = CARTESIAN_POINT('',(4.848805624656,25.085007796304));
#5153 = CARTESIAN_POINT('',(4.848802088361,25.084000736424));
#5154 = CARTESIAN_POINT('',(4.848798546811,25.082996766128));
#5155 = CARTESIAN_POINT('',(4.848794999995,25.08199589843));
#5156 = CARTESIAN_POINT('',(4.848791447909,25.080998146343));
#5157 = CARTESIAN_POINT('',(4.848787890535,25.080003522856));
#5158 = CARTESIAN_POINT('',(4.848784327875,25.079012041008));
#5159 = CARTESIAN_POINT('',(4.84878075991,25.078023713776));
#5160 = CARTESIAN_POINT('',(4.848777186638,25.077038554193));
#5161 = CARTESIAN_POINT('',(4.848771818749,25.075565585783));
#5162 = CARTESIAN_POINT('',(4.848770028124,25.075075391545));
#5163 = CARTESIAN_POINT('',(4.848768236164,25.074585994181));
#5164 = CARTESIAN_POINT('',(4.848766442883,25.074097395433));
#5165 = CARTESIAN_POINT('',(4.84876464825,25.073609596838));
#5166 = CARTESIAN_POINT('',(4.848762852307,25.073122600248));
#5167 = CARTESIAN_POINT('',(4.848761055004,25.072636407137));
#5168 = CARTESIAN_POINT('',(4.848759256384,25.072151019338));
#5169 = CARTESIAN_POINT('',(4.848757456414,25.071666438415));
#5170 = CARTESIAN_POINT('',(4.848755655112,25.071182666088));
#5171 = CARTESIAN_POINT('',(4.848752951146,25.070458222973));
#5172 = CARTESIAN_POINT('',(4.848752049488,25.070216944493));
#5173 = CARTESIAN_POINT('',(4.848751147499,25.069975868827));
#5174 = CARTESIAN_POINT('',(4.848750245165,25.06973499607));
#5175 = CARTESIAN_POINT('',(4.848749342511,25.069494326645));
#5176 = CARTESIAN_POINT('',(4.848748439504,25.069253860475));
#5177 = CARTESIAN_POINT('',(4.848747536177,25.069013598076));
#5178 = CARTESIAN_POINT('',(4.848746632504,25.068773539407));
#5179 = CARTESIAN_POINT('',(4.8487457285,25.068533684843));
#5180 = CARTESIAN_POINT('',(4.848744824158,25.068294034515));
#5181 = CARTESIAN_POINT('',(4.848743467141,25.067934865736));
#5182 = CARTESIAN_POINT('',(4.848743015213,25.067815196699));
#5183 = CARTESIAN_POINT('',(4.848742560708,25.067695564844));
#5184 = CARTESIAN_POINT('',(4.848742111046,25.067576011761));
#5185 = CARTESIAN_POINT('',(4.848741657627,25.067456489283));
#5186 = CARTESIAN_POINT('',(4.848741202021,25.067337006287));
#5187 = CARTESIAN_POINT('',(4.848740751651,25.067217604311));
#5188 = CARTESIAN_POINT('',(4.848740301189,25.067098253587));
#5189 = CARTESIAN_POINT('',(4.848739841924,25.066978905295));
#5190 = CARTESIAN_POINT('',(4.848739394279,25.066859673961));
#5191 = CARTESIAN_POINT('',(4.848738482851,25.066621224391));
#5192 = CARTESIAN_POINT('',(4.84873802077,25.066502015997));
#5193 = CARTESIAN_POINT('',(4.84873755236,25.06638282549));
#5194 = CARTESIAN_POINT('',(4.848737077661,25.06626365435));
#5195 = CARTESIAN_POINT('',(4.84873659671,25.066144504099));
#5196 = CARTESIAN_POINT('',(4.848736109548,25.066025376183));
#5197 = CARTESIAN_POINT('',(4.848735616209,25.065906272151));
#5198 = CARTESIAN_POINT('',(4.848735116737,25.065787193446));
#5199 = CARTESIAN_POINT('',(4.848734611167,25.065668141594));
#5200 = CARTESIAN_POINT('',(4.84873409954,25.065549118071));
#5201 = CARTESIAN_POINT('',(4.848717017199,25.061622326131));
#5202 = CARTESIAN_POINT('',(4.848694287524,25.057845033806));
#5203 = CARTESIAN_POINT('',(4.848666634149,25.05414480766));
#5204 = CARTESIAN_POINT('',(4.848635098642,25.050551600973));
#5205 = CARTESIAN_POINT('',(4.848600547018,25.047083171134));
#5206 = CARTESIAN_POINT('',(4.848563692124,25.043748795344));
#5207 = CARTESIAN_POINT('',(4.848525114237,25.040552289579));
#5208 = CARTESIAN_POINT('',(4.848485279949,25.037494332874));
#5209 = CARTESIAN_POINT('',(4.8484445592,25.034574094417));
#5210 = CARTESIAN_POINT('',(4.848403240628,25.031790165929));
#5211 = CARTESIAN_POINT('',(4.848278154012,25.023842060209));
#5212 = CARTESIAN_POINT('',(4.848193255192,25.019081823026));
#5213 = CARTESIAN_POINT('',(4.848108616241,25.014847681956));
#5214 = CARTESIAN_POINT('',(4.848024922919,25.011127145485));
#5215 = CARTESIAN_POINT('',(4.847942218182,25.007927282968));
#5216 = CARTESIAN_POINT('',(4.847860236656,25.005267883387));
#5217 = CARTESIAN_POINT('',(4.847778641167,25.003162560385));
#5218 = CARTESIAN_POINT('',(4.847697168402,25.001602241214));
#5219 = CARTESIAN_POINT('',(4.847615690231,25.000555475274));
#5220 = CARTESIAN_POINT('',(4.847534197785,25.));
#5221 = CARTESIAN_POINT('',(4.847452714897,25.));
#5222 = ( GEOMETRIC_REPRESENTATION_CONTEXT(2) 
PARAMETRIC_REPRESENTATION_CONTEXT() REPRESENTATION_CONTEXT('2D SPACE',''
  ) );
#5223 = PCURVE('',#5224,#5294);
#5224 = ( BOUNDED_SURFACE() B_SPLINE_SURFACE(2,8,(
    (#5225,#5226,#5227,#5228,#5229,#5230,#5231,#5232,#5233,#5234,#5235
      ,#5236,#5237,#5238,#5239,#5240,#5241,#5242,#5243,#5244,#5245,#5246
      ,#5247)
    ,(#5248,#5249,#5250,#5251,#5252,#5253,#5254,#5255,#5256,#5257,#5258
      ,#5259,#5260,#5261,#5262,#5263,#5264,#5265,#5266,#5267,#5268,#5269
      ,#5270)
    ,(#5271,#5272,#5273,#5274,#5275,#5276,#5277,#5278,#5279,#5280,#5281
      ,#5282,#5283,#5284,#5285,#5286,#5287,#5288,#5289,#5290,#5291,#5292
,#5293
    )),.UNSPECIFIED.,.F.,.F.,.F.) B_SPLINE_SURFACE_WITH_KNOTS((3,3),(9,7
    ,7,9),(0.,23.462894982269),(541.05325898827,552.54030702011,
    563.40441292816,564.51615397054),.UNSPECIFIED.) 
GEOMETRIC_REPRESENTATION_ITEM() RATIONAL_B_SPLINE_SURFACE((
    (1.,1.,1.,1.,1.,1.,1.,1.,1.,1.,1.,1.,1.,1.,1.,1.,1.,1.,1.,1.,1.,1.
      ,1.)
    ,(0.656272100052,0.656272100052,0.656606338037,0.657277437749
      ,0.658286466443,0.659694049928,0.661507645799,0.663748211754
      ,0.669284834755,0.672444996679,0.676200138644,0.680541768323
      ,0.685404108704,0.690734779915,0.696471762687,0.702939872938
      ,0.703550051127,0.704151581326,0.704748430105,0.705342609135
      ,0.70593301213,0.706521054513,0.707106781187)
    ,(1.,1.,1.,1.,1.,1.,1.,1.,1.,1.,1.,1.,1.,1.,1.,1.,1.,1.,1.,1.,1.,1.
,1.))) REPRESENTATION_ITEM('') SURFACE() );
#5225 = CARTESIAN_POINT('',(150.,56.,67.75003124219));
#5226 = CARTESIAN_POINT('',(150.,57.063821689507,67.75003124219));
#5227 = CARTESIAN_POINT('',(149.90765336516,58.126639227954,
    67.745899974644));
#5228 = CARTESIAN_POINT('',(149.72296197188,59.189091771038,
    67.737688654495));
#5229 = CARTESIAN_POINT('',(149.44369661827,60.249887759276,
    67.725196676152));
#5230 = CARTESIAN_POINT('',(149.06095911889,61.311878073522,
    67.708642093103));
#5231 = CARTESIAN_POINT('',(148.56750055776,62.360022009695,
    67.687477386595));
#5232 = CARTESIAN_POINT('',(147.9568201092,63.392846767688,
    67.66149654366));
#5233 = CARTESIAN_POINT('',(146.46918645337,65.372563847667,
    67.600969350951));
#5234 = CARTESIAN_POINT('',(145.61346423575,66.314298551879,
    67.566098809899));
#5235 = CARTESIAN_POINT('',(144.60459402733,67.227551254653,
    67.526199919824));
#5236 = CARTESIAN_POINT('',(143.43449933009,68.067234627053,
    67.480661513848));
#5237 = CARTESIAN_POINT('',(142.11194355756,68.795288188459,
    67.429664481484));
#5238 = CARTESIAN_POINT('',(140.64735218218,69.376533014757,
    67.373949721952));
#5239 = CARTESIAN_POINT('',(139.05103503869,69.766564976596,
    67.31409503577));
#5240 = CARTESIAN_POINT('',(137.20656562611,69.948971444137,
    67.244397024692));
#5241 = CARTESIAN_POINT('',(137.0337294004,69.963633882335,
    67.238012272624));
#5242 = CARTESIAN_POINT('',(136.86131048014,69.9757659178,
    67.231511082835));
#5243 = CARTESIAN_POINT('',(136.68905903013,69.985458250675,
    67.224940925798));
#5244 = CARTESIAN_POINT('',(136.5167596108,69.992738330124,
    67.21833282586));
#5245 = CARTESIAN_POINT('',(136.34450270635,69.997576603047,
    67.211682500172));
#5246 = CARTESIAN_POINT('',(136.17224653585,70.,67.205008991241));
#5247 = CARTESIAN_POINT('',(136.,70.,67.198321344334));
#5248 = CARTESIAN_POINT('',(150.,56.,79.247157319866));
#5249 = CARTESIAN_POINT('',(150.,57.21535673617,79.247157319866));
#5250 = CARTESIAN_POINT('',(149.88137728375,58.428347141882,
    79.23046240137));
#5251 = CARTESIAN_POINT('',(149.64471166727,59.634259625157,
    79.197134622272));
#5252 = CARTESIAN_POINT('',(149.28831661107,60.827020720997,
    79.147001662632));
#5253 = CARTESIAN_POINT('',(148.80624021653,62.001367249317,
    79.079040743824));
#5254 = CARTESIAN_POINT('',(148.19318076132,63.141439569214,
    78.992682667657));
#5255 = CARTESIAN_POINT('',(147.44605154882,64.238722505098,
    78.887583464167));
#5256 = CARTESIAN_POINT('',(145.68142147236,66.265064508527,
    78.63909067621));
#5257 = CARTESIAN_POINT('',(144.68642364033,67.197793897563,
    78.499297034354));
#5258 = CARTESIAN_POINT('',(143.54124107728,68.061128752892,
    78.338365855234));
#5259 = CARTESIAN_POINT('',(142.24660291675,68.813403157499,
    78.156800773333));
#5260 = CARTESIAN_POINT('',(140.82151739781,69.419450727314,
    77.957655086546));
#5261 = CARTESIAN_POINT('',(139.28772126941,69.849297567851,
    77.744232284629));
#5262 = CARTESIAN_POINT('',(137.66401738701,70.072172012622,
    77.519509789263));
#5263 = CARTESIAN_POINT('',(135.83182285285,70.067846796557,
    77.268081583254));
#5264 = CARTESIAN_POINT('',(135.66353095842,70.064962280608,
    77.245000865836));
#5265 = CARTESIAN_POINT('',(135.49536743146,70.059839178098,
    77.22199138789));
#5266 = CARTESIAN_POINT('',(135.32710619503,70.052463164179,
    77.198992769215));
#5267 = CARTESIAN_POINT('',(135.15874809223,70.042799687795,
    77.17600918462));
#5268 = CARTESIAN_POINT('',(134.99036655198,70.030842267989,
    77.153065244654));
#5269 = CARTESIAN_POINT('',(134.8219373265,70.01658058651,
    77.130142691552));
#5270 = CARTESIAN_POINT('',(134.65346534659,70.,77.107248855784));
#5271 = CARTESIAN_POINT('',(138.61386138613,56.,77.653496279396));
#5272 = CARTESIAN_POINT('',(138.61386138613,56.205188704486,
    77.653496279396));
#5273 = CARTESIAN_POINT('',(138.60591031682,56.410065940305,
    77.652383671394));
#5274 = CARTESIAN_POINT('',(138.58920937055,56.619877332192,
    77.650044643795));
#5275 = CARTESIAN_POINT('',(138.56500141318,56.834486732653,
    77.646660820202));
#5276 = CARTESIAN_POINT('',(138.52357932462,57.075704267102,
    77.64085729108));
#5277 = CARTESIAN_POINT('',(138.45980455576,57.312497869749,
    77.631945918084));
#5278 = CARTESIAN_POINT('',(138.39627395335,57.555321177647,
    77.623057465044));
#5279 = CARTESIAN_POINT('',(138.14539008439,58.117548515555,
    77.588031999289));
#5280 = CARTESIAN_POINT('',(138.01260562746,58.375431484695,
    77.569513758746));
#5281 = CARTESIAN_POINT('',(137.82895812662,58.677724318794,
    77.543908068045));
#5282 = CARTESIAN_POINT('',(137.57822442307,58.979935014864,
    77.509013098211));
#5283 = CARTESIAN_POINT('',(137.28519668697,59.261682468284,
    77.468330522424));
#5284 = CARTESIAN_POINT('',(136.95140082797,59.531574502648,
    77.422100157483));
#5285 = CARTESIAN_POINT('',(136.51343734326,59.777740862656,
    77.361604550621));
#5286 = CARTESIAN_POINT('',(135.86816044715,59.949115804294,
    77.273071612294));
#5287 = CARTESIAN_POINT('',(135.69129098708,59.964734017691,
    77.24880634491));
#5288 = CARTESIAN_POINT('',(135.50279241389,59.97584536097,
    77.222995362113));
#5289 = CARTESIAN_POINT('',(135.32686260891,59.985431933568,
    77.198955249439));
#5290 = CARTESIAN_POINT('',(135.15833464971,59.993133750751,
    77.175958747278));
#5291 = CARTESIAN_POINT('',(134.99016867758,59.997491503883,
    77.153036020533));
#5292 = CARTESIAN_POINT('',(134.82179777398,60.,77.130123727612));
#5293 = CARTESIAN_POINT('',(134.65346534659,60.,77.107248855784));
#5294 = DEFINITIONAL_REPRESENTATION('',(#5295),#5299);
#5295 = LINE('',#5296,#5297);
#5296 = CARTESIAN_POINT('',(23.462894982269,0.));
#5297 = VECTOR('',#5298,1.);
#5298 = DIRECTION('',(0.,1.));
#5299 = ( GEOMETRIC_REPRESENTATION_CONTEXT(2) 
PARAMETRIC_REPRESENTATION_CONTEXT() REPRESENTATION_CONTEXT('2D SPACE',''
  ) );
#5300 = ORIENTED_EDGE('',*,*,#5301,.F.);
#5301 = EDGE_CURVE('',#5302,#5000,#5304,.T.);
#5302 = VERTEX_POINT('',#5303);
#5303 = CARTESIAN_POINT('',(138.61386138613,-56.,77.653496279396));
#5304 = SURFACE_CURVE('',#5305,(#5309,#5316),.PCURVE_S1.);
#5305 = LINE('',#5306,#5307);
#5306 = CARTESIAN_POINT('',(138.61386138613,-56.,77.653496279396));
#5307 = VECTOR('',#5308,1.);
#5308 = DIRECTION('',(-0.,1.,-2.22044604925E-16));
#5309 = PCURVE('',#3514,#5310);
#5310 = DEFINITIONAL_REPRESENTATION('',(#5311),#5315);
#5311 = LINE('',#5312,#5313);
#5312 = CARTESIAN_POINT('',(4.851450607382,141.));
#5313 = VECTOR('',#5314,1.);
#5314 = DIRECTION('',(-0.,-1.));
#5315 = ( GEOMETRIC_REPRESENTATION_CONTEXT(2) 
PARAMETRIC_REPRESENTATION_CONTEXT() REPRESENTATION_CONTEXT('2D SPACE',''
  ) );
#5316 = PCURVE('',#5317,#5322);
#5317 = CYLINDRICAL_SURFACE('',#5318,10.);
#5318 = AXIS2_PLACEMENT_3D('',#5319,#5320,#5321);
#5319 = CARTESIAN_POINT('',(140.,-56.,67.75003124219));
#5320 = DIRECTION('',(-0.,1.,-2.22044604925E-16));
#5321 = DIRECTION('',(1.,0.,-0.));
#5322 = DEFINITIONAL_REPRESENTATION('',(#5323),#5327);
#5323 = LINE('',#5324,#5325);
#5324 = CARTESIAN_POINT('',(-1.709857953792,0.));
#5325 = VECTOR('',#5326,1.);
#5326 = DIRECTION('',(-0.,1.));
#5327 = ( GEOMETRIC_REPRESENTATION_CONTEXT(2) 
PARAMETRIC_REPRESENTATION_CONTEXT() REPRESENTATION_CONTEXT('2D SPACE',''
  ) );
#5328 = ORIENTED_EDGE('',*,*,#5329,.F.);
#5329 = EDGE_CURVE('',#4830,#5302,#5330,.T.);
#5330 = SURFACE_CURVE('',#5331,(#5355,#5551),.PCURVE_S1.);
#5331 = ( BOUNDED_CURVE() B_SPLINE_CURVE(8,(#5332,#5333,#5334,#5335,
    #5336,#5337,#5338,#5339,#5340,#5341,#5342,#5343,#5344,#5345,#5346,
    #5347,#5348,#5349,#5350,#5351,#5352,#5353,#5354),.UNSPECIFIED.,.F.,
.F.) B_SPLINE_CURVE_WITH_KNOTS((9,7,7,9),(405.59036400601,
406.70210505135,417.5662109294,429.05325898822),.UNSPECIFIED.) CURVE() 
GEOMETRIC_REPRESENTATION_ITEM() RATIONAL_B_SPLINE_CURVE((1.,1.,1.,1.,1.,
    1.,1.,1.,1.,1.,1.,1.,1.,1.,1.,1.,1.,1.,1.,1.,1.,1.,1.)) 
REPRESENTATION_ITEM('') );
#5332 = CARTESIAN_POINT('',(134.65346534653,-60.,77.107248855776));
#5333 = CARTESIAN_POINT('',(134.82179777392,-60.,77.130123727605));
#5334 = CARTESIAN_POINT('',(134.9901686775,-59.99749150388,
    77.153036020521));
#5335 = CARTESIAN_POINT('',(135.15833464979,-59.99313375077,
    77.175958747289));
#5336 = CARTESIAN_POINT('',(135.3268626088,-59.98543193355,
    77.198955249423));
#5337 = CARTESIAN_POINT('',(135.50279241402,-59.97584536095,
    77.22299536213));
#5338 = CARTESIAN_POINT('',(135.69129098812,-59.96473401773,
    77.248806345053));
#5339 = CARTESIAN_POINT('',(135.86816044785,-59.94911580429,
    77.273071612391));
#5340 = CARTESIAN_POINT('',(136.51343730969,-59.77774086372,
    77.361604546014));
#5341 = CARTESIAN_POINT('',(136.95140095486,-59.53157446415,
    77.422100174986));
#5342 = CARTESIAN_POINT('',(137.28519654373,-59.26168254635,
    77.468330502584));
#5343 = CARTESIAN_POINT('',(137.5782244224,-58.97993498754,
    77.509013098179));
#5344 = CARTESIAN_POINT('',(137.82895827254,-58.67772423818,
    77.543908088257));
#5345 = CARTESIAN_POINT('',(138.01260550276,-58.37543158207,
    77.569513741412));
#5346 = CARTESIAN_POINT('',(138.14539010221,-58.11754849756,
    77.588032001775));
#5347 = CARTESIAN_POINT('',(138.39627395923,-57.55532116691,
    77.623057465866));
#5348 = CARTESIAN_POINT('',(138.45980454219,-57.31249788239,
    77.631945916191));
#5349 = CARTESIAN_POINT('',(138.52357932375,-57.07570428126,
    77.640857290951));
#5350 = CARTESIAN_POINT('',(138.56500141407,-56.83448673014,
    77.646660820333));
#5351 = CARTESIAN_POINT('',(138.5892093701,-56.61987733318,
    77.650044643729));
#5352 = CARTESIAN_POINT('',(138.60591031692,-56.41006594009,
    77.65238367141));
#5353 = CARTESIAN_POINT('',(138.61386138613,-56.20518870448,
    77.653496279396));
#5354 = CARTESIAN_POINT('',(138.61386138613,-56.,77.653496279396));
#5355 = PCURVE('',#3514,#5356);
#5356 = DEFINITIONAL_REPRESENTATION('',(#5357),#5550);
#5357 = B_SPLINE_CURVE_WITH_KNOTS('',11,(#5358,#5359,#5360,#5361,#5362,
    #5363,#5364,#5365,#5366,#5367,#5368,#5369,#5370,#5371,#5372,#5373,
    #5374,#5375,#5376,#5377,#5378,#5379,#5380,#5381,#5382,#5383,#5384,
    #5385,#5386,#5387,#5388,#5389,#5390,#5391,#5392,#5393,#5394,#5395,
    #5396,#5397,#5398,#5399,#5400,#5401,#5402,#5403,#5404,#5405,#5406,
    #5407,#5408,#5409,#5410,#5411,#5412,#5413,#5414,#5415,#5416,#5417,
    #5418,#5419,#5420,#5421,#5422,#5423,#5424,#5425,#5426,#5427,#5428,
    #5429,#5430,#5431,#5432,#5433,#5434,#5435,#5436,#5437,#5438,#5439,
    #5440,#5441,#5442,#5443,#5444,#5445,#5446,#5447,#5448,#5449,#5450,
    #5451,#5452,#5453,#5454,#5455,#5456,#5457,#5458,#5459,#5460,#5461,
    #5462,#5463,#5464,#5465,#5466,#5467,#5468,#5469,#5470,#5471,#5472,
    #5473,#5474,#5475,#5476,#5477,#5478,#5479,#5480,#5481,#5482,#5483,
    #5484,#5485,#5486,#5487,#5488,#5489,#5490,#5491,#5492,#5493,#5494,
    #5495,#5496,#5497,#5498,#5499,#5500,#5501,#5502,#5503,#5504,#5505,
    #5506,#5507,#5508,#5509,#5510,#5511,#5512,#5513,#5514,#5515,#5516,
    #5517,#5518,#5519,#5520,#5521,#5522,#5523,#5524,#5525,#5526,#5527,
    #5528,#5529,#5530,#5531,#5532,#5533,#5534,#5535,#5536,#5537,#5538,
    #5539,#5540,#5541,#5542,#5543,#5544,#5545,#5546,#5547,#5548,#5549),
  .UNSPECIFIED.,.F.,.F.,(12,10,10,10,10,10,10,10,10,10,10,10,10,10,10,10
    ,10,10,10,12),(405.59036400601,406.3235794742,406.6901872083,
    406.70164369999,406.71310019168,406.73601317506,406.78183914183,
    406.87349107535,407.0567949424,408.52322587879,411.45608775156,
    417.32181149712,417.50511536416,417.59676729769,417.68841923121,
    418.05502696531,418.7882424335,420.25467336989,423.18753524267,
    429.05325898822),.UNSPECIFIED.);
#5358 = CARTESIAN_POINT('',(4.847452714896,145.));
#5359 = CARTESIAN_POINT('',(4.847534197785,145.));
#5360 = CARTESIAN_POINT('',(4.84761569023,144.99944452469));
#5361 = CARTESIAN_POINT('',(4.847697168404,144.99839775888));
#5362 = CARTESIAN_POINT('',(4.847778641162,144.99683743946));
#5363 = CARTESIAN_POINT('',(4.847860236661,144.99473211687));
#5364 = CARTESIAN_POINT('',(4.847942218174,144.99207271683));
#5365 = CARTESIAN_POINT('',(4.848024922922,144.98887285476));
#5366 = CARTESIAN_POINT('',(4.848108616237,144.98515231801));
#5367 = CARTESIAN_POINT('',(4.848193255191,144.98091817711));
#5368 = CARTESIAN_POINT('',(4.84827815401,144.97615793991));
#5369 = CARTESIAN_POINT('',(4.848403240626,144.96820983424));
#5370 = CARTESIAN_POINT('',(4.848444559199,144.96542590578));
#5371 = CARTESIAN_POINT('',(4.848485279944,144.96250566732));
#5372 = CARTESIAN_POINT('',(4.84852511424,144.95944771066));
#5373 = CARTESIAN_POINT('',(4.848563692115,144.9562512049));
#5374 = CARTESIAN_POINT('',(4.848600547021,144.95291682911));
#5375 = CARTESIAN_POINT('',(4.848635098636,144.94944839933));
#5376 = CARTESIAN_POINT('',(4.848666634148,144.94585519262));
#5377 = CARTESIAN_POINT('',(4.848694287521,144.94215496652));
#5378 = CARTESIAN_POINT('',(4.848717017196,144.93837767419));
#5379 = CARTESIAN_POINT('',(4.848734099537,144.93445088228));
#5380 = CARTESIAN_POINT('',(4.848734611164,144.93433185874));
#5381 = CARTESIAN_POINT('',(4.848735116735,144.93421280696));
#5382 = CARTESIAN_POINT('',(4.848735616204,144.9340937281));
#5383 = CARTESIAN_POINT('',(4.848736109547,144.9339746243));
#5384 = CARTESIAN_POINT('',(4.848736596703,144.93385549612));
#5385 = CARTESIAN_POINT('',(4.848737077661,144.9337363461));
#5386 = CARTESIAN_POINT('',(4.848737552355,144.93361717481));
#5387 = CARTESIAN_POINT('',(4.848738020767,144.93349798437));
#5388 = CARTESIAN_POINT('',(4.848738482848,144.93337877596));
#5389 = CARTESIAN_POINT('',(4.848739394275,144.93314032639));
#5390 = CARTESIAN_POINT('',(4.848739841922,144.93302109509));
#5391 = CARTESIAN_POINT('',(4.848740301184,144.93290174669));
#5392 = CARTESIAN_POINT('',(4.848740751651,144.93278239618));
#5393 = CARTESIAN_POINT('',(4.848741202012,144.93266299389));
#5394 = CARTESIAN_POINT('',(4.84874165763,144.93254351124));
#5395 = CARTESIAN_POINT('',(4.848742111037,144.93242398847));
#5396 = CARTESIAN_POINT('',(4.848742560707,144.93230443558));
#5397 = CARTESIAN_POINT('',(4.848743015208,144.93218480364));
#5398 = CARTESIAN_POINT('',(4.848743467137,144.93206513462));
#5399 = CARTESIAN_POINT('',(4.848744824154,144.93170596585));
#5400 = CARTESIAN_POINT('',(4.848745728494,144.93146631548));
#5401 = CARTESIAN_POINT('',(4.848746632505,144.93122646103));
#5402 = CARTESIAN_POINT('',(4.848747536164,144.93098640216));
#5403 = CARTESIAN_POINT('',(4.848748439513,144.93074614003));
#5404 = CARTESIAN_POINT('',(4.848749342495,144.9305056736));
#5405 = CARTESIAN_POINT('',(4.848750245171,144.93026500437));
#5406 = CARTESIAN_POINT('',(4.84875114749,144.93002413149));
#5407 = CARTESIAN_POINT('',(4.848752049486,144.92978305588));
#5408 = CARTESIAN_POINT('',(4.848752951141,144.92954177739));
#5409 = CARTESIAN_POINT('',(4.848755655107,144.92881733428));
#5410 = CARTESIAN_POINT('',(4.848757456411,144.92833356194));
#5411 = CARTESIAN_POINT('',(4.848759256378,144.92784898103));
#5412 = CARTESIAN_POINT('',(4.848761055002,144.92736359321));
#5413 = CARTESIAN_POINT('',(4.848762852298,144.92687740012));
#5414 = CARTESIAN_POINT('',(4.848764648249,144.92639040351));
#5415 = CARTESIAN_POINT('',(4.848766442875,144.92590260492));
#5416 = CARTESIAN_POINT('',(4.848768236161,144.92541400617));
#5417 = CARTESIAN_POINT('',(4.848770028118,144.9249246088));
#5418 = CARTESIAN_POINT('',(4.848771818744,144.92443441457));
#5419 = CARTESIAN_POINT('',(4.848777186632,144.92296144613));
#5420 = CARTESIAN_POINT('',(4.848780759908,144.9219762866));
#5421 = CARTESIAN_POINT('',(4.848784327863,144.92098795919));
#5422 = CARTESIAN_POINT('',(4.848787890541,144.91999647765));
#5423 = CARTESIAN_POINT('',(4.84879144789,144.91900185372));
#5424 = CARTESIAN_POINT('',(4.848795000001,144.91800410206));
#5425 = CARTESIAN_POINT('',(4.848798546798,144.917003234));
#5426 = CARTESIAN_POINT('',(4.848802088359,144.9159992639));
#5427 = CARTESIAN_POINT('',(4.848805624649,144.91499220391));
#5428 = CARTESIAN_POINT('',(4.848809155699,144.91398206746));
#5429 = CARTESIAN_POINT('',(4.848819733134,144.91094246731));
#5430 = CARTESIAN_POINT('',(4.848826763809,144.9089038169));
#5431 = CARTESIAN_POINT('',(4.848833773608,144.90685301485));
#5432 = CARTESIAN_POINT('',(4.848840762608,144.90479015975));
#5433 = CARTESIAN_POINT('',(4.848847730879,144.90271535037));
#5434 = CARTESIAN_POINT('',(4.8488546785,144.90062868517));
#5435 = CARTESIAN_POINT('',(4.848861605542,144.89853026302));
#5436 = CARTESIAN_POINT('',(4.848868512081,144.89642018238));
#5437 = CARTESIAN_POINT('',(4.848875398191,144.89429854202));
#5438 = CARTESIAN_POINT('',(4.848882263945,144.89216544053));
#5439 = CARTESIAN_POINT('',(4.848943873212,144.872865265));
#5440 = CARTESIAN_POINT('',(4.848997339044,144.85498201456));
#5441 = CARTESIAN_POINT('',(4.849049545523,144.83641993423));
#5442 = CARTESIAN_POINT('',(4.849100531763,144.81722417156));
#5443 = CARTESIAN_POINT('',(4.849150337142,144.79743651301));
#5444 = CARTESIAN_POINT('',(4.849199000981,144.77709558473));
#5445 = CARTESIAN_POINT('',(4.849246562316,144.75623705225));
#5446 = CARTESIAN_POINT('',(4.849293059581,144.73489382202));
#5447 = CARTESIAN_POINT('',(4.84933853036,144.71309624057));
#5448 = CARTESIAN_POINT('',(4.849383011097,144.69087229603));
#5449 = CARTESIAN_POINT('',(4.84951358828,144.62299886149));
#5450 = CARTESIAN_POINT('',(4.84959681984,144.57614766917));
#5451 = CARTESIAN_POINT('',(4.84967651348,144.52790117925));
#5452 = CARTESIAN_POINT('',(4.849752930539,144.47843123395));
#5453 = CARTESIAN_POINT('',(4.849826307272,144.42788146652));
#5454 = CARTESIAN_POINT('',(4.849896852049,144.37637355868));
#5455 = CARTESIAN_POINT('',(4.849964743856,144.32401285711));
#5456 = CARTESIAN_POINT('',(4.850030132563,144.27089336425));
#5457 = CARTESIAN_POINT('',(4.85009314044,144.21710208652));
#5458 = CARTESIAN_POINT('',(4.850153865403,144.16272275533));
#5459 = CARTESIAN_POINT('',(4.85032942605,143.99807121735));
#5460 = CARTESIAN_POINT('',(4.850437646882,143.88628506196));
#5461 = CARTESIAN_POINT('',(4.850537669714,143.77314627268));
#5462 = CARTESIAN_POINT('',(4.850629787784,143.65930924661));
#5463 = CARTESIAN_POINT('',(4.850714086481,143.54549683502));
#5464 = CARTESIAN_POINT('',(4.850790618112,143.43251161321));
#5465 = CARTESIAN_POINT('',(4.850859596246,143.32115608109));
#5466 = CARTESIAN_POINT('',(4.850921576327,143.21203938885));
#5467 = CARTESIAN_POINT('',(4.850977587618,143.10524812716));
#5468 = CARTESIAN_POINT('',(4.851029183156,142.99985877481));
#5469 = CARTESIAN_POINT('',(4.851079910239,142.88993843403));
#5470 = CARTESIAN_POINT('',(4.851081445071,142.88660635261));
#5471 = CARTESIAN_POINT('',(4.851082977616,142.88327302324));
#5472 = CARTESIAN_POINT('',(4.851084507931,142.87993835984));
#5473 = CARTESIAN_POINT('',(4.85108603609,142.87660227663));
#5474 = CARTESIAN_POINT('',(4.851087562142,142.87326468736));
#5475 = CARTESIAN_POINT('',(4.851089086165,142.86992550634));
#5476 = CARTESIAN_POINT('',(4.851090608209,142.86658464735));
#5477 = CARTESIAN_POINT('',(4.851092128345,142.86324202456));
#5478 = CARTESIAN_POINT('',(4.851093646633,142.85989755194));
#5479 = CARTESIAN_POINT('',(4.851095921389,142.8548779393));
#5480 = CARTESIAN_POINT('',(4.851096678442,142.85320513821));
#5481 = CARTESIAN_POINT('',(4.851097441041,142.85152478614));
#5482 = CARTESIAN_POINT('',(4.851098180558,142.84987061202));
#5483 = CARTESIAN_POINT('',(4.85109897266,142.84815349162));
#5484 = CARTESIAN_POINT('',(4.851099681641,142.84653320525));
#5485 = CARTESIAN_POINT('',(4.851100476101,142.84481131675));
#5486 = CARTESIAN_POINT('',(4.851101215705,142.84315290125));
#5487 = CARTESIAN_POINT('',(4.851101971582,142.84147435393));
#5488 = CARTESIAN_POINT('',(4.851102721749,142.83980150622));
#5489 = CARTESIAN_POINT('',(4.851104218482,142.83645803906));
#5490 = CARTESIAN_POINT('',(4.851104964745,142.8347877796));
#5491 = CARTESIAN_POINT('',(4.851105708907,142.83311898731));
#5492 = CARTESIAN_POINT('',(4.851106450999,142.83145165593));
#5493 = CARTESIAN_POINT('',(4.851107190993,142.82978577786));
#5494 = CARTESIAN_POINT('',(4.851107928958,142.82812134758));
#5495 = CARTESIAN_POINT('',(4.851108664838,142.82645835697));
#5496 = CARTESIAN_POINT('',(4.851109398705,142.82479680052));
#5497 = CARTESIAN_POINT('',(4.851110130526,142.82313667062));
#5498 = CARTESIAN_POINT('',(4.851110860336,142.82147796101));
#5499 = CARTESIAN_POINT('',(4.851114499338,142.81319147972));
#5500 = CARTESIAN_POINT('',(4.851117378417,142.80658491168));
#5501 = CARTESIAN_POINT('',(4.851120226042,142.80000053529));
#5502 = CARTESIAN_POINT('',(4.851123042895,142.79343793324));
#5503 = CARTESIAN_POINT('',(4.851125829584,142.78689669232));
#5504 = CARTESIAN_POINT('',(4.851128586785,142.78037641001));
#5505 = CARTESIAN_POINT('',(4.851131315055,142.77387668559));
#5506 = CARTESIAN_POINT('',(4.851134015033,142.76739712991));
#5507 = CARTESIAN_POINT('',(4.851136687263,142.76093735661));
#5508 = CARTESIAN_POINT('',(4.851139332321,142.75449698855));
#5509 = CARTESIAN_POINT('',(4.851147187587,142.73523298501));
#5510 = CARTESIAN_POINT('',(4.851152317951,142.72246644733));
#5511 = CARTESIAN_POINT('',(4.85115734611,142.70977307469));
#5512 = CARTESIAN_POINT('',(4.851162276178,142.69715000751));
#5513 = CARTESIAN_POINT('',(4.851167111978,142.68459448996));
#5514 = CARTESIAN_POINT('',(4.85117185725,142.67210387482));
#5515 = CARTESIAN_POINT('',(4.851176515381,142.65967561705));
#5516 = CARTESIAN_POINT('',(4.851181089689,142.64730728071));
#5517 = CARTESIAN_POINT('',(4.851185583181,142.63499653288));
#5518 = CARTESIAN_POINT('',(4.851189998719,142.622741148));
#5519 = CARTESIAN_POINT('',(4.851203019354,142.58613472026));
#5520 = CARTESIAN_POINT('',(4.85121139871,142.56194340199));
#5521 = CARTESIAN_POINT('',(4.85121949847,142.53794800065));
#5522 = CARTESIAN_POINT('',(4.851227337489,142.51413312582));
#5523 = CARTESIAN_POINT('',(4.851234932311,142.49048496141));
#5524 = CARTESIAN_POINT('',(4.851242297288,142.46699117855));
#5525 = CARTESIAN_POINT('',(4.851249444982,142.44364085124));
#5526 = CARTESIAN_POINT('',(4.851256386217,142.42042436894));
#5527 = CARTESIAN_POINT('',(4.851263130488,142.39733335177));
#5528 = CARTESIAN_POINT('',(4.851269686069,142.37436056397));
#5529 = CARTESIAN_POINT('',(4.851288808843,142.30577835696));
#5530 = CARTESIAN_POINT('',(4.851300831978,142.26050512622));
#5531 = CARTESIAN_POINT('',(4.851312187534,142.2156302444));
#5532 = CARTESIAN_POINT('',(4.851322917196,142.17112078981));
#5533 = CARTESIAN_POINT('',(4.851333051471,142.12695703724));
#5534 = CARTESIAN_POINT('',(4.851342613415,142.0831290272));
#5535 = CARTESIAN_POINT('',(4.851351622081,142.03963349027));
#5536 = CARTESIAN_POINT('',(4.851360094431,141.99647111009));
#5537 = CARTESIAN_POINT('',(4.851368047112,141.95364414292));
#5538 = CARTESIAN_POINT('',(4.851375496807,141.91115437777));
#5539 = CARTESIAN_POINT('',(4.851396386799,141.78469559088));
#5540 = CARTESIAN_POINT('',(4.851408368388,141.701737357));
#5541 = CARTESIAN_POINT('',(4.851418540202,141.62012547465));
#5542 = CARTESIAN_POINT('',(4.851427043876,141.53982946006));
#5543 = CARTESIAN_POINT('',(4.851434037657,141.46074628077));
#5544 = CARTESIAN_POINT('',(4.851439678719,141.38269180792));
#5545 = CARTESIAN_POINT('',(4.851444096746,141.30542878604));
#5546 = CARTESIAN_POINT('',(4.851447373648,141.22871772136));
#5547 = CARTESIAN_POINT('',(4.851449541626,141.1523617935));
#5548 = CARTESIAN_POINT('',(4.851450607382,141.07620156988));
#5549 = CARTESIAN_POINT('',(4.851450607382,141.));
#5550 = ( GEOMETRIC_REPRESENTATION_CONTEXT(2) 
PARAMETRIC_REPRESENTATION_CONTEXT() REPRESENTATION_CONTEXT('2D SPACE',''
  ) );
#5551 = PCURVE('',#4845,#5552);
#5552 = DEFINITIONAL_REPRESENTATION('',(#5553),#5557);
#5553 = LINE('',#5554,#5555);
#5554 = CARTESIAN_POINT('',(23.462894982212,0.));
#5555 = VECTOR('',#5556,1.);
#5556 = DIRECTION('',(0.,1.));
#5557 = ( GEOMETRIC_REPRESENTATION_CONTEXT(2) 
PARAMETRIC_REPRESENTATION_CONTEXT() REPRESENTATION_CONTEXT('2D SPACE',''
  ) );
#5558 = ORIENTED_EDGE('',*,*,#4949,.F.);
#5559 = ADVANCED_FACE('',(#5560),#3468,.T.);
#5560 = FACE_BOUND('',#5561,.T.);
#5561 = EDGE_LOOP('',(#5562,#5593,#5615,#5616));
#5562 = ORIENTED_EDGE('',*,*,#5563,.F.);
#5563 = EDGE_CURVE('',#5564,#4976,#5566,.T.);
#5564 = VERTEX_POINT('',#5565);
#5565 = CARTESIAN_POINT('',(136.,70.,67.198321344334));
#5566 = SURFACE_CURVE('',#5567,(#5571,#5587),.PCURVE_S1.);
#5567 = ( BOUNDED_CURVE() B_SPLINE_CURVE(2,(#5568,#5569,#5570),
.UNSPECIFIED.,.F.,.F.) B_SPLINE_CURVE_WITH_KNOTS((3,3),(0.,
23.462894982269),.PIECEWISE_BEZIER_KNOTS.) CURVE() 
GEOMETRIC_REPRESENTATION_ITEM() RATIONAL_B_SPLINE_CURVE((1.,
0.707106781187,1.)) REPRESENTATION_ITEM('') );
#5568 = CARTESIAN_POINT('',(136.,70.,67.198321344334));
#5569 = CARTESIAN_POINT('',(134.65346534659,70.,77.107248855784));
#5570 = CARTESIAN_POINT('',(134.65346534659,60.,77.107248855784));
#5571 = PCURVE('',#3468,#5572);
#5572 = DEFINITIONAL_REPRESENTATION('',(#5573),#5586);
#5573 = B_SPLINE_CURVE_WITH_KNOTS('',11,(#5574,#5575,#5576,#5577,#5578,
    #5579,#5580,#5581,#5582,#5583,#5584,#5585),.UNSPECIFIED.,.F.,.F.,(12
    ,12),(0.,23.462894982269),.PIECEWISE_BEZIER_KNOTS.);
#5574 = CARTESIAN_POINT('',(1.359036502767E-03,1.570796326795));
#5575 = CARTESIAN_POINT('',(1.359036502767E-03,1.699361196102));
#5576 = CARTESIAN_POINT('',(1.359036502767E-03,1.835457293885));
#5577 = CARTESIAN_POINT('',(1.359036502768E-03,1.978390736209));
#5578 = CARTESIAN_POINT('',(1.359036502765E-03,2.126951478686));
#5579 = CARTESIAN_POINT('',(1.359036502769E-03,2.279309209411));
#5580 = CARTESIAN_POINT('',(1.359036502765E-03,2.433079770973));
#5581 = CARTESIAN_POINT('',(1.359036502769E-03,2.585437501698));
#5582 = CARTESIAN_POINT('',(1.359036502766E-03,2.733998244176));
#5583 = CARTESIAN_POINT('',(1.359036502767E-03,2.8769316865));
#5584 = CARTESIAN_POINT('',(1.359036502767E-03,3.013027784283));
#5585 = CARTESIAN_POINT('',(1.359036502767E-03,3.14159265359));
#5586 = ( GEOMETRIC_REPRESENTATION_CONTEXT(2) 
PARAMETRIC_REPRESENTATION_CONTEXT() REPRESENTATION_CONTEXT('2D SPACE',''
  ) );
#5587 = PCURVE('',#5224,#5588);
#5588 = DEFINITIONAL_REPRESENTATION('',(#5589),#5592);
#5589 = B_SPLINE_CURVE_WITH_KNOTS('',1,(#5590,#5591),.UNSPECIFIED.,.F.,
  .F.,(2,2),(0.,23.462894982269),.PIECEWISE_BEZIER_KNOTS.);
#5590 = CARTESIAN_POINT('',(0.,564.51615397054));
#5591 = CARTESIAN_POINT('',(23.462894982269,564.51615397054));
#5592 = ( GEOMETRIC_REPRESENTATION_CONTEXT(2) 
PARAMETRIC_REPRESENTATION_CONTEXT() REPRESENTATION_CONTEXT('2D SPACE',''
  ) );
#5593 = ORIENTED_EDGE('',*,*,#5594,.T.);
#5594 = EDGE_CURVE('',#5564,#3389,#5595,.T.);
#5595 = SURFACE_CURVE('',#5596,(#5601,#5608),.PCURVE_S1.);
#5596 = CIRCLE('',#5597,1.01E+03);
#5597 = AXIS2_PLACEMENT_3D('',#5598,#5599,#5600);
#5598 = CARTESIAN_POINT('',(0.,70.,1.068E+03));
#5599 = DIRECTION('',(0.,1.,0.));
#5600 = DIRECTION('',(0.136,0.,-0.990708837146));
#5601 = PCURVE('',#3468,#5602);
#5602 = DEFINITIONAL_REPRESENTATION('',(#5603),#5607);
#5603 = LINE('',#5604,#5605);
#5604 = CARTESIAN_POINT('',(0.,1.570796326795));
#5605 = VECTOR('',#5606,1.);
#5606 = DIRECTION('',(1.,0.));
#5607 = ( GEOMETRIC_REPRESENTATION_CONTEXT(2) 
PARAMETRIC_REPRESENTATION_CONTEXT() REPRESENTATION_CONTEXT('2D SPACE',''
  ) );
#5608 = PCURVE('',#3403,#5609);
#5609 = DEFINITIONAL_REPRESENTATION('',(#5610),#5614);
#5610 = CIRCLE('',#5611,1.01E+03);
#5611 = AXIS2_PLACEMENT_2D('',#5612,#5613);
#5612 = CARTESIAN_POINT('',(1.068E+03,150.));
#5613 = DIRECTION('',(-0.990708837146,0.136));
#5614 = ( GEOMETRIC_REPRESENTATION_CONTEXT(2) 
PARAMETRIC_REPRESENTATION_CONTEXT() REPRESENTATION_CONTEXT('2D SPACE',''
  ) );
#5615 = ORIENTED_EDGE('',*,*,#3414,.T.);
#5616 = ORIENTED_EDGE('',*,*,#4975,.F.);
#5617 = ADVANCED_FACE('',(#5618),#3403,.T.);
#5618 = FACE_BOUND('',#5619,.T.);
#5619 = EDGE_LOOP('',(#5620,#5621,#5642,#5643));
#5620 = ORIENTED_EDGE('',*,*,#5594,.F.);
#5621 = ORIENTED_EDGE('',*,*,#5622,.F.);
#5622 = EDGE_CURVE('',#3983,#5564,#5623,.T.);
#5623 = SURFACE_CURVE('',#5624,(#5628,#5635),.PCURVE_S1.);
#5624 = LINE('',#5625,#5626);
#5625 = CARTESIAN_POINT('',(136.,70.,0.));
#5626 = VECTOR('',#5627,1.);
#5627 = DIRECTION('',(0.,0.,1.));
#5628 = PCURVE('',#3403,#5629);
#5629 = DEFINITIONAL_REPRESENTATION('',(#5630),#5634);
#5630 = LINE('',#5631,#5632);
#5631 = CARTESIAN_POINT('',(0.,286.));
#5632 = VECTOR('',#5633,1.);
#5633 = DIRECTION('',(1.,0.));
#5634 = ( GEOMETRIC_REPRESENTATION_CONTEXT(2) 
PARAMETRIC_REPRESENTATION_CONTEXT() REPRESENTATION_CONTEXT('2D SPACE',''
  ) );
#5635 = PCURVE('',#3999,#5636);
#5636 = DEFINITIONAL_REPRESENTATION('',(#5637),#5641);
#5637 = LINE('',#5638,#5639);
#5638 = CARTESIAN_POINT('',(1.570796326795,0.));
#5639 = VECTOR('',#5640,1.);
#5640 = DIRECTION('',(0.,1.));
#5641 = ( GEOMETRIC_REPRESENTATION_CONTEXT(2) 
PARAMETRIC_REPRESENTATION_CONTEXT() REPRESENTATION_CONTEXT('2D SPACE',''
  ) );
#5642 = ORIENTED_EDGE('',*,*,#4011,.F.);
#5643 = ORIENTED_EDGE('',*,*,#3388,.T.);
#5644 = ADVANCED_FACE('',(#5645),#3851,.F.);
#5645 = FACE_BOUND('',#5646,.F.);
#5646 = EDGE_LOOP('',(#5647,#5648,#5671,#5700,#5726,#5866,#5888));
#5647 = ORIENTED_EDGE('',*,*,#3834,.T.);
#5648 = ORIENTED_EDGE('',*,*,#5649,.T.);
#5649 = EDGE_CURVE('',#3835,#5650,#5652,.T.);
#5650 = VERTEX_POINT('',#5651);
#5651 = CARTESIAN_POINT('',(100.,36.,56.8));
#5652 = SEAM_CURVE('',#5653,(#5657,#5664),.PCURVE_S1.);
#5653 = LINE('',#5654,#5655);
#5654 = CARTESIAN_POINT('',(80.,36.,56.8));
#5655 = VECTOR('',#5656,1.);
#5656 = DIRECTION('',(1.,0.,2.22044604925E-16));
#5657 = PCURVE('',#3851,#5658);
#5658 = DEFINITIONAL_REPRESENTATION('',(#5659),#5663);
#5659 = LINE('',#5660,#5661);
#5660 = CARTESIAN_POINT('',(0.,-0.));
#5661 = VECTOR('',#5662,1.);
#5662 = DIRECTION('',(0.,1.));
#5663 = ( GEOMETRIC_REPRESENTATION_CONTEXT(2) 
PARAMETRIC_REPRESENTATION_CONTEXT() REPRESENTATION_CONTEXT('2D SPACE',''
  ) );
#5664 = PCURVE('',#3851,#5665);
#5665 = DEFINITIONAL_REPRESENTATION('',(#5666),#5670);
#5666 = LINE('',#5667,#5668);
#5667 = CARTESIAN_POINT('',(6.28318530718,-0.));
#5668 = VECTOR('',#5669,1.);
#5669 = DIRECTION('',(0.,1.));
#5670 = ( GEOMETRIC_REPRESENTATION_CONTEXT(2) 
PARAMETRIC_REPRESENTATION_CONTEXT() REPRESENTATION_CONTEXT('2D SPACE',''
  ) );
#5671 = ORIENTED_EDGE('',*,*,#5672,.F.);
#5672 = EDGE_CURVE('',#5673,#5650,#5675,.T.);
#5673 = VERTEX_POINT('',#5674);
#5674 = CARTESIAN_POINT('',(100.,39.160696125856,60.5));
#5675 = SURFACE_CURVE('',#5676,(#5681,#5688),.PCURVE_S1.);
#5676 = CIRCLE('',#5677,3.2);
#5677 = AXIS2_PLACEMENT_3D('',#5678,#5679,#5680);
#5678 = CARTESIAN_POINT('',(100.,36.,60.));
#5679 = DIRECTION('',(1.,-0.,2.22044604925E-16));
#5680 = DIRECTION('',(2.22044604925E-16,0.,-1.));
#5681 = PCURVE('',#3851,#5682);
#5682 = DEFINITIONAL_REPRESENTATION('',(#5683),#5687);
#5683 = LINE('',#5684,#5685);
#5684 = CARTESIAN_POINT('',(0.,20.));
#5685 = VECTOR('',#5686,1.);
#5686 = DIRECTION('',(1.,0.));
#5687 = ( GEOMETRIC_REPRESENTATION_CONTEXT(2) 
PARAMETRIC_REPRESENTATION_CONTEXT() REPRESENTATION_CONTEXT('2D SPACE',''
  ) );
#5688 = PCURVE('',#5689,#5694);
#5689 = PLANE('',#5690);
#5690 = AXIS2_PLACEMENT_3D('',#5691,#5692,#5693);
#5691 = CARTESIAN_POINT('',(100.,36.,60.));
#5692 = DIRECTION('',(1.,0.,2.22044604925E-16));
#5693 = DIRECTION('',(2.22044604925E-16,0.,-1.));
#5694 = DEFINITIONAL_REPRESENTATION('',(#5695),#5699);
#5695 = CIRCLE('',#5696,3.2);
#5696 = AXIS2_PLACEMENT_2D('',#5697,#5698);
#5697 = CARTESIAN_POINT('',(0.,0.));
#5698 = DIRECTION('',(1.,0.));
#5699 = ( GEOMETRIC_REPRESENTATION_CONTEXT(2) 
PARAMETRIC_REPRESENTATION_CONTEXT() REPRESENTATION_CONTEXT('2D SPACE',''
  ) );
#5700 = ORIENTED_EDGE('',*,*,#5701,.F.);
#5701 = EDGE_CURVE('',#5702,#5673,#5704,.T.);
#5702 = VERTEX_POINT('',#5703);
#5703 = CARTESIAN_POINT('',(99.031313512911,39.160696125856,60.5));
#5704 = SURFACE_CURVE('',#5705,(#5709,#5715),.PCURVE_S1.);
#5705 = LINE('',#5706,#5707);
#5706 = CARTESIAN_POINT('',(80.,39.160696125856,60.5));
#5707 = VECTOR('',#5708,1.);
#5708 = DIRECTION('',(1.,0.,2.22044604925E-16));
#5709 = PCURVE('',#3851,#5710);
#5710 = DEFINITIONAL_REPRESENTATION('',(#5711),#5714);
#5711 = B_SPLINE_CURVE_WITH_KNOTS('',1,(#5712,#5713),.UNSPECIFIED.,.F.,
  .F.,(2,2),(16.4,20.0000006),.PIECEWISE_BEZIER_KNOTS.);
#5712 = CARTESIAN_POINT('',(1.727689197815,16.4));
#5713 = CARTESIAN_POINT('',(1.727689197815,20.0000006));
#5714 = ( GEOMETRIC_REPRESENTATION_CONTEXT(2) 
PARAMETRIC_REPRESENTATION_CONTEXT() REPRESENTATION_CONTEXT('2D SPACE',''
  ) );
#5715 = PCURVE('',#5716,#5721);
#5716 = PLANE('',#5717);
#5717 = AXIS2_PLACEMENT_3D('',#5718,#5719,#5720);
#5718 = CARTESIAN_POINT('',(100.,42.,60.5));
#5719 = DIRECTION('',(0.,0.,1.));
#5720 = DIRECTION('',(1.,0.,-0.));
#5721 = DEFINITIONAL_REPRESENTATION('',(#5722),#5725);
#5722 = B_SPLINE_CURVE_WITH_KNOTS('',1,(#5723,#5724),.UNSPECIFIED.,.F.,
  .F.,(2,2),(16.4,20.0000006),.PIECEWISE_BEZIER_KNOTS.);
#5723 = CARTESIAN_POINT('',(-3.6,-2.839303874144));
#5724 = CARTESIAN_POINT('',(5.999999928008E-07,-2.839303874144));
#5725 = ( GEOMETRIC_REPRESENTATION_CONTEXT(2) 
PARAMETRIC_REPRESENTATION_CONTEXT() REPRESENTATION_CONTEXT('2D SPACE',''
  ) );
#5726 = ORIENTED_EDGE('',*,*,#5727,.T.);
#5727 = EDGE_CURVE('',#5702,#5728,#5730,.T.);
#5728 = VERTEX_POINT('',#5729);
#5729 = CARTESIAN_POINT('',(100.,39.,58.886447127434));
#5730 = SURFACE_CURVE('',#5731,(#5774,#5820),.PCURVE_S1.);
#5731 = B_SPLINE_CURVE_WITH_KNOTS('',5,(#5732,#5733,#5734,#5735,#5736,
    #5737,#5738,#5739,#5740,#5741,#5742,#5743,#5744,#5745,#5746,#5747,
    #5748,#5749,#5750,#5751,#5752,#5753,#5754,#5755,#5756,#5757,#5758,
    #5759,#5760,#5761,#5762,#5763,#5764,#5765,#5766,#5767,#5768,#5769,
    #5770,#5771,#5772,#5773),.UNSPECIFIED.,.F.,.F.,(6,4,4,4,4,4,4,4,4,4,
    6),(0.,7.551573587985E-02,0.229135782101,0.385903133239,
    0.462914196226,0.539978040496,0.588375169198,0.700787424418,
    0.844333406083,0.958820971723,1.),.UNSPECIFIED.);
#5732 = CARTESIAN_POINT('',(99.031313791117,39.16069603094,60.5000006));
#5733 = CARTESIAN_POINT('',(99.017074757495,39.165553966423,
    60.469291722054));
#5734 = CARTESIAN_POINT('',(99.00398701856,39.170118831683,60.4380189456
    ));
#5735 = CARTESIAN_POINT('',(98.992061895761,39.174355114394,
    60.406247503838));
#5736 = CARTESIAN_POINT('',(98.981306661768,39.178233191303,
    60.374041758246));
#5737 = CARTESIAN_POINT('',(98.952231836067,39.188841444817,
    60.275195400059));
#5738 = CARTESIAN_POINT('',(98.937599546527,39.194371221824,
    60.207408168087));
#5739 = CARTESIAN_POINT('',(98.927843126274,39.198124494709,
    60.138602828434));
#5740 = CARTESIAN_POINT('',(98.922967038573,39.2,60.069292201338));
#5741 = CARTESIAN_POINT('',(98.922967038573,39.2,59.929288168273));
#5742 = CARTESIAN_POINT('',(98.928044986495,39.198046863312,
    59.858555865426));
#5743 = CARTESIAN_POINT('',(98.938205691558,39.194138020661,
    59.788360812899));
#5744 = CARTESIAN_POINT('',(98.953444073229,39.188383502535,
    59.719248625181));
#5745 = CARTESIAN_POINT('',(98.983714113073,39.177363713613,
    59.618591441728));
#5746 = CARTESIAN_POINT('',(98.994905223511,39.173339458429,
    59.585826875478));
#5747 = CARTESIAN_POINT('',(99.007312232041,39.168946805004,
    59.553523720561));
#5748 = CARTESIAN_POINT('',(99.020926975048,39.164217812816,
    59.521750321462));
#5749 = CARTESIAN_POINT('',(99.050556795006,39.154160486389,
    59.459379878903));
#5750 = CARTESIAN_POINT('',(99.066573147812,39.148831664218,
    59.428783645126));
#5751 = CARTESIAN_POINT('',(99.083772991583,39.143243121454,
    59.398856814982));
#5752 = CARTESIAN_POINT('',(99.102136034857,39.137438884316,
    59.369667925272));
#5753 = CARTESIAN_POINT('',(99.133879914176,39.127718675869,
    59.323459029258));
#5754 = CARTESIAN_POINT('',(99.146573051161,39.12390339713,
    59.305951264485));
#5755 = CARTESIAN_POINT('',(99.159707021086,39.120034634917,
    59.288777630036));
#5756 = CARTESIAN_POINT('',(99.173273501725,39.116125089637,
    59.271954128217));
#5757 = CARTESIAN_POINT('',(99.219755846789,39.103043237266,
    59.217269140313));
#5758 = CARTESIAN_POINT('',(99.2545319673,39.093749155872,
    59.181011758369));
#5759 = CARTESIAN_POINT('',(99.291465699164,39.084471840219,
    59.14692184351));
#5760 = CARTESIAN_POINT('',(99.330397403983,39.075385850401,
    59.115163060214));
#5761 = CARTESIAN_POINT('',(99.423148176735,39.055501396357,
    59.048456463633));
#5762 = CARTESIAN_POINT('',(99.478089873782,39.044928612932,
    59.01507190806));
#5763 = CARTESIAN_POINT('',(99.535570842362,39.03526603523,
    58.985964038003));
#5764 = CARTESIAN_POINT('',(99.595134101214,39.026808325751,
    58.961305968823));
#5765 = CARTESIAN_POINT('',(99.7049981413,39.014136360448,
    58.925164778965));
#5766 = CARTESIAN_POINT('',(99.754741490491,39.009408394587,
    58.912022353737));
#5767 = CARTESIAN_POINT('',(99.805247349949,39.005676560672,
    58.90181546891));
#5768 = CARTESIAN_POINT('',(99.856269284353,39.003005900605,
    58.894569610086));
#5769 = CARTESIAN_POINT('',(99.925993901238,39.000856185477,
    58.888755273047));
#5770 = CARTESIAN_POINT('',(99.944472706694,39.000428407827,
    58.88760129273));
#5771 = CARTESIAN_POINT('',(99.962974384872,39.000142798951,
    58.886831838188));
#5772 = CARTESIAN_POINT('',(99.981487496677,38.999999996297,
    58.886447117459));
#5773 = CARTESIAN_POINT('',(100.0000006,39.,58.886447127434));
#5774 = PCURVE('',#3851,#5775);
#5775 = DEFINITIONAL_REPRESENTATION('',(#5776),#5819);
#5776 = B_SPLINE_CURVE_WITH_KNOTS('',5,(#5777,#5778,#5779,#5780,#5781,
    #5782,#5783,#5784,#5785,#5786,#5787,#5788,#5789,#5790,#5791,#5792,
    #5793,#5794,#5795,#5796,#5797,#5798,#5799,#5800,#5801,#5802,#5803,
    #5804,#5805,#5806,#5807,#5808,#5809,#5810,#5811,#5812,#5813,#5814,
    #5815,#5816,#5817,#5818),.UNSPECIFIED.,.F.,.F.,(6,4,4,4,4,4,4,4,4,4,
    6),(0.,7.551573587985E-02,0.229135782101,0.385903133239,
    0.462914196226,0.539978040496,0.588375169198,0.700787424418,
    0.844333406083,0.958820971723,1.),.UNSPECIFIED.);
#5777 = CARTESIAN_POINT('',(1.727689387647,19.031313791117));
#5778 = CARTESIAN_POINT('',(1.717973528341,19.017074757495));
#5779 = CARTESIAN_POINT('',(1.708097935098,19.00398701856));
#5780 = CARTESIAN_POINT('',(1.698082527191,18.992061895761));
#5781 = CARTESIAN_POINT('',(1.687946385436,18.981306661768));
#5782 = CARTESIAN_POINT('',(1.656879519593,18.952231836067));
#5783 = CARTESIAN_POINT('',(1.6356325553,18.937599546527));
#5784 = CARTESIAN_POINT('',(1.614109702056,18.927843126274));
#5785 = CARTESIAN_POINT('',(1.592450139713,18.922967038573));
#5786 = CARTESIAN_POINT('',(1.54869887938,18.922967038573));
#5787 = CARTESIAN_POINT('',(1.5265950448,18.928044986495));
#5788 = CARTESIAN_POINT('',(1.504636574135,18.938205691558));
#5789 = CARTESIAN_POINT('',(1.482971581107,18.953444073229));
#5790 = CARTESIAN_POINT('',(1.451328268214,18.983714113073));
#5791 = CARTESIAN_POINT('',(1.441013305343,18.994905223511));
#5792 = CARTESIAN_POINT('',(1.430826755545,19.007312232041));
#5793 = CARTESIAN_POINT('',(1.420788944483,19.020926975048));
#5794 = CARTESIAN_POINT('',(1.401046407524,19.050556795006));
#5795 = CARTESIAN_POINT('',(1.391341925362,19.066573147812));
#5796 = CARTESIAN_POINT('',(1.381829014123,19.083772991583));
#5797 = CARTESIAN_POINT('',(1.372529468493,19.102136034857));
#5798 = CARTESIAN_POINT('',(1.357773165142,19.133879914176));
#5799 = CARTESIAN_POINT('',(1.352173732431,19.146573051161));
#5800 = CARTESIAN_POINT('',(1.346672653516,19.159707021086));
#5801 = CARTESIAN_POINT('',(1.341275332406,19.173273501725));
#5802 = CARTESIAN_POINT('',(1.323704096913,19.219755846789));
#5803 = CARTESIAN_POINT('',(1.31200886158,19.2545319673));
#5804 = CARTESIAN_POINT('',(1.300969700336,19.291465699164));
#5805 = CARTESIAN_POINT('',(1.290647529911,19.330397403983));
#5806 = CARTESIAN_POINT('',(1.268895281599,19.423148176735));
#5807 = CARTESIAN_POINT('',(1.257953511741,19.478089873782));
#5808 = CARTESIAN_POINT('',(1.248369953971,19.535570842362));
#5809 = CARTESIAN_POINT('',(1.240223813079,19.595134101214));
#5810 = CARTESIAN_POINT('',(1.228255575864,19.7049981413));
#5811 = CARTESIAN_POINT('',(1.223890989857,19.754741490491));
#5812 = CARTESIAN_POINT('',(1.220494910526,19.805247349949));
#5813 = CARTESIAN_POINT('',(1.218081638072,19.856269284353));
#5814 = CARTESIAN_POINT('',(1.2161444458,19.925993901238));
#5815 = CARTESIAN_POINT('',(1.215759846823,19.944472706694));
#5816 = CARTESIAN_POINT('',(1.215503362107,19.962974384872));
#5817 = CARTESIAN_POINT('',(1.21537512178,19.981487496677));
#5818 = CARTESIAN_POINT('',(1.215375125105,20.0000006));
#5819 = ( GEOMETRIC_REPRESENTATION_CONTEXT(2) 
PARAMETRIC_REPRESENTATION_CONTEXT() REPRESENTATION_CONTEXT('2D SPACE',''
  ) );
#5820 = PCURVE('',#4704,#5821);
#5821 = DEFINITIONAL_REPRESENTATION('',(#5822),#5865);
#5822 = B_SPLINE_CURVE_WITH_KNOTS('',5,(#5823,#5824,#5825,#5826,#5827,
    #5828,#5829,#5830,#5831,#5832,#5833,#5834,#5835,#5836,#5837,#5838,
    #5839,#5840,#5841,#5842,#5843,#5844,#5845,#5846,#5847,#5848,#5849,
    #5850,#5851,#5852,#5853,#5854,#5855,#5856,#5857,#5858,#5859,#5860,
    #5861,#5862,#5863,#5864),.UNSPECIFIED.,.F.,.F.,(6,4,4,4,4,4,4,4,4,4,
    6),(0.,7.551573587985E-02,0.229135782101,0.385903133239,
    0.462914196226,0.539978040496,0.588375169198,0.700787424418,
    0.844333406083,0.958820971723,1.),.UNSPECIFIED.);
#5823 = CARTESIAN_POINT('',(4.383601809173,8.0000006));
#5824 = CARTESIAN_POINT('',(4.378586835864,7.969291722054));
#5825 = CARTESIAN_POINT('',(4.373966606298,7.9380189456));
#5826 = CARTESIAN_POINT('',(4.36974828511,7.906247503838));
#5827 = CARTESIAN_POINT('',(4.365937289475,7.874041758246));
#5828 = CARTESIAN_POINT('',(4.355620741107,7.775195400059));
#5829 = CARTESIAN_POINT('',(4.350406960358,7.707408168087));
#5830 = CARTESIAN_POINT('',(4.346922385092,7.638602828434));
#5831 = CARTESIAN_POINT('',(4.345180959827,7.569292201338));
#5832 = CARTESIAN_POINT('',(4.345180959827,7.429288168273));
#5833 = CARTESIAN_POINT('',(4.346994473304,7.358555865426));
#5834 = CARTESIAN_POINT('',(4.350623454721,7.288360812899));
#5835 = CARTESIAN_POINT('',(4.356052661906,7.219248625181));
#5836 = CARTESIAN_POINT('',(4.366790502885,7.118591441728));
#5837 = CARTESIAN_POINT('',(4.37075470374,7.085826875478));
#5838 = CARTESIAN_POINT('',(4.375141826527,7.053523720561));
#5839 = CARTESIAN_POINT('',(4.379945933522,7.021750321462));
#5840 = CARTESIAN_POINT('',(4.39037599715,6.959379878903));
#5841 = CARTESIAN_POINT('',(4.396002427017,6.928783645126));
#5842 = CARTESIAN_POINT('',(4.402030515565,6.898856814982));
#5843 = CARTESIAN_POINT('',(4.408449771283,6.869667925272));
#5844 = CARTESIAN_POINT('',(4.419516017894,6.823459029258));
#5845 = CARTESIAN_POINT('',(4.423934004664,6.805951264485));
#5846 = CARTESIAN_POINT('',(4.428497876008,6.788777630036));
#5847 = CARTESIAN_POINT('',(4.433203974376,6.771954128217));
#5848 = CARTESIAN_POINT('',(4.449300016898,6.717269140313));
#5849 = CARTESIAN_POINT('',(4.461297861856,6.681011758369));
#5850 = CARTESIAN_POINT('',(4.4739894336,6.64692184351));
#5851 = CARTESIAN_POINT('',(4.487313214697,6.615163060214));
#5852 = CARTESIAN_POINT('',(4.518932648522,6.548456463633));
#5853 = CARTESIAN_POINT('',(4.537578449992,6.51507190806));
#5854 = CARTESIAN_POINT('',(4.556999729872,6.485964038003));
#5855 = CARTESIAN_POINT('',(4.577046388899,6.461305968823));
#5856 = CARTESIAN_POINT('',(4.613910532888,6.425164778965));
#5857 = CARTESIAN_POINT('',(4.630562896332,6.412022353737));
#5858 = CARTESIAN_POINT('',(4.647439194813,6.40181546891));
#5859 = CARTESIAN_POINT('',(4.664465739665,6.394569610086));
#5860 = CARTESIAN_POINT('',(4.687718322496,6.388755273047));
#5861 = CARTESIAN_POINT('',(4.693879392252,6.38760129273));
#5862 = CARTESIAN_POINT('',(4.700047109485,6.386831838188));
#5863 = CARTESIAN_POINT('',(4.706218145944,6.386447117459));
#5864 = CARTESIAN_POINT('',(4.712389180385,6.386447127434));
#5865 = ( GEOMETRIC_REPRESENTATION_CONTEXT(2) 
PARAMETRIC_REPRESENTATION_CONTEXT() REPRESENTATION_CONTEXT('2D SPACE',''
  ) );
#5866 = ORIENTED_EDGE('',*,*,#5867,.F.);
#5867 = EDGE_CURVE('',#5650,#5728,#5868,.T.);
#5868 = SURFACE_CURVE('',#5869,(#5874,#5881),.PCURVE_S1.);
#5869 = CIRCLE('',#5870,3.2);
#5870 = AXIS2_PLACEMENT_3D('',#5871,#5872,#5873);
#5871 = CARTESIAN_POINT('',(100.,36.,60.));
#5872 = DIRECTION('',(1.,-0.,2.22044604925E-16));
#5873 = DIRECTION('',(2.22044604925E-16,0.,-1.));
#5874 = PCURVE('',#3851,#5875);
#5875 = DEFINITIONAL_REPRESENTATION('',(#5876),#5880);
#5876 = LINE('',#5877,#5878);
#5877 = CARTESIAN_POINT('',(0.,20.));
#5878 = VECTOR('',#5879,1.);
#5879 = DIRECTION('',(1.,0.));
#5880 = ( GEOMETRIC_REPRESENTATION_CONTEXT(2) 
PARAMETRIC_REPRESENTATION_CONTEXT() REPRESENTATION_CONTEXT('2D SPACE',''
  ) );
#5881 = PCURVE('',#5689,#5882);
#5882 = DEFINITIONAL_REPRESENTATION('',(#5883),#5887);
#5883 = CIRCLE('',#5884,3.2);
#5884 = AXIS2_PLACEMENT_2D('',#5885,#5886);
#5885 = CARTESIAN_POINT('',(0.,0.));
#5886 = DIRECTION('',(1.,0.));
#5887 = ( GEOMETRIC_REPRESENTATION_CONTEXT(2) 
PARAMETRIC_REPRESENTATION_CONTEXT() REPRESENTATION_CONTEXT('2D SPACE',''
  ) );
#5888 = ORIENTED_EDGE('',*,*,#5649,.F.);
#5889 = ADVANCED_FACE('',(#5890),#3882,.F.);
#5890 = FACE_BOUND('',#5891,.F.);
#5891 = EDGE_LOOP('',(#5892,#5893,#5916,#5945,#6073,#6099,#6121));
#5892 = ORIENTED_EDGE('',*,*,#3865,.T.);
#5893 = ORIENTED_EDGE('',*,*,#5894,.T.);
#5894 = EDGE_CURVE('',#3866,#5895,#5897,.T.);
#5895 = VERTEX_POINT('',#5896);
#5896 = CARTESIAN_POINT('',(100.,-36.,56.8));
#5897 = SEAM_CURVE('',#5898,(#5902,#5909),.PCURVE_S1.);
#5898 = LINE('',#5899,#5900);
#5899 = CARTESIAN_POINT('',(80.,-36.,56.8));
#5900 = VECTOR('',#5901,1.);
#5901 = DIRECTION('',(1.,0.,2.22044604925E-16));
#5902 = PCURVE('',#3882,#5903);
#5903 = DEFINITIONAL_REPRESENTATION('',(#5904),#5908);
#5904 = LINE('',#5905,#5906);
#5905 = CARTESIAN_POINT('',(0.,-0.));
#5906 = VECTOR('',#5907,1.);
#5907 = DIRECTION('',(0.,1.));
#5908 = ( GEOMETRIC_REPRESENTATION_CONTEXT(2) 
PARAMETRIC_REPRESENTATION_CONTEXT() REPRESENTATION_CONTEXT('2D SPACE',''
  ) );
#5909 = PCURVE('',#3882,#5910);
#5910 = DEFINITIONAL_REPRESENTATION('',(#5911),#5915);
#5911 = LINE('',#5912,#5913);
#5912 = CARTESIAN_POINT('',(6.28318530718,-0.));
#5913 = VECTOR('',#5914,1.);
#5914 = DIRECTION('',(0.,1.));
#5915 = ( GEOMETRIC_REPRESENTATION_CONTEXT(2) 
PARAMETRIC_REPRESENTATION_CONTEXT() REPRESENTATION_CONTEXT('2D SPACE',''
  ) );
#5916 = ORIENTED_EDGE('',*,*,#5917,.F.);
#5917 = EDGE_CURVE('',#5918,#5895,#5920,.T.);
#5918 = VERTEX_POINT('',#5919);
#5919 = CARTESIAN_POINT('',(100.,-39.,58.886447127434));
#5920 = SURFACE_CURVE('',#5921,(#5926,#5933),.PCURVE_S1.);
#5921 = CIRCLE('',#5922,3.2);
#5922 = AXIS2_PLACEMENT_3D('',#5923,#5924,#5925);
#5923 = CARTESIAN_POINT('',(100.,-36.,60.));
#5924 = DIRECTION('',(1.,-0.,2.22044604925E-16));
#5925 = DIRECTION('',(2.22044604925E-16,0.,-1.));
#5926 = PCURVE('',#3882,#5927);
#5927 = DEFINITIONAL_REPRESENTATION('',(#5928),#5932);
#5928 = LINE('',#5929,#5930);
#5929 = CARTESIAN_POINT('',(0.,20.));
#5930 = VECTOR('',#5931,1.);
#5931 = DIRECTION('',(1.,0.));
#5932 = ( GEOMETRIC_REPRESENTATION_CONTEXT(2) 
PARAMETRIC_REPRESENTATION_CONTEXT() REPRESENTATION_CONTEXT('2D SPACE',''
  ) );
#5933 = PCURVE('',#5934,#5939);
#5934 = PLANE('',#5935);
#5935 = AXIS2_PLACEMENT_3D('',#5936,#5937,#5938);
#5936 = CARTESIAN_POINT('',(100.,-36.,60.));
#5937 = DIRECTION('',(1.,0.,2.22044604925E-16));
#5938 = DIRECTION('',(2.22044604925E-16,0.,-1.));
#5939 = DEFINITIONAL_REPRESENTATION('',(#5940),#5944);
#5940 = CIRCLE('',#5941,3.2);
#5941 = AXIS2_PLACEMENT_2D('',#5942,#5943);
#5942 = CARTESIAN_POINT('',(0.,0.));
#5943 = DIRECTION('',(1.,0.));
#5944 = ( GEOMETRIC_REPRESENTATION_CONTEXT(2) 
PARAMETRIC_REPRESENTATION_CONTEXT() REPRESENTATION_CONTEXT('2D SPACE',''
  ) );
#5945 = ORIENTED_EDGE('',*,*,#5946,.T.);
#5946 = EDGE_CURVE('',#5918,#5947,#5949,.T.);
#5947 = VERTEX_POINT('',#5948);
#5948 = CARTESIAN_POINT('',(99.031313512911,-39.16069612585,60.5));
#5949 = SURFACE_CURVE('',#5950,(#5989,#6031),.PCURVE_S1.);
#5950 = B_SPLINE_CURVE_WITH_KNOTS('',5,(#5951,#5952,#5953,#5954,#5955,
    #5956,#5957,#5958,#5959,#5960,#5961,#5962,#5963,#5964,#5965,#5966,
    #5967,#5968,#5969,#5970,#5971,#5972,#5973,#5974,#5975,#5976,#5977,
    #5978,#5979,#5980,#5981,#5982,#5983,#5984,#5985,#5986,#5987,#5988),
  .UNSPECIFIED.,.F.,.F.,(6,4,4,4,4,4,4,4,4,6),(0.,0.154477016212,
    0.299749493606,0.412133990437,0.459603354582,0.535385747286,
    0.612660134186,0.770867365696,0.925264321864,1.),.UNSPECIFIED.);
#5951 = CARTESIAN_POINT('',(100.0000006,-39.,58.886447127434));
#5952 = CARTESIAN_POINT('',(99.930557907591,-38.99999998611,
    58.886447090017));
#5953 = CARTESIAN_POINT('',(99.861096850957,-39.00200919612,
    58.891860566736));
#5954 = CARTESIAN_POINT('',(99.792250694486,-39.00603015411,
    58.902691098822));
#5955 = CARTESIAN_POINT('',(99.724625971684,-39.01193049672,
    58.918892884169));
#5956 = CARTESIAN_POINT('',(99.596890917118,-39.02655323182,
    58.960560936456));
#5957 = CARTESIAN_POINT('',(99.536564167937,-39.03508753699,
    58.985420392505));
#5958 = CARTESIAN_POINT('',(99.478364505801,-39.04486008496,
    59.014839842454));
#5959 = CARTESIAN_POINT('',(99.422765754301,-39.05556545911,
    59.048640299691));
#5960 = CARTESIAN_POINT('',(99.329476874115,-39.07559735869,
    59.115897159495));
#5961 = CARTESIAN_POINT('',(99.290590942789,-39.08468547356,
    59.147692572716));
#5962 = CARTESIAN_POINT('',(99.253704429956,-39.09396243982,
    59.181815856555));
#5963 = CARTESIAN_POINT('',(99.218976522588,-39.10325380918,
    59.218103169313));
#5964 = CARTESIAN_POINT('',(99.172828361705,-39.11625420992,
    59.272514143905));
#5965 = CARTESIAN_POINT('',(99.159531514962,-39.12008782602,
    59.289022936141));
#5966 = CARTESIAN_POINT('',(99.146650849463,-39.12388206251,
    59.305868379421));
#5967 = CARTESIAN_POINT('',(99.134194216388,-39.12762493527,
    59.323035371527));
#5968 = CARTESIAN_POINT('',(99.102969300192,-39.13717988052,
    59.368402803825));
#5969 = CARTESIAN_POINT('',(99.084868071786,-39.14289468986,
    59.397077007072));
#5970 = CARTESIAN_POINT('',(99.06789083421,-39.14840247747,
    59.426467158004));
#5971 = CARTESIAN_POINT('',(99.05205708426,-39.15366123124,
    59.456508086488));
#5972 = CARTESIAN_POINT('',(99.02241294942,-39.1637043056,
    59.518361167183));
#5973 = CARTESIAN_POINT('',(99.008648750714,-39.16847738236,
    59.550196864409));
#5974 = CARTESIAN_POINT('',(98.996100007817,-39.1729139677,
    59.582570284446));
#5975 = CARTESIAN_POINT('',(98.984775169612,-39.17698140636,
    59.615412318895));
#5976 = CARTESIAN_POINT('',(98.95400572053,-39.18817144339,
    59.716713322491));
#5977 = CARTESIAN_POINT('',(98.938486894615,-39.19402985575,
    59.786428359577));
#5978 = CARTESIAN_POINT('',(98.928138918591,-39.1980107181,
    59.857255945895));
#5979 = CARTESIAN_POINT('',(98.922967038573,-39.2,59.928636996992));
#5980 = CARTESIAN_POINT('',(98.922967038573,-39.2,60.06964429086));
#5981 = CARTESIAN_POINT('',(98.927892808083,-39.19810538804,
    60.139306641088));
#5982 = CARTESIAN_POINT('',(98.937748488765,-39.19431392054,
    60.208455495807));
#5983 = CARTESIAN_POINT('',(98.952529461234,-39.18872898039,
    60.276570455559));
#5984 = CARTESIAN_POINT('',(98.981751188912,-39.17807294878,
    60.375370329822));
#5985 = CARTESIAN_POINT('',(98.992431298028,-39.1742239129,
    60.407230546069));
#5986 = CARTESIAN_POINT('',(99.004257144012,-39.1700246232,
    60.438664068537));
#5987 = CARTESIAN_POINT('',(99.017221638415,-39.16550385501,
    60.469608495534));
#5988 = CARTESIAN_POINT('',(99.031313791117,-39.16069603094,60.5000006)
  );
#5989 = PCURVE('',#3882,#5990);
#5990 = DEFINITIONAL_REPRESENTATION('',(#5991),#6030);
#5991 = B_SPLINE_CURVE_WITH_KNOTS('',5,(#5992,#5993,#5994,#5995,#5996,
    #5997,#5998,#5999,#6000,#6001,#6002,#6003,#6004,#6005,#6006,#6007,
    #6008,#6009,#6010,#6011,#6012,#6013,#6014,#6015,#6016,#6017,#6018,
    #6019,#6020,#6021,#6022,#6023,#6024,#6025,#6026,#6027,#6028,#6029),
  .UNSPECIFIED.,.F.,.F.,(6,4,4,4,4,4,4,4,4,6),(0.,0.154477016212,
    0.299749493606,0.412133990437,0.459603354582,0.535385747286,
    0.612660134186,0.770867365696,0.925264321864,1.),.UNSPECIFIED.);
#5992 = CARTESIAN_POINT('',(5.067810182075,20.0000006));
#5993 = CARTESIAN_POINT('',(5.067810194547,19.930557907591));
#5994 = CARTESIAN_POINT('',(5.066005741901,19.861096850957));
#5995 = CARTESIAN_POINT('',(5.062395387288,19.792250694486));
#5996 = CARTESIAN_POINT('',(5.057007385628,19.724625971684));
#5997 = CARTESIAN_POINT('',(5.043207578948,19.596890917118));
#5998 = CARTESIAN_POINT('',(5.034994144433,19.536564167937));
#5999 = CARTESIAN_POINT('',(5.025307368455,19.478364505801));
#6000 = CARTESIAN_POINT('',(5.014229252137,19.422765754301));
#6001 = CARTESIAN_POINT('',(4.992299049043,19.329476874115));
#6002 = CARTESIAN_POINT('',(4.981965692896,19.290590942789));
#6003 = CARTESIAN_POINT('',(4.970916502177,19.253704429956));
#6004 = CARTESIAN_POINT('',(4.959212419069,19.218976522588));
#6005 = CARTESIAN_POINT('',(4.941730384275,19.172828361705));
#6006 = CARTESIAN_POINT('',(4.93643422207,19.159531514962));
#6007 = CARTESIAN_POINT('',(4.931038304043,19.146650849463));
#6008 = CARTESIAN_POINT('',(4.925547730019,19.134194216388));
#6009 = CARTESIAN_POINT('',(4.911059383099,19.102969300192));
#6010 = CARTESIAN_POINT('',(4.901923008277,19.084868071786));
#6011 = CARTESIAN_POINT('',(4.892579543555,19.06789083421));
#6012 = CARTESIAN_POINT('',(4.883049733076,19.05205708426));
#6013 = CARTESIAN_POINT('',(4.863467507263,19.02241294942));
#6014 = CARTESIAN_POINT('',(4.853408410476,19.008648750714));
#6015 = CARTESIAN_POINT('',(4.843198255213,18.996100007817));
#6016 = CARTESIAN_POINT('',(4.83285762109,18.984775169612));
#6017 = CARTESIAN_POINT('',(4.801008504365,18.95400572053));
#6018 = CARTESIAN_POINT('',(4.77915325156,18.938486894615));
#6019 = CARTESIAN_POINT('',(4.756996488412,18.928138918591));
#6020 = CARTESIAN_POINT('',(4.734689918825,18.922967038573));
#6021 = CARTESIAN_POINT('',(4.690625139491,18.922967038573));
#6022 = CARTESIAN_POINT('',(4.668855664082,18.927892808083));
#6023 = CARTESIAN_POINT('',(4.647225136875,18.937748488765));
#6024 = CARTESIAN_POINT('',(4.625874788808,18.952529461234));
#6025 = CARTESIAN_POINT('',(4.594820768707,18.981751188912));
#6026 = CARTESIAN_POINT('',(4.584792887343,18.992431298028));
#6027 = CARTESIAN_POINT('',(4.574883647996,19.004257144012));
#6028 = CARTESIAN_POINT('',(4.565111556142,19.017221638415));
#6029 = CARTESIAN_POINT('',(4.555495919533,19.031313791117));
#6030 = ( GEOMETRIC_REPRESENTATION_CONTEXT(2) 
PARAMETRIC_REPRESENTATION_CONTEXT() REPRESENTATION_CONTEXT('2D SPACE',''
  ) );
#6031 = PCURVE('',#4673,#6032);
#6032 = DEFINITIONAL_REPRESENTATION('',(#6033),#6072);
#6033 = B_SPLINE_CURVE_WITH_KNOTS('',5,(#6034,#6035,#6036,#6037,#6038,
    #6039,#6040,#6041,#6042,#6043,#6044,#6045,#6046,#6047,#6048,#6049,
    #6050,#6051,#6052,#6053,#6054,#6055,#6056,#6057,#6058,#6059,#6060,
    #6061,#6062,#6063,#6064,#6065,#6066,#6067,#6068,#6069,#6070,#6071),
  .UNSPECIFIED.,.F.,.F.,(6,4,4,4,4,4,4,4,4,6),(0.,0.154477016212,
    0.299749493606,0.412133990437,0.459603354582,0.535385747286,
    0.612660134186,0.770867365696,0.925264321864,1.),.UNSPECIFIED.);
#6034 = CARTESIAN_POINT('',(1.570796126795,6.386447127434));
#6035 = CARTESIAN_POINT('',(1.593943690931,6.386447090017));
#6036 = CARTESIAN_POINT('',(1.617097360758,6.391860566736));
#6037 = CARTESIAN_POINT('',(1.64007198355,6.402691098822));
#6038 = CARTESIAN_POINT('',(1.66269099624,6.418892884169));
#6039 = CARTESIAN_POINT('',(1.705547434298,6.460560936456));
#6040 = CARTESIAN_POINT('',(1.725849384226,6.485420392505));
#6041 = CARTESIAN_POINT('',(1.745512686777,6.514839842454));
#6042 = CARTESIAN_POINT('',(1.764381775999,6.548640299691));
#6043 = CARTESIAN_POINT('',(1.79618689817,6.615897159495));
#6044 = CARTESIAN_POINT('',(1.809495988749,6.647692572716));
#6045 = CARTESIAN_POINT('',(1.822172275203,6.681815856555));
#6046 = CARTESIAN_POINT('',(1.834154365638,6.718103169313));
#6047 = CARTESIAN_POINT('',(1.850135824243,6.772514143905));
#6048 = CARTESIAN_POINT('',(1.854748556205,6.789022936141));
#6049 = CARTESIAN_POINT('',(1.859224419843,6.805868379421));
#6050 = CARTESIAN_POINT('',(1.863559964283,6.823035371526));
#6051 = CARTESIAN_POINT('',(1.87444467512,6.868402803825));
#6052 = CARTESIAN_POINT('',(1.880771744152,6.897077007072));
#6053 = CARTESIAN_POINT('',(1.886720954312,6.926467158004));
#6054 = CARTESIAN_POINT('',(1.89228225927,6.956508086488));
#6055 = CARTESIAN_POINT('',(1.902715316098,7.018361167183));
#6056 = CARTESIAN_POINT('',(1.907571302283,7.050196864409));
#6057 = CARTESIAN_POINT('',(1.912007845592,7.082570284446));
#6058 = CARTESIAN_POINT('',(1.916018862918,7.115412318895));
#6059 = CARTESIAN_POINT('',(1.926932544064,7.216713322491));
#6060 = CARTESIAN_POINT('',(1.932461421765,7.286428359577));
#6061 = CARTESIAN_POINT('',(1.936157282575,7.357255945895));
#6062 = CARTESIAN_POINT('',(1.938004347353,7.428636996992));
#6063 = CARTESIAN_POINT('',(1.938004347353,7.56964429086));
#6064 = CARTESIAN_POINT('',(1.936245179879,7.639306641088));
#6065 = CARTESIAN_POINT('',(1.932725149637,7.708455495807));
#6066 = CARTESIAN_POINT('',(1.927458518103,7.776570455559));
#6067 = CARTESIAN_POINT('',(1.917090509733,7.875370329822));
#6068 = CARTESIAN_POINT('',(1.913306354467,7.907230546069));
#6069 = CARTESIAN_POINT('',(1.909123341782,7.938664068537));
#6070 = CARTESIAN_POINT('',(1.904546740004,7.969608495534));
#6071 = CARTESIAN_POINT('',(1.899583498007,8.0000006));
#6072 = ( GEOMETRIC_REPRESENTATION_CONTEXT(2) 
PARAMETRIC_REPRESENTATION_CONTEXT() REPRESENTATION_CONTEXT('2D SPACE',''
  ) );
#6073 = ORIENTED_EDGE('',*,*,#6074,.T.);
#6074 = EDGE_CURVE('',#5947,#6075,#6077,.T.);
#6075 = VERTEX_POINT('',#6076);
#6076 = CARTESIAN_POINT('',(100.,-39.16069612585,60.5));
#6077 = SURFACE_CURVE('',#6078,(#6082,#6088),.PCURVE_S1.);
#6078 = LINE('',#6079,#6080);
#6079 = CARTESIAN_POINT('',(80.,-39.16069612585,60.5));
#6080 = VECTOR('',#6081,1.);
#6081 = DIRECTION('',(1.,0.,2.22044604925E-16));
#6082 = PCURVE('',#3882,#6083);
#6083 = DEFINITIONAL_REPRESENTATION('',(#6084),#6087);
#6084 = B_SPLINE_CURVE_WITH_KNOTS('',1,(#6085,#6086),.UNSPECIFIED.,.F.,
  .F.,(2,2),(16.4,20.0000006),.PIECEWISE_BEZIER_KNOTS.);
#6085 = CARTESIAN_POINT('',(4.555496109364,16.4));
#6086 = CARTESIAN_POINT('',(4.555496109364,20.0000006));
#6087 = ( GEOMETRIC_REPRESENTATION_CONTEXT(2) 
PARAMETRIC_REPRESENTATION_CONTEXT() REPRESENTATION_CONTEXT('2D SPACE',''
  ) );
#6088 = PCURVE('',#6089,#6094);
#6089 = PLANE('',#6090);
#6090 = AXIS2_PLACEMENT_3D('',#6091,#6092,#6093);
#6091 = CARTESIAN_POINT('',(100.,-42.,60.5));
#6092 = DIRECTION('',(0.,0.,1.));
#6093 = DIRECTION('',(1.,0.,-0.));
#6094 = DEFINITIONAL_REPRESENTATION('',(#6095),#6098);
#6095 = B_SPLINE_CURVE_WITH_KNOTS('',1,(#6096,#6097),.UNSPECIFIED.,.F.,
  .F.,(2,2),(16.4,20.0000006),.PIECEWISE_BEZIER_KNOTS.);
#6096 = CARTESIAN_POINT('',(-3.6,2.839303874144));
#6097 = CARTESIAN_POINT('',(5.999999928008E-07,2.839303874144));
#6098 = ( GEOMETRIC_REPRESENTATION_CONTEXT(2) 
PARAMETRIC_REPRESENTATION_CONTEXT() REPRESENTATION_CONTEXT('2D SPACE',''
  ) );
#6099 = ORIENTED_EDGE('',*,*,#6100,.F.);
#6100 = EDGE_CURVE('',#5895,#6075,#6101,.T.);
#6101 = SURFACE_CURVE('',#6102,(#6107,#6114),.PCURVE_S1.);
#6102 = CIRCLE('',#6103,3.2);
#6103 = AXIS2_PLACEMENT_3D('',#6104,#6105,#6106);
#6104 = CARTESIAN_POINT('',(100.,-36.,60.));
#6105 = DIRECTION('',(1.,-0.,2.22044604925E-16));
#6106 = DIRECTION('',(2.22044604925E-16,0.,-1.));
#6107 = PCURVE('',#3882,#6108);
#6108 = DEFINITIONAL_REPRESENTATION('',(#6109),#6113);
#6109 = LINE('',#6110,#6111);
#6110 = CARTESIAN_POINT('',(0.,20.));
#6111 = VECTOR('',#6112,1.);
#6112 = DIRECTION('',(1.,0.));
#6113 = ( GEOMETRIC_REPRESENTATION_CONTEXT(2) 
PARAMETRIC_REPRESENTATION_CONTEXT() REPRESENTATION_CONTEXT('2D SPACE',''
  ) );
#6114 = PCURVE('',#5934,#6115);
#6115 = DEFINITIONAL_REPRESENTATION('',(#6116),#6120);
#6116 = CIRCLE('',#6117,3.2);
#6117 = AXIS2_PLACEMENT_2D('',#6118,#6119);
#6118 = CARTESIAN_POINT('',(0.,0.));
#6119 = DIRECTION('',(1.,0.));
#6120 = ( GEOMETRIC_REPRESENTATION_CONTEXT(2) 
PARAMETRIC_REPRESENTATION_CONTEXT() REPRESENTATION_CONTEXT('2D SPACE',''
  ) );
#6121 = ORIENTED_EDGE('',*,*,#5894,.F.);
#6122 = ADVANCED_FACE('',(#6123),#4126,.F.);
#6123 = FACE_BOUND('',#6124,.T.);
#6124 = EDGE_LOOP('',(#6125,#6146,#6147,#6148));
#6125 = ORIENTED_EDGE('',*,*,#6126,.F.);
#6126 = EDGE_CURVE('',#4084,#4234,#6127,.T.);
#6127 = SURFACE_CURVE('',#6128,(#6132,#6139),.PCURVE_S1.);
#6128 = LINE('',#6129,#6130);
#6129 = CARTESIAN_POINT('',(121.,-55.,-1.));
#6130 = VECTOR('',#6131,1.);
#6131 = DIRECTION('',(0.,0.,1.));
#6132 = PCURVE('',#4126,#6133);
#6133 = DEFINITIONAL_REPRESENTATION('',(#6134),#6138);
#6134 = LINE('',#6135,#6136);
#6135 = CARTESIAN_POINT('',(-0.,0.));
#6136 = VECTOR('',#6137,1.);
#6137 = DIRECTION('',(-0.,1.));
#6138 = ( GEOMETRIC_REPRESENTATION_CONTEXT(2) 
PARAMETRIC_REPRESENTATION_CONTEXT() REPRESENTATION_CONTEXT('2D SPACE',''
  ) );
#6139 = PCURVE('',#4098,#6140);
#6140 = DEFINITIONAL_REPRESENTATION('',(#6141),#6145);
#6141 = LINE('',#6142,#6143);
#6142 = CARTESIAN_POINT('',(0.,-12.));
#6143 = VECTOR('',#6144,1.);
#6144 = DIRECTION('',(1.,0.));
#6145 = ( GEOMETRIC_REPRESENTATION_CONTEXT(2) 
PARAMETRIC_REPRESENTATION_CONTEXT() REPRESENTATION_CONTEXT('2D SPACE',''
  ) );
#6146 = ORIENTED_EDGE('',*,*,#4109,.F.);
#6147 = ORIENTED_EDGE('',*,*,#4746,.T.);
#6148 = ORIENTED_EDGE('',*,*,#4233,.F.);
#6149 = ADVANCED_FACE('',(#6150),#4098,.F.);
#6150 = FACE_BOUND('',#6151,.F.);
#6151 = EDGE_LOOP('',(#6152,#6153,#6154,#6155));
#6152 = ORIENTED_EDGE('',*,*,#4261,.F.);
#6153 = ORIENTED_EDGE('',*,*,#6126,.F.);
#6154 = ORIENTED_EDGE('',*,*,#4083,.T.);
#6155 = ORIENTED_EDGE('',*,*,#6156,.T.);
#6156 = EDGE_CURVE('',#4055,#4262,#6157,.T.);
#6157 = SURFACE_CURVE('',#6158,(#6162,#6169),.PCURVE_S1.);
#6158 = LINE('',#6159,#6160);
#6159 = CARTESIAN_POINT('',(121.,55.,-1.));
#6160 = VECTOR('',#6161,1.);
#6161 = DIRECTION('',(0.,0.,1.));
#6162 = PCURVE('',#4098,#6163);
#6163 = DEFINITIONAL_REPRESENTATION('',(#6164),#6168);
#6164 = LINE('',#6165,#6166);
#6165 = CARTESIAN_POINT('',(0.,-122.));
#6166 = VECTOR('',#6167,1.);
#6167 = DIRECTION('',(1.,0.));
#6168 = ( GEOMETRIC_REPRESENTATION_CONTEXT(2) 
PARAMETRIC_REPRESENTATION_CONTEXT() REPRESENTATION_CONTEXT('2D SPACE',''
  ) );
#6169 = PCURVE('',#4071,#6170);
#6170 = DEFINITIONAL_REPRESENTATION('',(#6171),#6175);
#6171 = LINE('',#6172,#6173);
#6172 = CARTESIAN_POINT('',(0.,0.));
#6173 = VECTOR('',#6174,1.);
#6174 = DIRECTION('',(0.,1.));
#6175 = ( GEOMETRIC_REPRESENTATION_CONTEXT(2) 
PARAMETRIC_REPRESENTATION_CONTEXT() REPRESENTATION_CONTEXT('2D SPACE',''
  ) );
#6176 = ADVANCED_FACE('',(#6177),#4071,.F.);
#6177 = FACE_BOUND('',#6178,.F.);
#6178 = EDGE_LOOP('',(#6179,#6180,#6181,#6182));
#6179 = ORIENTED_EDGE('',*,*,#6156,.F.);
#6180 = ORIENTED_EDGE('',*,*,#4054,.T.);
#6181 = ORIENTED_EDGE('',*,*,#4160,.T.);
#6182 = ORIENTED_EDGE('',*,*,#4284,.F.);
#6183 = ADVANCED_FACE('',(#6184),#3999,.T.);
#6184 = FACE_BOUND('',#6185,.T.);
#6185 = EDGE_LOOP('',(#6186,#6209,#6210,#6211));
#6186 = ORIENTED_EDGE('',*,*,#6187,.F.);
#6187 = EDGE_CURVE('',#3955,#6188,#6190,.T.);
#6188 = VERTEX_POINT('',#6189);
#6189 = CARTESIAN_POINT('',(150.,56.,67.75003124219));
#6190 = SURFACE_CURVE('',#6191,(#6195,#6202),.PCURVE_S1.);
#6191 = LINE('',#6192,#6193);
#6192 = CARTESIAN_POINT('',(150.,56.,0.));
#6193 = VECTOR('',#6194,1.);
#6194 = DIRECTION('',(0.,0.,1.));
#6195 = PCURVE('',#3999,#6196);
#6196 = DEFINITIONAL_REPRESENTATION('',(#6197),#6201);
#6197 = LINE('',#6198,#6199);
#6198 = CARTESIAN_POINT('',(0.,0.));
#6199 = VECTOR('',#6200,1.);
#6200 = DIRECTION('',(0.,1.));
#6201 = ( GEOMETRIC_REPRESENTATION_CONTEXT(2) 
PARAMETRIC_REPRESENTATION_CONTEXT() REPRESENTATION_CONTEXT('2D SPACE',''
  ) );
#6202 = PCURVE('',#3970,#6203);
#6203 = DEFINITIONAL_REPRESENTATION('',(#6204),#6208);
#6204 = LINE('',#6205,#6206);
#6205 = CARTESIAN_POINT('',(0.,-126.));
#6206 = VECTOR('',#6207,1.);
#6207 = DIRECTION('',(1.,0.));
#6208 = ( GEOMETRIC_REPRESENTATION_CONTEXT(2) 
PARAMETRIC_REPRESENTATION_CONTEXT() REPRESENTATION_CONTEXT('2D SPACE',''
  ) );
#6209 = ORIENTED_EDGE('',*,*,#3982,.T.);
#6210 = ORIENTED_EDGE('',*,*,#5622,.T.);
#6211 = ORIENTED_EDGE('',*,*,#6212,.F.);
#6212 = EDGE_CURVE('',#6188,#5564,#6213,.T.);
#6213 = SURFACE_CURVE('',#6214,(#6238,#6324),.PCURVE_S1.);
#6214 = ( BOUNDED_CURVE() B_SPLINE_CURVE(8,(#6215,#6216,#6217,#6218,
    #6219,#6220,#6221,#6222,#6223,#6224,#6225,#6226,#6227,#6228,#6229,
    #6230,#6231,#6232,#6233,#6234,#6235,#6236,#6237),.UNSPECIFIED.,.F.,
.F.) B_SPLINE_CURVE_WITH_KNOTS((9,7,7,9),(541.05325898827,
    552.54030702011,563.40441292816,564.51615397054),.UNSPECIFIED.) 
CURVE() GEOMETRIC_REPRESENTATION_ITEM() RATIONAL_B_SPLINE_CURVE((1.,1.,
    1.,1.,1.,1.,1.,1.,1.,1.,1.,1.,1.,1.,1.,1.,1.,1.,1.,1.,1.,1.,1.)) 
REPRESENTATION_ITEM('') );
#6215 = CARTESIAN_POINT('',(150.,56.,67.75003124219));
#6216 = CARTESIAN_POINT('',(150.,57.063821689507,67.75003124219));
#6217 = CARTESIAN_POINT('',(149.90765336516,58.126639227954,
    67.745899974644));
#6218 = CARTESIAN_POINT('',(149.72296197188,59.189091771038,
    67.737688654495));
#6219 = CARTESIAN_POINT('',(149.44369661827,60.249887759276,
    67.725196676152));
#6220 = CARTESIAN_POINT('',(149.06095911889,61.311878073522,
    67.708642093103));
#6221 = CARTESIAN_POINT('',(148.56750055776,62.360022009695,
    67.687477386595));
#6222 = CARTESIAN_POINT('',(147.9568201092,63.392846767688,
    67.66149654366));
#6223 = CARTESIAN_POINT('',(146.46918645337,65.372563847667,
    67.600969350951));
#6224 = CARTESIAN_POINT('',(145.61346423575,66.314298551879,
    67.566098809899));
#6225 = CARTESIAN_POINT('',(144.60459402733,67.227551254653,
    67.526199919824));
#6226 = CARTESIAN_POINT('',(143.43449933009,68.067234627053,
    67.480661513848));
#6227 = CARTESIAN_POINT('',(142.11194355756,68.795288188459,
    67.429664481484));
#6228 = CARTESIAN_POINT('',(140.64735218218,69.376533014757,
    67.373949721952));
#6229 = CARTESIAN_POINT('',(139.05103503869,69.766564976596,
    67.31409503577));
#6230 = CARTESIAN_POINT('',(137.20656562611,69.948971444137,
    67.244397024692));
#6231 = CARTESIAN_POINT('',(137.0337294004,69.963633882335,
    67.238012272624));
#6232 = CARTESIAN_POINT('',(136.86131048014,69.9757659178,
    67.231511082835));
#6233 = CARTESIAN_POINT('',(136.68905903013,69.985458250675,
    67.224940925798));
#6234 = CARTESIAN_POINT('',(136.5167596108,69.992738330124,
    67.21833282586));
#6235 = CARTESIAN_POINT('',(136.34450270635,69.997576603047,
    67.211682500172));
#6236 = CARTESIAN_POINT('',(136.17224653585,70.,67.205008991241));
#6237 = CARTESIAN_POINT('',(136.,70.,67.198321344334));
#6238 = PCURVE('',#3999,#6239);
#6239 = DEFINITIONAL_REPRESENTATION('',(#6240),#6323);
#6240 = B_SPLINE_CURVE_WITH_KNOTS('',11,(#6241,#6242,#6243,#6244,#6245,
    #6246,#6247,#6248,#6249,#6250,#6251,#6252,#6253,#6254,#6255,#6256,
    #6257,#6258,#6259,#6260,#6261,#6262,#6263,#6264,#6265,#6266,#6267,
    #6268,#6269,#6270,#6271,#6272,#6273,#6274,#6275,#6276,#6277,#6278,
    #6279,#6280,#6281,#6282,#6283,#6284,#6285,#6286,#6287,#6288,#6289,
    #6290,#6291,#6292,#6293,#6294,#6295,#6296,#6297,#6298,#6299,#6300,
    #6301,#6302,#6303,#6304,#6305,#6306,#6307,#6308,#6309,#6310,#6311,
    #6312,#6313,#6314,#6315,#6316,#6317,#6318,#6319,#6320,#6321,#6322),
  .UNSPECIFIED.,.F.,.F.,(12,10,10,10,10,10,10,10,12),(541.05325898827,
    546.91898273384,552.78470647941,558.65043022498,561.58329209776,
    563.04972303415,563.41633076825,563.78293850235,564.51615397054),
  .UNSPECIFIED.);
#6241 = CARTESIAN_POINT('',(-1.596530645425E-16,67.75003124219));
#6242 = CARTESIAN_POINT('',(2.821962739567E-02,67.750031242198));
#6243 = CARTESIAN_POINT('',(5.642975988502E-02,67.749483240928));
#6244 = CARTESIAN_POINT('',(8.46620578938E-02,67.748387976343));
#6245 = CARTESIAN_POINT('',(0.112947728888,67.746745232452));
#6246 = CARTESIAN_POINT('',(0.141317527375,67.744553841179));
#6247 = CARTESIAN_POINT('',(0.169801754901,67.741811679309));
#6248 = CARTESIAN_POINT('',(0.198430260056,67.738515672508));
#6249 = CARTESIAN_POINT('',(0.227232438468,67.734661790998));
#6250 = CARTESIAN_POINT('',(0.256237232807,67.730245053373));
#6251 = CARTESIAN_POINT('',(0.285473132784,67.725259523855));
#6252 = CARTESIAN_POINT('',(0.344463217514,67.714137103891));
#6253 = CARTESIAN_POINT('',(0.374221228787,67.708002437408));
#6254 = CARTESIAN_POINT('',(0.404237658919,67.701257042769));
#6255 = CARTESIAN_POINT('',(0.434691271471,67.694023291479));
#6256 = CARTESIAN_POINT('',(0.465191758813,67.685904774312));
#6257 = CARTESIAN_POINT('',(0.496629155045,67.67768484011));
#6258 = CARTESIAN_POINT('',(0.527769059004,67.668116954514));
#6259 = CARTESIAN_POINT('',(0.560146504033,67.658655472032));
#6260 = CARTESIAN_POINT('',(0.592521150904,67.64792619291));
#6261 = CARTESIAN_POINT('',(0.625913221997,67.636905414379));
#6262 = CARTESIAN_POINT('',(0.694003534377,67.613130331348));
#6263 = CARTESIAN_POINT('',(0.728744971834,67.600441866092));
#6264 = CARTESIAN_POINT('',(0.764243548568,67.586967403293));
#6265 = CARTESIAN_POINT('',(0.800526174175,67.572708769548));
#6266 = CARTESIAN_POINT('',(0.837597585517,67.557661625224));
#6267 = CARTESIAN_POINT('',(0.875449856888,67.54182092316));
#6268 = CARTESIAN_POINT('',(0.914069644791,67.525184900424));
#6269 = CARTESIAN_POINT('',(0.953443167164,67.507757593588));
#6270 = CARTESIAN_POINT('',(0.993558917223,67.489549887258));
#6271 = CARTESIAN_POINT('',(1.034408111774,67.470579087594));
#6272 = CARTESIAN_POINT('',(1.096770255274,67.441010996189));
#6273 = CARTESIAN_POINT('',(1.117738673164,67.430969521767));
#6274 = CARTESIAN_POINT('',(1.13888781062,67.420745596763));
#6275 = CARTESIAN_POINT('',(1.160217241282,67.410342408897));
#6276 = CARTESIAN_POINT('',(1.181726429598,67.399763341187));
#6277 = CARTESIAN_POINT('',(1.203414730806,67.389011970314));
#6278 = CARTESIAN_POINT('',(1.22528139096,67.378092068871));
#6279 = CARTESIAN_POINT('',(1.2473255469,67.367007602837));
#6280 = CARTESIAN_POINT('',(1.26954622628,67.355762733913));
#6281 = CARTESIAN_POINT('',(1.291942347545,67.344361817746));
#6282 = CARTESIAN_POINT('',(1.32579790615,67.327033198665));
#6283 = CARTESIAN_POINT('',(1.337126450231,67.321219090581));
#6284 = CARTESIAN_POINT('',(1.348498156853,67.315367620736));
#6285 = CARTESIAN_POINT('',(1.35991274423,67.309479339773));
#6286 = CARTESIAN_POINT('',(1.371369844131,67.303554810035));
#6287 = CARTESIAN_POINT('',(1.382869001877,67.297594603858));
#6288 = CARTESIAN_POINT('',(1.394409676346,67.291599305857));
#6289 = CARTESIAN_POINT('',(1.405991239964,67.285569510426));
#6290 = CARTESIAN_POINT('',(1.417612978718,67.279505823999));
#6291 = CARTESIAN_POINT('',(1.429274092143,67.273408863349));
#6292 = CARTESIAN_POINT('',(1.443898593627,67.265746854976));
#6293 = CARTESIAN_POINT('',(1.44682565643,67.264211893965));
#6294 = CARTESIAN_POINT('',(1.449755272197,67.26267525618));
#6295 = CARTESIAN_POINT('',(1.452687517054,67.261137147507));
#6296 = CARTESIAN_POINT('',(1.455622261411,67.259597332655));
#6297 = CARTESIAN_POINT('',(1.458559278457,67.258055366409));
#6298 = CARTESIAN_POINT('',(1.461498352827,67.256510830999));
#6299 = CARTESIAN_POINT('',(1.464439389064,67.254963566359));
#6300 = CARTESIAN_POINT('',(1.467382520282,67.253413907144));
#6301 = CARTESIAN_POINT('',(1.470328216668,67.251862914476));
#6302 = CARTESIAN_POINT('',(1.476226571509,67.248762307619));
#6303 = CARTESIAN_POINT('',(1.479180491169,67.247215708487));
#6304 = CARTESIAN_POINT('',(1.482137816947,67.245670982659));
#6305 = CARTESIAN_POINT('',(1.485097400201,67.244126572361));
#6306 = CARTESIAN_POINT('',(1.488058279775,67.242581193029));
#6307 = CARTESIAN_POINT('',(1.491019681996,67.241033833473));
#6308 = CARTESIAN_POINT('',(1.493981020674,67.239483755485));
#6309 = CARTESIAN_POINT('',(1.496941897104,67.23793049443));
#6310 = CARTESIAN_POINT('',(1.499902100062,67.236373858593));
#6311 = CARTESIAN_POINT('',(1.502861605811,67.234813929732));
#6312 = CARTESIAN_POINT('',(1.51173852266,67.230125328683));
#6313 = CARTESIAN_POINT('',(1.517653161014,67.226986178108));
#6314 = CARTESIAN_POINT('',(1.523564858005,67.223834770129));
#6315 = CARTESIAN_POINT('',(1.529473978483,67.22067226405));
#6316 = CARTESIAN_POINT('',(1.535380887297,67.217499818879));
#6317 = CARTESIAN_POINT('',(1.541285949296,67.214318594044));
#6318 = CARTESIAN_POINT('',(1.547189529329,67.211129748489));
#6319 = CARTESIAN_POINT('',(1.553091992247,67.207934441615));
#6320 = CARTESIAN_POINT('',(1.558993702897,67.204733832471));
#6321 = CARTESIAN_POINT('',(1.56489502613,67.201529080323));
#6322 = CARTESIAN_POINT('',(1.570796326795,67.198321344334));
#6323 = ( GEOMETRIC_REPRESENTATION_CONTEXT(2) 
PARAMETRIC_REPRESENTATION_CONTEXT() REPRESENTATION_CONTEXT('2D SPACE',''
  ) );
#6324 = PCURVE('',#5224,#6325);
#6325 = DEFINITIONAL_REPRESENTATION('',(#6326),#6330);
#6326 = LINE('',#6327,#6328);
#6327 = CARTESIAN_POINT('',(0.,0.));
#6328 = VECTOR('',#6329,1.);
#6329 = DIRECTION('',(0.,1.));
#6330 = ( GEOMETRIC_REPRESENTATION_CONTEXT(2) 
PARAMETRIC_REPRESENTATION_CONTEXT() REPRESENTATION_CONTEXT('2D SPACE',''
  ) );
#6331 = ADVANCED_FACE('',(#6332),#3970,.T.);
#6332 = FACE_BOUND('',#6333,.T.);
#6333 = EDGE_LOOP('',(#6334,#6335,#6358,#6379));
#6334 = ORIENTED_EDGE('',*,*,#6187,.T.);
#6335 = ORIENTED_EDGE('',*,*,#6336,.F.);
#6336 = EDGE_CURVE('',#6337,#6188,#6339,.T.);
#6337 = VERTEX_POINT('',#6338);
#6338 = CARTESIAN_POINT('',(150.,-56.,67.75003124219));
#6339 = SURFACE_CURVE('',#6340,(#6344,#6351),.PCURVE_S1.);
#6340 = LINE('',#6341,#6342);
#6341 = CARTESIAN_POINT('',(150.,-56.,67.75003124219));
#6342 = VECTOR('',#6343,1.);
#6343 = DIRECTION('',(-0.,1.,-2.22044604925E-16));
#6344 = PCURVE('',#3970,#6345);
#6345 = DEFINITIONAL_REPRESENTATION('',(#6346),#6350);
#6346 = LINE('',#6347,#6348);
#6347 = CARTESIAN_POINT('',(67.75003124219,-14.));
#6348 = VECTOR('',#6349,1.);
#6349 = DIRECTION('',(-2.22044604925E-16,-1.));
#6350 = ( GEOMETRIC_REPRESENTATION_CONTEXT(2) 
PARAMETRIC_REPRESENTATION_CONTEXT() REPRESENTATION_CONTEXT('2D SPACE',''
  ) );
#6351 = PCURVE('',#5317,#6352);
#6352 = DEFINITIONAL_REPRESENTATION('',(#6353),#6357);
#6353 = LINE('',#6354,#6355);
#6354 = CARTESIAN_POINT('',(-0.,0.));
#6355 = VECTOR('',#6356,1.);
#6356 = DIRECTION('',(-0.,1.));
#6357 = ( GEOMETRIC_REPRESENTATION_CONTEXT(2) 
PARAMETRIC_REPRESENTATION_CONTEXT() REPRESENTATION_CONTEXT('2D SPACE',''
  ) );
#6358 = ORIENTED_EDGE('',*,*,#6359,.F.);
#6359 = EDGE_CURVE('',#3922,#6337,#6360,.T.);
#6360 = SURFACE_CURVE('',#6361,(#6365,#6372),.PCURVE_S1.);
#6361 = LINE('',#6362,#6363);
#6362 = CARTESIAN_POINT('',(150.,-56.,0.));
#6363 = VECTOR('',#6364,1.);
#6364 = DIRECTION('',(0.,0.,1.));
#6365 = PCURVE('',#3970,#6366);
#6366 = DEFINITIONAL_REPRESENTATION('',(#6367),#6371);
#6367 = LINE('',#6368,#6369);
#6368 = CARTESIAN_POINT('',(0.,-14.));
#6369 = VECTOR('',#6370,1.);
#6370 = DIRECTION('',(1.,0.));
#6371 = ( GEOMETRIC_REPRESENTATION_CONTEXT(2) 
PARAMETRIC_REPRESENTATION_CONTEXT() REPRESENTATION_CONTEXT('2D SPACE',''
  ) );
#6372 = PCURVE('',#3942,#6373);
#6373 = DEFINITIONAL_REPRESENTATION('',(#6374),#6378);
#6374 = LINE('',#6375,#6376);
#6375 = CARTESIAN_POINT('',(-0.,0.));
#6376 = VECTOR('',#6377,1.);
#6377 = DIRECTION('',(-0.,1.));
#6378 = ( GEOMETRIC_REPRESENTATION_CONTEXT(2) 
PARAMETRIC_REPRESENTATION_CONTEXT() REPRESENTATION_CONTEXT('2D SPACE',''
  ) );
#6379 = ORIENTED_EDGE('',*,*,#3954,.T.);
#6380 = ADVANCED_FACE('',(#6381),#3942,.T.);
#6381 = FACE_BOUND('',#6382,.F.);
#6382 = EDGE_LOOP('',(#6383,#6384,#6385,#6386));
#6383 = ORIENTED_EDGE('',*,*,#6359,.F.);
#6384 = ORIENTED_EDGE('',*,*,#3921,.T.);
#6385 = ORIENTED_EDGE('',*,*,#4801,.T.);
#6386 = ORIENTED_EDGE('',*,*,#6387,.T.);
#6387 = EDGE_CURVE('',#4774,#6337,#6388,.T.);
#6388 = SURFACE_CURVE('',#6389,(#6413,#6499),.PCURVE_S1.);
#6389 = ( BOUNDED_CURVE() B_SPLINE_CURVE(8,(#6390,#6391,#6392,#6393,
    #6394,#6395,#6396,#6397,#6398,#6399,#6400,#6401,#6402,#6403,#6404,
    #6405,#6406,#6407,#6408,#6409,#6410,#6411,#6412),.UNSPECIFIED.,.F.,
.F.) B_SPLINE_CURVE_WITH_KNOTS((9,7,7,9),(405.59036400601,
406.70210505135,417.5662109294,429.05325898822),.UNSPECIFIED.) CURVE() 
GEOMETRIC_REPRESENTATION_ITEM() RATIONAL_B_SPLINE_CURVE((1.,1.,1.,1.,1.,
    1.,1.,1.,1.,1.,1.,1.,1.,1.,1.,1.,1.,1.,1.,1.,1.,1.,1.)) 
REPRESENTATION_ITEM('') );
#6390 = CARTESIAN_POINT('',(136.,-70.,67.198321344333));
#6391 = CARTESIAN_POINT('',(136.17224653573,-70.,67.205008991235));
#6392 = CARTESIAN_POINT('',(136.34450270626,-69.99757660305,
    67.211682500171));
#6393 = CARTESIAN_POINT('',(136.51675961079,-69.99273833012,
    67.21833282586));
#6394 = CARTESIAN_POINT('',(136.68905903015,-69.98545825067,
    67.224940925796));
#6395 = CARTESIAN_POINT('',(136.86131048014,-69.97576591779,
    67.231511082832));
#6396 = CARTESIAN_POINT('',(137.03372940028,-69.96363388233,
    67.23801227262));
#6397 = CARTESIAN_POINT('',(137.2065656258,-69.94897144416,
    67.244397024684));
#6398 = CARTESIAN_POINT('',(139.05103503224,-69.76656497723,
    67.314095035535));
#6399 = CARTESIAN_POINT('',(140.64735221026,-69.37653300395,
    67.373949722325));
#6400 = CARTESIAN_POINT('',(142.11194352784,-68.79528820729,
    67.429664481781));
#6401 = CARTESIAN_POINT('',(143.43449932912,-68.06723462154,
    67.480661513316));
#6402 = CARTESIAN_POINT('',(144.60459405693,-67.22755123518,
    67.526199919473));
#6403 = CARTESIAN_POINT('',(145.61346420783,-66.31429857572,
    67.566098810582));
#6404 = CARTESIAN_POINT('',(146.46918645278,-65.37256384871,
    67.600969350575));
#6405 = CARTESIAN_POINT('',(147.95682011607,-63.39284675825,
    67.661496543806));
#6406 = CARTESIAN_POINT('',(148.56750055608,-62.36002200797,
    67.687477386815));
#6407 = CARTESIAN_POINT('',(149.06095911844,-61.31187807638,
    67.708642093192));
#6408 = CARTESIAN_POINT('',(149.44369661863,-60.24988775852,
    67.725196676095));
#6409 = CARTESIAN_POINT('',(149.72296197171,-59.18909177132,
    67.737688654519));
#6410 = CARTESIAN_POINT('',(149.9076533652,-58.12663922789,
    67.745899974639));
#6411 = CARTESIAN_POINT('',(150.,-57.0638216895,67.75003124219));
#6412 = CARTESIAN_POINT('',(150.,-56.,67.75003124219));
#6413 = PCURVE('',#3942,#6414);
#6414 = DEFINITIONAL_REPRESENTATION('',(#6415),#6498);
#6415 = B_SPLINE_CURVE_WITH_KNOTS('',11,(#6416,#6417,#6418,#6419,#6420,
    #6421,#6422,#6423,#6424,#6425,#6426,#6427,#6428,#6429,#6430,#6431,
    #6432,#6433,#6434,#6435,#6436,#6437,#6438,#6439,#6440,#6441,#6442,
    #6443,#6444,#6445,#6446,#6447,#6448,#6449,#6450,#6451,#6452,#6453,
    #6454,#6455,#6456,#6457,#6458,#6459,#6460,#6461,#6462,#6463,#6464,
    #6465,#6466,#6467,#6468,#6469,#6470,#6471,#6472,#6473,#6474,#6475,
    #6476,#6477,#6478,#6479,#6480,#6481,#6482,#6483,#6484,#6485,#6486,
    #6487,#6488,#6489,#6490,#6491,#6492,#6493,#6494,#6495,#6496,#6497),
  .UNSPECIFIED.,.F.,.F.,(12,10,10,10,10,10,10,10,12),(405.59036400601,
    406.3235794742,406.6901872083,407.0567949424,408.52322587879,
    411.45608775156,417.32181149712,423.18753524267,429.05325898822),
  .UNSPECIFIED.);
#6416 = CARTESIAN_POINT('',(-1.570796326795,67.198321344333));
#6417 = CARTESIAN_POINT('',(-1.56489502615,67.201529080314));
#6418 = CARTESIAN_POINT('',(-1.558993702935,67.204733832438));
#6419 = CARTESIAN_POINT('',(-1.553091992302,67.207934441611));
#6420 = CARTESIAN_POINT('',(-1.547189529398,67.211129748399));
#6421 = CARTESIAN_POINT('',(-1.541285949383,67.214318594062));
#6422 = CARTESIAN_POINT('',(-1.535380887394,67.217499818759));
#6423 = CARTESIAN_POINT('',(-1.529473978599,67.220672264031));
#6424 = CARTESIAN_POINT('',(-1.523564858133,67.223834770036));
#6425 = CARTESIAN_POINT('',(-1.517653161158,67.226986178036));
#6426 = CARTESIAN_POINT('',(-1.51173852282,67.230125328597));
#6427 = CARTESIAN_POINT('',(-1.502861605998,67.234813929632));
#6428 = CARTESIAN_POINT('',(-1.499902100259,67.236373858502));
#6429 = CARTESIAN_POINT('',(-1.496941897309,67.237930494294));
#6430 = CARTESIAN_POINT('',(-1.493981020889,67.239483755422));
#6431 = CARTESIAN_POINT('',(-1.491019682218,67.241033833302));
#6432 = CARTESIAN_POINT('',(-1.488058280007,67.24258119296));
#6433 = CARTESIAN_POINT('',(-1.485097400441,67.244126572206));
#6434 = CARTESIAN_POINT('',(-1.482137817195,67.245670982548));
#6435 = CARTESIAN_POINT('',(-1.479180491424,67.247215708355));
#6436 = CARTESIAN_POINT('',(-1.476226571769,67.248762307487));
#6437 = CARTESIAN_POINT('',(-1.470328216935,67.251862914344));
#6438 = CARTESIAN_POINT('',(-1.46738252055,67.253413906989));
#6439 = CARTESIAN_POINT('',(-1.464439389334,67.254963566271));
#6440 = CARTESIAN_POINT('',(-1.461498353093,67.256510830769));
#6441 = CARTESIAN_POINT('',(-1.458559278725,67.2580553664));
#6442 = CARTESIAN_POINT('',(-1.455622261669,67.259597332382));
#6443 = CARTESIAN_POINT('',(-1.452687517312,67.261137147479));
#6444 = CARTESIAN_POINT('',(-1.449755272445,67.262675255981));
#6445 = CARTESIAN_POINT('',(-1.446825656673,67.264211893856));
#6446 = CARTESIAN_POINT('',(-1.44389859386,67.26574685484));
#6447 = CARTESIAN_POINT('',(-1.429274092331,67.273408863238));
#6448 = CARTESIAN_POINT('',(-1.417612978857,67.279505823862));
#6449 = CARTESIAN_POINT('',(-1.405991240047,67.285569510408));
#6450 = CARTESIAN_POINT('',(-1.394409676367,67.291599305677));
#6451 = CARTESIAN_POINT('',(-1.382869001839,67.297594603953));
#6452 = CARTESIAN_POINT('',(-1.371369844033,67.303554809885));
#6453 = CARTESIAN_POINT('',(-1.359912744077,67.309479339878));
#6454 = CARTESIAN_POINT('',(-1.34849815665,67.315367620718));
#6455 = CARTESIAN_POINT('',(-1.337126449984,67.321219090664));
#6456 = CARTESIAN_POINT('',(-1.325797905863,67.327033198749));
#6457 = CARTESIAN_POINT('',(-1.291942347155,67.344361817915));
#6458 = CARTESIAN_POINT('',(-1.269546225844,67.355762734105));
#6459 = CARTESIAN_POINT('',(-1.247325546436,67.367007603118));
#6460 = CARTESIAN_POINT('',(-1.225281390476,67.378092069101));
#6461 = CARTESIAN_POINT('',(-1.203414730303,67.389011970679));
#6462 = CARTESIAN_POINT('',(-1.181726429075,67.399763341448));
#6463 = CARTESIAN_POINT('',(-1.160217240731,67.410342409278));
#6464 = CARTESIAN_POINT('',(-1.138887810035,67.420745597072));
#6465 = CARTESIAN_POINT('',(-1.117738672535,67.430969522119));
#6466 = CARTESIAN_POINT('',(-1.096770254593,67.441010996531));
#6467 = CARTESIAN_POINT('',(-1.034408110916,67.47057908795));
#6468 = CARTESIAN_POINT('',(-0.993558916239,67.489549887636));
#6469 = CARTESIAN_POINT('',(-0.953443166041,67.507757593965));
#6470 = CARTESIAN_POINT('',(-0.914069643589,67.525184900893));
#6471 = CARTESIAN_POINT('',(-0.875449855722,67.541820923635));
#6472 = CARTESIAN_POINT('',(-0.837597584489,67.557661625803));
#6473 = CARTESIAN_POINT('',(-0.800526173294,67.572708770157));
#6474 = CARTESIAN_POINT('',(-0.764243547704,67.586967403864));
#6475 = CARTESIAN_POINT('',(-0.72874497075,67.600441866585));
#6476 = CARTESIAN_POINT('',(-0.694003532879,67.613130331718));
#6477 = CARTESIAN_POINT('',(-0.625913219992,67.63690541475));
#6478 = CARTESIAN_POINT('',(-0.5925211489,67.64792619353));
#6479 = CARTESIAN_POINT('',(-0.560146502235,67.65865547232));
#6480 = CARTESIAN_POINT('',(-0.527769057125,67.66811695526));
#6481 = CARTESIAN_POINT('',(-0.496629153753,67.677684840362));
#6482 = CARTESIAN_POINT('',(-0.465191757268,67.685904774877));
#6483 = CARTESIAN_POINT('',(-0.434691270387,67.694023291782));
#6484 = CARTESIAN_POINT('',(-0.404237657815,67.701257043118));
#6485 = CARTESIAN_POINT('',(-0.374221227842,67.708002437673));
#6486 = CARTESIAN_POINT('',(-0.34446321666,67.714137104114));
#6487 = CARTESIAN_POINT('',(-0.285473132104,67.725259524004));
#6488 = CARTESIAN_POINT('',(-0.256237232205,67.730245053442));
#6489 = CARTESIAN_POINT('',(-0.227232437937,67.734661791182));
#6490 = CARTESIAN_POINT('',(-0.198430259592,67.738515672379));
#6491 = CARTESIAN_POINT('',(-0.169801754502,67.741811679596));
#6492 = CARTESIAN_POINT('',(-0.14131752704,67.744553840951));
#6493 = CARTESIAN_POINT('',(-0.11294772862,67.746745232665));
#6494 = CARTESIAN_POINT('',(-8.466205769208E-02,67.748387976231));
#6495 = CARTESIAN_POINT('',(-5.642975975109E-02,67.749483240981));
#6496 = CARTESIAN_POINT('',(-2.821962732928E-02,67.750031242185));
#6497 = CARTESIAN_POINT('',(-1.772965896629E-17,67.75003124219));
#6498 = ( GEOMETRIC_REPRESENTATION_CONTEXT(2) 
PARAMETRIC_REPRESENTATION_CONTEXT() REPRESENTATION_CONTEXT('2D SPACE',''
  ) );
#6499 = PCURVE('',#4845,#6500);
#6500 = DEFINITIONAL_REPRESENTATION('',(#6501),#6505);
#6501 = LINE('',#6502,#6503);
#6502 = CARTESIAN_POINT('',(0.,0.));
#6503 = VECTOR('',#6504,1.);
#6504 = DIRECTION('',(0.,1.));
#6505 = ( GEOMETRIC_REPRESENTATION_CONTEXT(2) 
PARAMETRIC_REPRESENTATION_CONTEXT() REPRESENTATION_CONTEXT('2D SPACE',''
  ) );
#6506 = ADVANCED_FACE('',(#6507),#4409,.F.);
#6507 = FACE_BOUND('',#6508,.T.);
#6508 = EDGE_LOOP('',(#6509,#6510,#6511,#6512));
#6509 = ORIENTED_EDGE('',*,*,#4388,.T.);
#6510 = ORIENTED_EDGE('',*,*,#4722,.T.);
#6511 = ORIENTED_EDGE('',*,*,#4580,.F.);
#6512 = ORIENTED_EDGE('',*,*,#6513,.F.);
#6513 = EDGE_CURVE('',#4361,#4581,#6514,.T.);
#6514 = SURFACE_CURVE('',#6515,(#6519,#6526),.PCURVE_S1.);
#6515 = LINE('',#6516,#6517);
#6516 = CARTESIAN_POINT('',(107.,-46.,4.));
#6517 = VECTOR('',#6518,1.);
#6518 = DIRECTION('',(0.,0.,1.));
#6519 = PCURVE('',#4409,#6520);
#6520 = DEFINITIONAL_REPRESENTATION('',(#6521),#6525);
#6521 = LINE('',#6522,#6523);
#6522 = CARTESIAN_POINT('',(-0.,0.));
#6523 = VECTOR('',#6524,1.);
#6524 = DIRECTION('',(-0.,1.));
#6525 = ( GEOMETRIC_REPRESENTATION_CONTEXT(2) 
PARAMETRIC_REPRESENTATION_CONTEXT() REPRESENTATION_CONTEXT('2D SPACE',''
  ) );
#6526 = PCURVE('',#4376,#6527);
#6527 = DEFINITIONAL_REPRESENTATION('',(#6528),#6532);
#6528 = LINE('',#6529,#6530);
#6529 = CARTESIAN_POINT('',(0.,-10.));
#6530 = VECTOR('',#6531,1.);
#6531 = DIRECTION('',(1.,0.));
#6532 = ( GEOMETRIC_REPRESENTATION_CONTEXT(2) 
PARAMETRIC_REPRESENTATION_CONTEXT() REPRESENTATION_CONTEXT('2D SPACE',''
  ) );
#6533 = ADVANCED_FACE('',(#6534),#4376,.F.);
#6534 = FACE_BOUND('',#6535,.F.);
#6535 = EDGE_LOOP('',(#6536,#6537,#6538,#6539));
#6536 = ORIENTED_EDGE('',*,*,#4608,.F.);
#6537 = ORIENTED_EDGE('',*,*,#6513,.F.);
#6538 = ORIENTED_EDGE('',*,*,#4360,.T.);
#6539 = ORIENTED_EDGE('',*,*,#6540,.T.);
#6540 = EDGE_CURVE('',#4332,#4609,#6541,.T.);
#6541 = SURFACE_CURVE('',#6542,(#6546,#6553),.PCURVE_S1.);
#6542 = LINE('',#6543,#6544);
#6543 = CARTESIAN_POINT('',(107.,46.,4.));
#6544 = VECTOR('',#6545,1.);
#6545 = DIRECTION('',(0.,0.,1.));
#6546 = PCURVE('',#4376,#6547);
#6547 = DEFINITIONAL_REPRESENTATION('',(#6548),#6552);
#6548 = LINE('',#6549,#6550);
#6549 = CARTESIAN_POINT('',(0.,-102.));
#6550 = VECTOR('',#6551,1.);
#6551 = DIRECTION('',(1.,0.));
#6552 = ( GEOMETRIC_REPRESENTATION_CONTEXT(2) 
PARAMETRIC_REPRESENTATION_CONTEXT() REPRESENTATION_CONTEXT('2D SPACE',''
  ) );
#6553 = PCURVE('',#4348,#6554);
#6554 = DEFINITIONAL_REPRESENTATION('',(#6555),#6559);
#6555 = LINE('',#6556,#6557);
#6556 = CARTESIAN_POINT('',(0.,0.));
#6557 = VECTOR('',#6558,1.);
#6558 = DIRECTION('',(0.,1.));
#6559 = ( GEOMETRIC_REPRESENTATION_CONTEXT(2) 
PARAMETRIC_REPRESENTATION_CONTEXT() REPRESENTATION_CONTEXT('2D SPACE',''
  ) );
#6560 = ADVANCED_FACE('',(#6561),#4348,.F.);
#6561 = FACE_BOUND('',#6562,.F.);
#6562 = EDGE_LOOP('',(#6563,#6564,#6565,#6566));
#6563 = ORIENTED_EDGE('',*,*,#4331,.T.);
#6564 = ORIENTED_EDGE('',*,*,#4532,.T.);
#6565 = ORIENTED_EDGE('',*,*,#4631,.F.);
#6566 = ORIENTED_EDGE('',*,*,#6540,.F.);
#6567 = ADVANCED_FACE('',(#6568),#4461,.F.);
#6568 = FACE_BOUND('',#6569,.F.);
#6569 = EDGE_LOOP('',(#6570,#6599,#6620,#6621));
#6570 = ORIENTED_EDGE('',*,*,#6571,.F.);
#6571 = EDGE_CURVE('',#6572,#6572,#6574,.T.);
#6572 = VERTEX_POINT('',#6573);
#6573 = CARTESIAN_POINT('',(107.75,-61.,12.));
#6574 = SURFACE_CURVE('',#6575,(#6580,#6587),.PCURVE_S1.);
#6575 = CIRCLE('',#6576,2.75);
#6576 = AXIS2_PLACEMENT_3D('',#6577,#6578,#6579);
#6577 = CARTESIAN_POINT('',(105.,-61.,12.));
#6578 = DIRECTION('',(0.,0.,1.));
#6579 = DIRECTION('',(1.,0.,-0.));
#6580 = PCURVE('',#4461,#6581);
#6581 = DEFINITIONAL_REPRESENTATION('',(#6582),#6586);
#6582 = LINE('',#6583,#6584);
#6583 = CARTESIAN_POINT('',(0.,8.));
#6584 = VECTOR('',#6585,1.);
#6585 = DIRECTION('',(1.,0.));
#6586 = ( GEOMETRIC_REPRESENTATION_CONTEXT(2) 
PARAMETRIC_REPRESENTATION_CONTEXT() REPRESENTATION_CONTEXT('2D SPACE',''
  ) );
#6587 = PCURVE('',#6588,#6593);
#6588 = PLANE('',#6589);
#6589 = AXIS2_PLACEMENT_3D('',#6590,#6591,#6592);
#6590 = CARTESIAN_POINT('',(105.,-61.,12.));
#6591 = DIRECTION('',(0.,0.,1.));
#6592 = DIRECTION('',(1.,0.,-0.));
#6593 = DEFINITIONAL_REPRESENTATION('',(#6594),#6598);
#6594 = CIRCLE('',#6595,2.75);
#6595 = AXIS2_PLACEMENT_2D('',#6596,#6597);
#6596 = CARTESIAN_POINT('',(0.,0.));
#6597 = DIRECTION('',(1.,0.));
#6598 = ( GEOMETRIC_REPRESENTATION_CONTEXT(2) 
PARAMETRIC_REPRESENTATION_CONTEXT() REPRESENTATION_CONTEXT('2D SPACE',''
  ) );
#6599 = ORIENTED_EDGE('',*,*,#6600,.F.);
#6600 = EDGE_CURVE('',#4445,#6572,#6601,.T.);
#6601 = SEAM_CURVE('',#6602,(#6606,#6613),.PCURVE_S1.);
#6602 = LINE('',#6603,#6604);
#6603 = CARTESIAN_POINT('',(107.75,-61.,4.));
#6604 = VECTOR('',#6605,1.);
#6605 = DIRECTION('',(0.,0.,1.));
#6606 = PCURVE('',#4461,#6607);
#6607 = DEFINITIONAL_REPRESENTATION('',(#6608),#6612);
#6608 = LINE('',#6609,#6610);
#6609 = CARTESIAN_POINT('',(6.28318530718,-0.));
#6610 = VECTOR('',#6611,1.);
#6611 = DIRECTION('',(0.,1.));
#6612 = ( GEOMETRIC_REPRESENTATION_CONTEXT(2) 
PARAMETRIC_REPRESENTATION_CONTEXT() REPRESENTATION_CONTEXT('2D SPACE',''
  ) );
#6613 = PCURVE('',#4461,#6614);
#6614 = DEFINITIONAL_REPRESENTATION('',(#6615),#6619);
#6615 = LINE('',#6616,#6617);
#6616 = CARTESIAN_POINT('',(0.,-0.));
#6617 = VECTOR('',#6618,1.);
#6618 = DIRECTION('',(0.,1.));
#6619 = ( GEOMETRIC_REPRESENTATION_CONTEXT(2) 
PARAMETRIC_REPRESENTATION_CONTEXT() REPRESENTATION_CONTEXT('2D SPACE',''
  ) );
#6620 = ORIENTED_EDGE('',*,*,#4444,.T.);
#6621 = ORIENTED_EDGE('',*,*,#6600,.T.);
#6622 = ADVANCED_FACE('',(#6623),#4492,.F.);
#6623 = FACE_BOUND('',#6624,.F.);
#6624 = EDGE_LOOP('',(#6625,#6654,#6675,#6676));
#6625 = ORIENTED_EDGE('',*,*,#6626,.F.);
#6626 = EDGE_CURVE('',#6627,#6627,#6629,.T.);
#6627 = VERTEX_POINT('',#6628);
#6628 = CARTESIAN_POINT('',(107.75,61.,12.));
#6629 = SURFACE_CURVE('',#6630,(#6635,#6642),.PCURVE_S1.);
#6630 = CIRCLE('',#6631,2.75);
#6631 = AXIS2_PLACEMENT_3D('',#6632,#6633,#6634);
#6632 = CARTESIAN_POINT('',(105.,61.,12.));
#6633 = DIRECTION('',(0.,0.,1.));
#6634 = DIRECTION('',(1.,0.,-0.));
#6635 = PCURVE('',#4492,#6636);
#6636 = DEFINITIONAL_REPRESENTATION('',(#6637),#6641);
#6637 = LINE('',#6638,#6639);
#6638 = CARTESIAN_POINT('',(0.,8.));
#6639 = VECTOR('',#6640,1.);
#6640 = DIRECTION('',(1.,0.));
#6641 = ( GEOMETRIC_REPRESENTATION_CONTEXT(2) 
PARAMETRIC_REPRESENTATION_CONTEXT() REPRESENTATION_CONTEXT('2D SPACE',''
  ) );
#6642 = PCURVE('',#6643,#6648);
#6643 = PLANE('',#6644);
#6644 = AXIS2_PLACEMENT_3D('',#6645,#6646,#6647);
#6645 = CARTESIAN_POINT('',(105.,61.,12.));
#6646 = DIRECTION('',(0.,0.,1.));
#6647 = DIRECTION('',(1.,0.,-0.));
#6648 = DEFINITIONAL_REPRESENTATION('',(#6649),#6653);
#6649 = CIRCLE('',#6650,2.75);
#6650 = AXIS2_PLACEMENT_2D('',#6651,#6652);
#6651 = CARTESIAN_POINT('',(0.,0.));
#6652 = DIRECTION('',(1.,0.));
#6653 = ( GEOMETRIC_REPRESENTATION_CONTEXT(2) 
PARAMETRIC_REPRESENTATION_CONTEXT() REPRESENTATION_CONTEXT('2D SPACE',''
  ) );
#6654 = ORIENTED_EDGE('',*,*,#6655,.F.);
#6655 = EDGE_CURVE('',#4476,#6627,#6656,.T.);
#6656 = SEAM_CURVE('',#6657,(#6661,#6668),.PCURVE_S1.);
#6657 = LINE('',#6658,#6659);
#6658 = CARTESIAN_POINT('',(107.75,61.,4.));
#6659 = VECTOR('',#6660,1.);
#6660 = DIRECTION('',(0.,0.,1.));
#6661 = PCURVE('',#4492,#6662);
#6662 = DEFINITIONAL_REPRESENTATION('',(#6663),#6667);
#6663 = LINE('',#6664,#6665);
#6664 = CARTESIAN_POINT('',(6.28318530718,-0.));
#6665 = VECTOR('',#6666,1.);
#6666 = DIRECTION('',(0.,1.));
#6667 = ( GEOMETRIC_REPRESENTATION_CONTEXT(2) 
PARAMETRIC_REPRESENTATION_CONTEXT() REPRESENTATION_CONTEXT('2D SPACE',''
  ) );
#6668 = PCURVE('',#4492,#6669);
#6669 = DEFINITIONAL_REPRESENTATION('',(#6670),#6674);
#6670 = LINE('',#6671,#6672);
#6671 = CARTESIAN_POINT('',(0.,-0.));
#6672 = VECTOR('',#6673,1.);
#6673 = DIRECTION('',(0.,1.));
#6674 = ( GEOMETRIC_REPRESENTATION_CONTEXT(2) 
PARAMETRIC_REPRESENTATION_CONTEXT() REPRESENTATION_CONTEXT('2D SPACE',''
  ) );
#6675 = ORIENTED_EDGE('',*,*,#4475,.T.);
#6676 = ORIENTED_EDGE('',*,*,#6655,.T.);
#6677 = ADVANCED_FACE('',(#6678),#4673,.F.);
#6678 = FACE_BOUND('',#6679,.F.);
#6679 = EDGE_LOOP('',(#6680,#6681,#6704,#6726,#6727,#6748,#6770));
#6680 = ORIENTED_EDGE('',*,*,#4656,.T.);
#6681 = ORIENTED_EDGE('',*,*,#6682,.T.);
#6682 = EDGE_CURVE('',#4657,#6683,#6685,.T.);
#6683 = VERTEX_POINT('',#6684);
#6684 = CARTESIAN_POINT('',(103.,-42.,60.5));
#6685 = SEAM_CURVE('',#6686,(#6690,#6697),.PCURVE_S1.);
#6686 = LINE('',#6687,#6688);
#6687 = CARTESIAN_POINT('',(103.,-42.,52.5));
#6688 = VECTOR('',#6689,1.);
#6689 = DIRECTION('',(0.,0.,1.));
#6690 = PCURVE('',#4673,#6691);
#6691 = DEFINITIONAL_REPRESENTATION('',(#6692),#6696);
#6692 = LINE('',#6693,#6694);
#6693 = CARTESIAN_POINT('',(0.,-0.));
#6694 = VECTOR('',#6695,1.);
#6695 = DIRECTION('',(0.,1.));
#6696 = ( GEOMETRIC_REPRESENTATION_CONTEXT(2) 
PARAMETRIC_REPRESENTATION_CONTEXT() REPRESENTATION_CONTEXT('2D SPACE',''
  ) );
#6697 = PCURVE('',#4673,#6698);
#6698 = DEFINITIONAL_REPRESENTATION('',(#6699),#6703);
#6699 = LINE('',#6700,#6701);
#6700 = CARTESIAN_POINT('',(6.28318530718,-0.));
#6701 = VECTOR('',#6702,1.);
#6702 = DIRECTION('',(0.,1.));
#6703 = ( GEOMETRIC_REPRESENTATION_CONTEXT(2) 
PARAMETRIC_REPRESENTATION_CONTEXT() REPRESENTATION_CONTEXT('2D SPACE',''
  ) );
#6704 = ORIENTED_EDGE('',*,*,#6705,.F.);
#6705 = EDGE_CURVE('',#5947,#6683,#6706,.T.);
#6706 = SURFACE_CURVE('',#6707,(#6712,#6719),.PCURVE_S1.);
#6707 = CIRCLE('',#6708,3.);
#6708 = AXIS2_PLACEMENT_3D('',#6709,#6710,#6711);
#6709 = CARTESIAN_POINT('',(100.,-42.,60.5));
#6710 = DIRECTION('',(0.,0.,1.));
#6711 = DIRECTION('',(1.,0.,-0.));
#6712 = PCURVE('',#4673,#6713);
#6713 = DEFINITIONAL_REPRESENTATION('',(#6714),#6718);
#6714 = LINE('',#6715,#6716);
#6715 = CARTESIAN_POINT('',(0.,8.));
#6716 = VECTOR('',#6717,1.);
#6717 = DIRECTION('',(1.,0.));
#6718 = ( GEOMETRIC_REPRESENTATION_CONTEXT(2) 
PARAMETRIC_REPRESENTATION_CONTEXT() REPRESENTATION_CONTEXT('2D SPACE',''
  ) );
#6719 = PCURVE('',#6089,#6720);
#6720 = DEFINITIONAL_REPRESENTATION('',(#6721),#6725);
#6721 = CIRCLE('',#6722,3.);
#6722 = AXIS2_PLACEMENT_2D('',#6723,#6724);
#6723 = CARTESIAN_POINT('',(0.,0.));
#6724 = DIRECTION('',(1.,0.));
#6725 = ( GEOMETRIC_REPRESENTATION_CONTEXT(2) 
PARAMETRIC_REPRESENTATION_CONTEXT() REPRESENTATION_CONTEXT('2D SPACE',''
  ) );
#6726 = ORIENTED_EDGE('',*,*,#5946,.F.);
#6727 = ORIENTED_EDGE('',*,*,#6728,.T.);
#6728 = EDGE_CURVE('',#5918,#6729,#6731,.T.);
#6729 = VERTEX_POINT('',#6730);
#6730 = CARTESIAN_POINT('',(100.,-39.,60.5));
#6731 = SURFACE_CURVE('',#6732,(#6736,#6742),.PCURVE_S1.);
#6732 = LINE('',#6733,#6734);
#6733 = CARTESIAN_POINT('',(100.,-39.,52.5));
#6734 = VECTOR('',#6735,1.);
#6735 = DIRECTION('',(0.,0.,1.));
#6736 = PCURVE('',#4673,#6737);
#6737 = DEFINITIONAL_REPRESENTATION('',(#6738),#6741);
#6738 = B_SPLINE_CURVE_WITH_KNOTS('',1,(#6739,#6740),.UNSPECIFIED.,.F.,
  .F.,(2,2),(3.66,8.0000006),.PIECEWISE_BEZIER_KNOTS.);
#6739 = CARTESIAN_POINT('',(1.570796326795,3.66));
#6740 = CARTESIAN_POINT('',(1.570796326795,8.0000006));
#6741 = ( GEOMETRIC_REPRESENTATION_CONTEXT(2) 
PARAMETRIC_REPRESENTATION_CONTEXT() REPRESENTATION_CONTEXT('2D SPACE',''
  ) );
#6742 = PCURVE('',#5934,#6743);
#6743 = DEFINITIONAL_REPRESENTATION('',(#6744),#6747);
#6744 = B_SPLINE_CURVE_WITH_KNOTS('',1,(#6745,#6746),.UNSPECIFIED.,.F.,
  .F.,(2,2),(3.66,8.0000006),.PIECEWISE_BEZIER_KNOTS.);
#6745 = CARTESIAN_POINT('',(3.84,-3.));
#6746 = CARTESIAN_POINT('',(-0.5000006,-3.));
#6747 = ( GEOMETRIC_REPRESENTATION_CONTEXT(2) 
PARAMETRIC_REPRESENTATION_CONTEXT() REPRESENTATION_CONTEXT('2D SPACE',''
  ) );
#6748 = ORIENTED_EDGE('',*,*,#6749,.F.);
#6749 = EDGE_CURVE('',#6683,#6729,#6750,.T.);
#6750 = SURFACE_CURVE('',#6751,(#6756,#6763),.PCURVE_S1.);
#6751 = CIRCLE('',#6752,3.);
#6752 = AXIS2_PLACEMENT_3D('',#6753,#6754,#6755);
#6753 = CARTESIAN_POINT('',(100.,-42.,60.5));
#6754 = DIRECTION('',(0.,0.,1.));
#6755 = DIRECTION('',(1.,0.,-0.));
#6756 = PCURVE('',#4673,#6757);
#6757 = DEFINITIONAL_REPRESENTATION('',(#6758),#6762);
#6758 = LINE('',#6759,#6760);
#6759 = CARTESIAN_POINT('',(0.,8.));
#6760 = VECTOR('',#6761,1.);
#6761 = DIRECTION('',(1.,0.));
#6762 = ( GEOMETRIC_REPRESENTATION_CONTEXT(2) 
PARAMETRIC_REPRESENTATION_CONTEXT() REPRESENTATION_CONTEXT('2D SPACE',''
  ) );
#6763 = PCURVE('',#6089,#6764);
#6764 = DEFINITIONAL_REPRESENTATION('',(#6765),#6769);
#6765 = CIRCLE('',#6766,3.);
#6766 = AXIS2_PLACEMENT_2D('',#6767,#6768);
#6767 = CARTESIAN_POINT('',(0.,0.));
#6768 = DIRECTION('',(1.,0.));
#6769 = ( GEOMETRIC_REPRESENTATION_CONTEXT(2) 
PARAMETRIC_REPRESENTATION_CONTEXT() REPRESENTATION_CONTEXT('2D SPACE',''
  ) );
#6770 = ORIENTED_EDGE('',*,*,#6682,.F.);
#6771 = ADVANCED_FACE('',(#6772),#4704,.F.);
#6772 = FACE_BOUND('',#6773,.F.);
#6773 = EDGE_LOOP('',(#6774,#6775,#6798,#6822,#6841,#6842,#6864));
#6774 = ORIENTED_EDGE('',*,*,#4687,.T.);
#6775 = ORIENTED_EDGE('',*,*,#6776,.T.);
#6776 = EDGE_CURVE('',#4688,#6777,#6779,.T.);
#6777 = VERTEX_POINT('',#6778);
#6778 = CARTESIAN_POINT('',(103.,42.,60.5));
#6779 = SEAM_CURVE('',#6780,(#6784,#6791),.PCURVE_S1.);
#6780 = LINE('',#6781,#6782);
#6781 = CARTESIAN_POINT('',(103.,42.,52.5));
#6782 = VECTOR('',#6783,1.);
#6783 = DIRECTION('',(0.,0.,1.));
#6784 = PCURVE('',#4704,#6785);
#6785 = DEFINITIONAL_REPRESENTATION('',(#6786),#6790);
#6786 = LINE('',#6787,#6788);
#6787 = CARTESIAN_POINT('',(0.,-0.));
#6788 = VECTOR('',#6789,1.);
#6789 = DIRECTION('',(0.,1.));
#6790 = ( GEOMETRIC_REPRESENTATION_CONTEXT(2) 
PARAMETRIC_REPRESENTATION_CONTEXT() REPRESENTATION_CONTEXT('2D SPACE',''
  ) );
#6791 = PCURVE('',#4704,#6792);
#6792 = DEFINITIONAL_REPRESENTATION('',(#6793),#6797);
#6793 = LINE('',#6794,#6795);
#6794 = CARTESIAN_POINT('',(6.28318530718,-0.));
#6795 = VECTOR('',#6796,1.);
#6796 = DIRECTION('',(0.,1.));
#6797 = ( GEOMETRIC_REPRESENTATION_CONTEXT(2) 
PARAMETRIC_REPRESENTATION_CONTEXT() REPRESENTATION_CONTEXT('2D SPACE',''
  ) );
#6798 = ORIENTED_EDGE('',*,*,#6799,.F.);
#6799 = EDGE_CURVE('',#6800,#6777,#6802,.T.);
#6800 = VERTEX_POINT('',#6801);
#6801 = CARTESIAN_POINT('',(100.,39.,60.5));
#6802 = SURFACE_CURVE('',#6803,(#6808,#6815),.PCURVE_S1.);
#6803 = CIRCLE('',#6804,3.);
#6804 = AXIS2_PLACEMENT_3D('',#6805,#6806,#6807);
#6805 = CARTESIAN_POINT('',(100.,42.,60.5));
#6806 = DIRECTION('',(0.,0.,1.));
#6807 = DIRECTION('',(1.,0.,-0.));
#6808 = PCURVE('',#4704,#6809);
#6809 = DEFINITIONAL_REPRESENTATION('',(#6810),#6814);
#6810 = LINE('',#6811,#6812);
#6811 = CARTESIAN_POINT('',(0.,8.));
#6812 = VECTOR('',#6813,1.);
#6813 = DIRECTION('',(1.,0.));
#6814 = ( GEOMETRIC_REPRESENTATION_CONTEXT(2) 
PARAMETRIC_REPRESENTATION_CONTEXT() REPRESENTATION_CONTEXT('2D SPACE',''
  ) );
#6815 = PCURVE('',#5716,#6816);
#6816 = DEFINITIONAL_REPRESENTATION('',(#6817),#6821);
#6817 = CIRCLE('',#6818,3.);
#6818 = AXIS2_PLACEMENT_2D('',#6819,#6820);
#6819 = CARTESIAN_POINT('',(0.,0.));
#6820 = DIRECTION('',(1.,0.));
#6821 = ( GEOMETRIC_REPRESENTATION_CONTEXT(2) 
PARAMETRIC_REPRESENTATION_CONTEXT() REPRESENTATION_CONTEXT('2D SPACE',''
  ) );
#6822 = ORIENTED_EDGE('',*,*,#6823,.F.);
#6823 = EDGE_CURVE('',#5728,#6800,#6824,.T.);
#6824 = SURFACE_CURVE('',#6825,(#6829,#6835),.PCURVE_S1.);
#6825 = LINE('',#6826,#6827);
#6826 = CARTESIAN_POINT('',(100.,39.,52.5));
#6827 = VECTOR('',#6828,1.);
#6828 = DIRECTION('',(0.,0.,1.));
#6829 = PCURVE('',#4704,#6830);
#6830 = DEFINITIONAL_REPRESENTATION('',(#6831),#6834);
#6831 = B_SPLINE_CURVE_WITH_KNOTS('',1,(#6832,#6833),.UNSPECIFIED.,.F.,
  .F.,(2,2),(3.66,8.0000006),.PIECEWISE_BEZIER_KNOTS.);
#6832 = CARTESIAN_POINT('',(4.712388980385,3.66));
#6833 = CARTESIAN_POINT('',(4.712388980385,8.0000006));
#6834 = ( GEOMETRIC_REPRESENTATION_CONTEXT(2) 
PARAMETRIC_REPRESENTATION_CONTEXT() REPRESENTATION_CONTEXT('2D SPACE',''
  ) );
#6835 = PCURVE('',#5689,#6836);
#6836 = DEFINITIONAL_REPRESENTATION('',(#6837),#6840);
#6837 = B_SPLINE_CURVE_WITH_KNOTS('',1,(#6838,#6839),.UNSPECIFIED.,.F.,
  .F.,(2,2),(3.66,8.0000006),.PIECEWISE_BEZIER_KNOTS.);
#6838 = CARTESIAN_POINT('',(3.84,3.));
#6839 = CARTESIAN_POINT('',(-0.5000006,3.));
#6840 = ( GEOMETRIC_REPRESENTATION_CONTEXT(2) 
PARAMETRIC_REPRESENTATION_CONTEXT() REPRESENTATION_CONTEXT('2D SPACE',''
  ) );
#6841 = ORIENTED_EDGE('',*,*,#5727,.F.);
#6842 = ORIENTED_EDGE('',*,*,#6843,.F.);
#6843 = EDGE_CURVE('',#6777,#5702,#6844,.T.);
#6844 = SURFACE_CURVE('',#6845,(#6850,#6857),.PCURVE_S1.);
#6845 = CIRCLE('',#6846,3.);
#6846 = AXIS2_PLACEMENT_3D('',#6847,#6848,#6849);
#6847 = CARTESIAN_POINT('',(100.,42.,60.5));
#6848 = DIRECTION('',(0.,0.,1.));
#6849 = DIRECTION('',(1.,0.,-0.));
#6850 = PCURVE('',#4704,#6851);
#6851 = DEFINITIONAL_REPRESENTATION('',(#6852),#6856);
#6852 = LINE('',#6853,#6854);
#6853 = CARTESIAN_POINT('',(0.,8.));
#6854 = VECTOR('',#6855,1.);
#6855 = DIRECTION('',(1.,0.));
#6856 = ( GEOMETRIC_REPRESENTATION_CONTEXT(2) 
PARAMETRIC_REPRESENTATION_CONTEXT() REPRESENTATION_CONTEXT('2D SPACE',''
  ) );
#6857 = PCURVE('',#5716,#6858);
#6858 = DEFINITIONAL_REPRESENTATION('',(#6859),#6863);
#6859 = CIRCLE('',#6860,3.);
#6860 = AXIS2_PLACEMENT_2D('',#6861,#6862);
#6861 = CARTESIAN_POINT('',(0.,0.));
#6862 = DIRECTION('',(1.,0.));
#6863 = ( GEOMETRIC_REPRESENTATION_CONTEXT(2) 
PARAMETRIC_REPRESENTATION_CONTEXT() REPRESENTATION_CONTEXT('2D SPACE',''
  ) );
#6864 = ORIENTED_EDGE('',*,*,#6776,.F.);
#6865 = ADVANCED_FACE('',(#6866),#4845,.F.);
#6866 = FACE_BOUND('',#6867,.F.);
#6867 = EDGE_LOOP('',(#6868,#6869,#6870,#6899));
#6868 = ORIENTED_EDGE('',*,*,#4829,.T.);
#6869 = ORIENTED_EDGE('',*,*,#5329,.T.);
#6870 = ORIENTED_EDGE('',*,*,#6871,.F.);
#6871 = EDGE_CURVE('',#6337,#5302,#6872,.T.);
#6872 = SURFACE_CURVE('',#6873,(#6877,#6883),.PCURVE_S1.);
#6873 = ( BOUNDED_CURVE() B_SPLINE_CURVE(2,(#6874,#6875,#6876),
.UNSPECIFIED.,.F.,.F.) B_SPLINE_CURVE_WITH_KNOTS((3,3),(0.,
23.462894982212),.PIECEWISE_BEZIER_KNOTS.) CURVE() 
GEOMETRIC_REPRESENTATION_ITEM() RATIONAL_B_SPLINE_CURVE((1.,
0.656272100052,1.)) REPRESENTATION_ITEM('') );
#6874 = CARTESIAN_POINT('',(150.,-56.,67.75003124219));
#6875 = CARTESIAN_POINT('',(150.,-56.,79.247157319866));
#6876 = CARTESIAN_POINT('',(138.61386138613,-56.,77.653496279396));
#6877 = PCURVE('',#4845,#6878);
#6878 = DEFINITIONAL_REPRESENTATION('',(#6879),#6882);
#6879 = B_SPLINE_CURVE_WITH_KNOTS('',1,(#6880,#6881),.UNSPECIFIED.,.F.,
  .F.,(2,2),(0.,23.462894982212),.PIECEWISE_BEZIER_KNOTS.);
#6880 = CARTESIAN_POINT('',(0.,429.05325898822));
#6881 = CARTESIAN_POINT('',(23.462894982212,429.05325898822));
#6882 = ( GEOMETRIC_REPRESENTATION_CONTEXT(2) 
PARAMETRIC_REPRESENTATION_CONTEXT() REPRESENTATION_CONTEXT('2D SPACE',''
  ) );
#6883 = PCURVE('',#5317,#6884);
#6884 = DEFINITIONAL_REPRESENTATION('',(#6885),#6898);
#6885 = B_SPLINE_CURVE_WITH_KNOTS('',11,(#6886,#6887,#6888,#6889,#6890,
    #6891,#6892,#6893,#6894,#6895,#6896,#6897),.UNSPECIFIED.,.F.,.F.,(12
    ,12),(0.,23.462894982212),.PIECEWISE_BEZIER_KNOTS.);
#6886 = CARTESIAN_POINT('',(0.,0.));
#6887 = CARTESIAN_POINT('',(-0.137186237737,0.));
#6888 = CARTESIAN_POINT('',(-0.283803524696,0.));
#6889 = CARTESIAN_POINT('',(-0.439195734852,0.));
#6890 = CARTESIAN_POINT('',(-0.602004882137,0.));
#6891 = CARTESIAN_POINT('',(-0.769951981901,0.));
#6892 = CARTESIAN_POINT('',(-0.939905971891,0.));
#6893 = CARTESIAN_POINT('',(-1.107853071655,0.));
#6894 = CARTESIAN_POINT('',(-1.270662218941,0.));
#6895 = CARTESIAN_POINT('',(-1.426054429096,0.));
#6896 = CARTESIAN_POINT('',(-1.572671716055,0.));
#6897 = CARTESIAN_POINT('',(-1.709857953792,0.));
#6898 = ( GEOMETRIC_REPRESENTATION_CONTEXT(2) 
PARAMETRIC_REPRESENTATION_CONTEXT() REPRESENTATION_CONTEXT('2D SPACE',''
  ) );
#6899 = ORIENTED_EDGE('',*,*,#6387,.F.);
#6900 = ADVANCED_FACE('',(#6901),#5317,.T.);
#6901 = FACE_BOUND('',#6902,.F.);
#6902 = EDGE_LOOP('',(#6903,#6904,#6905,#6965));
#6903 = ORIENTED_EDGE('',*,*,#6871,.T.);
#6904 = ORIENTED_EDGE('',*,*,#5301,.T.);
#6905 = ORIENTED_EDGE('',*,*,#6906,.F.);
#6906 = EDGE_CURVE('',#6188,#5000,#6907,.T.);
#6907 = SURFACE_CURVE('',#6908,(#6913,#6919),.PCURVE_S1.);
#6908 = CIRCLE('',#6909,10.);
#6909 = AXIS2_PLACEMENT_3D('',#6910,#6911,#6912);
#6910 = CARTESIAN_POINT('',(140.,56.,67.75003124219));
#6911 = DIRECTION('',(0.,-1.,2.22044604925E-16));
#6912 = DIRECTION('',(1.,0.,0.));
#6913 = PCURVE('',#5317,#6914);
#6914 = DEFINITIONAL_REPRESENTATION('',(#6915),#6918);
#6915 = B_SPLINE_CURVE_WITH_KNOTS('',1,(#6916,#6917),.UNSPECIFIED.,.F.,
  .F.,(2,2),(0.,1.709857953792),.PIECEWISE_BEZIER_KNOTS.);
#6916 = CARTESIAN_POINT('',(0.,112.));
#6917 = CARTESIAN_POINT('',(-1.709857953792,112.));
#6918 = ( GEOMETRIC_REPRESENTATION_CONTEXT(2) 
PARAMETRIC_REPRESENTATION_CONTEXT() REPRESENTATION_CONTEXT('2D SPACE',''
  ) );
#6919 = PCURVE('',#5224,#6920);
#6920 = DEFINITIONAL_REPRESENTATION('',(#6921),#6964);
#6921 = B_SPLINE_CURVE_WITH_KNOTS('',11,(#6922,#6923,#6924,#6925,#6926,
    #6927,#6928,#6929,#6930,#6931,#6932,#6933,#6934,#6935,#6936,#6937,
    #6938,#6939,#6940,#6941,#6942,#6943,#6944,#6945,#6946,#6947,#6948,
    #6949,#6950,#6951,#6952,#6953,#6954,#6955,#6956,#6957,#6958,#6959,
    #6960,#6961,#6962,#6963),.UNSPECIFIED.,.F.,.F.,(12,10,10,10,12),(0.,
    0.427464488448,0.854928976896,1.282393465344,1.709857953792),
  .UNSPECIFIED.);
#6922 = CARTESIAN_POINT('',(4.440892098501E-16,541.05325898827));
#6923 = CARTESIAN_POINT('',(0.604206957746,541.05325898823));
#6924 = CARTESIAN_POINT('',(1.196648722232,541.05325898847));
#6925 = CARTESIAN_POINT('',(1.778315883412,541.05325898782));
#6926 = CARTESIAN_POINT('',(2.350138605861,541.05325898904));
#6927 = CARTESIAN_POINT('',(2.912943216981,541.05325898732));
#6928 = CARTESIAN_POINT('',(3.467552500442,541.05325898918));
#6929 = CARTESIAN_POINT('',(4.014682473624,541.05325898762));
#6930 = CARTESIAN_POINT('',(4.555052839877,541.05325898863));
#6931 = CARTESIAN_POINT('',(5.089319119976,541.05325898814));
#6932 = CARTESIAN_POINT('',(5.618117842793,541.0532589883));
#6933 = CARTESIAN_POINT('',(6.665992970753,541.05325898826));
#6934 = CARTESIAN_POINT('',(7.185069505419,541.05325898833));
#6935 = CARTESIAN_POINT('',(7.699891856421,541.05325898813));
#6936 = CARTESIAN_POINT('',(8.211040782112,541.05325898854));
#6937 = CARTESIAN_POINT('',(8.719075327501,541.0532589879));
#6938 = CARTESIAN_POINT('',(9.224536968848,541.05325898865));
#6939 = CARTESIAN_POINT('',(9.72795352862,541.053258988));
#6940 = CARTESIAN_POINT('',(10.229842861241,541.05325898841));
#6941 = CARTESIAN_POINT('',(10.730716309106,541.05325898824));
#6942 = CARTESIAN_POINT('',(11.231081929371,541.05325898827));
#6943 = CARTESIAN_POINT('',(12.231813052899,541.0532589883));
#6944 = CARTESIAN_POINT('',(12.73217867316,541.0532589881));
#6945 = CARTESIAN_POINT('',(13.233052121037,541.05325898872));
#6946 = CARTESIAN_POINT('',(13.734941453633,541.05325898754));
#6947 = CARTESIAN_POINT('',(14.238358013439,541.05325898916));
#6948 = CARTESIAN_POINT('',(14.743819654753,541.05325898748));
#6949 = CARTESIAN_POINT('',(15.251854200167,541.05325898882));
#6950 = CARTESIAN_POINT('',(15.763003125844,541.05325898799));
#6951 = CARTESIAN_POINT('',(16.277825476852,541.05325898838));
#6952 = CARTESIAN_POINT('',(16.796902011516,541.05325898825));
#6953 = CARTESIAN_POINT('',(17.844777139478,541.05325898829));
#6954 = CARTESIAN_POINT('',(18.373575862286,541.05325898821));
#6955 = CARTESIAN_POINT('',(18.907842142411,541.05325898844));
#6956 = CARTESIAN_POINT('',(19.448212508611,541.05325898798));
#6957 = CARTESIAN_POINT('',(19.995342481873,541.05325898865));
#6958 = CARTESIAN_POINT('',(20.549951765243,541.05325898792));
#6959 = CARTESIAN_POINT('',(21.112756376441,541.05325898852));
#6960 = CARTESIAN_POINT('',(21.684579098838,541.05325898814));
#6961 = CARTESIAN_POINT('',(22.266246260045,541.05325898832));
#6962 = CARTESIAN_POINT('',(22.858688024521,541.05325898826));
#6963 = CARTESIAN_POINT('',(23.462894982269,541.05325898827));
#6964 = ( GEOMETRIC_REPRESENTATION_CONTEXT(2) 
PARAMETRIC_REPRESENTATION_CONTEXT() REPRESENTATION_CONTEXT('2D SPACE',''
  ) );
#6965 = ORIENTED_EDGE('',*,*,#6336,.F.);
#6966 = ADVANCED_FACE('',(#6967),#5224,.F.);
#6967 = FACE_BOUND('',#6968,.F.);
#6968 = EDGE_LOOP('',(#6969,#6970,#6971,#6972));
#6969 = ORIENTED_EDGE('',*,*,#6906,.T.);
#6970 = ORIENTED_EDGE('',*,*,#4999,.T.);
#6971 = ORIENTED_EDGE('',*,*,#5563,.F.);
#6972 = ORIENTED_EDGE('',*,*,#6212,.F.);
#6973 = ADVANCED_FACE('',(#6974),#5689,.F.);
#6974 = FACE_BOUND('',#6975,.F.);
#6975 = EDGE_LOOP('',(#6976,#6977,#6978,#6979));
#6976 = ORIENTED_EDGE('',*,*,#5672,.T.);
#6977 = ORIENTED_EDGE('',*,*,#5867,.T.);
#6978 = ORIENTED_EDGE('',*,*,#6823,.T.);
#6979 = ORIENTED_EDGE('',*,*,#6980,.T.);
#6980 = EDGE_CURVE('',#6800,#5673,#6981,.T.);
#6981 = SURFACE_CURVE('',#6982,(#6986,#6992),.PCURVE_S1.);
#6982 = LINE('',#6983,#6984);
#6983 = CARTESIAN_POINT('',(100.,39.,60.5));
#6984 = VECTOR('',#6985,1.);
#6985 = DIRECTION('',(0.,1.,0.));
#6986 = PCURVE('',#5689,#6987);
#6987 = DEFINITIONAL_REPRESENTATION('',(#6988),#6991);
#6988 = B_SPLINE_CURVE_WITH_KNOTS('',1,(#6989,#6990),.UNSPECIFIED.,.F.,
  .F.,(2,2),(0.,0.2),.PIECEWISE_BEZIER_KNOTS.);
#6989 = CARTESIAN_POINT('',(-0.5,3.));
#6990 = CARTESIAN_POINT('',(-0.5,3.2));
#6991 = ( GEOMETRIC_REPRESENTATION_CONTEXT(2) 
PARAMETRIC_REPRESENTATION_CONTEXT() REPRESENTATION_CONTEXT('2D SPACE',''
  ) );
#6992 = PCURVE('',#5716,#6993);
#6993 = DEFINITIONAL_REPRESENTATION('',(#6994),#6997);
#6994 = B_SPLINE_CURVE_WITH_KNOTS('',1,(#6995,#6996),.UNSPECIFIED.,.F.,
  .F.,(2,2),(0.,0.2),.PIECEWISE_BEZIER_KNOTS.);
#6995 = CARTESIAN_POINT('',(0.,-3.));
#6996 = CARTESIAN_POINT('',(0.,-2.8));
#6997 = ( GEOMETRIC_REPRESENTATION_CONTEXT(2) 
PARAMETRIC_REPRESENTATION_CONTEXT() REPRESENTATION_CONTEXT('2D SPACE',''
  ) );
#6998 = ADVANCED_FACE('',(#6999),#5716,.F.);
#6999 = FACE_BOUND('',#7000,.F.);
#7000 = EDGE_LOOP('',(#7001,#7002,#7003,#7004));
#7001 = ORIENTED_EDGE('',*,*,#6799,.T.);
#7002 = ORIENTED_EDGE('',*,*,#6843,.T.);
#7003 = ORIENTED_EDGE('',*,*,#5701,.T.);
#7004 = ORIENTED_EDGE('',*,*,#6980,.F.);
#7005 = ADVANCED_FACE('',(#7006),#5934,.F.);
#7006 = FACE_BOUND('',#7007,.F.);
#7007 = EDGE_LOOP('',(#7008,#7009,#7010,#7029));
#7008 = ORIENTED_EDGE('',*,*,#5917,.T.);
#7009 = ORIENTED_EDGE('',*,*,#6100,.T.);
#7010 = ORIENTED_EDGE('',*,*,#7011,.T.);
#7011 = EDGE_CURVE('',#6075,#6729,#7012,.T.);
#7012 = SURFACE_CURVE('',#7013,(#7017,#7023),.PCURVE_S1.);
#7013 = LINE('',#7014,#7015);
#7014 = CARTESIAN_POINT('',(100.,-39.,60.5));
#7015 = VECTOR('',#7016,1.);
#7016 = DIRECTION('',(0.,1.,0.));
#7017 = PCURVE('',#5934,#7018);
#7018 = DEFINITIONAL_REPRESENTATION('',(#7019),#7022);
#7019 = B_SPLINE_CURVE_WITH_KNOTS('',1,(#7020,#7021),.UNSPECIFIED.,.F.,
  .F.,(2,2),(-0.2,0.),.PIECEWISE_BEZIER_KNOTS.);
#7020 = CARTESIAN_POINT('',(-0.5,-3.2));
#7021 = CARTESIAN_POINT('',(-0.5,-3.));
#7022 = ( GEOMETRIC_REPRESENTATION_CONTEXT(2) 
PARAMETRIC_REPRESENTATION_CONTEXT() REPRESENTATION_CONTEXT('2D SPACE',''
  ) );
#7023 = PCURVE('',#6089,#7024);
#7024 = DEFINITIONAL_REPRESENTATION('',(#7025),#7028);
#7025 = B_SPLINE_CURVE_WITH_KNOTS('',1,(#7026,#7027),.UNSPECIFIED.,.F.,
  .F.,(2,2),(-0.2,0.),.PIECEWISE_BEZIER_KNOTS.);
#7026 = CARTESIAN_POINT('',(0.,2.8));
#7027 = CARTESIAN_POINT('',(0.,3.));
#7028 = ( GEOMETRIC_REPRESENTATION_CONTEXT(2) 
PARAMETRIC_REPRESENTATION_CONTEXT() REPRESENTATION_CONTEXT('2D SPACE',''
  ) );
#7029 = ORIENTED_EDGE('',*,*,#6728,.F.);
#7030 = ADVANCED_FACE('',(#7031),#6089,.F.);
#7031 = FACE_BOUND('',#7032,.F.);
#7032 = EDGE_LOOP('',(#7033,#7034,#7035,#7036));
#7033 = ORIENTED_EDGE('',*,*,#6705,.T.);
#7034 = ORIENTED_EDGE('',*,*,#6749,.T.);
#7035 = ORIENTED_EDGE('',*,*,#7011,.F.);
#7036 = ORIENTED_EDGE('',*,*,#6074,.F.);
#7037 = ADVANCED_FACE('',(#7038),#6588,.F.);
#7038 = FACE_BOUND('',#7039,.F.);
#7039 = EDGE_LOOP('',(#7040));
#7040 = ORIENTED_EDGE('',*,*,#6571,.T.);
#7041 = ADVANCED_FACE('',(#7042),#6643,.F.);
#7042 = FACE_BOUND('',#7043,.F.);
#7043 = EDGE_LOOP('',(#7044));
#7044 = ORIENTED_EDGE('',*,*,#6626,.T.);
#7045 = ( GEOMETRIC_REPRESENTATION_CONTEXT(3) 
GLOBAL_UNCERTAINTY_ASSIGNED_CONTEXT((#7049)) 
GLOBAL_UNIT_ASSIGNED_CONTEXT((#7046,#7047,#7048)) REPRESENTATION_CONTEXT
('Context #1','3D Context with UNIT and UNCERTAINTY') );
#7046 = ( LENGTH_UNIT() NAMED_UNIT(*) SI_UNIT(.MILLI.,.METRE.) );
#7047 = ( NAMED_UNIT(*) PLANE_ANGLE_UNIT() SI_UNIT($,.RADIAN.) );
#7048 = ( NAMED_UNIT(*) SI_UNIT($,.STERADIAN.) SOLID_ANGLE_UNIT() );
#7049 = UNCERTAINTY_MEASURE_WITH_UNIT(LENGTH_MEASURE(1.E-05),#7046,
  'distance_accuracy_value','confusion accuracy');
#7050 = CONTEXT_DEPENDENT_SHAPE_REPRESENTATION(#7051,#7053);
#7051 = ( REPRESENTATION_RELATIONSHIP('','',#3348,#10) 
REPRESENTATION_RELATIONSHIP_WITH_TRANSFORMATION(#7052) 
SHAPE_REPRESENTATION_RELATIONSHIP() );
#7052 = ITEM_DEFINED_TRANSFORMATION('','',#11,#19);
#7053 = PRODUCT_DEFINITION_SHAPE('Placement','Placement of an item',
  #7054);
#7054 = NEXT_ASSEMBLY_USAGE_OCCURRENCE('2','split_v2_end_cap','',#5,
  #3343,$);
#7055 = PRODUCT_RELATED_PRODUCT_CATEGORY('part',$,(#3345));
#7056 = SHAPE_DEFINITION_REPRESENTATION(#7057,#7063);
#7057 = PRODUCT_DEFINITION_SHAPE('','',#7058);
#7058 = PRODUCT_DEFINITION('design','',#7059,#7062);
#7059 = PRODUCT_DEFINITION_FORMATION('','',#7060);
#7060 = PRODUCT('split_v2_structural_service_panel',
  'split_v2_structural_service_panel','',(#7061));
#7061 = PRODUCT_CONTEXT('',#2,'mechanical');
#7062 = PRODUCT_DEFINITION_CONTEXT('part definition',#2,'design');
#7063 = ADVANCED_BREP_SHAPE_REPRESENTATION('',(#11,#7064),#9694);
#7064 = MANIFOLD_SOLID_BREP('',#7065);
#7065 = CLOSED_SHELL('',(#7066,#7186,#7732,#7782,#7836,#8085,#8112,#8139
    ,#8166,#8193,#8200,#8255,#8310,#8365,#8442,#8491,#8545,#8594,#8644,
    #8693,#8747,#8774,#8829,#8879,#8929,#8979,#9029,#9036,#9043,#9050,
    #9283,#9290,#9367,#9414,#9464,#9511,#9561,#9608,#9658,#9683));
#7066 = ADVANCED_FACE('',(#7067),#7081,.F.);
#7067 = FACE_BOUND('',#7068,.F.);
#7068 = EDGE_LOOP('',(#7069,#7104,#7132,#7160));
#7069 = ORIENTED_EDGE('',*,*,#7070,.F.);
#7070 = EDGE_CURVE('',#7071,#7073,#7075,.T.);
#7071 = VERTEX_POINT('',#7072);
#7072 = CARTESIAN_POINT('',(-120.,-54.,4.));
#7073 = VERTEX_POINT('',#7074);
#7074 = CARTESIAN_POINT('',(-120.,54.,4.));
#7075 = SURFACE_CURVE('',#7076,(#7080,#7092),.PCURVE_S1.);
#7076 = LINE('',#7077,#7078);
#7077 = CARTESIAN_POINT('',(-120.,-66.,4.));
#7078 = VECTOR('',#7079,1.);
#7079 = DIRECTION('',(-0.,1.,0.));
#7080 = PCURVE('',#7081,#7086);
#7081 = PLANE('',#7082);
#7082 = AXIS2_PLACEMENT_3D('',#7083,#7084,#7085);
#7083 = CARTESIAN_POINT('',(-120.,-66.,0.));
#7084 = DIRECTION('',(1.,0.,-0.));
#7085 = DIRECTION('',(0.,0.,1.));
#7086 = DEFINITIONAL_REPRESENTATION('',(#7087),#7091);
#7087 = LINE('',#7088,#7089);
#7088 = CARTESIAN_POINT('',(4.,0.));
#7089 = VECTOR('',#7090,1.);
#7090 = DIRECTION('',(0.,-1.));
#7091 = ( GEOMETRIC_REPRESENTATION_CONTEXT(2) 
PARAMETRIC_REPRESENTATION_CONTEXT() REPRESENTATION_CONTEXT('2D SPACE',''
  ) );
#7092 = PCURVE('',#7093,#7098);
#7093 = PLANE('',#7094);
#7094 = AXIS2_PLACEMENT_3D('',#7095,#7096,#7097);
#7095 = CARTESIAN_POINT('',(-120.,-66.,4.));
#7096 = DIRECTION('',(0.,0.,1.));
#7097 = DIRECTION('',(1.,0.,-0.));
#7098 = DEFINITIONAL_REPRESENTATION('',(#7099),#7103);
#7099 = LINE('',#7100,#7101);
#7100 = CARTESIAN_POINT('',(0.,0.));
#7101 = VECTOR('',#7102,1.);
#7102 = DIRECTION('',(0.,1.));
#7103 = ( GEOMETRIC_REPRESENTATION_CONTEXT(2) 
PARAMETRIC_REPRESENTATION_CONTEXT() REPRESENTATION_CONTEXT('2D SPACE',''
  ) );
#7104 = ORIENTED_EDGE('',*,*,#7105,.F.);
#7105 = EDGE_CURVE('',#7106,#7071,#7108,.T.);
#7106 = VERTEX_POINT('',#7107);
#7107 = CARTESIAN_POINT('',(-120.,-54.,0.));
#7108 = SURFACE_CURVE('',#7109,(#7113,#7120),.PCURVE_S1.);
#7109 = LINE('',#7110,#7111);
#7110 = CARTESIAN_POINT('',(-120.,-54.,0.));
#7111 = VECTOR('',#7112,1.);
#7112 = DIRECTION('',(0.,0.,1.));
#7113 = PCURVE('',#7081,#7114);
#7114 = DEFINITIONAL_REPRESENTATION('',(#7115),#7119);
#7115 = LINE('',#7116,#7117);
#7116 = CARTESIAN_POINT('',(0.,-12.));
#7117 = VECTOR('',#7118,1.);
#7118 = DIRECTION('',(1.,0.));
#7119 = ( GEOMETRIC_REPRESENTATION_CONTEXT(2) 
PARAMETRIC_REPRESENTATION_CONTEXT() REPRESENTATION_CONTEXT('2D SPACE',''
  ) );
#7120 = PCURVE('',#7121,#7126);
#7121 = CYLINDRICAL_SURFACE('',#7122,12.);
#7122 = AXIS2_PLACEMENT_3D('',#7123,#7124,#7125);
#7123 = CARTESIAN_POINT('',(-108.,-54.,0.));
#7124 = DIRECTION('',(0.,0.,1.));
#7125 = DIRECTION('',(-1.,-0.,0.));
#7126 = DEFINITIONAL_REPRESENTATION('',(#7127),#7131);
#7127 = LINE('',#7128,#7129);
#7128 = CARTESIAN_POINT('',(0.,0.));
#7129 = VECTOR('',#7130,1.);
#7130 = DIRECTION('',(0.,1.));
#7131 = ( GEOMETRIC_REPRESENTATION_CONTEXT(2) 
PARAMETRIC_REPRESENTATION_CONTEXT() REPRESENTATION_CONTEXT('2D SPACE',''
  ) );
#7132 = ORIENTED_EDGE('',*,*,#7133,.T.);
#7133 = EDGE_CURVE('',#7106,#7134,#7136,.T.);
#7134 = VERTEX_POINT('',#7135);
#7135 = CARTESIAN_POINT('',(-120.,54.,0.));
#7136 = SURFACE_CURVE('',#7137,(#7141,#7148),.PCURVE_S1.);
#7137 = LINE('',#7138,#7139);
#7138 = CARTESIAN_POINT('',(-120.,-66.,0.));
#7139 = VECTOR('',#7140,1.);
#7140 = DIRECTION('',(-0.,1.,0.));
#7141 = PCURVE('',#7081,#7142);
#7142 = DEFINITIONAL_REPRESENTATION('',(#7143),#7147);
#7143 = LINE('',#7144,#7145);
#7144 = CARTESIAN_POINT('',(0.,0.));
#7145 = VECTOR('',#7146,1.);
#7146 = DIRECTION('',(0.,-1.));
#7147 = ( GEOMETRIC_REPRESENTATION_CONTEXT(2) 
PARAMETRIC_REPRESENTATION_CONTEXT() REPRESENTATION_CONTEXT('2D SPACE',''
  ) );
#7148 = PCURVE('',#7149,#7154);
#7149 = PLANE('',#7150);
#7150 = AXIS2_PLACEMENT_3D('',#7151,#7152,#7153);
#7151 = CARTESIAN_POINT('',(-120.,-66.,0.));
#7152 = DIRECTION('',(0.,0.,1.));
#7153 = DIRECTION('',(1.,0.,-0.));
#7154 = DEFINITIONAL_REPRESENTATION('',(#7155),#7159);
#7155 = LINE('',#7156,#7157);
#7156 = CARTESIAN_POINT('',(0.,0.));
#7157 = VECTOR('',#7158,1.);
#7158 = DIRECTION('',(0.,1.));
#7159 = ( GEOMETRIC_REPRESENTATION_CONTEXT(2) 
PARAMETRIC_REPRESENTATION_CONTEXT() REPRESENTATION_CONTEXT('2D SPACE',''
  ) );
#7160 = ORIENTED_EDGE('',*,*,#7161,.T.);
#7161 = EDGE_CURVE('',#7134,#7073,#7162,.T.);
#7162 = SURFACE_CURVE('',#7163,(#7167,#7174),.PCURVE_S1.);
#7163 = LINE('',#7164,#7165);
#7164 = CARTESIAN_POINT('',(-120.,54.,0.));
#7165 = VECTOR('',#7166,1.);
#7166 = DIRECTION('',(0.,0.,1.));
#7167 = PCURVE('',#7081,#7168);
#7168 = DEFINITIONAL_REPRESENTATION('',(#7169),#7173);
#7169 = LINE('',#7170,#7171);
#7170 = CARTESIAN_POINT('',(0.,-120.));
#7171 = VECTOR('',#7172,1.);
#7172 = DIRECTION('',(1.,0.));
#7173 = ( GEOMETRIC_REPRESENTATION_CONTEXT(2) 
PARAMETRIC_REPRESENTATION_CONTEXT() REPRESENTATION_CONTEXT('2D SPACE',''
  ) );
#7174 = PCURVE('',#7175,#7180);
#7175 = CYLINDRICAL_SURFACE('',#7176,12.);
#7176 = AXIS2_PLACEMENT_3D('',#7177,#7178,#7179);
#7177 = CARTESIAN_POINT('',(-108.,54.,0.));
#7178 = DIRECTION('',(0.,0.,1.));
#7179 = DIRECTION('',(-1.,-0.,0.));
#7180 = DEFINITIONAL_REPRESENTATION('',(#7181),#7185);
#7181 = LINE('',#7182,#7183);
#7182 = CARTESIAN_POINT('',(-0.,0.));
#7183 = VECTOR('',#7184,1.);
#7184 = DIRECTION('',(-0.,1.));
#7185 = ( GEOMETRIC_REPRESENTATION_CONTEXT(2) 
PARAMETRIC_REPRESENTATION_CONTEXT() REPRESENTATION_CONTEXT('2D SPACE',''
  ) );
#7186 = ADVANCED_FACE('',(#7187,#7386,#7417,#7448,#7479,#7701),#7093,.T.
  );
#7187 = FACE_BOUND('',#7188,.T.);
#7188 = EDGE_LOOP('',(#7189,#7190,#7214,#7242,#7275,#7303,#7332,#7360));
#7189 = ORIENTED_EDGE('',*,*,#7070,.F.);
#7190 = ORIENTED_EDGE('',*,*,#7191,.T.);
#7191 = EDGE_CURVE('',#7071,#7192,#7194,.T.);
#7192 = VERTEX_POINT('',#7193);
#7193 = CARTESIAN_POINT('',(-108.,-66.,4.));
#7194 = SURFACE_CURVE('',#7195,(#7200,#7207),.PCURVE_S1.);
#7195 = CIRCLE('',#7196,12.);
#7196 = AXIS2_PLACEMENT_3D('',#7197,#7198,#7199);
#7197 = CARTESIAN_POINT('',(-108.,-54.,4.));
#7198 = DIRECTION('',(0.,0.,1.));
#7199 = DIRECTION('',(0.,-1.,0.));
#7200 = PCURVE('',#7093,#7201);
#7201 = DEFINITIONAL_REPRESENTATION('',(#7202),#7206);
#7202 = CIRCLE('',#7203,12.);
#7203 = AXIS2_PLACEMENT_2D('',#7204,#7205);
#7204 = CARTESIAN_POINT('',(12.,12.));
#7205 = DIRECTION('',(0.,-1.));
#7206 = ( GEOMETRIC_REPRESENTATION_CONTEXT(2) 
PARAMETRIC_REPRESENTATION_CONTEXT() REPRESENTATION_CONTEXT('2D SPACE',''
  ) );
#7207 = PCURVE('',#7121,#7208);
#7208 = DEFINITIONAL_REPRESENTATION('',(#7209),#7213);
#7209 = LINE('',#7210,#7211);
#7210 = CARTESIAN_POINT('',(-4.712388980385,4.));
#7211 = VECTOR('',#7212,1.);
#7212 = DIRECTION('',(1.,0.));
#7213 = ( GEOMETRIC_REPRESENTATION_CONTEXT(2) 
PARAMETRIC_REPRESENTATION_CONTEXT() REPRESENTATION_CONTEXT('2D SPACE',''
  ) );
#7214 = ORIENTED_EDGE('',*,*,#7215,.T.);
#7215 = EDGE_CURVE('',#7192,#7216,#7218,.T.);
#7216 = VERTEX_POINT('',#7217);
#7217 = CARTESIAN_POINT('',(108.,-66.,4.));
#7218 = SURFACE_CURVE('',#7219,(#7223,#7230),.PCURVE_S1.);
#7219 = LINE('',#7220,#7221);
#7220 = CARTESIAN_POINT('',(-120.,-66.,4.));
#7221 = VECTOR('',#7222,1.);
#7222 = DIRECTION('',(1.,0.,-0.));
#7223 = PCURVE('',#7093,#7224);
#7224 = DEFINITIONAL_REPRESENTATION('',(#7225),#7229);
#7225 = LINE('',#7226,#7227);
#7226 = CARTESIAN_POINT('',(0.,0.));
#7227 = VECTOR('',#7228,1.);
#7228 = DIRECTION('',(1.,0.));
#7229 = ( GEOMETRIC_REPRESENTATION_CONTEXT(2) 
PARAMETRIC_REPRESENTATION_CONTEXT() REPRESENTATION_CONTEXT('2D SPACE',''
  ) );
#7230 = PCURVE('',#7231,#7236);
#7231 = PLANE('',#7232);
#7232 = AXIS2_PLACEMENT_3D('',#7233,#7234,#7235);
#7233 = CARTESIAN_POINT('',(-120.,-66.,0.));
#7234 = DIRECTION('',(-0.,1.,0.));
#7235 = DIRECTION('',(0.,0.,1.));
#7236 = DEFINITIONAL_REPRESENTATION('',(#7237),#7241);
#7237 = LINE('',#7238,#7239);
#7238 = CARTESIAN_POINT('',(4.,0.));
#7239 = VECTOR('',#7240,1.);
#7240 = DIRECTION('',(0.,1.));
#7241 = ( GEOMETRIC_REPRESENTATION_CONTEXT(2) 
PARAMETRIC_REPRESENTATION_CONTEXT() REPRESENTATION_CONTEXT('2D SPACE',''
  ) );
#7242 = ORIENTED_EDGE('',*,*,#7243,.F.);
#7243 = EDGE_CURVE('',#7244,#7216,#7246,.T.);
#7244 = VERTEX_POINT('',#7245);
#7245 = CARTESIAN_POINT('',(120.,-54.,4.));
#7246 = SURFACE_CURVE('',#7247,(#7252,#7263),.PCURVE_S1.);
#7247 = CIRCLE('',#7248,12.);
#7248 = AXIS2_PLACEMENT_3D('',#7249,#7250,#7251);
#7249 = CARTESIAN_POINT('',(108.,-54.,4.));
#7250 = DIRECTION('',(-0.,-0.,-1.));
#7251 = DIRECTION('',(0.,-1.,0.));
#7252 = PCURVE('',#7093,#7253);
#7253 = DEFINITIONAL_REPRESENTATION('',(#7254),#7262);
#7254 = ( BOUNDED_CURVE() B_SPLINE_CURVE(2,(#7255,#7256,#7257,#7258,
#7259,#7260,#7261),.UNSPECIFIED.,.T.,.F.) B_SPLINE_CURVE_WITH_KNOTS((1,2
    ,2,2,2,1),(-2.094395102393,0.,2.094395102393,4.188790204786,
6.28318530718,8.377580409573),.UNSPECIFIED.) CURVE() 
GEOMETRIC_REPRESENTATION_ITEM() RATIONAL_B_SPLINE_CURVE((1.,0.5,1.,0.5,
1.,0.5,1.)) REPRESENTATION_ITEM('') );
#7255 = CARTESIAN_POINT('',(228.,0.));
#7256 = CARTESIAN_POINT('',(207.21539030917,0.));
#7257 = CARTESIAN_POINT('',(217.60769515458,18.));
#7258 = CARTESIAN_POINT('',(228.,36.));
#7259 = CARTESIAN_POINT('',(238.39230484541,18.));
#7260 = CARTESIAN_POINT('',(248.78460969082,1.7763568394E-14));
#7261 = CARTESIAN_POINT('',(228.,0.));
#7262 = ( GEOMETRIC_REPRESENTATION_CONTEXT(2) 
PARAMETRIC_REPRESENTATION_CONTEXT() REPRESENTATION_CONTEXT('2D SPACE',''
  ) );
#7263 = PCURVE('',#7264,#7269);
#7264 = CYLINDRICAL_SURFACE('',#7265,12.);
#7265 = AXIS2_PLACEMENT_3D('',#7266,#7267,#7268);
#7266 = CARTESIAN_POINT('',(108.,-54.,0.));
#7267 = DIRECTION('',(0.,0.,1.));
#7268 = DIRECTION('',(1.,0.,-0.));
#7269 = DEFINITIONAL_REPRESENTATION('',(#7270),#7274);
#7270 = LINE('',#7271,#7272);
#7271 = CARTESIAN_POINT('',(4.712388980385,4.));
#7272 = VECTOR('',#7273,1.);
#7273 = DIRECTION('',(-1.,0.));
#7274 = ( GEOMETRIC_REPRESENTATION_CONTEXT(2) 
PARAMETRIC_REPRESENTATION_CONTEXT() REPRESENTATION_CONTEXT('2D SPACE',''
  ) );
#7275 = ORIENTED_EDGE('',*,*,#7276,.T.);
#7276 = EDGE_CURVE('',#7244,#7277,#7279,.T.);
#7277 = VERTEX_POINT('',#7278);
#7278 = CARTESIAN_POINT('',(120.,54.,4.));
#7279 = SURFACE_CURVE('',#7280,(#7284,#7291),.PCURVE_S1.);
#7280 = LINE('',#7281,#7282);
#7281 = CARTESIAN_POINT('',(120.,-66.,4.));
#7282 = VECTOR('',#7283,1.);
#7283 = DIRECTION('',(-0.,1.,0.));
#7284 = PCURVE('',#7093,#7285);
#7285 = DEFINITIONAL_REPRESENTATION('',(#7286),#7290);
#7286 = LINE('',#7287,#7288);
#7287 = CARTESIAN_POINT('',(240.,0.));
#7288 = VECTOR('',#7289,1.);
#7289 = DIRECTION('',(0.,1.));
#7290 = ( GEOMETRIC_REPRESENTATION_CONTEXT(2) 
PARAMETRIC_REPRESENTATION_CONTEXT() REPRESENTATION_CONTEXT('2D SPACE',''
  ) );
#7291 = PCURVE('',#7292,#7297);
#7292 = PLANE('',#7293);
#7293 = AXIS2_PLACEMENT_3D('',#7294,#7295,#7296);
#7294 = CARTESIAN_POINT('',(120.,-66.,0.));
#7295 = DIRECTION('',(1.,0.,-0.));
#7296 = DIRECTION('',(0.,0.,1.));
#7297 = DEFINITIONAL_REPRESENTATION('',(#7298),#7302);
#7298 = LINE('',#7299,#7300);
#7299 = CARTESIAN_POINT('',(4.,0.));
#7300 = VECTOR('',#7301,1.);
#7301 = DIRECTION('',(0.,-1.));
#7302 = ( GEOMETRIC_REPRESENTATION_CONTEXT(2) 
PARAMETRIC_REPRESENTATION_CONTEXT() REPRESENTATION_CONTEXT('2D SPACE',''
  ) );
#7303 = ORIENTED_EDGE('',*,*,#7304,.T.);
#7304 = EDGE_CURVE('',#7277,#7305,#7307,.T.);
#7305 = VERTEX_POINT('',#7306);
#7306 = CARTESIAN_POINT('',(108.,66.,4.));
#7307 = SURFACE_CURVE('',#7308,(#7313,#7320),.PCURVE_S1.);
#7308 = CIRCLE('',#7309,12.);
#7309 = AXIS2_PLACEMENT_3D('',#7310,#7311,#7312);
#7310 = CARTESIAN_POINT('',(108.,54.,4.));
#7311 = DIRECTION('',(0.,0.,1.));
#7312 = DIRECTION('',(0.,-1.,0.));
#7313 = PCURVE('',#7093,#7314);
#7314 = DEFINITIONAL_REPRESENTATION('',(#7315),#7319);
#7315 = CIRCLE('',#7316,12.);
#7316 = AXIS2_PLACEMENT_2D('',#7317,#7318);
#7317 = CARTESIAN_POINT('',(228.,120.));
#7318 = DIRECTION('',(0.,-1.));
#7319 = ( GEOMETRIC_REPRESENTATION_CONTEXT(2) 
PARAMETRIC_REPRESENTATION_CONTEXT() REPRESENTATION_CONTEXT('2D SPACE',''
  ) );
#7320 = PCURVE('',#7321,#7326);
#7321 = CYLINDRICAL_SURFACE('',#7322,12.);
#7322 = AXIS2_PLACEMENT_3D('',#7323,#7324,#7325);
#7323 = CARTESIAN_POINT('',(108.,54.,0.));
#7324 = DIRECTION('',(0.,0.,1.));
#7325 = DIRECTION('',(1.,0.,-0.));
#7326 = DEFINITIONAL_REPRESENTATION('',(#7327),#7331);
#7327 = LINE('',#7328,#7329);
#7328 = CARTESIAN_POINT('',(-1.570796326795,4.));
#7329 = VECTOR('',#7330,1.);
#7330 = DIRECTION('',(1.,0.));
#7331 = ( GEOMETRIC_REPRESENTATION_CONTEXT(2) 
PARAMETRIC_REPRESENTATION_CONTEXT() REPRESENTATION_CONTEXT('2D SPACE',''
  ) );
#7332 = ORIENTED_EDGE('',*,*,#7333,.F.);
#7333 = EDGE_CURVE('',#7334,#7305,#7336,.T.);
#7334 = VERTEX_POINT('',#7335);
#7335 = CARTESIAN_POINT('',(-108.,66.,4.));
#7336 = SURFACE_CURVE('',#7337,(#7341,#7348),.PCURVE_S1.);
#7337 = LINE('',#7338,#7339);
#7338 = CARTESIAN_POINT('',(-120.,66.,4.));
#7339 = VECTOR('',#7340,1.);
#7340 = DIRECTION('',(1.,0.,-0.));
#7341 = PCURVE('',#7093,#7342);
#7342 = DEFINITIONAL_REPRESENTATION('',(#7343),#7347);
#7343 = LINE('',#7344,#7345);
#7344 = CARTESIAN_POINT('',(0.,132.));
#7345 = VECTOR('',#7346,1.);
#7346 = DIRECTION('',(1.,0.));
#7347 = ( GEOMETRIC_REPRESENTATION_CONTEXT(2) 
PARAMETRIC_REPRESENTATION_CONTEXT() REPRESENTATION_CONTEXT('2D SPACE',''
  ) );
#7348 = PCURVE('',#7349,#7354);
#7349 = PLANE('',#7350);
#7350 = AXIS2_PLACEMENT_3D('',#7351,#7352,#7353);
#7351 = CARTESIAN_POINT('',(-120.,66.,0.));
#7352 = DIRECTION('',(-0.,1.,0.));
#7353 = DIRECTION('',(0.,0.,1.));
#7354 = DEFINITIONAL_REPRESENTATION('',(#7355),#7359);
#7355 = LINE('',#7356,#7357);
#7356 = CARTESIAN_POINT('',(4.,0.));
#7357 = VECTOR('',#7358,1.);
#7358 = DIRECTION('',(0.,1.));
#7359 = ( GEOMETRIC_REPRESENTATION_CONTEXT(2) 
PARAMETRIC_REPRESENTATION_CONTEXT() REPRESENTATION_CONTEXT('2D SPACE',''
  ) );
#7360 = ORIENTED_EDGE('',*,*,#7361,.F.);
#7361 = EDGE_CURVE('',#7073,#7334,#7362,.T.);
#7362 = SURFACE_CURVE('',#7363,(#7368,#7379),.PCURVE_S1.);
#7363 = CIRCLE('',#7364,12.);
#7364 = AXIS2_PLACEMENT_3D('',#7365,#7366,#7367);
#7365 = CARTESIAN_POINT('',(-108.,54.,4.));
#7366 = DIRECTION('',(-0.,-0.,-1.));
#7367 = DIRECTION('',(0.,-1.,0.));
#7368 = PCURVE('',#7093,#7369);
#7369 = DEFINITIONAL_REPRESENTATION('',(#7370),#7378);
#7370 = ( BOUNDED_CURVE() B_SPLINE_CURVE(2,(#7371,#7372,#7373,#7374,
#7375,#7376,#7377),.UNSPECIFIED.,.T.,.F.) B_SPLINE_CURVE_WITH_KNOTS((1,2
    ,2,2,2,1),(-2.094395102393,0.,2.094395102393,4.188790204786,
6.28318530718,8.377580409573),.UNSPECIFIED.) CURVE() 
GEOMETRIC_REPRESENTATION_ITEM() RATIONAL_B_SPLINE_CURVE((1.,0.5,1.,0.5,
1.,0.5,1.)) REPRESENTATION_ITEM('') );
#7371 = CARTESIAN_POINT('',(12.,108.));
#7372 = CARTESIAN_POINT('',(-8.784609690827,108.));
#7373 = CARTESIAN_POINT('',(1.607695154587,126.));
#7374 = CARTESIAN_POINT('',(12.,144.));
#7375 = CARTESIAN_POINT('',(22.392304845413,126.));
#7376 = CARTESIAN_POINT('',(32.784609690827,108.));
#7377 = CARTESIAN_POINT('',(12.,108.));
#7378 = ( GEOMETRIC_REPRESENTATION_CONTEXT(2) 
PARAMETRIC_REPRESENTATION_CONTEXT() REPRESENTATION_CONTEXT('2D SPACE',''
  ) );
#7379 = PCURVE('',#7175,#7380);
#7380 = DEFINITIONAL_REPRESENTATION('',(#7381),#7385);
#7381 = LINE('',#7382,#7383);
#7382 = CARTESIAN_POINT('',(1.570796326795,4.));
#7383 = VECTOR('',#7384,1.);
#7384 = DIRECTION('',(-1.,0.));
#7385 = ( GEOMETRIC_REPRESENTATION_CONTEXT(2) 
PARAMETRIC_REPRESENTATION_CONTEXT() REPRESENTATION_CONTEXT('2D SPACE',''
  ) );
#7386 = FACE_BOUND('',#7387,.T.);
#7387 = EDGE_LOOP('',(#7388));
#7388 = ORIENTED_EDGE('',*,*,#7389,.F.);
#7389 = EDGE_CURVE('',#7390,#7390,#7392,.T.);
#7390 = VERTEX_POINT('',#7391);
#7391 = CARTESIAN_POINT('',(-103.3,-61.,4.));
#7392 = SURFACE_CURVE('',#7393,(#7398,#7405),.PCURVE_S1.);
#7393 = CIRCLE('',#7394,1.7);
#7394 = AXIS2_PLACEMENT_3D('',#7395,#7396,#7397);
#7395 = CARTESIAN_POINT('',(-105.,-61.,4.));
#7396 = DIRECTION('',(0.,0.,1.));
#7397 = DIRECTION('',(1.,0.,-0.));
#7398 = PCURVE('',#7093,#7399);
#7399 = DEFINITIONAL_REPRESENTATION('',(#7400),#7404);
#7400 = CIRCLE('',#7401,1.7);
#7401 = AXIS2_PLACEMENT_2D('',#7402,#7403);
#7402 = CARTESIAN_POINT('',(15.,5.));
#7403 = DIRECTION('',(1.,0.));
#7404 = ( GEOMETRIC_REPRESENTATION_CONTEXT(2) 
PARAMETRIC_REPRESENTATION_CONTEXT() REPRESENTATION_CONTEXT('2D SPACE',''
  ) );
#7405 = PCURVE('',#7406,#7411);
#7406 = CYLINDRICAL_SURFACE('',#7407,1.7);
#7407 = AXIS2_PLACEMENT_3D('',#7408,#7409,#7410);
#7408 = CARTESIAN_POINT('',(-105.,-61.,-1.));
#7409 = DIRECTION('',(0.,0.,1.));
#7410 = DIRECTION('',(1.,0.,-0.));
#7411 = DEFINITIONAL_REPRESENTATION('',(#7412),#7416);
#7412 = LINE('',#7413,#7414);
#7413 = CARTESIAN_POINT('',(0.,5.));
#7414 = VECTOR('',#7415,1.);
#7415 = DIRECTION('',(1.,0.));
#7416 = ( GEOMETRIC_REPRESENTATION_CONTEXT(2) 
PARAMETRIC_REPRESENTATION_CONTEXT() REPRESENTATION_CONTEXT('2D SPACE',''
  ) );
#7417 = FACE_BOUND('',#7418,.T.);
#7418 = EDGE_LOOP('',(#7419));
#7419 = ORIENTED_EDGE('',*,*,#7420,.F.);
#7420 = EDGE_CURVE('',#7421,#7421,#7423,.T.);
#7421 = VERTEX_POINT('',#7422);
#7422 = CARTESIAN_POINT('',(106.7,-61.,4.));
#7423 = SURFACE_CURVE('',#7424,(#7429,#7436),.PCURVE_S1.);
#7424 = CIRCLE('',#7425,1.7);
#7425 = AXIS2_PLACEMENT_3D('',#7426,#7427,#7428);
#7426 = CARTESIAN_POINT('',(105.,-61.,4.));
#7427 = DIRECTION('',(0.,0.,1.));
#7428 = DIRECTION('',(1.,0.,-0.));
#7429 = PCURVE('',#7093,#7430);
#7430 = DEFINITIONAL_REPRESENTATION('',(#7431),#7435);
#7431 = CIRCLE('',#7432,1.7);
#7432 = AXIS2_PLACEMENT_2D('',#7433,#7434);
#7433 = CARTESIAN_POINT('',(225.,5.));
#7434 = DIRECTION('',(1.,0.));
#7435 = ( GEOMETRIC_REPRESENTATION_CONTEXT(2) 
PARAMETRIC_REPRESENTATION_CONTEXT() REPRESENTATION_CONTEXT('2D SPACE',''
  ) );
#7436 = PCURVE('',#7437,#7442);
#7437 = CYLINDRICAL_SURFACE('',#7438,1.7);
#7438 = AXIS2_PLACEMENT_3D('',#7439,#7440,#7441);
#7439 = CARTESIAN_POINT('',(105.,-61.,-1.));
#7440 = DIRECTION('',(0.,0.,1.));
#7441 = DIRECTION('',(1.,0.,-0.));
#7442 = DEFINITIONAL_REPRESENTATION('',(#7443),#7447);
#7443 = LINE('',#7444,#7445);
#7444 = CARTESIAN_POINT('',(0.,5.));
#7445 = VECTOR('',#7446,1.);
#7446 = DIRECTION('',(1.,0.));
#7447 = ( GEOMETRIC_REPRESENTATION_CONTEXT(2) 
PARAMETRIC_REPRESENTATION_CONTEXT() REPRESENTATION_CONTEXT('2D SPACE',''
  ) );
#7448 = FACE_BOUND('',#7449,.T.);
#7449 = EDGE_LOOP('',(#7450));
#7450 = ORIENTED_EDGE('',*,*,#7451,.F.);
#7451 = EDGE_CURVE('',#7452,#7452,#7454,.T.);
#7452 = VERTEX_POINT('',#7453);
#7453 = CARTESIAN_POINT('',(-103.3,61.,4.));
#7454 = SURFACE_CURVE('',#7455,(#7460,#7467),.PCURVE_S1.);
#7455 = CIRCLE('',#7456,1.7);
#7456 = AXIS2_PLACEMENT_3D('',#7457,#7458,#7459);
#7457 = CARTESIAN_POINT('',(-105.,61.,4.));
#7458 = DIRECTION('',(0.,0.,1.));
#7459 = DIRECTION('',(1.,0.,-0.));
#7460 = PCURVE('',#7093,#7461);
#7461 = DEFINITIONAL_REPRESENTATION('',(#7462),#7466);
#7462 = CIRCLE('',#7463,1.7);
#7463 = AXIS2_PLACEMENT_2D('',#7464,#7465);
#7464 = CARTESIAN_POINT('',(15.,127.));
#7465 = DIRECTION('',(1.,0.));
#7466 = ( GEOMETRIC_REPRESENTATION_CONTEXT(2) 
PARAMETRIC_REPRESENTATION_CONTEXT() REPRESENTATION_CONTEXT('2D SPACE',''
  ) );
#7467 = PCURVE('',#7468,#7473);
#7468 = CYLINDRICAL_SURFACE('',#7469,1.7);
#7469 = AXIS2_PLACEMENT_3D('',#7470,#7471,#7472);
#7470 = CARTESIAN_POINT('',(-105.,61.,-1.));
#7471 = DIRECTION('',(0.,0.,1.));
#7472 = DIRECTION('',(1.,0.,-0.));
#7473 = DEFINITIONAL_REPRESENTATION('',(#7474),#7478);
#7474 = LINE('',#7475,#7476);
#7475 = CARTESIAN_POINT('',(0.,5.));
#7476 = VECTOR('',#7477,1.);
#7477 = DIRECTION('',(1.,0.));
#7478 = ( GEOMETRIC_REPRESENTATION_CONTEXT(2) 
PARAMETRIC_REPRESENTATION_CONTEXT() REPRESENTATION_CONTEXT('2D SPACE',''
  ) );
#7479 = FACE_BOUND('',#7480,.T.);
#7480 = EDGE_LOOP('',(#7481,#7512,#7538,#7567,#7593,#7622,#7648,#7677));
#7481 = ORIENTED_EDGE('',*,*,#7482,.F.);
#7482 = EDGE_CURVE('',#7483,#7485,#7487,.T.);
#7483 = VERTEX_POINT('',#7484);
#7484 = CARTESIAN_POINT('',(-113.,-46.,4.));
#7485 = VERTEX_POINT('',#7486);
#7486 = CARTESIAN_POINT('',(-100.,-59.,4.));
#7487 = SURFACE_CURVE('',#7488,(#7493,#7500),.PCURVE_S1.);
#7488 = CIRCLE('',#7489,13.);
#7489 = AXIS2_PLACEMENT_3D('',#7490,#7491,#7492);
#7490 = CARTESIAN_POINT('',(-100.,-46.,4.));
#7491 = DIRECTION('',(0.,0.,1.));
#7492 = DIRECTION('',(-1.,-0.,0.));
#7493 = PCURVE('',#7093,#7494);
#7494 = DEFINITIONAL_REPRESENTATION('',(#7495),#7499);
#7495 = CIRCLE('',#7496,13.);
#7496 = AXIS2_PLACEMENT_2D('',#7497,#7498);
#7497 = CARTESIAN_POINT('',(20.,20.));
#7498 = DIRECTION('',(-1.,0.));
#7499 = ( GEOMETRIC_REPRESENTATION_CONTEXT(2) 
PARAMETRIC_REPRESENTATION_CONTEXT() REPRESENTATION_CONTEXT('2D SPACE',''
  ) );
#7500 = PCURVE('',#7501,#7506);
#7501 = CYLINDRICAL_SURFACE('',#7502,13.);
#7502 = AXIS2_PLACEMENT_3D('',#7503,#7504,#7505);
#7503 = CARTESIAN_POINT('',(-100.,-46.,3.4));
#7504 = DIRECTION('',(0.,0.,1.));
#7505 = DIRECTION('',(-1.,-0.,0.));
#7506 = DEFINITIONAL_REPRESENTATION('',(#7507),#7511);
#7507 = LINE('',#7508,#7509);
#7508 = CARTESIAN_POINT('',(0.,0.6));
#7509 = VECTOR('',#7510,1.);
#7510 = DIRECTION('',(1.,0.));
#7511 = ( GEOMETRIC_REPRESENTATION_CONTEXT(2) 
PARAMETRIC_REPRESENTATION_CONTEXT() REPRESENTATION_CONTEXT('2D SPACE',''
  ) );
#7512 = ORIENTED_EDGE('',*,*,#7513,.T.);
#7513 = EDGE_CURVE('',#7483,#7514,#7516,.T.);
#7514 = VERTEX_POINT('',#7515);
#7515 = CARTESIAN_POINT('',(-113.,46.,4.));
#7516 = SURFACE_CURVE('',#7517,(#7521,#7527),.PCURVE_S1.);
#7517 = LINE('',#7518,#7519);
#7518 = CARTESIAN_POINT('',(-113.,-62.5,4.));
#7519 = VECTOR('',#7520,1.);
#7520 = DIRECTION('',(-0.,1.,0.));
#7521 = PCURVE('',#7093,#7522);
#7522 = DEFINITIONAL_REPRESENTATION('',(#7523),#7526);
#7523 = B_SPLINE_CURVE_WITH_KNOTS('',1,(#7524,#7525),.UNSPECIFIED.,.F.,
  .F.,(2,2),(16.5,108.5),.PIECEWISE_BEZIER_KNOTS.);
#7524 = CARTESIAN_POINT('',(7.,20.));
#7525 = CARTESIAN_POINT('',(7.,112.));
#7526 = ( GEOMETRIC_REPRESENTATION_CONTEXT(2) 
PARAMETRIC_REPRESENTATION_CONTEXT() REPRESENTATION_CONTEXT('2D SPACE',''
  ) );
#7527 = PCURVE('',#7528,#7533);
#7528 = PLANE('',#7529);
#7529 = AXIS2_PLACEMENT_3D('',#7530,#7531,#7532);
#7530 = CARTESIAN_POINT('',(-113.,-59.,3.4));
#7531 = DIRECTION('',(1.,0.,-0.));
#7532 = DIRECTION('',(0.,0.,1.));
#7533 = DEFINITIONAL_REPRESENTATION('',(#7534),#7537);
#7534 = B_SPLINE_CURVE_WITH_KNOTS('',1,(#7535,#7536),.UNSPECIFIED.,.F.,
  .F.,(2,2),(16.5,108.5),.PIECEWISE_BEZIER_KNOTS.);
#7535 = CARTESIAN_POINT('',(0.6,-13.));
#7536 = CARTESIAN_POINT('',(0.6,-105.));
#7537 = ( GEOMETRIC_REPRESENTATION_CONTEXT(2) 
PARAMETRIC_REPRESENTATION_CONTEXT() REPRESENTATION_CONTEXT('2D SPACE',''
  ) );
#7538 = ORIENTED_EDGE('',*,*,#7539,.F.);
#7539 = EDGE_CURVE('',#7540,#7514,#7542,.T.);
#7540 = VERTEX_POINT('',#7541);
#7541 = CARTESIAN_POINT('',(-100.,59.,4.));
#7542 = SURFACE_CURVE('',#7543,(#7548,#7555),.PCURVE_S1.);
#7543 = CIRCLE('',#7544,13.);
#7544 = AXIS2_PLACEMENT_3D('',#7545,#7546,#7547);
#7545 = CARTESIAN_POINT('',(-100.,46.,4.));
#7546 = DIRECTION('',(0.,0.,1.));
#7547 = DIRECTION('',(-1.,-0.,0.));
#7548 = PCURVE('',#7093,#7549);
#7549 = DEFINITIONAL_REPRESENTATION('',(#7550),#7554);
#7550 = CIRCLE('',#7551,13.);
#7551 = AXIS2_PLACEMENT_2D('',#7552,#7553);
#7552 = CARTESIAN_POINT('',(20.,112.));
#7553 = DIRECTION('',(-1.,0.));
#7554 = ( GEOMETRIC_REPRESENTATION_CONTEXT(2) 
PARAMETRIC_REPRESENTATION_CONTEXT() REPRESENTATION_CONTEXT('2D SPACE',''
  ) );
#7555 = PCURVE('',#7556,#7561);
#7556 = CYLINDRICAL_SURFACE('',#7557,13.);
#7557 = AXIS2_PLACEMENT_3D('',#7558,#7559,#7560);
#7558 = CARTESIAN_POINT('',(-100.,46.,3.4));
#7559 = DIRECTION('',(0.,0.,1.));
#7560 = DIRECTION('',(-1.,-0.,0.));
#7561 = DEFINITIONAL_REPRESENTATION('',(#7562),#7566);
#7562 = LINE('',#7563,#7564);
#7563 = CARTESIAN_POINT('',(-6.28318530718,0.6));
#7564 = VECTOR('',#7565,1.);
#7565 = DIRECTION('',(1.,-0.));
#7566 = ( GEOMETRIC_REPRESENTATION_CONTEXT(2) 
PARAMETRIC_REPRESENTATION_CONTEXT() REPRESENTATION_CONTEXT('2D SPACE',''
  ) );
#7567 = ORIENTED_EDGE('',*,*,#7568,.F.);
#7568 = EDGE_CURVE('',#7569,#7540,#7571,.T.);
#7569 = VERTEX_POINT('',#7570);
#7570 = CARTESIAN_POINT('',(100.,59.,4.));
#7571 = SURFACE_CURVE('',#7572,(#7576,#7582),.PCURVE_S1.);
#7572 = LINE('',#7573,#7574);
#7573 = CARTESIAN_POINT('',(-116.5,59.,4.));
#7574 = VECTOR('',#7575,1.);
#7575 = DIRECTION('',(-1.,-0.,0.));
#7576 = PCURVE('',#7093,#7577);
#7577 = DEFINITIONAL_REPRESENTATION('',(#7578),#7581);
#7578 = B_SPLINE_CURVE_WITH_KNOTS('',1,(#7579,#7580),.UNSPECIFIED.,.F.,
  .F.,(2,2),(-216.5,-16.5),.PIECEWISE_BEZIER_KNOTS.);
#7579 = CARTESIAN_POINT('',(220.,125.));
#7580 = CARTESIAN_POINT('',(20.,125.));
#7581 = ( GEOMETRIC_REPRESENTATION_CONTEXT(2) 
PARAMETRIC_REPRESENTATION_CONTEXT() REPRESENTATION_CONTEXT('2D SPACE',''
  ) );
#7582 = PCURVE('',#7583,#7588);
#7583 = PLANE('',#7584);
#7584 = AXIS2_PLACEMENT_3D('',#7585,#7586,#7587);
#7585 = CARTESIAN_POINT('',(-113.,59.,3.4));
#7586 = DIRECTION('',(-0.,1.,0.));
#7587 = DIRECTION('',(0.,0.,1.));
#7588 = DEFINITIONAL_REPRESENTATION('',(#7589),#7592);
#7589 = B_SPLINE_CURVE_WITH_KNOTS('',1,(#7590,#7591),.UNSPECIFIED.,.F.,
  .F.,(2,2),(-216.5,-16.5),.PIECEWISE_BEZIER_KNOTS.);
#7590 = CARTESIAN_POINT('',(0.6,213.));
#7591 = CARTESIAN_POINT('',(0.6,13.));
#7592 = ( GEOMETRIC_REPRESENTATION_CONTEXT(2) 
PARAMETRIC_REPRESENTATION_CONTEXT() REPRESENTATION_CONTEXT('2D SPACE',''
  ) );
#7593 = ORIENTED_EDGE('',*,*,#7594,.F.);
#7594 = EDGE_CURVE('',#7595,#7569,#7597,.T.);
#7595 = VERTEX_POINT('',#7596);
#7596 = CARTESIAN_POINT('',(113.,46.,4.));
#7597 = SURFACE_CURVE('',#7598,(#7603,#7610),.PCURVE_S1.);
#7598 = CIRCLE('',#7599,13.);
#7599 = AXIS2_PLACEMENT_3D('',#7600,#7601,#7602);
#7600 = CARTESIAN_POINT('',(100.,46.,4.));
#7601 = DIRECTION('',(0.,0.,1.));
#7602 = DIRECTION('',(1.,0.,-0.));
#7603 = PCURVE('',#7093,#7604);
#7604 = DEFINITIONAL_REPRESENTATION('',(#7605),#7609);
#7605 = CIRCLE('',#7606,13.);
#7606 = AXIS2_PLACEMENT_2D('',#7607,#7608);
#7607 = CARTESIAN_POINT('',(220.,112.));
#7608 = DIRECTION('',(1.,0.));
#7609 = ( GEOMETRIC_REPRESENTATION_CONTEXT(2) 
PARAMETRIC_REPRESENTATION_CONTEXT() REPRESENTATION_CONTEXT('2D SPACE',''
  ) );
#7610 = PCURVE('',#7611,#7616);
#7611 = CYLINDRICAL_SURFACE('',#7612,13.);
#7612 = AXIS2_PLACEMENT_3D('',#7613,#7614,#7615);
#7613 = CARTESIAN_POINT('',(100.,46.,3.4));
#7614 = DIRECTION('',(0.,0.,1.));
#7615 = DIRECTION('',(1.,0.,-0.));
#7616 = DEFINITIONAL_REPRESENTATION('',(#7617),#7621);
#7617 = LINE('',#7618,#7619);
#7618 = CARTESIAN_POINT('',(0.,0.6));
#7619 = VECTOR('',#7620,1.);
#7620 = DIRECTION('',(1.,0.));
#7621 = ( GEOMETRIC_REPRESENTATION_CONTEXT(2) 
PARAMETRIC_REPRESENTATION_CONTEXT() REPRESENTATION_CONTEXT('2D SPACE',''
  ) );
#7622 = ORIENTED_EDGE('',*,*,#7623,.F.);
#7623 = EDGE_CURVE('',#7624,#7595,#7626,.T.);
#7624 = VERTEX_POINT('',#7625);
#7625 = CARTESIAN_POINT('',(113.,-46.,4.));
#7626 = SURFACE_CURVE('',#7627,(#7631,#7637),.PCURVE_S1.);
#7627 = LINE('',#7628,#7629);
#7628 = CARTESIAN_POINT('',(113.,-62.5,4.));
#7629 = VECTOR('',#7630,1.);
#7630 = DIRECTION('',(-0.,1.,0.));
#7631 = PCURVE('',#7093,#7632);
#7632 = DEFINITIONAL_REPRESENTATION('',(#7633),#7636);
#7633 = B_SPLINE_CURVE_WITH_KNOTS('',1,(#7634,#7635),.UNSPECIFIED.,.F.,
  .F.,(2,2),(16.5,108.5),.PIECEWISE_BEZIER_KNOTS.);
#7634 = CARTESIAN_POINT('',(233.,20.));
#7635 = CARTESIAN_POINT('',(233.,112.));
#7636 = ( GEOMETRIC_REPRESENTATION_CONTEXT(2) 
PARAMETRIC_REPRESENTATION_CONTEXT() REPRESENTATION_CONTEXT('2D SPACE',''
  ) );
#7637 = PCURVE('',#7638,#7643);
#7638 = PLANE('',#7639);
#7639 = AXIS2_PLACEMENT_3D('',#7640,#7641,#7642);
#7640 = CARTESIAN_POINT('',(113.,-59.,3.4));
#7641 = DIRECTION('',(1.,0.,-0.));
#7642 = DIRECTION('',(0.,0.,1.));
#7643 = DEFINITIONAL_REPRESENTATION('',(#7644),#7647);
#7644 = B_SPLINE_CURVE_WITH_KNOTS('',1,(#7645,#7646),.UNSPECIFIED.,.F.,
  .F.,(2,2),(16.5,108.5),.PIECEWISE_BEZIER_KNOTS.);
#7645 = CARTESIAN_POINT('',(0.6,-13.));
#7646 = CARTESIAN_POINT('',(0.6,-105.));
#7647 = ( GEOMETRIC_REPRESENTATION_CONTEXT(2) 
PARAMETRIC_REPRESENTATION_CONTEXT() REPRESENTATION_CONTEXT('2D SPACE',''
  ) );
#7648 = ORIENTED_EDGE('',*,*,#7649,.F.);
#7649 = EDGE_CURVE('',#7650,#7624,#7652,.T.);
#7650 = VERTEX_POINT('',#7651);
#7651 = CARTESIAN_POINT('',(100.,-59.,4.));
#7652 = SURFACE_CURVE('',#7653,(#7658,#7665),.PCURVE_S1.);
#7653 = CIRCLE('',#7654,13.);
#7654 = AXIS2_PLACEMENT_3D('',#7655,#7656,#7657);
#7655 = CARTESIAN_POINT('',(100.,-46.,4.));
#7656 = DIRECTION('',(0.,0.,1.));
#7657 = DIRECTION('',(1.,0.,-0.));
#7658 = PCURVE('',#7093,#7659);
#7659 = DEFINITIONAL_REPRESENTATION('',(#7660),#7664);
#7660 = CIRCLE('',#7661,13.);
#7661 = AXIS2_PLACEMENT_2D('',#7662,#7663);
#7662 = CARTESIAN_POINT('',(220.,20.));
#7663 = DIRECTION('',(1.,0.));
#7664 = ( GEOMETRIC_REPRESENTATION_CONTEXT(2) 
PARAMETRIC_REPRESENTATION_CONTEXT() REPRESENTATION_CONTEXT('2D SPACE',''
  ) );
#7665 = PCURVE('',#7666,#7671);
#7666 = CYLINDRICAL_SURFACE('',#7667,13.);
#7667 = AXIS2_PLACEMENT_3D('',#7668,#7669,#7670);
#7668 = CARTESIAN_POINT('',(100.,-46.,3.4));
#7669 = DIRECTION('',(0.,0.,1.));
#7670 = DIRECTION('',(1.,0.,-0.));
#7671 = DEFINITIONAL_REPRESENTATION('',(#7672),#7676);
#7672 = LINE('',#7673,#7674);
#7673 = CARTESIAN_POINT('',(-6.28318530718,0.6));
#7674 = VECTOR('',#7675,1.);
#7675 = DIRECTION('',(1.,-0.));
#7676 = ( GEOMETRIC_REPRESENTATION_CONTEXT(2) 
PARAMETRIC_REPRESENTATION_CONTEXT() REPRESENTATION_CONTEXT('2D SPACE',''
  ) );
#7677 = ORIENTED_EDGE('',*,*,#7678,.T.);
#7678 = EDGE_CURVE('',#7650,#7485,#7679,.T.);
#7679 = SURFACE_CURVE('',#7680,(#7684,#7690),.PCURVE_S1.);
#7680 = LINE('',#7681,#7682);
#7681 = CARTESIAN_POINT('',(-116.5,-59.,4.));
#7682 = VECTOR('',#7683,1.);
#7683 = DIRECTION('',(-1.,-0.,0.));
#7684 = PCURVE('',#7093,#7685);
#7685 = DEFINITIONAL_REPRESENTATION('',(#7686),#7689);
#7686 = B_SPLINE_CURVE_WITH_KNOTS('',1,(#7687,#7688),.UNSPECIFIED.,.F.,
  .F.,(2,2),(-216.5,-16.5),.PIECEWISE_BEZIER_KNOTS.);
#7687 = CARTESIAN_POINT('',(220.,7.));
#7688 = CARTESIAN_POINT('',(20.,7.));
#7689 = ( GEOMETRIC_REPRESENTATION_CONTEXT(2) 
PARAMETRIC_REPRESENTATION_CONTEXT() REPRESENTATION_CONTEXT('2D SPACE',''
  ) );
#7690 = PCURVE('',#7691,#7696);
#7691 = PLANE('',#7692);
#7692 = AXIS2_PLACEMENT_3D('',#7693,#7694,#7695);
#7693 = CARTESIAN_POINT('',(-113.,-59.,3.4));
#7694 = DIRECTION('',(-0.,1.,0.));
#7695 = DIRECTION('',(0.,0.,1.));
#7696 = DEFINITIONAL_REPRESENTATION('',(#7697),#7700);
#7697 = B_SPLINE_CURVE_WITH_KNOTS('',1,(#7698,#7699),.UNSPECIFIED.,.F.,
  .F.,(2,2),(-216.5,-16.5),.PIECEWISE_BEZIER_KNOTS.);
#7698 = CARTESIAN_POINT('',(0.6,213.));
#7699 = CARTESIAN_POINT('',(0.6,13.));
#7700 = ( GEOMETRIC_REPRESENTATION_CONTEXT(2) 
PARAMETRIC_REPRESENTATION_CONTEXT() REPRESENTATION_CONTEXT('2D SPACE',''
  ) );
#7701 = FACE_BOUND('',#7702,.T.);
#7702 = EDGE_LOOP('',(#7703));
#7703 = ORIENTED_EDGE('',*,*,#7704,.F.);
#7704 = EDGE_CURVE('',#7705,#7705,#7707,.T.);
#7705 = VERTEX_POINT('',#7706);
#7706 = CARTESIAN_POINT('',(106.7,61.,4.));
#7707 = SURFACE_CURVE('',#7708,(#7713,#7720),.PCURVE_S1.);
#7708 = CIRCLE('',#7709,1.7);
#7709 = AXIS2_PLACEMENT_3D('',#7710,#7711,#7712);
#7710 = CARTESIAN_POINT('',(105.,61.,4.));
#7711 = DIRECTION('',(0.,0.,1.));
#7712 = DIRECTION('',(1.,0.,-0.));
#7713 = PCURVE('',#7093,#7714);
#7714 = DEFINITIONAL_REPRESENTATION('',(#7715),#7719);
#7715 = CIRCLE('',#7716,1.7);
#7716 = AXIS2_PLACEMENT_2D('',#7717,#7718);
#7717 = CARTESIAN_POINT('',(225.,127.));
#7718 = DIRECTION('',(1.,0.));
#7719 = ( GEOMETRIC_REPRESENTATION_CONTEXT(2) 
PARAMETRIC_REPRESENTATION_CONTEXT() REPRESENTATION_CONTEXT('2D SPACE',''
  ) );
#7720 = PCURVE('',#7721,#7726);
#7721 = CYLINDRICAL_SURFACE('',#7722,1.7);
#7722 = AXIS2_PLACEMENT_3D('',#7723,#7724,#7725);
#7723 = CARTESIAN_POINT('',(105.,61.,-1.));
#7724 = DIRECTION('',(0.,0.,1.));
#7725 = DIRECTION('',(1.,0.,-0.));
#7726 = DEFINITIONAL_REPRESENTATION('',(#7727),#7731);
#7727 = LINE('',#7728,#7729);
#7728 = CARTESIAN_POINT('',(0.,5.));
#7729 = VECTOR('',#7730,1.);
#7730 = DIRECTION('',(1.,0.));
#7731 = ( GEOMETRIC_REPRESENTATION_CONTEXT(2) 
PARAMETRIC_REPRESENTATION_CONTEXT() REPRESENTATION_CONTEXT('2D SPACE',''
  ) );
#7732 = ADVANCED_FACE('',(#7733),#7121,.T.);
#7733 = FACE_BOUND('',#7734,.T.);
#7734 = EDGE_LOOP('',(#7735,#7759,#7780,#7781));
#7735 = ORIENTED_EDGE('',*,*,#7736,.T.);
#7736 = EDGE_CURVE('',#7106,#7737,#7739,.T.);
#7737 = VERTEX_POINT('',#7738);
#7738 = CARTESIAN_POINT('',(-108.,-66.,0.));
#7739 = SURFACE_CURVE('',#7740,(#7745,#7752),.PCURVE_S1.);
#7740 = CIRCLE('',#7741,12.);
#7741 = AXIS2_PLACEMENT_3D('',#7742,#7743,#7744);
#7742 = CARTESIAN_POINT('',(-108.,-54.,0.));
#7743 = DIRECTION('',(0.,0.,1.));
#7744 = DIRECTION('',(0.,-1.,0.));
#7745 = PCURVE('',#7121,#7746);
#7746 = DEFINITIONAL_REPRESENTATION('',(#7747),#7751);
#7747 = LINE('',#7748,#7749);
#7748 = CARTESIAN_POINT('',(-4.712388980385,0.));
#7749 = VECTOR('',#7750,1.);
#7750 = DIRECTION('',(1.,0.));
#7751 = ( GEOMETRIC_REPRESENTATION_CONTEXT(2) 
PARAMETRIC_REPRESENTATION_CONTEXT() REPRESENTATION_CONTEXT('2D SPACE',''
  ) );
#7752 = PCURVE('',#7149,#7753);
#7753 = DEFINITIONAL_REPRESENTATION('',(#7754),#7758);
#7754 = CIRCLE('',#7755,12.);
#7755 = AXIS2_PLACEMENT_2D('',#7756,#7757);
#7756 = CARTESIAN_POINT('',(12.,12.));
#7757 = DIRECTION('',(0.,-1.));
#7758 = ( GEOMETRIC_REPRESENTATION_CONTEXT(2) 
PARAMETRIC_REPRESENTATION_CONTEXT() REPRESENTATION_CONTEXT('2D SPACE',''
  ) );
#7759 = ORIENTED_EDGE('',*,*,#7760,.T.);
#7760 = EDGE_CURVE('',#7737,#7192,#7761,.T.);
#7761 = SURFACE_CURVE('',#7762,(#7766,#7773),.PCURVE_S1.);
#7762 = LINE('',#7763,#7764);
#7763 = CARTESIAN_POINT('',(-108.,-66.,0.));
#7764 = VECTOR('',#7765,1.);
#7765 = DIRECTION('',(0.,0.,1.));
#7766 = PCURVE('',#7121,#7767);
#7767 = DEFINITIONAL_REPRESENTATION('',(#7768),#7772);
#7768 = LINE('',#7769,#7770);
#7769 = CARTESIAN_POINT('',(1.570796326795,0.));
#7770 = VECTOR('',#7771,1.);
#7771 = DIRECTION('',(0.,1.));
#7772 = ( GEOMETRIC_REPRESENTATION_CONTEXT(2) 
PARAMETRIC_REPRESENTATION_CONTEXT() REPRESENTATION_CONTEXT('2D SPACE',''
  ) );
#7773 = PCURVE('',#7231,#7774);
#7774 = DEFINITIONAL_REPRESENTATION('',(#7775),#7779);
#7775 = LINE('',#7776,#7777);
#7776 = CARTESIAN_POINT('',(0.,12.));
#7777 = VECTOR('',#7778,1.);
#7778 = DIRECTION('',(1.,0.));
#7779 = ( GEOMETRIC_REPRESENTATION_CONTEXT(2) 
PARAMETRIC_REPRESENTATION_CONTEXT() REPRESENTATION_CONTEXT('2D SPACE',''
  ) );
#7780 = ORIENTED_EDGE('',*,*,#7191,.F.);
#7781 = ORIENTED_EDGE('',*,*,#7105,.F.);
#7782 = ADVANCED_FACE('',(#7783),#7175,.T.);
#7783 = FACE_BOUND('',#7784,.F.);
#7784 = EDGE_LOOP('',(#7785,#7813,#7834,#7835));
#7785 = ORIENTED_EDGE('',*,*,#7786,.T.);
#7786 = EDGE_CURVE('',#7134,#7787,#7789,.T.);
#7787 = VERTEX_POINT('',#7788);
#7788 = CARTESIAN_POINT('',(-108.,66.,0.));
#7789 = SURFACE_CURVE('',#7790,(#7795,#7802),.PCURVE_S1.);
#7790 = CIRCLE('',#7791,12.);
#7791 = AXIS2_PLACEMENT_3D('',#7792,#7793,#7794);
#7792 = CARTESIAN_POINT('',(-108.,54.,0.));
#7793 = DIRECTION('',(-0.,-0.,-1.));
#7794 = DIRECTION('',(0.,-1.,0.));
#7795 = PCURVE('',#7175,#7796);
#7796 = DEFINITIONAL_REPRESENTATION('',(#7797),#7801);
#7797 = LINE('',#7798,#7799);
#7798 = CARTESIAN_POINT('',(1.570796326795,-0.));
#7799 = VECTOR('',#7800,1.);
#7800 = DIRECTION('',(-1.,0.));
#7801 = ( GEOMETRIC_REPRESENTATION_CONTEXT(2) 
PARAMETRIC_REPRESENTATION_CONTEXT() REPRESENTATION_CONTEXT('2D SPACE',''
  ) );
#7802 = PCURVE('',#7149,#7803);
#7803 = DEFINITIONAL_REPRESENTATION('',(#7804),#7812);
#7804 = ( BOUNDED_CURVE() B_SPLINE_CURVE(2,(#7805,#7806,#7807,#7808,
#7809,#7810,#7811),.UNSPECIFIED.,.T.,.F.) B_SPLINE_CURVE_WITH_KNOTS((1,2
    ,2,2,2,1),(-2.094395102393,0.,2.094395102393,4.188790204786,
6.28318530718,8.377580409573),.UNSPECIFIED.) CURVE() 
GEOMETRIC_REPRESENTATION_ITEM() RATIONAL_B_SPLINE_CURVE((1.,0.5,1.,0.5,
1.,0.5,1.)) REPRESENTATION_ITEM('') );
#7805 = CARTESIAN_POINT('',(12.,108.));
#7806 = CARTESIAN_POINT('',(-8.784609690827,108.));
#7807 = CARTESIAN_POINT('',(1.607695154587,126.));
#7808 = CARTESIAN_POINT('',(12.,144.));
#7809 = CARTESIAN_POINT('',(22.392304845413,126.));
#7810 = CARTESIAN_POINT('',(32.784609690827,108.));
#7811 = CARTESIAN_POINT('',(12.,108.));
#7812 = ( GEOMETRIC_REPRESENTATION_CONTEXT(2) 
PARAMETRIC_REPRESENTATION_CONTEXT() REPRESENTATION_CONTEXT('2D SPACE',''
  ) );
#7813 = ORIENTED_EDGE('',*,*,#7814,.T.);
#7814 = EDGE_CURVE('',#7787,#7334,#7815,.T.);
#7815 = SURFACE_CURVE('',#7816,(#7820,#7827),.PCURVE_S1.);
#7816 = LINE('',#7817,#7818);
#7817 = CARTESIAN_POINT('',(-108.,66.,0.));
#7818 = VECTOR('',#7819,1.);
#7819 = DIRECTION('',(0.,0.,1.));
#7820 = PCURVE('',#7175,#7821);
#7821 = DEFINITIONAL_REPRESENTATION('',(#7822),#7826);
#7822 = LINE('',#7823,#7824);
#7823 = CARTESIAN_POINT('',(-1.570796326795,0.));
#7824 = VECTOR('',#7825,1.);
#7825 = DIRECTION('',(-0.,1.));
#7826 = ( GEOMETRIC_REPRESENTATION_CONTEXT(2) 
PARAMETRIC_REPRESENTATION_CONTEXT() REPRESENTATION_CONTEXT('2D SPACE',''
  ) );
#7827 = PCURVE('',#7349,#7828);
#7828 = DEFINITIONAL_REPRESENTATION('',(#7829),#7833);
#7829 = LINE('',#7830,#7831);
#7830 = CARTESIAN_POINT('',(0.,12.));
#7831 = VECTOR('',#7832,1.);
#7832 = DIRECTION('',(1.,0.));
#7833 = ( GEOMETRIC_REPRESENTATION_CONTEXT(2) 
PARAMETRIC_REPRESENTATION_CONTEXT() REPRESENTATION_CONTEXT('2D SPACE',''
  ) );
#7834 = ORIENTED_EDGE('',*,*,#7361,.F.);
#7835 = ORIENTED_EDGE('',*,*,#7161,.F.);
#7836 = ADVANCED_FACE('',(#7837,#7961,#7992,#8023,#8054),#7149,.F.);
#7837 = FACE_BOUND('',#7838,.F.);
#7838 = EDGE_LOOP('',(#7839,#7840,#7841,#7864,#7892,#7915,#7939,#7960));
#7839 = ORIENTED_EDGE('',*,*,#7133,.F.);
#7840 = ORIENTED_EDGE('',*,*,#7736,.T.);
#7841 = ORIENTED_EDGE('',*,*,#7842,.T.);
#7842 = EDGE_CURVE('',#7737,#7843,#7845,.T.);
#7843 = VERTEX_POINT('',#7844);
#7844 = CARTESIAN_POINT('',(108.,-66.,0.));
#7845 = SURFACE_CURVE('',#7846,(#7850,#7857),.PCURVE_S1.);
#7846 = LINE('',#7847,#7848);
#7847 = CARTESIAN_POINT('',(-120.,-66.,0.));
#7848 = VECTOR('',#7849,1.);
#7849 = DIRECTION('',(1.,0.,-0.));
#7850 = PCURVE('',#7149,#7851);
#7851 = DEFINITIONAL_REPRESENTATION('',(#7852),#7856);
#7852 = LINE('',#7853,#7854);
#7853 = CARTESIAN_POINT('',(0.,0.));
#7854 = VECTOR('',#7855,1.);
#7855 = DIRECTION('',(1.,0.));
#7856 = ( GEOMETRIC_REPRESENTATION_CONTEXT(2) 
PARAMETRIC_REPRESENTATION_CONTEXT() REPRESENTATION_CONTEXT('2D SPACE',''
  ) );
#7857 = PCURVE('',#7231,#7858);
#7858 = DEFINITIONAL_REPRESENTATION('',(#7859),#7863);
#7859 = LINE('',#7860,#7861);
#7860 = CARTESIAN_POINT('',(0.,0.));
#7861 = VECTOR('',#7862,1.);
#7862 = DIRECTION('',(0.,1.));
#7863 = ( GEOMETRIC_REPRESENTATION_CONTEXT(2) 
PARAMETRIC_REPRESENTATION_CONTEXT() REPRESENTATION_CONTEXT('2D SPACE',''
  ) );
#7864 = ORIENTED_EDGE('',*,*,#7865,.F.);
#7865 = EDGE_CURVE('',#7866,#7843,#7868,.T.);
#7866 = VERTEX_POINT('',#7867);
#7867 = CARTESIAN_POINT('',(120.,-54.,0.));
#7868 = SURFACE_CURVE('',#7869,(#7874,#7885),.PCURVE_S1.);
#7869 = CIRCLE('',#7870,12.);
#7870 = AXIS2_PLACEMENT_3D('',#7871,#7872,#7873);
#7871 = CARTESIAN_POINT('',(108.,-54.,0.));
#7872 = DIRECTION('',(-0.,-0.,-1.));
#7873 = DIRECTION('',(0.,-1.,0.));
#7874 = PCURVE('',#7149,#7875);
#7875 = DEFINITIONAL_REPRESENTATION('',(#7876),#7884);
#7876 = ( BOUNDED_CURVE() B_SPLINE_CURVE(2,(#7877,#7878,#7879,#7880,
#7881,#7882,#7883),.UNSPECIFIED.,.T.,.F.) B_SPLINE_CURVE_WITH_KNOTS((1,2
    ,2,2,2,1),(-2.094395102393,0.,2.094395102393,4.188790204786,
6.28318530718,8.377580409573),.UNSPECIFIED.) CURVE() 
GEOMETRIC_REPRESENTATION_ITEM() RATIONAL_B_SPLINE_CURVE((1.,0.5,1.,0.5,
1.,0.5,1.)) REPRESENTATION_ITEM('') );
#7877 = CARTESIAN_POINT('',(228.,0.));
#7878 = CARTESIAN_POINT('',(207.21539030917,0.));
#7879 = CARTESIAN_POINT('',(217.60769515458,18.));
#7880 = CARTESIAN_POINT('',(228.,36.));
#7881 = CARTESIAN_POINT('',(238.39230484541,18.));
#7882 = CARTESIAN_POINT('',(248.78460969082,1.7763568394E-14));
#7883 = CARTESIAN_POINT('',(228.,0.));
#7884 = ( GEOMETRIC_REPRESENTATION_CONTEXT(2) 
PARAMETRIC_REPRESENTATION_CONTEXT() REPRESENTATION_CONTEXT('2D SPACE',''
  ) );
#7885 = PCURVE('',#7264,#7886);
#7886 = DEFINITIONAL_REPRESENTATION('',(#7887),#7891);
#7887 = LINE('',#7888,#7889);
#7888 = CARTESIAN_POINT('',(4.712388980385,-0.));
#7889 = VECTOR('',#7890,1.);
#7890 = DIRECTION('',(-1.,0.));
#7891 = ( GEOMETRIC_REPRESENTATION_CONTEXT(2) 
PARAMETRIC_REPRESENTATION_CONTEXT() REPRESENTATION_CONTEXT('2D SPACE',''
  ) );
#7892 = ORIENTED_EDGE('',*,*,#7893,.T.);
#7893 = EDGE_CURVE('',#7866,#7894,#7896,.T.);
#7894 = VERTEX_POINT('',#7895);
#7895 = CARTESIAN_POINT('',(120.,54.,0.));
#7896 = SURFACE_CURVE('',#7897,(#7901,#7908),.PCURVE_S1.);
#7897 = LINE('',#7898,#7899);
#7898 = CARTESIAN_POINT('',(120.,-66.,0.));
#7899 = VECTOR('',#7900,1.);
#7900 = DIRECTION('',(-0.,1.,0.));
#7901 = PCURVE('',#7149,#7902);
#7902 = DEFINITIONAL_REPRESENTATION('',(#7903),#7907);
#7903 = LINE('',#7904,#7905);
#7904 = CARTESIAN_POINT('',(240.,0.));
#7905 = VECTOR('',#7906,1.);
#7906 = DIRECTION('',(0.,1.));
#7907 = ( GEOMETRIC_REPRESENTATION_CONTEXT(2) 
PARAMETRIC_REPRESENTATION_CONTEXT() REPRESENTATION_CONTEXT('2D SPACE',''
  ) );
#7908 = PCURVE('',#7292,#7909);
#7909 = DEFINITIONAL_REPRESENTATION('',(#7910),#7914);
#7910 = LINE('',#7911,#7912);
#7911 = CARTESIAN_POINT('',(0.,0.));
#7912 = VECTOR('',#7913,1.);
#7913 = DIRECTION('',(0.,-1.));
#7914 = ( GEOMETRIC_REPRESENTATION_CONTEXT(2) 
PARAMETRIC_REPRESENTATION_CONTEXT() REPRESENTATION_CONTEXT('2D SPACE',''
  ) );
#7915 = ORIENTED_EDGE('',*,*,#7916,.T.);
#7916 = EDGE_CURVE('',#7894,#7917,#7919,.T.);
#7917 = VERTEX_POINT('',#7918);
#7918 = CARTESIAN_POINT('',(108.,66.,0.));
#7919 = SURFACE_CURVE('',#7920,(#7925,#7932),.PCURVE_S1.);
#7920 = CIRCLE('',#7921,12.);
#7921 = AXIS2_PLACEMENT_3D('',#7922,#7923,#7924);
#7922 = CARTESIAN_POINT('',(108.,54.,0.));
#7923 = DIRECTION('',(0.,0.,1.));
#7924 = DIRECTION('',(0.,-1.,0.));
#7925 = PCURVE('',#7149,#7926);
#7926 = DEFINITIONAL_REPRESENTATION('',(#7927),#7931);
#7927 = CIRCLE('',#7928,12.);
#7928 = AXIS2_PLACEMENT_2D('',#7929,#7930);
#7929 = CARTESIAN_POINT('',(228.,120.));
#7930 = DIRECTION('',(0.,-1.));
#7931 = ( GEOMETRIC_REPRESENTATION_CONTEXT(2) 
PARAMETRIC_REPRESENTATION_CONTEXT() REPRESENTATION_CONTEXT('2D SPACE',''
  ) );
#7932 = PCURVE('',#7321,#7933);
#7933 = DEFINITIONAL_REPRESENTATION('',(#7934),#7938);
#7934 = LINE('',#7935,#7936);
#7935 = CARTESIAN_POINT('',(-1.570796326795,0.));
#7936 = VECTOR('',#7937,1.);
#7937 = DIRECTION('',(1.,0.));
#7938 = ( GEOMETRIC_REPRESENTATION_CONTEXT(2) 
PARAMETRIC_REPRESENTATION_CONTEXT() REPRESENTATION_CONTEXT('2D SPACE',''
  ) );
#7939 = ORIENTED_EDGE('',*,*,#7940,.F.);
#7940 = EDGE_CURVE('',#7787,#7917,#7941,.T.);
#7941 = SURFACE_CURVE('',#7942,(#7946,#7953),.PCURVE_S1.);
#7942 = LINE('',#7943,#7944);
#7943 = CARTESIAN_POINT('',(-120.,66.,0.));
#7944 = VECTOR('',#7945,1.);
#7945 = DIRECTION('',(1.,0.,-0.));
#7946 = PCURVE('',#7149,#7947);
#7947 = DEFINITIONAL_REPRESENTATION('',(#7948),#7952);
#7948 = LINE('',#7949,#7950);
#7949 = CARTESIAN_POINT('',(0.,132.));
#7950 = VECTOR('',#7951,1.);
#7951 = DIRECTION('',(1.,0.));
#7952 = ( GEOMETRIC_REPRESENTATION_CONTEXT(2) 
PARAMETRIC_REPRESENTATION_CONTEXT() REPRESENTATION_CONTEXT('2D SPACE',''
  ) );
#7953 = PCURVE('',#7349,#7954);
#7954 = DEFINITIONAL_REPRESENTATION('',(#7955),#7959);
#7955 = LINE('',#7956,#7957);
#7956 = CARTESIAN_POINT('',(0.,0.));
#7957 = VECTOR('',#7958,1.);
#7958 = DIRECTION('',(0.,1.));
#7959 = ( GEOMETRIC_REPRESENTATION_CONTEXT(2) 
PARAMETRIC_REPRESENTATION_CONTEXT() REPRESENTATION_CONTEXT('2D SPACE',''
  ) );
#7960 = ORIENTED_EDGE('',*,*,#7786,.F.);
#7961 = FACE_BOUND('',#7962,.F.);
#7962 = EDGE_LOOP('',(#7963));
#7963 = ORIENTED_EDGE('',*,*,#7964,.F.);
#7964 = EDGE_CURVE('',#7965,#7965,#7967,.T.);
#7965 = VERTEX_POINT('',#7966);
#7966 = CARTESIAN_POINT('',(-101.9,-61.,0.));
#7967 = SURFACE_CURVE('',#7968,(#7973,#7980),.PCURVE_S1.);
#7968 = CIRCLE('',#7969,3.1);
#7969 = AXIS2_PLACEMENT_3D('',#7970,#7971,#7972);
#7970 = CARTESIAN_POINT('',(-105.,-61.,0.));
#7971 = DIRECTION('',(0.,0.,1.));
#7972 = DIRECTION('',(1.,0.,-0.));
#7973 = PCURVE('',#7149,#7974);
#7974 = DEFINITIONAL_REPRESENTATION('',(#7975),#7979);
#7975 = CIRCLE('',#7976,3.1);
#7976 = AXIS2_PLACEMENT_2D('',#7977,#7978);
#7977 = CARTESIAN_POINT('',(15.,5.));
#7978 = DIRECTION('',(1.,0.));
#7979 = ( GEOMETRIC_REPRESENTATION_CONTEXT(2) 
PARAMETRIC_REPRESENTATION_CONTEXT() REPRESENTATION_CONTEXT('2D SPACE',''
  ) );
#7980 = PCURVE('',#7981,#7986);
#7981 = CYLINDRICAL_SURFACE('',#7982,3.1);
#7982 = AXIS2_PLACEMENT_3D('',#7983,#7984,#7985);
#7983 = CARTESIAN_POINT('',(-105.,-61.,-1.));
#7984 = DIRECTION('',(0.,0.,1.));
#7985 = DIRECTION('',(1.,0.,-0.));
#7986 = DEFINITIONAL_REPRESENTATION('',(#7987),#7991);
#7987 = LINE('',#7988,#7989);
#7988 = CARTESIAN_POINT('',(0.,1.));
#7989 = VECTOR('',#7990,1.);
#7990 = DIRECTION('',(1.,0.));
#7991 = ( GEOMETRIC_REPRESENTATION_CONTEXT(2) 
PARAMETRIC_REPRESENTATION_CONTEXT() REPRESENTATION_CONTEXT('2D SPACE',''
  ) );
#7992 = FACE_BOUND('',#7993,.F.);
#7993 = EDGE_LOOP('',(#7994));
#7994 = ORIENTED_EDGE('',*,*,#7995,.F.);
#7995 = EDGE_CURVE('',#7996,#7996,#7998,.T.);
#7996 = VERTEX_POINT('',#7997);
#7997 = CARTESIAN_POINT('',(108.1,-61.,0.));
#7998 = SURFACE_CURVE('',#7999,(#8004,#8011),.PCURVE_S1.);
#7999 = CIRCLE('',#8000,3.1);
#8000 = AXIS2_PLACEMENT_3D('',#8001,#8002,#8003);
#8001 = CARTESIAN_POINT('',(105.,-61.,0.));
#8002 = DIRECTION('',(0.,0.,1.));
#8003 = DIRECTION('',(1.,0.,-0.));
#8004 = PCURVE('',#7149,#8005);
#8005 = DEFINITIONAL_REPRESENTATION('',(#8006),#8010);
#8006 = CIRCLE('',#8007,3.1);
#8007 = AXIS2_PLACEMENT_2D('',#8008,#8009);
#8008 = CARTESIAN_POINT('',(225.,5.));
#8009 = DIRECTION('',(1.,0.));
#8010 = ( GEOMETRIC_REPRESENTATION_CONTEXT(2) 
PARAMETRIC_REPRESENTATION_CONTEXT() REPRESENTATION_CONTEXT('2D SPACE',''
  ) );
#8011 = PCURVE('',#8012,#8017);
#8012 = CYLINDRICAL_SURFACE('',#8013,3.1);
#8013 = AXIS2_PLACEMENT_3D('',#8014,#8015,#8016);
#8014 = CARTESIAN_POINT('',(105.,-61.,-1.));
#8015 = DIRECTION('',(0.,0.,1.));
#8016 = DIRECTION('',(1.,0.,-0.));
#8017 = DEFINITIONAL_REPRESENTATION('',(#8018),#8022);
#8018 = LINE('',#8019,#8020);
#8019 = CARTESIAN_POINT('',(0.,1.));
#8020 = VECTOR('',#8021,1.);
#8021 = DIRECTION('',(1.,0.));
#8022 = ( GEOMETRIC_REPRESENTATION_CONTEXT(2) 
PARAMETRIC_REPRESENTATION_CONTEXT() REPRESENTATION_CONTEXT('2D SPACE',''
  ) );
#8023 = FACE_BOUND('',#8024,.F.);
#8024 = EDGE_LOOP('',(#8025));
#8025 = ORIENTED_EDGE('',*,*,#8026,.F.);
#8026 = EDGE_CURVE('',#8027,#8027,#8029,.T.);
#8027 = VERTEX_POINT('',#8028);
#8028 = CARTESIAN_POINT('',(-101.9,61.,0.));
#8029 = SURFACE_CURVE('',#8030,(#8035,#8042),.PCURVE_S1.);
#8030 = CIRCLE('',#8031,3.1);
#8031 = AXIS2_PLACEMENT_3D('',#8032,#8033,#8034);
#8032 = CARTESIAN_POINT('',(-105.,61.,0.));
#8033 = DIRECTION('',(0.,0.,1.));
#8034 = DIRECTION('',(1.,0.,-0.));
#8035 = PCURVE('',#7149,#8036);
#8036 = DEFINITIONAL_REPRESENTATION('',(#8037),#8041);
#8037 = CIRCLE('',#8038,3.1);
#8038 = AXIS2_PLACEMENT_2D('',#8039,#8040);
#8039 = CARTESIAN_POINT('',(15.,127.));
#8040 = DIRECTION('',(1.,0.));
#8041 = ( GEOMETRIC_REPRESENTATION_CONTEXT(2) 
PARAMETRIC_REPRESENTATION_CONTEXT() REPRESENTATION_CONTEXT('2D SPACE',''
  ) );
#8042 = PCURVE('',#8043,#8048);
#8043 = CYLINDRICAL_SURFACE('',#8044,3.1);
#8044 = AXIS2_PLACEMENT_3D('',#8045,#8046,#8047);
#8045 = CARTESIAN_POINT('',(-105.,61.,-1.));
#8046 = DIRECTION('',(0.,0.,1.));
#8047 = DIRECTION('',(1.,0.,-0.));
#8048 = DEFINITIONAL_REPRESENTATION('',(#8049),#8053);
#8049 = LINE('',#8050,#8051);
#8050 = CARTESIAN_POINT('',(0.,1.));
#8051 = VECTOR('',#8052,1.);
#8052 = DIRECTION('',(1.,0.));
#8053 = ( GEOMETRIC_REPRESENTATION_CONTEXT(2) 
PARAMETRIC_REPRESENTATION_CONTEXT() REPRESENTATION_CONTEXT('2D SPACE',''
  ) );
#8054 = FACE_BOUND('',#8055,.F.);
#8055 = EDGE_LOOP('',(#8056));
#8056 = ORIENTED_EDGE('',*,*,#8057,.F.);
#8057 = EDGE_CURVE('',#8058,#8058,#8060,.T.);
#8058 = VERTEX_POINT('',#8059);
#8059 = CARTESIAN_POINT('',(108.1,61.,0.));
#8060 = SURFACE_CURVE('',#8061,(#8066,#8073),.PCURVE_S1.);
#8061 = CIRCLE('',#8062,3.1);
#8062 = AXIS2_PLACEMENT_3D('',#8063,#8064,#8065);
#8063 = CARTESIAN_POINT('',(105.,61.,0.));
#8064 = DIRECTION('',(0.,0.,1.));
#8065 = DIRECTION('',(1.,0.,-0.));
#8066 = PCURVE('',#7149,#8067);
#8067 = DEFINITIONAL_REPRESENTATION('',(#8068),#8072);
#8068 = CIRCLE('',#8069,3.1);
#8069 = AXIS2_PLACEMENT_2D('',#8070,#8071);
#8070 = CARTESIAN_POINT('',(225.,127.));
#8071 = DIRECTION('',(1.,0.));
#8072 = ( GEOMETRIC_REPRESENTATION_CONTEXT(2) 
PARAMETRIC_REPRESENTATION_CONTEXT() REPRESENTATION_CONTEXT('2D SPACE',''
  ) );
#8073 = PCURVE('',#8074,#8079);
#8074 = CYLINDRICAL_SURFACE('',#8075,3.1);
#8075 = AXIS2_PLACEMENT_3D('',#8076,#8077,#8078);
#8076 = CARTESIAN_POINT('',(105.,61.,-1.));
#8077 = DIRECTION('',(0.,0.,1.));
#8078 = DIRECTION('',(1.,0.,-0.));
#8079 = DEFINITIONAL_REPRESENTATION('',(#8080),#8084);
#8080 = LINE('',#8081,#8082);
#8081 = CARTESIAN_POINT('',(0.,1.));
#8082 = VECTOR('',#8083,1.);
#8083 = DIRECTION('',(1.,0.));
#8084 = ( GEOMETRIC_REPRESENTATION_CONTEXT(2) 
PARAMETRIC_REPRESENTATION_CONTEXT() REPRESENTATION_CONTEXT('2D SPACE',''
  ) );
#8085 = ADVANCED_FACE('',(#8086),#7231,.F.);
#8086 = FACE_BOUND('',#8087,.F.);
#8087 = EDGE_LOOP('',(#8088,#8089,#8090,#8091));
#8088 = ORIENTED_EDGE('',*,*,#7842,.F.);
#8089 = ORIENTED_EDGE('',*,*,#7760,.T.);
#8090 = ORIENTED_EDGE('',*,*,#7215,.T.);
#8091 = ORIENTED_EDGE('',*,*,#8092,.F.);
#8092 = EDGE_CURVE('',#7843,#7216,#8093,.T.);
#8093 = SURFACE_CURVE('',#8094,(#8098,#8105),.PCURVE_S1.);
#8094 = LINE('',#8095,#8096);
#8095 = CARTESIAN_POINT('',(108.,-66.,0.));
#8096 = VECTOR('',#8097,1.);
#8097 = DIRECTION('',(0.,0.,1.));
#8098 = PCURVE('',#7231,#8099);
#8099 = DEFINITIONAL_REPRESENTATION('',(#8100),#8104);
#8100 = LINE('',#8101,#8102);
#8101 = CARTESIAN_POINT('',(0.,228.));
#8102 = VECTOR('',#8103,1.);
#8103 = DIRECTION('',(1.,0.));
#8104 = ( GEOMETRIC_REPRESENTATION_CONTEXT(2) 
PARAMETRIC_REPRESENTATION_CONTEXT() REPRESENTATION_CONTEXT('2D SPACE',''
  ) );
#8105 = PCURVE('',#7264,#8106);
#8106 = DEFINITIONAL_REPRESENTATION('',(#8107),#8111);
#8107 = LINE('',#8108,#8109);
#8108 = CARTESIAN_POINT('',(-1.570796326795,0.));
#8109 = VECTOR('',#8110,1.);
#8110 = DIRECTION('',(-0.,1.));
#8111 = ( GEOMETRIC_REPRESENTATION_CONTEXT(2) 
PARAMETRIC_REPRESENTATION_CONTEXT() REPRESENTATION_CONTEXT('2D SPACE',''
  ) );
#8112 = ADVANCED_FACE('',(#8113),#7349,.T.);
#8113 = FACE_BOUND('',#8114,.T.);
#8114 = EDGE_LOOP('',(#8115,#8116,#8117,#8118));
#8115 = ORIENTED_EDGE('',*,*,#7940,.F.);
#8116 = ORIENTED_EDGE('',*,*,#7814,.T.);
#8117 = ORIENTED_EDGE('',*,*,#7333,.T.);
#8118 = ORIENTED_EDGE('',*,*,#8119,.F.);
#8119 = EDGE_CURVE('',#7917,#7305,#8120,.T.);
#8120 = SURFACE_CURVE('',#8121,(#8125,#8132),.PCURVE_S1.);
#8121 = LINE('',#8122,#8123);
#8122 = CARTESIAN_POINT('',(108.,66.,0.));
#8123 = VECTOR('',#8124,1.);
#8124 = DIRECTION('',(0.,0.,1.));
#8125 = PCURVE('',#7349,#8126);
#8126 = DEFINITIONAL_REPRESENTATION('',(#8127),#8131);
#8127 = LINE('',#8128,#8129);
#8128 = CARTESIAN_POINT('',(0.,228.));
#8129 = VECTOR('',#8130,1.);
#8130 = DIRECTION('',(1.,0.));
#8131 = ( GEOMETRIC_REPRESENTATION_CONTEXT(2) 
PARAMETRIC_REPRESENTATION_CONTEXT() REPRESENTATION_CONTEXT('2D SPACE',''
  ) );
#8132 = PCURVE('',#7321,#8133);
#8133 = DEFINITIONAL_REPRESENTATION('',(#8134),#8138);
#8134 = LINE('',#8135,#8136);
#8135 = CARTESIAN_POINT('',(1.570796326795,0.));
#8136 = VECTOR('',#8137,1.);
#8137 = DIRECTION('',(0.,1.));
#8138 = ( GEOMETRIC_REPRESENTATION_CONTEXT(2) 
PARAMETRIC_REPRESENTATION_CONTEXT() REPRESENTATION_CONTEXT('2D SPACE',''
  ) );
#8139 = ADVANCED_FACE('',(#8140),#7264,.T.);
#8140 = FACE_BOUND('',#8141,.F.);
#8141 = EDGE_LOOP('',(#8142,#8143,#8144,#8145));
#8142 = ORIENTED_EDGE('',*,*,#7865,.T.);
#8143 = ORIENTED_EDGE('',*,*,#8092,.T.);
#8144 = ORIENTED_EDGE('',*,*,#7243,.F.);
#8145 = ORIENTED_EDGE('',*,*,#8146,.F.);
#8146 = EDGE_CURVE('',#7866,#7244,#8147,.T.);
#8147 = SURFACE_CURVE('',#8148,(#8152,#8159),.PCURVE_S1.);
#8148 = LINE('',#8149,#8150);
#8149 = CARTESIAN_POINT('',(120.,-54.,0.));
#8150 = VECTOR('',#8151,1.);
#8151 = DIRECTION('',(0.,0.,1.));
#8152 = PCURVE('',#7264,#8153);
#8153 = DEFINITIONAL_REPRESENTATION('',(#8154),#8158);
#8154 = LINE('',#8155,#8156);
#8155 = CARTESIAN_POINT('',(-0.,0.));
#8156 = VECTOR('',#8157,1.);
#8157 = DIRECTION('',(-0.,1.));
#8158 = ( GEOMETRIC_REPRESENTATION_CONTEXT(2) 
PARAMETRIC_REPRESENTATION_CONTEXT() REPRESENTATION_CONTEXT('2D SPACE',''
  ) );
#8159 = PCURVE('',#7292,#8160);
#8160 = DEFINITIONAL_REPRESENTATION('',(#8161),#8165);
#8161 = LINE('',#8162,#8163);
#8162 = CARTESIAN_POINT('',(0.,-12.));
#8163 = VECTOR('',#8164,1.);
#8164 = DIRECTION('',(1.,0.));
#8165 = ( GEOMETRIC_REPRESENTATION_CONTEXT(2) 
PARAMETRIC_REPRESENTATION_CONTEXT() REPRESENTATION_CONTEXT('2D SPACE',''
  ) );
#8166 = ADVANCED_FACE('',(#8167),#7321,.T.);
#8167 = FACE_BOUND('',#8168,.T.);
#8168 = EDGE_LOOP('',(#8169,#8170,#8171,#8172));
#8169 = ORIENTED_EDGE('',*,*,#7916,.T.);
#8170 = ORIENTED_EDGE('',*,*,#8119,.T.);
#8171 = ORIENTED_EDGE('',*,*,#7304,.F.);
#8172 = ORIENTED_EDGE('',*,*,#8173,.F.);
#8173 = EDGE_CURVE('',#7894,#7277,#8174,.T.);
#8174 = SURFACE_CURVE('',#8175,(#8179,#8186),.PCURVE_S1.);
#8175 = LINE('',#8176,#8177);
#8176 = CARTESIAN_POINT('',(120.,54.,0.));
#8177 = VECTOR('',#8178,1.);
#8178 = DIRECTION('',(0.,0.,1.));
#8179 = PCURVE('',#7321,#8180);
#8180 = DEFINITIONAL_REPRESENTATION('',(#8181),#8185);
#8181 = LINE('',#8182,#8183);
#8182 = CARTESIAN_POINT('',(0.,0.));
#8183 = VECTOR('',#8184,1.);
#8184 = DIRECTION('',(0.,1.));
#8185 = ( GEOMETRIC_REPRESENTATION_CONTEXT(2) 
PARAMETRIC_REPRESENTATION_CONTEXT() REPRESENTATION_CONTEXT('2D SPACE',''
  ) );
#8186 = PCURVE('',#7292,#8187);
#8187 = DEFINITIONAL_REPRESENTATION('',(#8188),#8192);
#8188 = LINE('',#8189,#8190);
#8189 = CARTESIAN_POINT('',(0.,-120.));
#8190 = VECTOR('',#8191,1.);
#8191 = DIRECTION('',(1.,0.));
#8192 = ( GEOMETRIC_REPRESENTATION_CONTEXT(2) 
PARAMETRIC_REPRESENTATION_CONTEXT() REPRESENTATION_CONTEXT('2D SPACE',''
  ) );
#8193 = ADVANCED_FACE('',(#8194),#7292,.T.);
#8194 = FACE_BOUND('',#8195,.T.);
#8195 = EDGE_LOOP('',(#8196,#8197,#8198,#8199));
#8196 = ORIENTED_EDGE('',*,*,#7276,.F.);
#8197 = ORIENTED_EDGE('',*,*,#8146,.F.);
#8198 = ORIENTED_EDGE('',*,*,#7893,.T.);
#8199 = ORIENTED_EDGE('',*,*,#8173,.T.);
#8200 = ADVANCED_FACE('',(#8201),#7406,.F.);
#8201 = FACE_BOUND('',#8202,.F.);
#8202 = EDGE_LOOP('',(#8203,#8226,#8227,#8228));
#8203 = ORIENTED_EDGE('',*,*,#8204,.T.);
#8204 = EDGE_CURVE('',#8205,#7390,#8207,.T.);
#8205 = VERTEX_POINT('',#8206);
#8206 = CARTESIAN_POINT('',(-103.3,-61.,1.5));
#8207 = SEAM_CURVE('',#8208,(#8212,#8219),.PCURVE_S1.);
#8208 = LINE('',#8209,#8210);
#8209 = CARTESIAN_POINT('',(-103.3,-61.,-1.));
#8210 = VECTOR('',#8211,1.);
#8211 = DIRECTION('',(0.,0.,1.));
#8212 = PCURVE('',#7406,#8213);
#8213 = DEFINITIONAL_REPRESENTATION('',(#8214),#8218);
#8214 = LINE('',#8215,#8216);
#8215 = CARTESIAN_POINT('',(6.28318530718,-0.));
#8216 = VECTOR('',#8217,1.);
#8217 = DIRECTION('',(0.,1.));
#8218 = ( GEOMETRIC_REPRESENTATION_CONTEXT(2) 
PARAMETRIC_REPRESENTATION_CONTEXT() REPRESENTATION_CONTEXT('2D SPACE',''
  ) );
#8219 = PCURVE('',#7406,#8220);
#8220 = DEFINITIONAL_REPRESENTATION('',(#8221),#8225);
#8221 = LINE('',#8222,#8223);
#8222 = CARTESIAN_POINT('',(0.,-0.));
#8223 = VECTOR('',#8224,1.);
#8224 = DIRECTION('',(0.,1.));
#8225 = ( GEOMETRIC_REPRESENTATION_CONTEXT(2) 
PARAMETRIC_REPRESENTATION_CONTEXT() REPRESENTATION_CONTEXT('2D SPACE',''
  ) );
#8226 = ORIENTED_EDGE('',*,*,#7389,.F.);
#8227 = ORIENTED_EDGE('',*,*,#8204,.F.);
#8228 = ORIENTED_EDGE('',*,*,#8229,.T.);
#8229 = EDGE_CURVE('',#8205,#8205,#8230,.T.);
#8230 = SURFACE_CURVE('',#8231,(#8236,#8243),.PCURVE_S1.);
#8231 = CIRCLE('',#8232,1.7);
#8232 = AXIS2_PLACEMENT_3D('',#8233,#8234,#8235);
#8233 = CARTESIAN_POINT('',(-105.,-61.,1.5));
#8234 = DIRECTION('',(0.,0.,1.));
#8235 = DIRECTION('',(1.,0.,-0.));
#8236 = PCURVE('',#7406,#8237);
#8237 = DEFINITIONAL_REPRESENTATION('',(#8238),#8242);
#8238 = LINE('',#8239,#8240);
#8239 = CARTESIAN_POINT('',(0.,2.5));
#8240 = VECTOR('',#8241,1.);
#8241 = DIRECTION('',(1.,0.));
#8242 = ( GEOMETRIC_REPRESENTATION_CONTEXT(2) 
PARAMETRIC_REPRESENTATION_CONTEXT() REPRESENTATION_CONTEXT('2D SPACE',''
  ) );
#8243 = PCURVE('',#8244,#8249);
#8244 = PLANE('',#8245);
#8245 = AXIS2_PLACEMENT_3D('',#8246,#8247,#8248);
#8246 = CARTESIAN_POINT('',(-105.,-61.,1.5));
#8247 = DIRECTION('',(0.,0.,1.));
#8248 = DIRECTION('',(1.,0.,-0.));
#8249 = DEFINITIONAL_REPRESENTATION('',(#8250),#8254);
#8250 = CIRCLE('',#8251,1.7);
#8251 = AXIS2_PLACEMENT_2D('',#8252,#8253);
#8252 = CARTESIAN_POINT('',(0.,0.));
#8253 = DIRECTION('',(1.,0.));
#8254 = ( GEOMETRIC_REPRESENTATION_CONTEXT(2) 
PARAMETRIC_REPRESENTATION_CONTEXT() REPRESENTATION_CONTEXT('2D SPACE',''
  ) );
#8255 = ADVANCED_FACE('',(#8256),#7437,.F.);
#8256 = FACE_BOUND('',#8257,.F.);
#8257 = EDGE_LOOP('',(#8258,#8281,#8282,#8283));
#8258 = ORIENTED_EDGE('',*,*,#8259,.T.);
#8259 = EDGE_CURVE('',#8260,#7421,#8262,.T.);
#8260 = VERTEX_POINT('',#8261);
#8261 = CARTESIAN_POINT('',(106.7,-61.,1.5));
#8262 = SEAM_CURVE('',#8263,(#8267,#8274),.PCURVE_S1.);
#8263 = LINE('',#8264,#8265);
#8264 = CARTESIAN_POINT('',(106.7,-61.,-1.));
#8265 = VECTOR('',#8266,1.);
#8266 = DIRECTION('',(0.,0.,1.));
#8267 = PCURVE('',#7437,#8268);
#8268 = DEFINITIONAL_REPRESENTATION('',(#8269),#8273);
#8269 = LINE('',#8270,#8271);
#8270 = CARTESIAN_POINT('',(6.28318530718,-0.));
#8271 = VECTOR('',#8272,1.);
#8272 = DIRECTION('',(0.,1.));
#8273 = ( GEOMETRIC_REPRESENTATION_CONTEXT(2) 
PARAMETRIC_REPRESENTATION_CONTEXT() REPRESENTATION_CONTEXT('2D SPACE',''
  ) );
#8274 = PCURVE('',#7437,#8275);
#8275 = DEFINITIONAL_REPRESENTATION('',(#8276),#8280);
#8276 = LINE('',#8277,#8278);
#8277 = CARTESIAN_POINT('',(0.,-0.));
#8278 = VECTOR('',#8279,1.);
#8279 = DIRECTION('',(0.,1.));
#8280 = ( GEOMETRIC_REPRESENTATION_CONTEXT(2) 
PARAMETRIC_REPRESENTATION_CONTEXT() REPRESENTATION_CONTEXT('2D SPACE',''
  ) );
#8281 = ORIENTED_EDGE('',*,*,#7420,.F.);
#8282 = ORIENTED_EDGE('',*,*,#8259,.F.);
#8283 = ORIENTED_EDGE('',*,*,#8284,.T.);
#8284 = EDGE_CURVE('',#8260,#8260,#8285,.T.);
#8285 = SURFACE_CURVE('',#8286,(#8291,#8298),.PCURVE_S1.);
#8286 = CIRCLE('',#8287,1.7);
#8287 = AXIS2_PLACEMENT_3D('',#8288,#8289,#8290);
#8288 = CARTESIAN_POINT('',(105.,-61.,1.5));
#8289 = DIRECTION('',(0.,0.,1.));
#8290 = DIRECTION('',(1.,0.,-0.));
#8291 = PCURVE('',#7437,#8292);
#8292 = DEFINITIONAL_REPRESENTATION('',(#8293),#8297);
#8293 = LINE('',#8294,#8295);
#8294 = CARTESIAN_POINT('',(0.,2.5));
#8295 = VECTOR('',#8296,1.);
#8296 = DIRECTION('',(1.,0.));
#8297 = ( GEOMETRIC_REPRESENTATION_CONTEXT(2) 
PARAMETRIC_REPRESENTATION_CONTEXT() REPRESENTATION_CONTEXT('2D SPACE',''
  ) );
#8298 = PCURVE('',#8299,#8304);
#8299 = PLANE('',#8300);
#8300 = AXIS2_PLACEMENT_3D('',#8301,#8302,#8303);
#8301 = CARTESIAN_POINT('',(105.,-61.,1.5));
#8302 = DIRECTION('',(0.,0.,1.));
#8303 = DIRECTION('',(1.,0.,-0.));
#8304 = DEFINITIONAL_REPRESENTATION('',(#8305),#8309);
#8305 = CIRCLE('',#8306,1.7);
#8306 = AXIS2_PLACEMENT_2D('',#8307,#8308);
#8307 = CARTESIAN_POINT('',(0.,0.));
#8308 = DIRECTION('',(1.,0.));
#8309 = ( GEOMETRIC_REPRESENTATION_CONTEXT(2) 
PARAMETRIC_REPRESENTATION_CONTEXT() REPRESENTATION_CONTEXT('2D SPACE',''
  ) );
#8310 = ADVANCED_FACE('',(#8311),#7468,.F.);
#8311 = FACE_BOUND('',#8312,.F.);
#8312 = EDGE_LOOP('',(#8313,#8336,#8337,#8338));
#8313 = ORIENTED_EDGE('',*,*,#8314,.T.);
#8314 = EDGE_CURVE('',#8315,#7452,#8317,.T.);
#8315 = VERTEX_POINT('',#8316);
#8316 = CARTESIAN_POINT('',(-103.3,61.,1.5));
#8317 = SEAM_CURVE('',#8318,(#8322,#8329),.PCURVE_S1.);
#8318 = LINE('',#8319,#8320);
#8319 = CARTESIAN_POINT('',(-103.3,61.,-1.));
#8320 = VECTOR('',#8321,1.);
#8321 = DIRECTION('',(0.,0.,1.));
#8322 = PCURVE('',#7468,#8323);
#8323 = DEFINITIONAL_REPRESENTATION('',(#8324),#8328);
#8324 = LINE('',#8325,#8326);
#8325 = CARTESIAN_POINT('',(6.28318530718,-0.));
#8326 = VECTOR('',#8327,1.);
#8327 = DIRECTION('',(0.,1.));
#8328 = ( GEOMETRIC_REPRESENTATION_CONTEXT(2) 
PARAMETRIC_REPRESENTATION_CONTEXT() REPRESENTATION_CONTEXT('2D SPACE',''
  ) );
#8329 = PCURVE('',#7468,#8330);
#8330 = DEFINITIONAL_REPRESENTATION('',(#8331),#8335);
#8331 = LINE('',#8332,#8333);
#8332 = CARTESIAN_POINT('',(0.,-0.));
#8333 = VECTOR('',#8334,1.);
#8334 = DIRECTION('',(0.,1.));
#8335 = ( GEOMETRIC_REPRESENTATION_CONTEXT(2) 
PARAMETRIC_REPRESENTATION_CONTEXT() REPRESENTATION_CONTEXT('2D SPACE',''
  ) );
#8336 = ORIENTED_EDGE('',*,*,#7451,.F.);
#8337 = ORIENTED_EDGE('',*,*,#8314,.F.);
#8338 = ORIENTED_EDGE('',*,*,#8339,.T.);
#8339 = EDGE_CURVE('',#8315,#8315,#8340,.T.);
#8340 = SURFACE_CURVE('',#8341,(#8346,#8353),.PCURVE_S1.);
#8341 = CIRCLE('',#8342,1.7);
#8342 = AXIS2_PLACEMENT_3D('',#8343,#8344,#8345);
#8343 = CARTESIAN_POINT('',(-105.,61.,1.5));
#8344 = DIRECTION('',(0.,0.,1.));
#8345 = DIRECTION('',(1.,0.,-0.));
#8346 = PCURVE('',#7468,#8347);
#8347 = DEFINITIONAL_REPRESENTATION('',(#8348),#8352);
#8348 = LINE('',#8349,#8350);
#8349 = CARTESIAN_POINT('',(0.,2.5));
#8350 = VECTOR('',#8351,1.);
#8351 = DIRECTION('',(1.,0.));
#8352 = ( GEOMETRIC_REPRESENTATION_CONTEXT(2) 
PARAMETRIC_REPRESENTATION_CONTEXT() REPRESENTATION_CONTEXT('2D SPACE',''
  ) );
#8353 = PCURVE('',#8354,#8359);
#8354 = PLANE('',#8355);
#8355 = AXIS2_PLACEMENT_3D('',#8356,#8357,#8358);
#8356 = CARTESIAN_POINT('',(-105.,61.,1.5));
#8357 = DIRECTION('',(0.,0.,1.));
#8358 = DIRECTION('',(1.,0.,-0.));
#8359 = DEFINITIONAL_REPRESENTATION('',(#8360),#8364);
#8360 = CIRCLE('',#8361,1.7);
#8361 = AXIS2_PLACEMENT_2D('',#8362,#8363);
#8362 = CARTESIAN_POINT('',(0.,0.));
#8363 = DIRECTION('',(1.,0.));
#8364 = ( GEOMETRIC_REPRESENTATION_CONTEXT(2) 
PARAMETRIC_REPRESENTATION_CONTEXT() REPRESENTATION_CONTEXT('2D SPACE',''
  ) );
#8365 = ADVANCED_FACE('',(#8366),#7501,.F.);
#8366 = FACE_BOUND('',#8367,.F.);
#8367 = EDGE_LOOP('',(#8368,#8391,#8420,#8441));
#8368 = ORIENTED_EDGE('',*,*,#8369,.F.);
#8369 = EDGE_CURVE('',#8370,#7483,#8372,.T.);
#8370 = VERTEX_POINT('',#8371);
#8371 = CARTESIAN_POINT('',(-113.,-46.,3.4));
#8372 = SURFACE_CURVE('',#8373,(#8377,#8384),.PCURVE_S1.);
#8373 = LINE('',#8374,#8375);
#8374 = CARTESIAN_POINT('',(-113.,-46.,3.4));
#8375 = VECTOR('',#8376,1.);
#8376 = DIRECTION('',(0.,0.,1.));
#8377 = PCURVE('',#7501,#8378);
#8378 = DEFINITIONAL_REPRESENTATION('',(#8379),#8383);
#8379 = LINE('',#8380,#8381);
#8380 = CARTESIAN_POINT('',(0.,0.));
#8381 = VECTOR('',#8382,1.);
#8382 = DIRECTION('',(0.,1.));
#8383 = ( GEOMETRIC_REPRESENTATION_CONTEXT(2) 
PARAMETRIC_REPRESENTATION_CONTEXT() REPRESENTATION_CONTEXT('2D SPACE',''
  ) );
#8384 = PCURVE('',#7528,#8385);
#8385 = DEFINITIONAL_REPRESENTATION('',(#8386),#8390);
#8386 = LINE('',#8387,#8388);
#8387 = CARTESIAN_POINT('',(0.,-13.));
#8388 = VECTOR('',#8389,1.);
#8389 = DIRECTION('',(1.,0.));
#8390 = ( GEOMETRIC_REPRESENTATION_CONTEXT(2) 
PARAMETRIC_REPRESENTATION_CONTEXT() REPRESENTATION_CONTEXT('2D SPACE',''
  ) );
#8391 = ORIENTED_EDGE('',*,*,#8392,.T.);
#8392 = EDGE_CURVE('',#8370,#8393,#8395,.T.);
#8393 = VERTEX_POINT('',#8394);
#8394 = CARTESIAN_POINT('',(-100.,-59.,3.4));
#8395 = SURFACE_CURVE('',#8396,(#8401,#8408),.PCURVE_S1.);
#8396 = CIRCLE('',#8397,13.);
#8397 = AXIS2_PLACEMENT_3D('',#8398,#8399,#8400);
#8398 = CARTESIAN_POINT('',(-100.,-46.,3.4));
#8399 = DIRECTION('',(0.,0.,1.));
#8400 = DIRECTION('',(0.,-1.,0.));
#8401 = PCURVE('',#7501,#8402);
#8402 = DEFINITIONAL_REPRESENTATION('',(#8403),#8407);
#8403 = LINE('',#8404,#8405);
#8404 = CARTESIAN_POINT('',(-4.712388980385,0.));
#8405 = VECTOR('',#8406,1.);
#8406 = DIRECTION('',(1.,0.));
#8407 = ( GEOMETRIC_REPRESENTATION_CONTEXT(2) 
PARAMETRIC_REPRESENTATION_CONTEXT() REPRESENTATION_CONTEXT('2D SPACE',''
  ) );
#8408 = PCURVE('',#8409,#8414);
#8409 = PLANE('',#8410);
#8410 = AXIS2_PLACEMENT_3D('',#8411,#8412,#8413);
#8411 = CARTESIAN_POINT('',(-113.,-59.,3.4));
#8412 = DIRECTION('',(0.,0.,1.));
#8413 = DIRECTION('',(1.,0.,-0.));
#8414 = DEFINITIONAL_REPRESENTATION('',(#8415),#8419);
#8415 = CIRCLE('',#8416,13.);
#8416 = AXIS2_PLACEMENT_2D('',#8417,#8418);
#8417 = CARTESIAN_POINT('',(13.,13.));
#8418 = DIRECTION('',(0.,-1.));
#8419 = ( GEOMETRIC_REPRESENTATION_CONTEXT(2) 
PARAMETRIC_REPRESENTATION_CONTEXT() REPRESENTATION_CONTEXT('2D SPACE',''
  ) );
#8420 = ORIENTED_EDGE('',*,*,#8421,.T.);
#8421 = EDGE_CURVE('',#8393,#7485,#8422,.T.);
#8422 = SURFACE_CURVE('',#8423,(#8427,#8434),.PCURVE_S1.);
#8423 = LINE('',#8424,#8425);
#8424 = CARTESIAN_POINT('',(-100.,-59.,3.4));
#8425 = VECTOR('',#8426,1.);
#8426 = DIRECTION('',(0.,0.,1.));
#8427 = PCURVE('',#7501,#8428);
#8428 = DEFINITIONAL_REPRESENTATION('',(#8429),#8433);
#8429 = LINE('',#8430,#8431);
#8430 = CARTESIAN_POINT('',(1.570796326795,0.));
#8431 = VECTOR('',#8432,1.);
#8432 = DIRECTION('',(0.,1.));
#8433 = ( GEOMETRIC_REPRESENTATION_CONTEXT(2) 
PARAMETRIC_REPRESENTATION_CONTEXT() REPRESENTATION_CONTEXT('2D SPACE',''
  ) );
#8434 = PCURVE('',#7691,#8435);
#8435 = DEFINITIONAL_REPRESENTATION('',(#8436),#8440);
#8436 = LINE('',#8437,#8438);
#8437 = CARTESIAN_POINT('',(0.,13.));
#8438 = VECTOR('',#8439,1.);
#8439 = DIRECTION('',(1.,0.));
#8440 = ( GEOMETRIC_REPRESENTATION_CONTEXT(2) 
PARAMETRIC_REPRESENTATION_CONTEXT() REPRESENTATION_CONTEXT('2D SPACE',''
  ) );
#8441 = ORIENTED_EDGE('',*,*,#7482,.F.);
#8442 = ADVANCED_FACE('',(#8443),#7691,.T.);
#8443 = FACE_BOUND('',#8444,.T.);
#8444 = EDGE_LOOP('',(#8445,#8468,#8469,#8470));
#8445 = ORIENTED_EDGE('',*,*,#8446,.F.);
#8446 = EDGE_CURVE('',#8393,#8447,#8449,.T.);
#8447 = VERTEX_POINT('',#8448);
#8448 = CARTESIAN_POINT('',(100.,-59.,3.4));
#8449 = SURFACE_CURVE('',#8450,(#8454,#8461),.PCURVE_S1.);
#8450 = LINE('',#8451,#8452);
#8451 = CARTESIAN_POINT('',(-113.,-59.,3.4));
#8452 = VECTOR('',#8453,1.);
#8453 = DIRECTION('',(1.,0.,-0.));
#8454 = PCURVE('',#7691,#8455);
#8455 = DEFINITIONAL_REPRESENTATION('',(#8456),#8460);
#8456 = LINE('',#8457,#8458);
#8457 = CARTESIAN_POINT('',(0.,0.));
#8458 = VECTOR('',#8459,1.);
#8459 = DIRECTION('',(0.,1.));
#8460 = ( GEOMETRIC_REPRESENTATION_CONTEXT(2) 
PARAMETRIC_REPRESENTATION_CONTEXT() REPRESENTATION_CONTEXT('2D SPACE',''
  ) );
#8461 = PCURVE('',#8409,#8462);
#8462 = DEFINITIONAL_REPRESENTATION('',(#8463),#8467);
#8463 = LINE('',#8464,#8465);
#8464 = CARTESIAN_POINT('',(0.,0.));
#8465 = VECTOR('',#8466,1.);
#8466 = DIRECTION('',(1.,0.));
#8467 = ( GEOMETRIC_REPRESENTATION_CONTEXT(2) 
PARAMETRIC_REPRESENTATION_CONTEXT() REPRESENTATION_CONTEXT('2D SPACE',''
  ) );
#8468 = ORIENTED_EDGE('',*,*,#8421,.T.);
#8469 = ORIENTED_EDGE('',*,*,#7678,.F.);
#8470 = ORIENTED_EDGE('',*,*,#8471,.F.);
#8471 = EDGE_CURVE('',#8447,#7650,#8472,.T.);
#8472 = SURFACE_CURVE('',#8473,(#8477,#8484),.PCURVE_S1.);
#8473 = LINE('',#8474,#8475);
#8474 = CARTESIAN_POINT('',(100.,-59.,3.4));
#8475 = VECTOR('',#8476,1.);
#8476 = DIRECTION('',(0.,0.,1.));
#8477 = PCURVE('',#7691,#8478);
#8478 = DEFINITIONAL_REPRESENTATION('',(#8479),#8483);
#8479 = LINE('',#8480,#8481);
#8480 = CARTESIAN_POINT('',(0.,213.));
#8481 = VECTOR('',#8482,1.);
#8482 = DIRECTION('',(1.,0.));
#8483 = ( GEOMETRIC_REPRESENTATION_CONTEXT(2) 
PARAMETRIC_REPRESENTATION_CONTEXT() REPRESENTATION_CONTEXT('2D SPACE',''
  ) );
#8484 = PCURVE('',#7666,#8485);
#8485 = DEFINITIONAL_REPRESENTATION('',(#8486),#8490);
#8486 = LINE('',#8487,#8488);
#8487 = CARTESIAN_POINT('',(-1.570796326795,0.));
#8488 = VECTOR('',#8489,1.);
#8489 = DIRECTION('',(-0.,1.));
#8490 = ( GEOMETRIC_REPRESENTATION_CONTEXT(2) 
PARAMETRIC_REPRESENTATION_CONTEXT() REPRESENTATION_CONTEXT('2D SPACE',''
  ) );
#8491 = ADVANCED_FACE('',(#8492),#7666,.F.);
#8492 = FACE_BOUND('',#8493,.T.);
#8493 = EDGE_LOOP('',(#8494,#8517,#8543,#8544));
#8494 = ORIENTED_EDGE('',*,*,#8495,.F.);
#8495 = EDGE_CURVE('',#8496,#7624,#8498,.T.);
#8496 = VERTEX_POINT('',#8497);
#8497 = CARTESIAN_POINT('',(113.,-46.,3.4));
#8498 = SURFACE_CURVE('',#8499,(#8503,#8510),.PCURVE_S1.);
#8499 = LINE('',#8500,#8501);
#8500 = CARTESIAN_POINT('',(113.,-46.,3.4));
#8501 = VECTOR('',#8502,1.);
#8502 = DIRECTION('',(0.,0.,1.));
#8503 = PCURVE('',#7666,#8504);
#8504 = DEFINITIONAL_REPRESENTATION('',(#8505),#8509);
#8505 = LINE('',#8506,#8507);
#8506 = CARTESIAN_POINT('',(-0.,0.));
#8507 = VECTOR('',#8508,1.);
#8508 = DIRECTION('',(-0.,1.));
#8509 = ( GEOMETRIC_REPRESENTATION_CONTEXT(2) 
PARAMETRIC_REPRESENTATION_CONTEXT() REPRESENTATION_CONTEXT('2D SPACE',''
  ) );
#8510 = PCURVE('',#7638,#8511);
#8511 = DEFINITIONAL_REPRESENTATION('',(#8512),#8516);
#8512 = LINE('',#8513,#8514);
#8513 = CARTESIAN_POINT('',(0.,-13.));
#8514 = VECTOR('',#8515,1.);
#8515 = DIRECTION('',(1.,0.));
#8516 = ( GEOMETRIC_REPRESENTATION_CONTEXT(2) 
PARAMETRIC_REPRESENTATION_CONTEXT() REPRESENTATION_CONTEXT('2D SPACE',''
  ) );
#8517 = ORIENTED_EDGE('',*,*,#8518,.T.);
#8518 = EDGE_CURVE('',#8496,#8447,#8519,.T.);
#8519 = SURFACE_CURVE('',#8520,(#8525,#8532),.PCURVE_S1.);
#8520 = CIRCLE('',#8521,13.);
#8521 = AXIS2_PLACEMENT_3D('',#8522,#8523,#8524);
#8522 = CARTESIAN_POINT('',(100.,-46.,3.4));
#8523 = DIRECTION('',(-0.,-0.,-1.));
#8524 = DIRECTION('',(0.,-1.,0.));
#8525 = PCURVE('',#7666,#8526);
#8526 = DEFINITIONAL_REPRESENTATION('',(#8527),#8531);
#8527 = LINE('',#8528,#8529);
#8528 = CARTESIAN_POINT('',(4.712388980385,-0.));
#8529 = VECTOR('',#8530,1.);
#8530 = DIRECTION('',(-1.,0.));
#8531 = ( GEOMETRIC_REPRESENTATION_CONTEXT(2) 
PARAMETRIC_REPRESENTATION_CONTEXT() REPRESENTATION_CONTEXT('2D SPACE',''
  ) );
#8532 = PCURVE('',#8409,#8533);
#8533 = DEFINITIONAL_REPRESENTATION('',(#8534),#8542);
#8534 = ( BOUNDED_CURVE() B_SPLINE_CURVE(2,(#8535,#8536,#8537,#8538,
#8539,#8540,#8541),.UNSPECIFIED.,.T.,.F.) B_SPLINE_CURVE_WITH_KNOTS((1,2
    ,2,2,2,1),(-2.094395102393,0.,2.094395102393,4.188790204786,
6.28318530718,8.377580409573),.UNSPECIFIED.) CURVE() 
GEOMETRIC_REPRESENTATION_ITEM() RATIONAL_B_SPLINE_CURVE((1.,0.5,1.,0.5,
1.,0.5,1.)) REPRESENTATION_ITEM('') );
#8535 = CARTESIAN_POINT('',(213.,0.));
#8536 = CARTESIAN_POINT('',(190.4833395016,0.));
#8537 = CARTESIAN_POINT('',(201.7416697508,19.5));
#8538 = CARTESIAN_POINT('',(213.,39.));
#8539 = CARTESIAN_POINT('',(224.25833024919,19.5));
#8540 = CARTESIAN_POINT('',(235.51666049839,1.95399252334E-14));
#8541 = CARTESIAN_POINT('',(213.,0.));
#8542 = ( GEOMETRIC_REPRESENTATION_CONTEXT(2) 
PARAMETRIC_REPRESENTATION_CONTEXT() REPRESENTATION_CONTEXT('2D SPACE',''
  ) );
#8543 = ORIENTED_EDGE('',*,*,#8471,.T.);
#8544 = ORIENTED_EDGE('',*,*,#7649,.T.);
#8545 = ADVANCED_FACE('',(#8546),#7638,.F.);
#8546 = FACE_BOUND('',#8547,.F.);
#8547 = EDGE_LOOP('',(#8548,#8549,#8550,#8573));
#8548 = ORIENTED_EDGE('',*,*,#7623,.F.);
#8549 = ORIENTED_EDGE('',*,*,#8495,.F.);
#8550 = ORIENTED_EDGE('',*,*,#8551,.T.);
#8551 = EDGE_CURVE('',#8496,#8552,#8554,.T.);
#8552 = VERTEX_POINT('',#8553);
#8553 = CARTESIAN_POINT('',(113.,46.,3.4));
#8554 = SURFACE_CURVE('',#8555,(#8559,#8566),.PCURVE_S1.);
#8555 = LINE('',#8556,#8557);
#8556 = CARTESIAN_POINT('',(113.,-59.,3.4));
#8557 = VECTOR('',#8558,1.);
#8558 = DIRECTION('',(-0.,1.,0.));
#8559 = PCURVE('',#7638,#8560);
#8560 = DEFINITIONAL_REPRESENTATION('',(#8561),#8565);
#8561 = LINE('',#8562,#8563);
#8562 = CARTESIAN_POINT('',(0.,0.));
#8563 = VECTOR('',#8564,1.);
#8564 = DIRECTION('',(0.,-1.));
#8565 = ( GEOMETRIC_REPRESENTATION_CONTEXT(2) 
PARAMETRIC_REPRESENTATION_CONTEXT() REPRESENTATION_CONTEXT('2D SPACE',''
  ) );
#8566 = PCURVE('',#8409,#8567);
#8567 = DEFINITIONAL_REPRESENTATION('',(#8568),#8572);
#8568 = LINE('',#8569,#8570);
#8569 = CARTESIAN_POINT('',(226.,0.));
#8570 = VECTOR('',#8571,1.);
#8571 = DIRECTION('',(0.,1.));
#8572 = ( GEOMETRIC_REPRESENTATION_CONTEXT(2) 
PARAMETRIC_REPRESENTATION_CONTEXT() REPRESENTATION_CONTEXT('2D SPACE',''
  ) );
#8573 = ORIENTED_EDGE('',*,*,#8574,.T.);
#8574 = EDGE_CURVE('',#8552,#7595,#8575,.T.);
#8575 = SURFACE_CURVE('',#8576,(#8580,#8587),.PCURVE_S1.);
#8576 = LINE('',#8577,#8578);
#8577 = CARTESIAN_POINT('',(113.,46.,3.4));
#8578 = VECTOR('',#8579,1.);
#8579 = DIRECTION('',(0.,0.,1.));
#8580 = PCURVE('',#7638,#8581);
#8581 = DEFINITIONAL_REPRESENTATION('',(#8582),#8586);
#8582 = LINE('',#8583,#8584);
#8583 = CARTESIAN_POINT('',(0.,-105.));
#8584 = VECTOR('',#8585,1.);
#8585 = DIRECTION('',(1.,0.));
#8586 = ( GEOMETRIC_REPRESENTATION_CONTEXT(2) 
PARAMETRIC_REPRESENTATION_CONTEXT() REPRESENTATION_CONTEXT('2D SPACE',''
  ) );
#8587 = PCURVE('',#7611,#8588);
#8588 = DEFINITIONAL_REPRESENTATION('',(#8589),#8593);
#8589 = LINE('',#8590,#8591);
#8590 = CARTESIAN_POINT('',(0.,0.));
#8591 = VECTOR('',#8592,1.);
#8592 = DIRECTION('',(0.,1.));
#8593 = ( GEOMETRIC_REPRESENTATION_CONTEXT(2) 
PARAMETRIC_REPRESENTATION_CONTEXT() REPRESENTATION_CONTEXT('2D SPACE',''
  ) );
#8594 = ADVANCED_FACE('',(#8595),#7611,.F.);
#8595 = FACE_BOUND('',#8596,.F.);
#8596 = EDGE_LOOP('',(#8597,#8598,#8622,#8643));
#8597 = ORIENTED_EDGE('',*,*,#8574,.F.);
#8598 = ORIENTED_EDGE('',*,*,#8599,.T.);
#8599 = EDGE_CURVE('',#8552,#8600,#8602,.T.);
#8600 = VERTEX_POINT('',#8601);
#8601 = CARTESIAN_POINT('',(100.,59.,3.4));
#8602 = SURFACE_CURVE('',#8603,(#8608,#8615),.PCURVE_S1.);
#8603 = CIRCLE('',#8604,13.);
#8604 = AXIS2_PLACEMENT_3D('',#8605,#8606,#8607);
#8605 = CARTESIAN_POINT('',(100.,46.,3.4));
#8606 = DIRECTION('',(0.,0.,1.));
#8607 = DIRECTION('',(0.,-1.,0.));
#8608 = PCURVE('',#7611,#8609);
#8609 = DEFINITIONAL_REPRESENTATION('',(#8610),#8614);
#8610 = LINE('',#8611,#8612);
#8611 = CARTESIAN_POINT('',(-1.570796326795,0.));
#8612 = VECTOR('',#8613,1.);
#8613 = DIRECTION('',(1.,0.));
#8614 = ( GEOMETRIC_REPRESENTATION_CONTEXT(2) 
PARAMETRIC_REPRESENTATION_CONTEXT() REPRESENTATION_CONTEXT('2D SPACE',''
  ) );
#8615 = PCURVE('',#8409,#8616);
#8616 = DEFINITIONAL_REPRESENTATION('',(#8617),#8621);
#8617 = CIRCLE('',#8618,13.);
#8618 = AXIS2_PLACEMENT_2D('',#8619,#8620);
#8619 = CARTESIAN_POINT('',(213.,105.));
#8620 = DIRECTION('',(0.,-1.));
#8621 = ( GEOMETRIC_REPRESENTATION_CONTEXT(2) 
PARAMETRIC_REPRESENTATION_CONTEXT() REPRESENTATION_CONTEXT('2D SPACE',''
  ) );
#8622 = ORIENTED_EDGE('',*,*,#8623,.T.);
#8623 = EDGE_CURVE('',#8600,#7569,#8624,.T.);
#8624 = SURFACE_CURVE('',#8625,(#8629,#8636),.PCURVE_S1.);
#8625 = LINE('',#8626,#8627);
#8626 = CARTESIAN_POINT('',(100.,59.,3.4));
#8627 = VECTOR('',#8628,1.);
#8628 = DIRECTION('',(0.,0.,1.));
#8629 = PCURVE('',#7611,#8630);
#8630 = DEFINITIONAL_REPRESENTATION('',(#8631),#8635);
#8631 = LINE('',#8632,#8633);
#8632 = CARTESIAN_POINT('',(1.570796326795,0.));
#8633 = VECTOR('',#8634,1.);
#8634 = DIRECTION('',(0.,1.));
#8635 = ( GEOMETRIC_REPRESENTATION_CONTEXT(2) 
PARAMETRIC_REPRESENTATION_CONTEXT() REPRESENTATION_CONTEXT('2D SPACE',''
  ) );
#8636 = PCURVE('',#7583,#8637);
#8637 = DEFINITIONAL_REPRESENTATION('',(#8638),#8642);
#8638 = LINE('',#8639,#8640);
#8639 = CARTESIAN_POINT('',(0.,213.));
#8640 = VECTOR('',#8641,1.);
#8641 = DIRECTION('',(1.,0.));
#8642 = ( GEOMETRIC_REPRESENTATION_CONTEXT(2) 
PARAMETRIC_REPRESENTATION_CONTEXT() REPRESENTATION_CONTEXT('2D SPACE',''
  ) );
#8643 = ORIENTED_EDGE('',*,*,#7594,.F.);
#8644 = ADVANCED_FACE('',(#8645),#7583,.F.);
#8645 = FACE_BOUND('',#8646,.F.);
#8646 = EDGE_LOOP('',(#8647,#8670,#8691,#8692));
#8647 = ORIENTED_EDGE('',*,*,#8648,.F.);
#8648 = EDGE_CURVE('',#8649,#8600,#8651,.T.);
#8649 = VERTEX_POINT('',#8650);
#8650 = CARTESIAN_POINT('',(-100.,59.,3.4));
#8651 = SURFACE_CURVE('',#8652,(#8656,#8663),.PCURVE_S1.);
#8652 = LINE('',#8653,#8654);
#8653 = CARTESIAN_POINT('',(-113.,59.,3.4));
#8654 = VECTOR('',#8655,1.);
#8655 = DIRECTION('',(1.,0.,-0.));
#8656 = PCURVE('',#7583,#8657);
#8657 = DEFINITIONAL_REPRESENTATION('',(#8658),#8662);
#8658 = LINE('',#8659,#8660);
#8659 = CARTESIAN_POINT('',(0.,0.));
#8660 = VECTOR('',#8661,1.);
#8661 = DIRECTION('',(0.,1.));
#8662 = ( GEOMETRIC_REPRESENTATION_CONTEXT(2) 
PARAMETRIC_REPRESENTATION_CONTEXT() REPRESENTATION_CONTEXT('2D SPACE',''
  ) );
#8663 = PCURVE('',#8409,#8664);
#8664 = DEFINITIONAL_REPRESENTATION('',(#8665),#8669);
#8665 = LINE('',#8666,#8667);
#8666 = CARTESIAN_POINT('',(0.,118.));
#8667 = VECTOR('',#8668,1.);
#8668 = DIRECTION('',(1.,0.));
#8669 = ( GEOMETRIC_REPRESENTATION_CONTEXT(2) 
PARAMETRIC_REPRESENTATION_CONTEXT() REPRESENTATION_CONTEXT('2D SPACE',''
  ) );
#8670 = ORIENTED_EDGE('',*,*,#8671,.T.);
#8671 = EDGE_CURVE('',#8649,#7540,#8672,.T.);
#8672 = SURFACE_CURVE('',#8673,(#8677,#8684),.PCURVE_S1.);
#8673 = LINE('',#8674,#8675);
#8674 = CARTESIAN_POINT('',(-100.,59.,3.4));
#8675 = VECTOR('',#8676,1.);
#8676 = DIRECTION('',(0.,0.,1.));
#8677 = PCURVE('',#7583,#8678);
#8678 = DEFINITIONAL_REPRESENTATION('',(#8679),#8683);
#8679 = LINE('',#8680,#8681);
#8680 = CARTESIAN_POINT('',(0.,13.));
#8681 = VECTOR('',#8682,1.);
#8682 = DIRECTION('',(1.,0.));
#8683 = ( GEOMETRIC_REPRESENTATION_CONTEXT(2) 
PARAMETRIC_REPRESENTATION_CONTEXT() REPRESENTATION_CONTEXT('2D SPACE',''
  ) );
#8684 = PCURVE('',#7556,#8685);
#8685 = DEFINITIONAL_REPRESENTATION('',(#8686),#8690);
#8686 = LINE('',#8687,#8688);
#8687 = CARTESIAN_POINT('',(-1.570796326795,0.));
#8688 = VECTOR('',#8689,1.);
#8689 = DIRECTION('',(-0.,1.));
#8690 = ( GEOMETRIC_REPRESENTATION_CONTEXT(2) 
PARAMETRIC_REPRESENTATION_CONTEXT() REPRESENTATION_CONTEXT('2D SPACE',''
  ) );
#8691 = ORIENTED_EDGE('',*,*,#7568,.F.);
#8692 = ORIENTED_EDGE('',*,*,#8623,.F.);
#8693 = ADVANCED_FACE('',(#8694),#7556,.F.);
#8694 = FACE_BOUND('',#8695,.T.);
#8695 = EDGE_LOOP('',(#8696,#8719,#8745,#8746));
#8696 = ORIENTED_EDGE('',*,*,#8697,.F.);
#8697 = EDGE_CURVE('',#8698,#7514,#8700,.T.);
#8698 = VERTEX_POINT('',#8699);
#8699 = CARTESIAN_POINT('',(-113.,46.,3.4));
#8700 = SURFACE_CURVE('',#8701,(#8705,#8712),.PCURVE_S1.);
#8701 = LINE('',#8702,#8703);
#8702 = CARTESIAN_POINT('',(-113.,46.,3.4));
#8703 = VECTOR('',#8704,1.);
#8704 = DIRECTION('',(0.,0.,1.));
#8705 = PCURVE('',#7556,#8706);
#8706 = DEFINITIONAL_REPRESENTATION('',(#8707),#8711);
#8707 = LINE('',#8708,#8709);
#8708 = CARTESIAN_POINT('',(-0.,0.));
#8709 = VECTOR('',#8710,1.);
#8710 = DIRECTION('',(-0.,1.));
#8711 = ( GEOMETRIC_REPRESENTATION_CONTEXT(2) 
PARAMETRIC_REPRESENTATION_CONTEXT() REPRESENTATION_CONTEXT('2D SPACE',''
  ) );
#8712 = PCURVE('',#7528,#8713);
#8713 = DEFINITIONAL_REPRESENTATION('',(#8714),#8718);
#8714 = LINE('',#8715,#8716);
#8715 = CARTESIAN_POINT('',(0.,-105.));
#8716 = VECTOR('',#8717,1.);
#8717 = DIRECTION('',(1.,0.));
#8718 = ( GEOMETRIC_REPRESENTATION_CONTEXT(2) 
PARAMETRIC_REPRESENTATION_CONTEXT() REPRESENTATION_CONTEXT('2D SPACE',''
  ) );
#8719 = ORIENTED_EDGE('',*,*,#8720,.T.);
#8720 = EDGE_CURVE('',#8698,#8649,#8721,.T.);
#8721 = SURFACE_CURVE('',#8722,(#8727,#8734),.PCURVE_S1.);
#8722 = CIRCLE('',#8723,13.);
#8723 = AXIS2_PLACEMENT_3D('',#8724,#8725,#8726);
#8724 = CARTESIAN_POINT('',(-100.,46.,3.4));
#8725 = DIRECTION('',(-0.,-0.,-1.));
#8726 = DIRECTION('',(0.,-1.,0.));
#8727 = PCURVE('',#7556,#8728);
#8728 = DEFINITIONAL_REPRESENTATION('',(#8729),#8733);
#8729 = LINE('',#8730,#8731);
#8730 = CARTESIAN_POINT('',(1.570796326795,-0.));
#8731 = VECTOR('',#8732,1.);
#8732 = DIRECTION('',(-1.,0.));
#8733 = ( GEOMETRIC_REPRESENTATION_CONTEXT(2) 
PARAMETRIC_REPRESENTATION_CONTEXT() REPRESENTATION_CONTEXT('2D SPACE',''
  ) );
#8734 = PCURVE('',#8409,#8735);
#8735 = DEFINITIONAL_REPRESENTATION('',(#8736),#8744);
#8736 = ( BOUNDED_CURVE() B_SPLINE_CURVE(2,(#8737,#8738,#8739,#8740,
#8741,#8742,#8743),.UNSPECIFIED.,.T.,.F.) B_SPLINE_CURVE_WITH_KNOTS((1,2
    ,2,2,2,1),(-2.094395102393,0.,2.094395102393,4.188790204786,
6.28318530718,8.377580409573),.UNSPECIFIED.) CURVE() 
GEOMETRIC_REPRESENTATION_ITEM() RATIONAL_B_SPLINE_CURVE((1.,0.5,1.,0.5,
1.,0.5,1.)) REPRESENTATION_ITEM('') );
#8737 = CARTESIAN_POINT('',(13.,92.));
#8738 = CARTESIAN_POINT('',(-9.516660498395,92.));
#8739 = CARTESIAN_POINT('',(1.741669750802,111.5));
#8740 = CARTESIAN_POINT('',(13.,131.));
#8741 = CARTESIAN_POINT('',(24.258330249198,111.5));
#8742 = CARTESIAN_POINT('',(35.516660498395,92.));
#8743 = CARTESIAN_POINT('',(13.,92.));
#8744 = ( GEOMETRIC_REPRESENTATION_CONTEXT(2) 
PARAMETRIC_REPRESENTATION_CONTEXT() REPRESENTATION_CONTEXT('2D SPACE',''
  ) );
#8745 = ORIENTED_EDGE('',*,*,#8671,.T.);
#8746 = ORIENTED_EDGE('',*,*,#7539,.T.);
#8747 = ADVANCED_FACE('',(#8748),#7528,.T.);
#8748 = FACE_BOUND('',#8749,.T.);
#8749 = EDGE_LOOP('',(#8750,#8751,#8752,#8773));
#8750 = ORIENTED_EDGE('',*,*,#7513,.F.);
#8751 = ORIENTED_EDGE('',*,*,#8369,.F.);
#8752 = ORIENTED_EDGE('',*,*,#8753,.T.);
#8753 = EDGE_CURVE('',#8370,#8698,#8754,.T.);
#8754 = SURFACE_CURVE('',#8755,(#8759,#8766),.PCURVE_S1.);
#8755 = LINE('',#8756,#8757);
#8756 = CARTESIAN_POINT('',(-113.,-59.,3.4));
#8757 = VECTOR('',#8758,1.);
#8758 = DIRECTION('',(-0.,1.,0.));
#8759 = PCURVE('',#7528,#8760);
#8760 = DEFINITIONAL_REPRESENTATION('',(#8761),#8765);
#8761 = LINE('',#8762,#8763);
#8762 = CARTESIAN_POINT('',(0.,0.));
#8763 = VECTOR('',#8764,1.);
#8764 = DIRECTION('',(0.,-1.));
#8765 = ( GEOMETRIC_REPRESENTATION_CONTEXT(2) 
PARAMETRIC_REPRESENTATION_CONTEXT() REPRESENTATION_CONTEXT('2D SPACE',''
  ) );
#8766 = PCURVE('',#8409,#8767);
#8767 = DEFINITIONAL_REPRESENTATION('',(#8768),#8772);
#8768 = LINE('',#8769,#8770);
#8769 = CARTESIAN_POINT('',(0.,0.));
#8770 = VECTOR('',#8771,1.);
#8771 = DIRECTION('',(0.,1.));
#8772 = ( GEOMETRIC_REPRESENTATION_CONTEXT(2) 
PARAMETRIC_REPRESENTATION_CONTEXT() REPRESENTATION_CONTEXT('2D SPACE',''
  ) );
#8773 = ORIENTED_EDGE('',*,*,#8697,.T.);
#8774 = ADVANCED_FACE('',(#8775),#7721,.F.);
#8775 = FACE_BOUND('',#8776,.F.);
#8776 = EDGE_LOOP('',(#8777,#8800,#8801,#8802));
#8777 = ORIENTED_EDGE('',*,*,#8778,.T.);
#8778 = EDGE_CURVE('',#8779,#7705,#8781,.T.);
#8779 = VERTEX_POINT('',#8780);
#8780 = CARTESIAN_POINT('',(106.7,61.,1.5));
#8781 = SEAM_CURVE('',#8782,(#8786,#8793),.PCURVE_S1.);
#8782 = LINE('',#8783,#8784);
#8783 = CARTESIAN_POINT('',(106.7,61.,-1.));
#8784 = VECTOR('',#8785,1.);
#8785 = DIRECTION('',(0.,0.,1.));
#8786 = PCURVE('',#7721,#8787);
#8787 = DEFINITIONAL_REPRESENTATION('',(#8788),#8792);
#8788 = LINE('',#8789,#8790);
#8789 = CARTESIAN_POINT('',(6.28318530718,-0.));
#8790 = VECTOR('',#8791,1.);
#8791 = DIRECTION('',(0.,1.));
#8792 = ( GEOMETRIC_REPRESENTATION_CONTEXT(2) 
PARAMETRIC_REPRESENTATION_CONTEXT() REPRESENTATION_CONTEXT('2D SPACE',''
  ) );
#8793 = PCURVE('',#7721,#8794);
#8794 = DEFINITIONAL_REPRESENTATION('',(#8795),#8799);
#8795 = LINE('',#8796,#8797);
#8796 = CARTESIAN_POINT('',(0.,-0.));
#8797 = VECTOR('',#8798,1.);
#8798 = DIRECTION('',(0.,1.));
#8799 = ( GEOMETRIC_REPRESENTATION_CONTEXT(2) 
PARAMETRIC_REPRESENTATION_CONTEXT() REPRESENTATION_CONTEXT('2D SPACE',''
  ) );
#8800 = ORIENTED_EDGE('',*,*,#7704,.F.);
#8801 = ORIENTED_EDGE('',*,*,#8778,.F.);
#8802 = ORIENTED_EDGE('',*,*,#8803,.T.);
#8803 = EDGE_CURVE('',#8779,#8779,#8804,.T.);
#8804 = SURFACE_CURVE('',#8805,(#8810,#8817),.PCURVE_S1.);
#8805 = CIRCLE('',#8806,1.7);
#8806 = AXIS2_PLACEMENT_3D('',#8807,#8808,#8809);
#8807 = CARTESIAN_POINT('',(105.,61.,1.5));
#8808 = DIRECTION('',(0.,0.,1.));
#8809 = DIRECTION('',(1.,0.,-0.));
#8810 = PCURVE('',#7721,#8811);
#8811 = DEFINITIONAL_REPRESENTATION('',(#8812),#8816);
#8812 = LINE('',#8813,#8814);
#8813 = CARTESIAN_POINT('',(0.,2.5));
#8814 = VECTOR('',#8815,1.);
#8815 = DIRECTION('',(1.,0.));
#8816 = ( GEOMETRIC_REPRESENTATION_CONTEXT(2) 
PARAMETRIC_REPRESENTATION_CONTEXT() REPRESENTATION_CONTEXT('2D SPACE',''
  ) );
#8817 = PCURVE('',#8818,#8823);
#8818 = PLANE('',#8819);
#8819 = AXIS2_PLACEMENT_3D('',#8820,#8821,#8822);
#8820 = CARTESIAN_POINT('',(105.,61.,1.5));
#8821 = DIRECTION('',(0.,0.,1.));
#8822 = DIRECTION('',(1.,0.,-0.));
#8823 = DEFINITIONAL_REPRESENTATION('',(#8824),#8828);
#8824 = CIRCLE('',#8825,1.7);
#8825 = AXIS2_PLACEMENT_2D('',#8826,#8827);
#8826 = CARTESIAN_POINT('',(0.,0.));
#8827 = DIRECTION('',(1.,0.));
#8828 = ( GEOMETRIC_REPRESENTATION_CONTEXT(2) 
PARAMETRIC_REPRESENTATION_CONTEXT() REPRESENTATION_CONTEXT('2D SPACE',''
  ) );
#8829 = ADVANCED_FACE('',(#8830),#7981,.F.);
#8830 = FACE_BOUND('',#8831,.F.);
#8831 = EDGE_LOOP('',(#8832,#8855,#8877,#8878));
#8832 = ORIENTED_EDGE('',*,*,#8833,.T.);
#8833 = EDGE_CURVE('',#7965,#8834,#8836,.T.);
#8834 = VERTEX_POINT('',#8835);
#8835 = CARTESIAN_POINT('',(-101.9,-61.,1.5));
#8836 = SEAM_CURVE('',#8837,(#8841,#8848),.PCURVE_S1.);
#8837 = LINE('',#8838,#8839);
#8838 = CARTESIAN_POINT('',(-101.9,-61.,-1.));
#8839 = VECTOR('',#8840,1.);
#8840 = DIRECTION('',(0.,0.,1.));
#8841 = PCURVE('',#7981,#8842);
#8842 = DEFINITIONAL_REPRESENTATION('',(#8843),#8847);
#8843 = LINE('',#8844,#8845);
#8844 = CARTESIAN_POINT('',(6.28318530718,-0.));
#8845 = VECTOR('',#8846,1.);
#8846 = DIRECTION('',(0.,1.));
#8847 = ( GEOMETRIC_REPRESENTATION_CONTEXT(2) 
PARAMETRIC_REPRESENTATION_CONTEXT() REPRESENTATION_CONTEXT('2D SPACE',''
  ) );
#8848 = PCURVE('',#7981,#8849);
#8849 = DEFINITIONAL_REPRESENTATION('',(#8850),#8854);
#8850 = LINE('',#8851,#8852);
#8851 = CARTESIAN_POINT('',(0.,-0.));
#8852 = VECTOR('',#8853,1.);
#8853 = DIRECTION('',(0.,1.));
#8854 = ( GEOMETRIC_REPRESENTATION_CONTEXT(2) 
PARAMETRIC_REPRESENTATION_CONTEXT() REPRESENTATION_CONTEXT('2D SPACE',''
  ) );
#8855 = ORIENTED_EDGE('',*,*,#8856,.F.);
#8856 = EDGE_CURVE('',#8834,#8834,#8857,.T.);
#8857 = SURFACE_CURVE('',#8858,(#8863,#8870),.PCURVE_S1.);
#8858 = CIRCLE('',#8859,3.1);
#8859 = AXIS2_PLACEMENT_3D('',#8860,#8861,#8862);
#8860 = CARTESIAN_POINT('',(-105.,-61.,1.5));
#8861 = DIRECTION('',(0.,0.,1.));
#8862 = DIRECTION('',(1.,0.,-0.));
#8863 = PCURVE('',#7981,#8864);
#8864 = DEFINITIONAL_REPRESENTATION('',(#8865),#8869);
#8865 = LINE('',#8866,#8867);
#8866 = CARTESIAN_POINT('',(0.,2.5));
#8867 = VECTOR('',#8868,1.);
#8868 = DIRECTION('',(1.,0.));
#8869 = ( GEOMETRIC_REPRESENTATION_CONTEXT(2) 
PARAMETRIC_REPRESENTATION_CONTEXT() REPRESENTATION_CONTEXT('2D SPACE',''
  ) );
#8870 = PCURVE('',#8244,#8871);
#8871 = DEFINITIONAL_REPRESENTATION('',(#8872),#8876);
#8872 = CIRCLE('',#8873,3.1);
#8873 = AXIS2_PLACEMENT_2D('',#8874,#8875);
#8874 = CARTESIAN_POINT('',(0.,0.));
#8875 = DIRECTION('',(1.,0.));
#8876 = ( GEOMETRIC_REPRESENTATION_CONTEXT(2) 
PARAMETRIC_REPRESENTATION_CONTEXT() REPRESENTATION_CONTEXT('2D SPACE',''
  ) );
#8877 = ORIENTED_EDGE('',*,*,#8833,.F.);
#8878 = ORIENTED_EDGE('',*,*,#7964,.T.);
#8879 = ADVANCED_FACE('',(#8880),#8012,.F.);
#8880 = FACE_BOUND('',#8881,.F.);
#8881 = EDGE_LOOP('',(#8882,#8905,#8927,#8928));
#8882 = ORIENTED_EDGE('',*,*,#8883,.T.);
#8883 = EDGE_CURVE('',#7996,#8884,#8886,.T.);
#8884 = VERTEX_POINT('',#8885);
#8885 = CARTESIAN_POINT('',(108.1,-61.,1.5));
#8886 = SEAM_CURVE('',#8887,(#8891,#8898),.PCURVE_S1.);
#8887 = LINE('',#8888,#8889);
#8888 = CARTESIAN_POINT('',(108.1,-61.,-1.));
#8889 = VECTOR('',#8890,1.);
#8890 = DIRECTION('',(0.,0.,1.));
#8891 = PCURVE('',#8012,#8892);
#8892 = DEFINITIONAL_REPRESENTATION('',(#8893),#8897);
#8893 = LINE('',#8894,#8895);
#8894 = CARTESIAN_POINT('',(6.28318530718,-0.));
#8895 = VECTOR('',#8896,1.);
#8896 = DIRECTION('',(0.,1.));
#8897 = ( GEOMETRIC_REPRESENTATION_CONTEXT(2) 
PARAMETRIC_REPRESENTATION_CONTEXT() REPRESENTATION_CONTEXT('2D SPACE',''
  ) );
#8898 = PCURVE('',#8012,#8899);
#8899 = DEFINITIONAL_REPRESENTATION('',(#8900),#8904);
#8900 = LINE('',#8901,#8902);
#8901 = CARTESIAN_POINT('',(0.,-0.));
#8902 = VECTOR('',#8903,1.);
#8903 = DIRECTION('',(0.,1.));
#8904 = ( GEOMETRIC_REPRESENTATION_CONTEXT(2) 
PARAMETRIC_REPRESENTATION_CONTEXT() REPRESENTATION_CONTEXT('2D SPACE',''
  ) );
#8905 = ORIENTED_EDGE('',*,*,#8906,.F.);
#8906 = EDGE_CURVE('',#8884,#8884,#8907,.T.);
#8907 = SURFACE_CURVE('',#8908,(#8913,#8920),.PCURVE_S1.);
#8908 = CIRCLE('',#8909,3.1);
#8909 = AXIS2_PLACEMENT_3D('',#8910,#8911,#8912);
#8910 = CARTESIAN_POINT('',(105.,-61.,1.5));
#8911 = DIRECTION('',(0.,0.,1.));
#8912 = DIRECTION('',(1.,0.,-0.));
#8913 = PCURVE('',#8012,#8914);
#8914 = DEFINITIONAL_REPRESENTATION('',(#8915),#8919);
#8915 = LINE('',#8916,#8917);
#8916 = CARTESIAN_POINT('',(0.,2.5));
#8917 = VECTOR('',#8918,1.);
#8918 = DIRECTION('',(1.,0.));
#8919 = ( GEOMETRIC_REPRESENTATION_CONTEXT(2) 
PARAMETRIC_REPRESENTATION_CONTEXT() REPRESENTATION_CONTEXT('2D SPACE',''
  ) );
#8920 = PCURVE('',#8299,#8921);
#8921 = DEFINITIONAL_REPRESENTATION('',(#8922),#8926);
#8922 = CIRCLE('',#8923,3.1);
#8923 = AXIS2_PLACEMENT_2D('',#8924,#8925);
#8924 = CARTESIAN_POINT('',(0.,0.));
#8925 = DIRECTION('',(1.,0.));
#8926 = ( GEOMETRIC_REPRESENTATION_CONTEXT(2) 
PARAMETRIC_REPRESENTATION_CONTEXT() REPRESENTATION_CONTEXT('2D SPACE',''
  ) );
#8927 = ORIENTED_EDGE('',*,*,#8883,.F.);
#8928 = ORIENTED_EDGE('',*,*,#7995,.T.);
#8929 = ADVANCED_FACE('',(#8930),#8043,.F.);
#8930 = FACE_BOUND('',#8931,.F.);
#8931 = EDGE_LOOP('',(#8932,#8955,#8977,#8978));
#8932 = ORIENTED_EDGE('',*,*,#8933,.T.);
#8933 = EDGE_CURVE('',#8027,#8934,#8936,.T.);
#8934 = VERTEX_POINT('',#8935);
#8935 = CARTESIAN_POINT('',(-101.9,61.,1.5));
#8936 = SEAM_CURVE('',#8937,(#8941,#8948),.PCURVE_S1.);
#8937 = LINE('',#8938,#8939);
#8938 = CARTESIAN_POINT('',(-101.9,61.,-1.));
#8939 = VECTOR('',#8940,1.);
#8940 = DIRECTION('',(0.,0.,1.));
#8941 = PCURVE('',#8043,#8942);
#8942 = DEFINITIONAL_REPRESENTATION('',(#8943),#8947);
#8943 = LINE('',#8944,#8945);
#8944 = CARTESIAN_POINT('',(6.28318530718,-0.));
#8945 = VECTOR('',#8946,1.);
#8946 = DIRECTION('',(0.,1.));
#8947 = ( GEOMETRIC_REPRESENTATION_CONTEXT(2) 
PARAMETRIC_REPRESENTATION_CONTEXT() REPRESENTATION_CONTEXT('2D SPACE',''
  ) );
#8948 = PCURVE('',#8043,#8949);
#8949 = DEFINITIONAL_REPRESENTATION('',(#8950),#8954);
#8950 = LINE('',#8951,#8952);
#8951 = CARTESIAN_POINT('',(0.,-0.));
#8952 = VECTOR('',#8953,1.);
#8953 = DIRECTION('',(0.,1.));
#8954 = ( GEOMETRIC_REPRESENTATION_CONTEXT(2) 
PARAMETRIC_REPRESENTATION_CONTEXT() REPRESENTATION_CONTEXT('2D SPACE',''
  ) );
#8955 = ORIENTED_EDGE('',*,*,#8956,.F.);
#8956 = EDGE_CURVE('',#8934,#8934,#8957,.T.);
#8957 = SURFACE_CURVE('',#8958,(#8963,#8970),.PCURVE_S1.);
#8958 = CIRCLE('',#8959,3.1);
#8959 = AXIS2_PLACEMENT_3D('',#8960,#8961,#8962);
#8960 = CARTESIAN_POINT('',(-105.,61.,1.5));
#8961 = DIRECTION('',(0.,0.,1.));
#8962 = DIRECTION('',(1.,0.,-0.));
#8963 = PCURVE('',#8043,#8964);
#8964 = DEFINITIONAL_REPRESENTATION('',(#8965),#8969);
#8965 = LINE('',#8966,#8967);
#8966 = CARTESIAN_POINT('',(0.,2.5));
#8967 = VECTOR('',#8968,1.);
#8968 = DIRECTION('',(1.,0.));
#8969 = ( GEOMETRIC_REPRESENTATION_CONTEXT(2) 
PARAMETRIC_REPRESENTATION_CONTEXT() REPRESENTATION_CONTEXT('2D SPACE',''
  ) );
#8970 = PCURVE('',#8354,#8971);
#8971 = DEFINITIONAL_REPRESENTATION('',(#8972),#8976);
#8972 = CIRCLE('',#8973,3.1);
#8973 = AXIS2_PLACEMENT_2D('',#8974,#8975);
#8974 = CARTESIAN_POINT('',(0.,0.));
#8975 = DIRECTION('',(1.,0.));
#8976 = ( GEOMETRIC_REPRESENTATION_CONTEXT(2) 
PARAMETRIC_REPRESENTATION_CONTEXT() REPRESENTATION_CONTEXT('2D SPACE',''
  ) );
#8977 = ORIENTED_EDGE('',*,*,#8933,.F.);
#8978 = ORIENTED_EDGE('',*,*,#8026,.T.);
#8979 = ADVANCED_FACE('',(#8980),#8074,.F.);
#8980 = FACE_BOUND('',#8981,.F.);
#8981 = EDGE_LOOP('',(#8982,#9005,#9027,#9028));
#8982 = ORIENTED_EDGE('',*,*,#8983,.T.);
#8983 = EDGE_CURVE('',#8058,#8984,#8986,.T.);
#8984 = VERTEX_POINT('',#8985);
#8985 = CARTESIAN_POINT('',(108.1,61.,1.5));
#8986 = SEAM_CURVE('',#8987,(#8991,#8998),.PCURVE_S1.);
#8987 = LINE('',#8988,#8989);
#8988 = CARTESIAN_POINT('',(108.1,61.,-1.));
#8989 = VECTOR('',#8990,1.);
#8990 = DIRECTION('',(0.,0.,1.));
#8991 = PCURVE('',#8074,#8992);
#8992 = DEFINITIONAL_REPRESENTATION('',(#8993),#8997);
#8993 = LINE('',#8994,#8995);
#8994 = CARTESIAN_POINT('',(6.28318530718,-0.));
#8995 = VECTOR('',#8996,1.);
#8996 = DIRECTION('',(0.,1.));
#8997 = ( GEOMETRIC_REPRESENTATION_CONTEXT(2) 
PARAMETRIC_REPRESENTATION_CONTEXT() REPRESENTATION_CONTEXT('2D SPACE',''
  ) );
#8998 = PCURVE('',#8074,#8999);
#8999 = DEFINITIONAL_REPRESENTATION('',(#9000),#9004);
#9000 = LINE('',#9001,#9002);
#9001 = CARTESIAN_POINT('',(0.,-0.));
#9002 = VECTOR('',#9003,1.);
#9003 = DIRECTION('',(0.,1.));
#9004 = ( GEOMETRIC_REPRESENTATION_CONTEXT(2) 
PARAMETRIC_REPRESENTATION_CONTEXT() REPRESENTATION_CONTEXT('2D SPACE',''
  ) );
#9005 = ORIENTED_EDGE('',*,*,#9006,.F.);
#9006 = EDGE_CURVE('',#8984,#8984,#9007,.T.);
#9007 = SURFACE_CURVE('',#9008,(#9013,#9020),.PCURVE_S1.);
#9008 = CIRCLE('',#9009,3.1);
#9009 = AXIS2_PLACEMENT_3D('',#9010,#9011,#9012);
#9010 = CARTESIAN_POINT('',(105.,61.,1.5));
#9011 = DIRECTION('',(0.,0.,1.));
#9012 = DIRECTION('',(1.,0.,-0.));
#9013 = PCURVE('',#8074,#9014);
#9014 = DEFINITIONAL_REPRESENTATION('',(#9015),#9019);
#9015 = LINE('',#9016,#9017);
#9016 = CARTESIAN_POINT('',(0.,2.5));
#9017 = VECTOR('',#9018,1.);
#9018 = DIRECTION('',(1.,0.));
#9019 = ( GEOMETRIC_REPRESENTATION_CONTEXT(2) 
PARAMETRIC_REPRESENTATION_CONTEXT() REPRESENTATION_CONTEXT('2D SPACE',''
  ) );
#9020 = PCURVE('',#8818,#9021);
#9021 = DEFINITIONAL_REPRESENTATION('',(#9022),#9026);
#9022 = CIRCLE('',#9023,3.1);
#9023 = AXIS2_PLACEMENT_2D('',#9024,#9025);
#9024 = CARTESIAN_POINT('',(0.,0.));
#9025 = DIRECTION('',(1.,0.));
#9026 = ( GEOMETRIC_REPRESENTATION_CONTEXT(2) 
PARAMETRIC_REPRESENTATION_CONTEXT() REPRESENTATION_CONTEXT('2D SPACE',''
  ) );
#9027 = ORIENTED_EDGE('',*,*,#8983,.F.);
#9028 = ORIENTED_EDGE('',*,*,#8057,.T.);
#9029 = ADVANCED_FACE('',(#9030,#9033),#8244,.F.);
#9030 = FACE_BOUND('',#9031,.F.);
#9031 = EDGE_LOOP('',(#9032));
#9032 = ORIENTED_EDGE('',*,*,#8856,.T.);
#9033 = FACE_BOUND('',#9034,.F.);
#9034 = EDGE_LOOP('',(#9035));
#9035 = ORIENTED_EDGE('',*,*,#8229,.F.);
#9036 = ADVANCED_FACE('',(#9037,#9040),#8299,.F.);
#9037 = FACE_BOUND('',#9038,.F.);
#9038 = EDGE_LOOP('',(#9039));
#9039 = ORIENTED_EDGE('',*,*,#8906,.T.);
#9040 = FACE_BOUND('',#9041,.F.);
#9041 = EDGE_LOOP('',(#9042));
#9042 = ORIENTED_EDGE('',*,*,#8284,.F.);
#9043 = ADVANCED_FACE('',(#9044,#9047),#8354,.F.);
#9044 = FACE_BOUND('',#9045,.F.);
#9045 = EDGE_LOOP('',(#9046));
#9046 = ORIENTED_EDGE('',*,*,#8956,.T.);
#9047 = FACE_BOUND('',#9048,.F.);
#9048 = EDGE_LOOP('',(#9049));
#9049 = ORIENTED_EDGE('',*,*,#8339,.F.);
#9050 = ADVANCED_FACE('',(#9051,#9061),#8409,.T.);
#9051 = FACE_BOUND('',#9052,.T.);
#9052 = EDGE_LOOP('',(#9053,#9054,#9055,#9056,#9057,#9058,#9059,#9060));
#9053 = ORIENTED_EDGE('',*,*,#8753,.F.);
#9054 = ORIENTED_EDGE('',*,*,#8392,.T.);
#9055 = ORIENTED_EDGE('',*,*,#8446,.T.);
#9056 = ORIENTED_EDGE('',*,*,#8518,.F.);
#9057 = ORIENTED_EDGE('',*,*,#8551,.T.);
#9058 = ORIENTED_EDGE('',*,*,#8599,.T.);
#9059 = ORIENTED_EDGE('',*,*,#8648,.F.);
#9060 = ORIENTED_EDGE('',*,*,#8720,.F.);
#9061 = FACE_BOUND('',#9062,.T.);
#9062 = EDGE_LOOP('',(#9063,#9094,#9120,#9149,#9175,#9204,#9230,#9259));
#9063 = ORIENTED_EDGE('',*,*,#9064,.F.);
#9064 = EDGE_CURVE('',#9065,#9067,#9069,.T.);
#9065 = VERTEX_POINT('',#9066);
#9066 = CARTESIAN_POINT('',(-110.,-46.,3.4));
#9067 = VERTEX_POINT('',#9068);
#9068 = CARTESIAN_POINT('',(-100.,-56.,3.4));
#9069 = SURFACE_CURVE('',#9070,(#9075,#9082),.PCURVE_S1.);
#9070 = CIRCLE('',#9071,10.);
#9071 = AXIS2_PLACEMENT_3D('',#9072,#9073,#9074);
#9072 = CARTESIAN_POINT('',(-100.,-46.,3.4));
#9073 = DIRECTION('',(0.,0.,1.));
#9074 = DIRECTION('',(-1.,-0.,0.));
#9075 = PCURVE('',#8409,#9076);
#9076 = DEFINITIONAL_REPRESENTATION('',(#9077),#9081);
#9077 = CIRCLE('',#9078,10.);
#9078 = AXIS2_PLACEMENT_2D('',#9079,#9080);
#9079 = CARTESIAN_POINT('',(13.,13.));
#9080 = DIRECTION('',(-1.,0.));
#9081 = ( GEOMETRIC_REPRESENTATION_CONTEXT(2) 
PARAMETRIC_REPRESENTATION_CONTEXT() REPRESENTATION_CONTEXT('2D SPACE',''
  ) );
#9082 = PCURVE('',#9083,#9088);
#9083 = CYLINDRICAL_SURFACE('',#9084,10.);
#9084 = AXIS2_PLACEMENT_3D('',#9085,#9086,#9087);
#9085 = CARTESIAN_POINT('',(-100.,-46.,2.4));
#9086 = DIRECTION('',(0.,0.,1.));
#9087 = DIRECTION('',(-1.,-0.,0.));
#9088 = DEFINITIONAL_REPRESENTATION('',(#9089),#9093);
#9089 = LINE('',#9090,#9091);
#9090 = CARTESIAN_POINT('',(0.,1.));
#9091 = VECTOR('',#9092,1.);
#9092 = DIRECTION('',(1.,0.));
#9093 = ( GEOMETRIC_REPRESENTATION_CONTEXT(2) 
PARAMETRIC_REPRESENTATION_CONTEXT() REPRESENTATION_CONTEXT('2D SPACE',''
  ) );
#9094 = ORIENTED_EDGE('',*,*,#9095,.T.);
#9095 = EDGE_CURVE('',#9065,#9096,#9098,.T.);
#9096 = VERTEX_POINT('',#9097);
#9097 = CARTESIAN_POINT('',(-110.,46.,3.4));
#9098 = SURFACE_CURVE('',#9099,(#9103,#9109),.PCURVE_S1.);
#9099 = LINE('',#9100,#9101);
#9100 = CARTESIAN_POINT('',(-110.,-57.5,3.4));
#9101 = VECTOR('',#9102,1.);
#9102 = DIRECTION('',(-0.,1.,0.));
#9103 = PCURVE('',#8409,#9104);
#9104 = DEFINITIONAL_REPRESENTATION('',(#9105),#9108);
#9105 = B_SPLINE_CURVE_WITH_KNOTS('',1,(#9106,#9107),.UNSPECIFIED.,.F.,
  .F.,(2,2),(11.5,103.5),.PIECEWISE_BEZIER_KNOTS.);
#9106 = CARTESIAN_POINT('',(3.,13.));
#9107 = CARTESIAN_POINT('',(3.,105.));
#9108 = ( GEOMETRIC_REPRESENTATION_CONTEXT(2) 
PARAMETRIC_REPRESENTATION_CONTEXT() REPRESENTATION_CONTEXT('2D SPACE',''
  ) );
#9109 = PCURVE('',#9110,#9115);
#9110 = PLANE('',#9111);
#9111 = AXIS2_PLACEMENT_3D('',#9112,#9113,#9114);
#9112 = CARTESIAN_POINT('',(-110.,-56.,2.4));
#9113 = DIRECTION('',(1.,0.,-0.));
#9114 = DIRECTION('',(0.,0.,1.));
#9115 = DEFINITIONAL_REPRESENTATION('',(#9116),#9119);
#9116 = B_SPLINE_CURVE_WITH_KNOTS('',1,(#9117,#9118),.UNSPECIFIED.,.F.,
  .F.,(2,2),(11.5,103.5),.PIECEWISE_BEZIER_KNOTS.);
#9117 = CARTESIAN_POINT('',(1.,-10.));
#9118 = CARTESIAN_POINT('',(1.,-102.));
#9119 = ( GEOMETRIC_REPRESENTATION_CONTEXT(2) 
PARAMETRIC_REPRESENTATION_CONTEXT() REPRESENTATION_CONTEXT('2D SPACE',''
  ) );
#9120 = ORIENTED_EDGE('',*,*,#9121,.F.);
#9121 = EDGE_CURVE('',#9122,#9096,#9124,.T.);
#9122 = VERTEX_POINT('',#9123);
#9123 = CARTESIAN_POINT('',(-100.,56.,3.4));
#9124 = SURFACE_CURVE('',#9125,(#9130,#9137),.PCURVE_S1.);
#9125 = CIRCLE('',#9126,10.);
#9126 = AXIS2_PLACEMENT_3D('',#9127,#9128,#9129);
#9127 = CARTESIAN_POINT('',(-100.,46.,3.4));
#9128 = DIRECTION('',(0.,0.,1.));
#9129 = DIRECTION('',(-1.,-0.,0.));
#9130 = PCURVE('',#8409,#9131);
#9131 = DEFINITIONAL_REPRESENTATION('',(#9132),#9136);
#9132 = CIRCLE('',#9133,10.);
#9133 = AXIS2_PLACEMENT_2D('',#9134,#9135);
#9134 = CARTESIAN_POINT('',(13.,105.));
#9135 = DIRECTION('',(-1.,0.));
#9136 = ( GEOMETRIC_REPRESENTATION_CONTEXT(2) 
PARAMETRIC_REPRESENTATION_CONTEXT() REPRESENTATION_CONTEXT('2D SPACE',''
  ) );
#9137 = PCURVE('',#9138,#9143);
#9138 = CYLINDRICAL_SURFACE('',#9139,10.);
#9139 = AXIS2_PLACEMENT_3D('',#9140,#9141,#9142);
#9140 = CARTESIAN_POINT('',(-100.,46.,2.4));
#9141 = DIRECTION('',(0.,0.,1.));
#9142 = DIRECTION('',(-1.,-0.,0.));
#9143 = DEFINITIONAL_REPRESENTATION('',(#9144),#9148);
#9144 = LINE('',#9145,#9146);
#9145 = CARTESIAN_POINT('',(-6.28318530718,1.));
#9146 = VECTOR('',#9147,1.);
#9147 = DIRECTION('',(1.,-0.));
#9148 = ( GEOMETRIC_REPRESENTATION_CONTEXT(2) 
PARAMETRIC_REPRESENTATION_CONTEXT() REPRESENTATION_CONTEXT('2D SPACE',''
  ) );
#9149 = ORIENTED_EDGE('',*,*,#9150,.F.);
#9150 = EDGE_CURVE('',#9151,#9122,#9153,.T.);
#9151 = VERTEX_POINT('',#9152);
#9152 = CARTESIAN_POINT('',(100.,56.,3.4));
#9153 = SURFACE_CURVE('',#9154,(#9158,#9164),.PCURVE_S1.);
#9154 = LINE('',#9155,#9156);
#9155 = CARTESIAN_POINT('',(-111.5,56.,3.4));
#9156 = VECTOR('',#9157,1.);
#9157 = DIRECTION('',(-1.,-0.,0.));
#9158 = PCURVE('',#8409,#9159);
#9159 = DEFINITIONAL_REPRESENTATION('',(#9160),#9163);
#9160 = B_SPLINE_CURVE_WITH_KNOTS('',1,(#9161,#9162),.UNSPECIFIED.,.F.,
  .F.,(2,2),(-211.5,-11.5),.PIECEWISE_BEZIER_KNOTS.);
#9161 = CARTESIAN_POINT('',(213.,115.));
#9162 = CARTESIAN_POINT('',(13.,115.));
#9163 = ( GEOMETRIC_REPRESENTATION_CONTEXT(2) 
PARAMETRIC_REPRESENTATION_CONTEXT() REPRESENTATION_CONTEXT('2D SPACE',''
  ) );
#9164 = PCURVE('',#9165,#9170);
#9165 = PLANE('',#9166);
#9166 = AXIS2_PLACEMENT_3D('',#9167,#9168,#9169);
#9167 = CARTESIAN_POINT('',(-110.,56.,2.4));
#9168 = DIRECTION('',(-0.,1.,0.));
#9169 = DIRECTION('',(0.,0.,1.));
#9170 = DEFINITIONAL_REPRESENTATION('',(#9171),#9174);
#9171 = B_SPLINE_CURVE_WITH_KNOTS('',1,(#9172,#9173),.UNSPECIFIED.,.F.,
  .F.,(2,2),(-211.5,-11.5),.PIECEWISE_BEZIER_KNOTS.);
#9172 = CARTESIAN_POINT('',(1.,210.));
#9173 = CARTESIAN_POINT('',(1.,10.));
#9174 = ( GEOMETRIC_REPRESENTATION_CONTEXT(2) 
PARAMETRIC_REPRESENTATION_CONTEXT() REPRESENTATION_CONTEXT('2D SPACE',''
  ) );
#9175 = ORIENTED_EDGE('',*,*,#9176,.F.);
#9176 = EDGE_CURVE('',#9177,#9151,#9179,.T.);
#9177 = VERTEX_POINT('',#9178);
#9178 = CARTESIAN_POINT('',(110.,46.,3.4));
#9179 = SURFACE_CURVE('',#9180,(#9185,#9192),.PCURVE_S1.);
#9180 = CIRCLE('',#9181,10.);
#9181 = AXIS2_PLACEMENT_3D('',#9182,#9183,#9184);
#9182 = CARTESIAN_POINT('',(100.,46.,3.4));
#9183 = DIRECTION('',(0.,0.,1.));
#9184 = DIRECTION('',(1.,0.,-0.));
#9185 = PCURVE('',#8409,#9186);
#9186 = DEFINITIONAL_REPRESENTATION('',(#9187),#9191);
#9187 = CIRCLE('',#9188,10.);
#9188 = AXIS2_PLACEMENT_2D('',#9189,#9190);
#9189 = CARTESIAN_POINT('',(213.,105.));
#9190 = DIRECTION('',(1.,0.));
#9191 = ( GEOMETRIC_REPRESENTATION_CONTEXT(2) 
PARAMETRIC_REPRESENTATION_CONTEXT() REPRESENTATION_CONTEXT('2D SPACE',''
  ) );
#9192 = PCURVE('',#9193,#9198);
#9193 = CYLINDRICAL_SURFACE('',#9194,10.);
#9194 = AXIS2_PLACEMENT_3D('',#9195,#9196,#9197);
#9195 = CARTESIAN_POINT('',(100.,46.,2.4));
#9196 = DIRECTION('',(0.,0.,1.));
#9197 = DIRECTION('',(1.,0.,-0.));
#9198 = DEFINITIONAL_REPRESENTATION('',(#9199),#9203);
#9199 = LINE('',#9200,#9201);
#9200 = CARTESIAN_POINT('',(0.,1.));
#9201 = VECTOR('',#9202,1.);
#9202 = DIRECTION('',(1.,0.));
#9203 = ( GEOMETRIC_REPRESENTATION_CONTEXT(2) 
PARAMETRIC_REPRESENTATION_CONTEXT() REPRESENTATION_CONTEXT('2D SPACE',''
  ) );
#9204 = ORIENTED_EDGE('',*,*,#9205,.F.);
#9205 = EDGE_CURVE('',#9206,#9177,#9208,.T.);
#9206 = VERTEX_POINT('',#9207);
#9207 = CARTESIAN_POINT('',(110.,-46.,3.4));
#9208 = SURFACE_CURVE('',#9209,(#9213,#9219),.PCURVE_S1.);
#9209 = LINE('',#9210,#9211);
#9210 = CARTESIAN_POINT('',(110.,-57.5,3.4));
#9211 = VECTOR('',#9212,1.);
#9212 = DIRECTION('',(-0.,1.,0.));
#9213 = PCURVE('',#8409,#9214);
#9214 = DEFINITIONAL_REPRESENTATION('',(#9215),#9218);
#9215 = B_SPLINE_CURVE_WITH_KNOTS('',1,(#9216,#9217),.UNSPECIFIED.,.F.,
  .F.,(2,2),(11.5,103.5),.PIECEWISE_BEZIER_KNOTS.);
#9216 = CARTESIAN_POINT('',(223.,13.));
#9217 = CARTESIAN_POINT('',(223.,105.));
#9218 = ( GEOMETRIC_REPRESENTATION_CONTEXT(2) 
PARAMETRIC_REPRESENTATION_CONTEXT() REPRESENTATION_CONTEXT('2D SPACE',''
  ) );
#9219 = PCURVE('',#9220,#9225);
#9220 = PLANE('',#9221);
#9221 = AXIS2_PLACEMENT_3D('',#9222,#9223,#9224);
#9222 = CARTESIAN_POINT('',(110.,-56.,2.4));
#9223 = DIRECTION('',(1.,0.,-0.));
#9224 = DIRECTION('',(0.,0.,1.));
#9225 = DEFINITIONAL_REPRESENTATION('',(#9226),#9229);
#9226 = B_SPLINE_CURVE_WITH_KNOTS('',1,(#9227,#9228),.UNSPECIFIED.,.F.,
  .F.,(2,2),(11.5,103.5),.PIECEWISE_BEZIER_KNOTS.);
#9227 = CARTESIAN_POINT('',(1.,-10.));
#9228 = CARTESIAN_POINT('',(1.,-102.));
#9229 = ( GEOMETRIC_REPRESENTATION_CONTEXT(2) 
PARAMETRIC_REPRESENTATION_CONTEXT() REPRESENTATION_CONTEXT('2D SPACE',''
  ) );
#9230 = ORIENTED_EDGE('',*,*,#9231,.F.);
#9231 = EDGE_CURVE('',#9232,#9206,#9234,.T.);
#9232 = VERTEX_POINT('',#9233);
#9233 = CARTESIAN_POINT('',(100.,-56.,3.4));
#9234 = SURFACE_CURVE('',#9235,(#9240,#9247),.PCURVE_S1.);
#9235 = CIRCLE('',#9236,10.);
#9236 = AXIS2_PLACEMENT_3D('',#9237,#9238,#9239);
#9237 = CARTESIAN_POINT('',(100.,-46.,3.4));
#9238 = DIRECTION('',(0.,0.,1.));
#9239 = DIRECTION('',(1.,0.,-0.));
#9240 = PCURVE('',#8409,#9241);
#9241 = DEFINITIONAL_REPRESENTATION('',(#9242),#9246);
#9242 = CIRCLE('',#9243,10.);
#9243 = AXIS2_PLACEMENT_2D('',#9244,#9245);
#9244 = CARTESIAN_POINT('',(213.,13.));
#9245 = DIRECTION('',(1.,0.));
#9246 = ( GEOMETRIC_REPRESENTATION_CONTEXT(2) 
PARAMETRIC_REPRESENTATION_CONTEXT() REPRESENTATION_CONTEXT('2D SPACE',''
  ) );
#9247 = PCURVE('',#9248,#9253);
#9248 = CYLINDRICAL_SURFACE('',#9249,10.);
#9249 = AXIS2_PLACEMENT_3D('',#9250,#9251,#9252);
#9250 = CARTESIAN_POINT('',(100.,-46.,2.4));
#9251 = DIRECTION('',(0.,0.,1.));
#9252 = DIRECTION('',(1.,0.,-0.));
#9253 = DEFINITIONAL_REPRESENTATION('',(#9254),#9258);
#9254 = LINE('',#9255,#9256);
#9255 = CARTESIAN_POINT('',(-6.28318530718,1.));
#9256 = VECTOR('',#9257,1.);
#9257 = DIRECTION('',(1.,-0.));
#9258 = ( GEOMETRIC_REPRESENTATION_CONTEXT(2) 
PARAMETRIC_REPRESENTATION_CONTEXT() REPRESENTATION_CONTEXT('2D SPACE',''
  ) );
#9259 = ORIENTED_EDGE('',*,*,#9260,.T.);
#9260 = EDGE_CURVE('',#9232,#9067,#9261,.T.);
#9261 = SURFACE_CURVE('',#9262,(#9266,#9272),.PCURVE_S1.);
#9262 = LINE('',#9263,#9264);
#9263 = CARTESIAN_POINT('',(-111.5,-56.,3.4));
#9264 = VECTOR('',#9265,1.);
#9265 = DIRECTION('',(-1.,-0.,0.));
#9266 = PCURVE('',#8409,#9267);
#9267 = DEFINITIONAL_REPRESENTATION('',(#9268),#9271);
#9268 = B_SPLINE_CURVE_WITH_KNOTS('',1,(#9269,#9270),.UNSPECIFIED.,.F.,
  .F.,(2,2),(-211.5,-11.5),.PIECEWISE_BEZIER_KNOTS.);
#9269 = CARTESIAN_POINT('',(213.,3.));
#9270 = CARTESIAN_POINT('',(13.,3.));
#9271 = ( GEOMETRIC_REPRESENTATION_CONTEXT(2) 
PARAMETRIC_REPRESENTATION_CONTEXT() REPRESENTATION_CONTEXT('2D SPACE',''
  ) );
#9272 = PCURVE('',#9273,#9278);
#9273 = PLANE('',#9274);
#9274 = AXIS2_PLACEMENT_3D('',#9275,#9276,#9277);
#9275 = CARTESIAN_POINT('',(-110.,-56.,2.4));
#9276 = DIRECTION('',(-0.,1.,0.));
#9277 = DIRECTION('',(0.,0.,1.));
#9278 = DEFINITIONAL_REPRESENTATION('',(#9279),#9282);
#9279 = B_SPLINE_CURVE_WITH_KNOTS('',1,(#9280,#9281),.UNSPECIFIED.,.F.,
  .F.,(2,2),(-211.5,-11.5),.PIECEWISE_BEZIER_KNOTS.);
#9280 = CARTESIAN_POINT('',(1.,210.));
#9281 = CARTESIAN_POINT('',(1.,10.));
#9282 = ( GEOMETRIC_REPRESENTATION_CONTEXT(2) 
PARAMETRIC_REPRESENTATION_CONTEXT() REPRESENTATION_CONTEXT('2D SPACE',''
  ) );
#9283 = ADVANCED_FACE('',(#9284,#9287),#8818,.F.);
#9284 = FACE_BOUND('',#9285,.F.);
#9285 = EDGE_LOOP('',(#9286));
#9286 = ORIENTED_EDGE('',*,*,#9006,.T.);
#9287 = FACE_BOUND('',#9288,.F.);
#9288 = EDGE_LOOP('',(#9289));
#9289 = ORIENTED_EDGE('',*,*,#8803,.F.);
#9290 = ADVANCED_FACE('',(#9291),#9083,.T.);
#9291 = FACE_BOUND('',#9292,.T.);
#9292 = EDGE_LOOP('',(#9293,#9316,#9317,#9340));
#9293 = ORIENTED_EDGE('',*,*,#9294,.F.);
#9294 = EDGE_CURVE('',#9065,#9295,#9297,.T.);
#9295 = VERTEX_POINT('',#9296);
#9296 = CARTESIAN_POINT('',(-110.,-46.,4.));
#9297 = SURFACE_CURVE('',#9298,(#9302,#9309),.PCURVE_S1.);
#9298 = LINE('',#9299,#9300);
#9299 = CARTESIAN_POINT('',(-110.,-46.,2.4));
#9300 = VECTOR('',#9301,1.);
#9301 = DIRECTION('',(0.,0.,1.));
#9302 = PCURVE('',#9083,#9303);
#9303 = DEFINITIONAL_REPRESENTATION('',(#9304),#9308);
#9304 = LINE('',#9305,#9306);
#9305 = CARTESIAN_POINT('',(0.,0.));
#9306 = VECTOR('',#9307,1.);
#9307 = DIRECTION('',(0.,1.));
#9308 = ( GEOMETRIC_REPRESENTATION_CONTEXT(2) 
PARAMETRIC_REPRESENTATION_CONTEXT() REPRESENTATION_CONTEXT('2D SPACE',''
  ) );
#9309 = PCURVE('',#9110,#9310);
#9310 = DEFINITIONAL_REPRESENTATION('',(#9311),#9315);
#9311 = LINE('',#9312,#9313);
#9312 = CARTESIAN_POINT('',(0.,-10.));
#9313 = VECTOR('',#9314,1.);
#9314 = DIRECTION('',(1.,0.));
#9315 = ( GEOMETRIC_REPRESENTATION_CONTEXT(2) 
PARAMETRIC_REPRESENTATION_CONTEXT() REPRESENTATION_CONTEXT('2D SPACE',''
  ) );
#9316 = ORIENTED_EDGE('',*,*,#9064,.T.);
#9317 = ORIENTED_EDGE('',*,*,#9318,.T.);
#9318 = EDGE_CURVE('',#9067,#9319,#9321,.T.);
#9319 = VERTEX_POINT('',#9320);
#9320 = CARTESIAN_POINT('',(-100.,-56.,4.));
#9321 = SURFACE_CURVE('',#9322,(#9326,#9333),.PCURVE_S1.);
#9322 = LINE('',#9323,#9324);
#9323 = CARTESIAN_POINT('',(-100.,-56.,2.4));
#9324 = VECTOR('',#9325,1.);
#9325 = DIRECTION('',(0.,0.,1.));
#9326 = PCURVE('',#9083,#9327);
#9327 = DEFINITIONAL_REPRESENTATION('',(#9328),#9332);
#9328 = LINE('',#9329,#9330);
#9329 = CARTESIAN_POINT('',(1.570796326795,0.));
#9330 = VECTOR('',#9331,1.);
#9331 = DIRECTION('',(0.,1.));
#9332 = ( GEOMETRIC_REPRESENTATION_CONTEXT(2) 
PARAMETRIC_REPRESENTATION_CONTEXT() REPRESENTATION_CONTEXT('2D SPACE',''
  ) );
#9333 = PCURVE('',#9273,#9334);
#9334 = DEFINITIONAL_REPRESENTATION('',(#9335),#9339);
#9335 = LINE('',#9336,#9337);
#9336 = CARTESIAN_POINT('',(0.,10.));
#9337 = VECTOR('',#9338,1.);
#9338 = DIRECTION('',(1.,0.));
#9339 = ( GEOMETRIC_REPRESENTATION_CONTEXT(2) 
PARAMETRIC_REPRESENTATION_CONTEXT() REPRESENTATION_CONTEXT('2D SPACE',''
  ) );
#9340 = ORIENTED_EDGE('',*,*,#9341,.F.);
#9341 = EDGE_CURVE('',#9295,#9319,#9342,.T.);
#9342 = SURFACE_CURVE('',#9343,(#9348,#9355),.PCURVE_S1.);
#9343 = CIRCLE('',#9344,10.);
#9344 = AXIS2_PLACEMENT_3D('',#9345,#9346,#9347);
#9345 = CARTESIAN_POINT('',(-100.,-46.,4.));
#9346 = DIRECTION('',(0.,0.,1.));
#9347 = DIRECTION('',(-1.,-0.,0.));
#9348 = PCURVE('',#9083,#9349);
#9349 = DEFINITIONAL_REPRESENTATION('',(#9350),#9354);
#9350 = LINE('',#9351,#9352);
#9351 = CARTESIAN_POINT('',(0.,1.6));
#9352 = VECTOR('',#9353,1.);
#9353 = DIRECTION('',(1.,0.));
#9354 = ( GEOMETRIC_REPRESENTATION_CONTEXT(2) 
PARAMETRIC_REPRESENTATION_CONTEXT() REPRESENTATION_CONTEXT('2D SPACE',''
  ) );
#9355 = PCURVE('',#9356,#9361);
#9356 = PLANE('',#9357);
#9357 = AXIS2_PLACEMENT_3D('',#9358,#9359,#9360);
#9358 = CARTESIAN_POINT('',(-120.,-66.,4.));
#9359 = DIRECTION('',(0.,0.,1.));
#9360 = DIRECTION('',(1.,0.,-0.));
#9361 = DEFINITIONAL_REPRESENTATION('',(#9362),#9366);
#9362 = CIRCLE('',#9363,10.);
#9363 = AXIS2_PLACEMENT_2D('',#9364,#9365);
#9364 = CARTESIAN_POINT('',(20.,20.));
#9365 = DIRECTION('',(-1.,0.));
#9366 = ( GEOMETRIC_REPRESENTATION_CONTEXT(2) 
PARAMETRIC_REPRESENTATION_CONTEXT() REPRESENTATION_CONTEXT('2D SPACE',''
  ) );
#9367 = ADVANCED_FACE('',(#9368),#9273,.F.);
#9368 = FACE_BOUND('',#9369,.F.);
#9369 = EDGE_LOOP('',(#9370,#9393,#9394,#9395));
#9370 = ORIENTED_EDGE('',*,*,#9371,.F.);
#9371 = EDGE_CURVE('',#9232,#9372,#9374,.T.);
#9372 = VERTEX_POINT('',#9373);
#9373 = CARTESIAN_POINT('',(100.,-56.,4.));
#9374 = SURFACE_CURVE('',#9375,(#9379,#9386),.PCURVE_S1.);
#9375 = LINE('',#9376,#9377);
#9376 = CARTESIAN_POINT('',(100.,-56.,2.4));
#9377 = VECTOR('',#9378,1.);
#9378 = DIRECTION('',(0.,0.,1.));
#9379 = PCURVE('',#9273,#9380);
#9380 = DEFINITIONAL_REPRESENTATION('',(#9381),#9385);
#9381 = LINE('',#9382,#9383);
#9382 = CARTESIAN_POINT('',(0.,210.));
#9383 = VECTOR('',#9384,1.);
#9384 = DIRECTION('',(1.,0.));
#9385 = ( GEOMETRIC_REPRESENTATION_CONTEXT(2) 
PARAMETRIC_REPRESENTATION_CONTEXT() REPRESENTATION_CONTEXT('2D SPACE',''
  ) );
#9386 = PCURVE('',#9248,#9387);
#9387 = DEFINITIONAL_REPRESENTATION('',(#9388),#9392);
#9388 = LINE('',#9389,#9390);
#9389 = CARTESIAN_POINT('',(-1.570796326795,0.));
#9390 = VECTOR('',#9391,1.);
#9391 = DIRECTION('',(-0.,1.));
#9392 = ( GEOMETRIC_REPRESENTATION_CONTEXT(2) 
PARAMETRIC_REPRESENTATION_CONTEXT() REPRESENTATION_CONTEXT('2D SPACE',''
  ) );
#9393 = ORIENTED_EDGE('',*,*,#9260,.T.);
#9394 = ORIENTED_EDGE('',*,*,#9318,.T.);
#9395 = ORIENTED_EDGE('',*,*,#9396,.F.);
#9396 = EDGE_CURVE('',#9372,#9319,#9397,.T.);
#9397 = SURFACE_CURVE('',#9398,(#9402,#9408),.PCURVE_S1.);
#9398 = LINE('',#9399,#9400);
#9399 = CARTESIAN_POINT('',(-115.,-56.,4.));
#9400 = VECTOR('',#9401,1.);
#9401 = DIRECTION('',(-1.,-0.,0.));
#9402 = PCURVE('',#9273,#9403);
#9403 = DEFINITIONAL_REPRESENTATION('',(#9404),#9407);
#9404 = B_SPLINE_CURVE_WITH_KNOTS('',1,(#9405,#9406),.UNSPECIFIED.,.F.,
  .F.,(2,2),(-215.,-15.),.PIECEWISE_BEZIER_KNOTS.);
#9405 = CARTESIAN_POINT('',(1.6,210.));
#9406 = CARTESIAN_POINT('',(1.6,10.));
#9407 = ( GEOMETRIC_REPRESENTATION_CONTEXT(2) 
PARAMETRIC_REPRESENTATION_CONTEXT() REPRESENTATION_CONTEXT('2D SPACE',''
  ) );
#9408 = PCURVE('',#9356,#9409);
#9409 = DEFINITIONAL_REPRESENTATION('',(#9410),#9413);
#9410 = B_SPLINE_CURVE_WITH_KNOTS('',1,(#9411,#9412),.UNSPECIFIED.,.F.,
  .F.,(2,2),(-215.,-15.),.PIECEWISE_BEZIER_KNOTS.);
#9411 = CARTESIAN_POINT('',(220.,10.));
#9412 = CARTESIAN_POINT('',(20.,10.));
#9413 = ( GEOMETRIC_REPRESENTATION_CONTEXT(2) 
PARAMETRIC_REPRESENTATION_CONTEXT() REPRESENTATION_CONTEXT('2D SPACE',''
  ) );
#9414 = ADVANCED_FACE('',(#9415),#9248,.T.);
#9415 = FACE_BOUND('',#9416,.F.);
#9416 = EDGE_LOOP('',(#9417,#9440,#9441,#9442));
#9417 = ORIENTED_EDGE('',*,*,#9418,.F.);
#9418 = EDGE_CURVE('',#9206,#9419,#9421,.T.);
#9419 = VERTEX_POINT('',#9420);
#9420 = CARTESIAN_POINT('',(110.,-46.,4.));
#9421 = SURFACE_CURVE('',#9422,(#9426,#9433),.PCURVE_S1.);
#9422 = LINE('',#9423,#9424);
#9423 = CARTESIAN_POINT('',(110.,-46.,2.4));
#9424 = VECTOR('',#9425,1.);
#9425 = DIRECTION('',(0.,0.,1.));
#9426 = PCURVE('',#9248,#9427);
#9427 = DEFINITIONAL_REPRESENTATION('',(#9428),#9432);
#9428 = LINE('',#9429,#9430);
#9429 = CARTESIAN_POINT('',(-0.,0.));
#9430 = VECTOR('',#9431,1.);
#9431 = DIRECTION('',(-0.,1.));
#9432 = ( GEOMETRIC_REPRESENTATION_CONTEXT(2) 
PARAMETRIC_REPRESENTATION_CONTEXT() REPRESENTATION_CONTEXT('2D SPACE',''
  ) );
#9433 = PCURVE('',#9220,#9434);
#9434 = DEFINITIONAL_REPRESENTATION('',(#9435),#9439);
#9435 = LINE('',#9436,#9437);
#9436 = CARTESIAN_POINT('',(0.,-10.));
#9437 = VECTOR('',#9438,1.);
#9438 = DIRECTION('',(1.,0.));
#9439 = ( GEOMETRIC_REPRESENTATION_CONTEXT(2) 
PARAMETRIC_REPRESENTATION_CONTEXT() REPRESENTATION_CONTEXT('2D SPACE',''
  ) );
#9440 = ORIENTED_EDGE('',*,*,#9231,.F.);
#9441 = ORIENTED_EDGE('',*,*,#9371,.T.);
#9442 = ORIENTED_EDGE('',*,*,#9443,.T.);
#9443 = EDGE_CURVE('',#9372,#9419,#9444,.T.);
#9444 = SURFACE_CURVE('',#9445,(#9450,#9457),.PCURVE_S1.);
#9445 = CIRCLE('',#9446,10.);
#9446 = AXIS2_PLACEMENT_3D('',#9447,#9448,#9449);
#9447 = CARTESIAN_POINT('',(100.,-46.,4.));
#9448 = DIRECTION('',(0.,0.,1.));
#9449 = DIRECTION('',(1.,0.,-0.));
#9450 = PCURVE('',#9248,#9451);
#9451 = DEFINITIONAL_REPRESENTATION('',(#9452),#9456);
#9452 = LINE('',#9453,#9454);
#9453 = CARTESIAN_POINT('',(-6.28318530718,1.6));
#9454 = VECTOR('',#9455,1.);
#9455 = DIRECTION('',(1.,-0.));
#9456 = ( GEOMETRIC_REPRESENTATION_CONTEXT(2) 
PARAMETRIC_REPRESENTATION_CONTEXT() REPRESENTATION_CONTEXT('2D SPACE',''
  ) );
#9457 = PCURVE('',#9356,#9458);
#9458 = DEFINITIONAL_REPRESENTATION('',(#9459),#9463);
#9459 = CIRCLE('',#9460,10.);
#9460 = AXIS2_PLACEMENT_2D('',#9461,#9462);
#9461 = CARTESIAN_POINT('',(220.,20.));
#9462 = DIRECTION('',(1.,0.));
#9463 = ( GEOMETRIC_REPRESENTATION_CONTEXT(2) 
PARAMETRIC_REPRESENTATION_CONTEXT() REPRESENTATION_CONTEXT('2D SPACE',''
  ) );
#9464 = ADVANCED_FACE('',(#9465),#9220,.T.);
#9465 = FACE_BOUND('',#9466,.T.);
#9466 = EDGE_LOOP('',(#9467,#9488,#9489,#9490));
#9467 = ORIENTED_EDGE('',*,*,#9468,.F.);
#9468 = EDGE_CURVE('',#9419,#9469,#9471,.T.);
#9469 = VERTEX_POINT('',#9470);
#9470 = CARTESIAN_POINT('',(110.,46.,4.));
#9471 = SURFACE_CURVE('',#9472,(#9476,#9482),.PCURVE_S1.);
#9472 = LINE('',#9473,#9474);
#9473 = CARTESIAN_POINT('',(110.,-61.,4.));
#9474 = VECTOR('',#9475,1.);
#9475 = DIRECTION('',(-0.,1.,0.));
#9476 = PCURVE('',#9220,#9477);
#9477 = DEFINITIONAL_REPRESENTATION('',(#9478),#9481);
#9478 = B_SPLINE_CURVE_WITH_KNOTS('',1,(#9479,#9480),.UNSPECIFIED.,.F.,
  .F.,(2,2),(15.,107.),.PIECEWISE_BEZIER_KNOTS.);
#9479 = CARTESIAN_POINT('',(1.6,-10.));
#9480 = CARTESIAN_POINT('',(1.6,-102.));
#9481 = ( GEOMETRIC_REPRESENTATION_CONTEXT(2) 
PARAMETRIC_REPRESENTATION_CONTEXT() REPRESENTATION_CONTEXT('2D SPACE',''
  ) );
#9482 = PCURVE('',#9356,#9483);
#9483 = DEFINITIONAL_REPRESENTATION('',(#9484),#9487);
#9484 = B_SPLINE_CURVE_WITH_KNOTS('',1,(#9485,#9486),.UNSPECIFIED.,.F.,
  .F.,(2,2),(15.,107.),.PIECEWISE_BEZIER_KNOTS.);
#9485 = CARTESIAN_POINT('',(230.,20.));
#9486 = CARTESIAN_POINT('',(230.,112.));
#9487 = ( GEOMETRIC_REPRESENTATION_CONTEXT(2) 
PARAMETRIC_REPRESENTATION_CONTEXT() REPRESENTATION_CONTEXT('2D SPACE',''
  ) );
#9488 = ORIENTED_EDGE('',*,*,#9418,.F.);
#9489 = ORIENTED_EDGE('',*,*,#9205,.T.);
#9490 = ORIENTED_EDGE('',*,*,#9491,.T.);
#9491 = EDGE_CURVE('',#9177,#9469,#9492,.T.);
#9492 = SURFACE_CURVE('',#9493,(#9497,#9504),.PCURVE_S1.);
#9493 = LINE('',#9494,#9495);
#9494 = CARTESIAN_POINT('',(110.,46.,2.4));
#9495 = VECTOR('',#9496,1.);
#9496 = DIRECTION('',(0.,0.,1.));
#9497 = PCURVE('',#9220,#9498);
#9498 = DEFINITIONAL_REPRESENTATION('',(#9499),#9503);
#9499 = LINE('',#9500,#9501);
#9500 = CARTESIAN_POINT('',(0.,-102.));
#9501 = VECTOR('',#9502,1.);
#9502 = DIRECTION('',(1.,0.));
#9503 = ( GEOMETRIC_REPRESENTATION_CONTEXT(2) 
PARAMETRIC_REPRESENTATION_CONTEXT() REPRESENTATION_CONTEXT('2D SPACE',''
  ) );
#9504 = PCURVE('',#9193,#9505);
#9505 = DEFINITIONAL_REPRESENTATION('',(#9506),#9510);
#9506 = LINE('',#9507,#9508);
#9507 = CARTESIAN_POINT('',(0.,0.));
#9508 = VECTOR('',#9509,1.);
#9509 = DIRECTION('',(0.,1.));
#9510 = ( GEOMETRIC_REPRESENTATION_CONTEXT(2) 
PARAMETRIC_REPRESENTATION_CONTEXT() REPRESENTATION_CONTEXT('2D SPACE',''
  ) );
#9511 = ADVANCED_FACE('',(#9512),#9193,.T.);
#9512 = FACE_BOUND('',#9513,.T.);
#9513 = EDGE_LOOP('',(#9514,#9515,#9516,#9539));
#9514 = ORIENTED_EDGE('',*,*,#9491,.F.);
#9515 = ORIENTED_EDGE('',*,*,#9176,.T.);
#9516 = ORIENTED_EDGE('',*,*,#9517,.T.);
#9517 = EDGE_CURVE('',#9151,#9518,#9520,.T.);
#9518 = VERTEX_POINT('',#9519);
#9519 = CARTESIAN_POINT('',(100.,56.,4.));
#9520 = SURFACE_CURVE('',#9521,(#9525,#9532),.PCURVE_S1.);
#9521 = LINE('',#9522,#9523);
#9522 = CARTESIAN_POINT('',(100.,56.,2.4));
#9523 = VECTOR('',#9524,1.);
#9524 = DIRECTION('',(0.,0.,1.));
#9525 = PCURVE('',#9193,#9526);
#9526 = DEFINITIONAL_REPRESENTATION('',(#9527),#9531);
#9527 = LINE('',#9528,#9529);
#9528 = CARTESIAN_POINT('',(1.570796326795,0.));
#9529 = VECTOR('',#9530,1.);
#9530 = DIRECTION('',(0.,1.));
#9531 = ( GEOMETRIC_REPRESENTATION_CONTEXT(2) 
PARAMETRIC_REPRESENTATION_CONTEXT() REPRESENTATION_CONTEXT('2D SPACE',''
  ) );
#9532 = PCURVE('',#9165,#9533);
#9533 = DEFINITIONAL_REPRESENTATION('',(#9534),#9538);
#9534 = LINE('',#9535,#9536);
#9535 = CARTESIAN_POINT('',(0.,210.));
#9536 = VECTOR('',#9537,1.);
#9537 = DIRECTION('',(1.,0.));
#9538 = ( GEOMETRIC_REPRESENTATION_CONTEXT(2) 
PARAMETRIC_REPRESENTATION_CONTEXT() REPRESENTATION_CONTEXT('2D SPACE',''
  ) );
#9539 = ORIENTED_EDGE('',*,*,#9540,.F.);
#9540 = EDGE_CURVE('',#9469,#9518,#9541,.T.);
#9541 = SURFACE_CURVE('',#9542,(#9547,#9554),.PCURVE_S1.);
#9542 = CIRCLE('',#9543,10.);
#9543 = AXIS2_PLACEMENT_3D('',#9544,#9545,#9546);
#9544 = CARTESIAN_POINT('',(100.,46.,4.));
#9545 = DIRECTION('',(0.,0.,1.));
#9546 = DIRECTION('',(1.,0.,-0.));
#9547 = PCURVE('',#9193,#9548);
#9548 = DEFINITIONAL_REPRESENTATION('',(#9549),#9553);
#9549 = LINE('',#9550,#9551);
#9550 = CARTESIAN_POINT('',(0.,1.6));
#9551 = VECTOR('',#9552,1.);
#9552 = DIRECTION('',(1.,0.));
#9553 = ( GEOMETRIC_REPRESENTATION_CONTEXT(2) 
PARAMETRIC_REPRESENTATION_CONTEXT() REPRESENTATION_CONTEXT('2D SPACE',''
  ) );
#9554 = PCURVE('',#9356,#9555);
#9555 = DEFINITIONAL_REPRESENTATION('',(#9556),#9560);
#9556 = CIRCLE('',#9557,10.);
#9557 = AXIS2_PLACEMENT_2D('',#9558,#9559);
#9558 = CARTESIAN_POINT('',(220.,112.));
#9559 = DIRECTION('',(1.,0.));
#9560 = ( GEOMETRIC_REPRESENTATION_CONTEXT(2) 
PARAMETRIC_REPRESENTATION_CONTEXT() REPRESENTATION_CONTEXT('2D SPACE',''
  ) );
#9561 = ADVANCED_FACE('',(#9562),#9165,.T.);
#9562 = FACE_BOUND('',#9563,.T.);
#9563 = EDGE_LOOP('',(#9564,#9565,#9566,#9589));
#9564 = ORIENTED_EDGE('',*,*,#9517,.F.);
#9565 = ORIENTED_EDGE('',*,*,#9150,.T.);
#9566 = ORIENTED_EDGE('',*,*,#9567,.T.);
#9567 = EDGE_CURVE('',#9122,#9568,#9570,.T.);
#9568 = VERTEX_POINT('',#9569);
#9569 = CARTESIAN_POINT('',(-100.,56.,4.));
#9570 = SURFACE_CURVE('',#9571,(#9575,#9582),.PCURVE_S1.);
#9571 = LINE('',#9572,#9573);
#9572 = CARTESIAN_POINT('',(-100.,56.,2.4));
#9573 = VECTOR('',#9574,1.);
#9574 = DIRECTION('',(0.,0.,1.));
#9575 = PCURVE('',#9165,#9576);
#9576 = DEFINITIONAL_REPRESENTATION('',(#9577),#9581);
#9577 = LINE('',#9578,#9579);
#9578 = CARTESIAN_POINT('',(0.,10.));
#9579 = VECTOR('',#9580,1.);
#9580 = DIRECTION('',(1.,0.));
#9581 = ( GEOMETRIC_REPRESENTATION_CONTEXT(2) 
PARAMETRIC_REPRESENTATION_CONTEXT() REPRESENTATION_CONTEXT('2D SPACE',''
  ) );
#9582 = PCURVE('',#9138,#9583);
#9583 = DEFINITIONAL_REPRESENTATION('',(#9584),#9588);
#9584 = LINE('',#9585,#9586);
#9585 = CARTESIAN_POINT('',(-1.570796326795,0.));
#9586 = VECTOR('',#9587,1.);
#9587 = DIRECTION('',(-0.,1.));
#9588 = ( GEOMETRIC_REPRESENTATION_CONTEXT(2) 
PARAMETRIC_REPRESENTATION_CONTEXT() REPRESENTATION_CONTEXT('2D SPACE',''
  ) );
#9589 = ORIENTED_EDGE('',*,*,#9590,.F.);
#9590 = EDGE_CURVE('',#9518,#9568,#9591,.T.);
#9591 = SURFACE_CURVE('',#9592,(#9596,#9602),.PCURVE_S1.);
#9592 = LINE('',#9593,#9594);
#9593 = CARTESIAN_POINT('',(-115.,56.,4.));
#9594 = VECTOR('',#9595,1.);
#9595 = DIRECTION('',(-1.,-0.,0.));
#9596 = PCURVE('',#9165,#9597);
#9597 = DEFINITIONAL_REPRESENTATION('',(#9598),#9601);
#9598 = B_SPLINE_CURVE_WITH_KNOTS('',1,(#9599,#9600),.UNSPECIFIED.,.F.,
  .F.,(2,2),(-215.,-15.),.PIECEWISE_BEZIER_KNOTS.);
#9599 = CARTESIAN_POINT('',(1.6,210.));
#9600 = CARTESIAN_POINT('',(1.6,10.));
#9601 = ( GEOMETRIC_REPRESENTATION_CONTEXT(2) 
PARAMETRIC_REPRESENTATION_CONTEXT() REPRESENTATION_CONTEXT('2D SPACE',''
  ) );
#9602 = PCURVE('',#9356,#9603);
#9603 = DEFINITIONAL_REPRESENTATION('',(#9604),#9607);
#9604 = B_SPLINE_CURVE_WITH_KNOTS('',1,(#9605,#9606),.UNSPECIFIED.,.F.,
  .F.,(2,2),(-215.,-15.),.PIECEWISE_BEZIER_KNOTS.);
#9605 = CARTESIAN_POINT('',(220.,122.));
#9606 = CARTESIAN_POINT('',(20.,122.));
#9607 = ( GEOMETRIC_REPRESENTATION_CONTEXT(2) 
PARAMETRIC_REPRESENTATION_CONTEXT() REPRESENTATION_CONTEXT('2D SPACE',''
  ) );
#9608 = ADVANCED_FACE('',(#9609),#9138,.T.);
#9609 = FACE_BOUND('',#9610,.F.);
#9610 = EDGE_LOOP('',(#9611,#9634,#9635,#9636));
#9611 = ORIENTED_EDGE('',*,*,#9612,.F.);
#9612 = EDGE_CURVE('',#9096,#9613,#9615,.T.);
#9613 = VERTEX_POINT('',#9614);
#9614 = CARTESIAN_POINT('',(-110.,46.,4.));
#9615 = SURFACE_CURVE('',#9616,(#9620,#9627),.PCURVE_S1.);
#9616 = LINE('',#9617,#9618);
#9617 = CARTESIAN_POINT('',(-110.,46.,2.4));
#9618 = VECTOR('',#9619,1.);
#9619 = DIRECTION('',(0.,0.,1.));
#9620 = PCURVE('',#9138,#9621);
#9621 = DEFINITIONAL_REPRESENTATION('',(#9622),#9626);
#9622 = LINE('',#9623,#9624);
#9623 = CARTESIAN_POINT('',(-0.,0.));
#9624 = VECTOR('',#9625,1.);
#9625 = DIRECTION('',(-0.,1.));
#9626 = ( GEOMETRIC_REPRESENTATION_CONTEXT(2) 
PARAMETRIC_REPRESENTATION_CONTEXT() REPRESENTATION_CONTEXT('2D SPACE',''
  ) );
#9627 = PCURVE('',#9110,#9628);
#9628 = DEFINITIONAL_REPRESENTATION('',(#9629),#9633);
#9629 = LINE('',#9630,#9631);
#9630 = CARTESIAN_POINT('',(0.,-102.));
#9631 = VECTOR('',#9632,1.);
#9632 = DIRECTION('',(1.,0.));
#9633 = ( GEOMETRIC_REPRESENTATION_CONTEXT(2) 
PARAMETRIC_REPRESENTATION_CONTEXT() REPRESENTATION_CONTEXT('2D SPACE',''
  ) );
#9634 = ORIENTED_EDGE('',*,*,#9121,.F.);
#9635 = ORIENTED_EDGE('',*,*,#9567,.T.);
#9636 = ORIENTED_EDGE('',*,*,#9637,.T.);
#9637 = EDGE_CURVE('',#9568,#9613,#9638,.T.);
#9638 = SURFACE_CURVE('',#9639,(#9644,#9651),.PCURVE_S1.);
#9639 = CIRCLE('',#9640,10.);
#9640 = AXIS2_PLACEMENT_3D('',#9641,#9642,#9643);
#9641 = CARTESIAN_POINT('',(-100.,46.,4.));
#9642 = DIRECTION('',(0.,0.,1.));
#9643 = DIRECTION('',(-1.,-0.,0.));
#9644 = PCURVE('',#9138,#9645);
#9645 = DEFINITIONAL_REPRESENTATION('',(#9646),#9650);
#9646 = LINE('',#9647,#9648);
#9647 = CARTESIAN_POINT('',(-6.28318530718,1.6));
#9648 = VECTOR('',#9649,1.);
#9649 = DIRECTION('',(1.,-0.));
#9650 = ( GEOMETRIC_REPRESENTATION_CONTEXT(2) 
PARAMETRIC_REPRESENTATION_CONTEXT() REPRESENTATION_CONTEXT('2D SPACE',''
  ) );
#9651 = PCURVE('',#9356,#9652);
#9652 = DEFINITIONAL_REPRESENTATION('',(#9653),#9657);
#9653 = CIRCLE('',#9654,10.);
#9654 = AXIS2_PLACEMENT_2D('',#9655,#9656);
#9655 = CARTESIAN_POINT('',(20.,112.));
#9656 = DIRECTION('',(-1.,0.));
#9657 = ( GEOMETRIC_REPRESENTATION_CONTEXT(2) 
PARAMETRIC_REPRESENTATION_CONTEXT() REPRESENTATION_CONTEXT('2D SPACE',''
  ) );
#9658 = ADVANCED_FACE('',(#9659),#9110,.F.);
#9659 = FACE_BOUND('',#9660,.F.);
#9660 = EDGE_LOOP('',(#9661,#9680,#9681,#9682));
#9661 = ORIENTED_EDGE('',*,*,#9662,.F.);
#9662 = EDGE_CURVE('',#9295,#9613,#9663,.T.);
#9663 = SURFACE_CURVE('',#9664,(#9668,#9674),.PCURVE_S1.);
#9664 = LINE('',#9665,#9666);
#9665 = CARTESIAN_POINT('',(-110.,-61.,4.));
#9666 = VECTOR('',#9667,1.);
#9667 = DIRECTION('',(-0.,1.,0.));
#9668 = PCURVE('',#9110,#9669);
#9669 = DEFINITIONAL_REPRESENTATION('',(#9670),#9673);
#9670 = B_SPLINE_CURVE_WITH_KNOTS('',1,(#9671,#9672),.UNSPECIFIED.,.F.,
  .F.,(2,2),(15.,107.),.PIECEWISE_BEZIER_KNOTS.);
#9671 = CARTESIAN_POINT('',(1.6,-10.));
#9672 = CARTESIAN_POINT('',(1.6,-102.));
#9673 = ( GEOMETRIC_REPRESENTATION_CONTEXT(2) 
PARAMETRIC_REPRESENTATION_CONTEXT() REPRESENTATION_CONTEXT('2D SPACE',''
  ) );
#9674 = PCURVE('',#9356,#9675);
#9675 = DEFINITIONAL_REPRESENTATION('',(#9676),#9679);
#9676 = B_SPLINE_CURVE_WITH_KNOTS('',1,(#9677,#9678),.UNSPECIFIED.,.F.,
  .F.,(2,2),(15.,107.),.PIECEWISE_BEZIER_KNOTS.);
#9677 = CARTESIAN_POINT('',(10.,20.));
#9678 = CARTESIAN_POINT('',(10.,112.));
#9679 = ( GEOMETRIC_REPRESENTATION_CONTEXT(2) 
PARAMETRIC_REPRESENTATION_CONTEXT() REPRESENTATION_CONTEXT('2D SPACE',''
  ) );
#9680 = ORIENTED_EDGE('',*,*,#9294,.F.);
#9681 = ORIENTED_EDGE('',*,*,#9095,.T.);
#9682 = ORIENTED_EDGE('',*,*,#9612,.T.);
#9683 = ADVANCED_FACE('',(#9684),#9356,.T.);
#9684 = FACE_BOUND('',#9685,.T.);
#9685 = EDGE_LOOP('',(#9686,#9687,#9688,#9689,#9690,#9691,#9692,#9693));
#9686 = ORIENTED_EDGE('',*,*,#9662,.F.);
#9687 = ORIENTED_EDGE('',*,*,#9341,.T.);
#9688 = ORIENTED_EDGE('',*,*,#9396,.F.);
#9689 = ORIENTED_EDGE('',*,*,#9443,.T.);
#9690 = ORIENTED_EDGE('',*,*,#9468,.T.);
#9691 = ORIENTED_EDGE('',*,*,#9540,.T.);
#9692 = ORIENTED_EDGE('',*,*,#9590,.T.);
#9693 = ORIENTED_EDGE('',*,*,#9637,.T.);
#9694 = ( GEOMETRIC_REPRESENTATION_CONTEXT(3) 
GLOBAL_UNCERTAINTY_ASSIGNED_CONTEXT((#9698)) 
GLOBAL_UNIT_ASSIGNED_CONTEXT((#9695,#9696,#9697)) REPRESENTATION_CONTEXT
('Context #1','3D Context with UNIT and UNCERTAINTY') );
#9695 = ( LENGTH_UNIT() NAMED_UNIT(*) SI_UNIT(.MILLI.,.METRE.) );
#9696 = ( NAMED_UNIT(*) PLANE_ANGLE_UNIT() SI_UNIT($,.RADIAN.) );
#9697 = ( NAMED_UNIT(*) SI_UNIT($,.STERADIAN.) SOLID_ANGLE_UNIT() );
#9698 = UNCERTAINTY_MEASURE_WITH_UNIT(LENGTH_MEASURE(1.E-07),#9695,
  'distance_accuracy_value','confusion accuracy');
#9699 = CONTEXT_DEPENDENT_SHAPE_REPRESENTATION(#9700,#9702);
#9700 = ( REPRESENTATION_RELATIONSHIP('','',#7063,#10) 
REPRESENTATION_RELATIONSHIP_WITH_TRANSFORMATION(#9701) 
SHAPE_REPRESENTATION_RELATIONSHIP() );
#9701 = ITEM_DEFINED_TRANSFORMATION('','',#11,#23);
#9702 = PRODUCT_DEFINITION_SHAPE('Placement','Placement of an item',
  #9703);
#9703 = NEXT_ASSEMBLY_USAGE_OCCURRENCE('3',
  'split_v2_structural_service_panel','',#5,#7058,$);
#9704 = PRODUCT_RELATED_PRODUCT_CATEGORY('part',$,(#7060));
#9705 = SHAPE_DEFINITION_REPRESENTATION(#9706,#9712);
#9706 = PRODUCT_DEFINITION_SHAPE('','',#9707);
#9707 = PRODUCT_DEFINITION('design','',#9708,#9711);
#9708 = PRODUCT_DEFINITION_FORMATION('','',#9709);
#9709 = PRODUCT('split_v2_petg_actuator_spine',
  'split_v2_petg_actuator_spine','',(#9710));
#9710 = PRODUCT_CONTEXT('',#2,'mechanical');
#9711 = PRODUCT_DEFINITION_CONTEXT('part definition',#2,'design');
#9712 = ADVANCED_BREP_SHAPE_REPRESENTATION('',(#11,#9713),#11051);
#9713 = MANIFOLD_SOLID_BREP('',#9714);
#9714 = CLOSED_SHELL('',(#9715,#9835,#10283,#10333,#10387,#10720,#10747,
    #10774,#10801,#10828,#10835,#10862,#10889,#10916,#10943,#10970,
    #10997,#11024));
#9715 = ADVANCED_FACE('',(#9716),#9730,.F.);
#9716 = FACE_BOUND('',#9717,.F.);
#9717 = EDGE_LOOP('',(#9718,#9753,#9781,#9809));
#9718 = ORIENTED_EDGE('',*,*,#9719,.F.);
#9719 = EDGE_CURVE('',#9720,#9722,#9724,.T.);
#9720 = VERTEX_POINT('',#9721);
#9721 = CARTESIAN_POINT('',(-105.,-42.,53.));
#9722 = VERTEX_POINT('',#9723);
#9723 = CARTESIAN_POINT('',(-105.,42.,53.));
#9724 = SURFACE_CURVE('',#9725,(#9729,#9741),.PCURVE_S1.);
#9725 = LINE('',#9726,#9727);
#9726 = CARTESIAN_POINT('',(-105.,-50.,53.));
#9727 = VECTOR('',#9728,1.);
#9728 = DIRECTION('',(-0.,1.,0.));
#9729 = PCURVE('',#9730,#9735);
#9730 = PLANE('',#9731);
#9731 = AXIS2_PLACEMENT_3D('',#9732,#9733,#9734);
#9732 = CARTESIAN_POINT('',(-105.,-50.,43.));
#9733 = DIRECTION('',(1.,0.,-0.));
#9734 = DIRECTION('',(0.,0.,1.));
#9735 = DEFINITIONAL_REPRESENTATION('',(#9736),#9740);
#9736 = LINE('',#9737,#9738);
#9737 = CARTESIAN_POINT('',(10.,0.));
#9738 = VECTOR('',#9739,1.);
#9739 = DIRECTION('',(0.,-1.));
#9740 = ( GEOMETRIC_REPRESENTATION_CONTEXT(2) 
PARAMETRIC_REPRESENTATION_CONTEXT() REPRESENTATION_CONTEXT('2D SPACE',''
  ) );
#9741 = PCURVE('',#9742,#9747);
#9742 = PLANE('',#9743);
#9743 = AXIS2_PLACEMENT_3D('',#9744,#9745,#9746);
#9744 = CARTESIAN_POINT('',(-105.,-50.,53.));
#9745 = DIRECTION('',(0.,0.,1.));
#9746 = DIRECTION('',(1.,0.,-0.));
#9747 = DEFINITIONAL_REPRESENTATION('',(#9748),#9752);
#9748 = LINE('',#9749,#9750);
#9749 = CARTESIAN_POINT('',(0.,0.));
#9750 = VECTOR('',#9751,1.);
#9751 = DIRECTION('',(0.,1.));
#9752 = ( GEOMETRIC_REPRESENTATION_CONTEXT(2) 
PARAMETRIC_REPRESENTATION_CONTEXT() REPRESENTATION_CONTEXT('2D SPACE',''
  ) );
#9753 = ORIENTED_EDGE('',*,*,#9754,.F.);
#9754 = EDGE_CURVE('',#9755,#9720,#9757,.T.);
#9755 = VERTEX_POINT('',#9756);
#9756 = CARTESIAN_POINT('',(-105.,-42.,43.));
#9757 = SURFACE_CURVE('',#9758,(#9762,#9769),.PCURVE_S1.);
#9758 = LINE('',#9759,#9760);
#9759 = CARTESIAN_POINT('',(-105.,-42.,43.));
#9760 = VECTOR('',#9761,1.);
#9761 = DIRECTION('',(0.,0.,1.));
#9762 = PCURVE('',#9730,#9763);
#9763 = DEFINITIONAL_REPRESENTATION('',(#9764),#9768);
#9764 = LINE('',#9765,#9766);
#9765 = CARTESIAN_POINT('',(0.,-8.));
#9766 = VECTOR('',#9767,1.);
#9767 = DIRECTION('',(1.,0.));
#9768 = ( GEOMETRIC_REPRESENTATION_CONTEXT(2) 
PARAMETRIC_REPRESENTATION_CONTEXT() REPRESENTATION_CONTEXT('2D SPACE',''
  ) );
#9769 = PCURVE('',#9770,#9775);
#9770 = CYLINDRICAL_SURFACE('',#9771,8.);
#9771 = AXIS2_PLACEMENT_3D('',#9772,#9773,#9774);
#9772 = CARTESIAN_POINT('',(-97.,-42.,43.));
#9773 = DIRECTION('',(0.,0.,1.));
#9774 = DIRECTION('',(-1.,-0.,0.));
#9775 = DEFINITIONAL_REPRESENTATION('',(#9776),#9780);
#9776 = LINE('',#9777,#9778);
#9777 = CARTESIAN_POINT('',(0.,0.));
#9778 = VECTOR('',#9779,1.);
#9779 = DIRECTION('',(0.,1.));
#9780 = ( GEOMETRIC_REPRESENTATION_CONTEXT(2) 
PARAMETRIC_REPRESENTATION_CONTEXT() REPRESENTATION_CONTEXT('2D SPACE',''
  ) );
#9781 = ORIENTED_EDGE('',*,*,#9782,.T.);
#9782 = EDGE_CURVE('',#9755,#9783,#9785,.T.);
#9783 = VERTEX_POINT('',#9784);
#9784 = CARTESIAN_POINT('',(-105.,42.,43.));
#9785 = SURFACE_CURVE('',#9786,(#9790,#9797),.PCURVE_S1.);
#9786 = LINE('',#9787,#9788);
#9787 = CARTESIAN_POINT('',(-105.,-50.,43.));
#9788 = VECTOR('',#9789,1.);
#9789 = DIRECTION('',(-0.,1.,0.));
#9790 = PCURVE('',#9730,#9791);
#9791 = DEFINITIONAL_REPRESENTATION('',(#9792),#9796);
#9792 = LINE('',#9793,#9794);
#9793 = CARTESIAN_POINT('',(0.,0.));
#9794 = VECTOR('',#9795,1.);
#9795 = DIRECTION('',(0.,-1.));
#9796 = ( GEOMETRIC_REPRESENTATION_CONTEXT(2) 
PARAMETRIC_REPRESENTATION_CONTEXT() REPRESENTATION_CONTEXT('2D SPACE',''
  ) );
#9797 = PCURVE('',#9798,#9803);
#9798 = PLANE('',#9799);
#9799 = AXIS2_PLACEMENT_3D('',#9800,#9801,#9802);
#9800 = CARTESIAN_POINT('',(-105.,-50.,43.));
#9801 = DIRECTION('',(0.,0.,1.));
#9802 = DIRECTION('',(1.,0.,-0.));
#9803 = DEFINITIONAL_REPRESENTATION('',(#9804),#9808);
#9804 = LINE('',#9805,#9806);
#9805 = CARTESIAN_POINT('',(0.,0.));
#9806 = VECTOR('',#9807,1.);
#9807 = DIRECTION('',(0.,1.));
#9808 = ( GEOMETRIC_REPRESENTATION_CONTEXT(2) 
PARAMETRIC_REPRESENTATION_CONTEXT() REPRESENTATION_CONTEXT('2D SPACE',''
  ) );
#9809 = ORIENTED_EDGE('',*,*,#9810,.T.);
#9810 = EDGE_CURVE('',#9783,#9722,#9811,.T.);
#9811 = SURFACE_CURVE('',#9812,(#9816,#9823),.PCURVE_S1.);
#9812 = LINE('',#9813,#9814);
#9813 = CARTESIAN_POINT('',(-105.,42.,43.));
#9814 = VECTOR('',#9815,1.);
#9815 = DIRECTION('',(0.,0.,1.));
#9816 = PCURVE('',#9730,#9817);
#9817 = DEFINITIONAL_REPRESENTATION('',(#9818),#9822);
#9818 = LINE('',#9819,#9820);
#9819 = CARTESIAN_POINT('',(0.,-92.));
#9820 = VECTOR('',#9821,1.);
#9821 = DIRECTION('',(1.,0.));
#9822 = ( GEOMETRIC_REPRESENTATION_CONTEXT(2) 
PARAMETRIC_REPRESENTATION_CONTEXT() REPRESENTATION_CONTEXT('2D SPACE',''
  ) );
#9823 = PCURVE('',#9824,#9829);
#9824 = CYLINDRICAL_SURFACE('',#9825,8.);
#9825 = AXIS2_PLACEMENT_3D('',#9826,#9827,#9828);
#9826 = CARTESIAN_POINT('',(-97.,42.,43.));
#9827 = DIRECTION('',(0.,0.,1.));
#9828 = DIRECTION('',(-1.,-0.,0.));
#9829 = DEFINITIONAL_REPRESENTATION('',(#9830),#9834);
#9830 = LINE('',#9831,#9832);
#9831 = CARTESIAN_POINT('',(-0.,0.));
#9832 = VECTOR('',#9833,1.);
#9833 = DIRECTION('',(-0.,1.));
#9834 = ( GEOMETRIC_REPRESENTATION_CONTEXT(2) 
PARAMETRIC_REPRESENTATION_CONTEXT() REPRESENTATION_CONTEXT('2D SPACE',''
  ) );
#9835 = ADVANCED_FACE('',(#9836,#10035,#10066,#10097,#10128,#10159,
    #10190,#10221,#10252),#9742,.T.);
#9836 = FACE_BOUND('',#9837,.T.);
#9837 = EDGE_LOOP('',(#9838,#9839,#9863,#9891,#9924,#9952,#9981,#10009)
  );
#9838 = ORIENTED_EDGE('',*,*,#9719,.F.);
#9839 = ORIENTED_EDGE('',*,*,#9840,.T.);
#9840 = EDGE_CURVE('',#9720,#9841,#9843,.T.);
#9841 = VERTEX_POINT('',#9842);
#9842 = CARTESIAN_POINT('',(-97.,-50.,53.));
#9843 = SURFACE_CURVE('',#9844,(#9849,#9856),.PCURVE_S1.);
#9844 = CIRCLE('',#9845,8.);
#9845 = AXIS2_PLACEMENT_3D('',#9846,#9847,#9848);
#9846 = CARTESIAN_POINT('',(-97.,-42.,53.));
#9847 = DIRECTION('',(0.,0.,1.));
#9848 = DIRECTION('',(0.,-1.,0.));
#9849 = PCURVE('',#9742,#9850);
#9850 = DEFINITIONAL_REPRESENTATION('',(#9851),#9855);
#9851 = CIRCLE('',#9852,8.);
#9852 = AXIS2_PLACEMENT_2D('',#9853,#9854);
#9853 = CARTESIAN_POINT('',(8.,8.));
#9854 = DIRECTION('',(0.,-1.));
#9855 = ( GEOMETRIC_REPRESENTATION_CONTEXT(2) 
PARAMETRIC_REPRESENTATION_CONTEXT() REPRESENTATION_CONTEXT('2D SPACE',''
  ) );
#9856 = PCURVE('',#9770,#9857);
#9857 = DEFINITIONAL_REPRESENTATION('',(#9858),#9862);
#9858 = LINE('',#9859,#9860);
#9859 = CARTESIAN_POINT('',(-4.712388980385,10.));
#9860 = VECTOR('',#9861,1.);
#9861 = DIRECTION('',(1.,0.));
#9862 = ( GEOMETRIC_REPRESENTATION_CONTEXT(2) 
PARAMETRIC_REPRESENTATION_CONTEXT() REPRESENTATION_CONTEXT('2D SPACE',''
  ) );
#9863 = ORIENTED_EDGE('',*,*,#9864,.T.);
#9864 = EDGE_CURVE('',#9841,#9865,#9867,.T.);
#9865 = VERTEX_POINT('',#9866);
#9866 = CARTESIAN_POINT('',(97.,-50.,53.));
#9867 = SURFACE_CURVE('',#9868,(#9872,#9879),.PCURVE_S1.);
#9868 = LINE('',#9869,#9870);
#9869 = CARTESIAN_POINT('',(-105.,-50.,53.));
#9870 = VECTOR('',#9871,1.);
#9871 = DIRECTION('',(1.,0.,-0.));
#9872 = PCURVE('',#9742,#9873);
#9873 = DEFINITIONAL_REPRESENTATION('',(#9874),#9878);
#9874 = LINE('',#9875,#9876);
#9875 = CARTESIAN_POINT('',(0.,0.));
#9876 = VECTOR('',#9877,1.);
#9877 = DIRECTION('',(1.,0.));
#9878 = ( GEOMETRIC_REPRESENTATION_CONTEXT(2) 
PARAMETRIC_REPRESENTATION_CONTEXT() REPRESENTATION_CONTEXT('2D SPACE',''
  ) );
#9879 = PCURVE('',#9880,#9885);
#9880 = PLANE('',#9881);
#9881 = AXIS2_PLACEMENT_3D('',#9882,#9883,#9884);
#9882 = CARTESIAN_POINT('',(-105.,-50.,43.));
#9883 = DIRECTION('',(-0.,1.,0.));
#9884 = DIRECTION('',(0.,0.,1.));
#9885 = DEFINITIONAL_REPRESENTATION('',(#9886),#9890);
#9886 = LINE('',#9887,#9888);
#9887 = CARTESIAN_POINT('',(10.,0.));
#9888 = VECTOR('',#9889,1.);
#9889 = DIRECTION('',(0.,1.));
#9890 = ( GEOMETRIC_REPRESENTATION_CONTEXT(2) 
PARAMETRIC_REPRESENTATION_CONTEXT() REPRESENTATION_CONTEXT('2D SPACE',''
  ) );
#9891 = ORIENTED_EDGE('',*,*,#9892,.F.);
#9892 = EDGE_CURVE('',#9893,#9865,#9895,.T.);
#9893 = VERTEX_POINT('',#9894);
#9894 = CARTESIAN_POINT('',(105.,-42.,53.));
#9895 = SURFACE_CURVE('',#9896,(#9901,#9912),.PCURVE_S1.);
#9896 = CIRCLE('',#9897,8.);
#9897 = AXIS2_PLACEMENT_3D('',#9898,#9899,#9900);
#9898 = CARTESIAN_POINT('',(97.,-42.,53.));
#9899 = DIRECTION('',(-0.,-0.,-1.));
#9900 = DIRECTION('',(0.,-1.,0.));
#9901 = PCURVE('',#9742,#9902);
#9902 = DEFINITIONAL_REPRESENTATION('',(#9903),#9911);
#9903 = ( BOUNDED_CURVE() B_SPLINE_CURVE(2,(#9904,#9905,#9906,#9907,
#9908,#9909,#9910),.UNSPECIFIED.,.T.,.F.) B_SPLINE_CURVE_WITH_KNOTS((1,2
    ,2,2,2,1),(-2.094395102393,0.,2.094395102393,4.188790204786,
6.28318530718,8.377580409573),.UNSPECIFIED.) CURVE() 
GEOMETRIC_REPRESENTATION_ITEM() RATIONAL_B_SPLINE_CURVE((1.,0.5,1.,0.5,
1.,0.5,1.)) REPRESENTATION_ITEM('') );
#9904 = CARTESIAN_POINT('',(202.,0.));
#9905 = CARTESIAN_POINT('',(188.14359353944,0.));
#9906 = CARTESIAN_POINT('',(195.07179676972,12.));
#9907 = CARTESIAN_POINT('',(202.,24.));
#9908 = CARTESIAN_POINT('',(208.92820323027,12.));
#9909 = CARTESIAN_POINT('',(215.85640646055,1.24344978758E-14));
#9910 = CARTESIAN_POINT('',(202.,0.));
#9911 = ( GEOMETRIC_REPRESENTATION_CONTEXT(2) 
PARAMETRIC_REPRESENTATION_CONTEXT() REPRESENTATION_CONTEXT('2D SPACE',''
  ) );
#9912 = PCURVE('',#9913,#9918);
#9913 = CYLINDRICAL_SURFACE('',#9914,8.);
#9914 = AXIS2_PLACEMENT_3D('',#9915,#9916,#9917);
#9915 = CARTESIAN_POINT('',(97.,-42.,43.));
#9916 = DIRECTION('',(0.,0.,1.));
#9917 = DIRECTION('',(1.,0.,-0.));
#9918 = DEFINITIONAL_REPRESENTATION('',(#9919),#9923);
#9919 = LINE('',#9920,#9921);
#9920 = CARTESIAN_POINT('',(4.712388980385,10.));
#9921 = VECTOR('',#9922,1.);
#9922 = DIRECTION('',(-1.,0.));
#9923 = ( GEOMETRIC_REPRESENTATION_CONTEXT(2) 
PARAMETRIC_REPRESENTATION_CONTEXT() REPRESENTATION_CONTEXT('2D SPACE',''
  ) );
#9924 = ORIENTED_EDGE('',*,*,#9925,.T.);
#9925 = EDGE_CURVE('',#9893,#9926,#9928,.T.);
#9926 = VERTEX_POINT('',#9927);
#9927 = CARTESIAN_POINT('',(105.,42.,53.));
#9928 = SURFACE_CURVE('',#9929,(#9933,#9940),.PCURVE_S1.);
#9929 = LINE('',#9930,#9931);
#9930 = CARTESIAN_POINT('',(105.,-50.,53.));
#9931 = VECTOR('',#9932,1.);
#9932 = DIRECTION('',(-0.,1.,0.));
#9933 = PCURVE('',#9742,#9934);
#9934 = DEFINITIONAL_REPRESENTATION('',(#9935),#9939);
#9935 = LINE('',#9936,#9937);
#9936 = CARTESIAN_POINT('',(210.,0.));
#9937 = VECTOR('',#9938,1.);
#9938 = DIRECTION('',(0.,1.));
#9939 = ( GEOMETRIC_REPRESENTATION_CONTEXT(2) 
PARAMETRIC_REPRESENTATION_CONTEXT() REPRESENTATION_CONTEXT('2D SPACE',''
  ) );
#9940 = PCURVE('',#9941,#9946);
#9941 = PLANE('',#9942);
#9942 = AXIS2_PLACEMENT_3D('',#9943,#9944,#9945);
#9943 = CARTESIAN_POINT('',(105.,-50.,43.));
#9944 = DIRECTION('',(1.,0.,-0.));
#9945 = DIRECTION('',(0.,0.,1.));
#9946 = DEFINITIONAL_REPRESENTATION('',(#9947),#9951);
#9947 = LINE('',#9948,#9949);
#9948 = CARTESIAN_POINT('',(10.,0.));
#9949 = VECTOR('',#9950,1.);
#9950 = DIRECTION('',(0.,-1.));
#9951 = ( GEOMETRIC_REPRESENTATION_CONTEXT(2) 
PARAMETRIC_REPRESENTATION_CONTEXT() REPRESENTATION_CONTEXT('2D SPACE',''
  ) );
#9952 = ORIENTED_EDGE('',*,*,#9953,.T.);
#9953 = EDGE_CURVE('',#9926,#9954,#9956,.T.);
#9954 = VERTEX_POINT('',#9955);
#9955 = CARTESIAN_POINT('',(97.,50.,53.));
#9956 = SURFACE_CURVE('',#9957,(#9962,#9969),.PCURVE_S1.);
#9957 = CIRCLE('',#9958,8.);
#9958 = AXIS2_PLACEMENT_3D('',#9959,#9960,#9961);
#9959 = CARTESIAN_POINT('',(97.,42.,53.));
#9960 = DIRECTION('',(0.,0.,1.));
#9961 = DIRECTION('',(0.,-1.,0.));
#9962 = PCURVE('',#9742,#9963);
#9963 = DEFINITIONAL_REPRESENTATION('',(#9964),#9968);
#9964 = CIRCLE('',#9965,8.);
#9965 = AXIS2_PLACEMENT_2D('',#9966,#9967);
#9966 = CARTESIAN_POINT('',(202.,92.));
#9967 = DIRECTION('',(0.,-1.));
#9968 = ( GEOMETRIC_REPRESENTATION_CONTEXT(2) 
PARAMETRIC_REPRESENTATION_CONTEXT() REPRESENTATION_CONTEXT('2D SPACE',''
  ) );
#9969 = PCURVE('',#9970,#9975);
#9970 = CYLINDRICAL_SURFACE('',#9971,8.);
#9971 = AXIS2_PLACEMENT_3D('',#9972,#9973,#9974);
#9972 = CARTESIAN_POINT('',(97.,42.,43.));
#9973 = DIRECTION('',(0.,0.,1.));
#9974 = DIRECTION('',(1.,0.,-0.));
#9975 = DEFINITIONAL_REPRESENTATION('',(#9976),#9980);
#9976 = LINE('',#9977,#9978);
#9977 = CARTESIAN_POINT('',(-1.570796326795,10.));
#9978 = VECTOR('',#9979,1.);
#9979 = DIRECTION('',(1.,0.));
#9980 = ( GEOMETRIC_REPRESENTATION_CONTEXT(2) 
PARAMETRIC_REPRESENTATION_CONTEXT() REPRESENTATION_CONTEXT('2D SPACE',''
  ) );
#9981 = ORIENTED_EDGE('',*,*,#9982,.F.);
#9982 = EDGE_CURVE('',#9983,#9954,#9985,.T.);
#9983 = VERTEX_POINT('',#9984);
#9984 = CARTESIAN_POINT('',(-97.,50.,53.));
#9985 = SURFACE_CURVE('',#9986,(#9990,#9997),.PCURVE_S1.);
#9986 = LINE('',#9987,#9988);
#9987 = CARTESIAN_POINT('',(-105.,50.,53.));
#9988 = VECTOR('',#9989,1.);
#9989 = DIRECTION('',(1.,0.,-0.));
#9990 = PCURVE('',#9742,#9991);
#9991 = DEFINITIONAL_REPRESENTATION('',(#9992),#9996);
#9992 = LINE('',#9993,#9994);
#9993 = CARTESIAN_POINT('',(0.,100.));
#9994 = VECTOR('',#9995,1.);
#9995 = DIRECTION('',(1.,0.));
#9996 = ( GEOMETRIC_REPRESENTATION_CONTEXT(2) 
PARAMETRIC_REPRESENTATION_CONTEXT() REPRESENTATION_CONTEXT('2D SPACE',''
  ) );
#9997 = PCURVE('',#9998,#10003);
#9998 = PLANE('',#9999);
#9999 = AXIS2_PLACEMENT_3D('',#10000,#10001,#10002);
#10000 = CARTESIAN_POINT('',(-105.,50.,43.));
#10001 = DIRECTION('',(-0.,1.,0.));
#10002 = DIRECTION('',(0.,0.,1.));
#10003 = DEFINITIONAL_REPRESENTATION('',(#10004),#10008);
#10004 = LINE('',#10005,#10006);
#10005 = CARTESIAN_POINT('',(10.,0.));
#10006 = VECTOR('',#10007,1.);
#10007 = DIRECTION('',(0.,1.));
#10008 = ( GEOMETRIC_REPRESENTATION_CONTEXT(2) 
PARAMETRIC_REPRESENTATION_CONTEXT() REPRESENTATION_CONTEXT('2D SPACE',''
  ) );
#10009 = ORIENTED_EDGE('',*,*,#10010,.F.);
#10010 = EDGE_CURVE('',#9722,#9983,#10011,.T.);
#10011 = SURFACE_CURVE('',#10012,(#10017,#10028),.PCURVE_S1.);
#10012 = CIRCLE('',#10013,8.);
#10013 = AXIS2_PLACEMENT_3D('',#10014,#10015,#10016);
#10014 = CARTESIAN_POINT('',(-97.,42.,53.));
#10015 = DIRECTION('',(-0.,-0.,-1.));
#10016 = DIRECTION('',(0.,-1.,0.));
#10017 = PCURVE('',#9742,#10018);
#10018 = DEFINITIONAL_REPRESENTATION('',(#10019),#10027);
#10019 = ( BOUNDED_CURVE() B_SPLINE_CURVE(2,(#10020,#10021,#10022,#10023
    ,#10024,#10025,#10026),.UNSPECIFIED.,.T.,.F.) 
B_SPLINE_CURVE_WITH_KNOTS((1,2,2,2,2,1),(-2.094395102393,0.,
    2.094395102393,4.188790204786,6.28318530718,8.377580409573),
.UNSPECIFIED.) CURVE() GEOMETRIC_REPRESENTATION_ITEM() 
RATIONAL_B_SPLINE_CURVE((1.,0.5,1.,0.5,1.,0.5,1.)) REPRESENTATION_ITEM(
  '') );
#10020 = CARTESIAN_POINT('',(8.,84.));
#10021 = CARTESIAN_POINT('',(-5.856406460551,84.));
#10022 = CARTESIAN_POINT('',(1.071796769724,96.));
#10023 = CARTESIAN_POINT('',(8.,108.));
#10024 = CARTESIAN_POINT('',(14.928203230276,96.));
#10025 = CARTESIAN_POINT('',(21.856406460551,84.));
#10026 = CARTESIAN_POINT('',(8.,84.));
#10027 = ( GEOMETRIC_REPRESENTATION_CONTEXT(2) 
PARAMETRIC_REPRESENTATION_CONTEXT() REPRESENTATION_CONTEXT('2D SPACE',''
  ) );
#10028 = PCURVE('',#9824,#10029);
#10029 = DEFINITIONAL_REPRESENTATION('',(#10030),#10034);
#10030 = LINE('',#10031,#10032);
#10031 = CARTESIAN_POINT('',(1.570796326795,10.));
#10032 = VECTOR('',#10033,1.);
#10033 = DIRECTION('',(-1.,0.));
#10034 = ( GEOMETRIC_REPRESENTATION_CONTEXT(2) 
PARAMETRIC_REPRESENTATION_CONTEXT() REPRESENTATION_CONTEXT('2D SPACE',''
  ) );
#10035 = FACE_BOUND('',#10036,.T.);
#10036 = EDGE_LOOP('',(#10037));
#10037 = ORIENTED_EDGE('',*,*,#10038,.F.);
#10038 = EDGE_CURVE('',#10039,#10039,#10041,.T.);
#10039 = VERTEX_POINT('',#10040);
#10040 = CARTESIAN_POINT('',(-72.75,-42.,53.));
#10041 = SURFACE_CURVE('',#10042,(#10047,#10054),.PCURVE_S1.);
#10042 = CIRCLE('',#10043,2.25);
#10043 = AXIS2_PLACEMENT_3D('',#10044,#10045,#10046);
#10044 = CARTESIAN_POINT('',(-75.,-42.,53.));
#10045 = DIRECTION('',(0.,0.,1.));
#10046 = DIRECTION('',(1.,0.,-0.));
#10047 = PCURVE('',#9742,#10048);
#10048 = DEFINITIONAL_REPRESENTATION('',(#10049),#10053);
#10049 = CIRCLE('',#10050,2.25);
#10050 = AXIS2_PLACEMENT_2D('',#10051,#10052);
#10051 = CARTESIAN_POINT('',(30.,8.));
#10052 = DIRECTION('',(1.,0.));
#10053 = ( GEOMETRIC_REPRESENTATION_CONTEXT(2) 
PARAMETRIC_REPRESENTATION_CONTEXT() REPRESENTATION_CONTEXT('2D SPACE',''
  ) );
#10054 = PCURVE('',#10055,#10060);
#10055 = CYLINDRICAL_SURFACE('',#10056,2.25);
#10056 = AXIS2_PLACEMENT_3D('',#10057,#10058,#10059);
#10057 = CARTESIAN_POINT('',(-75.,-42.,42.));
#10058 = DIRECTION('',(0.,0.,1.));
#10059 = DIRECTION('',(1.,0.,-0.));
#10060 = DEFINITIONAL_REPRESENTATION('',(#10061),#10065);
#10061 = LINE('',#10062,#10063);
#10062 = CARTESIAN_POINT('',(0.,11.));
#10063 = VECTOR('',#10064,1.);
#10064 = DIRECTION('',(1.,0.));
#10065 = ( GEOMETRIC_REPRESENTATION_CONTEXT(2) 
PARAMETRIC_REPRESENTATION_CONTEXT() REPRESENTATION_CONTEXT('2D SPACE',''
  ) );
#10066 = FACE_BOUND('',#10067,.T.);
#10067 = EDGE_LOOP('',(#10068));
#10068 = ORIENTED_EDGE('',*,*,#10069,.F.);
#10069 = EDGE_CURVE('',#10070,#10070,#10072,.T.);
#10070 = VERTEX_POINT('',#10071);
#10071 = CARTESIAN_POINT('',(62.25,-42.,53.));
#10072 = SURFACE_CURVE('',#10073,(#10078,#10085),.PCURVE_S1.);
#10073 = CIRCLE('',#10074,2.25);
#10074 = AXIS2_PLACEMENT_3D('',#10075,#10076,#10077);
#10075 = CARTESIAN_POINT('',(60.,-42.,53.));
#10076 = DIRECTION('',(0.,0.,1.));
#10077 = DIRECTION('',(1.,0.,-0.));
#10078 = PCURVE('',#9742,#10079);
#10079 = DEFINITIONAL_REPRESENTATION('',(#10080),#10084);
#10080 = CIRCLE('',#10081,2.25);
#10081 = AXIS2_PLACEMENT_2D('',#10082,#10083);
#10082 = CARTESIAN_POINT('',(165.,8.));
#10083 = DIRECTION('',(1.,0.));
#10084 = ( GEOMETRIC_REPRESENTATION_CONTEXT(2) 
PARAMETRIC_REPRESENTATION_CONTEXT() REPRESENTATION_CONTEXT('2D SPACE',''
  ) );
#10085 = PCURVE('',#10086,#10091);
#10086 = CYLINDRICAL_SURFACE('',#10087,2.25);
#10087 = AXIS2_PLACEMENT_3D('',#10088,#10089,#10090);
#10088 = CARTESIAN_POINT('',(60.,-42.,42.));
#10089 = DIRECTION('',(0.,0.,1.));
#10090 = DIRECTION('',(1.,0.,-0.));
#10091 = DEFINITIONAL_REPRESENTATION('',(#10092),#10096);
#10092 = LINE('',#10093,#10094);
#10093 = CARTESIAN_POINT('',(0.,11.));
#10094 = VECTOR('',#10095,1.);
#10095 = DIRECTION('',(1.,0.));
#10096 = ( GEOMETRIC_REPRESENTATION_CONTEXT(2) 
PARAMETRIC_REPRESENTATION_CONTEXT() REPRESENTATION_CONTEXT('2D SPACE',''
  ) );
#10097 = FACE_BOUND('',#10098,.T.);
#10098 = EDGE_LOOP('',(#10099));
#10099 = ORIENTED_EDGE('',*,*,#10100,.F.);
#10100 = EDGE_CURVE('',#10101,#10101,#10103,.T.);
#10101 = VERTEX_POINT('',#10102);
#10102 = CARTESIAN_POINT('',(102.25,-42.,53.));
#10103 = SURFACE_CURVE('',#10104,(#10109,#10116),.PCURVE_S1.);
#10104 = CIRCLE('',#10105,2.25);
#10105 = AXIS2_PLACEMENT_3D('',#10106,#10107,#10108);
#10106 = CARTESIAN_POINT('',(100.,-42.,53.));
#10107 = DIRECTION('',(0.,0.,1.));
#10108 = DIRECTION('',(1.,0.,-0.));
#10109 = PCURVE('',#9742,#10110);
#10110 = DEFINITIONAL_REPRESENTATION('',(#10111),#10115);
#10111 = CIRCLE('',#10112,2.25);
#10112 = AXIS2_PLACEMENT_2D('',#10113,#10114);
#10113 = CARTESIAN_POINT('',(205.,8.));
#10114 = DIRECTION('',(1.,0.));
#10115 = ( GEOMETRIC_REPRESENTATION_CONTEXT(2) 
PARAMETRIC_REPRESENTATION_CONTEXT() REPRESENTATION_CONTEXT('2D SPACE',''
  ) );
#10116 = PCURVE('',#10117,#10122);
#10117 = CYLINDRICAL_SURFACE('',#10118,2.25);
#10118 = AXIS2_PLACEMENT_3D('',#10119,#10120,#10121);
#10119 = CARTESIAN_POINT('',(100.,-42.,42.));
#10120 = DIRECTION('',(0.,0.,1.));
#10121 = DIRECTION('',(1.,0.,-0.));
#10122 = DEFINITIONAL_REPRESENTATION('',(#10123),#10127);
#10123 = LINE('',#10124,#10125);
#10124 = CARTESIAN_POINT('',(0.,11.));
#10125 = VECTOR('',#10126,1.);
#10126 = DIRECTION('',(1.,0.));
#10127 = ( GEOMETRIC_REPRESENTATION_CONTEXT(2) 
PARAMETRIC_REPRESENTATION_CONTEXT() REPRESENTATION_CONTEXT('2D SPACE',''
  ) );
#10128 = FACE_BOUND('',#10129,.T.);
#10129 = EDGE_LOOP('',(#10130));
#10130 = ORIENTED_EDGE('',*,*,#10131,.F.);
#10131 = EDGE_CURVE('',#10132,#10132,#10134,.T.);
#10132 = VERTEX_POINT('',#10133);
#10133 = CARTESIAN_POINT('',(-72.75,42.,53.));
#10134 = SURFACE_CURVE('',#10135,(#10140,#10147),.PCURVE_S1.);
#10135 = CIRCLE('',#10136,2.25);
#10136 = AXIS2_PLACEMENT_3D('',#10137,#10138,#10139);
#10137 = CARTESIAN_POINT('',(-75.,42.,53.));
#10138 = DIRECTION('',(0.,0.,1.));
#10139 = DIRECTION('',(1.,0.,-0.));
#10140 = PCURVE('',#9742,#10141);
#10141 = DEFINITIONAL_REPRESENTATION('',(#10142),#10146);
#10142 = CIRCLE('',#10143,2.25);
#10143 = AXIS2_PLACEMENT_2D('',#10144,#10145);
#10144 = CARTESIAN_POINT('',(30.,92.));
#10145 = DIRECTION('',(1.,0.));
#10146 = ( GEOMETRIC_REPRESENTATION_CONTEXT(2) 
PARAMETRIC_REPRESENTATION_CONTEXT() REPRESENTATION_CONTEXT('2D SPACE',''
  ) );
#10147 = PCURVE('',#10148,#10153);
#10148 = CYLINDRICAL_SURFACE('',#10149,2.25);
#10149 = AXIS2_PLACEMENT_3D('',#10150,#10151,#10152);
#10150 = CARTESIAN_POINT('',(-75.,42.,42.));
#10151 = DIRECTION('',(0.,0.,1.));
#10152 = DIRECTION('',(1.,0.,-0.));
#10153 = DEFINITIONAL_REPRESENTATION('',(#10154),#10158);
#10154 = LINE('',#10155,#10156);
#10155 = CARTESIAN_POINT('',(0.,11.));
#10156 = VECTOR('',#10157,1.);
#10157 = DIRECTION('',(1.,0.));
#10158 = ( GEOMETRIC_REPRESENTATION_CONTEXT(2) 
PARAMETRIC_REPRESENTATION_CONTEXT() REPRESENTATION_CONTEXT('2D SPACE',''
  ) );
#10159 = FACE_BOUND('',#10160,.T.);
#10160 = EDGE_LOOP('',(#10161));
#10161 = ORIENTED_EDGE('',*,*,#10162,.F.);
#10162 = EDGE_CURVE('',#10163,#10163,#10165,.T.);
#10163 = VERTEX_POINT('',#10164);
#10164 = CARTESIAN_POINT('',(56.7,8.,53.));
#10165 = SURFACE_CURVE('',#10166,(#10171,#10178),.PCURVE_S1.);
#10166 = CIRCLE('',#10167,1.7);
#10167 = AXIS2_PLACEMENT_3D('',#10168,#10169,#10170);
#10168 = CARTESIAN_POINT('',(55.,8.,53.));
#10169 = DIRECTION('',(0.,0.,1.));
#10170 = DIRECTION('',(1.,0.,-0.));
#10171 = PCURVE('',#9742,#10172);
#10172 = DEFINITIONAL_REPRESENTATION('',(#10173),#10177);
#10173 = CIRCLE('',#10174,1.7);
#10174 = AXIS2_PLACEMENT_2D('',#10175,#10176);
#10175 = CARTESIAN_POINT('',(160.,58.));
#10176 = DIRECTION('',(1.,0.));
#10177 = ( GEOMETRIC_REPRESENTATION_CONTEXT(2) 
PARAMETRIC_REPRESENTATION_CONTEXT() REPRESENTATION_CONTEXT('2D SPACE',''
  ) );
#10178 = PCURVE('',#10179,#10184);
#10179 = CYLINDRICAL_SURFACE('',#10180,1.7);
#10180 = AXIS2_PLACEMENT_3D('',#10181,#10182,#10183);
#10181 = CARTESIAN_POINT('',(55.,8.,42.));
#10182 = DIRECTION('',(0.,0.,1.));
#10183 = DIRECTION('',(1.,0.,-0.));
#10184 = DEFINITIONAL_REPRESENTATION('',(#10185),#10189);
#10185 = LINE('',#10186,#10187);
#10186 = CARTESIAN_POINT('',(0.,11.));
#10187 = VECTOR('',#10188,1.);
#10188 = DIRECTION('',(1.,0.));
#10189 = ( GEOMETRIC_REPRESENTATION_CONTEXT(2) 
PARAMETRIC_REPRESENTATION_CONTEXT() REPRESENTATION_CONTEXT('2D SPACE',''
  ) );
#10190 = FACE_BOUND('',#10191,.T.);
#10191 = EDGE_LOOP('',(#10192));
#10192 = ORIENTED_EDGE('',*,*,#10193,.F.);
#10193 = EDGE_CURVE('',#10194,#10194,#10196,.T.);
#10194 = VERTEX_POINT('',#10195);
#10195 = CARTESIAN_POINT('',(56.7,34.,53.));
#10196 = SURFACE_CURVE('',#10197,(#10202,#10209),.PCURVE_S1.);
#10197 = CIRCLE('',#10198,1.7);
#10198 = AXIS2_PLACEMENT_3D('',#10199,#10200,#10201);
#10199 = CARTESIAN_POINT('',(55.,34.,53.));
#10200 = DIRECTION('',(0.,0.,1.));
#10201 = DIRECTION('',(1.,0.,-0.));
#10202 = PCURVE('',#9742,#10203);
#10203 = DEFINITIONAL_REPRESENTATION('',(#10204),#10208);
#10204 = CIRCLE('',#10205,1.7);
#10205 = AXIS2_PLACEMENT_2D('',#10206,#10207);
#10206 = CARTESIAN_POINT('',(160.,84.));
#10207 = DIRECTION('',(1.,0.));
#10208 = ( GEOMETRIC_REPRESENTATION_CONTEXT(2) 
PARAMETRIC_REPRESENTATION_CONTEXT() REPRESENTATION_CONTEXT('2D SPACE',''
  ) );
#10209 = PCURVE('',#10210,#10215);
#10210 = CYLINDRICAL_SURFACE('',#10211,1.7);
#10211 = AXIS2_PLACEMENT_3D('',#10212,#10213,#10214);
#10212 = CARTESIAN_POINT('',(55.,34.,42.));
#10213 = DIRECTION('',(0.,0.,1.));
#10214 = DIRECTION('',(1.,0.,-0.));
#10215 = DEFINITIONAL_REPRESENTATION('',(#10216),#10220);
#10216 = LINE('',#10217,#10218);
#10217 = CARTESIAN_POINT('',(0.,11.));
#10218 = VECTOR('',#10219,1.);
#10219 = DIRECTION('',(1.,0.));
#10220 = ( GEOMETRIC_REPRESENTATION_CONTEXT(2) 
PARAMETRIC_REPRESENTATION_CONTEXT() REPRESENTATION_CONTEXT('2D SPACE',''
  ) );
#10221 = FACE_BOUND('',#10222,.T.);
#10222 = EDGE_LOOP('',(#10223));
#10223 = ORIENTED_EDGE('',*,*,#10224,.F.);
#10224 = EDGE_CURVE('',#10225,#10225,#10227,.T.);
#10225 = VERTEX_POINT('',#10226);
#10226 = CARTESIAN_POINT('',(62.25,42.,53.));
#10227 = SURFACE_CURVE('',#10228,(#10233,#10240),.PCURVE_S1.);
#10228 = CIRCLE('',#10229,2.25);
#10229 = AXIS2_PLACEMENT_3D('',#10230,#10231,#10232);
#10230 = CARTESIAN_POINT('',(60.,42.,53.));
#10231 = DIRECTION('',(0.,0.,1.));
#10232 = DIRECTION('',(1.,0.,-0.));
#10233 = PCURVE('',#9742,#10234);
#10234 = DEFINITIONAL_REPRESENTATION('',(#10235),#10239);
#10235 = CIRCLE('',#10236,2.25);
#10236 = AXIS2_PLACEMENT_2D('',#10237,#10238);
#10237 = CARTESIAN_POINT('',(165.,92.));
#10238 = DIRECTION('',(1.,0.));
#10239 = ( GEOMETRIC_REPRESENTATION_CONTEXT(2) 
PARAMETRIC_REPRESENTATION_CONTEXT() REPRESENTATION_CONTEXT('2D SPACE',''
  ) );
#10240 = PCURVE('',#10241,#10246);
#10241 = CYLINDRICAL_SURFACE('',#10242,2.25);
#10242 = AXIS2_PLACEMENT_3D('',#10243,#10244,#10245);
#10243 = CARTESIAN_POINT('',(60.,42.,42.));
#10244 = DIRECTION('',(0.,0.,1.));
#10245 = DIRECTION('',(1.,0.,-0.));
#10246 = DEFINITIONAL_REPRESENTATION('',(#10247),#10251);
#10247 = LINE('',#10248,#10249);
#10248 = CARTESIAN_POINT('',(0.,11.));
#10249 = VECTOR('',#10250,1.);
#10250 = DIRECTION('',(1.,0.));
#10251 = ( GEOMETRIC_REPRESENTATION_CONTEXT(2) 
PARAMETRIC_REPRESENTATION_CONTEXT() REPRESENTATION_CONTEXT('2D SPACE',''
  ) );
#10252 = FACE_BOUND('',#10253,.T.);
#10253 = EDGE_LOOP('',(#10254));
#10254 = ORIENTED_EDGE('',*,*,#10255,.F.);
#10255 = EDGE_CURVE('',#10256,#10256,#10258,.T.);
#10256 = VERTEX_POINT('',#10257);
#10257 = CARTESIAN_POINT('',(102.25,42.,53.));
#10258 = SURFACE_CURVE('',#10259,(#10264,#10271),.PCURVE_S1.);
#10259 = CIRCLE('',#10260,2.25);
#10260 = AXIS2_PLACEMENT_3D('',#10261,#10262,#10263);
#10261 = CARTESIAN_POINT('',(100.,42.,53.));
#10262 = DIRECTION('',(0.,0.,1.));
#10263 = DIRECTION('',(1.,0.,-0.));
#10264 = PCURVE('',#9742,#10265);
#10265 = DEFINITIONAL_REPRESENTATION('',(#10266),#10270);
#10266 = CIRCLE('',#10267,2.25);
#10267 = AXIS2_PLACEMENT_2D('',#10268,#10269);
#10268 = CARTESIAN_POINT('',(205.,92.));
#10269 = DIRECTION('',(1.,0.));
#10270 = ( GEOMETRIC_REPRESENTATION_CONTEXT(2) 
PARAMETRIC_REPRESENTATION_CONTEXT() REPRESENTATION_CONTEXT('2D SPACE',''
  ) );
#10271 = PCURVE('',#10272,#10277);
#10272 = CYLINDRICAL_SURFACE('',#10273,2.25);
#10273 = AXIS2_PLACEMENT_3D('',#10274,#10275,#10276);
#10274 = CARTESIAN_POINT('',(100.,42.,42.));
#10275 = DIRECTION('',(0.,0.,1.));
#10276 = DIRECTION('',(1.,0.,-0.));
#10277 = DEFINITIONAL_REPRESENTATION('',(#10278),#10282);
#10278 = LINE('',#10279,#10280);
#10279 = CARTESIAN_POINT('',(0.,11.));
#10280 = VECTOR('',#10281,1.);
#10281 = DIRECTION('',(1.,0.));
#10282 = ( GEOMETRIC_REPRESENTATION_CONTEXT(2) 
PARAMETRIC_REPRESENTATION_CONTEXT() REPRESENTATION_CONTEXT('2D SPACE',''
  ) );
#10283 = ADVANCED_FACE('',(#10284),#9770,.T.);
#10284 = FACE_BOUND('',#10285,.T.);
#10285 = EDGE_LOOP('',(#10286,#10310,#10331,#10332));
#10286 = ORIENTED_EDGE('',*,*,#10287,.T.);
#10287 = EDGE_CURVE('',#9755,#10288,#10290,.T.);
#10288 = VERTEX_POINT('',#10289);
#10289 = CARTESIAN_POINT('',(-97.,-50.,43.));
#10290 = SURFACE_CURVE('',#10291,(#10296,#10303),.PCURVE_S1.);
#10291 = CIRCLE('',#10292,8.);
#10292 = AXIS2_PLACEMENT_3D('',#10293,#10294,#10295);
#10293 = CARTESIAN_POINT('',(-97.,-42.,43.));
#10294 = DIRECTION('',(0.,0.,1.));
#10295 = DIRECTION('',(0.,-1.,0.));
#10296 = PCURVE('',#9770,#10297);
#10297 = DEFINITIONAL_REPRESENTATION('',(#10298),#10302);
#10298 = LINE('',#10299,#10300);
#10299 = CARTESIAN_POINT('',(-4.712388980385,0.));
#10300 = VECTOR('',#10301,1.);
#10301 = DIRECTION('',(1.,0.));
#10302 = ( GEOMETRIC_REPRESENTATION_CONTEXT(2) 
PARAMETRIC_REPRESENTATION_CONTEXT() REPRESENTATION_CONTEXT('2D SPACE',''
  ) );
#10303 = PCURVE('',#9798,#10304);
#10304 = DEFINITIONAL_REPRESENTATION('',(#10305),#10309);
#10305 = CIRCLE('',#10306,8.);
#10306 = AXIS2_PLACEMENT_2D('',#10307,#10308);
#10307 = CARTESIAN_POINT('',(8.,8.));
#10308 = DIRECTION('',(0.,-1.));
#10309 = ( GEOMETRIC_REPRESENTATION_CONTEXT(2) 
PARAMETRIC_REPRESENTATION_CONTEXT() REPRESENTATION_CONTEXT('2D SPACE',''
  ) );
#10310 = ORIENTED_EDGE('',*,*,#10311,.T.);
#10311 = EDGE_CURVE('',#10288,#9841,#10312,.T.);
#10312 = SURFACE_CURVE('',#10313,(#10317,#10324),.PCURVE_S1.);
#10313 = LINE('',#10314,#10315);
#10314 = CARTESIAN_POINT('',(-97.,-50.,43.));
#10315 = VECTOR('',#10316,1.);
#10316 = DIRECTION('',(0.,0.,1.));
#10317 = PCURVE('',#9770,#10318);
#10318 = DEFINITIONAL_REPRESENTATION('',(#10319),#10323);
#10319 = LINE('',#10320,#10321);
#10320 = CARTESIAN_POINT('',(1.570796326795,0.));
#10321 = VECTOR('',#10322,1.);
#10322 = DIRECTION('',(0.,1.));
#10323 = ( GEOMETRIC_REPRESENTATION_CONTEXT(2) 
PARAMETRIC_REPRESENTATION_CONTEXT() REPRESENTATION_CONTEXT('2D SPACE',''
  ) );
#10324 = PCURVE('',#9880,#10325);
#10325 = DEFINITIONAL_REPRESENTATION('',(#10326),#10330);
#10326 = LINE('',#10327,#10328);
#10327 = CARTESIAN_POINT('',(0.,8.));
#10328 = VECTOR('',#10329,1.);
#10329 = DIRECTION('',(1.,0.));
#10330 = ( GEOMETRIC_REPRESENTATION_CONTEXT(2) 
PARAMETRIC_REPRESENTATION_CONTEXT() REPRESENTATION_CONTEXT('2D SPACE',''
  ) );
#10331 = ORIENTED_EDGE('',*,*,#9840,.F.);
#10332 = ORIENTED_EDGE('',*,*,#9754,.F.);
#10333 = ADVANCED_FACE('',(#10334),#9824,.T.);
#10334 = FACE_BOUND('',#10335,.F.);
#10335 = EDGE_LOOP('',(#10336,#10364,#10385,#10386));
#10336 = ORIENTED_EDGE('',*,*,#10337,.T.);
#10337 = EDGE_CURVE('',#9783,#10338,#10340,.T.);
#10338 = VERTEX_POINT('',#10339);
#10339 = CARTESIAN_POINT('',(-97.,50.,43.));
#10340 = SURFACE_CURVE('',#10341,(#10346,#10353),.PCURVE_S1.);
#10341 = CIRCLE('',#10342,8.);
#10342 = AXIS2_PLACEMENT_3D('',#10343,#10344,#10345);
#10343 = CARTESIAN_POINT('',(-97.,42.,43.));
#10344 = DIRECTION('',(-0.,-0.,-1.));
#10345 = DIRECTION('',(0.,-1.,0.));
#10346 = PCURVE('',#9824,#10347);
#10347 = DEFINITIONAL_REPRESENTATION('',(#10348),#10352);
#10348 = LINE('',#10349,#10350);
#10349 = CARTESIAN_POINT('',(1.570796326795,-0.));
#10350 = VECTOR('',#10351,1.);
#10351 = DIRECTION('',(-1.,0.));
#10352 = ( GEOMETRIC_REPRESENTATION_CONTEXT(2) 
PARAMETRIC_REPRESENTATION_CONTEXT() REPRESENTATION_CONTEXT('2D SPACE',''
  ) );
#10353 = PCURVE('',#9798,#10354);
#10354 = DEFINITIONAL_REPRESENTATION('',(#10355),#10363);
#10355 = ( BOUNDED_CURVE() B_SPLINE_CURVE(2,(#10356,#10357,#10358,#10359
    ,#10360,#10361,#10362),.UNSPECIFIED.,.T.,.F.) 
B_SPLINE_CURVE_WITH_KNOTS((1,2,2,2,2,1),(-2.094395102393,0.,
    2.094395102393,4.188790204786,6.28318530718,8.377580409573),
.UNSPECIFIED.) CURVE() GEOMETRIC_REPRESENTATION_ITEM() 
RATIONAL_B_SPLINE_CURVE((1.,0.5,1.,0.5,1.,0.5,1.)) REPRESENTATION_ITEM(
  '') );
#10356 = CARTESIAN_POINT('',(8.,84.));
#10357 = CARTESIAN_POINT('',(-5.856406460551,84.));
#10358 = CARTESIAN_POINT('',(1.071796769724,96.));
#10359 = CARTESIAN_POINT('',(8.,108.));
#10360 = CARTESIAN_POINT('',(14.928203230276,96.));
#10361 = CARTESIAN_POINT('',(21.856406460551,84.));
#10362 = CARTESIAN_POINT('',(8.,84.));
#10363 = ( GEOMETRIC_REPRESENTATION_CONTEXT(2) 
PARAMETRIC_REPRESENTATION_CONTEXT() REPRESENTATION_CONTEXT('2D SPACE',''
  ) );
#10364 = ORIENTED_EDGE('',*,*,#10365,.T.);
#10365 = EDGE_CURVE('',#10338,#9983,#10366,.T.);
#10366 = SURFACE_CURVE('',#10367,(#10371,#10378),.PCURVE_S1.);
#10367 = LINE('',#10368,#10369);
#10368 = CARTESIAN_POINT('',(-97.,50.,43.));
#10369 = VECTOR('',#10370,1.);
#10370 = DIRECTION('',(0.,0.,1.));
#10371 = PCURVE('',#9824,#10372);
#10372 = DEFINITIONAL_REPRESENTATION('',(#10373),#10377);
#10373 = LINE('',#10374,#10375);
#10374 = CARTESIAN_POINT('',(-1.570796326795,0.));
#10375 = VECTOR('',#10376,1.);
#10376 = DIRECTION('',(-0.,1.));
#10377 = ( GEOMETRIC_REPRESENTATION_CONTEXT(2) 
PARAMETRIC_REPRESENTATION_CONTEXT() REPRESENTATION_CONTEXT('2D SPACE',''
  ) );
#10378 = PCURVE('',#9998,#10379);
#10379 = DEFINITIONAL_REPRESENTATION('',(#10380),#10384);
#10380 = LINE('',#10381,#10382);
#10381 = CARTESIAN_POINT('',(0.,8.));
#10382 = VECTOR('',#10383,1.);
#10383 = DIRECTION('',(1.,0.));
#10384 = ( GEOMETRIC_REPRESENTATION_CONTEXT(2) 
PARAMETRIC_REPRESENTATION_CONTEXT() REPRESENTATION_CONTEXT('2D SPACE',''
  ) );
#10385 = ORIENTED_EDGE('',*,*,#10010,.F.);
#10386 = ORIENTED_EDGE('',*,*,#9810,.F.);
#10387 = ADVANCED_FACE('',(#10388,#10512,#10538,#10564,#10590,#10616,
    #10642,#10668,#10694),#9798,.F.);
#10388 = FACE_BOUND('',#10389,.F.);
#10389 = EDGE_LOOP('',(#10390,#10391,#10392,#10415,#10443,#10466,#10490,
    #10511));
#10390 = ORIENTED_EDGE('',*,*,#9782,.F.);
#10391 = ORIENTED_EDGE('',*,*,#10287,.T.);
#10392 = ORIENTED_EDGE('',*,*,#10393,.T.);
#10393 = EDGE_CURVE('',#10288,#10394,#10396,.T.);
#10394 = VERTEX_POINT('',#10395);
#10395 = CARTESIAN_POINT('',(97.,-50.,43.));
#10396 = SURFACE_CURVE('',#10397,(#10401,#10408),.PCURVE_S1.);
#10397 = LINE('',#10398,#10399);
#10398 = CARTESIAN_POINT('',(-105.,-50.,43.));
#10399 = VECTOR('',#10400,1.);
#10400 = DIRECTION('',(1.,0.,-0.));
#10401 = PCURVE('',#9798,#10402);
#10402 = DEFINITIONAL_REPRESENTATION('',(#10403),#10407);
#10403 = LINE('',#10404,#10405);
#10404 = CARTESIAN_POINT('',(0.,0.));
#10405 = VECTOR('',#10406,1.);
#10406 = DIRECTION('',(1.,0.));
#10407 = ( GEOMETRIC_REPRESENTATION_CONTEXT(2) 
PARAMETRIC_REPRESENTATION_CONTEXT() REPRESENTATION_CONTEXT('2D SPACE',''
  ) );
#10408 = PCURVE('',#9880,#10409);
#10409 = DEFINITIONAL_REPRESENTATION('',(#10410),#10414);
#10410 = LINE('',#10411,#10412);
#10411 = CARTESIAN_POINT('',(0.,0.));
#10412 = VECTOR('',#10413,1.);
#10413 = DIRECTION('',(0.,1.));
#10414 = ( GEOMETRIC_REPRESENTATION_CONTEXT(2) 
PARAMETRIC_REPRESENTATION_CONTEXT() REPRESENTATION_CONTEXT('2D SPACE',''
  ) );
#10415 = ORIENTED_EDGE('',*,*,#10416,.F.);
#10416 = EDGE_CURVE('',#10417,#10394,#10419,.T.);
#10417 = VERTEX_POINT('',#10418);
#10418 = CARTESIAN_POINT('',(105.,-42.,43.));
#10419 = SURFACE_CURVE('',#10420,(#10425,#10436),.PCURVE_S1.);
#10420 = CIRCLE('',#10421,8.);
#10421 = AXIS2_PLACEMENT_3D('',#10422,#10423,#10424);
#10422 = CARTESIAN_POINT('',(97.,-42.,43.));
#10423 = DIRECTION('',(-0.,-0.,-1.));
#10424 = DIRECTION('',(0.,-1.,0.));
#10425 = PCURVE('',#9798,#10426);
#10426 = DEFINITIONAL_REPRESENTATION('',(#10427),#10435);
#10427 = ( BOUNDED_CURVE() B_SPLINE_CURVE(2,(#10428,#10429,#10430,#10431
    ,#10432,#10433,#10434),.UNSPECIFIED.,.T.,.F.) 
B_SPLINE_CURVE_WITH_KNOTS((1,2,2,2,2,1),(-2.094395102393,0.,
    2.094395102393,4.188790204786,6.28318530718,8.377580409573),
.UNSPECIFIED.) CURVE() GEOMETRIC_REPRESENTATION_ITEM() 
RATIONAL_B_SPLINE_CURVE((1.,0.5,1.,0.5,1.,0.5,1.)) REPRESENTATION_ITEM(
  '') );
#10428 = CARTESIAN_POINT('',(202.,0.));
#10429 = CARTESIAN_POINT('',(188.14359353944,0.));
#10430 = CARTESIAN_POINT('',(195.07179676972,12.));
#10431 = CARTESIAN_POINT('',(202.,24.));
#10432 = CARTESIAN_POINT('',(208.92820323027,12.));
#10433 = CARTESIAN_POINT('',(215.85640646055,1.24344978758E-14));
#10434 = CARTESIAN_POINT('',(202.,0.));
#10435 = ( GEOMETRIC_REPRESENTATION_CONTEXT(2) 
PARAMETRIC_REPRESENTATION_CONTEXT() REPRESENTATION_CONTEXT('2D SPACE',''
  ) );
#10436 = PCURVE('',#9913,#10437);
#10437 = DEFINITIONAL_REPRESENTATION('',(#10438),#10442);
#10438 = LINE('',#10439,#10440);
#10439 = CARTESIAN_POINT('',(4.712388980385,-0.));
#10440 = VECTOR('',#10441,1.);
#10441 = DIRECTION('',(-1.,0.));
#10442 = ( GEOMETRIC_REPRESENTATION_CONTEXT(2) 
PARAMETRIC_REPRESENTATION_CONTEXT() REPRESENTATION_CONTEXT('2D SPACE',''
  ) );
#10443 = ORIENTED_EDGE('',*,*,#10444,.T.);
#10444 = EDGE_CURVE('',#10417,#10445,#10447,.T.);
#10445 = VERTEX_POINT('',#10446);
#10446 = CARTESIAN_POINT('',(105.,42.,43.));
#10447 = SURFACE_CURVE('',#10448,(#10452,#10459),.PCURVE_S1.);
#10448 = LINE('',#10449,#10450);
#10449 = CARTESIAN_POINT('',(105.,-50.,43.));
#10450 = VECTOR('',#10451,1.);
#10451 = DIRECTION('',(-0.,1.,0.));
#10452 = PCURVE('',#9798,#10453);
#10453 = DEFINITIONAL_REPRESENTATION('',(#10454),#10458);
#10454 = LINE('',#10455,#10456);
#10455 = CARTESIAN_POINT('',(210.,0.));
#10456 = VECTOR('',#10457,1.);
#10457 = DIRECTION('',(0.,1.));
#10458 = ( GEOMETRIC_REPRESENTATION_CONTEXT(2) 
PARAMETRIC_REPRESENTATION_CONTEXT() REPRESENTATION_CONTEXT('2D SPACE',''
  ) );
#10459 = PCURVE('',#9941,#10460);
#10460 = DEFINITIONAL_REPRESENTATION('',(#10461),#10465);
#10461 = LINE('',#10462,#10463);
#10462 = CARTESIAN_POINT('',(0.,0.));
#10463 = VECTOR('',#10464,1.);
#10464 = DIRECTION('',(0.,-1.));
#10465 = ( GEOMETRIC_REPRESENTATION_CONTEXT(2) 
PARAMETRIC_REPRESENTATION_CONTEXT() REPRESENTATION_CONTEXT('2D SPACE',''
  ) );
#10466 = ORIENTED_EDGE('',*,*,#10467,.T.);
#10467 = EDGE_CURVE('',#10445,#10468,#10470,.T.);
#10468 = VERTEX_POINT('',#10469);
#10469 = CARTESIAN_POINT('',(97.,50.,43.));
#10470 = SURFACE_CURVE('',#10471,(#10476,#10483),.PCURVE_S1.);
#10471 = CIRCLE('',#10472,8.);
#10472 = AXIS2_PLACEMENT_3D('',#10473,#10474,#10475);
#10473 = CARTESIAN_POINT('',(97.,42.,43.));
#10474 = DIRECTION('',(0.,0.,1.));
#10475 = DIRECTION('',(0.,-1.,0.));
#10476 = PCURVE('',#9798,#10477);
#10477 = DEFINITIONAL_REPRESENTATION('',(#10478),#10482);
#10478 = CIRCLE('',#10479,8.);
#10479 = AXIS2_PLACEMENT_2D('',#10480,#10481);
#10480 = CARTESIAN_POINT('',(202.,92.));
#10481 = DIRECTION('',(0.,-1.));
#10482 = ( GEOMETRIC_REPRESENTATION_CONTEXT(2) 
PARAMETRIC_REPRESENTATION_CONTEXT() REPRESENTATION_CONTEXT('2D SPACE',''
  ) );
#10483 = PCURVE('',#9970,#10484);
#10484 = DEFINITIONAL_REPRESENTATION('',(#10485),#10489);
#10485 = LINE('',#10486,#10487);
#10486 = CARTESIAN_POINT('',(-1.570796326795,0.));
#10487 = VECTOR('',#10488,1.);
#10488 = DIRECTION('',(1.,0.));
#10489 = ( GEOMETRIC_REPRESENTATION_CONTEXT(2) 
PARAMETRIC_REPRESENTATION_CONTEXT() REPRESENTATION_CONTEXT('2D SPACE',''
  ) );
#10490 = ORIENTED_EDGE('',*,*,#10491,.F.);
#10491 = EDGE_CURVE('',#10338,#10468,#10492,.T.);
#10492 = SURFACE_CURVE('',#10493,(#10497,#10504),.PCURVE_S1.);
#10493 = LINE('',#10494,#10495);
#10494 = CARTESIAN_POINT('',(-105.,50.,43.));
#10495 = VECTOR('',#10496,1.);
#10496 = DIRECTION('',(1.,0.,-0.));
#10497 = PCURVE('',#9798,#10498);
#10498 = DEFINITIONAL_REPRESENTATION('',(#10499),#10503);
#10499 = LINE('',#10500,#10501);
#10500 = CARTESIAN_POINT('',(0.,100.));
#10501 = VECTOR('',#10502,1.);
#10502 = DIRECTION('',(1.,0.));
#10503 = ( GEOMETRIC_REPRESENTATION_CONTEXT(2) 
PARAMETRIC_REPRESENTATION_CONTEXT() REPRESENTATION_CONTEXT('2D SPACE',''
  ) );
#10504 = PCURVE('',#9998,#10505);
#10505 = DEFINITIONAL_REPRESENTATION('',(#10506),#10510);
#10506 = LINE('',#10507,#10508);
#10507 = CARTESIAN_POINT('',(0.,0.));
#10508 = VECTOR('',#10509,1.);
#10509 = DIRECTION('',(0.,1.));
#10510 = ( GEOMETRIC_REPRESENTATION_CONTEXT(2) 
PARAMETRIC_REPRESENTATION_CONTEXT() REPRESENTATION_CONTEXT('2D SPACE',''
  ) );
#10511 = ORIENTED_EDGE('',*,*,#10337,.F.);
#10512 = FACE_BOUND('',#10513,.F.);
#10513 = EDGE_LOOP('',(#10514));
#10514 = ORIENTED_EDGE('',*,*,#10515,.F.);
#10515 = EDGE_CURVE('',#10516,#10516,#10518,.T.);
#10516 = VERTEX_POINT('',#10517);
#10517 = CARTESIAN_POINT('',(-72.75,-42.,43.));
#10518 = SURFACE_CURVE('',#10519,(#10524,#10531),.PCURVE_S1.);
#10519 = CIRCLE('',#10520,2.25);
#10520 = AXIS2_PLACEMENT_3D('',#10521,#10522,#10523);
#10521 = CARTESIAN_POINT('',(-75.,-42.,43.));
#10522 = DIRECTION('',(0.,0.,1.));
#10523 = DIRECTION('',(1.,0.,-0.));
#10524 = PCURVE('',#9798,#10525);
#10525 = DEFINITIONAL_REPRESENTATION('',(#10526),#10530);
#10526 = CIRCLE('',#10527,2.25);
#10527 = AXIS2_PLACEMENT_2D('',#10528,#10529);
#10528 = CARTESIAN_POINT('',(30.,8.));
#10529 = DIRECTION('',(1.,0.));
#10530 = ( GEOMETRIC_REPRESENTATION_CONTEXT(2) 
PARAMETRIC_REPRESENTATION_CONTEXT() REPRESENTATION_CONTEXT('2D SPACE',''
  ) );
#10531 = PCURVE('',#10055,#10532);
#10532 = DEFINITIONAL_REPRESENTATION('',(#10533),#10537);
#10533 = LINE('',#10534,#10535);
#10534 = CARTESIAN_POINT('',(0.,1.));
#10535 = VECTOR('',#10536,1.);
#10536 = DIRECTION('',(1.,0.));
#10537 = ( GEOMETRIC_REPRESENTATION_CONTEXT(2) 
PARAMETRIC_REPRESENTATION_CONTEXT() REPRESENTATION_CONTEXT('2D SPACE',''
  ) );
#10538 = FACE_BOUND('',#10539,.F.);
#10539 = EDGE_LOOP('',(#10540));
#10540 = ORIENTED_EDGE('',*,*,#10541,.F.);
#10541 = EDGE_CURVE('',#10542,#10542,#10544,.T.);
#10542 = VERTEX_POINT('',#10543);
#10543 = CARTESIAN_POINT('',(62.25,-42.,43.));
#10544 = SURFACE_CURVE('',#10545,(#10550,#10557),.PCURVE_S1.);
#10545 = CIRCLE('',#10546,2.25);
#10546 = AXIS2_PLACEMENT_3D('',#10547,#10548,#10549);
#10547 = CARTESIAN_POINT('',(60.,-42.,43.));
#10548 = DIRECTION('',(0.,0.,1.));
#10549 = DIRECTION('',(1.,0.,-0.));
#10550 = PCURVE('',#9798,#10551);
#10551 = DEFINITIONAL_REPRESENTATION('',(#10552),#10556);
#10552 = CIRCLE('',#10553,2.25);
#10553 = AXIS2_PLACEMENT_2D('',#10554,#10555);
#10554 = CARTESIAN_POINT('',(165.,8.));
#10555 = DIRECTION('',(1.,0.));
#10556 = ( GEOMETRIC_REPRESENTATION_CONTEXT(2) 
PARAMETRIC_REPRESENTATION_CONTEXT() REPRESENTATION_CONTEXT('2D SPACE',''
  ) );
#10557 = PCURVE('',#10086,#10558);
#10558 = DEFINITIONAL_REPRESENTATION('',(#10559),#10563);
#10559 = LINE('',#10560,#10561);
#10560 = CARTESIAN_POINT('',(0.,1.));
#10561 = VECTOR('',#10562,1.);
#10562 = DIRECTION('',(1.,0.));
#10563 = ( GEOMETRIC_REPRESENTATION_CONTEXT(2) 
PARAMETRIC_REPRESENTATION_CONTEXT() REPRESENTATION_CONTEXT('2D SPACE',''
  ) );
#10564 = FACE_BOUND('',#10565,.F.);
#10565 = EDGE_LOOP('',(#10566));
#10566 = ORIENTED_EDGE('',*,*,#10567,.F.);
#10567 = EDGE_CURVE('',#10568,#10568,#10570,.T.);
#10568 = VERTEX_POINT('',#10569);
#10569 = CARTESIAN_POINT('',(102.25,-42.,43.));
#10570 = SURFACE_CURVE('',#10571,(#10576,#10583),.PCURVE_S1.);
#10571 = CIRCLE('',#10572,2.25);
#10572 = AXIS2_PLACEMENT_3D('',#10573,#10574,#10575);
#10573 = CARTESIAN_POINT('',(100.,-42.,43.));
#10574 = DIRECTION('',(0.,0.,1.));
#10575 = DIRECTION('',(1.,0.,-0.));
#10576 = PCURVE('',#9798,#10577);
#10577 = DEFINITIONAL_REPRESENTATION('',(#10578),#10582);
#10578 = CIRCLE('',#10579,2.25);
#10579 = AXIS2_PLACEMENT_2D('',#10580,#10581);
#10580 = CARTESIAN_POINT('',(205.,8.));
#10581 = DIRECTION('',(1.,0.));
#10582 = ( GEOMETRIC_REPRESENTATION_CONTEXT(2) 
PARAMETRIC_REPRESENTATION_CONTEXT() REPRESENTATION_CONTEXT('2D SPACE',''
  ) );
#10583 = PCURVE('',#10117,#10584);
#10584 = DEFINITIONAL_REPRESENTATION('',(#10585),#10589);
#10585 = LINE('',#10586,#10587);
#10586 = CARTESIAN_POINT('',(0.,1.));
#10587 = VECTOR('',#10588,1.);
#10588 = DIRECTION('',(1.,0.));
#10589 = ( GEOMETRIC_REPRESENTATION_CONTEXT(2) 
PARAMETRIC_REPRESENTATION_CONTEXT() REPRESENTATION_CONTEXT('2D SPACE',''
  ) );
#10590 = FACE_BOUND('',#10591,.F.);
#10591 = EDGE_LOOP('',(#10592));
#10592 = ORIENTED_EDGE('',*,*,#10593,.F.);
#10593 = EDGE_CURVE('',#10594,#10594,#10596,.T.);
#10594 = VERTEX_POINT('',#10595);
#10595 = CARTESIAN_POINT('',(-72.75,42.,43.));
#10596 = SURFACE_CURVE('',#10597,(#10602,#10609),.PCURVE_S1.);
#10597 = CIRCLE('',#10598,2.25);
#10598 = AXIS2_PLACEMENT_3D('',#10599,#10600,#10601);
#10599 = CARTESIAN_POINT('',(-75.,42.,43.));
#10600 = DIRECTION('',(0.,0.,1.));
#10601 = DIRECTION('',(1.,0.,-0.));
#10602 = PCURVE('',#9798,#10603);
#10603 = DEFINITIONAL_REPRESENTATION('',(#10604),#10608);
#10604 = CIRCLE('',#10605,2.25);
#10605 = AXIS2_PLACEMENT_2D('',#10606,#10607);
#10606 = CARTESIAN_POINT('',(30.,92.));
#10607 = DIRECTION('',(1.,0.));
#10608 = ( GEOMETRIC_REPRESENTATION_CONTEXT(2) 
PARAMETRIC_REPRESENTATION_CONTEXT() REPRESENTATION_CONTEXT('2D SPACE',''
  ) );
#10609 = PCURVE('',#10148,#10610);
#10610 = DEFINITIONAL_REPRESENTATION('',(#10611),#10615);
#10611 = LINE('',#10612,#10613);
#10612 = CARTESIAN_POINT('',(0.,1.));
#10613 = VECTOR('',#10614,1.);
#10614 = DIRECTION('',(1.,0.));
#10615 = ( GEOMETRIC_REPRESENTATION_CONTEXT(2) 
PARAMETRIC_REPRESENTATION_CONTEXT() REPRESENTATION_CONTEXT('2D SPACE',''
  ) );
#10616 = FACE_BOUND('',#10617,.F.);
#10617 = EDGE_LOOP('',(#10618));
#10618 = ORIENTED_EDGE('',*,*,#10619,.F.);
#10619 = EDGE_CURVE('',#10620,#10620,#10622,.T.);
#10620 = VERTEX_POINT('',#10621);
#10621 = CARTESIAN_POINT('',(56.7,8.,43.));
#10622 = SURFACE_CURVE('',#10623,(#10628,#10635),.PCURVE_S1.);
#10623 = CIRCLE('',#10624,1.7);
#10624 = AXIS2_PLACEMENT_3D('',#10625,#10626,#10627);
#10625 = CARTESIAN_POINT('',(55.,8.,43.));
#10626 = DIRECTION('',(0.,0.,1.));
#10627 = DIRECTION('',(1.,0.,-0.));
#10628 = PCURVE('',#9798,#10629);
#10629 = DEFINITIONAL_REPRESENTATION('',(#10630),#10634);
#10630 = CIRCLE('',#10631,1.7);
#10631 = AXIS2_PLACEMENT_2D('',#10632,#10633);
#10632 = CARTESIAN_POINT('',(160.,58.));
#10633 = DIRECTION('',(1.,0.));
#10634 = ( GEOMETRIC_REPRESENTATION_CONTEXT(2) 
PARAMETRIC_REPRESENTATION_CONTEXT() REPRESENTATION_CONTEXT('2D SPACE',''
  ) );
#10635 = PCURVE('',#10179,#10636);
#10636 = DEFINITIONAL_REPRESENTATION('',(#10637),#10641);
#10637 = LINE('',#10638,#10639);
#10638 = CARTESIAN_POINT('',(0.,1.));
#10639 = VECTOR('',#10640,1.);
#10640 = DIRECTION('',(1.,0.));
#10641 = ( GEOMETRIC_REPRESENTATION_CONTEXT(2) 
PARAMETRIC_REPRESENTATION_CONTEXT() REPRESENTATION_CONTEXT('2D SPACE',''
  ) );
#10642 = FACE_BOUND('',#10643,.F.);
#10643 = EDGE_LOOP('',(#10644));
#10644 = ORIENTED_EDGE('',*,*,#10645,.F.);
#10645 = EDGE_CURVE('',#10646,#10646,#10648,.T.);
#10646 = VERTEX_POINT('',#10647);
#10647 = CARTESIAN_POINT('',(56.7,34.,43.));
#10648 = SURFACE_CURVE('',#10649,(#10654,#10661),.PCURVE_S1.);
#10649 = CIRCLE('',#10650,1.7);
#10650 = AXIS2_PLACEMENT_3D('',#10651,#10652,#10653);
#10651 = CARTESIAN_POINT('',(55.,34.,43.));
#10652 = DIRECTION('',(0.,0.,1.));
#10653 = DIRECTION('',(1.,0.,-0.));
#10654 = PCURVE('',#9798,#10655);
#10655 = DEFINITIONAL_REPRESENTATION('',(#10656),#10660);
#10656 = CIRCLE('',#10657,1.7);
#10657 = AXIS2_PLACEMENT_2D('',#10658,#10659);
#10658 = CARTESIAN_POINT('',(160.,84.));
#10659 = DIRECTION('',(1.,0.));
#10660 = ( GEOMETRIC_REPRESENTATION_CONTEXT(2) 
PARAMETRIC_REPRESENTATION_CONTEXT() REPRESENTATION_CONTEXT('2D SPACE',''
  ) );
#10661 = PCURVE('',#10210,#10662);
#10662 = DEFINITIONAL_REPRESENTATION('',(#10663),#10667);
#10663 = LINE('',#10664,#10665);
#10664 = CARTESIAN_POINT('',(0.,1.));
#10665 = VECTOR('',#10666,1.);
#10666 = DIRECTION('',(1.,0.));
#10667 = ( GEOMETRIC_REPRESENTATION_CONTEXT(2) 
PARAMETRIC_REPRESENTATION_CONTEXT() REPRESENTATION_CONTEXT('2D SPACE',''
  ) );
#10668 = FACE_BOUND('',#10669,.F.);
#10669 = EDGE_LOOP('',(#10670));
#10670 = ORIENTED_EDGE('',*,*,#10671,.F.);
#10671 = EDGE_CURVE('',#10672,#10672,#10674,.T.);
#10672 = VERTEX_POINT('',#10673);
#10673 = CARTESIAN_POINT('',(62.25,42.,43.));
#10674 = SURFACE_CURVE('',#10675,(#10680,#10687),.PCURVE_S1.);
#10675 = CIRCLE('',#10676,2.25);
#10676 = AXIS2_PLACEMENT_3D('',#10677,#10678,#10679);
#10677 = CARTESIAN_POINT('',(60.,42.,43.));
#10678 = DIRECTION('',(0.,0.,1.));
#10679 = DIRECTION('',(1.,0.,-0.));
#10680 = PCURVE('',#9798,#10681);
#10681 = DEFINITIONAL_REPRESENTATION('',(#10682),#10686);
#10682 = CIRCLE('',#10683,2.25);
#10683 = AXIS2_PLACEMENT_2D('',#10684,#10685);
#10684 = CARTESIAN_POINT('',(165.,92.));
#10685 = DIRECTION('',(1.,0.));
#10686 = ( GEOMETRIC_REPRESENTATION_CONTEXT(2) 
PARAMETRIC_REPRESENTATION_CONTEXT() REPRESENTATION_CONTEXT('2D SPACE',''
  ) );
#10687 = PCURVE('',#10241,#10688);
#10688 = DEFINITIONAL_REPRESENTATION('',(#10689),#10693);
#10689 = LINE('',#10690,#10691);
#10690 = CARTESIAN_POINT('',(0.,1.));
#10691 = VECTOR('',#10692,1.);
#10692 = DIRECTION('',(1.,0.));
#10693 = ( GEOMETRIC_REPRESENTATION_CONTEXT(2) 
PARAMETRIC_REPRESENTATION_CONTEXT() REPRESENTATION_CONTEXT('2D SPACE',''
  ) );
#10694 = FACE_BOUND('',#10695,.F.);
#10695 = EDGE_LOOP('',(#10696));
#10696 = ORIENTED_EDGE('',*,*,#10697,.F.);
#10697 = EDGE_CURVE('',#10698,#10698,#10700,.T.);
#10698 = VERTEX_POINT('',#10699);
#10699 = CARTESIAN_POINT('',(102.25,42.,43.));
#10700 = SURFACE_CURVE('',#10701,(#10706,#10713),.PCURVE_S1.);
#10701 = CIRCLE('',#10702,2.25);
#10702 = AXIS2_PLACEMENT_3D('',#10703,#10704,#10705);
#10703 = CARTESIAN_POINT('',(100.,42.,43.));
#10704 = DIRECTION('',(0.,0.,1.));
#10705 = DIRECTION('',(1.,0.,-0.));
#10706 = PCURVE('',#9798,#10707);
#10707 = DEFINITIONAL_REPRESENTATION('',(#10708),#10712);
#10708 = CIRCLE('',#10709,2.25);
#10709 = AXIS2_PLACEMENT_2D('',#10710,#10711);
#10710 = CARTESIAN_POINT('',(205.,92.));
#10711 = DIRECTION('',(1.,0.));
#10712 = ( GEOMETRIC_REPRESENTATION_CONTEXT(2) 
PARAMETRIC_REPRESENTATION_CONTEXT() REPRESENTATION_CONTEXT('2D SPACE',''
  ) );
#10713 = PCURVE('',#10272,#10714);
#10714 = DEFINITIONAL_REPRESENTATION('',(#10715),#10719);
#10715 = LINE('',#10716,#10717);
#10716 = CARTESIAN_POINT('',(0.,1.));
#10717 = VECTOR('',#10718,1.);
#10718 = DIRECTION('',(1.,0.));
#10719 = ( GEOMETRIC_REPRESENTATION_CONTEXT(2) 
PARAMETRIC_REPRESENTATION_CONTEXT() REPRESENTATION_CONTEXT('2D SPACE',''
  ) );
#10720 = ADVANCED_FACE('',(#10721),#9880,.F.);
#10721 = FACE_BOUND('',#10722,.F.);
#10722 = EDGE_LOOP('',(#10723,#10724,#10725,#10726));
#10723 = ORIENTED_EDGE('',*,*,#10393,.F.);
#10724 = ORIENTED_EDGE('',*,*,#10311,.T.);
#10725 = ORIENTED_EDGE('',*,*,#9864,.T.);
#10726 = ORIENTED_EDGE('',*,*,#10727,.F.);
#10727 = EDGE_CURVE('',#10394,#9865,#10728,.T.);
#10728 = SURFACE_CURVE('',#10729,(#10733,#10740),.PCURVE_S1.);
#10729 = LINE('',#10730,#10731);
#10730 = CARTESIAN_POINT('',(97.,-50.,43.));
#10731 = VECTOR('',#10732,1.);
#10732 = DIRECTION('',(0.,0.,1.));
#10733 = PCURVE('',#9880,#10734);
#10734 = DEFINITIONAL_REPRESENTATION('',(#10735),#10739);
#10735 = LINE('',#10736,#10737);
#10736 = CARTESIAN_POINT('',(0.,202.));
#10737 = VECTOR('',#10738,1.);
#10738 = DIRECTION('',(1.,0.));
#10739 = ( GEOMETRIC_REPRESENTATION_CONTEXT(2) 
PARAMETRIC_REPRESENTATION_CONTEXT() REPRESENTATION_CONTEXT('2D SPACE',''
  ) );
#10740 = PCURVE('',#9913,#10741);
#10741 = DEFINITIONAL_REPRESENTATION('',(#10742),#10746);
#10742 = LINE('',#10743,#10744);
#10743 = CARTESIAN_POINT('',(-1.570796326795,0.));
#10744 = VECTOR('',#10745,1.);
#10745 = DIRECTION('',(-0.,1.));
#10746 = ( GEOMETRIC_REPRESENTATION_CONTEXT(2) 
PARAMETRIC_REPRESENTATION_CONTEXT() REPRESENTATION_CONTEXT('2D SPACE',''
  ) );
#10747 = ADVANCED_FACE('',(#10748),#9998,.T.);
#10748 = FACE_BOUND('',#10749,.T.);
#10749 = EDGE_LOOP('',(#10750,#10751,#10752,#10753));
#10750 = ORIENTED_EDGE('',*,*,#10491,.F.);
#10751 = ORIENTED_EDGE('',*,*,#10365,.T.);
#10752 = ORIENTED_EDGE('',*,*,#9982,.T.);
#10753 = ORIENTED_EDGE('',*,*,#10754,.F.);
#10754 = EDGE_CURVE('',#10468,#9954,#10755,.T.);
#10755 = SURFACE_CURVE('',#10756,(#10760,#10767),.PCURVE_S1.);
#10756 = LINE('',#10757,#10758);
#10757 = CARTESIAN_POINT('',(97.,50.,43.));
#10758 = VECTOR('',#10759,1.);
#10759 = DIRECTION('',(0.,0.,1.));
#10760 = PCURVE('',#9998,#10761);
#10761 = DEFINITIONAL_REPRESENTATION('',(#10762),#10766);
#10762 = LINE('',#10763,#10764);
#10763 = CARTESIAN_POINT('',(0.,202.));
#10764 = VECTOR('',#10765,1.);
#10765 = DIRECTION('',(1.,0.));
#10766 = ( GEOMETRIC_REPRESENTATION_CONTEXT(2) 
PARAMETRIC_REPRESENTATION_CONTEXT() REPRESENTATION_CONTEXT('2D SPACE',''
  ) );
#10767 = PCURVE('',#9970,#10768);
#10768 = DEFINITIONAL_REPRESENTATION('',(#10769),#10773);
#10769 = LINE('',#10770,#10771);
#10770 = CARTESIAN_POINT('',(1.570796326795,0.));
#10771 = VECTOR('',#10772,1.);
#10772 = DIRECTION('',(0.,1.));
#10773 = ( GEOMETRIC_REPRESENTATION_CONTEXT(2) 
PARAMETRIC_REPRESENTATION_CONTEXT() REPRESENTATION_CONTEXT('2D SPACE',''
  ) );
#10774 = ADVANCED_FACE('',(#10775),#9913,.T.);
#10775 = FACE_BOUND('',#10776,.F.);
#10776 = EDGE_LOOP('',(#10777,#10778,#10779,#10780));
#10777 = ORIENTED_EDGE('',*,*,#10416,.T.);
#10778 = ORIENTED_EDGE('',*,*,#10727,.T.);
#10779 = ORIENTED_EDGE('',*,*,#9892,.F.);
#10780 = ORIENTED_EDGE('',*,*,#10781,.F.);
#10781 = EDGE_CURVE('',#10417,#9893,#10782,.T.);
#10782 = SURFACE_CURVE('',#10783,(#10787,#10794),.PCURVE_S1.);
#10783 = LINE('',#10784,#10785);
#10784 = CARTESIAN_POINT('',(105.,-42.,43.));
#10785 = VECTOR('',#10786,1.);
#10786 = DIRECTION('',(0.,0.,1.));
#10787 = PCURVE('',#9913,#10788);
#10788 = DEFINITIONAL_REPRESENTATION('',(#10789),#10793);
#10789 = LINE('',#10790,#10791);
#10790 = CARTESIAN_POINT('',(-0.,0.));
#10791 = VECTOR('',#10792,1.);
#10792 = DIRECTION('',(-0.,1.));
#10793 = ( GEOMETRIC_REPRESENTATION_CONTEXT(2) 
PARAMETRIC_REPRESENTATION_CONTEXT() REPRESENTATION_CONTEXT('2D SPACE',''
  ) );
#10794 = PCURVE('',#9941,#10795);
#10795 = DEFINITIONAL_REPRESENTATION('',(#10796),#10800);
#10796 = LINE('',#10797,#10798);
#10797 = CARTESIAN_POINT('',(0.,-8.));
#10798 = VECTOR('',#10799,1.);
#10799 = DIRECTION('',(1.,0.));
#10800 = ( GEOMETRIC_REPRESENTATION_CONTEXT(2) 
PARAMETRIC_REPRESENTATION_CONTEXT() REPRESENTATION_CONTEXT('2D SPACE',''
  ) );
#10801 = ADVANCED_FACE('',(#10802),#9970,.T.);
#10802 = FACE_BOUND('',#10803,.T.);
#10803 = EDGE_LOOP('',(#10804,#10805,#10806,#10807));
#10804 = ORIENTED_EDGE('',*,*,#10467,.T.);
#10805 = ORIENTED_EDGE('',*,*,#10754,.T.);
#10806 = ORIENTED_EDGE('',*,*,#9953,.F.);
#10807 = ORIENTED_EDGE('',*,*,#10808,.F.);
#10808 = EDGE_CURVE('',#10445,#9926,#10809,.T.);
#10809 = SURFACE_CURVE('',#10810,(#10814,#10821),.PCURVE_S1.);
#10810 = LINE('',#10811,#10812);
#10811 = CARTESIAN_POINT('',(105.,42.,43.));
#10812 = VECTOR('',#10813,1.);
#10813 = DIRECTION('',(0.,0.,1.));
#10814 = PCURVE('',#9970,#10815);
#10815 = DEFINITIONAL_REPRESENTATION('',(#10816),#10820);
#10816 = LINE('',#10817,#10818);
#10817 = CARTESIAN_POINT('',(0.,0.));
#10818 = VECTOR('',#10819,1.);
#10819 = DIRECTION('',(0.,1.));
#10820 = ( GEOMETRIC_REPRESENTATION_CONTEXT(2) 
PARAMETRIC_REPRESENTATION_CONTEXT() REPRESENTATION_CONTEXT('2D SPACE',''
  ) );
#10821 = PCURVE('',#9941,#10822);
#10822 = DEFINITIONAL_REPRESENTATION('',(#10823),#10827);
#10823 = LINE('',#10824,#10825);
#10824 = CARTESIAN_POINT('',(0.,-92.));
#10825 = VECTOR('',#10826,1.);
#10826 = DIRECTION('',(1.,0.));
#10827 = ( GEOMETRIC_REPRESENTATION_CONTEXT(2) 
PARAMETRIC_REPRESENTATION_CONTEXT() REPRESENTATION_CONTEXT('2D SPACE',''
  ) );
#10828 = ADVANCED_FACE('',(#10829),#9941,.T.);
#10829 = FACE_BOUND('',#10830,.T.);
#10830 = EDGE_LOOP('',(#10831,#10832,#10833,#10834));
#10831 = ORIENTED_EDGE('',*,*,#9925,.F.);
#10832 = ORIENTED_EDGE('',*,*,#10781,.F.);
#10833 = ORIENTED_EDGE('',*,*,#10444,.T.);
#10834 = ORIENTED_EDGE('',*,*,#10808,.T.);
#10835 = ADVANCED_FACE('',(#10836),#10055,.F.);
#10836 = FACE_BOUND('',#10837,.F.);
#10837 = EDGE_LOOP('',(#10838,#10839,#10860,#10861));
#10838 = ORIENTED_EDGE('',*,*,#10038,.F.);
#10839 = ORIENTED_EDGE('',*,*,#10840,.F.);
#10840 = EDGE_CURVE('',#10516,#10039,#10841,.T.);
#10841 = SEAM_CURVE('',#10842,(#10846,#10853),.PCURVE_S1.);
#10842 = LINE('',#10843,#10844);
#10843 = CARTESIAN_POINT('',(-72.75,-42.,42.));
#10844 = VECTOR('',#10845,1.);
#10845 = DIRECTION('',(0.,0.,1.));
#10846 = PCURVE('',#10055,#10847);
#10847 = DEFINITIONAL_REPRESENTATION('',(#10848),#10852);
#10848 = LINE('',#10849,#10850);
#10849 = CARTESIAN_POINT('',(6.28318530718,-0.));
#10850 = VECTOR('',#10851,1.);
#10851 = DIRECTION('',(0.,1.));
#10852 = ( GEOMETRIC_REPRESENTATION_CONTEXT(2) 
PARAMETRIC_REPRESENTATION_CONTEXT() REPRESENTATION_CONTEXT('2D SPACE',''
  ) );
#10853 = PCURVE('',#10055,#10854);
#10854 = DEFINITIONAL_REPRESENTATION('',(#10855),#10859);
#10855 = LINE('',#10856,#10857);
#10856 = CARTESIAN_POINT('',(0.,-0.));
#10857 = VECTOR('',#10858,1.);
#10858 = DIRECTION('',(0.,1.));
#10859 = ( GEOMETRIC_REPRESENTATION_CONTEXT(2) 
PARAMETRIC_REPRESENTATION_CONTEXT() REPRESENTATION_CONTEXT('2D SPACE',''
  ) );
#10860 = ORIENTED_EDGE('',*,*,#10515,.T.);
#10861 = ORIENTED_EDGE('',*,*,#10840,.T.);
#10862 = ADVANCED_FACE('',(#10863),#10086,.F.);
#10863 = FACE_BOUND('',#10864,.F.);
#10864 = EDGE_LOOP('',(#10865,#10866,#10887,#10888));
#10865 = ORIENTED_EDGE('',*,*,#10069,.F.);
#10866 = ORIENTED_EDGE('',*,*,#10867,.F.);
#10867 = EDGE_CURVE('',#10542,#10070,#10868,.T.);
#10868 = SEAM_CURVE('',#10869,(#10873,#10880),.PCURVE_S1.);
#10869 = LINE('',#10870,#10871);
#10870 = CARTESIAN_POINT('',(62.25,-42.,42.));
#10871 = VECTOR('',#10872,1.);
#10872 = DIRECTION('',(0.,0.,1.));
#10873 = PCURVE('',#10086,#10874);
#10874 = DEFINITIONAL_REPRESENTATION('',(#10875),#10879);
#10875 = LINE('',#10876,#10877);
#10876 = CARTESIAN_POINT('',(6.28318530718,-0.));
#10877 = VECTOR('',#10878,1.);
#10878 = DIRECTION('',(0.,1.));
#10879 = ( GEOMETRIC_REPRESENTATION_CONTEXT(2) 
PARAMETRIC_REPRESENTATION_CONTEXT() REPRESENTATION_CONTEXT('2D SPACE',''
  ) );
#10880 = PCURVE('',#10086,#10881);
#10881 = DEFINITIONAL_REPRESENTATION('',(#10882),#10886);
#10882 = LINE('',#10883,#10884);
#10883 = CARTESIAN_POINT('',(0.,-0.));
#10884 = VECTOR('',#10885,1.);
#10885 = DIRECTION('',(0.,1.));
#10886 = ( GEOMETRIC_REPRESENTATION_CONTEXT(2) 
PARAMETRIC_REPRESENTATION_CONTEXT() REPRESENTATION_CONTEXT('2D SPACE',''
  ) );
#10887 = ORIENTED_EDGE('',*,*,#10541,.T.);
#10888 = ORIENTED_EDGE('',*,*,#10867,.T.);
#10889 = ADVANCED_FACE('',(#10890),#10117,.F.);
#10890 = FACE_BOUND('',#10891,.F.);
#10891 = EDGE_LOOP('',(#10892,#10893,#10914,#10915));
#10892 = ORIENTED_EDGE('',*,*,#10100,.F.);
#10893 = ORIENTED_EDGE('',*,*,#10894,.F.);
#10894 = EDGE_CURVE('',#10568,#10101,#10895,.T.);
#10895 = SEAM_CURVE('',#10896,(#10900,#10907),.PCURVE_S1.);
#10896 = LINE('',#10897,#10898);
#10897 = CARTESIAN_POINT('',(102.25,-42.,42.));
#10898 = VECTOR('',#10899,1.);
#10899 = DIRECTION('',(0.,0.,1.));
#10900 = PCURVE('',#10117,#10901);
#10901 = DEFINITIONAL_REPRESENTATION('',(#10902),#10906);
#10902 = LINE('',#10903,#10904);
#10903 = CARTESIAN_POINT('',(6.28318530718,-0.));
#10904 = VECTOR('',#10905,1.);
#10905 = DIRECTION('',(0.,1.));
#10906 = ( GEOMETRIC_REPRESENTATION_CONTEXT(2) 
PARAMETRIC_REPRESENTATION_CONTEXT() REPRESENTATION_CONTEXT('2D SPACE',''
  ) );
#10907 = PCURVE('',#10117,#10908);
#10908 = DEFINITIONAL_REPRESENTATION('',(#10909),#10913);
#10909 = LINE('',#10910,#10911);
#10910 = CARTESIAN_POINT('',(0.,-0.));
#10911 = VECTOR('',#10912,1.);
#10912 = DIRECTION('',(0.,1.));
#10913 = ( GEOMETRIC_REPRESENTATION_CONTEXT(2) 
PARAMETRIC_REPRESENTATION_CONTEXT() REPRESENTATION_CONTEXT('2D SPACE',''
  ) );
#10914 = ORIENTED_EDGE('',*,*,#10567,.T.);
#10915 = ORIENTED_EDGE('',*,*,#10894,.T.);
#10916 = ADVANCED_FACE('',(#10917),#10148,.F.);
#10917 = FACE_BOUND('',#10918,.F.);
#10918 = EDGE_LOOP('',(#10919,#10920,#10941,#10942));
#10919 = ORIENTED_EDGE('',*,*,#10131,.F.);
#10920 = ORIENTED_EDGE('',*,*,#10921,.F.);
#10921 = EDGE_CURVE('',#10594,#10132,#10922,.T.);
#10922 = SEAM_CURVE('',#10923,(#10927,#10934),.PCURVE_S1.);
#10923 = LINE('',#10924,#10925);
#10924 = CARTESIAN_POINT('',(-72.75,42.,42.));
#10925 = VECTOR('',#10926,1.);
#10926 = DIRECTION('',(0.,0.,1.));
#10927 = PCURVE('',#10148,#10928);
#10928 = DEFINITIONAL_REPRESENTATION('',(#10929),#10933);
#10929 = LINE('',#10930,#10931);
#10930 = CARTESIAN_POINT('',(6.28318530718,-0.));
#10931 = VECTOR('',#10932,1.);
#10932 = DIRECTION('',(0.,1.));
#10933 = ( GEOMETRIC_REPRESENTATION_CONTEXT(2) 
PARAMETRIC_REPRESENTATION_CONTEXT() REPRESENTATION_CONTEXT('2D SPACE',''
  ) );
#10934 = PCURVE('',#10148,#10935);
#10935 = DEFINITIONAL_REPRESENTATION('',(#10936),#10940);
#10936 = LINE('',#10937,#10938);
#10937 = CARTESIAN_POINT('',(0.,-0.));
#10938 = VECTOR('',#10939,1.);
#10939 = DIRECTION('',(0.,1.));
#10940 = ( GEOMETRIC_REPRESENTATION_CONTEXT(2) 
PARAMETRIC_REPRESENTATION_CONTEXT() REPRESENTATION_CONTEXT('2D SPACE',''
  ) );
#10941 = ORIENTED_EDGE('',*,*,#10593,.T.);
#10942 = ORIENTED_EDGE('',*,*,#10921,.T.);
#10943 = ADVANCED_FACE('',(#10944),#10179,.F.);
#10944 = FACE_BOUND('',#10945,.F.);
#10945 = EDGE_LOOP('',(#10946,#10947,#10968,#10969));
#10946 = ORIENTED_EDGE('',*,*,#10162,.F.);
#10947 = ORIENTED_EDGE('',*,*,#10948,.F.);
#10948 = EDGE_CURVE('',#10620,#10163,#10949,.T.);
#10949 = SEAM_CURVE('',#10950,(#10954,#10961),.PCURVE_S1.);
#10950 = LINE('',#10951,#10952);
#10951 = CARTESIAN_POINT('',(56.7,8.,42.));
#10952 = VECTOR('',#10953,1.);
#10953 = DIRECTION('',(0.,0.,1.));
#10954 = PCURVE('',#10179,#10955);
#10955 = DEFINITIONAL_REPRESENTATION('',(#10956),#10960);
#10956 = LINE('',#10957,#10958);
#10957 = CARTESIAN_POINT('',(6.28318530718,-0.));
#10958 = VECTOR('',#10959,1.);
#10959 = DIRECTION('',(0.,1.));
#10960 = ( GEOMETRIC_REPRESENTATION_CONTEXT(2) 
PARAMETRIC_REPRESENTATION_CONTEXT() REPRESENTATION_CONTEXT('2D SPACE',''
  ) );
#10961 = PCURVE('',#10179,#10962);
#10962 = DEFINITIONAL_REPRESENTATION('',(#10963),#10967);
#10963 = LINE('',#10964,#10965);
#10964 = CARTESIAN_POINT('',(0.,-0.));
#10965 = VECTOR('',#10966,1.);
#10966 = DIRECTION('',(0.,1.));
#10967 = ( GEOMETRIC_REPRESENTATION_CONTEXT(2) 
PARAMETRIC_REPRESENTATION_CONTEXT() REPRESENTATION_CONTEXT('2D SPACE',''
  ) );
#10968 = ORIENTED_EDGE('',*,*,#10619,.T.);
#10969 = ORIENTED_EDGE('',*,*,#10948,.T.);
#10970 = ADVANCED_FACE('',(#10971),#10210,.F.);
#10971 = FACE_BOUND('',#10972,.F.);
#10972 = EDGE_LOOP('',(#10973,#10974,#10995,#10996));
#10973 = ORIENTED_EDGE('',*,*,#10193,.F.);
#10974 = ORIENTED_EDGE('',*,*,#10975,.F.);
#10975 = EDGE_CURVE('',#10646,#10194,#10976,.T.);
#10976 = SEAM_CURVE('',#10977,(#10981,#10988),.PCURVE_S1.);
#10977 = LINE('',#10978,#10979);
#10978 = CARTESIAN_POINT('',(56.7,34.,42.));
#10979 = VECTOR('',#10980,1.);
#10980 = DIRECTION('',(0.,0.,1.));
#10981 = PCURVE('',#10210,#10982);
#10982 = DEFINITIONAL_REPRESENTATION('',(#10983),#10987);
#10983 = LINE('',#10984,#10985);
#10984 = CARTESIAN_POINT('',(6.28318530718,-0.));
#10985 = VECTOR('',#10986,1.);
#10986 = DIRECTION('',(0.,1.));
#10987 = ( GEOMETRIC_REPRESENTATION_CONTEXT(2) 
PARAMETRIC_REPRESENTATION_CONTEXT() REPRESENTATION_CONTEXT('2D SPACE',''
  ) );
#10988 = PCURVE('',#10210,#10989);
#10989 = DEFINITIONAL_REPRESENTATION('',(#10990),#10994);
#10990 = LINE('',#10991,#10992);
#10991 = CARTESIAN_POINT('',(0.,-0.));
#10992 = VECTOR('',#10993,1.);
#10993 = DIRECTION('',(0.,1.));
#10994 = ( GEOMETRIC_REPRESENTATION_CONTEXT(2) 
PARAMETRIC_REPRESENTATION_CONTEXT() REPRESENTATION_CONTEXT('2D SPACE',''
  ) );
#10995 = ORIENTED_EDGE('',*,*,#10645,.T.);
#10996 = ORIENTED_EDGE('',*,*,#10975,.T.);
#10997 = ADVANCED_FACE('',(#10998),#10241,.F.);
#10998 = FACE_BOUND('',#10999,.F.);
#10999 = EDGE_LOOP('',(#11000,#11001,#11022,#11023));
#11000 = ORIENTED_EDGE('',*,*,#10224,.F.);
#11001 = ORIENTED_EDGE('',*,*,#11002,.F.);
#11002 = EDGE_CURVE('',#10672,#10225,#11003,.T.);
#11003 = SEAM_CURVE('',#11004,(#11008,#11015),.PCURVE_S1.);
#11004 = LINE('',#11005,#11006);
#11005 = CARTESIAN_POINT('',(62.25,42.,42.));
#11006 = VECTOR('',#11007,1.);
#11007 = DIRECTION('',(0.,0.,1.));
#11008 = PCURVE('',#10241,#11009);
#11009 = DEFINITIONAL_REPRESENTATION('',(#11010),#11014);
#11010 = LINE('',#11011,#11012);
#11011 = CARTESIAN_POINT('',(6.28318530718,-0.));
#11012 = VECTOR('',#11013,1.);
#11013 = DIRECTION('',(0.,1.));
#11014 = ( GEOMETRIC_REPRESENTATION_CONTEXT(2) 
PARAMETRIC_REPRESENTATION_CONTEXT() REPRESENTATION_CONTEXT('2D SPACE',''
  ) );
#11015 = PCURVE('',#10241,#11016);
#11016 = DEFINITIONAL_REPRESENTATION('',(#11017),#11021);
#11017 = LINE('',#11018,#11019);
#11018 = CARTESIAN_POINT('',(0.,-0.));
#11019 = VECTOR('',#11020,1.);
#11020 = DIRECTION('',(0.,1.));
#11021 = ( GEOMETRIC_REPRESENTATION_CONTEXT(2) 
PARAMETRIC_REPRESENTATION_CONTEXT() REPRESENTATION_CONTEXT('2D SPACE',''
  ) );
#11022 = ORIENTED_EDGE('',*,*,#10671,.T.);
#11023 = ORIENTED_EDGE('',*,*,#11002,.T.);
#11024 = ADVANCED_FACE('',(#11025),#10272,.F.);
#11025 = FACE_BOUND('',#11026,.F.);
#11026 = EDGE_LOOP('',(#11027,#11028,#11049,#11050));
#11027 = ORIENTED_EDGE('',*,*,#10255,.F.);
#11028 = ORIENTED_EDGE('',*,*,#11029,.F.);
#11029 = EDGE_CURVE('',#10698,#10256,#11030,.T.);
#11030 = SEAM_CURVE('',#11031,(#11035,#11042),.PCURVE_S1.);
#11031 = LINE('',#11032,#11033);
#11032 = CARTESIAN_POINT('',(102.25,42.,42.));
#11033 = VECTOR('',#11034,1.);
#11034 = DIRECTION('',(0.,0.,1.));
#11035 = PCURVE('',#10272,#11036);
#11036 = DEFINITIONAL_REPRESENTATION('',(#11037),#11041);
#11037 = LINE('',#11038,#11039);
#11038 = CARTESIAN_POINT('',(6.28318530718,-0.));
#11039 = VECTOR('',#11040,1.);
#11040 = DIRECTION('',(0.,1.));
#11041 = ( GEOMETRIC_REPRESENTATION_CONTEXT(2) 
PARAMETRIC_REPRESENTATION_CONTEXT() REPRESENTATION_CONTEXT('2D SPACE',''
  ) );
#11042 = PCURVE('',#10272,#11043);
#11043 = DEFINITIONAL_REPRESENTATION('',(#11044),#11048);
#11044 = LINE('',#11045,#11046);
#11045 = CARTESIAN_POINT('',(0.,-0.));
#11046 = VECTOR('',#11047,1.);
#11047 = DIRECTION('',(0.,1.));
#11048 = ( GEOMETRIC_REPRESENTATION_CONTEXT(2) 
PARAMETRIC_REPRESENTATION_CONTEXT() REPRESENTATION_CONTEXT('2D SPACE',''
  ) );
#11049 = ORIENTED_EDGE('',*,*,#10697,.T.);
#11050 = ORIENTED_EDGE('',*,*,#11029,.T.);
#11051 = ( GEOMETRIC_REPRESENTATION_CONTEXT(3) 
GLOBAL_UNCERTAINTY_ASSIGNED_CONTEXT((#11055)) 
GLOBAL_UNIT_ASSIGNED_CONTEXT((#11052,#11053,#11054)) 
REPRESENTATION_CONTEXT('Context #1',
  '3D Context with UNIT and UNCERTAINTY') );
#11052 = ( LENGTH_UNIT() NAMED_UNIT(*) SI_UNIT(.MILLI.,.METRE.) );
#11053 = ( NAMED_UNIT(*) PLANE_ANGLE_UNIT() SI_UNIT($,.RADIAN.) );
#11054 = ( NAMED_UNIT(*) SI_UNIT($,.STERADIAN.) SOLID_ANGLE_UNIT() );
#11055 = UNCERTAINTY_MEASURE_WITH_UNIT(LENGTH_MEASURE(1.E-07),#11052,
  'distance_accuracy_value','confusion accuracy');
#11056 = CONTEXT_DEPENDENT_SHAPE_REPRESENTATION(#11057,#11059);
#11057 = ( REPRESENTATION_RELATIONSHIP('','',#9712,#10) 
REPRESENTATION_RELATIONSHIP_WITH_TRANSFORMATION(#11058) 
SHAPE_REPRESENTATION_RELATIONSHIP() );
#11058 = ITEM_DEFINED_TRANSFORMATION('','',#11,#27);
#11059 = PRODUCT_DEFINITION_SHAPE('Placement','Placement of an item',
  #11060);
#11060 = NEXT_ASSEMBLY_USAGE_OCCURRENCE('4',
  'split_v2_petg_actuator_spine','',#5,#9707,$);
#11061 = PRODUCT_RELATED_PRODUCT_CATEGORY('part',$,(#9709));
#11062 = SHAPE_DEFINITION_REPRESENTATION(#11063,#11069);
#11063 = PRODUCT_DEFINITION_SHAPE('','',#11064);
#11064 = PRODUCT_DEFINITION('design','',#11065,#11068);
#11065 = PRODUCT_DEFINITION_FORMATION('','',#11066);
#11066 = PRODUCT('split_v2_alignment_pin:rear',
  'split_v2_alignment_pin:rear','',(#11067));
#11067 = PRODUCT_CONTEXT('',#2,'mechanical');
#11068 = PRODUCT_DEFINITION_CONTEXT('part definition',#2,'design');
#11069 = ADVANCED_BREP_SHAPE_REPRESENTATION('',(#11,#11070),#11168);
#11070 = MANIFOLD_SOLID_BREP('',#11071);
#11071 = CLOSED_SHELL('',(#11072,#11160,#11164));
#11072 = ADVANCED_FACE('',(#11073),#11086,.T.);
#11073 = FACE_BOUND('',#11074,.T.);
#11074 = EDGE_LOOP('',(#11075,#11109,#11132,#11159));
#11075 = ORIENTED_EDGE('',*,*,#11076,.F.);
#11076 = EDGE_CURVE('',#11077,#11077,#11079,.T.);
#11077 = VERTEX_POINT('',#11078);
#11078 = CARTESIAN_POINT('',(9.6,-7.347880794884E-16,-3.));
#11079 = SURFACE_CURVE('',#11080,(#11085,#11097),.PCURVE_S1.);
#11080 = CIRCLE('',#11081,3.);
#11081 = AXIS2_PLACEMENT_3D('',#11082,#11083,#11084);
#11082 = CARTESIAN_POINT('',(9.6,0.,2.13162820728E-15));
#11083 = DIRECTION('',(1.,-0.,2.22044604925E-16));
#11084 = DIRECTION('',(2.22044604925E-16,0.,-1.));
#11085 = PCURVE('',#11086,#11091);
#11086 = CYLINDRICAL_SURFACE('',#11087,3.);
#11087 = AXIS2_PLACEMENT_3D('',#11088,#11089,#11090);
#11088 = CARTESIAN_POINT('',(-9.6,0.,-2.13162820728E-15));
#11089 = DIRECTION('',(1.,0.,2.22044604925E-16));
#11090 = DIRECTION('',(2.22044604925E-16,0.,-1.));
#11091 = DEFINITIONAL_REPRESENTATION('',(#11092),#11096);
#11092 = LINE('',#11093,#11094);
#11093 = CARTESIAN_POINT('',(0.,19.2));
#11094 = VECTOR('',#11095,1.);
#11095 = DIRECTION('',(1.,0.));
#11096 = ( GEOMETRIC_REPRESENTATION_CONTEXT(2) 
PARAMETRIC_REPRESENTATION_CONTEXT() REPRESENTATION_CONTEXT('2D SPACE',''
  ) );
#11097 = PCURVE('',#11098,#11103);
#11098 = PLANE('',#11099);
#11099 = AXIS2_PLACEMENT_3D('',#11100,#11101,#11102);
#11100 = CARTESIAN_POINT('',(9.6,0.,2.13162820728E-15));
#11101 = DIRECTION('',(1.,0.,2.22044604925E-16));
#11102 = DIRECTION('',(2.22044604925E-16,0.,-1.));
#11103 = DEFINITIONAL_REPRESENTATION('',(#11104),#11108);
#11104 = CIRCLE('',#11105,3.);
#11105 = AXIS2_PLACEMENT_2D('',#11106,#11107);
#11106 = CARTESIAN_POINT('',(0.,0.));
#11107 = DIRECTION('',(1.,0.));
#11108 = ( GEOMETRIC_REPRESENTATION_CONTEXT(2) 
PARAMETRIC_REPRESENTATION_CONTEXT() REPRESENTATION_CONTEXT('2D SPACE',''
  ) );
#11109 = ORIENTED_EDGE('',*,*,#11110,.F.);
#11110 = EDGE_CURVE('',#11111,#11077,#11113,.T.);
#11111 = VERTEX_POINT('',#11112);
#11112 = CARTESIAN_POINT('',(-9.6,-7.347880794884E-16,-3.));
#11113 = SEAM_CURVE('',#11114,(#11118,#11125),.PCURVE_S1.);
#11114 = LINE('',#11115,#11116);
#11115 = CARTESIAN_POINT('',(-9.6,-7.347880794884E-16,-3.));
#11116 = VECTOR('',#11117,1.);
#11117 = DIRECTION('',(1.,0.,2.22044604925E-16));
#11118 = PCURVE('',#11086,#11119);
#11119 = DEFINITIONAL_REPRESENTATION('',(#11120),#11124);
#11120 = LINE('',#11121,#11122);
#11121 = CARTESIAN_POINT('',(6.28318530718,-0.));
#11122 = VECTOR('',#11123,1.);
#11123 = DIRECTION('',(0.,1.));
#11124 = ( GEOMETRIC_REPRESENTATION_CONTEXT(2) 
PARAMETRIC_REPRESENTATION_CONTEXT() REPRESENTATION_CONTEXT('2D SPACE',''
  ) );
#11125 = PCURVE('',#11086,#11126);
#11126 = DEFINITIONAL_REPRESENTATION('',(#11127),#11131);
#11127 = LINE('',#11128,#11129);
#11128 = CARTESIAN_POINT('',(0.,-0.));
#11129 = VECTOR('',#11130,1.);
#11130 = DIRECTION('',(0.,1.));
#11131 = ( GEOMETRIC_REPRESENTATION_CONTEXT(2) 
PARAMETRIC_REPRESENTATION_CONTEXT() REPRESENTATION_CONTEXT('2D SPACE',''
  ) );
#11132 = ORIENTED_EDGE('',*,*,#11133,.T.);
#11133 = EDGE_CURVE('',#11111,#11111,#11134,.T.);
#11134 = SURFACE_CURVE('',#11135,(#11140,#11147),.PCURVE_S1.);
#11135 = CIRCLE('',#11136,3.);
#11136 = AXIS2_PLACEMENT_3D('',#11137,#11138,#11139);
#11137 = CARTESIAN_POINT('',(-9.6,0.,-2.13162820728E-15));
#11138 = DIRECTION('',(1.,-0.,2.22044604925E-16));
#11139 = DIRECTION('',(2.22044604925E-16,0.,-1.));
#11140 = PCURVE('',#11086,#11141);
#11141 = DEFINITIONAL_REPRESENTATION('',(#11142),#11146);
#11142 = LINE('',#11143,#11144);
#11143 = CARTESIAN_POINT('',(0.,0.));
#11144 = VECTOR('',#11145,1.);
#11145 = DIRECTION('',(1.,0.));
#11146 = ( GEOMETRIC_REPRESENTATION_CONTEXT(2) 
PARAMETRIC_REPRESENTATION_CONTEXT() REPRESENTATION_CONTEXT('2D SPACE',''
  ) );
#11147 = PCURVE('',#11148,#11153);
#11148 = PLANE('',#11149);
#11149 = AXIS2_PLACEMENT_3D('',#11150,#11151,#11152);
#11150 = CARTESIAN_POINT('',(-9.6,0.,-2.13162820728E-15));
#11151 = DIRECTION('',(1.,0.,2.22044604925E-16));
#11152 = DIRECTION('',(2.22044604925E-16,0.,-1.));
#11153 = DEFINITIONAL_REPRESENTATION('',(#11154),#11158);
#11154 = CIRCLE('',#11155,3.);
#11155 = AXIS2_PLACEMENT_2D('',#11156,#11157);
#11156 = CARTESIAN_POINT('',(0.,0.));
#11157 = DIRECTION('',(1.,0.));
#11158 = ( GEOMETRIC_REPRESENTATION_CONTEXT(2) 
PARAMETRIC_REPRESENTATION_CONTEXT() REPRESENTATION_CONTEXT('2D SPACE',''
  ) );
#11159 = ORIENTED_EDGE('',*,*,#11110,.T.);
#11160 = ADVANCED_FACE('',(#11161),#11098,.T.);
#11161 = FACE_BOUND('',#11162,.T.);
#11162 = EDGE_LOOP('',(#11163));
#11163 = ORIENTED_EDGE('',*,*,#11076,.T.);
#11164 = ADVANCED_FACE('',(#11165),#11148,.F.);
#11165 = FACE_BOUND('',#11166,.T.);
#11166 = EDGE_LOOP('',(#11167));
#11167 = ORIENTED_EDGE('',*,*,#11133,.F.);
#11168 = ( GEOMETRIC_REPRESENTATION_CONTEXT(3) 
GLOBAL_UNCERTAINTY_ASSIGNED_CONTEXT((#11172)) 
GLOBAL_UNIT_ASSIGNED_CONTEXT((#11169,#11170,#11171)) 
REPRESENTATION_CONTEXT('Context #1',
  '3D Context with UNIT and UNCERTAINTY') );
#11169 = ( LENGTH_UNIT() NAMED_UNIT(*) SI_UNIT(.MILLI.,.METRE.) );
#11170 = ( NAMED_UNIT(*) PLANE_ANGLE_UNIT() SI_UNIT($,.RADIAN.) );
#11171 = ( NAMED_UNIT(*) SI_UNIT($,.STERADIAN.) SOLID_ANGLE_UNIT() );
#11172 = UNCERTAINTY_MEASURE_WITH_UNIT(LENGTH_MEASURE(1.E-07),#11169,
  'distance_accuracy_value','confusion accuracy');
#11173 = CONTEXT_DEPENDENT_SHAPE_REPRESENTATION(#11174,#11176);
#11174 = ( REPRESENTATION_RELATIONSHIP('','',#11069,#10) 
REPRESENTATION_RELATIONSHIP_WITH_TRANSFORMATION(#11175) 
SHAPE_REPRESENTATION_RELATIONSHIP() );
#11175 = ITEM_DEFINED_TRANSFORMATION('','',#11,#31);
#11176 = PRODUCT_DEFINITION_SHAPE('Placement','Placement of an item',
  #11177);
#11177 = NEXT_ASSEMBLY_USAGE_OCCURRENCE('5',
  'split_v2_alignment_pin:rear','',#5,#11064,$);
#11178 = PRODUCT_RELATED_PRODUCT_CATEGORY('part',$,(#11066));
#11179 = SHAPE_DEFINITION_REPRESENTATION(#11180,#11186);
#11180 = PRODUCT_DEFINITION_SHAPE('','',#11181);
#11181 = PRODUCT_DEFINITION('design','',#11182,#11185);
#11182 = PRODUCT_DEFINITION_FORMATION('','',#11183);
#11183 = PRODUCT('split_v2_alignment_pin:front',
  'split_v2_alignment_pin:front','',(#11184));
#11184 = PRODUCT_CONTEXT('',#2,'mechanical');
#11185 = PRODUCT_DEFINITION_CONTEXT('part definition',#2,'design');
#11186 = ADVANCED_BREP_SHAPE_REPRESENTATION('',(#11,#11187),#11285);
#11187 = MANIFOLD_SOLID_BREP('',#11188);
#11188 = CLOSED_SHELL('',(#11189,#11277,#11281));
#11189 = ADVANCED_FACE('',(#11190),#11203,.T.);
#11190 = FACE_BOUND('',#11191,.T.);
#11191 = EDGE_LOOP('',(#11192,#11226,#11249,#11276));
#11192 = ORIENTED_EDGE('',*,*,#11193,.F.);
#11193 = EDGE_CURVE('',#11194,#11194,#11196,.T.);
#11194 = VERTEX_POINT('',#11195);
#11195 = CARTESIAN_POINT('',(9.6,-7.347880794884E-16,-3.));
#11196 = SURFACE_CURVE('',#11197,(#11202,#11214),.PCURVE_S1.);
#11197 = CIRCLE('',#11198,3.);
#11198 = AXIS2_PLACEMENT_3D('',#11199,#11200,#11201);
#11199 = CARTESIAN_POINT('',(9.6,0.,2.13162820728E-15));
#11200 = DIRECTION('',(1.,-0.,2.22044604925E-16));
#11201 = DIRECTION('',(2.22044604925E-16,0.,-1.));
#11202 = PCURVE('',#11203,#11208);
#11203 = CYLINDRICAL_SURFACE('',#11204,3.);
#11204 = AXIS2_PLACEMENT_3D('',#11205,#11206,#11207);
#11205 = CARTESIAN_POINT('',(-9.6,0.,-2.13162820728E-15));
#11206 = DIRECTION('',(1.,0.,2.22044604925E-16));
#11207 = DIRECTION('',(2.22044604925E-16,0.,-1.));
#11208 = DEFINITIONAL_REPRESENTATION('',(#11209),#11213);
#11209 = LINE('',#11210,#11211);
#11210 = CARTESIAN_POINT('',(0.,19.2));
#11211 = VECTOR('',#11212,1.);
#11212 = DIRECTION('',(1.,0.));
#11213 = ( GEOMETRIC_REPRESENTATION_CONTEXT(2) 
PARAMETRIC_REPRESENTATION_CONTEXT() REPRESENTATION_CONTEXT('2D SPACE',''
  ) );
#11214 = PCURVE('',#11215,#11220);
#11215 = PLANE('',#11216);
#11216 = AXIS2_PLACEMENT_3D('',#11217,#11218,#11219);
#11217 = CARTESIAN_POINT('',(9.6,0.,2.13162820728E-15));
#11218 = DIRECTION('',(1.,0.,2.22044604925E-16));
#11219 = DIRECTION('',(2.22044604925E-16,0.,-1.));
#11220 = DEFINITIONAL_REPRESENTATION('',(#11221),#11225);
#11221 = CIRCLE('',#11222,3.);
#11222 = AXIS2_PLACEMENT_2D('',#11223,#11224);
#11223 = CARTESIAN_POINT('',(0.,0.));
#11224 = DIRECTION('',(1.,0.));
#11225 = ( GEOMETRIC_REPRESENTATION_CONTEXT(2) 
PARAMETRIC_REPRESENTATION_CONTEXT() REPRESENTATION_CONTEXT('2D SPACE',''
  ) );
#11226 = ORIENTED_EDGE('',*,*,#11227,.F.);
#11227 = EDGE_CURVE('',#11228,#11194,#11230,.T.);
#11228 = VERTEX_POINT('',#11229);
#11229 = CARTESIAN_POINT('',(-9.6,-7.347880794884E-16,-3.));
#11230 = SEAM_CURVE('',#11231,(#11235,#11242),.PCURVE_S1.);
#11231 = LINE('',#11232,#11233);
#11232 = CARTESIAN_POINT('',(-9.6,-7.347880794884E-16,-3.));
#11233 = VECTOR('',#11234,1.);
#11234 = DIRECTION('',(1.,0.,2.22044604925E-16));
#11235 = PCURVE('',#11203,#11236);
#11236 = DEFINITIONAL_REPRESENTATION('',(#11237),#11241);
#11237 = LINE('',#11238,#11239);
#11238 = CARTESIAN_POINT('',(6.28318530718,-0.));
#11239 = VECTOR('',#11240,1.);
#11240 = DIRECTION('',(0.,1.));
#11241 = ( GEOMETRIC_REPRESENTATION_CONTEXT(2) 
PARAMETRIC_REPRESENTATION_CONTEXT() REPRESENTATION_CONTEXT('2D SPACE',''
  ) );
#11242 = PCURVE('',#11203,#11243);
#11243 = DEFINITIONAL_REPRESENTATION('',(#11244),#11248);
#11244 = LINE('',#11245,#11246);
#11245 = CARTESIAN_POINT('',(0.,-0.));
#11246 = VECTOR('',#11247,1.);
#11247 = DIRECTION('',(0.,1.));
#11248 = ( GEOMETRIC_REPRESENTATION_CONTEXT(2) 
PARAMETRIC_REPRESENTATION_CONTEXT() REPRESENTATION_CONTEXT('2D SPACE',''
  ) );
#11249 = ORIENTED_EDGE('',*,*,#11250,.T.);
#11250 = EDGE_CURVE('',#11228,#11228,#11251,.T.);
#11251 = SURFACE_CURVE('',#11252,(#11257,#11264),.PCURVE_S1.);
#11252 = CIRCLE('',#11253,3.);
#11253 = AXIS2_PLACEMENT_3D('',#11254,#11255,#11256);
#11254 = CARTESIAN_POINT('',(-9.6,0.,-2.13162820728E-15));
#11255 = DIRECTION('',(1.,-0.,2.22044604925E-16));
#11256 = DIRECTION('',(2.22044604925E-16,0.,-1.));
#11257 = PCURVE('',#11203,#11258);
#11258 = DEFINITIONAL_REPRESENTATION('',(#11259),#11263);
#11259 = LINE('',#11260,#11261);
#11260 = CARTESIAN_POINT('',(0.,0.));
#11261 = VECTOR('',#11262,1.);
#11262 = DIRECTION('',(1.,0.));
#11263 = ( GEOMETRIC_REPRESENTATION_CONTEXT(2) 
PARAMETRIC_REPRESENTATION_CONTEXT() REPRESENTATION_CONTEXT('2D SPACE',''
  ) );
#11264 = PCURVE('',#11265,#11270);
#11265 = PLANE('',#11266);
#11266 = AXIS2_PLACEMENT_3D('',#11267,#11268,#11269);
#11267 = CARTESIAN_POINT('',(-9.6,0.,-2.13162820728E-15));
#11268 = DIRECTION('',(1.,0.,2.22044604925E-16));
#11269 = DIRECTION('',(2.22044604925E-16,0.,-1.));
#11270 = DEFINITIONAL_REPRESENTATION('',(#11271),#11275);
#11271 = CIRCLE('',#11272,3.);
#11272 = AXIS2_PLACEMENT_2D('',#11273,#11274);
#11273 = CARTESIAN_POINT('',(0.,0.));
#11274 = DIRECTION('',(1.,0.));
#11275 = ( GEOMETRIC_REPRESENTATION_CONTEXT(2) 
PARAMETRIC_REPRESENTATION_CONTEXT() REPRESENTATION_CONTEXT('2D SPACE',''
  ) );
#11276 = ORIENTED_EDGE('',*,*,#11227,.T.);
#11277 = ADVANCED_FACE('',(#11278),#11215,.T.);
#11278 = FACE_BOUND('',#11279,.T.);
#11279 = EDGE_LOOP('',(#11280));
#11280 = ORIENTED_EDGE('',*,*,#11193,.T.);
#11281 = ADVANCED_FACE('',(#11282),#11265,.F.);
#11282 = FACE_BOUND('',#11283,.T.);
#11283 = EDGE_LOOP('',(#11284));
#11284 = ORIENTED_EDGE('',*,*,#11250,.F.);
#11285 = ( GEOMETRIC_REPRESENTATION_CONTEXT(3) 
GLOBAL_UNCERTAINTY_ASSIGNED_CONTEXT((#11289)) 
GLOBAL_UNIT_ASSIGNED_CONTEXT((#11286,#11287,#11288)) 
REPRESENTATION_CONTEXT('Context #1',
  '3D Context with UNIT and UNCERTAINTY') );
#11286 = ( LENGTH_UNIT() NAMED_UNIT(*) SI_UNIT(.MILLI.,.METRE.) );
#11287 = ( NAMED_UNIT(*) PLANE_ANGLE_UNIT() SI_UNIT($,.RADIAN.) );
#11288 = ( NAMED_UNIT(*) SI_UNIT($,.STERADIAN.) SOLID_ANGLE_UNIT() );
#11289 = UNCERTAINTY_MEASURE_WITH_UNIT(LENGTH_MEASURE(1.E-07),#11286,
  'distance_accuracy_value','confusion accuracy');
#11290 = CONTEXT_DEPENDENT_SHAPE_REPRESENTATION(#11291,#11293);
#11291 = ( REPRESENTATION_RELATIONSHIP('','',#11186,#10) 
REPRESENTATION_RELATIONSHIP_WITH_TRANSFORMATION(#11292) 
SHAPE_REPRESENTATION_RELATIONSHIP() );
#11292 = ITEM_DEFINED_TRANSFORMATION('','',#11,#35);
#11293 = PRODUCT_DEFINITION_SHAPE('Placement','Placement of an item',
  #11294);
#11294 = NEXT_ASSEMBLY_USAGE_OCCURRENCE('6',
  'split_v2_alignment_pin:front','',#5,#11181,$);
#11295 = PRODUCT_RELATED_PRODUCT_CATEGORY('part',$,(#11183));
#11296 = SHAPE_DEFINITION_REPRESENTATION(#11297,#11303);
#11297 = PRODUCT_DEFINITION_SHAPE('','',#11298);
#11298 = PRODUCT_DEFINITION('design','',#11299,#11302);
#11299 = PRODUCT_DEFINITION_FORMATION('','',#11300);
#11300 = PRODUCT('tt25_8_received_part_envelope',
  'tt25_8_received_part_envelope','',(#11301));
#11301 = PRODUCT_CONTEXT('',#2,'mechanical');
#11302 = PRODUCT_DEFINITION_CONTEXT('part definition',#2,'design');
#11303 = SHAPE_REPRESENTATION('',(#11,#11304,#11308),#11312);
#11304 = AXIS2_PLACEMENT_3D('',#11305,#11306,#11307);
#11305 = CARTESIAN_POINT('',(0.,0.,43.));
#11306 = DIRECTION('',(0.,0.,1.));
#11307 = DIRECTION('',(1.,0.,-0.));
#11308 = AXIS2_PLACEMENT_3D('',#11309,#11310,#11311);
#11309 = CARTESIAN_POINT('',(0.,0.,39.));
#11310 = DIRECTION('',(0.,0.,1.));
#11311 = DIRECTION('',(1.,0.,-0.));
#11312 = ( GEOMETRIC_REPRESENTATION_CONTEXT(3) 
GLOBAL_UNCERTAINTY_ASSIGNED_CONTEXT((#11316)) 
GLOBAL_UNIT_ASSIGNED_CONTEXT((#11313,#11314,#11315)) 
REPRESENTATION_CONTEXT('Context #1',
  '3D Context with UNIT and UNCERTAINTY') );
#11313 = ( LENGTH_UNIT() NAMED_UNIT(*) SI_UNIT(.MILLI.,.METRE.) );
#11314 = ( NAMED_UNIT(*) PLANE_ANGLE_UNIT() SI_UNIT($,.RADIAN.) );
#11315 = ( NAMED_UNIT(*) SI_UNIT($,.STERADIAN.) SOLID_ANGLE_UNIT() );
#11316 = UNCERTAINTY_MEASURE_WITH_UNIT(LENGTH_MEASURE(1.E-07),#11313,
  'distance_accuracy_value','confusion accuracy');
#11317 = CONTEXT_DEPENDENT_SHAPE_REPRESENTATION(#11318,#11320);
#11318 = ( REPRESENTATION_RELATIONSHIP('','',#11303,#10) 
REPRESENTATION_RELATIONSHIP_WITH_TRANSFORMATION(#11319) 
SHAPE_REPRESENTATION_RELATIONSHIP() );
#11319 = ITEM_DEFINED_TRANSFORMATION('','',#11,#39);
#11320 = PRODUCT_DEFINITION_SHAPE('Placement','Placement of an item',
  #11321);
#11321 = NEXT_ASSEMBLY_USAGE_OCCURRENCE('9',
  'tt25_8_received_part_envelope','',#5,#11298,$);
#11322 = PRODUCT_RELATED_PRODUCT_CATEGORY('part',$,(#11300));
#11323 = SHAPE_DEFINITION_REPRESENTATION(#11324,#11330);
#11324 = PRODUCT_DEFINITION_SHAPE('','',#11325);
#11325 = PRODUCT_DEFINITION('design','',#11326,#11329);
#11326 = PRODUCT_DEFINITION_FORMATION('','',#11327);
#11327 = PRODUCT('COMPOUND','COMPOUND','',(#11328));
#11328 = PRODUCT_CONTEXT('',#2,'mechanical');
#11329 = PRODUCT_DEFINITION_CONTEXT('part definition',#2,'design');
#11330 = ADVANCED_BREP_SHAPE_REPRESENTATION('',(#11,#11331),#11429);
#11331 = MANIFOLD_SOLID_BREP('',#11332);
#11332 = CLOSED_SHELL('',(#11333,#11421,#11425));
#11333 = ADVANCED_FACE('',(#11334),#11347,.T.);
#11334 = FACE_BOUND('',#11335,.T.);
#11335 = EDGE_LOOP('',(#11336,#11370,#11393,#11420));
#11336 = ORIENTED_EDGE('',*,*,#11337,.F.);
#11337 = EDGE_CURVE('',#11338,#11338,#11340,.T.);
#11338 = VERTEX_POINT('',#11339);
#11339 = CARTESIAN_POINT('',(52.25,-1.279755905109E-14,0.));
#11340 = SURFACE_CURVE('',#11341,(#11346,#11358),.PCURVE_S1.);
#11341 = CIRCLE('',#11342,52.25);
#11342 = AXIS2_PLACEMENT_3D('',#11343,#11344,#11345);
#11343 = CARTESIAN_POINT('',(0.,0.,0.));
#11344 = DIRECTION('',(0.,0.,1.));
#11345 = DIRECTION('',(1.,0.,-0.));
#11346 = PCURVE('',#11347,#11352);
#11347 = CYLINDRICAL_SURFACE('',#11348,52.25);
#11348 = AXIS2_PLACEMENT_3D('',#11349,#11350,#11351);
#11349 = CARTESIAN_POINT('',(0.,0.,-4.));
#11350 = DIRECTION('',(0.,0.,1.));
#11351 = DIRECTION('',(1.,0.,-0.));
#11352 = DEFINITIONAL_REPRESENTATION('',(#11353),#11357);
#11353 = LINE('',#11354,#11355);
#11354 = CARTESIAN_POINT('',(0.,4.));
#11355 = VECTOR('',#11356,1.);
#11356 = DIRECTION('',(1.,0.));
#11357 = ( GEOMETRIC_REPRESENTATION_CONTEXT(2) 
PARAMETRIC_REPRESENTATION_CONTEXT() REPRESENTATION_CONTEXT('2D SPACE',''
  ) );
#11358 = PCURVE('',#11359,#11364);
#11359 = PLANE('',#11360);
#11360 = AXIS2_PLACEMENT_3D('',#11361,#11362,#11363);
#11361 = CARTESIAN_POINT('',(0.,0.,0.));
#11362 = DIRECTION('',(0.,0.,1.));
#11363 = DIRECTION('',(1.,0.,-0.));
#11364 = DEFINITIONAL_REPRESENTATION('',(#11365),#11369);
#11365 = CIRCLE('',#11366,52.25);
#11366 = AXIS2_PLACEMENT_2D('',#11367,#11368);
#11367 = CARTESIAN_POINT('',(0.,0.));
#11368 = DIRECTION('',(1.,0.));
#11369 = ( GEOMETRIC_REPRESENTATION_CONTEXT(2) 
PARAMETRIC_REPRESENTATION_CONTEXT() REPRESENTATION_CONTEXT('2D SPACE',''
  ) );
#11370 = ORIENTED_EDGE('',*,*,#11371,.F.);
#11371 = EDGE_CURVE('',#11372,#11338,#11374,.T.);
#11372 = VERTEX_POINT('',#11373);
#11373 = CARTESIAN_POINT('',(52.25,-1.279755905109E-14,-4.));
#11374 = SEAM_CURVE('',#11375,(#11379,#11386),.PCURVE_S1.);
#11375 = LINE('',#11376,#11377);
#11376 = CARTESIAN_POINT('',(52.25,-1.279755905109E-14,-4.));
#11377 = VECTOR('',#11378,1.);
#11378 = DIRECTION('',(0.,0.,1.));
#11379 = PCURVE('',#11347,#11380);
#11380 = DEFINITIONAL_REPRESENTATION('',(#11381),#11385);
#11381 = LINE('',#11382,#11383);
#11382 = CARTESIAN_POINT('',(6.28318530718,-0.));
#11383 = VECTOR('',#11384,1.);
#11384 = DIRECTION('',(0.,1.));
#11385 = ( GEOMETRIC_REPRESENTATION_CONTEXT(2) 
PARAMETRIC_REPRESENTATION_CONTEXT() REPRESENTATION_CONTEXT('2D SPACE',''
  ) );
#11386 = PCURVE('',#11347,#11387);
#11387 = DEFINITIONAL_REPRESENTATION('',(#11388),#11392);
#11388 = LINE('',#11389,#11390);
#11389 = CARTESIAN_POINT('',(0.,-0.));
#11390 = VECTOR('',#11391,1.);
#11391 = DIRECTION('',(0.,1.));
#11392 = ( GEOMETRIC_REPRESENTATION_CONTEXT(2) 
PARAMETRIC_REPRESENTATION_CONTEXT() REPRESENTATION_CONTEXT('2D SPACE',''
  ) );
#11393 = ORIENTED_EDGE('',*,*,#11394,.T.);
#11394 = EDGE_CURVE('',#11372,#11372,#11395,.T.);
#11395 = SURFACE_CURVE('',#11396,(#11401,#11408),.PCURVE_S1.);
#11396 = CIRCLE('',#11397,52.25);
#11397 = AXIS2_PLACEMENT_3D('',#11398,#11399,#11400);
#11398 = CARTESIAN_POINT('',(0.,0.,-4.));
#11399 = DIRECTION('',(0.,0.,1.));
#11400 = DIRECTION('',(1.,0.,-0.));
#11401 = PCURVE('',#11347,#11402);
#11402 = DEFINITIONAL_REPRESENTATION('',(#11403),#11407);
#11403 = LINE('',#11404,#11405);
#11404 = CARTESIAN_POINT('',(0.,0.));
#11405 = VECTOR('',#11406,1.);
#11406 = DIRECTION('',(1.,0.));
#11407 = ( GEOMETRIC_REPRESENTATION_CONTEXT(2) 
PARAMETRIC_REPRESENTATION_CONTEXT() REPRESENTATION_CONTEXT('2D SPACE',''
  ) );
#11408 = PCURVE('',#11409,#11414);
#11409 = PLANE('',#11410);
#11410 = AXIS2_PLACEMENT_3D('',#11411,#11412,#11413);
#11411 = CARTESIAN_POINT('',(0.,0.,-4.));
#11412 = DIRECTION('',(0.,0.,1.));
#11413 = DIRECTION('',(1.,0.,-0.));
#11414 = DEFINITIONAL_REPRESENTATION('',(#11415),#11419);
#11415 = CIRCLE('',#11416,52.25);
#11416 = AXIS2_PLACEMENT_2D('',#11417,#11418);
#11417 = CARTESIAN_POINT('',(0.,0.));
#11418 = DIRECTION('',(1.,0.));
#11419 = ( GEOMETRIC_REPRESENTATION_CONTEXT(2) 
PARAMETRIC_REPRESENTATION_CONTEXT() REPRESENTATION_CONTEXT('2D SPACE',''
  ) );
#11420 = ORIENTED_EDGE('',*,*,#11371,.T.);
#11421 = ADVANCED_FACE('',(#11422),#11359,.T.);
#11422 = FACE_BOUND('',#11423,.T.);
#11423 = EDGE_LOOP('',(#11424));
#11424 = ORIENTED_EDGE('',*,*,#11337,.T.);
#11425 = ADVANCED_FACE('',(#11426),#11409,.F.);
#11426 = FACE_BOUND('',#11427,.T.);
#11427 = EDGE_LOOP('',(#11428));
#11428 = ORIENTED_EDGE('',*,*,#11394,.F.);
#11429 = ( GEOMETRIC_REPRESENTATION_CONTEXT(3) 
GLOBAL_UNCERTAINTY_ASSIGNED_CONTEXT((#11433)) 
GLOBAL_UNIT_ASSIGNED_CONTEXT((#11430,#11431,#11432)) 
REPRESENTATION_CONTEXT('Context #1',
  '3D Context with UNIT and UNCERTAINTY') );
#11430 = ( LENGTH_UNIT() NAMED_UNIT(*) SI_UNIT(.MILLI.,.METRE.) );
#11431 = ( NAMED_UNIT(*) PLANE_ANGLE_UNIT() SI_UNIT($,.RADIAN.) );
#11432 = ( NAMED_UNIT(*) SI_UNIT($,.STERADIAN.) SOLID_ANGLE_UNIT() );
#11433 = UNCERTAINTY_MEASURE_WITH_UNIT(LENGTH_MEASURE(1.E-07),#11430,
  'distance_accuracy_value','confusion accuracy');
#11434 = CONTEXT_DEPENDENT_SHAPE_REPRESENTATION(#11435,#11437);
#11435 = ( REPRESENTATION_RELATIONSHIP('','',#11330,#11303) 
REPRESENTATION_RELATIONSHIP_WITH_TRANSFORMATION(#11436) 
SHAPE_REPRESENTATION_RELATIONSHIP() );
#11436 = ITEM_DEFINED_TRANSFORMATION('','',#11,#11304);
#11437 = PRODUCT_DEFINITION_SHAPE('Placement','Placement of an item',
  #11438);
#11438 = NEXT_ASSEMBLY_USAGE_OCCURRENCE('7','=>[0:1:1:9]','',#11298,
  #11325,$);
#11439 = PRODUCT_RELATED_PRODUCT_CATEGORY('part',$,(#11327));
#11440 = SHAPE_DEFINITION_REPRESENTATION(#11441,#11447);
#11441 = PRODUCT_DEFINITION_SHAPE('','',#11442);
#11442 = PRODUCT_DEFINITION('design','',#11443,#11446);
#11443 = PRODUCT_DEFINITION_FORMATION('','',#11444);
#11444 = PRODUCT('COMPOUND','COMPOUND','',(#11445));
#11445 = PRODUCT_CONTEXT('',#2,'mechanical');
#11446 = PRODUCT_DEFINITION_CONTEXT('part definition',#2,'design');
#11447 = ADVANCED_BREP_SHAPE_REPRESENTATION('',(#11,#11448),#11546);
#11448 = MANIFOLD_SOLID_BREP('',#11449);
#11449 = CLOSED_SHELL('',(#11450,#11538,#11542));
#11450 = ADVANCED_FACE('',(#11451),#11464,.T.);
#11451 = FACE_BOUND('',#11452,.T.);
#11452 = EDGE_LOOP('',(#11453,#11487,#11510,#11537));
#11453 = ORIENTED_EDGE('',*,*,#11454,.F.);
#11454 = EDGE_CURVE('',#11455,#11455,#11457,.T.);
#11455 = VERTEX_POINT('',#11456);
#11456 = CARTESIAN_POINT('',(33.5,-8.205133554287E-15,0.));
#11457 = SURFACE_CURVE('',#11458,(#11463,#11475),.PCURVE_S1.);
#11458 = CIRCLE('',#11459,33.5);
#11459 = AXIS2_PLACEMENT_3D('',#11460,#11461,#11462);
#11460 = CARTESIAN_POINT('',(0.,0.,0.));
#11461 = DIRECTION('',(0.,0.,1.));
#11462 = DIRECTION('',(1.,0.,-0.));
#11463 = PCURVE('',#11464,#11469);
#11464 = CYLINDRICAL_SURFACE('',#11465,33.5);
#11465 = AXIS2_PLACEMENT_3D('',#11466,#11467,#11468);
#11466 = CARTESIAN_POINT('',(0.,0.,-20.6));
#11467 = DIRECTION('',(0.,0.,1.));
#11468 = DIRECTION('',(1.,0.,-0.));
#11469 = DEFINITIONAL_REPRESENTATION('',(#11470),#11474);
#11470 = LINE('',#11471,#11472);
#11471 = CARTESIAN_POINT('',(0.,20.6));
#11472 = VECTOR('',#11473,1.);
#11473 = DIRECTION('',(1.,0.));
#11474 = ( GEOMETRIC_REPRESENTATION_CONTEXT(2) 
PARAMETRIC_REPRESENTATION_CONTEXT() REPRESENTATION_CONTEXT('2D SPACE',''
  ) );
#11475 = PCURVE('',#11476,#11481);
#11476 = PLANE('',#11477);
#11477 = AXIS2_PLACEMENT_3D('',#11478,#11479,#11480);
#11478 = CARTESIAN_POINT('',(0.,0.,0.));
#11479 = DIRECTION('',(0.,0.,1.));
#11480 = DIRECTION('',(1.,0.,-0.));
#11481 = DEFINITIONAL_REPRESENTATION('',(#11482),#11486);
#11482 = CIRCLE('',#11483,33.5);
#11483 = AXIS2_PLACEMENT_2D('',#11484,#11485);
#11484 = CARTESIAN_POINT('',(0.,0.));
#11485 = DIRECTION('',(1.,0.));
#11486 = ( GEOMETRIC_REPRESENTATION_CONTEXT(2) 
PARAMETRIC_REPRESENTATION_CONTEXT() REPRESENTATION_CONTEXT('2D SPACE',''
  ) );
#11487 = ORIENTED_EDGE('',*,*,#11488,.F.);
#11488 = EDGE_CURVE('',#11489,#11455,#11491,.T.);
#11489 = VERTEX_POINT('',#11490);
#11490 = CARTESIAN_POINT('',(33.5,-8.205133554287E-15,-20.6));
#11491 = SEAM_CURVE('',#11492,(#11496,#11503),.PCURVE_S1.);
#11492 = LINE('',#11493,#11494);
#11493 = CARTESIAN_POINT('',(33.5,-8.205133554287E-15,-20.6));
#11494 = VECTOR('',#11495,1.);
#11495 = DIRECTION('',(0.,0.,1.));
#11496 = PCURVE('',#11464,#11497);
#11497 = DEFINITIONAL_REPRESENTATION('',(#11498),#11502);
#11498 = LINE('',#11499,#11500);
#11499 = CARTESIAN_POINT('',(6.28318530718,-0.));
#11500 = VECTOR('',#11501,1.);
#11501 = DIRECTION('',(0.,1.));
#11502 = ( GEOMETRIC_REPRESENTATION_CONTEXT(2) 
PARAMETRIC_REPRESENTATION_CONTEXT() REPRESENTATION_CONTEXT('2D SPACE',''
  ) );
#11503 = PCURVE('',#11464,#11504);
#11504 = DEFINITIONAL_REPRESENTATION('',(#11505),#11509);
#11505 = LINE('',#11506,#11507);
#11506 = CARTESIAN_POINT('',(0.,-0.));
#11507 = VECTOR('',#11508,1.);
#11508 = DIRECTION('',(0.,1.));
#11509 = ( GEOMETRIC_REPRESENTATION_CONTEXT(2) 
PARAMETRIC_REPRESENTATION_CONTEXT() REPRESENTATION_CONTEXT('2D SPACE',''
  ) );
#11510 = ORIENTED_EDGE('',*,*,#11511,.T.);
#11511 = EDGE_CURVE('',#11489,#11489,#11512,.T.);
#11512 = SURFACE_CURVE('',#11513,(#11518,#11525),.PCURVE_S1.);
#11513 = CIRCLE('',#11514,33.5);
#11514 = AXIS2_PLACEMENT_3D('',#11515,#11516,#11517);
#11515 = CARTESIAN_POINT('',(0.,0.,-20.6));
#11516 = DIRECTION('',(0.,0.,1.));
#11517 = DIRECTION('',(1.,0.,-0.));
#11518 = PCURVE('',#11464,#11519);
#11519 = DEFINITIONAL_REPRESENTATION('',(#11520),#11524);
#11520 = LINE('',#11521,#11522);
#11521 = CARTESIAN_POINT('',(0.,0.));
#11522 = VECTOR('',#11523,1.);
#11523 = DIRECTION('',(1.,0.));
#11524 = ( GEOMETRIC_REPRESENTATION_CONTEXT(2) 
PARAMETRIC_REPRESENTATION_CONTEXT() REPRESENTATION_CONTEXT('2D SPACE',''
  ) );
#11525 = PCURVE('',#11526,#11531);
#11526 = PLANE('',#11527);
#11527 = AXIS2_PLACEMENT_3D('',#11528,#11529,#11530);
#11528 = CARTESIAN_POINT('',(0.,0.,-20.6));
#11529 = DIRECTION('',(0.,0.,1.));
#11530 = DIRECTION('',(1.,0.,-0.));
#11531 = DEFINITIONAL_REPRESENTATION('',(#11532),#11536);
#11532 = CIRCLE('',#11533,33.5);
#11533 = AXIS2_PLACEMENT_2D('',#11534,#11535);
#11534 = CARTESIAN_POINT('',(0.,0.));
#11535 = DIRECTION('',(1.,0.));
#11536 = ( GEOMETRIC_REPRESENTATION_CONTEXT(2) 
PARAMETRIC_REPRESENTATION_CONTEXT() REPRESENTATION_CONTEXT('2D SPACE',''
  ) );
#11537 = ORIENTED_EDGE('',*,*,#11488,.T.);
#11538 = ADVANCED_FACE('',(#11539),#11476,.T.);
#11539 = FACE_BOUND('',#11540,.T.);
#11540 = EDGE_LOOP('',(#11541));
#11541 = ORIENTED_EDGE('',*,*,#11454,.T.);
#11542 = ADVANCED_FACE('',(#11543),#11526,.F.);
#11543 = FACE_BOUND('',#11544,.T.);
#11544 = EDGE_LOOP('',(#11545));
#11545 = ORIENTED_EDGE('',*,*,#11511,.F.);
#11546 = ( GEOMETRIC_REPRESENTATION_CONTEXT(3) 
GLOBAL_UNCERTAINTY_ASSIGNED_CONTEXT((#11550)) 
GLOBAL_UNIT_ASSIGNED_CONTEXT((#11547,#11548,#11549)) 
REPRESENTATION_CONTEXT('Context #1',
  '3D Context with UNIT and UNCERTAINTY') );
#11547 = ( LENGTH_UNIT() NAMED_UNIT(*) SI_UNIT(.MILLI.,.METRE.) );
#11548 = ( NAMED_UNIT(*) PLANE_ANGLE_UNIT() SI_UNIT($,.RADIAN.) );
#11549 = ( NAMED_UNIT(*) SI_UNIT($,.STERADIAN.) SOLID_ANGLE_UNIT() );
#11550 = UNCERTAINTY_MEASURE_WITH_UNIT(LENGTH_MEASURE(1.E-07),#11547,
  'distance_accuracy_value','confusion accuracy');
#11551 = CONTEXT_DEPENDENT_SHAPE_REPRESENTATION(#11552,#11554);
#11552 = ( REPRESENTATION_RELATIONSHIP('','',#11447,#11303) 
REPRESENTATION_RELATIONSHIP_WITH_TRANSFORMATION(#11553) 
SHAPE_REPRESENTATION_RELATIONSHIP() );
#11553 = ITEM_DEFINED_TRANSFORMATION('','',#11,#11308);
#11554 = PRODUCT_DEFINITION_SHAPE('Placement','Placement of an item',
  #11555);
#11555 = NEXT_ASSEMBLY_USAGE_OCCURRENCE('8','=>[0:1:1:10]','',#11298,
  #11442,$);
#11556 = PRODUCT_RELATED_PRODUCT_CATEGORY('part',$,(#11444));
#11557 = SHAPE_DEFINITION_REPRESENTATION(#11558,#11564);
#11558 = PRODUCT_DEFINITION_SHAPE('','',#11559);
#11559 = PRODUCT_DEFINITION('design','',#11560,#11563);
#11560 = PRODUCT_DEFINITION_FORMATION('','',#11561);
#11561 = PRODUCT('internal_accelerometer_coupon',
  'internal_accelerometer_coupon','',(#11562));
#11562 = PRODUCT_CONTEXT('',#2,'mechanical');
#11563 = PRODUCT_DEFINITION_CONTEXT('part definition',#2,'design');
#11564 = ADVANCED_BREP_SHAPE_REPRESENTATION('',(#11,#11565),#11895);
#11565 = MANIFOLD_SOLID_BREP('',#11566);
#11566 = CLOSED_SHELL('',(#11567,#11687,#11787,#11834,#11881,#11888));
#11567 = ADVANCED_FACE('',(#11568),#11582,.F.);
#11568 = FACE_BOUND('',#11569,.F.);
#11569 = EDGE_LOOP('',(#11570,#11605,#11633,#11661));
#11570 = ORIENTED_EDGE('',*,*,#11571,.F.);
#11571 = EDGE_CURVE('',#11572,#11574,#11576,.T.);
#11572 = VERTEX_POINT('',#11573);
#11573 = CARTESIAN_POINT('',(-15.,-15.,0.));
#11574 = VERTEX_POINT('',#11575);
#11575 = CARTESIAN_POINT('',(-15.,-15.,2.));
#11576 = SURFACE_CURVE('',#11577,(#11581,#11593),.PCURVE_S1.);
#11577 = LINE('',#11578,#11579);
#11578 = CARTESIAN_POINT('',(-15.,-15.,0.));
#11579 = VECTOR('',#11580,1.);
#11580 = DIRECTION('',(0.,0.,1.));
#11581 = PCURVE('',#11582,#11587);
#11582 = PLANE('',#11583);
#11583 = AXIS2_PLACEMENT_3D('',#11584,#11585,#11586);
#11584 = CARTESIAN_POINT('',(-15.,-15.,0.));
#11585 = DIRECTION('',(1.,0.,-0.));
#11586 = DIRECTION('',(0.,0.,1.));
#11587 = DEFINITIONAL_REPRESENTATION('',(#11588),#11592);
#11588 = LINE('',#11589,#11590);
#11589 = CARTESIAN_POINT('',(0.,0.));
#11590 = VECTOR('',#11591,1.);
#11591 = DIRECTION('',(1.,0.));
#11592 = ( GEOMETRIC_REPRESENTATION_CONTEXT(2) 
PARAMETRIC_REPRESENTATION_CONTEXT() REPRESENTATION_CONTEXT('2D SPACE',''
  ) );
#11593 = PCURVE('',#11594,#11599);
#11594 = PLANE('',#11595);
#11595 = AXIS2_PLACEMENT_3D('',#11596,#11597,#11598);
#11596 = CARTESIAN_POINT('',(-15.,-15.,0.));
#11597 = DIRECTION('',(-0.,1.,0.));
#11598 = DIRECTION('',(0.,0.,1.));
#11599 = DEFINITIONAL_REPRESENTATION('',(#11600),#11604);
#11600 = LINE('',#11601,#11602);
#11601 = CARTESIAN_POINT('',(0.,0.));
#11602 = VECTOR('',#11603,1.);
#11603 = DIRECTION('',(1.,0.));
#11604 = ( GEOMETRIC_REPRESENTATION_CONTEXT(2) 
PARAMETRIC_REPRESENTATION_CONTEXT() REPRESENTATION_CONTEXT('2D SPACE',''
  ) );
#11605 = ORIENTED_EDGE('',*,*,#11606,.T.);
#11606 = EDGE_CURVE('',#11572,#11607,#11609,.T.);
#11607 = VERTEX_POINT('',#11608);
#11608 = CARTESIAN_POINT('',(-15.,15.,0.));
#11609 = SURFACE_CURVE('',#11610,(#11614,#11621),.PCURVE_S1.);
#11610 = LINE('',#11611,#11612);
#11611 = CARTESIAN_POINT('',(-15.,-15.,0.));
#11612 = VECTOR('',#11613,1.);
#11613 = DIRECTION('',(-0.,1.,0.));
#11614 = PCURVE('',#11582,#11615);
#11615 = DEFINITIONAL_REPRESENTATION('',(#11616),#11620);
#11616 = LINE('',#11617,#11618);
#11617 = CARTESIAN_POINT('',(0.,0.));
#11618 = VECTOR('',#11619,1.);
#11619 = DIRECTION('',(0.,-1.));
#11620 = ( GEOMETRIC_REPRESENTATION_CONTEXT(2) 
PARAMETRIC_REPRESENTATION_CONTEXT() REPRESENTATION_CONTEXT('2D SPACE',''
  ) );
#11621 = PCURVE('',#11622,#11627);
#11622 = PLANE('',#11623);
#11623 = AXIS2_PLACEMENT_3D('',#11624,#11625,#11626);
#11624 = CARTESIAN_POINT('',(-15.,-15.,0.));
#11625 = DIRECTION('',(0.,0.,1.));
#11626 = DIRECTION('',(1.,0.,-0.));
#11627 = DEFINITIONAL_REPRESENTATION('',(#11628),#11632);
#11628 = LINE('',#11629,#11630);
#11629 = CARTESIAN_POINT('',(0.,0.));
#11630 = VECTOR('',#11631,1.);
#11631 = DIRECTION('',(0.,1.));
#11632 = ( GEOMETRIC_REPRESENTATION_CONTEXT(2) 
PARAMETRIC_REPRESENTATION_CONTEXT() REPRESENTATION_CONTEXT('2D SPACE',''
  ) );
#11633 = ORIENTED_EDGE('',*,*,#11634,.T.);
#11634 = EDGE_CURVE('',#11607,#11635,#11637,.T.);
#11635 = VERTEX_POINT('',#11636);
#11636 = CARTESIAN_POINT('',(-15.,15.,2.));
#11637 = SURFACE_CURVE('',#11638,(#11642,#11649),.PCURVE_S1.);
#11638 = LINE('',#11639,#11640);
#11639 = CARTESIAN_POINT('',(-15.,15.,0.));
#11640 = VECTOR('',#11641,1.);
#11641 = DIRECTION('',(0.,0.,1.));
#11642 = PCURVE('',#11582,#11643);
#11643 = DEFINITIONAL_REPRESENTATION('',(#11644),#11648);
#11644 = LINE('',#11645,#11646);
#11645 = CARTESIAN_POINT('',(0.,-30.));
#11646 = VECTOR('',#11647,1.);
#11647 = DIRECTION('',(1.,0.));
#11648 = ( GEOMETRIC_REPRESENTATION_CONTEXT(2) 
PARAMETRIC_REPRESENTATION_CONTEXT() REPRESENTATION_CONTEXT('2D SPACE',''
  ) );
#11649 = PCURVE('',#11650,#11655);
#11650 = PLANE('',#11651);
#11651 = AXIS2_PLACEMENT_3D('',#11652,#11653,#11654);
#11652 = CARTESIAN_POINT('',(-15.,15.,0.));
#11653 = DIRECTION('',(-0.,1.,0.));
#11654 = DIRECTION('',(0.,0.,1.));
#11655 = DEFINITIONAL_REPRESENTATION('',(#11656),#11660);
#11656 = LINE('',#11657,#11658);
#11657 = CARTESIAN_POINT('',(0.,0.));
#11658 = VECTOR('',#11659,1.);
#11659 = DIRECTION('',(1.,0.));
#11660 = ( GEOMETRIC_REPRESENTATION_CONTEXT(2) 
PARAMETRIC_REPRESENTATION_CONTEXT() REPRESENTATION_CONTEXT('2D SPACE',''
  ) );
#11661 = ORIENTED_EDGE('',*,*,#11662,.F.);
#11662 = EDGE_CURVE('',#11574,#11635,#11663,.T.);
#11663 = SURFACE_CURVE('',#11664,(#11668,#11675),.PCURVE_S1.);
#11664 = LINE('',#11665,#11666);
#11665 = CARTESIAN_POINT('',(-15.,-15.,2.));
#11666 = VECTOR('',#11667,1.);
#11667 = DIRECTION('',(-0.,1.,0.));
#11668 = PCURVE('',#11582,#11669);
#11669 = DEFINITIONAL_REPRESENTATION('',(#11670),#11674);
#11670 = LINE('',#11671,#11672);
#11671 = CARTESIAN_POINT('',(2.,0.));
#11672 = VECTOR('',#11673,1.);
#11673 = DIRECTION('',(0.,-1.));
#11674 = ( GEOMETRIC_REPRESENTATION_CONTEXT(2) 
PARAMETRIC_REPRESENTATION_CONTEXT() REPRESENTATION_CONTEXT('2D SPACE',''
  ) );
#11675 = PCURVE('',#11676,#11681);
#11676 = PLANE('',#11677);
#11677 = AXIS2_PLACEMENT_3D('',#11678,#11679,#11680);
#11678 = CARTESIAN_POINT('',(-15.,-15.,2.));
#11679 = DIRECTION('',(0.,0.,1.));
#11680 = DIRECTION('',(1.,0.,-0.));
#11681 = DEFINITIONAL_REPRESENTATION('',(#11682),#11686);
#11682 = LINE('',#11683,#11684);
#11683 = CARTESIAN_POINT('',(0.,0.));
#11684 = VECTOR('',#11685,1.);
#11685 = DIRECTION('',(0.,1.));
#11686 = ( GEOMETRIC_REPRESENTATION_CONTEXT(2) 
PARAMETRIC_REPRESENTATION_CONTEXT() REPRESENTATION_CONTEXT('2D SPACE',''
  ) );
#11687 = ADVANCED_FACE('',(#11688),#11702,.T.);
#11688 = FACE_BOUND('',#11689,.T.);
#11689 = EDGE_LOOP('',(#11690,#11720,#11743,#11766));
#11690 = ORIENTED_EDGE('',*,*,#11691,.F.);
#11691 = EDGE_CURVE('',#11692,#11694,#11696,.T.);
#11692 = VERTEX_POINT('',#11693);
#11693 = CARTESIAN_POINT('',(15.,-15.,0.));
#11694 = VERTEX_POINT('',#11695);
#11695 = CARTESIAN_POINT('',(15.,-15.,2.));
#11696 = SURFACE_CURVE('',#11697,(#11701,#11713),.PCURVE_S1.);
#11697 = LINE('',#11698,#11699);
#11698 = CARTESIAN_POINT('',(15.,-15.,0.));
#11699 = VECTOR('',#11700,1.);
#11700 = DIRECTION('',(0.,0.,1.));
#11701 = PCURVE('',#11702,#11707);
#11702 = PLANE('',#11703);
#11703 = AXIS2_PLACEMENT_3D('',#11704,#11705,#11706);
#11704 = CARTESIAN_POINT('',(15.,-15.,0.));
#11705 = DIRECTION('',(1.,0.,-0.));
#11706 = DIRECTION('',(0.,0.,1.));
#11707 = DEFINITIONAL_REPRESENTATION('',(#11708),#11712);
#11708 = LINE('',#11709,#11710);
#11709 = CARTESIAN_POINT('',(0.,0.));
#11710 = VECTOR('',#11711,1.);
#11711 = DIRECTION('',(1.,0.));
#11712 = ( GEOMETRIC_REPRESENTATION_CONTEXT(2) 
PARAMETRIC_REPRESENTATION_CONTEXT() REPRESENTATION_CONTEXT('2D SPACE',''
  ) );
#11713 = PCURVE('',#11594,#11714);
#11714 = DEFINITIONAL_REPRESENTATION('',(#11715),#11719);
#11715 = LINE('',#11716,#11717);
#11716 = CARTESIAN_POINT('',(0.,30.));
#11717 = VECTOR('',#11718,1.);
#11718 = DIRECTION('',(1.,0.));
#11719 = ( GEOMETRIC_REPRESENTATION_CONTEXT(2) 
PARAMETRIC_REPRESENTATION_CONTEXT() REPRESENTATION_CONTEXT('2D SPACE',''
  ) );
#11720 = ORIENTED_EDGE('',*,*,#11721,.T.);
#11721 = EDGE_CURVE('',#11692,#11722,#11724,.T.);
#11722 = VERTEX_POINT('',#11723);
#11723 = CARTESIAN_POINT('',(15.,15.,0.));
#11724 = SURFACE_CURVE('',#11725,(#11729,#11736),.PCURVE_S1.);
#11725 = LINE('',#11726,#11727);
#11726 = CARTESIAN_POINT('',(15.,-15.,0.));
#11727 = VECTOR('',#11728,1.);
#11728 = DIRECTION('',(-0.,1.,0.));
#11729 = PCURVE('',#11702,#11730);
#11730 = DEFINITIONAL_REPRESENTATION('',(#11731),#11735);
#11731 = LINE('',#11732,#11733);
#11732 = CARTESIAN_POINT('',(0.,0.));
#11733 = VECTOR('',#11734,1.);
#11734 = DIRECTION('',(0.,-1.));
#11735 = ( GEOMETRIC_REPRESENTATION_CONTEXT(2) 
PARAMETRIC_REPRESENTATION_CONTEXT() REPRESENTATION_CONTEXT('2D SPACE',''
  ) );
#11736 = PCURVE('',#11622,#11737);
#11737 = DEFINITIONAL_REPRESENTATION('',(#11738),#11742);
#11738 = LINE('',#11739,#11740);
#11739 = CARTESIAN_POINT('',(30.,0.));
#11740 = VECTOR('',#11741,1.);
#11741 = DIRECTION('',(0.,1.));
#11742 = ( GEOMETRIC_REPRESENTATION_CONTEXT(2) 
PARAMETRIC_REPRESENTATION_CONTEXT() REPRESENTATION_CONTEXT('2D SPACE',''
  ) );
#11743 = ORIENTED_EDGE('',*,*,#11744,.T.);
#11744 = EDGE_CURVE('',#11722,#11745,#11747,.T.);
#11745 = VERTEX_POINT('',#11746);
#11746 = CARTESIAN_POINT('',(15.,15.,2.));
#11747 = SURFACE_CURVE('',#11748,(#11752,#11759),.PCURVE_S1.);
#11748 = LINE('',#11749,#11750);
#11749 = CARTESIAN_POINT('',(15.,15.,0.));
#11750 = VECTOR('',#11751,1.);
#11751 = DIRECTION('',(0.,0.,1.));
#11752 = PCURVE('',#11702,#11753);
#11753 = DEFINITIONAL_REPRESENTATION('',(#11754),#11758);
#11754 = LINE('',#11755,#11756);
#11755 = CARTESIAN_POINT('',(0.,-30.));
#11756 = VECTOR('',#11757,1.);
#11757 = DIRECTION('',(1.,0.));
#11758 = ( GEOMETRIC_REPRESENTATION_CONTEXT(2) 
PARAMETRIC_REPRESENTATION_CONTEXT() REPRESENTATION_CONTEXT('2D SPACE',''
  ) );
#11759 = PCURVE('',#11650,#11760);
#11760 = DEFINITIONAL_REPRESENTATION('',(#11761),#11765);
#11761 = LINE('',#11762,#11763);
#11762 = CARTESIAN_POINT('',(0.,30.));
#11763 = VECTOR('',#11764,1.);
#11764 = DIRECTION('',(1.,0.));
#11765 = ( GEOMETRIC_REPRESENTATION_CONTEXT(2) 
PARAMETRIC_REPRESENTATION_CONTEXT() REPRESENTATION_CONTEXT('2D SPACE',''
  ) );
#11766 = ORIENTED_EDGE('',*,*,#11767,.F.);
#11767 = EDGE_CURVE('',#11694,#11745,#11768,.T.);
#11768 = SURFACE_CURVE('',#11769,(#11773,#11780),.PCURVE_S1.);
#11769 = LINE('',#11770,#11771);
#11770 = CARTESIAN_POINT('',(15.,-15.,2.));
#11771 = VECTOR('',#11772,1.);
#11772 = DIRECTION('',(-0.,1.,0.));
#11773 = PCURVE('',#11702,#11774);
#11774 = DEFINITIONAL_REPRESENTATION('',(#11775),#11779);
#11775 = LINE('',#11776,#11777);
#11776 = CARTESIAN_POINT('',(2.,0.));
#11777 = VECTOR('',#11778,1.);
#11778 = DIRECTION('',(0.,-1.));
#11779 = ( GEOMETRIC_REPRESENTATION_CONTEXT(2) 
PARAMETRIC_REPRESENTATION_CONTEXT() REPRESENTATION_CONTEXT('2D SPACE',''
  ) );
#11780 = PCURVE('',#11676,#11781);
#11781 = DEFINITIONAL_REPRESENTATION('',(#11782),#11786);
#11782 = LINE('',#11783,#11784);
#11783 = CARTESIAN_POINT('',(30.,0.));
#11784 = VECTOR('',#11785,1.);
#11785 = DIRECTION('',(0.,1.));
#11786 = ( GEOMETRIC_REPRESENTATION_CONTEXT(2) 
PARAMETRIC_REPRESENTATION_CONTEXT() REPRESENTATION_CONTEXT('2D SPACE',''
  ) );
#11787 = ADVANCED_FACE('',(#11788),#11594,.F.);
#11788 = FACE_BOUND('',#11789,.F.);
#11789 = EDGE_LOOP('',(#11790,#11811,#11812,#11833));
#11790 = ORIENTED_EDGE('',*,*,#11791,.F.);
#11791 = EDGE_CURVE('',#11572,#11692,#11792,.T.);
#11792 = SURFACE_CURVE('',#11793,(#11797,#11804),.PCURVE_S1.);
#11793 = LINE('',#11794,#11795);
#11794 = CARTESIAN_POINT('',(-15.,-15.,0.));
#11795 = VECTOR('',#11796,1.);
#11796 = DIRECTION('',(1.,0.,-0.));
#11797 = PCURVE('',#11594,#11798);
#11798 = DEFINITIONAL_REPRESENTATION('',(#11799),#11803);
#11799 = LINE('',#11800,#11801);
#11800 = CARTESIAN_POINT('',(0.,0.));
#11801 = VECTOR('',#11802,1.);
#11802 = DIRECTION('',(0.,1.));
#11803 = ( GEOMETRIC_REPRESENTATION_CONTEXT(2) 
PARAMETRIC_REPRESENTATION_CONTEXT() REPRESENTATION_CONTEXT('2D SPACE',''
  ) );
#11804 = PCURVE('',#11622,#11805);
#11805 = DEFINITIONAL_REPRESENTATION('',(#11806),#11810);
#11806 = LINE('',#11807,#11808);
#11807 = CARTESIAN_POINT('',(0.,0.));
#11808 = VECTOR('',#11809,1.);
#11809 = DIRECTION('',(1.,0.));
#11810 = ( GEOMETRIC_REPRESENTATION_CONTEXT(2) 
PARAMETRIC_REPRESENTATION_CONTEXT() REPRESENTATION_CONTEXT('2D SPACE',''
  ) );
#11811 = ORIENTED_EDGE('',*,*,#11571,.T.);
#11812 = ORIENTED_EDGE('',*,*,#11813,.T.);
#11813 = EDGE_CURVE('',#11574,#11694,#11814,.T.);
#11814 = SURFACE_CURVE('',#11815,(#11819,#11826),.PCURVE_S1.);
#11815 = LINE('',#11816,#11817);
#11816 = CARTESIAN_POINT('',(-15.,-15.,2.));
#11817 = VECTOR('',#11818,1.);
#11818 = DIRECTION('',(1.,0.,-0.));
#11819 = PCURVE('',#11594,#11820);
#11820 = DEFINITIONAL_REPRESENTATION('',(#11821),#11825);
#11821 = LINE('',#11822,#11823);
#11822 = CARTESIAN_POINT('',(2.,0.));
#11823 = VECTOR('',#11824,1.);
#11824 = DIRECTION('',(0.,1.));
#11825 = ( GEOMETRIC_REPRESENTATION_CONTEXT(2) 
PARAMETRIC_REPRESENTATION_CONTEXT() REPRESENTATION_CONTEXT('2D SPACE',''
  ) );
#11826 = PCURVE('',#11676,#11827);
#11827 = DEFINITIONAL_REPRESENTATION('',(#11828),#11832);
#11828 = LINE('',#11829,#11830);
#11829 = CARTESIAN_POINT('',(0.,0.));
#11830 = VECTOR('',#11831,1.);
#11831 = DIRECTION('',(1.,0.));
#11832 = ( GEOMETRIC_REPRESENTATION_CONTEXT(2) 
PARAMETRIC_REPRESENTATION_CONTEXT() REPRESENTATION_CONTEXT('2D SPACE',''
  ) );
#11833 = ORIENTED_EDGE('',*,*,#11691,.F.);
#11834 = ADVANCED_FACE('',(#11835),#11650,.T.);
#11835 = FACE_BOUND('',#11836,.T.);
#11836 = EDGE_LOOP('',(#11837,#11858,#11859,#11880));
#11837 = ORIENTED_EDGE('',*,*,#11838,.F.);
#11838 = EDGE_CURVE('',#11607,#11722,#11839,.T.);
#11839 = SURFACE_CURVE('',#11840,(#11844,#11851),.PCURVE_S1.);
#11840 = LINE('',#11841,#11842);
#11841 = CARTESIAN_POINT('',(-15.,15.,0.));
#11842 = VECTOR('',#11843,1.);
#11843 = DIRECTION('',(1.,0.,-0.));
#11844 = PCURVE('',#11650,#11845);
#11845 = DEFINITIONAL_REPRESENTATION('',(#11846),#11850);
#11846 = LINE('',#11847,#11848);
#11847 = CARTESIAN_POINT('',(0.,0.));
#11848 = VECTOR('',#11849,1.);
#11849 = DIRECTION('',(0.,1.));
#11850 = ( GEOMETRIC_REPRESENTATION_CONTEXT(2) 
PARAMETRIC_REPRESENTATION_CONTEXT() REPRESENTATION_CONTEXT('2D SPACE',''
  ) );
#11851 = PCURVE('',#11622,#11852);
#11852 = DEFINITIONAL_REPRESENTATION('',(#11853),#11857);
#11853 = LINE('',#11854,#11855);
#11854 = CARTESIAN_POINT('',(0.,30.));
#11855 = VECTOR('',#11856,1.);
#11856 = DIRECTION('',(1.,0.));
#11857 = ( GEOMETRIC_REPRESENTATION_CONTEXT(2) 
PARAMETRIC_REPRESENTATION_CONTEXT() REPRESENTATION_CONTEXT('2D SPACE',''
  ) );
#11858 = ORIENTED_EDGE('',*,*,#11634,.T.);
#11859 = ORIENTED_EDGE('',*,*,#11860,.T.);
#11860 = EDGE_CURVE('',#11635,#11745,#11861,.T.);
#11861 = SURFACE_CURVE('',#11862,(#11866,#11873),.PCURVE_S1.);
#11862 = LINE('',#11863,#11864);
#11863 = CARTESIAN_POINT('',(-15.,15.,2.));
#11864 = VECTOR('',#11865,1.);
#11865 = DIRECTION('',(1.,0.,-0.));
#11866 = PCURVE('',#11650,#11867);
#11867 = DEFINITIONAL_REPRESENTATION('',(#11868),#11872);
#11868 = LINE('',#11869,#11870);
#11869 = CARTESIAN_POINT('',(2.,0.));
#11870 = VECTOR('',#11871,1.);
#11871 = DIRECTION('',(0.,1.));
#11872 = ( GEOMETRIC_REPRESENTATION_CONTEXT(2) 
PARAMETRIC_REPRESENTATION_CONTEXT() REPRESENTATION_CONTEXT('2D SPACE',''
  ) );
#11873 = PCURVE('',#11676,#11874);
#11874 = DEFINITIONAL_REPRESENTATION('',(#11875),#11879);
#11875 = LINE('',#11876,#11877);
#11876 = CARTESIAN_POINT('',(0.,30.));
#11877 = VECTOR('',#11878,1.);
#11878 = DIRECTION('',(1.,0.));
#11879 = ( GEOMETRIC_REPRESENTATION_CONTEXT(2) 
PARAMETRIC_REPRESENTATION_CONTEXT() REPRESENTATION_CONTEXT('2D SPACE',''
  ) );
#11880 = ORIENTED_EDGE('',*,*,#11744,.F.);
#11881 = ADVANCED_FACE('',(#11882),#11622,.F.);
#11882 = FACE_BOUND('',#11883,.F.);
#11883 = EDGE_LOOP('',(#11884,#11885,#11886,#11887));
#11884 = ORIENTED_EDGE('',*,*,#11606,.F.);
#11885 = ORIENTED_EDGE('',*,*,#11791,.T.);
#11886 = ORIENTED_EDGE('',*,*,#11721,.T.);
#11887 = ORIENTED_EDGE('',*,*,#11838,.F.);
#11888 = ADVANCED_FACE('',(#11889),#11676,.T.);
#11889 = FACE_BOUND('',#11890,.T.);
#11890 = EDGE_LOOP('',(#11891,#11892,#11893,#11894));
#11891 = ORIENTED_EDGE('',*,*,#11662,.F.);
#11892 = ORIENTED_EDGE('',*,*,#11813,.T.);
#11893 = ORIENTED_EDGE('',*,*,#11767,.T.);
#11894 = ORIENTED_EDGE('',*,*,#11860,.F.);
#11895 = ( GEOMETRIC_REPRESENTATION_CONTEXT(3) 
GLOBAL_UNCERTAINTY_ASSIGNED_CONTEXT((#11899)) 
GLOBAL_UNIT_ASSIGNED_CONTEXT((#11896,#11897,#11898)) 
REPRESENTATION_CONTEXT('Context #1',
  '3D Context with UNIT and UNCERTAINTY') );
#11896 = ( LENGTH_UNIT() NAMED_UNIT(*) SI_UNIT(.MILLI.,.METRE.) );
#11897 = ( NAMED_UNIT(*) PLANE_ANGLE_UNIT() SI_UNIT($,.RADIAN.) );
#11898 = ( NAMED_UNIT(*) SI_UNIT($,.STERADIAN.) SOLID_ANGLE_UNIT() );
#11899 = UNCERTAINTY_MEASURE_WITH_UNIT(LENGTH_MEASURE(1.E-07),#11896,
  'distance_accuracy_value','confusion accuracy');
#11900 = CONTEXT_DEPENDENT_SHAPE_REPRESENTATION(#11901,#11903);
#11901 = ( REPRESENTATION_RELATIONSHIP('','',#11564,#10) 
REPRESENTATION_RELATIONSHIP_WITH_TRANSFORMATION(#11902) 
SHAPE_REPRESENTATION_RELATIONSHIP() );
#11902 = ITEM_DEFINED_TRANSFORMATION('','',#11,#43);
#11903 = PRODUCT_DEFINITION_SHAPE('Placement','Placement of an item',
  #11904);
#11904 = NEXT_ASSEMBLY_USAGE_OCCURRENCE('10',
  'internal_accelerometer_coupon','',#5,#11559,$);
#11905 = PRODUCT_RELATED_PRODUCT_CATEGORY('part',$,(#11561));
#11906 = SHAPE_DEFINITION_REPRESENTATION(#3338,#11907);
#11907 = SHAPE_REPRESENTATION('',(#15),#3330);
#11908 = SHAPE_DEFINITION_REPRESENTATION(#7053,#11909);
#11909 = SHAPE_REPRESENTATION('',(#19),#7045);
#11910 = SHAPE_DEFINITION_REPRESENTATION(#9702,#11911);
#11911 = SHAPE_REPRESENTATION('',(#23),#9694);
#11912 = SHAPE_DEFINITION_REPRESENTATION(#11059,#11913);
#11913 = SHAPE_REPRESENTATION('',(#27),#11051);
#11914 = SHAPE_DEFINITION_REPRESENTATION(#11176,#11915);
#11915 = SHAPE_REPRESENTATION('',(#31),#11168);
#11916 = SHAPE_DEFINITION_REPRESENTATION(#11293,#11917);
#11917 = SHAPE_REPRESENTATION('',(#35),#11285);
#11918 = SHAPE_DEFINITION_REPRESENTATION(#11437,#11919);
#11919 = SHAPE_REPRESENTATION('',(#11304),#11429);
#11920 = SHAPE_DEFINITION_REPRESENTATION(#11554,#11921);
#11921 = SHAPE_REPRESENTATION('',(#11308),#11546);
#11922 = SHAPE_DEFINITION_REPRESENTATION(#11320,#11923);
#11923 = SHAPE_REPRESENTATION('',(#39),#11312);
#11924 = SHAPE_DEFINITION_REPRESENTATION(#11437,#11925);
#11925 = SHAPE_REPRESENTATION('',(#11304),#11429);
#11926 = SHAPE_DEFINITION_REPRESENTATION(#11554,#11927);
#11927 = SHAPE_REPRESENTATION('',(#11308),#11546);
#11928 = SHAPE_DEFINITION_REPRESENTATION(#11903,#11929);
#11929 = SHAPE_REPRESENTATION('',(#43),#11895);
#11930 = SHAPE_DEFINITION_REPRESENTATION(#3338,#11931);
#11931 = SHAPE_REPRESENTATION('',(#15),#3330);
#11932 = SHAPE_DEFINITION_REPRESENTATION(#7053,#11933);
#11933 = SHAPE_REPRESENTATION('',(#19),#7045);
#11934 = SHAPE_DEFINITION_REPRESENTATION(#9702,#11935);
#11935 = SHAPE_REPRESENTATION('',(#23),#9694);
#11936 = SHAPE_DEFINITION_REPRESENTATION(#11059,#11937);
#11937 = SHAPE_REPRESENTATION('',(#27),#11051);
#11938 = SHAPE_DEFINITION_REPRESENTATION(#11176,#11939);
#11939 = SHAPE_REPRESENTATION('',(#31),#11168);
#11940 = SHAPE_DEFINITION_REPRESENTATION(#11293,#11941);
#11941 = SHAPE_REPRESENTATION('',(#35),#11285);
#11942 = SHAPE_DEFINITION_REPRESENTATION(#11320,#11943);
#11943 = SHAPE_REPRESENTATION('',(#39),#11312);
#11944 = SHAPE_DEFINITION_REPRESENTATION(#11903,#11945);
#11945 = SHAPE_REPRESENTATION('',(#43),#11895);
#11946 = MECHANICAL_DESIGN_GEOMETRIC_PRESENTATION_REPRESENTATION('',(
    #11947,#11955),#3330);
#11947 = STYLED_ITEM('color',(#11948),#61);
#11948 = PRESENTATION_STYLE_ASSIGNMENT((#11949));
#11949 = SURFACE_STYLE_USAGE(.BOTH.,#11950);
#11950 = SURFACE_SIDE_STYLE('',(#11951));
#11951 = SURFACE_STYLE_FILL_AREA(#11952);
#11952 = FILL_AREA_STYLE('',(#11953));
#11953 = FILL_AREA_STYLE_COLOUR('',#11954);
#11954 = COLOUR_RGB('',0.720000003324,0.430000007837,0.199999998682);
#11955 = OVER_RIDING_STYLED_ITEM('overriding color',(#11956),#61,#11947
  );
#11956 = PRESENTATION_STYLE_BY_CONTEXT((#11957),#11931);
#11957 = SURFACE_STYLE_USAGE(.BOTH.,#11958);
#11958 = SURFACE_SIDE_STYLE('',(#11959));
#11959 = SURFACE_STYLE_FILL_AREA(#11960);
#11960 = FILL_AREA_STYLE('',(#11961));
#11961 = FILL_AREA_STYLE_COLOUR('',#11962);
#11962 = COLOUR_RGB('',0.720000003324,0.430000007837,0.199999998682);
#11963 = MECHANICAL_DESIGN_GEOMETRIC_PRESENTATION_REPRESENTATION('',(
    #11964,#11972),#7045);
#11964 = STYLED_ITEM('color',(#11965),#3349);
#11965 = PRESENTATION_STYLE_ASSIGNMENT((#11966));
#11966 = SURFACE_STYLE_USAGE(.BOTH.,#11967);
#11967 = SURFACE_SIDE_STYLE('',(#11968));
#11968 = SURFACE_STYLE_FILL_AREA(#11969);
#11969 = FILL_AREA_STYLE('',(#11970));
#11970 = FILL_AREA_STYLE_COLOUR('',#11971);
#11971 = COLOUR_RGB('',0.78000000177,0.480000004686,0.24000000363);
#11972 = OVER_RIDING_STYLED_ITEM('overriding color',(#11973),#3349,
  #11964);
#11973 = PRESENTATION_STYLE_BY_CONTEXT((#11974),#11933);
#11974 = SURFACE_STYLE_USAGE(.BOTH.,#11975);
#11975 = SURFACE_SIDE_STYLE('',(#11976));
#11976 = SURFACE_STYLE_FILL_AREA(#11977);
#11977 = FILL_AREA_STYLE('',(#11978));
#11978 = FILL_AREA_STYLE_COLOUR('',#11979);
#11979 = COLOUR_RGB('',0.78000000177,0.480000004686,0.24000000363);
#11980 = MECHANICAL_DESIGN_GEOMETRIC_PRESENTATION_REPRESENTATION('',(
    #11981,#11989),#11051);
#11981 = STYLED_ITEM('color',(#11982),#9713);
#11982 = PRESENTATION_STYLE_ASSIGNMENT((#11983));
#11983 = SURFACE_STYLE_USAGE(.BOTH.,#11984);
#11984 = SURFACE_SIDE_STYLE('',(#11985));
#11985 = SURFACE_STYLE_FILL_AREA(#11986);
#11986 = FILL_AREA_STYLE('',(#11987));
#11987 = FILL_AREA_STYLE_COLOUR('',#11988);
#11988 = COLOUR_RGB('',0.879999997771,0.399999997426,9.999999991362E-02
  );
#11989 = OVER_RIDING_STYLED_ITEM('overriding color',(#11990),#9713,
  #11981);
#11990 = PRESENTATION_STYLE_BY_CONTEXT((#11991),#11937);
#11991 = SURFACE_STYLE_USAGE(.BOTH.,#11992);
#11992 = SURFACE_SIDE_STYLE('',(#11993));
#11993 = SURFACE_STYLE_FILL_AREA(#11994);
#11994 = FILL_AREA_STYLE('',(#11995));
#11995 = FILL_AREA_STYLE_COLOUR('',#11996);
#11996 = COLOUR_RGB('',0.879999997771,0.399999997426,9.999999991362E-02
  );
#11997 = MECHANICAL_DESIGN_GEOMETRIC_PRESENTATION_REPRESENTATION('',(
    #11998),#11168);
#11998 = STYLED_ITEM('color',(#11999),#11070);
#11999 = PRESENTATION_STYLE_ASSIGNMENT((#12000));
#12000 = SURFACE_STYLE_USAGE(.BOTH.,#12001);
#12001 = SURFACE_SIDE_STYLE('',(#12002));
#12002 = SURFACE_STYLE_FILL_AREA(#12003);
#12003 = FILL_AREA_STYLE('',(#12004));
#12004 = FILL_AREA_STYLE_COLOUR('',#12005);
#12005 = COLOUR_RGB('',0.950000001282,0.649999988539,0.199999998682);
#12006 = MECHANICAL_DESIGN_GEOMETRIC_PRESENTATION_REPRESENTATION('',(
    #12007),#11285);
#12007 = STYLED_ITEM('color',(#12008),#11187);
#12008 = PRESENTATION_STYLE_ASSIGNMENT((#12009));
#12009 = SURFACE_STYLE_USAGE(.BOTH.,#12010);
#12010 = SURFACE_SIDE_STYLE('',(#12011));
#12011 = SURFACE_STYLE_FILL_AREA(#12012);
#12012 = FILL_AREA_STYLE('',(#12013));
#12013 = FILL_AREA_STYLE_COLOUR('',#12005);
#12014 = MECHANICAL_DESIGN_GEOMETRIC_PRESENTATION_REPRESENTATION('',(
    #12015),#11429);
#12015 = STYLED_ITEM('color',(#12016),#11331);
#12016 = PRESENTATION_STYLE_ASSIGNMENT((#12017));
#12017 = SURFACE_STYLE_USAGE(.BOTH.,#12018);
#12018 = SURFACE_SIDE_STYLE('',(#12019));
#12019 = SURFACE_STYLE_FILL_AREA(#12020);
#12020 = FILL_AREA_STYLE('',(#12021));
#12021 = FILL_AREA_STYLE_COLOUR('',#12022);
#12022 = COLOUR_RGB('',9.999999991362E-02,0.120000001395,0.139999997847
  );
#12023 = MECHANICAL_DESIGN_GEOMETRIC_PRESENTATION_REPRESENTATION('',(
    #12024),#11895);
#12024 = STYLED_ITEM('color',(#12025),#11565);
#12025 = PRESENTATION_STYLE_ASSIGNMENT((#12026));
#12026 = SURFACE_STYLE_USAGE(.BOTH.,#12027);
#12027 = SURFACE_SIDE_STYLE('',(#12028));
#12028 = SURFACE_STYLE_FILL_AREA(#12029);
#12029 = FILL_AREA_STYLE('',(#12030));
#12030 = FILL_AREA_STYLE_COLOUR('',#12031);
#12031 = COLOUR_RGB('',0.120000001395,0.420000006308,0.24000000363);
#12032 = MECHANICAL_DESIGN_GEOMETRIC_PRESENTATION_REPRESENTATION('',(),
  #11312);
#12033 = MECHANICAL_DESIGN_GEOMETRIC_PRESENTATION_REPRESENTATION('',(
    #12034,#12042),#9694);
#12034 = STYLED_ITEM('color',(#12035),#7064);
#12035 = PRESENTATION_STYLE_ASSIGNMENT((#12036));
#12036 = SURFACE_STYLE_USAGE(.BOTH.,#12037);
#12037 = SURFACE_SIDE_STYLE('',(#12038));
#12038 = SURFACE_STYLE_FILL_AREA(#12039);
#12039 = FILL_AREA_STYLE('',(#12040));
#12040 = FILL_AREA_STYLE_COLOUR('',#12041);
#12041 = COLOUR_RGB('',0.399999997426,0.180000002302,6.000000074816E-02
  );
#12042 = OVER_RIDING_STYLED_ITEM('overriding color',(#12043),#7064,
  #12034);
#12043 = PRESENTATION_STYLE_BY_CONTEXT((#12044),#11935);
#12044 = SURFACE_STYLE_USAGE(.BOTH.,#12045);
#12045 = SURFACE_SIDE_STYLE('',(#12046));
#12046 = SURFACE_STYLE_FILL_AREA(#12047);
#12047 = FILL_AREA_STYLE('',(#12048));
#12048 = FILL_AREA_STYLE_COLOUR('',#12049);
#12049 = COLOUR_RGB('',0.399999997426,0.180000002302,6.000000074816E-02
  );
#12050 = MECHANICAL_DESIGN_GEOMETRIC_PRESENTATION_REPRESENTATION('',(
    #12051),#11546);
#12051 = STYLED_ITEM('color',(#12052),#11448);
#12052 = PRESENTATION_STYLE_ASSIGNMENT((#12053));
#12053 = SURFACE_STYLE_USAGE(.BOTH.,#12054);
#12054 = SURFACE_SIDE_STYLE('',(#12055));
#12055 = SURFACE_STYLE_FILL_AREA(#12056);
#12056 = FILL_AREA_STYLE('',(#12057));
#12057 = FILL_AREA_STYLE_COLOUR('',#12022);

#12058=DESCRIPTIVE_REPRESENTATION_ITEM('cadpy:generator','cadpy');
#12059=REPRESENTATION('cadpy:generator',(#12058),#47);
#12060=PROPERTY_DEFINITION('cadpy metadata','cadpy:generator',#5);
#12061=PROPERTY_DEFINITION_REPRESENTATION(#12060,#12059);
#12062=DESCRIPTIVE_REPRESENTATION_ITEM('cadpy:entryKind','assembly');
#12063=REPRESENTATION('cadpy:entryKind',(#12062),#47);
#12064=PROPERTY_DEFINITION('cadpy metadata','cadpy:entryKind',#5);
#12065=PROPERTY_DEFINITION_REPRESENTATION(#12064,#12063);
#12066=DESCRIPTIVE_REPRESENTATION_ITEM('cadpy:sourcePath','split_headrest_v2.py');
#12067=REPRESENTATION('cadpy:sourcePath',(#12066),#47);
#12068=PROPERTY_DEFINITION('cadpy metadata','cadpy:sourcePath',#5);
#12069=PROPERTY_DEFINITION_REPRESENTATION(#12068,#12067);
#12070=DESCRIPTIVE_REPRESENTATION_ITEM('cadpy:sourceHash','d8d2813a870f516e960b39d39ebafc972f02e89bd503a6f340189493ea10cdeb');
#12071=REPRESENTATION('cadpy:sourceHash',(#12070),#47);
#12072=PROPERTY_DEFINITION('cadpy metadata','cadpy:sourceHash',#5);
#12073=PROPERTY_DEFINITION_REPRESENTATION(#12072,#12071);
ENDSEC;
END-ISO-10303-21;
