ISO-10303-21;
HEADER;
FILE_DESCRIPTION(('Open CASCADE Model'),'2;1');
FILE_NAME('Open CASCADE Shape Model','2026-09-03T01:23:05',('Author'),(
    'Open CASCADE'),'Open CASCADE STEP processor 7.9','Open CASCADE 7.9'
  ,'Unknown');
FILE_SCHEMA(('AUTOMOTIVE_DESIGN { 1 0 10303 214 1 1 1 1 }'));
ENDSEC;
DATA;
#1 = APPLICATION_PROTOCOL_DEFINITION('international standard',
  'automotive_design',2000,#2);
#2 = APPLICATION_CONTEXT(
  'core data for automotive mechanical design processes');
#3 = SHAPE_DEFINITION_REPRESENTATION(#4,#10);
#4 = PRODUCT_DEFINITION_SHAPE('','',#5);
#5 = PRODUCT_DEFINITION('design','',#6,#9);
#6 = PRODUCT_DEFINITION_FORMATION('','',#7);
#7 = PRODUCT('travel_hanger_fold_25','travel_hanger_fold_25','',(#8));
#8 = PRODUCT_CONTEXT('',#2,'mechanical');
#9 = PRODUCT_DEFINITION_CONTEXT('part definition',#2,'design');
#10 = SHAPE_REPRESENTATION('',(#11,#15,#19,#23,#27,#31,#35,#39,#43,#47,
    #51,#55),#59);
#11 = AXIS2_PLACEMENT_3D('',#12,#13,#14);
#12 = CARTESIAN_POINT('',(0.,0.,0.));
#13 = DIRECTION('',(0.,0.,1.));
#14 = DIRECTION('',(1.,0.,-0.));
#15 = AXIS2_PLACEMENT_3D('',#16,#17,#18);
#16 = CARTESIAN_POINT('',(0.,0.,0.));
#17 = DIRECTION('',(0.,0.,1.));
#18 = DIRECTION('',(1.,0.,-0.));
#19 = AXIS2_PLACEMENT_3D('',#20,#21,#22);
#20 = CARTESIAN_POINT('',(-29.,0.,0.));
#21 = DIRECTION('',(-0.350207381259,-0.,0.936672189248));
#22 = DIRECTION('',(0.936672189248,0.,0.350207381259));
#23 = AXIS2_PLACEMENT_3D('',#24,#25,#26);
#24 = CARTESIAN_POINT('',(29.,0.,0.));
#25 = DIRECTION('',(0.350207381259,-0.,0.936672189248));
#26 = DIRECTION('',(0.936672189248,0.,-0.350207381259));
#27 = AXIS2_PLACEMENT_3D('',#28,#29,#30);
#28 = CARTESIAN_POINT('',(0.,12.5,20.));
#29 = DIRECTION('',(0.707106781187,-0.,0.707106781187));
#30 = DIRECTION('',(0.707106781187,0.,-0.707106781187));
#31 = AXIS2_PLACEMENT_3D('',#32,#33,#34);
#32 = CARTESIAN_POINT('',(0.,7.5,0.));
#33 = DIRECTION('',(0.,0.,1.));
#34 = DIRECTION('',(1.,0.,-0.));
#35 = AXIS2_PLACEMENT_3D('',#36,#37,#38);
#36 = CARTESIAN_POINT('',(-29.,0.,0.));
#37 = DIRECTION('',(0.,0.,1.));
#38 = DIRECTION('',(1.,0.,-0.));
#39 = AXIS2_PLACEMENT_3D('',#40,#41,#42);
#40 = CARTESIAN_POINT('',(29.,0.,0.));
#41 = DIRECTION('',(0.,0.,1.));
#42 = DIRECTION('',(1.,0.,-0.));
#43 = AXIS2_PLACEMENT_3D('',#44,#45,#46);
#44 = CARTESIAN_POINT('',(0.,4.125,20.));
#45 = DIRECTION('',(0.,0.,1.));
#46 = DIRECTION('',(1.,0.,-0.));
#47 = AXIS2_PLACEMENT_3D('',#48,#49,#50);
#48 = CARTESIAN_POINT('',(-29.,9.75,0.));
#49 = DIRECTION('',(0.,0.,1.));
#50 = DIRECTION('',(1.,0.,-0.));
#51 = AXIS2_PLACEMENT_3D('',#52,#53,#54);
#52 = CARTESIAN_POINT('',(29.,9.75,0.));
#53 = DIRECTION('',(0.,0.,1.));
#54 = DIRECTION('',(1.,0.,-0.));
#55 = AXIS2_PLACEMENT_3D('',#56,#57,#58);
#56 = CARTESIAN_POINT('',(0.,-9.75,20.));
#57 = DIRECTION('',(0.,0.,1.));
#58 = DIRECTION('',(1.,0.,-0.));
#59 = ( GEOMETRIC_REPRESENTATION_CONTEXT(3) 
GLOBAL_UNCERTAINTY_ASSIGNED_CONTEXT((#63)) GLOBAL_UNIT_ASSIGNED_CONTEXT(
(#60,#61,#62)) REPRESENTATION_CONTEXT('Context #1',
  '3D Context with UNIT and UNCERTAINTY') );
#60 = ( LENGTH_UNIT() NAMED_UNIT(*) SI_UNIT(.MILLI.,.METRE.) );
#61 = ( NAMED_UNIT(*) PLANE_ANGLE_UNIT() SI_UNIT($,.RADIAN.) );
#62 = ( NAMED_UNIT(*) SI_UNIT($,.STERADIAN.) SOLID_ANGLE_UNIT() );
#63 = UNCERTAINTY_MEASURE_WITH_UNIT(LENGTH_MEASURE(2.E-07),#60,
  'distance_accuracy_value','confusion accuracy');
#64 = PRODUCT_RELATED_PRODUCT_CATEGORY('part',$,(#7));
#65 = SHAPE_DEFINITION_REPRESENTATION(#66,#72);
#66 = PRODUCT_DEFINITION_SHAPE('','',#67);
#67 = PRODUCT_DEFINITION('design','',#68,#71);
#68 = PRODUCT_DEFINITION_FORMATION('','',#69);
#69 = PRODUCT('center_yoke','center_yoke','',(#70));
#70 = PRODUCT_CONTEXT('',#2,'mechanical');
#71 = PRODUCT_DEFINITION_CONTEXT('part definition',#2,'design');
#72 = ADVANCED_BREP_SHAPE_REPRESENTATION('',(#11,#73),#3242);
#73 = MANIFOLD_SOLID_BREP('',#74);
#74 = CLOSED_SHELL('',(#75,#195,#482,#964,#1381,#1568,#1575,#1602,#1649,
    #1676,#1703,#1710,#1737,#1884,#1931,#2278,#2305,#2548,#2597,#2647,
    #2694,#2778,#2827,#2906,#2933,#2940,#2967,#2994,#3021,#3028,#3035,
    #3042,#3069,#3116,#3143,#3170,#3177,#3204,#3215));
#75 = ADVANCED_FACE('',(#76),#90,.F.);
#76 = FACE_BOUND('',#77,.F.);
#77 = EDGE_LOOP('',(#78,#113,#141,#169));
#78 = ORIENTED_EDGE('',*,*,#79,.F.);
#79 = EDGE_CURVE('',#80,#82,#84,.T.);
#80 = VERTEX_POINT('',#81);
#81 = CARTESIAN_POINT('',(-44.,-8.5,-26.));
#82 = VERTEX_POINT('',#83);
#83 = CARTESIAN_POINT('',(-44.,-8.5,28.));
#84 = SURFACE_CURVE('',#85,(#89,#101),.PCURVE_S1.);
#85 = LINE('',#86,#87);
#86 = CARTESIAN_POINT('',(-44.,-8.5,-26.));
#87 = VECTOR('',#88,1.);
#88 = DIRECTION('',(0.,0.,1.));
#89 = PCURVE('',#90,#95);
#90 = PLANE('',#91);
#91 = AXIS2_PLACEMENT_3D('',#92,#93,#94);
#92 = CARTESIAN_POINT('',(-44.,-8.5,-26.));
#93 = DIRECTION('',(1.,0.,-0.));
#94 = DIRECTION('',(0.,0.,1.));
#95 = DEFINITIONAL_REPRESENTATION('',(#96),#100);
#96 = LINE('',#97,#98);
#97 = CARTESIAN_POINT('',(0.,0.));
#98 = VECTOR('',#99,1.);
#99 = DIRECTION('',(1.,0.));
#100 = ( GEOMETRIC_REPRESENTATION_CONTEXT(2) 
PARAMETRIC_REPRESENTATION_CONTEXT() REPRESENTATION_CONTEXT('2D SPACE',''
  ) );
#101 = PCURVE('',#102,#107);
#102 = PLANE('',#103);
#103 = AXIS2_PLACEMENT_3D('',#104,#105,#106);
#104 = CARTESIAN_POINT('',(-44.,-8.5,-26.));
#105 = DIRECTION('',(-0.,1.,0.));
#106 = DIRECTION('',(0.,0.,1.));
#107 = DEFINITIONAL_REPRESENTATION('',(#108),#112);
#108 = LINE('',#109,#110);
#109 = CARTESIAN_POINT('',(0.,0.));
#110 = VECTOR('',#111,1.);
#111 = DIRECTION('',(1.,0.));
#112 = ( GEOMETRIC_REPRESENTATION_CONTEXT(2) 
PARAMETRIC_REPRESENTATION_CONTEXT() REPRESENTATION_CONTEXT('2D SPACE',''
  ) );
#113 = ORIENTED_EDGE('',*,*,#114,.T.);
#114 = EDGE_CURVE('',#80,#115,#117,.T.);
#115 = VERTEX_POINT('',#116);
#116 = CARTESIAN_POINT('',(-44.,-4.5,-26.));
#117 = SURFACE_CURVE('',#118,(#122,#129),.PCURVE_S1.);
#118 = LINE('',#119,#120);
#119 = CARTESIAN_POINT('',(-44.,-8.5,-26.));
#120 = VECTOR('',#121,1.);
#121 = DIRECTION('',(-0.,1.,0.));
#122 = PCURVE('',#90,#123);
#123 = DEFINITIONAL_REPRESENTATION('',(#124),#128);
#124 = LINE('',#125,#126);
#125 = CARTESIAN_POINT('',(0.,0.));
#126 = VECTOR('',#127,1.);
#127 = DIRECTION('',(0.,-1.));
#128 = ( GEOMETRIC_REPRESENTATION_CONTEXT(2) 
PARAMETRIC_REPRESENTATION_CONTEXT() REPRESENTATION_CONTEXT('2D SPACE',''
  ) );
#129 = PCURVE('',#130,#135);
#130 = PLANE('',#131);
#131 = AXIS2_PLACEMENT_3D('',#132,#133,#134);
#132 = CARTESIAN_POINT('',(-44.,-8.5,-26.));
#133 = DIRECTION('',(0.,0.,1.));
#134 = DIRECTION('',(1.,0.,-0.));
#135 = DEFINITIONAL_REPRESENTATION('',(#136),#140);
#136 = LINE('',#137,#138);
#137 = CARTESIAN_POINT('',(0.,0.));
#138 = VECTOR('',#139,1.);
#139 = DIRECTION('',(0.,1.));
#140 = ( GEOMETRIC_REPRESENTATION_CONTEXT(2) 
PARAMETRIC_REPRESENTATION_CONTEXT() REPRESENTATION_CONTEXT('2D SPACE',''
  ) );
#141 = ORIENTED_EDGE('',*,*,#142,.T.);
#142 = EDGE_CURVE('',#115,#143,#145,.T.);
#143 = VERTEX_POINT('',#144);
#144 = CARTESIAN_POINT('',(-44.,-4.5,28.));
#145 = SURFACE_CURVE('',#146,(#150,#157),.PCURVE_S1.);
#146 = LINE('',#147,#148);
#147 = CARTESIAN_POINT('',(-44.,-4.5,-26.));
#148 = VECTOR('',#149,1.);
#149 = DIRECTION('',(0.,0.,1.));
#150 = PCURVE('',#90,#151);
#151 = DEFINITIONAL_REPRESENTATION('',(#152),#156);
#152 = LINE('',#153,#154);
#153 = CARTESIAN_POINT('',(0.,-4.));
#154 = VECTOR('',#155,1.);
#155 = DIRECTION('',(1.,0.));
#156 = ( GEOMETRIC_REPRESENTATION_CONTEXT(2) 
PARAMETRIC_REPRESENTATION_CONTEXT() REPRESENTATION_CONTEXT('2D SPACE',''
  ) );
#157 = PCURVE('',#158,#163);
#158 = PLANE('',#159);
#159 = AXIS2_PLACEMENT_3D('',#160,#161,#162);
#160 = CARTESIAN_POINT('',(-44.,-4.5,-26.));
#161 = DIRECTION('',(-0.,1.,0.));
#162 = DIRECTION('',(0.,0.,1.));
#163 = DEFINITIONAL_REPRESENTATION('',(#164),#168);
#164 = LINE('',#165,#166);
#165 = CARTESIAN_POINT('',(0.,0.));
#166 = VECTOR('',#167,1.);
#167 = DIRECTION('',(1.,0.));
#168 = ( GEOMETRIC_REPRESENTATION_CONTEXT(2) 
PARAMETRIC_REPRESENTATION_CONTEXT() REPRESENTATION_CONTEXT('2D SPACE',''
  ) );
#169 = ORIENTED_EDGE('',*,*,#170,.F.);
#170 = EDGE_CURVE('',#82,#143,#171,.T.);
#171 = SURFACE_CURVE('',#172,(#176,#183),.PCURVE_S1.);
#172 = LINE('',#173,#174);
#173 = CARTESIAN_POINT('',(-44.,-8.5,28.));
#174 = VECTOR('',#175,1.);
#175 = DIRECTION('',(-0.,1.,0.));
#176 = PCURVE('',#90,#177);
#177 = DEFINITIONAL_REPRESENTATION('',(#178),#182);
#178 = LINE('',#179,#180);
#179 = CARTESIAN_POINT('',(54.,0.));
#180 = VECTOR('',#181,1.);
#181 = DIRECTION('',(0.,-1.));
#182 = ( GEOMETRIC_REPRESENTATION_CONTEXT(2) 
PARAMETRIC_REPRESENTATION_CONTEXT() REPRESENTATION_CONTEXT('2D SPACE',''
  ) );
#183 = PCURVE('',#184,#189);
#184 = PLANE('',#185);
#185 = AXIS2_PLACEMENT_3D('',#186,#187,#188);
#186 = CARTESIAN_POINT('',(-44.,-8.5,28.));
#187 = DIRECTION('',(0.,0.,1.));
#188 = DIRECTION('',(1.,0.,-0.));
#189 = DEFINITIONAL_REPRESENTATION('',(#190),#194);
#190 = LINE('',#191,#192);
#191 = CARTESIAN_POINT('',(0.,0.));
#192 = VECTOR('',#193,1.);
#193 = DIRECTION('',(0.,1.));
#194 = ( GEOMETRIC_REPRESENTATION_CONTEXT(2) 
PARAMETRIC_REPRESENTATION_CONTEXT() REPRESENTATION_CONTEXT('2D SPACE',''
  ) );
#195 = ADVANCED_FACE('',(#196,#271,#306,#412,#447),#102,.F.);
#196 = FACE_BOUND('',#197,.F.);
#197 = EDGE_LOOP('',(#198,#221,#222,#245));
#198 = ORIENTED_EDGE('',*,*,#199,.F.);
#199 = EDGE_CURVE('',#80,#200,#202,.T.);
#200 = VERTEX_POINT('',#201);
#201 = CARTESIAN_POINT('',(44.,-8.5,-26.));
#202 = SURFACE_CURVE('',#203,(#207,#214),.PCURVE_S1.);
#203 = LINE('',#204,#205);
#204 = CARTESIAN_POINT('',(-44.,-8.5,-26.));
#205 = VECTOR('',#206,1.);
#206 = DIRECTION('',(1.,0.,-0.));
#207 = PCURVE('',#102,#208);
#208 = DEFINITIONAL_REPRESENTATION('',(#209),#213);
#209 = LINE('',#210,#211);
#210 = CARTESIAN_POINT('',(0.,0.));
#211 = VECTOR('',#212,1.);
#212 = DIRECTION('',(0.,1.));
#213 = ( GEOMETRIC_REPRESENTATION_CONTEXT(2) 
PARAMETRIC_REPRESENTATION_CONTEXT() REPRESENTATION_CONTEXT('2D SPACE',''
  ) );
#214 = PCURVE('',#130,#215);
#215 = DEFINITIONAL_REPRESENTATION('',(#216),#220);
#216 = LINE('',#217,#218);
#217 = CARTESIAN_POINT('',(0.,0.));
#218 = VECTOR('',#219,1.);
#219 = DIRECTION('',(1.,0.));
#220 = ( GEOMETRIC_REPRESENTATION_CONTEXT(2) 
PARAMETRIC_REPRESENTATION_CONTEXT() REPRESENTATION_CONTEXT('2D SPACE',''
  ) );
#221 = ORIENTED_EDGE('',*,*,#79,.T.);
#222 = ORIENTED_EDGE('',*,*,#223,.T.);
#223 = EDGE_CURVE('',#82,#224,#226,.T.);
#224 = VERTEX_POINT('',#225);
#225 = CARTESIAN_POINT('',(44.,-8.5,28.));
#226 = SURFACE_CURVE('',#227,(#231,#238),.PCURVE_S1.);
#227 = LINE('',#228,#229);
#228 = CARTESIAN_POINT('',(-44.,-8.5,28.));
#229 = VECTOR('',#230,1.);
#230 = DIRECTION('',(1.,0.,-0.));
#231 = PCURVE('',#102,#232);
#232 = DEFINITIONAL_REPRESENTATION('',(#233),#237);
#233 = LINE('',#234,#235);
#234 = CARTESIAN_POINT('',(54.,0.));
#235 = VECTOR('',#236,1.);
#236 = DIRECTION('',(0.,1.));
#237 = ( GEOMETRIC_REPRESENTATION_CONTEXT(2) 
PARAMETRIC_REPRESENTATION_CONTEXT() REPRESENTATION_CONTEXT('2D SPACE',''
  ) );
#238 = PCURVE('',#184,#239);
#239 = DEFINITIONAL_REPRESENTATION('',(#240),#244);
#240 = LINE('',#241,#242);
#241 = CARTESIAN_POINT('',(0.,0.));
#242 = VECTOR('',#243,1.);
#243 = DIRECTION('',(1.,0.));
#244 = ( GEOMETRIC_REPRESENTATION_CONTEXT(2) 
PARAMETRIC_REPRESENTATION_CONTEXT() REPRESENTATION_CONTEXT('2D SPACE',''
  ) );
#245 = ORIENTED_EDGE('',*,*,#246,.F.);
#246 = EDGE_CURVE('',#200,#224,#247,.T.);
#247 = SURFACE_CURVE('',#248,(#252,#259),.PCURVE_S1.);
#248 = LINE('',#249,#250);
#249 = CARTESIAN_POINT('',(44.,-8.5,-26.));
#250 = VECTOR('',#251,1.);
#251 = DIRECTION('',(0.,0.,1.));
#252 = PCURVE('',#102,#253);
#253 = DEFINITIONAL_REPRESENTATION('',(#254),#258);
#254 = LINE('',#255,#256);
#255 = CARTESIAN_POINT('',(0.,88.));
#256 = VECTOR('',#257,1.);
#257 = DIRECTION('',(1.,0.));
#258 = ( GEOMETRIC_REPRESENTATION_CONTEXT(2) 
PARAMETRIC_REPRESENTATION_CONTEXT() REPRESENTATION_CONTEXT('2D SPACE',''
  ) );
#259 = PCURVE('',#260,#265);
#260 = PLANE('',#261);
#261 = AXIS2_PLACEMENT_3D('',#262,#263,#264);
#262 = CARTESIAN_POINT('',(44.,-8.5,-26.));
#263 = DIRECTION('',(1.,0.,-0.));
#264 = DIRECTION('',(0.,0.,1.));
#265 = DEFINITIONAL_REPRESENTATION('',(#266),#270);
#266 = LINE('',#267,#268);
#267 = CARTESIAN_POINT('',(0.,0.));
#268 = VECTOR('',#269,1.);
#269 = DIRECTION('',(1.,0.));
#270 = ( GEOMETRIC_REPRESENTATION_CONTEXT(2) 
PARAMETRIC_REPRESENTATION_CONTEXT() REPRESENTATION_CONTEXT('2D SPACE',''
  ) );
#271 = FACE_BOUND('',#272,.F.);
#272 = EDGE_LOOP('',(#273));
#273 = ORIENTED_EDGE('',*,*,#274,.T.);
#274 = EDGE_CURVE('',#275,#275,#277,.T.);
#275 = VERTEX_POINT('',#276);
#276 = CARTESIAN_POINT('',(-26.2,-8.5,3.866112193441E-15));
#277 = SURFACE_CURVE('',#278,(#283,#294),.PCURVE_S1.);
#278 = CIRCLE('',#279,2.8);
#279 = AXIS2_PLACEMENT_3D('',#280,#281,#282);
#280 = CARTESIAN_POINT('',(-29.,-8.5,4.551914400963E-15));
#281 = DIRECTION('',(0.,-1.,2.22044604925E-16));
#282 = DIRECTION('',(1.,0.,0.));
#283 = PCURVE('',#102,#284);
#284 = DEFINITIONAL_REPRESENTATION('',(#285),#293);
#285 = ( BOUNDED_CURVE() B_SPLINE_CURVE(2,(#286,#287,#288,#289,#290,#291
,#292),.UNSPECIFIED.,.T.,.F.) B_SPLINE_CURVE_WITH_KNOTS((1,2,2,2,2,1),(
    -2.094395102393,0.,2.094395102393,4.188790204786,6.28318530718,
8.377580409573),.UNSPECIFIED.) CURVE() GEOMETRIC_REPRESENTATION_ITEM() 
RATIONAL_B_SPLINE_CURVE((1.,0.5,1.,0.5,1.,0.5,1.)) REPRESENTATION_ITEM(
  '') );
#286 = CARTESIAN_POINT('',(26.,17.8));
#287 = CARTESIAN_POINT('',(30.849742261193,17.8));
#288 = CARTESIAN_POINT('',(28.424871130596,13.6));
#289 = CARTESIAN_POINT('',(26.,9.4));
#290 = CARTESIAN_POINT('',(23.575128869404,13.6));
#291 = CARTESIAN_POINT('',(21.150257738807,17.8));
#292 = CARTESIAN_POINT('',(26.,17.8));
#293 = ( GEOMETRIC_REPRESENTATION_CONTEXT(2) 
PARAMETRIC_REPRESENTATION_CONTEXT() REPRESENTATION_CONTEXT('2D SPACE',''
  ) );
#294 = PCURVE('',#295,#300);
#295 = CYLINDRICAL_SURFACE('',#296,2.8);
#296 = AXIS2_PLACEMENT_3D('',#297,#298,#299);
#297 = CARTESIAN_POINT('',(-29.,12.,0.));
#298 = DIRECTION('',(0.,-1.,2.22044604925E-16));
#299 = DIRECTION('',(1.,0.,0.));
#300 = DEFINITIONAL_REPRESENTATION('',(#301),#305);
#301 = LINE('',#302,#303);
#302 = CARTESIAN_POINT('',(0.,20.5));
#303 = VECTOR('',#304,1.);
#304 = DIRECTION('',(1.,0.));
#305 = ( GEOMETRIC_REPRESENTATION_CONTEXT(2) 
PARAMETRIC_REPRESENTATION_CONTEXT() REPRESENTATION_CONTEXT('2D SPACE',''
  ) );
#306 = FACE_BOUND('',#307,.F.);
#307 = EDGE_LOOP('',(#308,#336,#362,#388));
#308 = ORIENTED_EDGE('',*,*,#309,.F.);
#309 = EDGE_CURVE('',#310,#312,#314,.T.);
#310 = VERTEX_POINT('',#311);
#311 = CARTESIAN_POINT('',(-40.,-8.5,-10.));
#312 = VERTEX_POINT('',#313);
#313 = CARTESIAN_POINT('',(40.,-8.5,-10.));
#314 = SURFACE_CURVE('',#315,(#319,#325),.PCURVE_S1.);
#315 = LINE('',#316,#317);
#316 = CARTESIAN_POINT('',(-42.,-8.5,-10.));
#317 = VECTOR('',#318,1.);
#318 = DIRECTION('',(1.,0.,-0.));
#319 = PCURVE('',#102,#320);
#320 = DEFINITIONAL_REPRESENTATION('',(#321),#324);
#321 = B_SPLINE_CURVE_WITH_KNOTS('',1,(#322,#323),.UNSPECIFIED.,.F.,.F.,
  (2,2),(2.,82.),.PIECEWISE_BEZIER_KNOTS.);
#322 = CARTESIAN_POINT('',(16.,4.));
#323 = CARTESIAN_POINT('',(16.,84.));
#324 = ( GEOMETRIC_REPRESENTATION_CONTEXT(2) 
PARAMETRIC_REPRESENTATION_CONTEXT() REPRESENTATION_CONTEXT('2D SPACE',''
  ) );
#325 = PCURVE('',#326,#331);
#326 = PLANE('',#327);
#327 = AXIS2_PLACEMENT_3D('',#328,#329,#330);
#328 = CARTESIAN_POINT('',(-40.,-10.,-10.));
#329 = DIRECTION('',(0.,0.,1.));
#330 = DIRECTION('',(1.,0.,-0.));
#331 = DEFINITIONAL_REPRESENTATION('',(#332),#335);
#332 = B_SPLINE_CURVE_WITH_KNOTS('',1,(#333,#334),.UNSPECIFIED.,.F.,.F.,
  (2,2),(2.,82.),.PIECEWISE_BEZIER_KNOTS.);
#333 = CARTESIAN_POINT('',(0.,1.5));
#334 = CARTESIAN_POINT('',(80.,1.5));
#335 = ( GEOMETRIC_REPRESENTATION_CONTEXT(2) 
PARAMETRIC_REPRESENTATION_CONTEXT() REPRESENTATION_CONTEXT('2D SPACE',''
  ) );
#336 = ORIENTED_EDGE('',*,*,#337,.T.);
#337 = EDGE_CURVE('',#310,#338,#340,.T.);
#338 = VERTEX_POINT('',#339);
#339 = CARTESIAN_POINT('',(-40.,-8.5,-18.));
#340 = SURFACE_CURVE('',#341,(#345,#351),.PCURVE_S1.);
#341 = LINE('',#342,#343);
#342 = CARTESIAN_POINT('',(-40.,-8.5,-22.));
#343 = VECTOR('',#344,1.);
#344 = DIRECTION('',(-0.,0.,-1.));
#345 = PCURVE('',#102,#346);
#346 = DEFINITIONAL_REPRESENTATION('',(#347),#350);
#347 = B_SPLINE_CURVE_WITH_KNOTS('',1,(#348,#349),.UNSPECIFIED.,.F.,.F.,
  (2,2),(-12.,-4.),.PIECEWISE_BEZIER_KNOTS.);
#348 = CARTESIAN_POINT('',(16.,4.));
#349 = CARTESIAN_POINT('',(8.,4.));
#350 = ( GEOMETRIC_REPRESENTATION_CONTEXT(2) 
PARAMETRIC_REPRESENTATION_CONTEXT() REPRESENTATION_CONTEXT('2D SPACE',''
  ) );
#351 = PCURVE('',#352,#357);
#352 = PLANE('',#353);
#353 = AXIS2_PLACEMENT_3D('',#354,#355,#356);
#354 = CARTESIAN_POINT('',(-40.,-10.,-18.));
#355 = DIRECTION('',(1.,0.,-0.));
#356 = DIRECTION('',(0.,0.,1.));
#357 = DEFINITIONAL_REPRESENTATION('',(#358),#361);
#358 = B_SPLINE_CURVE_WITH_KNOTS('',1,(#359,#360),.UNSPECIFIED.,.F.,.F.,
  (2,2),(-12.,-4.),.PIECEWISE_BEZIER_KNOTS.);
#359 = CARTESIAN_POINT('',(8.,-1.5));
#360 = CARTESIAN_POINT('',(0.,-1.5));
#361 = ( GEOMETRIC_REPRESENTATION_CONTEXT(2) 
PARAMETRIC_REPRESENTATION_CONTEXT() REPRESENTATION_CONTEXT('2D SPACE',''
  ) );
#362 = ORIENTED_EDGE('',*,*,#363,.T.);
#363 = EDGE_CURVE('',#338,#364,#366,.T.);
#364 = VERTEX_POINT('',#365);
#365 = CARTESIAN_POINT('',(40.,-8.5,-18.));
#366 = SURFACE_CURVE('',#367,(#371,#377),.PCURVE_S1.);
#367 = LINE('',#368,#369);
#368 = CARTESIAN_POINT('',(-42.,-8.5,-18.));
#369 = VECTOR('',#370,1.);
#370 = DIRECTION('',(1.,0.,-0.));
#371 = PCURVE('',#102,#372);
#372 = DEFINITIONAL_REPRESENTATION('',(#373),#376);
#373 = B_SPLINE_CURVE_WITH_KNOTS('',1,(#374,#375),.UNSPECIFIED.,.F.,.F.,
  (2,2),(2.,82.),.PIECEWISE_BEZIER_KNOTS.);
#374 = CARTESIAN_POINT('',(8.,4.));
#375 = CARTESIAN_POINT('',(8.,84.));
#376 = ( GEOMETRIC_REPRESENTATION_CONTEXT(2) 
PARAMETRIC_REPRESENTATION_CONTEXT() REPRESENTATION_CONTEXT('2D SPACE',''
  ) );
#377 = PCURVE('',#378,#383);
#378 = PLANE('',#379);
#379 = AXIS2_PLACEMENT_3D('',#380,#381,#382);
#380 = CARTESIAN_POINT('',(-40.,-10.,-18.));
#381 = DIRECTION('',(0.,0.,1.));
#382 = DIRECTION('',(1.,0.,-0.));
#383 = DEFINITIONAL_REPRESENTATION('',(#384),#387);
#384 = B_SPLINE_CURVE_WITH_KNOTS('',1,(#385,#386),.UNSPECIFIED.,.F.,.F.,
  (2,2),(2.,82.),.PIECEWISE_BEZIER_KNOTS.);
#385 = CARTESIAN_POINT('',(0.,1.5));
#386 = CARTESIAN_POINT('',(80.,1.5));
#387 = ( GEOMETRIC_REPRESENTATION_CONTEXT(2) 
PARAMETRIC_REPRESENTATION_CONTEXT() REPRESENTATION_CONTEXT('2D SPACE',''
  ) );
#388 = ORIENTED_EDGE('',*,*,#389,.F.);
#389 = EDGE_CURVE('',#312,#364,#390,.T.);
#390 = SURFACE_CURVE('',#391,(#395,#401),.PCURVE_S1.);
#391 = LINE('',#392,#393);
#392 = CARTESIAN_POINT('',(40.,-8.5,-22.));
#393 = VECTOR('',#394,1.);
#394 = DIRECTION('',(-0.,0.,-1.));
#395 = PCURVE('',#102,#396);
#396 = DEFINITIONAL_REPRESENTATION('',(#397),#400);
#397 = B_SPLINE_CURVE_WITH_KNOTS('',1,(#398,#399),.UNSPECIFIED.,.F.,.F.,
  (2,2),(-12.,-4.),.PIECEWISE_BEZIER_KNOTS.);
#398 = CARTESIAN_POINT('',(16.,84.));
#399 = CARTESIAN_POINT('',(8.,84.));
#400 = ( GEOMETRIC_REPRESENTATION_CONTEXT(2) 
PARAMETRIC_REPRESENTATION_CONTEXT() REPRESENTATION_CONTEXT('2D SPACE',''
  ) );
#401 = PCURVE('',#402,#407);
#402 = PLANE('',#403);
#403 = AXIS2_PLACEMENT_3D('',#404,#405,#406);
#404 = CARTESIAN_POINT('',(40.,-10.,-18.));
#405 = DIRECTION('',(1.,0.,-0.));
#406 = DIRECTION('',(0.,0.,1.));
#407 = DEFINITIONAL_REPRESENTATION('',(#408),#411);
#408 = B_SPLINE_CURVE_WITH_KNOTS('',1,(#409,#410),.UNSPECIFIED.,.F.,.F.,
  (2,2),(-12.,-4.),.PIECEWISE_BEZIER_KNOTS.);
#409 = CARTESIAN_POINT('',(8.,-1.5));
#410 = CARTESIAN_POINT('',(0.,-1.5));
#411 = ( GEOMETRIC_REPRESENTATION_CONTEXT(2) 
PARAMETRIC_REPRESENTATION_CONTEXT() REPRESENTATION_CONTEXT('2D SPACE',''
  ) );
#412 = FACE_BOUND('',#413,.F.);
#413 = EDGE_LOOP('',(#414));
#414 = ORIENTED_EDGE('',*,*,#415,.T.);
#415 = EDGE_CURVE('',#416,#416,#418,.T.);
#416 = VERTEX_POINT('',#417);
#417 = CARTESIAN_POINT('',(31.8,-8.5,3.866112193441E-15));
#418 = SURFACE_CURVE('',#419,(#424,#435),.PCURVE_S1.);
#419 = CIRCLE('',#420,2.8);
#420 = AXIS2_PLACEMENT_3D('',#421,#422,#423);
#421 = CARTESIAN_POINT('',(29.,-8.5,4.551914400963E-15));
#422 = DIRECTION('',(0.,-1.,2.22044604925E-16));
#423 = DIRECTION('',(1.,0.,0.));
#424 = PCURVE('',#102,#425);
#425 = DEFINITIONAL_REPRESENTATION('',(#426),#434);
#426 = ( BOUNDED_CURVE() B_SPLINE_CURVE(2,(#427,#428,#429,#430,#431,#432
,#433),.UNSPECIFIED.,.T.,.F.) B_SPLINE_CURVE_WITH_KNOTS((1,2,2,2,2,1),(
    -2.094395102393,0.,2.094395102393,4.188790204786,6.28318530718,
8.377580409573),.UNSPECIFIED.) CURVE() GEOMETRIC_REPRESENTATION_ITEM() 
RATIONAL_B_SPLINE_CURVE((1.,0.5,1.,0.5,1.,0.5,1.)) REPRESENTATION_ITEM(
  '') );
#427 = CARTESIAN_POINT('',(26.,75.8));
#428 = CARTESIAN_POINT('',(30.849742261193,75.8));
#429 = CARTESIAN_POINT('',(28.424871130596,71.6));
#430 = CARTESIAN_POINT('',(26.,67.4));
#431 = CARTESIAN_POINT('',(23.575128869404,71.6));
#432 = CARTESIAN_POINT('',(21.150257738807,75.8));
#433 = CARTESIAN_POINT('',(26.,75.8));
#434 = ( GEOMETRIC_REPRESENTATION_CONTEXT(2) 
PARAMETRIC_REPRESENTATION_CONTEXT() REPRESENTATION_CONTEXT('2D SPACE',''
  ) );
#435 = PCURVE('',#436,#441);
#436 = CYLINDRICAL_SURFACE('',#437,2.8);
#437 = AXIS2_PLACEMENT_3D('',#438,#439,#440);
#438 = CARTESIAN_POINT('',(29.,12.,0.));
#439 = DIRECTION('',(0.,-1.,2.22044604925E-16));
#440 = DIRECTION('',(1.,0.,0.));
#441 = DEFINITIONAL_REPRESENTATION('',(#442),#446);
#442 = LINE('',#443,#444);
#443 = CARTESIAN_POINT('',(0.,20.5));
#444 = VECTOR('',#445,1.);
#445 = DIRECTION('',(1.,0.));
#446 = ( GEOMETRIC_REPRESENTATION_CONTEXT(2) 
PARAMETRIC_REPRESENTATION_CONTEXT() REPRESENTATION_CONTEXT('2D SPACE',''
  ) );
#447 = FACE_BOUND('',#448,.F.);
#448 = EDGE_LOOP('',(#449));
#449 = ORIENTED_EDGE('',*,*,#450,.T.);
#450 = EDGE_CURVE('',#451,#451,#453,.T.);
#451 = VERTEX_POINT('',#452);
#452 = CARTESIAN_POINT('',(2.8,-8.5,20.));
#453 = SURFACE_CURVE('',#454,(#459,#470),.PCURVE_S1.);
#454 = CIRCLE('',#455,2.8);
#455 = AXIS2_PLACEMENT_3D('',#456,#457,#458);
#456 = CARTESIAN_POINT('',(0.,-8.5,20.));
#457 = DIRECTION('',(0.,-1.,2.22044604925E-16));
#458 = DIRECTION('',(1.,0.,0.));
#459 = PCURVE('',#102,#460);
#460 = DEFINITIONAL_REPRESENTATION('',(#461),#469);
#461 = ( BOUNDED_CURVE() B_SPLINE_CURVE(2,(#462,#463,#464,#465,#466,#467
,#468),.UNSPECIFIED.,.T.,.F.) B_SPLINE_CURVE_WITH_KNOTS((1,2,2,2,2,1),(
    -2.094395102393,0.,2.094395102393,4.188790204786,6.28318530718,
8.377580409573),.UNSPECIFIED.) CURVE() GEOMETRIC_REPRESENTATION_ITEM() 
RATIONAL_B_SPLINE_CURVE((1.,0.5,1.,0.5,1.,0.5,1.)) REPRESENTATION_ITEM(
  '') );
#462 = CARTESIAN_POINT('',(46.,46.8));
#463 = CARTESIAN_POINT('',(50.849742261193,46.8));
#464 = CARTESIAN_POINT('',(48.424871130596,42.6));
#465 = CARTESIAN_POINT('',(46.,38.4));
#466 = CARTESIAN_POINT('',(43.575128869404,42.6));
#467 = CARTESIAN_POINT('',(41.150257738807,46.8));
#468 = CARTESIAN_POINT('',(46.,46.8));
#469 = ( GEOMETRIC_REPRESENTATION_CONTEXT(2) 
PARAMETRIC_REPRESENTATION_CONTEXT() REPRESENTATION_CONTEXT('2D SPACE',''
  ) );
#470 = PCURVE('',#471,#476);
#471 = CYLINDRICAL_SURFACE('',#472,2.8);
#472 = AXIS2_PLACEMENT_3D('',#473,#474,#475);
#473 = CARTESIAN_POINT('',(0.,21.5,20.));
#474 = DIRECTION('',(0.,-1.,2.22044604925E-16));
#475 = DIRECTION('',(1.,0.,0.));
#476 = DEFINITIONAL_REPRESENTATION('',(#477),#481);
#477 = LINE('',#478,#479);
#478 = CARTESIAN_POINT('',(0.,30.));
#479 = VECTOR('',#480,1.);
#480 = DIRECTION('',(1.,0.));
#481 = ( GEOMETRIC_REPRESENTATION_CONTEXT(2) 
PARAMETRIC_REPRESENTATION_CONTEXT() REPRESENTATION_CONTEXT('2D SPACE',''
  ) );
#482 = ADVANCED_FACE('',(#483),#184,.T.);
#483 = FACE_BOUND('',#484,.T.);
#484 = EDGE_LOOP('',(#485,#508,#509,#510,#533,#556,#584,#612,#640,#668,
    #696,#724,#752,#780,#808,#836,#864,#887,#915,#938));
#485 = ORIENTED_EDGE('',*,*,#486,.F.);
#486 = EDGE_CURVE('',#143,#487,#489,.T.);
#487 = VERTEX_POINT('',#488);
#488 = CARTESIAN_POINT('',(-14.,-4.5,28.));
#489 = SURFACE_CURVE('',#490,(#494,#501),.PCURVE_S1.);
#490 = LINE('',#491,#492);
#491 = CARTESIAN_POINT('',(-44.,-4.5,28.));
#492 = VECTOR('',#493,1.);
#493 = DIRECTION('',(1.,0.,-0.));
#494 = PCURVE('',#184,#495);
#495 = DEFINITIONAL_REPRESENTATION('',(#496),#500);
#496 = LINE('',#497,#498);
#497 = CARTESIAN_POINT('',(0.,4.));
#498 = VECTOR('',#499,1.);
#499 = DIRECTION('',(1.,0.));
#500 = ( GEOMETRIC_REPRESENTATION_CONTEXT(2) 
PARAMETRIC_REPRESENTATION_CONTEXT() REPRESENTATION_CONTEXT('2D SPACE',''
  ) );
#501 = PCURVE('',#158,#502);
#502 = DEFINITIONAL_REPRESENTATION('',(#503),#507);
#503 = LINE('',#504,#505);
#504 = CARTESIAN_POINT('',(54.,0.));
#505 = VECTOR('',#506,1.);
#506 = DIRECTION('',(0.,1.));
#507 = ( GEOMETRIC_REPRESENTATION_CONTEXT(2) 
PARAMETRIC_REPRESENTATION_CONTEXT() REPRESENTATION_CONTEXT('2D SPACE',''
  ) );
#508 = ORIENTED_EDGE('',*,*,#170,.F.);
#509 = ORIENTED_EDGE('',*,*,#223,.T.);
#510 = ORIENTED_EDGE('',*,*,#511,.T.);
#511 = EDGE_CURVE('',#224,#512,#514,.T.);
#512 = VERTEX_POINT('',#513);
#513 = CARTESIAN_POINT('',(44.,-4.5,28.));
#514 = SURFACE_CURVE('',#515,(#519,#526),.PCURVE_S1.);
#515 = LINE('',#516,#517);
#516 = CARTESIAN_POINT('',(44.,-8.5,28.));
#517 = VECTOR('',#518,1.);
#518 = DIRECTION('',(-0.,1.,0.));
#519 = PCURVE('',#184,#520);
#520 = DEFINITIONAL_REPRESENTATION('',(#521),#525);
#521 = LINE('',#522,#523);
#522 = CARTESIAN_POINT('',(88.,0.));
#523 = VECTOR('',#524,1.);
#524 = DIRECTION('',(0.,1.));
#525 = ( GEOMETRIC_REPRESENTATION_CONTEXT(2) 
PARAMETRIC_REPRESENTATION_CONTEXT() REPRESENTATION_CONTEXT('2D SPACE',''
  ) );
#526 = PCURVE('',#260,#527);
#527 = DEFINITIONAL_REPRESENTATION('',(#528),#532);
#528 = LINE('',#529,#530);
#529 = CARTESIAN_POINT('',(54.,0.));
#530 = VECTOR('',#531,1.);
#531 = DIRECTION('',(0.,-1.));
#532 = ( GEOMETRIC_REPRESENTATION_CONTEXT(2) 
PARAMETRIC_REPRESENTATION_CONTEXT() REPRESENTATION_CONTEXT('2D SPACE',''
  ) );
#533 = ORIENTED_EDGE('',*,*,#534,.F.);
#534 = EDGE_CURVE('',#535,#512,#537,.T.);
#535 = VERTEX_POINT('',#536);
#536 = CARTESIAN_POINT('',(14.,-4.5,28.));
#537 = SURFACE_CURVE('',#538,(#542,#549),.PCURVE_S1.);
#538 = LINE('',#539,#540);
#539 = CARTESIAN_POINT('',(-44.,-4.5,28.));
#540 = VECTOR('',#541,1.);
#541 = DIRECTION('',(1.,0.,-0.));
#542 = PCURVE('',#184,#543);
#543 = DEFINITIONAL_REPRESENTATION('',(#544),#548);
#544 = LINE('',#545,#546);
#545 = CARTESIAN_POINT('',(0.,4.));
#546 = VECTOR('',#547,1.);
#547 = DIRECTION('',(1.,0.));
#548 = ( GEOMETRIC_REPRESENTATION_CONTEXT(2) 
PARAMETRIC_REPRESENTATION_CONTEXT() REPRESENTATION_CONTEXT('2D SPACE',''
  ) );
#549 = PCURVE('',#158,#550);
#550 = DEFINITIONAL_REPRESENTATION('',(#551),#555);
#551 = LINE('',#552,#553);
#552 = CARTESIAN_POINT('',(54.,0.));
#553 = VECTOR('',#554,1.);
#554 = DIRECTION('',(0.,1.));
#555 = ( GEOMETRIC_REPRESENTATION_CONTEXT(2) 
PARAMETRIC_REPRESENTATION_CONTEXT() REPRESENTATION_CONTEXT('2D SPACE',''
  ) );
#556 = ORIENTED_EDGE('',*,*,#557,.T.);
#557 = EDGE_CURVE('',#535,#558,#560,.T.);
#558 = VERTEX_POINT('',#559);
#559 = CARTESIAN_POINT('',(14.,4.5,28.));
#560 = SURFACE_CURVE('',#561,(#565,#572),.PCURVE_S1.);
#561 = LINE('',#562,#563);
#562 = CARTESIAN_POINT('',(14.,-4.7,28.));
#563 = VECTOR('',#564,1.);
#564 = DIRECTION('',(-0.,1.,0.));
#565 = PCURVE('',#184,#566);
#566 = DEFINITIONAL_REPRESENTATION('',(#567),#571);
#567 = LINE('',#568,#569);
#568 = CARTESIAN_POINT('',(58.,3.8));
#569 = VECTOR('',#570,1.);
#570 = DIRECTION('',(0.,1.));
#571 = ( GEOMETRIC_REPRESENTATION_CONTEXT(2) 
PARAMETRIC_REPRESENTATION_CONTEXT() REPRESENTATION_CONTEXT('2D SPACE',''
  ) );
#572 = PCURVE('',#573,#578);
#573 = PLANE('',#574);
#574 = AXIS2_PLACEMENT_3D('',#575,#576,#577);
#575 = CARTESIAN_POINT('',(14.,-4.7,20.));
#576 = DIRECTION('',(1.,0.,-0.));
#577 = DIRECTION('',(0.,0.,1.));
#578 = DEFINITIONAL_REPRESENTATION('',(#579),#583);
#579 = LINE('',#580,#581);
#580 = CARTESIAN_POINT('',(8.,0.));
#581 = VECTOR('',#582,1.);
#582 = DIRECTION('',(0.,-1.));
#583 = ( GEOMETRIC_REPRESENTATION_CONTEXT(2) 
PARAMETRIC_REPRESENTATION_CONTEXT() REPRESENTATION_CONTEXT('2D SPACE',''
  ) );
#584 = ORIENTED_EDGE('',*,*,#585,.T.);
#585 = EDGE_CURVE('',#558,#586,#588,.T.);
#586 = VERTEX_POINT('',#587);
#587 = CARTESIAN_POINT('',(44.,4.5,28.));
#588 = SURFACE_CURVE('',#589,(#593,#600),.PCURVE_S1.);
#589 = LINE('',#590,#591);
#590 = CARTESIAN_POINT('',(-44.,4.5,28.));
#591 = VECTOR('',#592,1.);
#592 = DIRECTION('',(1.,0.,-0.));
#593 = PCURVE('',#184,#594);
#594 = DEFINITIONAL_REPRESENTATION('',(#595),#599);
#595 = LINE('',#596,#597);
#596 = CARTESIAN_POINT('',(0.,13.));
#597 = VECTOR('',#598,1.);
#598 = DIRECTION('',(1.,0.));
#599 = ( GEOMETRIC_REPRESENTATION_CONTEXT(2) 
PARAMETRIC_REPRESENTATION_CONTEXT() REPRESENTATION_CONTEXT('2D SPACE',''
  ) );
#600 = PCURVE('',#601,#606);
#601 = PLANE('',#602);
#602 = AXIS2_PLACEMENT_3D('',#603,#604,#605);
#603 = CARTESIAN_POINT('',(-44.,4.5,-26.));
#604 = DIRECTION('',(-0.,1.,0.));
#605 = DIRECTION('',(0.,0.,1.));
#606 = DEFINITIONAL_REPRESENTATION('',(#607),#611);
#607 = LINE('',#608,#609);
#608 = CARTESIAN_POINT('',(54.,0.));
#609 = VECTOR('',#610,1.);
#610 = DIRECTION('',(0.,1.));
#611 = ( GEOMETRIC_REPRESENTATION_CONTEXT(2) 
PARAMETRIC_REPRESENTATION_CONTEXT() REPRESENTATION_CONTEXT('2D SPACE',''
  ) );
#612 = ORIENTED_EDGE('',*,*,#613,.T.);
#613 = EDGE_CURVE('',#586,#614,#616,.T.);
#614 = VERTEX_POINT('',#615);
#615 = CARTESIAN_POINT('',(44.,8.5,28.));
#616 = SURFACE_CURVE('',#617,(#621,#628),.PCURVE_S1.);
#617 = LINE('',#618,#619);
#618 = CARTESIAN_POINT('',(44.,4.5,28.));
#619 = VECTOR('',#620,1.);
#620 = DIRECTION('',(-0.,1.,0.));
#621 = PCURVE('',#184,#622);
#622 = DEFINITIONAL_REPRESENTATION('',(#623),#627);
#623 = LINE('',#624,#625);
#624 = CARTESIAN_POINT('',(88.,13.));
#625 = VECTOR('',#626,1.);
#626 = DIRECTION('',(0.,1.));
#627 = ( GEOMETRIC_REPRESENTATION_CONTEXT(2) 
PARAMETRIC_REPRESENTATION_CONTEXT() REPRESENTATION_CONTEXT('2D SPACE',''
  ) );
#628 = PCURVE('',#629,#634);
#629 = PLANE('',#630);
#630 = AXIS2_PLACEMENT_3D('',#631,#632,#633);
#631 = CARTESIAN_POINT('',(44.,4.5,-26.));
#632 = DIRECTION('',(1.,0.,-0.));
#633 = DIRECTION('',(0.,0.,1.));
#634 = DEFINITIONAL_REPRESENTATION('',(#635),#639);
#635 = LINE('',#636,#637);
#636 = CARTESIAN_POINT('',(54.,0.));
#637 = VECTOR('',#638,1.);
#638 = DIRECTION('',(0.,-1.));
#639 = ( GEOMETRIC_REPRESENTATION_CONTEXT(2) 
PARAMETRIC_REPRESENTATION_CONTEXT() REPRESENTATION_CONTEXT('2D SPACE',''
  ) );
#640 = ORIENTED_EDGE('',*,*,#641,.F.);
#641 = EDGE_CURVE('',#642,#614,#644,.T.);
#642 = VERTEX_POINT('',#643);
#643 = CARTESIAN_POINT('',(8.,8.5,28.));
#644 = SURFACE_CURVE('',#645,(#649,#656),.PCURVE_S1.);
#645 = LINE('',#646,#647);
#646 = CARTESIAN_POINT('',(-44.,8.5,28.));
#647 = VECTOR('',#648,1.);
#648 = DIRECTION('',(1.,0.,-0.));
#649 = PCURVE('',#184,#650);
#650 = DEFINITIONAL_REPRESENTATION('',(#651),#655);
#651 = LINE('',#652,#653);
#652 = CARTESIAN_POINT('',(0.,17.));
#653 = VECTOR('',#654,1.);
#654 = DIRECTION('',(1.,0.));
#655 = ( GEOMETRIC_REPRESENTATION_CONTEXT(2) 
PARAMETRIC_REPRESENTATION_CONTEXT() REPRESENTATION_CONTEXT('2D SPACE',''
  ) );
#656 = PCURVE('',#657,#662);
#657 = PLANE('',#658);
#658 = AXIS2_PLACEMENT_3D('',#659,#660,#661);
#659 = CARTESIAN_POINT('',(-44.,8.5,-26.));
#660 = DIRECTION('',(-0.,1.,0.));
#661 = DIRECTION('',(0.,0.,1.));
#662 = DEFINITIONAL_REPRESENTATION('',(#663),#667);
#663 = LINE('',#664,#665);
#664 = CARTESIAN_POINT('',(54.,0.));
#665 = VECTOR('',#666,1.);
#666 = DIRECTION('',(0.,1.));
#667 = ( GEOMETRIC_REPRESENTATION_CONTEXT(2) 
PARAMETRIC_REPRESENTATION_CONTEXT() REPRESENTATION_CONTEXT('2D SPACE',''
  ) );
#668 = ORIENTED_EDGE('',*,*,#669,.T.);
#669 = EDGE_CURVE('',#642,#670,#672,.T.);
#670 = VERTEX_POINT('',#671);
#671 = CARTESIAN_POINT('',(8.,10.,28.));
#672 = SURFACE_CURVE('',#673,(#677,#684),.PCURVE_S1.);
#673 = LINE('',#674,#675);
#674 = CARTESIAN_POINT('',(8.,8.3,28.));
#675 = VECTOR('',#676,1.);
#676 = DIRECTION('',(-0.,1.,0.));
#677 = PCURVE('',#184,#678);
#678 = DEFINITIONAL_REPRESENTATION('',(#679),#683);
#679 = LINE('',#680,#681);
#680 = CARTESIAN_POINT('',(52.,16.8));
#681 = VECTOR('',#682,1.);
#682 = DIRECTION('',(0.,1.));
#683 = ( GEOMETRIC_REPRESENTATION_CONTEXT(2) 
PARAMETRIC_REPRESENTATION_CONTEXT() REPRESENTATION_CONTEXT('2D SPACE',''
  ) );
#684 = PCURVE('',#685,#690);
#685 = PLANE('',#686);
#686 = AXIS2_PLACEMENT_3D('',#687,#688,#689);
#687 = CARTESIAN_POINT('',(8.,8.3,12.));
#688 = DIRECTION('',(1.,0.,-0.));
#689 = DIRECTION('',(0.,0.,1.));
#690 = DEFINITIONAL_REPRESENTATION('',(#691),#695);
#691 = LINE('',#692,#693);
#692 = CARTESIAN_POINT('',(16.,0.));
#693 = VECTOR('',#694,1.);
#694 = DIRECTION('',(0.,-1.));
#695 = ( GEOMETRIC_REPRESENTATION_CONTEXT(2) 
PARAMETRIC_REPRESENTATION_CONTEXT() REPRESENTATION_CONTEXT('2D SPACE',''
  ) );
#696 = ORIENTED_EDGE('',*,*,#697,.F.);
#697 = EDGE_CURVE('',#698,#670,#700,.T.);
#698 = VERTEX_POINT('',#699);
#699 = CARTESIAN_POINT('',(-10.,10.,28.));
#700 = SURFACE_CURVE('',#701,(#705,#712),.PCURVE_S1.);
#701 = LINE('',#702,#703);
#702 = CARTESIAN_POINT('',(-16.,10.,28.));
#703 = VECTOR('',#704,1.);
#704 = DIRECTION('',(1.,0.,-0.));
#705 = PCURVE('',#184,#706);
#706 = DEFINITIONAL_REPRESENTATION('',(#707),#711);
#707 = LINE('',#708,#709);
#708 = CARTESIAN_POINT('',(28.,18.5));
#709 = VECTOR('',#710,1.);
#710 = DIRECTION('',(1.,0.));
#711 = ( GEOMETRIC_REPRESENTATION_CONTEXT(2) 
PARAMETRIC_REPRESENTATION_CONTEXT() REPRESENTATION_CONTEXT('2D SPACE',''
  ) );
#712 = PCURVE('',#713,#718);
#713 = PLANE('',#714);
#714 = AXIS2_PLACEMENT_3D('',#715,#716,#717);
#715 = CARTESIAN_POINT('',(-16.,10.,12.));
#716 = DIRECTION('',(-0.,1.,0.));
#717 = DIRECTION('',(0.,0.,1.));
#718 = DEFINITIONAL_REPRESENTATION('',(#719),#723);
#719 = LINE('',#720,#721);
#720 = CARTESIAN_POINT('',(16.,0.));
#721 = VECTOR('',#722,1.);
#722 = DIRECTION('',(0.,1.));
#723 = ( GEOMETRIC_REPRESENTATION_CONTEXT(2) 
PARAMETRIC_REPRESENTATION_CONTEXT() REPRESENTATION_CONTEXT('2D SPACE',''
  ) );
#724 = ORIENTED_EDGE('',*,*,#725,.T.);
#725 = EDGE_CURVE('',#698,#726,#728,.T.);
#726 = VERTEX_POINT('',#727);
#727 = CARTESIAN_POINT('',(-10.,15.,28.));
#728 = SURFACE_CURVE('',#729,(#733,#740),.PCURVE_S1.);
#729 = LINE('',#730,#731);
#730 = CARTESIAN_POINT('',(-10.,8.3,28.));
#731 = VECTOR('',#732,1.);
#732 = DIRECTION('',(-0.,1.,0.));
#733 = PCURVE('',#184,#734);
#734 = DEFINITIONAL_REPRESENTATION('',(#735),#739);
#735 = LINE('',#736,#737);
#736 = CARTESIAN_POINT('',(34.,16.8));
#737 = VECTOR('',#738,1.);
#738 = DIRECTION('',(0.,1.));
#739 = ( GEOMETRIC_REPRESENTATION_CONTEXT(2) 
PARAMETRIC_REPRESENTATION_CONTEXT() REPRESENTATION_CONTEXT('2D SPACE',''
  ) );
#740 = PCURVE('',#741,#746);
#741 = PLANE('',#742);
#742 = AXIS2_PLACEMENT_3D('',#743,#744,#745);
#743 = CARTESIAN_POINT('',(-10.,8.3,12.));
#744 = DIRECTION('',(1.,0.,-0.));
#745 = DIRECTION('',(0.,0.,1.));
#746 = DEFINITIONAL_REPRESENTATION('',(#747),#751);
#747 = LINE('',#748,#749);
#748 = CARTESIAN_POINT('',(16.,0.));
#749 = VECTOR('',#750,1.);
#750 = DIRECTION('',(0.,-1.));
#751 = ( GEOMETRIC_REPRESENTATION_CONTEXT(2) 
PARAMETRIC_REPRESENTATION_CONTEXT() REPRESENTATION_CONTEXT('2D SPACE',''
  ) );
#752 = ORIENTED_EDGE('',*,*,#753,.T.);
#753 = EDGE_CURVE('',#726,#754,#756,.T.);
#754 = VERTEX_POINT('',#755);
#755 = CARTESIAN_POINT('',(8.,15.,28.));
#756 = SURFACE_CURVE('',#757,(#761,#768),.PCURVE_S1.);
#757 = LINE('',#758,#759);
#758 = CARTESIAN_POINT('',(-16.,15.,28.));
#759 = VECTOR('',#760,1.);
#760 = DIRECTION('',(1.,0.,-0.));
#761 = PCURVE('',#184,#762);
#762 = DEFINITIONAL_REPRESENTATION('',(#763),#767);
#763 = LINE('',#764,#765);
#764 = CARTESIAN_POINT('',(28.,23.5));
#765 = VECTOR('',#766,1.);
#766 = DIRECTION('',(1.,0.));
#767 = ( GEOMETRIC_REPRESENTATION_CONTEXT(2) 
PARAMETRIC_REPRESENTATION_CONTEXT() REPRESENTATION_CONTEXT('2D SPACE',''
  ) );
#768 = PCURVE('',#769,#774);
#769 = PLANE('',#770);
#770 = AXIS2_PLACEMENT_3D('',#771,#772,#773);
#771 = CARTESIAN_POINT('',(-16.,15.,12.));
#772 = DIRECTION('',(-0.,1.,0.));
#773 = DIRECTION('',(0.,0.,1.));
#774 = DEFINITIONAL_REPRESENTATION('',(#775),#779);
#775 = LINE('',#776,#777);
#776 = CARTESIAN_POINT('',(16.,0.));
#777 = VECTOR('',#778,1.);
#778 = DIRECTION('',(0.,1.));
#779 = ( GEOMETRIC_REPRESENTATION_CONTEXT(2) 
PARAMETRIC_REPRESENTATION_CONTEXT() REPRESENTATION_CONTEXT('2D SPACE',''
  ) );
#780 = ORIENTED_EDGE('',*,*,#781,.T.);
#781 = EDGE_CURVE('',#754,#782,#784,.T.);
#782 = VERTEX_POINT('',#783);
#783 = CARTESIAN_POINT('',(8.,16.5,28.));
#784 = SURFACE_CURVE('',#785,(#789,#796),.PCURVE_S1.);
#785 = LINE('',#786,#787);
#786 = CARTESIAN_POINT('',(8.,15.,28.));
#787 = VECTOR('',#788,1.);
#788 = DIRECTION('',(-0.,1.,0.));
#789 = PCURVE('',#184,#790);
#790 = DEFINITIONAL_REPRESENTATION('',(#791),#795);
#791 = LINE('',#792,#793);
#792 = CARTESIAN_POINT('',(52.,23.5));
#793 = VECTOR('',#794,1.);
#794 = DIRECTION('',(0.,1.));
#795 = ( GEOMETRIC_REPRESENTATION_CONTEXT(2) 
PARAMETRIC_REPRESENTATION_CONTEXT() REPRESENTATION_CONTEXT('2D SPACE',''
  ) );
#796 = PCURVE('',#797,#802);
#797 = PLANE('',#798);
#798 = AXIS2_PLACEMENT_3D('',#799,#800,#801);
#799 = CARTESIAN_POINT('',(8.,15.,12.));
#800 = DIRECTION('',(1.,0.,-0.));
#801 = DIRECTION('',(0.,0.,1.));
#802 = DEFINITIONAL_REPRESENTATION('',(#803),#807);
#803 = LINE('',#804,#805);
#804 = CARTESIAN_POINT('',(16.,0.));
#805 = VECTOR('',#806,1.);
#806 = DIRECTION('',(0.,-1.));
#807 = ( GEOMETRIC_REPRESENTATION_CONTEXT(2) 
PARAMETRIC_REPRESENTATION_CONTEXT() REPRESENTATION_CONTEXT('2D SPACE',''
  ) );
#808 = ORIENTED_EDGE('',*,*,#809,.T.);
#809 = EDGE_CURVE('',#782,#810,#812,.T.);
#810 = VERTEX_POINT('',#811);
#811 = CARTESIAN_POINT('',(-16.,16.5,28.));
#812 = SURFACE_CURVE('',#813,(#817,#824),.PCURVE_S1.);
#813 = LINE('',#814,#815);
#814 = CARTESIAN_POINT('',(8.,16.5,28.));
#815 = VECTOR('',#816,1.);
#816 = DIRECTION('',(-1.,0.,0.));
#817 = PCURVE('',#184,#818);
#818 = DEFINITIONAL_REPRESENTATION('',(#819),#823);
#819 = LINE('',#820,#821);
#820 = CARTESIAN_POINT('',(52.,25.));
#821 = VECTOR('',#822,1.);
#822 = DIRECTION('',(-1.,0.));
#823 = ( GEOMETRIC_REPRESENTATION_CONTEXT(2) 
PARAMETRIC_REPRESENTATION_CONTEXT() REPRESENTATION_CONTEXT('2D SPACE',''
  ) );
#824 = PCURVE('',#825,#830);
#825 = PLANE('',#826);
#826 = AXIS2_PLACEMENT_3D('',#827,#828,#829);
#827 = CARTESIAN_POINT('',(-16.,16.5,12.));
#828 = DIRECTION('',(-0.,1.,0.));
#829 = DIRECTION('',(0.,0.,1.));
#830 = DEFINITIONAL_REPRESENTATION('',(#831),#835);
#831 = LINE('',#832,#833);
#832 = CARTESIAN_POINT('',(16.,24.));
#833 = VECTOR('',#834,1.);
#834 = DIRECTION('',(0.,-1.));
#835 = ( GEOMETRIC_REPRESENTATION_CONTEXT(2) 
PARAMETRIC_REPRESENTATION_CONTEXT() REPRESENTATION_CONTEXT('2D SPACE',''
  ) );
#836 = ORIENTED_EDGE('',*,*,#837,.T.);
#837 = EDGE_CURVE('',#810,#838,#840,.T.);
#838 = VERTEX_POINT('',#839);
#839 = CARTESIAN_POINT('',(-16.,8.5,28.));
#840 = SURFACE_CURVE('',#841,(#845,#852),.PCURVE_S1.);
#841 = LINE('',#842,#843);
#842 = CARTESIAN_POINT('',(-16.,16.5,28.));
#843 = VECTOR('',#844,1.);
#844 = DIRECTION('',(0.,-1.,0.));
#845 = PCURVE('',#184,#846);
#846 = DEFINITIONAL_REPRESENTATION('',(#847),#851);
#847 = LINE('',#848,#849);
#848 = CARTESIAN_POINT('',(28.,25.));
#849 = VECTOR('',#850,1.);
#850 = DIRECTION('',(0.,-1.));
#851 = ( GEOMETRIC_REPRESENTATION_CONTEXT(2) 
PARAMETRIC_REPRESENTATION_CONTEXT() REPRESENTATION_CONTEXT('2D SPACE',''
  ) );
#852 = PCURVE('',#853,#858);
#853 = PLANE('',#854);
#854 = AXIS2_PLACEMENT_3D('',#855,#856,#857);
#855 = CARTESIAN_POINT('',(-16.,8.3,12.));
#856 = DIRECTION('',(1.,0.,-0.));
#857 = DIRECTION('',(0.,0.,1.));
#858 = DEFINITIONAL_REPRESENTATION('',(#859),#863);
#859 = LINE('',#860,#861);
#860 = CARTESIAN_POINT('',(16.,-8.2));
#861 = VECTOR('',#862,1.);
#862 = DIRECTION('',(0.,1.));
#863 = ( GEOMETRIC_REPRESENTATION_CONTEXT(2) 
PARAMETRIC_REPRESENTATION_CONTEXT() REPRESENTATION_CONTEXT('2D SPACE',''
  ) );
#864 = ORIENTED_EDGE('',*,*,#865,.F.);
#865 = EDGE_CURVE('',#866,#838,#868,.T.);
#866 = VERTEX_POINT('',#867);
#867 = CARTESIAN_POINT('',(-44.,8.5,28.));
#868 = SURFACE_CURVE('',#869,(#873,#880),.PCURVE_S1.);
#869 = LINE('',#870,#871);
#870 = CARTESIAN_POINT('',(-44.,8.5,28.));
#871 = VECTOR('',#872,1.);
#872 = DIRECTION('',(1.,0.,-0.));
#873 = PCURVE('',#184,#874);
#874 = DEFINITIONAL_REPRESENTATION('',(#875),#879);
#875 = LINE('',#876,#877);
#876 = CARTESIAN_POINT('',(0.,17.));
#877 = VECTOR('',#878,1.);
#878 = DIRECTION('',(1.,0.));
#879 = ( GEOMETRIC_REPRESENTATION_CONTEXT(2) 
PARAMETRIC_REPRESENTATION_CONTEXT() REPRESENTATION_CONTEXT('2D SPACE',''
  ) );
#880 = PCURVE('',#657,#881);
#881 = DEFINITIONAL_REPRESENTATION('',(#882),#886);
#882 = LINE('',#883,#884);
#883 = CARTESIAN_POINT('',(54.,0.));
#884 = VECTOR('',#885,1.);
#885 = DIRECTION('',(0.,1.));
#886 = ( GEOMETRIC_REPRESENTATION_CONTEXT(2) 
PARAMETRIC_REPRESENTATION_CONTEXT() REPRESENTATION_CONTEXT('2D SPACE',''
  ) );
#887 = ORIENTED_EDGE('',*,*,#888,.F.);
#888 = EDGE_CURVE('',#889,#866,#891,.T.);
#889 = VERTEX_POINT('',#890);
#890 = CARTESIAN_POINT('',(-44.,4.5,28.));
#891 = SURFACE_CURVE('',#892,(#896,#903),.PCURVE_S1.);
#892 = LINE('',#893,#894);
#893 = CARTESIAN_POINT('',(-44.,4.5,28.));
#894 = VECTOR('',#895,1.);
#895 = DIRECTION('',(-0.,1.,0.));
#896 = PCURVE('',#184,#897);
#897 = DEFINITIONAL_REPRESENTATION('',(#898),#902);
#898 = LINE('',#899,#900);
#899 = CARTESIAN_POINT('',(0.,13.));
#900 = VECTOR('',#901,1.);
#901 = DIRECTION('',(0.,1.));
#902 = ( GEOMETRIC_REPRESENTATION_CONTEXT(2) 
PARAMETRIC_REPRESENTATION_CONTEXT() REPRESENTATION_CONTEXT('2D SPACE',''
  ) );
#903 = PCURVE('',#904,#909);
#904 = PLANE('',#905);
#905 = AXIS2_PLACEMENT_3D('',#906,#907,#908);
#906 = CARTESIAN_POINT('',(-44.,4.5,-26.));
#907 = DIRECTION('',(1.,0.,-0.));
#908 = DIRECTION('',(0.,0.,1.));
#909 = DEFINITIONAL_REPRESENTATION('',(#910),#914);
#910 = LINE('',#911,#912);
#911 = CARTESIAN_POINT('',(54.,0.));
#912 = VECTOR('',#913,1.);
#913 = DIRECTION('',(0.,-1.));
#914 = ( GEOMETRIC_REPRESENTATION_CONTEXT(2) 
PARAMETRIC_REPRESENTATION_CONTEXT() REPRESENTATION_CONTEXT('2D SPACE',''
  ) );
#915 = ORIENTED_EDGE('',*,*,#916,.T.);
#916 = EDGE_CURVE('',#889,#917,#919,.T.);
#917 = VERTEX_POINT('',#918);
#918 = CARTESIAN_POINT('',(-14.,4.5,28.));
#919 = SURFACE_CURVE('',#920,(#924,#931),.PCURVE_S1.);
#920 = LINE('',#921,#922);
#921 = CARTESIAN_POINT('',(-44.,4.5,28.));
#922 = VECTOR('',#923,1.);
#923 = DIRECTION('',(1.,0.,-0.));
#924 = PCURVE('',#184,#925);
#925 = DEFINITIONAL_REPRESENTATION('',(#926),#930);
#926 = LINE('',#927,#928);
#927 = CARTESIAN_POINT('',(0.,13.));
#928 = VECTOR('',#929,1.);
#929 = DIRECTION('',(1.,0.));
#930 = ( GEOMETRIC_REPRESENTATION_CONTEXT(2) 
PARAMETRIC_REPRESENTATION_CONTEXT() REPRESENTATION_CONTEXT('2D SPACE',''
  ) );
#931 = PCURVE('',#601,#932);
#932 = DEFINITIONAL_REPRESENTATION('',(#933),#937);
#933 = LINE('',#934,#935);
#934 = CARTESIAN_POINT('',(54.,0.));
#935 = VECTOR('',#936,1.);
#936 = DIRECTION('',(0.,1.));
#937 = ( GEOMETRIC_REPRESENTATION_CONTEXT(2) 
PARAMETRIC_REPRESENTATION_CONTEXT() REPRESENTATION_CONTEXT('2D SPACE',''
  ) );
#938 = ORIENTED_EDGE('',*,*,#939,.F.);
#939 = EDGE_CURVE('',#487,#917,#940,.T.);
#940 = SURFACE_CURVE('',#941,(#945,#952),.PCURVE_S1.);
#941 = LINE('',#942,#943);
#942 = CARTESIAN_POINT('',(-14.,-4.7,28.));
#943 = VECTOR('',#944,1.);
#944 = DIRECTION('',(-0.,1.,0.));
#945 = PCURVE('',#184,#946);
#946 = DEFINITIONAL_REPRESENTATION('',(#947),#951);
#947 = LINE('',#948,#949);
#948 = CARTESIAN_POINT('',(30.,3.8));
#949 = VECTOR('',#950,1.);
#950 = DIRECTION('',(0.,1.));
#951 = ( GEOMETRIC_REPRESENTATION_CONTEXT(2) 
PARAMETRIC_REPRESENTATION_CONTEXT() REPRESENTATION_CONTEXT('2D SPACE',''
  ) );
#952 = PCURVE('',#953,#958);
#953 = PLANE('',#954);
#954 = AXIS2_PLACEMENT_3D('',#955,#956,#957);
#955 = CARTESIAN_POINT('',(-14.,-4.7,20.));
#956 = DIRECTION('',(1.,0.,-0.));
#957 = DIRECTION('',(0.,0.,1.));
#958 = DEFINITIONAL_REPRESENTATION('',(#959),#963);
#959 = LINE('',#960,#961);
#960 = CARTESIAN_POINT('',(8.,0.));
#961 = VECTOR('',#962,1.);
#962 = DIRECTION('',(0.,-1.));
#963 = ( GEOMETRIC_REPRESENTATION_CONTEXT(2) 
PARAMETRIC_REPRESENTATION_CONTEXT() REPRESENTATION_CONTEXT('2D SPACE',''
  ) );
#964 = ADVANCED_FACE('',(#965,#1235,#1265,#1351),#158,.T.);
#965 = FACE_BOUND('',#966,.T.);
#966 = EDGE_LOOP('',(#967,#990,#991,#992,#1013,#1039,#1067,#1093,#1112,
    #1113,#1136,#1159,#1185,#1211));
#967 = ORIENTED_EDGE('',*,*,#968,.F.);
#968 = EDGE_CURVE('',#115,#969,#971,.T.);
#969 = VERTEX_POINT('',#970);
#970 = CARTESIAN_POINT('',(-14.,-4.5,-26.));
#971 = SURFACE_CURVE('',#972,(#976,#983),.PCURVE_S1.);
#972 = LINE('',#973,#974);
#973 = CARTESIAN_POINT('',(-44.,-4.5,-26.));
#974 = VECTOR('',#975,1.);
#975 = DIRECTION('',(1.,0.,-0.));
#976 = PCURVE('',#158,#977);
#977 = DEFINITIONAL_REPRESENTATION('',(#978),#982);
#978 = LINE('',#979,#980);
#979 = CARTESIAN_POINT('',(0.,0.));
#980 = VECTOR('',#981,1.);
#981 = DIRECTION('',(0.,1.));
#982 = ( GEOMETRIC_REPRESENTATION_CONTEXT(2) 
PARAMETRIC_REPRESENTATION_CONTEXT() REPRESENTATION_CONTEXT('2D SPACE',''
  ) );
#983 = PCURVE('',#130,#984);
#984 = DEFINITIONAL_REPRESENTATION('',(#985),#989);
#985 = LINE('',#986,#987);
#986 = CARTESIAN_POINT('',(0.,4.));
#987 = VECTOR('',#988,1.);
#988 = DIRECTION('',(1.,0.));
#989 = ( GEOMETRIC_REPRESENTATION_CONTEXT(2) 
PARAMETRIC_REPRESENTATION_CONTEXT() REPRESENTATION_CONTEXT('2D SPACE',''
  ) );
#990 = ORIENTED_EDGE('',*,*,#142,.T.);
#991 = ORIENTED_EDGE('',*,*,#486,.T.);
#992 = ORIENTED_EDGE('',*,*,#993,.T.);
#993 = EDGE_CURVE('',#487,#994,#996,.T.);
#994 = VERTEX_POINT('',#995);
#995 = CARTESIAN_POINT('',(-14.,-4.5,20.));
#996 = SURFACE_CURVE('',#997,(#1001,#1007),.PCURVE_S1.);
#997 = LINE('',#998,#999);
#998 = CARTESIAN_POINT('',(-14.,-4.5,-3.));
#999 = VECTOR('',#1000,1.);
#1000 = DIRECTION('',(-0.,0.,-1.));
#1001 = PCURVE('',#158,#1002);
#1002 = DEFINITIONAL_REPRESENTATION('',(#1003),#1006);
#1003 = B_SPLINE_CURVE_WITH_KNOTS('',1,(#1004,#1005),.UNSPECIFIED.,.F.,
  .F.,(2,2),(-31.,-23.),.PIECEWISE_BEZIER_KNOTS.);
#1004 = CARTESIAN_POINT('',(54.,30.));
#1005 = CARTESIAN_POINT('',(46.,30.));
#1006 = ( GEOMETRIC_REPRESENTATION_CONTEXT(2) 
PARAMETRIC_REPRESENTATION_CONTEXT() REPRESENTATION_CONTEXT('2D SPACE',''
  ) );
#1007 = PCURVE('',#953,#1008);
#1008 = DEFINITIONAL_REPRESENTATION('',(#1009),#1012);
#1009 = B_SPLINE_CURVE_WITH_KNOTS('',1,(#1010,#1011),.UNSPECIFIED.,.F.,
  .F.,(2,2),(-31.,-23.),.PIECEWISE_BEZIER_KNOTS.);
#1010 = CARTESIAN_POINT('',(8.,-0.2));
#1011 = CARTESIAN_POINT('',(0.,-0.2));
#1012 = ( GEOMETRIC_REPRESENTATION_CONTEXT(2) 
PARAMETRIC_REPRESENTATION_CONTEXT() REPRESENTATION_CONTEXT('2D SPACE',''
  ) );
#1013 = ORIENTED_EDGE('',*,*,#1014,.T.);
#1014 = EDGE_CURVE('',#994,#1015,#1017,.T.);
#1015 = VERTEX_POINT('',#1016);
#1016 = CARTESIAN_POINT('',(-2.8,-4.5,20.));
#1017 = SURFACE_CURVE('',#1018,(#1022,#1028),.PCURVE_S1.);
#1018 = LINE('',#1019,#1020);
#1019 = CARTESIAN_POINT('',(-29.,-4.5,20.));
#1020 = VECTOR('',#1021,1.);
#1021 = DIRECTION('',(1.,0.,-0.));
#1022 = PCURVE('',#158,#1023);
#1023 = DEFINITIONAL_REPRESENTATION('',(#1024),#1027);
#1024 = B_SPLINE_CURVE_WITH_KNOTS('',1,(#1025,#1026),.UNSPECIFIED.,.F.,
  .F.,(2,2),(15.,43.),.PIECEWISE_BEZIER_KNOTS.);
#1025 = CARTESIAN_POINT('',(46.,30.));
#1026 = CARTESIAN_POINT('',(46.,58.));
#1027 = ( GEOMETRIC_REPRESENTATION_CONTEXT(2) 
PARAMETRIC_REPRESENTATION_CONTEXT() REPRESENTATION_CONTEXT('2D SPACE',''
  ) );
#1028 = PCURVE('',#1029,#1034);
#1029 = PLANE('',#1030);
#1030 = AXIS2_PLACEMENT_3D('',#1031,#1032,#1033);
#1031 = CARTESIAN_POINT('',(-14.,-4.7,20.));
#1032 = DIRECTION('',(0.,0.,1.));
#1033 = DIRECTION('',(1.,0.,-0.));
#1034 = DEFINITIONAL_REPRESENTATION('',(#1035),#1038);
#1035 = B_SPLINE_CURVE_WITH_KNOTS('',1,(#1036,#1037),.UNSPECIFIED.,.F.,
  .F.,(2,2),(15.,43.),.PIECEWISE_BEZIER_KNOTS.);
#1036 = CARTESIAN_POINT('',(0.,0.2));
#1037 = CARTESIAN_POINT('',(28.,0.2));
#1038 = ( GEOMETRIC_REPRESENTATION_CONTEXT(2) 
PARAMETRIC_REPRESENTATION_CONTEXT() REPRESENTATION_CONTEXT('2D SPACE',''
  ) );
#1039 = ORIENTED_EDGE('',*,*,#1040,.T.);
#1040 = EDGE_CURVE('',#1015,#1041,#1043,.T.);
#1041 = VERTEX_POINT('',#1042);
#1042 = CARTESIAN_POINT('',(2.8,-4.5,20.));
#1043 = SURFACE_CURVE('',#1044,(#1049,#1060),.PCURVE_S1.);
#1044 = CIRCLE('',#1045,2.8);
#1045 = AXIS2_PLACEMENT_3D('',#1046,#1047,#1048);
#1046 = CARTESIAN_POINT('',(0.,-4.5,20.));
#1047 = DIRECTION('',(0.,-1.,2.22044604925E-16));
#1048 = DIRECTION('',(1.,0.,0.));
#1049 = PCURVE('',#158,#1050);
#1050 = DEFINITIONAL_REPRESENTATION('',(#1051),#1059);
#1051 = ( BOUNDED_CURVE() B_SPLINE_CURVE(2,(#1052,#1053,#1054,#1055,
#1056,#1057,#1058),.UNSPECIFIED.,.T.,.F.) B_SPLINE_CURVE_WITH_KNOTS((1,2
    ,2,2,2,1),(-2.094395102393,0.,2.094395102393,4.188790204786,
6.28318530718,8.377580409573),.UNSPECIFIED.) CURVE() 
GEOMETRIC_REPRESENTATION_ITEM() RATIONAL_B_SPLINE_CURVE((1.,0.5,1.,0.5,
1.,0.5,1.)) REPRESENTATION_ITEM('') );
#1052 = CARTESIAN_POINT('',(46.,46.8));
#1053 = CARTESIAN_POINT('',(50.849742261193,46.8));
#1054 = CARTESIAN_POINT('',(48.424871130596,42.6));
#1055 = CARTESIAN_POINT('',(46.,38.4));
#1056 = CARTESIAN_POINT('',(43.575128869404,42.6));
#1057 = CARTESIAN_POINT('',(41.150257738807,46.8));
#1058 = CARTESIAN_POINT('',(46.,46.8));
#1059 = ( GEOMETRIC_REPRESENTATION_CONTEXT(2) 
PARAMETRIC_REPRESENTATION_CONTEXT() REPRESENTATION_CONTEXT('2D SPACE',''
  ) );
#1060 = PCURVE('',#471,#1061);
#1061 = DEFINITIONAL_REPRESENTATION('',(#1062),#1066);
#1062 = LINE('',#1063,#1064);
#1063 = CARTESIAN_POINT('',(0.,26.));
#1064 = VECTOR('',#1065,1.);
#1065 = DIRECTION('',(1.,0.));
#1066 = ( GEOMETRIC_REPRESENTATION_CONTEXT(2) 
PARAMETRIC_REPRESENTATION_CONTEXT() REPRESENTATION_CONTEXT('2D SPACE',''
  ) );
#1067 = ORIENTED_EDGE('',*,*,#1068,.T.);
#1068 = EDGE_CURVE('',#1041,#1069,#1071,.T.);
#1069 = VERTEX_POINT('',#1070);
#1070 = CARTESIAN_POINT('',(14.,-4.5,20.));
#1071 = SURFACE_CURVE('',#1072,(#1076,#1082),.PCURVE_S1.);
#1072 = LINE('',#1073,#1074);
#1073 = CARTESIAN_POINT('',(-29.,-4.5,20.));
#1074 = VECTOR('',#1075,1.);
#1075 = DIRECTION('',(1.,0.,-0.));
#1076 = PCURVE('',#158,#1077);
#1077 = DEFINITIONAL_REPRESENTATION('',(#1078),#1081);
#1078 = B_SPLINE_CURVE_WITH_KNOTS('',1,(#1079,#1080),.UNSPECIFIED.,.F.,
  .F.,(2,2),(15.,43.),.PIECEWISE_BEZIER_KNOTS.);
#1079 = CARTESIAN_POINT('',(46.,30.));
#1080 = CARTESIAN_POINT('',(46.,58.));
#1081 = ( GEOMETRIC_REPRESENTATION_CONTEXT(2) 
PARAMETRIC_REPRESENTATION_CONTEXT() REPRESENTATION_CONTEXT('2D SPACE',''
  ) );
#1082 = PCURVE('',#1083,#1088);
#1083 = PLANE('',#1084);
#1084 = AXIS2_PLACEMENT_3D('',#1085,#1086,#1087);
#1085 = CARTESIAN_POINT('',(-14.,-4.7,20.));
#1086 = DIRECTION('',(0.,0.,1.));
#1087 = DIRECTION('',(1.,0.,-0.));
#1088 = DEFINITIONAL_REPRESENTATION('',(#1089),#1092);
#1089 = B_SPLINE_CURVE_WITH_KNOTS('',1,(#1090,#1091),.UNSPECIFIED.,.F.,
  .F.,(2,2),(15.,43.),.PIECEWISE_BEZIER_KNOTS.);
#1090 = CARTESIAN_POINT('',(0.,0.2));
#1091 = CARTESIAN_POINT('',(28.,0.2));
#1092 = ( GEOMETRIC_REPRESENTATION_CONTEXT(2) 
PARAMETRIC_REPRESENTATION_CONTEXT() REPRESENTATION_CONTEXT('2D SPACE',''
  ) );
#1093 = ORIENTED_EDGE('',*,*,#1094,.F.);
#1094 = EDGE_CURVE('',#535,#1069,#1095,.T.);
#1095 = SURFACE_CURVE('',#1096,(#1100,#1106),.PCURVE_S1.);
#1096 = LINE('',#1097,#1098);
#1097 = CARTESIAN_POINT('',(14.,-4.5,-3.));
#1098 = VECTOR('',#1099,1.);
#1099 = DIRECTION('',(-0.,0.,-1.));
#1100 = PCURVE('',#158,#1101);
#1101 = DEFINITIONAL_REPRESENTATION('',(#1102),#1105);
#1102 = B_SPLINE_CURVE_WITH_KNOTS('',1,(#1103,#1104),.UNSPECIFIED.,.F.,
  .F.,(2,2),(-31.,-23.),.PIECEWISE_BEZIER_KNOTS.);
#1103 = CARTESIAN_POINT('',(54.,58.));
#1104 = CARTESIAN_POINT('',(46.,58.));
#1105 = ( GEOMETRIC_REPRESENTATION_CONTEXT(2) 
PARAMETRIC_REPRESENTATION_CONTEXT() REPRESENTATION_CONTEXT('2D SPACE',''
  ) );
#1106 = PCURVE('',#573,#1107);
#1107 = DEFINITIONAL_REPRESENTATION('',(#1108),#1111);
#1108 = B_SPLINE_CURVE_WITH_KNOTS('',1,(#1109,#1110),.UNSPECIFIED.,.F.,
  .F.,(2,2),(-31.,-23.),.PIECEWISE_BEZIER_KNOTS.);
#1109 = CARTESIAN_POINT('',(8.,-0.2));
#1110 = CARTESIAN_POINT('',(0.,-0.2));
#1111 = ( GEOMETRIC_REPRESENTATION_CONTEXT(2) 
PARAMETRIC_REPRESENTATION_CONTEXT() REPRESENTATION_CONTEXT('2D SPACE',''
  ) );
#1112 = ORIENTED_EDGE('',*,*,#534,.T.);
#1113 = ORIENTED_EDGE('',*,*,#1114,.F.);
#1114 = EDGE_CURVE('',#1115,#512,#1117,.T.);
#1115 = VERTEX_POINT('',#1116);
#1116 = CARTESIAN_POINT('',(44.,-4.5,-26.));
#1117 = SURFACE_CURVE('',#1118,(#1122,#1129),.PCURVE_S1.);
#1118 = LINE('',#1119,#1120);
#1119 = CARTESIAN_POINT('',(44.,-4.5,-26.));
#1120 = VECTOR('',#1121,1.);
#1121 = DIRECTION('',(0.,0.,1.));
#1122 = PCURVE('',#158,#1123);
#1123 = DEFINITIONAL_REPRESENTATION('',(#1124),#1128);
#1124 = LINE('',#1125,#1126);
#1125 = CARTESIAN_POINT('',(0.,88.));
#1126 = VECTOR('',#1127,1.);
#1127 = DIRECTION('',(1.,0.));
#1128 = ( GEOMETRIC_REPRESENTATION_CONTEXT(2) 
PARAMETRIC_REPRESENTATION_CONTEXT() REPRESENTATION_CONTEXT('2D SPACE',''
  ) );
#1129 = PCURVE('',#260,#1130);
#1130 = DEFINITIONAL_REPRESENTATION('',(#1131),#1135);
#1131 = LINE('',#1132,#1133);
#1132 = CARTESIAN_POINT('',(0.,-4.));
#1133 = VECTOR('',#1134,1.);
#1134 = DIRECTION('',(1.,0.));
#1135 = ( GEOMETRIC_REPRESENTATION_CONTEXT(2) 
PARAMETRIC_REPRESENTATION_CONTEXT() REPRESENTATION_CONTEXT('2D SPACE',''
  ) );
#1136 = ORIENTED_EDGE('',*,*,#1137,.F.);
#1137 = EDGE_CURVE('',#1138,#1115,#1140,.T.);
#1138 = VERTEX_POINT('',#1139);
#1139 = CARTESIAN_POINT('',(14.,-4.5,-26.));
#1140 = SURFACE_CURVE('',#1141,(#1145,#1152),.PCURVE_S1.);
#1141 = LINE('',#1142,#1143);
#1142 = CARTESIAN_POINT('',(-44.,-4.5,-26.));
#1143 = VECTOR('',#1144,1.);
#1144 = DIRECTION('',(1.,0.,-0.));
#1145 = PCURVE('',#158,#1146);
#1146 = DEFINITIONAL_REPRESENTATION('',(#1147),#1151);
#1147 = LINE('',#1148,#1149);
#1148 = CARTESIAN_POINT('',(0.,0.));
#1149 = VECTOR('',#1150,1.);
#1150 = DIRECTION('',(0.,1.));
#1151 = ( GEOMETRIC_REPRESENTATION_CONTEXT(2) 
PARAMETRIC_REPRESENTATION_CONTEXT() REPRESENTATION_CONTEXT('2D SPACE',''
  ) );
#1152 = PCURVE('',#130,#1153);
#1153 = DEFINITIONAL_REPRESENTATION('',(#1154),#1158);
#1154 = LINE('',#1155,#1156);
#1155 = CARTESIAN_POINT('',(0.,4.));
#1156 = VECTOR('',#1157,1.);
#1157 = DIRECTION('',(1.,0.));
#1158 = ( GEOMETRIC_REPRESENTATION_CONTEXT(2) 
PARAMETRIC_REPRESENTATION_CONTEXT() REPRESENTATION_CONTEXT('2D SPACE',''
  ) );
#1159 = ORIENTED_EDGE('',*,*,#1160,.F.);
#1160 = EDGE_CURVE('',#1161,#1138,#1163,.T.);
#1161 = VERTEX_POINT('',#1162);
#1162 = CARTESIAN_POINT('',(14.,-4.5,-20.));
#1163 = SURFACE_CURVE('',#1164,(#1168,#1174),.PCURVE_S1.);
#1164 = LINE('',#1165,#1166);
#1165 = CARTESIAN_POINT('',(14.,-4.5,-26.));
#1166 = VECTOR('',#1167,1.);
#1167 = DIRECTION('',(-0.,0.,-1.));
#1168 = PCURVE('',#158,#1169);
#1169 = DEFINITIONAL_REPRESENTATION('',(#1170),#1173);
#1170 = B_SPLINE_CURVE_WITH_KNOTS('',1,(#1171,#1172),.UNSPECIFIED.,.F.,
  .F.,(2,2),(-6.,0.),.PIECEWISE_BEZIER_KNOTS.);
#1171 = CARTESIAN_POINT('',(6.,58.));
#1172 = CARTESIAN_POINT('',(0.,58.));
#1173 = ( GEOMETRIC_REPRESENTATION_CONTEXT(2) 
PARAMETRIC_REPRESENTATION_CONTEXT() REPRESENTATION_CONTEXT('2D SPACE',''
  ) );
#1174 = PCURVE('',#1175,#1180);
#1175 = PLANE('',#1176);
#1176 = AXIS2_PLACEMENT_3D('',#1177,#1178,#1179);
#1177 = CARTESIAN_POINT('',(14.,-4.7,-26.));
#1178 = DIRECTION('',(1.,0.,-0.));
#1179 = DIRECTION('',(0.,0.,1.));
#1180 = DEFINITIONAL_REPRESENTATION('',(#1181),#1184);
#1181 = B_SPLINE_CURVE_WITH_KNOTS('',1,(#1182,#1183),.UNSPECIFIED.,.F.,
  .F.,(2,2),(-6.,0.),.PIECEWISE_BEZIER_KNOTS.);
#1182 = CARTESIAN_POINT('',(6.,-0.2));
#1183 = CARTESIAN_POINT('',(0.,-0.2));
#1184 = ( GEOMETRIC_REPRESENTATION_CONTEXT(2) 
PARAMETRIC_REPRESENTATION_CONTEXT() REPRESENTATION_CONTEXT('2D SPACE',''
  ) );
#1185 = ORIENTED_EDGE('',*,*,#1186,.F.);
#1186 = EDGE_CURVE('',#1187,#1161,#1189,.T.);
#1187 = VERTEX_POINT('',#1188);
#1188 = CARTESIAN_POINT('',(-14.,-4.5,-20.));
#1189 = SURFACE_CURVE('',#1190,(#1194,#1200),.PCURVE_S1.);
#1190 = LINE('',#1191,#1192);
#1191 = CARTESIAN_POINT('',(-29.,-4.5,-20.));
#1192 = VECTOR('',#1193,1.);
#1193 = DIRECTION('',(1.,0.,-0.));
#1194 = PCURVE('',#158,#1195);
#1195 = DEFINITIONAL_REPRESENTATION('',(#1196),#1199);
#1196 = B_SPLINE_CURVE_WITH_KNOTS('',1,(#1197,#1198),.UNSPECIFIED.,.F.,
  .F.,(2,2),(15.,43.),.PIECEWISE_BEZIER_KNOTS.);
#1197 = CARTESIAN_POINT('',(6.,30.));
#1198 = CARTESIAN_POINT('',(6.,58.));
#1199 = ( GEOMETRIC_REPRESENTATION_CONTEXT(2) 
PARAMETRIC_REPRESENTATION_CONTEXT() REPRESENTATION_CONTEXT('2D SPACE',''
  ) );
#1200 = PCURVE('',#1201,#1206);
#1201 = PLANE('',#1202);
#1202 = AXIS2_PLACEMENT_3D('',#1203,#1204,#1205);
#1203 = CARTESIAN_POINT('',(-14.,-4.7,-20.));
#1204 = DIRECTION('',(0.,0.,1.));
#1205 = DIRECTION('',(1.,0.,-0.));
#1206 = DEFINITIONAL_REPRESENTATION('',(#1207),#1210);
#1207 = B_SPLINE_CURVE_WITH_KNOTS('',1,(#1208,#1209),.UNSPECIFIED.,.F.,
  .F.,(2,2),(15.,43.),.PIECEWISE_BEZIER_KNOTS.);
#1208 = CARTESIAN_POINT('',(0.,0.2));
#1209 = CARTESIAN_POINT('',(28.,0.2));
#1210 = ( GEOMETRIC_REPRESENTATION_CONTEXT(2) 
PARAMETRIC_REPRESENTATION_CONTEXT() REPRESENTATION_CONTEXT('2D SPACE',''
  ) );
#1211 = ORIENTED_EDGE('',*,*,#1212,.T.);
#1212 = EDGE_CURVE('',#1187,#969,#1213,.T.);
#1213 = SURFACE_CURVE('',#1214,(#1218,#1224),.PCURVE_S1.);
#1214 = LINE('',#1215,#1216);
#1215 = CARTESIAN_POINT('',(-14.,-4.5,-26.));
#1216 = VECTOR('',#1217,1.);
#1217 = DIRECTION('',(-0.,0.,-1.));
#1218 = PCURVE('',#158,#1219);
#1219 = DEFINITIONAL_REPRESENTATION('',(#1220),#1223);
#1220 = B_SPLINE_CURVE_WITH_KNOTS('',1,(#1221,#1222),.UNSPECIFIED.,.F.,
  .F.,(2,2),(-6.,0.),.PIECEWISE_BEZIER_KNOTS.);
#1221 = CARTESIAN_POINT('',(6.,30.));
#1222 = CARTESIAN_POINT('',(0.,30.));
#1223 = ( GEOMETRIC_REPRESENTATION_CONTEXT(2) 
PARAMETRIC_REPRESENTATION_CONTEXT() REPRESENTATION_CONTEXT('2D SPACE',''
  ) );
#1224 = PCURVE('',#1225,#1230);
#1225 = PLANE('',#1226);
#1226 = AXIS2_PLACEMENT_3D('',#1227,#1228,#1229);
#1227 = CARTESIAN_POINT('',(-14.,-4.7,-26.));
#1228 = DIRECTION('',(1.,0.,-0.));
#1229 = DIRECTION('',(0.,0.,1.));
#1230 = DEFINITIONAL_REPRESENTATION('',(#1231),#1234);
#1231 = B_SPLINE_CURVE_WITH_KNOTS('',1,(#1232,#1233),.UNSPECIFIED.,.F.,
  .F.,(2,2),(-6.,0.),.PIECEWISE_BEZIER_KNOTS.);
#1232 = CARTESIAN_POINT('',(6.,-0.2));
#1233 = CARTESIAN_POINT('',(0.,-0.2));
#1234 = ( GEOMETRIC_REPRESENTATION_CONTEXT(2) 
PARAMETRIC_REPRESENTATION_CONTEXT() REPRESENTATION_CONTEXT('2D SPACE',''
  ) );
#1235 = FACE_BOUND('',#1236,.T.);
#1236 = EDGE_LOOP('',(#1237));
#1237 = ORIENTED_EDGE('',*,*,#1238,.T.);
#1238 = EDGE_CURVE('',#1239,#1239,#1241,.T.);
#1239 = VERTEX_POINT('',#1240);
#1240 = CARTESIAN_POINT('',(-26.2,-4.5,2.97793377374E-15));
#1241 = SURFACE_CURVE('',#1242,(#1247,#1258),.PCURVE_S1.);
#1242 = CIRCLE('',#1243,2.8);
#1243 = AXIS2_PLACEMENT_3D('',#1244,#1245,#1246);
#1244 = CARTESIAN_POINT('',(-29.,-4.5,3.663735981263E-15));
#1245 = DIRECTION('',(0.,-1.,2.22044604925E-16));
#1246 = DIRECTION('',(1.,0.,0.));
#1247 = PCURVE('',#158,#1248);
#1248 = DEFINITIONAL_REPRESENTATION('',(#1249),#1257);
#1249 = ( BOUNDED_CURVE() B_SPLINE_CURVE(2,(#1250,#1251,#1252,#1253,
#1254,#1255,#1256),.UNSPECIFIED.,.T.,.F.) B_SPLINE_CURVE_WITH_KNOTS((1,2
    ,2,2,2,1),(-2.094395102393,0.,2.094395102393,4.188790204786,
6.28318530718,8.377580409573),.UNSPECIFIED.) CURVE() 
GEOMETRIC_REPRESENTATION_ITEM() RATIONAL_B_SPLINE_CURVE((1.,0.5,1.,0.5,
1.,0.5,1.)) REPRESENTATION_ITEM('') );
#1250 = CARTESIAN_POINT('',(26.,17.8));
#1251 = CARTESIAN_POINT('',(30.849742261193,17.8));
#1252 = CARTESIAN_POINT('',(28.424871130596,13.6));
#1253 = CARTESIAN_POINT('',(26.,9.4));
#1254 = CARTESIAN_POINT('',(23.575128869404,13.6));
#1255 = CARTESIAN_POINT('',(21.150257738807,17.8));
#1256 = CARTESIAN_POINT('',(26.,17.8));
#1257 = ( GEOMETRIC_REPRESENTATION_CONTEXT(2) 
PARAMETRIC_REPRESENTATION_CONTEXT() REPRESENTATION_CONTEXT('2D SPACE',''
  ) );
#1258 = PCURVE('',#295,#1259);
#1259 = DEFINITIONAL_REPRESENTATION('',(#1260),#1264);
#1260 = LINE('',#1261,#1262);
#1261 = CARTESIAN_POINT('',(0.,16.5));
#1262 = VECTOR('',#1263,1.);
#1263 = DIRECTION('',(1.,0.));
#1264 = ( GEOMETRIC_REPRESENTATION_CONTEXT(2) 
PARAMETRIC_REPRESENTATION_CONTEXT() REPRESENTATION_CONTEXT('2D SPACE',''
  ) );
#1265 = FACE_BOUND('',#1266,.T.);
#1266 = EDGE_LOOP('',(#1267,#1290,#1311,#1332));
#1267 = ORIENTED_EDGE('',*,*,#1268,.F.);
#1268 = EDGE_CURVE('',#1269,#1271,#1273,.T.);
#1269 = VERTEX_POINT('',#1270);
#1270 = CARTESIAN_POINT('',(-40.,-4.5,-10.));
#1271 = VERTEX_POINT('',#1272);
#1272 = CARTESIAN_POINT('',(40.,-4.5,-10.));
#1273 = SURFACE_CURVE('',#1274,(#1278,#1284),.PCURVE_S1.);
#1274 = LINE('',#1275,#1276);
#1275 = CARTESIAN_POINT('',(-42.,-4.5,-10.));
#1276 = VECTOR('',#1277,1.);
#1277 = DIRECTION('',(1.,0.,-0.));
#1278 = PCURVE('',#158,#1279);
#1279 = DEFINITIONAL_REPRESENTATION('',(#1280),#1283);
#1280 = B_SPLINE_CURVE_WITH_KNOTS('',1,(#1281,#1282),.UNSPECIFIED.,.F.,
  .F.,(2,2),(2.,82.),.PIECEWISE_BEZIER_KNOTS.);
#1281 = CARTESIAN_POINT('',(16.,4.));
#1282 = CARTESIAN_POINT('',(16.,84.));
#1283 = ( GEOMETRIC_REPRESENTATION_CONTEXT(2) 
PARAMETRIC_REPRESENTATION_CONTEXT() REPRESENTATION_CONTEXT('2D SPACE',''
  ) );
#1284 = PCURVE('',#326,#1285);
#1285 = DEFINITIONAL_REPRESENTATION('',(#1286),#1289);
#1286 = B_SPLINE_CURVE_WITH_KNOTS('',1,(#1287,#1288),.UNSPECIFIED.,.F.,
  .F.,(2,2),(2.,82.),.PIECEWISE_BEZIER_KNOTS.);
#1287 = CARTESIAN_POINT('',(0.,5.5));
#1288 = CARTESIAN_POINT('',(80.,5.5));
#1289 = ( GEOMETRIC_REPRESENTATION_CONTEXT(2) 
PARAMETRIC_REPRESENTATION_CONTEXT() REPRESENTATION_CONTEXT('2D SPACE',''
  ) );
#1290 = ORIENTED_EDGE('',*,*,#1291,.T.);
#1291 = EDGE_CURVE('',#1269,#1292,#1294,.T.);
#1292 = VERTEX_POINT('',#1293);
#1293 = CARTESIAN_POINT('',(-40.,-4.5,-18.));
#1294 = SURFACE_CURVE('',#1295,(#1299,#1305),.PCURVE_S1.);
#1295 = LINE('',#1296,#1297);
#1296 = CARTESIAN_POINT('',(-40.,-4.5,-22.));
#1297 = VECTOR('',#1298,1.);
#1298 = DIRECTION('',(-0.,0.,-1.));
#1299 = PCURVE('',#158,#1300);
#1300 = DEFINITIONAL_REPRESENTATION('',(#1301),#1304);
#1301 = B_SPLINE_CURVE_WITH_KNOTS('',1,(#1302,#1303),.UNSPECIFIED.,.F.,
  .F.,(2,2),(-12.,-4.),.PIECEWISE_BEZIER_KNOTS.);
#1302 = CARTESIAN_POINT('',(16.,4.));
#1303 = CARTESIAN_POINT('',(8.,4.));
#1304 = ( GEOMETRIC_REPRESENTATION_CONTEXT(2) 
PARAMETRIC_REPRESENTATION_CONTEXT() REPRESENTATION_CONTEXT('2D SPACE',''
  ) );
#1305 = PCURVE('',#352,#1306);
#1306 = DEFINITIONAL_REPRESENTATION('',(#1307),#1310);
#1307 = B_SPLINE_CURVE_WITH_KNOTS('',1,(#1308,#1309),.UNSPECIFIED.,.F.,
  .F.,(2,2),(-12.,-4.),.PIECEWISE_BEZIER_KNOTS.);
#1308 = CARTESIAN_POINT('',(8.,-5.5));
#1309 = CARTESIAN_POINT('',(0.,-5.5));
#1310 = ( GEOMETRIC_REPRESENTATION_CONTEXT(2) 
PARAMETRIC_REPRESENTATION_CONTEXT() REPRESENTATION_CONTEXT('2D SPACE',''
  ) );
#1311 = ORIENTED_EDGE('',*,*,#1312,.T.);
#1312 = EDGE_CURVE('',#1292,#1313,#1315,.T.);
#1313 = VERTEX_POINT('',#1314);
#1314 = CARTESIAN_POINT('',(40.,-4.5,-18.));
#1315 = SURFACE_CURVE('',#1316,(#1320,#1326),.PCURVE_S1.);
#1316 = LINE('',#1317,#1318);
#1317 = CARTESIAN_POINT('',(-42.,-4.5,-18.));
#1318 = VECTOR('',#1319,1.);
#1319 = DIRECTION('',(1.,0.,-0.));
#1320 = PCURVE('',#158,#1321);
#1321 = DEFINITIONAL_REPRESENTATION('',(#1322),#1325);
#1322 = B_SPLINE_CURVE_WITH_KNOTS('',1,(#1323,#1324),.UNSPECIFIED.,.F.,
  .F.,(2,2),(2.,82.),.PIECEWISE_BEZIER_KNOTS.);
#1323 = CARTESIAN_POINT('',(8.,4.));
#1324 = CARTESIAN_POINT('',(8.,84.));
#1325 = ( GEOMETRIC_REPRESENTATION_CONTEXT(2) 
PARAMETRIC_REPRESENTATION_CONTEXT() REPRESENTATION_CONTEXT('2D SPACE',''
  ) );
#1326 = PCURVE('',#378,#1327);
#1327 = DEFINITIONAL_REPRESENTATION('',(#1328),#1331);
#1328 = B_SPLINE_CURVE_WITH_KNOTS('',1,(#1329,#1330),.UNSPECIFIED.,.F.,
  .F.,(2,2),(2.,82.),.PIECEWISE_BEZIER_KNOTS.);
#1329 = CARTESIAN_POINT('',(0.,5.5));
#1330 = CARTESIAN_POINT('',(80.,5.5));
#1331 = ( GEOMETRIC_REPRESENTATION_CONTEXT(2) 
PARAMETRIC_REPRESENTATION_CONTEXT() REPRESENTATION_CONTEXT('2D SPACE',''
  ) );
#1332 = ORIENTED_EDGE('',*,*,#1333,.F.);
#1333 = EDGE_CURVE('',#1271,#1313,#1334,.T.);
#1334 = SURFACE_CURVE('',#1335,(#1339,#1345),.PCURVE_S1.);
#1335 = LINE('',#1336,#1337);
#1336 = CARTESIAN_POINT('',(40.,-4.5,-22.));
#1337 = VECTOR('',#1338,1.);
#1338 = DIRECTION('',(-0.,0.,-1.));
#1339 = PCURVE('',#158,#1340);
#1340 = DEFINITIONAL_REPRESENTATION('',(#1341),#1344);
#1341 = B_SPLINE_CURVE_WITH_KNOTS('',1,(#1342,#1343),.UNSPECIFIED.,.F.,
  .F.,(2,2),(-12.,-4.),.PIECEWISE_BEZIER_KNOTS.);
#1342 = CARTESIAN_POINT('',(16.,84.));
#1343 = CARTESIAN_POINT('',(8.,84.));
#1344 = ( GEOMETRIC_REPRESENTATION_CONTEXT(2) 
PARAMETRIC_REPRESENTATION_CONTEXT() REPRESENTATION_CONTEXT('2D SPACE',''
  ) );
#1345 = PCURVE('',#402,#1346);
#1346 = DEFINITIONAL_REPRESENTATION('',(#1347),#1350);
#1347 = B_SPLINE_CURVE_WITH_KNOTS('',1,(#1348,#1349),.UNSPECIFIED.,.F.,
  .F.,(2,2),(-12.,-4.),.PIECEWISE_BEZIER_KNOTS.);
#1348 = CARTESIAN_POINT('',(8.,-5.5));
#1349 = CARTESIAN_POINT('',(0.,-5.5));
#1350 = ( GEOMETRIC_REPRESENTATION_CONTEXT(2) 
PARAMETRIC_REPRESENTATION_CONTEXT() REPRESENTATION_CONTEXT('2D SPACE',''
  ) );
#1351 = FACE_BOUND('',#1352,.T.);
#1352 = EDGE_LOOP('',(#1353));
#1353 = ORIENTED_EDGE('',*,*,#1354,.T.);
#1354 = EDGE_CURVE('',#1355,#1355,#1357,.T.);
#1355 = VERTEX_POINT('',#1356);
#1356 = CARTESIAN_POINT('',(31.8,-4.5,2.97793377374E-15));
#1357 = SURFACE_CURVE('',#1358,(#1363,#1374),.PCURVE_S1.);
#1358 = CIRCLE('',#1359,2.8);
#1359 = AXIS2_PLACEMENT_3D('',#1360,#1361,#1362);
#1360 = CARTESIAN_POINT('',(29.,-4.5,3.663735981263E-15));
#1361 = DIRECTION('',(0.,-1.,2.22044604925E-16));
#1362 = DIRECTION('',(1.,0.,0.));
#1363 = PCURVE('',#158,#1364);
#1364 = DEFINITIONAL_REPRESENTATION('',(#1365),#1373);
#1365 = ( BOUNDED_CURVE() B_SPLINE_CURVE(2,(#1366,#1367,#1368,#1369,
#1370,#1371,#1372),.UNSPECIFIED.,.T.,.F.) B_SPLINE_CURVE_WITH_KNOTS((1,2
    ,2,2,2,1),(-2.094395102393,0.,2.094395102393,4.188790204786,
6.28318530718,8.377580409573),.UNSPECIFIED.) CURVE() 
GEOMETRIC_REPRESENTATION_ITEM() RATIONAL_B_SPLINE_CURVE((1.,0.5,1.,0.5,
1.,0.5,1.)) REPRESENTATION_ITEM('') );
#1366 = CARTESIAN_POINT('',(26.,75.8));
#1367 = CARTESIAN_POINT('',(30.849742261193,75.8));
#1368 = CARTESIAN_POINT('',(28.424871130596,71.6));
#1369 = CARTESIAN_POINT('',(26.,67.4));
#1370 = CARTESIAN_POINT('',(23.575128869404,71.6));
#1371 = CARTESIAN_POINT('',(21.150257738807,75.8));
#1372 = CARTESIAN_POINT('',(26.,75.8));
#1373 = ( GEOMETRIC_REPRESENTATION_CONTEXT(2) 
PARAMETRIC_REPRESENTATION_CONTEXT() REPRESENTATION_CONTEXT('2D SPACE',''
  ) );
#1374 = PCURVE('',#436,#1375);
#1375 = DEFINITIONAL_REPRESENTATION('',(#1376),#1380);
#1376 = LINE('',#1377,#1378);
#1377 = CARTESIAN_POINT('',(0.,16.5));
#1378 = VECTOR('',#1379,1.);
#1379 = DIRECTION('',(1.,0.));
#1380 = ( GEOMETRIC_REPRESENTATION_CONTEXT(2) 
PARAMETRIC_REPRESENTATION_CONTEXT() REPRESENTATION_CONTEXT('2D SPACE',''
  ) );
#1381 = ADVANCED_FACE('',(#1382),#130,.F.);
#1382 = FACE_BOUND('',#1383,.F.);
#1383 = EDGE_LOOP('',(#1384,#1385,#1386,#1387,#1408,#1409,#1432,#1455,
    #1478,#1501,#1524,#1547));
#1384 = ORIENTED_EDGE('',*,*,#968,.F.);
#1385 = ORIENTED_EDGE('',*,*,#114,.F.);
#1386 = ORIENTED_EDGE('',*,*,#199,.T.);
#1387 = ORIENTED_EDGE('',*,*,#1388,.T.);
#1388 = EDGE_CURVE('',#200,#1115,#1389,.T.);
#1389 = SURFACE_CURVE('',#1390,(#1394,#1401),.PCURVE_S1.);
#1390 = LINE('',#1391,#1392);
#1391 = CARTESIAN_POINT('',(44.,-8.5,-26.));
#1392 = VECTOR('',#1393,1.);
#1393 = DIRECTION('',(-0.,1.,0.));
#1394 = PCURVE('',#130,#1395);
#1395 = DEFINITIONAL_REPRESENTATION('',(#1396),#1400);
#1396 = LINE('',#1397,#1398);
#1397 = CARTESIAN_POINT('',(88.,0.));
#1398 = VECTOR('',#1399,1.);
#1399 = DIRECTION('',(0.,1.));
#1400 = ( GEOMETRIC_REPRESENTATION_CONTEXT(2) 
PARAMETRIC_REPRESENTATION_CONTEXT() REPRESENTATION_CONTEXT('2D SPACE',''
  ) );
#1401 = PCURVE('',#260,#1402);
#1402 = DEFINITIONAL_REPRESENTATION('',(#1403),#1407);
#1403 = LINE('',#1404,#1405);
#1404 = CARTESIAN_POINT('',(0.,0.));
#1405 = VECTOR('',#1406,1.);
#1406 = DIRECTION('',(0.,-1.));
#1407 = ( GEOMETRIC_REPRESENTATION_CONTEXT(2) 
PARAMETRIC_REPRESENTATION_CONTEXT() REPRESENTATION_CONTEXT('2D SPACE',''
  ) );
#1408 = ORIENTED_EDGE('',*,*,#1137,.F.);
#1409 = ORIENTED_EDGE('',*,*,#1410,.T.);
#1410 = EDGE_CURVE('',#1138,#1411,#1413,.T.);
#1411 = VERTEX_POINT('',#1412);
#1412 = CARTESIAN_POINT('',(14.,4.5,-26.));
#1413 = SURFACE_CURVE('',#1414,(#1418,#1425),.PCURVE_S1.);
#1414 = LINE('',#1415,#1416);
#1415 = CARTESIAN_POINT('',(14.,-4.7,-26.));
#1416 = VECTOR('',#1417,1.);
#1417 = DIRECTION('',(-0.,1.,0.));
#1418 = PCURVE('',#130,#1419);
#1419 = DEFINITIONAL_REPRESENTATION('',(#1420),#1424);
#1420 = LINE('',#1421,#1422);
#1421 = CARTESIAN_POINT('',(58.,3.8));
#1422 = VECTOR('',#1423,1.);
#1423 = DIRECTION('',(0.,1.));
#1424 = ( GEOMETRIC_REPRESENTATION_CONTEXT(2) 
PARAMETRIC_REPRESENTATION_CONTEXT() REPRESENTATION_CONTEXT('2D SPACE',''
  ) );
#1425 = PCURVE('',#1175,#1426);
#1426 = DEFINITIONAL_REPRESENTATION('',(#1427),#1431);
#1427 = LINE('',#1428,#1429);
#1428 = CARTESIAN_POINT('',(0.,0.));
#1429 = VECTOR('',#1430,1.);
#1430 = DIRECTION('',(0.,-1.));
#1431 = ( GEOMETRIC_REPRESENTATION_CONTEXT(2) 
PARAMETRIC_REPRESENTATION_CONTEXT() REPRESENTATION_CONTEXT('2D SPACE',''
  ) );
#1432 = ORIENTED_EDGE('',*,*,#1433,.T.);
#1433 = EDGE_CURVE('',#1411,#1434,#1436,.T.);
#1434 = VERTEX_POINT('',#1435);
#1435 = CARTESIAN_POINT('',(44.,4.5,-26.));
#1436 = SURFACE_CURVE('',#1437,(#1441,#1448),.PCURVE_S1.);
#1437 = LINE('',#1438,#1439);
#1438 = CARTESIAN_POINT('',(-44.,4.5,-26.));
#1439 = VECTOR('',#1440,1.);
#1440 = DIRECTION('',(1.,0.,-0.));
#1441 = PCURVE('',#130,#1442);
#1442 = DEFINITIONAL_REPRESENTATION('',(#1443),#1447);
#1443 = LINE('',#1444,#1445);
#1444 = CARTESIAN_POINT('',(0.,13.));
#1445 = VECTOR('',#1446,1.);
#1446 = DIRECTION('',(1.,0.));
#1447 = ( GEOMETRIC_REPRESENTATION_CONTEXT(2) 
PARAMETRIC_REPRESENTATION_CONTEXT() REPRESENTATION_CONTEXT('2D SPACE',''
  ) );
#1448 = PCURVE('',#601,#1449);
#1449 = DEFINITIONAL_REPRESENTATION('',(#1450),#1454);
#1450 = LINE('',#1451,#1452);
#1451 = CARTESIAN_POINT('',(0.,0.));
#1452 = VECTOR('',#1453,1.);
#1453 = DIRECTION('',(0.,1.));
#1454 = ( GEOMETRIC_REPRESENTATION_CONTEXT(2) 
PARAMETRIC_REPRESENTATION_CONTEXT() REPRESENTATION_CONTEXT('2D SPACE',''
  ) );
#1455 = ORIENTED_EDGE('',*,*,#1456,.T.);
#1456 = EDGE_CURVE('',#1434,#1457,#1459,.T.);
#1457 = VERTEX_POINT('',#1458);
#1458 = CARTESIAN_POINT('',(44.,8.5,-26.));
#1459 = SURFACE_CURVE('',#1460,(#1464,#1471),.PCURVE_S1.);
#1460 = LINE('',#1461,#1462);
#1461 = CARTESIAN_POINT('',(44.,4.5,-26.));
#1462 = VECTOR('',#1463,1.);
#1463 = DIRECTION('',(-0.,1.,0.));
#1464 = PCURVE('',#130,#1465);
#1465 = DEFINITIONAL_REPRESENTATION('',(#1466),#1470);
#1466 = LINE('',#1467,#1468);
#1467 = CARTESIAN_POINT('',(88.,13.));
#1468 = VECTOR('',#1469,1.);
#1469 = DIRECTION('',(0.,1.));
#1470 = ( GEOMETRIC_REPRESENTATION_CONTEXT(2) 
PARAMETRIC_REPRESENTATION_CONTEXT() REPRESENTATION_CONTEXT('2D SPACE',''
  ) );
#1471 = PCURVE('',#629,#1472);
#1472 = DEFINITIONAL_REPRESENTATION('',(#1473),#1477);
#1473 = LINE('',#1474,#1475);
#1474 = CARTESIAN_POINT('',(0.,0.));
#1475 = VECTOR('',#1476,1.);
#1476 = DIRECTION('',(0.,-1.));
#1477 = ( GEOMETRIC_REPRESENTATION_CONTEXT(2) 
PARAMETRIC_REPRESENTATION_CONTEXT() REPRESENTATION_CONTEXT('2D SPACE',''
  ) );
#1478 = ORIENTED_EDGE('',*,*,#1479,.F.);
#1479 = EDGE_CURVE('',#1480,#1457,#1482,.T.);
#1480 = VERTEX_POINT('',#1481);
#1481 = CARTESIAN_POINT('',(-44.,8.5,-26.));
#1482 = SURFACE_CURVE('',#1483,(#1487,#1494),.PCURVE_S1.);
#1483 = LINE('',#1484,#1485);
#1484 = CARTESIAN_POINT('',(-44.,8.5,-26.));
#1485 = VECTOR('',#1486,1.);
#1486 = DIRECTION('',(1.,0.,-0.));
#1487 = PCURVE('',#130,#1488);
#1488 = DEFINITIONAL_REPRESENTATION('',(#1489),#1493);
#1489 = LINE('',#1490,#1491);
#1490 = CARTESIAN_POINT('',(0.,17.));
#1491 = VECTOR('',#1492,1.);
#1492 = DIRECTION('',(1.,0.));
#1493 = ( GEOMETRIC_REPRESENTATION_CONTEXT(2) 
PARAMETRIC_REPRESENTATION_CONTEXT() REPRESENTATION_CONTEXT('2D SPACE',''
  ) );
#1494 = PCURVE('',#657,#1495);
#1495 = DEFINITIONAL_REPRESENTATION('',(#1496),#1500);
#1496 = LINE('',#1497,#1498);
#1497 = CARTESIAN_POINT('',(0.,0.));
#1498 = VECTOR('',#1499,1.);
#1499 = DIRECTION('',(0.,1.));
#1500 = ( GEOMETRIC_REPRESENTATION_CONTEXT(2) 
PARAMETRIC_REPRESENTATION_CONTEXT() REPRESENTATION_CONTEXT('2D SPACE',''
  ) );
#1501 = ORIENTED_EDGE('',*,*,#1502,.F.);
#1502 = EDGE_CURVE('',#1503,#1480,#1505,.T.);
#1503 = VERTEX_POINT('',#1504);
#1504 = CARTESIAN_POINT('',(-44.,4.5,-26.));
#1505 = SURFACE_CURVE('',#1506,(#1510,#1517),.PCURVE_S1.);
#1506 = LINE('',#1507,#1508);
#1507 = CARTESIAN_POINT('',(-44.,4.5,-26.));
#1508 = VECTOR('',#1509,1.);
#1509 = DIRECTION('',(-0.,1.,0.));
#1510 = PCURVE('',#130,#1511);
#1511 = DEFINITIONAL_REPRESENTATION('',(#1512),#1516);
#1512 = LINE('',#1513,#1514);
#1513 = CARTESIAN_POINT('',(0.,13.));
#1514 = VECTOR('',#1515,1.);
#1515 = DIRECTION('',(0.,1.));
#1516 = ( GEOMETRIC_REPRESENTATION_CONTEXT(2) 
PARAMETRIC_REPRESENTATION_CONTEXT() REPRESENTATION_CONTEXT('2D SPACE',''
  ) );
#1517 = PCURVE('',#904,#1518);
#1518 = DEFINITIONAL_REPRESENTATION('',(#1519),#1523);
#1519 = LINE('',#1520,#1521);
#1520 = CARTESIAN_POINT('',(0.,0.));
#1521 = VECTOR('',#1522,1.);
#1522 = DIRECTION('',(0.,-1.));
#1523 = ( GEOMETRIC_REPRESENTATION_CONTEXT(2) 
PARAMETRIC_REPRESENTATION_CONTEXT() REPRESENTATION_CONTEXT('2D SPACE',''
  ) );
#1524 = ORIENTED_EDGE('',*,*,#1525,.T.);
#1525 = EDGE_CURVE('',#1503,#1526,#1528,.T.);
#1526 = VERTEX_POINT('',#1527);
#1527 = CARTESIAN_POINT('',(-14.,4.5,-26.));
#1528 = SURFACE_CURVE('',#1529,(#1533,#1540),.PCURVE_S1.);
#1529 = LINE('',#1530,#1531);
#1530 = CARTESIAN_POINT('',(-44.,4.5,-26.));
#1531 = VECTOR('',#1532,1.);
#1532 = DIRECTION('',(1.,0.,-0.));
#1533 = PCURVE('',#130,#1534);
#1534 = DEFINITIONAL_REPRESENTATION('',(#1535),#1539);
#1535 = LINE('',#1536,#1537);
#1536 = CARTESIAN_POINT('',(0.,13.));
#1537 = VECTOR('',#1538,1.);
#1538 = DIRECTION('',(1.,0.));
#1539 = ( GEOMETRIC_REPRESENTATION_CONTEXT(2) 
PARAMETRIC_REPRESENTATION_CONTEXT() REPRESENTATION_CONTEXT('2D SPACE',''
  ) );
#1540 = PCURVE('',#601,#1541);
#1541 = DEFINITIONAL_REPRESENTATION('',(#1542),#1546);
#1542 = LINE('',#1543,#1544);
#1543 = CARTESIAN_POINT('',(0.,0.));
#1544 = VECTOR('',#1545,1.);
#1545 = DIRECTION('',(0.,1.));
#1546 = ( GEOMETRIC_REPRESENTATION_CONTEXT(2) 
PARAMETRIC_REPRESENTATION_CONTEXT() REPRESENTATION_CONTEXT('2D SPACE',''
  ) );
#1547 = ORIENTED_EDGE('',*,*,#1548,.F.);
#1548 = EDGE_CURVE('',#969,#1526,#1549,.T.);
#1549 = SURFACE_CURVE('',#1550,(#1554,#1561),.PCURVE_S1.);
#1550 = LINE('',#1551,#1552);
#1551 = CARTESIAN_POINT('',(-14.,-4.7,-26.));
#1552 = VECTOR('',#1553,1.);
#1553 = DIRECTION('',(-0.,1.,0.));
#1554 = PCURVE('',#130,#1555);
#1555 = DEFINITIONAL_REPRESENTATION('',(#1556),#1560);
#1556 = LINE('',#1557,#1558);
#1557 = CARTESIAN_POINT('',(30.,3.8));
#1558 = VECTOR('',#1559,1.);
#1559 = DIRECTION('',(0.,1.));
#1560 = ( GEOMETRIC_REPRESENTATION_CONTEXT(2) 
PARAMETRIC_REPRESENTATION_CONTEXT() REPRESENTATION_CONTEXT('2D SPACE',''
  ) );
#1561 = PCURVE('',#1225,#1562);
#1562 = DEFINITIONAL_REPRESENTATION('',(#1563),#1567);
#1563 = LINE('',#1564,#1565);
#1564 = CARTESIAN_POINT('',(0.,0.));
#1565 = VECTOR('',#1566,1.);
#1566 = DIRECTION('',(0.,-1.));
#1567 = ( GEOMETRIC_REPRESENTATION_CONTEXT(2) 
PARAMETRIC_REPRESENTATION_CONTEXT() REPRESENTATION_CONTEXT('2D SPACE',''
  ) );
#1568 = ADVANCED_FACE('',(#1569),#260,.T.);
#1569 = FACE_BOUND('',#1570,.T.);
#1570 = EDGE_LOOP('',(#1571,#1572,#1573,#1574));
#1571 = ORIENTED_EDGE('',*,*,#246,.F.);
#1572 = ORIENTED_EDGE('',*,*,#1388,.T.);
#1573 = ORIENTED_EDGE('',*,*,#1114,.T.);
#1574 = ORIENTED_EDGE('',*,*,#511,.F.);
#1575 = ADVANCED_FACE('',(#1576),#295,.F.);
#1576 = FACE_BOUND('',#1577,.F.);
#1577 = EDGE_LOOP('',(#1578,#1579,#1600,#1601));
#1578 = ORIENTED_EDGE('',*,*,#274,.F.);
#1579 = ORIENTED_EDGE('',*,*,#1580,.F.);
#1580 = EDGE_CURVE('',#1239,#275,#1581,.T.);
#1581 = SEAM_CURVE('',#1582,(#1586,#1593),.PCURVE_S1.);
#1582 = LINE('',#1583,#1584);
#1583 = CARTESIAN_POINT('',(-26.2,12.,-6.858022075225E-16));
#1584 = VECTOR('',#1585,1.);
#1585 = DIRECTION('',(0.,-1.,2.22044604925E-16));
#1586 = PCURVE('',#295,#1587);
#1587 = DEFINITIONAL_REPRESENTATION('',(#1588),#1592);
#1588 = LINE('',#1589,#1590);
#1589 = CARTESIAN_POINT('',(6.28318530718,-0.));
#1590 = VECTOR('',#1591,1.);
#1591 = DIRECTION('',(0.,1.));
#1592 = ( GEOMETRIC_REPRESENTATION_CONTEXT(2) 
PARAMETRIC_REPRESENTATION_CONTEXT() REPRESENTATION_CONTEXT('2D SPACE',''
  ) );
#1593 = PCURVE('',#295,#1594);
#1594 = DEFINITIONAL_REPRESENTATION('',(#1595),#1599);
#1595 = LINE('',#1596,#1597);
#1596 = CARTESIAN_POINT('',(0.,-0.));
#1597 = VECTOR('',#1598,1.);
#1598 = DIRECTION('',(0.,1.));
#1599 = ( GEOMETRIC_REPRESENTATION_CONTEXT(2) 
PARAMETRIC_REPRESENTATION_CONTEXT() REPRESENTATION_CONTEXT('2D SPACE',''
  ) );
#1600 = ORIENTED_EDGE('',*,*,#1238,.T.);
#1601 = ORIENTED_EDGE('',*,*,#1580,.T.);
#1602 = ADVANCED_FACE('',(#1603),#326,.F.);
#1603 = FACE_BOUND('',#1604,.F.);
#1604 = EDGE_LOOP('',(#1605,#1626,#1627,#1648));
#1605 = ORIENTED_EDGE('',*,*,#1606,.F.);
#1606 = EDGE_CURVE('',#310,#1269,#1607,.T.);
#1607 = SURFACE_CURVE('',#1608,(#1612,#1619),.PCURVE_S1.);
#1608 = LINE('',#1609,#1610);
#1609 = CARTESIAN_POINT('',(-40.,-10.,-10.));
#1610 = VECTOR('',#1611,1.);
#1611 = DIRECTION('',(-0.,1.,0.));
#1612 = PCURVE('',#326,#1613);
#1613 = DEFINITIONAL_REPRESENTATION('',(#1614),#1618);
#1614 = LINE('',#1615,#1616);
#1615 = CARTESIAN_POINT('',(0.,0.));
#1616 = VECTOR('',#1617,1.);
#1617 = DIRECTION('',(0.,1.));
#1618 = ( GEOMETRIC_REPRESENTATION_CONTEXT(2) 
PARAMETRIC_REPRESENTATION_CONTEXT() REPRESENTATION_CONTEXT('2D SPACE',''
  ) );
#1619 = PCURVE('',#352,#1620);
#1620 = DEFINITIONAL_REPRESENTATION('',(#1621),#1625);
#1621 = LINE('',#1622,#1623);
#1622 = CARTESIAN_POINT('',(8.,0.));
#1623 = VECTOR('',#1624,1.);
#1624 = DIRECTION('',(0.,-1.));
#1625 = ( GEOMETRIC_REPRESENTATION_CONTEXT(2) 
PARAMETRIC_REPRESENTATION_CONTEXT() REPRESENTATION_CONTEXT('2D SPACE',''
  ) );
#1626 = ORIENTED_EDGE('',*,*,#309,.T.);
#1627 = ORIENTED_EDGE('',*,*,#1628,.T.);
#1628 = EDGE_CURVE('',#312,#1271,#1629,.T.);
#1629 = SURFACE_CURVE('',#1630,(#1634,#1641),.PCURVE_S1.);
#1630 = LINE('',#1631,#1632);
#1631 = CARTESIAN_POINT('',(40.,-10.,-10.));
#1632 = VECTOR('',#1633,1.);
#1633 = DIRECTION('',(-0.,1.,0.));
#1634 = PCURVE('',#326,#1635);
#1635 = DEFINITIONAL_REPRESENTATION('',(#1636),#1640);
#1636 = LINE('',#1637,#1638);
#1637 = CARTESIAN_POINT('',(80.,0.));
#1638 = VECTOR('',#1639,1.);
#1639 = DIRECTION('',(0.,1.));
#1640 = ( GEOMETRIC_REPRESENTATION_CONTEXT(2) 
PARAMETRIC_REPRESENTATION_CONTEXT() REPRESENTATION_CONTEXT('2D SPACE',''
  ) );
#1641 = PCURVE('',#402,#1642);
#1642 = DEFINITIONAL_REPRESENTATION('',(#1643),#1647);
#1643 = LINE('',#1644,#1645);
#1644 = CARTESIAN_POINT('',(8.,0.));
#1645 = VECTOR('',#1646,1.);
#1646 = DIRECTION('',(0.,-1.));
#1647 = ( GEOMETRIC_REPRESENTATION_CONTEXT(2) 
PARAMETRIC_REPRESENTATION_CONTEXT() REPRESENTATION_CONTEXT('2D SPACE',''
  ) );
#1648 = ORIENTED_EDGE('',*,*,#1268,.F.);
#1649 = ADVANCED_FACE('',(#1650),#402,.F.);
#1650 = FACE_BOUND('',#1651,.F.);
#1651 = EDGE_LOOP('',(#1652,#1653,#1654,#1675));
#1652 = ORIENTED_EDGE('',*,*,#1628,.F.);
#1653 = ORIENTED_EDGE('',*,*,#389,.T.);
#1654 = ORIENTED_EDGE('',*,*,#1655,.T.);
#1655 = EDGE_CURVE('',#364,#1313,#1656,.T.);
#1656 = SURFACE_CURVE('',#1657,(#1661,#1668),.PCURVE_S1.);
#1657 = LINE('',#1658,#1659);
#1658 = CARTESIAN_POINT('',(40.,-10.,-18.));
#1659 = VECTOR('',#1660,1.);
#1660 = DIRECTION('',(-0.,1.,0.));
#1661 = PCURVE('',#402,#1662);
#1662 = DEFINITIONAL_REPRESENTATION('',(#1663),#1667);
#1663 = LINE('',#1664,#1665);
#1664 = CARTESIAN_POINT('',(0.,0.));
#1665 = VECTOR('',#1666,1.);
#1666 = DIRECTION('',(0.,-1.));
#1667 = ( GEOMETRIC_REPRESENTATION_CONTEXT(2) 
PARAMETRIC_REPRESENTATION_CONTEXT() REPRESENTATION_CONTEXT('2D SPACE',''
  ) );
#1668 = PCURVE('',#378,#1669);
#1669 = DEFINITIONAL_REPRESENTATION('',(#1670),#1674);
#1670 = LINE('',#1671,#1672);
#1671 = CARTESIAN_POINT('',(80.,0.));
#1672 = VECTOR('',#1673,1.);
#1673 = DIRECTION('',(0.,1.));
#1674 = ( GEOMETRIC_REPRESENTATION_CONTEXT(2) 
PARAMETRIC_REPRESENTATION_CONTEXT() REPRESENTATION_CONTEXT('2D SPACE',''
  ) );
#1675 = ORIENTED_EDGE('',*,*,#1333,.F.);
#1676 = ADVANCED_FACE('',(#1677),#378,.T.);
#1677 = FACE_BOUND('',#1678,.T.);
#1678 = EDGE_LOOP('',(#1679,#1700,#1701,#1702));
#1679 = ORIENTED_EDGE('',*,*,#1680,.F.);
#1680 = EDGE_CURVE('',#338,#1292,#1681,.T.);
#1681 = SURFACE_CURVE('',#1682,(#1686,#1693),.PCURVE_S1.);
#1682 = LINE('',#1683,#1684);
#1683 = CARTESIAN_POINT('',(-40.,-10.,-18.));
#1684 = VECTOR('',#1685,1.);
#1685 = DIRECTION('',(-0.,1.,0.));
#1686 = PCURVE('',#378,#1687);
#1687 = DEFINITIONAL_REPRESENTATION('',(#1688),#1692);
#1688 = LINE('',#1689,#1690);
#1689 = CARTESIAN_POINT('',(0.,0.));
#1690 = VECTOR('',#1691,1.);
#1691 = DIRECTION('',(0.,1.));
#1692 = ( GEOMETRIC_REPRESENTATION_CONTEXT(2) 
PARAMETRIC_REPRESENTATION_CONTEXT() REPRESENTATION_CONTEXT('2D SPACE',''
  ) );
#1693 = PCURVE('',#352,#1694);
#1694 = DEFINITIONAL_REPRESENTATION('',(#1695),#1699);
#1695 = LINE('',#1696,#1697);
#1696 = CARTESIAN_POINT('',(0.,0.));
#1697 = VECTOR('',#1698,1.);
#1698 = DIRECTION('',(0.,-1.));
#1699 = ( GEOMETRIC_REPRESENTATION_CONTEXT(2) 
PARAMETRIC_REPRESENTATION_CONTEXT() REPRESENTATION_CONTEXT('2D SPACE',''
  ) );
#1700 = ORIENTED_EDGE('',*,*,#363,.T.);
#1701 = ORIENTED_EDGE('',*,*,#1655,.T.);
#1702 = ORIENTED_EDGE('',*,*,#1312,.F.);
#1703 = ADVANCED_FACE('',(#1704),#352,.T.);
#1704 = FACE_BOUND('',#1705,.T.);
#1705 = EDGE_LOOP('',(#1706,#1707,#1708,#1709));
#1706 = ORIENTED_EDGE('',*,*,#1606,.F.);
#1707 = ORIENTED_EDGE('',*,*,#337,.T.);
#1708 = ORIENTED_EDGE('',*,*,#1680,.T.);
#1709 = ORIENTED_EDGE('',*,*,#1291,.F.);
#1710 = ADVANCED_FACE('',(#1711),#436,.F.);
#1711 = FACE_BOUND('',#1712,.F.);
#1712 = EDGE_LOOP('',(#1713,#1714,#1735,#1736));
#1713 = ORIENTED_EDGE('',*,*,#415,.F.);
#1714 = ORIENTED_EDGE('',*,*,#1715,.F.);
#1715 = EDGE_CURVE('',#1355,#416,#1716,.T.);
#1716 = SEAM_CURVE('',#1717,(#1721,#1728),.PCURVE_S1.);
#1717 = LINE('',#1718,#1719);
#1718 = CARTESIAN_POINT('',(31.8,12.,-6.858022075225E-16));
#1719 = VECTOR('',#1720,1.);
#1720 = DIRECTION('',(0.,-1.,2.22044604925E-16));
#1721 = PCURVE('',#436,#1722);
#1722 = DEFINITIONAL_REPRESENTATION('',(#1723),#1727);
#1723 = LINE('',#1724,#1725);
#1724 = CARTESIAN_POINT('',(6.28318530718,-0.));
#1725 = VECTOR('',#1726,1.);
#1726 = DIRECTION('',(0.,1.));
#1727 = ( GEOMETRIC_REPRESENTATION_CONTEXT(2) 
PARAMETRIC_REPRESENTATION_CONTEXT() REPRESENTATION_CONTEXT('2D SPACE',''
  ) );
#1728 = PCURVE('',#436,#1729);
#1729 = DEFINITIONAL_REPRESENTATION('',(#1730),#1734);
#1730 = LINE('',#1731,#1732);
#1731 = CARTESIAN_POINT('',(0.,-0.));
#1732 = VECTOR('',#1733,1.);
#1733 = DIRECTION('',(0.,1.));
#1734 = ( GEOMETRIC_REPRESENTATION_CONTEXT(2) 
PARAMETRIC_REPRESENTATION_CONTEXT() REPRESENTATION_CONTEXT('2D SPACE',''
  ) );
#1735 = ORIENTED_EDGE('',*,*,#1354,.T.);
#1736 = ORIENTED_EDGE('',*,*,#1715,.T.);
#1737 = ADVANCED_FACE('',(#1738),#471,.F.);
#1738 = FACE_BOUND('',#1739,.F.);
#1739 = EDGE_LOOP('',(#1740,#1741,#1762,#1785,#1808,#1834,#1835,#1863,
    #1882,#1883));
#1740 = ORIENTED_EDGE('',*,*,#450,.F.);
#1741 = ORIENTED_EDGE('',*,*,#1742,.F.);
#1742 = EDGE_CURVE('',#1041,#451,#1743,.T.);
#1743 = SEAM_CURVE('',#1744,(#1748,#1755),.PCURVE_S1.);
#1744 = LINE('',#1745,#1746);
#1745 = CARTESIAN_POINT('',(2.8,21.5,20.));
#1746 = VECTOR('',#1747,1.);
#1747 = DIRECTION('',(0.,-1.,2.22044604925E-16));
#1748 = PCURVE('',#471,#1749);
#1749 = DEFINITIONAL_REPRESENTATION('',(#1750),#1754);
#1750 = LINE('',#1751,#1752);
#1751 = CARTESIAN_POINT('',(6.28318530718,-0.));
#1752 = VECTOR('',#1753,1.);
#1753 = DIRECTION('',(0.,1.));
#1754 = ( GEOMETRIC_REPRESENTATION_CONTEXT(2) 
PARAMETRIC_REPRESENTATION_CONTEXT() REPRESENTATION_CONTEXT('2D SPACE',''
  ) );
#1755 = PCURVE('',#471,#1756);
#1756 = DEFINITIONAL_REPRESENTATION('',(#1757),#1761);
#1757 = LINE('',#1758,#1759);
#1758 = CARTESIAN_POINT('',(0.,-0.));
#1759 = VECTOR('',#1760,1.);
#1760 = DIRECTION('',(0.,1.));
#1761 = ( GEOMETRIC_REPRESENTATION_CONTEXT(2) 
PARAMETRIC_REPRESENTATION_CONTEXT() REPRESENTATION_CONTEXT('2D SPACE',''
  ) );
#1762 = ORIENTED_EDGE('',*,*,#1763,.F.);
#1763 = EDGE_CURVE('',#1764,#1041,#1766,.T.);
#1764 = VERTEX_POINT('',#1765);
#1765 = CARTESIAN_POINT('',(2.8,4.5,20.));
#1766 = SURFACE_CURVE('',#1767,(#1771,#1778),.PCURVE_S1.);
#1767 = LINE('',#1768,#1769);
#1768 = CARTESIAN_POINT('',(2.8,21.5,20.));
#1769 = VECTOR('',#1770,1.);
#1770 = DIRECTION('',(0.,-1.,2.22044604925E-16));
#1771 = PCURVE('',#471,#1772);
#1772 = DEFINITIONAL_REPRESENTATION('',(#1773),#1777);
#1773 = LINE('',#1774,#1775);
#1774 = CARTESIAN_POINT('',(0.,-0.));
#1775 = VECTOR('',#1776,1.);
#1776 = DIRECTION('',(0.,1.));
#1777 = ( GEOMETRIC_REPRESENTATION_CONTEXT(2) 
PARAMETRIC_REPRESENTATION_CONTEXT() REPRESENTATION_CONTEXT('2D SPACE',''
  ) );
#1778 = PCURVE('',#1083,#1779);
#1779 = DEFINITIONAL_REPRESENTATION('',(#1780),#1784);
#1780 = LINE('',#1781,#1782);
#1781 = CARTESIAN_POINT('',(16.8,26.2));
#1782 = VECTOR('',#1783,1.);
#1783 = DIRECTION('',(0.,-1.));
#1784 = ( GEOMETRIC_REPRESENTATION_CONTEXT(2) 
PARAMETRIC_REPRESENTATION_CONTEXT() REPRESENTATION_CONTEXT('2D SPACE',''
  ) );
#1785 = ORIENTED_EDGE('',*,*,#1786,.F.);
#1786 = EDGE_CURVE('',#1787,#1764,#1789,.T.);
#1787 = VERTEX_POINT('',#1788);
#1788 = CARTESIAN_POINT('',(2.8,10.,20.));
#1789 = SEAM_CURVE('',#1790,(#1794,#1801),.PCURVE_S1.);
#1790 = LINE('',#1791,#1792);
#1791 = CARTESIAN_POINT('',(2.8,21.5,20.));
#1792 = VECTOR('',#1793,1.);
#1793 = DIRECTION('',(0.,-1.,2.22044604925E-16));
#1794 = PCURVE('',#471,#1795);
#1795 = DEFINITIONAL_REPRESENTATION('',(#1796),#1800);
#1796 = LINE('',#1797,#1798);
#1797 = CARTESIAN_POINT('',(6.28318530718,-0.));
#1798 = VECTOR('',#1799,1.);
#1799 = DIRECTION('',(0.,1.));
#1800 = ( GEOMETRIC_REPRESENTATION_CONTEXT(2) 
PARAMETRIC_REPRESENTATION_CONTEXT() REPRESENTATION_CONTEXT('2D SPACE',''
  ) );
#1801 = PCURVE('',#471,#1802);
#1802 = DEFINITIONAL_REPRESENTATION('',(#1803),#1807);
#1803 = LINE('',#1804,#1805);
#1804 = CARTESIAN_POINT('',(0.,-0.));
#1805 = VECTOR('',#1806,1.);
#1806 = DIRECTION('',(0.,1.));
#1807 = ( GEOMETRIC_REPRESENTATION_CONTEXT(2) 
PARAMETRIC_REPRESENTATION_CONTEXT() REPRESENTATION_CONTEXT('2D SPACE',''
  ) );
#1808 = ORIENTED_EDGE('',*,*,#1809,.T.);
#1809 = EDGE_CURVE('',#1787,#1787,#1810,.T.);
#1810 = SURFACE_CURVE('',#1811,(#1816,#1823),.PCURVE_S1.);
#1811 = CIRCLE('',#1812,2.8);
#1812 = AXIS2_PLACEMENT_3D('',#1813,#1814,#1815);
#1813 = CARTESIAN_POINT('',(0.,10.,20.));
#1814 = DIRECTION('',(0.,-1.,2.22044604925E-16));
#1815 = DIRECTION('',(1.,0.,0.));
#1816 = PCURVE('',#471,#1817);
#1817 = DEFINITIONAL_REPRESENTATION('',(#1818),#1822);
#1818 = LINE('',#1819,#1820);
#1819 = CARTESIAN_POINT('',(0.,11.5));
#1820 = VECTOR('',#1821,1.);
#1821 = DIRECTION('',(1.,0.));
#1822 = ( GEOMETRIC_REPRESENTATION_CONTEXT(2) 
PARAMETRIC_REPRESENTATION_CONTEXT() REPRESENTATION_CONTEXT('2D SPACE',''
  ) );
#1823 = PCURVE('',#713,#1824);
#1824 = DEFINITIONAL_REPRESENTATION('',(#1825),#1833);
#1825 = ( BOUNDED_CURVE() B_SPLINE_CURVE(2,(#1826,#1827,#1828,#1829,
#1830,#1831,#1832),.UNSPECIFIED.,.T.,.F.) B_SPLINE_CURVE_WITH_KNOTS((1,2
    ,2,2,2,1),(-2.094395102393,0.,2.094395102393,4.188790204786,
6.28318530718,8.377580409573),.UNSPECIFIED.) CURVE() 
GEOMETRIC_REPRESENTATION_ITEM() RATIONAL_B_SPLINE_CURVE((1.,0.5,1.,0.5,
1.,0.5,1.)) REPRESENTATION_ITEM('') );
#1826 = CARTESIAN_POINT('',(8.,18.8));
#1827 = CARTESIAN_POINT('',(12.849742261193,18.8));
#1828 = CARTESIAN_POINT('',(10.424871130596,14.6));
#1829 = CARTESIAN_POINT('',(8.,10.4));
#1830 = CARTESIAN_POINT('',(5.575128869404,14.6));
#1831 = CARTESIAN_POINT('',(3.150257738807,18.8));
#1832 = CARTESIAN_POINT('',(8.,18.8));
#1833 = ( GEOMETRIC_REPRESENTATION_CONTEXT(2) 
PARAMETRIC_REPRESENTATION_CONTEXT() REPRESENTATION_CONTEXT('2D SPACE',''
  ) );
#1834 = ORIENTED_EDGE('',*,*,#1786,.T.);
#1835 = ORIENTED_EDGE('',*,*,#1836,.F.);
#1836 = EDGE_CURVE('',#1837,#1764,#1839,.T.);
#1837 = VERTEX_POINT('',#1838);
#1838 = CARTESIAN_POINT('',(-2.8,4.5,20.));
#1839 = SURFACE_CURVE('',#1840,(#1845,#1852),.PCURVE_S1.);
#1840 = CIRCLE('',#1841,2.8);
#1841 = AXIS2_PLACEMENT_3D('',#1842,#1843,#1844);
#1842 = CARTESIAN_POINT('',(0.,4.5,20.));
#1843 = DIRECTION('',(0.,-1.,2.22044604925E-16));
#1844 = DIRECTION('',(1.,0.,0.));
#1845 = PCURVE('',#471,#1846);
#1846 = DEFINITIONAL_REPRESENTATION('',(#1847),#1851);
#1847 = LINE('',#1848,#1849);
#1848 = CARTESIAN_POINT('',(0.,17.));
#1849 = VECTOR('',#1850,1.);
#1850 = DIRECTION('',(1.,0.));
#1851 = ( GEOMETRIC_REPRESENTATION_CONTEXT(2) 
PARAMETRIC_REPRESENTATION_CONTEXT() REPRESENTATION_CONTEXT('2D SPACE',''
  ) );
#1852 = PCURVE('',#601,#1853);
#1853 = DEFINITIONAL_REPRESENTATION('',(#1854),#1862);
#1854 = ( BOUNDED_CURVE() B_SPLINE_CURVE(2,(#1855,#1856,#1857,#1858,
#1859,#1860,#1861),.UNSPECIFIED.,.T.,.F.) B_SPLINE_CURVE_WITH_KNOTS((1,2
    ,2,2,2,1),(-2.094395102393,0.,2.094395102393,4.188790204786,
6.28318530718,8.377580409573),.UNSPECIFIED.) CURVE() 
GEOMETRIC_REPRESENTATION_ITEM() RATIONAL_B_SPLINE_CURVE((1.,0.5,1.,0.5,
1.,0.5,1.)) REPRESENTATION_ITEM('') );
#1855 = CARTESIAN_POINT('',(46.,46.8));
#1856 = CARTESIAN_POINT('',(50.849742261193,46.8));
#1857 = CARTESIAN_POINT('',(48.424871130596,42.6));
#1858 = CARTESIAN_POINT('',(46.,38.4));
#1859 = CARTESIAN_POINT('',(43.575128869404,42.6));
#1860 = CARTESIAN_POINT('',(41.150257738807,46.8));
#1861 = CARTESIAN_POINT('',(46.,46.8));
#1862 = ( GEOMETRIC_REPRESENTATION_CONTEXT(2) 
PARAMETRIC_REPRESENTATION_CONTEXT() REPRESENTATION_CONTEXT('2D SPACE',''
  ) );
#1863 = ORIENTED_EDGE('',*,*,#1864,.T.);
#1864 = EDGE_CURVE('',#1837,#1015,#1865,.T.);
#1865 = SURFACE_CURVE('',#1866,(#1870,#1876),.PCURVE_S1.);
#1866 = LINE('',#1867,#1868);
#1867 = CARTESIAN_POINT('',(-2.8,21.5,20.));
#1868 = VECTOR('',#1869,1.);
#1869 = DIRECTION('',(0.,-1.,2.22044604925E-16));
#1870 = PCURVE('',#471,#1871);
#1871 = DEFINITIONAL_REPRESENTATION('',(#1872),#1875);
#1872 = B_SPLINE_CURVE_WITH_KNOTS('',1,(#1873,#1874),.UNSPECIFIED.,.F.,
  .F.,(2,2),(16.1,26.9),.PIECEWISE_BEZIER_KNOTS.);
#1873 = CARTESIAN_POINT('',(3.14159265359,16.1));
#1874 = CARTESIAN_POINT('',(3.14159265359,26.9));
#1875 = ( GEOMETRIC_REPRESENTATION_CONTEXT(2) 
PARAMETRIC_REPRESENTATION_CONTEXT() REPRESENTATION_CONTEXT('2D SPACE',''
  ) );
#1876 = PCURVE('',#1029,#1877);
#1877 = DEFINITIONAL_REPRESENTATION('',(#1878),#1881);
#1878 = B_SPLINE_CURVE_WITH_KNOTS('',1,(#1879,#1880),.UNSPECIFIED.,.F.,
  .F.,(2,2),(16.1,26.9),.PIECEWISE_BEZIER_KNOTS.);
#1879 = CARTESIAN_POINT('',(11.2,10.1));
#1880 = CARTESIAN_POINT('',(11.2,-0.7));
#1881 = ( GEOMETRIC_REPRESENTATION_CONTEXT(2) 
PARAMETRIC_REPRESENTATION_CONTEXT() REPRESENTATION_CONTEXT('2D SPACE',''
  ) );
#1882 = ORIENTED_EDGE('',*,*,#1040,.T.);
#1883 = ORIENTED_EDGE('',*,*,#1742,.T.);
#1884 = ADVANCED_FACE('',(#1885),#573,.T.);
#1885 = FACE_BOUND('',#1886,.T.);
#1886 = EDGE_LOOP('',(#1887,#1888,#1889,#1912));
#1887 = ORIENTED_EDGE('',*,*,#557,.F.);
#1888 = ORIENTED_EDGE('',*,*,#1094,.T.);
#1889 = ORIENTED_EDGE('',*,*,#1890,.T.);
#1890 = EDGE_CURVE('',#1069,#1891,#1893,.T.);
#1891 = VERTEX_POINT('',#1892);
#1892 = CARTESIAN_POINT('',(14.,4.5,20.));
#1893 = SURFACE_CURVE('',#1894,(#1898,#1905),.PCURVE_S1.);
#1894 = LINE('',#1895,#1896);
#1895 = CARTESIAN_POINT('',(14.,-4.7,20.));
#1896 = VECTOR('',#1897,1.);
#1897 = DIRECTION('',(-0.,1.,0.));
#1898 = PCURVE('',#573,#1899);
#1899 = DEFINITIONAL_REPRESENTATION('',(#1900),#1904);
#1900 = LINE('',#1901,#1902);
#1901 = CARTESIAN_POINT('',(0.,0.));
#1902 = VECTOR('',#1903,1.);
#1903 = DIRECTION('',(0.,-1.));
#1904 = ( GEOMETRIC_REPRESENTATION_CONTEXT(2) 
PARAMETRIC_REPRESENTATION_CONTEXT() REPRESENTATION_CONTEXT('2D SPACE',''
  ) );
#1905 = PCURVE('',#1083,#1906);
#1906 = DEFINITIONAL_REPRESENTATION('',(#1907),#1911);
#1907 = LINE('',#1908,#1909);
#1908 = CARTESIAN_POINT('',(28.,0.));
#1909 = VECTOR('',#1910,1.);
#1910 = DIRECTION('',(0.,1.));
#1911 = ( GEOMETRIC_REPRESENTATION_CONTEXT(2) 
PARAMETRIC_REPRESENTATION_CONTEXT() REPRESENTATION_CONTEXT('2D SPACE',''
  ) );
#1912 = ORIENTED_EDGE('',*,*,#1913,.F.);
#1913 = EDGE_CURVE('',#558,#1891,#1914,.T.);
#1914 = SURFACE_CURVE('',#1915,(#1919,#1925),.PCURVE_S1.);
#1915 = LINE('',#1916,#1917);
#1916 = CARTESIAN_POINT('',(14.,4.5,-3.));
#1917 = VECTOR('',#1918,1.);
#1918 = DIRECTION('',(-0.,0.,-1.));
#1919 = PCURVE('',#573,#1920);
#1920 = DEFINITIONAL_REPRESENTATION('',(#1921),#1924);
#1921 = B_SPLINE_CURVE_WITH_KNOTS('',1,(#1922,#1923),.UNSPECIFIED.,.F.,
  .F.,(2,2),(-31.,-23.),.PIECEWISE_BEZIER_KNOTS.);
#1922 = CARTESIAN_POINT('',(8.,-9.2));
#1923 = CARTESIAN_POINT('',(0.,-9.2));
#1924 = ( GEOMETRIC_REPRESENTATION_CONTEXT(2) 
PARAMETRIC_REPRESENTATION_CONTEXT() REPRESENTATION_CONTEXT('2D SPACE',''
  ) );
#1925 = PCURVE('',#601,#1926);
#1926 = DEFINITIONAL_REPRESENTATION('',(#1927),#1930);
#1927 = B_SPLINE_CURVE_WITH_KNOTS('',1,(#1928,#1929),.UNSPECIFIED.,.F.,
  .F.,(2,2),(-31.,-23.),.PIECEWISE_BEZIER_KNOTS.);
#1928 = CARTESIAN_POINT('',(54.,58.));
#1929 = CARTESIAN_POINT('',(46.,58.));
#1930 = ( GEOMETRIC_REPRESENTATION_CONTEXT(2) 
PARAMETRIC_REPRESENTATION_CONTEXT() REPRESENTATION_CONTEXT('2D SPACE',''
  ) );
#1931 = ADVANCED_FACE('',(#1932,#2102,#2137,#2243),#601,.F.);
#1932 = FACE_BOUND('',#1933,.F.);
#1933 = EDGE_LOOP('',(#1934,#1935,#1956,#1957,#1978,#1997,#1998,#2017,
    #2018,#2019,#2040,#2041,#2062,#2083));
#1934 = ORIENTED_EDGE('',*,*,#1525,.F.);
#1935 = ORIENTED_EDGE('',*,*,#1936,.T.);
#1936 = EDGE_CURVE('',#1503,#889,#1937,.T.);
#1937 = SURFACE_CURVE('',#1938,(#1942,#1949),.PCURVE_S1.);
#1938 = LINE('',#1939,#1940);
#1939 = CARTESIAN_POINT('',(-44.,4.5,-26.));
#1940 = VECTOR('',#1941,1.);
#1941 = DIRECTION('',(0.,0.,1.));
#1942 = PCURVE('',#601,#1943);
#1943 = DEFINITIONAL_REPRESENTATION('',(#1944),#1948);
#1944 = LINE('',#1945,#1946);
#1945 = CARTESIAN_POINT('',(0.,0.));
#1946 = VECTOR('',#1947,1.);
#1947 = DIRECTION('',(1.,0.));
#1948 = ( GEOMETRIC_REPRESENTATION_CONTEXT(2) 
PARAMETRIC_REPRESENTATION_CONTEXT() REPRESENTATION_CONTEXT('2D SPACE',''
  ) );
#1949 = PCURVE('',#904,#1950);
#1950 = DEFINITIONAL_REPRESENTATION('',(#1951),#1955);
#1951 = LINE('',#1952,#1953);
#1952 = CARTESIAN_POINT('',(0.,0.));
#1953 = VECTOR('',#1954,1.);
#1954 = DIRECTION('',(1.,0.));
#1955 = ( GEOMETRIC_REPRESENTATION_CONTEXT(2) 
PARAMETRIC_REPRESENTATION_CONTEXT() REPRESENTATION_CONTEXT('2D SPACE',''
  ) );
#1956 = ORIENTED_EDGE('',*,*,#916,.T.);
#1957 = ORIENTED_EDGE('',*,*,#1958,.T.);
#1958 = EDGE_CURVE('',#917,#1959,#1961,.T.);
#1959 = VERTEX_POINT('',#1960);
#1960 = CARTESIAN_POINT('',(-14.,4.5,20.));
#1961 = SURFACE_CURVE('',#1962,(#1966,#1972),.PCURVE_S1.);
#1962 = LINE('',#1963,#1964);
#1963 = CARTESIAN_POINT('',(-14.,4.5,-3.));
#1964 = VECTOR('',#1965,1.);
#1965 = DIRECTION('',(-0.,0.,-1.));
#1966 = PCURVE('',#601,#1967);
#1967 = DEFINITIONAL_REPRESENTATION('',(#1968),#1971);
#1968 = B_SPLINE_CURVE_WITH_KNOTS('',1,(#1969,#1970),.UNSPECIFIED.,.F.,
  .F.,(2,2),(-31.,-23.),.PIECEWISE_BEZIER_KNOTS.);
#1969 = CARTESIAN_POINT('',(54.,30.));
#1970 = CARTESIAN_POINT('',(46.,30.));
#1971 = ( GEOMETRIC_REPRESENTATION_CONTEXT(2) 
PARAMETRIC_REPRESENTATION_CONTEXT() REPRESENTATION_CONTEXT('2D SPACE',''
  ) );
#1972 = PCURVE('',#953,#1973);
#1973 = DEFINITIONAL_REPRESENTATION('',(#1974),#1977);
#1974 = B_SPLINE_CURVE_WITH_KNOTS('',1,(#1975,#1976),.UNSPECIFIED.,.F.,
  .F.,(2,2),(-31.,-23.),.PIECEWISE_BEZIER_KNOTS.);
#1975 = CARTESIAN_POINT('',(8.,-9.2));
#1976 = CARTESIAN_POINT('',(0.,-9.2));
#1977 = ( GEOMETRIC_REPRESENTATION_CONTEXT(2) 
PARAMETRIC_REPRESENTATION_CONTEXT() REPRESENTATION_CONTEXT('2D SPACE',''
  ) );
#1978 = ORIENTED_EDGE('',*,*,#1979,.T.);
#1979 = EDGE_CURVE('',#1959,#1837,#1980,.T.);
#1980 = SURFACE_CURVE('',#1981,(#1985,#1991),.PCURVE_S1.);
#1981 = LINE('',#1982,#1983);
#1982 = CARTESIAN_POINT('',(-29.,4.5,20.));
#1983 = VECTOR('',#1984,1.);
#1984 = DIRECTION('',(1.,0.,-0.));
#1985 = PCURVE('',#601,#1986);
#1986 = DEFINITIONAL_REPRESENTATION('',(#1987),#1990);
#1987 = B_SPLINE_CURVE_WITH_KNOTS('',1,(#1988,#1989),.UNSPECIFIED.,.F.,
  .F.,(2,2),(15.,43.),.PIECEWISE_BEZIER_KNOTS.);
#1988 = CARTESIAN_POINT('',(46.,30.));
#1989 = CARTESIAN_POINT('',(46.,58.));
#1990 = ( GEOMETRIC_REPRESENTATION_CONTEXT(2) 
PARAMETRIC_REPRESENTATION_CONTEXT() REPRESENTATION_CONTEXT('2D SPACE',''
  ) );
#1991 = PCURVE('',#1029,#1992);
#1992 = DEFINITIONAL_REPRESENTATION('',(#1993),#1996);
#1993 = B_SPLINE_CURVE_WITH_KNOTS('',1,(#1994,#1995),.UNSPECIFIED.,.F.,
  .F.,(2,2),(15.,43.),.PIECEWISE_BEZIER_KNOTS.);
#1994 = CARTESIAN_POINT('',(0.,9.2));
#1995 = CARTESIAN_POINT('',(28.,9.2));
#1996 = ( GEOMETRIC_REPRESENTATION_CONTEXT(2) 
PARAMETRIC_REPRESENTATION_CONTEXT() REPRESENTATION_CONTEXT('2D SPACE',''
  ) );
#1997 = ORIENTED_EDGE('',*,*,#1836,.T.);
#1998 = ORIENTED_EDGE('',*,*,#1999,.T.);
#1999 = EDGE_CURVE('',#1764,#1891,#2000,.T.);
#2000 = SURFACE_CURVE('',#2001,(#2005,#2011),.PCURVE_S1.);
#2001 = LINE('',#2002,#2003);
#2002 = CARTESIAN_POINT('',(-29.,4.5,20.));
#2003 = VECTOR('',#2004,1.);
#2004 = DIRECTION('',(1.,0.,-0.));
#2005 = PCURVE('',#601,#2006);
#2006 = DEFINITIONAL_REPRESENTATION('',(#2007),#2010);
#2007 = B_SPLINE_CURVE_WITH_KNOTS('',1,(#2008,#2009),.UNSPECIFIED.,.F.,
  .F.,(2,2),(15.,43.),.PIECEWISE_BEZIER_KNOTS.);
#2008 = CARTESIAN_POINT('',(46.,30.));
#2009 = CARTESIAN_POINT('',(46.,58.));
#2010 = ( GEOMETRIC_REPRESENTATION_CONTEXT(2) 
PARAMETRIC_REPRESENTATION_CONTEXT() REPRESENTATION_CONTEXT('2D SPACE',''
  ) );
#2011 = PCURVE('',#1083,#2012);
#2012 = DEFINITIONAL_REPRESENTATION('',(#2013),#2016);
#2013 = B_SPLINE_CURVE_WITH_KNOTS('',1,(#2014,#2015),.UNSPECIFIED.,.F.,
  .F.,(2,2),(15.,43.),.PIECEWISE_BEZIER_KNOTS.);
#2014 = CARTESIAN_POINT('',(0.,9.2));
#2015 = CARTESIAN_POINT('',(28.,9.2));
#2016 = ( GEOMETRIC_REPRESENTATION_CONTEXT(2) 
PARAMETRIC_REPRESENTATION_CONTEXT() REPRESENTATION_CONTEXT('2D SPACE',''
  ) );
#2017 = ORIENTED_EDGE('',*,*,#1913,.F.);
#2018 = ORIENTED_EDGE('',*,*,#585,.T.);
#2019 = ORIENTED_EDGE('',*,*,#2020,.F.);
#2020 = EDGE_CURVE('',#1434,#586,#2021,.T.);
#2021 = SURFACE_CURVE('',#2022,(#2026,#2033),.PCURVE_S1.);
#2022 = LINE('',#2023,#2024);
#2023 = CARTESIAN_POINT('',(44.,4.5,-26.));
#2024 = VECTOR('',#2025,1.);
#2025 = DIRECTION('',(0.,0.,1.));
#2026 = PCURVE('',#601,#2027);
#2027 = DEFINITIONAL_REPRESENTATION('',(#2028),#2032);
#2028 = LINE('',#2029,#2030);
#2029 = CARTESIAN_POINT('',(0.,88.));
#2030 = VECTOR('',#2031,1.);
#2031 = DIRECTION('',(1.,0.));
#2032 = ( GEOMETRIC_REPRESENTATION_CONTEXT(2) 
PARAMETRIC_REPRESENTATION_CONTEXT() REPRESENTATION_CONTEXT('2D SPACE',''
  ) );
#2033 = PCURVE('',#629,#2034);
#2034 = DEFINITIONAL_REPRESENTATION('',(#2035),#2039);
#2035 = LINE('',#2036,#2037);
#2036 = CARTESIAN_POINT('',(0.,0.));
#2037 = VECTOR('',#2038,1.);
#2038 = DIRECTION('',(1.,0.));
#2039 = ( GEOMETRIC_REPRESENTATION_CONTEXT(2) 
PARAMETRIC_REPRESENTATION_CONTEXT() REPRESENTATION_CONTEXT('2D SPACE',''
  ) );
#2040 = ORIENTED_EDGE('',*,*,#1433,.F.);
#2041 = ORIENTED_EDGE('',*,*,#2042,.F.);
#2042 = EDGE_CURVE('',#2043,#1411,#2045,.T.);
#2043 = VERTEX_POINT('',#2044);
#2044 = CARTESIAN_POINT('',(14.,4.5,-20.));
#2045 = SURFACE_CURVE('',#2046,(#2050,#2056),.PCURVE_S1.);
#2046 = LINE('',#2047,#2048);
#2047 = CARTESIAN_POINT('',(14.,4.5,-26.));
#2048 = VECTOR('',#2049,1.);
#2049 = DIRECTION('',(-0.,0.,-1.));
#2050 = PCURVE('',#601,#2051);
#2051 = DEFINITIONAL_REPRESENTATION('',(#2052),#2055);
#2052 = B_SPLINE_CURVE_WITH_KNOTS('',1,(#2053,#2054),.UNSPECIFIED.,.F.,
  .F.,(2,2),(-6.,0.),.PIECEWISE_BEZIER_KNOTS.);
#2053 = CARTESIAN_POINT('',(6.,58.));
#2054 = CARTESIAN_POINT('',(0.,58.));
#2055 = ( GEOMETRIC_REPRESENTATION_CONTEXT(2) 
PARAMETRIC_REPRESENTATION_CONTEXT() REPRESENTATION_CONTEXT('2D SPACE',''
  ) );
#2056 = PCURVE('',#1175,#2057);
#2057 = DEFINITIONAL_REPRESENTATION('',(#2058),#2061);
#2058 = B_SPLINE_CURVE_WITH_KNOTS('',1,(#2059,#2060),.UNSPECIFIED.,.F.,
  .F.,(2,2),(-6.,0.),.PIECEWISE_BEZIER_KNOTS.);
#2059 = CARTESIAN_POINT('',(6.,-9.2));
#2060 = CARTESIAN_POINT('',(0.,-9.2));
#2061 = ( GEOMETRIC_REPRESENTATION_CONTEXT(2) 
PARAMETRIC_REPRESENTATION_CONTEXT() REPRESENTATION_CONTEXT('2D SPACE',''
  ) );
#2062 = ORIENTED_EDGE('',*,*,#2063,.F.);
#2063 = EDGE_CURVE('',#2064,#2043,#2066,.T.);
#2064 = VERTEX_POINT('',#2065);
#2065 = CARTESIAN_POINT('',(-14.,4.5,-20.));
#2066 = SURFACE_CURVE('',#2067,(#2071,#2077),.PCURVE_S1.);
#2067 = LINE('',#2068,#2069);
#2068 = CARTESIAN_POINT('',(-29.,4.5,-20.));
#2069 = VECTOR('',#2070,1.);
#2070 = DIRECTION('',(1.,0.,-0.));
#2071 = PCURVE('',#601,#2072);
#2072 = DEFINITIONAL_REPRESENTATION('',(#2073),#2076);
#2073 = B_SPLINE_CURVE_WITH_KNOTS('',1,(#2074,#2075),.UNSPECIFIED.,.F.,
  .F.,(2,2),(15.,43.),.PIECEWISE_BEZIER_KNOTS.);
#2074 = CARTESIAN_POINT('',(6.,30.));
#2075 = CARTESIAN_POINT('',(6.,58.));
#2076 = ( GEOMETRIC_REPRESENTATION_CONTEXT(2) 
PARAMETRIC_REPRESENTATION_CONTEXT() REPRESENTATION_CONTEXT('2D SPACE',''
  ) );
#2077 = PCURVE('',#1201,#2078);
#2078 = DEFINITIONAL_REPRESENTATION('',(#2079),#2082);
#2079 = B_SPLINE_CURVE_WITH_KNOTS('',1,(#2080,#2081),.UNSPECIFIED.,.F.,
  .F.,(2,2),(15.,43.),.PIECEWISE_BEZIER_KNOTS.);
#2080 = CARTESIAN_POINT('',(0.,9.2));
#2081 = CARTESIAN_POINT('',(28.,9.2));
#2082 = ( GEOMETRIC_REPRESENTATION_CONTEXT(2) 
PARAMETRIC_REPRESENTATION_CONTEXT() REPRESENTATION_CONTEXT('2D SPACE',''
  ) );
#2083 = ORIENTED_EDGE('',*,*,#2084,.T.);
#2084 = EDGE_CURVE('',#2064,#1526,#2085,.T.);
#2085 = SURFACE_CURVE('',#2086,(#2090,#2096),.PCURVE_S1.);
#2086 = LINE('',#2087,#2088);
#2087 = CARTESIAN_POINT('',(-14.,4.5,-26.));
#2088 = VECTOR('',#2089,1.);
#2089 = DIRECTION('',(-0.,0.,-1.));
#2090 = PCURVE('',#601,#2091);
#2091 = DEFINITIONAL_REPRESENTATION('',(#2092),#2095);
#2092 = B_SPLINE_CURVE_WITH_KNOTS('',1,(#2093,#2094),.UNSPECIFIED.,.F.,
  .F.,(2,2),(-6.,0.),.PIECEWISE_BEZIER_KNOTS.);
#2093 = CARTESIAN_POINT('',(6.,30.));
#2094 = CARTESIAN_POINT('',(0.,30.));
#2095 = ( GEOMETRIC_REPRESENTATION_CONTEXT(2) 
PARAMETRIC_REPRESENTATION_CONTEXT() REPRESENTATION_CONTEXT('2D SPACE',''
  ) );
#2096 = PCURVE('',#1225,#2097);
#2097 = DEFINITIONAL_REPRESENTATION('',(#2098),#2101);
#2098 = B_SPLINE_CURVE_WITH_KNOTS('',1,(#2099,#2100),.UNSPECIFIED.,.F.,
  .F.,(2,2),(-6.,0.),.PIECEWISE_BEZIER_KNOTS.);
#2099 = CARTESIAN_POINT('',(6.,-9.2));
#2100 = CARTESIAN_POINT('',(0.,-9.2));
#2101 = ( GEOMETRIC_REPRESENTATION_CONTEXT(2) 
PARAMETRIC_REPRESENTATION_CONTEXT() REPRESENTATION_CONTEXT('2D SPACE',''
  ) );
#2102 = FACE_BOUND('',#2103,.F.);
#2103 = EDGE_LOOP('',(#2104));
#2104 = ORIENTED_EDGE('',*,*,#2105,.T.);
#2105 = EDGE_CURVE('',#2106,#2106,#2108,.T.);
#2106 = VERTEX_POINT('',#2107);
#2107 = CARTESIAN_POINT('',(-26.2,4.5,9.795323294152E-16));
#2108 = SURFACE_CURVE('',#2109,(#2114,#2125),.PCURVE_S1.);
#2109 = CIRCLE('',#2110,2.8);
#2110 = AXIS2_PLACEMENT_3D('',#2111,#2112,#2113);
#2111 = CARTESIAN_POINT('',(-29.,4.5,1.665334536938E-15));
#2112 = DIRECTION('',(0.,-1.,2.22044604925E-16));
#2113 = DIRECTION('',(1.,0.,0.));
#2114 = PCURVE('',#601,#2115);
#2115 = DEFINITIONAL_REPRESENTATION('',(#2116),#2124);
#2116 = ( BOUNDED_CURVE() B_SPLINE_CURVE(2,(#2117,#2118,#2119,#2120,
#2121,#2122,#2123),.UNSPECIFIED.,.T.,.F.) B_SPLINE_CURVE_WITH_KNOTS((1,2
    ,2,2,2,1),(-2.094395102393,0.,2.094395102393,4.188790204786,
6.28318530718,8.377580409573),.UNSPECIFIED.) CURVE() 
GEOMETRIC_REPRESENTATION_ITEM() RATIONAL_B_SPLINE_CURVE((1.,0.5,1.,0.5,
1.,0.5,1.)) REPRESENTATION_ITEM('') );
#2117 = CARTESIAN_POINT('',(26.,17.8));
#2118 = CARTESIAN_POINT('',(30.849742261193,17.8));
#2119 = CARTESIAN_POINT('',(28.424871130596,13.6));
#2120 = CARTESIAN_POINT('',(26.,9.4));
#2121 = CARTESIAN_POINT('',(23.575128869404,13.6));
#2122 = CARTESIAN_POINT('',(21.150257738807,17.8));
#2123 = CARTESIAN_POINT('',(26.,17.8));
#2124 = ( GEOMETRIC_REPRESENTATION_CONTEXT(2) 
PARAMETRIC_REPRESENTATION_CONTEXT() REPRESENTATION_CONTEXT('2D SPACE',''
  ) );
#2125 = PCURVE('',#2126,#2131);
#2126 = CYLINDRICAL_SURFACE('',#2127,2.8);
#2127 = AXIS2_PLACEMENT_3D('',#2128,#2129,#2130);
#2128 = CARTESIAN_POINT('',(-29.,12.,0.));
#2129 = DIRECTION('',(0.,-1.,2.22044604925E-16));
#2130 = DIRECTION('',(1.,0.,0.));
#2131 = DEFINITIONAL_REPRESENTATION('',(#2132),#2136);
#2132 = LINE('',#2133,#2134);
#2133 = CARTESIAN_POINT('',(0.,7.5));
#2134 = VECTOR('',#2135,1.);
#2135 = DIRECTION('',(1.,0.));
#2136 = ( GEOMETRIC_REPRESENTATION_CONTEXT(2) 
PARAMETRIC_REPRESENTATION_CONTEXT() REPRESENTATION_CONTEXT('2D SPACE',''
  ) );
#2137 = FACE_BOUND('',#2138,.F.);
#2138 = EDGE_LOOP('',(#2139,#2167,#2193,#2219));
#2139 = ORIENTED_EDGE('',*,*,#2140,.F.);
#2140 = EDGE_CURVE('',#2141,#2143,#2145,.T.);
#2141 = VERTEX_POINT('',#2142);
#2142 = CARTESIAN_POINT('',(-40.,4.5,-10.));
#2143 = VERTEX_POINT('',#2144);
#2144 = CARTESIAN_POINT('',(40.,4.5,-10.));
#2145 = SURFACE_CURVE('',#2146,(#2150,#2156),.PCURVE_S1.);
#2146 = LINE('',#2147,#2148);
#2147 = CARTESIAN_POINT('',(-42.,4.5,-10.));
#2148 = VECTOR('',#2149,1.);
#2149 = DIRECTION('',(1.,0.,-0.));
#2150 = PCURVE('',#601,#2151);
#2151 = DEFINITIONAL_REPRESENTATION('',(#2152),#2155);
#2152 = B_SPLINE_CURVE_WITH_KNOTS('',1,(#2153,#2154),.UNSPECIFIED.,.F.,
  .F.,(2,2),(2.,82.),.PIECEWISE_BEZIER_KNOTS.);
#2153 = CARTESIAN_POINT('',(16.,4.));
#2154 = CARTESIAN_POINT('',(16.,84.));
#2155 = ( GEOMETRIC_REPRESENTATION_CONTEXT(2) 
PARAMETRIC_REPRESENTATION_CONTEXT() REPRESENTATION_CONTEXT('2D SPACE',''
  ) );
#2156 = PCURVE('',#2157,#2162);
#2157 = PLANE('',#2158);
#2158 = AXIS2_PLACEMENT_3D('',#2159,#2160,#2161);
#2159 = CARTESIAN_POINT('',(-40.,-10.,-10.));
#2160 = DIRECTION('',(0.,0.,1.));
#2161 = DIRECTION('',(1.,0.,-0.));
#2162 = DEFINITIONAL_REPRESENTATION('',(#2163),#2166);
#2163 = B_SPLINE_CURVE_WITH_KNOTS('',1,(#2164,#2165),.UNSPECIFIED.,.F.,
  .F.,(2,2),(2.,82.),.PIECEWISE_BEZIER_KNOTS.);
#2164 = CARTESIAN_POINT('',(0.,14.5));
#2165 = CARTESIAN_POINT('',(80.,14.5));
#2166 = ( GEOMETRIC_REPRESENTATION_CONTEXT(2) 
PARAMETRIC_REPRESENTATION_CONTEXT() REPRESENTATION_CONTEXT('2D SPACE',''
  ) );
#2167 = ORIENTED_EDGE('',*,*,#2168,.T.);
#2168 = EDGE_CURVE('',#2141,#2169,#2171,.T.);
#2169 = VERTEX_POINT('',#2170);
#2170 = CARTESIAN_POINT('',(-40.,4.5,-18.));
#2171 = SURFACE_CURVE('',#2172,(#2176,#2182),.PCURVE_S1.);
#2172 = LINE('',#2173,#2174);
#2173 = CARTESIAN_POINT('',(-40.,4.5,-22.));
#2174 = VECTOR('',#2175,1.);
#2175 = DIRECTION('',(-0.,0.,-1.));
#2176 = PCURVE('',#601,#2177);
#2177 = DEFINITIONAL_REPRESENTATION('',(#2178),#2181);
#2178 = B_SPLINE_CURVE_WITH_KNOTS('',1,(#2179,#2180),.UNSPECIFIED.,.F.,
  .F.,(2,2),(-12.,-4.),.PIECEWISE_BEZIER_KNOTS.);
#2179 = CARTESIAN_POINT('',(16.,4.));
#2180 = CARTESIAN_POINT('',(8.,4.));
#2181 = ( GEOMETRIC_REPRESENTATION_CONTEXT(2) 
PARAMETRIC_REPRESENTATION_CONTEXT() REPRESENTATION_CONTEXT('2D SPACE',''
  ) );
#2182 = PCURVE('',#2183,#2188);
#2183 = PLANE('',#2184);
#2184 = AXIS2_PLACEMENT_3D('',#2185,#2186,#2187);
#2185 = CARTESIAN_POINT('',(-40.,-10.,-18.));
#2186 = DIRECTION('',(1.,0.,-0.));
#2187 = DIRECTION('',(0.,0.,1.));
#2188 = DEFINITIONAL_REPRESENTATION('',(#2189),#2192);
#2189 = B_SPLINE_CURVE_WITH_KNOTS('',1,(#2190,#2191),.UNSPECIFIED.,.F.,
  .F.,(2,2),(-12.,-4.),.PIECEWISE_BEZIER_KNOTS.);
#2190 = CARTESIAN_POINT('',(8.,-14.5));
#2191 = CARTESIAN_POINT('',(0.,-14.5));
#2192 = ( GEOMETRIC_REPRESENTATION_CONTEXT(2) 
PARAMETRIC_REPRESENTATION_CONTEXT() REPRESENTATION_CONTEXT('2D SPACE',''
  ) );
#2193 = ORIENTED_EDGE('',*,*,#2194,.T.);
#2194 = EDGE_CURVE('',#2169,#2195,#2197,.T.);
#2195 = VERTEX_POINT('',#2196);
#2196 = CARTESIAN_POINT('',(40.,4.5,-18.));
#2197 = SURFACE_CURVE('',#2198,(#2202,#2208),.PCURVE_S1.);
#2198 = LINE('',#2199,#2200);
#2199 = CARTESIAN_POINT('',(-42.,4.5,-18.));
#2200 = VECTOR('',#2201,1.);
#2201 = DIRECTION('',(1.,0.,-0.));
#2202 = PCURVE('',#601,#2203);
#2203 = DEFINITIONAL_REPRESENTATION('',(#2204),#2207);
#2204 = B_SPLINE_CURVE_WITH_KNOTS('',1,(#2205,#2206),.UNSPECIFIED.,.F.,
  .F.,(2,2),(2.,82.),.PIECEWISE_BEZIER_KNOTS.);
#2205 = CARTESIAN_POINT('',(8.,4.));
#2206 = CARTESIAN_POINT('',(8.,84.));
#2207 = ( GEOMETRIC_REPRESENTATION_CONTEXT(2) 
PARAMETRIC_REPRESENTATION_CONTEXT() REPRESENTATION_CONTEXT('2D SPACE',''
  ) );
#2208 = PCURVE('',#2209,#2214);
#2209 = PLANE('',#2210);
#2210 = AXIS2_PLACEMENT_3D('',#2211,#2212,#2213);
#2211 = CARTESIAN_POINT('',(-40.,-10.,-18.));
#2212 = DIRECTION('',(0.,0.,1.));
#2213 = DIRECTION('',(1.,0.,-0.));
#2214 = DEFINITIONAL_REPRESENTATION('',(#2215),#2218);
#2215 = B_SPLINE_CURVE_WITH_KNOTS('',1,(#2216,#2217),.UNSPECIFIED.,.F.,
  .F.,(2,2),(2.,82.),.PIECEWISE_BEZIER_KNOTS.);
#2216 = CARTESIAN_POINT('',(0.,14.5));
#2217 = CARTESIAN_POINT('',(80.,14.5));
#2218 = ( GEOMETRIC_REPRESENTATION_CONTEXT(2) 
PARAMETRIC_REPRESENTATION_CONTEXT() REPRESENTATION_CONTEXT('2D SPACE',''
  ) );
#2219 = ORIENTED_EDGE('',*,*,#2220,.F.);
#2220 = EDGE_CURVE('',#2143,#2195,#2221,.T.);
#2221 = SURFACE_CURVE('',#2222,(#2226,#2232),.PCURVE_S1.);
#2222 = LINE('',#2223,#2224);
#2223 = CARTESIAN_POINT('',(40.,4.5,-22.));
#2224 = VECTOR('',#2225,1.);
#2225 = DIRECTION('',(-0.,0.,-1.));
#2226 = PCURVE('',#601,#2227);
#2227 = DEFINITIONAL_REPRESENTATION('',(#2228),#2231);
#2228 = B_SPLINE_CURVE_WITH_KNOTS('',1,(#2229,#2230),.UNSPECIFIED.,.F.,
  .F.,(2,2),(-12.,-4.),.PIECEWISE_BEZIER_KNOTS.);
#2229 = CARTESIAN_POINT('',(16.,84.));
#2230 = CARTESIAN_POINT('',(8.,84.));
#2231 = ( GEOMETRIC_REPRESENTATION_CONTEXT(2) 
PARAMETRIC_REPRESENTATION_CONTEXT() REPRESENTATION_CONTEXT('2D SPACE',''
  ) );
#2232 = PCURVE('',#2233,#2238);
#2233 = PLANE('',#2234);
#2234 = AXIS2_PLACEMENT_3D('',#2235,#2236,#2237);
#2235 = CARTESIAN_POINT('',(40.,-10.,-18.));
#2236 = DIRECTION('',(1.,0.,-0.));
#2237 = DIRECTION('',(0.,0.,1.));
#2238 = DEFINITIONAL_REPRESENTATION('',(#2239),#2242);
#2239 = B_SPLINE_CURVE_WITH_KNOTS('',1,(#2240,#2241),.UNSPECIFIED.,.F.,
  .F.,(2,2),(-12.,-4.),.PIECEWISE_BEZIER_KNOTS.);
#2240 = CARTESIAN_POINT('',(8.,-14.5));
#2241 = CARTESIAN_POINT('',(0.,-14.5));
#2242 = ( GEOMETRIC_REPRESENTATION_CONTEXT(2) 
PARAMETRIC_REPRESENTATION_CONTEXT() REPRESENTATION_CONTEXT('2D SPACE',''
  ) );
#2243 = FACE_BOUND('',#2244,.F.);
#2244 = EDGE_LOOP('',(#2245));
#2245 = ORIENTED_EDGE('',*,*,#2246,.T.);
#2246 = EDGE_CURVE('',#2247,#2247,#2249,.T.);
#2247 = VERTEX_POINT('',#2248);
#2248 = CARTESIAN_POINT('',(31.8,4.5,9.795323294152E-16));
#2249 = SURFACE_CURVE('',#2250,(#2255,#2266),.PCURVE_S1.);
#2250 = CIRCLE('',#2251,2.8);
#2251 = AXIS2_PLACEMENT_3D('',#2252,#2253,#2254);
#2252 = CARTESIAN_POINT('',(29.,4.5,1.665334536938E-15));
#2253 = DIRECTION('',(0.,-1.,2.22044604925E-16));
#2254 = DIRECTION('',(1.,0.,0.));
#2255 = PCURVE('',#601,#2256);
#2256 = DEFINITIONAL_REPRESENTATION('',(#2257),#2265);
#2257 = ( BOUNDED_CURVE() B_SPLINE_CURVE(2,(#2258,#2259,#2260,#2261,
#2262,#2263,#2264),.UNSPECIFIED.,.T.,.F.) B_SPLINE_CURVE_WITH_KNOTS((1,2
    ,2,2,2,1),(-2.094395102393,0.,2.094395102393,4.188790204786,
6.28318530718,8.377580409573),.UNSPECIFIED.) CURVE() 
GEOMETRIC_REPRESENTATION_ITEM() RATIONAL_B_SPLINE_CURVE((1.,0.5,1.,0.5,
1.,0.5,1.)) REPRESENTATION_ITEM('') );
#2258 = CARTESIAN_POINT('',(26.,75.8));
#2259 = CARTESIAN_POINT('',(30.849742261193,75.8));
#2260 = CARTESIAN_POINT('',(28.424871130596,71.6));
#2261 = CARTESIAN_POINT('',(26.,67.4));
#2262 = CARTESIAN_POINT('',(23.575128869404,71.6));
#2263 = CARTESIAN_POINT('',(21.150257738807,75.8));
#2264 = CARTESIAN_POINT('',(26.,75.8));
#2265 = ( GEOMETRIC_REPRESENTATION_CONTEXT(2) 
PARAMETRIC_REPRESENTATION_CONTEXT() REPRESENTATION_CONTEXT('2D SPACE',''
  ) );
#2266 = PCURVE('',#2267,#2272);
#2267 = CYLINDRICAL_SURFACE('',#2268,2.8);
#2268 = AXIS2_PLACEMENT_3D('',#2269,#2270,#2271);
#2269 = CARTESIAN_POINT('',(29.,12.,0.));
#2270 = DIRECTION('',(0.,-1.,2.22044604925E-16));
#2271 = DIRECTION('',(1.,0.,0.));
#2272 = DEFINITIONAL_REPRESENTATION('',(#2273),#2277);
#2273 = LINE('',#2274,#2275);
#2274 = CARTESIAN_POINT('',(0.,7.5));
#2275 = VECTOR('',#2276,1.);
#2276 = DIRECTION('',(1.,0.));
#2277 = ( GEOMETRIC_REPRESENTATION_CONTEXT(2) 
PARAMETRIC_REPRESENTATION_CONTEXT() REPRESENTATION_CONTEXT('2D SPACE',''
  ) );
#2278 = ADVANCED_FACE('',(#2279),#629,.T.);
#2279 = FACE_BOUND('',#2280,.T.);
#2280 = EDGE_LOOP('',(#2281,#2282,#2283,#2304));
#2281 = ORIENTED_EDGE('',*,*,#2020,.F.);
#2282 = ORIENTED_EDGE('',*,*,#1456,.T.);
#2283 = ORIENTED_EDGE('',*,*,#2284,.T.);
#2284 = EDGE_CURVE('',#1457,#614,#2285,.T.);
#2285 = SURFACE_CURVE('',#2286,(#2290,#2297),.PCURVE_S1.);
#2286 = LINE('',#2287,#2288);
#2287 = CARTESIAN_POINT('',(44.,8.5,-26.));
#2288 = VECTOR('',#2289,1.);
#2289 = DIRECTION('',(0.,0.,1.));
#2290 = PCURVE('',#629,#2291);
#2291 = DEFINITIONAL_REPRESENTATION('',(#2292),#2296);
#2292 = LINE('',#2293,#2294);
#2293 = CARTESIAN_POINT('',(0.,-4.));
#2294 = VECTOR('',#2295,1.);
#2295 = DIRECTION('',(1.,0.));
#2296 = ( GEOMETRIC_REPRESENTATION_CONTEXT(2) 
PARAMETRIC_REPRESENTATION_CONTEXT() REPRESENTATION_CONTEXT('2D SPACE',''
  ) );
#2297 = PCURVE('',#657,#2298);
#2298 = DEFINITIONAL_REPRESENTATION('',(#2299),#2303);
#2299 = LINE('',#2300,#2301);
#2300 = CARTESIAN_POINT('',(0.,88.));
#2301 = VECTOR('',#2302,1.);
#2302 = DIRECTION('',(1.,0.));
#2303 = ( GEOMETRIC_REPRESENTATION_CONTEXT(2) 
PARAMETRIC_REPRESENTATION_CONTEXT() REPRESENTATION_CONTEXT('2D SPACE',''
  ) );
#2304 = ORIENTED_EDGE('',*,*,#613,.F.);
#2305 = ADVANCED_FACE('',(#2306,#2402,#2432,#2518),#657,.T.);
#2306 = FACE_BOUND('',#2307,.T.);
#2307 = EDGE_LOOP('',(#2308,#2309,#2310,#2331,#2332,#2354,#2382,#2401));
#2308 = ORIENTED_EDGE('',*,*,#2284,.F.);
#2309 = ORIENTED_EDGE('',*,*,#1479,.F.);
#2310 = ORIENTED_EDGE('',*,*,#2311,.T.);
#2311 = EDGE_CURVE('',#1480,#866,#2312,.T.);
#2312 = SURFACE_CURVE('',#2313,(#2317,#2324),.PCURVE_S1.);
#2313 = LINE('',#2314,#2315);
#2314 = CARTESIAN_POINT('',(-44.,8.5,-26.));
#2315 = VECTOR('',#2316,1.);
#2316 = DIRECTION('',(0.,0.,1.));
#2317 = PCURVE('',#657,#2318);
#2318 = DEFINITIONAL_REPRESENTATION('',(#2319),#2323);
#2319 = LINE('',#2320,#2321);
#2320 = CARTESIAN_POINT('',(0.,0.));
#2321 = VECTOR('',#2322,1.);
#2322 = DIRECTION('',(1.,0.));
#2323 = ( GEOMETRIC_REPRESENTATION_CONTEXT(2) 
PARAMETRIC_REPRESENTATION_CONTEXT() REPRESENTATION_CONTEXT('2D SPACE',''
  ) );
#2324 = PCURVE('',#904,#2325);
#2325 = DEFINITIONAL_REPRESENTATION('',(#2326),#2330);
#2326 = LINE('',#2327,#2328);
#2327 = CARTESIAN_POINT('',(0.,-4.));
#2328 = VECTOR('',#2329,1.);
#2329 = DIRECTION('',(1.,0.));
#2330 = ( GEOMETRIC_REPRESENTATION_CONTEXT(2) 
PARAMETRIC_REPRESENTATION_CONTEXT() REPRESENTATION_CONTEXT('2D SPACE',''
  ) );
#2331 = ORIENTED_EDGE('',*,*,#865,.T.);
#2332 = ORIENTED_EDGE('',*,*,#2333,.T.);
#2333 = EDGE_CURVE('',#838,#2334,#2336,.T.);
#2334 = VERTEX_POINT('',#2335);
#2335 = CARTESIAN_POINT('',(-16.,8.5,12.));
#2336 = SURFACE_CURVE('',#2337,(#2341,#2347),.PCURVE_S1.);
#2337 = LINE('',#2338,#2339);
#2338 = CARTESIAN_POINT('',(-16.,8.5,-7.));
#2339 = VECTOR('',#2340,1.);
#2340 = DIRECTION('',(-0.,0.,-1.));
#2341 = PCURVE('',#657,#2342);
#2342 = DEFINITIONAL_REPRESENTATION('',(#2343),#2346);
#2343 = B_SPLINE_CURVE_WITH_KNOTS('',1,(#2344,#2345),.UNSPECIFIED.,.F.,
  .F.,(2,2),(-35.,-19.),.PIECEWISE_BEZIER_KNOTS.);
#2344 = CARTESIAN_POINT('',(54.,28.));
#2345 = CARTESIAN_POINT('',(38.,28.));
#2346 = ( GEOMETRIC_REPRESENTATION_CONTEXT(2) 
PARAMETRIC_REPRESENTATION_CONTEXT() REPRESENTATION_CONTEXT('2D SPACE',''
  ) );
#2347 = PCURVE('',#853,#2348);
#2348 = DEFINITIONAL_REPRESENTATION('',(#2349),#2353);
#2349 = LINE('',#2350,#2351);
#2350 = CARTESIAN_POINT('',(-19.,-0.2));
#2351 = VECTOR('',#2352,1.);
#2352 = DIRECTION('',(-1.,-0.));
#2353 = ( GEOMETRIC_REPRESENTATION_CONTEXT(2) 
PARAMETRIC_REPRESENTATION_CONTEXT() REPRESENTATION_CONTEXT('2D SPACE',''
  ) );
#2354 = ORIENTED_EDGE('',*,*,#2355,.T.);
#2355 = EDGE_CURVE('',#2334,#2356,#2358,.T.);
#2356 = VERTEX_POINT('',#2357);
#2357 = CARTESIAN_POINT('',(8.,8.5,12.));
#2358 = SURFACE_CURVE('',#2359,(#2363,#2370),.PCURVE_S1.);
#2359 = LINE('',#2360,#2361);
#2360 = CARTESIAN_POINT('',(-16.,8.5,12.));
#2361 = VECTOR('',#2362,1.);
#2362 = DIRECTION('',(1.,0.,0.));
#2363 = PCURVE('',#657,#2364);
#2364 = DEFINITIONAL_REPRESENTATION('',(#2365),#2369);
#2365 = LINE('',#2366,#2367);
#2366 = CARTESIAN_POINT('',(38.,28.));
#2367 = VECTOR('',#2368,1.);
#2368 = DIRECTION('',(0.,1.));
#2369 = ( GEOMETRIC_REPRESENTATION_CONTEXT(2) 
PARAMETRIC_REPRESENTATION_CONTEXT() REPRESENTATION_CONTEXT('2D SPACE',''
  ) );
#2370 = PCURVE('',#2371,#2376);
#2371 = PLANE('',#2372);
#2372 = AXIS2_PLACEMENT_3D('',#2373,#2374,#2375);
#2373 = CARTESIAN_POINT('',(-16.,8.3,12.));
#2374 = DIRECTION('',(0.,0.,1.));
#2375 = DIRECTION('',(1.,0.,-0.));
#2376 = DEFINITIONAL_REPRESENTATION('',(#2377),#2381);
#2377 = LINE('',#2378,#2379);
#2378 = CARTESIAN_POINT('',(0.,0.2));
#2379 = VECTOR('',#2380,1.);
#2380 = DIRECTION('',(1.,0.));
#2381 = ( GEOMETRIC_REPRESENTATION_CONTEXT(2) 
PARAMETRIC_REPRESENTATION_CONTEXT() REPRESENTATION_CONTEXT('2D SPACE',''
  ) );
#2382 = ORIENTED_EDGE('',*,*,#2383,.F.);
#2383 = EDGE_CURVE('',#642,#2356,#2384,.T.);
#2384 = SURFACE_CURVE('',#2385,(#2389,#2395),.PCURVE_S1.);
#2385 = LINE('',#2386,#2387);
#2386 = CARTESIAN_POINT('',(8.,8.5,-7.));
#2387 = VECTOR('',#2388,1.);
#2388 = DIRECTION('',(-0.,0.,-1.));
#2389 = PCURVE('',#657,#2390);
#2390 = DEFINITIONAL_REPRESENTATION('',(#2391),#2394);
#2391 = B_SPLINE_CURVE_WITH_KNOTS('',1,(#2392,#2393),.UNSPECIFIED.,.F.,
  .F.,(2,2),(-35.,-19.),.PIECEWISE_BEZIER_KNOTS.);
#2392 = CARTESIAN_POINT('',(54.,52.));
#2393 = CARTESIAN_POINT('',(38.,52.));
#2394 = ( GEOMETRIC_REPRESENTATION_CONTEXT(2) 
PARAMETRIC_REPRESENTATION_CONTEXT() REPRESENTATION_CONTEXT('2D SPACE',''
  ) );
#2395 = PCURVE('',#685,#2396);
#2396 = DEFINITIONAL_REPRESENTATION('',(#2397),#2400);
#2397 = B_SPLINE_CURVE_WITH_KNOTS('',1,(#2398,#2399),.UNSPECIFIED.,.F.,
  .F.,(2,2),(-35.,-19.),.PIECEWISE_BEZIER_KNOTS.);
#2398 = CARTESIAN_POINT('',(16.,-0.2));
#2399 = CARTESIAN_POINT('',(0.,-0.2));
#2400 = ( GEOMETRIC_REPRESENTATION_CONTEXT(2) 
PARAMETRIC_REPRESENTATION_CONTEXT() REPRESENTATION_CONTEXT('2D SPACE',''
  ) );
#2401 = ORIENTED_EDGE('',*,*,#641,.T.);
#2402 = FACE_BOUND('',#2403,.T.);
#2403 = EDGE_LOOP('',(#2404));
#2404 = ORIENTED_EDGE('',*,*,#2405,.T.);
#2405 = EDGE_CURVE('',#2406,#2406,#2408,.T.);
#2406 = VERTEX_POINT('',#2407);
#2407 = CARTESIAN_POINT('',(-26.2,8.5,9.135390971509E-17));
#2408 = SURFACE_CURVE('',#2409,(#2414,#2425),.PCURVE_S1.);
#2409 = CIRCLE('',#2410,2.8);
#2410 = AXIS2_PLACEMENT_3D('',#2411,#2412,#2413);
#2411 = CARTESIAN_POINT('',(-29.,8.5,7.771561172376E-16));
#2412 = DIRECTION('',(0.,-1.,2.22044604925E-16));
#2413 = DIRECTION('',(1.,0.,0.));
#2414 = PCURVE('',#657,#2415);
#2415 = DEFINITIONAL_REPRESENTATION('',(#2416),#2424);
#2416 = ( BOUNDED_CURVE() B_SPLINE_CURVE(2,(#2417,#2418,#2419,#2420,
#2421,#2422,#2423),.UNSPECIFIED.,.T.,.F.) B_SPLINE_CURVE_WITH_KNOTS((1,2
    ,2,2,2,1),(-2.094395102393,0.,2.094395102393,4.188790204786,
6.28318530718,8.377580409573),.UNSPECIFIED.) CURVE() 
GEOMETRIC_REPRESENTATION_ITEM() RATIONAL_B_SPLINE_CURVE((1.,0.5,1.,0.5,
1.,0.5,1.)) REPRESENTATION_ITEM('') );
#2417 = CARTESIAN_POINT('',(26.,17.8));
#2418 = CARTESIAN_POINT('',(30.849742261193,17.8));
#2419 = CARTESIAN_POINT('',(28.424871130596,13.6));
#2420 = CARTESIAN_POINT('',(26.,9.4));
#2421 = CARTESIAN_POINT('',(23.575128869404,13.6));
#2422 = CARTESIAN_POINT('',(21.150257738807,17.8));
#2423 = CARTESIAN_POINT('',(26.,17.8));
#2424 = ( GEOMETRIC_REPRESENTATION_CONTEXT(2) 
PARAMETRIC_REPRESENTATION_CONTEXT() REPRESENTATION_CONTEXT('2D SPACE',''
  ) );
#2425 = PCURVE('',#2126,#2426);
#2426 = DEFINITIONAL_REPRESENTATION('',(#2427),#2431);
#2427 = LINE('',#2428,#2429);
#2428 = CARTESIAN_POINT('',(0.,3.5));
#2429 = VECTOR('',#2430,1.);
#2430 = DIRECTION('',(1.,0.));
#2431 = ( GEOMETRIC_REPRESENTATION_CONTEXT(2) 
PARAMETRIC_REPRESENTATION_CONTEXT() REPRESENTATION_CONTEXT('2D SPACE',''
  ) );
#2432 = FACE_BOUND('',#2433,.T.);
#2433 = EDGE_LOOP('',(#2434,#2457,#2478,#2499));
#2434 = ORIENTED_EDGE('',*,*,#2435,.F.);
#2435 = EDGE_CURVE('',#2436,#2438,#2440,.T.);
#2436 = VERTEX_POINT('',#2437);
#2437 = CARTESIAN_POINT('',(-40.,8.5,-10.));
#2438 = VERTEX_POINT('',#2439);
#2439 = CARTESIAN_POINT('',(40.,8.5,-10.));
#2440 = SURFACE_CURVE('',#2441,(#2445,#2451),.PCURVE_S1.);
#2441 = LINE('',#2442,#2443);
#2442 = CARTESIAN_POINT('',(-42.,8.5,-10.));
#2443 = VECTOR('',#2444,1.);
#2444 = DIRECTION('',(1.,0.,-0.));
#2445 = PCURVE('',#657,#2446);
#2446 = DEFINITIONAL_REPRESENTATION('',(#2447),#2450);
#2447 = B_SPLINE_CURVE_WITH_KNOTS('',1,(#2448,#2449),.UNSPECIFIED.,.F.,
  .F.,(2,2),(2.,82.),.PIECEWISE_BEZIER_KNOTS.);
#2448 = CARTESIAN_POINT('',(16.,4.));
#2449 = CARTESIAN_POINT('',(16.,84.));
#2450 = ( GEOMETRIC_REPRESENTATION_CONTEXT(2) 
PARAMETRIC_REPRESENTATION_CONTEXT() REPRESENTATION_CONTEXT('2D SPACE',''
  ) );
#2451 = PCURVE('',#2157,#2452);
#2452 = DEFINITIONAL_REPRESENTATION('',(#2453),#2456);
#2453 = B_SPLINE_CURVE_WITH_KNOTS('',1,(#2454,#2455),.UNSPECIFIED.,.F.,
  .F.,(2,2),(2.,82.),.PIECEWISE_BEZIER_KNOTS.);
#2454 = CARTESIAN_POINT('',(0.,18.5));
#2455 = CARTESIAN_POINT('',(80.,18.5));
#2456 = ( GEOMETRIC_REPRESENTATION_CONTEXT(2) 
PARAMETRIC_REPRESENTATION_CONTEXT() REPRESENTATION_CONTEXT('2D SPACE',''
  ) );
#2457 = ORIENTED_EDGE('',*,*,#2458,.T.);
#2458 = EDGE_CURVE('',#2436,#2459,#2461,.T.);
#2459 = VERTEX_POINT('',#2460);
#2460 = CARTESIAN_POINT('',(-40.,8.5,-18.));
#2461 = SURFACE_CURVE('',#2462,(#2466,#2472),.PCURVE_S1.);
#2462 = LINE('',#2463,#2464);
#2463 = CARTESIAN_POINT('',(-40.,8.5,-22.));
#2464 = VECTOR('',#2465,1.);
#2465 = DIRECTION('',(-0.,0.,-1.));
#2466 = PCURVE('',#657,#2467);
#2467 = DEFINITIONAL_REPRESENTATION('',(#2468),#2471);
#2468 = B_SPLINE_CURVE_WITH_KNOTS('',1,(#2469,#2470),.UNSPECIFIED.,.F.,
  .F.,(2,2),(-12.,-4.),.PIECEWISE_BEZIER_KNOTS.);
#2469 = CARTESIAN_POINT('',(16.,4.));
#2470 = CARTESIAN_POINT('',(8.,4.));
#2471 = ( GEOMETRIC_REPRESENTATION_CONTEXT(2) 
PARAMETRIC_REPRESENTATION_CONTEXT() REPRESENTATION_CONTEXT('2D SPACE',''
  ) );
#2472 = PCURVE('',#2183,#2473);
#2473 = DEFINITIONAL_REPRESENTATION('',(#2474),#2477);
#2474 = B_SPLINE_CURVE_WITH_KNOTS('',1,(#2475,#2476),.UNSPECIFIED.,.F.,
  .F.,(2,2),(-12.,-4.),.PIECEWISE_BEZIER_KNOTS.);
#2475 = CARTESIAN_POINT('',(8.,-18.5));
#2476 = CARTESIAN_POINT('',(0.,-18.5));
#2477 = ( GEOMETRIC_REPRESENTATION_CONTEXT(2) 
PARAMETRIC_REPRESENTATION_CONTEXT() REPRESENTATION_CONTEXT('2D SPACE',''
  ) );
#2478 = ORIENTED_EDGE('',*,*,#2479,.T.);
#2479 = EDGE_CURVE('',#2459,#2480,#2482,.T.);
#2480 = VERTEX_POINT('',#2481);
#2481 = CARTESIAN_POINT('',(40.,8.5,-18.));
#2482 = SURFACE_CURVE('',#2483,(#2487,#2493),.PCURVE_S1.);
#2483 = LINE('',#2484,#2485);
#2484 = CARTESIAN_POINT('',(-42.,8.5,-18.));
#2485 = VECTOR('',#2486,1.);
#2486 = DIRECTION('',(1.,0.,-0.));
#2487 = PCURVE('',#657,#2488);
#2488 = DEFINITIONAL_REPRESENTATION('',(#2489),#2492);
#2489 = B_SPLINE_CURVE_WITH_KNOTS('',1,(#2490,#2491),.UNSPECIFIED.,.F.,
  .F.,(2,2),(2.,82.),.PIECEWISE_BEZIER_KNOTS.);
#2490 = CARTESIAN_POINT('',(8.,4.));
#2491 = CARTESIAN_POINT('',(8.,84.));
#2492 = ( GEOMETRIC_REPRESENTATION_CONTEXT(2) 
PARAMETRIC_REPRESENTATION_CONTEXT() REPRESENTATION_CONTEXT('2D SPACE',''
  ) );
#2493 = PCURVE('',#2209,#2494);
#2494 = DEFINITIONAL_REPRESENTATION('',(#2495),#2498);
#2495 = B_SPLINE_CURVE_WITH_KNOTS('',1,(#2496,#2497),.UNSPECIFIED.,.F.,
  .F.,(2,2),(2.,82.),.PIECEWISE_BEZIER_KNOTS.);
#2496 = CARTESIAN_POINT('',(0.,18.5));
#2497 = CARTESIAN_POINT('',(80.,18.5));
#2498 = ( GEOMETRIC_REPRESENTATION_CONTEXT(2) 
PARAMETRIC_REPRESENTATION_CONTEXT() REPRESENTATION_CONTEXT('2D SPACE',''
  ) );
#2499 = ORIENTED_EDGE('',*,*,#2500,.F.);
#2500 = EDGE_CURVE('',#2438,#2480,#2501,.T.);
#2501 = SURFACE_CURVE('',#2502,(#2506,#2512),.PCURVE_S1.);
#2502 = LINE('',#2503,#2504);
#2503 = CARTESIAN_POINT('',(40.,8.5,-22.));
#2504 = VECTOR('',#2505,1.);
#2505 = DIRECTION('',(-0.,0.,-1.));
#2506 = PCURVE('',#657,#2507);
#2507 = DEFINITIONAL_REPRESENTATION('',(#2508),#2511);
#2508 = B_SPLINE_CURVE_WITH_KNOTS('',1,(#2509,#2510),.UNSPECIFIED.,.F.,
  .F.,(2,2),(-12.,-4.),.PIECEWISE_BEZIER_KNOTS.);
#2509 = CARTESIAN_POINT('',(16.,84.));
#2510 = CARTESIAN_POINT('',(8.,84.));
#2511 = ( GEOMETRIC_REPRESENTATION_CONTEXT(2) 
PARAMETRIC_REPRESENTATION_CONTEXT() REPRESENTATION_CONTEXT('2D SPACE',''
  ) );
#2512 = PCURVE('',#2233,#2513);
#2513 = DEFINITIONAL_REPRESENTATION('',(#2514),#2517);
#2514 = B_SPLINE_CURVE_WITH_KNOTS('',1,(#2515,#2516),.UNSPECIFIED.,.F.,
  .F.,(2,2),(-12.,-4.),.PIECEWISE_BEZIER_KNOTS.);
#2515 = CARTESIAN_POINT('',(8.,-18.5));
#2516 = CARTESIAN_POINT('',(0.,-18.5));
#2517 = ( GEOMETRIC_REPRESENTATION_CONTEXT(2) 
PARAMETRIC_REPRESENTATION_CONTEXT() REPRESENTATION_CONTEXT('2D SPACE',''
  ) );
#2518 = FACE_BOUND('',#2519,.T.);
#2519 = EDGE_LOOP('',(#2520));
#2520 = ORIENTED_EDGE('',*,*,#2521,.T.);
#2521 = EDGE_CURVE('',#2522,#2522,#2524,.T.);
#2522 = VERTEX_POINT('',#2523);
#2523 = CARTESIAN_POINT('',(31.8,8.5,9.135390971509E-17));
#2524 = SURFACE_CURVE('',#2525,(#2530,#2541),.PCURVE_S1.);
#2525 = CIRCLE('',#2526,2.8);
#2526 = AXIS2_PLACEMENT_3D('',#2527,#2528,#2529);
#2527 = CARTESIAN_POINT('',(29.,8.5,7.771561172376E-16));
#2528 = DIRECTION('',(0.,-1.,2.22044604925E-16));
#2529 = DIRECTION('',(1.,0.,0.));
#2530 = PCURVE('',#657,#2531);
#2531 = DEFINITIONAL_REPRESENTATION('',(#2532),#2540);
#2532 = ( BOUNDED_CURVE() B_SPLINE_CURVE(2,(#2533,#2534,#2535,#2536,
#2537,#2538,#2539),.UNSPECIFIED.,.T.,.F.) B_SPLINE_CURVE_WITH_KNOTS((1,2
    ,2,2,2,1),(-2.094395102393,0.,2.094395102393,4.188790204786,
6.28318530718,8.377580409573),.UNSPECIFIED.) CURVE() 
GEOMETRIC_REPRESENTATION_ITEM() RATIONAL_B_SPLINE_CURVE((1.,0.5,1.,0.5,
1.,0.5,1.)) REPRESENTATION_ITEM('') );
#2533 = CARTESIAN_POINT('',(26.,75.8));
#2534 = CARTESIAN_POINT('',(30.849742261193,75.8));
#2535 = CARTESIAN_POINT('',(28.424871130596,71.6));
#2536 = CARTESIAN_POINT('',(26.,67.4));
#2537 = CARTESIAN_POINT('',(23.575128869404,71.6));
#2538 = CARTESIAN_POINT('',(21.150257738807,75.8));
#2539 = CARTESIAN_POINT('',(26.,75.8));
#2540 = ( GEOMETRIC_REPRESENTATION_CONTEXT(2) 
PARAMETRIC_REPRESENTATION_CONTEXT() REPRESENTATION_CONTEXT('2D SPACE',''
  ) );
#2541 = PCURVE('',#2267,#2542);
#2542 = DEFINITIONAL_REPRESENTATION('',(#2543),#2547);
#2543 = LINE('',#2544,#2545);
#2544 = CARTESIAN_POINT('',(0.,3.5));
#2545 = VECTOR('',#2546,1.);
#2546 = DIRECTION('',(1.,0.));
#2547 = ( GEOMETRIC_REPRESENTATION_CONTEXT(2) 
PARAMETRIC_REPRESENTATION_CONTEXT() REPRESENTATION_CONTEXT('2D SPACE',''
  ) );
#2548 = ADVANCED_FACE('',(#2549),#685,.T.);
#2549 = FACE_BOUND('',#2550,.T.);
#2550 = EDGE_LOOP('',(#2551,#2552,#2553,#2576));
#2551 = ORIENTED_EDGE('',*,*,#669,.F.);
#2552 = ORIENTED_EDGE('',*,*,#2383,.T.);
#2553 = ORIENTED_EDGE('',*,*,#2554,.T.);
#2554 = EDGE_CURVE('',#2356,#2555,#2557,.T.);
#2555 = VERTEX_POINT('',#2556);
#2556 = CARTESIAN_POINT('',(8.,10.,12.));
#2557 = SURFACE_CURVE('',#2558,(#2562,#2569),.PCURVE_S1.);
#2558 = LINE('',#2559,#2560);
#2559 = CARTESIAN_POINT('',(8.,8.3,12.));
#2560 = VECTOR('',#2561,1.);
#2561 = DIRECTION('',(-0.,1.,0.));
#2562 = PCURVE('',#685,#2563);
#2563 = DEFINITIONAL_REPRESENTATION('',(#2564),#2568);
#2564 = LINE('',#2565,#2566);
#2565 = CARTESIAN_POINT('',(0.,0.));
#2566 = VECTOR('',#2567,1.);
#2567 = DIRECTION('',(0.,-1.));
#2568 = ( GEOMETRIC_REPRESENTATION_CONTEXT(2) 
PARAMETRIC_REPRESENTATION_CONTEXT() REPRESENTATION_CONTEXT('2D SPACE',''
  ) );
#2569 = PCURVE('',#2371,#2570);
#2570 = DEFINITIONAL_REPRESENTATION('',(#2571),#2575);
#2571 = LINE('',#2572,#2573);
#2572 = CARTESIAN_POINT('',(24.,0.));
#2573 = VECTOR('',#2574,1.);
#2574 = DIRECTION('',(0.,1.));
#2575 = ( GEOMETRIC_REPRESENTATION_CONTEXT(2) 
PARAMETRIC_REPRESENTATION_CONTEXT() REPRESENTATION_CONTEXT('2D SPACE',''
  ) );
#2576 = ORIENTED_EDGE('',*,*,#2577,.T.);
#2577 = EDGE_CURVE('',#2555,#670,#2578,.T.);
#2578 = SURFACE_CURVE('',#2579,(#2583,#2590),.PCURVE_S1.);
#2579 = LINE('',#2580,#2581);
#2580 = CARTESIAN_POINT('',(8.,10.,12.));
#2581 = VECTOR('',#2582,1.);
#2582 = DIRECTION('',(0.,0.,1.));
#2583 = PCURVE('',#685,#2584);
#2584 = DEFINITIONAL_REPRESENTATION('',(#2585),#2589);
#2585 = LINE('',#2586,#2587);
#2586 = CARTESIAN_POINT('',(0.,-1.7));
#2587 = VECTOR('',#2588,1.);
#2588 = DIRECTION('',(1.,0.));
#2589 = ( GEOMETRIC_REPRESENTATION_CONTEXT(2) 
PARAMETRIC_REPRESENTATION_CONTEXT() REPRESENTATION_CONTEXT('2D SPACE',''
  ) );
#2590 = PCURVE('',#713,#2591);
#2591 = DEFINITIONAL_REPRESENTATION('',(#2592),#2596);
#2592 = LINE('',#2593,#2594);
#2593 = CARTESIAN_POINT('',(0.,24.));
#2594 = VECTOR('',#2595,1.);
#2595 = DIRECTION('',(1.,0.));
#2596 = ( GEOMETRIC_REPRESENTATION_CONTEXT(2) 
PARAMETRIC_REPRESENTATION_CONTEXT() REPRESENTATION_CONTEXT('2D SPACE',''
  ) );
#2597 = ADVANCED_FACE('',(#2598,#2644),#713,.T.);
#2598 = FACE_BOUND('',#2599,.T.);
#2599 = EDGE_LOOP('',(#2600,#2623,#2642,#2643));
#2600 = ORIENTED_EDGE('',*,*,#2601,.F.);
#2601 = EDGE_CURVE('',#2602,#2555,#2604,.T.);
#2602 = VERTEX_POINT('',#2603);
#2603 = CARTESIAN_POINT('',(-10.,10.,12.));
#2604 = SURFACE_CURVE('',#2605,(#2609,#2616),.PCURVE_S1.);
#2605 = LINE('',#2606,#2607);
#2606 = CARTESIAN_POINT('',(-16.,10.,12.));
#2607 = VECTOR('',#2608,1.);
#2608 = DIRECTION('',(1.,0.,-0.));
#2609 = PCURVE('',#713,#2610);
#2610 = DEFINITIONAL_REPRESENTATION('',(#2611),#2615);
#2611 = LINE('',#2612,#2613);
#2612 = CARTESIAN_POINT('',(0.,0.));
#2613 = VECTOR('',#2614,1.);
#2614 = DIRECTION('',(0.,1.));
#2615 = ( GEOMETRIC_REPRESENTATION_CONTEXT(2) 
PARAMETRIC_REPRESENTATION_CONTEXT() REPRESENTATION_CONTEXT('2D SPACE',''
  ) );
#2616 = PCURVE('',#2371,#2617);
#2617 = DEFINITIONAL_REPRESENTATION('',(#2618),#2622);
#2618 = LINE('',#2619,#2620);
#2619 = CARTESIAN_POINT('',(0.,1.7));
#2620 = VECTOR('',#2621,1.);
#2621 = DIRECTION('',(1.,0.));
#2622 = ( GEOMETRIC_REPRESENTATION_CONTEXT(2) 
PARAMETRIC_REPRESENTATION_CONTEXT() REPRESENTATION_CONTEXT('2D SPACE',''
  ) );
#2623 = ORIENTED_EDGE('',*,*,#2624,.F.);
#2624 = EDGE_CURVE('',#698,#2602,#2625,.T.);
#2625 = SURFACE_CURVE('',#2626,(#2630,#2636),.PCURVE_S1.);
#2626 = LINE('',#2627,#2628);
#2627 = CARTESIAN_POINT('',(-10.,10.,12.));
#2628 = VECTOR('',#2629,1.);
#2629 = DIRECTION('',(-0.,0.,-1.));
#2630 = PCURVE('',#713,#2631);
#2631 = DEFINITIONAL_REPRESENTATION('',(#2632),#2635);
#2632 = B_SPLINE_CURVE_WITH_KNOTS('',1,(#2633,#2634),.UNSPECIFIED.,.F.,
  .F.,(2,2),(-16.,0.),.PIECEWISE_BEZIER_KNOTS.);
#2633 = CARTESIAN_POINT('',(16.,6.));
#2634 = CARTESIAN_POINT('',(0.,6.));
#2635 = ( GEOMETRIC_REPRESENTATION_CONTEXT(2) 
PARAMETRIC_REPRESENTATION_CONTEXT() REPRESENTATION_CONTEXT('2D SPACE',''
  ) );
#2636 = PCURVE('',#741,#2637);
#2637 = DEFINITIONAL_REPRESENTATION('',(#2638),#2641);
#2638 = B_SPLINE_CURVE_WITH_KNOTS('',1,(#2639,#2640),.UNSPECIFIED.,.F.,
  .F.,(2,2),(-16.,0.),.PIECEWISE_BEZIER_KNOTS.);
#2639 = CARTESIAN_POINT('',(16.,-1.7));
#2640 = CARTESIAN_POINT('',(0.,-1.7));
#2641 = ( GEOMETRIC_REPRESENTATION_CONTEXT(2) 
PARAMETRIC_REPRESENTATION_CONTEXT() REPRESENTATION_CONTEXT('2D SPACE',''
  ) );
#2642 = ORIENTED_EDGE('',*,*,#697,.T.);
#2643 = ORIENTED_EDGE('',*,*,#2577,.F.);
#2644 = FACE_BOUND('',#2645,.T.);
#2645 = EDGE_LOOP('',(#2646));
#2646 = ORIENTED_EDGE('',*,*,#1809,.T.);
#2647 = ADVANCED_FACE('',(#2648),#741,.T.);
#2648 = FACE_BOUND('',#2649,.T.);
#2649 = EDGE_LOOP('',(#2650,#2651,#2652,#2675));
#2650 = ORIENTED_EDGE('',*,*,#725,.F.);
#2651 = ORIENTED_EDGE('',*,*,#2624,.T.);
#2652 = ORIENTED_EDGE('',*,*,#2653,.T.);
#2653 = EDGE_CURVE('',#2602,#2654,#2656,.T.);
#2654 = VERTEX_POINT('',#2655);
#2655 = CARTESIAN_POINT('',(-10.,15.,12.));
#2656 = SURFACE_CURVE('',#2657,(#2661,#2668),.PCURVE_S1.);
#2657 = LINE('',#2658,#2659);
#2658 = CARTESIAN_POINT('',(-10.,8.3,12.));
#2659 = VECTOR('',#2660,1.);
#2660 = DIRECTION('',(-0.,1.,0.));
#2661 = PCURVE('',#741,#2662);
#2662 = DEFINITIONAL_REPRESENTATION('',(#2663),#2667);
#2663 = LINE('',#2664,#2665);
#2664 = CARTESIAN_POINT('',(0.,0.));
#2665 = VECTOR('',#2666,1.);
#2666 = DIRECTION('',(0.,-1.));
#2667 = ( GEOMETRIC_REPRESENTATION_CONTEXT(2) 
PARAMETRIC_REPRESENTATION_CONTEXT() REPRESENTATION_CONTEXT('2D SPACE',''
  ) );
#2668 = PCURVE('',#2371,#2669);
#2669 = DEFINITIONAL_REPRESENTATION('',(#2670),#2674);
#2670 = LINE('',#2671,#2672);
#2671 = CARTESIAN_POINT('',(6.,0.));
#2672 = VECTOR('',#2673,1.);
#2673 = DIRECTION('',(0.,1.));
#2674 = ( GEOMETRIC_REPRESENTATION_CONTEXT(2) 
PARAMETRIC_REPRESENTATION_CONTEXT() REPRESENTATION_CONTEXT('2D SPACE',''
  ) );
#2675 = ORIENTED_EDGE('',*,*,#2676,.F.);
#2676 = EDGE_CURVE('',#726,#2654,#2677,.T.);
#2677 = SURFACE_CURVE('',#2678,(#2682,#2688),.PCURVE_S1.);
#2678 = LINE('',#2679,#2680);
#2679 = CARTESIAN_POINT('',(-10.,15.,12.));
#2680 = VECTOR('',#2681,1.);
#2681 = DIRECTION('',(-0.,0.,-1.));
#2682 = PCURVE('',#741,#2683);
#2683 = DEFINITIONAL_REPRESENTATION('',(#2684),#2687);
#2684 = B_SPLINE_CURVE_WITH_KNOTS('',1,(#2685,#2686),.UNSPECIFIED.,.F.,
  .F.,(2,2),(-16.,0.),.PIECEWISE_BEZIER_KNOTS.);
#2685 = CARTESIAN_POINT('',(16.,-6.7));
#2686 = CARTESIAN_POINT('',(0.,-6.7));
#2687 = ( GEOMETRIC_REPRESENTATION_CONTEXT(2) 
PARAMETRIC_REPRESENTATION_CONTEXT() REPRESENTATION_CONTEXT('2D SPACE',''
  ) );
#2688 = PCURVE('',#769,#2689);
#2689 = DEFINITIONAL_REPRESENTATION('',(#2690),#2693);
#2690 = B_SPLINE_CURVE_WITH_KNOTS('',1,(#2691,#2692),.UNSPECIFIED.,.F.,
  .F.,(2,2),(-16.,0.),.PIECEWISE_BEZIER_KNOTS.);
#2691 = CARTESIAN_POINT('',(16.,6.));
#2692 = CARTESIAN_POINT('',(0.,6.));
#2693 = ( GEOMETRIC_REPRESENTATION_CONTEXT(2) 
PARAMETRIC_REPRESENTATION_CONTEXT() REPRESENTATION_CONTEXT('2D SPACE',''
  ) );
#2694 = ADVANCED_FACE('',(#2695,#2743),#769,.F.);
#2695 = FACE_BOUND('',#2696,.F.);
#2696 = EDGE_LOOP('',(#2697,#2720,#2721,#2722));
#2697 = ORIENTED_EDGE('',*,*,#2698,.F.);
#2698 = EDGE_CURVE('',#2654,#2699,#2701,.T.);
#2699 = VERTEX_POINT('',#2700);
#2700 = CARTESIAN_POINT('',(8.,15.,12.));
#2701 = SURFACE_CURVE('',#2702,(#2706,#2713),.PCURVE_S1.);
#2702 = LINE('',#2703,#2704);
#2703 = CARTESIAN_POINT('',(-16.,15.,12.));
#2704 = VECTOR('',#2705,1.);
#2705 = DIRECTION('',(1.,0.,-0.));
#2706 = PCURVE('',#769,#2707);
#2707 = DEFINITIONAL_REPRESENTATION('',(#2708),#2712);
#2708 = LINE('',#2709,#2710);
#2709 = CARTESIAN_POINT('',(0.,0.));
#2710 = VECTOR('',#2711,1.);
#2711 = DIRECTION('',(0.,1.));
#2712 = ( GEOMETRIC_REPRESENTATION_CONTEXT(2) 
PARAMETRIC_REPRESENTATION_CONTEXT() REPRESENTATION_CONTEXT('2D SPACE',''
  ) );
#2713 = PCURVE('',#2371,#2714);
#2714 = DEFINITIONAL_REPRESENTATION('',(#2715),#2719);
#2715 = LINE('',#2716,#2717);
#2716 = CARTESIAN_POINT('',(0.,6.7));
#2717 = VECTOR('',#2718,1.);
#2718 = DIRECTION('',(1.,0.));
#2719 = ( GEOMETRIC_REPRESENTATION_CONTEXT(2) 
PARAMETRIC_REPRESENTATION_CONTEXT() REPRESENTATION_CONTEXT('2D SPACE',''
  ) );
#2720 = ORIENTED_EDGE('',*,*,#2676,.F.);
#2721 = ORIENTED_EDGE('',*,*,#753,.T.);
#2722 = ORIENTED_EDGE('',*,*,#2723,.F.);
#2723 = EDGE_CURVE('',#2699,#754,#2724,.T.);
#2724 = SURFACE_CURVE('',#2725,(#2729,#2736),.PCURVE_S1.);
#2725 = LINE('',#2726,#2727);
#2726 = CARTESIAN_POINT('',(8.,15.,12.));
#2727 = VECTOR('',#2728,1.);
#2728 = DIRECTION('',(0.,0.,1.));
#2729 = PCURVE('',#769,#2730);
#2730 = DEFINITIONAL_REPRESENTATION('',(#2731),#2735);
#2731 = LINE('',#2732,#2733);
#2732 = CARTESIAN_POINT('',(0.,24.));
#2733 = VECTOR('',#2734,1.);
#2734 = DIRECTION('',(1.,0.));
#2735 = ( GEOMETRIC_REPRESENTATION_CONTEXT(2) 
PARAMETRIC_REPRESENTATION_CONTEXT() REPRESENTATION_CONTEXT('2D SPACE',''
  ) );
#2736 = PCURVE('',#797,#2737);
#2737 = DEFINITIONAL_REPRESENTATION('',(#2738),#2742);
#2738 = LINE('',#2739,#2740);
#2739 = CARTESIAN_POINT('',(0.,0.));
#2740 = VECTOR('',#2741,1.);
#2741 = DIRECTION('',(1.,0.));
#2742 = ( GEOMETRIC_REPRESENTATION_CONTEXT(2) 
PARAMETRIC_REPRESENTATION_CONTEXT() REPRESENTATION_CONTEXT('2D SPACE',''
  ) );
#2743 = FACE_BOUND('',#2744,.F.);
#2744 = EDGE_LOOP('',(#2745));
#2745 = ORIENTED_EDGE('',*,*,#2746,.T.);
#2746 = EDGE_CURVE('',#2747,#2747,#2749,.T.);
#2747 = VERTEX_POINT('',#2748);
#2748 = CARTESIAN_POINT('',(2.8,15.,20.));
#2749 = SURFACE_CURVE('',#2750,(#2755,#2766),.PCURVE_S1.);
#2750 = CIRCLE('',#2751,2.8);
#2751 = AXIS2_PLACEMENT_3D('',#2752,#2753,#2754);
#2752 = CARTESIAN_POINT('',(0.,15.,20.));
#2753 = DIRECTION('',(0.,-1.,2.22044604925E-16));
#2754 = DIRECTION('',(1.,0.,0.));
#2755 = PCURVE('',#769,#2756);
#2756 = DEFINITIONAL_REPRESENTATION('',(#2757),#2765);
#2757 = ( BOUNDED_CURVE() B_SPLINE_CURVE(2,(#2758,#2759,#2760,#2761,
#2762,#2763,#2764),.UNSPECIFIED.,.T.,.F.) B_SPLINE_CURVE_WITH_KNOTS((1,2
    ,2,2,2,1),(-2.094395102393,0.,2.094395102393,4.188790204786,
6.28318530718,8.377580409573),.UNSPECIFIED.) CURVE() 
GEOMETRIC_REPRESENTATION_ITEM() RATIONAL_B_SPLINE_CURVE((1.,0.5,1.,0.5,
1.,0.5,1.)) REPRESENTATION_ITEM('') );
#2758 = CARTESIAN_POINT('',(8.,18.8));
#2759 = CARTESIAN_POINT('',(12.849742261193,18.8));
#2760 = CARTESIAN_POINT('',(10.424871130596,14.6));
#2761 = CARTESIAN_POINT('',(8.,10.4));
#2762 = CARTESIAN_POINT('',(5.575128869404,14.6));
#2763 = CARTESIAN_POINT('',(3.150257738807,18.8));
#2764 = CARTESIAN_POINT('',(8.,18.8));
#2765 = ( GEOMETRIC_REPRESENTATION_CONTEXT(2) 
PARAMETRIC_REPRESENTATION_CONTEXT() REPRESENTATION_CONTEXT('2D SPACE',''
  ) );
#2766 = PCURVE('',#2767,#2772);
#2767 = CYLINDRICAL_SURFACE('',#2768,2.8);
#2768 = AXIS2_PLACEMENT_3D('',#2769,#2770,#2771);
#2769 = CARTESIAN_POINT('',(0.,21.5,20.));
#2770 = DIRECTION('',(0.,-1.,2.22044604925E-16));
#2771 = DIRECTION('',(1.,0.,0.));
#2772 = DEFINITIONAL_REPRESENTATION('',(#2773),#2777);
#2773 = LINE('',#2774,#2775);
#2774 = CARTESIAN_POINT('',(0.,6.5));
#2775 = VECTOR('',#2776,1.);
#2776 = DIRECTION('',(1.,0.));
#2777 = ( GEOMETRIC_REPRESENTATION_CONTEXT(2) 
PARAMETRIC_REPRESENTATION_CONTEXT() REPRESENTATION_CONTEXT('2D SPACE',''
  ) );
#2778 = ADVANCED_FACE('',(#2779),#797,.T.);
#2779 = FACE_BOUND('',#2780,.T.);
#2780 = EDGE_LOOP('',(#2781,#2782,#2805,#2826));
#2781 = ORIENTED_EDGE('',*,*,#2723,.F.);
#2782 = ORIENTED_EDGE('',*,*,#2783,.T.);
#2783 = EDGE_CURVE('',#2699,#2784,#2786,.T.);
#2784 = VERTEX_POINT('',#2785);
#2785 = CARTESIAN_POINT('',(8.,16.5,12.));
#2786 = SURFACE_CURVE('',#2787,(#2791,#2798),.PCURVE_S1.);
#2787 = LINE('',#2788,#2789);
#2788 = CARTESIAN_POINT('',(8.,15.,12.));
#2789 = VECTOR('',#2790,1.);
#2790 = DIRECTION('',(-0.,1.,0.));
#2791 = PCURVE('',#797,#2792);
#2792 = DEFINITIONAL_REPRESENTATION('',(#2793),#2797);
#2793 = LINE('',#2794,#2795);
#2794 = CARTESIAN_POINT('',(0.,0.));
#2795 = VECTOR('',#2796,1.);
#2796 = DIRECTION('',(0.,-1.));
#2797 = ( GEOMETRIC_REPRESENTATION_CONTEXT(2) 
PARAMETRIC_REPRESENTATION_CONTEXT() REPRESENTATION_CONTEXT('2D SPACE',''
  ) );
#2798 = PCURVE('',#2371,#2799);
#2799 = DEFINITIONAL_REPRESENTATION('',(#2800),#2804);
#2800 = LINE('',#2801,#2802);
#2801 = CARTESIAN_POINT('',(24.,6.7));
#2802 = VECTOR('',#2803,1.);
#2803 = DIRECTION('',(0.,1.));
#2804 = ( GEOMETRIC_REPRESENTATION_CONTEXT(2) 
PARAMETRIC_REPRESENTATION_CONTEXT() REPRESENTATION_CONTEXT('2D SPACE',''
  ) );
#2805 = ORIENTED_EDGE('',*,*,#2806,.T.);
#2806 = EDGE_CURVE('',#2784,#782,#2807,.T.);
#2807 = SURFACE_CURVE('',#2808,(#2812,#2819),.PCURVE_S1.);
#2808 = LINE('',#2809,#2810);
#2809 = CARTESIAN_POINT('',(8.,16.5,12.));
#2810 = VECTOR('',#2811,1.);
#2811 = DIRECTION('',(0.,0.,1.));
#2812 = PCURVE('',#797,#2813);
#2813 = DEFINITIONAL_REPRESENTATION('',(#2814),#2818);
#2814 = LINE('',#2815,#2816);
#2815 = CARTESIAN_POINT('',(0.,-1.5));
#2816 = VECTOR('',#2817,1.);
#2817 = DIRECTION('',(1.,0.));
#2818 = ( GEOMETRIC_REPRESENTATION_CONTEXT(2) 
PARAMETRIC_REPRESENTATION_CONTEXT() REPRESENTATION_CONTEXT('2D SPACE',''
  ) );
#2819 = PCURVE('',#825,#2820);
#2820 = DEFINITIONAL_REPRESENTATION('',(#2821),#2825);
#2821 = LINE('',#2822,#2823);
#2822 = CARTESIAN_POINT('',(0.,24.));
#2823 = VECTOR('',#2824,1.);
#2824 = DIRECTION('',(1.,0.));
#2825 = ( GEOMETRIC_REPRESENTATION_CONTEXT(2) 
PARAMETRIC_REPRESENTATION_CONTEXT() REPRESENTATION_CONTEXT('2D SPACE',''
  ) );
#2826 = ORIENTED_EDGE('',*,*,#781,.F.);
#2827 = ADVANCED_FACE('',(#2828,#2876),#825,.T.);
#2828 = FACE_BOUND('',#2829,.T.);
#2829 = EDGE_LOOP('',(#2830,#2853,#2874,#2875));
#2830 = ORIENTED_EDGE('',*,*,#2831,.F.);
#2831 = EDGE_CURVE('',#2832,#2784,#2834,.T.);
#2832 = VERTEX_POINT('',#2833);
#2833 = CARTESIAN_POINT('',(-16.,16.5,12.));
#2834 = SURFACE_CURVE('',#2835,(#2839,#2846),.PCURVE_S1.);
#2835 = LINE('',#2836,#2837);
#2836 = CARTESIAN_POINT('',(-16.,16.5,12.));
#2837 = VECTOR('',#2838,1.);
#2838 = DIRECTION('',(1.,0.,0.));
#2839 = PCURVE('',#825,#2840);
#2840 = DEFINITIONAL_REPRESENTATION('',(#2841),#2845);
#2841 = LINE('',#2842,#2843);
#2842 = CARTESIAN_POINT('',(0.,0.));
#2843 = VECTOR('',#2844,1.);
#2844 = DIRECTION('',(0.,1.));
#2845 = ( GEOMETRIC_REPRESENTATION_CONTEXT(2) 
PARAMETRIC_REPRESENTATION_CONTEXT() REPRESENTATION_CONTEXT('2D SPACE',''
  ) );
#2846 = PCURVE('',#2371,#2847);
#2847 = DEFINITIONAL_REPRESENTATION('',(#2848),#2852);
#2848 = LINE('',#2849,#2850);
#2849 = CARTESIAN_POINT('',(0.,8.2));
#2850 = VECTOR('',#2851,1.);
#2851 = DIRECTION('',(1.,0.));
#2852 = ( GEOMETRIC_REPRESENTATION_CONTEXT(2) 
PARAMETRIC_REPRESENTATION_CONTEXT() REPRESENTATION_CONTEXT('2D SPACE',''
  ) );
#2853 = ORIENTED_EDGE('',*,*,#2854,.T.);
#2854 = EDGE_CURVE('',#2832,#810,#2855,.T.);
#2855 = SURFACE_CURVE('',#2856,(#2860,#2867),.PCURVE_S1.);
#2856 = LINE('',#2857,#2858);
#2857 = CARTESIAN_POINT('',(-16.,16.5,12.));
#2858 = VECTOR('',#2859,1.);
#2859 = DIRECTION('',(0.,0.,1.));
#2860 = PCURVE('',#825,#2861);
#2861 = DEFINITIONAL_REPRESENTATION('',(#2862),#2866);
#2862 = LINE('',#2863,#2864);
#2863 = CARTESIAN_POINT('',(0.,0.));
#2864 = VECTOR('',#2865,1.);
#2865 = DIRECTION('',(1.,0.));
#2866 = ( GEOMETRIC_REPRESENTATION_CONTEXT(2) 
PARAMETRIC_REPRESENTATION_CONTEXT() REPRESENTATION_CONTEXT('2D SPACE',''
  ) );
#2867 = PCURVE('',#853,#2868);
#2868 = DEFINITIONAL_REPRESENTATION('',(#2869),#2873);
#2869 = LINE('',#2870,#2871);
#2870 = CARTESIAN_POINT('',(0.,-8.2));
#2871 = VECTOR('',#2872,1.);
#2872 = DIRECTION('',(1.,0.));
#2873 = ( GEOMETRIC_REPRESENTATION_CONTEXT(2) 
PARAMETRIC_REPRESENTATION_CONTEXT() REPRESENTATION_CONTEXT('2D SPACE',''
  ) );
#2874 = ORIENTED_EDGE('',*,*,#809,.F.);
#2875 = ORIENTED_EDGE('',*,*,#2806,.F.);
#2876 = FACE_BOUND('',#2877,.T.);
#2877 = EDGE_LOOP('',(#2878));
#2878 = ORIENTED_EDGE('',*,*,#2879,.T.);
#2879 = EDGE_CURVE('',#2880,#2880,#2882,.T.);
#2880 = VERTEX_POINT('',#2881);
#2881 = CARTESIAN_POINT('',(2.8,16.5,20.));
#2882 = SURFACE_CURVE('',#2883,(#2888,#2899),.PCURVE_S1.);
#2883 = CIRCLE('',#2884,2.8);
#2884 = AXIS2_PLACEMENT_3D('',#2885,#2886,#2887);
#2885 = CARTESIAN_POINT('',(0.,16.5,20.));
#2886 = DIRECTION('',(0.,-1.,2.22044604925E-16));
#2887 = DIRECTION('',(1.,0.,0.));
#2888 = PCURVE('',#825,#2889);
#2889 = DEFINITIONAL_REPRESENTATION('',(#2890),#2898);
#2890 = ( BOUNDED_CURVE() B_SPLINE_CURVE(2,(#2891,#2892,#2893,#2894,
#2895,#2896,#2897),.UNSPECIFIED.,.T.,.F.) B_SPLINE_CURVE_WITH_KNOTS((1,2
    ,2,2,2,1),(-2.094395102393,0.,2.094395102393,4.188790204786,
6.28318530718,8.377580409573),.UNSPECIFIED.) CURVE() 
GEOMETRIC_REPRESENTATION_ITEM() RATIONAL_B_SPLINE_CURVE((1.,0.5,1.,0.5,
1.,0.5,1.)) REPRESENTATION_ITEM('') );
#2891 = CARTESIAN_POINT('',(8.,18.8));
#2892 = CARTESIAN_POINT('',(12.849742261193,18.8));
#2893 = CARTESIAN_POINT('',(10.424871130596,14.6));
#2894 = CARTESIAN_POINT('',(8.,10.4));
#2895 = CARTESIAN_POINT('',(5.575128869404,14.6));
#2896 = CARTESIAN_POINT('',(3.150257738807,18.8));
#2897 = CARTESIAN_POINT('',(8.,18.8));
#2898 = ( GEOMETRIC_REPRESENTATION_CONTEXT(2) 
PARAMETRIC_REPRESENTATION_CONTEXT() REPRESENTATION_CONTEXT('2D SPACE',''
  ) );
#2899 = PCURVE('',#2767,#2900);
#2900 = DEFINITIONAL_REPRESENTATION('',(#2901),#2905);
#2901 = LINE('',#2902,#2903);
#2902 = CARTESIAN_POINT('',(0.,5.));
#2903 = VECTOR('',#2904,1.);
#2904 = DIRECTION('',(1.,0.));
#2905 = ( GEOMETRIC_REPRESENTATION_CONTEXT(2) 
PARAMETRIC_REPRESENTATION_CONTEXT() REPRESENTATION_CONTEXT('2D SPACE',''
  ) );
#2906 = ADVANCED_FACE('',(#2907),#853,.F.);
#2907 = FACE_BOUND('',#2908,.F.);
#2908 = EDGE_LOOP('',(#2909,#2910,#2931,#2932));
#2909 = ORIENTED_EDGE('',*,*,#2333,.T.);
#2910 = ORIENTED_EDGE('',*,*,#2911,.T.);
#2911 = EDGE_CURVE('',#2334,#2832,#2912,.T.);
#2912 = SURFACE_CURVE('',#2913,(#2917,#2924),.PCURVE_S1.);
#2913 = LINE('',#2914,#2915);
#2914 = CARTESIAN_POINT('',(-16.,8.5,12.));
#2915 = VECTOR('',#2916,1.);
#2916 = DIRECTION('',(0.,1.,0.));
#2917 = PCURVE('',#853,#2918);
#2918 = DEFINITIONAL_REPRESENTATION('',(#2919),#2923);
#2919 = LINE('',#2920,#2921);
#2920 = CARTESIAN_POINT('',(0.,-0.2));
#2921 = VECTOR('',#2922,1.);
#2922 = DIRECTION('',(0.,-1.));
#2923 = ( GEOMETRIC_REPRESENTATION_CONTEXT(2) 
PARAMETRIC_REPRESENTATION_CONTEXT() REPRESENTATION_CONTEXT('2D SPACE',''
  ) );
#2924 = PCURVE('',#2371,#2925);
#2925 = DEFINITIONAL_REPRESENTATION('',(#2926),#2930);
#2926 = LINE('',#2927,#2928);
#2927 = CARTESIAN_POINT('',(0.,0.2));
#2928 = VECTOR('',#2929,1.);
#2929 = DIRECTION('',(0.,1.));
#2930 = ( GEOMETRIC_REPRESENTATION_CONTEXT(2) 
PARAMETRIC_REPRESENTATION_CONTEXT() REPRESENTATION_CONTEXT('2D SPACE',''
  ) );
#2931 = ORIENTED_EDGE('',*,*,#2854,.T.);
#2932 = ORIENTED_EDGE('',*,*,#837,.T.);
#2933 = ADVANCED_FACE('',(#2934),#904,.F.);
#2934 = FACE_BOUND('',#2935,.F.);
#2935 = EDGE_LOOP('',(#2936,#2937,#2938,#2939));
#2936 = ORIENTED_EDGE('',*,*,#1936,.F.);
#2937 = ORIENTED_EDGE('',*,*,#1502,.T.);
#2938 = ORIENTED_EDGE('',*,*,#2311,.T.);
#2939 = ORIENTED_EDGE('',*,*,#888,.F.);
#2940 = ADVANCED_FACE('',(#2941),#953,.F.);
#2941 = FACE_BOUND('',#2942,.F.);
#2942 = EDGE_LOOP('',(#2943,#2944,#2945,#2966));
#2943 = ORIENTED_EDGE('',*,*,#939,.F.);
#2944 = ORIENTED_EDGE('',*,*,#993,.T.);
#2945 = ORIENTED_EDGE('',*,*,#2946,.T.);
#2946 = EDGE_CURVE('',#994,#1959,#2947,.T.);
#2947 = SURFACE_CURVE('',#2948,(#2952,#2959),.PCURVE_S1.);
#2948 = LINE('',#2949,#2950);
#2949 = CARTESIAN_POINT('',(-14.,-4.7,20.));
#2950 = VECTOR('',#2951,1.);
#2951 = DIRECTION('',(-0.,1.,0.));
#2952 = PCURVE('',#953,#2953);
#2953 = DEFINITIONAL_REPRESENTATION('',(#2954),#2958);
#2954 = LINE('',#2955,#2956);
#2955 = CARTESIAN_POINT('',(0.,0.));
#2956 = VECTOR('',#2957,1.);
#2957 = DIRECTION('',(0.,-1.));
#2958 = ( GEOMETRIC_REPRESENTATION_CONTEXT(2) 
PARAMETRIC_REPRESENTATION_CONTEXT() REPRESENTATION_CONTEXT('2D SPACE',''
  ) );
#2959 = PCURVE('',#1029,#2960);
#2960 = DEFINITIONAL_REPRESENTATION('',(#2961),#2965);
#2961 = LINE('',#2962,#2963);
#2962 = CARTESIAN_POINT('',(0.,0.));
#2963 = VECTOR('',#2964,1.);
#2964 = DIRECTION('',(0.,1.));
#2965 = ( GEOMETRIC_REPRESENTATION_CONTEXT(2) 
PARAMETRIC_REPRESENTATION_CONTEXT() REPRESENTATION_CONTEXT('2D SPACE',''
  ) );
#2966 = ORIENTED_EDGE('',*,*,#1958,.F.);
#2967 = ADVANCED_FACE('',(#2968),#1225,.F.);
#2968 = FACE_BOUND('',#2969,.F.);
#2969 = EDGE_LOOP('',(#2970,#2991,#2992,#2993));
#2970 = ORIENTED_EDGE('',*,*,#2971,.F.);
#2971 = EDGE_CURVE('',#1187,#2064,#2972,.T.);
#2972 = SURFACE_CURVE('',#2973,(#2977,#2984),.PCURVE_S1.);
#2973 = LINE('',#2974,#2975);
#2974 = CARTESIAN_POINT('',(-14.,-4.7,-20.));
#2975 = VECTOR('',#2976,1.);
#2976 = DIRECTION('',(-0.,1.,0.));
#2977 = PCURVE('',#1225,#2978);
#2978 = DEFINITIONAL_REPRESENTATION('',(#2979),#2983);
#2979 = LINE('',#2980,#2981);
#2980 = CARTESIAN_POINT('',(6.,0.));
#2981 = VECTOR('',#2982,1.);
#2982 = DIRECTION('',(0.,-1.));
#2983 = ( GEOMETRIC_REPRESENTATION_CONTEXT(2) 
PARAMETRIC_REPRESENTATION_CONTEXT() REPRESENTATION_CONTEXT('2D SPACE',''
  ) );
#2984 = PCURVE('',#1201,#2985);
#2985 = DEFINITIONAL_REPRESENTATION('',(#2986),#2990);
#2986 = LINE('',#2987,#2988);
#2987 = CARTESIAN_POINT('',(0.,0.));
#2988 = VECTOR('',#2989,1.);
#2989 = DIRECTION('',(0.,1.));
#2990 = ( GEOMETRIC_REPRESENTATION_CONTEXT(2) 
PARAMETRIC_REPRESENTATION_CONTEXT() REPRESENTATION_CONTEXT('2D SPACE',''
  ) );
#2991 = ORIENTED_EDGE('',*,*,#1212,.T.);
#2992 = ORIENTED_EDGE('',*,*,#1548,.T.);
#2993 = ORIENTED_EDGE('',*,*,#2084,.F.);
#2994 = ADVANCED_FACE('',(#2995),#1201,.T.);
#2995 = FACE_BOUND('',#2996,.T.);
#2996 = EDGE_LOOP('',(#2997,#2998,#2999,#3020));
#2997 = ORIENTED_EDGE('',*,*,#2971,.F.);
#2998 = ORIENTED_EDGE('',*,*,#1186,.T.);
#2999 = ORIENTED_EDGE('',*,*,#3000,.T.);
#3000 = EDGE_CURVE('',#1161,#2043,#3001,.T.);
#3001 = SURFACE_CURVE('',#3002,(#3006,#3013),.PCURVE_S1.);
#3002 = LINE('',#3003,#3004);
#3003 = CARTESIAN_POINT('',(14.,-4.7,-20.));
#3004 = VECTOR('',#3005,1.);
#3005 = DIRECTION('',(-0.,1.,0.));
#3006 = PCURVE('',#1201,#3007);
#3007 = DEFINITIONAL_REPRESENTATION('',(#3008),#3012);
#3008 = LINE('',#3009,#3010);
#3009 = CARTESIAN_POINT('',(28.,0.));
#3010 = VECTOR('',#3011,1.);
#3011 = DIRECTION('',(0.,1.));
#3012 = ( GEOMETRIC_REPRESENTATION_CONTEXT(2) 
PARAMETRIC_REPRESENTATION_CONTEXT() REPRESENTATION_CONTEXT('2D SPACE',''
  ) );
#3013 = PCURVE('',#1175,#3014);
#3014 = DEFINITIONAL_REPRESENTATION('',(#3015),#3019);
#3015 = LINE('',#3016,#3017);
#3016 = CARTESIAN_POINT('',(6.,0.));
#3017 = VECTOR('',#3018,1.);
#3018 = DIRECTION('',(0.,-1.));
#3019 = ( GEOMETRIC_REPRESENTATION_CONTEXT(2) 
PARAMETRIC_REPRESENTATION_CONTEXT() REPRESENTATION_CONTEXT('2D SPACE',''
  ) );
#3020 = ORIENTED_EDGE('',*,*,#2063,.F.);
#3021 = ADVANCED_FACE('',(#3022),#1175,.T.);
#3022 = FACE_BOUND('',#3023,.T.);
#3023 = EDGE_LOOP('',(#3024,#3025,#3026,#3027));
#3024 = ORIENTED_EDGE('',*,*,#3000,.F.);
#3025 = ORIENTED_EDGE('',*,*,#1160,.T.);
#3026 = ORIENTED_EDGE('',*,*,#1410,.T.);
#3027 = ORIENTED_EDGE('',*,*,#2042,.F.);
#3028 = ADVANCED_FACE('',(#3029),#1083,.F.);
#3029 = FACE_BOUND('',#3030,.F.);
#3030 = EDGE_LOOP('',(#3031,#3032,#3033,#3034));
#3031 = ORIENTED_EDGE('',*,*,#1763,.T.);
#3032 = ORIENTED_EDGE('',*,*,#1068,.T.);
#3033 = ORIENTED_EDGE('',*,*,#1890,.T.);
#3034 = ORIENTED_EDGE('',*,*,#1999,.F.);
#3035 = ADVANCED_FACE('',(#3036),#1029,.F.);
#3036 = FACE_BOUND('',#3037,.F.);
#3037 = EDGE_LOOP('',(#3038,#3039,#3040,#3041));
#3038 = ORIENTED_EDGE('',*,*,#2946,.F.);
#3039 = ORIENTED_EDGE('',*,*,#1014,.T.);
#3040 = ORIENTED_EDGE('',*,*,#1864,.F.);
#3041 = ORIENTED_EDGE('',*,*,#1979,.F.);
#3042 = ADVANCED_FACE('',(#3043),#2126,.F.);
#3043 = FACE_BOUND('',#3044,.F.);
#3044 = EDGE_LOOP('',(#3045,#3046,#3067,#3068));
#3045 = ORIENTED_EDGE('',*,*,#2105,.F.);
#3046 = ORIENTED_EDGE('',*,*,#3047,.F.);
#3047 = EDGE_CURVE('',#2406,#2106,#3048,.T.);
#3048 = SEAM_CURVE('',#3049,(#3053,#3060),.PCURVE_S1.);
#3049 = LINE('',#3050,#3051);
#3050 = CARTESIAN_POINT('',(-26.2,12.,-6.858022075225E-16));
#3051 = VECTOR('',#3052,1.);
#3052 = DIRECTION('',(0.,-1.,2.22044604925E-16));
#3053 = PCURVE('',#2126,#3054);
#3054 = DEFINITIONAL_REPRESENTATION('',(#3055),#3059);
#3055 = LINE('',#3056,#3057);
#3056 = CARTESIAN_POINT('',(6.28318530718,-0.));
#3057 = VECTOR('',#3058,1.);
#3058 = DIRECTION('',(0.,1.));
#3059 = ( GEOMETRIC_REPRESENTATION_CONTEXT(2) 
PARAMETRIC_REPRESENTATION_CONTEXT() REPRESENTATION_CONTEXT('2D SPACE',''
  ) );
#3060 = PCURVE('',#2126,#3061);
#3061 = DEFINITIONAL_REPRESENTATION('',(#3062),#3066);
#3062 = LINE('',#3063,#3064);
#3063 = CARTESIAN_POINT('',(0.,-0.));
#3064 = VECTOR('',#3065,1.);
#3065 = DIRECTION('',(0.,1.));
#3066 = ( GEOMETRIC_REPRESENTATION_CONTEXT(2) 
PARAMETRIC_REPRESENTATION_CONTEXT() REPRESENTATION_CONTEXT('2D SPACE',''
  ) );
#3067 = ORIENTED_EDGE('',*,*,#2405,.T.);
#3068 = ORIENTED_EDGE('',*,*,#3047,.T.);
#3069 = ADVANCED_FACE('',(#3070),#2157,.F.);
#3070 = FACE_BOUND('',#3071,.F.);
#3071 = EDGE_LOOP('',(#3072,#3093,#3094,#3115));
#3072 = ORIENTED_EDGE('',*,*,#3073,.F.);
#3073 = EDGE_CURVE('',#2141,#2436,#3074,.T.);
#3074 = SURFACE_CURVE('',#3075,(#3079,#3086),.PCURVE_S1.);
#3075 = LINE('',#3076,#3077);
#3076 = CARTESIAN_POINT('',(-40.,-10.,-10.));
#3077 = VECTOR('',#3078,1.);
#3078 = DIRECTION('',(-0.,1.,0.));
#3079 = PCURVE('',#2157,#3080);
#3080 = DEFINITIONAL_REPRESENTATION('',(#3081),#3085);
#3081 = LINE('',#3082,#3083);
#3082 = CARTESIAN_POINT('',(0.,0.));
#3083 = VECTOR('',#3084,1.);
#3084 = DIRECTION('',(0.,1.));
#3085 = ( GEOMETRIC_REPRESENTATION_CONTEXT(2) 
PARAMETRIC_REPRESENTATION_CONTEXT() REPRESENTATION_CONTEXT('2D SPACE',''
  ) );
#3086 = PCURVE('',#2183,#3087);
#3087 = DEFINITIONAL_REPRESENTATION('',(#3088),#3092);
#3088 = LINE('',#3089,#3090);
#3089 = CARTESIAN_POINT('',(8.,0.));
#3090 = VECTOR('',#3091,1.);
#3091 = DIRECTION('',(0.,-1.));
#3092 = ( GEOMETRIC_REPRESENTATION_CONTEXT(2) 
PARAMETRIC_REPRESENTATION_CONTEXT() REPRESENTATION_CONTEXT('2D SPACE',''
  ) );
#3093 = ORIENTED_EDGE('',*,*,#2140,.T.);
#3094 = ORIENTED_EDGE('',*,*,#3095,.T.);
#3095 = EDGE_CURVE('',#2143,#2438,#3096,.T.);
#3096 = SURFACE_CURVE('',#3097,(#3101,#3108),.PCURVE_S1.);
#3097 = LINE('',#3098,#3099);
#3098 = CARTESIAN_POINT('',(40.,-10.,-10.));
#3099 = VECTOR('',#3100,1.);
#3100 = DIRECTION('',(-0.,1.,0.));
#3101 = PCURVE('',#2157,#3102);
#3102 = DEFINITIONAL_REPRESENTATION('',(#3103),#3107);
#3103 = LINE('',#3104,#3105);
#3104 = CARTESIAN_POINT('',(80.,0.));
#3105 = VECTOR('',#3106,1.);
#3106 = DIRECTION('',(0.,1.));
#3107 = ( GEOMETRIC_REPRESENTATION_CONTEXT(2) 
PARAMETRIC_REPRESENTATION_CONTEXT() REPRESENTATION_CONTEXT('2D SPACE',''
  ) );
#3108 = PCURVE('',#2233,#3109);
#3109 = DEFINITIONAL_REPRESENTATION('',(#3110),#3114);
#3110 = LINE('',#3111,#3112);
#3111 = CARTESIAN_POINT('',(8.,0.));
#3112 = VECTOR('',#3113,1.);
#3113 = DIRECTION('',(0.,-1.));
#3114 = ( GEOMETRIC_REPRESENTATION_CONTEXT(2) 
PARAMETRIC_REPRESENTATION_CONTEXT() REPRESENTATION_CONTEXT('2D SPACE',''
  ) );
#3115 = ORIENTED_EDGE('',*,*,#2435,.F.);
#3116 = ADVANCED_FACE('',(#3117),#2233,.F.);
#3117 = FACE_BOUND('',#3118,.F.);
#3118 = EDGE_LOOP('',(#3119,#3120,#3121,#3142));
#3119 = ORIENTED_EDGE('',*,*,#3095,.F.);
#3120 = ORIENTED_EDGE('',*,*,#2220,.T.);
#3121 = ORIENTED_EDGE('',*,*,#3122,.T.);
#3122 = EDGE_CURVE('',#2195,#2480,#3123,.T.);
#3123 = SURFACE_CURVE('',#3124,(#3128,#3135),.PCURVE_S1.);
#3124 = LINE('',#3125,#3126);
#3125 = CARTESIAN_POINT('',(40.,-10.,-18.));
#3126 = VECTOR('',#3127,1.);
#3127 = DIRECTION('',(-0.,1.,0.));
#3128 = PCURVE('',#2233,#3129);
#3129 = DEFINITIONAL_REPRESENTATION('',(#3130),#3134);
#3130 = LINE('',#3131,#3132);
#3131 = CARTESIAN_POINT('',(0.,0.));
#3132 = VECTOR('',#3133,1.);
#3133 = DIRECTION('',(0.,-1.));
#3134 = ( GEOMETRIC_REPRESENTATION_CONTEXT(2) 
PARAMETRIC_REPRESENTATION_CONTEXT() REPRESENTATION_CONTEXT('2D SPACE',''
  ) );
#3135 = PCURVE('',#2209,#3136);
#3136 = DEFINITIONAL_REPRESENTATION('',(#3137),#3141);
#3137 = LINE('',#3138,#3139);
#3138 = CARTESIAN_POINT('',(80.,0.));
#3139 = VECTOR('',#3140,1.);
#3140 = DIRECTION('',(0.,1.));
#3141 = ( GEOMETRIC_REPRESENTATION_CONTEXT(2) 
PARAMETRIC_REPRESENTATION_CONTEXT() REPRESENTATION_CONTEXT('2D SPACE',''
  ) );
#3142 = ORIENTED_EDGE('',*,*,#2500,.F.);
#3143 = ADVANCED_FACE('',(#3144),#2209,.T.);
#3144 = FACE_BOUND('',#3145,.T.);
#3145 = EDGE_LOOP('',(#3146,#3167,#3168,#3169));
#3146 = ORIENTED_EDGE('',*,*,#3147,.F.);
#3147 = EDGE_CURVE('',#2169,#2459,#3148,.T.);
#3148 = SURFACE_CURVE('',#3149,(#3153,#3160),.PCURVE_S1.);
#3149 = LINE('',#3150,#3151);
#3150 = CARTESIAN_POINT('',(-40.,-10.,-18.));
#3151 = VECTOR('',#3152,1.);
#3152 = DIRECTION('',(-0.,1.,0.));
#3153 = PCURVE('',#2209,#3154);
#3154 = DEFINITIONAL_REPRESENTATION('',(#3155),#3159);
#3155 = LINE('',#3156,#3157);
#3156 = CARTESIAN_POINT('',(0.,0.));
#3157 = VECTOR('',#3158,1.);
#3158 = DIRECTION('',(0.,1.));
#3159 = ( GEOMETRIC_REPRESENTATION_CONTEXT(2) 
PARAMETRIC_REPRESENTATION_CONTEXT() REPRESENTATION_CONTEXT('2D SPACE',''
  ) );
#3160 = PCURVE('',#2183,#3161);
#3161 = DEFINITIONAL_REPRESENTATION('',(#3162),#3166);
#3162 = LINE('',#3163,#3164);
#3163 = CARTESIAN_POINT('',(0.,0.));
#3164 = VECTOR('',#3165,1.);
#3165 = DIRECTION('',(0.,-1.));
#3166 = ( GEOMETRIC_REPRESENTATION_CONTEXT(2) 
PARAMETRIC_REPRESENTATION_CONTEXT() REPRESENTATION_CONTEXT('2D SPACE',''
  ) );
#3167 = ORIENTED_EDGE('',*,*,#2194,.T.);
#3168 = ORIENTED_EDGE('',*,*,#3122,.T.);
#3169 = ORIENTED_EDGE('',*,*,#2479,.F.);
#3170 = ADVANCED_FACE('',(#3171),#2183,.T.);
#3171 = FACE_BOUND('',#3172,.T.);
#3172 = EDGE_LOOP('',(#3173,#3174,#3175,#3176));
#3173 = ORIENTED_EDGE('',*,*,#3073,.F.);
#3174 = ORIENTED_EDGE('',*,*,#2168,.T.);
#3175 = ORIENTED_EDGE('',*,*,#3147,.T.);
#3176 = ORIENTED_EDGE('',*,*,#2458,.F.);
#3177 = ADVANCED_FACE('',(#3178),#2267,.F.);
#3178 = FACE_BOUND('',#3179,.F.);
#3179 = EDGE_LOOP('',(#3180,#3181,#3202,#3203));
#3180 = ORIENTED_EDGE('',*,*,#2246,.F.);
#3181 = ORIENTED_EDGE('',*,*,#3182,.F.);
#3182 = EDGE_CURVE('',#2522,#2247,#3183,.T.);
#3183 = SEAM_CURVE('',#3184,(#3188,#3195),.PCURVE_S1.);
#3184 = LINE('',#3185,#3186);
#3185 = CARTESIAN_POINT('',(31.8,12.,-6.858022075225E-16));
#3186 = VECTOR('',#3187,1.);
#3187 = DIRECTION('',(0.,-1.,2.22044604925E-16));
#3188 = PCURVE('',#2267,#3189);
#3189 = DEFINITIONAL_REPRESENTATION('',(#3190),#3194);
#3190 = LINE('',#3191,#3192);
#3191 = CARTESIAN_POINT('',(6.28318530718,-0.));
#3192 = VECTOR('',#3193,1.);
#3193 = DIRECTION('',(0.,1.));
#3194 = ( GEOMETRIC_REPRESENTATION_CONTEXT(2) 
PARAMETRIC_REPRESENTATION_CONTEXT() REPRESENTATION_CONTEXT('2D SPACE',''
  ) );
#3195 = PCURVE('',#2267,#3196);
#3196 = DEFINITIONAL_REPRESENTATION('',(#3197),#3201);
#3197 = LINE('',#3198,#3199);
#3198 = CARTESIAN_POINT('',(0.,-0.));
#3199 = VECTOR('',#3200,1.);
#3200 = DIRECTION('',(0.,1.));
#3201 = ( GEOMETRIC_REPRESENTATION_CONTEXT(2) 
PARAMETRIC_REPRESENTATION_CONTEXT() REPRESENTATION_CONTEXT('2D SPACE',''
  ) );
#3202 = ORIENTED_EDGE('',*,*,#2521,.T.);
#3203 = ORIENTED_EDGE('',*,*,#3182,.T.);
#3204 = ADVANCED_FACE('',(#3205),#2371,.F.);
#3205 = FACE_BOUND('',#3206,.F.);
#3206 = EDGE_LOOP('',(#3207,#3208,#3209,#3210,#3211,#3212,#3213,#3214));
#3207 = ORIENTED_EDGE('',*,*,#2601,.F.);
#3208 = ORIENTED_EDGE('',*,*,#2653,.T.);
#3209 = ORIENTED_EDGE('',*,*,#2698,.T.);
#3210 = ORIENTED_EDGE('',*,*,#2783,.T.);
#3211 = ORIENTED_EDGE('',*,*,#2831,.F.);
#3212 = ORIENTED_EDGE('',*,*,#2911,.F.);
#3213 = ORIENTED_EDGE('',*,*,#2355,.T.);
#3214 = ORIENTED_EDGE('',*,*,#2554,.T.);
#3215 = ADVANCED_FACE('',(#3216),#2767,.F.);
#3216 = FACE_BOUND('',#3217,.F.);
#3217 = EDGE_LOOP('',(#3218,#3219,#3240,#3241));
#3218 = ORIENTED_EDGE('',*,*,#2746,.F.);
#3219 = ORIENTED_EDGE('',*,*,#3220,.F.);
#3220 = EDGE_CURVE('',#2880,#2747,#3221,.T.);
#3221 = SEAM_CURVE('',#3222,(#3226,#3233),.PCURVE_S1.);
#3222 = LINE('',#3223,#3224);
#3223 = CARTESIAN_POINT('',(2.8,21.5,20.));
#3224 = VECTOR('',#3225,1.);
#3225 = DIRECTION('',(0.,-1.,2.22044604925E-16));
#3226 = PCURVE('',#2767,#3227);
#3227 = DEFINITIONAL_REPRESENTATION('',(#3228),#3232);
#3228 = LINE('',#3229,#3230);
#3229 = CARTESIAN_POINT('',(6.28318530718,-0.));
#3230 = VECTOR('',#3231,1.);
#3231 = DIRECTION('',(0.,1.));
#3232 = ( GEOMETRIC_REPRESENTATION_CONTEXT(2) 
PARAMETRIC_REPRESENTATION_CONTEXT() REPRESENTATION_CONTEXT('2D SPACE',''
  ) );
#3233 = PCURVE('',#2767,#3234);
#3234 = DEFINITIONAL_REPRESENTATION('',(#3235),#3239);
#3235 = LINE('',#3236,#3237);
#3236 = CARTESIAN_POINT('',(0.,-0.));
#3237 = VECTOR('',#3238,1.);
#3238 = DIRECTION('',(0.,1.));
#3239 = ( GEOMETRIC_REPRESENTATION_CONTEXT(2) 
PARAMETRIC_REPRESENTATION_CONTEXT() REPRESENTATION_CONTEXT('2D SPACE',''
  ) );
#3240 = ORIENTED_EDGE('',*,*,#2879,.T.);
#3241 = ORIENTED_EDGE('',*,*,#3220,.T.);
#3242 = ( GEOMETRIC_REPRESENTATION_CONTEXT(3) 
GLOBAL_UNCERTAINTY_ASSIGNED_CONTEXT((#3246)) 
GLOBAL_UNIT_ASSIGNED_CONTEXT((#3243,#3244,#3245)) REPRESENTATION_CONTEXT
('Context #1','3D Context with UNIT and UNCERTAINTY') );
#3243 = ( LENGTH_UNIT() NAMED_UNIT(*) SI_UNIT(.MILLI.,.METRE.) );
#3244 = ( NAMED_UNIT(*) PLANE_ANGLE_UNIT() SI_UNIT($,.RADIAN.) );
#3245 = ( NAMED_UNIT(*) SI_UNIT($,.STERADIAN.) SOLID_ANGLE_UNIT() );
#3246 = UNCERTAINTY_MEASURE_WITH_UNIT(LENGTH_MEASURE(2.E-07),#3243,
  'distance_accuracy_value','confusion accuracy');
#3247 = CONTEXT_DEPENDENT_SHAPE_REPRESENTATION(#3248,#3250);
#3248 = ( REPRESENTATION_RELATIONSHIP('','',#72,#10) 
REPRESENTATION_RELATIONSHIP_WITH_TRANSFORMATION(#3249) 
SHAPE_REPRESENTATION_RELATIONSHIP() );
#3249 = ITEM_DEFINED_TRANSFORMATION('','',#11,#15);
#3250 = PRODUCT_DEFINITION_SHAPE('Placement','Placement of an item',
  #3251);
#3251 = NEXT_ASSEMBLY_USAGE_OCCURRENCE('12','center_yoke','',#5,#67,$);
#3252 = PRODUCT_RELATED_PRODUCT_CATEGORY('part',$,(#69));
#3253 = SHAPE_DEFINITION_REPRESENTATION(#3254,#3260);
#3254 = PRODUCT_DEFINITION_SHAPE('','',#3255);
#3255 = PRODUCT_DEFINITION('design','',#3256,#3259);
#3256 = PRODUCT_DEFINITION_FORMATION('','',#3257);
#3257 = PRODUCT('left_shoulder_arm','left_shoulder_arm','',(#3258));
#3258 = PRODUCT_CONTEXT('',#2,'mechanical');
#3259 = PRODUCT_DEFINITION_CONTEXT('part definition',#2,'design');
#3260 = ADVANCED_BREP_SHAPE_REPRESENTATION('',(#11,#3261),#6815);
#3261 = MANIFOLD_SOLID_BREP('',#3262);
#3262 = CLOSED_SHELL('',(#3263,#3664,#3874,#4256,#4367,#4902,#4961,#5066
    ,#5115,#5291,#5874,#6009,#6043,#6049,#6103,#6152,#6179,#6228,#6277,
    #6423,#6452,#6479,#6506,#6513,#6540,#6547,#6573,#6600,#6606,#6633,
    #6640,#6775,#6809));
#3263 = ADVANCED_FACE('',(#3264,#3538,#3629),#3278,.T.);
#3264 = FACE_BOUND('',#3265,.F.);
#3265 = EDGE_LOOP('',(#3266,#3301,#3334,#3362,#3390,#3418,#3446,#3479,
    #3507));
#3266 = ORIENTED_EDGE('',*,*,#3267,.T.);
#3267 = EDGE_CURVE('',#3268,#3270,#3272,.T.);
#3268 = VERTEX_POINT('',#3269);
#3269 = CARTESIAN_POINT('',(-150.2383505304,-3.5,-17.75242513989));
#3270 = VERTEX_POINT('',#3271);
#3271 = CARTESIAN_POINT('',(-6.05097460369,-3.5,7.323640238672));
#3272 = SURFACE_CURVE('',#3273,(#3277,#3289),.PCURVE_S1.);
#3273 = LINE('',#3274,#3275);
#3274 = CARTESIAN_POINT('',(-183.7258541203,-3.5,-23.57633880771));
#3275 = VECTOR('',#3276,1.);
#3276 = DIRECTION('',(0.98521175482,1.902269172752E-17,0.171341174751));
#3277 = PCURVE('',#3278,#3283);
#3278 = PLANE('',#3279);
#3279 = AXIS2_PLACEMENT_3D('',#3280,#3281,#3282);
#3280 = CARTESIAN_POINT('',(-91.54812415367,-3.5,-14.41693272575));
#3281 = DIRECTION('',(-0.,-1.,1.110223024625E-16));
#3282 = DIRECTION('',(1.,0.,0.));
#3283 = DEFINITIONAL_REPRESENTATION('',(#3284),#3288);
#3284 = LINE('',#3285,#3286);
#3285 = CARTESIAN_POINT('',(-92.17772996672,-9.159406081956));
#3286 = VECTOR('',#3287,1.);
#3287 = DIRECTION('',(0.98521175482,0.171341174751));
#3288 = ( GEOMETRIC_REPRESENTATION_CONTEXT(2) 
PARAMETRIC_REPRESENTATION_CONTEXT() REPRESENTATION_CONTEXT('2D SPACE',''
  ) );
#3289 = PCURVE('',#3290,#3295);
#3290 = CYLINDRICAL_SURFACE('',#3291,1.6);
#3291 = AXIS2_PLACEMENT_3D('',#3292,#3293,#3294);
#3292 = CARTESIAN_POINT('',(-183.7258541203,-1.9,-23.57633880771));
#3293 = DIRECTION('',(0.98521175482,1.902269172752E-17,0.171341174751));
#3294 = DIRECTION('',(-0.171341174751,1.093804774332E-16,0.98521175482)
  );
#3295 = DEFINITIONAL_REPRESENTATION('',(#3296),#3300);
#3296 = LINE('',#3297,#3298);
#3297 = CARTESIAN_POINT('',(1.570796326795,0.));
#3298 = VECTOR('',#3299,1.);
#3299 = DIRECTION('',(0.,1.));
#3300 = ( GEOMETRIC_REPRESENTATION_CONTEXT(2) 
PARAMETRIC_REPRESENTATION_CONTEXT() REPRESENTATION_CONTEXT('2D SPACE',''
  ) );
#3301 = ORIENTED_EDGE('',*,*,#3302,.T.);
#3302 = EDGE_CURVE('',#3270,#3303,#3305,.T.);
#3303 = VERTEX_POINT('',#3304);
#3304 = CARTESIAN_POINT('',(-4.,-3.5,-8.616843969807));
#3305 = SURFACE_CURVE('',#3306,(#3311,#3322),.PCURVE_S1.);
#3306 = CIRCLE('',#3307,9.5);
#3307 = AXIS2_PLACEMENT_3D('',#3308,#3309,#3310);
#3308 = CARTESIAN_POINT('',(0.,-3.5,1.554312234475E-15));
#3309 = DIRECTION('',(0.,1.,-2.22044604925E-16));
#3310 = DIRECTION('',(-1.,0.,-0.));
#3311 = PCURVE('',#3278,#3312);
#3312 = DEFINITIONAL_REPRESENTATION('',(#3313),#3321);
#3313 = ( BOUNDED_CURVE() B_SPLINE_CURVE(2,(#3314,#3315,#3316,#3317,
#3318,#3319,#3320),.UNSPECIFIED.,.T.,.F.) B_SPLINE_CURVE_WITH_KNOTS((1,2
    ,2,2,2,1),(-2.094395102393,0.,2.094395102393,4.188790204786,
6.28318530718,8.377580409573),.UNSPECIFIED.) CURVE() 
GEOMETRIC_REPRESENTATION_ITEM() RATIONAL_B_SPLINE_CURVE((1.,0.5,1.,0.5,
1.,0.5,1.)) REPRESENTATION_ITEM('') );
#3314 = CARTESIAN_POINT('',(82.048124153677,14.416932725756));
#3315 = CARTESIAN_POINT('',(82.048124153677,30.87141539766));
#3316 = CARTESIAN_POINT('',(96.298124153677,22.644174061708));
#3317 = CARTESIAN_POINT('',(110.54812415367,14.416932725756));
#3318 = CARTESIAN_POINT('',(96.298124153677,6.189691389804));
#3319 = CARTESIAN_POINT('',(82.048124153677,-2.037549946149));
#3320 = CARTESIAN_POINT('',(82.048124153677,14.416932725756));
#3321 = ( GEOMETRIC_REPRESENTATION_CONTEXT(2) 
PARAMETRIC_REPRESENTATION_CONTEXT() REPRESENTATION_CONTEXT('2D SPACE',''
  ) );
#3322 = PCURVE('',#3323,#3328);
#3323 = CYLINDRICAL_SURFACE('',#3324,9.5);
#3324 = AXIS2_PLACEMENT_3D('',#3325,#3326,#3327);
#3325 = CARTESIAN_POINT('',(0.,3.5,0.));
#3326 = DIRECTION('',(0.,-1.,2.22044604925E-16));
#3327 = DIRECTION('',(-1.,0.,-0.));
#3328 = DEFINITIONAL_REPRESENTATION('',(#3329),#3333);
#3329 = LINE('',#3330,#3331);
#3330 = CARTESIAN_POINT('',(-0.,7.));
#3331 = VECTOR('',#3332,1.);
#3332 = DIRECTION('',(-1.,0.));
#3333 = ( GEOMETRIC_REPRESENTATION_CONTEXT(2) 
PARAMETRIC_REPRESENTATION_CONTEXT() REPRESENTATION_CONTEXT('2D SPACE',''
  ) );
#3334 = ORIENTED_EDGE('',*,*,#3335,.F.);
#3335 = EDGE_CURVE('',#3336,#3303,#3338,.T.);
#3336 = VERTEX_POINT('',#3337);
#3337 = CARTESIAN_POINT('',(-4.,-3.5,-12.));
#3338 = SURFACE_CURVE('',#3339,(#3343,#3350),.PCURVE_S1.);
#3339 = LINE('',#3340,#3341);
#3340 = CARTESIAN_POINT('',(-4.,-3.5,-12.));
#3341 = VECTOR('',#3342,1.);
#3342 = DIRECTION('',(-0.,-0.,1.));
#3343 = PCURVE('',#3278,#3344);
#3344 = DEFINITIONAL_REPRESENTATION('',(#3345),#3349);
#3345 = LINE('',#3346,#3347);
#3346 = CARTESIAN_POINT('',(87.548124153677,2.416932725756));
#3347 = VECTOR('',#3348,1.);
#3348 = DIRECTION('',(0.,1.));
#3349 = ( GEOMETRIC_REPRESENTATION_CONTEXT(2) 
PARAMETRIC_REPRESENTATION_CONTEXT() REPRESENTATION_CONTEXT('2D SPACE',''
  ) );
#3350 = PCURVE('',#3351,#3356);
#3351 = PLANE('',#3352);
#3352 = AXIS2_PLACEMENT_3D('',#3353,#3354,#3355);
#3353 = CARTESIAN_POINT('',(-4.,-3.5,-12.));
#3354 = DIRECTION('',(-1.,-0.,-0.));
#3355 = DIRECTION('',(0.,0.,-1.));
#3356 = DEFINITIONAL_REPRESENTATION('',(#3357),#3361);
#3357 = LINE('',#3358,#3359);
#3358 = CARTESIAN_POINT('',(-0.,-0.));
#3359 = VECTOR('',#3360,1.);
#3360 = DIRECTION('',(-1.,-0.));
#3361 = ( GEOMETRIC_REPRESENTATION_CONTEXT(2) 
PARAMETRIC_REPRESENTATION_CONTEXT() REPRESENTATION_CONTEXT('2D SPACE',''
  ) );
#3362 = ORIENTED_EDGE('',*,*,#3363,.T.);
#3363 = EDGE_CURVE('',#3336,#3364,#3366,.T.);
#3364 = VERTEX_POINT('',#3365);
#3365 = CARTESIAN_POINT('',(-12.,-3.5,-12.));
#3366 = SURFACE_CURVE('',#3367,(#3371,#3378),.PCURVE_S1.);
#3367 = LINE('',#3368,#3369);
#3368 = CARTESIAN_POINT('',(-4.,-3.5,-12.));
#3369 = VECTOR('',#3370,1.);
#3370 = DIRECTION('',(-1.,-0.,-0.));
#3371 = PCURVE('',#3278,#3372);
#3372 = DEFINITIONAL_REPRESENTATION('',(#3373),#3377);
#3373 = LINE('',#3374,#3375);
#3374 = CARTESIAN_POINT('',(87.548124153677,2.416932725756));
#3375 = VECTOR('',#3376,1.);
#3376 = DIRECTION('',(-1.,0.));
#3377 = ( GEOMETRIC_REPRESENTATION_CONTEXT(2) 
PARAMETRIC_REPRESENTATION_CONTEXT() REPRESENTATION_CONTEXT('2D SPACE',''
  ) );
#3378 = PCURVE('',#3379,#3384);
#3379 = PLANE('',#3380);
#3380 = AXIS2_PLACEMENT_3D('',#3381,#3382,#3383);
#3381 = CARTESIAN_POINT('',(-4.,-3.5,-12.));
#3382 = DIRECTION('',(-0.,-0.,1.));
#3383 = DIRECTION('',(1.,0.,0.));
#3384 = DEFINITIONAL_REPRESENTATION('',(#3385),#3389);
#3385 = LINE('',#3386,#3387);
#3386 = CARTESIAN_POINT('',(0.,-0.));
#3387 = VECTOR('',#3388,1.);
#3388 = DIRECTION('',(-1.,0.));
#3389 = ( GEOMETRIC_REPRESENTATION_CONTEXT(2) 
PARAMETRIC_REPRESENTATION_CONTEXT() REPRESENTATION_CONTEXT('2D SPACE',''
  ) );
#3390 = ORIENTED_EDGE('',*,*,#3391,.T.);
#3391 = EDGE_CURVE('',#3364,#3392,#3394,.T.);
#3392 = VERTEX_POINT('',#3393);
#3393 = CARTESIAN_POINT('',(-12.,-3.5,-8.335394683636));
#3394 = SURFACE_CURVE('',#3395,(#3399,#3406),.PCURVE_S1.);
#3395 = LINE('',#3396,#3397);
#3396 = CARTESIAN_POINT('',(-12.,-3.5,-12.));
#3397 = VECTOR('',#3398,1.);
#3398 = DIRECTION('',(-0.,-0.,1.));
#3399 = PCURVE('',#3278,#3400);
#3400 = DEFINITIONAL_REPRESENTATION('',(#3401),#3405);
#3401 = LINE('',#3402,#3403);
#3402 = CARTESIAN_POINT('',(79.548124153677,2.416932725756));
#3403 = VECTOR('',#3404,1.);
#3404 = DIRECTION('',(0.,1.));
#3405 = ( GEOMETRIC_REPRESENTATION_CONTEXT(2) 
PARAMETRIC_REPRESENTATION_CONTEXT() REPRESENTATION_CONTEXT('2D SPACE',''
  ) );
#3406 = PCURVE('',#3407,#3412);
#3407 = PLANE('',#3408);
#3408 = AXIS2_PLACEMENT_3D('',#3409,#3410,#3411);
#3409 = CARTESIAN_POINT('',(-12.,-3.5,-12.));
#3410 = DIRECTION('',(-1.,-0.,-0.));
#3411 = DIRECTION('',(0.,0.,-1.));
#3412 = DEFINITIONAL_REPRESENTATION('',(#3413),#3417);
#3413 = LINE('',#3414,#3415);
#3414 = CARTESIAN_POINT('',(-0.,-0.));
#3415 = VECTOR('',#3416,1.);
#3416 = DIRECTION('',(-1.,-0.));
#3417 = ( GEOMETRIC_REPRESENTATION_CONTEXT(2) 
PARAMETRIC_REPRESENTATION_CONTEXT() REPRESENTATION_CONTEXT('2D SPACE',''
  ) );
#3418 = ORIENTED_EDGE('',*,*,#3419,.T.);
#3419 = EDGE_CURVE('',#3392,#3420,#3422,.T.);
#3420 = VERTEX_POINT('',#3421);
#3421 = CARTESIAN_POINT('',(-178.1152709611,-3.5,-35.41940625338));
#3422 = SURFACE_CURVE('',#3423,(#3427,#3434),.PCURVE_S1.);
#3423 = LINE('',#3424,#3425);
#3424 = CARTESIAN_POINT('',(-0.257469828126,-3.5,-6.42085172083));
#3425 = VECTOR('',#3426,1.);
#3426 = DIRECTION('',(-0.986967674481,-1.78655582082E-17,-0.160918642578
    ));
#3427 = PCURVE('',#3278,#3428);
#3428 = DEFINITIONAL_REPRESENTATION('',(#3429),#3433);
#3429 = LINE('',#3430,#3431);
#3430 = CARTESIAN_POINT('',(91.290654325552,7.996081004926));
#3431 = VECTOR('',#3432,1.);
#3432 = DIRECTION('',(-0.986967674481,-0.160918642578));
#3433 = ( GEOMETRIC_REPRESENTATION_CONTEXT(2) 
PARAMETRIC_REPRESENTATION_CONTEXT() REPRESENTATION_CONTEXT('2D SPACE',''
  ) );
#3434 = PCURVE('',#3435,#3440);
#3435 = CYLINDRICAL_SURFACE('',#3436,1.6);
#3436 = AXIS2_PLACEMENT_3D('',#3437,#3438,#3439);
#3437 = CARTESIAN_POINT('',(-0.257469828126,-1.9,-6.42085172083));
#3438 = DIRECTION('',(-0.986967674481,-1.78655582082E-17,-0.160918642578
    ));
#3439 = DIRECTION('',(0.160918642578,-1.09575423677E-16,-0.986967674481)
  );
#3440 = DEFINITIONAL_REPRESENTATION('',(#3441),#3445);
#3441 = LINE('',#3442,#3443);
#3442 = CARTESIAN_POINT('',(1.570796326795,0.));
#3443 = VECTOR('',#3444,1.);
#3444 = DIRECTION('',(0.,1.));
#3445 = ( GEOMETRIC_REPRESENTATION_CONTEXT(2) 
PARAMETRIC_REPRESENTATION_CONTEXT() REPRESENTATION_CONTEXT('2D SPACE',''
  ) );
#3446 = ORIENTED_EDGE('',*,*,#3447,.T.);
#3447 = EDGE_CURVE('',#3420,#3448,#3450,.T.);
#3448 = VERTEX_POINT('',#3449);
#3449 = CARTESIAN_POINT('',(-180.1957523923,-3.5,-22.96240807239));
#3450 = SURFACE_CURVE('',#3451,(#3456,#3467),.PCURVE_S1.);
#3451 = CIRCLE('',#3452,8.);
#3452 = AXIS2_PLACEMENT_3D('',#3453,#3454,#3455);
#3453 = CARTESIAN_POINT('',(-184.,-3.5,-30.));
#3454 = DIRECTION('',(-1.691021630299E-32,1.,-4.916655320746E-16));
#3455 = DIRECTION('',(0.735591129857,-3.330669073875E-16,-0.677425781673
    ));
#3456 = PCURVE('',#3278,#3457);
#3457 = DEFINITIONAL_REPRESENTATION('',(#3458),#3466);
#3458 = ( BOUNDED_CURVE() B_SPLINE_CURVE(2,(#3459,#3460,#3461,#3462,
#3463,#3464,#3465),.UNSPECIFIED.,.T.,.F.) B_SPLINE_CURVE_WITH_KNOTS((1,2
    ,2,2,2,1),(-2.094395102393,0.,2.094395102393,4.188790204786,
6.28318530718,8.377580409573),.UNSPECIFIED.) CURVE() 
GEOMETRIC_REPRESENTATION_ITEM() RATIONAL_B_SPLINE_CURVE((1.,0.5,1.,0.5,
1.,0.5,1.)) REPRESENTATION_ITEM('') );
#3459 = CARTESIAN_POINT('',(-86.56714680746,-21.00247352763));
#3460 = CARTESIAN_POINT('',(-95.95383378519,-31.1951232117));
#3461 = CARTESIAN_POINT('',(-100.0875838546,-17.96968898958));
#3462 = CARTESIAN_POINT('',(-104.221333924,-4.744254767469));
#3463 = CARTESIAN_POINT('',(-90.70089687688,-7.777039305514));
#3464 = CARTESIAN_POINT('',(-77.18045982974,-10.80982384355));
#3465 = CARTESIAN_POINT('',(-86.56714680746,-21.00247352763));
#3466 = ( GEOMETRIC_REPRESENTATION_CONTEXT(2) 
PARAMETRIC_REPRESENTATION_CONTEXT() REPRESENTATION_CONTEXT('2D SPACE',''
  ) );
#3467 = PCURVE('',#3468,#3473);
#3468 = CYLINDRICAL_SURFACE('',#3469,8.);
#3469 = AXIS2_PLACEMENT_3D('',#3470,#3471,#3472);
#3470 = CARTESIAN_POINT('',(-184.,3.5,-30.));
#3471 = DIRECTION('',(-0.,-1.,2.22044604925E-16));
#3472 = DIRECTION('',(-1.,-0.,-0.));
#3473 = DEFINITIONAL_REPRESENTATION('',(#3474),#3478);
#3474 = LINE('',#3475,#3476);
#3475 = CARTESIAN_POINT('',(-3.885850100327,7.));
#3476 = VECTOR('',#3477,1.);
#3477 = DIRECTION('',(-1.,0.));
#3478 = ( GEOMETRIC_REPRESENTATION_CONTEXT(2) 
PARAMETRIC_REPRESENTATION_CONTEXT() REPRESENTATION_CONTEXT('2D SPACE',''
  ) );
#3479 = ORIENTED_EDGE('',*,*,#3480,.T.);
#3480 = EDGE_CURVE('',#3448,#3481,#3483,.T.);
#3481 = VERTEX_POINT('',#3482);
#3482 = CARTESIAN_POINT('',(-156.7069356919,-3.5,-18.87739647233));
#3483 = SURFACE_CURVE('',#3484,(#3488,#3495),.PCURVE_S1.);
#3484 = LINE('',#3485,#3486);
#3485 = CARTESIAN_POINT('',(-183.7258541203,-3.5,-23.57633880771));
#3486 = VECTOR('',#3487,1.);
#3487 = DIRECTION('',(0.98521175482,1.902269172752E-17,0.171341174751));
#3488 = PCURVE('',#3278,#3489);
#3489 = DEFINITIONAL_REPRESENTATION('',(#3490),#3494);
#3490 = LINE('',#3491,#3492);
#3491 = CARTESIAN_POINT('',(-92.17772996672,-9.159406081956));
#3492 = VECTOR('',#3493,1.);
#3493 = DIRECTION('',(0.98521175482,0.171341174751));
#3494 = ( GEOMETRIC_REPRESENTATION_CONTEXT(2) 
PARAMETRIC_REPRESENTATION_CONTEXT() REPRESENTATION_CONTEXT('2D SPACE',''
  ) );
#3495 = PCURVE('',#3496,#3501);
#3496 = CYLINDRICAL_SURFACE('',#3497,1.6);
#3497 = AXIS2_PLACEMENT_3D('',#3498,#3499,#3500);
#3498 = CARTESIAN_POINT('',(-183.7258541203,-1.9,-23.57633880771));
#3499 = DIRECTION('',(0.98521175482,1.902269172752E-17,0.171341174751));
#3500 = DIRECTION('',(-0.171341174751,1.093804774332E-16,0.98521175482)
  );
#3501 = DEFINITIONAL_REPRESENTATION('',(#3502),#3506);
#3502 = LINE('',#3503,#3504);
#3503 = CARTESIAN_POINT('',(1.570796326795,0.));
#3504 = VECTOR('',#3505,1.);
#3505 = DIRECTION('',(0.,1.));
#3506 = ( GEOMETRIC_REPRESENTATION_CONTEXT(2) 
PARAMETRIC_REPRESENTATION_CONTEXT() REPRESENTATION_CONTEXT('2D SPACE',''
  ) );
#3507 = ORIENTED_EDGE('',*,*,#3508,.F.);
#3508 = EDGE_CURVE('',#3268,#3481,#3509,.T.);
#3509 = SURFACE_CURVE('',#3510,(#3515,#3526),.PCURVE_S1.);
#3510 = CIRCLE('',#3511,4.5);
#3511 = AXIS2_PLACEMENT_3D('',#3512,#3513,#3514);
#3512 = CARTESIAN_POINT('',(-154.,-3.5,-15.28260869565));
#3513 = DIRECTION('',(0.,1.,-2.22044604925E-16));
#3514 = DIRECTION('',(-1.,-0.,-0.));
#3515 = PCURVE('',#3278,#3516);
#3516 = DEFINITIONAL_REPRESENTATION('',(#3517),#3525);
#3517 = ( BOUNDED_CURVE() B_SPLINE_CURVE(2,(#3518,#3519,#3520,#3521,
#3522,#3523,#3524),.UNSPECIFIED.,.T.,.F.) B_SPLINE_CURVE_WITH_KNOTS((1,2
    ,2,2,2,1),(-2.094395102393,0.,2.094395102393,4.188790204786,
6.28318530718,8.377580409573),.UNSPECIFIED.) CURVE() 
GEOMETRIC_REPRESENTATION_ITEM() RATIONAL_B_SPLINE_CURVE((1.,0.5,1.,0.5,
1.,0.5,1.)) REPRESENTATION_ITEM('') );
#3518 = CARTESIAN_POINT('',(-66.95187584632,-0.865675969896));
#3519 = CARTESIAN_POINT('',(-66.95187584632,6.928552664164));
#3520 = CARTESIAN_POINT('',(-60.20187584632,3.031438347134));
#3521 = CARTESIAN_POINT('',(-53.45187584632,-0.865675969896));
#3522 = CARTESIAN_POINT('',(-60.20187584632,-4.762790286926));
#3523 = CARTESIAN_POINT('',(-66.95187584632,-8.659904603956));
#3524 = CARTESIAN_POINT('',(-66.95187584632,-0.865675969896));
#3525 = ( GEOMETRIC_REPRESENTATION_CONTEXT(2) 
PARAMETRIC_REPRESENTATION_CONTEXT() REPRESENTATION_CONTEXT('2D SPACE',''
  ) );
#3526 = PCURVE('',#3527,#3532);
#3527 = CYLINDRICAL_SURFACE('',#3528,4.5);
#3528 = AXIS2_PLACEMENT_3D('',#3529,#3530,#3531);
#3529 = CARTESIAN_POINT('',(-154.,4.5,-15.28260869565));
#3530 = DIRECTION('',(0.,-1.,2.22044604925E-16));
#3531 = DIRECTION('',(-1.,0.,-0.));
#3532 = DEFINITIONAL_REPRESENTATION('',(#3533),#3537);
#3533 = LINE('',#3534,#3535);
#3534 = CARTESIAN_POINT('',(-0.,8.));
#3535 = VECTOR('',#3536,1.);
#3536 = DIRECTION('',(-1.,0.));
#3537 = ( GEOMETRIC_REPRESENTATION_CONTEXT(2) 
PARAMETRIC_REPRESENTATION_CONTEXT() REPRESENTATION_CONTEXT('2D SPACE',''
  ) );
#3538 = FACE_BOUND('',#3539,.F.);
#3539 = EDGE_LOOP('',(#3540,#3575,#3603));
#3540 = ORIENTED_EDGE('',*,*,#3541,.T.);
#3541 = EDGE_CURVE('',#3542,#3544,#3546,.T.);
#3542 = VERTEX_POINT('',#3543);
#3543 = CARTESIAN_POINT('',(-5.830951894845,-3.5,-7.5));
#3544 = VERTEX_POINT('',#3545);
#3545 = CARTESIAN_POINT('',(-6.008508033527,-3.5,-7.35852099345));
#3546 = SURFACE_CURVE('',#3547,(#3552,#3563),.PCURVE_S1.);
#3547 = CIRCLE('',#3548,9.5);
#3548 = AXIS2_PLACEMENT_3D('',#3549,#3550,#3551);
#3549 = CARTESIAN_POINT('',(0.,-3.5,1.554312234475E-15));
#3550 = DIRECTION('',(0.,1.,-2.22044604925E-16));
#3551 = DIRECTION('',(-1.,0.,-0.));
#3552 = PCURVE('',#3278,#3553);
#3553 = DEFINITIONAL_REPRESENTATION('',(#3554),#3562);
#3554 = ( BOUNDED_CURVE() B_SPLINE_CURVE(2,(#3555,#3556,#3557,#3558,
#3559,#3560,#3561),.UNSPECIFIED.,.T.,.F.) B_SPLINE_CURVE_WITH_KNOTS((1,2
    ,2,2,2,1),(-2.094395102393,0.,2.094395102393,4.188790204786,
6.28318530718,8.377580409573),.UNSPECIFIED.) CURVE() 
GEOMETRIC_REPRESENTATION_ITEM() RATIONAL_B_SPLINE_CURVE((1.,0.5,1.,0.5,
1.,0.5,1.)) REPRESENTATION_ITEM('') );
#3555 = CARTESIAN_POINT('',(82.048124153677,14.416932725756));
#3556 = CARTESIAN_POINT('',(82.048124153677,30.87141539766));
#3557 = CARTESIAN_POINT('',(96.298124153677,22.644174061708));
#3558 = CARTESIAN_POINT('',(110.54812415367,14.416932725756));
#3559 = CARTESIAN_POINT('',(96.298124153677,6.189691389804));
#3560 = CARTESIAN_POINT('',(82.048124153677,-2.037549946149));
#3561 = CARTESIAN_POINT('',(82.048124153677,14.416932725756));
#3562 = ( GEOMETRIC_REPRESENTATION_CONTEXT(2) 
PARAMETRIC_REPRESENTATION_CONTEXT() REPRESENTATION_CONTEXT('2D SPACE',''
  ) );
#3563 = PCURVE('',#3564,#3569);
#3564 = CYLINDRICAL_SURFACE('',#3565,9.5);
#3565 = AXIS2_PLACEMENT_3D('',#3566,#3567,#3568);
#3566 = CARTESIAN_POINT('',(0.,3.5,0.));
#3567 = DIRECTION('',(0.,-1.,2.22044604925E-16));
#3568 = DIRECTION('',(-1.,0.,-0.));
#3569 = DEFINITIONAL_REPRESENTATION('',(#3570),#3574);
#3570 = LINE('',#3571,#3572);
#3571 = CARTESIAN_POINT('',(-0.,7.));
#3572 = VECTOR('',#3573,1.);
#3573 = DIRECTION('',(-1.,0.));
#3574 = ( GEOMETRIC_REPRESENTATION_CONTEXT(2) 
PARAMETRIC_REPRESENTATION_CONTEXT() REPRESENTATION_CONTEXT('2D SPACE',''
  ) );
#3575 = ORIENTED_EDGE('',*,*,#3576,.T.);
#3576 = EDGE_CURVE('',#3544,#3577,#3579,.T.);
#3577 = VERTEX_POINT('',#3578);
#3578 = CARTESIAN_POINT('',(-6.876245940367,-3.5,-7.5));
#3579 = SURFACE_CURVE('',#3580,(#3584,#3591),.PCURVE_S1.);
#3580 = LINE('',#3581,#3582);
#3581 = CARTESIAN_POINT('',(-0.257469828126,-3.5,-6.42085172083));
#3582 = VECTOR('',#3583,1.);
#3583 = DIRECTION('',(-0.986967674481,-1.78655582082E-17,-0.160918642578
    ));
#3584 = PCURVE('',#3278,#3585);
#3585 = DEFINITIONAL_REPRESENTATION('',(#3586),#3590);
#3586 = LINE('',#3587,#3588);
#3587 = CARTESIAN_POINT('',(91.290654325552,7.996081004926));
#3588 = VECTOR('',#3589,1.);
#3589 = DIRECTION('',(-0.986967674481,-0.160918642578));
#3590 = ( GEOMETRIC_REPRESENTATION_CONTEXT(2) 
PARAMETRIC_REPRESENTATION_CONTEXT() REPRESENTATION_CONTEXT('2D SPACE',''
  ) );
#3591 = PCURVE('',#3592,#3597);
#3592 = CYLINDRICAL_SURFACE('',#3593,1.6);
#3593 = AXIS2_PLACEMENT_3D('',#3594,#3595,#3596);
#3594 = CARTESIAN_POINT('',(-0.257469828126,-1.9,-6.42085172083));
#3595 = DIRECTION('',(-0.986967674481,-1.78655582082E-17,-0.160918642578
    ));
#3596 = DIRECTION('',(0.160918642578,-1.09575423677E-16,-0.986967674481)
  );
#3597 = DEFINITIONAL_REPRESENTATION('',(#3598),#3602);
#3598 = LINE('',#3599,#3600);
#3599 = CARTESIAN_POINT('',(1.570796326795,0.));
#3600 = VECTOR('',#3601,1.);
#3601 = DIRECTION('',(0.,1.));
#3602 = ( GEOMETRIC_REPRESENTATION_CONTEXT(2) 
PARAMETRIC_REPRESENTATION_CONTEXT() REPRESENTATION_CONTEXT('2D SPACE',''
  ) );
#3603 = ORIENTED_EDGE('',*,*,#3604,.F.);
#3604 = EDGE_CURVE('',#3542,#3577,#3605,.T.);
#3605 = SURFACE_CURVE('',#3606,(#3610,#3617),.PCURVE_S1.);
#3606 = LINE('',#3607,#3608);
#3607 = CARTESIAN_POINT('',(-4.,-3.5,-7.5));
#3608 = VECTOR('',#3609,1.);
#3609 = DIRECTION('',(-1.,-0.,-0.));
#3610 = PCURVE('',#3278,#3611);
#3611 = DEFINITIONAL_REPRESENTATION('',(#3612),#3616);
#3612 = LINE('',#3613,#3614);
#3613 = CARTESIAN_POINT('',(87.548124153677,6.916932725756));
#3614 = VECTOR('',#3615,1.);
#3615 = DIRECTION('',(-1.,0.));
#3616 = ( GEOMETRIC_REPRESENTATION_CONTEXT(2) 
PARAMETRIC_REPRESENTATION_CONTEXT() REPRESENTATION_CONTEXT('2D SPACE',''
  ) );
#3617 = PCURVE('',#3618,#3623);
#3618 = PLANE('',#3619);
#3619 = AXIS2_PLACEMENT_3D('',#3620,#3621,#3622);
#3620 = CARTESIAN_POINT('',(-4.,-3.5,-7.5));
#3621 = DIRECTION('',(-0.,-0.,1.));
#3622 = DIRECTION('',(1.,0.,0.));
#3623 = DEFINITIONAL_REPRESENTATION('',(#3624),#3628);
#3624 = LINE('',#3625,#3626);
#3625 = CARTESIAN_POINT('',(0.,-0.));
#3626 = VECTOR('',#3627,1.);
#3627 = DIRECTION('',(-1.,0.));
#3628 = ( GEOMETRIC_REPRESENTATION_CONTEXT(2) 
PARAMETRIC_REPRESENTATION_CONTEXT() REPRESENTATION_CONTEXT('2D SPACE',''
  ) );
#3629 = FACE_BOUND('',#3630,.F.);
#3630 = EDGE_LOOP('',(#3631));
#3631 = ORIENTED_EDGE('',*,*,#3632,.F.);
#3632 = EDGE_CURVE('',#3633,#3633,#3635,.T.);
#3633 = VERTEX_POINT('',#3634);
#3634 = CARTESIAN_POINT('',(-2.8,-3.5,1.090554631878E-15));
#3635 = SURFACE_CURVE('',#3636,(#3641,#3652),.PCURVE_S1.);
#3636 = CIRCLE('',#3637,2.8);
#3637 = AXIS2_PLACEMENT_3D('',#3638,#3639,#3640);
#3638 = CARTESIAN_POINT('',(0.,-3.5,1.7763568394E-15));
#3639 = DIRECTION('',(0.,1.,-2.22044604925E-16));
#3640 = DIRECTION('',(-1.,-0.,-0.));
#3641 = PCURVE('',#3278,#3642);
#3642 = DEFINITIONAL_REPRESENTATION('',(#3643),#3651);
#3643 = ( BOUNDED_CURVE() B_SPLINE_CURVE(2,(#3644,#3645,#3646,#3647,
#3648,#3649,#3650),.UNSPECIFIED.,.T.,.F.) B_SPLINE_CURVE_WITH_KNOTS((1,2
    ,2,2,2,1),(-2.094395102393,0.,2.094395102393,4.188790204786,
6.28318530718,8.377580409573),.UNSPECIFIED.) CURVE() 
GEOMETRIC_REPRESENTATION_ITEM() RATIONAL_B_SPLINE_CURVE((1.,0.5,1.,0.5,
1.,0.5,1.)) REPRESENTATION_ITEM('') );
#3644 = CARTESIAN_POINT('',(88.748124153677,14.416932725756));
#3645 = CARTESIAN_POINT('',(88.748124153677,19.266674986949));
#3646 = CARTESIAN_POINT('',(92.948124153677,16.841803856352));
#3647 = CARTESIAN_POINT('',(97.148124153677,14.416932725756));
#3648 = CARTESIAN_POINT('',(92.948124153677,11.992061595159));
#3649 = CARTESIAN_POINT('',(88.748124153677,9.567190464563));
#3650 = CARTESIAN_POINT('',(88.748124153677,14.416932725756));
#3651 = ( GEOMETRIC_REPRESENTATION_CONTEXT(2) 
PARAMETRIC_REPRESENTATION_CONTEXT() REPRESENTATION_CONTEXT('2D SPACE',''
  ) );
#3652 = PCURVE('',#3653,#3658);
#3653 = CYLINDRICAL_SURFACE('',#3654,2.8);
#3654 = AXIS2_PLACEMENT_3D('',#3655,#3656,#3657);
#3655 = CARTESIAN_POINT('',(0.,4.5,0.));
#3656 = DIRECTION('',(0.,-1.,2.22044604925E-16));
#3657 = DIRECTION('',(-1.,0.,-0.));
#3658 = DEFINITIONAL_REPRESENTATION('',(#3659),#3663);
#3659 = LINE('',#3660,#3661);
#3660 = CARTESIAN_POINT('',(-0.,8.));
#3661 = VECTOR('',#3662,1.);
#3662 = DIRECTION('',(-1.,0.));
#3663 = ( GEOMETRIC_REPRESENTATION_CONTEXT(2) 
PARAMETRIC_REPRESENTATION_CONTEXT() REPRESENTATION_CONTEXT('2D SPACE',''
  ) );
#3664 = ADVANCED_FACE('',(#3665),#3290,.T.);
#3665 = FACE_BOUND('',#3666,.T.);
#3666 = EDGE_LOOP('',(#3667,#3697,#3790,#3791,#3847));
#3667 = ORIENTED_EDGE('',*,*,#3668,.F.);
#3668 = EDGE_CURVE('',#3669,#3671,#3673,.T.);
#3669 = VERTEX_POINT('',#3670);
#3670 = CARTESIAN_POINT('',(-149.5592269974,-1.9,-16.01030034738));
#3671 = VERTEX_POINT('',#3672);
#3672 = CARTESIAN_POINT('',(-1.874145879602,-1.9,9.674061586156));
#3673 = SURFACE_CURVE('',#3674,(#3678,#3685),.PCURVE_S1.);
#3674 = LINE('',#3675,#3676);
#3675 = CARTESIAN_POINT('',(-184.,-1.9,-22.));
#3676 = VECTOR('',#3677,1.);
#3677 = DIRECTION('',(0.98521175482,1.902269172752E-17,0.171341174751));
#3678 = PCURVE('',#3290,#3679);
#3679 = DEFINITIONAL_REPRESENTATION('',(#3680),#3684);
#3680 = LINE('',#3681,#3682);
#3681 = CARTESIAN_POINT('',(0.,0.));
#3682 = VECTOR('',#3683,1.);
#3683 = DIRECTION('',(0.,1.));
#3684 = ( GEOMETRIC_REPRESENTATION_CONTEXT(2) 
PARAMETRIC_REPRESENTATION_CONTEXT() REPRESENTATION_CONTEXT('2D SPACE',''
  ) );
#3685 = PCURVE('',#3686,#3691);
#3686 = PLANE('',#3687);
#3687 = AXIS2_PLACEMENT_3D('',#3688,#3689,#3690);
#3688 = CARTESIAN_POINT('',(-184.,-2.442490654175E-15,-22.));
#3689 = DIRECTION('',(-0.171341174751,1.093804774332E-16,0.98521175482)
  );
#3690 = DIRECTION('',(-0.98521175482,-1.902269172752E-17,-0.171341174751
    ));
#3691 = DEFINITIONAL_REPRESENTATION('',(#3692),#3696);
#3692 = LINE('',#3693,#3694);
#3693 = CARTESIAN_POINT('',(-0.,1.9));
#3694 = VECTOR('',#3695,1.);
#3695 = DIRECTION('',(-1.,0.));
#3696 = ( GEOMETRIC_REPRESENTATION_CONTEXT(2) 
PARAMETRIC_REPRESENTATION_CONTEXT() REPRESENTATION_CONTEXT('2D SPACE',''
  ) );
#3697 = ORIENTED_EDGE('',*,*,#3698,.T.);
#3698 = EDGE_CURVE('',#3669,#3268,#3699,.T.);
#3699 = SURFACE_CURVE('',#3700,(#3728,#3759),.PCURVE_S1.);
#3700 = B_SPLINE_CURVE_WITH_KNOTS('',6,(#3701,#3702,#3703,#3704,#3705,
    #3706,#3707,#3708,#3709,#3710,#3711,#3712,#3713,#3714,#3715,#3716,
    #3717,#3718,#3719,#3720,#3721,#3722,#3723,#3724,#3725,#3726,#3727),
  .UNSPECIFIED.,.F.,.F.,(7,5,5,5,5,7),(0.,0.377295183883,0.4781375865,
    0.650137764419,0.800287109595,1.),.UNSPECIFIED.);
#3701 = CARTESIAN_POINT('',(-149.5592269974,-1.9,-16.01030034738));
#3702 = CARTESIAN_POINT('',(-149.5592269974,-2.056784740821,
    -16.01030034738));
#3703 = CARTESIAN_POINT('',(-149.5623834367,-2.213894264499,
    -16.02956204627));
#3704 = CARTESIAN_POINT('',(-149.5687202602,-2.369138116019,
    -16.06823547184));
#3705 = CARTESIAN_POINT('',(-149.5789046962,-2.52024567479,
    -16.12645479887));
#3706 = CARTESIAN_POINT('',(-149.5942664429,-2.664783348655,
    -16.20429443863));
#3707 = CARTESIAN_POINT('',(-149.6229543608,-2.836225247637,
    -16.32768540508));
#3708 = CARTESIAN_POINT('',(-149.6295194649,-2.871692404205,
    -16.35508287848));
#3709 = CARTESIAN_POINT('',(-149.6366337595,-2.906393898098,
    -16.3838291133));
#3710 = CARTESIAN_POINT('',(-149.6443328481,-2.94025976978,
    -16.4138943446));
#3711 = CARTESIAN_POINT('',(-149.6526533773,-2.973224680684,
    -16.44524377753));
#3712 = CARTESIAN_POINT('',(-149.6769490479,-3.059813698022,
    -16.53343068055));
#3713 = CARTESIAN_POINT('',(-149.6941936373,-3.11164253376,
    -16.59268575248));
#3714 = CARTESIAN_POINT('',(-149.7135222635,-3.160279697337,
    -16.65528858349));
#3715 = CARTESIAN_POINT('',(-149.7350714985,-3.205391489869,
    -16.72085181805));
#3716 = CARTESIAN_POINT('',(-149.7589406027,-3.246743234771,
    -16.78893610731));
#3717 = CARTESIAN_POINT('',(-149.8080730286,-3.316893170776,
    -16.92029645557));
#3718 = CARTESIAN_POINT('',(-149.8327513281,-3.346586464027,
    -16.98302394446));
#3719 = CARTESIAN_POINT('',(-149.8592243808,-3.37318722486,
    -17.04691782138));
#3720 = CARTESIAN_POINT('',(-149.8874709283,-3.396666775401,
    -17.11162086356));
#3721 = CARTESIAN_POINT('',(-149.917424488,-3.417055279074,
    -17.17676409635));
#3722 = CARTESIAN_POINT('',(-149.9909186723,-3.457561766596,
    -17.32871488152));
#3723 = CARTESIAN_POINT('',(-150.0356298807,-3.475340993686,
    -17.41547068116));
#3724 = CARTESIAN_POINT('',(-150.0829698918,-3.488093276934,
    -17.50170628411));
#3725 = CARTESIAN_POINT('',(-150.1327356945,-3.496178793596,
    -17.58691719805));
#3726 = CARTESIAN_POINT('',(-150.1846483431,-3.5,-17.67063412066));
#3727 = CARTESIAN_POINT('',(-150.2383505304,-3.5,-17.75242513989));
#3728 = PCURVE('',#3290,#3729);
#3729 = DEFINITIONAL_REPRESENTATION('',(#3730),#3758);
#3730 = B_SPLINE_CURVE_WITH_KNOTS('',6,(#3731,#3732,#3733,#3734,#3735,
    #3736,#3737,#3738,#3739,#3740,#3741,#3742,#3743,#3744,#3745,#3746,
    #3747,#3748,#3749,#3750,#3751,#3752,#3753,#3754,#3755,#3756,#3757),
  .UNSPECIFIED.,.F.,.F.,(7,5,5,5,5,7),(0.,0.377295183883,0.4781375865,
    0.650137764419,0.800287109595,1.),.UNSPECIFIED.);
#3731 = CARTESIAN_POINT('',(0.,34.957736582054));
#3732 = CARTESIAN_POINT('',(9.799046301305E-02,34.957736582054));
#3733 = CARTESIAN_POINT('',(0.196184017228,34.951326498902));
#3734 = CARTESIAN_POINT('',(0.294904582579,34.938457035685));
#3735 = CARTESIAN_POINT('',(0.394464167792,34.918447841762));
#3736 = CARTESIAN_POINT('',(0.495188712247,34.889976132998));
#3737 = CARTESIAN_POINT('',(0.624791072812,34.840570505893));
#3738 = CARTESIAN_POINT('',(0.65221261104,34.829408172921));
#3739 = CARTESIAN_POINT('',(0.679709630844,34.817473672547));
#3740 = CARTESIAN_POINT('',(0.707271200234,34.804737027998));
#3741 = CARTESIAN_POINT('',(0.734887510551,34.791168096077));
#3742 = CARTESIAN_POINT('',(0.809731733863,34.752121668315));
#3743 = CARTESIAN_POINT('',(0.857082466541,34.724979262432));
#3744 = CARTESIAN_POINT('',(0.904450180592,34.695210030107));
#3745 = CARTESIAN_POINT('',(0.951703723367,34.662745788886));
#3746 = CARTESIAN_POINT('',(0.998724142971,34.627564024747));
#3747 = CARTESIAN_POINT('',(1.086138960041,34.556650744831));
#3748 = CARTESIAN_POINT('',(1.126576003202,34.521589592434));
#3749 = CARTESIAN_POINT('',(1.166620615172,34.484560377808));
#3750 = CARTESIAN_POINT('',(1.206187600754,34.445645251884));
#3751 = CARTESIAN_POINT('',(1.245190545479,34.404972934739));
#3752 = CARTESIAN_POINT('',(1.334546388521,34.306530174443));
#3753 = CARTESIAN_POINT('',(1.384334467218,34.247615325715));
#3754 = CARTESIAN_POINT('',(1.432893887692,34.186199680739));
#3755 = CARTESIAN_POINT('',(1.480193752648,34.122569688851));
#3756 = CARTESIAN_POINT('',(1.526183778211,34.057080581363));
#3757 = CARTESIAN_POINT('',(1.570796326795,33.990158385874));
#3758 = ( GEOMETRIC_REPRESENTATION_CONTEXT(2) 
PARAMETRIC_REPRESENTATION_CONTEXT() REPRESENTATION_CONTEXT('2D SPACE',''
  ) );
#3759 = PCURVE('',#3527,#3760);
#3760 = DEFINITIONAL_REPRESENTATION('',(#3761),#3789);
#3761 = B_SPLINE_CURVE_WITH_KNOTS('',6,(#3762,#3763,#3764,#3765,#3766,
    #3767,#3768,#3769,#3770,#3771,#3772,#3773,#3774,#3775,#3776,#3777,
    #3778,#3779,#3780,#3781,#3782,#3783,#3784,#3785,#3786,#3787,#3788),
  .UNSPECIFIED.,.F.,.F.,(7,5,5,5,5,7),(0.,0.377295183883,0.4781375865,
    0.650137764419,0.800287109595,1.),.UNSPECIFIED.);
#3762 = CARTESIAN_POINT('',(-3.304015114122,6.4));
#3763 = CARTESIAN_POINT('',(-3.304015114122,6.556784740821));
#3764 = CARTESIAN_POINT('',(-3.308352609178,6.713894264499));
#3765 = CARTESIAN_POINT('',(-3.317061186893,6.869138116019));
#3766 = CARTESIAN_POINT('',(-3.330194814751,7.02024567479));
#3767 = CARTESIAN_POINT('',(-3.347816227849,7.164783348655));
#3768 = CARTESIAN_POINT('',(-3.375967781747,7.336225247637));
#3769 = CARTESIAN_POINT('',(-3.382228334373,7.371692404205));
#3770 = CARTESIAN_POINT('',(-3.388808814878,7.406393898098));
#3771 = CARTESIAN_POINT('',(-3.395705179198,7.44025976978));
#3772 = CARTESIAN_POINT('',(-3.402912613669,7.473224680684));
#3773 = CARTESIAN_POINT('',(-3.42323982522,7.559813698022));
#3774 = CARTESIAN_POINT('',(-3.436952518837,7.61164253376));
#3775 = CARTESIAN_POINT('',(-3.451509128793,7.660279697337));
#3776 = CARTESIAN_POINT('',(-3.466841419454,7.705391489869));
#3777 = CARTESIAN_POINT('',(-3.482870636589,7.746743234771));
#3778 = CARTESIAN_POINT('',(-3.514036886433,7.816893170776));
#3779 = CARTESIAN_POINT('',(-3.529014179867,7.846586464027));
#3780 = CARTESIAN_POINT('',(-3.544379431375,7.87318722486));
#3781 = CARTESIAN_POINT('',(-3.560063998497,7.896666775401));
#3782 = CARTESIAN_POINT('',(-3.575994230239,7.917055279074));
#3783 = CARTESIAN_POINT('',(-3.613503364099,7.957561766596));
#3784 = CARTESIAN_POINT('',(-3.635185168688,7.975340993686));
#3785 = CARTESIAN_POINT('',(-3.657034909757,7.988093276934));
#3786 = CARTESIAN_POINT('',(-3.678951994262,7.996178793596));
#3787 = CARTESIAN_POINT('',(-3.700834874265,8.));
#3788 = CARTESIAN_POINT('',(-3.722578266332,8.));
#3789 = ( GEOMETRIC_REPRESENTATION_CONTEXT(2) 
PARAMETRIC_REPRESENTATION_CONTEXT() REPRESENTATION_CONTEXT('2D SPACE',''
  ) );
#3790 = ORIENTED_EDGE('',*,*,#3267,.T.);
#3791 = ORIENTED_EDGE('',*,*,#3792,.T.);
#3792 = EDGE_CURVE('',#3270,#3793,#3795,.T.);
#3793 = VERTEX_POINT('',#3794);
#3794 = CARTESIAN_POINT('',(-1.813491941434,-2.903728955691,
    9.325301441688));
#3795 = SURFACE_CURVE('',#3796,(#3811,#3829),.PCURVE_S1.);
#3796 = B_SPLINE_CURVE_WITH_KNOTS('',7,(#3797,#3798,#3799,#3800,#3801,
    #3802,#3803,#3804,#3805,#3806,#3807,#3808,#3809,#3810),
  .UNSPECIFIED.,.F.,.F.,(8,6,8),(0.,0.514587253175,1.),.UNSPECIFIED.);
#3797 = CARTESIAN_POINT('',(-6.05097460369,-3.5,7.323640238673));
#3798 = CARTESIAN_POINT('',(-5.774641365004,-3.5,7.551953666824));
#3799 = CARTESIAN_POINT('',(-5.488925389258,-3.477002773481,
    7.767551357219));
#3800 = CARTESIAN_POINT('',(-5.196737101471,-3.437602320619,
    7.96820531497));
#3801 = CARTESIAN_POINT('',(-4.899937775258,-3.386823934561,
    8.153600411602));
#3802 = CARTESIAN_POINT('',(-4.599355102557,-3.328752566516,
    8.32413726661));
#3803 = CARTESIAN_POINT('',(-4.294612280156,-3.266618129711,
    8.480813253847));
#3804 = CARTESIAN_POINT('',(-3.688853823642,-3.144383514881,
    8.760551190402));
#3805 = CARTESIAN_POINT('',(-3.386778924717,-3.083999448925,
    8.88585802734));
#3806 = CARTESIAN_POINT('',(-3.079690302228,-3.026442036372,
    8.998840006524));
#3807 = CARTESIAN_POINT('',(-2.769551098433,-2.975949971587,
    9.098900567523));
#3808 = CARTESIAN_POINT('',(-2.456950922929,-2.936670084189,
    9.186354485964));
#3809 = CARTESIAN_POINT('',(-2.139652051592,-2.911929040317,
    9.261873150659));
#3810 = CARTESIAN_POINT('',(-1.813489585102,-2.903728896449,
    9.325301899924));
#3811 = PCURVE('',#3290,#3812);
#3812 = DEFINITIONAL_REPRESENTATION('',(#3813),#3828);
#3813 = B_SPLINE_CURVE_WITH_KNOTS('',7,(#3814,#3815,#3816,#3817,#3818,
    #3819,#3820,#3821,#3822,#3823,#3824,#3825,#3826,#3827),
  .UNSPECIFIED.,.F.,.F.,(8,6,8),(0.,0.514587253175,1.),.UNSPECIFIED.);
#3814 = CARTESIAN_POINT('',(1.570796326795,180.34181854562));
#3815 = CARTESIAN_POINT('',(1.459802694633,180.65318479161));
#3816 = CARTESIAN_POINT('',(1.357642631479,180.971616291));
#3817 = CARTESIAN_POINT('',(1.263150694827,181.29386391159));
#3818 = CARTESIAN_POINT('',(1.175658300836,181.61803991025));
#3819 = CARTESIAN_POINT('',(1.09476962258,181.94339747777));
#3820 = CARTESIAN_POINT('',(1.020239436141,182.2704787363));
#3821 = CARTESIAN_POINT('',(0.888454978081,182.91520971491));
#3822 = CARTESIAN_POINT('',(0.830063922652,183.23428767681));
#3823 = CARTESIAN_POINT('',(0.778894737556,183.5561934625));
#3824 = CARTESIAN_POINT('',(0.736502592604,183.87889074578));
#3825 = CARTESIAN_POINT('',(0.704598641996,184.20185257036));
#3826 = CARTESIAN_POINT('',(0.684701769406,184.52739860492));
#3827 = CARTESIAN_POINT('',(0.678120620627,184.8596056573));
#3828 = ( GEOMETRIC_REPRESENTATION_CONTEXT(2) 
PARAMETRIC_REPRESENTATION_CONTEXT() REPRESENTATION_CONTEXT('2D SPACE',''
  ) );
#3829 = PCURVE('',#3323,#3830);
#3830 = DEFINITIONAL_REPRESENTATION('',(#3831),#3846);
#3831 = B_SPLINE_CURVE_WITH_KNOTS('',7,(#3832,#3833,#3834,#3835,#3836,
    #3837,#3838,#3839,#3840,#3841,#3842,#3843,#3844,#3845),
  .UNSPECIFIED.,.F.,.F.,(8,6,8),(0.,0.514587253175,1.),.UNSPECIFIED.);
#3832 = CARTESIAN_POINT('',(-0.880267829001,7.));
#3833 = CARTESIAN_POINT('',(-0.917999507466,7.));
#3834 = CARTESIAN_POINT('',(-0.955639984482,6.977002773481));
#3835 = CARTESIAN_POINT('',(-0.992891777521,6.937602320619));
#3836 = CARTESIAN_POINT('',(-1.029667342587,6.886823934561));
#3837 = CARTESIAN_POINT('',(-1.065995565522,6.828752566516));
#3838 = CARTESIAN_POINT('',(-1.102032826501,6.766618129711));
#3839 = CARTESIAN_POINT('',(-1.172267622337,6.644383514881));
#3840 = CARTESIAN_POINT('',(-1.206665519035,6.583999448925));
#3841 = CARTESIAN_POINT('',(-1.241063243422,6.526442036372));
#3842 = CARTESIAN_POINT('',(-1.275317270315,6.475949971587));
#3843 = CARTESIAN_POINT('',(-1.309444644474,6.436670084189));
#3844 = CARTESIAN_POINT('',(-1.343747803074,6.411929040317));
#3845 = CARTESIAN_POINT('',(-1.378723878915,6.403728896449));
#3846 = ( GEOMETRIC_REPRESENTATION_CONTEXT(2) 
PARAMETRIC_REPRESENTATION_CONTEXT() REPRESENTATION_CONTEXT('2D SPACE',''
  ) );
#3847 = ORIENTED_EDGE('',*,*,#3848,.T.);
#3848 = EDGE_CURVE('',#3793,#3671,#3849,.T.);
#3849 = SURFACE_CURVE('',#3850,(#3855,#3862),.PCURVE_S1.);
#3850 = CIRCLE('',#3851,1.6);
#3851 = AXIS2_PLACEMENT_3D('',#3852,#3853,#3854);
#3852 = CARTESIAN_POINT('',(-1.6,-1.9,8.097722778445));
#3853 = DIRECTION('',(-0.98521175482,-1.902269172752E-17,-0.171341174751
    ));
#3854 = DIRECTION('',(-0.171341174751,1.093804774332E-16,0.98521175482)
  );
#3855 = PCURVE('',#3290,#3856);
#3856 = DEFINITIONAL_REPRESENTATION('',(#3857),#3861);
#3857 = LINE('',#3858,#3859);
#3858 = CARTESIAN_POINT('',(6.28318530718,184.8596032573));
#3859 = VECTOR('',#3860,1.);
#3860 = DIRECTION('',(-1.,-0.));
#3861 = ( GEOMETRIC_REPRESENTATION_CONTEXT(2) 
PARAMETRIC_REPRESENTATION_CONTEXT() REPRESENTATION_CONTEXT('2D SPACE',''
  ) );
#3862 = PCURVE('',#3863,#3868);
#3863 = SPHERICAL_SURFACE('',#3864,1.6);
#3864 = AXIS2_PLACEMENT_3D('',#3865,#3866,#3867);
#3865 = CARTESIAN_POINT('',(-1.6,-1.9,8.097722778445));
#3866 = DIRECTION('',(-0.,1.,-1.110223024625E-16));
#3867 = DIRECTION('',(-0.171341174751,1.093804774332E-16,0.98521175482)
  );
#3868 = DEFINITIONAL_REPRESENTATION('',(#3869),#3873);
#3869 = LINE('',#3870,#3871);
#3870 = CARTESIAN_POINT('',(0.,-6.28318530718));
#3871 = VECTOR('',#3872,1.);
#3872 = DIRECTION('',(0.,1.));
#3873 = ( GEOMETRIC_REPRESENTATION_CONTEXT(2) 
PARAMETRIC_REPRESENTATION_CONTEXT() REPRESENTATION_CONTEXT('2D SPACE',''
  ) );
#3874 = ADVANCED_FACE('',(#3875),#3527,.F.);
#3875 = FACE_BOUND('',#3876,.T.);
#3876 = EDGE_LOOP('',(#3877,#3878,#3879,#3902,#4002,#4035,#4135,#4163));
#3877 = ORIENTED_EDGE('',*,*,#3508,.F.);
#3878 = ORIENTED_EDGE('',*,*,#3698,.F.);
#3879 = ORIENTED_EDGE('',*,*,#3880,.F.);
#3880 = EDGE_CURVE('',#3881,#3669,#3883,.T.);
#3881 = VERTEX_POINT('',#3882);
#3882 = CARTESIAN_POINT('',(-149.5592269974,1.9,-16.01030034738));
#3883 = SURFACE_CURVE('',#3884,(#3888,#3895),.PCURVE_S1.);
#3884 = LINE('',#3885,#3886);
#3885 = CARTESIAN_POINT('',(-149.5592269974,4.5,-16.01030034738));
#3886 = VECTOR('',#3887,1.);
#3887 = DIRECTION('',(-0.,-1.,2.22044604925E-16));
#3888 = PCURVE('',#3527,#3889);
#3889 = DEFINITIONAL_REPRESENTATION('',(#3890),#3894);
#3890 = LINE('',#3891,#3892);
#3891 = CARTESIAN_POINT('',(-3.304015114122,-1.615800053165E-16));
#3892 = VECTOR('',#3893,1.);
#3893 = DIRECTION('',(-0.,1.));
#3894 = ( GEOMETRIC_REPRESENTATION_CONTEXT(2) 
PARAMETRIC_REPRESENTATION_CONTEXT() REPRESENTATION_CONTEXT('2D SPACE',''
  ) );
#3895 = PCURVE('',#3686,#3896);
#3896 = DEFINITIONAL_REPRESENTATION('',(#3897),#3901);
#3897 = LINE('',#3898,#3899);
#3898 = CARTESIAN_POINT('',(-34.95773658205,-4.5));
#3899 = VECTOR('',#3900,1.);
#3900 = DIRECTION('',(-1.902269172752E-17,1.));
#3901 = ( GEOMETRIC_REPRESENTATION_CONTEXT(2) 
PARAMETRIC_REPRESENTATION_CONTEXT() REPRESENTATION_CONTEXT('2D SPACE',''
  ) );
#3902 = ORIENTED_EDGE('',*,*,#3903,.T.);
#3903 = EDGE_CURVE('',#3881,#3904,#3906,.T.);
#3904 = VERTEX_POINT('',#3905);
#3905 = CARTESIAN_POINT('',(-150.2383505304,3.5,-17.75242513989));
#3906 = SURFACE_CURVE('',#3907,(#3935,#3966),.PCURVE_S1.);
#3907 = B_SPLINE_CURVE_WITH_KNOTS('',6,(#3908,#3909,#3910,#3911,#3912,
    #3913,#3914,#3915,#3916,#3917,#3918,#3919,#3920,#3921,#3922,#3923,
    #3924,#3925,#3926,#3927,#3928,#3929,#3930,#3931,#3932,#3933,#3934),
  .UNSPECIFIED.,.F.,.F.,(7,5,5,5,5,7),(0.,0.377295225247,0.478137629441,
    0.650137793204,0.800287126031,1.),.UNSPECIFIED.);
#3908 = CARTESIAN_POINT('',(-149.5592269974,1.9,-16.01030034738));
#3909 = CARTESIAN_POINT('',(-149.5592269974,2.056784740825,
    -16.01030034738));
#3910 = CARTESIAN_POINT('',(-149.5623834367,2.213894264507,
    -16.02956204627));
#3911 = CARTESIAN_POINT('',(-149.5687202602,2.369138116032,
    -16.06823547185));
#3912 = CARTESIAN_POINT('',(-149.5789046962,2.520245674806,
    -16.12645479888));
#3913 = CARTESIAN_POINT('',(-149.5942664429,2.664783348674,
    -16.20429443864));
#3914 = CARTESIAN_POINT('',(-149.6229543603,2.83622524426,
    -16.32768540265));
#3915 = CARTESIAN_POINT('',(-149.6295194652,2.871692404999,
    -16.35508287954));
#3916 = CARTESIAN_POINT('',(-149.6366337603,2.906393901396,
    -16.38382911614));
#3917 = CARTESIAN_POINT('',(-149.6443328481,2.940259770784,
    -16.41389434507));
#3918 = CARTESIAN_POINT('',(-149.6526533765,2.97322467757,
    -16.44524377435));
#3919 = CARTESIAN_POINT('',(-149.6769490479,3.059813698044,
    -16.53343068057));
#3920 = CARTESIAN_POINT('',(-149.6941936373,3.111642533782,
    -16.59268575251));
#3921 = CARTESIAN_POINT('',(-149.7135222635,3.160279697359,
    -16.65528858352));
#3922 = CARTESIAN_POINT('',(-149.7350714985,3.205391489891,
    -16.72085181809));
#3923 = CARTESIAN_POINT('',(-149.7589406027,3.246743234792,
    -16.78893610734));
#3924 = CARTESIAN_POINT('',(-149.8080730286,3.316893170798,
    -16.92029645562));
#3925 = CARTESIAN_POINT('',(-149.8327513281,3.34658646405,
    -16.98302394451));
#3926 = CARTESIAN_POINT('',(-149.8592243808,3.373187224883,
    -17.04691782144));
#3927 = CARTESIAN_POINT('',(-149.8874709283,3.396666775423,
    -17.11162086362));
#3928 = CARTESIAN_POINT('',(-149.917424488,3.417055279096,
    -17.17676409642));
#3929 = CARTESIAN_POINT('',(-149.9909186723,3.457561766613,
    -17.3287148816));
#3930 = CARTESIAN_POINT('',(-150.0356298807,3.475340993691,
    -17.41547068121));
#3931 = CARTESIAN_POINT('',(-150.0829698919,3.488093276935,
    -17.50170628414));
#3932 = CARTESIAN_POINT('',(-150.1327356945,3.496178793598,
    -17.58691719807));
#3933 = CARTESIAN_POINT('',(-150.1846483431,3.5,-17.67063412068));
#3934 = CARTESIAN_POINT('',(-150.2383505304,3.5,-17.75242513989));
#3935 = PCURVE('',#3527,#3936);
#3936 = DEFINITIONAL_REPRESENTATION('',(#3937),#3965);
#3937 = B_SPLINE_CURVE_WITH_KNOTS('',6,(#3938,#3939,#3940,#3941,#3942,
    #3943,#3944,#3945,#3946,#3947,#3948,#3949,#3950,#3951,#3952,#3953,
    #3954,#3955,#3956,#3957,#3958,#3959,#3960,#3961,#3962,#3963,#3964),
  .UNSPECIFIED.,.F.,.F.,(7,5,5,5,5,7),(0.,0.377295225247,0.478137629441,
    0.650137793204,0.800287126031,1.),.UNSPECIFIED.);
#3938 = CARTESIAN_POINT('',(-3.304015114122,2.6));
#3939 = CARTESIAN_POINT('',(-3.304015114122,2.443215259175));
#3940 = CARTESIAN_POINT('',(-3.308352609178,2.286105735493));
#3941 = CARTESIAN_POINT('',(-3.317061186894,2.130861883968));
#3942 = CARTESIAN_POINT('',(-3.330194814753,1.979754325194));
#3943 = CARTESIAN_POINT('',(-3.347816227851,1.835216651326));
#3944 = CARTESIAN_POINT('',(-3.375967781193,1.66377475574));
#3945 = CARTESIAN_POINT('',(-3.38222833462,1.628307595001));
#3946 = CARTESIAN_POINT('',(-3.388808815528,1.593606098604));
#3947 = CARTESIAN_POINT('',(-3.395705179303,1.559740229216));
#3948 = CARTESIAN_POINT('',(-3.402912612938,1.52677532243));
#3949 = CARTESIAN_POINT('',(-3.423239825226,1.440186301956));
#3950 = CARTESIAN_POINT('',(-3.436952518843,1.388357466218));
#3951 = CARTESIAN_POINT('',(-3.4515091288,1.339720302641));
#3952 = CARTESIAN_POINT('',(-3.466841419462,1.294608510109));
#3953 = CARTESIAN_POINT('',(-3.482870636597,1.253256765208));
#3954 = CARTESIAN_POINT('',(-3.514036886444,1.183106829202));
#3955 = CARTESIAN_POINT('',(-3.52901417988,1.15341353595));
#3956 = CARTESIAN_POINT('',(-3.544379431389,1.126812775117));
#3957 = CARTESIAN_POINT('',(-3.560063998512,1.103333224577));
#3958 = CARTESIAN_POINT('',(-3.575994230256,1.082944720904));
#3959 = CARTESIAN_POINT('',(-3.613503364119,1.042438233387));
#3960 = CARTESIAN_POINT('',(-3.6351851687,1.024659006309));
#3961 = CARTESIAN_POINT('',(-3.657034909763,1.011906723065));
#3962 = CARTESIAN_POINT('',(-3.678951994267,1.003821206402));
#3963 = CARTESIAN_POINT('',(-3.700834874271,1.));
#3964 = CARTESIAN_POINT('',(-3.722578266332,1.));
#3965 = ( GEOMETRIC_REPRESENTATION_CONTEXT(2) 
PARAMETRIC_REPRESENTATION_CONTEXT() REPRESENTATION_CONTEXT('2D SPACE',''
  ) );
#3966 = PCURVE('',#3967,#3972);
#3967 = CYLINDRICAL_SURFACE('',#3968,1.6);
#3968 = AXIS2_PLACEMENT_3D('',#3969,#3970,#3971);
#3969 = CARTESIAN_POINT('',(-183.7258541203,1.9,-23.57633880771));
#3970 = DIRECTION('',(0.98521175482,1.902269172752E-17,0.171341174751));
#3971 = DIRECTION('',(-0.171341174751,1.093804774332E-16,0.98521175482)
  );
#3972 = DEFINITIONAL_REPRESENTATION('',(#3973),#4001);
#3973 = B_SPLINE_CURVE_WITH_KNOTS('',6,(#3974,#3975,#3976,#3977,#3978,
    #3979,#3980,#3981,#3982,#3983,#3984,#3985,#3986,#3987,#3988,#3989,
    #3990,#3991,#3992,#3993,#3994,#3995,#3996,#3997,#3998,#3999,#4000),
  .UNSPECIFIED.,.F.,.F.,(7,5,5,5,5,7),(0.,0.377295225247,0.478137629441,
    0.650137793204,0.800287126031,1.),.UNSPECIFIED.);
#3974 = CARTESIAN_POINT('',(0.,34.957736582054));
#3975 = CARTESIAN_POINT('',(-9.799046301558E-02,34.957736582054));
#3976 = CARTESIAN_POINT('',(-0.196184017233,34.951326498901));
#3977 = CARTESIAN_POINT('',(-0.294904582587,34.938457035684));
#3978 = CARTESIAN_POINT('',(-0.394464167802,34.91844784176));
#3979 = CARTESIAN_POINT('',(-0.49518871226,34.889976132994));
#3980 = CARTESIAN_POINT('',(-0.624791070259,34.840570506866));
#3981 = CARTESIAN_POINT('',(-0.652212611818,34.829408172424));
#3982 = CARTESIAN_POINT('',(-0.679709633503,34.817473671348));
#3983 = CARTESIAN_POINT('',(-0.707271200901,34.804737027848));
#3984 = CARTESIAN_POINT('',(-0.734887507859,34.791168097482));
#3985 = CARTESIAN_POINT('',(-0.809731733883,34.752121668304));
#3986 = CARTESIAN_POINT('',(-0.857082466562,34.724979262419));
#3987 = CARTESIAN_POINT('',(-0.904450180615,34.695210030092));
#3988 = CARTESIAN_POINT('',(-0.95170372339,34.66274578887));
#3989 = CARTESIAN_POINT('',(-0.998724142996,34.627564024728));
#3990 = CARTESIAN_POINT('',(-1.086138960071,34.556650744806));
#3991 = CARTESIAN_POINT('',(-1.126576003234,34.521589592405));
#3992 = CARTESIAN_POINT('',(-1.166620615208,34.484560377775));
#3993 = CARTESIAN_POINT('',(-1.206187600793,34.445645251845));
#3994 = CARTESIAN_POINT('',(-1.24519054552,34.404972934695));
#3995 = CARTESIAN_POINT('',(-1.334546388566,34.30653017439));
#3996 = CARTESIAN_POINT('',(-1.384334467244,34.247615325681));
#3997 = CARTESIAN_POINT('',(-1.432893887705,34.186199680721));
#3998 = CARTESIAN_POINT('',(-1.480193752659,34.122569688836));
#3999 = CARTESIAN_POINT('',(-1.526183778224,34.057080581343));
#4000 = CARTESIAN_POINT('',(-1.570796326795,33.990158385874));
#4001 = ( GEOMETRIC_REPRESENTATION_CONTEXT(2) 
PARAMETRIC_REPRESENTATION_CONTEXT() REPRESENTATION_CONTEXT('2D SPACE',''
  ) );
#4002 = ORIENTED_EDGE('',*,*,#4003,.T.);
#4003 = EDGE_CURVE('',#3904,#4004,#4006,.T.);
#4004 = VERTEX_POINT('',#4005);
#4005 = CARTESIAN_POINT('',(-156.7069356919,3.5,-18.87739647233));
#4006 = SURFACE_CURVE('',#4007,(#4012,#4019),.PCURVE_S1.);
#4007 = CIRCLE('',#4008,4.5);
#4008 = AXIS2_PLACEMENT_3D('',#4009,#4010,#4011);
#4009 = CARTESIAN_POINT('',(-154.,3.5,-15.28260869565));
#4010 = DIRECTION('',(0.,1.,-2.22044604925E-16));
#4011 = DIRECTION('',(-1.,-0.,-0.));
#4012 = PCURVE('',#3527,#4013);
#4013 = DEFINITIONAL_REPRESENTATION('',(#4014),#4018);
#4014 = LINE('',#4015,#4016);
#4015 = CARTESIAN_POINT('',(-0.,1.));
#4016 = VECTOR('',#4017,1.);
#4017 = DIRECTION('',(-1.,0.));
#4018 = ( GEOMETRIC_REPRESENTATION_CONTEXT(2) 
PARAMETRIC_REPRESENTATION_CONTEXT() REPRESENTATION_CONTEXT('2D SPACE',''
  ) );
#4019 = PCURVE('',#4020,#4025);
#4020 = PLANE('',#4021);
#4021 = AXIS2_PLACEMENT_3D('',#4022,#4023,#4024);
#4022 = CARTESIAN_POINT('',(0.,3.5,0.));
#4023 = DIRECTION('',(-0.,-1.,2.22044604925E-16));
#4024 = DIRECTION('',(1.,0.,0.));
#4025 = DEFINITIONAL_REPRESENTATION('',(#4026),#4034);
#4026 = ( BOUNDED_CURVE() B_SPLINE_CURVE(2,(#4027,#4028,#4029,#4030,
#4031,#4032,#4033),.UNSPECIFIED.,.T.,.F.) B_SPLINE_CURVE_WITH_KNOTS((1,2
    ,2,2,2,1),(-2.094395102393,0.,2.094395102393,4.188790204786,
6.28318530718,8.377580409573),.UNSPECIFIED.) CURVE() 
GEOMETRIC_REPRESENTATION_ITEM() RATIONAL_B_SPLINE_CURVE((1.,0.5,1.,0.5,
1.,0.5,1.)) REPRESENTATION_ITEM('') );
#4027 = CARTESIAN_POINT('',(-158.5,-15.28260869565));
#4028 = CARTESIAN_POINT('',(-158.5,-7.488380061592));
#4029 = CARTESIAN_POINT('',(-151.75,-11.38549437862));
#4030 = CARTESIAN_POINT('',(-145.,-15.28260869565));
#4031 = CARTESIAN_POINT('',(-151.75,-19.17972301268));
#4032 = CARTESIAN_POINT('',(-158.5,-23.07683732971));
#4033 = CARTESIAN_POINT('',(-158.5,-15.28260869565));
#4034 = ( GEOMETRIC_REPRESENTATION_CONTEXT(2) 
PARAMETRIC_REPRESENTATION_CONTEXT() REPRESENTATION_CONTEXT('2D SPACE',''
  ) );
#4035 = ORIENTED_EDGE('',*,*,#4036,.T.);
#4036 = EDGE_CURVE('',#4004,#4037,#4039,.T.);
#4037 = VERTEX_POINT('',#4038);
#4038 = CARTESIAN_POINT('',(-157.9343509841,1.9,-17.46684364942));
#4039 = SURFACE_CURVE('',#4040,(#4068,#4099),.PCURVE_S1.);
#4040 = B_SPLINE_CURVE_WITH_KNOTS('',6,(#4041,#4042,#4043,#4044,#4045,
    #4046,#4047,#4048,#4049,#4050,#4051,#4052,#4053,#4054,#4055,#4056,
    #4057,#4058,#4059,#4060,#4061,#4062,#4063,#4064,#4065,#4066,#4067),
  .UNSPECIFIED.,.F.,.F.,(7,5,5,5,5,7),(0.,0.127528573434,0.348323236796,
    0.5220096097,0.621782445522,1.),.UNSPECIFIED.);
#4041 = CARTESIAN_POINT('',(-156.7069356919,3.5,-18.87739647233));
#4042 = CARTESIAN_POINT('',(-156.7568451564,3.5,-18.83981380568));
#4043 = CARTESIAN_POINT('',(-156.8062970252,3.498441960057,
    -18.80127275178));
#4044 = CARTESIAN_POINT('',(-156.855187299,3.495214856882,
    -18.76183494537));
#4045 = CARTESIAN_POINT('',(-156.9034185472,3.490210802579,
    -18.72157173066));
#4046 = CARTESIAN_POINT('',(-156.9508999076,3.483325044654,
    -18.68056416136));
#4047 = CARTESIAN_POINT('',(-157.078308974,3.459100621063,
    -18.56677358127));
#4048 = CARTESIAN_POINT('',(-157.1567240898,3.437770958297,
    -18.49254849162));
#4049 = CARTESIAN_POINT('',(-157.2318982525,3.409980414353,
    -18.4170750646));
#4050 = CARTESIAN_POINT('',(-157.3031733511,3.375456586968,
    -18.3412936124));
#4051 = CARTESIAN_POINT('',(-157.3700930872,3.334161968399,
    -18.26618808004));
#4052 = CARTESIAN_POINT('',(-157.4813573466,3.248675987561,
    -18.13495675169));
#4053 = CARTESIAN_POINT('',(-157.5273758974,3.207056500992,
    -18.07831374963));
#4054 = CARTESIAN_POINT('',(-157.5703010529,3.1615951199,-18.02327912672
    ));
#4055 = CARTESIAN_POINT('',(-157.6100751281,3.112531666833,
    -17.97031420147));
#4056 = CARTESIAN_POINT('',(-157.6466953531,3.060209014884,
    -17.91984273305));
#4057 = CARTESIAN_POINT('',(-157.699451465,2.973404018938,
    -17.84486895272));
#4058 = CARTESIAN_POINT('',(-157.7176810818,2.940791299184,
    -17.81844346515));
#4059 = CARTESIAN_POINT('',(-157.7349132995,2.907295946824,
    -17.79299571386));
#4060 = CARTESIAN_POINT('',(-157.7511701096,2.872981302723,
    -17.76856951721));
#4061 = CARTESIAN_POINT('',(-157.7664742037,2.83791515897,
    -17.74520381274));
#4062 = CARTESIAN_POINT('',(-157.8353406629,2.666666566088,
    -17.63850745373));
#4063 = CARTESIAN_POINT('',(-157.8763074612,2.521824248899,
    -17.57007188075));
#4064 = CARTESIAN_POINT('',(-157.9057075676,2.370350332321,
    -17.51843831482));
#4065 = CARTESIAN_POINT('',(-157.924828733,2.214704031308,
    -17.48399536569));
#4066 = CARTESIAN_POINT('',(-157.9343509841,2.057182238434,
    -17.46684364942));
#4067 = CARTESIAN_POINT('',(-157.9343509841,1.9,-17.46684364942));
#4068 = PCURVE('',#3527,#4069);
#4069 = DEFINITIONAL_REPRESENTATION('',(#4070),#4098);
#4070 = B_SPLINE_CURVE_WITH_KNOTS('',6,(#4071,#4072,#4073,#4074,#4075,
    #4076,#4077,#4078,#4079,#4080,#4081,#4082,#4083,#4084,#4085,#4086,
    #4087,#4088,#4089,#4090,#4091,#4092,#4093,#4094,#4095,#4096,#4097),
  .UNSPECIFIED.,.F.,.F.,(7,5,5,5,5,7),(0.,0.127528573434,0.348323236796,
    0.5220096097,0.621782445522,1.),.UNSPECIFIED.);
#4071 = CARTESIAN_POINT('',(-5.357818065391,1.));
#4072 = CARTESIAN_POINT('',(-5.371701907096,1.));
#4073 = CARTESIAN_POINT('',(-5.385632576987,1.001558039943));
#4074 = CARTESIAN_POINT('',(-5.399588348577,1.004785143118));
#4075 = CARTESIAN_POINT('',(-5.413547265345,1.009789197421));
#4076 = CARTESIAN_POINT('',(-5.427487140741,1.016674955346));
#4077 = CARTESIAN_POINT('',(-5.465448372637,1.040899378937));
#4078 = CARTESIAN_POINT('',(-5.489432316266,1.062229041703));
#4079 = CARTESIAN_POINT('',(-5.513089413607,1.090019585647));
#4080 = CARTESIAN_POINT('',(-5.536194612653,1.124543413032));
#4081 = CARTESIAN_POINT('',(-5.558542120506,1.165838031601));
#4082 = CARTESIAN_POINT('',(-5.596775579434,1.251324012439));
#4083 = CARTESIAN_POINT('',(-5.612989845826,1.292943499008));
#4084 = CARTESIAN_POINT('',(-5.628495648896,1.3384048801));
#4085 = CARTESIAN_POINT('',(-5.643211627555,1.387468333167));
#4086 = CARTESIAN_POINT('',(-5.657067337203,1.439790985116));
#4087 = CARTESIAN_POINT('',(-5.677439522411,1.526595981062));
#4088 = CARTESIAN_POINT('',(-5.684573305173,1.559208700816));
#4089 = CARTESIAN_POINT('',(-5.69140256065,1.592704053176));
#4090 = CARTESIAN_POINT('',(-5.697922602933,1.627018697277));
#4091 = CARTESIAN_POINT('',(-5.704129485846,1.66208484103));
#4092 = CARTESIAN_POINT('',(-5.732349697695,1.833333433912));
#4093 = CARTESIAN_POINT('',(-5.750064135363,1.978175751101));
#4094 = CARTESIAN_POINT('',(-5.763267464426,2.129649667679));
#4095 = CARTESIAN_POINT('',(-5.772021698894,2.285295968692));
#4096 = CARTESIAN_POINT('',(-5.776381217602,2.442817761566));
#4097 = CARTESIAN_POINT('',(-5.776381217602,2.6));
#4098 = ( GEOMETRIC_REPRESENTATION_CONTEXT(2) 
PARAMETRIC_REPRESENTATION_CONTEXT() REPRESENTATION_CONTEXT('2D SPACE',''
  ) );
#4099 = PCURVE('',#4100,#4105);
#4100 = CYLINDRICAL_SURFACE('',#4101,1.6);
#4101 = AXIS2_PLACEMENT_3D('',#4102,#4103,#4104);
#4102 = CARTESIAN_POINT('',(-183.7258541203,1.9,-23.57633880771));
#4103 = DIRECTION('',(0.98521175482,1.902269172752E-17,0.171341174751));
#4104 = DIRECTION('',(-0.171341174751,1.093804774332E-16,0.98521175482)
  );
#4105 = DEFINITIONAL_REPRESENTATION('',(#4106),#4134);
#4106 = B_SPLINE_CURVE_WITH_KNOTS('',6,(#4107,#4108,#4109,#4110,#4111,
    #4112,#4113,#4114,#4115,#4116,#4117,#4118,#4119,#4120,#4121,#4122,
    #4123,#4124,#4125,#4126,#4127,#4128,#4129,#4130,#4131,#4132,#4133),
  .UNSPECIFIED.,.F.,.F.,(7,5,5,5,5,7),(0.,0.127528573434,0.348323236796,
    0.5220096097,0.621782445522,1.),.UNSPECIFIED.);
#4107 = CARTESIAN_POINT('',(-1.570796326795,27.424478338008));
#4108 = CARTESIAN_POINT('',(-1.542309807273,27.381746405206));
#4109 = CARTESIAN_POINT('',(-1.5132820581,27.339629512192));
#4110 = CARTESIAN_POINT('',(-1.483720846297,27.298219559807));
#4111 = CARTESIAN_POINT('',(-1.453630861364,27.25760031372));
#4112 = CARTESIAN_POINT('',(-1.423013715282,27.217847404429));
#4113 = CARTESIAN_POINT('',(-1.337944180727,27.111819506184));
#4114 = CARTESIAN_POINT('',(-1.282332930736,27.047281826356));
#4115 = CARTESIAN_POINT('',(-1.225307399683,26.986151063289));
#4116 = CARTESIAN_POINT('',(-1.167102289874,26.928914481382));
#4117 = CARTESIAN_POINT('',(-1.107937313601,26.875853040904));
#4118 = CARTESIAN_POINT('',(-1.000923517618,26.788719514529));
#4119 = CARTESIAN_POINT('',(-0.953446169897,26.753086775941));
#4120 = CARTESIAN_POINT('',(-0.905727360565,26.720226105052));
#4121 = CARTESIAN_POINT('',(-0.857889450074,26.690115291107));
#4122 = CARTESIAN_POINT('',(-0.810067431681,26.66268445574));
#4123 = CARTESIAN_POINT('',(-0.73504598278,26.623554609705));
#4124 = CARTESIAN_POINT('',(-0.707719091235,26.610122351013));
#4125 = CARTESIAN_POINT('',(-0.68044570219,26.597505215194));
#4126 = CARTESIAN_POINT('',(-0.653235372535,26.585674028047));
#4127 = CARTESIAN_POINT('',(-0.626098738781,26.574599761863));
#4128 = CARTESIAN_POINT('',(-0.496502101389,26.525033196265));
#4129 = CARTESIAN_POINT('',(-0.395504229505,26.496398056459));
#4130 = CARTESIAN_POINT('',(-0.295675119587,26.476279681916));
#4131 = CARTESIAN_POINT('',(-0.196690126885,26.463342780361));
#4132 = CARTESIAN_POINT('',(-9.82388990214E-02,26.456900141828));
#4133 = CARTESIAN_POINT('',(0.,26.456900141828));
#4134 = ( GEOMETRIC_REPRESENTATION_CONTEXT(2) 
PARAMETRIC_REPRESENTATION_CONTEXT() REPRESENTATION_CONTEXT('2D SPACE',''
  ) );
#4135 = ORIENTED_EDGE('',*,*,#4136,.T.);
#4136 = EDGE_CURVE('',#4037,#4137,#4139,.T.);
#4137 = VERTEX_POINT('',#4138);
#4138 = CARTESIAN_POINT('',(-157.9343509841,-1.9,-17.46684364942));
#4139 = SURFACE_CURVE('',#4140,(#4144,#4151),.PCURVE_S1.);
#4140 = LINE('',#4141,#4142);
#4141 = CARTESIAN_POINT('',(-157.9343509841,4.5,-17.46684364942));
#4142 = VECTOR('',#4143,1.);
#4143 = DIRECTION('',(-0.,-1.,2.22044604925E-16));
#4144 = PCURVE('',#3527,#4145);
#4145 = DEFINITIONAL_REPRESENTATION('',(#4146),#4150);
#4146 = LINE('',#4147,#4148);
#4147 = CARTESIAN_POINT('',(-5.776381217602,-4.849975873734E-16));
#4148 = VECTOR('',#4149,1.);
#4149 = DIRECTION('',(-0.,1.));
#4150 = ( GEOMETRIC_REPRESENTATION_CONTEXT(2) 
PARAMETRIC_REPRESENTATION_CONTEXT() REPRESENTATION_CONTEXT('2D SPACE',''
  ) );
#4151 = PCURVE('',#4152,#4157);
#4152 = PLANE('',#4153);
#4153 = AXIS2_PLACEMENT_3D('',#4154,#4155,#4156);
#4154 = CARTESIAN_POINT('',(-184.,-2.442490654175E-15,-22.));
#4155 = DIRECTION('',(-0.171341174751,1.093804774332E-16,0.98521175482)
  );
#4156 = DIRECTION('',(-0.98521175482,-1.902269172752E-17,-0.171341174751
    ));
#4157 = DEFINITIONAL_REPRESENTATION('',(#4158),#4162);
#4158 = LINE('',#4159,#4160);
#4159 = CARTESIAN_POINT('',(-26.45690014182,-4.5));
#4160 = VECTOR('',#4161,1.);
#4161 = DIRECTION('',(-1.902269172752E-17,1.));
#4162 = ( GEOMETRIC_REPRESENTATION_CONTEXT(2) 
PARAMETRIC_REPRESENTATION_CONTEXT() REPRESENTATION_CONTEXT('2D SPACE',''
  ) );
#4163 = ORIENTED_EDGE('',*,*,#4164,.F.);
#4164 = EDGE_CURVE('',#3481,#4137,#4165,.T.);
#4165 = SURFACE_CURVE('',#4166,(#4194,#4225),.PCURVE_S1.);
#4166 = B_SPLINE_CURVE_WITH_KNOTS('',6,(#4167,#4168,#4169,#4170,#4171,
    #4172,#4173,#4174,#4175,#4176,#4177,#4178,#4179,#4180,#4181,#4182,
    #4183,#4184,#4185,#4186,#4187,#4188,#4189,#4190,#4191,#4192,#4193),
  .UNSPECIFIED.,.F.,.F.,(7,5,5,5,5,7),(0.,0.127528612289,0.348323265819,
    0.522009630988,0.621782462366,1.),.UNSPECIFIED.);
#4167 = CARTESIAN_POINT('',(-156.7069356919,-3.5,-18.87739647233));
#4168 = CARTESIAN_POINT('',(-156.7568451397,-3.5,-18.83981381824));
#4169 = CARTESIAN_POINT('',(-156.8062970295,-3.498441958434,
    -18.80127274736));
#4170 = CARTESIAN_POINT('',(-156.8551873156,-3.495214855376,
    -18.7618349318));
#4171 = CARTESIAN_POINT('',(-156.9034185517,-3.490210803434,
    -18.72157172783));
#4172 = CARTESIAN_POINT('',(-156.9508998913,-3.483325047751,
    -18.68056417591));
#4173 = CARTESIAN_POINT('',(-157.078308974,-3.459100621063,
    -18.56677358127));
#4174 = CARTESIAN_POINT('',(-157.1567240898,-3.437770958297,
    -18.49254849162));
#4175 = CARTESIAN_POINT('',(-157.2318982525,-3.409980414353,
    -18.4170750646));
#4176 = CARTESIAN_POINT('',(-157.3031733511,-3.375456586968,
    -18.3412936124));
#4177 = CARTESIAN_POINT('',(-157.3700930872,-3.334161968399,
    -18.26618808004));
#4178 = CARTESIAN_POINT('',(-157.4813573466,-3.248675987561,
    -18.13495675169));
#4179 = CARTESIAN_POINT('',(-157.5273758974,-3.207056500992,
    -18.07831374963));
#4180 = CARTESIAN_POINT('',(-157.5703010529,-3.1615951199,
    -18.02327912672));
#4181 = CARTESIAN_POINT('',(-157.6100751281,-3.112531666833,
    -17.97031420147));
#4182 = CARTESIAN_POINT('',(-157.6466953531,-3.060209014884,
    -17.91984273305));
#4183 = CARTESIAN_POINT('',(-157.699451465,-2.973404018938,
    -17.84486895272));
#4184 = CARTESIAN_POINT('',(-157.7176810818,-2.940791299184,
    -17.81844346515));
#4185 = CARTESIAN_POINT('',(-157.7349132995,-2.907295946824,
    -17.79299571386));
#4186 = CARTESIAN_POINT('',(-157.7511701096,-2.872981302723,
    -17.76856951721));
#4187 = CARTESIAN_POINT('',(-157.7664742037,-2.83791515897,
    -17.74520381274));
#4188 = CARTESIAN_POINT('',(-157.8353406629,-2.666666566088,
    -17.63850745373));
#4189 = CARTESIAN_POINT('',(-157.8763074612,-2.521824248899,
    -17.57007188075));
#4190 = CARTESIAN_POINT('',(-157.9057075676,-2.370350332321,
    -17.51843831482));
#4191 = CARTESIAN_POINT('',(-157.924828733,-2.214704031308,
    -17.48399536569));
#4192 = CARTESIAN_POINT('',(-157.9343509841,-2.057182238434,
    -17.46684364942));
#4193 = CARTESIAN_POINT('',(-157.9343509841,-1.9,-17.46684364942));
#4194 = PCURVE('',#3527,#4195);
#4195 = DEFINITIONAL_REPRESENTATION('',(#4196),#4224);
#4196 = B_SPLINE_CURVE_WITH_KNOTS('',6,(#4197,#4198,#4199,#4200,#4201,
    #4202,#4203,#4204,#4205,#4206,#4207,#4208,#4209,#4210,#4211,#4212,
    #4213,#4214,#4215,#4216,#4217,#4218,#4219,#4220,#4221,#4222,#4223),
  .UNSPECIFIED.,.F.,.F.,(7,5,5,5,5,7),(0.,0.127528612289,0.348323265819,
    0.522009630988,0.621782462366,1.),.UNSPECIFIED.);
#4197 = CARTESIAN_POINT('',(-5.357818065391,8.));
#4198 = CARTESIAN_POINT('',(-5.371701902457,8.));
#4199 = CARTESIAN_POINT('',(-5.385632578345,7.998441958434));
#4200 = CARTESIAN_POINT('',(-5.399588353333,7.995214855376));
#4201 = CARTESIAN_POINT('',(-5.413547266531,7.990210803434));
#4202 = CARTESIAN_POINT('',(-5.427487135887,7.983325047751));
#4203 = CARTESIAN_POINT('',(-5.465448372637,7.959100621063));
#4204 = CARTESIAN_POINT('',(-5.489432316266,7.937770958297));
#4205 = CARTESIAN_POINT('',(-5.513089413607,7.909980414353));
#4206 = CARTESIAN_POINT('',(-5.536194612653,7.875456586968));
#4207 = CARTESIAN_POINT('',(-5.558542120506,7.834161968399));
#4208 = CARTESIAN_POINT('',(-5.596775579434,7.748675987561));
#4209 = CARTESIAN_POINT('',(-5.612989845826,7.707056500992));
#4210 = CARTESIAN_POINT('',(-5.628495648896,7.6615951199));
#4211 = CARTESIAN_POINT('',(-5.643211627555,7.612531666833));
#4212 = CARTESIAN_POINT('',(-5.657067337203,7.560209014884));
#4213 = CARTESIAN_POINT('',(-5.677439522411,7.473404018938));
#4214 = CARTESIAN_POINT('',(-5.684573305173,7.440791299184));
#4215 = CARTESIAN_POINT('',(-5.69140256065,7.407295946824));
#4216 = CARTESIAN_POINT('',(-5.697922602933,7.372981302723));
#4217 = CARTESIAN_POINT('',(-5.704129485846,7.33791515897));
#4218 = CARTESIAN_POINT('',(-5.732349697695,7.166666566088));
#4219 = CARTESIAN_POINT('',(-5.750064135363,7.021824248899));
#4220 = CARTESIAN_POINT('',(-5.763267464426,6.870350332321));
#4221 = CARTESIAN_POINT('',(-5.772021698894,6.714704031308));
#4222 = CARTESIAN_POINT('',(-5.776381217602,6.557182238434));
#4223 = CARTESIAN_POINT('',(-5.776381217602,6.4));
#4224 = ( GEOMETRIC_REPRESENTATION_CONTEXT(2) 
PARAMETRIC_REPRESENTATION_CONTEXT() REPRESENTATION_CONTEXT('2D SPACE',''
  ) );
#4225 = PCURVE('',#3496,#4226);
#4226 = DEFINITIONAL_REPRESENTATION('',(#4227),#4255);
#4227 = B_SPLINE_CURVE_WITH_KNOTS('',6,(#4228,#4229,#4230,#4231,#4232,
    #4233,#4234,#4235,#4236,#4237,#4238,#4239,#4240,#4241,#4242,#4243,
    #4244,#4245,#4246,#4247,#4248,#4249,#4250,#4251,#4252,#4253,#4254),
  .UNSPECIFIED.,.F.,.F.,(7,5,5,5,5,7),(0.,0.127528612289,0.348323265819,
    0.522009630988,0.621782462366,1.),.UNSPECIFIED.);
#4228 = CARTESIAN_POINT('',(1.570796326795,27.424478338008));
#4229 = CARTESIAN_POINT('',(1.542309816792,27.381746419484));
#4230 = CARTESIAN_POINT('',(1.513282054833,27.33962950874));
#4231 = CARTESIAN_POINT('',(1.483720836093,27.298219545845));
#4232 = CARTESIAN_POINT('',(1.453630859183,27.257600309689));
#4233 = CARTESIAN_POINT('',(1.423013726158,27.217847417985));
#4234 = CARTESIAN_POINT('',(1.337944180727,27.111819506184));
#4235 = CARTESIAN_POINT('',(1.282332930736,27.047281826356));
#4236 = CARTESIAN_POINT('',(1.225307399683,26.986151063289));
#4237 = CARTESIAN_POINT('',(1.167102289874,26.928914481382));
#4238 = CARTESIAN_POINT('',(1.107937313601,26.875853040904));
#4239 = CARTESIAN_POINT('',(1.000923517618,26.788719514529));
#4240 = CARTESIAN_POINT('',(0.953446169897,26.753086775941));
#4241 = CARTESIAN_POINT('',(0.905727360565,26.720226105052));
#4242 = CARTESIAN_POINT('',(0.857889450074,26.690115291107));
#4243 = CARTESIAN_POINT('',(0.810067431681,26.66268445574));
#4244 = CARTESIAN_POINT('',(0.73504598278,26.623554609705));
#4245 = CARTESIAN_POINT('',(0.707719091235,26.610122351013));
#4246 = CARTESIAN_POINT('',(0.68044570219,26.597505215194));
#4247 = CARTESIAN_POINT('',(0.653235372535,26.585674028047));
#4248 = CARTESIAN_POINT('',(0.626098738781,26.574599761863));
#4249 = CARTESIAN_POINT('',(0.496502101389,26.525033196265));
#4250 = CARTESIAN_POINT('',(0.395504229505,26.496398056459));
#4251 = CARTESIAN_POINT('',(0.295675119587,26.476279681916));
#4252 = CARTESIAN_POINT('',(0.196690126885,26.463342780361));
#4253 = CARTESIAN_POINT('',(9.823889902141E-02,26.456900141828));
#4254 = CARTESIAN_POINT('',(0.,26.456900141828));
#4255 = ( GEOMETRIC_REPRESENTATION_CONTEXT(2) 
PARAMETRIC_REPRESENTATION_CONTEXT() REPRESENTATION_CONTEXT('2D SPACE',''
  ) );
#4256 = ADVANCED_FACE('',(#4257),#3496,.T.);
#4257 = FACE_BOUND('',#4258,.T.);
#4258 = EDGE_LOOP('',(#4259,#4290,#4344,#4345,#4346));
#4259 = ORIENTED_EDGE('',*,*,#4260,.F.);
#4260 = EDGE_CURVE('',#4261,#4263,#4265,.T.);
#4261 = VERTEX_POINT('',#4262);
#4262 = CARTESIAN_POINT('',(-182.6129735453,-2.90747321929,
    -22.12115759682));
#4263 = VERTEX_POINT('',#4264);
#4264 = CARTESIAN_POINT('',(-182.6741458796,-1.9,-21.76941667471));
#4265 = SURFACE_CURVE('',#4266,(#4271,#4278),.PCURVE_S1.);
#4266 = CIRCLE('',#4267,1.6);
#4267 = AXIS2_PLACEMENT_3D('',#4268,#4269,#4270);
#4268 = CARTESIAN_POINT('',(-182.4,-1.9,-23.34575548242));
#4269 = DIRECTION('',(-0.98521175482,-1.902269172752E-17,-0.171341174751
    ));
#4270 = DIRECTION('',(-0.171341174751,1.093804774332E-16,0.98521175482)
  );
#4271 = PCURVE('',#3496,#4272);
#4272 = DEFINITIONAL_REPRESENTATION('',(#4273),#4277);
#4273 = LINE('',#4274,#4275);
#4274 = CARTESIAN_POINT('',(6.28318530718,1.345755482425));
#4275 = VECTOR('',#4276,1.);
#4276 = DIRECTION('',(-1.,-0.));
#4277 = ( GEOMETRIC_REPRESENTATION_CONTEXT(2) 
PARAMETRIC_REPRESENTATION_CONTEXT() REPRESENTATION_CONTEXT('2D SPACE',''
  ) );
#4278 = PCURVE('',#4279,#4284);
#4279 = SPHERICAL_SURFACE('',#4280,1.6);
#4280 = AXIS2_PLACEMENT_3D('',#4281,#4282,#4283);
#4281 = CARTESIAN_POINT('',(-182.4,-1.9,-23.34575548242));
#4282 = DIRECTION('',(-0.,1.,-1.110223024625E-16));
#4283 = DIRECTION('',(-0.171341174751,1.093804774332E-16,0.98521175482)
  );
#4284 = DEFINITIONAL_REPRESENTATION('',(#4285),#4289);
#4285 = LINE('',#4286,#4287);
#4286 = CARTESIAN_POINT('',(-0.,-6.28318530718));
#4287 = VECTOR('',#4288,1.);
#4288 = DIRECTION('',(-0.,1.));
#4289 = ( GEOMETRIC_REPRESENTATION_CONTEXT(2) 
PARAMETRIC_REPRESENTATION_CONTEXT() REPRESENTATION_CONTEXT('2D SPACE',''
  ) );
#4290 = ORIENTED_EDGE('',*,*,#4291,.T.);
#4291 = EDGE_CURVE('',#4261,#3448,#4292,.T.);
#4292 = SURFACE_CURVE('',#4293,(#4308,#4326),.PCURVE_S1.);
#4293 = B_SPLINE_CURVE_WITH_KNOTS('',7,(#4294,#4295,#4296,#4297,#4298,
    #4299,#4300,#4301,#4302,#4303,#4304,#4305,#4306,#4307),
  .UNSPECIFIED.,.F.,.F.,(8,6,8),(0.,0.537993641869,1.),.UNSPECIFIED.);
#4294 = CARTESIAN_POINT('',(-182.6129760582,-2.907472150329,
    -22.12115715443));
#4295 = CARTESIAN_POINT('',(-182.4330710061,-2.983999910638,
    -22.1528283807));
#4296 = CARTESIAN_POINT('',(-182.2509768055,-3.056227882208,
    -22.18982612184));
#4297 = CARTESIAN_POINT('',(-182.0675057736,-3.124090549435,
    -22.23230725367));
#4298 = CARTESIAN_POINT('',(-181.882857365,-3.187388259305,
    -22.28043757349));
#4299 = CARTESIAN_POINT('',(-181.6971032642,-3.245759488406,
    -22.33446643344));
#4300 = CARTESIAN_POINT('',(-181.5103899223,-3.29859788509,
    -22.39464635689));
#4301 = CARTESIAN_POINT('',(-181.1619916753,-3.384916735512,
    -22.51836350586));
#4302 = CARTESIAN_POINT('',(-181.0005838147,-3.420055428368,
    -22.58019491213));
#4303 = CARTESIAN_POINT('',(-180.8388651794,-3.449916271058,
    -22.64684089351));
#4304 = CARTESIAN_POINT('',(-180.6770766945,-3.473802163013,
    -22.71840950369));
#4305 = CARTESIAN_POINT('',(-180.5155882132,-3.490847140161,
    -22.79494432584));
#4306 = CARTESIAN_POINT('',(-180.3549185119,-3.5,-22.87636907838));
#4307 = CARTESIAN_POINT('',(-180.1957523923,-3.5,-22.96240807239));
#4308 = PCURVE('',#3496,#4309);
#4309 = DEFINITIONAL_REPRESENTATION('',(#4310),#4325);
#4310 = B_SPLINE_CURVE_WITH_KNOTS('',7,(#4311,#4312,#4313,#4314,#4315,
    #4316,#4317,#4318,#4319,#4320,#4321,#4322,#4323,#4324),
  .UNSPECIFIED.,.F.,.F.,(8,6,8),(0.,0.537993641869,1.),.UNSPECIFIED.);
#4311 = CARTESIAN_POINT('',(0.681128473867,1.345753082425));
#4312 = CARTESIAN_POINT('',(0.742696436181,1.517571069402));
#4313 = CARTESIAN_POINT('',(0.804389486161,1.690633179957));
#4314 = CARTESIAN_POINT('',(0.866563242182,1.864112230164));
#4315 = CARTESIAN_POINT('',(0.929559213444,2.037783307275));
#4316 = CARTESIAN_POINT('',(0.993738681421,2.211533062531));
#4317 = CARTESIAN_POINT('',(1.059442373727,2.385173943018));
#4318 = CARTESIAN_POINT('',(1.18510183415,2.707222149644));
#4319 = CARTESIAN_POINT('',(1.24452731014,2.855648805504));
#4320 = CARTESIAN_POINT('',(1.305562888862,3.003556705164));
#4321 = CARTESIAN_POINT('',(1.368448023651,3.150689972616));
#4322 = CARTESIAN_POINT('',(1.433428427962,3.296676756254));
#4323 = CARTESIAN_POINT('',(1.500772365432,3.441019021927));
#4324 = CARTESIAN_POINT('',(1.570796326795,3.583089331612));
#4325 = ( GEOMETRIC_REPRESENTATION_CONTEXT(2) 
PARAMETRIC_REPRESENTATION_CONTEXT() REPRESENTATION_CONTEXT('2D SPACE',''
  ) );
#4326 = PCURVE('',#3468,#4327);
#4327 = DEFINITIONAL_REPRESENTATION('',(#4328),#4343);
#4328 = B_SPLINE_CURVE_WITH_KNOTS('',7,(#4329,#4330,#4331,#4332,#4333,
    #4334,#4335,#4336,#4337,#4338,#4339,#4340,#4341,#4342),
  .UNSPECIFIED.,.F.,.F.,(8,6,8),(0.,0.537993641869,1.),.UNSPECIFIED.);
#4329 = CARTESIAN_POINT('',(-8.028240212815,6.407472150329));
#4330 = CARTESIAN_POINT('',(-8.051074156281,6.483999910638));
#4331 = CARTESIAN_POINT('',(-8.074293032945,6.556227882208));
#4332 = CARTESIAN_POINT('',(-8.097819713446,6.624090549435));
#4333 = CARTESIAN_POINT('',(-8.121655533374,6.687388259305));
#4334 = CARTESIAN_POINT('',(-8.145821237095,6.745759488406));
#4335 = CARTESIAN_POINT('',(-8.170332146583,6.79859788509));
#4336 = CARTESIAN_POINT('',(-8.216546198734,6.884916735512));
#4337 = CARTESIAN_POINT('',(-8.238145349894,6.920055428368));
#4338 = CARTESIAN_POINT('',(-8.259998433138,6.949916271058));
#4339 = CARTESIAN_POINT('',(-8.282099039717,6.973802163013));
#4340 = CARTESIAN_POINT('',(-8.304424954423,6.990847140161));
#4341 = CARTESIAN_POINT('',(-8.326932567185,7.));
#4342 = CARTESIAN_POINT('',(-8.349549127115,7.));
#4343 = ( GEOMETRIC_REPRESENTATION_CONTEXT(2) 
PARAMETRIC_REPRESENTATION_CONTEXT() REPRESENTATION_CONTEXT('2D SPACE',''
  ) );
#4344 = ORIENTED_EDGE('',*,*,#3480,.T.);
#4345 = ORIENTED_EDGE('',*,*,#4164,.T.);
#4346 = ORIENTED_EDGE('',*,*,#4347,.F.);
#4347 = EDGE_CURVE('',#4263,#4137,#4348,.T.);
#4348 = SURFACE_CURVE('',#4349,(#4353,#4360),.PCURVE_S1.);
#4349 = LINE('',#4350,#4351);
#4350 = CARTESIAN_POINT('',(-184.,-1.9,-22.));
#4351 = VECTOR('',#4352,1.);
#4352 = DIRECTION('',(0.98521175482,1.902269172752E-17,0.171341174751));
#4353 = PCURVE('',#3496,#4354);
#4354 = DEFINITIONAL_REPRESENTATION('',(#4355),#4359);
#4355 = LINE('',#4356,#4357);
#4356 = CARTESIAN_POINT('',(0.,0.));
#4357 = VECTOR('',#4358,1.);
#4358 = DIRECTION('',(0.,1.));
#4359 = ( GEOMETRIC_REPRESENTATION_CONTEXT(2) 
PARAMETRIC_REPRESENTATION_CONTEXT() REPRESENTATION_CONTEXT('2D SPACE',''
  ) );
#4360 = PCURVE('',#4152,#4361);
#4361 = DEFINITIONAL_REPRESENTATION('',(#4362),#4366);
#4362 = LINE('',#4363,#4364);
#4363 = CARTESIAN_POINT('',(-0.,1.9));
#4364 = VECTOR('',#4365,1.);
#4365 = DIRECTION('',(-1.,0.));
#4366 = ( GEOMETRIC_REPRESENTATION_CONTEXT(2) 
PARAMETRIC_REPRESENTATION_CONTEXT() REPRESENTATION_CONTEXT('2D SPACE',''
  ) );
#4367 = ADVANCED_FACE('',(#4368),#3468,.T.);
#4368 = FACE_BOUND('',#4369,.F.);
#4369 = EDGE_LOOP('',(#4370,#4371,#4496,#4524,#4654,#4678,#4734,#4795,
    #4823,#4901));
#4370 = ORIENTED_EDGE('',*,*,#3447,.F.);
#4371 = ORIENTED_EDGE('',*,*,#4372,.F.);
#4372 = EDGE_CURVE('',#4373,#3420,#4375,.T.);
#4373 = VERTEX_POINT('',#4374);
#4374 = CARTESIAN_POINT('',(-181.4588560248,-1.9,-37.58568304753));
#4375 = SURFACE_CURVE('',#4376,(#4414,#4455),.PCURVE_S1.);
#4376 = B_SPLINE_CURVE_WITH_KNOTS('',8,(#4377,#4378,#4379,#4380,#4381,
    #4382,#4383,#4384,#4385,#4386,#4387,#4388,#4389,#4390,#4391,#4392,
    #4393,#4394,#4395,#4396,#4397,#4398,#4399,#4400,#4401,#4402,#4403,
    #4404,#4405,#4406,#4407,#4408,#4409,#4410,#4411,#4412,#4413),
  .UNSPECIFIED.,.F.,.F.,(9,7,7,7,7,9),(0.,5.02835356988E-02,
    8.447809969919E-02,0.173212220593,0.435969637471,1.),.UNSPECIFIED.);
#4377 = CARTESIAN_POINT('',(-181.4588560248,-1.9,-37.58568304753));
#4378 = CARTESIAN_POINT('',(-181.4588560248,-1.925300589729,
    -37.58568304753));
#4379 = CARTESIAN_POINT('',(-181.4561618403,-1.950256330829,
    -37.58478031913));
#4380 = CARTESIAN_POINT('',(-181.450901925,-1.974805220059,
    -37.58301857039));
#4381 = CARTESIAN_POINT('',(-181.4432697169,-1.998873558316,
    -37.58045599582));
#4382 = CARTESIAN_POINT('',(-181.4335249783,-2.022368839417,
    -37.57716893671));
#4383 = CARTESIAN_POINT('',(-181.4219951335,-2.045172638867,
    -37.57325554144));
#4384 = CARTESIAN_POINT('',(-181.4090766085,-2.067133502636,
    -37.56883942575));
#4385 = CARTESIAN_POINT('',(-181.3858241869,-2.102290474913,
    -37.56083222329));
#4386 = CARTESIAN_POINT('',(-181.3758842305,-2.116196226289,
    -37.55739425625));
#4387 = CARTESIAN_POINT('',(-181.3654871246,-2.129789504994,
    -37.55378098442));
#4388 = CARTESIAN_POINT('',(-181.354693915,-2.143084620012,
    -37.55001089022));
#4389 = CARTESIAN_POINT('',(-181.3435558696,-2.156097774378,
    -37.54609938605));
#4390 = CARTESIAN_POINT('',(-181.3321144784,-2.168847065175,
    -37.54205881427));
#4391 = CARTESIAN_POINT('',(-181.3204014531,-2.18135248354,
    -37.53789844724));
#4392 = CARTESIAN_POINT('',(-181.2773957241,-2.225511140842,
    -37.52253365774));
#4393 = CARTESIAN_POINT('',(-181.2444462509,-2.256122551567,
    -37.5105969245));
#4394 = CARTESIAN_POINT('',(-181.2102351038,-2.285509200369,
    -37.49800787362));
#4395 = CARTESIAN_POINT('',(-181.1752378333,-2.313742309026,
    -37.48491633822));
#4396 = CARTESIAN_POINT('',(-181.1397499831,-2.340935749984,
    -37.47141959933));
#4397 = CARTESIAN_POINT('',(-181.103877332,-2.367256214039,
    -37.45755093537));
#4398 = CARTESIAN_POINT('',(-181.0675271397,-2.392933063251,
    -37.44326551989));
#4399 = CARTESIAN_POINT('',(-180.9204615448,-2.493288707543,
    -37.38447432112));
#4400 = CARTESIAN_POINT('',(-180.8040556312,-2.565073489161,
    -37.33578312938));
#4401 = CARTESIAN_POINT('',(-180.6855875819,-2.633199519617,
    -37.28361505132));
#4402 = CARTESIAN_POINT('',(-180.5676450356,-2.697570422443,
    -37.22892957356));
#4403 = CARTESIAN_POINT('',(-180.4508496499,-2.758601172761,
    -37.17214802781));
#4404 = CARTESIAN_POINT('',(-180.334506084,-2.817081061295,
    -37.11294841405));
#4405 = CARTESIAN_POINT('',(-180.217246932,-2.873827467263,
    -37.05050588868));
#4406 = CARTESIAN_POINT('',(-179.8400865742,-3.049098118964,
    -36.83973656664));
#4407 = CARTESIAN_POINT('',(-179.5834203364,-3.157984210396,
    -36.68208485298));
#4408 = CARTESIAN_POINT('',(-179.3290120853,-3.256228924924,
    -36.51043604839));
#4409 = CARTESIAN_POINT('',(-179.0765741882,-3.342652634501,
    -36.32375942974));
#4410 = CARTESIAN_POINT('',(-178.8270354359,-3.414895449845,
    -36.12113326675));
#4411 = CARTESIAN_POINT('',(-178.5818430805,-3.469137289922,
    -35.90210536174));
#4412 = CARTESIAN_POINT('',(-178.3434948646,-3.5,-35.66722599036));
#4413 = CARTESIAN_POINT('',(-178.1152709611,-3.5,-35.41940625338));
#4414 = PCURVE('',#3468,#4415);
#4415 = DEFINITIONAL_REPRESENTATION('',(#4416),#4454);
#4416 = B_SPLINE_CURVE_WITH_KNOTS('',8,(#4417,#4418,#4419,#4420,#4421,
    #4422,#4423,#4424,#4425,#4426,#4427,#4428,#4429,#4430,#4431,#4432,
    #4433,#4434,#4435,#4436,#4437,#4438,#4439,#4440,#4441,#4442,#4443,
    #4444,#4445,#4446,#4447,#4448,#4449,#4450,#4451,#4452,#4453),
  .UNSPECIFIED.,.F.,.F.,(9,7,7,7,7,9),(0.,5.02835356988E-02,
    8.447809969919E-02,0.173212220593,0.435969637471,1.),.UNSPECIFIED.);
#4417 = CARTESIAN_POINT('',(-4.389146270019,5.4));
#4418 = CARTESIAN_POINT('',(-4.389146270019,5.425300589729));
#4419 = CARTESIAN_POINT('',(-4.388791094633,5.450256330829));
#4420 = CARTESIAN_POINT('',(-4.388097705676,5.474805220059));
#4421 = CARTESIAN_POINT('',(-4.38709134149,5.498873558316));
#4422 = CARTESIAN_POINT('',(-4.38580581955,5.522368839417));
#4423 = CARTESIAN_POINT('',(-4.384283839067,5.545172638867));
#4424 = CARTESIAN_POINT('',(-4.382577283585,5.567133502636));
#4425 = CARTESIAN_POINT('',(-4.379503222755,5.602290474913));
#4426 = CARTESIAN_POINT('',(-4.378188509616,5.616196226289));
#4427 = CARTESIAN_POINT('',(-4.376812628678,5.629789504994));
#4428 = CARTESIAN_POINT('',(-4.375383542769,5.643084620012));
#4429 = CARTESIAN_POINT('',(-4.373907933041,5.656097774378));
#4430 = CARTESIAN_POINT('',(-4.372391198963,5.668847065175));
#4431 = CARTESIAN_POINT('',(-4.370837458328,5.68135248354));
#4432 = CARTESIAN_POINT('',(-4.365128953878,5.725511140842));
#4433 = CARTESIAN_POINT('',(-4.360748368419,5.756122551567));
#4434 = CARTESIAN_POINT('',(-4.356191731131,5.785509200369));
#4435 = CARTESIAN_POINT('',(-4.35152114997,5.813742309026));
#4436 = CARTESIAN_POINT('',(-4.346775322799,5.840935749984));
#4437 = CARTESIAN_POINT('',(-4.341967922241,5.867256214039));
#4438 = CARTESIAN_POINT('',(-4.337085943172,5.892933063251));
#4439 = CARTESIAN_POINT('',(-4.317288257755,5.993288707543));
#4440 = CARTESIAN_POINT('',(-4.301517848636,6.065073489161));
#4441 = CARTESIAN_POINT('',(-4.2853418678,6.133199519617));
#4442 = CARTESIAN_POINT('',(-4.269097302212,6.197570422442));
#4443 = CARTESIAN_POINT('',(-4.252869287398,6.258601172761));
#4444 = CARTESIAN_POINT('',(-4.236556613688,6.317081061295));
#4445 = CARTESIAN_POINT('',(-4.21995393053,6.373827467263));
#4446 = CARTESIAN_POINT('',(-4.165946748918,6.549098118964));
#4447 = CARTESIAN_POINT('',(-4.128326645798,6.657984210396));
#4448 = CARTESIAN_POINT('',(-4.090022970584,6.756228924922));
#4449 = CARTESIAN_POINT('',(-4.050852877537,6.842652634503));
#4450 = CARTESIAN_POINT('',(-4.010758123712,6.914895449844));
#4451 = CARTESIAN_POINT('',(-3.96974219456,6.969137289923));
#4452 = CARTESIAN_POINT('',(-3.927962444896,7.));
#4453 = CARTESIAN_POINT('',(-3.885850100327,7.));
#4454 = ( GEOMETRIC_REPRESENTATION_CONTEXT(2) 
PARAMETRIC_REPRESENTATION_CONTEXT() REPRESENTATION_CONTEXT('2D SPACE',''
  ) );
#4455 = PCURVE('',#3435,#4456);
#4456 = DEFINITIONAL_REPRESENTATION('',(#4457),#4495);
#4457 = B_SPLINE_CURVE_WITH_KNOTS('',8,(#4458,#4459,#4460,#4461,#4462,
    #4463,#4464,#4465,#4466,#4467,#4468,#4469,#4470,#4471,#4472,#4473,
    #4474,#4475,#4476,#4477,#4478,#4479,#4480,#4481,#4482,#4483,#4484,
    #4485,#4486,#4487,#4488,#4489,#4490,#4491,#4492,#4493,#4494),
  .UNSPECIFIED.,.F.,.F.,(9,7,7,7,7,9),(0.,5.02835356988E-02,
    8.447809969919E-02,0.173212220593,0.435969637471,1.),.UNSPECIFIED.);
#4458 = CARTESIAN_POINT('',(0.,183.85491310062));
#4459 = CARTESIAN_POINT('',(1.581286858033E-02,183.85491310062));
#4460 = CARTESIAN_POINT('',(3.141024646799E-02,183.85210876181));
#4461 = CARTESIAN_POINT('',(4.67592789484E-02,183.84663389714));
#4462 = CARTESIAN_POINT('',(6.18193368293E-02,183.83868878854));
#4463 = CARTESIAN_POINT('',(7.653709845351E-02,183.82854209739));
#4464 = CARTESIAN_POINT('',(9.084163171175E-02,183.816532775));
#4465 = CARTESIAN_POINT('',(0.104639476055,183.80307197309));
#4466 = CARTESIAN_POINT('',(0.126765954365,183.77883407652));
#4467 = CARTESIAN_POINT('',(0.13552860684,183.7684704279));
#4468 = CARTESIAN_POINT('',(0.144105679702,183.7576273776));
#4469 = CARTESIAN_POINT('',(0.1525063321,183.74636815018));
#4470 = CARTESIAN_POINT('',(0.160740884565,183.73474582554));
#4471 = CARTESIAN_POINT('',(0.16882081901,183.72280333892));
#4472 = CARTESIAN_POINT('',(0.17675877873,183.7105734809));
#4473 = CARTESIAN_POINT('',(0.204834796113,183.66565573559));
#4474 = CARTESIAN_POINT('',(0.224385137515,183.63121482774));
#4475 = CARTESIAN_POINT('',(0.24324621437,183.59542371845));
#4476 = CARTESIAN_POINT('',(0.26146258457,183.55877587166));
#4477 = CARTESIAN_POINT('',(0.279104702726,183.52157863373));
#4478 = CARTESIAN_POINT('',(0.296277649133,183.4839417601));
#4479 = CARTESIAN_POINT('',(0.313130627095,183.44576650573));
#4480 = CARTESIAN_POINT('',(0.379427264176,183.29115691761));
#4481 = CARTESIAN_POINT('',(0.427810654034,183.16843272328));
#4482 = CARTESIAN_POINT('',(0.474843207211,183.04311377187));
#4483 = CARTESIAN_POINT('',(0.520511045985,182.91790837836));
#4484 = CARTESIAN_POINT('',(0.56509012078,182.79349789893));
#4485 = CARTESIAN_POINT('',(0.609179731929,182.66914423876));
#4486 = CARTESIAN_POINT('',(0.653524990983,182.54336507973));
#4487 = CARTESIAN_POINT('',(0.79662957562,182.13720328529));
#4488 = CARTESIAN_POINT('',(0.894688849384,181.85851290566));
#4489 = CARTESIAN_POINT('',(0.994773584407,181.57979869312));
#4490 = CARTESIAN_POINT('',(1.098193935782,181.30061090073));
#4491 = CARTESIAN_POINT('',(1.206179613391,181.02171789161));
#4492 = CARTESIAN_POINT('',(1.319965563548,180.7444752897));
#4493 = CARTESIAN_POINT('',(1.44088095883,180.47143683568));
#4494 = CARTESIAN_POINT('',(1.570796326795,180.2063084047));
#4495 = ( GEOMETRIC_REPRESENTATION_CONTEXT(2) 
PARAMETRIC_REPRESENTATION_CONTEXT() REPRESENTATION_CONTEXT('2D SPACE',''
  ) );
#4496 = ORIENTED_EDGE('',*,*,#4497,.F.);
#4497 = EDGE_CURVE('',#4498,#4373,#4500,.T.);
#4498 = VERTEX_POINT('',#4499);
#4499 = CARTESIAN_POINT('',(-181.4588560248,1.9,-37.58568304753));
#4500 = SURFACE_CURVE('',#4501,(#4505,#4512),.PCURVE_S1.);
#4501 = LINE('',#4502,#4503);
#4502 = CARTESIAN_POINT('',(-181.4588560248,3.5,-37.58568304753));
#4503 = VECTOR('',#4504,1.);
#4504 = DIRECTION('',(-0.,-1.,2.22044604925E-16));
#4505 = PCURVE('',#3468,#4506);
#4506 = DEFINITIONAL_REPRESENTATION('',(#4507),#4511);
#4507 = LINE('',#4508,#4509);
#4508 = CARTESIAN_POINT('',(-4.389146270019,-7.961815756755E-16));
#4509 = VECTOR('',#4510,1.);
#4510 = DIRECTION('',(-0.,1.));
#4511 = ( GEOMETRIC_REPRESENTATION_CONTEXT(2) 
PARAMETRIC_REPRESENTATION_CONTEXT() REPRESENTATION_CONTEXT('2D SPACE',''
  ) );
#4512 = PCURVE('',#4513,#4518);
#4513 = PLANE('',#4514);
#4514 = AXIS2_PLACEMENT_3D('',#4515,#4516,#4517);
#4515 = CARTESIAN_POINT('',(0.,-8.881784197001E-16,-8.));
#4516 = DIRECTION('',(0.160918642578,-1.09575423677E-16,-0.986967674481)
  );
#4517 = DIRECTION('',(0.986967674481,1.78655582082E-17,0.160918642578));
#4518 = DEFINITIONAL_REPRESENTATION('',(#4519),#4523);
#4519 = LINE('',#4520,#4521);
#4520 = CARTESIAN_POINT('',(-183.8549131006,-3.5));
#4521 = VECTOR('',#4522,1.);
#4522 = DIRECTION('',(1.78655582082E-17,1.));
#4523 = ( GEOMETRIC_REPRESENTATION_CONTEXT(2) 
PARAMETRIC_REPRESENTATION_CONTEXT() REPRESENTATION_CONTEXT('2D SPACE',''
  ) );
#4524 = ORIENTED_EDGE('',*,*,#4525,.T.);
#4525 = EDGE_CURVE('',#4498,#4526,#4528,.T.);
#4526 = VERTEX_POINT('',#4527);
#4527 = CARTESIAN_POINT('',(-178.1152709611,3.5,-35.41940625338));
#4528 = SURFACE_CURVE('',#4529,(#4567,#4608),.PCURVE_S1.);
#4529 = B_SPLINE_CURVE_WITH_KNOTS('',8,(#4530,#4531,#4532,#4533,#4534,
    #4535,#4536,#4537,#4538,#4539,#4540,#4541,#4542,#4543,#4544,#4545,
    #4546,#4547,#4548,#4549,#4550,#4551,#4552,#4553,#4554,#4555,#4556,
    #4557,#4558,#4559,#4560,#4561,#4562,#4563,#4564,#4565,#4566),
  .UNSPECIFIED.,.F.,.F.,(9,7,7,7,7,9),(0.,5.028353569873E-02,
    8.447809969928E-02,0.173212220593,0.435969637472,1.),.UNSPECIFIED.);
#4530 = CARTESIAN_POINT('',(-181.4588560248,1.9,-37.58568304753));
#4531 = CARTESIAN_POINT('',(-181.4588560248,1.925300589729,
    -37.58568304753));
#4532 = CARTESIAN_POINT('',(-181.4561618403,1.950256330829,
    -37.58478031913));
#4533 = CARTESIAN_POINT('',(-181.450901925,1.974805220059,
    -37.58301857039));
#4534 = CARTESIAN_POINT('',(-181.4432697169,1.998873558316,
    -37.58045599582));
#4535 = CARTESIAN_POINT('',(-181.4335249783,2.022368839417,
    -37.57716893671));
#4536 = CARTESIAN_POINT('',(-181.4219951335,2.045172638867,
    -37.57325554144));
#4537 = CARTESIAN_POINT('',(-181.4090766085,2.067133502636,
    -37.56883942575));
#4538 = CARTESIAN_POINT('',(-181.3858241869,2.102290474913,
    -37.56083222329));
#4539 = CARTESIAN_POINT('',(-181.3758842305,2.116196226289,
    -37.55739425625));
#4540 = CARTESIAN_POINT('',(-181.3654871246,2.129789504994,
    -37.55378098442));
#4541 = CARTESIAN_POINT('',(-181.354693915,2.143084620012,
    -37.55001089022));
#4542 = CARTESIAN_POINT('',(-181.3435558696,2.156097774378,
    -37.54609938605));
#4543 = CARTESIAN_POINT('',(-181.3321144784,2.168847065175,
    -37.54205881427));
#4544 = CARTESIAN_POINT('',(-181.3204014531,2.18135248354,
    -37.53789844724));
#4545 = CARTESIAN_POINT('',(-181.2773957241,2.225511140841,
    -37.52253365774));
#4546 = CARTESIAN_POINT('',(-181.2444462509,2.256122551567,
    -37.5105969245));
#4547 = CARTESIAN_POINT('',(-181.2102351038,2.285509200369,
    -37.49800787362));
#4548 = CARTESIAN_POINT('',(-181.1752378333,2.313742309026,
    -37.48491633821));
#4549 = CARTESIAN_POINT('',(-181.1397499831,2.340935749984,
    -37.47141959933));
#4550 = CARTESIAN_POINT('',(-181.103877332,2.367256214039,
    -37.45755093537));
#4551 = CARTESIAN_POINT('',(-181.0675271397,2.392933063251,
    -37.44326551989));
#4552 = CARTESIAN_POINT('',(-180.9204615448,2.493288707543,
    -37.38447432112));
#4553 = CARTESIAN_POINT('',(-180.8040556312,2.565073489161,
    -37.33578312938));
#4554 = CARTESIAN_POINT('',(-180.6855875819,2.633199519617,
    -37.28361505132));
#4555 = CARTESIAN_POINT('',(-180.5676450356,2.697570422442,
    -37.22892957356));
#4556 = CARTESIAN_POINT('',(-180.4508496499,2.758601172761,
    -37.17214802781));
#4557 = CARTESIAN_POINT('',(-180.334506084,2.817081061295,
    -37.11294841405));
#4558 = CARTESIAN_POINT('',(-180.217246932,2.873827467263,
    -37.05050588868));
#4559 = CARTESIAN_POINT('',(-179.8400865742,3.049098118964,
    -36.83973656664));
#4560 = CARTESIAN_POINT('',(-179.5834203364,3.157984210398,
    -36.68208485297));
#4561 = CARTESIAN_POINT('',(-179.3290120853,3.25622892492,
    -36.51043604839));
#4562 = CARTESIAN_POINT('',(-179.0765741882,3.342652634504,
    -36.32375942974));
#4563 = CARTESIAN_POINT('',(-178.8270354359,3.414895449843,
    -36.12113326675));
#4564 = CARTESIAN_POINT('',(-178.5818430805,3.469137289923,
    -35.90210536174));
#4565 = CARTESIAN_POINT('',(-178.3434948646,3.5,-35.66722599036));
#4566 = CARTESIAN_POINT('',(-178.1152709611,3.5,-35.41940625338));
#4567 = PCURVE('',#3468,#4568);
#4568 = DEFINITIONAL_REPRESENTATION('',(#4569),#4607);
#4569 = B_SPLINE_CURVE_WITH_KNOTS('',8,(#4570,#4571,#4572,#4573,#4574,
    #4575,#4576,#4577,#4578,#4579,#4580,#4581,#4582,#4583,#4584,#4585,
    #4586,#4587,#4588,#4589,#4590,#4591,#4592,#4593,#4594,#4595,#4596,
    #4597,#4598,#4599,#4600,#4601,#4602,#4603,#4604,#4605,#4606),
  .UNSPECIFIED.,.F.,.F.,(9,7,7,7,7,9),(0.,5.028353569873E-02,
    8.447809969928E-02,0.173212220593,0.435969637472,1.),.UNSPECIFIED.);
#4570 = CARTESIAN_POINT('',(-4.389146270019,1.6));
#4571 = CARTESIAN_POINT('',(-4.389146270019,1.574699410271));
#4572 = CARTESIAN_POINT('',(-4.388791094633,1.549743669171));
#4573 = CARTESIAN_POINT('',(-4.388097705676,1.525194779941));
#4574 = CARTESIAN_POINT('',(-4.38709134149,1.501126441684));
#4575 = CARTESIAN_POINT('',(-4.38580581955,1.477631160583));
#4576 = CARTESIAN_POINT('',(-4.384283839067,1.454827361133));
#4577 = CARTESIAN_POINT('',(-4.382577283585,1.432866497364));
#4578 = CARTESIAN_POINT('',(-4.379503222755,1.397709525087));
#4579 = CARTESIAN_POINT('',(-4.378188509616,1.383803773711));
#4580 = CARTESIAN_POINT('',(-4.376812628678,1.370210495006));
#4581 = CARTESIAN_POINT('',(-4.375383542769,1.356915379988));
#4582 = CARTESIAN_POINT('',(-4.373907933041,1.343902225622));
#4583 = CARTESIAN_POINT('',(-4.372391198963,1.331152934825));
#4584 = CARTESIAN_POINT('',(-4.370837458328,1.31864751646));
#4585 = CARTESIAN_POINT('',(-4.365128953878,1.274488859159));
#4586 = CARTESIAN_POINT('',(-4.360748368419,1.243877448433));
#4587 = CARTESIAN_POINT('',(-4.356191731131,1.214490799631));
#4588 = CARTESIAN_POINT('',(-4.35152114997,1.186257690974));
#4589 = CARTESIAN_POINT('',(-4.346775322799,1.159064250016));
#4590 = CARTESIAN_POINT('',(-4.341967922241,1.132743785961));
#4591 = CARTESIAN_POINT('',(-4.337085943172,1.107066936749));
#4592 = CARTESIAN_POINT('',(-4.317288257755,1.006711292457));
#4593 = CARTESIAN_POINT('',(-4.301517848636,0.934926510839));
#4594 = CARTESIAN_POINT('',(-4.2853418678,0.866800480384));
#4595 = CARTESIAN_POINT('',(-4.269097302212,0.802429577557));
#4596 = CARTESIAN_POINT('',(-4.252869287398,0.74139882724));
#4597 = CARTESIAN_POINT('',(-4.236556613688,0.682918938705));
#4598 = CARTESIAN_POINT('',(-4.21995393053,0.626172532737));
#4599 = CARTESIAN_POINT('',(-4.165946748919,0.450901881036));
#4600 = CARTESIAN_POINT('',(-4.128326645797,0.342015789602));
#4601 = CARTESIAN_POINT('',(-4.090022970585,0.24377107508));
#4602 = CARTESIAN_POINT('',(-4.050852877537,0.157347365496));
#4603 = CARTESIAN_POINT('',(-4.010758123712,8.51045501559E-02));
#4604 = CARTESIAN_POINT('',(-3.96974219456,3.086271007759E-02));
#4605 = CARTESIAN_POINT('',(-3.927962444896,1.16661852442E-15));
#4606 = CARTESIAN_POINT('',(-3.885850100327,2.6645352591E-15));
#4607 = ( GEOMETRIC_REPRESENTATION_CONTEXT(2) 
PARAMETRIC_REPRESENTATION_CONTEXT() REPRESENTATION_CONTEXT('2D SPACE',''
  ) );
#4608 = PCURVE('',#4609,#4614);
#4609 = CYLINDRICAL_SURFACE('',#4610,1.6);
#4610 = AXIS2_PLACEMENT_3D('',#4611,#4612,#4613);
#4611 = CARTESIAN_POINT('',(-0.257469828126,1.9,-6.42085172083));
#4612 = DIRECTION('',(-0.986967674481,-1.78655582082E-17,-0.160918642578
    ));
#4613 = DIRECTION('',(0.160918642578,-1.09575423677E-16,-0.986967674481)
  );
#4614 = DEFINITIONAL_REPRESENTATION('',(#4615),#4653);
#4615 = B_SPLINE_CURVE_WITH_KNOTS('',8,(#4616,#4617,#4618,#4619,#4620,
    #4621,#4622,#4623,#4624,#4625,#4626,#4627,#4628,#4629,#4630,#4631,
    #4632,#4633,#4634,#4635,#4636,#4637,#4638,#4639,#4640,#4641,#4642,
    #4643,#4644,#4645,#4646,#4647,#4648,#4649,#4650,#4651,#4652),
  .UNSPECIFIED.,.F.,.F.,(9,7,7,7,7,9),(0.,5.028353569873E-02,
    8.447809969928E-02,0.173212220593,0.435969637472,1.),.UNSPECIFIED.);
#4616 = CARTESIAN_POINT('',(0.,183.85491310062));
#4617 = CARTESIAN_POINT('',(-1.581286858041E-02,183.85491310062));
#4618 = CARTESIAN_POINT('',(-3.141024646794E-02,183.85210876181));
#4619 = CARTESIAN_POINT('',(-4.675927894832E-02,183.84663389714));
#4620 = CARTESIAN_POINT('',(-6.181933682931E-02,183.83868878854));
#4621 = CARTESIAN_POINT('',(-7.65370984536E-02,183.82854209739));
#4622 = CARTESIAN_POINT('',(-9.084163171181E-02,183.816532775));
#4623 = CARTESIAN_POINT('',(-0.104639476055,183.80307197309));
#4624 = CARTESIAN_POINT('',(-0.126765954365,183.77883407652));
#4625 = CARTESIAN_POINT('',(-0.13552860684,183.7684704279));
#4626 = CARTESIAN_POINT('',(-0.144105679702,183.7576273776));
#4627 = CARTESIAN_POINT('',(-0.1525063321,183.74636815018));
#4628 = CARTESIAN_POINT('',(-0.160740884565,183.73474582554));
#4629 = CARTESIAN_POINT('',(-0.16882081901,183.72280333892));
#4630 = CARTESIAN_POINT('',(-0.17675877873,183.7105734809));
#4631 = CARTESIAN_POINT('',(-0.204834796113,183.66565573559));
#4632 = CARTESIAN_POINT('',(-0.224385137515,183.63121482774));
#4633 = CARTESIAN_POINT('',(-0.24324621437,183.59542371845));
#4634 = CARTESIAN_POINT('',(-0.26146258457,183.55877587166));
#4635 = CARTESIAN_POINT('',(-0.279104702726,183.52157863373));
#4636 = CARTESIAN_POINT('',(-0.296277649133,183.4839417601));
#4637 = CARTESIAN_POINT('',(-0.313130627095,183.44576650573));
#4638 = CARTESIAN_POINT('',(-0.379427264176,183.29115691761));
#4639 = CARTESIAN_POINT('',(-0.427810654035,183.16843272328));
#4640 = CARTESIAN_POINT('',(-0.47484320721,183.04311377187));
#4641 = CARTESIAN_POINT('',(-0.520511045986,182.91790837836));
#4642 = CARTESIAN_POINT('',(-0.56509012078,182.79349789892));
#4643 = CARTESIAN_POINT('',(-0.609179731929,182.66914423876));
#4644 = CARTESIAN_POINT('',(-0.653524990983,182.54336507973));
#4645 = CARTESIAN_POINT('',(-0.796629575619,182.1372032853));
#4646 = CARTESIAN_POINT('',(-0.894688849386,181.85851290565));
#4647 = CARTESIAN_POINT('',(-0.994773584406,181.57979869312));
#4648 = CARTESIAN_POINT('',(-1.098193935782,181.30061090073));
#4649 = CARTESIAN_POINT('',(-1.206179613393,181.02171789161));
#4650 = CARTESIAN_POINT('',(-1.319965563547,180.7444752897));
#4651 = CARTESIAN_POINT('',(-1.440880958831,180.47143683568));
#4652 = CARTESIAN_POINT('',(-1.570796326795,180.2063084047));
#4653 = ( GEOMETRIC_REPRESENTATION_CONTEXT(2) 
PARAMETRIC_REPRESENTATION_CONTEXT() REPRESENTATION_CONTEXT('2D SPACE',''
  ) );
#4654 = ORIENTED_EDGE('',*,*,#4655,.F.);
#4655 = EDGE_CURVE('',#4656,#4526,#4658,.T.);
#4656 = VERTEX_POINT('',#4657);
#4657 = CARTESIAN_POINT('',(-180.1957523923,3.5,-22.96240807239));
#4658 = SURFACE_CURVE('',#4659,(#4664,#4671),.PCURVE_S1.);
#4659 = CIRCLE('',#4660,8.);
#4660 = AXIS2_PLACEMENT_3D('',#4661,#4662,#4663);
#4661 = CARTESIAN_POINT('',(-184.,3.5,-30.));
#4662 = DIRECTION('',(-2.503898757777E-33,-1.,-6.310243822295E-17));
#4663 = DIRECTION('',(0.475530950959,-5.551115123126E-17,0.879698990951)
  );
#4664 = PCURVE('',#3468,#4665);
#4665 = DEFINITIONAL_REPRESENTATION('',(#4666),#4670);
#4666 = LINE('',#4667,#4668);
#4667 = CARTESIAN_POINT('',(-8.349549127115,0.));
#4668 = VECTOR('',#4669,1.);
#4669 = DIRECTION('',(1.,-0.));
#4670 = ( GEOMETRIC_REPRESENTATION_CONTEXT(2) 
PARAMETRIC_REPRESENTATION_CONTEXT() REPRESENTATION_CONTEXT('2D SPACE',''
  ) );
#4671 = PCURVE('',#4020,#4672);
#4672 = DEFINITIONAL_REPRESENTATION('',(#4673),#4677);
#4673 = CIRCLE('',#4674,8.);
#4674 = AXIS2_PLACEMENT_2D('',#4675,#4676);
#4675 = CARTESIAN_POINT('',(-184.,-30.));
#4676 = DIRECTION('',(0.475530950959,0.879698990951));
#4677 = ( GEOMETRIC_REPRESENTATION_CONTEXT(2) 
PARAMETRIC_REPRESENTATION_CONTEXT() REPRESENTATION_CONTEXT('2D SPACE',''
  ) );
#4678 = ORIENTED_EDGE('',*,*,#4679,.F.);
#4679 = EDGE_CURVE('',#4680,#4656,#4682,.T.);
#4680 = VERTEX_POINT('',#4681);
#4681 = CARTESIAN_POINT('',(-182.6129735453,2.90747321929,
    -22.12115759682));
#4682 = SURFACE_CURVE('',#4683,(#4698,#4716),.PCURVE_S1.);
#4683 = B_SPLINE_CURVE_WITH_KNOTS('',7,(#4684,#4685,#4686,#4687,#4688,
    #4689,#4690,#4691,#4692,#4693,#4694,#4695,#4696,#4697),
  .UNSPECIFIED.,.F.,.F.,(8,6,8),(0.,0.53799364187,1.),.UNSPECIFIED.);
#4684 = CARTESIAN_POINT('',(-182.6129760582,2.907472150329,
    -22.12115715443));
#4685 = CARTESIAN_POINT('',(-182.4330710061,2.983999910638,
    -22.1528283807));
#4686 = CARTESIAN_POINT('',(-182.2509768055,3.056227882207,
    -22.18982612184));
#4687 = CARTESIAN_POINT('',(-182.0675057736,3.124090549434,
    -22.23230725367));
#4688 = CARTESIAN_POINT('',(-181.882857365,3.187388259305,
    -22.28043757349));
#4689 = CARTESIAN_POINT('',(-181.6971032642,3.245759488406,
    -22.33446643344));
#4690 = CARTESIAN_POINT('',(-181.5103899223,3.29859788509,
    -22.39464635689));
#4691 = CARTESIAN_POINT('',(-181.1619916753,3.384916735512,
    -22.51836350586));
#4692 = CARTESIAN_POINT('',(-181.0005838147,3.420055428368,
    -22.58019491213));
#4693 = CARTESIAN_POINT('',(-180.8388651794,3.449916271058,
    -22.64684089351));
#4694 = CARTESIAN_POINT('',(-180.6770766945,3.473802163013,
    -22.71840950369));
#4695 = CARTESIAN_POINT('',(-180.5155882132,3.490847140161,
    -22.79494432584));
#4696 = CARTESIAN_POINT('',(-180.3549185119,3.5,-22.87636907838));
#4697 = CARTESIAN_POINT('',(-180.1957523923,3.5,-22.96240807239));
#4698 = PCURVE('',#3468,#4699);
#4699 = DEFINITIONAL_REPRESENTATION('',(#4700),#4715);
#4700 = B_SPLINE_CURVE_WITH_KNOTS('',7,(#4701,#4702,#4703,#4704,#4705,
    #4706,#4707,#4708,#4709,#4710,#4711,#4712,#4713,#4714),
  .UNSPECIFIED.,.F.,.F.,(8,6,8),(0.,0.53799364187,1.),.UNSPECIFIED.);
#4701 = CARTESIAN_POINT('',(-8.028240212815,0.592527849671));
#4702 = CARTESIAN_POINT('',(-8.051074156281,0.516000089362));
#4703 = CARTESIAN_POINT('',(-8.074293032945,0.443772117793));
#4704 = CARTESIAN_POINT('',(-8.097819713446,0.375909450566));
#4705 = CARTESIAN_POINT('',(-8.121655533374,0.312611740695));
#4706 = CARTESIAN_POINT('',(-8.145821237096,0.254240511594));
#4707 = CARTESIAN_POINT('',(-8.170332146583,0.20140211491));
#4708 = CARTESIAN_POINT('',(-8.216546198734,0.115083264488));
#4709 = CARTESIAN_POINT('',(-8.238145349894,7.994457163163E-02));
#4710 = CARTESIAN_POINT('',(-8.259998433138,5.008372894209E-02));
#4711 = CARTESIAN_POINT('',(-8.282099039717,2.619783698652E-02));
#4712 = CARTESIAN_POINT('',(-8.304424954423,9.152859838833E-03));
#4713 = CARTESIAN_POINT('',(-8.326932567185,4.399278569349E-15));
#4714 = CARTESIAN_POINT('',(-8.349549127115,4.218847493576E-15));
#4715 = ( GEOMETRIC_REPRESENTATION_CONTEXT(2) 
PARAMETRIC_REPRESENTATION_CONTEXT() REPRESENTATION_CONTEXT('2D SPACE',''
  ) );
#4716 = PCURVE('',#4100,#4717);
#4717 = DEFINITIONAL_REPRESENTATION('',(#4718),#4733);
#4718 = B_SPLINE_CURVE_WITH_KNOTS('',7,(#4719,#4720,#4721,#4722,#4723,
    #4724,#4725,#4726,#4727,#4728,#4729,#4730,#4731,#4732),
  .UNSPECIFIED.,.F.,.F.,(8,6,8),(0.,0.53799364187,1.),.UNSPECIFIED.);
#4719 = CARTESIAN_POINT('',(-0.681128473867,1.345753082425));
#4720 = CARTESIAN_POINT('',(-0.742696436182,1.517571069403));
#4721 = CARTESIAN_POINT('',(-0.804389486161,1.690633179956));
#4722 = CARTESIAN_POINT('',(-0.866563242181,1.864112230164));
#4723 = CARTESIAN_POINT('',(-0.929559213444,2.037783307275));
#4724 = CARTESIAN_POINT('',(-0.993738681421,2.211533062531));
#4725 = CARTESIAN_POINT('',(-1.059442373727,2.385173943017));
#4726 = CARTESIAN_POINT('',(-1.18510183415,2.707222149645));
#4727 = CARTESIAN_POINT('',(-1.24452731014,2.855648805504));
#4728 = CARTESIAN_POINT('',(-1.305562888862,3.003556705164));
#4729 = CARTESIAN_POINT('',(-1.36844802365,3.150689972616));
#4730 = CARTESIAN_POINT('',(-1.433428427962,3.296676756254));
#4731 = CARTESIAN_POINT('',(-1.500772365432,3.441019021928));
#4732 = CARTESIAN_POINT('',(-1.570796326795,3.583089331612));
#4733 = ( GEOMETRIC_REPRESENTATION_CONTEXT(2) 
PARAMETRIC_REPRESENTATION_CONTEXT() REPRESENTATION_CONTEXT('2D SPACE',''
  ) );
#4734 = ORIENTED_EDGE('',*,*,#4735,.F.);
#4735 = EDGE_CURVE('',#4736,#4680,#4738,.T.);
#4736 = VERTEX_POINT('',#4737);
#4737 = CARTESIAN_POINT('',(-183.3100938584,1.9,-22.02980367143));
#4738 = SURFACE_CURVE('',#4739,(#4754,#4772),.PCURVE_S1.);
#4739 = B_SPLINE_CURVE_WITH_KNOTS('',7,(#4740,#4741,#4742,#4743,#4744,
    #4745,#4746,#4747,#4748,#4749,#4750,#4751,#4752,#4753),
  .UNSPECIFIED.,.F.,.F.,(8,6,8),(0.,0.616933512031,1.),.UNSPECIFIED.);
#4740 = CARTESIAN_POINT('',(-183.3100938584,1.9,-22.02980367143));
#4741 = CARTESIAN_POINT('',(-183.3100938584,2.006957990165,
    -22.02980367143));
#4742 = CARTESIAN_POINT('',(-183.2970615079,2.113561824019,
    -22.03093157506));
#4743 = CARTESIAN_POINT('',(-183.2711434948,2.219119803574,
    -22.03317577583));
#4744 = CARTESIAN_POINT('',(-183.2321471254,2.322512875882,
    -22.03668499601));
#4745 = CARTESIAN_POINT('',(-183.1799872507,2.422309140114,
    -22.04173594951));
#4746 = CARTESIAN_POINT('',(-183.1148552059,2.516814081144,
    -22.04873448236));
#4747 = CARTESIAN_POINT('',(-182.9891295172,2.658460736981,
    -22.06397489538));
#4748 = CARTESIAN_POINT('',(-182.9361874737,2.709962482603,
    -22.07073832287));
#4749 = CARTESIAN_POINT('',(-182.8786991322,2.758155539769,
    -22.07852290517));
#4750 = CARTESIAN_POINT('',(-182.8170397833,2.802475400746,
    -22.08741798279));
#4751 = CARTESIAN_POINT('',(-182.7517337827,2.842398698662,
    -22.09748779152));
#4752 = CARTESIAN_POINT('',(-182.683448436,2.877494733028,
    -22.10875088365));
#4753 = CARTESIAN_POINT('',(-182.6129735453,2.90747321929,
    -22.12115759682));
#4754 = PCURVE('',#3468,#4755);
#4755 = DEFINITIONAL_REPRESENTATION('',(#4756),#4771);
#4756 = B_SPLINE_CURVE_WITH_KNOTS('',7,(#4757,#4758,#4759,#4760,#4761,
    #4762,#4763,#4764,#4765,#4766,#4767,#4768,#4769,#4770),
  .UNSPECIFIED.,.F.,.F.,(8,6,8),(0.,0.616933512031,1.),.UNSPECIFIED.);
#4757 = CARTESIAN_POINT('',(-7.940327153888,1.6));
#4758 = CARTESIAN_POINT('',(-7.940327153888,1.493042009835));
#4759 = CARTESIAN_POINT('',(-7.941962290728,1.38643817598));
#4760 = CARTESIAN_POINT('',(-7.945214152475,1.280880196426));
#4761 = CARTESIAN_POINT('',(-7.950108390762,1.177487124118));
#4762 = CARTESIAN_POINT('',(-7.956658499467,1.077690859886));
#4763 = CARTESIAN_POINT('',(-7.96484611328,0.983185918856));
#4764 = CARTESIAN_POINT('',(-7.980676868051,0.841539263019));
#4765 = CARTESIAN_POINT('',(-7.987348267914,0.790037517397));
#4766 = CARTESIAN_POINT('',(-7.994599556509,0.741844460231));
#4767 = CARTESIAN_POINT('',(-8.002386180206,0.697524599254));
#4768 = CARTESIAN_POINT('',(-8.010645209985,0.657601301338));
#4769 = CARTESIAN_POINT('',(-8.019295703688,0.622505266972));
#4770 = CARTESIAN_POINT('',(-8.028240531766,0.59252678071));
#4771 = ( GEOMETRIC_REPRESENTATION_CONTEXT(2) 
PARAMETRIC_REPRESENTATION_CONTEXT() REPRESENTATION_CONTEXT('2D SPACE',''
  ) );
#4772 = PCURVE('',#4773,#4778);
#4773 = SPHERICAL_SURFACE('',#4774,1.6);
#4774 = AXIS2_PLACEMENT_3D('',#4775,#4776,#4777);
#4775 = CARTESIAN_POINT('',(-182.4,1.9,-23.34575548242));
#4776 = DIRECTION('',(-0.,-1.,1.110223024625E-16));
#4777 = DIRECTION('',(-0.171341174751,1.093804774332E-16,0.98521175482)
  );
#4778 = DEFINITIONAL_REPRESENTATION('',(#4779),#4794);
#4779 = B_SPLINE_CURVE_WITH_KNOTS('',7,(#4780,#4781,#4782,#4783,#4784,
    #4785,#4786,#4787,#4788,#4789,#4790,#4791,#4792,#4793),
  .UNSPECIFIED.,.F.,.F.,(8,6,8),(0.,0.616933512031,1.),.UNSPECIFIED.);
#4780 = CARTESIAN_POINT('',(0.432865825055,0.));
#4781 = CARTESIAN_POINT('',(0.432865825055,-6.684874385311E-02));
#4782 = CARTESIAN_POINT('',(0.426566431124,-0.133475966862));
#4783 = CARTESIAN_POINT('',(0.414045227336,-0.19993813413));
#4784 = CARTESIAN_POINT('',(0.394826849236,-0.266007593097));
#4785 = CARTESIAN_POINT('',(0.368186757345,-0.33125000452));
#4786 = CARTESIAN_POINT('',(0.332881539631,-0.394913742146));
#4787 = CARTESIAN_POINT('',(0.259157367654,-0.493505544666));
#4788 = CARTESIAN_POINT('',(0.226998847848,-0.530168959589));
#4789 = CARTESIAN_POINT('',(0.190628353399,-0.565345113788));
#4790 = CARTESIAN_POINT('',(0.149770911921,-0.598577592413));
#4791 = CARTESIAN_POINT('',(0.104252858351,-0.629325365621));
#4792 = CARTESIAN_POINT('',(5.414965979642E-02,-0.657011084598));
#4793 = CARTESIAN_POINT('',(0.,-0.681129333866));
#4794 = ( GEOMETRIC_REPRESENTATION_CONTEXT(2) 
PARAMETRIC_REPRESENTATION_CONTEXT() REPRESENTATION_CONTEXT('2D SPACE',''
  ) );
#4795 = ORIENTED_EDGE('',*,*,#4796,.T.);
#4796 = EDGE_CURVE('',#4736,#4797,#4799,.T.);
#4797 = VERTEX_POINT('',#4798);
#4798 = CARTESIAN_POINT('',(-183.3100938584,-1.9,-22.02980367143));
#4799 = SURFACE_CURVE('',#4800,(#4804,#4811),.PCURVE_S1.);
#4800 = LINE('',#4801,#4802);
#4801 = CARTESIAN_POINT('',(-183.3100938584,3.5,-22.02980367143));
#4802 = VECTOR('',#4803,1.);
#4803 = DIRECTION('',(-0.,-1.,1.110223024625E-16));
#4804 = PCURVE('',#3468,#4805);
#4805 = DEFINITIONAL_REPRESENTATION('',(#4806),#4810);
#4806 = LINE('',#4807,#4808);
#4807 = CARTESIAN_POINT('',(-7.940327153888,4.434274354051E-15));
#4808 = VECTOR('',#4809,1.);
#4809 = DIRECTION('',(-0.,1.));
#4810 = ( GEOMETRIC_REPRESENTATION_CONTEXT(2) 
PARAMETRIC_REPRESENTATION_CONTEXT() REPRESENTATION_CONTEXT('2D SPACE',''
  ) );
#4811 = PCURVE('',#4812,#4817);
#4812 = CYLINDRICAL_SURFACE('',#4813,1.6);
#4813 = AXIS2_PLACEMENT_3D('',#4814,#4815,#4816);
#4814 = CARTESIAN_POINT('',(-182.4,3.5,-23.34575548242));
#4815 = DIRECTION('',(-0.,-1.,1.110223024625E-16));
#4816 = DIRECTION('',(-0.171341174751,1.093804774332E-16,0.98521175482)
  );
#4817 = DEFINITIONAL_REPRESENTATION('',(#4818),#4822);
#4818 = LINE('',#4819,#4820);
#4819 = CARTESIAN_POINT('',(0.432865825059,1.460999999855E-16));
#4820 = VECTOR('',#4821,1.);
#4821 = DIRECTION('',(0.,1.));
#4822 = ( GEOMETRIC_REPRESENTATION_CONTEXT(2) 
PARAMETRIC_REPRESENTATION_CONTEXT() REPRESENTATION_CONTEXT('2D SPACE',''
  ) );
#4823 = ORIENTED_EDGE('',*,*,#4824,.F.);
#4824 = EDGE_CURVE('',#4261,#4797,#4825,.T.);
#4825 = SURFACE_CURVE('',#4826,(#4849,#4875),.PCURVE_S1.);
#4826 = B_SPLINE_CURVE_WITH_KNOTS('',6,(#4827,#4828,#4829,#4830,#4831,
    #4832,#4833,#4834,#4835,#4836,#4837,#4838,#4839,#4840,#4841,#4842,
    #4843,#4844,#4845,#4846,#4847,#4848),.UNSPECIFIED.,.F.,.F.,(7,5,5,5,
    7),(0.,0.201494687443,0.381473915944,0.615334961795,1.),
  .UNSPECIFIED.);
#4827 = CARTESIAN_POINT('',(-182.6129735453,-2.90747321929,
    -22.12115759682));
#4828 = CARTESIAN_POINT('',(-182.6562038055,-2.889084006516,
    -22.11354714957));
#4829 = CARTESIAN_POINT('',(-182.6985836759,-2.868715513498,
    -22.10637985499));
#4830 = CARTESIAN_POINT('',(-182.7399208752,-2.846438174759,
    -22.09966670993));
#4831 = CARTESIAN_POINT('',(-182.7800366544,-2.822348847452,
    -22.09340846248));
#4832 = CARTESIAN_POINT('',(-182.8187708058,-2.796566322911,
    -22.0875976135));
#4833 = CARTESIAN_POINT('',(-182.8892286549,-2.744806644139,
    -22.07741739598));
#4834 = CARTESIAN_POINT('',(-182.9212621702,-2.719142076576,
    -22.07295996881));
#4835 = CARTESIAN_POINT('',(-182.9519945502,-2.692325938368,
    -22.06883767549));
#4836 = CARTESIAN_POINT('',(-182.9813542696,-2.664454820049,
    -22.06503565954));
#4837 = CARTESIAN_POINT('',(-183.009288079,-2.635624257062,
    -22.06153661703));
#4838 = CARTESIAN_POINT('',(-183.0701527509,-2.567331880253,
    -22.054146709));
#4839 = CARTESIAN_POINT('',(-183.1020742552,-2.527273233832,
    -22.05045238086));
#4840 = CARTESIAN_POINT('',(-183.1314445057,-2.48594002222,
    -22.04719967889));
#4841 = CARTESIAN_POINT('',(-183.1582198398,-2.443513684574,
    -22.0443484936));
#4842 = CARTESIAN_POINT('',(-183.1823806565,-2.400158447148,
    -22.04186157221));
#4843 = CARTESIAN_POINT('',(-183.2393515031,-2.283405224373,
    -22.03616413153));
#4844 = CARTESIAN_POINT('',(-183.2676814472,-2.20868463626,
    -22.03352209511));
#4845 = CARTESIAN_POINT('',(-183.2889027115,-2.132458497259,
    -22.0316380515));
#4846 = CARTESIAN_POINT('',(-183.3030275794,-2.05528202972,
    -22.03041531877));
#4847 = CARTESIAN_POINT('',(-183.3100938584,-1.977652736281,
    -22.02980367143));
#4848 = CARTESIAN_POINT('',(-183.3100938584,-1.9,-22.02980367143));
#4849 = PCURVE('',#3468,#4850);
#4850 = DEFINITIONAL_REPRESENTATION('',(#4851),#4874);
#4851 = B_SPLINE_CURVE_WITH_KNOTS('',6,(#4852,#4853,#4854,#4855,#4856,
    #4857,#4858,#4859,#4860,#4861,#4862,#4863,#4864,#4865,#4866,#4867,
    #4868,#4869,#4870,#4871,#4872,#4873),.UNSPECIFIED.,.F.,.F.,(7,5,5,5,
    7),(0.,0.201494687443,0.381473915944,0.615334961795,1.),
  .UNSPECIFIED.);
#4852 = CARTESIAN_POINT('',(-8.028240531766,6.40747321929));
#4853 = CARTESIAN_POINT('',(-8.022753652098,6.389084006516));
#4854 = CARTESIAN_POINT('',(-8.017381066139,6.368715513498));
#4855 = CARTESIAN_POINT('',(-8.012146382636,6.346438174759));
#4856 = CARTESIAN_POINT('',(-8.007071394149,6.322348847452));
#4857 = CARTESIAN_POINT('',(-8.002175516002,6.296566322911));
#4858 = CARTESIAN_POINT('',(-7.993276828138,6.244806644139));
#4859 = CARTESIAN_POINT('',(-7.989234114766,6.219142076576));
#4860 = CARTESIAN_POINT('',(-7.985358228265,6.192325938368));
#4861 = CARTESIAN_POINT('',(-7.981657670364,6.164454820049));
#4862 = CARTESIAN_POINT('',(-7.978138682293,6.135624257062));
#4863 = CARTESIAN_POINT('',(-7.970474725423,6.067331880253));
#4864 = CARTESIAN_POINT('',(-7.966457967411,6.027273233832));
#4865 = CARTESIAN_POINT('',(-7.962764298672,5.98594002222));
#4866 = CARTESIAN_POINT('',(-7.959398493155,5.943513684574));
#4867 = CARTESIAN_POINT('',(-7.956362446985,5.900158447148));
#4868 = CARTESIAN_POINT('',(-7.949205568525,5.783405224373));
#4869 = CARTESIAN_POINT('',(-7.945649038604,5.70868463626));
#4870 = CARTESIAN_POINT('',(-7.942985953049,5.632458497259));
#4871 = CARTESIAN_POINT('',(-7.941213741565,5.55528202972));
#4872 = CARTESIAN_POINT('',(-7.940327153888,5.477652736281));
#4873 = CARTESIAN_POINT('',(-7.940327153888,5.4));
#4874 = ( GEOMETRIC_REPRESENTATION_CONTEXT(2) 
PARAMETRIC_REPRESENTATION_CONTEXT() REPRESENTATION_CONTEXT('2D SPACE',''
  ) );
#4875 = PCURVE('',#4279,#4876);
#4876 = DEFINITIONAL_REPRESENTATION('',(#4877),#4900);
#4877 = B_SPLINE_CURVE_WITH_KNOTS('',6,(#4878,#4879,#4880,#4881,#4882,
    #4883,#4884,#4885,#4886,#4887,#4888,#4889,#4890,#4891,#4892,#4893,
    #4894,#4895,#4896,#4897,#4898,#4899),.UNSPECIFIED.,.F.,.F.,(7,5,5,5,
    7),(0.,0.201494687443,0.381473915944,0.615334961795,1.),
  .UNSPECIFIED.);
#4878 = CARTESIAN_POINT('',(0.,-0.681129333866));
#4879 = CARTESIAN_POINT('',(-3.321614063383E-02,-0.666334870474));
#4880 = CARTESIAN_POINT('',(-6.486348739908E-02,-0.650160752708));
#4881 = CARTESIAN_POINT('',(-9.481336978148E-02,-0.632733079484));
#4882 = CARTESIAN_POINT('',(-0.123008748205,-0.614190789354));
#4883 = CARTESIAN_POINT('',(-0.149444062702,-0.594675823213));
#4884 = CARTESIAN_POINT('',(-0.196208543304,-0.556143980092));
#4885 = CARTESIAN_POINT('',(-0.216890071186,-0.537294897475));
#4886 = CARTESIAN_POINT('',(-0.236211675833,-0.517869971503));
#4887 = CARTESIAN_POINT('',(-0.25421699552,-0.497954414381));
#4888 = CARTESIAN_POINT('',(-0.270960950805,-0.477622963187));
#4889 = CARTESIAN_POINT('',(-0.306689716673,-0.430060701526));
#4890 = CARTESIAN_POINT('',(-0.324843630514,-0.40258806216));
#4891 = CARTESIAN_POINT('',(-0.341089444656,-0.374654268045));
#4892 = CARTESIAN_POINT('',(-0.355553274428,-0.346364830052));
#4893 = CARTESIAN_POINT('',(-0.368350085451,-0.317799663505));
#4894 = CARTESIAN_POINT('',(-0.398037530957,-0.241671465216));
#4895 = CARTESIAN_POINT('',(-0.412241735092,-0.193750190856));
#4896 = CARTESIAN_POINT('',(-0.422624531104,-0.145492415769));
#4897 = CARTESIAN_POINT('',(-0.42945096472,-9.705124217719E-02));
#4898 = CARTESIAN_POINT('',(-0.432865825058,-4.853296017556E-02));
#4899 = CARTESIAN_POINT('',(-0.432865825058,1.110223024625E-16));
#4900 = ( GEOMETRIC_REPRESENTATION_CONTEXT(2) 
PARAMETRIC_REPRESENTATION_CONTEXT() REPRESENTATION_CONTEXT('2D SPACE',''
  ) );
#4901 = ORIENTED_EDGE('',*,*,#4291,.T.);
#4902 = ADVANCED_FACE('',(#4903),#3435,.T.);
#4903 = FACE_BOUND('',#4904,.T.);
#4904 = EDGE_LOOP('',(#4905,#4938,#4939,#4940));
#4905 = ORIENTED_EDGE('',*,*,#4906,.F.);
#4906 = EDGE_CURVE('',#3392,#4907,#4909,.T.);
#4907 = VERTEX_POINT('',#4908);
#4908 = CARTESIAN_POINT('',(-12.,-1.9,-9.95652173913));
#4909 = SURFACE_CURVE('',#4910,(#4915,#4927),.PCURVE_S1.);
#4910 = ELLIPSE('',#4911,1.621127055495,1.6);
#4911 = AXIS2_PLACEMENT_3D('',#4912,#4913,#4914);
#4912 = CARTESIAN_POINT('',(-12.,-1.9,-8.335394683636));
#4913 = DIRECTION('',(1.,0.,-0.));
#4914 = DIRECTION('',(-0.,-1.110223024625E-16,-1.));
#4915 = PCURVE('',#3435,#4916);
#4916 = DEFINITIONAL_REPRESENTATION('',(#4917),#4926);
#4917 = B_SPLINE_CURVE_WITH_KNOTS('',7,(#4918,#4919,#4920,#4921,#4922,
    #4923,#4924,#4925),.UNSPECIFIED.,.F.,.F.,(8,8),(4.712388980385,
    6.28318530718),.PIECEWISE_BEZIER_KNOTS.);
#4918 = CARTESIAN_POINT('',(1.570796326795,11.897583350992));
#4919 = CARTESIAN_POINT('',(1.346396851538,11.956122344538));
#4920 = CARTESIAN_POINT('',(1.121997376282,12.01466110038));
#4921 = CARTESIAN_POINT('',(0.897597901026,12.068386870759));
#4922 = CARTESIAN_POINT('',(0.67319842577,12.11247791742));
#4923 = CARTESIAN_POINT('',(0.448798950513,12.143127175528));
#4924 = CARTESIAN_POINT('',(0.224399475256,12.15845291621));
#4925 = CARTESIAN_POINT('',(2.775557561563E-16,12.15845291621));
#4926 = ( GEOMETRIC_REPRESENTATION_CONTEXT(2) 
PARAMETRIC_REPRESENTATION_CONTEXT() REPRESENTATION_CONTEXT('2D SPACE',''
  ) );
#4927 = PCURVE('',#3407,#4928);
#4928 = DEFINITIONAL_REPRESENTATION('',(#4929),#4937);
#4929 = ( BOUNDED_CURVE() B_SPLINE_CURVE(2,(#4930,#4931,#4932,#4933,
#4934,#4935,#4936),.UNSPECIFIED.,.T.,.F.) B_SPLINE_CURVE_WITH_KNOTS((1,2
    ,2,2,2,1),(-2.094395102393,0.,2.094395102393,4.188790204786,
6.28318530718,8.377580409573),.UNSPECIFIED.) CURVE() 
GEOMETRIC_REPRESENTATION_ITEM() RATIONAL_B_SPLINE_CURVE((1.,0.5,1.,0.5,
1.,0.5,1.)) REPRESENTATION_ITEM('') );
#4930 = CARTESIAN_POINT('',(-2.04347826087,-1.6));
#4931 = CARTESIAN_POINT('',(-2.04347826087,-4.37128129211));
#4932 = CARTESIAN_POINT('',(-4.475168844112,-2.985640646055));
#4933 = CARTESIAN_POINT('',(-6.906859427353,-1.6));
#4934 = CARTESIAN_POINT('',(-4.475168844112,-0.214359353945));
#4935 = CARTESIAN_POINT('',(-2.04347826087,1.17128129211));
#4936 = CARTESIAN_POINT('',(-2.04347826087,-1.6));
#4937 = ( GEOMETRIC_REPRESENTATION_CONTEXT(2) 
PARAMETRIC_REPRESENTATION_CONTEXT() REPRESENTATION_CONTEXT('2D SPACE',''
  ) );
#4938 = ORIENTED_EDGE('',*,*,#3419,.T.);
#4939 = ORIENTED_EDGE('',*,*,#4372,.F.);
#4940 = ORIENTED_EDGE('',*,*,#4941,.F.);
#4941 = EDGE_CURVE('',#4907,#4373,#4942,.T.);
#4942 = SURFACE_CURVE('',#4943,(#4947,#4954),.PCURVE_S1.);
#4943 = LINE('',#4944,#4945);
#4944 = CARTESIAN_POINT('',(1.998401444325E-15,-1.9,-8.));
#4945 = VECTOR('',#4946,1.);
#4946 = DIRECTION('',(-0.986967674481,-1.78655582082E-17,-0.160918642578
    ));
#4947 = PCURVE('',#3435,#4948);
#4948 = DEFINITIONAL_REPRESENTATION('',(#4949),#4953);
#4949 = LINE('',#4950,#4951);
#4950 = CARTESIAN_POINT('',(0.,0.));
#4951 = VECTOR('',#4952,1.);
#4952 = DIRECTION('',(0.,1.));
#4953 = ( GEOMETRIC_REPRESENTATION_CONTEXT(2) 
PARAMETRIC_REPRESENTATION_CONTEXT() REPRESENTATION_CONTEXT('2D SPACE',''
  ) );
#4954 = PCURVE('',#4513,#4955);
#4955 = DEFINITIONAL_REPRESENTATION('',(#4956),#4960);
#4956 = LINE('',#4957,#4958);
#4957 = CARTESIAN_POINT('',(1.921283801132E-15,1.9));
#4958 = VECTOR('',#4959,1.);
#4959 = DIRECTION('',(-1.,0.));
#4960 = ( GEOMETRIC_REPRESENTATION_CONTEXT(2) 
PARAMETRIC_REPRESENTATION_CONTEXT() REPRESENTATION_CONTEXT('2D SPACE',''
  ) );
#4961 = ADVANCED_FACE('',(#4962),#3407,.T.);
#4962 = FACE_BOUND('',#4963,.F.);
#4963 = EDGE_LOOP('',(#4964,#4965,#4988,#5011,#5044,#5065));
#4964 = ORIENTED_EDGE('',*,*,#3391,.F.);
#4965 = ORIENTED_EDGE('',*,*,#4966,.T.);
#4966 = EDGE_CURVE('',#3364,#4967,#4969,.T.);
#4967 = VERTEX_POINT('',#4968);
#4968 = CARTESIAN_POINT('',(-12.,3.5,-12.));
#4969 = SURFACE_CURVE('',#4970,(#4974,#4981),.PCURVE_S1.);
#4970 = LINE('',#4971,#4972);
#4971 = CARTESIAN_POINT('',(-12.,-3.5,-12.));
#4972 = VECTOR('',#4973,1.);
#4973 = DIRECTION('',(-0.,1.,-0.));
#4974 = PCURVE('',#3407,#4975);
#4975 = DEFINITIONAL_REPRESENTATION('',(#4976),#4980);
#4976 = LINE('',#4977,#4978);
#4977 = CARTESIAN_POINT('',(-0.,-0.));
#4978 = VECTOR('',#4979,1.);
#4979 = DIRECTION('',(-0.,-1.));
#4980 = ( GEOMETRIC_REPRESENTATION_CONTEXT(2) 
PARAMETRIC_REPRESENTATION_CONTEXT() REPRESENTATION_CONTEXT('2D SPACE',''
  ) );
#4981 = PCURVE('',#3379,#4982);
#4982 = DEFINITIONAL_REPRESENTATION('',(#4983),#4987);
#4983 = LINE('',#4984,#4985);
#4984 = CARTESIAN_POINT('',(-8.,0.));
#4985 = VECTOR('',#4986,1.);
#4986 = DIRECTION('',(-0.,1.));
#4987 = ( GEOMETRIC_REPRESENTATION_CONTEXT(2) 
PARAMETRIC_REPRESENTATION_CONTEXT() REPRESENTATION_CONTEXT('2D SPACE',''
  ) );
#4988 = ORIENTED_EDGE('',*,*,#4989,.T.);
#4989 = EDGE_CURVE('',#4967,#4990,#4992,.T.);
#4990 = VERTEX_POINT('',#4991);
#4991 = CARTESIAN_POINT('',(-12.,3.5,-8.335394683636));
#4992 = SURFACE_CURVE('',#4993,(#4997,#5004),.PCURVE_S1.);
#4993 = LINE('',#4994,#4995);
#4994 = CARTESIAN_POINT('',(-12.,3.5,-12.));
#4995 = VECTOR('',#4996,1.);
#4996 = DIRECTION('',(-0.,-0.,1.));
#4997 = PCURVE('',#3407,#4998);
#4998 = DEFINITIONAL_REPRESENTATION('',(#4999),#5003);
#4999 = LINE('',#5000,#5001);
#5000 = CARTESIAN_POINT('',(-0.,-7.));
#5001 = VECTOR('',#5002,1.);
#5002 = DIRECTION('',(-1.,-0.));
#5003 = ( GEOMETRIC_REPRESENTATION_CONTEXT(2) 
PARAMETRIC_REPRESENTATION_CONTEXT() REPRESENTATION_CONTEXT('2D SPACE',''
  ) );
#5004 = PCURVE('',#4020,#5005);
#5005 = DEFINITIONAL_REPRESENTATION('',(#5006),#5010);
#5006 = LINE('',#5007,#5008);
#5007 = CARTESIAN_POINT('',(-12.,-12.));
#5008 = VECTOR('',#5009,1.);
#5009 = DIRECTION('',(0.,1.));
#5010 = ( GEOMETRIC_REPRESENTATION_CONTEXT(2) 
PARAMETRIC_REPRESENTATION_CONTEXT() REPRESENTATION_CONTEXT('2D SPACE',''
  ) );
#5011 = ORIENTED_EDGE('',*,*,#5012,.F.);
#5012 = EDGE_CURVE('',#5013,#4990,#5015,.T.);
#5013 = VERTEX_POINT('',#5014);
#5014 = CARTESIAN_POINT('',(-12.,1.9,-9.95652173913));
#5015 = SURFACE_CURVE('',#5016,(#5021,#5032),.PCURVE_S1.);
#5016 = ELLIPSE('',#5017,1.621127055495,1.6);
#5017 = AXIS2_PLACEMENT_3D('',#5018,#5019,#5020);
#5018 = CARTESIAN_POINT('',(-12.,1.9,-8.335394683636));
#5019 = DIRECTION('',(1.,0.,-0.));
#5020 = DIRECTION('',(-0.,-1.110223024625E-16,-1.));
#5021 = PCURVE('',#3407,#5022);
#5022 = DEFINITIONAL_REPRESENTATION('',(#5023),#5031);
#5023 = ( BOUNDED_CURVE() B_SPLINE_CURVE(2,(#5024,#5025,#5026,#5027,
#5028,#5029,#5030),.UNSPECIFIED.,.T.,.F.) B_SPLINE_CURVE_WITH_KNOTS((1,2
    ,2,2,2,1),(-2.094395102393,0.,2.094395102393,4.188790204786,
6.28318530718,8.377580409573),.UNSPECIFIED.) CURVE() 
GEOMETRIC_REPRESENTATION_ITEM() RATIONAL_B_SPLINE_CURVE((1.,0.5,1.,0.5,
1.,0.5,1.)) REPRESENTATION_ITEM('') );
#5024 = CARTESIAN_POINT('',(-2.04347826087,-5.4));
#5025 = CARTESIAN_POINT('',(-2.04347826087,-8.17128129211));
#5026 = CARTESIAN_POINT('',(-4.475168844112,-6.785640646055));
#5027 = CARTESIAN_POINT('',(-6.906859427353,-5.4));
#5028 = CARTESIAN_POINT('',(-4.475168844112,-4.014359353945));
#5029 = CARTESIAN_POINT('',(-2.04347826087,-2.62871870789));
#5030 = CARTESIAN_POINT('',(-2.04347826087,-5.4));
#5031 = ( GEOMETRIC_REPRESENTATION_CONTEXT(2) 
PARAMETRIC_REPRESENTATION_CONTEXT() REPRESENTATION_CONTEXT('2D SPACE',''
  ) );
#5032 = PCURVE('',#4609,#5033);
#5033 = DEFINITIONAL_REPRESENTATION('',(#5034),#5043);
#5034 = B_SPLINE_CURVE_WITH_KNOTS('',7,(#5035,#5036,#5037,#5038,#5039,
    #5040,#5041,#5042),.UNSPECIFIED.,.F.,.F.,(8,8),(0.,1.570796326795),
  .PIECEWISE_BEZIER_KNOTS.);
#5035 = CARTESIAN_POINT('',(0.,12.15845291621));
#5036 = CARTESIAN_POINT('',(-0.224399475256,12.15845291621));
#5037 = CARTESIAN_POINT('',(-0.448798950513,12.143127175529));
#5038 = CARTESIAN_POINT('',(-0.673198425769,12.112477917413));
#5039 = CARTESIAN_POINT('',(-0.897597901026,12.068386870763));
#5040 = CARTESIAN_POINT('',(-1.121997376282,12.014661100379));
#5041 = CARTESIAN_POINT('',(-1.346396851538,11.956122344538));
#5042 = CARTESIAN_POINT('',(-1.570796326795,11.897583350992));
#5043 = ( GEOMETRIC_REPRESENTATION_CONTEXT(2) 
PARAMETRIC_REPRESENTATION_CONTEXT() REPRESENTATION_CONTEXT('2D SPACE',''
  ) );
#5044 = ORIENTED_EDGE('',*,*,#5045,.T.);
#5045 = EDGE_CURVE('',#5013,#4907,#5046,.T.);
#5046 = SURFACE_CURVE('',#5047,(#5051,#5058),.PCURVE_S1.);
#5047 = LINE('',#5048,#5049);
#5048 = CARTESIAN_POINT('',(-12.,-1.75,-9.95652173913));
#5049 = VECTOR('',#5050,1.);
#5050 = DIRECTION('',(-0.,-1.,1.110223024625E-16));
#5051 = PCURVE('',#3407,#5052);
#5052 = DEFINITIONAL_REPRESENTATION('',(#5053),#5057);
#5053 = LINE('',#5054,#5055);
#5054 = CARTESIAN_POINT('',(-2.04347826087,-1.75));
#5055 = VECTOR('',#5056,1.);
#5056 = DIRECTION('',(-1.110223024625E-16,1.));
#5057 = ( GEOMETRIC_REPRESENTATION_CONTEXT(2) 
PARAMETRIC_REPRESENTATION_CONTEXT() REPRESENTATION_CONTEXT('2D SPACE',''
  ) );
#5058 = PCURVE('',#4513,#5059);
#5059 = DEFINITIONAL_REPRESENTATION('',(#5060),#5064);
#5060 = LINE('',#5061,#5062);
#5061 = CARTESIAN_POINT('',(-12.15845291621,1.75));
#5062 = VECTOR('',#5063,1.);
#5063 = DIRECTION('',(0.,1.));
#5064 = ( GEOMETRIC_REPRESENTATION_CONTEXT(2) 
PARAMETRIC_REPRESENTATION_CONTEXT() REPRESENTATION_CONTEXT('2D SPACE',''
  ) );
#5065 = ORIENTED_EDGE('',*,*,#4906,.F.);
#5066 = ADVANCED_FACE('',(#5067),#3379,.F.);
#5067 = FACE_BOUND('',#5068,.T.);
#5068 = EDGE_LOOP('',(#5069,#5092,#5093,#5094));
#5069 = ORIENTED_EDGE('',*,*,#5070,.F.);
#5070 = EDGE_CURVE('',#3336,#5071,#5073,.T.);
#5071 = VERTEX_POINT('',#5072);
#5072 = CARTESIAN_POINT('',(-4.,3.5,-12.));
#5073 = SURFACE_CURVE('',#5074,(#5078,#5085),.PCURVE_S1.);
#5074 = LINE('',#5075,#5076);
#5075 = CARTESIAN_POINT('',(-4.,-3.5,-12.));
#5076 = VECTOR('',#5077,1.);
#5077 = DIRECTION('',(-0.,1.,-0.));
#5078 = PCURVE('',#3379,#5079);
#5079 = DEFINITIONAL_REPRESENTATION('',(#5080),#5084);
#5080 = LINE('',#5081,#5082);
#5081 = CARTESIAN_POINT('',(0.,-0.));
#5082 = VECTOR('',#5083,1.);
#5083 = DIRECTION('',(-0.,1.));
#5084 = ( GEOMETRIC_REPRESENTATION_CONTEXT(2) 
PARAMETRIC_REPRESENTATION_CONTEXT() REPRESENTATION_CONTEXT('2D SPACE',''
  ) );
#5085 = PCURVE('',#3351,#5086);
#5086 = DEFINITIONAL_REPRESENTATION('',(#5087),#5091);
#5087 = LINE('',#5088,#5089);
#5088 = CARTESIAN_POINT('',(-0.,-0.));
#5089 = VECTOR('',#5090,1.);
#5090 = DIRECTION('',(-0.,-1.));
#5091 = ( GEOMETRIC_REPRESENTATION_CONTEXT(2) 
PARAMETRIC_REPRESENTATION_CONTEXT() REPRESENTATION_CONTEXT('2D SPACE',''
  ) );
#5092 = ORIENTED_EDGE('',*,*,#3363,.T.);
#5093 = ORIENTED_EDGE('',*,*,#4966,.T.);
#5094 = ORIENTED_EDGE('',*,*,#5095,.F.);
#5095 = EDGE_CURVE('',#5071,#4967,#5096,.T.);
#5096 = SURFACE_CURVE('',#5097,(#5101,#5108),.PCURVE_S1.);
#5097 = LINE('',#5098,#5099);
#5098 = CARTESIAN_POINT('',(-4.,3.5,-12.));
#5099 = VECTOR('',#5100,1.);
#5100 = DIRECTION('',(-1.,-0.,-0.));
#5101 = PCURVE('',#3379,#5102);
#5102 = DEFINITIONAL_REPRESENTATION('',(#5103),#5107);
#5103 = LINE('',#5104,#5105);
#5104 = CARTESIAN_POINT('',(0.,7.));
#5105 = VECTOR('',#5106,1.);
#5106 = DIRECTION('',(-1.,0.));
#5107 = ( GEOMETRIC_REPRESENTATION_CONTEXT(2) 
PARAMETRIC_REPRESENTATION_CONTEXT() REPRESENTATION_CONTEXT('2D SPACE',''
  ) );
#5108 = PCURVE('',#4020,#5109);
#5109 = DEFINITIONAL_REPRESENTATION('',(#5110),#5114);
#5110 = LINE('',#5111,#5112);
#5111 = CARTESIAN_POINT('',(-4.,-12.));
#5112 = VECTOR('',#5113,1.);
#5113 = DIRECTION('',(-1.,0.));
#5114 = ( GEOMETRIC_REPRESENTATION_CONTEXT(2) 
PARAMETRIC_REPRESENTATION_CONTEXT() REPRESENTATION_CONTEXT('2D SPACE',''
  ) );
#5115 = ADVANCED_FACE('',(#5116),#3351,.F.);
#5116 = FACE_BOUND('',#5117,.T.);
#5117 = EDGE_LOOP('',(#5118,#5119,#5120,#5143,#5166,#5204,#5232,#5270));
#5118 = ORIENTED_EDGE('',*,*,#3335,.F.);
#5119 = ORIENTED_EDGE('',*,*,#5070,.T.);
#5120 = ORIENTED_EDGE('',*,*,#5121,.T.);
#5121 = EDGE_CURVE('',#5071,#5122,#5124,.T.);
#5122 = VERTEX_POINT('',#5123);
#5123 = CARTESIAN_POINT('',(-4.,3.5,-8.616843969807));
#5124 = SURFACE_CURVE('',#5125,(#5129,#5136),.PCURVE_S1.);
#5125 = LINE('',#5126,#5127);
#5126 = CARTESIAN_POINT('',(-4.,3.5,-12.));
#5127 = VECTOR('',#5128,1.);
#5128 = DIRECTION('',(-0.,-0.,1.));
#5129 = PCURVE('',#3351,#5130);
#5130 = DEFINITIONAL_REPRESENTATION('',(#5131),#5135);
#5131 = LINE('',#5132,#5133);
#5132 = CARTESIAN_POINT('',(-0.,-7.));
#5133 = VECTOR('',#5134,1.);
#5134 = DIRECTION('',(-1.,-0.));
#5135 = ( GEOMETRIC_REPRESENTATION_CONTEXT(2) 
PARAMETRIC_REPRESENTATION_CONTEXT() REPRESENTATION_CONTEXT('2D SPACE',''
  ) );
#5136 = PCURVE('',#4020,#5137);
#5137 = DEFINITIONAL_REPRESENTATION('',(#5138),#5142);
#5138 = LINE('',#5139,#5140);
#5139 = CARTESIAN_POINT('',(-4.,-12.));
#5140 = VECTOR('',#5141,1.);
#5141 = DIRECTION('',(0.,1.));
#5142 = ( GEOMETRIC_REPRESENTATION_CONTEXT(2) 
PARAMETRIC_REPRESENTATION_CONTEXT() REPRESENTATION_CONTEXT('2D SPACE',''
  ) );
#5143 = ORIENTED_EDGE('',*,*,#5144,.T.);
#5144 = EDGE_CURVE('',#5122,#5145,#5147,.T.);
#5145 = VERTEX_POINT('',#5146);
#5146 = CARTESIAN_POINT('',(-3.99999999981,2.232214631503,
    -8.616843968434));
#5147 = SURFACE_CURVE('',#5148,(#5152,#5159),.PCURVE_S1.);
#5148 = LINE('',#5149,#5150);
#5149 = CARTESIAN_POINT('',(-4.,3.5,-8.616843969807));
#5150 = VECTOR('',#5151,1.);
#5151 = DIRECTION('',(-0.,-1.,2.22044604925E-16));
#5152 = PCURVE('',#3351,#5153);
#5153 = DEFINITIONAL_REPRESENTATION('',(#5154),#5158);
#5154 = LINE('',#5155,#5156);
#5155 = CARTESIAN_POINT('',(-3.383156030193,-7.));
#5156 = VECTOR('',#5157,1.);
#5157 = DIRECTION('',(-2.22044604925E-16,1.));
#5158 = ( GEOMETRIC_REPRESENTATION_CONTEXT(2) 
PARAMETRIC_REPRESENTATION_CONTEXT() REPRESENTATION_CONTEXT('2D SPACE',''
  ) );
#5159 = PCURVE('',#3323,#5160);
#5160 = DEFINITIONAL_REPRESENTATION('',(#5161),#5165);
#5161 = LINE('',#5162,#5163);
#5162 = CARTESIAN_POINT('',(-5.146994505992,-1.369668755762E-16));
#5163 = VECTOR('',#5164,1.);
#5164 = DIRECTION('',(-0.,1.));
#5165 = ( GEOMETRIC_REPRESENTATION_CONTEXT(2) 
PARAMETRIC_REPRESENTATION_CONTEXT() REPRESENTATION_CONTEXT('2D SPACE',''
  ) );
#5166 = ORIENTED_EDGE('',*,*,#5167,.F.);
#5167 = EDGE_CURVE('',#5168,#5145,#5170,.T.);
#5168 = VERTEX_POINT('',#5169);
#5169 = CARTESIAN_POINT('',(-4.,1.9,-8.652173913043));
#5170 = SURFACE_CURVE('',#5171,(#5176,#5187),.PCURVE_S1.);
#5171 = ELLIPSE('',#5172,1.621127055495,1.6);
#5172 = AXIS2_PLACEMENT_3D('',#5173,#5174,#5175);
#5173 = CARTESIAN_POINT('',(-4.,1.9,-7.031046857549));
#5174 = DIRECTION('',(1.,0.,-0.));
#5175 = DIRECTION('',(-0.,-1.110223024625E-16,-1.));
#5176 = PCURVE('',#3351,#5177);
#5177 = DEFINITIONAL_REPRESENTATION('',(#5178),#5186);
#5178 = ( BOUNDED_CURVE() B_SPLINE_CURVE(2,(#5179,#5180,#5181,#5182,
#5183,#5184,#5185),.UNSPECIFIED.,.T.,.F.) B_SPLINE_CURVE_WITH_KNOTS((1,2
    ,2,2,2,1),(-2.094395102393,0.,2.094395102393,4.188790204786,
6.28318530718,8.377580409573),.UNSPECIFIED.) CURVE() 
GEOMETRIC_REPRESENTATION_ITEM() RATIONAL_B_SPLINE_CURVE((1.,0.5,1.,0.5,
1.,0.5,1.)) REPRESENTATION_ITEM('') );
#5179 = CARTESIAN_POINT('',(-3.347826086957,-5.4));
#5180 = CARTESIAN_POINT('',(-3.347826086957,-8.17128129211));
#5181 = CARTESIAN_POINT('',(-5.779516670198,-6.785640646055));
#5182 = CARTESIAN_POINT('',(-8.21120725344,-5.4));
#5183 = CARTESIAN_POINT('',(-5.779516670198,-4.014359353945));
#5184 = CARTESIAN_POINT('',(-3.347826086957,-2.62871870789));
#5185 = CARTESIAN_POINT('',(-3.347826086957,-5.4));
#5186 = ( GEOMETRIC_REPRESENTATION_CONTEXT(2) 
PARAMETRIC_REPRESENTATION_CONTEXT() REPRESENTATION_CONTEXT('2D SPACE',''
  ) );
#5187 = PCURVE('',#5188,#5193);
#5188 = CYLINDRICAL_SURFACE('',#5189,1.6);
#5189 = AXIS2_PLACEMENT_3D('',#5190,#5191,#5192);
#5190 = CARTESIAN_POINT('',(-0.257469828126,1.9,-6.42085172083));
#5191 = DIRECTION('',(-0.986967674481,-1.78655582082E-17,-0.160918642578
    ));
#5192 = DIRECTION('',(0.160918642578,-1.09575423677E-16,-0.986967674481)
  );
#5193 = DEFINITIONAL_REPRESENTATION('',(#5194),#5203);
#5194 = B_SPLINE_CURVE_WITH_KNOTS('',7,(#5195,#5196,#5197,#5198,#5199,
    #5200,#5201,#5202),.UNSPECIFIED.,.F.,.F.,(8,8),(0.,1.559104723605),
  .PIECEWISE_BEZIER_KNOTS.);
#5195 = CARTESIAN_POINT('',(0.,4.052817638737));
#5196 = CARTESIAN_POINT('',(-0.222729246229,4.052817638737));
#5197 = CARTESIAN_POINT('',(-0.445458492459,4.037719201517));
#5198 = CARTESIAN_POINT('',(-0.668187738688,4.007524431365));
#5199 = CARTESIAN_POINT('',(-0.890916984917,3.964059876155));
#5200 = CARTESIAN_POINT('',(-1.113646231146,3.911019864952));
#5201 = CARTESIAN_POINT('',(-1.336375477376,3.853097297972));
#5202 = CARTESIAN_POINT('',(-1.559104723605,3.794997987475));
#5203 = ( GEOMETRIC_REPRESENTATION_CONTEXT(2) 
PARAMETRIC_REPRESENTATION_CONTEXT() REPRESENTATION_CONTEXT('2D SPACE',''
  ) );
#5204 = ORIENTED_EDGE('',*,*,#5205,.T.);
#5205 = EDGE_CURVE('',#5168,#5206,#5208,.T.);
#5206 = VERTEX_POINT('',#5207);
#5207 = CARTESIAN_POINT('',(-4.,-1.9,-8.652173913043));
#5208 = SURFACE_CURVE('',#5209,(#5213,#5220),.PCURVE_S1.);
#5209 = LINE('',#5210,#5211);
#5210 = CARTESIAN_POINT('',(-4.,-1.75,-8.652173913043));
#5211 = VECTOR('',#5212,1.);
#5212 = DIRECTION('',(-0.,-1.,1.110223024625E-16));
#5213 = PCURVE('',#3351,#5214);
#5214 = DEFINITIONAL_REPRESENTATION('',(#5215),#5219);
#5215 = LINE('',#5216,#5217);
#5216 = CARTESIAN_POINT('',(-3.347826086957,-1.75));
#5217 = VECTOR('',#5218,1.);
#5218 = DIRECTION('',(-1.110223024625E-16,1.));
#5219 = ( GEOMETRIC_REPRESENTATION_CONTEXT(2) 
PARAMETRIC_REPRESENTATION_CONTEXT() REPRESENTATION_CONTEXT('2D SPACE',''
  ) );
#5220 = PCURVE('',#5221,#5226);
#5221 = PLANE('',#5222);
#5222 = AXIS2_PLACEMENT_3D('',#5223,#5224,#5225);
#5223 = CARTESIAN_POINT('',(0.,-8.881784197001E-16,-8.));
#5224 = DIRECTION('',(0.160918642578,-1.09575423677E-16,-0.986967674481)
  );
#5225 = DIRECTION('',(0.986967674481,1.78655582082E-17,0.160918642578));
#5226 = DEFINITIONAL_REPRESENTATION('',(#5227),#5231);
#5227 = LINE('',#5228,#5229);
#5228 = CARTESIAN_POINT('',(-4.052817638737,1.75));
#5229 = VECTOR('',#5230,1.);
#5230 = DIRECTION('',(0.,1.));
#5231 = ( GEOMETRIC_REPRESENTATION_CONTEXT(2) 
PARAMETRIC_REPRESENTATION_CONTEXT() REPRESENTATION_CONTEXT('2D SPACE',''
  ) );
#5232 = ORIENTED_EDGE('',*,*,#5233,.F.);
#5233 = EDGE_CURVE('',#5234,#5206,#5236,.T.);
#5234 = VERTEX_POINT('',#5235);
#5235 = CARTESIAN_POINT('',(-3.99999999981,-2.232214631503,
    -8.616843968434));
#5236 = SURFACE_CURVE('',#5237,(#5242,#5253),.PCURVE_S1.);
#5237 = ELLIPSE('',#5238,1.621127055495,1.6);
#5238 = AXIS2_PLACEMENT_3D('',#5239,#5240,#5241);
#5239 = CARTESIAN_POINT('',(-4.,-1.9,-7.031046857549));
#5240 = DIRECTION('',(1.,0.,-0.));
#5241 = DIRECTION('',(-0.,-1.110223024625E-16,-1.));
#5242 = PCURVE('',#3351,#5243);
#5243 = DEFINITIONAL_REPRESENTATION('',(#5244),#5252);
#5244 = ( BOUNDED_CURVE() B_SPLINE_CURVE(2,(#5245,#5246,#5247,#5248,
#5249,#5250,#5251),.UNSPECIFIED.,.T.,.F.) B_SPLINE_CURVE_WITH_KNOTS((1,2
    ,2,2,2,1),(-2.094395102393,0.,2.094395102393,4.188790204786,
6.28318530718,8.377580409573),.UNSPECIFIED.) CURVE() 
GEOMETRIC_REPRESENTATION_ITEM() RATIONAL_B_SPLINE_CURVE((1.,0.5,1.,0.5,
1.,0.5,1.)) REPRESENTATION_ITEM('') );
#5245 = CARTESIAN_POINT('',(-3.347826086957,-1.6));
#5246 = CARTESIAN_POINT('',(-3.347826086957,-4.37128129211));
#5247 = CARTESIAN_POINT('',(-5.779516670198,-2.985640646055));
#5248 = CARTESIAN_POINT('',(-8.21120725344,-1.6));
#5249 = CARTESIAN_POINT('',(-5.779516670198,-0.214359353945));
#5250 = CARTESIAN_POINT('',(-3.347826086957,1.17128129211));
#5251 = CARTESIAN_POINT('',(-3.347826086957,-1.6));
#5252 = ( GEOMETRIC_REPRESENTATION_CONTEXT(2) 
PARAMETRIC_REPRESENTATION_CONTEXT() REPRESENTATION_CONTEXT('2D SPACE',''
  ) );
#5253 = PCURVE('',#5254,#5259);
#5254 = CYLINDRICAL_SURFACE('',#5255,1.6);
#5255 = AXIS2_PLACEMENT_3D('',#5256,#5257,#5258);
#5256 = CARTESIAN_POINT('',(-0.257469828126,-1.9,-6.42085172083));
#5257 = DIRECTION('',(-0.986967674481,-1.78655582082E-17,-0.160918642578
    ));
#5258 = DIRECTION('',(0.160918642578,-1.09575423677E-16,-0.986967674481)
  );
#5259 = DEFINITIONAL_REPRESENTATION('',(#5260),#5269);
#5260 = B_SPLINE_CURVE_WITH_KNOTS('',7,(#5261,#5262,#5263,#5264,#5265,
    #5266,#5267,#5268),.UNSPECIFIED.,.F.,.F.,(8,8),(4.724080583575,
    6.28318530718),.PIECEWISE_BEZIER_KNOTS.);
#5261 = CARTESIAN_POINT('',(1.559104723605,3.794997987475));
#5262 = CARTESIAN_POINT('',(1.336375477376,3.853097297972));
#5263 = CARTESIAN_POINT('',(1.113646231146,3.911019864953));
#5264 = CARTESIAN_POINT('',(0.890916984917,3.964059876152));
#5265 = CARTESIAN_POINT('',(0.668187738688,4.007524431368));
#5266 = CARTESIAN_POINT('',(0.445458492458,4.037719201516));
#5267 = CARTESIAN_POINT('',(0.222729246229,4.052817638737));
#5268 = CARTESIAN_POINT('',(2.775557561563E-16,4.052817638737));
#5269 = ( GEOMETRIC_REPRESENTATION_CONTEXT(2) 
PARAMETRIC_REPRESENTATION_CONTEXT() REPRESENTATION_CONTEXT('2D SPACE',''
  ) );
#5270 = ORIENTED_EDGE('',*,*,#5271,.T.);
#5271 = EDGE_CURVE('',#5234,#3303,#5272,.T.);
#5272 = SURFACE_CURVE('',#5273,(#5277,#5284),.PCURVE_S1.);
#5273 = LINE('',#5274,#5275);
#5274 = CARTESIAN_POINT('',(-4.,3.5,-8.616843969807));
#5275 = VECTOR('',#5276,1.);
#5276 = DIRECTION('',(-0.,-1.,2.22044604925E-16));
#5277 = PCURVE('',#3351,#5278);
#5278 = DEFINITIONAL_REPRESENTATION('',(#5279),#5283);
#5279 = LINE('',#5280,#5281);
#5280 = CARTESIAN_POINT('',(-3.383156030193,-7.));
#5281 = VECTOR('',#5282,1.);
#5282 = DIRECTION('',(-2.22044604925E-16,1.));
#5283 = ( GEOMETRIC_REPRESENTATION_CONTEXT(2) 
PARAMETRIC_REPRESENTATION_CONTEXT() REPRESENTATION_CONTEXT('2D SPACE',''
  ) );
#5284 = PCURVE('',#3323,#5285);
#5285 = DEFINITIONAL_REPRESENTATION('',(#5286),#5290);
#5286 = LINE('',#5287,#5288);
#5287 = CARTESIAN_POINT('',(-5.146994505992,-1.369668755762E-16));
#5288 = VECTOR('',#5289,1.);
#5289 = DIRECTION('',(-0.,1.));
#5290 = ( GEOMETRIC_REPRESENTATION_CONTEXT(2) 
PARAMETRIC_REPRESENTATION_CONTEXT() REPRESENTATION_CONTEXT('2D SPACE',''
  ) );
#5291 = ADVANCED_FACE('',(#5292),#3323,.T.);
#5292 = FACE_BOUND('',#5293,.F.);
#5293 = EDGE_LOOP('',(#5294,#5295,#5296,#5406,#5434,#5549,#5605,#5631,
    #5632,#5742,#5765,#5873));
#5294 = ORIENTED_EDGE('',*,*,#3302,.F.);
#5295 = ORIENTED_EDGE('',*,*,#3792,.T.);
#5296 = ORIENTED_EDGE('',*,*,#5297,.F.);
#5297 = EDGE_CURVE('',#5298,#3793,#5300,.T.);
#5298 = VERTEX_POINT('',#5299);
#5299 = CARTESIAN_POINT('',(-0.774575366457,-1.9,9.468370134383));
#5300 = SURFACE_CURVE('',#5301,(#5334,#5370),.PCURVE_S1.);
#5301 = B_SPLINE_CURVE_WITH_KNOTS('',7,(#5302,#5303,#5304,#5305,#5306,
    #5307,#5308,#5309,#5310,#5311,#5312,#5313,#5314,#5315,#5316,#5317,
    #5318,#5319,#5320,#5321,#5322,#5323,#5324,#5325,#5326,#5327,#5328,
    #5329,#5330,#5331,#5332,#5333),.UNSPECIFIED.,.F.,.F.,(8,6,6,6,6,8),(
    0.,0.483952392849,0.607545797126,0.680121997615,0.859560768468,1.),
  .UNSPECIFIED.);
#5302 = CARTESIAN_POINT('',(-0.774575366457,-1.9,9.468370134383));
#5303 = CARTESIAN_POINT('',(-0.774575366457,-2.000444274975,
    9.468370134383));
#5304 = CARTESIAN_POINT('',(-0.787128818125,-2.100642864897,
    9.467343306523));
#5305 = CARTESIAN_POINT('',(-0.812132280253,-2.199858489615,
    9.465297301179));
#5306 = CARTESIAN_POINT('',(-0.849811350673,-2.296943225477,
    9.462110701665));
#5307 = CARTESIAN_POINT('',(-0.900282315762,-2.390433095288,
    9.457561477352));
#5308 = CARTESIAN_POINT('',(-0.963397938642,-2.478615282051,
    9.451328407186));
#5309 = CARTESIAN_POINT('',(-1.057974013094,-2.580307370673,
    9.440925041086));
#5310 = CARTESIAN_POINT('',(-1.078000415941,-2.600515416711,
    9.438675846617));
#5311 = CARTESIAN_POINT('',(-1.098800344293,-2.62020897041,
    9.436288432387));
#5312 = CARTESIAN_POINT('',(-1.120356867675,-2.639351314157,
    9.433757539549));
#5313 = CARTESIAN_POINT('',(-1.142648893643,-2.657904941665,
    9.431078265327));
#5314 = CARTESIAN_POINT('',(-1.165650726235,-2.675832230848,
    9.428246289668));
#5315 = CARTESIAN_POINT('',(-1.203237460464,-2.703233771279,
    9.423503385952));
#5316 = CARTESIAN_POINT('',(-1.217377473878,-2.713142708024,
    9.421694811002));
#5317 = CARTESIAN_POINT('',(-1.231745391567,-2.722815328773,
    9.419831657042));
#5318 = CARTESIAN_POINT('',(-1.246334418794,-2.732244246528,
    9.417913317806));
#5319 = CARTESIAN_POINT('',(-1.261137239187,-2.741422285455,
    9.415939300756));
#5320 = CARTESIAN_POINT('',(-1.276146014738,-2.750342480881,
    9.413909227087));
#5321 = CARTESIAN_POINT('',(-1.32894890526,-2.78039834454,9.406664388348
    ));
#5322 = CARTESIAN_POINT('',(-1.367759154944,-2.800184531548,
    9.401160924159));
#5323 = CARTESIAN_POINT('',(-1.407647769165,-2.818249471495,
    9.395309771861));
#5324 = CARTESIAN_POINT('',(-1.448473155948,-2.834506579442,
    9.389112007681));
#5325 = CARTESIAN_POINT('',(-1.490089284131,-2.848888122957,
    9.38257286273));
#5326 = CARTESIAN_POINT('',(-1.532347470447,-2.861343490739,
    9.375702134375));
#5327 = CARTESIAN_POINT('',(-1.608557350998,-2.880050653647,
    9.362889212766));
#5328 = CARTESIAN_POINT('',(-1.642322017532,-2.887063271551,
    9.357069108176));
#5329 = CARTESIAN_POINT('',(-1.676323948564,-2.892859270317,
    9.351060698964));
#5330 = CARTESIAN_POINT('',(-1.710500085635,-2.897428371817,
    9.344871135875));
#5331 = CARTESIAN_POINT('',(-1.744791167816,-2.900764680933,
    9.33850846606));
#5332 = CARTESIAN_POINT('',(-1.77914037004,-2.902865302075,
    9.331981793877));
#5333 = CARTESIAN_POINT('',(-1.813491941434,-2.903728955691,
    9.325301441688));
#5334 = PCURVE('',#3323,#5335);
#5335 = DEFINITIONAL_REPRESENTATION('',(#5336),#5369);
#5336 = B_SPLINE_CURVE_WITH_KNOTS('',7,(#5337,#5338,#5339,#5340,#5341,
    #5342,#5343,#5344,#5345,#5346,#5347,#5348,#5349,#5350,#5351,#5352,
    #5353,#5354,#5355,#5356,#5357,#5358,#5359,#5360,#5361,#5362,#5363,
    #5364,#5365,#5366,#5367,#5368),.UNSPECIFIED.,.F.,.F.,(8,6,6,6,6,8),(
    0.,0.483952392849,0.607545797126,0.680121997615,0.859560768468,1.),
  .UNSPECIFIED.);
#5337 = CARTESIAN_POINT('',(-1.489171468683,5.4));
#5338 = CARTESIAN_POINT('',(-1.489171468683,5.500444274975));
#5339 = CARTESIAN_POINT('',(-1.487845638368,5.600642864897));
#5340 = CARTESIAN_POINT('',(-1.485204902762,5.699858489615));
#5341 = CARTESIAN_POINT('',(-1.481224530715,5.796943225477));
#5342 = CARTESIAN_POINT('',(-1.475890458396,5.890433095288));
#5343 = CARTESIAN_POINT('',(-1.469214803091,5.978615282051));
#5344 = CARTESIAN_POINT('',(-1.459199377932,6.080307370673));
#5345 = CARTESIAN_POINT('',(-1.457078087404,6.100515416711));
#5346 = CARTESIAN_POINT('',(-1.454874256768,6.12020897041));
#5347 = CARTESIAN_POINT('',(-1.452589577889,6.139351314157));
#5348 = CARTESIAN_POINT('',(-1.450226176359,6.157904941665));
#5349 = CARTESIAN_POINT('',(-1.447786659859,6.175832230848));
#5350 = CARTESIAN_POINT('',(-1.443798786655,6.203233771279));
#5351 = CARTESIAN_POINT('',(-1.442298240719,6.213142708024));
#5352 = CARTESIAN_POINT('',(-1.440773169097,6.222815328773));
#5353 = CARTESIAN_POINT('',(-1.439224267351,6.232244246528));
#5354 = CARTESIAN_POINT('',(-1.437652286224,6.241422285455));
#5355 = CARTESIAN_POINT('',(-1.436058031636,6.250342480881));
#5356 = CARTESIAN_POINT('',(-1.430447759167,6.28039834454));
#5357 = CARTESIAN_POINT('',(-1.426321641265,6.300184531548));
#5358 = CARTESIAN_POINT('',(-1.422077986978,6.318249471495));
#5359 = CARTESIAN_POINT('',(-1.417731440901,6.334506579442));
#5360 = CARTESIAN_POINT('',(-1.413297145358,6.348888122957));
#5361 = CARTESIAN_POINT('',(-1.408790569518,6.361343490739));
#5362 = CARTESIAN_POINT('',(-1.400655888213,6.380050653647));
#5363 = CARTESIAN_POINT('',(-1.397049328583,6.387063271551));
#5364 = CARTESIAN_POINT('',(-1.393414778574,6.392859270317));
#5365 = CARTESIAN_POINT('',(-1.389758827908,6.397428371817));
#5366 = CARTESIAN_POINT('',(-1.386087684486,6.400764680933));
#5367 = CARTESIAN_POINT('',(-1.38240732178,6.402865302075));
#5368 = CARTESIAN_POINT('',(-1.378723626233,6.403728955691));
#5369 = ( GEOMETRIC_REPRESENTATION_CONTEXT(2) 
PARAMETRIC_REPRESENTATION_CONTEXT() REPRESENTATION_CONTEXT('2D SPACE',''
  ) );
#5370 = PCURVE('',#3863,#5371);
#5371 = DEFINITIONAL_REPRESENTATION('',(#5372),#5405);
#5372 = B_SPLINE_CURVE_WITH_KNOTS('',7,(#5373,#5374,#5375,#5376,#5377,
    #5378,#5379,#5380,#5381,#5382,#5383,#5384,#5385,#5386,#5387,#5388,
    #5389,#5390,#5391,#5392,#5393,#5394,#5395,#5396,#5397,#5398,#5399,
    #5400,#5401,#5402,#5403,#5404),.UNSPECIFIED.,.F.,.F.,(8,6,6,6,6,8),(
    0.,0.483952392849,0.607545797126,0.680121997615,0.859560768468,1.),
  .UNSPECIFIED.);
#5373 = CARTESIAN_POINT('',(0.714237526233,0.));
#5374 = CARTESIAN_POINT('',(0.714237526233,-6.277767185956E-02));
#5375 = CARTESIAN_POINT('',(0.707846742812,-0.125401577706));
#5376 = CARTESIAN_POINT('',(0.695121853573,-0.187816259071));
#5377 = CARTESIAN_POINT('',(0.675600646711,-0.249696167171));
#5378 = CARTESIAN_POINT('',(0.648586527258,-0.310502184106));
#5379 = CARTESIAN_POINT('',(0.612943596208,-0.369365959967));
#5380 = CARTESIAN_POINT('',(0.55581346024,-0.439127776736));
#5381 = CARTESIAN_POINT('',(0.543554247598,-0.45309701788));
#5382 = CARTESIAN_POINT('',(0.530641454091,-0.466818339076));
#5383 = CARTESIAN_POINT('',(0.517059942495,-0.480263455742));
#5384 = CARTESIAN_POINT('',(0.502797238153,-0.493401599978));
#5385 = CARTESIAN_POINT('',(0.487844942874,-0.506199848785));
#5386 = CARTESIAN_POINT('',(0.463013253164,-0.525918808712));
#5387 = CARTESIAN_POINT('',(0.453587621047,-0.533085019424));
#5388 = CARTESIAN_POINT('',(0.443922589199,-0.540114974099));
#5389 = CARTESIAN_POINT('',(0.43401829248,-0.547001481997));
#5390 = CARTESIAN_POINT('',(0.423875663886,-0.553737271952));
#5391 = CARTESIAN_POINT('',(0.413496434549,-0.560314992371));
#5392 = CARTESIAN_POINT('',(0.376642608072,-0.582580902427));
#5393 = CARTESIAN_POINT('',(0.348967998018,-0.59742537171));
#5394 = CARTESIAN_POINT('',(0.319903652022,-0.611145321092));
#5395 = CARTESIAN_POINT('',(0.289525408929,-0.623631925788));
#5396 = CARTESIAN_POINT('',(0.257942778501,-0.634786692976));
#5397 = CARTESIAN_POINT('',(0.225301121936,-0.644525320548));
#5398 = CARTESIAN_POINT('',(0.165551249724,-0.659243366438));
#5399 = CARTESIAN_POINT('',(0.138779050277,-0.66479791126));
#5400 = CARTESIAN_POINT('',(0.111550797908,-0.669413987271));
#5401 = CARTESIAN_POINT('',(8.395867479585E-02,-0.673067672965));
#5402 = CARTESIAN_POINT('',(5.610109202547E-02,-0.675742150859));
#5403 = CARTESIAN_POINT('',(2.808030019225E-02,-0.677427529948));
#5404 = CARTESIAN_POINT('',(0.,-0.678120668172));
#5405 = ( GEOMETRIC_REPRESENTATION_CONTEXT(2) 
PARAMETRIC_REPRESENTATION_CONTEXT() REPRESENTATION_CONTEXT('2D SPACE',''
  ) );
#5406 = ORIENTED_EDGE('',*,*,#5407,.T.);
#5407 = EDGE_CURVE('',#5298,#5408,#5410,.T.);
#5408 = VERTEX_POINT('',#5409);
#5409 = CARTESIAN_POINT('',(-0.774575366457,1.9,9.468370134383));
#5410 = SURFACE_CURVE('',#5411,(#5415,#5422),.PCURVE_S1.);
#5411 = LINE('',#5412,#5413);
#5412 = CARTESIAN_POINT('',(-0.774575366457,-3.5,9.468370134383));
#5413 = VECTOR('',#5414,1.);
#5414 = DIRECTION('',(-0.,1.,-1.110223024625E-16));
#5415 = PCURVE('',#3323,#5416);
#5416 = DEFINITIONAL_REPRESENTATION('',(#5417),#5421);
#5417 = LINE('',#5418,#5419);
#5418 = CARTESIAN_POINT('',(-1.489171468683,7.));
#5419 = VECTOR('',#5420,1.);
#5420 = DIRECTION('',(-0.,-1.));
#5421 = ( GEOMETRIC_REPRESENTATION_CONTEXT(2) 
PARAMETRIC_REPRESENTATION_CONTEXT() REPRESENTATION_CONTEXT('2D SPACE',''
  ) );
#5422 = PCURVE('',#5423,#5428);
#5423 = CYLINDRICAL_SURFACE('',#5424,1.6);
#5424 = AXIS2_PLACEMENT_3D('',#5425,#5426,#5427);
#5425 = CARTESIAN_POINT('',(-1.6,-3.5,8.097722778445));
#5426 = DIRECTION('',(-0.,1.,-1.110223024625E-16));
#5427 = DIRECTION('',(1.,0.,-0.));
#5428 = DEFINITIONAL_REPRESENTATION('',(#5429),#5433);
#5429 = LINE('',#5430,#5431);
#5430 = CARTESIAN_POINT('',(-1.028749615085,-1.521724253204E-16));
#5431 = VECTOR('',#5432,1.);
#5432 = DIRECTION('',(-0.,1.));
#5433 = ( GEOMETRIC_REPRESENTATION_CONTEXT(2) 
PARAMETRIC_REPRESENTATION_CONTEXT() REPRESENTATION_CONTEXT('2D SPACE',''
  ) );
#5434 = ORIENTED_EDGE('',*,*,#5435,.F.);
#5435 = EDGE_CURVE('',#5436,#5408,#5438,.T.);
#5436 = VERTEX_POINT('',#5437);
#5437 = CARTESIAN_POINT('',(-1.813491941434,2.903728955691,
    9.325301441688));
#5438 = SURFACE_CURVE('',#5439,(#5472,#5508),.PCURVE_S1.);
#5439 = B_SPLINE_CURVE_WITH_KNOTS('',7,(#5440,#5441,#5442,#5443,#5444,
    #5445,#5446,#5447,#5448,#5449,#5450,#5451,#5452,#5453,#5454,#5455,
    #5456,#5457,#5458,#5459,#5460,#5461,#5462,#5463,#5464,#5465,#5466,
    #5467,#5468,#5469,#5470,#5471),.UNSPECIFIED.,.F.,.F.,(8,6,6,6,6,8),(
    0.,0.140004445009,0.31911158629,0.391735035605,0.514919005529,1.),
  .UNSPECIFIED.);
#5440 = CARTESIAN_POINT('',(-1.813491941434,2.903728955691,
    9.325301441688));
#5441 = CARTESIAN_POINT('',(-1.779244044908,2.902867908627,
    9.331961632219));
#5442 = CARTESIAN_POINT('',(-1.744998820081,2.900777358952,
    9.338469007532));
#5443 = CARTESIAN_POINT('',(-1.710811268459,2.897458603494,
    9.344813390777));
#5444 = CARTESIAN_POINT('',(-1.676737571467,2.892914497159,9.35098578));
#5445 = CARTESIAN_POINT('',(-1.642836414132,2.887150843384,
    9.356978196831));
#5446 = CARTESIAN_POINT('',(-1.609170308777,2.880177784594,
    9.362783535161));
#5447 = CARTESIAN_POINT('',(-1.533125263712,2.861563703407,
    9.375574659244));
#5448 = CARTESIAN_POINT('',(-1.490932738811,2.849161407307,
    9.382438376587));
#5449 = CARTESIAN_POINT('',(-1.449377976271,2.834839181197,9.3889718451)
  );
#5450 = CARTESIAN_POINT('',(-1.408608821604,2.81864715106,9.395165276066
    ));
#5451 = CARTESIAN_POINT('',(-1.368770569282,2.800652440381,
    9.401013405533));
#5452 = CARTESIAN_POINT('',(-1.330004198457,2.780940918502,
    9.406515091039));
#5453 = CARTESIAN_POINT('',(-1.277215137956,2.750973425613,
    9.413764273762));
#5454 = CARTESIAN_POINT('',(-1.262183119337,2.742062581893,
    9.415799223606));
#5455 = CARTESIAN_POINT('',(-1.247356949841,2.732893172897,
    9.417778018183));
#5456 = CARTESIAN_POINT('',(-1.232744504525,2.723472167726,
    9.419701032174));
#5457 = CARTESIAN_POINT('',(-1.21835313649,2.713806749499,9.421568754624
    ));
#5458 = CARTESIAN_POINT('',(-1.20418967687,2.703904315348,9.423381788944
    ));
#5459 = CARTESIAN_POINT('',(-1.166633640099,2.676586840741,
    9.428124579037));
#5460 = CARTESIAN_POINT('',(-1.143680652431,2.658741067417,
    9.430953008455));
#5461 = CARTESIAN_POINT('',(-1.121432025792,2.640271847205,
    9.433629598902));
#5462 = CARTESIAN_POINT('',(-1.099913329712,2.621216435383,
    9.436158611622));
#5463 = CARTESIAN_POINT('',(-1.079145581936,2.601611987843,
    9.438544887799));
#5464 = CARTESIAN_POINT('',(-1.059145681054,2.581494897171,
    9.440793625002));
#5465 = CARTESIAN_POINT('',(-0.964245766702,2.479800852912,
    9.451244742969));
#5466 = CARTESIAN_POINT('',(-0.900844272554,2.39147490159,9.457510831308
    ));
#5467 = CARTESIAN_POINT('',(-0.850139045543,2.297798210632,
    9.462083152229));
#5468 = CARTESIAN_POINT('',(-0.812283074445,2.200490498816,
    9.465285024823));
#5469 = CARTESIAN_POINT('',(-0.787168214515,2.101031465517,
    9.467340053115));
#5470 = CARTESIAN_POINT('',(-0.774575366457,2.000600621941,
    9.468370134383));
#5471 = CARTESIAN_POINT('',(-0.774575366457,1.9,9.468370134383));
#5472 = PCURVE('',#3323,#5473);
#5473 = DEFINITIONAL_REPRESENTATION('',(#5474),#5507);
#5474 = B_SPLINE_CURVE_WITH_KNOTS('',7,(#5475,#5476,#5477,#5478,#5479,
    #5480,#5481,#5482,#5483,#5484,#5485,#5486,#5487,#5488,#5489,#5490,
    #5491,#5492,#5493,#5494,#5495,#5496,#5497,#5498,#5499,#5500,#5501,
    #5502,#5503,#5504,#5505,#5506),.UNSPECIFIED.,.F.,.F.,(8,6,6,6,6,8),(
    0.,0.140004445009,0.31911158629,0.391735035605,0.514919005529,1.),
  .UNSPECIFIED.);
#5475 = CARTESIAN_POINT('',(-1.378723626233,0.596271044309));
#5476 = CARTESIAN_POINT('',(-1.382396204191,0.597132091373));
#5477 = CARTESIAN_POINT('',(-1.386065435426,0.599222641048));
#5478 = CARTESIAN_POINT('',(-1.38972551311,0.602541396506));
#5479 = CARTESIAN_POINT('',(-1.393370531603,0.607085502841));
#5480 = CARTESIAN_POINT('',(-1.396994343219,0.612849156616));
#5481 = CARTESIAN_POINT('',(-1.400590415001,0.619822215406));
#5482 = CARTESIAN_POINT('',(-1.40870760495,0.638436296593));
#5483 = CARTESIAN_POINT('',(-1.413207240552,0.650838592693));
#5484 = CARTESIAN_POINT('',(-1.417635062562,0.665160818803));
#5485 = CARTESIAN_POINT('',(-1.421975688497,0.68135284894));
#5486 = CARTESIAN_POINT('',(-1.42621405179,0.699347559619));
#5487 = CARTESIAN_POINT('',(-1.430335570463,0.719059081498));
#5488 = CARTESIAN_POINT('',(-1.435944462847,0.749026574387));
#5489 = CARTESIAN_POINT('',(-1.437541210792,0.757937418107));
#5490 = CARTESIAN_POINT('',(-1.439115694617,0.767106827103));
#5491 = CARTESIAN_POINT('',(-1.440667104526,0.776527832274));
#5492 = CARTESIAN_POINT('',(-1.442194685941,0.786193250501));
#5493 = CARTESIAN_POINT('',(-1.443697739505,0.796095684652));
#5494 = CARTESIAN_POINT('',(-1.447682405343,0.823413159259));
#5495 = CARTESIAN_POINT('',(-1.45011677328,0.841258932583));
#5496 = CARTESIAN_POINT('',(-1.452475605499,0.859728152795));
#5497 = CARTESIAN_POINT('',(-1.454756306733,0.878783564617));
#5498 = CARTESIAN_POINT('',(-1.456956758436,0.898388012157));
#5499 = CARTESIAN_POINT('',(-1.459075271373,0.918505102829));
#5500 = CARTESIAN_POINT('',(-1.469125130242,1.020199147088));
#5501 = CARTESIAN_POINT('',(-1.475831067372,1.10852509841));
#5502 = CARTESIAN_POINT('',(-1.481189915294,1.202201789368));
#5503 = CARTESIAN_POINT('',(-1.48518897669,1.299509501184));
#5504 = CARTESIAN_POINT('',(-1.487841477544,1.398968534483));
#5505 = CARTESIAN_POINT('',(-1.489171468683,1.499399378059));
#5506 = CARTESIAN_POINT('',(-1.489171468683,1.6));
#5507 = ( GEOMETRIC_REPRESENTATION_CONTEXT(2) 
PARAMETRIC_REPRESENTATION_CONTEXT() REPRESENTATION_CONTEXT('2D SPACE',''
  ) );
#5508 = PCURVE('',#5509,#5514);
#5509 = SPHERICAL_SURFACE('',#5510,1.6);
#5510 = AXIS2_PLACEMENT_3D('',#5511,#5512,#5513);
#5511 = CARTESIAN_POINT('',(-1.6,1.9,8.097722778445));
#5512 = DIRECTION('',(-0.,-1.,1.110223024625E-16));
#5513 = DIRECTION('',(-0.171341174751,1.093804774332E-16,0.98521175482)
  );
#5514 = DEFINITIONAL_REPRESENTATION('',(#5515),#5548);
#5515 = B_SPLINE_CURVE_WITH_KNOTS('',7,(#5516,#5517,#5518,#5519,#5520,
    #5521,#5522,#5523,#5524,#5525,#5526,#5527,#5528,#5529,#5530,#5531,
    #5532,#5533,#5534,#5535,#5536,#5537,#5538,#5539,#5540,#5541,#5542,
    #5543,#5544,#5545,#5546,#5547),.UNSPECIFIED.,.F.,.F.,(8,6,6,6,6,8),(
    0.,0.140004445009,0.31911158629,0.391735035605,0.514919005529,1.),
  .UNSPECIFIED.);
#5516 = CARTESIAN_POINT('',(8.881784197001E-16,-0.678120668172));
#5517 = CARTESIAN_POINT('',(-2.799555235452E-02,-0.677429621876));
#5518 = CARTESIAN_POINT('',(-5.593169423524E-02,-0.67575232225));
#5519 = CARTESIAN_POINT('',(-8.370587016542E-02,-0.673091907537));
#5520 = CARTESIAN_POINT('',(-0.111216851122,-0.669458150543));
#5521 = CARTESIAN_POINT('',(-0.138367109298,-0.664867657474));
#5522 = CARTESIAN_POINT('',(-0.165065192863,-0.65934406677));
#5523 = CARTESIAN_POINT('',(-0.224698206867,-0.644697722946));
#5524 = CARTESIAN_POINT('',(-0.257297820824,-0.634999324088));
#5525 = CARTESIAN_POINT('',(-0.288844331854,-0.623888762558));
#5526 = CARTESIAN_POINT('',(-0.319192780169,-0.611449694871));
#5527 = CARTESIAN_POINT('',(-0.348233746844,-0.597779914763));
#5528 = CARTESIAN_POINT('',(-0.375891243724,-0.582987545087));
#5529 = CARTESIAN_POINT('',(-0.412755950168,-0.560780598484));
#5530 = CARTESIAN_POINT('',(-0.423157024795,-0.554207849869));
#5531 = CARTESIAN_POINT('',(-0.433321254394,-0.54747643101));
#5532 = CARTESIAN_POINT('',(-0.443246869087,-0.540593710551));
#5533 = CARTESIAN_POINT('',(-0.452932901944,-0.533566978627));
#5534 = CARTESIAN_POINT('',(-0.462379188973,-0.52640344687));
#5535 = CARTESIAN_POINT('',(-0.487203597651,-0.506739517605));
#5536 = CARTESIAN_POINT('',(-0.502132740205,-0.493995601994));
#5537 = CARTESIAN_POINT('',(-0.516376547162,-0.480912950441));
#5538 = CARTESIAN_POINT('',(-0.529943219217,-0.467524219832));
#5539 = CARTESIAN_POINT('',(-0.542845011181,-0.453859948469));
#5540 = CARTESIAN_POINT('',(-0.555096835755,-0.439948229473));
#5541 = CARTESIAN_POINT('',(-0.612465027084,-0.370157306908));
#5542 = CARTESIAN_POINT('',(-0.648285711956,-0.311179702908));
#5543 = CARTESIAN_POINT('',(-0.675431647953,-0.250240799696));
#5544 = CARTESIAN_POINT('',(-0.695044938197,-0.18821310092));
#5545 = CARTESIAN_POINT('',(-0.707826823277,-0.125644498103));
#5546 = CARTESIAN_POINT('',(-0.714237526233,-6.287538871318E-02));
#5547 = CARTESIAN_POINT('',(-0.714237526233,0.));
#5548 = ( GEOMETRIC_REPRESENTATION_CONTEXT(2) 
PARAMETRIC_REPRESENTATION_CONTEXT() REPRESENTATION_CONTEXT('2D SPACE',''
  ) );
#5549 = ORIENTED_EDGE('',*,*,#5550,.F.);
#5550 = EDGE_CURVE('',#5551,#5436,#5553,.T.);
#5551 = VERTEX_POINT('',#5552);
#5552 = CARTESIAN_POINT('',(-6.05097460369,3.5,7.323640238672));
#5553 = SURFACE_CURVE('',#5554,(#5569,#5587),.PCURVE_S1.);
#5554 = B_SPLINE_CURVE_WITH_KNOTS('',7,(#5555,#5556,#5557,#5558,#5559,
    #5560,#5561,#5562,#5563,#5564,#5565,#5566,#5567,#5568),
  .UNSPECIFIED.,.F.,.F.,(8,6,8),(0.,0.514587253174,1.),.UNSPECIFIED.);
#5555 = CARTESIAN_POINT('',(-6.05097460369,3.5,7.323640238673));
#5556 = CARTESIAN_POINT('',(-5.774641365004,3.5,7.551953666824));
#5557 = CARTESIAN_POINT('',(-5.488925389257,3.477002773481,
    7.767551357219));
#5558 = CARTESIAN_POINT('',(-5.19673710147,3.437602320619,7.96820531497)
  );
#5559 = CARTESIAN_POINT('',(-4.899937775259,3.386823934561,
    8.153600411602));
#5560 = CARTESIAN_POINT('',(-4.599355102556,3.328752566516,8.32413726661
    ));
#5561 = CARTESIAN_POINT('',(-4.294612280156,3.266618129711,
    8.480813253847));
#5562 = CARTESIAN_POINT('',(-3.688853823642,3.144383514881,
    8.760551190402));
#5563 = CARTESIAN_POINT('',(-3.386778924716,3.083999448925,8.88585802734
    ));
#5564 = CARTESIAN_POINT('',(-3.079690302229,3.026442036372,
    8.998840006524));
#5565 = CARTESIAN_POINT('',(-2.769551098434,2.975949971587,
    9.098900567523));
#5566 = CARTESIAN_POINT('',(-2.456950922926,2.936670084189,
    9.186354485964));
#5567 = CARTESIAN_POINT('',(-2.139652051593,2.911929040317,
    9.261873150659));
#5568 = CARTESIAN_POINT('',(-1.813489585102,2.903728896449,
    9.325301899924));
#5569 = PCURVE('',#3323,#5570);
#5570 = DEFINITIONAL_REPRESENTATION('',(#5571),#5586);
#5571 = B_SPLINE_CURVE_WITH_KNOTS('',7,(#5572,#5573,#5574,#5575,#5576,
    #5577,#5578,#5579,#5580,#5581,#5582,#5583,#5584,#5585),
  .UNSPECIFIED.,.F.,.F.,(8,6,8),(0.,0.514587253174,1.),.UNSPECIFIED.);
#5572 = CARTESIAN_POINT('',(-0.880267829001,8.881784197001E-16));
#5573 = CARTESIAN_POINT('',(-0.917999507466,1.210612916025E-15));
#5574 = CARTESIAN_POINT('',(-0.955639984482,2.299722651882E-02));
#5575 = CARTESIAN_POINT('',(-0.992891777521,6.239767938094E-02));
#5576 = CARTESIAN_POINT('',(-1.029667342586,0.113176065439));
#5577 = CARTESIAN_POINT('',(-1.065995565522,0.171247433484));
#5578 = CARTESIAN_POINT('',(-1.102032826501,0.233381870289));
#5579 = CARTESIAN_POINT('',(-1.172267622337,0.355616485119));
#5580 = CARTESIAN_POINT('',(-1.206665519036,0.416000551075));
#5581 = CARTESIAN_POINT('',(-1.241063243422,0.473557963628));
#5582 = CARTESIAN_POINT('',(-1.275317270315,0.524050028413));
#5583 = CARTESIAN_POINT('',(-1.309444644474,0.563329915811));
#5584 = CARTESIAN_POINT('',(-1.343747803074,0.588070959683));
#5585 = CARTESIAN_POINT('',(-1.378723878915,0.596271103551));
#5586 = ( GEOMETRIC_REPRESENTATION_CONTEXT(2) 
PARAMETRIC_REPRESENTATION_CONTEXT() REPRESENTATION_CONTEXT('2D SPACE',''
  ) );
#5587 = PCURVE('',#3967,#5588);
#5588 = DEFINITIONAL_REPRESENTATION('',(#5589),#5604);
#5589 = B_SPLINE_CURVE_WITH_KNOTS('',7,(#5590,#5591,#5592,#5593,#5594,
    #5595,#5596,#5597,#5598,#5599,#5600,#5601,#5602,#5603),
  .UNSPECIFIED.,.F.,.F.,(8,6,8),(0.,0.514587253174,1.),.UNSPECIFIED.);
#5590 = CARTESIAN_POINT('',(-1.570796326795,180.34181854562));
#5591 = CARTESIAN_POINT('',(-1.459802694633,180.65318479161));
#5592 = CARTESIAN_POINT('',(-1.357642631479,180.97161629101));
#5593 = CARTESIAN_POINT('',(-1.263150694827,181.29386391159));
#5594 = CARTESIAN_POINT('',(-1.175658300836,181.61803991025));
#5595 = CARTESIAN_POINT('',(-1.094769622579,181.94339747777));
#5596 = CARTESIAN_POINT('',(-1.02023943614,182.2704787363));
#5597 = CARTESIAN_POINT('',(-0.888454978081,182.91520971491));
#5598 = CARTESIAN_POINT('',(-0.830063922652,183.23428767681));
#5599 = CARTESIAN_POINT('',(-0.778894737556,183.5561934625));
#5600 = CARTESIAN_POINT('',(-0.736502592604,183.87889074578));
#5601 = CARTESIAN_POINT('',(-0.704598641996,184.20185257037));
#5602 = CARTESIAN_POINT('',(-0.684701769406,184.52739860492));
#5603 = CARTESIAN_POINT('',(-0.678120620627,184.8596056573));
#5604 = ( GEOMETRIC_REPRESENTATION_CONTEXT(2) 
PARAMETRIC_REPRESENTATION_CONTEXT() REPRESENTATION_CONTEXT('2D SPACE',''
  ) );
#5605 = ORIENTED_EDGE('',*,*,#5606,.T.);
#5606 = EDGE_CURVE('',#5551,#5122,#5607,.T.);
#5607 = SURFACE_CURVE('',#5608,(#5613,#5620),.PCURVE_S1.);
#5608 = CIRCLE('',#5609,9.5);
#5609 = AXIS2_PLACEMENT_3D('',#5610,#5611,#5612);
#5610 = CARTESIAN_POINT('',(0.,3.5,0.));
#5611 = DIRECTION('',(0.,1.,-2.22044604925E-16));
#5612 = DIRECTION('',(-1.,0.,-0.));
#5613 = PCURVE('',#3323,#5614);
#5614 = DEFINITIONAL_REPRESENTATION('',(#5615),#5619);
#5615 = LINE('',#5616,#5617);
#5616 = CARTESIAN_POINT('',(-0.,0.));
#5617 = VECTOR('',#5618,1.);
#5618 = DIRECTION('',(-1.,0.));
#5619 = ( GEOMETRIC_REPRESENTATION_CONTEXT(2) 
PARAMETRIC_REPRESENTATION_CONTEXT() REPRESENTATION_CONTEXT('2D SPACE',''
  ) );
#5620 = PCURVE('',#4020,#5621);
#5621 = DEFINITIONAL_REPRESENTATION('',(#5622),#5630);
#5622 = ( BOUNDED_CURVE() B_SPLINE_CURVE(2,(#5623,#5624,#5625,#5626,
#5627,#5628,#5629),.UNSPECIFIED.,.T.,.F.) B_SPLINE_CURVE_WITH_KNOTS((1,2
    ,2,2,2,1),(-2.094395102393,0.,2.094395102393,4.188790204786,
6.28318530718,8.377580409573),.UNSPECIFIED.) CURVE() 
GEOMETRIC_REPRESENTATION_ITEM() RATIONAL_B_SPLINE_CURVE((1.,0.5,1.,0.5,
1.,0.5,1.)) REPRESENTATION_ITEM('') );
#5623 = CARTESIAN_POINT('',(-9.5,0.));
#5624 = CARTESIAN_POINT('',(-9.5,16.454482671904));
#5625 = CARTESIAN_POINT('',(4.75,8.227241335952));
#5626 = CARTESIAN_POINT('',(19.,2.32682891838E-15));
#5627 = CARTESIAN_POINT('',(4.75,-8.227241335952));
#5628 = CARTESIAN_POINT('',(-9.5,-16.4544826719));
#5629 = CARTESIAN_POINT('',(-9.5,0.));
#5630 = ( GEOMETRIC_REPRESENTATION_CONTEXT(2) 
PARAMETRIC_REPRESENTATION_CONTEXT() REPRESENTATION_CONTEXT('2D SPACE',''
  ) );
#5631 = ORIENTED_EDGE('',*,*,#5144,.T.);
#5632 = ORIENTED_EDGE('',*,*,#5633,.F.);
#5633 = EDGE_CURVE('',#5634,#5145,#5636,.T.);
#5634 = VERTEX_POINT('',#5635);
#5635 = CARTESIAN_POINT('',(-3.943314703321,1.9,-8.642931745107));
#5636 = SURFACE_CURVE('',#5637,(#5670,#5706),.PCURVE_S1.);
#5637 = B_SPLINE_CURVE_WITH_KNOTS('',6,(#5638,#5639,#5640,#5641,#5642,
    #5643,#5644,#5645,#5646,#5647,#5648,#5649,#5650,#5651,#5652,#5653,
    #5654,#5655,#5656,#5657,#5658,#5659,#5660,#5661,#5662,#5663,#5664,
    #5665,#5666,#5667,#5668,#5669),.UNSPECIFIED.,.F.,.F.,(7,5,5,5,5,5,7)
  ,(0.,0.223052290803,0.328552170625,0.410465628034,0.63864179203,
    0.880131862106,1.),.UNSPECIFIED.);
#5638 = CARTESIAN_POINT('',(-3.943314703321,1.9,-8.642931745107));
#5639 = CARTESIAN_POINT('',(-3.943314703321,2.007528013852,
    -8.642931745107));
#5640 = CARTESIAN_POINT('',(-3.957501786344,2.114073605299,
    -8.636458640651));
#5641 = CARTESIAN_POINT('',(-3.985392808961,2.218461213109,
    -8.623734701697));
#5642 = CARTESIAN_POINT('',(-4.025701508177,2.319489268522,
    -8.605129928224));
#5643 = CARTESIAN_POINT('',(-4.076344844385,2.415913699556,
    -8.581234414032));
#5644 = CARTESIAN_POINT('',(-4.161996880768,2.549322009425,
    -8.53983109612));
#5645 = CARTESIAN_POINT('',(-4.191301694352,2.591041233854,
    -8.525534679241));
#5646 = CARTESIAN_POINT('',(-4.222232907556,2.631637959835,
    -8.510287723486));
#5647 = CARTESIAN_POINT('',(-4.254629026089,2.671110540104,
    -8.494137107633));
#5648 = CARTESIAN_POINT('',(-4.288342142983,2.709459272818,
    -8.477125540658));
#5649 = CARTESIAN_POINT('',(-4.350332142593,2.77559072666,-8.44544469408
    ));
#5650 = CARTESIAN_POINT('',(-4.378144238306,2.803824122248,
    -8.43109957771));
#5651 = CARTESIAN_POINT('',(-4.406616768676,2.83139232198,
    -8.416271631417));
#5652 = CARTESIAN_POINT('',(-4.435698117764,2.858301152188,
    -8.400974184894));
#5653 = CARTESIAN_POINT('',(-4.465342510743,2.884556531876,
    -8.385218478728));
#5654 = CARTESIAN_POINT('',(-4.579543887737,2.981497339066,
    -8.323873921954));
#5655 = CARTESIAN_POINT('',(-4.667684911553,3.04784724828,
    -8.275223243914));
#5656 = CARTESIAN_POINT('',(-4.759011433457,3.109276469334,
    -8.223285905287));
#5657 = CARTESIAN_POINT('',(-4.852879377644,3.165835380485,
    -8.168195234256));
#5658 = CARTESIAN_POINT('',(-4.948845208895,3.217519124347,
    -8.11000868514));
#5659 = CARTESIAN_POINT('',(-5.150035855338,3.313654610995,
    -7.983861159164));
#5660 = CARTESIAN_POINT('',(-5.255451334318,3.357497600062,
    -7.915541958721));
#5661 = CARTESIAN_POINT('',(-5.362287888605,3.395554259981,
    -7.843871519252));
#5662 = CARTESIAN_POINT('',(-5.470085042456,3.427541083545,
    -7.768943629377));
#5663 = CARTESIAN_POINT('',(-5.578418438926,3.453075208774,
    -7.690875815932));
#5664 = CARTESIAN_POINT('',(-5.740670531746,3.480884313839,
    -7.56962458295));
#5665 = CARTESIAN_POINT('',(-5.794507124651,3.48839518515,
    -7.528680642474));
#5666 = CARTESIAN_POINT('',(-5.848283777544,3.494128815504,
    -7.487051693657));
#5667 = CARTESIAN_POINT('',(-5.901925756193,3.498019654312,
    -7.444781487018));
#5668 = CARTESIAN_POINT('',(-5.955358582305,3.5,-7.401919511295));
#5669 = CARTESIAN_POINT('',(-6.008508033527,3.5,-7.35852099345));
#5670 = PCURVE('',#3323,#5671);
#5671 = DEFINITIONAL_REPRESENTATION('',(#5672),#5705);
#5672 = B_SPLINE_CURVE_WITH_KNOTS('',6,(#5673,#5674,#5675,#5676,#5677,
    #5678,#5679,#5680,#5681,#5682,#5683,#5684,#5685,#5686,#5687,#5688,
    #5689,#5690,#5691,#5692,#5693,#5694,#5695,#5696,#5697,#5698,#5699,
    #5700,#5701,#5702,#5703,#5704),.UNSPECIFIED.,.F.,.F.,(7,5,5,5,5,5,7)
  ,(0.,0.223052290803,0.328552170625,0.410465628034,0.63864179203,
    0.880131862106,1.),.UNSPECIFIED.);
#5673 = CARTESIAN_POINT('',(-5.140426043712,1.6));
#5674 = CARTESIAN_POINT('',(-5.140426043712,1.492471986148));
#5675 = CARTESIAN_POINT('',(-5.142067514287,1.385926394701));
#5676 = CARTESIAN_POINT('',(-5.145294529734,1.281538786891));
#5677 = CARTESIAN_POINT('',(-5.149967563011,1.180510731478));
#5678 = CARTESIAN_POINT('',(-5.155861789936,1.084086300444));
#5679 = CARTESIAN_POINT('',(-5.165875910753,0.950677990575));
#5680 = CARTESIAN_POINT('',(-5.169308112507,0.908958766146));
#5681 = CARTESIAN_POINT('',(-5.172938055696,0.868362040165));
#5682 = CARTESIAN_POINT('',(-5.176748389194,0.828889459896));
#5683 = CARTESIAN_POINT('',(-5.180723282684,0.790540727182));
#5684 = CARTESIAN_POINT('',(-5.188051319454,0.72440927334));
#5685 = CARTESIAN_POINT('',(-5.191345368885,0.696175877752));
#5686 = CARTESIAN_POINT('',(-5.194724510489,0.66860767802));
#5687 = CARTESIAN_POINT('',(-5.198183343319,0.641698847812));
#5688 = CARTESIAN_POINT('',(-5.201717129941,0.615443468124));
#5689 = CARTESIAN_POINT('',(-5.215362869042,0.518502660934));
#5690 = CARTESIAN_POINT('',(-5.225959684598,0.45215275172));
#5691 = CARTESIAN_POINT('',(-5.237017450247,0.390723530666));
#5692 = CARTESIAN_POINT('',(-5.24847259034,0.334164619515));
#5693 = CARTESIAN_POINT('',(-5.260284740195,0.282480875653));
#5694 = CARTESIAN_POINT('',(-5.285281332655,0.186345389005));
#5695 = CARTESIAN_POINT('',(-5.29850281972,0.142502399938));
#5696 = CARTESIAN_POINT('',(-5.312042246017,0.104445740019));
#5697 = CARTESIAN_POINT('',(-5.325858242292,7.245891645454E-02));
#5698 = CARTESIAN_POINT('',(-5.339912094546,4.692479122582E-02));
#5699 = CARTESIAN_POINT('',(-5.361233433168,1.911568616089E-02));
#5700 = CARTESIAN_POINT('',(-5.368352875677,1.160481484961E-02));
#5701 = CARTESIAN_POINT('',(-5.375511075028,5.871184496429E-03));
#5702 = CARTESIAN_POINT('',(-5.38269964225,1.980345687714E-03));
#5703 = CARTESIAN_POINT('',(-5.389909865428,-1.094527475837E-15));
#5704 = CARTESIAN_POINT('',(-5.397132709701,-1.110223024625E-15));
#5705 = ( GEOMETRIC_REPRESENTATION_CONTEXT(2) 
PARAMETRIC_REPRESENTATION_CONTEXT() REPRESENTATION_CONTEXT('2D SPACE',''
  ) );
#5706 = PCURVE('',#5188,#5707);
#5707 = DEFINITIONAL_REPRESENTATION('',(#5708),#5741);
#5708 = B_SPLINE_CURVE_WITH_KNOTS('',6,(#5709,#5710,#5711,#5712,#5713,
    #5714,#5715,#5716,#5717,#5718,#5719,#5720,#5721,#5722,#5723,#5724,
    #5725,#5726,#5727,#5728,#5729,#5730,#5731,#5732,#5733,#5734,#5735,
    #5736,#5737,#5738,#5739,#5740),.UNSPECIFIED.,.F.,.F.,(7,5,5,5,5,5,7)
  ,(0.,0.223052290803,0.328552170625,0.410465628034,0.63864179203,
    0.880131862106,1.),.UNSPECIFIED.);
#5709 = CARTESIAN_POINT('',(0.,3.995383846177));
#5710 = CARTESIAN_POINT('',(-6.720500865759E-02,3.995383846177));
#5711 = CARTESIAN_POINT('',(-0.133795866385,4.008344395334));
#5712 = CARTESIAN_POINT('',(-0.199585133159,4.03382441408));
#5713 = CARTESIAN_POINT('',(-0.26431502456,4.070613942314));
#5714 = CARTESIAN_POINT('',(-0.327600835866,4.116752044371));
#5715 = CARTESIAN_POINT('',(-0.417705037634,4.194625269819));
#5716 = CARTESIAN_POINT('',(-0.446293928459,4.221247613535));
#5717 = CARTESIAN_POINT('',(-0.474561031449,4.249322201676));
#5718 = CARTESIAN_POINT('',(-0.502527174811,4.278697188267));
#5719 = CARTESIAN_POINT('',(-0.530211746857,4.309233466581));
#5720 = CARTESIAN_POINT('',(-0.578923191836,4.365317553511));
#5721 = CARTESIAN_POINT('',(-0.600058795192,4.390458796285));
#5722 = CARTESIAN_POINT('',(-0.621051630724,4.416174170381));
#5723 = CARTESIAN_POINT('',(-0.641913931433,4.442414877532));
#5724 = CARTESIAN_POINT('',(-0.662658038673,4.469137548283));
#5725 = CARTESIAN_POINT('',(-0.740786132898,4.571979132952));
#5726 = CARTESIAN_POINT('',(-0.797488826204,4.651142673183));
#5727 = CARTESIAN_POINT('',(-0.853630818148,4.732921312094));
#5728 = CARTESIAN_POINT('',(-0.909439144151,4.816700822676));
#5729 = CARTESIAN_POINT('',(-0.965150068258,4.902052695475));
#5730 = CARTESIAN_POINT('',(-1.080144985398,5.080321871277));
#5731 = CARTESIAN_POINT('',(-1.139434874515,5.173369708423));
#5732 = CARTESIAN_POINT('',(-1.199092187148,5.267280824125));
#5733 = CARTESIAN_POINT('',(-1.259316899465,5.361615836047));
#5734 = CARTESIAN_POINT('',(-1.320313555725,5.455974829861));
#5735 = CARTESIAN_POINT('',(-1.413069285953,5.596600816769));
#5736 = CARTESIAN_POINT('',(-1.444076843673,5.643147150347));
#5737 = CARTESIAN_POINT('',(-1.475337513568,5.689524094458));
#5738 = CARTESIAN_POINT('',(-1.506866528614,5.735664929106));
#5739 = CARTESIAN_POINT('',(-1.538680281934,5.781504110284));
#5740 = CARTESIAN_POINT('',(-1.570796326795,5.826977269975));
#5741 = ( GEOMETRIC_REPRESENTATION_CONTEXT(2) 
PARAMETRIC_REPRESENTATION_CONTEXT() REPRESENTATION_CONTEXT('2D SPACE',''
  ) );
#5742 = ORIENTED_EDGE('',*,*,#5743,.T.);
#5743 = EDGE_CURVE('',#5634,#5744,#5746,.T.);
#5744 = VERTEX_POINT('',#5745);
#5745 = CARTESIAN_POINT('',(-3.943314703321,-1.9,-8.642931745107));
#5746 = SURFACE_CURVE('',#5747,(#5751,#5758),.PCURVE_S1.);
#5747 = LINE('',#5748,#5749);
#5748 = CARTESIAN_POINT('',(-3.943314703321,3.5,-8.642931745107));
#5749 = VECTOR('',#5750,1.);
#5750 = DIRECTION('',(-0.,-1.,2.22044604925E-16));
#5751 = PCURVE('',#3323,#5752);
#5752 = DEFINITIONAL_REPRESENTATION('',(#5753),#5757);
#5753 = LINE('',#5754,#5755);
#5754 = CARTESIAN_POINT('',(-5.140426043712,-1.030937945036E-15));
#5755 = VECTOR('',#5756,1.);
#5756 = DIRECTION('',(-0.,1.));
#5757 = ( GEOMETRIC_REPRESENTATION_CONTEXT(2) 
PARAMETRIC_REPRESENTATION_CONTEXT() REPRESENTATION_CONTEXT('2D SPACE',''
  ) );
#5758 = PCURVE('',#5221,#5759);
#5759 = DEFINITIONAL_REPRESENTATION('',(#5760),#5764);
#5760 = LINE('',#5761,#5762);
#5761 = CARTESIAN_POINT('',(-3.995383846177,-3.5));
#5762 = VECTOR('',#5763,1.);
#5763 = DIRECTION('',(1.78655582082E-17,1.));
#5764 = ( GEOMETRIC_REPRESENTATION_CONTEXT(2) 
PARAMETRIC_REPRESENTATION_CONTEXT() REPRESENTATION_CONTEXT('2D SPACE',''
  ) );
#5765 = ORIENTED_EDGE('',*,*,#5766,.T.);
#5766 = EDGE_CURVE('',#5744,#5234,#5767,.T.);
#5767 = SURFACE_CURVE('',#5768,(#5801,#5837),.PCURVE_S1.);
#5768 = B_SPLINE_CURVE_WITH_KNOTS('',6,(#5769,#5770,#5771,#5772,#5773,
    #5774,#5775,#5776,#5777,#5778,#5779,#5780,#5781,#5782,#5783,#5784,
    #5785,#5786,#5787,#5788,#5789,#5790,#5791,#5792,#5793,#5794,#5795,
    #5796,#5797,#5798,#5799,#5800),.UNSPECIFIED.,.F.,.F.,(7,5,5,5,5,5,7)
  ,(0.,0.223052347017,0.328552237994,0.410465689064,0.638641835401,
    0.880131871349,1.),.UNSPECIFIED.);
#5769 = CARTESIAN_POINT('',(-3.943314703321,-1.9,-8.642931745107));
#5770 = CARTESIAN_POINT('',(-3.943314703321,-2.007528013852,
    -8.642931745107));
#5771 = CARTESIAN_POINT('',(-3.957501786344,-2.114073605299,
    -8.636458640651));
#5772 = CARTESIAN_POINT('',(-3.985392808961,-2.218461213109,
    -8.623734701697));
#5773 = CARTESIAN_POINT('',(-4.025701508177,-2.319489268522,
    -8.605129928224));
#5774 = CARTESIAN_POINT('',(-4.076344844385,-2.415913699556,
    -8.581234414032));
#5775 = CARTESIAN_POINT('',(-4.161996876744,-2.549322003158,
    -8.539831098065));
#5776 = CARTESIAN_POINT('',(-4.191301696381,-2.591041235542,
    -8.525534678179));
#5777 = CARTESIAN_POINT('',(-4.222232912303,-2.631637965963,
    -8.510287721122));
#5778 = CARTESIAN_POINT('',(-4.254629026225,-2.671110541353,
    -8.494137107627));
#5779 = CARTESIAN_POINT('',(-4.288342136593,-2.709459266002,
    -8.477125543924));
#5780 = CARTESIAN_POINT('',(-4.350332142593,-2.77559072666,
    -8.44544469408));
#5781 = CARTESIAN_POINT('',(-4.378144238306,-2.803824122248,
    -8.43109957771));
#5782 = CARTESIAN_POINT('',(-4.406616768676,-2.83139232198,
    -8.416271631417));
#5783 = CARTESIAN_POINT('',(-4.435698117764,-2.858301152188,
    -8.400974184894));
#5784 = CARTESIAN_POINT('',(-4.465342510743,-2.884556531876,
    -8.385218478728));
#5785 = CARTESIAN_POINT('',(-4.579543887737,-2.981497339066,
    -8.323873921954));
#5786 = CARTESIAN_POINT('',(-4.667684911553,-3.04784724828,
    -8.275223243914));
#5787 = CARTESIAN_POINT('',(-4.759011433457,-3.109276469334,
    -8.223285905287));
#5788 = CARTESIAN_POINT('',(-4.852879377644,-3.165835380485,
    -8.168195234256));
#5789 = CARTESIAN_POINT('',(-4.948845208895,-3.217519124347,
    -8.11000868514));
#5790 = CARTESIAN_POINT('',(-5.150035848724,-3.313654607835,
    -7.98386116331));
#5791 = CARTESIAN_POINT('',(-5.255451345205,-3.357497603781,
    -7.915541951317));
#5792 = CARTESIAN_POINT('',(-5.362287888443,-3.395554260894,
    -7.843871519743));
#5793 = CARTESIAN_POINT('',(-5.470085031491,-3.427541080256,
    -7.768943637013));
#5794 = CARTESIAN_POINT('',(-5.578418445888,-3.453075209967,
    -7.690875810729));
#5795 = CARTESIAN_POINT('',(-5.740670531746,-3.480884313839,
    -7.56962458295));
#5796 = CARTESIAN_POINT('',(-5.794507124651,-3.48839518515,
    -7.528680642474));
#5797 = CARTESIAN_POINT('',(-5.848283777544,-3.494128815504,
    -7.487051693657));
#5798 = CARTESIAN_POINT('',(-5.901925756193,-3.498019654312,
    -7.444781487018));
#5799 = CARTESIAN_POINT('',(-5.955358582305,-3.5,-7.401919511295));
#5800 = CARTESIAN_POINT('',(-6.008508033527,-3.5,-7.35852099345));
#5801 = PCURVE('',#3323,#5802);
#5802 = DEFINITIONAL_REPRESENTATION('',(#5803),#5836);
#5803 = B_SPLINE_CURVE_WITH_KNOTS('',6,(#5804,#5805,#5806,#5807,#5808,
    #5809,#5810,#5811,#5812,#5813,#5814,#5815,#5816,#5817,#5818,#5819,
    #5820,#5821,#5822,#5823,#5824,#5825,#5826,#5827,#5828,#5829,#5830,
    #5831,#5832,#5833,#5834,#5835),.UNSPECIFIED.,.F.,.F.,(7,5,5,5,5,5,7)
  ,(0.,0.223052347017,0.328552237994,0.410465689064,0.638641835401,
    0.880131871349,1.),.UNSPECIFIED.);
#5804 = CARTESIAN_POINT('',(-5.140426043712,5.4));
#5805 = CARTESIAN_POINT('',(-5.140426043712,5.507528013852));
#5806 = CARTESIAN_POINT('',(-5.142067514287,5.614073605299));
#5807 = CARTESIAN_POINT('',(-5.145294529734,5.718461213109));
#5808 = CARTESIAN_POINT('',(-5.149967563011,5.819489268522));
#5809 = CARTESIAN_POINT('',(-5.155861789936,5.915913699556));
#5810 = CARTESIAN_POINT('',(-5.165875910283,6.049322003158));
#5811 = CARTESIAN_POINT('',(-5.169308112748,6.091041235542));
#5812 = CARTESIAN_POINT('',(-5.172938056254,6.131637965963));
#5813 = CARTESIAN_POINT('',(-5.176748389207,6.171110541353));
#5814 = CARTESIAN_POINT('',(-5.180723281929,6.209459266002));
#5815 = CARTESIAN_POINT('',(-5.188051319454,6.27559072666));
#5816 = CARTESIAN_POINT('',(-5.191345368885,6.303824122248));
#5817 = CARTESIAN_POINT('',(-5.194724510489,6.33139232198));
#5818 = CARTESIAN_POINT('',(-5.198183343319,6.358301152188));
#5819 = CARTESIAN_POINT('',(-5.201717129941,6.384556531876));
#5820 = CARTESIAN_POINT('',(-5.215362869042,6.481497339066));
#5821 = CARTESIAN_POINT('',(-5.225959684598,6.54784724828));
#5822 = CARTESIAN_POINT('',(-5.237017450247,6.609276469334));
#5823 = CARTESIAN_POINT('',(-5.24847259034,6.665835380485));
#5824 = CARTESIAN_POINT('',(-5.260284740195,6.717519124347));
#5825 = CARTESIAN_POINT('',(-5.285281331833,6.813654607835));
#5826 = CARTESIAN_POINT('',(-5.298502821107,6.857497603781));
#5827 = CARTESIAN_POINT('',(-5.312042245974,6.895554260894));
#5828 = CARTESIAN_POINT('',(-5.325858240884,6.927541080256));
#5829 = CARTESIAN_POINT('',(-5.339912095461,6.953075209967));
#5830 = CARTESIAN_POINT('',(-5.361233433168,6.980884313839));
#5831 = CARTESIAN_POINT('',(-5.368352875677,6.98839518515));
#5832 = CARTESIAN_POINT('',(-5.375511075028,6.994128815504));
#5833 = CARTESIAN_POINT('',(-5.38269964225,6.998019654312));
#5834 = CARTESIAN_POINT('',(-5.389909865428,7.));
#5835 = CARTESIAN_POINT('',(-5.397132709701,7.));
#5836 = ( GEOMETRIC_REPRESENTATION_CONTEXT(2) 
PARAMETRIC_REPRESENTATION_CONTEXT() REPRESENTATION_CONTEXT('2D SPACE',''
  ) );
#5837 = PCURVE('',#5254,#5838);
#5838 = DEFINITIONAL_REPRESENTATION('',(#5839),#5872);
#5839 = B_SPLINE_CURVE_WITH_KNOTS('',6,(#5840,#5841,#5842,#5843,#5844,
    #5845,#5846,#5847,#5848,#5849,#5850,#5851,#5852,#5853,#5854,#5855,
    #5856,#5857,#5858,#5859,#5860,#5861,#5862,#5863,#5864,#5865,#5866,
    #5867,#5868,#5869,#5870,#5871),.UNSPECIFIED.,.F.,.F.,(7,5,5,5,5,5,7)
  ,(0.,0.223052347017,0.328552237994,0.410465689064,0.638641835401,
    0.880131871349,1.),.UNSPECIFIED.);
#5840 = CARTESIAN_POINT('',(0.,3.995383846177));
#5841 = CARTESIAN_POINT('',(6.720500865761E-02,3.995383846177));
#5842 = CARTESIAN_POINT('',(0.133795866385,4.008344395334));
#5843 = CARTESIAN_POINT('',(0.199585133159,4.03382441408));
#5844 = CARTESIAN_POINT('',(0.26431502456,4.070613942314));
#5845 = CARTESIAN_POINT('',(0.327600835866,4.116752044371));
#5846 = CARTESIAN_POINT('',(0.417705033401,4.19462526616));
#5847 = CARTESIAN_POINT('',(0.446293929793,4.221247615366));
#5848 = CARTESIAN_POINT('',(0.474561035754,4.249322205981));
#5849 = CARTESIAN_POINT('',(0.502527175514,4.2786971884));
#5850 = CARTESIAN_POINT('',(0.530211741836,4.3092334608));
#5851 = CARTESIAN_POINT('',(0.578923191836,4.365317553511));
#5852 = CARTESIAN_POINT('',(0.600058795192,4.390458796285));
#5853 = CARTESIAN_POINT('',(0.621051630724,4.416174170381));
#5854 = CARTESIAN_POINT('',(0.641913931433,4.442414877532));
#5855 = CARTESIAN_POINT('',(0.662658038673,4.469137548283));
#5856 = CARTESIAN_POINT('',(0.740786132898,4.571979132952));
#5857 = CARTESIAN_POINT('',(0.797488826204,4.651142673183));
#5858 = CARTESIAN_POINT('',(0.853630818148,4.732921312094));
#5859 = CARTESIAN_POINT('',(0.909439144151,4.816700822676));
#5860 = CARTESIAN_POINT('',(0.965150068258,4.902052695475));
#5861 = CARTESIAN_POINT('',(1.080144981617,5.080321865417));
#5862 = CARTESIAN_POINT('',(1.139434880719,5.173369717977));
#5863 = CARTESIAN_POINT('',(1.199092187055,5.267280824044));
#5864 = CARTESIAN_POINT('',(1.259316893217,5.361615826454));
#5865 = CARTESIAN_POINT('',(1.320313559705,5.455974835896));
#5866 = CARTESIAN_POINT('',(1.413069285953,5.596600816769));
#5867 = CARTESIAN_POINT('',(1.444076843673,5.643147150347));
#5868 = CARTESIAN_POINT('',(1.475337513568,5.689524094458));
#5869 = CARTESIAN_POINT('',(1.506866528614,5.735664929106));
#5870 = CARTESIAN_POINT('',(1.538680281934,5.781504110284));
#5871 = CARTESIAN_POINT('',(1.570796326795,5.826977269975));
#5872 = ( GEOMETRIC_REPRESENTATION_CONTEXT(2) 
PARAMETRIC_REPRESENTATION_CONTEXT() REPRESENTATION_CONTEXT('2D SPACE',''
  ) );
#5873 = ORIENTED_EDGE('',*,*,#5271,.T.);
#5874 = ADVANCED_FACE('',(#5875),#3564,.T.);
#5875 = FACE_BOUND('',#5876,.F.);
#5876 = EDGE_LOOP('',(#5877,#5987,#5988));
#5877 = ORIENTED_EDGE('',*,*,#5878,.T.);
#5878 = EDGE_CURVE('',#5879,#3544,#5881,.T.);
#5879 = VERTEX_POINT('',#5880);
#5880 = CARTESIAN_POINT('',(-5.830951900827,-3.491133653453,
    -7.500000001203));
#5881 = SURFACE_CURVE('',#5882,(#5915,#5951),.PCURVE_S1.);
#5882 = B_SPLINE_CURVE_WITH_KNOTS('',6,(#5883,#5884,#5885,#5886,#5887,
    #5888,#5889,#5890,#5891,#5892,#5893,#5894,#5895,#5896,#5897,#5898,
    #5899,#5900,#5901,#5902,#5903,#5904,#5905,#5906,#5907,#5908,#5909,
    #5910,#5911,#5912,#5913,#5914),.UNSPECIFIED.,.F.,.F.,(7,5,5,5,5,5,7)
  ,(0.,0.223052347017,0.328552237994,0.410465689064,0.638641835401,
    0.880131871349,1.),.UNSPECIFIED.);
#5883 = CARTESIAN_POINT('',(-3.943314703321,-1.9,-8.642931745107));
#5884 = CARTESIAN_POINT('',(-3.943314703321,-2.007528013852,
    -8.642931745107));
#5885 = CARTESIAN_POINT('',(-3.957501786344,-2.114073605299,
    -8.636458640651));
#5886 = CARTESIAN_POINT('',(-3.985392808961,-2.218461213109,
    -8.623734701697));
#5887 = CARTESIAN_POINT('',(-4.025701508177,-2.319489268522,
    -8.605129928224));
#5888 = CARTESIAN_POINT('',(-4.076344844385,-2.415913699556,
    -8.581234414032));
#5889 = CARTESIAN_POINT('',(-4.161996876744,-2.549322003158,
    -8.539831098065));
#5890 = CARTESIAN_POINT('',(-4.191301696381,-2.591041235542,
    -8.525534678179));
#5891 = CARTESIAN_POINT('',(-4.222232912303,-2.631637965963,
    -8.510287721122));
#5892 = CARTESIAN_POINT('',(-4.254629026225,-2.671110541353,
    -8.494137107627));
#5893 = CARTESIAN_POINT('',(-4.288342136593,-2.709459266002,
    -8.477125543924));
#5894 = CARTESIAN_POINT('',(-4.350332142593,-2.77559072666,
    -8.44544469408));
#5895 = CARTESIAN_POINT('',(-4.378144238306,-2.803824122248,
    -8.43109957771));
#5896 = CARTESIAN_POINT('',(-4.406616768676,-2.83139232198,
    -8.416271631417));
#5897 = CARTESIAN_POINT('',(-4.435698117764,-2.858301152188,
    -8.400974184894));
#5898 = CARTESIAN_POINT('',(-4.465342510743,-2.884556531876,
    -8.385218478728));
#5899 = CARTESIAN_POINT('',(-4.579543887737,-2.981497339066,
    -8.323873921954));
#5900 = CARTESIAN_POINT('',(-4.667684911553,-3.04784724828,
    -8.275223243914));
#5901 = CARTESIAN_POINT('',(-4.759011433457,-3.109276469334,
    -8.223285905287));
#5902 = CARTESIAN_POINT('',(-4.852879377644,-3.165835380485,
    -8.168195234256));
#5903 = CARTESIAN_POINT('',(-4.948845208895,-3.217519124347,
    -8.11000868514));
#5904 = CARTESIAN_POINT('',(-5.150035848724,-3.313654607835,
    -7.98386116331));
#5905 = CARTESIAN_POINT('',(-5.255451345205,-3.357497603781,
    -7.915541951317));
#5906 = CARTESIAN_POINT('',(-5.362287888443,-3.395554260894,
    -7.843871519743));
#5907 = CARTESIAN_POINT('',(-5.470085031491,-3.427541080256,
    -7.768943637013));
#5908 = CARTESIAN_POINT('',(-5.578418445888,-3.453075209967,
    -7.690875810729));
#5909 = CARTESIAN_POINT('',(-5.740670531746,-3.480884313839,
    -7.56962458295));
#5910 = CARTESIAN_POINT('',(-5.794507124651,-3.48839518515,
    -7.528680642474));
#5911 = CARTESIAN_POINT('',(-5.848283777544,-3.494128815504,
    -7.487051693657));
#5912 = CARTESIAN_POINT('',(-5.901925756193,-3.498019654312,
    -7.444781487018));
#5913 = CARTESIAN_POINT('',(-5.955358582305,-3.5,-7.401919511295));
#5914 = CARTESIAN_POINT('',(-6.008508033527,-3.5,-7.35852099345));
#5915 = PCURVE('',#3564,#5916);
#5916 = DEFINITIONAL_REPRESENTATION('',(#5917),#5950);
#5917 = B_SPLINE_CURVE_WITH_KNOTS('',6,(#5918,#5919,#5920,#5921,#5922,
    #5923,#5924,#5925,#5926,#5927,#5928,#5929,#5930,#5931,#5932,#5933,
    #5934,#5935,#5936,#5937,#5938,#5939,#5940,#5941,#5942,#5943,#5944,
    #5945,#5946,#5947,#5948,#5949),.UNSPECIFIED.,.F.,.F.,(7,5,5,5,5,5,7)
  ,(0.,0.223052347017,0.328552237994,0.410465689064,0.638641835401,
    0.880131871349,1.),.UNSPECIFIED.);
#5918 = CARTESIAN_POINT('',(-5.140426043712,5.4));
#5919 = CARTESIAN_POINT('',(-5.140426043712,5.507528013852));
#5920 = CARTESIAN_POINT('',(-5.142067514287,5.614073605299));
#5921 = CARTESIAN_POINT('',(-5.145294529734,5.718461213109));
#5922 = CARTESIAN_POINT('',(-5.149967563011,5.819489268522));
#5923 = CARTESIAN_POINT('',(-5.155861789936,5.915913699556));
#5924 = CARTESIAN_POINT('',(-5.165875910283,6.049322003158));
#5925 = CARTESIAN_POINT('',(-5.169308112748,6.091041235542));
#5926 = CARTESIAN_POINT('',(-5.172938056254,6.131637965963));
#5927 = CARTESIAN_POINT('',(-5.176748389207,6.171110541353));
#5928 = CARTESIAN_POINT('',(-5.180723281929,6.209459266002));
#5929 = CARTESIAN_POINT('',(-5.188051319454,6.27559072666));
#5930 = CARTESIAN_POINT('',(-5.191345368885,6.303824122248));
#5931 = CARTESIAN_POINT('',(-5.194724510489,6.33139232198));
#5932 = CARTESIAN_POINT('',(-5.198183343319,6.358301152188));
#5933 = CARTESIAN_POINT('',(-5.201717129941,6.384556531876));
#5934 = CARTESIAN_POINT('',(-5.215362869042,6.481497339066));
#5935 = CARTESIAN_POINT('',(-5.225959684598,6.54784724828));
#5936 = CARTESIAN_POINT('',(-5.237017450247,6.609276469334));
#5937 = CARTESIAN_POINT('',(-5.24847259034,6.665835380485));
#5938 = CARTESIAN_POINT('',(-5.260284740195,6.717519124347));
#5939 = CARTESIAN_POINT('',(-5.285281331833,6.813654607835));
#5940 = CARTESIAN_POINT('',(-5.298502821107,6.857497603781));
#5941 = CARTESIAN_POINT('',(-5.312042245974,6.895554260894));
#5942 = CARTESIAN_POINT('',(-5.325858240884,6.927541080256));
#5943 = CARTESIAN_POINT('',(-5.339912095461,6.953075209967));
#5944 = CARTESIAN_POINT('',(-5.361233433168,6.980884313839));
#5945 = CARTESIAN_POINT('',(-5.368352875677,6.98839518515));
#5946 = CARTESIAN_POINT('',(-5.375511075028,6.994128815504));
#5947 = CARTESIAN_POINT('',(-5.38269964225,6.998019654312));
#5948 = CARTESIAN_POINT('',(-5.389909865428,7.));
#5949 = CARTESIAN_POINT('',(-5.397132709701,7.));
#5950 = ( GEOMETRIC_REPRESENTATION_CONTEXT(2) 
PARAMETRIC_REPRESENTATION_CONTEXT() REPRESENTATION_CONTEXT('2D SPACE',''
  ) );
#5951 = PCURVE('',#3592,#5952);
#5952 = DEFINITIONAL_REPRESENTATION('',(#5953),#5986);
#5953 = B_SPLINE_CURVE_WITH_KNOTS('',6,(#5954,#5955,#5956,#5957,#5958,
    #5959,#5960,#5961,#5962,#5963,#5964,#5965,#5966,#5967,#5968,#5969,
    #5970,#5971,#5972,#5973,#5974,#5975,#5976,#5977,#5978,#5979,#5980,
    #5981,#5982,#5983,#5984,#5985),.UNSPECIFIED.,.F.,.F.,(7,5,5,5,5,5,7)
  ,(0.,0.223052347017,0.328552237994,0.410465689064,0.638641835401,
    0.880131871349,1.),.UNSPECIFIED.);
#5954 = CARTESIAN_POINT('',(0.,3.995383846177));
#5955 = CARTESIAN_POINT('',(6.720500865761E-02,3.995383846177));
#5956 = CARTESIAN_POINT('',(0.133795866385,4.008344395334));
#5957 = CARTESIAN_POINT('',(0.199585133159,4.03382441408));
#5958 = CARTESIAN_POINT('',(0.26431502456,4.070613942314));
#5959 = CARTESIAN_POINT('',(0.327600835866,4.116752044371));
#5960 = CARTESIAN_POINT('',(0.417705033401,4.19462526616));
#5961 = CARTESIAN_POINT('',(0.446293929793,4.221247615366));
#5962 = CARTESIAN_POINT('',(0.474561035754,4.249322205981));
#5963 = CARTESIAN_POINT('',(0.502527175514,4.2786971884));
#5964 = CARTESIAN_POINT('',(0.530211741836,4.3092334608));
#5965 = CARTESIAN_POINT('',(0.578923191836,4.365317553511));
#5966 = CARTESIAN_POINT('',(0.600058795192,4.390458796285));
#5967 = CARTESIAN_POINT('',(0.621051630724,4.416174170381));
#5968 = CARTESIAN_POINT('',(0.641913931433,4.442414877532));
#5969 = CARTESIAN_POINT('',(0.662658038673,4.469137548283));
#5970 = CARTESIAN_POINT('',(0.740786132898,4.571979132952));
#5971 = CARTESIAN_POINT('',(0.797488826204,4.651142673183));
#5972 = CARTESIAN_POINT('',(0.853630818148,4.732921312094));
#5973 = CARTESIAN_POINT('',(0.909439144151,4.816700822676));
#5974 = CARTESIAN_POINT('',(0.965150068258,4.902052695475));
#5975 = CARTESIAN_POINT('',(1.080144981617,5.080321865417));
#5976 = CARTESIAN_POINT('',(1.139434880719,5.173369717977));
#5977 = CARTESIAN_POINT('',(1.199092187055,5.267280824044));
#5978 = CARTESIAN_POINT('',(1.259316893217,5.361615826454));
#5979 = CARTESIAN_POINT('',(1.320313559705,5.455974835896));
#5980 = CARTESIAN_POINT('',(1.413069285953,5.596600816769));
#5981 = CARTESIAN_POINT('',(1.444076843673,5.643147150347));
#5982 = CARTESIAN_POINT('',(1.475337513568,5.689524094458));
#5983 = CARTESIAN_POINT('',(1.506866528614,5.735664929106));
#5984 = CARTESIAN_POINT('',(1.538680281934,5.781504110284));
#5985 = CARTESIAN_POINT('',(1.570796326795,5.826977269975));
#5986 = ( GEOMETRIC_REPRESENTATION_CONTEXT(2) 
PARAMETRIC_REPRESENTATION_CONTEXT() REPRESENTATION_CONTEXT('2D SPACE',''
  ) );
#5987 = ORIENTED_EDGE('',*,*,#3541,.F.);
#5988 = ORIENTED_EDGE('',*,*,#5989,.F.);
#5989 = EDGE_CURVE('',#5879,#3542,#5990,.T.);
#5990 = SURFACE_CURVE('',#5991,(#5995,#6002),.PCURVE_S1.);
#5991 = LINE('',#5992,#5993);
#5992 = CARTESIAN_POINT('',(-5.830951894845,3.5,-7.5));
#5993 = VECTOR('',#5994,1.);
#5994 = DIRECTION('',(-0.,-1.,2.22044604925E-16));
#5995 = PCURVE('',#3564,#5996);
#5996 = DEFINITIONAL_REPRESENTATION('',(#5997),#6001);
#5997 = LINE('',#5998,#5999);
#5998 = CARTESIAN_POINT('',(-5.373234276208,-1.665334536938E-15));
#5999 = VECTOR('',#6000,1.);
#6000 = DIRECTION('',(-0.,1.));
#6001 = ( GEOMETRIC_REPRESENTATION_CONTEXT(2) 
PARAMETRIC_REPRESENTATION_CONTEXT() REPRESENTATION_CONTEXT('2D SPACE',''
  ) );
#6002 = PCURVE('',#3618,#6003);
#6003 = DEFINITIONAL_REPRESENTATION('',(#6004),#6008);
#6004 = LINE('',#6005,#6006);
#6005 = CARTESIAN_POINT('',(-1.830951894845,7.));
#6006 = VECTOR('',#6007,1.);
#6007 = DIRECTION('',(-0.,-1.));
#6008 = ( GEOMETRIC_REPRESENTATION_CONTEXT(2) 
PARAMETRIC_REPRESENTATION_CONTEXT() REPRESENTATION_CONTEXT('2D SPACE',''
  ) );
#6009 = ADVANCED_FACE('',(#6010),#3618,.T.);
#6010 = FACE_BOUND('',#6011,.F.);
#6011 = EDGE_LOOP('',(#6012,#6013,#6014));
#6012 = ORIENTED_EDGE('',*,*,#5989,.T.);
#6013 = ORIENTED_EDGE('',*,*,#3604,.T.);
#6014 = ORIENTED_EDGE('',*,*,#6015,.F.);
#6015 = EDGE_CURVE('',#5879,#3577,#6016,.T.);
#6016 = SURFACE_CURVE('',#6017,(#6022,#6033),.PCURVE_S1.);
#6017 = ELLIPSE('',#6018,9.942912607034,1.6);
#6018 = AXIS2_PLACEMENT_3D('',#6019,#6020,#6021);
#6019 = CARTESIAN_POINT('',(-6.876245940367,-1.9,-7.5));
#6020 = DIRECTION('',(0.,0.,-1.));
#6021 = DIRECTION('',(-1.,-1.810146235802E-17,-0.));
#6022 = PCURVE('',#3618,#6023);
#6023 = DEFINITIONAL_REPRESENTATION('',(#6024),#6032);
#6024 = ( BOUNDED_CURVE() B_SPLINE_CURVE(2,(#6025,#6026,#6027,#6028,
#6029,#6030,#6031),.UNSPECIFIED.,.T.,.F.) B_SPLINE_CURVE_WITH_KNOTS((1,2
    ,2,2,2,1),(-2.094395102393,0.,2.094395102393,4.188790204786,
6.28318530718,8.377580409573),.UNSPECIFIED.) CURVE() 
GEOMETRIC_REPRESENTATION_ITEM() RATIONAL_B_SPLINE_CURVE((1.,0.5,1.,0.5,
1.,0.5,1.)) REPRESENTATION_ITEM('') );
#6025 = CARTESIAN_POINT('',(-12.8191585474,1.6));
#6026 = CARTESIAN_POINT('',(-12.8191585474,4.37128129211));
#6027 = CARTESIAN_POINT('',(2.09521036315,2.985640646055));
#6028 = CARTESIAN_POINT('',(17.0095792737,1.6));
#6029 = CARTESIAN_POINT('',(2.09521036315,0.214359353945));
#6030 = CARTESIAN_POINT('',(-12.8191585474,-1.17128129211));
#6031 = CARTESIAN_POINT('',(-12.8191585474,1.6));
#6032 = ( GEOMETRIC_REPRESENTATION_CONTEXT(2) 
PARAMETRIC_REPRESENTATION_CONTEXT() REPRESENTATION_CONTEXT('2D SPACE',''
  ) );
#6033 = PCURVE('',#3592,#6034);
#6034 = DEFINITIONAL_REPRESENTATION('',(#6035),#6042);
#6035 = B_SPLINE_CURVE_WITH_KNOTS('',5,(#6036,#6037,#6038,#6039,#6040,
    #6041),.UNSPECIFIED.,.F.,.F.,(6,6),(4.333664845991,4.712388980385),
  .PIECEWISE_BEZIER_KNOTS.);
#6036 = CARTESIAN_POINT('',(1.192072192401,3.07783723705));
#6037 = CARTESIAN_POINT('',(1.26781701928,3.768473441572));
#6038 = CARTESIAN_POINT('',(1.343561846159,4.485130430661));
#6039 = CARTESIAN_POINT('',(1.419306673037,5.219554527748));
#6040 = CARTESIAN_POINT('',(1.495051499916,5.962863909199));
#6041 = CARTESIAN_POINT('',(1.570796326795,6.706173143635));
#6042 = ( GEOMETRIC_REPRESENTATION_CONTEXT(2) 
PARAMETRIC_REPRESENTATION_CONTEXT() REPRESENTATION_CONTEXT('2D SPACE',''
  ) );
#6043 = ADVANCED_FACE('',(#6044),#3592,.T.);
#6044 = FACE_BOUND('',#6045,.T.);
#6045 = EDGE_LOOP('',(#6046,#6047,#6048));
#6046 = ORIENTED_EDGE('',*,*,#5878,.T.);
#6047 = ORIENTED_EDGE('',*,*,#3576,.T.);
#6048 = ORIENTED_EDGE('',*,*,#6015,.F.);
#6049 = ADVANCED_FACE('',(#6050),#3653,.F.);
#6050 = FACE_BOUND('',#6051,.T.);
#6051 = EDGE_LOOP('',(#6052,#6053,#6076,#6102));
#6052 = ORIENTED_EDGE('',*,*,#3632,.F.);
#6053 = ORIENTED_EDGE('',*,*,#6054,.F.);
#6054 = EDGE_CURVE('',#6055,#3633,#6057,.T.);
#6055 = VERTEX_POINT('',#6056);
#6056 = CARTESIAN_POINT('',(-2.8,3.5,-4.637576025975E-16));
#6057 = SEAM_CURVE('',#6058,(#6062,#6069),.PCURVE_S1.);
#6058 = LINE('',#6059,#6060);
#6059 = CARTESIAN_POINT('',(-2.8,4.5,-6.858022075225E-16));
#6060 = VECTOR('',#6061,1.);
#6061 = DIRECTION('',(0.,-1.,2.22044604925E-16));
#6062 = PCURVE('',#3653,#6063);
#6063 = DEFINITIONAL_REPRESENTATION('',(#6064),#6068);
#6064 = LINE('',#6065,#6066);
#6065 = CARTESIAN_POINT('',(-6.28318530718,-0.));
#6066 = VECTOR('',#6067,1.);
#6067 = DIRECTION('',(-0.,1.));
#6068 = ( GEOMETRIC_REPRESENTATION_CONTEXT(2) 
PARAMETRIC_REPRESENTATION_CONTEXT() REPRESENTATION_CONTEXT('2D SPACE',''
  ) );
#6069 = PCURVE('',#3653,#6070);
#6070 = DEFINITIONAL_REPRESENTATION('',(#6071),#6075);
#6071 = LINE('',#6072,#6073);
#6072 = CARTESIAN_POINT('',(-0.,-0.));
#6073 = VECTOR('',#6074,1.);
#6074 = DIRECTION('',(-0.,1.));
#6075 = ( GEOMETRIC_REPRESENTATION_CONTEXT(2) 
PARAMETRIC_REPRESENTATION_CONTEXT() REPRESENTATION_CONTEXT('2D SPACE',''
  ) );
#6076 = ORIENTED_EDGE('',*,*,#6077,.T.);
#6077 = EDGE_CURVE('',#6055,#6055,#6078,.T.);
#6078 = SURFACE_CURVE('',#6079,(#6084,#6091),.PCURVE_S1.);
#6079 = CIRCLE('',#6080,2.8);
#6080 = AXIS2_PLACEMENT_3D('',#6081,#6082,#6083);
#6081 = CARTESIAN_POINT('',(0.,3.5,2.22044604925E-16));
#6082 = DIRECTION('',(0.,1.,-2.22044604925E-16));
#6083 = DIRECTION('',(-1.,-0.,-0.));
#6084 = PCURVE('',#3653,#6085);
#6085 = DEFINITIONAL_REPRESENTATION('',(#6086),#6090);
#6086 = LINE('',#6087,#6088);
#6087 = CARTESIAN_POINT('',(-0.,1.));
#6088 = VECTOR('',#6089,1.);
#6089 = DIRECTION('',(-1.,0.));
#6090 = ( GEOMETRIC_REPRESENTATION_CONTEXT(2) 
PARAMETRIC_REPRESENTATION_CONTEXT() REPRESENTATION_CONTEXT('2D SPACE',''
  ) );
#6091 = PCURVE('',#4020,#6092);
#6092 = DEFINITIONAL_REPRESENTATION('',(#6093),#6101);
#6093 = ( BOUNDED_CURVE() B_SPLINE_CURVE(2,(#6094,#6095,#6096,#6097,
#6098,#6099,#6100),.UNSPECIFIED.,.T.,.F.) B_SPLINE_CURVE_WITH_KNOTS((1,2
    ,2,2,2,1),(-2.094395102393,0.,2.094395102393,4.188790204786,
6.28318530718,8.377580409573),.UNSPECIFIED.) CURVE() 
GEOMETRIC_REPRESENTATION_ITEM() RATIONAL_B_SPLINE_CURVE((1.,0.5,1.,0.5,
1.,0.5,1.)) REPRESENTATION_ITEM('') );
#6094 = CARTESIAN_POINT('',(-2.8,2.22044604925E-16));
#6095 = CARTESIAN_POINT('',(-2.8,4.849742261193));
#6096 = CARTESIAN_POINT('',(1.4,2.424871130596));
#6097 = CARTESIAN_POINT('',(5.6,9.078468124475E-16));
#6098 = CARTESIAN_POINT('',(1.4,-2.424871130596));
#6099 = CARTESIAN_POINT('',(-2.8,-4.849742261193));
#6100 = CARTESIAN_POINT('',(-2.8,2.22044604925E-16));
#6101 = ( GEOMETRIC_REPRESENTATION_CONTEXT(2) 
PARAMETRIC_REPRESENTATION_CONTEXT() REPRESENTATION_CONTEXT('2D SPACE',''
  ) );
#6102 = ORIENTED_EDGE('',*,*,#6054,.T.);
#6103 = ADVANCED_FACE('',(#6104),#3686,.T.);
#6104 = FACE_BOUND('',#6105,.F.);
#6105 = EDGE_LOOP('',(#6106,#6129,#6130,#6131));
#6106 = ORIENTED_EDGE('',*,*,#6107,.F.);
#6107 = EDGE_CURVE('',#3671,#6108,#6110,.T.);
#6108 = VERTEX_POINT('',#6109);
#6109 = CARTESIAN_POINT('',(-1.874145879602,1.9,9.674061586156));
#6110 = SURFACE_CURVE('',#6111,(#6115,#6122),.PCURVE_S1.);
#6111 = LINE('',#6112,#6113);
#6112 = CARTESIAN_POINT('',(-1.874145879602,-3.5,9.674061586156));
#6113 = VECTOR('',#6114,1.);
#6114 = DIRECTION('',(-0.,1.,-1.110223024625E-16));
#6115 = PCURVE('',#3686,#6116);
#6116 = DEFINITIONAL_REPRESENTATION('',(#6117),#6121);
#6117 = LINE('',#6118,#6119);
#6118 = CARTESIAN_POINT('',(-184.8596032573,3.5));
#6119 = VECTOR('',#6120,1.);
#6120 = DIRECTION('',(-0.,-1.));
#6121 = ( GEOMETRIC_REPRESENTATION_CONTEXT(2) 
PARAMETRIC_REPRESENTATION_CONTEXT() REPRESENTATION_CONTEXT('2D SPACE',''
  ) );
#6122 = PCURVE('',#5423,#6123);
#6123 = DEFINITIONAL_REPRESENTATION('',(#6124),#6128);
#6124 = LINE('',#6125,#6126);
#6125 = CARTESIAN_POINT('',(-1.742987141318,0.));
#6126 = VECTOR('',#6127,1.);
#6127 = DIRECTION('',(-0.,1.));
#6128 = ( GEOMETRIC_REPRESENTATION_CONTEXT(2) 
PARAMETRIC_REPRESENTATION_CONTEXT() REPRESENTATION_CONTEXT('2D SPACE',''
  ) );
#6129 = ORIENTED_EDGE('',*,*,#3668,.F.);
#6130 = ORIENTED_EDGE('',*,*,#3880,.F.);
#6131 = ORIENTED_EDGE('',*,*,#6132,.T.);
#6132 = EDGE_CURVE('',#3881,#6108,#6133,.T.);
#6133 = SURFACE_CURVE('',#6134,(#6138,#6145),.PCURVE_S1.);
#6134 = LINE('',#6135,#6136);
#6135 = CARTESIAN_POINT('',(-184.,1.9,-22.));
#6136 = VECTOR('',#6137,1.);
#6137 = DIRECTION('',(0.98521175482,1.902269172752E-17,0.171341174751));
#6138 = PCURVE('',#3686,#6139);
#6139 = DEFINITIONAL_REPRESENTATION('',(#6140),#6144);
#6140 = LINE('',#6141,#6142);
#6141 = CARTESIAN_POINT('',(-0.,-1.9));
#6142 = VECTOR('',#6143,1.);
#6143 = DIRECTION('',(-1.,0.));
#6144 = ( GEOMETRIC_REPRESENTATION_CONTEXT(2) 
PARAMETRIC_REPRESENTATION_CONTEXT() REPRESENTATION_CONTEXT('2D SPACE',''
  ) );
#6145 = PCURVE('',#3967,#6146);
#6146 = DEFINITIONAL_REPRESENTATION('',(#6147),#6151);
#6147 = LINE('',#6148,#6149);
#6148 = CARTESIAN_POINT('',(-0.,0.));
#6149 = VECTOR('',#6150,1.);
#6150 = DIRECTION('',(-0.,1.));
#6151 = ( GEOMETRIC_REPRESENTATION_CONTEXT(2) 
PARAMETRIC_REPRESENTATION_CONTEXT() REPRESENTATION_CONTEXT('2D SPACE',''
  ) );
#6152 = ADVANCED_FACE('',(#6153),#3863,.T.);
#6153 = FACE_BOUND('',#6154,.T.);
#6154 = EDGE_LOOP('',(#6155,#6156,#6157));
#6155 = ORIENTED_EDGE('',*,*,#3848,.F.);
#6156 = ORIENTED_EDGE('',*,*,#5297,.F.);
#6157 = ORIENTED_EDGE('',*,*,#6158,.F.);
#6158 = EDGE_CURVE('',#3671,#5298,#6159,.T.);
#6159 = SURFACE_CURVE('',#6160,(#6165,#6172),.PCURVE_S1.);
#6160 = CIRCLE('',#6161,1.6);
#6161 = AXIS2_PLACEMENT_3D('',#6162,#6163,#6164);
#6162 = CARTESIAN_POINT('',(-1.6,-1.9,8.097722778445));
#6163 = DIRECTION('',(-2.1532115576E-34,1.,-1.110223024625E-16));
#6164 = DIRECTION('',(-0.171341174751,1.093804774332E-16,0.98521175482)
  );
#6165 = PCURVE('',#3863,#6166);
#6166 = DEFINITIONAL_REPRESENTATION('',(#6167),#6171);
#6167 = LINE('',#6168,#6169);
#6168 = CARTESIAN_POINT('',(0.,0.));
#6169 = VECTOR('',#6170,1.);
#6170 = DIRECTION('',(1.,0.));
#6171 = ( GEOMETRIC_REPRESENTATION_CONTEXT(2) 
PARAMETRIC_REPRESENTATION_CONTEXT() REPRESENTATION_CONTEXT('2D SPACE',''
  ) );
#6172 = PCURVE('',#5423,#6173);
#6173 = DEFINITIONAL_REPRESENTATION('',(#6174),#6178);
#6174 = LINE('',#6175,#6176);
#6175 = CARTESIAN_POINT('',(-1.742987141318,1.6));
#6176 = VECTOR('',#6177,1.);
#6177 = DIRECTION('',(1.,-0.));
#6178 = ( GEOMETRIC_REPRESENTATION_CONTEXT(2) 
PARAMETRIC_REPRESENTATION_CONTEXT() REPRESENTATION_CONTEXT('2D SPACE',''
  ) );
#6179 = ADVANCED_FACE('',(#6180),#4152,.T.);
#6180 = FACE_BOUND('',#6181,.F.);
#6181 = EDGE_LOOP('',(#6182,#6183,#6184,#6207));
#6182 = ORIENTED_EDGE('',*,*,#4136,.T.);
#6183 = ORIENTED_EDGE('',*,*,#4347,.F.);
#6184 = ORIENTED_EDGE('',*,*,#6185,.F.);
#6185 = EDGE_CURVE('',#6186,#4263,#6188,.T.);
#6186 = VERTEX_POINT('',#6187);
#6187 = CARTESIAN_POINT('',(-182.6741458796,1.9,-21.76941667471));
#6188 = SURFACE_CURVE('',#6189,(#6193,#6200),.PCURVE_S1.);
#6189 = LINE('',#6190,#6191);
#6190 = CARTESIAN_POINT('',(-182.6741458796,3.5,-21.76941667471));
#6191 = VECTOR('',#6192,1.);
#6192 = DIRECTION('',(-0.,-1.,1.110223024625E-16));
#6193 = PCURVE('',#4152,#6194);
#6194 = DEFINITIONAL_REPRESENTATION('',(#6195),#6199);
#6195 = LINE('',#6196,#6197);
#6196 = CARTESIAN_POINT('',(-1.345755482425,-3.5));
#6197 = VECTOR('',#6198,1.);
#6198 = DIRECTION('',(-0.,1.));
#6199 = ( GEOMETRIC_REPRESENTATION_CONTEXT(2) 
PARAMETRIC_REPRESENTATION_CONTEXT() REPRESENTATION_CONTEXT('2D SPACE',''
  ) );
#6200 = PCURVE('',#4812,#6201);
#6201 = DEFINITIONAL_REPRESENTATION('',(#6202),#6206);
#6202 = LINE('',#6203,#6204);
#6203 = CARTESIAN_POINT('',(0.,0.));
#6204 = VECTOR('',#6205,1.);
#6205 = DIRECTION('',(0.,1.));
#6206 = ( GEOMETRIC_REPRESENTATION_CONTEXT(2) 
PARAMETRIC_REPRESENTATION_CONTEXT() REPRESENTATION_CONTEXT('2D SPACE',''
  ) );
#6207 = ORIENTED_EDGE('',*,*,#6208,.T.);
#6208 = EDGE_CURVE('',#6186,#4037,#6209,.T.);
#6209 = SURFACE_CURVE('',#6210,(#6214,#6221),.PCURVE_S1.);
#6210 = LINE('',#6211,#6212);
#6211 = CARTESIAN_POINT('',(-184.,1.9,-22.));
#6212 = VECTOR('',#6213,1.);
#6213 = DIRECTION('',(0.98521175482,1.902269172752E-17,0.171341174751));
#6214 = PCURVE('',#4152,#6215);
#6215 = DEFINITIONAL_REPRESENTATION('',(#6216),#6220);
#6216 = LINE('',#6217,#6218);
#6217 = CARTESIAN_POINT('',(-0.,-1.9));
#6218 = VECTOR('',#6219,1.);
#6219 = DIRECTION('',(-1.,0.));
#6220 = ( GEOMETRIC_REPRESENTATION_CONTEXT(2) 
PARAMETRIC_REPRESENTATION_CONTEXT() REPRESENTATION_CONTEXT('2D SPACE',''
  ) );
#6221 = PCURVE('',#4100,#6222);
#6222 = DEFINITIONAL_REPRESENTATION('',(#6223),#6227);
#6223 = LINE('',#6224,#6225);
#6224 = CARTESIAN_POINT('',(-0.,0.));
#6225 = VECTOR('',#6226,1.);
#6226 = DIRECTION('',(-0.,1.));
#6227 = ( GEOMETRIC_REPRESENTATION_CONTEXT(2) 
PARAMETRIC_REPRESENTATION_CONTEXT() REPRESENTATION_CONTEXT('2D SPACE',''
  ) );
#6228 = ADVANCED_FACE('',(#6229),#4100,.T.);
#6229 = FACE_BOUND('',#6230,.F.);
#6230 = EDGE_LOOP('',(#6231,#6253,#6254,#6275,#6276));
#6231 = ORIENTED_EDGE('',*,*,#6232,.F.);
#6232 = EDGE_CURVE('',#4680,#6186,#6233,.T.);
#6233 = SURFACE_CURVE('',#6234,(#6239,#6246),.PCURVE_S1.);
#6234 = CIRCLE('',#6235,1.6);
#6235 = AXIS2_PLACEMENT_3D('',#6236,#6237,#6238);
#6236 = CARTESIAN_POINT('',(-182.4,1.9,-23.34575548242));
#6237 = DIRECTION('',(0.98521175482,1.902269172752E-17,0.171341174751));
#6238 = DIRECTION('',(-0.171341174751,1.093804774332E-16,0.98521175482)
  );
#6239 = PCURVE('',#4100,#6240);
#6240 = DEFINITIONAL_REPRESENTATION('',(#6241),#6245);
#6241 = LINE('',#6242,#6243);
#6242 = CARTESIAN_POINT('',(-6.28318530718,1.345755482425));
#6243 = VECTOR('',#6244,1.);
#6244 = DIRECTION('',(1.,-0.));
#6245 = ( GEOMETRIC_REPRESENTATION_CONTEXT(2) 
PARAMETRIC_REPRESENTATION_CONTEXT() REPRESENTATION_CONTEXT('2D SPACE',''
  ) );
#6246 = PCURVE('',#4773,#6247);
#6247 = DEFINITIONAL_REPRESENTATION('',(#6248),#6252);
#6248 = LINE('',#6249,#6250);
#6249 = CARTESIAN_POINT('',(0.,-6.28318530718));
#6250 = VECTOR('',#6251,1.);
#6251 = DIRECTION('',(0.,1.));
#6252 = ( GEOMETRIC_REPRESENTATION_CONTEXT(2) 
PARAMETRIC_REPRESENTATION_CONTEXT() REPRESENTATION_CONTEXT('2D SPACE',''
  ) );
#6253 = ORIENTED_EDGE('',*,*,#4679,.T.);
#6254 = ORIENTED_EDGE('',*,*,#6255,.T.);
#6255 = EDGE_CURVE('',#4656,#4004,#6256,.T.);
#6256 = SURFACE_CURVE('',#6257,(#6261,#6268),.PCURVE_S1.);
#6257 = LINE('',#6258,#6259);
#6258 = CARTESIAN_POINT('',(-183.7258541203,3.5,-23.57633880771));
#6259 = VECTOR('',#6260,1.);
#6260 = DIRECTION('',(0.98521175482,1.902269172752E-17,0.171341174751));
#6261 = PCURVE('',#4100,#6262);
#6262 = DEFINITIONAL_REPRESENTATION('',(#6263),#6267);
#6263 = LINE('',#6264,#6265);
#6264 = CARTESIAN_POINT('',(-1.570796326795,0.));
#6265 = VECTOR('',#6266,1.);
#6266 = DIRECTION('',(-0.,1.));
#6267 = ( GEOMETRIC_REPRESENTATION_CONTEXT(2) 
PARAMETRIC_REPRESENTATION_CONTEXT() REPRESENTATION_CONTEXT('2D SPACE',''
  ) );
#6268 = PCURVE('',#4020,#6269);
#6269 = DEFINITIONAL_REPRESENTATION('',(#6270),#6274);
#6270 = LINE('',#6271,#6272);
#6271 = CARTESIAN_POINT('',(-183.7258541203,-23.57633880771));
#6272 = VECTOR('',#6273,1.);
#6273 = DIRECTION('',(0.98521175482,0.171341174751));
#6274 = ( GEOMETRIC_REPRESENTATION_CONTEXT(2) 
PARAMETRIC_REPRESENTATION_CONTEXT() REPRESENTATION_CONTEXT('2D SPACE',''
  ) );
#6275 = ORIENTED_EDGE('',*,*,#4036,.T.);
#6276 = ORIENTED_EDGE('',*,*,#6208,.F.);
#6277 = ADVANCED_FACE('',(#6278,#6329,#6420),#4020,.F.);
#6278 = FACE_BOUND('',#6279,.T.);
#6279 = EDGE_LOOP('',(#6280,#6301,#6302,#6303,#6304,#6305,#6326,#6327,
    #6328));
#6280 = ORIENTED_EDGE('',*,*,#6281,.T.);
#6281 = EDGE_CURVE('',#3904,#5551,#6282,.T.);
#6282 = SURFACE_CURVE('',#6283,(#6287,#6294),.PCURVE_S1.);
#6283 = LINE('',#6284,#6285);
#6284 = CARTESIAN_POINT('',(-183.7258541203,3.5,-23.57633880771));
#6285 = VECTOR('',#6286,1.);
#6286 = DIRECTION('',(0.98521175482,1.902269172752E-17,0.171341174751));
#6287 = PCURVE('',#4020,#6288);
#6288 = DEFINITIONAL_REPRESENTATION('',(#6289),#6293);
#6289 = LINE('',#6290,#6291);
#6290 = CARTESIAN_POINT('',(-183.7258541203,-23.57633880771));
#6291 = VECTOR('',#6292,1.);
#6292 = DIRECTION('',(0.98521175482,0.171341174751));
#6293 = ( GEOMETRIC_REPRESENTATION_CONTEXT(2) 
PARAMETRIC_REPRESENTATION_CONTEXT() REPRESENTATION_CONTEXT('2D SPACE',''
  ) );
#6294 = PCURVE('',#3967,#6295);
#6295 = DEFINITIONAL_REPRESENTATION('',(#6296),#6300);
#6296 = LINE('',#6297,#6298);
#6297 = CARTESIAN_POINT('',(-1.570796326795,0.));
#6298 = VECTOR('',#6299,1.);
#6299 = DIRECTION('',(-0.,1.));
#6300 = ( GEOMETRIC_REPRESENTATION_CONTEXT(2) 
PARAMETRIC_REPRESENTATION_CONTEXT() REPRESENTATION_CONTEXT('2D SPACE',''
  ) );
#6301 = ORIENTED_EDGE('',*,*,#5606,.T.);
#6302 = ORIENTED_EDGE('',*,*,#5121,.F.);
#6303 = ORIENTED_EDGE('',*,*,#5095,.T.);
#6304 = ORIENTED_EDGE('',*,*,#4989,.T.);
#6305 = ORIENTED_EDGE('',*,*,#6306,.T.);
#6306 = EDGE_CURVE('',#4990,#4526,#6307,.T.);
#6307 = SURFACE_CURVE('',#6308,(#6312,#6319),.PCURVE_S1.);
#6308 = LINE('',#6309,#6310);
#6309 = CARTESIAN_POINT('',(-0.257469828126,3.5,-6.42085172083));
#6310 = VECTOR('',#6311,1.);
#6311 = DIRECTION('',(-0.986967674481,-1.78655582082E-17,-0.160918642578
    ));
#6312 = PCURVE('',#4020,#6313);
#6313 = DEFINITIONAL_REPRESENTATION('',(#6314),#6318);
#6314 = LINE('',#6315,#6316);
#6315 = CARTESIAN_POINT('',(-0.257469828126,-6.42085172083));
#6316 = VECTOR('',#6317,1.);
#6317 = DIRECTION('',(-0.986967674481,-0.160918642578));
#6318 = ( GEOMETRIC_REPRESENTATION_CONTEXT(2) 
PARAMETRIC_REPRESENTATION_CONTEXT() REPRESENTATION_CONTEXT('2D SPACE',''
  ) );
#6319 = PCURVE('',#4609,#6320);
#6320 = DEFINITIONAL_REPRESENTATION('',(#6321),#6325);
#6321 = LINE('',#6322,#6323);
#6322 = CARTESIAN_POINT('',(-1.570796326795,0.));
#6323 = VECTOR('',#6324,1.);
#6324 = DIRECTION('',(-0.,1.));
#6325 = ( GEOMETRIC_REPRESENTATION_CONTEXT(2) 
PARAMETRIC_REPRESENTATION_CONTEXT() REPRESENTATION_CONTEXT('2D SPACE',''
  ) );
#6326 = ORIENTED_EDGE('',*,*,#4655,.F.);
#6327 = ORIENTED_EDGE('',*,*,#6255,.T.);
#6328 = ORIENTED_EDGE('',*,*,#4003,.F.);
#6329 = FACE_BOUND('',#6330,.T.);
#6330 = EDGE_LOOP('',(#6331,#6366,#6394));
#6331 = ORIENTED_EDGE('',*,*,#6332,.T.);
#6332 = EDGE_CURVE('',#6333,#6335,#6337,.T.);
#6333 = VERTEX_POINT('',#6334);
#6334 = CARTESIAN_POINT('',(-5.830951894845,3.5,-7.5));
#6335 = VERTEX_POINT('',#6336);
#6336 = CARTESIAN_POINT('',(-6.008508033527,3.5,-7.35852099345));
#6337 = SURFACE_CURVE('',#6338,(#6343,#6354),.PCURVE_S1.);
#6338 = CIRCLE('',#6339,9.5);
#6339 = AXIS2_PLACEMENT_3D('',#6340,#6341,#6342);
#6340 = CARTESIAN_POINT('',(0.,3.5,0.));
#6341 = DIRECTION('',(0.,1.,-2.22044604925E-16));
#6342 = DIRECTION('',(-1.,0.,-0.));
#6343 = PCURVE('',#4020,#6344);
#6344 = DEFINITIONAL_REPRESENTATION('',(#6345),#6353);
#6345 = ( BOUNDED_CURVE() B_SPLINE_CURVE(2,(#6346,#6347,#6348,#6349,
#6350,#6351,#6352),.UNSPECIFIED.,.T.,.F.) B_SPLINE_CURVE_WITH_KNOTS((1,2
    ,2,2,2,1),(-2.094395102393,0.,2.094395102393,4.188790204786,
6.28318530718,8.377580409573),.UNSPECIFIED.) CURVE() 
GEOMETRIC_REPRESENTATION_ITEM() RATIONAL_B_SPLINE_CURVE((1.,0.5,1.,0.5,
1.,0.5,1.)) REPRESENTATION_ITEM('') );
#6346 = CARTESIAN_POINT('',(-9.5,0.));
#6347 = CARTESIAN_POINT('',(-9.5,16.454482671904));
#6348 = CARTESIAN_POINT('',(4.75,8.227241335952));
#6349 = CARTESIAN_POINT('',(19.,2.32682891838E-15));
#6350 = CARTESIAN_POINT('',(4.75,-8.227241335952));
#6351 = CARTESIAN_POINT('',(-9.5,-16.4544826719));
#6352 = CARTESIAN_POINT('',(-9.5,0.));
#6353 = ( GEOMETRIC_REPRESENTATION_CONTEXT(2) 
PARAMETRIC_REPRESENTATION_CONTEXT() REPRESENTATION_CONTEXT('2D SPACE',''
  ) );
#6354 = PCURVE('',#6355,#6360);
#6355 = CYLINDRICAL_SURFACE('',#6356,9.5);
#6356 = AXIS2_PLACEMENT_3D('',#6357,#6358,#6359);
#6357 = CARTESIAN_POINT('',(0.,3.5,0.));
#6358 = DIRECTION('',(0.,-1.,2.22044604925E-16));
#6359 = DIRECTION('',(-1.,0.,-0.));
#6360 = DEFINITIONAL_REPRESENTATION('',(#6361),#6365);
#6361 = LINE('',#6362,#6363);
#6362 = CARTESIAN_POINT('',(-0.,0.));
#6363 = VECTOR('',#6364,1.);
#6364 = DIRECTION('',(-1.,0.));
#6365 = ( GEOMETRIC_REPRESENTATION_CONTEXT(2) 
PARAMETRIC_REPRESENTATION_CONTEXT() REPRESENTATION_CONTEXT('2D SPACE',''
  ) );
#6366 = ORIENTED_EDGE('',*,*,#6367,.T.);
#6367 = EDGE_CURVE('',#6335,#6368,#6370,.T.);
#6368 = VERTEX_POINT('',#6369);
#6369 = CARTESIAN_POINT('',(-6.876245940367,3.5,-7.5));
#6370 = SURFACE_CURVE('',#6371,(#6375,#6382),.PCURVE_S1.);
#6371 = LINE('',#6372,#6373);
#6372 = CARTESIAN_POINT('',(-0.257469828126,3.5,-6.42085172083));
#6373 = VECTOR('',#6374,1.);
#6374 = DIRECTION('',(-0.986967674481,-1.78655582082E-17,-0.160918642578
    ));
#6375 = PCURVE('',#4020,#6376);
#6376 = DEFINITIONAL_REPRESENTATION('',(#6377),#6381);
#6377 = LINE('',#6378,#6379);
#6378 = CARTESIAN_POINT('',(-0.257469828126,-6.42085172083));
#6379 = VECTOR('',#6380,1.);
#6380 = DIRECTION('',(-0.986967674481,-0.160918642578));
#6381 = ( GEOMETRIC_REPRESENTATION_CONTEXT(2) 
PARAMETRIC_REPRESENTATION_CONTEXT() REPRESENTATION_CONTEXT('2D SPACE',''
  ) );
#6382 = PCURVE('',#6383,#6388);
#6383 = CYLINDRICAL_SURFACE('',#6384,1.6);
#6384 = AXIS2_PLACEMENT_3D('',#6385,#6386,#6387);
#6385 = CARTESIAN_POINT('',(-0.257469828126,1.9,-6.42085172083));
#6386 = DIRECTION('',(-0.986967674481,-1.78655582082E-17,-0.160918642578
    ));
#6387 = DIRECTION('',(0.160918642578,-1.09575423677E-16,-0.986967674481)
  );
#6388 = DEFINITIONAL_REPRESENTATION('',(#6389),#6393);
#6389 = LINE('',#6390,#6391);
#6390 = CARTESIAN_POINT('',(-1.570796326795,0.));
#6391 = VECTOR('',#6392,1.);
#6392 = DIRECTION('',(-0.,1.));
#6393 = ( GEOMETRIC_REPRESENTATION_CONTEXT(2) 
PARAMETRIC_REPRESENTATION_CONTEXT() REPRESENTATION_CONTEXT('2D SPACE',''
  ) );
#6394 = ORIENTED_EDGE('',*,*,#6395,.F.);
#6395 = EDGE_CURVE('',#6333,#6368,#6396,.T.);
#6396 = SURFACE_CURVE('',#6397,(#6401,#6408),.PCURVE_S1.);
#6397 = LINE('',#6398,#6399);
#6398 = CARTESIAN_POINT('',(-4.,3.5,-7.5));
#6399 = VECTOR('',#6400,1.);
#6400 = DIRECTION('',(-1.,-0.,-0.));
#6401 = PCURVE('',#4020,#6402);
#6402 = DEFINITIONAL_REPRESENTATION('',(#6403),#6407);
#6403 = LINE('',#6404,#6405);
#6404 = CARTESIAN_POINT('',(-4.,-7.5));
#6405 = VECTOR('',#6406,1.);
#6406 = DIRECTION('',(-1.,0.));
#6407 = ( GEOMETRIC_REPRESENTATION_CONTEXT(2) 
PARAMETRIC_REPRESENTATION_CONTEXT() REPRESENTATION_CONTEXT('2D SPACE',''
  ) );
#6408 = PCURVE('',#6409,#6414);
#6409 = PLANE('',#6410);
#6410 = AXIS2_PLACEMENT_3D('',#6411,#6412,#6413);
#6411 = CARTESIAN_POINT('',(-4.,-3.5,-7.5));
#6412 = DIRECTION('',(-0.,-0.,1.));
#6413 = DIRECTION('',(1.,0.,0.));
#6414 = DEFINITIONAL_REPRESENTATION('',(#6415),#6419);
#6415 = LINE('',#6416,#6417);
#6416 = CARTESIAN_POINT('',(0.,7.));
#6417 = VECTOR('',#6418,1.);
#6418 = DIRECTION('',(-1.,0.));
#6419 = ( GEOMETRIC_REPRESENTATION_CONTEXT(2) 
PARAMETRIC_REPRESENTATION_CONTEXT() REPRESENTATION_CONTEXT('2D SPACE',''
  ) );
#6420 = FACE_BOUND('',#6421,.T.);
#6421 = EDGE_LOOP('',(#6422));
#6422 = ORIENTED_EDGE('',*,*,#6077,.F.);
#6423 = ADVANCED_FACE('',(#6424),#3967,.T.);
#6424 = FACE_BOUND('',#6425,.F.);
#6425 = EDGE_LOOP('',(#6426,#6427,#6428,#6429,#6430));
#6426 = ORIENTED_EDGE('',*,*,#6132,.F.);
#6427 = ORIENTED_EDGE('',*,*,#3903,.T.);
#6428 = ORIENTED_EDGE('',*,*,#6281,.T.);
#6429 = ORIENTED_EDGE('',*,*,#5550,.T.);
#6430 = ORIENTED_EDGE('',*,*,#6431,.T.);
#6431 = EDGE_CURVE('',#5436,#6108,#6432,.T.);
#6432 = SURFACE_CURVE('',#6433,(#6438,#6445),.PCURVE_S1.);
#6433 = CIRCLE('',#6434,1.6);
#6434 = AXIS2_PLACEMENT_3D('',#6435,#6436,#6437);
#6435 = CARTESIAN_POINT('',(-1.6,1.9,8.097722778445));
#6436 = DIRECTION('',(0.98521175482,1.902269172752E-17,0.171341174751));
#6437 = DIRECTION('',(-0.171341174751,1.093804774332E-16,0.98521175482)
  );
#6438 = PCURVE('',#3967,#6439);
#6439 = DEFINITIONAL_REPRESENTATION('',(#6440),#6444);
#6440 = LINE('',#6441,#6442);
#6441 = CARTESIAN_POINT('',(-6.28318530718,184.8596032573));
#6442 = VECTOR('',#6443,1.);
#6443 = DIRECTION('',(1.,-0.));
#6444 = ( GEOMETRIC_REPRESENTATION_CONTEXT(2) 
PARAMETRIC_REPRESENTATION_CONTEXT() REPRESENTATION_CONTEXT('2D SPACE',''
  ) );
#6445 = PCURVE('',#5509,#6446);
#6446 = DEFINITIONAL_REPRESENTATION('',(#6447),#6451);
#6447 = LINE('',#6448,#6449);
#6448 = CARTESIAN_POINT('',(-0.,-6.28318530718));
#6449 = VECTOR('',#6450,1.);
#6450 = DIRECTION('',(-0.,1.));
#6451 = ( GEOMETRIC_REPRESENTATION_CONTEXT(2) 
PARAMETRIC_REPRESENTATION_CONTEXT() REPRESENTATION_CONTEXT('2D SPACE',''
  ) );
#6452 = ADVANCED_FACE('',(#6453),#4279,.T.);
#6453 = FACE_BOUND('',#6454,.F.);
#6454 = EDGE_LOOP('',(#6455,#6456,#6457));
#6455 = ORIENTED_EDGE('',*,*,#4260,.F.);
#6456 = ORIENTED_EDGE('',*,*,#4824,.T.);
#6457 = ORIENTED_EDGE('',*,*,#6458,.F.);
#6458 = EDGE_CURVE('',#4263,#4797,#6459,.T.);
#6459 = SURFACE_CURVE('',#6460,(#6465,#6472),.PCURVE_S1.);
#6460 = CIRCLE('',#6461,1.6);
#6461 = AXIS2_PLACEMENT_3D('',#6462,#6463,#6464);
#6462 = CARTESIAN_POINT('',(-182.4,-1.9,-23.34575548242));
#6463 = DIRECTION('',(4.163512109013E-34,-1.,1.110223024625E-16));
#6464 = DIRECTION('',(-0.171341174751,1.093804774332E-16,0.98521175482)
  );
#6465 = PCURVE('',#4279,#6466);
#6466 = DEFINITIONAL_REPRESENTATION('',(#6467),#6471);
#6467 = LINE('',#6468,#6469);
#6468 = CARTESIAN_POINT('',(-0.,0.));
#6469 = VECTOR('',#6470,1.);
#6470 = DIRECTION('',(-1.,0.));
#6471 = ( GEOMETRIC_REPRESENTATION_CONTEXT(2) 
PARAMETRIC_REPRESENTATION_CONTEXT() REPRESENTATION_CONTEXT('2D SPACE',''
  ) );
#6472 = PCURVE('',#4812,#6473);
#6473 = DEFINITIONAL_REPRESENTATION('',(#6474),#6478);
#6474 = LINE('',#6475,#6476);
#6475 = CARTESIAN_POINT('',(0.,5.4));
#6476 = VECTOR('',#6477,1.);
#6477 = DIRECTION('',(1.,0.));
#6478 = ( GEOMETRIC_REPRESENTATION_CONTEXT(2) 
PARAMETRIC_REPRESENTATION_CONTEXT() REPRESENTATION_CONTEXT('2D SPACE',''
  ) );
#6479 = ADVANCED_FACE('',(#6480),#4513,.T.);
#6480 = FACE_BOUND('',#6481,.F.);
#6481 = EDGE_LOOP('',(#6482,#6483,#6504,#6505));
#6482 = ORIENTED_EDGE('',*,*,#5045,.F.);
#6483 = ORIENTED_EDGE('',*,*,#6484,.T.);
#6484 = EDGE_CURVE('',#5013,#4498,#6485,.T.);
#6485 = SURFACE_CURVE('',#6486,(#6490,#6497),.PCURVE_S1.);
#6486 = LINE('',#6487,#6488);
#6487 = CARTESIAN_POINT('',(2.053912595557E-15,1.9,-8.));
#6488 = VECTOR('',#6489,1.);
#6489 = DIRECTION('',(-0.986967674481,-1.78655582082E-17,-0.160918642578
    ));
#6490 = PCURVE('',#4513,#6491);
#6491 = DEFINITIONAL_REPRESENTATION('',(#6492),#6496);
#6492 = LINE('',#6493,#6494);
#6493 = CARTESIAN_POINT('',(1.974652795608E-15,-1.9));
#6494 = VECTOR('',#6495,1.);
#6495 = DIRECTION('',(-1.,0.));
#6496 = ( GEOMETRIC_REPRESENTATION_CONTEXT(2) 
PARAMETRIC_REPRESENTATION_CONTEXT() REPRESENTATION_CONTEXT('2D SPACE',''
  ) );
#6497 = PCURVE('',#4609,#6498);
#6498 = DEFINITIONAL_REPRESENTATION('',(#6499),#6503);
#6499 = LINE('',#6500,#6501);
#6500 = CARTESIAN_POINT('',(-0.,0.));
#6501 = VECTOR('',#6502,1.);
#6502 = DIRECTION('',(-0.,1.));
#6503 = ( GEOMETRIC_REPRESENTATION_CONTEXT(2) 
PARAMETRIC_REPRESENTATION_CONTEXT() REPRESENTATION_CONTEXT('2D SPACE',''
  ) );
#6504 = ORIENTED_EDGE('',*,*,#4497,.T.);
#6505 = ORIENTED_EDGE('',*,*,#4941,.F.);
#6506 = ADVANCED_FACE('',(#6507),#4609,.T.);
#6507 = FACE_BOUND('',#6508,.F.);
#6508 = EDGE_LOOP('',(#6509,#6510,#6511,#6512));
#6509 = ORIENTED_EDGE('',*,*,#5012,.T.);
#6510 = ORIENTED_EDGE('',*,*,#6306,.T.);
#6511 = ORIENTED_EDGE('',*,*,#4525,.F.);
#6512 = ORIENTED_EDGE('',*,*,#6484,.F.);
#6513 = ADVANCED_FACE('',(#6514),#4773,.T.);
#6514 = FACE_BOUND('',#6515,.T.);
#6515 = EDGE_LOOP('',(#6516,#6517,#6518));
#6516 = ORIENTED_EDGE('',*,*,#6232,.F.);
#6517 = ORIENTED_EDGE('',*,*,#4735,.F.);
#6518 = ORIENTED_EDGE('',*,*,#6519,.F.);
#6519 = EDGE_CURVE('',#6186,#4736,#6520,.T.);
#6520 = SURFACE_CURVE('',#6521,(#6526,#6533),.PCURVE_S1.);
#6521 = CIRCLE('',#6522,1.6);
#6522 = AXIS2_PLACEMENT_3D('',#6523,#6524,#6525);
#6523 = CARTESIAN_POINT('',(-182.4,1.9,-23.34575548242));
#6524 = DIRECTION('',(4.163512109013E-34,-1.,1.110223024625E-16));
#6525 = DIRECTION('',(-0.171341174751,1.093804774332E-16,0.98521175482)
  );
#6526 = PCURVE('',#4773,#6527);
#6527 = DEFINITIONAL_REPRESENTATION('',(#6528),#6532);
#6528 = LINE('',#6529,#6530);
#6529 = CARTESIAN_POINT('',(0.,0.));
#6530 = VECTOR('',#6531,1.);
#6531 = DIRECTION('',(1.,0.));
#6532 = ( GEOMETRIC_REPRESENTATION_CONTEXT(2) 
PARAMETRIC_REPRESENTATION_CONTEXT() REPRESENTATION_CONTEXT('2D SPACE',''
  ) );
#6533 = PCURVE('',#4812,#6534);
#6534 = DEFINITIONAL_REPRESENTATION('',(#6535),#6539);
#6535 = LINE('',#6536,#6537);
#6536 = CARTESIAN_POINT('',(0.,1.6));
#6537 = VECTOR('',#6538,1.);
#6538 = DIRECTION('',(1.,0.));
#6539 = ( GEOMETRIC_REPRESENTATION_CONTEXT(2) 
PARAMETRIC_REPRESENTATION_CONTEXT() REPRESENTATION_CONTEXT('2D SPACE',''
  ) );
#6540 = ADVANCED_FACE('',(#6541),#4812,.T.);
#6541 = FACE_BOUND('',#6542,.T.);
#6542 = EDGE_LOOP('',(#6543,#6544,#6545,#6546));
#6543 = ORIENTED_EDGE('',*,*,#6185,.F.);
#6544 = ORIENTED_EDGE('',*,*,#6519,.T.);
#6545 = ORIENTED_EDGE('',*,*,#4796,.T.);
#6546 = ORIENTED_EDGE('',*,*,#6458,.F.);
#6547 = ADVANCED_FACE('',(#6548),#5254,.T.);
#6548 = FACE_BOUND('',#6549,.T.);
#6549 = EDGE_LOOP('',(#6550,#6571,#6572));
#6550 = ORIENTED_EDGE('',*,*,#6551,.F.);
#6551 = EDGE_CURVE('',#5744,#5206,#6552,.T.);
#6552 = SURFACE_CURVE('',#6553,(#6557,#6564),.PCURVE_S1.);
#6553 = LINE('',#6554,#6555);
#6554 = CARTESIAN_POINT('',(1.998401444325E-15,-1.9,-8.));
#6555 = VECTOR('',#6556,1.);
#6556 = DIRECTION('',(-0.986967674481,-1.78655582082E-17,-0.160918642578
    ));
#6557 = PCURVE('',#5254,#6558);
#6558 = DEFINITIONAL_REPRESENTATION('',(#6559),#6563);
#6559 = LINE('',#6560,#6561);
#6560 = CARTESIAN_POINT('',(0.,0.));
#6561 = VECTOR('',#6562,1.);
#6562 = DIRECTION('',(0.,1.));
#6563 = ( GEOMETRIC_REPRESENTATION_CONTEXT(2) 
PARAMETRIC_REPRESENTATION_CONTEXT() REPRESENTATION_CONTEXT('2D SPACE',''
  ) );
#6564 = PCURVE('',#5221,#6565);
#6565 = DEFINITIONAL_REPRESENTATION('',(#6566),#6570);
#6566 = LINE('',#6567,#6568);
#6567 = CARTESIAN_POINT('',(1.921283801132E-15,1.9));
#6568 = VECTOR('',#6569,1.);
#6569 = DIRECTION('',(-1.,0.));
#6570 = ( GEOMETRIC_REPRESENTATION_CONTEXT(2) 
PARAMETRIC_REPRESENTATION_CONTEXT() REPRESENTATION_CONTEXT('2D SPACE',''
  ) );
#6571 = ORIENTED_EDGE('',*,*,#5766,.T.);
#6572 = ORIENTED_EDGE('',*,*,#5233,.T.);
#6573 = ADVANCED_FACE('',(#6574),#5221,.T.);
#6574 = FACE_BOUND('',#6575,.F.);
#6575 = EDGE_LOOP('',(#6576,#6577,#6598,#6599));
#6576 = ORIENTED_EDGE('',*,*,#5743,.F.);
#6577 = ORIENTED_EDGE('',*,*,#6578,.T.);
#6578 = EDGE_CURVE('',#5634,#5168,#6579,.T.);
#6579 = SURFACE_CURVE('',#6580,(#6584,#6591),.PCURVE_S1.);
#6580 = LINE('',#6581,#6582);
#6581 = CARTESIAN_POINT('',(2.053912595557E-15,1.9,-8.));
#6582 = VECTOR('',#6583,1.);
#6583 = DIRECTION('',(-0.986967674481,-1.78655582082E-17,-0.160918642578
    ));
#6584 = PCURVE('',#5221,#6585);
#6585 = DEFINITIONAL_REPRESENTATION('',(#6586),#6590);
#6586 = LINE('',#6587,#6588);
#6587 = CARTESIAN_POINT('',(1.974652795608E-15,-1.9));
#6588 = VECTOR('',#6589,1.);
#6589 = DIRECTION('',(-1.,0.));
#6590 = ( GEOMETRIC_REPRESENTATION_CONTEXT(2) 
PARAMETRIC_REPRESENTATION_CONTEXT() REPRESENTATION_CONTEXT('2D SPACE',''
  ) );
#6591 = PCURVE('',#5188,#6592);
#6592 = DEFINITIONAL_REPRESENTATION('',(#6593),#6597);
#6593 = LINE('',#6594,#6595);
#6594 = CARTESIAN_POINT('',(-0.,0.));
#6595 = VECTOR('',#6596,1.);
#6596 = DIRECTION('',(-0.,1.));
#6597 = ( GEOMETRIC_REPRESENTATION_CONTEXT(2) 
PARAMETRIC_REPRESENTATION_CONTEXT() REPRESENTATION_CONTEXT('2D SPACE',''
  ) );
#6598 = ORIENTED_EDGE('',*,*,#5205,.T.);
#6599 = ORIENTED_EDGE('',*,*,#6551,.F.);
#6600 = ADVANCED_FACE('',(#6601),#5188,.T.);
#6601 = FACE_BOUND('',#6602,.F.);
#6602 = EDGE_LOOP('',(#6603,#6604,#6605));
#6603 = ORIENTED_EDGE('',*,*,#6578,.F.);
#6604 = ORIENTED_EDGE('',*,*,#5633,.T.);
#6605 = ORIENTED_EDGE('',*,*,#5167,.F.);
#6606 = ADVANCED_FACE('',(#6607),#5509,.T.);
#6607 = FACE_BOUND('',#6608,.F.);
#6608 = EDGE_LOOP('',(#6609,#6610,#6611));
#6609 = ORIENTED_EDGE('',*,*,#6431,.F.);
#6610 = ORIENTED_EDGE('',*,*,#5435,.T.);
#6611 = ORIENTED_EDGE('',*,*,#6612,.F.);
#6612 = EDGE_CURVE('',#6108,#5408,#6613,.T.);
#6613 = SURFACE_CURVE('',#6614,(#6619,#6626),.PCURVE_S1.);
#6614 = CIRCLE('',#6615,1.6);
#6615 = AXIS2_PLACEMENT_3D('',#6616,#6617,#6618);
#6616 = CARTESIAN_POINT('',(-1.6,1.9,8.097722778445));
#6617 = DIRECTION('',(4.80804928146E-34,1.,-1.110223024625E-16));
#6618 = DIRECTION('',(-0.171341174751,1.093804774332E-16,0.98521175482)
  );
#6619 = PCURVE('',#5509,#6620);
#6620 = DEFINITIONAL_REPRESENTATION('',(#6621),#6625);
#6621 = LINE('',#6622,#6623);
#6622 = CARTESIAN_POINT('',(-0.,0.));
#6623 = VECTOR('',#6624,1.);
#6624 = DIRECTION('',(-1.,0.));
#6625 = ( GEOMETRIC_REPRESENTATION_CONTEXT(2) 
PARAMETRIC_REPRESENTATION_CONTEXT() REPRESENTATION_CONTEXT('2D SPACE',''
  ) );
#6626 = PCURVE('',#5423,#6627);
#6627 = DEFINITIONAL_REPRESENTATION('',(#6628),#6632);
#6628 = LINE('',#6629,#6630);
#6629 = CARTESIAN_POINT('',(-1.742987141318,5.4));
#6630 = VECTOR('',#6631,1.);
#6631 = DIRECTION('',(1.,-0.));
#6632 = ( GEOMETRIC_REPRESENTATION_CONTEXT(2) 
PARAMETRIC_REPRESENTATION_CONTEXT() REPRESENTATION_CONTEXT('2D SPACE',''
  ) );
#6633 = ADVANCED_FACE('',(#6634),#5423,.T.);
#6634 = FACE_BOUND('',#6635,.F.);
#6635 = EDGE_LOOP('',(#6636,#6637,#6638,#6639));
#6636 = ORIENTED_EDGE('',*,*,#5407,.F.);
#6637 = ORIENTED_EDGE('',*,*,#6158,.F.);
#6638 = ORIENTED_EDGE('',*,*,#6107,.T.);
#6639 = ORIENTED_EDGE('',*,*,#6612,.T.);
#6640 = ADVANCED_FACE('',(#6641),#6355,.T.);
#6641 = FACE_BOUND('',#6642,.F.);
#6642 = EDGE_LOOP('',(#6643,#6644,#6754));
#6643 = ORIENTED_EDGE('',*,*,#6332,.T.);
#6644 = ORIENTED_EDGE('',*,*,#6645,.F.);
#6645 = EDGE_CURVE('',#6646,#6335,#6648,.T.);
#6646 = VERTEX_POINT('',#6647);
#6647 = CARTESIAN_POINT('',(-5.830951900827,3.491133653453,
    -7.500000001203));
#6648 = SURFACE_CURVE('',#6649,(#6682,#6718),.PCURVE_S1.);
#6649 = B_SPLINE_CURVE_WITH_KNOTS('',6,(#6650,#6651,#6652,#6653,#6654,
    #6655,#6656,#6657,#6658,#6659,#6660,#6661,#6662,#6663,#6664,#6665,
    #6666,#6667,#6668,#6669,#6670,#6671,#6672,#6673,#6674,#6675,#6676,
    #6677,#6678,#6679,#6680,#6681),.UNSPECIFIED.,.F.,.F.,(7,5,5,5,5,5,7)
  ,(0.,0.223052290803,0.328552170625,0.410465628034,0.63864179203,
    0.880131862106,1.),.UNSPECIFIED.);
#6650 = CARTESIAN_POINT('',(-3.943314703321,1.9,-8.642931745107));
#6651 = CARTESIAN_POINT('',(-3.943314703321,2.007528013852,
    -8.642931745107));
#6652 = CARTESIAN_POINT('',(-3.957501786344,2.114073605299,
    -8.636458640651));
#6653 = CARTESIAN_POINT('',(-3.985392808961,2.218461213109,
    -8.623734701697));
#6654 = CARTESIAN_POINT('',(-4.025701508177,2.319489268522,
    -8.605129928224));
#6655 = CARTESIAN_POINT('',(-4.076344844385,2.415913699556,
    -8.581234414032));
#6656 = CARTESIAN_POINT('',(-4.161996880768,2.549322009425,
    -8.53983109612));
#6657 = CARTESIAN_POINT('',(-4.191301694352,2.591041233854,
    -8.525534679241));
#6658 = CARTESIAN_POINT('',(-4.222232907556,2.631637959835,
    -8.510287723486));
#6659 = CARTESIAN_POINT('',(-4.254629026089,2.671110540104,
    -8.494137107633));
#6660 = CARTESIAN_POINT('',(-4.288342142983,2.709459272818,
    -8.477125540658));
#6661 = CARTESIAN_POINT('',(-4.350332142593,2.77559072666,-8.44544469408
    ));
#6662 = CARTESIAN_POINT('',(-4.378144238306,2.803824122248,
    -8.43109957771));
#6663 = CARTESIAN_POINT('',(-4.406616768676,2.83139232198,
    -8.416271631417));
#6664 = CARTESIAN_POINT('',(-4.435698117764,2.858301152188,
    -8.400974184894));
#6665 = CARTESIAN_POINT('',(-4.465342510743,2.884556531876,
    -8.385218478728));
#6666 = CARTESIAN_POINT('',(-4.579543887737,2.981497339066,
    -8.323873921954));
#6667 = CARTESIAN_POINT('',(-4.667684911553,3.04784724828,
    -8.275223243914));
#6668 = CARTESIAN_POINT('',(-4.759011433457,3.109276469334,
    -8.223285905287));
#6669 = CARTESIAN_POINT('',(-4.852879377644,3.165835380485,
    -8.168195234256));
#6670 = CARTESIAN_POINT('',(-4.948845208895,3.217519124347,
    -8.11000868514));
#6671 = CARTESIAN_POINT('',(-5.150035855338,3.313654610995,
    -7.983861159164));
#6672 = CARTESIAN_POINT('',(-5.255451334318,3.357497600062,
    -7.915541958721));
#6673 = CARTESIAN_POINT('',(-5.362287888605,3.395554259981,
    -7.843871519252));
#6674 = CARTESIAN_POINT('',(-5.470085042456,3.427541083545,
    -7.768943629377));
#6675 = CARTESIAN_POINT('',(-5.578418438926,3.453075208774,
    -7.690875815932));
#6676 = CARTESIAN_POINT('',(-5.740670531746,3.480884313839,
    -7.56962458295));
#6677 = CARTESIAN_POINT('',(-5.794507124651,3.48839518515,
    -7.528680642474));
#6678 = CARTESIAN_POINT('',(-5.848283777544,3.494128815504,
    -7.487051693657));
#6679 = CARTESIAN_POINT('',(-5.901925756193,3.498019654312,
    -7.444781487018));
#6680 = CARTESIAN_POINT('',(-5.955358582305,3.5,-7.401919511295));
#6681 = CARTESIAN_POINT('',(-6.008508033527,3.5,-7.35852099345));
#6682 = PCURVE('',#6355,#6683);
#6683 = DEFINITIONAL_REPRESENTATION('',(#6684),#6717);
#6684 = B_SPLINE_CURVE_WITH_KNOTS('',6,(#6685,#6686,#6687,#6688,#6689,
    #6690,#6691,#6692,#6693,#6694,#6695,#6696,#6697,#6698,#6699,#6700,
    #6701,#6702,#6703,#6704,#6705,#6706,#6707,#6708,#6709,#6710,#6711,
    #6712,#6713,#6714,#6715,#6716),.UNSPECIFIED.,.F.,.F.,(7,5,5,5,5,5,7)
  ,(0.,0.223052290803,0.328552170625,0.410465628034,0.63864179203,
    0.880131862106,1.),.UNSPECIFIED.);
#6685 = CARTESIAN_POINT('',(-5.140426043712,1.6));
#6686 = CARTESIAN_POINT('',(-5.140426043712,1.492471986148));
#6687 = CARTESIAN_POINT('',(-5.142067514287,1.385926394701));
#6688 = CARTESIAN_POINT('',(-5.145294529734,1.281538786891));
#6689 = CARTESIAN_POINT('',(-5.149967563011,1.180510731478));
#6690 = CARTESIAN_POINT('',(-5.155861789936,1.084086300444));
#6691 = CARTESIAN_POINT('',(-5.165875910753,0.950677990575));
#6692 = CARTESIAN_POINT('',(-5.169308112507,0.908958766146));
#6693 = CARTESIAN_POINT('',(-5.172938055696,0.868362040165));
#6694 = CARTESIAN_POINT('',(-5.176748389194,0.828889459896));
#6695 = CARTESIAN_POINT('',(-5.180723282684,0.790540727182));
#6696 = CARTESIAN_POINT('',(-5.188051319454,0.72440927334));
#6697 = CARTESIAN_POINT('',(-5.191345368885,0.696175877752));
#6698 = CARTESIAN_POINT('',(-5.194724510489,0.66860767802));
#6699 = CARTESIAN_POINT('',(-5.198183343319,0.641698847812));
#6700 = CARTESIAN_POINT('',(-5.201717129941,0.615443468124));
#6701 = CARTESIAN_POINT('',(-5.215362869042,0.518502660934));
#6702 = CARTESIAN_POINT('',(-5.225959684598,0.45215275172));
#6703 = CARTESIAN_POINT('',(-5.237017450247,0.390723530666));
#6704 = CARTESIAN_POINT('',(-5.24847259034,0.334164619515));
#6705 = CARTESIAN_POINT('',(-5.260284740195,0.282480875653));
#6706 = CARTESIAN_POINT('',(-5.285281332655,0.186345389005));
#6707 = CARTESIAN_POINT('',(-5.29850281972,0.142502399938));
#6708 = CARTESIAN_POINT('',(-5.312042246017,0.104445740019));
#6709 = CARTESIAN_POINT('',(-5.325858242292,7.245891645454E-02));
#6710 = CARTESIAN_POINT('',(-5.339912094546,4.692479122582E-02));
#6711 = CARTESIAN_POINT('',(-5.361233433168,1.911568616089E-02));
#6712 = CARTESIAN_POINT('',(-5.368352875677,1.160481484961E-02));
#6713 = CARTESIAN_POINT('',(-5.375511075028,5.871184496429E-03));
#6714 = CARTESIAN_POINT('',(-5.38269964225,1.980345687714E-03));
#6715 = CARTESIAN_POINT('',(-5.389909865428,-1.094527475837E-15));
#6716 = CARTESIAN_POINT('',(-5.397132709701,-1.110223024625E-15));
#6717 = ( GEOMETRIC_REPRESENTATION_CONTEXT(2) 
PARAMETRIC_REPRESENTATION_CONTEXT() REPRESENTATION_CONTEXT('2D SPACE',''
  ) );
#6718 = PCURVE('',#6383,#6719);
#6719 = DEFINITIONAL_REPRESENTATION('',(#6720),#6753);
#6720 = B_SPLINE_CURVE_WITH_KNOTS('',6,(#6721,#6722,#6723,#6724,#6725,
    #6726,#6727,#6728,#6729,#6730,#6731,#6732,#6733,#6734,#6735,#6736,
    #6737,#6738,#6739,#6740,#6741,#6742,#6743,#6744,#6745,#6746,#6747,
    #6748,#6749,#6750,#6751,#6752),.UNSPECIFIED.,.F.,.F.,(7,5,5,5,5,5,7)
  ,(0.,0.223052290803,0.328552170625,0.410465628034,0.63864179203,
    0.880131862106,1.),.UNSPECIFIED.);
#6721 = CARTESIAN_POINT('',(0.,3.995383846177));
#6722 = CARTESIAN_POINT('',(-6.720500865759E-02,3.995383846177));
#6723 = CARTESIAN_POINT('',(-0.133795866385,4.008344395334));
#6724 = CARTESIAN_POINT('',(-0.199585133159,4.03382441408));
#6725 = CARTESIAN_POINT('',(-0.26431502456,4.070613942314));
#6726 = CARTESIAN_POINT('',(-0.327600835866,4.116752044371));
#6727 = CARTESIAN_POINT('',(-0.417705037634,4.194625269819));
#6728 = CARTESIAN_POINT('',(-0.446293928459,4.221247613535));
#6729 = CARTESIAN_POINT('',(-0.474561031449,4.249322201676));
#6730 = CARTESIAN_POINT('',(-0.502527174811,4.278697188267));
#6731 = CARTESIAN_POINT('',(-0.530211746857,4.309233466581));
#6732 = CARTESIAN_POINT('',(-0.578923191836,4.365317553511));
#6733 = CARTESIAN_POINT('',(-0.600058795192,4.390458796285));
#6734 = CARTESIAN_POINT('',(-0.621051630724,4.416174170381));
#6735 = CARTESIAN_POINT('',(-0.641913931433,4.442414877532));
#6736 = CARTESIAN_POINT('',(-0.662658038673,4.469137548283));
#6737 = CARTESIAN_POINT('',(-0.740786132898,4.571979132952));
#6738 = CARTESIAN_POINT('',(-0.797488826204,4.651142673183));
#6739 = CARTESIAN_POINT('',(-0.853630818148,4.732921312094));
#6740 = CARTESIAN_POINT('',(-0.909439144151,4.816700822676));
#6741 = CARTESIAN_POINT('',(-0.965150068258,4.902052695475));
#6742 = CARTESIAN_POINT('',(-1.080144985398,5.080321871277));
#6743 = CARTESIAN_POINT('',(-1.139434874515,5.173369708423));
#6744 = CARTESIAN_POINT('',(-1.199092187148,5.267280824125));
#6745 = CARTESIAN_POINT('',(-1.259316899465,5.361615836047));
#6746 = CARTESIAN_POINT('',(-1.320313555725,5.455974829861));
#6747 = CARTESIAN_POINT('',(-1.413069285953,5.596600816769));
#6748 = CARTESIAN_POINT('',(-1.444076843673,5.643147150347));
#6749 = CARTESIAN_POINT('',(-1.475337513568,5.689524094458));
#6750 = CARTESIAN_POINT('',(-1.506866528614,5.735664929106));
#6751 = CARTESIAN_POINT('',(-1.538680281934,5.781504110284));
#6752 = CARTESIAN_POINT('',(-1.570796326795,5.826977269975));
#6753 = ( GEOMETRIC_REPRESENTATION_CONTEXT(2) 
PARAMETRIC_REPRESENTATION_CONTEXT() REPRESENTATION_CONTEXT('2D SPACE',''
  ) );
#6754 = ORIENTED_EDGE('',*,*,#6755,.F.);
#6755 = EDGE_CURVE('',#6333,#6646,#6756,.T.);
#6756 = SURFACE_CURVE('',#6757,(#6761,#6768),.PCURVE_S1.);
#6757 = LINE('',#6758,#6759);
#6758 = CARTESIAN_POINT('',(-5.830951894845,3.5,-7.5));
#6759 = VECTOR('',#6760,1.);
#6760 = DIRECTION('',(-0.,-1.,2.22044604925E-16));
#6761 = PCURVE('',#6355,#6762);
#6762 = DEFINITIONAL_REPRESENTATION('',(#6763),#6767);
#6763 = LINE('',#6764,#6765);
#6764 = CARTESIAN_POINT('',(-5.373234276208,-1.665334536938E-15));
#6765 = VECTOR('',#6766,1.);
#6766 = DIRECTION('',(-0.,1.));
#6767 = ( GEOMETRIC_REPRESENTATION_CONTEXT(2) 
PARAMETRIC_REPRESENTATION_CONTEXT() REPRESENTATION_CONTEXT('2D SPACE',''
  ) );
#6768 = PCURVE('',#6409,#6769);
#6769 = DEFINITIONAL_REPRESENTATION('',(#6770),#6774);
#6770 = LINE('',#6771,#6772);
#6771 = CARTESIAN_POINT('',(-1.830951894845,7.));
#6772 = VECTOR('',#6773,1.);
#6773 = DIRECTION('',(-0.,-1.));
#6774 = ( GEOMETRIC_REPRESENTATION_CONTEXT(2) 
PARAMETRIC_REPRESENTATION_CONTEXT() REPRESENTATION_CONTEXT('2D SPACE',''
  ) );
#6775 = ADVANCED_FACE('',(#6776),#6409,.T.);
#6776 = FACE_BOUND('',#6777,.F.);
#6777 = EDGE_LOOP('',(#6778,#6779,#6808));
#6778 = ORIENTED_EDGE('',*,*,#6755,.T.);
#6779 = ORIENTED_EDGE('',*,*,#6780,.F.);
#6780 = EDGE_CURVE('',#6368,#6646,#6781,.T.);
#6781 = SURFACE_CURVE('',#6782,(#6787,#6798),.PCURVE_S1.);
#6782 = ELLIPSE('',#6783,9.942912607034,1.6);
#6783 = AXIS2_PLACEMENT_3D('',#6784,#6785,#6786);
#6784 = CARTESIAN_POINT('',(-6.876245940367,1.9,-7.5));
#6785 = DIRECTION('',(0.,0.,-1.));
#6786 = DIRECTION('',(-1.,-1.810146235802E-17,-0.));
#6787 = PCURVE('',#6409,#6788);
#6788 = DEFINITIONAL_REPRESENTATION('',(#6789),#6797);
#6789 = ( BOUNDED_CURVE() B_SPLINE_CURVE(2,(#6790,#6791,#6792,#6793,
#6794,#6795,#6796),.UNSPECIFIED.,.T.,.F.) B_SPLINE_CURVE_WITH_KNOTS((1,2
    ,2,2,2,1),(-2.094395102393,0.,2.094395102393,4.188790204786,
6.28318530718,8.377580409573),.UNSPECIFIED.) CURVE() 
GEOMETRIC_REPRESENTATION_ITEM() RATIONAL_B_SPLINE_CURVE((1.,0.5,1.,0.5,
1.,0.5,1.)) REPRESENTATION_ITEM('') );
#6790 = CARTESIAN_POINT('',(-12.8191585474,5.4));
#6791 = CARTESIAN_POINT('',(-12.8191585474,8.17128129211));
#6792 = CARTESIAN_POINT('',(2.09521036315,6.785640646055));
#6793 = CARTESIAN_POINT('',(17.0095792737,5.4));
#6794 = CARTESIAN_POINT('',(2.09521036315,4.014359353945));
#6795 = CARTESIAN_POINT('',(-12.8191585474,2.62871870789));
#6796 = CARTESIAN_POINT('',(-12.8191585474,5.4));
#6797 = ( GEOMETRIC_REPRESENTATION_CONTEXT(2) 
PARAMETRIC_REPRESENTATION_CONTEXT() REPRESENTATION_CONTEXT('2D SPACE',''
  ) );
#6798 = PCURVE('',#6383,#6799);
#6799 = DEFINITIONAL_REPRESENTATION('',(#6800),#6807);
#6800 = B_SPLINE_CURVE_WITH_KNOTS('',5,(#6801,#6802,#6803,#6804,#6805,
    #6806),.UNSPECIFIED.,.F.,.F.,(6,6),(1.570796326795,1.949520461188),
  .PIECEWISE_BEZIER_KNOTS.);
#6801 = CARTESIAN_POINT('',(-1.570796326795,6.706173143635));
#6802 = CARTESIAN_POINT('',(-1.495051499916,5.962863909199));
#6803 = CARTESIAN_POINT('',(-1.419306673037,5.219554527748));
#6804 = CARTESIAN_POINT('',(-1.343561846159,4.485130430661));
#6805 = CARTESIAN_POINT('',(-1.26781701928,3.768473441572));
#6806 = CARTESIAN_POINT('',(-1.192072192401,3.07783723705));
#6807 = ( GEOMETRIC_REPRESENTATION_CONTEXT(2) 
PARAMETRIC_REPRESENTATION_CONTEXT() REPRESENTATION_CONTEXT('2D SPACE',''
  ) );
#6808 = ORIENTED_EDGE('',*,*,#6395,.F.);
#6809 = ADVANCED_FACE('',(#6810),#6383,.T.);
#6810 = FACE_BOUND('',#6811,.F.);
#6811 = EDGE_LOOP('',(#6812,#6813,#6814));
#6812 = ORIENTED_EDGE('',*,*,#6645,.T.);
#6813 = ORIENTED_EDGE('',*,*,#6367,.T.);
#6814 = ORIENTED_EDGE('',*,*,#6780,.T.);
#6815 = ( GEOMETRIC_REPRESENTATION_CONTEXT(3) 
GLOBAL_UNCERTAINTY_ASSIGNED_CONTEXT((#6819)) 
GLOBAL_UNIT_ASSIGNED_CONTEXT((#6816,#6817,#6818)) REPRESENTATION_CONTEXT
('Context #1','3D Context with UNIT and UNCERTAINTY') );
#6816 = ( LENGTH_UNIT() NAMED_UNIT(*) SI_UNIT(.MILLI.,.METRE.) );
#6817 = ( NAMED_UNIT(*) PLANE_ANGLE_UNIT() SI_UNIT($,.RADIAN.) );
#6818 = ( NAMED_UNIT(*) SI_UNIT($,.STERADIAN.) SOLID_ANGLE_UNIT() );
#6819 = UNCERTAINTY_MEASURE_WITH_UNIT(LENGTH_MEASURE(2.E-07),#6816,
  'distance_accuracy_value','confusion accuracy');
#6820 = CONTEXT_DEPENDENT_SHAPE_REPRESENTATION(#6821,#6823);
#6821 = ( REPRESENTATION_RELATIONSHIP('','',#3260,#10) 
REPRESENTATION_RELATIONSHIP_WITH_TRANSFORMATION(#6822) 
SHAPE_REPRESENTATION_RELATIONSHIP() );
#6822 = ITEM_DEFINED_TRANSFORMATION('','',#11,#19);
#6823 = PRODUCT_DEFINITION_SHAPE('Placement','Placement of an item',
  #6824);
#6824 = NEXT_ASSEMBLY_USAGE_OCCURRENCE('13','left_shoulder_arm','',#5,
  #3255,$);
#6825 = PRODUCT_RELATED_PRODUCT_CATEGORY('part',$,(#3257));
#6826 = SHAPE_DEFINITION_REPRESENTATION(#6827,#6833);
#6827 = PRODUCT_DEFINITION_SHAPE('','',#6828);
#6828 = PRODUCT_DEFINITION('design','',#6829,#6832);
#6829 = PRODUCT_DEFINITION_FORMATION('','',#6830);
#6830 = PRODUCT('right_shoulder_arm','right_shoulder_arm','',(#6831));
#6831 = PRODUCT_CONTEXT('',#2,'mechanical');
#6832 = PRODUCT_DEFINITION_CONTEXT('part definition',#2,'design');
#6833 = ADVANCED_BREP_SHAPE_REPRESENTATION('',(#11,#6834),#10300);
#6834 = MANIFOLD_SOLID_BREP('',#6835);
#6835 = CLOSED_SHELL('',(#6836,#7217,#7425,#7799,#7908,#8443,#8498,#8597
    ,#8646,#8808,#9383,#9516,#9546,#9552,#9602,#9651,#9678,#9727,#9774,
    #9916,#9943,#9970,#9997,#10004,#10031,#10038,#10064,#10091,#10097,
    #10124,#10131,#10264,#10294));
#6836 = ADVANCED_FACE('',(#6837,#7099,#7186),#6851,.T.);
#6837 = FACE_BOUND('',#6838,.T.);
#6838 = EDGE_LOOP('',(#6839,#6874,#6903,#6931,#6959,#6987,#7015,#7044,
    #7072));
#6839 = ORIENTED_EDGE('',*,*,#6840,.T.);
#6840 = EDGE_CURVE('',#6841,#6843,#6845,.T.);
#6841 = VERTEX_POINT('',#6842);
#6842 = CARTESIAN_POINT('',(150.23835053045,-3.5,-17.75242513989));
#6843 = VERTEX_POINT('',#6844);
#6844 = CARTESIAN_POINT('',(6.05097460369,-3.5,7.323640238672));
#6845 = SURFACE_CURVE('',#6846,(#6850,#6862),.PCURVE_S1.);
#6846 = LINE('',#6847,#6848);
#6847 = CARTESIAN_POINT('',(183.72585412039,-3.5,-23.57633880771));
#6848 = VECTOR('',#6849,1.);
#6849 = DIRECTION('',(-0.98521175482,1.902269172752E-17,0.171341174751)
  );
#6850 = PCURVE('',#6851,#6856);
#6851 = PLANE('',#6852);
#6852 = AXIS2_PLACEMENT_3D('',#6853,#6854,#6855);
#6853 = CARTESIAN_POINT('',(91.548124153677,-3.5,-14.41693272575));
#6854 = DIRECTION('',(0.,-1.,1.110223024625E-16));
#6855 = DIRECTION('',(1.,0.,0.));
#6856 = DEFINITIONAL_REPRESENTATION('',(#6857),#6861);
#6857 = LINE('',#6858,#6859);
#6858 = CARTESIAN_POINT('',(92.177729966721,-9.159406081956));
#6859 = VECTOR('',#6860,1.);
#6860 = DIRECTION('',(-0.98521175482,0.171341174751));
#6861 = ( GEOMETRIC_REPRESENTATION_CONTEXT(2) 
PARAMETRIC_REPRESENTATION_CONTEXT() REPRESENTATION_CONTEXT('2D SPACE',''
  ) );
#6862 = PCURVE('',#6863,#6868);
#6863 = CYLINDRICAL_SURFACE('',#6864,1.6);
#6864 = AXIS2_PLACEMENT_3D('',#6865,#6866,#6867);
#6865 = CARTESIAN_POINT('',(183.72585412039,-1.9,-23.57633880771));
#6866 = DIRECTION('',(-0.98521175482,1.902269172752E-17,0.171341174751)
  );
#6867 = DIRECTION('',(0.171341174751,1.093804774332E-16,0.98521175482));
#6868 = DEFINITIONAL_REPRESENTATION('',(#6869),#6873);
#6869 = LINE('',#6870,#6871);
#6870 = CARTESIAN_POINT('',(-1.570796326795,0.));
#6871 = VECTOR('',#6872,1.);
#6872 = DIRECTION('',(-0.,1.));
#6873 = ( GEOMETRIC_REPRESENTATION_CONTEXT(2) 
PARAMETRIC_REPRESENTATION_CONTEXT() REPRESENTATION_CONTEXT('2D SPACE',''
  ) );
#6874 = ORIENTED_EDGE('',*,*,#6875,.T.);
#6875 = EDGE_CURVE('',#6843,#6876,#6878,.T.);
#6876 = VERTEX_POINT('',#6877);
#6877 = CARTESIAN_POINT('',(4.,-3.5,-8.616843969807));
#6878 = SURFACE_CURVE('',#6879,(#6884,#6891),.PCURVE_S1.);
#6879 = CIRCLE('',#6880,9.5);
#6880 = AXIS2_PLACEMENT_3D('',#6881,#6882,#6883);
#6881 = CARTESIAN_POINT('',(0.,-3.5,1.554312234475E-15));
#6882 = DIRECTION('',(0.,-1.,2.22044604925E-16));
#6883 = DIRECTION('',(1.,0.,0.));
#6884 = PCURVE('',#6851,#6885);
#6885 = DEFINITIONAL_REPRESENTATION('',(#6886),#6890);
#6886 = CIRCLE('',#6887,9.5);
#6887 = AXIS2_PLACEMENT_2D('',#6888,#6889);
#6888 = CARTESIAN_POINT('',(-91.54812415367,14.416932725756));
#6889 = DIRECTION('',(1.,0.));
#6890 = ( GEOMETRIC_REPRESENTATION_CONTEXT(2) 
PARAMETRIC_REPRESENTATION_CONTEXT() REPRESENTATION_CONTEXT('2D SPACE',''
  ) );
#6891 = PCURVE('',#6892,#6897);
#6892 = CYLINDRICAL_SURFACE('',#6893,9.5);
#6893 = AXIS2_PLACEMENT_3D('',#6894,#6895,#6896);
#6894 = CARTESIAN_POINT('',(0.,3.5,0.));
#6895 = DIRECTION('',(0.,-1.,2.22044604925E-16));
#6896 = DIRECTION('',(1.,0.,0.));
#6897 = DEFINITIONAL_REPRESENTATION('',(#6898),#6902);
#6898 = LINE('',#6899,#6900);
#6899 = CARTESIAN_POINT('',(0.,7.));
#6900 = VECTOR('',#6901,1.);
#6901 = DIRECTION('',(1.,0.));
#6902 = ( GEOMETRIC_REPRESENTATION_CONTEXT(2) 
PARAMETRIC_REPRESENTATION_CONTEXT() REPRESENTATION_CONTEXT('2D SPACE',''
  ) );
#6903 = ORIENTED_EDGE('',*,*,#6904,.F.);
#6904 = EDGE_CURVE('',#6905,#6876,#6907,.T.);
#6905 = VERTEX_POINT('',#6906);
#6906 = CARTESIAN_POINT('',(4.,-3.5,-12.));
#6907 = SURFACE_CURVE('',#6908,(#6912,#6919),.PCURVE_S1.);
#6908 = LINE('',#6909,#6910);
#6909 = CARTESIAN_POINT('',(4.,-3.5,-12.));
#6910 = VECTOR('',#6911,1.);
#6911 = DIRECTION('',(0.,0.,1.));
#6912 = PCURVE('',#6851,#6913);
#6913 = DEFINITIONAL_REPRESENTATION('',(#6914),#6918);
#6914 = LINE('',#6915,#6916);
#6915 = CARTESIAN_POINT('',(-87.54812415367,2.416932725756));
#6916 = VECTOR('',#6917,1.);
#6917 = DIRECTION('',(0.,1.));
#6918 = ( GEOMETRIC_REPRESENTATION_CONTEXT(2) 
PARAMETRIC_REPRESENTATION_CONTEXT() REPRESENTATION_CONTEXT('2D SPACE',''
  ) );
#6919 = PCURVE('',#6920,#6925);
#6920 = PLANE('',#6921);
#6921 = AXIS2_PLACEMENT_3D('',#6922,#6923,#6924);
#6922 = CARTESIAN_POINT('',(4.,-3.5,-12.));
#6923 = DIRECTION('',(1.,0.,-0.));
#6924 = DIRECTION('',(0.,0.,1.));
#6925 = DEFINITIONAL_REPRESENTATION('',(#6926),#6930);
#6926 = LINE('',#6927,#6928);
#6927 = CARTESIAN_POINT('',(0.,0.));
#6928 = VECTOR('',#6929,1.);
#6929 = DIRECTION('',(1.,0.));
#6930 = ( GEOMETRIC_REPRESENTATION_CONTEXT(2) 
PARAMETRIC_REPRESENTATION_CONTEXT() REPRESENTATION_CONTEXT('2D SPACE',''
  ) );
#6931 = ORIENTED_EDGE('',*,*,#6932,.T.);
#6932 = EDGE_CURVE('',#6905,#6933,#6935,.T.);
#6933 = VERTEX_POINT('',#6934);
#6934 = CARTESIAN_POINT('',(12.,-3.5,-12.));
#6935 = SURFACE_CURVE('',#6936,(#6940,#6947),.PCURVE_S1.);
#6936 = LINE('',#6937,#6938);
#6937 = CARTESIAN_POINT('',(4.,-3.5,-12.));
#6938 = VECTOR('',#6939,1.);
#6939 = DIRECTION('',(1.,0.,-0.));
#6940 = PCURVE('',#6851,#6941);
#6941 = DEFINITIONAL_REPRESENTATION('',(#6942),#6946);
#6942 = LINE('',#6943,#6944);
#6943 = CARTESIAN_POINT('',(-87.54812415367,2.416932725756));
#6944 = VECTOR('',#6945,1.);
#6945 = DIRECTION('',(1.,0.));
#6946 = ( GEOMETRIC_REPRESENTATION_CONTEXT(2) 
PARAMETRIC_REPRESENTATION_CONTEXT() REPRESENTATION_CONTEXT('2D SPACE',''
  ) );
#6947 = PCURVE('',#6948,#6953);
#6948 = PLANE('',#6949);
#6949 = AXIS2_PLACEMENT_3D('',#6950,#6951,#6952);
#6950 = CARTESIAN_POINT('',(4.,-3.5,-12.));
#6951 = DIRECTION('',(0.,0.,1.));
#6952 = DIRECTION('',(1.,0.,-0.));
#6953 = DEFINITIONAL_REPRESENTATION('',(#6954),#6958);
#6954 = LINE('',#6955,#6956);
#6955 = CARTESIAN_POINT('',(0.,0.));
#6956 = VECTOR('',#6957,1.);
#6957 = DIRECTION('',(1.,0.));
#6958 = ( GEOMETRIC_REPRESENTATION_CONTEXT(2) 
PARAMETRIC_REPRESENTATION_CONTEXT() REPRESENTATION_CONTEXT('2D SPACE',''
  ) );
#6959 = ORIENTED_EDGE('',*,*,#6960,.T.);
#6960 = EDGE_CURVE('',#6933,#6961,#6963,.T.);
#6961 = VERTEX_POINT('',#6962);
#6962 = CARTESIAN_POINT('',(12.,-3.5,-8.335394683636));
#6963 = SURFACE_CURVE('',#6964,(#6968,#6975),.PCURVE_S1.);
#6964 = LINE('',#6965,#6966);
#6965 = CARTESIAN_POINT('',(12.,-3.5,-12.));
#6966 = VECTOR('',#6967,1.);
#6967 = DIRECTION('',(0.,0.,1.));
#6968 = PCURVE('',#6851,#6969);
#6969 = DEFINITIONAL_REPRESENTATION('',(#6970),#6974);
#6970 = LINE('',#6971,#6972);
#6971 = CARTESIAN_POINT('',(-79.54812415367,2.416932725756));
#6972 = VECTOR('',#6973,1.);
#6973 = DIRECTION('',(0.,1.));
#6974 = ( GEOMETRIC_REPRESENTATION_CONTEXT(2) 
PARAMETRIC_REPRESENTATION_CONTEXT() REPRESENTATION_CONTEXT('2D SPACE',''
  ) );
#6975 = PCURVE('',#6976,#6981);
#6976 = PLANE('',#6977);
#6977 = AXIS2_PLACEMENT_3D('',#6978,#6979,#6980);
#6978 = CARTESIAN_POINT('',(12.,-3.5,-12.));
#6979 = DIRECTION('',(1.,0.,-0.));
#6980 = DIRECTION('',(0.,0.,1.));
#6981 = DEFINITIONAL_REPRESENTATION('',(#6982),#6986);
#6982 = LINE('',#6983,#6984);
#6983 = CARTESIAN_POINT('',(0.,0.));
#6984 = VECTOR('',#6985,1.);
#6985 = DIRECTION('',(1.,0.));
#6986 = ( GEOMETRIC_REPRESENTATION_CONTEXT(2) 
PARAMETRIC_REPRESENTATION_CONTEXT() REPRESENTATION_CONTEXT('2D SPACE',''
  ) );
#6987 = ORIENTED_EDGE('',*,*,#6988,.T.);
#6988 = EDGE_CURVE('',#6961,#6989,#6991,.T.);
#6989 = VERTEX_POINT('',#6990);
#6990 = CARTESIAN_POINT('',(178.11527096114,-3.5,-35.41940625338));
#6991 = SURFACE_CURVE('',#6992,(#6996,#7003),.PCURVE_S1.);
#6992 = LINE('',#6993,#6994);
#6993 = CARTESIAN_POINT('',(0.257469828126,-3.5,-6.42085172083));
#6994 = VECTOR('',#6995,1.);
#6995 = DIRECTION('',(0.986967674481,-1.78655582082E-17,-0.160918642578)
  );
#6996 = PCURVE('',#6851,#6997);
#6997 = DEFINITIONAL_REPRESENTATION('',(#6998),#7002);
#6998 = LINE('',#6999,#7000);
#6999 = CARTESIAN_POINT('',(-91.29065432555,7.996081004926));
#7000 = VECTOR('',#7001,1.);
#7001 = DIRECTION('',(0.986967674481,-0.160918642578));
#7002 = ( GEOMETRIC_REPRESENTATION_CONTEXT(2) 
PARAMETRIC_REPRESENTATION_CONTEXT() REPRESENTATION_CONTEXT('2D SPACE',''
  ) );
#7003 = PCURVE('',#7004,#7009);
#7004 = CYLINDRICAL_SURFACE('',#7005,1.6);
#7005 = AXIS2_PLACEMENT_3D('',#7006,#7007,#7008);
#7006 = CARTESIAN_POINT('',(0.257469828126,-1.9,-6.42085172083));
#7007 = DIRECTION('',(0.986967674481,-1.78655582082E-17,-0.160918642578)
  );
#7008 = DIRECTION('',(-0.160918642578,-1.09575423677E-16,-0.986967674481
    ));
#7009 = DEFINITIONAL_REPRESENTATION('',(#7010),#7014);
#7010 = LINE('',#7011,#7012);
#7011 = CARTESIAN_POINT('',(-1.570796326795,0.));
#7012 = VECTOR('',#7013,1.);
#7013 = DIRECTION('',(-0.,1.));
#7014 = ( GEOMETRIC_REPRESENTATION_CONTEXT(2) 
PARAMETRIC_REPRESENTATION_CONTEXT() REPRESENTATION_CONTEXT('2D SPACE',''
  ) );
#7015 = ORIENTED_EDGE('',*,*,#7016,.T.);
#7016 = EDGE_CURVE('',#6989,#7017,#7019,.T.);
#7017 = VERTEX_POINT('',#7018);
#7018 = CARTESIAN_POINT('',(180.19575239232,-3.5,-22.96240807239));
#7019 = SURFACE_CURVE('',#7020,(#7025,#7032),.PCURVE_S1.);
#7020 = CIRCLE('',#7021,8.);
#7021 = AXIS2_PLACEMENT_3D('',#7022,#7023,#7024);
#7022 = CARTESIAN_POINT('',(184.,-3.5,-30.));
#7023 = DIRECTION('',(-1.691021630299E-32,-1.,4.916655320746E-16));
#7024 = DIRECTION('',(-0.735591129857,-3.330669073875E-16,
    -0.677425781673));
#7025 = PCURVE('',#6851,#7026);
#7026 = DEFINITIONAL_REPRESENTATION('',(#7027),#7031);
#7027 = CIRCLE('',#7028,8.);
#7028 = AXIS2_PLACEMENT_2D('',#7029,#7030);
#7029 = CARTESIAN_POINT('',(92.451875846323,-15.58306727424));
#7030 = DIRECTION('',(-0.735591129857,-0.677425781673));
#7031 = ( GEOMETRIC_REPRESENTATION_CONTEXT(2) 
PARAMETRIC_REPRESENTATION_CONTEXT() REPRESENTATION_CONTEXT('2D SPACE',''
  ) );
#7032 = PCURVE('',#7033,#7038);
#7033 = CYLINDRICAL_SURFACE('',#7034,8.);
#7034 = AXIS2_PLACEMENT_3D('',#7035,#7036,#7037);
#7035 = CARTESIAN_POINT('',(184.,3.5,-30.));
#7036 = DIRECTION('',(0.,-1.,2.22044604925E-16));
#7037 = DIRECTION('',(1.,0.,0.));
#7038 = DEFINITIONAL_REPRESENTATION('',(#7039),#7043);
#7039 = LINE('',#7040,#7041);
#7040 = CARTESIAN_POINT('',(3.885850100327,7.));
#7041 = VECTOR('',#7042,1.);
#7042 = DIRECTION('',(1.,0.));
#7043 = ( GEOMETRIC_REPRESENTATION_CONTEXT(2) 
PARAMETRIC_REPRESENTATION_CONTEXT() REPRESENTATION_CONTEXT('2D SPACE',''
  ) );
#7044 = ORIENTED_EDGE('',*,*,#7045,.T.);
#7045 = EDGE_CURVE('',#7017,#7046,#7048,.T.);
#7046 = VERTEX_POINT('',#7047);
#7047 = CARTESIAN_POINT('',(156.70693569199,-3.5,-18.87739647233));
#7048 = SURFACE_CURVE('',#7049,(#7053,#7060),.PCURVE_S1.);
#7049 = LINE('',#7050,#7051);
#7050 = CARTESIAN_POINT('',(183.72585412039,-3.5,-23.57633880771));
#7051 = VECTOR('',#7052,1.);
#7052 = DIRECTION('',(-0.98521175482,1.902269172752E-17,0.171341174751)
  );
#7053 = PCURVE('',#6851,#7054);
#7054 = DEFINITIONAL_REPRESENTATION('',(#7055),#7059);
#7055 = LINE('',#7056,#7057);
#7056 = CARTESIAN_POINT('',(92.177729966721,-9.159406081956));
#7057 = VECTOR('',#7058,1.);
#7058 = DIRECTION('',(-0.98521175482,0.171341174751));
#7059 = ( GEOMETRIC_REPRESENTATION_CONTEXT(2) 
PARAMETRIC_REPRESENTATION_CONTEXT() REPRESENTATION_CONTEXT('2D SPACE',''
  ) );
#7060 = PCURVE('',#7061,#7066);
#7061 = CYLINDRICAL_SURFACE('',#7062,1.6);
#7062 = AXIS2_PLACEMENT_3D('',#7063,#7064,#7065);
#7063 = CARTESIAN_POINT('',(183.72585412039,-1.9,-23.57633880771));
#7064 = DIRECTION('',(-0.98521175482,1.902269172752E-17,0.171341174751)
  );
#7065 = DIRECTION('',(0.171341174751,1.093804774332E-16,0.98521175482));
#7066 = DEFINITIONAL_REPRESENTATION('',(#7067),#7071);
#7067 = LINE('',#7068,#7069);
#7068 = CARTESIAN_POINT('',(-1.570796326795,0.));
#7069 = VECTOR('',#7070,1.);
#7070 = DIRECTION('',(-0.,1.));
#7071 = ( GEOMETRIC_REPRESENTATION_CONTEXT(2) 
PARAMETRIC_REPRESENTATION_CONTEXT() REPRESENTATION_CONTEXT('2D SPACE',''
  ) );
#7072 = ORIENTED_EDGE('',*,*,#7073,.F.);
#7073 = EDGE_CURVE('',#6841,#7046,#7074,.T.);
#7074 = SURFACE_CURVE('',#7075,(#7080,#7087),.PCURVE_S1.);
#7075 = CIRCLE('',#7076,4.5);
#7076 = AXIS2_PLACEMENT_3D('',#7077,#7078,#7079);
#7077 = CARTESIAN_POINT('',(154.,-3.5,-15.28260869565));
#7078 = DIRECTION('',(0.,-1.,2.22044604925E-16));
#7079 = DIRECTION('',(1.,0.,0.));
#7080 = PCURVE('',#6851,#7081);
#7081 = DEFINITIONAL_REPRESENTATION('',(#7082),#7086);
#7082 = CIRCLE('',#7083,4.5);
#7083 = AXIS2_PLACEMENT_2D('',#7084,#7085);
#7084 = CARTESIAN_POINT('',(62.451875846323,-0.865675969896));
#7085 = DIRECTION('',(1.,0.));
#7086 = ( GEOMETRIC_REPRESENTATION_CONTEXT(2) 
PARAMETRIC_REPRESENTATION_CONTEXT() REPRESENTATION_CONTEXT('2D SPACE',''
  ) );
#7087 = PCURVE('',#7088,#7093);
#7088 = CYLINDRICAL_SURFACE('',#7089,4.5);
#7089 = AXIS2_PLACEMENT_3D('',#7090,#7091,#7092);
#7090 = CARTESIAN_POINT('',(154.,4.5,-15.28260869565));
#7091 = DIRECTION('',(0.,-1.,2.22044604925E-16));
#7092 = DIRECTION('',(1.,0.,0.));
#7093 = DEFINITIONAL_REPRESENTATION('',(#7094),#7098);
#7094 = LINE('',#7095,#7096);
#7095 = CARTESIAN_POINT('',(0.,8.));
#7096 = VECTOR('',#7097,1.);
#7097 = DIRECTION('',(1.,0.));
#7098 = ( GEOMETRIC_REPRESENTATION_CONTEXT(2) 
PARAMETRIC_REPRESENTATION_CONTEXT() REPRESENTATION_CONTEXT('2D SPACE',''
  ) );
#7099 = FACE_BOUND('',#7100,.T.);
#7100 = EDGE_LOOP('',(#7101,#7132,#7160));
#7101 = ORIENTED_EDGE('',*,*,#7102,.T.);
#7102 = EDGE_CURVE('',#7103,#7105,#7107,.T.);
#7103 = VERTEX_POINT('',#7104);
#7104 = CARTESIAN_POINT('',(5.830951894845,-3.5,-7.5));
#7105 = VERTEX_POINT('',#7106);
#7106 = CARTESIAN_POINT('',(6.008508033527,-3.5,-7.35852099345));
#7107 = SURFACE_CURVE('',#7108,(#7113,#7120),.PCURVE_S1.);
#7108 = CIRCLE('',#7109,9.5);
#7109 = AXIS2_PLACEMENT_3D('',#7110,#7111,#7112);
#7110 = CARTESIAN_POINT('',(0.,-3.5,1.554312234475E-15));
#7111 = DIRECTION('',(0.,-1.,2.22044604925E-16));
#7112 = DIRECTION('',(1.,0.,0.));
#7113 = PCURVE('',#6851,#7114);
#7114 = DEFINITIONAL_REPRESENTATION('',(#7115),#7119);
#7115 = CIRCLE('',#7116,9.5);
#7116 = AXIS2_PLACEMENT_2D('',#7117,#7118);
#7117 = CARTESIAN_POINT('',(-91.54812415367,14.416932725756));
#7118 = DIRECTION('',(1.,0.));
#7119 = ( GEOMETRIC_REPRESENTATION_CONTEXT(2) 
PARAMETRIC_REPRESENTATION_CONTEXT() REPRESENTATION_CONTEXT('2D SPACE',''
  ) );
#7120 = PCURVE('',#7121,#7126);
#7121 = CYLINDRICAL_SURFACE('',#7122,9.5);
#7122 = AXIS2_PLACEMENT_3D('',#7123,#7124,#7125);
#7123 = CARTESIAN_POINT('',(0.,3.5,0.));
#7124 = DIRECTION('',(0.,-1.,2.22044604925E-16));
#7125 = DIRECTION('',(1.,0.,0.));
#7126 = DEFINITIONAL_REPRESENTATION('',(#7127),#7131);
#7127 = LINE('',#7128,#7129);
#7128 = CARTESIAN_POINT('',(0.,7.));
#7129 = VECTOR('',#7130,1.);
#7130 = DIRECTION('',(1.,0.));
#7131 = ( GEOMETRIC_REPRESENTATION_CONTEXT(2) 
PARAMETRIC_REPRESENTATION_CONTEXT() REPRESENTATION_CONTEXT('2D SPACE',''
  ) );
#7132 = ORIENTED_EDGE('',*,*,#7133,.T.);
#7133 = EDGE_CURVE('',#7105,#7134,#7136,.T.);
#7134 = VERTEX_POINT('',#7135);
#7135 = CARTESIAN_POINT('',(6.876245940367,-3.5,-7.5));
#7136 = SURFACE_CURVE('',#7137,(#7141,#7148),.PCURVE_S1.);
#7137 = LINE('',#7138,#7139);
#7138 = CARTESIAN_POINT('',(0.257469828126,-3.5,-6.42085172083));
#7139 = VECTOR('',#7140,1.);
#7140 = DIRECTION('',(0.986967674481,-1.78655582082E-17,-0.160918642578)
  );
#7141 = PCURVE('',#6851,#7142);
#7142 = DEFINITIONAL_REPRESENTATION('',(#7143),#7147);
#7143 = LINE('',#7144,#7145);
#7144 = CARTESIAN_POINT('',(-91.29065432555,7.996081004926));
#7145 = VECTOR('',#7146,1.);
#7146 = DIRECTION('',(0.986967674481,-0.160918642578));
#7147 = ( GEOMETRIC_REPRESENTATION_CONTEXT(2) 
PARAMETRIC_REPRESENTATION_CONTEXT() REPRESENTATION_CONTEXT('2D SPACE',''
  ) );
#7148 = PCURVE('',#7149,#7154);
#7149 = CYLINDRICAL_SURFACE('',#7150,1.6);
#7150 = AXIS2_PLACEMENT_3D('',#7151,#7152,#7153);
#7151 = CARTESIAN_POINT('',(0.257469828126,-1.9,-6.42085172083));
#7152 = DIRECTION('',(0.986967674481,-1.78655582082E-17,-0.160918642578)
  );
#7153 = DIRECTION('',(-0.160918642578,-1.09575423677E-16,-0.986967674481
    ));
#7154 = DEFINITIONAL_REPRESENTATION('',(#7155),#7159);
#7155 = LINE('',#7156,#7157);
#7156 = CARTESIAN_POINT('',(-1.570796326795,0.));
#7157 = VECTOR('',#7158,1.);
#7158 = DIRECTION('',(-0.,1.));
#7159 = ( GEOMETRIC_REPRESENTATION_CONTEXT(2) 
PARAMETRIC_REPRESENTATION_CONTEXT() REPRESENTATION_CONTEXT('2D SPACE',''
  ) );
#7160 = ORIENTED_EDGE('',*,*,#7161,.F.);
#7161 = EDGE_CURVE('',#7103,#7134,#7162,.T.);
#7162 = SURFACE_CURVE('',#7163,(#7167,#7174),.PCURVE_S1.);
#7163 = LINE('',#7164,#7165);
#7164 = CARTESIAN_POINT('',(4.,-3.5,-7.5));
#7165 = VECTOR('',#7166,1.);
#7166 = DIRECTION('',(1.,0.,-0.));
#7167 = PCURVE('',#6851,#7168);
#7168 = DEFINITIONAL_REPRESENTATION('',(#7169),#7173);
#7169 = LINE('',#7170,#7171);
#7170 = CARTESIAN_POINT('',(-87.54812415367,6.916932725756));
#7171 = VECTOR('',#7172,1.);
#7172 = DIRECTION('',(1.,0.));
#7173 = ( GEOMETRIC_REPRESENTATION_CONTEXT(2) 
PARAMETRIC_REPRESENTATION_CONTEXT() REPRESENTATION_CONTEXT('2D SPACE',''
  ) );
#7174 = PCURVE('',#7175,#7180);
#7175 = PLANE('',#7176);
#7176 = AXIS2_PLACEMENT_3D('',#7177,#7178,#7179);
#7177 = CARTESIAN_POINT('',(4.,-3.5,-7.5));
#7178 = DIRECTION('',(0.,0.,1.));
#7179 = DIRECTION('',(1.,0.,-0.));
#7180 = DEFINITIONAL_REPRESENTATION('',(#7181),#7185);
#7181 = LINE('',#7182,#7183);
#7182 = CARTESIAN_POINT('',(0.,0.));
#7183 = VECTOR('',#7184,1.);
#7184 = DIRECTION('',(1.,0.));
#7185 = ( GEOMETRIC_REPRESENTATION_CONTEXT(2) 
PARAMETRIC_REPRESENTATION_CONTEXT() REPRESENTATION_CONTEXT('2D SPACE',''
  ) );
#7186 = FACE_BOUND('',#7187,.T.);
#7187 = EDGE_LOOP('',(#7188));
#7188 = ORIENTED_EDGE('',*,*,#7189,.F.);
#7189 = EDGE_CURVE('',#7190,#7190,#7192,.T.);
#7190 = VERTEX_POINT('',#7191);
#7191 = CARTESIAN_POINT('',(2.8,-3.5,1.090554631878E-15));
#7192 = SURFACE_CURVE('',#7193,(#7198,#7205),.PCURVE_S1.);
#7193 = CIRCLE('',#7194,2.8);
#7194 = AXIS2_PLACEMENT_3D('',#7195,#7196,#7197);
#7195 = CARTESIAN_POINT('',(0.,-3.5,1.7763568394E-15));
#7196 = DIRECTION('',(0.,-1.,2.22044604925E-16));
#7197 = DIRECTION('',(1.,0.,0.));
#7198 = PCURVE('',#6851,#7199);
#7199 = DEFINITIONAL_REPRESENTATION('',(#7200),#7204);
#7200 = CIRCLE('',#7201,2.8);
#7201 = AXIS2_PLACEMENT_2D('',#7202,#7203);
#7202 = CARTESIAN_POINT('',(-91.54812415367,14.416932725756));
#7203 = DIRECTION('',(1.,0.));
#7204 = ( GEOMETRIC_REPRESENTATION_CONTEXT(2) 
PARAMETRIC_REPRESENTATION_CONTEXT() REPRESENTATION_CONTEXT('2D SPACE',''
  ) );
#7205 = PCURVE('',#7206,#7211);
#7206 = CYLINDRICAL_SURFACE('',#7207,2.8);
#7207 = AXIS2_PLACEMENT_3D('',#7208,#7209,#7210);
#7208 = CARTESIAN_POINT('',(0.,4.5,0.));
#7209 = DIRECTION('',(0.,-1.,2.22044604925E-16));
#7210 = DIRECTION('',(1.,0.,0.));
#7211 = DEFINITIONAL_REPRESENTATION('',(#7212),#7216);
#7212 = LINE('',#7213,#7214);
#7213 = CARTESIAN_POINT('',(0.,8.));
#7214 = VECTOR('',#7215,1.);
#7215 = DIRECTION('',(1.,0.));
#7216 = ( GEOMETRIC_REPRESENTATION_CONTEXT(2) 
PARAMETRIC_REPRESENTATION_CONTEXT() REPRESENTATION_CONTEXT('2D SPACE',''
  ) );
#7217 = ADVANCED_FACE('',(#7218),#6863,.T.);
#7218 = FACE_BOUND('',#7219,.F.);
#7219 = EDGE_LOOP('',(#7220,#7250,#7343,#7344,#7400));
#7220 = ORIENTED_EDGE('',*,*,#7221,.F.);
#7221 = EDGE_CURVE('',#7222,#7224,#7226,.T.);
#7222 = VERTEX_POINT('',#7223);
#7223 = CARTESIAN_POINT('',(149.55922699747,-1.9,-16.01030034738));
#7224 = VERTEX_POINT('',#7225);
#7225 = CARTESIAN_POINT('',(1.874145879602,-1.9,9.674061586156));
#7226 = SURFACE_CURVE('',#7227,(#7231,#7238),.PCURVE_S1.);
#7227 = LINE('',#7228,#7229);
#7228 = CARTESIAN_POINT('',(184.,-1.9,-22.));
#7229 = VECTOR('',#7230,1.);
#7230 = DIRECTION('',(-0.98521175482,1.902269172752E-17,0.171341174751)
  );
#7231 = PCURVE('',#6863,#7232);
#7232 = DEFINITIONAL_REPRESENTATION('',(#7233),#7237);
#7233 = LINE('',#7234,#7235);
#7234 = CARTESIAN_POINT('',(-0.,0.));
#7235 = VECTOR('',#7236,1.);
#7236 = DIRECTION('',(-0.,1.));
#7237 = ( GEOMETRIC_REPRESENTATION_CONTEXT(2) 
PARAMETRIC_REPRESENTATION_CONTEXT() REPRESENTATION_CONTEXT('2D SPACE',''
  ) );
#7238 = PCURVE('',#7239,#7244);
#7239 = PLANE('',#7240);
#7240 = AXIS2_PLACEMENT_3D('',#7241,#7242,#7243);
#7241 = CARTESIAN_POINT('',(184.,-2.442490654175E-15,-22.));
#7242 = DIRECTION('',(0.171341174751,1.093804774332E-16,0.98521175482));
#7243 = DIRECTION('',(-0.98521175482,1.902269172752E-17,0.171341174751)
  );
#7244 = DEFINITIONAL_REPRESENTATION('',(#7245),#7249);
#7245 = LINE('',#7246,#7247);
#7246 = CARTESIAN_POINT('',(0.,1.9));
#7247 = VECTOR('',#7248,1.);
#7248 = DIRECTION('',(1.,0.));
#7249 = ( GEOMETRIC_REPRESENTATION_CONTEXT(2) 
PARAMETRIC_REPRESENTATION_CONTEXT() REPRESENTATION_CONTEXT('2D SPACE',''
  ) );
#7250 = ORIENTED_EDGE('',*,*,#7251,.T.);
#7251 = EDGE_CURVE('',#7222,#6841,#7252,.T.);
#7252 = SURFACE_CURVE('',#7253,(#7281,#7312),.PCURVE_S1.);
#7253 = B_SPLINE_CURVE_WITH_KNOTS('',6,(#7254,#7255,#7256,#7257,#7258,
    #7259,#7260,#7261,#7262,#7263,#7264,#7265,#7266,#7267,#7268,#7269,
    #7270,#7271,#7272,#7273,#7274,#7275,#7276,#7277,#7278,#7279,#7280),
  .UNSPECIFIED.,.F.,.F.,(7,5,5,5,5,7),(0.,0.377295183883,0.4781375865,
    0.650137764419,0.800287109595,1.),.UNSPECIFIED.);
#7254 = CARTESIAN_POINT('',(149.55922699747,-1.9,-16.01030034738));
#7255 = CARTESIAN_POINT('',(149.55922699747,-2.056784740821,
    -16.01030034738));
#7256 = CARTESIAN_POINT('',(149.5623834367,-2.213894264499,
    -16.02956204627));
#7257 = CARTESIAN_POINT('',(149.56872026025,-2.369138116019,
    -16.06823547184));
#7258 = CARTESIAN_POINT('',(149.57890469622,-2.52024567479,
    -16.12645479887));
#7259 = CARTESIAN_POINT('',(149.59426644294,-2.664783348655,
    -16.20429443863));
#7260 = CARTESIAN_POINT('',(149.62295436087,-2.836225247637,
    -16.32768540508));
#7261 = CARTESIAN_POINT('',(149.62951946493,-2.871692404205,
    -16.35508287848));
#7262 = CARTESIAN_POINT('',(149.63663375959,-2.906393898098,
    -16.3838291133));
#7263 = CARTESIAN_POINT('',(149.6443328481,-2.94025976978,-16.4138943446
    ));
#7264 = CARTESIAN_POINT('',(149.65265337738,-2.973224680684,
    -16.44524377753));
#7265 = CARTESIAN_POINT('',(149.67694904792,-3.059813698022,
    -16.53343068055));
#7266 = CARTESIAN_POINT('',(149.69419363738,-3.11164253376,
    -16.59268575248));
#7267 = CARTESIAN_POINT('',(149.71352226356,-3.160279697337,
    -16.65528858349));
#7268 = CARTESIAN_POINT('',(149.73507149852,-3.205391489869,
    -16.72085181805));
#7269 = CARTESIAN_POINT('',(149.75894060272,-3.246743234771,
    -16.78893610731));
#7270 = CARTESIAN_POINT('',(149.80807302861,-3.316893170776,
    -16.92029645557));
#7271 = CARTESIAN_POINT('',(149.83275132812,-3.346586464027,
    -16.98302394446));
#7272 = CARTESIAN_POINT('',(149.85922438081,-3.37318722486,
    -17.04691782138));
#7273 = CARTESIAN_POINT('',(149.88747092835,-3.396666775401,
    -17.11162086356));
#7274 = CARTESIAN_POINT('',(149.91742448804,-3.417055279074,
    -17.17676409635));
#7275 = CARTESIAN_POINT('',(149.99091867232,-3.457561766596,
    -17.32871488152));
#7276 = CARTESIAN_POINT('',(150.03562988073,-3.475340993686,
    -17.41547068116));
#7277 = CARTESIAN_POINT('',(150.08296989189,-3.488093276934,
    -17.50170628411));
#7278 = CARTESIAN_POINT('',(150.13273569457,-3.496178793596,
    -17.58691719805));
#7279 = CARTESIAN_POINT('',(150.18464834317,-3.5,-17.67063412066));
#7280 = CARTESIAN_POINT('',(150.23835053045,-3.5,-17.75242513989));
#7281 = PCURVE('',#6863,#7282);
#7282 = DEFINITIONAL_REPRESENTATION('',(#7283),#7311);
#7283 = B_SPLINE_CURVE_WITH_KNOTS('',6,(#7284,#7285,#7286,#7287,#7288,
    #7289,#7290,#7291,#7292,#7293,#7294,#7295,#7296,#7297,#7298,#7299,
    #7300,#7301,#7302,#7303,#7304,#7305,#7306,#7307,#7308,#7309,#7310),
  .UNSPECIFIED.,.F.,.F.,(7,5,5,5,5,7),(0.,0.377295183883,0.4781375865,
    0.650137764419,0.800287109595,1.),.UNSPECIFIED.);
#7284 = CARTESIAN_POINT('',(0.,34.957736582054));
#7285 = CARTESIAN_POINT('',(-9.799046301305E-02,34.957736582054));
#7286 = CARTESIAN_POINT('',(-0.196184017228,34.951326498902));
#7287 = CARTESIAN_POINT('',(-0.294904582579,34.938457035685));
#7288 = CARTESIAN_POINT('',(-0.394464167792,34.918447841762));
#7289 = CARTESIAN_POINT('',(-0.495188712247,34.889976132998));
#7290 = CARTESIAN_POINT('',(-0.624791072812,34.840570505893));
#7291 = CARTESIAN_POINT('',(-0.65221261104,34.829408172921));
#7292 = CARTESIAN_POINT('',(-0.679709630844,34.817473672547));
#7293 = CARTESIAN_POINT('',(-0.707271200234,34.804737027998));
#7294 = CARTESIAN_POINT('',(-0.734887510551,34.791168096077));
#7295 = CARTESIAN_POINT('',(-0.809731733863,34.752121668315));
#7296 = CARTESIAN_POINT('',(-0.857082466541,34.724979262432));
#7297 = CARTESIAN_POINT('',(-0.904450180592,34.695210030107));
#7298 = CARTESIAN_POINT('',(-0.951703723367,34.662745788886));
#7299 = CARTESIAN_POINT('',(-0.998724142971,34.627564024747));
#7300 = CARTESIAN_POINT('',(-1.086138960041,34.556650744831));
#7301 = CARTESIAN_POINT('',(-1.126576003202,34.521589592434));
#7302 = CARTESIAN_POINT('',(-1.166620615172,34.484560377808));
#7303 = CARTESIAN_POINT('',(-1.206187600754,34.445645251884));
#7304 = CARTESIAN_POINT('',(-1.245190545479,34.404972934739));
#7305 = CARTESIAN_POINT('',(-1.334546388521,34.306530174443));
#7306 = CARTESIAN_POINT('',(-1.384334467218,34.247615325715));
#7307 = CARTESIAN_POINT('',(-1.432893887692,34.186199680739));
#7308 = CARTESIAN_POINT('',(-1.480193752648,34.122569688851));
#7309 = CARTESIAN_POINT('',(-1.526183778211,34.057080581363));
#7310 = CARTESIAN_POINT('',(-1.570796326795,33.990158385874));
#7311 = ( GEOMETRIC_REPRESENTATION_CONTEXT(2) 
PARAMETRIC_REPRESENTATION_CONTEXT() REPRESENTATION_CONTEXT('2D SPACE',''
  ) );
#7312 = PCURVE('',#7088,#7313);
#7313 = DEFINITIONAL_REPRESENTATION('',(#7314),#7342);
#7314 = B_SPLINE_CURVE_WITH_KNOTS('',6,(#7315,#7316,#7317,#7318,#7319,
    #7320,#7321,#7322,#7323,#7324,#7325,#7326,#7327,#7328,#7329,#7330,
    #7331,#7332,#7333,#7334,#7335,#7336,#7337,#7338,#7339,#7340,#7341),
  .UNSPECIFIED.,.F.,.F.,(7,5,5,5,5,7),(0.,0.377295183883,0.4781375865,
    0.650137764419,0.800287109595,1.),.UNSPECIFIED.);
#7315 = CARTESIAN_POINT('',(3.304015114122,6.4));
#7316 = CARTESIAN_POINT('',(3.304015114122,6.556784740821));
#7317 = CARTESIAN_POINT('',(3.308352609178,6.713894264499));
#7318 = CARTESIAN_POINT('',(3.317061186893,6.869138116019));
#7319 = CARTESIAN_POINT('',(3.330194814751,7.02024567479));
#7320 = CARTESIAN_POINT('',(3.347816227849,7.164783348655));
#7321 = CARTESIAN_POINT('',(3.375967781747,7.336225247637));
#7322 = CARTESIAN_POINT('',(3.382228334373,7.371692404205));
#7323 = CARTESIAN_POINT('',(3.388808814878,7.406393898098));
#7324 = CARTESIAN_POINT('',(3.395705179198,7.44025976978));
#7325 = CARTESIAN_POINT('',(3.402912613669,7.473224680684));
#7326 = CARTESIAN_POINT('',(3.42323982522,7.559813698022));
#7327 = CARTESIAN_POINT('',(3.436952518837,7.61164253376));
#7328 = CARTESIAN_POINT('',(3.451509128793,7.660279697337));
#7329 = CARTESIAN_POINT('',(3.466841419454,7.705391489869));
#7330 = CARTESIAN_POINT('',(3.482870636589,7.746743234771));
#7331 = CARTESIAN_POINT('',(3.514036886433,7.816893170776));
#7332 = CARTESIAN_POINT('',(3.529014179867,7.846586464027));
#7333 = CARTESIAN_POINT('',(3.544379431375,7.87318722486));
#7334 = CARTESIAN_POINT('',(3.560063998497,7.896666775401));
#7335 = CARTESIAN_POINT('',(3.575994230239,7.917055279074));
#7336 = CARTESIAN_POINT('',(3.613503364099,7.957561766596));
#7337 = CARTESIAN_POINT('',(3.635185168688,7.975340993686));
#7338 = CARTESIAN_POINT('',(3.657034909757,7.988093276934));
#7339 = CARTESIAN_POINT('',(3.678951994262,7.996178793596));
#7340 = CARTESIAN_POINT('',(3.700834874265,8.));
#7341 = CARTESIAN_POINT('',(3.722578266332,8.));
#7342 = ( GEOMETRIC_REPRESENTATION_CONTEXT(2) 
PARAMETRIC_REPRESENTATION_CONTEXT() REPRESENTATION_CONTEXT('2D SPACE',''
  ) );
#7343 = ORIENTED_EDGE('',*,*,#6840,.T.);
#7344 = ORIENTED_EDGE('',*,*,#7345,.T.);
#7345 = EDGE_CURVE('',#6843,#7346,#7348,.T.);
#7346 = VERTEX_POINT('',#7347);
#7347 = CARTESIAN_POINT('',(1.813491941434,-2.903728955691,
    9.325301441688));
#7348 = SURFACE_CURVE('',#7349,(#7364,#7382),.PCURVE_S1.);
#7349 = B_SPLINE_CURVE_WITH_KNOTS('',7,(#7350,#7351,#7352,#7353,#7354,
    #7355,#7356,#7357,#7358,#7359,#7360,#7361,#7362,#7363),
  .UNSPECIFIED.,.F.,.F.,(8,6,8),(0.,0.514587253175,1.),.UNSPECIFIED.);
#7350 = CARTESIAN_POINT('',(6.05097460369,-3.5,7.323640238673));
#7351 = CARTESIAN_POINT('',(5.774641365004,-3.5,7.551953666824));
#7352 = CARTESIAN_POINT('',(5.488925389258,-3.477002773481,
    7.767551357219));
#7353 = CARTESIAN_POINT('',(5.196737101471,-3.437602320619,7.96820531497
    ));
#7354 = CARTESIAN_POINT('',(4.899937775258,-3.386823934561,
    8.153600411602));
#7355 = CARTESIAN_POINT('',(4.599355102557,-3.328752566516,8.32413726661
    ));
#7356 = CARTESIAN_POINT('',(4.294612280156,-3.266618129711,
    8.480813253847));
#7357 = CARTESIAN_POINT('',(3.688853823642,-3.144383514881,
    8.760551190402));
#7358 = CARTESIAN_POINT('',(3.386778924717,-3.083999448925,8.88585802734
    ));
#7359 = CARTESIAN_POINT('',(3.079690302228,-3.026442036372,
    8.998840006524));
#7360 = CARTESIAN_POINT('',(2.769551098433,-2.975949971587,
    9.098900567523));
#7361 = CARTESIAN_POINT('',(2.456950922929,-2.936670084189,
    9.186354485964));
#7362 = CARTESIAN_POINT('',(2.139652051592,-2.911929040317,
    9.261873150659));
#7363 = CARTESIAN_POINT('',(1.813489585102,-2.903728896449,
    9.325301899924));
#7364 = PCURVE('',#6863,#7365);
#7365 = DEFINITIONAL_REPRESENTATION('',(#7366),#7381);
#7366 = B_SPLINE_CURVE_WITH_KNOTS('',7,(#7367,#7368,#7369,#7370,#7371,
    #7372,#7373,#7374,#7375,#7376,#7377,#7378,#7379,#7380),
  .UNSPECIFIED.,.F.,.F.,(8,6,8),(0.,0.514587253175,1.),.UNSPECIFIED.);
#7367 = CARTESIAN_POINT('',(-1.570796326795,180.34181854562));
#7368 = CARTESIAN_POINT('',(-1.459802694633,180.65318479161));
#7369 = CARTESIAN_POINT('',(-1.357642631479,180.971616291));
#7370 = CARTESIAN_POINT('',(-1.263150694827,181.29386391159));
#7371 = CARTESIAN_POINT('',(-1.175658300836,181.61803991025));
#7372 = CARTESIAN_POINT('',(-1.09476962258,181.94339747777));
#7373 = CARTESIAN_POINT('',(-1.020239436141,182.2704787363));
#7374 = CARTESIAN_POINT('',(-0.888454978081,182.91520971491));
#7375 = CARTESIAN_POINT('',(-0.830063922652,183.23428767681));
#7376 = CARTESIAN_POINT('',(-0.778894737556,183.5561934625));
#7377 = CARTESIAN_POINT('',(-0.736502592604,183.87889074578));
#7378 = CARTESIAN_POINT('',(-0.704598641996,184.20185257036));
#7379 = CARTESIAN_POINT('',(-0.684701769406,184.52739860492));
#7380 = CARTESIAN_POINT('',(-0.678120620627,184.8596056573));
#7381 = ( GEOMETRIC_REPRESENTATION_CONTEXT(2) 
PARAMETRIC_REPRESENTATION_CONTEXT() REPRESENTATION_CONTEXT('2D SPACE',''
  ) );
#7382 = PCURVE('',#6892,#7383);
#7383 = DEFINITIONAL_REPRESENTATION('',(#7384),#7399);
#7384 = B_SPLINE_CURVE_WITH_KNOTS('',7,(#7385,#7386,#7387,#7388,#7389,
    #7390,#7391,#7392,#7393,#7394,#7395,#7396,#7397,#7398),
  .UNSPECIFIED.,.F.,.F.,(8,6,8),(0.,0.514587253175,1.),.UNSPECIFIED.);
#7385 = CARTESIAN_POINT('',(0.880267829001,7.));
#7386 = CARTESIAN_POINT('',(0.917999507466,7.));
#7387 = CARTESIAN_POINT('',(0.955639984482,6.977002773481));
#7388 = CARTESIAN_POINT('',(0.992891777521,6.937602320619));
#7389 = CARTESIAN_POINT('',(1.029667342587,6.886823934561));
#7390 = CARTESIAN_POINT('',(1.065995565522,6.828752566516));
#7391 = CARTESIAN_POINT('',(1.102032826501,6.766618129711));
#7392 = CARTESIAN_POINT('',(1.172267622337,6.644383514881));
#7393 = CARTESIAN_POINT('',(1.206665519035,6.583999448925));
#7394 = CARTESIAN_POINT('',(1.241063243422,6.526442036372));
#7395 = CARTESIAN_POINT('',(1.275317270315,6.475949971587));
#7396 = CARTESIAN_POINT('',(1.309444644474,6.436670084189));
#7397 = CARTESIAN_POINT('',(1.343747803074,6.411929040317));
#7398 = CARTESIAN_POINT('',(1.378723878915,6.403728896449));
#7399 = ( GEOMETRIC_REPRESENTATION_CONTEXT(2) 
PARAMETRIC_REPRESENTATION_CONTEXT() REPRESENTATION_CONTEXT('2D SPACE',''
  ) );
#7400 = ORIENTED_EDGE('',*,*,#7401,.T.);
#7401 = EDGE_CURVE('',#7346,#7224,#7402,.T.);
#7402 = SURFACE_CURVE('',#7403,(#7408,#7414),.PCURVE_S1.);
#7403 = CIRCLE('',#7404,1.6);
#7404 = AXIS2_PLACEMENT_3D('',#7405,#7406,#7407);
#7405 = CARTESIAN_POINT('',(1.6,-1.9,8.097722778445));
#7406 = DIRECTION('',(-0.98521175482,1.902269172752E-17,0.171341174751)
  );
#7407 = DIRECTION('',(0.171341174751,1.093804774332E-16,0.98521175482));
#7408 = PCURVE('',#6863,#7409);
#7409 = DEFINITIONAL_REPRESENTATION('',(#7410),#7413);
#7410 = B_SPLINE_CURVE_WITH_KNOTS('',1,(#7411,#7412),.UNSPECIFIED.,.F.,
  .F.,(2,2),(4.712388980385,6.28318530718),.PIECEWISE_BEZIER_KNOTS.);
#7411 = CARTESIAN_POINT('',(-1.570796326795,184.8596032573));
#7412 = CARTESIAN_POINT('',(0.,184.8596032573));
#7413 = ( GEOMETRIC_REPRESENTATION_CONTEXT(2) 
PARAMETRIC_REPRESENTATION_CONTEXT() REPRESENTATION_CONTEXT('2D SPACE',''
  ) );
#7414 = PCURVE('',#7415,#7420);
#7415 = SPHERICAL_SURFACE('',#7416,1.6);
#7416 = AXIS2_PLACEMENT_3D('',#7417,#7418,#7419);
#7417 = CARTESIAN_POINT('',(1.6,-1.9,8.097722778445));
#7418 = DIRECTION('',(-0.,1.,-1.110223024625E-16));
#7419 = DIRECTION('',(0.171341174751,1.093804774332E-16,0.98521175482));
#7420 = DEFINITIONAL_REPRESENTATION('',(#7421),#7424);
#7421 = B_SPLINE_CURVE_WITH_KNOTS('',1,(#7422,#7423),.UNSPECIFIED.,.F.,
  .F.,(2,2),(4.712388980385,6.28318530718),.PIECEWISE_BEZIER_KNOTS.);
#7422 = CARTESIAN_POINT('',(0.,-1.570796326795));
#7423 = CARTESIAN_POINT('',(0.,0.));
#7424 = ( GEOMETRIC_REPRESENTATION_CONTEXT(2) 
PARAMETRIC_REPRESENTATION_CONTEXT() REPRESENTATION_CONTEXT('2D SPACE',''
  ) );
#7425 = ADVANCED_FACE('',(#7426),#7088,.F.);
#7426 = FACE_BOUND('',#7427,.F.);
#7427 = EDGE_LOOP('',(#7428,#7429,#7430,#7451,#7551,#7580,#7680,#7706));
#7428 = ORIENTED_EDGE('',*,*,#7073,.F.);
#7429 = ORIENTED_EDGE('',*,*,#7251,.F.);
#7430 = ORIENTED_EDGE('',*,*,#7431,.F.);
#7431 = EDGE_CURVE('',#7432,#7222,#7434,.T.);
#7432 = VERTEX_POINT('',#7433);
#7433 = CARTESIAN_POINT('',(149.55922699747,1.9,-16.01030034738));
#7434 = SURFACE_CURVE('',#7435,(#7439,#7445),.PCURVE_S1.);
#7435 = LINE('',#7436,#7437);
#7436 = CARTESIAN_POINT('',(149.55922699747,4.5,-16.01030034738));
#7437 = VECTOR('',#7438,1.);
#7438 = DIRECTION('',(0.,-1.,2.22044604925E-16));
#7439 = PCURVE('',#7088,#7440);
#7440 = DEFINITIONAL_REPRESENTATION('',(#7441),#7444);
#7441 = B_SPLINE_CURVE_WITH_KNOTS('',1,(#7442,#7443),.UNSPECIFIED.,.F.,
  .F.,(2,2),(2.22,6.78),.PIECEWISE_BEZIER_KNOTS.);
#7442 = CARTESIAN_POINT('',(3.304015114122,2.22));
#7443 = CARTESIAN_POINT('',(3.304015114122,6.78));
#7444 = ( GEOMETRIC_REPRESENTATION_CONTEXT(2) 
PARAMETRIC_REPRESENTATION_CONTEXT() REPRESENTATION_CONTEXT('2D SPACE',''
  ) );
#7445 = PCURVE('',#7239,#7446);
#7446 = DEFINITIONAL_REPRESENTATION('',(#7447),#7450);
#7447 = B_SPLINE_CURVE_WITH_KNOTS('',1,(#7448,#7449),.UNSPECIFIED.,.F.,
  .F.,(2,2),(2.22,6.78),.PIECEWISE_BEZIER_KNOTS.);
#7448 = CARTESIAN_POINT('',(34.957736582054,-2.28));
#7449 = CARTESIAN_POINT('',(34.957736582054,2.28));
#7450 = ( GEOMETRIC_REPRESENTATION_CONTEXT(2) 
PARAMETRIC_REPRESENTATION_CONTEXT() REPRESENTATION_CONTEXT('2D SPACE',''
  ) );
#7451 = ORIENTED_EDGE('',*,*,#7452,.T.);
#7452 = EDGE_CURVE('',#7432,#7453,#7455,.T.);
#7453 = VERTEX_POINT('',#7454);
#7454 = CARTESIAN_POINT('',(150.23835053045,3.5,-17.75242513989));
#7455 = SURFACE_CURVE('',#7456,(#7484,#7515),.PCURVE_S1.);
#7456 = B_SPLINE_CURVE_WITH_KNOTS('',6,(#7457,#7458,#7459,#7460,#7461,
    #7462,#7463,#7464,#7465,#7466,#7467,#7468,#7469,#7470,#7471,#7472,
    #7473,#7474,#7475,#7476,#7477,#7478,#7479,#7480,#7481,#7482,#7483),
  .UNSPECIFIED.,.F.,.F.,(7,5,5,5,5,7),(0.,0.377295225247,0.478137629441,
    0.650137793204,0.800287126031,1.),.UNSPECIFIED.);
#7457 = CARTESIAN_POINT('',(149.55922699747,1.9,-16.01030034738));
#7458 = CARTESIAN_POINT('',(149.55922699747,2.056784740825,
    -16.01030034738));
#7459 = CARTESIAN_POINT('',(149.5623834367,2.213894264507,
    -16.02956204627));
#7460 = CARTESIAN_POINT('',(149.56872026025,2.369138116032,
    -16.06823547185));
#7461 = CARTESIAN_POINT('',(149.57890469622,2.520245674806,
    -16.12645479888));
#7462 = CARTESIAN_POINT('',(149.59426644295,2.664783348674,
    -16.20429443864));
#7463 = CARTESIAN_POINT('',(149.6229543603,2.83622524426,-16.32768540265
    ));
#7464 = CARTESIAN_POINT('',(149.62951946525,2.871692404999,
    -16.35508287954));
#7465 = CARTESIAN_POINT('',(149.63663376032,2.906393901396,
    -16.38382911614));
#7466 = CARTESIAN_POINT('',(149.64433284817,2.940259770784,
    -16.41389434507));
#7467 = CARTESIAN_POINT('',(149.65265337651,2.97322467757,
    -16.44524377435));
#7468 = CARTESIAN_POINT('',(149.67694904792,3.059813698044,
    -16.53343068057));
#7469 = CARTESIAN_POINT('',(149.69419363739,3.111642533782,
    -16.59268575251));
#7470 = CARTESIAN_POINT('',(149.71352226357,3.160279697359,
    -16.65528858352));
#7471 = CARTESIAN_POINT('',(149.73507149853,3.205391489891,
    -16.72085181809));
#7472 = CARTESIAN_POINT('',(149.75894060274,3.246743234792,
    -16.78893610734));
#7473 = CARTESIAN_POINT('',(149.80807302863,3.316893170798,
    -16.92029645562));
#7474 = CARTESIAN_POINT('',(149.83275132814,3.34658646405,
    -16.98302394451));
#7475 = CARTESIAN_POINT('',(149.85922438083,3.373187224883,
    -17.04691782144));
#7476 = CARTESIAN_POINT('',(149.88747092837,3.396666775423,
    -17.11162086362));
#7477 = CARTESIAN_POINT('',(149.91742448808,3.417055279096,
    -17.17676409642));
#7478 = CARTESIAN_POINT('',(149.99091867236,3.457561766613,
    -17.3287148816));
#7479 = CARTESIAN_POINT('',(150.03562988076,3.475340993691,
    -17.41547068121));
#7480 = CARTESIAN_POINT('',(150.0829698919,3.488093276935,
    -17.50170628414));
#7481 = CARTESIAN_POINT('',(150.13273569458,3.496178793598,
    -17.58691719807));
#7482 = CARTESIAN_POINT('',(150.18464834318,3.5,-17.67063412068));
#7483 = CARTESIAN_POINT('',(150.23835053045,3.5,-17.75242513989));
#7484 = PCURVE('',#7088,#7485);
#7485 = DEFINITIONAL_REPRESENTATION('',(#7486),#7514);
#7486 = B_SPLINE_CURVE_WITH_KNOTS('',6,(#7487,#7488,#7489,#7490,#7491,
    #7492,#7493,#7494,#7495,#7496,#7497,#7498,#7499,#7500,#7501,#7502,
    #7503,#7504,#7505,#7506,#7507,#7508,#7509,#7510,#7511,#7512,#7513),
  .UNSPECIFIED.,.F.,.F.,(7,5,5,5,5,7),(0.,0.377295225247,0.478137629441,
    0.650137793204,0.800287126031,1.),.UNSPECIFIED.);
#7487 = CARTESIAN_POINT('',(3.304015114122,2.6));
#7488 = CARTESIAN_POINT('',(3.304015114122,2.443215259175));
#7489 = CARTESIAN_POINT('',(3.308352609178,2.286105735493));
#7490 = CARTESIAN_POINT('',(3.317061186894,2.130861883968));
#7491 = CARTESIAN_POINT('',(3.330194814753,1.979754325194));
#7492 = CARTESIAN_POINT('',(3.347816227851,1.835216651326));
#7493 = CARTESIAN_POINT('',(3.375967781193,1.66377475574));
#7494 = CARTESIAN_POINT('',(3.38222833462,1.628307595001));
#7495 = CARTESIAN_POINT('',(3.388808815528,1.593606098604));
#7496 = CARTESIAN_POINT('',(3.395705179303,1.559740229216));
#7497 = CARTESIAN_POINT('',(3.402912612938,1.52677532243));
#7498 = CARTESIAN_POINT('',(3.423239825226,1.440186301956));
#7499 = CARTESIAN_POINT('',(3.436952518843,1.388357466218));
#7500 = CARTESIAN_POINT('',(3.4515091288,1.339720302641));
#7501 = CARTESIAN_POINT('',(3.466841419462,1.294608510109));
#7502 = CARTESIAN_POINT('',(3.482870636597,1.253256765208));
#7503 = CARTESIAN_POINT('',(3.514036886444,1.183106829202));
#7504 = CARTESIAN_POINT('',(3.52901417988,1.15341353595));
#7505 = CARTESIAN_POINT('',(3.544379431389,1.126812775117));
#7506 = CARTESIAN_POINT('',(3.560063998512,1.103333224577));
#7507 = CARTESIAN_POINT('',(3.575994230256,1.082944720904));
#7508 = CARTESIAN_POINT('',(3.613503364119,1.042438233387));
#7509 = CARTESIAN_POINT('',(3.6351851687,1.024659006309));
#7510 = CARTESIAN_POINT('',(3.657034909763,1.011906723065));
#7511 = CARTESIAN_POINT('',(3.678951994267,1.003821206402));
#7512 = CARTESIAN_POINT('',(3.700834874271,1.));
#7513 = CARTESIAN_POINT('',(3.722578266332,1.));
#7514 = ( GEOMETRIC_REPRESENTATION_CONTEXT(2) 
PARAMETRIC_REPRESENTATION_CONTEXT() REPRESENTATION_CONTEXT('2D SPACE',''
  ) );
#7515 = PCURVE('',#7516,#7521);
#7516 = CYLINDRICAL_SURFACE('',#7517,1.6);
#7517 = AXIS2_PLACEMENT_3D('',#7518,#7519,#7520);
#7518 = CARTESIAN_POINT('',(183.72585412039,1.9,-23.57633880771));
#7519 = DIRECTION('',(-0.98521175482,1.902269172752E-17,0.171341174751)
  );
#7520 = DIRECTION('',(0.171341174751,1.093804774332E-16,0.98521175482));
#7521 = DEFINITIONAL_REPRESENTATION('',(#7522),#7550);
#7522 = B_SPLINE_CURVE_WITH_KNOTS('',6,(#7523,#7524,#7525,#7526,#7527,
    #7528,#7529,#7530,#7531,#7532,#7533,#7534,#7535,#7536,#7537,#7538,
    #7539,#7540,#7541,#7542,#7543,#7544,#7545,#7546,#7547,#7548,#7549),
  .UNSPECIFIED.,.F.,.F.,(7,5,5,5,5,7),(0.,0.377295225247,0.478137629441,
    0.650137793204,0.800287126031,1.),.UNSPECIFIED.);
#7523 = CARTESIAN_POINT('',(0.,34.957736582054));
#7524 = CARTESIAN_POINT('',(9.799046301558E-02,34.957736582054));
#7525 = CARTESIAN_POINT('',(0.196184017233,34.951326498901));
#7526 = CARTESIAN_POINT('',(0.294904582587,34.938457035684));
#7527 = CARTESIAN_POINT('',(0.394464167802,34.91844784176));
#7528 = CARTESIAN_POINT('',(0.49518871226,34.889976132994));
#7529 = CARTESIAN_POINT('',(0.624791070259,34.840570506866));
#7530 = CARTESIAN_POINT('',(0.652212611818,34.829408172424));
#7531 = CARTESIAN_POINT('',(0.679709633503,34.817473671348));
#7532 = CARTESIAN_POINT('',(0.707271200901,34.804737027848));
#7533 = CARTESIAN_POINT('',(0.734887507859,34.791168097482));
#7534 = CARTESIAN_POINT('',(0.809731733883,34.752121668304));
#7535 = CARTESIAN_POINT('',(0.857082466562,34.724979262419));
#7536 = CARTESIAN_POINT('',(0.904450180615,34.695210030092));
#7537 = CARTESIAN_POINT('',(0.95170372339,34.66274578887));
#7538 = CARTESIAN_POINT('',(0.998724142996,34.627564024728));
#7539 = CARTESIAN_POINT('',(1.086138960071,34.556650744806));
#7540 = CARTESIAN_POINT('',(1.126576003234,34.521589592405));
#7541 = CARTESIAN_POINT('',(1.166620615208,34.484560377775));
#7542 = CARTESIAN_POINT('',(1.206187600793,34.445645251845));
#7543 = CARTESIAN_POINT('',(1.24519054552,34.404972934695));
#7544 = CARTESIAN_POINT('',(1.334546388566,34.30653017439));
#7545 = CARTESIAN_POINT('',(1.384334467244,34.247615325681));
#7546 = CARTESIAN_POINT('',(1.432893887705,34.186199680721));
#7547 = CARTESIAN_POINT('',(1.480193752659,34.122569688836));
#7548 = CARTESIAN_POINT('',(1.526183778224,34.057080581343));
#7549 = CARTESIAN_POINT('',(1.570796326795,33.990158385874));
#7550 = ( GEOMETRIC_REPRESENTATION_CONTEXT(2) 
PARAMETRIC_REPRESENTATION_CONTEXT() REPRESENTATION_CONTEXT('2D SPACE',''
  ) );
#7551 = ORIENTED_EDGE('',*,*,#7552,.T.);
#7552 = EDGE_CURVE('',#7453,#7553,#7555,.T.);
#7553 = VERTEX_POINT('',#7554);
#7554 = CARTESIAN_POINT('',(156.70693569199,3.5,-18.87739647233));
#7555 = SURFACE_CURVE('',#7556,(#7561,#7568),.PCURVE_S1.);
#7556 = CIRCLE('',#7557,4.5);
#7557 = AXIS2_PLACEMENT_3D('',#7558,#7559,#7560);
#7558 = CARTESIAN_POINT('',(154.,3.5,-15.28260869565));
#7559 = DIRECTION('',(0.,-1.,2.22044604925E-16));
#7560 = DIRECTION('',(1.,0.,0.));
#7561 = PCURVE('',#7088,#7562);
#7562 = DEFINITIONAL_REPRESENTATION('',(#7563),#7567);
#7563 = LINE('',#7564,#7565);
#7564 = CARTESIAN_POINT('',(0.,1.));
#7565 = VECTOR('',#7566,1.);
#7566 = DIRECTION('',(1.,0.));
#7567 = ( GEOMETRIC_REPRESENTATION_CONTEXT(2) 
PARAMETRIC_REPRESENTATION_CONTEXT() REPRESENTATION_CONTEXT('2D SPACE',''
  ) );
#7568 = PCURVE('',#7569,#7574);
#7569 = PLANE('',#7570);
#7570 = AXIS2_PLACEMENT_3D('',#7571,#7572,#7573);
#7571 = CARTESIAN_POINT('',(0.,3.5,0.));
#7572 = DIRECTION('',(0.,-1.,2.22044604925E-16));
#7573 = DIRECTION('',(1.,0.,0.));
#7574 = DEFINITIONAL_REPRESENTATION('',(#7575),#7579);
#7575 = CIRCLE('',#7576,4.5);
#7576 = AXIS2_PLACEMENT_2D('',#7577,#7578);
#7577 = CARTESIAN_POINT('',(154.,-15.28260869565));
#7578 = DIRECTION('',(1.,0.));
#7579 = ( GEOMETRIC_REPRESENTATION_CONTEXT(2) 
PARAMETRIC_REPRESENTATION_CONTEXT() REPRESENTATION_CONTEXT('2D SPACE',''
  ) );
#7580 = ORIENTED_EDGE('',*,*,#7581,.T.);
#7581 = EDGE_CURVE('',#7553,#7582,#7584,.T.);
#7582 = VERTEX_POINT('',#7583);
#7583 = CARTESIAN_POINT('',(157.93435098418,1.9,-17.46684364942));
#7584 = SURFACE_CURVE('',#7585,(#7613,#7644),.PCURVE_S1.);
#7585 = B_SPLINE_CURVE_WITH_KNOTS('',6,(#7586,#7587,#7588,#7589,#7590,
    #7591,#7592,#7593,#7594,#7595,#7596,#7597,#7598,#7599,#7600,#7601,
    #7602,#7603,#7604,#7605,#7606,#7607,#7608,#7609,#7610,#7611,#7612),
  .UNSPECIFIED.,.F.,.F.,(7,5,5,5,5,7),(0.,0.127528573434,0.348323236796,
    0.5220096097,0.621782445522,1.),.UNSPECIFIED.);
#7586 = CARTESIAN_POINT('',(156.70693569199,3.5,-18.87739647233));
#7587 = CARTESIAN_POINT('',(156.75684515644,3.5,-18.83981380568));
#7588 = CARTESIAN_POINT('',(156.80629702527,3.498441960057,
    -18.80127275178));
#7589 = CARTESIAN_POINT('',(156.85518729909,3.495214856882,
    -18.76183494537));
#7590 = CARTESIAN_POINT('',(156.90341854721,3.490210802579,
    -18.72157173066));
#7591 = CARTESIAN_POINT('',(156.9508999076,3.483325044654,
    -18.68056416136));
#7592 = CARTESIAN_POINT('',(157.07830897402,3.459100621063,
    -18.56677358127));
#7593 = CARTESIAN_POINT('',(157.15672408987,3.437770958297,
    -18.49254849162));
#7594 = CARTESIAN_POINT('',(157.23189825253,3.409980414353,
    -18.4170750646));
#7595 = CARTESIAN_POINT('',(157.30317335111,3.375456586968,
    -18.3412936124));
#7596 = CARTESIAN_POINT('',(157.3700930872,3.334161968399,
    -18.26618808004));
#7597 = CARTESIAN_POINT('',(157.48135734669,3.248675987561,
    -18.13495675169));
#7598 = CARTESIAN_POINT('',(157.5273758974,3.207056500992,
    -18.07831374963));
#7599 = CARTESIAN_POINT('',(157.57030105296,3.1615951199,-18.02327912672
    ));
#7600 = CARTESIAN_POINT('',(157.61007512819,3.112531666833,
    -17.97031420147));
#7601 = CARTESIAN_POINT('',(157.64669535311,3.060209014884,
    -17.91984273305));
#7602 = CARTESIAN_POINT('',(157.69945146506,2.973404018938,
    -17.84486895272));
#7603 = CARTESIAN_POINT('',(157.71768108188,2.940791299184,
    -17.81844346515));
#7604 = CARTESIAN_POINT('',(157.73491329956,2.907295946824,
    -17.79299571386));
#7605 = CARTESIAN_POINT('',(157.75117010963,2.872981302723,
    -17.76856951721));
#7606 = CARTESIAN_POINT('',(157.76647420376,2.83791515897,
    -17.74520381274));
#7607 = CARTESIAN_POINT('',(157.83534066294,2.666666566088,
    -17.63850745373));
#7608 = CARTESIAN_POINT('',(157.87630746127,2.521824248899,
    -17.57007188075));
#7609 = CARTESIAN_POINT('',(157.90570756764,2.370350332321,
    -17.51843831482));
#7610 = CARTESIAN_POINT('',(157.92482873304,2.214704031308,
    -17.48399536569));
#7611 = CARTESIAN_POINT('',(157.93435098418,2.057182238434,
    -17.46684364942));
#7612 = CARTESIAN_POINT('',(157.93435098418,1.9,-17.46684364942));
#7613 = PCURVE('',#7088,#7614);
#7614 = DEFINITIONAL_REPRESENTATION('',(#7615),#7643);
#7615 = B_SPLINE_CURVE_WITH_KNOTS('',6,(#7616,#7617,#7618,#7619,#7620,
    #7621,#7622,#7623,#7624,#7625,#7626,#7627,#7628,#7629,#7630,#7631,
    #7632,#7633,#7634,#7635,#7636,#7637,#7638,#7639,#7640,#7641,#7642),
  .UNSPECIFIED.,.F.,.F.,(7,5,5,5,5,7),(0.,0.127528573434,0.348323236796,
    0.5220096097,0.621782445522,1.),.UNSPECIFIED.);
#7616 = CARTESIAN_POINT('',(5.357818065391,1.));
#7617 = CARTESIAN_POINT('',(5.371701907096,1.));
#7618 = CARTESIAN_POINT('',(5.385632576987,1.001558039943));
#7619 = CARTESIAN_POINT('',(5.399588348577,1.004785143118));
#7620 = CARTESIAN_POINT('',(5.413547265345,1.009789197421));
#7621 = CARTESIAN_POINT('',(5.427487140741,1.016674955346));
#7622 = CARTESIAN_POINT('',(5.465448372637,1.040899378937));
#7623 = CARTESIAN_POINT('',(5.489432316266,1.062229041703));
#7624 = CARTESIAN_POINT('',(5.513089413607,1.090019585647));
#7625 = CARTESIAN_POINT('',(5.536194612653,1.124543413032));
#7626 = CARTESIAN_POINT('',(5.558542120506,1.165838031601));
#7627 = CARTESIAN_POINT('',(5.596775579434,1.251324012439));
#7628 = CARTESIAN_POINT('',(5.612989845826,1.292943499008));
#7629 = CARTESIAN_POINT('',(5.628495648896,1.3384048801));
#7630 = CARTESIAN_POINT('',(5.643211627555,1.387468333167));
#7631 = CARTESIAN_POINT('',(5.657067337203,1.439790985116));
#7632 = CARTESIAN_POINT('',(5.677439522411,1.526595981062));
#7633 = CARTESIAN_POINT('',(5.684573305173,1.559208700816));
#7634 = CARTESIAN_POINT('',(5.69140256065,1.592704053176));
#7635 = CARTESIAN_POINT('',(5.697922602933,1.627018697277));
#7636 = CARTESIAN_POINT('',(5.704129485846,1.66208484103));
#7637 = CARTESIAN_POINT('',(5.732349697695,1.833333433912));
#7638 = CARTESIAN_POINT('',(5.750064135363,1.978175751101));
#7639 = CARTESIAN_POINT('',(5.763267464426,2.129649667679));
#7640 = CARTESIAN_POINT('',(5.772021698894,2.285295968692));
#7641 = CARTESIAN_POINT('',(5.776381217602,2.442817761566));
#7642 = CARTESIAN_POINT('',(5.776381217602,2.6));
#7643 = ( GEOMETRIC_REPRESENTATION_CONTEXT(2) 
PARAMETRIC_REPRESENTATION_CONTEXT() REPRESENTATION_CONTEXT('2D SPACE',''
  ) );
#7644 = PCURVE('',#7645,#7650);
#7645 = CYLINDRICAL_SURFACE('',#7646,1.6);
#7646 = AXIS2_PLACEMENT_3D('',#7647,#7648,#7649);
#7647 = CARTESIAN_POINT('',(183.72585412039,1.9,-23.57633880771));
#7648 = DIRECTION('',(-0.98521175482,1.902269172752E-17,0.171341174751)
  );
#7649 = DIRECTION('',(0.171341174751,1.093804774332E-16,0.98521175482));
#7650 = DEFINITIONAL_REPRESENTATION('',(#7651),#7679);
#7651 = B_SPLINE_CURVE_WITH_KNOTS('',6,(#7652,#7653,#7654,#7655,#7656,
    #7657,#7658,#7659,#7660,#7661,#7662,#7663,#7664,#7665,#7666,#7667,
    #7668,#7669,#7670,#7671,#7672,#7673,#7674,#7675,#7676,#7677,#7678),
  .UNSPECIFIED.,.F.,.F.,(7,5,5,5,5,7),(0.,0.127528573434,0.348323236796,
    0.5220096097,0.621782445522,1.),.UNSPECIFIED.);
#7652 = CARTESIAN_POINT('',(1.570796326795,27.424478338008));
#7653 = CARTESIAN_POINT('',(1.542309807273,27.381746405206));
#7654 = CARTESIAN_POINT('',(1.5132820581,27.339629512192));
#7655 = CARTESIAN_POINT('',(1.483720846297,27.298219559807));
#7656 = CARTESIAN_POINT('',(1.453630861364,27.25760031372));
#7657 = CARTESIAN_POINT('',(1.423013715282,27.217847404429));
#7658 = CARTESIAN_POINT('',(1.337944180727,27.111819506184));
#7659 = CARTESIAN_POINT('',(1.282332930736,27.047281826356));
#7660 = CARTESIAN_POINT('',(1.225307399683,26.986151063289));
#7661 = CARTESIAN_POINT('',(1.167102289874,26.928914481382));
#7662 = CARTESIAN_POINT('',(1.107937313601,26.875853040904));
#7663 = CARTESIAN_POINT('',(1.000923517618,26.788719514529));
#7664 = CARTESIAN_POINT('',(0.953446169897,26.753086775941));
#7665 = CARTESIAN_POINT('',(0.905727360565,26.720226105052));
#7666 = CARTESIAN_POINT('',(0.857889450074,26.690115291107));
#7667 = CARTESIAN_POINT('',(0.810067431681,26.66268445574));
#7668 = CARTESIAN_POINT('',(0.73504598278,26.623554609705));
#7669 = CARTESIAN_POINT('',(0.707719091235,26.610122351013));
#7670 = CARTESIAN_POINT('',(0.68044570219,26.597505215194));
#7671 = CARTESIAN_POINT('',(0.653235372535,26.585674028047));
#7672 = CARTESIAN_POINT('',(0.626098738781,26.574599761863));
#7673 = CARTESIAN_POINT('',(0.496502101389,26.525033196265));
#7674 = CARTESIAN_POINT('',(0.395504229505,26.496398056459));
#7675 = CARTESIAN_POINT('',(0.295675119587,26.476279681916));
#7676 = CARTESIAN_POINT('',(0.196690126885,26.463342780361));
#7677 = CARTESIAN_POINT('',(9.82388990214E-02,26.456900141828));
#7678 = CARTESIAN_POINT('',(0.,26.456900141828));
#7679 = ( GEOMETRIC_REPRESENTATION_CONTEXT(2) 
PARAMETRIC_REPRESENTATION_CONTEXT() REPRESENTATION_CONTEXT('2D SPACE',''
  ) );
#7680 = ORIENTED_EDGE('',*,*,#7681,.T.);
#7681 = EDGE_CURVE('',#7582,#7682,#7684,.T.);
#7682 = VERTEX_POINT('',#7683);
#7683 = CARTESIAN_POINT('',(157.93435098418,-1.9,-17.46684364942));
#7684 = SURFACE_CURVE('',#7685,(#7689,#7695),.PCURVE_S1.);
#7685 = LINE('',#7686,#7687);
#7686 = CARTESIAN_POINT('',(157.93435098418,4.5,-17.46684364942));
#7687 = VECTOR('',#7688,1.);
#7688 = DIRECTION('',(0.,-1.,2.22044604925E-16));
#7689 = PCURVE('',#7088,#7690);
#7690 = DEFINITIONAL_REPRESENTATION('',(#7691),#7694);
#7691 = B_SPLINE_CURVE_WITH_KNOTS('',1,(#7692,#7693),.UNSPECIFIED.,.F.,
  .F.,(2,2),(2.22,6.78),.PIECEWISE_BEZIER_KNOTS.);
#7692 = CARTESIAN_POINT('',(5.776381217602,2.22));
#7693 = CARTESIAN_POINT('',(5.776381217602,6.78));
#7694 = ( GEOMETRIC_REPRESENTATION_CONTEXT(2) 
PARAMETRIC_REPRESENTATION_CONTEXT() REPRESENTATION_CONTEXT('2D SPACE',''
  ) );
#7695 = PCURVE('',#7696,#7701);
#7696 = PLANE('',#7697);
#7697 = AXIS2_PLACEMENT_3D('',#7698,#7699,#7700);
#7698 = CARTESIAN_POINT('',(184.,-2.442490654175E-15,-22.));
#7699 = DIRECTION('',(0.171341174751,1.093804774332E-16,0.98521175482));
#7700 = DIRECTION('',(-0.98521175482,1.902269172752E-17,0.171341174751)
  );
#7701 = DEFINITIONAL_REPRESENTATION('',(#7702),#7705);
#7702 = B_SPLINE_CURVE_WITH_KNOTS('',1,(#7703,#7704),.UNSPECIFIED.,.F.,
  .F.,(2,2),(2.22,6.78),.PIECEWISE_BEZIER_KNOTS.);
#7703 = CARTESIAN_POINT('',(26.456900141828,-2.28));
#7704 = CARTESIAN_POINT('',(26.456900141828,2.28));
#7705 = ( GEOMETRIC_REPRESENTATION_CONTEXT(2) 
PARAMETRIC_REPRESENTATION_CONTEXT() REPRESENTATION_CONTEXT('2D SPACE',''
  ) );
#7706 = ORIENTED_EDGE('',*,*,#7707,.F.);
#7707 = EDGE_CURVE('',#7046,#7682,#7708,.T.);
#7708 = SURFACE_CURVE('',#7709,(#7737,#7768),.PCURVE_S1.);
#7709 = B_SPLINE_CURVE_WITH_KNOTS('',6,(#7710,#7711,#7712,#7713,#7714,
    #7715,#7716,#7717,#7718,#7719,#7720,#7721,#7722,#7723,#7724,#7725,
    #7726,#7727,#7728,#7729,#7730,#7731,#7732,#7733,#7734,#7735,#7736),
  .UNSPECIFIED.,.F.,.F.,(7,5,5,5,5,7),(0.,0.127528612289,0.348323265819,
    0.522009630988,0.621782462366,1.),.UNSPECIFIED.);
#7710 = CARTESIAN_POINT('',(156.70693569199,-3.5,-18.87739647233));
#7711 = CARTESIAN_POINT('',(156.75684513977,-3.5,-18.83981381824));
#7712 = CARTESIAN_POINT('',(156.80629702954,-3.498441958434,
    -18.80127274736));
#7713 = CARTESIAN_POINT('',(156.85518731562,-3.495214855376,
    -18.7618349318));
#7714 = CARTESIAN_POINT('',(156.90341855179,-3.490210803434,
    -18.72157172783));
#7715 = CARTESIAN_POINT('',(156.95089989131,-3.483325047751,
    -18.68056417591));
#7716 = CARTESIAN_POINT('',(157.07830897402,-3.459100621063,
    -18.56677358127));
#7717 = CARTESIAN_POINT('',(157.15672408987,-3.437770958297,
    -18.49254849162));
#7718 = CARTESIAN_POINT('',(157.23189825253,-3.409980414353,
    -18.4170750646));
#7719 = CARTESIAN_POINT('',(157.30317335111,-3.375456586968,
    -18.3412936124));
#7720 = CARTESIAN_POINT('',(157.3700930872,-3.334161968399,
    -18.26618808004));
#7721 = CARTESIAN_POINT('',(157.48135734669,-3.248675987561,
    -18.13495675169));
#7722 = CARTESIAN_POINT('',(157.5273758974,-3.207056500992,
    -18.07831374963));
#7723 = CARTESIAN_POINT('',(157.57030105296,-3.1615951199,
    -18.02327912672));
#7724 = CARTESIAN_POINT('',(157.61007512819,-3.112531666833,
    -17.97031420147));
#7725 = CARTESIAN_POINT('',(157.64669535311,-3.060209014884,
    -17.91984273305));
#7726 = CARTESIAN_POINT('',(157.69945146506,-2.973404018938,
    -17.84486895272));
#7727 = CARTESIAN_POINT('',(157.71768108188,-2.940791299184,
    -17.81844346515));
#7728 = CARTESIAN_POINT('',(157.73491329956,-2.907295946824,
    -17.79299571386));
#7729 = CARTESIAN_POINT('',(157.75117010963,-2.872981302723,
    -17.76856951721));
#7730 = CARTESIAN_POINT('',(157.76647420376,-2.83791515897,
    -17.74520381274));
#7731 = CARTESIAN_POINT('',(157.83534066294,-2.666666566088,
    -17.63850745373));
#7732 = CARTESIAN_POINT('',(157.87630746127,-2.521824248899,
    -17.57007188075));
#7733 = CARTESIAN_POINT('',(157.90570756764,-2.370350332321,
    -17.51843831482));
#7734 = CARTESIAN_POINT('',(157.92482873304,-2.214704031308,
    -17.48399536569));
#7735 = CARTESIAN_POINT('',(157.93435098418,-2.057182238434,
    -17.46684364942));
#7736 = CARTESIAN_POINT('',(157.93435098418,-1.9,-17.46684364942));
#7737 = PCURVE('',#7088,#7738);
#7738 = DEFINITIONAL_REPRESENTATION('',(#7739),#7767);
#7739 = B_SPLINE_CURVE_WITH_KNOTS('',6,(#7740,#7741,#7742,#7743,#7744,
    #7745,#7746,#7747,#7748,#7749,#7750,#7751,#7752,#7753,#7754,#7755,
    #7756,#7757,#7758,#7759,#7760,#7761,#7762,#7763,#7764,#7765,#7766),
  .UNSPECIFIED.,.F.,.F.,(7,5,5,5,5,7),(0.,0.127528612289,0.348323265819,
    0.522009630988,0.621782462366,1.),.UNSPECIFIED.);
#7740 = CARTESIAN_POINT('',(5.357818065391,8.));
#7741 = CARTESIAN_POINT('',(5.371701902457,8.));
#7742 = CARTESIAN_POINT('',(5.385632578345,7.998441958434));
#7743 = CARTESIAN_POINT('',(5.399588353333,7.995214855376));
#7744 = CARTESIAN_POINT('',(5.413547266531,7.990210803434));
#7745 = CARTESIAN_POINT('',(5.427487135887,7.983325047751));
#7746 = CARTESIAN_POINT('',(5.465448372637,7.959100621063));
#7747 = CARTESIAN_POINT('',(5.489432316266,7.937770958297));
#7748 = CARTESIAN_POINT('',(5.513089413607,7.909980414353));
#7749 = CARTESIAN_POINT('',(5.536194612653,7.875456586968));
#7750 = CARTESIAN_POINT('',(5.558542120506,7.834161968399));
#7751 = CARTESIAN_POINT('',(5.596775579434,7.748675987561));
#7752 = CARTESIAN_POINT('',(5.612989845826,7.707056500992));
#7753 = CARTESIAN_POINT('',(5.628495648896,7.6615951199));
#7754 = CARTESIAN_POINT('',(5.643211627555,7.612531666833));
#7755 = CARTESIAN_POINT('',(5.657067337203,7.560209014884));
#7756 = CARTESIAN_POINT('',(5.677439522411,7.473404018938));
#7757 = CARTESIAN_POINT('',(5.684573305173,7.440791299184));
#7758 = CARTESIAN_POINT('',(5.69140256065,7.407295946824));
#7759 = CARTESIAN_POINT('',(5.697922602933,7.372981302723));
#7760 = CARTESIAN_POINT('',(5.704129485846,7.33791515897));
#7761 = CARTESIAN_POINT('',(5.732349697695,7.166666566088));
#7762 = CARTESIAN_POINT('',(5.750064135363,7.021824248899));
#7763 = CARTESIAN_POINT('',(5.763267464426,6.870350332321));
#7764 = CARTESIAN_POINT('',(5.772021698894,6.714704031308));
#7765 = CARTESIAN_POINT('',(5.776381217602,6.557182238434));
#7766 = CARTESIAN_POINT('',(5.776381217602,6.4));
#7767 = ( GEOMETRIC_REPRESENTATION_CONTEXT(2) 
PARAMETRIC_REPRESENTATION_CONTEXT() REPRESENTATION_CONTEXT('2D SPACE',''
  ) );
#7768 = PCURVE('',#7061,#7769);
#7769 = DEFINITIONAL_REPRESENTATION('',(#7770),#7798);
#7770 = B_SPLINE_CURVE_WITH_KNOTS('',6,(#7771,#7772,#7773,#7774,#7775,
    #7776,#7777,#7778,#7779,#7780,#7781,#7782,#7783,#7784,#7785,#7786,
    #7787,#7788,#7789,#7790,#7791,#7792,#7793,#7794,#7795,#7796,#7797),
  .UNSPECIFIED.,.F.,.F.,(7,5,5,5,5,7),(0.,0.127528612289,0.348323265819,
    0.522009630988,0.621782462366,1.),.UNSPECIFIED.);
#7771 = CARTESIAN_POINT('',(-1.570796326795,27.424478338008));
#7772 = CARTESIAN_POINT('',(-1.542309816792,27.381746419484));
#7773 = CARTESIAN_POINT('',(-1.513282054833,27.33962950874));
#7774 = CARTESIAN_POINT('',(-1.483720836093,27.298219545845));
#7775 = CARTESIAN_POINT('',(-1.453630859183,27.257600309689));
#7776 = CARTESIAN_POINT('',(-1.423013726158,27.217847417985));
#7777 = CARTESIAN_POINT('',(-1.337944180727,27.111819506184));
#7778 = CARTESIAN_POINT('',(-1.282332930736,27.047281826356));
#7779 = CARTESIAN_POINT('',(-1.225307399683,26.986151063289));
#7780 = CARTESIAN_POINT('',(-1.167102289874,26.928914481382));
#7781 = CARTESIAN_POINT('',(-1.107937313601,26.875853040904));
#7782 = CARTESIAN_POINT('',(-1.000923517618,26.788719514529));
#7783 = CARTESIAN_POINT('',(-0.953446169897,26.753086775941));
#7784 = CARTESIAN_POINT('',(-0.905727360565,26.720226105052));
#7785 = CARTESIAN_POINT('',(-0.857889450074,26.690115291107));
#7786 = CARTESIAN_POINT('',(-0.810067431681,26.66268445574));
#7787 = CARTESIAN_POINT('',(-0.73504598278,26.623554609705));
#7788 = CARTESIAN_POINT('',(-0.707719091235,26.610122351013));
#7789 = CARTESIAN_POINT('',(-0.68044570219,26.597505215194));
#7790 = CARTESIAN_POINT('',(-0.653235372535,26.585674028047));
#7791 = CARTESIAN_POINT('',(-0.626098738781,26.574599761863));
#7792 = CARTESIAN_POINT('',(-0.496502101389,26.525033196265));
#7793 = CARTESIAN_POINT('',(-0.395504229505,26.496398056459));
#7794 = CARTESIAN_POINT('',(-0.295675119587,26.476279681916));
#7795 = CARTESIAN_POINT('',(-0.196690126885,26.463342780361));
#7796 = CARTESIAN_POINT('',(-9.823889902141E-02,26.456900141828));
#7797 = CARTESIAN_POINT('',(0.,26.456900141828));
#7798 = ( GEOMETRIC_REPRESENTATION_CONTEXT(2) 
PARAMETRIC_REPRESENTATION_CONTEXT() REPRESENTATION_CONTEXT('2D SPACE',''
  ) );
#7799 = ADVANCED_FACE('',(#7800),#7061,.T.);
#7800 = FACE_BOUND('',#7801,.F.);
#7801 = EDGE_LOOP('',(#7802,#7831,#7885,#7886,#7887));
#7802 = ORIENTED_EDGE('',*,*,#7803,.F.);
#7803 = EDGE_CURVE('',#7804,#7806,#7808,.T.);
#7804 = VERTEX_POINT('',#7805);
#7805 = CARTESIAN_POINT('',(182.61297354532,-2.90747321929,
    -22.12115759682));
#7806 = VERTEX_POINT('',#7807);
#7807 = CARTESIAN_POINT('',(182.6741458796,-1.9,-21.76941667471));
#7808 = SURFACE_CURVE('',#7809,(#7814,#7820),.PCURVE_S1.);
#7809 = CIRCLE('',#7810,1.6);
#7810 = AXIS2_PLACEMENT_3D('',#7811,#7812,#7813);
#7811 = CARTESIAN_POINT('',(182.4,-1.9,-23.34575548242));
#7812 = DIRECTION('',(-0.98521175482,1.902269172752E-17,0.171341174751)
  );
#7813 = DIRECTION('',(0.171341174751,1.093804774332E-16,0.98521175482));
#7814 = PCURVE('',#7061,#7815);
#7815 = DEFINITIONAL_REPRESENTATION('',(#7816),#7819);
#7816 = B_SPLINE_CURVE_WITH_KNOTS('',1,(#7817,#7818),.UNSPECIFIED.,.F.,
  .F.,(2,2),(4.712388980385,6.28318530718),.PIECEWISE_BEZIER_KNOTS.);
#7817 = CARTESIAN_POINT('',(-1.570796326795,1.345755482425));
#7818 = CARTESIAN_POINT('',(0.,1.345755482425));
#7819 = ( GEOMETRIC_REPRESENTATION_CONTEXT(2) 
PARAMETRIC_REPRESENTATION_CONTEXT() REPRESENTATION_CONTEXT('2D SPACE',''
  ) );
#7820 = PCURVE('',#7821,#7826);
#7821 = SPHERICAL_SURFACE('',#7822,1.6);
#7822 = AXIS2_PLACEMENT_3D('',#7823,#7824,#7825);
#7823 = CARTESIAN_POINT('',(182.4,-1.9,-23.34575548242));
#7824 = DIRECTION('',(-0.,1.,-1.110223024625E-16));
#7825 = DIRECTION('',(0.171341174751,1.093804774332E-16,0.98521175482));
#7826 = DEFINITIONAL_REPRESENTATION('',(#7827),#7830);
#7827 = B_SPLINE_CURVE_WITH_KNOTS('',1,(#7828,#7829),.UNSPECIFIED.,.F.,
  .F.,(2,2),(4.712388980385,6.28318530718),.PIECEWISE_BEZIER_KNOTS.);
#7828 = CARTESIAN_POINT('',(0.,-1.570796326795));
#7829 = CARTESIAN_POINT('',(0.,0.));
#7830 = ( GEOMETRIC_REPRESENTATION_CONTEXT(2) 
PARAMETRIC_REPRESENTATION_CONTEXT() REPRESENTATION_CONTEXT('2D SPACE',''
  ) );
#7831 = ORIENTED_EDGE('',*,*,#7832,.T.);
#7832 = EDGE_CURVE('',#7804,#7017,#7833,.T.);
#7833 = SURFACE_CURVE('',#7834,(#7849,#7867),.PCURVE_S1.);
#7834 = B_SPLINE_CURVE_WITH_KNOTS('',7,(#7835,#7836,#7837,#7838,#7839,
    #7840,#7841,#7842,#7843,#7844,#7845,#7846,#7847,#7848),
  .UNSPECIFIED.,.F.,.F.,(8,6,8),(0.,0.537993641869,1.),.UNSPECIFIED.);
#7835 = CARTESIAN_POINT('',(182.61297605828,-2.907472150329,
    -22.12115715443));
#7836 = CARTESIAN_POINT('',(182.43307100617,-2.983999910638,
    -22.1528283807));
#7837 = CARTESIAN_POINT('',(182.2509768055,-3.056227882208,
    -22.18982612184));
#7838 = CARTESIAN_POINT('',(182.06750577365,-3.124090549435,
    -22.23230725367));
#7839 = CARTESIAN_POINT('',(181.88285736507,-3.187388259305,
    -22.28043757349));
#7840 = CARTESIAN_POINT('',(181.69710326429,-3.245759488406,
    -22.33446643344));
#7841 = CARTESIAN_POINT('',(181.51038992234,-3.29859788509,
    -22.39464635689));
#7842 = CARTESIAN_POINT('',(181.16199167538,-3.384916735512,
    -22.51836350586));
#7843 = CARTESIAN_POINT('',(181.00058381472,-3.420055428368,
    -22.58019491213));
#7844 = CARTESIAN_POINT('',(180.83886517949,-3.449916271058,
    -22.64684089351));
#7845 = CARTESIAN_POINT('',(180.67707669451,-3.473802163013,
    -22.71840950369));
#7846 = CARTESIAN_POINT('',(180.51558821328,-3.490847140161,
    -22.79494432584));
#7847 = CARTESIAN_POINT('',(180.35491851191,-3.5,-22.87636907838));
#7848 = CARTESIAN_POINT('',(180.19575239232,-3.5,-22.96240807239));
#7849 = PCURVE('',#7061,#7850);
#7850 = DEFINITIONAL_REPRESENTATION('',(#7851),#7866);
#7851 = B_SPLINE_CURVE_WITH_KNOTS('',7,(#7852,#7853,#7854,#7855,#7856,
    #7857,#7858,#7859,#7860,#7861,#7862,#7863,#7864,#7865),
  .UNSPECIFIED.,.F.,.F.,(8,6,8),(0.,0.537993641869,1.),.UNSPECIFIED.);
#7852 = CARTESIAN_POINT('',(-0.681128473867,1.345753082425));
#7853 = CARTESIAN_POINT('',(-0.742696436181,1.517571069402));
#7854 = CARTESIAN_POINT('',(-0.804389486161,1.690633179957));
#7855 = CARTESIAN_POINT('',(-0.866563242182,1.864112230164));
#7856 = CARTESIAN_POINT('',(-0.929559213444,2.037783307275));
#7857 = CARTESIAN_POINT('',(-0.993738681421,2.211533062531));
#7858 = CARTESIAN_POINT('',(-1.059442373727,2.385173943018));
#7859 = CARTESIAN_POINT('',(-1.18510183415,2.707222149644));
#7860 = CARTESIAN_POINT('',(-1.24452731014,2.855648805504));
#7861 = CARTESIAN_POINT('',(-1.305562888862,3.003556705164));
#7862 = CARTESIAN_POINT('',(-1.368448023651,3.150689972616));
#7863 = CARTESIAN_POINT('',(-1.433428427962,3.296676756254));
#7864 = CARTESIAN_POINT('',(-1.500772365432,3.441019021927));
#7865 = CARTESIAN_POINT('',(-1.570796326795,3.583089331612));
#7866 = ( GEOMETRIC_REPRESENTATION_CONTEXT(2) 
PARAMETRIC_REPRESENTATION_CONTEXT() REPRESENTATION_CONTEXT('2D SPACE',''
  ) );
#7867 = PCURVE('',#7033,#7868);
#7868 = DEFINITIONAL_REPRESENTATION('',(#7869),#7884);
#7869 = B_SPLINE_CURVE_WITH_KNOTS('',7,(#7870,#7871,#7872,#7873,#7874,
    #7875,#7876,#7877,#7878,#7879,#7880,#7881,#7882,#7883),
  .UNSPECIFIED.,.F.,.F.,(8,6,8),(1.073548847434E-06,0.537993641869,1.),
  .UNSPECIFIED.);
#7870 = CARTESIAN_POINT('',(8.028240531766,6.407473219289));
#7871 = CARTESIAN_POINT('',(8.051074434276,6.484000775409));
#7872 = CARTESIAN_POINT('',(8.074293267679,6.556228559296));
#7873 = CARTESIAN_POINT('',(8.0978199037,6.624091054669));
#7874 = CARTESIAN_POINT('',(8.12165567804,6.687388608739));
#7875 = CARTESIAN_POINT('',(8.145821334917,6.745759699281));
#7876 = CARTESIAN_POINT('',(8.170332196196,6.798597977758));
#7877 = CARTESIAN_POINT('',(8.216546198734,6.884916735512));
#7878 = CARTESIAN_POINT('',(8.238145349894,6.920055428368));
#7879 = CARTESIAN_POINT('',(8.259998433138,6.949916271058));
#7880 = CARTESIAN_POINT('',(8.282099039717,6.973802163013));
#7881 = CARTESIAN_POINT('',(8.304424954423,6.990847140161));
#7882 = CARTESIAN_POINT('',(8.326932567185,7.));
#7883 = CARTESIAN_POINT('',(8.349549127115,7.));
#7884 = ( GEOMETRIC_REPRESENTATION_CONTEXT(2) 
PARAMETRIC_REPRESENTATION_CONTEXT() REPRESENTATION_CONTEXT('2D SPACE',''
  ) );
#7885 = ORIENTED_EDGE('',*,*,#7045,.T.);
#7886 = ORIENTED_EDGE('',*,*,#7707,.T.);
#7887 = ORIENTED_EDGE('',*,*,#7888,.F.);
#7888 = EDGE_CURVE('',#7806,#7682,#7889,.T.);
#7889 = SURFACE_CURVE('',#7890,(#7894,#7901),.PCURVE_S1.);
#7890 = LINE('',#7891,#7892);
#7891 = CARTESIAN_POINT('',(184.,-1.9,-22.));
#7892 = VECTOR('',#7893,1.);
#7893 = DIRECTION('',(-0.98521175482,1.902269172752E-17,0.171341174751)
  );
#7894 = PCURVE('',#7061,#7895);
#7895 = DEFINITIONAL_REPRESENTATION('',(#7896),#7900);
#7896 = LINE('',#7897,#7898);
#7897 = CARTESIAN_POINT('',(-0.,0.));
#7898 = VECTOR('',#7899,1.);
#7899 = DIRECTION('',(-0.,1.));
#7900 = ( GEOMETRIC_REPRESENTATION_CONTEXT(2) 
PARAMETRIC_REPRESENTATION_CONTEXT() REPRESENTATION_CONTEXT('2D SPACE',''
  ) );
#7901 = PCURVE('',#7696,#7902);
#7902 = DEFINITIONAL_REPRESENTATION('',(#7903),#7907);
#7903 = LINE('',#7904,#7905);
#7904 = CARTESIAN_POINT('',(0.,1.9));
#7905 = VECTOR('',#7906,1.);
#7906 = DIRECTION('',(1.,0.));
#7907 = ( GEOMETRIC_REPRESENTATION_CONTEXT(2) 
PARAMETRIC_REPRESENTATION_CONTEXT() REPRESENTATION_CONTEXT('2D SPACE',''
  ) );
#7908 = ADVANCED_FACE('',(#7909),#7033,.T.);
#7909 = FACE_BOUND('',#7910,.T.);
#7910 = EDGE_LOOP('',(#7911,#7912,#8037,#8063,#8193,#8221,#8277,#8338,
    #8364,#8442));
#7911 = ORIENTED_EDGE('',*,*,#7016,.F.);
#7912 = ORIENTED_EDGE('',*,*,#7913,.F.);
#7913 = EDGE_CURVE('',#7914,#6989,#7916,.T.);
#7914 = VERTEX_POINT('',#7915);
#7915 = CARTESIAN_POINT('',(181.45885602486,-1.9,-37.58568304753));
#7916 = SURFACE_CURVE('',#7917,(#7955,#7996),.PCURVE_S1.);
#7917 = B_SPLINE_CURVE_WITH_KNOTS('',8,(#7918,#7919,#7920,#7921,#7922,
    #7923,#7924,#7925,#7926,#7927,#7928,#7929,#7930,#7931,#7932,#7933,
    #7934,#7935,#7936,#7937,#7938,#7939,#7940,#7941,#7942,#7943,#7944,
    #7945,#7946,#7947,#7948,#7949,#7950,#7951,#7952,#7953,#7954),
  .UNSPECIFIED.,.F.,.F.,(9,7,7,7,7,9),(0.,5.02835356988E-02,
    8.447809969919E-02,0.173212220593,0.435969637471,1.),.UNSPECIFIED.);
#7918 = CARTESIAN_POINT('',(181.45885602485,-1.9,-37.58568304753));
#7919 = CARTESIAN_POINT('',(181.45885602485,-1.925300589729,
    -37.58568304753));
#7920 = CARTESIAN_POINT('',(181.45616184038,-1.950256330829,
    -37.58478031913));
#7921 = CARTESIAN_POINT('',(181.450901925,-1.974805220059,
    -37.58301857039));
#7922 = CARTESIAN_POINT('',(181.44326971699,-1.998873558316,
    -37.58045599582));
#7923 = CARTESIAN_POINT('',(181.43352497833,-2.022368839417,
    -37.57716893671));
#7924 = CARTESIAN_POINT('',(181.42199513351,-2.045172638867,
    -37.57325554144));
#7925 = CARTESIAN_POINT('',(181.40907660852,-2.067133502636,
    -37.56883942575));
#7926 = CARTESIAN_POINT('',(181.38582418697,-2.102290474913,
    -37.56083222329));
#7927 = CARTESIAN_POINT('',(181.37588423059,-2.116196226289,
    -37.55739425625));
#7928 = CARTESIAN_POINT('',(181.36548712462,-2.129789504994,
    -37.55378098442));
#7929 = CARTESIAN_POINT('',(181.35469391502,-2.143084620012,
    -37.55001089022));
#7930 = CARTESIAN_POINT('',(181.34355586969,-2.156097774378,
    -37.54609938605));
#7931 = CARTESIAN_POINT('',(181.33211447846,-2.168847065175,
    -37.54205881427));
#7932 = CARTESIAN_POINT('',(181.3204014531,-2.18135248354,
    -37.53789844724));
#7933 = CARTESIAN_POINT('',(181.27739572419,-2.225511140842,
    -37.52253365774));
#7934 = CARTESIAN_POINT('',(181.24444625099,-2.256122551567,
    -37.5105969245));
#7935 = CARTESIAN_POINT('',(181.21023510388,-2.285509200369,
    -37.49800787362));
#7936 = CARTESIAN_POINT('',(181.17523783338,-2.313742309026,
    -37.48491633822));
#7937 = CARTESIAN_POINT('',(181.13974998313,-2.340935749984,
    -37.47141959933));
#7938 = CARTESIAN_POINT('',(181.10387733202,-2.367256214039,
    -37.45755093537));
#7939 = CARTESIAN_POINT('',(181.06752713977,-2.392933063251,
    -37.44326551989));
#7940 = CARTESIAN_POINT('',(180.92046154485,-2.493288707543,
    -37.38447432112));
#7941 = CARTESIAN_POINT('',(180.80405563124,-2.565073489161,
    -37.33578312938));
#7942 = CARTESIAN_POINT('',(180.68558758196,-2.633199519617,
    -37.28361505132));
#7943 = CARTESIAN_POINT('',(180.56764503564,-2.697570422443,
    -37.22892957356));
#7944 = CARTESIAN_POINT('',(180.45084964998,-2.758601172761,
    -37.17214802781));
#7945 = CARTESIAN_POINT('',(180.33450608408,-2.817081061295,
    -37.11294841405));
#7946 = CARTESIAN_POINT('',(180.21724693204,-2.873827467263,
    -37.05050588868));
#7947 = CARTESIAN_POINT('',(179.84008657424,-3.049098118964,
    -36.83973656664));
#7948 = CARTESIAN_POINT('',(179.58342033641,-3.157984210396,
    -36.68208485298));
#7949 = CARTESIAN_POINT('',(179.32901208536,-3.256228924924,
    -36.51043604839));
#7950 = CARTESIAN_POINT('',(179.0765741882,-3.342652634501,
    -36.32375942974));
#7951 = CARTESIAN_POINT('',(178.82703543593,-3.414895449845,
    -36.12113326675));
#7952 = CARTESIAN_POINT('',(178.58184308059,-3.469137289922,
    -35.90210536174));
#7953 = CARTESIAN_POINT('',(178.34349486464,-3.5,-35.66722599036));
#7954 = CARTESIAN_POINT('',(178.11527096114,-3.5,-35.41940625338));
#7955 = PCURVE('',#7033,#7956);
#7956 = DEFINITIONAL_REPRESENTATION('',(#7957),#7995);
#7957 = B_SPLINE_CURVE_WITH_KNOTS('',8,(#7958,#7959,#7960,#7961,#7962,
    #7963,#7964,#7965,#7966,#7967,#7968,#7969,#7970,#7971,#7972,#7973,
    #7974,#7975,#7976,#7977,#7978,#7979,#7980,#7981,#7982,#7983,#7984,
    #7985,#7986,#7987,#7988,#7989,#7990,#7991,#7992,#7993,#7994),
  .UNSPECIFIED.,.F.,.F.,(9,7,7,7,7,9),(0.,5.02835356988E-02,
    8.447809969919E-02,0.173212220593,0.435969637471,1.),.UNSPECIFIED.);
#7958 = CARTESIAN_POINT('',(4.389146270019,5.4));
#7959 = CARTESIAN_POINT('',(4.389146270019,5.425300589729));
#7960 = CARTESIAN_POINT('',(4.388791094633,5.450256330829));
#7961 = CARTESIAN_POINT('',(4.388097705676,5.474805220059));
#7962 = CARTESIAN_POINT('',(4.38709134149,5.498873558316));
#7963 = CARTESIAN_POINT('',(4.38580581955,5.522368839417));
#7964 = CARTESIAN_POINT('',(4.384283839067,5.545172638867));
#7965 = CARTESIAN_POINT('',(4.382577283585,5.567133502636));
#7966 = CARTESIAN_POINT('',(4.379503222755,5.602290474913));
#7967 = CARTESIAN_POINT('',(4.378188509616,5.616196226289));
#7968 = CARTESIAN_POINT('',(4.376812628678,5.629789504994));
#7969 = CARTESIAN_POINT('',(4.375383542769,5.643084620012));
#7970 = CARTESIAN_POINT('',(4.373907933041,5.656097774378));
#7971 = CARTESIAN_POINT('',(4.372391198963,5.668847065175));
#7972 = CARTESIAN_POINT('',(4.370837458328,5.68135248354));
#7973 = CARTESIAN_POINT('',(4.365128953878,5.725511140842));
#7974 = CARTESIAN_POINT('',(4.360748368419,5.756122551567));
#7975 = CARTESIAN_POINT('',(4.356191731131,5.785509200369));
#7976 = CARTESIAN_POINT('',(4.35152114997,5.813742309026));
#7977 = CARTESIAN_POINT('',(4.346775322799,5.840935749984));
#7978 = CARTESIAN_POINT('',(4.341967922241,5.867256214039));
#7979 = CARTESIAN_POINT('',(4.337085943172,5.892933063251));
#7980 = CARTESIAN_POINT('',(4.317288257755,5.993288707543));
#7981 = CARTESIAN_POINT('',(4.301517848636,6.065073489161));
#7982 = CARTESIAN_POINT('',(4.2853418678,6.133199519617));
#7983 = CARTESIAN_POINT('',(4.269097302212,6.197570422442));
#7984 = CARTESIAN_POINT('',(4.252869287398,6.258601172761));
#7985 = CARTESIAN_POINT('',(4.236556613688,6.317081061295));
#7986 = CARTESIAN_POINT('',(4.21995393053,6.373827467263));
#7987 = CARTESIAN_POINT('',(4.165946748918,6.549098118964));
#7988 = CARTESIAN_POINT('',(4.128326645798,6.657984210396));
#7989 = CARTESIAN_POINT('',(4.090022970584,6.756228924922));
#7990 = CARTESIAN_POINT('',(4.050852877537,6.842652634503));
#7991 = CARTESIAN_POINT('',(4.010758123712,6.914895449844));
#7992 = CARTESIAN_POINT('',(3.96974219456,6.969137289923));
#7993 = CARTESIAN_POINT('',(3.927962444896,7.));
#7994 = CARTESIAN_POINT('',(3.885850100327,7.));
#7995 = ( GEOMETRIC_REPRESENTATION_CONTEXT(2) 
PARAMETRIC_REPRESENTATION_CONTEXT() REPRESENTATION_CONTEXT('2D SPACE',''
  ) );
#7996 = PCURVE('',#7004,#7997);
#7997 = DEFINITIONAL_REPRESENTATION('',(#7998),#8036);
#7998 = B_SPLINE_CURVE_WITH_KNOTS('',8,(#7999,#8000,#8001,#8002,#8003,
    #8004,#8005,#8006,#8007,#8008,#8009,#8010,#8011,#8012,#8013,#8014,
    #8015,#8016,#8017,#8018,#8019,#8020,#8021,#8022,#8023,#8024,#8025,
    #8026,#8027,#8028,#8029,#8030,#8031,#8032,#8033,#8034,#8035),
  .UNSPECIFIED.,.F.,.F.,(9,7,7,7,7,9),(0.,5.02835356988E-02,
    8.447809969919E-02,0.173212220593,0.435969637471,1.),.UNSPECIFIED.);
#7999 = CARTESIAN_POINT('',(0.,183.85491310062));
#8000 = CARTESIAN_POINT('',(-1.581286858033E-02,183.85491310062));
#8001 = CARTESIAN_POINT('',(-3.141024646799E-02,183.85210876181));
#8002 = CARTESIAN_POINT('',(-4.67592789484E-02,183.84663389714));
#8003 = CARTESIAN_POINT('',(-6.18193368293E-02,183.83868878854));
#8004 = CARTESIAN_POINT('',(-7.653709845351E-02,183.82854209739));
#8005 = CARTESIAN_POINT('',(-9.084163171175E-02,183.816532775));
#8006 = CARTESIAN_POINT('',(-0.104639476055,183.80307197309));
#8007 = CARTESIAN_POINT('',(-0.126765954365,183.77883407652));
#8008 = CARTESIAN_POINT('',(-0.13552860684,183.7684704279));
#8009 = CARTESIAN_POINT('',(-0.144105679702,183.7576273776));
#8010 = CARTESIAN_POINT('',(-0.1525063321,183.74636815018));
#8011 = CARTESIAN_POINT('',(-0.160740884565,183.73474582554));
#8012 = CARTESIAN_POINT('',(-0.16882081901,183.72280333892));
#8013 = CARTESIAN_POINT('',(-0.17675877873,183.7105734809));
#8014 = CARTESIAN_POINT('',(-0.204834796113,183.66565573559));
#8015 = CARTESIAN_POINT('',(-0.224385137515,183.63121482774));
#8016 = CARTESIAN_POINT('',(-0.24324621437,183.59542371845));
#8017 = CARTESIAN_POINT('',(-0.26146258457,183.55877587166));
#8018 = CARTESIAN_POINT('',(-0.279104702726,183.52157863373));
#8019 = CARTESIAN_POINT('',(-0.296277649133,183.4839417601));
#8020 = CARTESIAN_POINT('',(-0.313130627095,183.44576650573));
#8021 = CARTESIAN_POINT('',(-0.379427264176,183.29115691761));
#8022 = CARTESIAN_POINT('',(-0.427810654034,183.16843272328));
#8023 = CARTESIAN_POINT('',(-0.474843207211,183.04311377187));
#8024 = CARTESIAN_POINT('',(-0.520511045985,182.91790837836));
#8025 = CARTESIAN_POINT('',(-0.56509012078,182.79349789893));
#8026 = CARTESIAN_POINT('',(-0.609179731929,182.66914423876));
#8027 = CARTESIAN_POINT('',(-0.653524990983,182.54336507973));
#8028 = CARTESIAN_POINT('',(-0.79662957562,182.13720328529));
#8029 = CARTESIAN_POINT('',(-0.894688849384,181.85851290566));
#8030 = CARTESIAN_POINT('',(-0.994773584407,181.57979869312));
#8031 = CARTESIAN_POINT('',(-1.098193935782,181.30061090073));
#8032 = CARTESIAN_POINT('',(-1.206179613391,181.02171789161));
#8033 = CARTESIAN_POINT('',(-1.319965563548,180.7444752897));
#8034 = CARTESIAN_POINT('',(-1.44088095883,180.47143683568));
#8035 = CARTESIAN_POINT('',(-1.570796326795,180.2063084047));
#8036 = ( GEOMETRIC_REPRESENTATION_CONTEXT(2) 
PARAMETRIC_REPRESENTATION_CONTEXT() REPRESENTATION_CONTEXT('2D SPACE',''
  ) );
#8037 = ORIENTED_EDGE('',*,*,#8038,.F.);
#8038 = EDGE_CURVE('',#8039,#7914,#8041,.T.);
#8039 = VERTEX_POINT('',#8040);
#8040 = CARTESIAN_POINT('',(181.45885602486,1.9,-37.58568304753));
#8041 = SURFACE_CURVE('',#8042,(#8046,#8052),.PCURVE_S1.);
#8042 = LINE('',#8043,#8044);
#8043 = CARTESIAN_POINT('',(181.45885602485,3.5,-37.58568304753));
#8044 = VECTOR('',#8045,1.);
#8045 = DIRECTION('',(0.,-1.,2.22044604925E-16));
#8046 = PCURVE('',#7033,#8047);
#8047 = DEFINITIONAL_REPRESENTATION('',(#8048),#8051);
#8048 = B_SPLINE_CURVE_WITH_KNOTS('',1,(#8049,#8050),.UNSPECIFIED.,.F.,
  .F.,(2,2),(1.6,5.4),.PIECEWISE_BEZIER_KNOTS.);
#8049 = CARTESIAN_POINT('',(4.389146270019,1.6));
#8050 = CARTESIAN_POINT('',(4.389146270019,5.4));
#8051 = ( GEOMETRIC_REPRESENTATION_CONTEXT(2) 
PARAMETRIC_REPRESENTATION_CONTEXT() REPRESENTATION_CONTEXT('2D SPACE',''
  ) );
#8052 = PCURVE('',#8053,#8058);
#8053 = PLANE('',#8054);
#8054 = AXIS2_PLACEMENT_3D('',#8055,#8056,#8057);
#8055 = CARTESIAN_POINT('',(0.,-8.881784197001E-16,-8.));
#8056 = DIRECTION('',(-0.160918642578,-1.09575423677E-16,-0.986967674481
    ));
#8057 = DIRECTION('',(0.986967674481,-1.78655582082E-17,-0.160918642578)
  );
#8058 = DEFINITIONAL_REPRESENTATION('',(#8059),#8062);
#8059 = B_SPLINE_CURVE_WITH_KNOTS('',1,(#8060,#8061),.UNSPECIFIED.,.F.,
  .F.,(2,2),(1.22,5.78),.PIECEWISE_BEZIER_KNOTS.);
#8060 = CARTESIAN_POINT('',(183.85491310062,-2.28));
#8061 = CARTESIAN_POINT('',(183.85491310062,2.28));
#8062 = ( GEOMETRIC_REPRESENTATION_CONTEXT(2) 
PARAMETRIC_REPRESENTATION_CONTEXT() REPRESENTATION_CONTEXT('2D SPACE',''
  ) );
#8063 = ORIENTED_EDGE('',*,*,#8064,.T.);
#8064 = EDGE_CURVE('',#8039,#8065,#8067,.T.);
#8065 = VERTEX_POINT('',#8066);
#8066 = CARTESIAN_POINT('',(178.11527096114,3.5,-35.41940625338));
#8067 = SURFACE_CURVE('',#8068,(#8106,#8147),.PCURVE_S1.);
#8068 = B_SPLINE_CURVE_WITH_KNOTS('',8,(#8069,#8070,#8071,#8072,#8073,
    #8074,#8075,#8076,#8077,#8078,#8079,#8080,#8081,#8082,#8083,#8084,
    #8085,#8086,#8087,#8088,#8089,#8090,#8091,#8092,#8093,#8094,#8095,
    #8096,#8097,#8098,#8099,#8100,#8101,#8102,#8103,#8104,#8105),
  .UNSPECIFIED.,.F.,.F.,(9,7,7,7,7,9),(0.,5.028353569873E-02,
    8.447809969928E-02,0.173212220593,0.435969637472,1.),.UNSPECIFIED.);
#8069 = CARTESIAN_POINT('',(181.45885602485,1.9,-37.58568304753));
#8070 = CARTESIAN_POINT('',(181.45885602485,1.925300589729,
    -37.58568304753));
#8071 = CARTESIAN_POINT('',(181.45616184038,1.950256330829,
    -37.58478031913));
#8072 = CARTESIAN_POINT('',(181.450901925,1.974805220059,-37.58301857039
    ));
#8073 = CARTESIAN_POINT('',(181.44326971699,1.998873558316,
    -37.58045599582));
#8074 = CARTESIAN_POINT('',(181.43352497833,2.022368839417,
    -37.57716893671));
#8075 = CARTESIAN_POINT('',(181.42199513351,2.045172638867,
    -37.57325554144));
#8076 = CARTESIAN_POINT('',(181.40907660852,2.067133502636,
    -37.56883942575));
#8077 = CARTESIAN_POINT('',(181.38582418697,2.102290474913,
    -37.56083222329));
#8078 = CARTESIAN_POINT('',(181.37588423059,2.116196226289,
    -37.55739425625));
#8079 = CARTESIAN_POINT('',(181.36548712462,2.129789504994,
    -37.55378098442));
#8080 = CARTESIAN_POINT('',(181.35469391502,2.143084620012,
    -37.55001089022));
#8081 = CARTESIAN_POINT('',(181.34355586969,2.156097774378,
    -37.54609938605));
#8082 = CARTESIAN_POINT('',(181.33211447846,2.168847065175,
    -37.54205881427));
#8083 = CARTESIAN_POINT('',(181.3204014531,2.18135248354,-37.53789844724
    ));
#8084 = CARTESIAN_POINT('',(181.27739572419,2.225511140841,
    -37.52253365774));
#8085 = CARTESIAN_POINT('',(181.24444625099,2.256122551567,
    -37.5105969245));
#8086 = CARTESIAN_POINT('',(181.21023510388,2.285509200369,
    -37.49800787362));
#8087 = CARTESIAN_POINT('',(181.17523783338,2.313742309026,
    -37.48491633821));
#8088 = CARTESIAN_POINT('',(181.13974998313,2.340935749984,
    -37.47141959933));
#8089 = CARTESIAN_POINT('',(181.10387733202,2.367256214039,
    -37.45755093537));
#8090 = CARTESIAN_POINT('',(181.06752713977,2.392933063251,
    -37.44326551989));
#8091 = CARTESIAN_POINT('',(180.92046154485,2.493288707543,
    -37.38447432112));
#8092 = CARTESIAN_POINT('',(180.80405563124,2.565073489161,
    -37.33578312938));
#8093 = CARTESIAN_POINT('',(180.68558758196,2.633199519617,
    -37.28361505132));
#8094 = CARTESIAN_POINT('',(180.56764503564,2.697570422442,
    -37.22892957356));
#8095 = CARTESIAN_POINT('',(180.45084964998,2.758601172761,
    -37.17214802781));
#8096 = CARTESIAN_POINT('',(180.33450608408,2.817081061295,
    -37.11294841405));
#8097 = CARTESIAN_POINT('',(180.21724693204,2.873827467263,
    -37.05050588868));
#8098 = CARTESIAN_POINT('',(179.84008657425,3.049098118964,
    -36.83973656664));
#8099 = CARTESIAN_POINT('',(179.58342033641,3.157984210398,
    -36.68208485297));
#8100 = CARTESIAN_POINT('',(179.32901208537,3.25622892492,
    -36.51043604839));
#8101 = CARTESIAN_POINT('',(179.0765741882,3.342652634504,
    -36.32375942974));
#8102 = CARTESIAN_POINT('',(178.82703543592,3.414895449843,
    -36.12113326675));
#8103 = CARTESIAN_POINT('',(178.58184308059,3.469137289923,
    -35.90210536174));
#8104 = CARTESIAN_POINT('',(178.34349486464,3.5,-35.66722599036));
#8105 = CARTESIAN_POINT('',(178.11527096114,3.5,-35.41940625338));
#8106 = PCURVE('',#7033,#8107);
#8107 = DEFINITIONAL_REPRESENTATION('',(#8108),#8146);
#8108 = B_SPLINE_CURVE_WITH_KNOTS('',8,(#8109,#8110,#8111,#8112,#8113,
    #8114,#8115,#8116,#8117,#8118,#8119,#8120,#8121,#8122,#8123,#8124,
    #8125,#8126,#8127,#8128,#8129,#8130,#8131,#8132,#8133,#8134,#8135,
    #8136,#8137,#8138,#8139,#8140,#8141,#8142,#8143,#8144,#8145),
  .UNSPECIFIED.,.F.,.F.,(9,7,7,7,7,9),(0.,5.028353569873E-02,
    8.447809969928E-02,0.173212220593,0.435969637472,1.),.UNSPECIFIED.);
#8109 = CARTESIAN_POINT('',(4.389146270019,1.6));
#8110 = CARTESIAN_POINT('',(4.389146270019,1.574699410271));
#8111 = CARTESIAN_POINT('',(4.388791094633,1.549743669171));
#8112 = CARTESIAN_POINT('',(4.388097705676,1.525194779941));
#8113 = CARTESIAN_POINT('',(4.38709134149,1.501126441684));
#8114 = CARTESIAN_POINT('',(4.38580581955,1.477631160583));
#8115 = CARTESIAN_POINT('',(4.384283839067,1.454827361133));
#8116 = CARTESIAN_POINT('',(4.382577283585,1.432866497364));
#8117 = CARTESIAN_POINT('',(4.379503222755,1.397709525087));
#8118 = CARTESIAN_POINT('',(4.378188509616,1.383803773711));
#8119 = CARTESIAN_POINT('',(4.376812628678,1.370210495006));
#8120 = CARTESIAN_POINT('',(4.375383542769,1.356915379988));
#8121 = CARTESIAN_POINT('',(4.373907933041,1.343902225622));
#8122 = CARTESIAN_POINT('',(4.372391198963,1.331152934825));
#8123 = CARTESIAN_POINT('',(4.370837458328,1.31864751646));
#8124 = CARTESIAN_POINT('',(4.365128953878,1.274488859159));
#8125 = CARTESIAN_POINT('',(4.360748368419,1.243877448433));
#8126 = CARTESIAN_POINT('',(4.356191731131,1.214490799631));
#8127 = CARTESIAN_POINT('',(4.35152114997,1.186257690974));
#8128 = CARTESIAN_POINT('',(4.346775322799,1.159064250016));
#8129 = CARTESIAN_POINT('',(4.341967922241,1.132743785961));
#8130 = CARTESIAN_POINT('',(4.337085943172,1.107066936749));
#8131 = CARTESIAN_POINT('',(4.317288257755,1.006711292457));
#8132 = CARTESIAN_POINT('',(4.301517848636,0.934926510839));
#8133 = CARTESIAN_POINT('',(4.2853418678,0.866800480384));
#8134 = CARTESIAN_POINT('',(4.269097302212,0.802429577557));
#8135 = CARTESIAN_POINT('',(4.252869287398,0.74139882724));
#8136 = CARTESIAN_POINT('',(4.236556613688,0.682918938705));
#8137 = CARTESIAN_POINT('',(4.21995393053,0.626172532737));
#8138 = CARTESIAN_POINT('',(4.165946748919,0.450901881036));
#8139 = CARTESIAN_POINT('',(4.128326645797,0.342015789602));
#8140 = CARTESIAN_POINT('',(4.090022970585,0.24377107508));
#8141 = CARTESIAN_POINT('',(4.050852877537,0.157347365496));
#8142 = CARTESIAN_POINT('',(4.010758123712,8.51045501559E-02));
#8143 = CARTESIAN_POINT('',(3.96974219456,3.086271007759E-02));
#8144 = CARTESIAN_POINT('',(3.927962444896,1.16661852442E-15));
#8145 = CARTESIAN_POINT('',(3.885850100327,2.6645352591E-15));
#8146 = ( GEOMETRIC_REPRESENTATION_CONTEXT(2) 
PARAMETRIC_REPRESENTATION_CONTEXT() REPRESENTATION_CONTEXT('2D SPACE',''
  ) );
#8147 = PCURVE('',#8148,#8153);
#8148 = CYLINDRICAL_SURFACE('',#8149,1.6);
#8149 = AXIS2_PLACEMENT_3D('',#8150,#8151,#8152);
#8150 = CARTESIAN_POINT('',(0.257469828126,1.9,-6.42085172083));
#8151 = DIRECTION('',(0.986967674481,-1.78655582082E-17,-0.160918642578)
  );
#8152 = DIRECTION('',(-0.160918642578,-1.09575423677E-16,-0.986967674481
    ));
#8153 = DEFINITIONAL_REPRESENTATION('',(#8154),#8192);
#8154 = B_SPLINE_CURVE_WITH_KNOTS('',8,(#8155,#8156,#8157,#8158,#8159,
    #8160,#8161,#8162,#8163,#8164,#8165,#8166,#8167,#8168,#8169,#8170,
    #8171,#8172,#8173,#8174,#8175,#8176,#8177,#8178,#8179,#8180,#8181,
    #8182,#8183,#8184,#8185,#8186,#8187,#8188,#8189,#8190,#8191),
  .UNSPECIFIED.,.F.,.F.,(9,7,7,7,7,9),(0.,5.028353569873E-02,
    8.447809969928E-02,0.173212220593,0.435969637472,1.),.UNSPECIFIED.);
#8155 = CARTESIAN_POINT('',(0.,183.85491310062));
#8156 = CARTESIAN_POINT('',(1.581286858041E-02,183.85491310062));
#8157 = CARTESIAN_POINT('',(3.141024646794E-02,183.85210876181));
#8158 = CARTESIAN_POINT('',(4.675927894832E-02,183.84663389714));
#8159 = CARTESIAN_POINT('',(6.181933682931E-02,183.83868878854));
#8160 = CARTESIAN_POINT('',(7.65370984536E-02,183.82854209739));
#8161 = CARTESIAN_POINT('',(9.084163171181E-02,183.816532775));
#8162 = CARTESIAN_POINT('',(0.104639476055,183.80307197309));
#8163 = CARTESIAN_POINT('',(0.126765954365,183.77883407652));
#8164 = CARTESIAN_POINT('',(0.13552860684,183.7684704279));
#8165 = CARTESIAN_POINT('',(0.144105679702,183.7576273776));
#8166 = CARTESIAN_POINT('',(0.1525063321,183.74636815018));
#8167 = CARTESIAN_POINT('',(0.160740884565,183.73474582554));
#8168 = CARTESIAN_POINT('',(0.16882081901,183.72280333892));
#8169 = CARTESIAN_POINT('',(0.17675877873,183.7105734809));
#8170 = CARTESIAN_POINT('',(0.204834796113,183.66565573559));
#8171 = CARTESIAN_POINT('',(0.224385137515,183.63121482774));
#8172 = CARTESIAN_POINT('',(0.24324621437,183.59542371845));
#8173 = CARTESIAN_POINT('',(0.26146258457,183.55877587166));
#8174 = CARTESIAN_POINT('',(0.279104702726,183.52157863373));
#8175 = CARTESIAN_POINT('',(0.296277649133,183.4839417601));
#8176 = CARTESIAN_POINT('',(0.313130627095,183.44576650573));
#8177 = CARTESIAN_POINT('',(0.379427264176,183.29115691761));
#8178 = CARTESIAN_POINT('',(0.427810654035,183.16843272328));
#8179 = CARTESIAN_POINT('',(0.47484320721,183.04311377187));
#8180 = CARTESIAN_POINT('',(0.520511045986,182.91790837836));
#8181 = CARTESIAN_POINT('',(0.56509012078,182.79349789892));
#8182 = CARTESIAN_POINT('',(0.609179731929,182.66914423876));
#8183 = CARTESIAN_POINT('',(0.653524990983,182.54336507973));
#8184 = CARTESIAN_POINT('',(0.796629575619,182.1372032853));
#8185 = CARTESIAN_POINT('',(0.894688849386,181.85851290565));
#8186 = CARTESIAN_POINT('',(0.994773584406,181.57979869312));
#8187 = CARTESIAN_POINT('',(1.098193935782,181.30061090073));
#8188 = CARTESIAN_POINT('',(1.206179613393,181.02171789161));
#8189 = CARTESIAN_POINT('',(1.319965563547,180.7444752897));
#8190 = CARTESIAN_POINT('',(1.440880958831,180.47143683568));
#8191 = CARTESIAN_POINT('',(1.570796326795,180.2063084047));
#8192 = ( GEOMETRIC_REPRESENTATION_CONTEXT(2) 
PARAMETRIC_REPRESENTATION_CONTEXT() REPRESENTATION_CONTEXT('2D SPACE',''
  ) );
#8193 = ORIENTED_EDGE('',*,*,#8194,.F.);
#8194 = EDGE_CURVE('',#8195,#8065,#8197,.T.);
#8195 = VERTEX_POINT('',#8196);
#8196 = CARTESIAN_POINT('',(180.19575239232,3.5,-22.96240807239));
#8197 = SURFACE_CURVE('',#8198,(#8203,#8210),.PCURVE_S1.);
#8198 = CIRCLE('',#8199,8.);
#8199 = AXIS2_PLACEMENT_3D('',#8200,#8201,#8202);
#8200 = CARTESIAN_POINT('',(184.,3.5,-30.));
#8201 = DIRECTION('',(-2.503898757777E-33,1.,6.310243822295E-17));
#8202 = DIRECTION('',(-0.475530950959,-5.551115123126E-17,0.879698990951
    ));
#8203 = PCURVE('',#7033,#8204);
#8204 = DEFINITIONAL_REPRESENTATION('',(#8205),#8209);
#8205 = LINE('',#8206,#8207);
#8206 = CARTESIAN_POINT('',(8.349549127115,0.));
#8207 = VECTOR('',#8208,1.);
#8208 = DIRECTION('',(-1.,-0.));
#8209 = ( GEOMETRIC_REPRESENTATION_CONTEXT(2) 
PARAMETRIC_REPRESENTATION_CONTEXT() REPRESENTATION_CONTEXT('2D SPACE',''
  ) );
#8210 = PCURVE('',#7569,#8211);
#8211 = DEFINITIONAL_REPRESENTATION('',(#8212),#8220);
#8212 = ( BOUNDED_CURVE() B_SPLINE_CURVE(2,(#8213,#8214,#8215,#8216,
#8217,#8218,#8219),.UNSPECIFIED.,.T.,.F.) B_SPLINE_CURVE_WITH_KNOTS((1,2
    ,2,2,2,1),(-2.094395102393,0.,2.094395102393,4.188790204786,
6.28318530718,8.377580409573),.UNSPECIFIED.) CURVE() 
GEOMETRIC_REPRESENTATION_ITEM() RATIONAL_B_SPLINE_CURVE((1.,0.5,1.,0.5,
1.,0.5,1.)) REPRESENTATION_ITEM('') );
#8213 = CARTESIAN_POINT('',(180.19575239232,-22.96240807239));
#8214 = CARTESIAN_POINT('',(192.38521917387,-16.37325793132));
#8215 = CARTESIAN_POINT('',(191.99685719461,-30.22422089327));
#8216 = CARTESIAN_POINT('',(191.60849521535,-44.07518385521));
#8217 = CARTESIAN_POINT('',(179.80739041306,-36.81337103433));
#8218 = CARTESIAN_POINT('',(168.00628561077,-29.55155821345));
#8219 = CARTESIAN_POINT('',(180.19575239232,-22.96240807239));
#8220 = ( GEOMETRIC_REPRESENTATION_CONTEXT(2) 
PARAMETRIC_REPRESENTATION_CONTEXT() REPRESENTATION_CONTEXT('2D SPACE',''
  ) );
#8221 = ORIENTED_EDGE('',*,*,#8222,.F.);
#8222 = EDGE_CURVE('',#8223,#8195,#8225,.T.);
#8223 = VERTEX_POINT('',#8224);
#8224 = CARTESIAN_POINT('',(182.61297354532,2.90747321929,
    -22.12115759682));
#8225 = SURFACE_CURVE('',#8226,(#8241,#8259),.PCURVE_S1.);
#8226 = B_SPLINE_CURVE_WITH_KNOTS('',7,(#8227,#8228,#8229,#8230,#8231,
    #8232,#8233,#8234,#8235,#8236,#8237,#8238,#8239,#8240),
  .UNSPECIFIED.,.F.,.F.,(8,6,8),(0.,0.53799364187,1.),.UNSPECIFIED.);
#8227 = CARTESIAN_POINT('',(182.61297605828,2.907472150329,
    -22.12115715443));
#8228 = CARTESIAN_POINT('',(182.43307100617,2.983999910638,
    -22.1528283807));
#8229 = CARTESIAN_POINT('',(182.2509768055,3.056227882207,
    -22.18982612184));
#8230 = CARTESIAN_POINT('',(182.06750577366,3.124090549434,
    -22.23230725367));
#8231 = CARTESIAN_POINT('',(181.88285736507,3.187388259305,
    -22.28043757349));
#8232 = CARTESIAN_POINT('',(181.69710326429,3.245759488406,
    -22.33446643344));
#8233 = CARTESIAN_POINT('',(181.51038992235,3.29859788509,
    -22.39464635689));
#8234 = CARTESIAN_POINT('',(181.16199167538,3.384916735512,
    -22.51836350586));
#8235 = CARTESIAN_POINT('',(181.00058381472,3.420055428368,
    -22.58019491213));
#8236 = CARTESIAN_POINT('',(180.83886517949,3.449916271058,
    -22.64684089351));
#8237 = CARTESIAN_POINT('',(180.67707669451,3.473802163013,
    -22.71840950369));
#8238 = CARTESIAN_POINT('',(180.51558821328,3.490847140161,
    -22.79494432584));
#8239 = CARTESIAN_POINT('',(180.35491851191,3.5,-22.87636907838));
#8240 = CARTESIAN_POINT('',(180.19575239232,3.5,-22.96240807239));
#8241 = PCURVE('',#7033,#8242);
#8242 = DEFINITIONAL_REPRESENTATION('',(#8243),#8258);
#8243 = B_SPLINE_CURVE_WITH_KNOTS('',7,(#8244,#8245,#8246,#8247,#8248,
    #8249,#8250,#8251,#8252,#8253,#8254,#8255,#8256,#8257),
  .UNSPECIFIED.,.F.,.F.,(8,6,8),(1.073548856451E-06,0.53799364187,1.),
  .UNSPECIFIED.);
#8244 = CARTESIAN_POINT('',(8.028240531766,0.592526780711));
#8245 = CARTESIAN_POINT('',(8.051074434276,0.515999224591));
#8246 = CARTESIAN_POINT('',(8.074293267678,0.443771440704));
#8247 = CARTESIAN_POINT('',(8.0978199037,0.375908945332));
#8248 = CARTESIAN_POINT('',(8.12165567804,0.312611391261));
#8249 = CARTESIAN_POINT('',(8.145821334917,0.254240300719));
#8250 = CARTESIAN_POINT('',(8.170332196196,0.201402022242));
#8251 = CARTESIAN_POINT('',(8.216546198734,0.115083264488));
#8252 = CARTESIAN_POINT('',(8.238145349894,7.994457163163E-02));
#8253 = CARTESIAN_POINT('',(8.259998433138,5.008372894209E-02));
#8254 = CARTESIAN_POINT('',(8.282099039717,2.619783698652E-02));
#8255 = CARTESIAN_POINT('',(8.304424954423,9.152859838833E-03));
#8256 = CARTESIAN_POINT('',(8.326932567185,4.399278569349E-15));
#8257 = CARTESIAN_POINT('',(8.349549127115,4.218847493576E-15));
#8258 = ( GEOMETRIC_REPRESENTATION_CONTEXT(2) 
PARAMETRIC_REPRESENTATION_CONTEXT() REPRESENTATION_CONTEXT('2D SPACE',''
  ) );
#8259 = PCURVE('',#7645,#8260);
#8260 = DEFINITIONAL_REPRESENTATION('',(#8261),#8276);
#8261 = B_SPLINE_CURVE_WITH_KNOTS('',7,(#8262,#8263,#8264,#8265,#8266,
    #8267,#8268,#8269,#8270,#8271,#8272,#8273,#8274,#8275),
  .UNSPECIFIED.,.F.,.F.,(8,6,8),(0.,0.53799364187,1.),.UNSPECIFIED.);
#8262 = CARTESIAN_POINT('',(0.681128473867,1.345753082425));
#8263 = CARTESIAN_POINT('',(0.742696436182,1.517571069403));
#8264 = CARTESIAN_POINT('',(0.804389486161,1.690633179956));
#8265 = CARTESIAN_POINT('',(0.866563242181,1.864112230164));
#8266 = CARTESIAN_POINT('',(0.929559213444,2.037783307275));
#8267 = CARTESIAN_POINT('',(0.993738681421,2.211533062531));
#8268 = CARTESIAN_POINT('',(1.059442373727,2.385173943017));
#8269 = CARTESIAN_POINT('',(1.18510183415,2.707222149645));
#8270 = CARTESIAN_POINT('',(1.24452731014,2.855648805504));
#8271 = CARTESIAN_POINT('',(1.305562888862,3.003556705164));
#8272 = CARTESIAN_POINT('',(1.36844802365,3.150689972616));
#8273 = CARTESIAN_POINT('',(1.433428427962,3.296676756254));
#8274 = CARTESIAN_POINT('',(1.500772365432,3.441019021928));
#8275 = CARTESIAN_POINT('',(1.570796326795,3.583089331612));
#8276 = ( GEOMETRIC_REPRESENTATION_CONTEXT(2) 
PARAMETRIC_REPRESENTATION_CONTEXT() REPRESENTATION_CONTEXT('2D SPACE',''
  ) );
#8277 = ORIENTED_EDGE('',*,*,#8278,.F.);
#8278 = EDGE_CURVE('',#8279,#8223,#8281,.T.);
#8279 = VERTEX_POINT('',#8280);
#8280 = CARTESIAN_POINT('',(183.31009385843,1.9,-22.02980367143));
#8281 = SURFACE_CURVE('',#8282,(#8297,#8315),.PCURVE_S1.);
#8282 = B_SPLINE_CURVE_WITH_KNOTS('',7,(#8283,#8284,#8285,#8286,#8287,
    #8288,#8289,#8290,#8291,#8292,#8293,#8294,#8295,#8296),
  .UNSPECIFIED.,.F.,.F.,(8,6,8),(0.,0.616933512031,1.),.UNSPECIFIED.);
#8283 = CARTESIAN_POINT('',(183.31009385843,1.9,-22.02980367143));
#8284 = CARTESIAN_POINT('',(183.31009385843,2.006957990165,
    -22.02980367143));
#8285 = CARTESIAN_POINT('',(183.2970615079,2.113561824019,
    -22.03093157506));
#8286 = CARTESIAN_POINT('',(183.27114349489,2.219119803574,
    -22.03317577583));
#8287 = CARTESIAN_POINT('',(183.23214712549,2.322512875882,
    -22.03668499601));
#8288 = CARTESIAN_POINT('',(183.17998725079,2.422309140114,
    -22.04173594951));
#8289 = CARTESIAN_POINT('',(183.11485520594,2.516814081144,
    -22.04873448236));
#8290 = CARTESIAN_POINT('',(182.98912951726,2.658460736981,
    -22.06397489538));
#8291 = CARTESIAN_POINT('',(182.9361874737,2.709962482603,
    -22.07073832287));
#8292 = CARTESIAN_POINT('',(182.8786991322,2.758155539769,
    -22.07852290517));
#8293 = CARTESIAN_POINT('',(182.8170397833,2.802475400746,
    -22.08741798279));
#8294 = CARTESIAN_POINT('',(182.75173378274,2.842398698662,
    -22.09748779152));
#8295 = CARTESIAN_POINT('',(182.68344843607,2.877494733028,
    -22.10875088365));
#8296 = CARTESIAN_POINT('',(182.61297354532,2.90747321929,
    -22.12115759682));
#8297 = PCURVE('',#7033,#8298);
#8298 = DEFINITIONAL_REPRESENTATION('',(#8299),#8314);
#8299 = B_SPLINE_CURVE_WITH_KNOTS('',7,(#8300,#8301,#8302,#8303,#8304,
    #8305,#8306,#8307,#8308,#8309,#8310,#8311,#8312,#8313),
  .UNSPECIFIED.,.F.,.F.,(8,6,8),(0.,0.616933512031,1.),.UNSPECIFIED.);
#8300 = CARTESIAN_POINT('',(7.940327153888,1.6));
#8301 = CARTESIAN_POINT('',(7.940327153888,1.493042009835));
#8302 = CARTESIAN_POINT('',(7.941962290728,1.38643817598));
#8303 = CARTESIAN_POINT('',(7.945214152475,1.280880196426));
#8304 = CARTESIAN_POINT('',(7.950108390762,1.177487124118));
#8305 = CARTESIAN_POINT('',(7.956658499467,1.077690859886));
#8306 = CARTESIAN_POINT('',(7.96484611328,0.983185918856));
#8307 = CARTESIAN_POINT('',(7.980676868051,0.841539263019));
#8308 = CARTESIAN_POINT('',(7.987348267914,0.790037517397));
#8309 = CARTESIAN_POINT('',(7.994599556509,0.741844460231));
#8310 = CARTESIAN_POINT('',(8.002386180206,0.697524599254));
#8311 = CARTESIAN_POINT('',(8.010645209985,0.657601301338));
#8312 = CARTESIAN_POINT('',(8.019295703688,0.622505266972));
#8313 = CARTESIAN_POINT('',(8.028240531766,0.59252678071));
#8314 = ( GEOMETRIC_REPRESENTATION_CONTEXT(2) 
PARAMETRIC_REPRESENTATION_CONTEXT() REPRESENTATION_CONTEXT('2D SPACE',''
  ) );
#8315 = PCURVE('',#8316,#8321);
#8316 = SPHERICAL_SURFACE('',#8317,1.6);
#8317 = AXIS2_PLACEMENT_3D('',#8318,#8319,#8320);
#8318 = CARTESIAN_POINT('',(182.4,1.9,-23.34575548242));
#8319 = DIRECTION('',(0.,-1.,1.110223024625E-16));
#8320 = DIRECTION('',(0.171341174751,1.093804774332E-16,0.98521175482));
#8321 = DEFINITIONAL_REPRESENTATION('',(#8322),#8337);
#8322 = B_SPLINE_CURVE_WITH_KNOTS('',7,(#8323,#8324,#8325,#8326,#8327,
    #8328,#8329,#8330,#8331,#8332,#8333,#8334,#8335,#8336),
  .UNSPECIFIED.,.F.,.F.,(8,6,8),(0.,0.616933512031,1.),.UNSPECIFIED.);
#8323 = CARTESIAN_POINT('',(-0.432865825055,0.));
#8324 = CARTESIAN_POINT('',(-0.432865825055,-6.684874385311E-02));
#8325 = CARTESIAN_POINT('',(-0.426566431124,-0.133475966862));
#8326 = CARTESIAN_POINT('',(-0.414045227336,-0.19993813413));
#8327 = CARTESIAN_POINT('',(-0.394826849236,-0.266007593097));
#8328 = CARTESIAN_POINT('',(-0.368186757345,-0.33125000452));
#8329 = CARTESIAN_POINT('',(-0.332881539631,-0.394913742146));
#8330 = CARTESIAN_POINT('',(-0.259157367654,-0.493505544666));
#8331 = CARTESIAN_POINT('',(-0.226998847848,-0.530168959589));
#8332 = CARTESIAN_POINT('',(-0.190628353399,-0.565345113788));
#8333 = CARTESIAN_POINT('',(-0.149770911921,-0.598577592413));
#8334 = CARTESIAN_POINT('',(-0.104252858351,-0.629325365621));
#8335 = CARTESIAN_POINT('',(-5.414965979642E-02,-0.657011084598));
#8336 = CARTESIAN_POINT('',(0.,-0.681129333866));
#8337 = ( GEOMETRIC_REPRESENTATION_CONTEXT(2) 
PARAMETRIC_REPRESENTATION_CONTEXT() REPRESENTATION_CONTEXT('2D SPACE',''
  ) );
#8338 = ORIENTED_EDGE('',*,*,#8339,.T.);
#8339 = EDGE_CURVE('',#8279,#8340,#8342,.T.);
#8340 = VERTEX_POINT('',#8341);
#8341 = CARTESIAN_POINT('',(183.31009385843,-1.9,-22.02980367143));
#8342 = SURFACE_CURVE('',#8343,(#8347,#8353),.PCURVE_S1.);
#8343 = LINE('',#8344,#8345);
#8344 = CARTESIAN_POINT('',(183.31009385843,3.5,-22.02980367143));
#8345 = VECTOR('',#8346,1.);
#8346 = DIRECTION('',(0.,-1.,1.110223024625E-16));
#8347 = PCURVE('',#7033,#8348);
#8348 = DEFINITIONAL_REPRESENTATION('',(#8349),#8352);
#8349 = B_SPLINE_CURVE_WITH_KNOTS('',1,(#8350,#8351),.UNSPECIFIED.,.F.,
  .F.,(2,2),(1.6,5.4),.PIECEWISE_BEZIER_KNOTS.);
#8350 = CARTESIAN_POINT('',(7.940327153888,1.6));
#8351 = CARTESIAN_POINT('',(7.940327153888,5.4));
#8352 = ( GEOMETRIC_REPRESENTATION_CONTEXT(2) 
PARAMETRIC_REPRESENTATION_CONTEXT() REPRESENTATION_CONTEXT('2D SPACE',''
  ) );
#8353 = PCURVE('',#8354,#8359);
#8354 = CYLINDRICAL_SURFACE('',#8355,1.6);
#8355 = AXIS2_PLACEMENT_3D('',#8356,#8357,#8358);
#8356 = CARTESIAN_POINT('',(182.4,3.5,-23.34575548242));
#8357 = DIRECTION('',(0.,-1.,1.110223024625E-16));
#8358 = DIRECTION('',(0.171341174751,1.093804774332E-16,0.98521175482));
#8359 = DEFINITIONAL_REPRESENTATION('',(#8360),#8363);
#8360 = B_SPLINE_CURVE_WITH_KNOTS('',1,(#8361,#8362),.UNSPECIFIED.,.F.,
  .F.,(2,2),(1.5999976,5.4000024),.PIECEWISE_BEZIER_KNOTS.);
#8361 = CARTESIAN_POINT('',(-0.432865825059,1.5999976));
#8362 = CARTESIAN_POINT('',(-0.432865825059,5.4000024));
#8363 = ( GEOMETRIC_REPRESENTATION_CONTEXT(2) 
PARAMETRIC_REPRESENTATION_CONTEXT() REPRESENTATION_CONTEXT('2D SPACE',''
  ) );
#8364 = ORIENTED_EDGE('',*,*,#8365,.F.);
#8365 = EDGE_CURVE('',#7804,#8340,#8366,.T.);
#8366 = SURFACE_CURVE('',#8367,(#8390,#8416),.PCURVE_S1.);
#8367 = B_SPLINE_CURVE_WITH_KNOTS('',6,(#8368,#8369,#8370,#8371,#8372,
    #8373,#8374,#8375,#8376,#8377,#8378,#8379,#8380,#8381,#8382,#8383,
    #8384,#8385,#8386,#8387,#8388,#8389),.UNSPECIFIED.,.F.,.F.,(7,5,5,5,
    7),(0.,0.201494687443,0.381473915944,0.615334961795,1.),
  .UNSPECIFIED.);
#8368 = CARTESIAN_POINT('',(182.61297354532,-2.90747321929,
    -22.12115759682));
#8369 = CARTESIAN_POINT('',(182.65620380551,-2.889084006516,
    -22.11354714957));
#8370 = CARTESIAN_POINT('',(182.69858367592,-2.868715513498,
    -22.10637985499));
#8371 = CARTESIAN_POINT('',(182.73992087527,-2.846438174759,
    -22.09966670993));
#8372 = CARTESIAN_POINT('',(182.78003665448,-2.822348847452,
    -22.09340846248));
#8373 = CARTESIAN_POINT('',(182.81877080586,-2.796566322911,
    -22.0875976135));
#8374 = CARTESIAN_POINT('',(182.88922865494,-2.744806644139,
    -22.07741739598));
#8375 = CARTESIAN_POINT('',(182.92126217026,-2.719142076576,
    -22.07295996881));
#8376 = CARTESIAN_POINT('',(182.95199455027,-2.692325938368,
    -22.06883767549));
#8377 = CARTESIAN_POINT('',(182.98135426962,-2.664454820049,
    -22.06503565954));
#8378 = CARTESIAN_POINT('',(183.009288079,-2.635624257062,
    -22.06153661703));
#8379 = CARTESIAN_POINT('',(183.07015275096,-2.567331880253,
    -22.054146709));
#8380 = CARTESIAN_POINT('',(183.1020742552,-2.527273233832,
    -22.05045238086));
#8381 = CARTESIAN_POINT('',(183.13144450577,-2.48594002222,
    -22.04719967889));
#8382 = CARTESIAN_POINT('',(183.15821983986,-2.443513684574,
    -22.0443484936));
#8383 = CARTESIAN_POINT('',(183.18238065651,-2.400158447148,
    -22.04186157221));
#8384 = CARTESIAN_POINT('',(183.23935150312,-2.283405224373,
    -22.03616413153));
#8385 = CARTESIAN_POINT('',(183.26768144726,-2.20868463626,
    -22.03352209511));
#8386 = CARTESIAN_POINT('',(183.2889027115,-2.132458497259,
    -22.0316380515));
#8387 = CARTESIAN_POINT('',(183.30302757943,-2.05528202972,
    -22.03041531877));
#8388 = CARTESIAN_POINT('',(183.31009385843,-1.977652736281,
    -22.02980367143));
#8389 = CARTESIAN_POINT('',(183.31009385843,-1.9,-22.02980367143));
#8390 = PCURVE('',#7033,#8391);
#8391 = DEFINITIONAL_REPRESENTATION('',(#8392),#8415);
#8392 = B_SPLINE_CURVE_WITH_KNOTS('',6,(#8393,#8394,#8395,#8396,#8397,
    #8398,#8399,#8400,#8401,#8402,#8403,#8404,#8405,#8406,#8407,#8408,
    #8409,#8410,#8411,#8412,#8413,#8414),.UNSPECIFIED.,.F.,.F.,(7,5,5,5,
    7),(0.,0.201494687443,0.381473915944,0.615334961795,1.),
  .UNSPECIFIED.);
#8393 = CARTESIAN_POINT('',(8.028240531766,6.40747321929));
#8394 = CARTESIAN_POINT('',(8.022753652098,6.389084006516));
#8395 = CARTESIAN_POINT('',(8.017381066139,6.368715513498));
#8396 = CARTESIAN_POINT('',(8.012146382636,6.346438174759));
#8397 = CARTESIAN_POINT('',(8.007071394149,6.322348847452));
#8398 = CARTESIAN_POINT('',(8.002175516002,6.296566322911));
#8399 = CARTESIAN_POINT('',(7.993276828138,6.244806644139));
#8400 = CARTESIAN_POINT('',(7.989234114766,6.219142076576));
#8401 = CARTESIAN_POINT('',(7.985358228265,6.192325938368));
#8402 = CARTESIAN_POINT('',(7.981657670364,6.164454820049));
#8403 = CARTESIAN_POINT('',(7.978138682293,6.135624257062));
#8404 = CARTESIAN_POINT('',(7.970474725423,6.067331880253));
#8405 = CARTESIAN_POINT('',(7.966457967411,6.027273233832));
#8406 = CARTESIAN_POINT('',(7.962764298672,5.98594002222));
#8407 = CARTESIAN_POINT('',(7.959398493155,5.943513684574));
#8408 = CARTESIAN_POINT('',(7.956362446985,5.900158447148));
#8409 = CARTESIAN_POINT('',(7.949205568525,5.783405224373));
#8410 = CARTESIAN_POINT('',(7.945649038604,5.70868463626));
#8411 = CARTESIAN_POINT('',(7.942985953049,5.632458497259));
#8412 = CARTESIAN_POINT('',(7.941213741565,5.55528202972));
#8413 = CARTESIAN_POINT('',(7.940327153888,5.477652736281));
#8414 = CARTESIAN_POINT('',(7.940327153888,5.4));
#8415 = ( GEOMETRIC_REPRESENTATION_CONTEXT(2) 
PARAMETRIC_REPRESENTATION_CONTEXT() REPRESENTATION_CONTEXT('2D SPACE',''
  ) );
#8416 = PCURVE('',#7821,#8417);
#8417 = DEFINITIONAL_REPRESENTATION('',(#8418),#8441);
#8418 = B_SPLINE_CURVE_WITH_KNOTS('',6,(#8419,#8420,#8421,#8422,#8423,
    #8424,#8425,#8426,#8427,#8428,#8429,#8430,#8431,#8432,#8433,#8434,
    #8435,#8436,#8437,#8438,#8439,#8440),.UNSPECIFIED.,.F.,.F.,(7,5,5,5,
    7),(0.,0.201494687443,0.381473915944,0.615334961795,1.),
  .UNSPECIFIED.);
#8419 = CARTESIAN_POINT('',(0.,-0.681129333866));
#8420 = CARTESIAN_POINT('',(3.321614063383E-02,-0.666334870474));
#8421 = CARTESIAN_POINT('',(6.486348739908E-02,-0.650160752708));
#8422 = CARTESIAN_POINT('',(9.481336978148E-02,-0.632733079484));
#8423 = CARTESIAN_POINT('',(0.123008748205,-0.614190789354));
#8424 = CARTESIAN_POINT('',(0.149444062702,-0.594675823213));
#8425 = CARTESIAN_POINT('',(0.196208543304,-0.556143980092));
#8426 = CARTESIAN_POINT('',(0.216890071186,-0.537294897475));
#8427 = CARTESIAN_POINT('',(0.236211675833,-0.517869971503));
#8428 = CARTESIAN_POINT('',(0.25421699552,-0.497954414381));
#8429 = CARTESIAN_POINT('',(0.270960950805,-0.477622963187));
#8430 = CARTESIAN_POINT('',(0.306689716673,-0.430060701526));
#8431 = CARTESIAN_POINT('',(0.324843630514,-0.40258806216));
#8432 = CARTESIAN_POINT('',(0.341089444656,-0.374654268045));
#8433 = CARTESIAN_POINT('',(0.355553274428,-0.346364830052));
#8434 = CARTESIAN_POINT('',(0.368350085451,-0.317799663505));
#8435 = CARTESIAN_POINT('',(0.398037530957,-0.241671465216));
#8436 = CARTESIAN_POINT('',(0.412241735092,-0.193750190856));
#8437 = CARTESIAN_POINT('',(0.422624531104,-0.145492415769));
#8438 = CARTESIAN_POINT('',(0.42945096472,-9.705124217719E-02));
#8439 = CARTESIAN_POINT('',(0.432865825058,-4.853296017556E-02));
#8440 = CARTESIAN_POINT('',(0.432865825058,1.110223024625E-16));
#8441 = ( GEOMETRIC_REPRESENTATION_CONTEXT(2) 
PARAMETRIC_REPRESENTATION_CONTEXT() REPRESENTATION_CONTEXT('2D SPACE',''
  ) );
#8442 = ORIENTED_EDGE('',*,*,#7832,.T.);
#8443 = ADVANCED_FACE('',(#8444),#7004,.T.);
#8444 = FACE_BOUND('',#8445,.F.);
#8445 = EDGE_LOOP('',(#8446,#8475,#8476,#8477));
#8446 = ORIENTED_EDGE('',*,*,#8447,.F.);
#8447 = EDGE_CURVE('',#6961,#8448,#8450,.T.);
#8448 = VERTEX_POINT('',#8449);
#8449 = CARTESIAN_POINT('',(12.,-1.9,-9.95652173913));
#8450 = SURFACE_CURVE('',#8451,(#8456,#8468),.PCURVE_S1.);
#8451 = ELLIPSE('',#8452,1.621127055495,1.6);
#8452 = AXIS2_PLACEMENT_3D('',#8453,#8454,#8455);
#8453 = CARTESIAN_POINT('',(12.,-1.9,-8.335394683636));
#8454 = DIRECTION('',(1.,0.,0.));
#8455 = DIRECTION('',(0.,-1.110223024625E-16,-1.));
#8456 = PCURVE('',#7004,#8457);
#8457 = DEFINITIONAL_REPRESENTATION('',(#8458),#8467);
#8458 = B_SPLINE_CURVE_WITH_KNOTS('',7,(#8459,#8460,#8461,#8462,#8463,
    #8464,#8465,#8466),.UNSPECIFIED.,.F.,.F.,(8,8),(4.712388980385,
    6.28318530718),.PIECEWISE_BEZIER_KNOTS.);
#8459 = CARTESIAN_POINT('',(-1.570796326795,11.897583350992));
#8460 = CARTESIAN_POINT('',(-1.346396851538,11.956122344538));
#8461 = CARTESIAN_POINT('',(-1.121997376282,12.01466110038));
#8462 = CARTESIAN_POINT('',(-0.897597901026,12.068386870759));
#8463 = CARTESIAN_POINT('',(-0.67319842577,12.11247791742));
#8464 = CARTESIAN_POINT('',(-0.448798950513,12.143127175528));
#8465 = CARTESIAN_POINT('',(-0.224399475256,12.15845291621));
#8466 = CARTESIAN_POINT('',(-2.775557561563E-16,12.15845291621));
#8467 = ( GEOMETRIC_REPRESENTATION_CONTEXT(2) 
PARAMETRIC_REPRESENTATION_CONTEXT() REPRESENTATION_CONTEXT('2D SPACE',''
  ) );
#8468 = PCURVE('',#6976,#8469);
#8469 = DEFINITIONAL_REPRESENTATION('',(#8470),#8474);
#8470 = ELLIPSE('',#8471,1.621127055495,1.6);
#8471 = AXIS2_PLACEMENT_2D('',#8472,#8473);
#8472 = CARTESIAN_POINT('',(3.664605316364,-1.6));
#8473 = DIRECTION('',(-1.,1.110223024625E-16));
#8474 = ( GEOMETRIC_REPRESENTATION_CONTEXT(2) 
PARAMETRIC_REPRESENTATION_CONTEXT() REPRESENTATION_CONTEXT('2D SPACE',''
  ) );
#8475 = ORIENTED_EDGE('',*,*,#6988,.T.);
#8476 = ORIENTED_EDGE('',*,*,#7913,.F.);
#8477 = ORIENTED_EDGE('',*,*,#8478,.F.);
#8478 = EDGE_CURVE('',#8448,#7914,#8479,.T.);
#8479 = SURFACE_CURVE('',#8480,(#8484,#8491),.PCURVE_S1.);
#8480 = LINE('',#8481,#8482);
#8481 = CARTESIAN_POINT('',(-1.998401444325E-15,-1.9,-8.));
#8482 = VECTOR('',#8483,1.);
#8483 = DIRECTION('',(0.986967674481,-1.78655582082E-17,-0.160918642578)
  );
#8484 = PCURVE('',#7004,#8485);
#8485 = DEFINITIONAL_REPRESENTATION('',(#8486),#8490);
#8486 = LINE('',#8487,#8488);
#8487 = CARTESIAN_POINT('',(-0.,0.));
#8488 = VECTOR('',#8489,1.);
#8489 = DIRECTION('',(-0.,1.));
#8490 = ( GEOMETRIC_REPRESENTATION_CONTEXT(2) 
PARAMETRIC_REPRESENTATION_CONTEXT() REPRESENTATION_CONTEXT('2D SPACE',''
  ) );
#8491 = PCURVE('',#8053,#8492);
#8492 = DEFINITIONAL_REPRESENTATION('',(#8493),#8497);
#8493 = LINE('',#8494,#8495);
#8494 = CARTESIAN_POINT('',(-1.998401444325E-15,1.9));
#8495 = VECTOR('',#8496,1.);
#8496 = DIRECTION('',(1.,0.));
#8497 = ( GEOMETRIC_REPRESENTATION_CONTEXT(2) 
PARAMETRIC_REPRESENTATION_CONTEXT() REPRESENTATION_CONTEXT('2D SPACE',''
  ) );
#8498 = ADVANCED_FACE('',(#8499),#6976,.T.);
#8499 = FACE_BOUND('',#8500,.T.);
#8500 = EDGE_LOOP('',(#8501,#8502,#8525,#8548,#8577,#8596));
#8501 = ORIENTED_EDGE('',*,*,#6960,.F.);
#8502 = ORIENTED_EDGE('',*,*,#8503,.T.);
#8503 = EDGE_CURVE('',#6933,#8504,#8506,.T.);
#8504 = VERTEX_POINT('',#8505);
#8505 = CARTESIAN_POINT('',(12.,3.5,-12.));
#8506 = SURFACE_CURVE('',#8507,(#8511,#8518),.PCURVE_S1.);
#8507 = LINE('',#8508,#8509);
#8508 = CARTESIAN_POINT('',(12.,-3.5,-12.));
#8509 = VECTOR('',#8510,1.);
#8510 = DIRECTION('',(-0.,1.,0.));
#8511 = PCURVE('',#6976,#8512);
#8512 = DEFINITIONAL_REPRESENTATION('',(#8513),#8517);
#8513 = LINE('',#8514,#8515);
#8514 = CARTESIAN_POINT('',(0.,0.));
#8515 = VECTOR('',#8516,1.);
#8516 = DIRECTION('',(0.,-1.));
#8517 = ( GEOMETRIC_REPRESENTATION_CONTEXT(2) 
PARAMETRIC_REPRESENTATION_CONTEXT() REPRESENTATION_CONTEXT('2D SPACE',''
  ) );
#8518 = PCURVE('',#6948,#8519);
#8519 = DEFINITIONAL_REPRESENTATION('',(#8520),#8524);
#8520 = LINE('',#8521,#8522);
#8521 = CARTESIAN_POINT('',(8.,0.));
#8522 = VECTOR('',#8523,1.);
#8523 = DIRECTION('',(0.,1.));
#8524 = ( GEOMETRIC_REPRESENTATION_CONTEXT(2) 
PARAMETRIC_REPRESENTATION_CONTEXT() REPRESENTATION_CONTEXT('2D SPACE',''
  ) );
#8525 = ORIENTED_EDGE('',*,*,#8526,.T.);
#8526 = EDGE_CURVE('',#8504,#8527,#8529,.T.);
#8527 = VERTEX_POINT('',#8528);
#8528 = CARTESIAN_POINT('',(12.,3.5,-8.335394683636));
#8529 = SURFACE_CURVE('',#8530,(#8534,#8541),.PCURVE_S1.);
#8530 = LINE('',#8531,#8532);
#8531 = CARTESIAN_POINT('',(12.,3.5,-12.));
#8532 = VECTOR('',#8533,1.);
#8533 = DIRECTION('',(0.,0.,1.));
#8534 = PCURVE('',#6976,#8535);
#8535 = DEFINITIONAL_REPRESENTATION('',(#8536),#8540);
#8536 = LINE('',#8537,#8538);
#8537 = CARTESIAN_POINT('',(0.,-7.));
#8538 = VECTOR('',#8539,1.);
#8539 = DIRECTION('',(1.,0.));
#8540 = ( GEOMETRIC_REPRESENTATION_CONTEXT(2) 
PARAMETRIC_REPRESENTATION_CONTEXT() REPRESENTATION_CONTEXT('2D SPACE',''
  ) );
#8541 = PCURVE('',#7569,#8542);
#8542 = DEFINITIONAL_REPRESENTATION('',(#8543),#8547);
#8543 = LINE('',#8544,#8545);
#8544 = CARTESIAN_POINT('',(12.,-12.));
#8545 = VECTOR('',#8546,1.);
#8546 = DIRECTION('',(0.,1.));
#8547 = ( GEOMETRIC_REPRESENTATION_CONTEXT(2) 
PARAMETRIC_REPRESENTATION_CONTEXT() REPRESENTATION_CONTEXT('2D SPACE',''
  ) );
#8548 = ORIENTED_EDGE('',*,*,#8549,.F.);
#8549 = EDGE_CURVE('',#8550,#8527,#8552,.T.);
#8550 = VERTEX_POINT('',#8551);
#8551 = CARTESIAN_POINT('',(12.,1.9,-9.95652173913));
#8552 = SURFACE_CURVE('',#8553,(#8558,#8565),.PCURVE_S1.);
#8553 = ELLIPSE('',#8554,1.621127055495,1.6);
#8554 = AXIS2_PLACEMENT_3D('',#8555,#8556,#8557);
#8555 = CARTESIAN_POINT('',(12.,1.9,-8.335394683636));
#8556 = DIRECTION('',(1.,0.,0.));
#8557 = DIRECTION('',(0.,-1.110223024625E-16,-1.));
#8558 = PCURVE('',#6976,#8559);
#8559 = DEFINITIONAL_REPRESENTATION('',(#8560),#8564);
#8560 = ELLIPSE('',#8561,1.621127055495,1.6);
#8561 = AXIS2_PLACEMENT_2D('',#8562,#8563);
#8562 = CARTESIAN_POINT('',(3.664605316364,-5.4));
#8563 = DIRECTION('',(-1.,1.110223024625E-16));
#8564 = ( GEOMETRIC_REPRESENTATION_CONTEXT(2) 
PARAMETRIC_REPRESENTATION_CONTEXT() REPRESENTATION_CONTEXT('2D SPACE',''
  ) );
#8565 = PCURVE('',#8148,#8566);
#8566 = DEFINITIONAL_REPRESENTATION('',(#8567),#8576);
#8567 = B_SPLINE_CURVE_WITH_KNOTS('',7,(#8568,#8569,#8570,#8571,#8572,
    #8573,#8574,#8575),.UNSPECIFIED.,.F.,.F.,(8,8),(0.,1.570796326795),
  .PIECEWISE_BEZIER_KNOTS.);
#8568 = CARTESIAN_POINT('',(0.,12.15845291621));
#8569 = CARTESIAN_POINT('',(0.224399475256,12.15845291621));
#8570 = CARTESIAN_POINT('',(0.448798950513,12.143127175529));
#8571 = CARTESIAN_POINT('',(0.673198425769,12.112477917413));
#8572 = CARTESIAN_POINT('',(0.897597901026,12.068386870763));
#8573 = CARTESIAN_POINT('',(1.121997376282,12.014661100379));
#8574 = CARTESIAN_POINT('',(1.346396851538,11.956122344538));
#8575 = CARTESIAN_POINT('',(1.570796326795,11.897583350992));
#8576 = ( GEOMETRIC_REPRESENTATION_CONTEXT(2) 
PARAMETRIC_REPRESENTATION_CONTEXT() REPRESENTATION_CONTEXT('2D SPACE',''
  ) );
#8577 = ORIENTED_EDGE('',*,*,#8578,.T.);
#8578 = EDGE_CURVE('',#8550,#8448,#8579,.T.);
#8579 = SURFACE_CURVE('',#8580,(#8584,#8590),.PCURVE_S1.);
#8580 = LINE('',#8581,#8582);
#8581 = CARTESIAN_POINT('',(12.,-1.75,-9.95652173913));
#8582 = VECTOR('',#8583,1.);
#8583 = DIRECTION('',(0.,-1.,1.110223024625E-16));
#8584 = PCURVE('',#6976,#8585);
#8585 = DEFINITIONAL_REPRESENTATION('',(#8586),#8589);
#8586 = B_SPLINE_CURVE_WITH_KNOTS('',1,(#8587,#8588),.UNSPECIFIED.,.F.,
  .F.,(2,2),(-3.65,0.15),.PIECEWISE_BEZIER_KNOTS.);
#8587 = CARTESIAN_POINT('',(2.04347826087,-5.4));
#8588 = CARTESIAN_POINT('',(2.04347826087,-1.6));
#8589 = ( GEOMETRIC_REPRESENTATION_CONTEXT(2) 
PARAMETRIC_REPRESENTATION_CONTEXT() REPRESENTATION_CONTEXT('2D SPACE',''
  ) );
#8590 = PCURVE('',#8053,#8591);
#8591 = DEFINITIONAL_REPRESENTATION('',(#8592),#8595);
#8592 = B_SPLINE_CURVE_WITH_KNOTS('',1,(#8593,#8594),.UNSPECIFIED.,.F.,
  .F.,(2,2),(-3.65,0.15),.PIECEWISE_BEZIER_KNOTS.);
#8593 = CARTESIAN_POINT('',(12.15845291621,-1.9));
#8594 = CARTESIAN_POINT('',(12.15845291621,1.9));
#8595 = ( GEOMETRIC_REPRESENTATION_CONTEXT(2) 
PARAMETRIC_REPRESENTATION_CONTEXT() REPRESENTATION_CONTEXT('2D SPACE',''
  ) );
#8596 = ORIENTED_EDGE('',*,*,#8447,.F.);
#8597 = ADVANCED_FACE('',(#8598),#6948,.F.);
#8598 = FACE_BOUND('',#8599,.F.);
#8599 = EDGE_LOOP('',(#8600,#8623,#8624,#8625));
#8600 = ORIENTED_EDGE('',*,*,#8601,.F.);
#8601 = EDGE_CURVE('',#6905,#8602,#8604,.T.);
#8602 = VERTEX_POINT('',#8603);
#8603 = CARTESIAN_POINT('',(4.,3.5,-12.));
#8604 = SURFACE_CURVE('',#8605,(#8609,#8616),.PCURVE_S1.);
#8605 = LINE('',#8606,#8607);
#8606 = CARTESIAN_POINT('',(4.,-3.5,-12.));
#8607 = VECTOR('',#8608,1.);
#8608 = DIRECTION('',(-0.,1.,0.));
#8609 = PCURVE('',#6948,#8610);
#8610 = DEFINITIONAL_REPRESENTATION('',(#8611),#8615);
#8611 = LINE('',#8612,#8613);
#8612 = CARTESIAN_POINT('',(0.,0.));
#8613 = VECTOR('',#8614,1.);
#8614 = DIRECTION('',(0.,1.));
#8615 = ( GEOMETRIC_REPRESENTATION_CONTEXT(2) 
PARAMETRIC_REPRESENTATION_CONTEXT() REPRESENTATION_CONTEXT('2D SPACE',''
  ) );
#8616 = PCURVE('',#6920,#8617);
#8617 = DEFINITIONAL_REPRESENTATION('',(#8618),#8622);
#8618 = LINE('',#8619,#8620);
#8619 = CARTESIAN_POINT('',(0.,0.));
#8620 = VECTOR('',#8621,1.);
#8621 = DIRECTION('',(0.,-1.));
#8622 = ( GEOMETRIC_REPRESENTATION_CONTEXT(2) 
PARAMETRIC_REPRESENTATION_CONTEXT() REPRESENTATION_CONTEXT('2D SPACE',''
  ) );
#8623 = ORIENTED_EDGE('',*,*,#6932,.T.);
#8624 = ORIENTED_EDGE('',*,*,#8503,.T.);
#8625 = ORIENTED_EDGE('',*,*,#8626,.F.);
#8626 = EDGE_CURVE('',#8602,#8504,#8627,.T.);
#8627 = SURFACE_CURVE('',#8628,(#8632,#8639),.PCURVE_S1.);
#8628 = LINE('',#8629,#8630);
#8629 = CARTESIAN_POINT('',(4.,3.5,-12.));
#8630 = VECTOR('',#8631,1.);
#8631 = DIRECTION('',(1.,0.,-0.));
#8632 = PCURVE('',#6948,#8633);
#8633 = DEFINITIONAL_REPRESENTATION('',(#8634),#8638);
#8634 = LINE('',#8635,#8636);
#8635 = CARTESIAN_POINT('',(0.,7.));
#8636 = VECTOR('',#8637,1.);
#8637 = DIRECTION('',(1.,0.));
#8638 = ( GEOMETRIC_REPRESENTATION_CONTEXT(2) 
PARAMETRIC_REPRESENTATION_CONTEXT() REPRESENTATION_CONTEXT('2D SPACE',''
  ) );
#8639 = PCURVE('',#7569,#8640);
#8640 = DEFINITIONAL_REPRESENTATION('',(#8641),#8645);
#8641 = LINE('',#8642,#8643);
#8642 = CARTESIAN_POINT('',(4.,-12.));
#8643 = VECTOR('',#8644,1.);
#8644 = DIRECTION('',(1.,0.));
#8645 = ( GEOMETRIC_REPRESENTATION_CONTEXT(2) 
PARAMETRIC_REPRESENTATION_CONTEXT() REPRESENTATION_CONTEXT('2D SPACE',''
  ) );
#8646 = ADVANCED_FACE('',(#8647),#6920,.F.);
#8647 = FACE_BOUND('',#8648,.F.);
#8648 = EDGE_LOOP('',(#8649,#8650,#8651,#8674,#8695,#8729,#8755,#8789));
#8649 = ORIENTED_EDGE('',*,*,#6904,.F.);
#8650 = ORIENTED_EDGE('',*,*,#8601,.T.);
#8651 = ORIENTED_EDGE('',*,*,#8652,.T.);
#8652 = EDGE_CURVE('',#8602,#8653,#8655,.T.);
#8653 = VERTEX_POINT('',#8654);
#8654 = CARTESIAN_POINT('',(4.,3.5,-8.616843969807));
#8655 = SURFACE_CURVE('',#8656,(#8660,#8667),.PCURVE_S1.);
#8656 = LINE('',#8657,#8658);
#8657 = CARTESIAN_POINT('',(4.,3.5,-12.));
#8658 = VECTOR('',#8659,1.);
#8659 = DIRECTION('',(0.,0.,1.));
#8660 = PCURVE('',#6920,#8661);
#8661 = DEFINITIONAL_REPRESENTATION('',(#8662),#8666);
#8662 = LINE('',#8663,#8664);
#8663 = CARTESIAN_POINT('',(0.,-7.));
#8664 = VECTOR('',#8665,1.);
#8665 = DIRECTION('',(1.,0.));
#8666 = ( GEOMETRIC_REPRESENTATION_CONTEXT(2) 
PARAMETRIC_REPRESENTATION_CONTEXT() REPRESENTATION_CONTEXT('2D SPACE',''
  ) );
#8667 = PCURVE('',#7569,#8668);
#8668 = DEFINITIONAL_REPRESENTATION('',(#8669),#8673);
#8669 = LINE('',#8670,#8671);
#8670 = CARTESIAN_POINT('',(4.,-12.));
#8671 = VECTOR('',#8672,1.);
#8672 = DIRECTION('',(0.,1.));
#8673 = ( GEOMETRIC_REPRESENTATION_CONTEXT(2) 
PARAMETRIC_REPRESENTATION_CONTEXT() REPRESENTATION_CONTEXT('2D SPACE',''
  ) );
#8674 = ORIENTED_EDGE('',*,*,#8675,.T.);
#8675 = EDGE_CURVE('',#8653,#8676,#8678,.T.);
#8676 = VERTEX_POINT('',#8677);
#8677 = CARTESIAN_POINT('',(3.99999999981,2.232214631503,-8.616843968434
    ));
#8678 = SURFACE_CURVE('',#8679,(#8683,#8689),.PCURVE_S1.);
#8679 = LINE('',#8680,#8681);
#8680 = CARTESIAN_POINT('',(4.,3.5,-8.616843969807));
#8681 = VECTOR('',#8682,1.);
#8682 = DIRECTION('',(0.,-1.,2.22044604925E-16));
#8683 = PCURVE('',#6920,#8684);
#8684 = DEFINITIONAL_REPRESENTATION('',(#8685),#8688);
#8685 = B_SPLINE_CURVE_WITH_KNOTS('',1,(#8686,#8687),.UNSPECIFIED.,.F.,
  .F.,(2,2),(-2.400000000069E-06,7.0000024),.PIECEWISE_BEZIER_KNOTS.);
#8686 = CARTESIAN_POINT('',(3.383156030193,-7.0000024));
#8687 = CARTESIAN_POINT('',(3.383156030193,2.400000001401E-06));
#8688 = ( GEOMETRIC_REPRESENTATION_CONTEXT(2) 
PARAMETRIC_REPRESENTATION_CONTEXT() REPRESENTATION_CONTEXT('2D SPACE',''
  ) );
#8689 = PCURVE('',#6892,#8690);
#8690 = DEFINITIONAL_REPRESENTATION('',(#8691),#8694);
#8691 = B_SPLINE_CURVE_WITH_KNOTS('',1,(#8692,#8693),.UNSPECIFIED.,.F.,
  .F.,(2,2),(-2.400000000069E-06,7.0000024),.PIECEWISE_BEZIER_KNOTS.);
#8692 = CARTESIAN_POINT('',(5.146994505992,-2.400000000206E-06));
#8693 = CARTESIAN_POINT('',(5.146994505992,7.0000024));
#8694 = ( GEOMETRIC_REPRESENTATION_CONTEXT(2) 
PARAMETRIC_REPRESENTATION_CONTEXT() REPRESENTATION_CONTEXT('2D SPACE',''
  ) );
#8695 = ORIENTED_EDGE('',*,*,#8696,.F.);
#8696 = EDGE_CURVE('',#8697,#8676,#8699,.T.);
#8697 = VERTEX_POINT('',#8698);
#8698 = CARTESIAN_POINT('',(4.,1.9,-8.652173913043));
#8699 = SURFACE_CURVE('',#8700,(#8705,#8712),.PCURVE_S1.);
#8700 = ELLIPSE('',#8701,1.621127055495,1.6);
#8701 = AXIS2_PLACEMENT_3D('',#8702,#8703,#8704);
#8702 = CARTESIAN_POINT('',(4.,1.9,-7.031046857549));
#8703 = DIRECTION('',(1.,0.,0.));
#8704 = DIRECTION('',(0.,-1.110223024625E-16,-1.));
#8705 = PCURVE('',#6920,#8706);
#8706 = DEFINITIONAL_REPRESENTATION('',(#8707),#8711);
#8707 = ELLIPSE('',#8708,1.621127055495,1.6);
#8708 = AXIS2_PLACEMENT_2D('',#8709,#8710);
#8709 = CARTESIAN_POINT('',(4.968953142451,-5.4));
#8710 = DIRECTION('',(-1.,1.110223024625E-16));
#8711 = ( GEOMETRIC_REPRESENTATION_CONTEXT(2) 
PARAMETRIC_REPRESENTATION_CONTEXT() REPRESENTATION_CONTEXT('2D SPACE',''
  ) );
#8712 = PCURVE('',#8713,#8718);
#8713 = CYLINDRICAL_SURFACE('',#8714,1.6);
#8714 = AXIS2_PLACEMENT_3D('',#8715,#8716,#8717);
#8715 = CARTESIAN_POINT('',(0.257469828126,1.9,-6.42085172083));
#8716 = DIRECTION('',(0.986967674481,-1.78655582082E-17,-0.160918642578)
  );
#8717 = DIRECTION('',(-0.160918642578,-1.09575423677E-16,-0.986967674481
    ));
#8718 = DEFINITIONAL_REPRESENTATION('',(#8719),#8728);
#8719 = B_SPLINE_CURVE_WITH_KNOTS('',7,(#8720,#8721,#8722,#8723,#8724,
    #8725,#8726,#8727),.UNSPECIFIED.,.F.,.F.,(8,8),(0.,1.559104723605),
  .PIECEWISE_BEZIER_KNOTS.);
#8720 = CARTESIAN_POINT('',(0.,4.052817638737));
#8721 = CARTESIAN_POINT('',(0.222729246229,4.052817638737));
#8722 = CARTESIAN_POINT('',(0.445458492459,4.037719201517));
#8723 = CARTESIAN_POINT('',(0.668187738688,4.007524431365));
#8724 = CARTESIAN_POINT('',(0.890916984917,3.964059876155));
#8725 = CARTESIAN_POINT('',(1.113646231146,3.911019864952));
#8726 = CARTESIAN_POINT('',(1.336375477376,3.853097297972));
#8727 = CARTESIAN_POINT('',(1.559104723605,3.794997987475));
#8728 = ( GEOMETRIC_REPRESENTATION_CONTEXT(2) 
PARAMETRIC_REPRESENTATION_CONTEXT() REPRESENTATION_CONTEXT('2D SPACE',''
  ) );
#8729 = ORIENTED_EDGE('',*,*,#8730,.T.);
#8730 = EDGE_CURVE('',#8697,#8731,#8733,.T.);
#8731 = VERTEX_POINT('',#8732);
#8732 = CARTESIAN_POINT('',(4.,-1.9,-8.652173913043));
#8733 = SURFACE_CURVE('',#8734,(#8738,#8744),.PCURVE_S1.);
#8734 = LINE('',#8735,#8736);
#8735 = CARTESIAN_POINT('',(4.,-1.75,-8.652173913043));
#8736 = VECTOR('',#8737,1.);
#8737 = DIRECTION('',(0.,-1.,1.110223024625E-16));
#8738 = PCURVE('',#6920,#8739);
#8739 = DEFINITIONAL_REPRESENTATION('',(#8740),#8743);
#8740 = B_SPLINE_CURVE_WITH_KNOTS('',1,(#8741,#8742),.UNSPECIFIED.,.F.,
  .F.,(2,2),(-3.65,0.15),.PIECEWISE_BEZIER_KNOTS.);
#8741 = CARTESIAN_POINT('',(3.347826086957,-5.4));
#8742 = CARTESIAN_POINT('',(3.347826086957,-1.6));
#8743 = ( GEOMETRIC_REPRESENTATION_CONTEXT(2) 
PARAMETRIC_REPRESENTATION_CONTEXT() REPRESENTATION_CONTEXT('2D SPACE',''
  ) );
#8744 = PCURVE('',#8745,#8750);
#8745 = PLANE('',#8746);
#8746 = AXIS2_PLACEMENT_3D('',#8747,#8748,#8749);
#8747 = CARTESIAN_POINT('',(0.,-8.881784197001E-16,-8.));
#8748 = DIRECTION('',(-0.160918642578,-1.09575423677E-16,-0.986967674481
    ));
#8749 = DIRECTION('',(0.986967674481,-1.78655582082E-17,-0.160918642578)
  );
#8750 = DEFINITIONAL_REPRESENTATION('',(#8751),#8754);
#8751 = B_SPLINE_CURVE_WITH_KNOTS('',1,(#8752,#8753),.UNSPECIFIED.,.F.,
  .F.,(2,2),(-3.65,0.15),.PIECEWISE_BEZIER_KNOTS.);
#8752 = CARTESIAN_POINT('',(4.052817638737,-1.9));
#8753 = CARTESIAN_POINT('',(4.052817638737,1.9));
#8754 = ( GEOMETRIC_REPRESENTATION_CONTEXT(2) 
PARAMETRIC_REPRESENTATION_CONTEXT() REPRESENTATION_CONTEXT('2D SPACE',''
  ) );
#8755 = ORIENTED_EDGE('',*,*,#8756,.F.);
#8756 = EDGE_CURVE('',#8757,#8731,#8759,.T.);
#8757 = VERTEX_POINT('',#8758);
#8758 = CARTESIAN_POINT('',(3.99999999981,-2.232214631503,
    -8.616843968434));
#8759 = SURFACE_CURVE('',#8760,(#8765,#8772),.PCURVE_S1.);
#8760 = ELLIPSE('',#8761,1.621127055495,1.6);
#8761 = AXIS2_PLACEMENT_3D('',#8762,#8763,#8764);
#8762 = CARTESIAN_POINT('',(4.,-1.9,-7.031046857549));
#8763 = DIRECTION('',(1.,0.,0.));
#8764 = DIRECTION('',(0.,-1.110223024625E-16,-1.));
#8765 = PCURVE('',#6920,#8766);
#8766 = DEFINITIONAL_REPRESENTATION('',(#8767),#8771);
#8767 = ELLIPSE('',#8768,1.621127055495,1.6);
#8768 = AXIS2_PLACEMENT_2D('',#8769,#8770);
#8769 = CARTESIAN_POINT('',(4.968953142451,-1.6));
#8770 = DIRECTION('',(-1.,1.110223024625E-16));
#8771 = ( GEOMETRIC_REPRESENTATION_CONTEXT(2) 
PARAMETRIC_REPRESENTATION_CONTEXT() REPRESENTATION_CONTEXT('2D SPACE',''
  ) );
#8772 = PCURVE('',#8773,#8778);
#8773 = CYLINDRICAL_SURFACE('',#8774,1.6);
#8774 = AXIS2_PLACEMENT_3D('',#8775,#8776,#8777);
#8775 = CARTESIAN_POINT('',(0.257469828126,-1.9,-6.42085172083));
#8776 = DIRECTION('',(0.986967674481,-1.78655582082E-17,-0.160918642578)
  );
#8777 = DIRECTION('',(-0.160918642578,-1.09575423677E-16,-0.986967674481
    ));
#8778 = DEFINITIONAL_REPRESENTATION('',(#8779),#8788);
#8779 = B_SPLINE_CURVE_WITH_KNOTS('',7,(#8780,#8781,#8782,#8783,#8784,
    #8785,#8786,#8787),.UNSPECIFIED.,.F.,.F.,(8,8),(4.724080583575,
    6.28318530718),.PIECEWISE_BEZIER_KNOTS.);
#8780 = CARTESIAN_POINT('',(-1.559104723605,3.794997987475));
#8781 = CARTESIAN_POINT('',(-1.336375477376,3.853097297972));
#8782 = CARTESIAN_POINT('',(-1.113646231146,3.911019864953));
#8783 = CARTESIAN_POINT('',(-0.890916984917,3.964059876152));
#8784 = CARTESIAN_POINT('',(-0.668187738688,4.007524431368));
#8785 = CARTESIAN_POINT('',(-0.445458492458,4.037719201516));
#8786 = CARTESIAN_POINT('',(-0.222729246229,4.052817638737));
#8787 = CARTESIAN_POINT('',(-2.775557561563E-16,4.052817638737));
#8788 = ( GEOMETRIC_REPRESENTATION_CONTEXT(2) 
PARAMETRIC_REPRESENTATION_CONTEXT() REPRESENTATION_CONTEXT('2D SPACE',''
  ) );
#8789 = ORIENTED_EDGE('',*,*,#8790,.T.);
#8790 = EDGE_CURVE('',#8757,#6876,#8791,.T.);
#8791 = SURFACE_CURVE('',#8792,(#8796,#8802),.PCURVE_S1.);
#8792 = LINE('',#8793,#8794);
#8793 = CARTESIAN_POINT('',(4.,3.5,-8.616843969807));
#8794 = VECTOR('',#8795,1.);
#8795 = DIRECTION('',(0.,-1.,2.22044604925E-16));
#8796 = PCURVE('',#6920,#8797);
#8797 = DEFINITIONAL_REPRESENTATION('',(#8798),#8801);
#8798 = B_SPLINE_CURVE_WITH_KNOTS('',1,(#8799,#8800),.UNSPECIFIED.,.F.,
  .F.,(2,2),(-2.400000000069E-06,7.0000024),.PIECEWISE_BEZIER_KNOTS.);
#8799 = CARTESIAN_POINT('',(3.383156030193,-7.0000024));
#8800 = CARTESIAN_POINT('',(3.383156030193,2.400000001401E-06));
#8801 = ( GEOMETRIC_REPRESENTATION_CONTEXT(2) 
PARAMETRIC_REPRESENTATION_CONTEXT() REPRESENTATION_CONTEXT('2D SPACE',''
  ) );
#8802 = PCURVE('',#6892,#8803);
#8803 = DEFINITIONAL_REPRESENTATION('',(#8804),#8807);
#8804 = B_SPLINE_CURVE_WITH_KNOTS('',1,(#8805,#8806),.UNSPECIFIED.,.F.,
  .F.,(2,2),(-2.400000000069E-06,7.0000024),.PIECEWISE_BEZIER_KNOTS.);
#8805 = CARTESIAN_POINT('',(5.146994505992,-2.400000000206E-06));
#8806 = CARTESIAN_POINT('',(5.146994505992,7.0000024));
#8807 = ( GEOMETRIC_REPRESENTATION_CONTEXT(2) 
PARAMETRIC_REPRESENTATION_CONTEXT() REPRESENTATION_CONTEXT('2D SPACE',''
  ) );
#8808 = ADVANCED_FACE('',(#8809),#6892,.T.);
#8809 = FACE_BOUND('',#8810,.T.);
#8810 = EDGE_LOOP('',(#8811,#8812,#8813,#8923,#8949,#9064,#9120,#9142,
    #9143,#9253,#9274,#9382));
#8811 = ORIENTED_EDGE('',*,*,#6875,.F.);
#8812 = ORIENTED_EDGE('',*,*,#7345,.T.);
#8813 = ORIENTED_EDGE('',*,*,#8814,.F.);
#8814 = EDGE_CURVE('',#8815,#7346,#8817,.T.);
#8815 = VERTEX_POINT('',#8816);
#8816 = CARTESIAN_POINT('',(0.774575366457,-1.9,9.468370134383));
#8817 = SURFACE_CURVE('',#8818,(#8851,#8887),.PCURVE_S1.);
#8818 = B_SPLINE_CURVE_WITH_KNOTS('',7,(#8819,#8820,#8821,#8822,#8823,
    #8824,#8825,#8826,#8827,#8828,#8829,#8830,#8831,#8832,#8833,#8834,
    #8835,#8836,#8837,#8838,#8839,#8840,#8841,#8842,#8843,#8844,#8845,
    #8846,#8847,#8848,#8849,#8850),.UNSPECIFIED.,.F.,.F.,(8,6,6,6,6,8),(
    0.,0.483952392849,0.607545797126,0.680121997615,0.859560768468,1.),
  .UNSPECIFIED.);
#8819 = CARTESIAN_POINT('',(0.774575366457,-1.9,9.468370134383));
#8820 = CARTESIAN_POINT('',(0.774575366457,-2.000444274975,
    9.468370134383));
#8821 = CARTESIAN_POINT('',(0.787128818125,-2.100642864897,
    9.467343306523));
#8822 = CARTESIAN_POINT('',(0.812132280253,-2.199858489615,
    9.465297301179));
#8823 = CARTESIAN_POINT('',(0.849811350673,-2.296943225477,
    9.462110701665));
#8824 = CARTESIAN_POINT('',(0.900282315762,-2.390433095288,
    9.457561477352));
#8825 = CARTESIAN_POINT('',(0.963397938642,-2.478615282051,
    9.451328407186));
#8826 = CARTESIAN_POINT('',(1.057974013094,-2.580307370673,
    9.440925041086));
#8827 = CARTESIAN_POINT('',(1.078000415941,-2.600515416711,
    9.438675846617));
#8828 = CARTESIAN_POINT('',(1.098800344293,-2.62020897041,9.436288432387
    ));
#8829 = CARTESIAN_POINT('',(1.120356867675,-2.639351314157,
    9.433757539549));
#8830 = CARTESIAN_POINT('',(1.142648893643,-2.657904941665,
    9.431078265327));
#8831 = CARTESIAN_POINT('',(1.165650726235,-2.675832230848,
    9.428246289668));
#8832 = CARTESIAN_POINT('',(1.203237460464,-2.703233771279,
    9.423503385952));
#8833 = CARTESIAN_POINT('',(1.217377473878,-2.713142708024,
    9.421694811002));
#8834 = CARTESIAN_POINT('',(1.231745391567,-2.722815328773,
    9.419831657042));
#8835 = CARTESIAN_POINT('',(1.246334418794,-2.732244246528,
    9.417913317806));
#8836 = CARTESIAN_POINT('',(1.261137239187,-2.741422285455,
    9.415939300756));
#8837 = CARTESIAN_POINT('',(1.276146014738,-2.750342480881,
    9.413909227087));
#8838 = CARTESIAN_POINT('',(1.32894890526,-2.78039834454,9.406664388348)
  );
#8839 = CARTESIAN_POINT('',(1.367759154944,-2.800184531548,
    9.401160924159));
#8840 = CARTESIAN_POINT('',(1.407647769165,-2.818249471495,
    9.395309771861));
#8841 = CARTESIAN_POINT('',(1.448473155948,-2.834506579442,
    9.389112007681));
#8842 = CARTESIAN_POINT('',(1.490089284131,-2.848888122957,9.38257286273
    ));
#8843 = CARTESIAN_POINT('',(1.532347470447,-2.861343490739,
    9.375702134375));
#8844 = CARTESIAN_POINT('',(1.608557350998,-2.880050653647,
    9.362889212766));
#8845 = CARTESIAN_POINT('',(1.642322017532,-2.887063271551,
    9.357069108176));
#8846 = CARTESIAN_POINT('',(1.676323948564,-2.892859270317,
    9.351060698964));
#8847 = CARTESIAN_POINT('',(1.710500085635,-2.897428371817,
    9.344871135875));
#8848 = CARTESIAN_POINT('',(1.744791167816,-2.900764680933,9.33850846606
    ));
#8849 = CARTESIAN_POINT('',(1.77914037004,-2.902865302075,9.331981793877
    ));
#8850 = CARTESIAN_POINT('',(1.813491941434,-2.903728955691,
    9.325301441688));
#8851 = PCURVE('',#6892,#8852);
#8852 = DEFINITIONAL_REPRESENTATION('',(#8853),#8886);
#8853 = B_SPLINE_CURVE_WITH_KNOTS('',7,(#8854,#8855,#8856,#8857,#8858,
    #8859,#8860,#8861,#8862,#8863,#8864,#8865,#8866,#8867,#8868,#8869,
    #8870,#8871,#8872,#8873,#8874,#8875,#8876,#8877,#8878,#8879,#8880,
    #8881,#8882,#8883,#8884,#8885),.UNSPECIFIED.,.F.,.F.,(8,6,6,6,6,8),(
    0.,0.483952392849,0.607545797126,0.680121997615,0.859560768468,1.),
  .UNSPECIFIED.);
#8854 = CARTESIAN_POINT('',(1.489171468683,5.4));
#8855 = CARTESIAN_POINT('',(1.489171468683,5.500444274975));
#8856 = CARTESIAN_POINT('',(1.487845638368,5.600642864897));
#8857 = CARTESIAN_POINT('',(1.485204902762,5.699858489615));
#8858 = CARTESIAN_POINT('',(1.481224530715,5.796943225477));
#8859 = CARTESIAN_POINT('',(1.475890458396,5.890433095288));
#8860 = CARTESIAN_POINT('',(1.469214803091,5.978615282051));
#8861 = CARTESIAN_POINT('',(1.459199377932,6.080307370673));
#8862 = CARTESIAN_POINT('',(1.457078087404,6.100515416711));
#8863 = CARTESIAN_POINT('',(1.454874256768,6.12020897041));
#8864 = CARTESIAN_POINT('',(1.452589577889,6.139351314157));
#8865 = CARTESIAN_POINT('',(1.450226176359,6.157904941665));
#8866 = CARTESIAN_POINT('',(1.447786659859,6.175832230848));
#8867 = CARTESIAN_POINT('',(1.443798786655,6.203233771279));
#8868 = CARTESIAN_POINT('',(1.442298240719,6.213142708024));
#8869 = CARTESIAN_POINT('',(1.440773169097,6.222815328773));
#8870 = CARTESIAN_POINT('',(1.439224267351,6.232244246528));
#8871 = CARTESIAN_POINT('',(1.437652286224,6.241422285455));
#8872 = CARTESIAN_POINT('',(1.436058031636,6.250342480881));
#8873 = CARTESIAN_POINT('',(1.430447759167,6.28039834454));
#8874 = CARTESIAN_POINT('',(1.426321641265,6.300184531548));
#8875 = CARTESIAN_POINT('',(1.422077986978,6.318249471495));
#8876 = CARTESIAN_POINT('',(1.417731440901,6.334506579442));
#8877 = CARTESIAN_POINT('',(1.413297145358,6.348888122957));
#8878 = CARTESIAN_POINT('',(1.408790569518,6.361343490739));
#8879 = CARTESIAN_POINT('',(1.400655888213,6.380050653647));
#8880 = CARTESIAN_POINT('',(1.397049328583,6.387063271551));
#8881 = CARTESIAN_POINT('',(1.393414778574,6.392859270317));
#8882 = CARTESIAN_POINT('',(1.389758827908,6.397428371817));
#8883 = CARTESIAN_POINT('',(1.386087684486,6.400764680933));
#8884 = CARTESIAN_POINT('',(1.38240732178,6.402865302075));
#8885 = CARTESIAN_POINT('',(1.378723626233,6.403728955691));
#8886 = ( GEOMETRIC_REPRESENTATION_CONTEXT(2) 
PARAMETRIC_REPRESENTATION_CONTEXT() REPRESENTATION_CONTEXT('2D SPACE',''
  ) );
#8887 = PCURVE('',#7415,#8888);
#8888 = DEFINITIONAL_REPRESENTATION('',(#8889),#8922);
#8889 = B_SPLINE_CURVE_WITH_KNOTS('',7,(#8890,#8891,#8892,#8893,#8894,
    #8895,#8896,#8897,#8898,#8899,#8900,#8901,#8902,#8903,#8904,#8905,
    #8906,#8907,#8908,#8909,#8910,#8911,#8912,#8913,#8914,#8915,#8916,
    #8917,#8918,#8919,#8920,#8921),.UNSPECIFIED.,.F.,.F.,(8,6,6,6,6,8),(
    0.,0.483952392849,0.607545797126,0.680121997615,0.859560768468,1.),
  .UNSPECIFIED.);
#8890 = CARTESIAN_POINT('',(-0.714237526233,0.));
#8891 = CARTESIAN_POINT('',(-0.714237526233,-6.277767185956E-02));
#8892 = CARTESIAN_POINT('',(-0.707846742812,-0.125401577706));
#8893 = CARTESIAN_POINT('',(-0.695121853573,-0.187816259071));
#8894 = CARTESIAN_POINT('',(-0.675600646711,-0.249696167171));
#8895 = CARTESIAN_POINT('',(-0.648586527258,-0.310502184106));
#8896 = CARTESIAN_POINT('',(-0.612943596208,-0.369365959967));
#8897 = CARTESIAN_POINT('',(-0.55581346024,-0.439127776736));
#8898 = CARTESIAN_POINT('',(-0.543554247598,-0.45309701788));
#8899 = CARTESIAN_POINT('',(-0.530641454091,-0.466818339076));
#8900 = CARTESIAN_POINT('',(-0.517059942495,-0.480263455742));
#8901 = CARTESIAN_POINT('',(-0.502797238153,-0.493401599978));
#8902 = CARTESIAN_POINT('',(-0.487844942874,-0.506199848785));
#8903 = CARTESIAN_POINT('',(-0.463013253164,-0.525918808712));
#8904 = CARTESIAN_POINT('',(-0.453587621047,-0.533085019424));
#8905 = CARTESIAN_POINT('',(-0.443922589199,-0.540114974099));
#8906 = CARTESIAN_POINT('',(-0.43401829248,-0.547001481997));
#8907 = CARTESIAN_POINT('',(-0.423875663886,-0.553737271952));
#8908 = CARTESIAN_POINT('',(-0.413496434549,-0.560314992371));
#8909 = CARTESIAN_POINT('',(-0.376642608072,-0.582580902427));
#8910 = CARTESIAN_POINT('',(-0.348967998018,-0.59742537171));
#8911 = CARTESIAN_POINT('',(-0.319903652022,-0.611145321092));
#8912 = CARTESIAN_POINT('',(-0.289525408929,-0.623631925788));
#8913 = CARTESIAN_POINT('',(-0.257942778501,-0.634786692976));
#8914 = CARTESIAN_POINT('',(-0.225301121936,-0.644525320548));
#8915 = CARTESIAN_POINT('',(-0.165551249724,-0.659243366438));
#8916 = CARTESIAN_POINT('',(-0.138779050277,-0.66479791126));
#8917 = CARTESIAN_POINT('',(-0.111550797908,-0.669413987271));
#8918 = CARTESIAN_POINT('',(-8.395867479585E-02,-0.673067672965));
#8919 = CARTESIAN_POINT('',(-5.610109202547E-02,-0.675742150859));
#8920 = CARTESIAN_POINT('',(-2.808030019225E-02,-0.677427529948));
#8921 = CARTESIAN_POINT('',(0.,-0.678120668172));
#8922 = ( GEOMETRIC_REPRESENTATION_CONTEXT(2) 
PARAMETRIC_REPRESENTATION_CONTEXT() REPRESENTATION_CONTEXT('2D SPACE',''
  ) );
#8923 = ORIENTED_EDGE('',*,*,#8924,.T.);
#8924 = EDGE_CURVE('',#8815,#8925,#8927,.T.);
#8925 = VERTEX_POINT('',#8926);
#8926 = CARTESIAN_POINT('',(0.774575366457,1.9,9.468370134383));
#8927 = SURFACE_CURVE('',#8928,(#8932,#8938),.PCURVE_S1.);
#8928 = LINE('',#8929,#8930);
#8929 = CARTESIAN_POINT('',(0.774575366457,-3.5,9.468370134383));
#8930 = VECTOR('',#8931,1.);
#8931 = DIRECTION('',(0.,1.,-1.110223024625E-16));
#8932 = PCURVE('',#6892,#8933);
#8933 = DEFINITIONAL_REPRESENTATION('',(#8934),#8937);
#8934 = B_SPLINE_CURVE_WITH_KNOTS('',1,(#8935,#8936),.UNSPECIFIED.,.F.,
  .F.,(2,2),(1.5999976,5.4000024),.PIECEWISE_BEZIER_KNOTS.);
#8935 = CARTESIAN_POINT('',(1.489171468683,5.4000024));
#8936 = CARTESIAN_POINT('',(1.489171468683,1.5999976));
#8937 = ( GEOMETRIC_REPRESENTATION_CONTEXT(2) 
PARAMETRIC_REPRESENTATION_CONTEXT() REPRESENTATION_CONTEXT('2D SPACE',''
  ) );
#8938 = PCURVE('',#8939,#8944);
#8939 = CYLINDRICAL_SURFACE('',#8940,1.6);
#8940 = AXIS2_PLACEMENT_3D('',#8941,#8942,#8943);
#8941 = CARTESIAN_POINT('',(1.6,-3.5,8.097722778445));
#8942 = DIRECTION('',(0.,1.,-1.110223024625E-16));
#8943 = DIRECTION('',(-1.,0.,-0.));
#8944 = DEFINITIONAL_REPRESENTATION('',(#8945),#8948);
#8945 = B_SPLINE_CURVE_WITH_KNOTS('',1,(#8946,#8947),.UNSPECIFIED.,.F.,
  .F.,(2,2),(1.5999976,5.4000024),.PIECEWISE_BEZIER_KNOTS.);
#8946 = CARTESIAN_POINT('',(1.028749615085,1.5999976));
#8947 = CARTESIAN_POINT('',(1.028749615085,5.4000024));
#8948 = ( GEOMETRIC_REPRESENTATION_CONTEXT(2) 
PARAMETRIC_REPRESENTATION_CONTEXT() REPRESENTATION_CONTEXT('2D SPACE',''
  ) );
#8949 = ORIENTED_EDGE('',*,*,#8950,.F.);
#8950 = EDGE_CURVE('',#8951,#8925,#8953,.T.);
#8951 = VERTEX_POINT('',#8952);
#8952 = CARTESIAN_POINT('',(1.813491941434,2.903728955691,9.325301441688
    ));
#8953 = SURFACE_CURVE('',#8954,(#8987,#9023),.PCURVE_S1.);
#8954 = B_SPLINE_CURVE_WITH_KNOTS('',7,(#8955,#8956,#8957,#8958,#8959,
    #8960,#8961,#8962,#8963,#8964,#8965,#8966,#8967,#8968,#8969,#8970,
    #8971,#8972,#8973,#8974,#8975,#8976,#8977,#8978,#8979,#8980,#8981,
    #8982,#8983,#8984,#8985,#8986),.UNSPECIFIED.,.F.,.F.,(8,6,6,6,6,8),(
    0.,0.140004445009,0.31911158629,0.391735035605,0.514919005529,1.),
  .UNSPECIFIED.);
#8955 = CARTESIAN_POINT('',(1.813491941434,2.903728955691,9.325301441688
    ));
#8956 = CARTESIAN_POINT('',(1.779244044908,2.902867908627,9.331961632219
    ));
#8957 = CARTESIAN_POINT('',(1.744998820081,2.900777358952,9.338469007532
    ));
#8958 = CARTESIAN_POINT('',(1.710811268459,2.897458603494,9.344813390777
    ));
#8959 = CARTESIAN_POINT('',(1.676737571467,2.892914497159,9.35098578));
#8960 = CARTESIAN_POINT('',(1.642836414132,2.887150843384,9.356978196831
    ));
#8961 = CARTESIAN_POINT('',(1.609170308777,2.880177784594,9.362783535161
    ));
#8962 = CARTESIAN_POINT('',(1.533125263712,2.861563703407,9.375574659244
    ));
#8963 = CARTESIAN_POINT('',(1.490932738811,2.849161407307,9.382438376587
    ));
#8964 = CARTESIAN_POINT('',(1.449377976271,2.834839181197,9.3889718451)
  );
#8965 = CARTESIAN_POINT('',(1.408608821604,2.81864715106,9.395165276066)
  );
#8966 = CARTESIAN_POINT('',(1.368770569282,2.800652440381,9.401013405533
    ));
#8967 = CARTESIAN_POINT('',(1.330004198457,2.780940918502,9.406515091039
    ));
#8968 = CARTESIAN_POINT('',(1.277215137956,2.750973425613,9.413764273762
    ));
#8969 = CARTESIAN_POINT('',(1.262183119337,2.742062581893,9.415799223606
    ));
#8970 = CARTESIAN_POINT('',(1.247356949841,2.732893172897,9.417778018183
    ));
#8971 = CARTESIAN_POINT('',(1.232744504525,2.723472167726,9.419701032174
    ));
#8972 = CARTESIAN_POINT('',(1.21835313649,2.713806749499,9.421568754624)
  );
#8973 = CARTESIAN_POINT('',(1.20418967687,2.703904315348,9.423381788944)
  );
#8974 = CARTESIAN_POINT('',(1.166633640099,2.676586840741,9.428124579037
    ));
#8975 = CARTESIAN_POINT('',(1.143680652431,2.658741067417,9.430953008455
    ));
#8976 = CARTESIAN_POINT('',(1.121432025792,2.640271847205,9.433629598902
    ));
#8977 = CARTESIAN_POINT('',(1.099913329712,2.621216435383,9.436158611622
    ));
#8978 = CARTESIAN_POINT('',(1.079145581936,2.601611987843,9.438544887799
    ));
#8979 = CARTESIAN_POINT('',(1.059145681054,2.581494897171,9.440793625002
    ));
#8980 = CARTESIAN_POINT('',(0.964245766702,2.479800852912,9.451244742969
    ));
#8981 = CARTESIAN_POINT('',(0.900844272554,2.39147490159,9.457510831308)
  );
#8982 = CARTESIAN_POINT('',(0.850139045543,2.297798210632,9.462083152229
    ));
#8983 = CARTESIAN_POINT('',(0.812283074445,2.200490498816,9.465285024823
    ));
#8984 = CARTESIAN_POINT('',(0.787168214515,2.101031465517,9.467340053115
    ));
#8985 = CARTESIAN_POINT('',(0.774575366457,2.000600621941,9.468370134383
    ));
#8986 = CARTESIAN_POINT('',(0.774575366457,1.9,9.468370134383));
#8987 = PCURVE('',#6892,#8988);
#8988 = DEFINITIONAL_REPRESENTATION('',(#8989),#9022);
#8989 = B_SPLINE_CURVE_WITH_KNOTS('',7,(#8990,#8991,#8992,#8993,#8994,
    #8995,#8996,#8997,#8998,#8999,#9000,#9001,#9002,#9003,#9004,#9005,
    #9006,#9007,#9008,#9009,#9010,#9011,#9012,#9013,#9014,#9015,#9016,
    #9017,#9018,#9019,#9020,#9021),.UNSPECIFIED.,.F.,.F.,(8,6,6,6,6,8),(
    0.,0.140004445009,0.31911158629,0.391735035605,0.514919005529,1.),
  .UNSPECIFIED.);
#8990 = CARTESIAN_POINT('',(1.378723626233,0.596271044309));
#8991 = CARTESIAN_POINT('',(1.382396204191,0.597132091373));
#8992 = CARTESIAN_POINT('',(1.386065435426,0.599222641048));
#8993 = CARTESIAN_POINT('',(1.38972551311,0.602541396506));
#8994 = CARTESIAN_POINT('',(1.393370531603,0.607085502841));
#8995 = CARTESIAN_POINT('',(1.396994343219,0.612849156616));
#8996 = CARTESIAN_POINT('',(1.400590415001,0.619822215406));
#8997 = CARTESIAN_POINT('',(1.40870760495,0.638436296593));
#8998 = CARTESIAN_POINT('',(1.413207240552,0.650838592693));
#8999 = CARTESIAN_POINT('',(1.417635062562,0.665160818803));
#9000 = CARTESIAN_POINT('',(1.421975688497,0.68135284894));
#9001 = CARTESIAN_POINT('',(1.42621405179,0.699347559619));
#9002 = CARTESIAN_POINT('',(1.430335570463,0.719059081498));
#9003 = CARTESIAN_POINT('',(1.435944462847,0.749026574387));
#9004 = CARTESIAN_POINT('',(1.437541210792,0.757937418107));
#9005 = CARTESIAN_POINT('',(1.439115694617,0.767106827103));
#9006 = CARTESIAN_POINT('',(1.440667104526,0.776527832274));
#9007 = CARTESIAN_POINT('',(1.442194685941,0.786193250501));
#9008 = CARTESIAN_POINT('',(1.443697739505,0.796095684652));
#9009 = CARTESIAN_POINT('',(1.447682405343,0.823413159259));
#9010 = CARTESIAN_POINT('',(1.45011677328,0.841258932583));
#9011 = CARTESIAN_POINT('',(1.452475605499,0.859728152795));
#9012 = CARTESIAN_POINT('',(1.454756306733,0.878783564617));
#9013 = CARTESIAN_POINT('',(1.456956758436,0.898388012157));
#9014 = CARTESIAN_POINT('',(1.459075271373,0.918505102829));
#9015 = CARTESIAN_POINT('',(1.469125130242,1.020199147088));
#9016 = CARTESIAN_POINT('',(1.475831067372,1.10852509841));
#9017 = CARTESIAN_POINT('',(1.481189915294,1.202201789368));
#9018 = CARTESIAN_POINT('',(1.48518897669,1.299509501184));
#9019 = CARTESIAN_POINT('',(1.487841477544,1.398968534483));
#9020 = CARTESIAN_POINT('',(1.489171468683,1.499399378059));
#9021 = CARTESIAN_POINT('',(1.489171468683,1.6));
#9022 = ( GEOMETRIC_REPRESENTATION_CONTEXT(2) 
PARAMETRIC_REPRESENTATION_CONTEXT() REPRESENTATION_CONTEXT('2D SPACE',''
  ) );
#9023 = PCURVE('',#9024,#9029);
#9024 = SPHERICAL_SURFACE('',#9025,1.6);
#9025 = AXIS2_PLACEMENT_3D('',#9026,#9027,#9028);
#9026 = CARTESIAN_POINT('',(1.6,1.9,8.097722778445));
#9027 = DIRECTION('',(0.,-1.,1.110223024625E-16));
#9028 = DIRECTION('',(0.171341174751,1.093804774332E-16,0.98521175482));
#9029 = DEFINITIONAL_REPRESENTATION('',(#9030),#9063);
#9030 = B_SPLINE_CURVE_WITH_KNOTS('',7,(#9031,#9032,#9033,#9034,#9035,
    #9036,#9037,#9038,#9039,#9040,#9041,#9042,#9043,#9044,#9045,#9046,
    #9047,#9048,#9049,#9050,#9051,#9052,#9053,#9054,#9055,#9056,#9057,
    #9058,#9059,#9060,#9061,#9062),.UNSPECIFIED.,.F.,.F.,(8,6,6,6,6,8),(
    0.,0.140004445009,0.31911158629,0.391735035605,0.514919005529,1.),
  .UNSPECIFIED.);
#9031 = CARTESIAN_POINT('',(-8.881784197001E-16,-0.678120668172));
#9032 = CARTESIAN_POINT('',(2.799555235452E-02,-0.677429621876));
#9033 = CARTESIAN_POINT('',(5.593169423524E-02,-0.67575232225));
#9034 = CARTESIAN_POINT('',(8.370587016542E-02,-0.673091907537));
#9035 = CARTESIAN_POINT('',(0.111216851122,-0.669458150543));
#9036 = CARTESIAN_POINT('',(0.138367109298,-0.664867657474));
#9037 = CARTESIAN_POINT('',(0.165065192863,-0.65934406677));
#9038 = CARTESIAN_POINT('',(0.224698206867,-0.644697722946));
#9039 = CARTESIAN_POINT('',(0.257297820824,-0.634999324088));
#9040 = CARTESIAN_POINT('',(0.288844331854,-0.623888762558));
#9041 = CARTESIAN_POINT('',(0.319192780169,-0.611449694871));
#9042 = CARTESIAN_POINT('',(0.348233746844,-0.597779914763));
#9043 = CARTESIAN_POINT('',(0.375891243724,-0.582987545087));
#9044 = CARTESIAN_POINT('',(0.412755950168,-0.560780598484));
#9045 = CARTESIAN_POINT('',(0.423157024795,-0.554207849869));
#9046 = CARTESIAN_POINT('',(0.433321254394,-0.54747643101));
#9047 = CARTESIAN_POINT('',(0.443246869087,-0.540593710551));
#9048 = CARTESIAN_POINT('',(0.452932901944,-0.533566978627));
#9049 = CARTESIAN_POINT('',(0.462379188973,-0.52640344687));
#9050 = CARTESIAN_POINT('',(0.487203597651,-0.506739517605));
#9051 = CARTESIAN_POINT('',(0.502132740205,-0.493995601994));
#9052 = CARTESIAN_POINT('',(0.516376547162,-0.480912950441));
#9053 = CARTESIAN_POINT('',(0.529943219217,-0.467524219832));
#9054 = CARTESIAN_POINT('',(0.542845011181,-0.453859948469));
#9055 = CARTESIAN_POINT('',(0.555096835755,-0.439948229473));
#9056 = CARTESIAN_POINT('',(0.612465027084,-0.370157306908));
#9057 = CARTESIAN_POINT('',(0.648285711956,-0.311179702908));
#9058 = CARTESIAN_POINT('',(0.675431647953,-0.250240799696));
#9059 = CARTESIAN_POINT('',(0.695044938197,-0.18821310092));
#9060 = CARTESIAN_POINT('',(0.707826823277,-0.125644498103));
#9061 = CARTESIAN_POINT('',(0.714237526233,-6.287538871318E-02));
#9062 = CARTESIAN_POINT('',(0.714237526233,0.));
#9063 = ( GEOMETRIC_REPRESENTATION_CONTEXT(2) 
PARAMETRIC_REPRESENTATION_CONTEXT() REPRESENTATION_CONTEXT('2D SPACE',''
  ) );
#9064 = ORIENTED_EDGE('',*,*,#9065,.F.);
#9065 = EDGE_CURVE('',#9066,#8951,#9068,.T.);
#9066 = VERTEX_POINT('',#9067);
#9067 = CARTESIAN_POINT('',(6.05097460369,3.5,7.323640238672));
#9068 = SURFACE_CURVE('',#9069,(#9084,#9102),.PCURVE_S1.);
#9069 = B_SPLINE_CURVE_WITH_KNOTS('',7,(#9070,#9071,#9072,#9073,#9074,
    #9075,#9076,#9077,#9078,#9079,#9080,#9081,#9082,#9083),
  .UNSPECIFIED.,.F.,.F.,(8,6,8),(0.,0.514587253174,1.),.UNSPECIFIED.);
#9070 = CARTESIAN_POINT('',(6.05097460369,3.5,7.323640238673));
#9071 = CARTESIAN_POINT('',(5.774641365004,3.5,7.551953666824));
#9072 = CARTESIAN_POINT('',(5.488925389257,3.477002773481,7.767551357219
    ));
#9073 = CARTESIAN_POINT('',(5.19673710147,3.437602320619,7.96820531497)
  );
#9074 = CARTESIAN_POINT('',(4.899937775259,3.386823934561,8.153600411602
    ));
#9075 = CARTESIAN_POINT('',(4.599355102556,3.328752566516,8.32413726661)
  );
#9076 = CARTESIAN_POINT('',(4.294612280156,3.266618129711,8.480813253847
    ));
#9077 = CARTESIAN_POINT('',(3.688853823642,3.144383514881,8.760551190402
    ));
#9078 = CARTESIAN_POINT('',(3.386778924716,3.083999448925,8.88585802734)
  );
#9079 = CARTESIAN_POINT('',(3.079690302229,3.026442036372,8.998840006524
    ));
#9080 = CARTESIAN_POINT('',(2.769551098434,2.975949971587,9.098900567523
    ));
#9081 = CARTESIAN_POINT('',(2.456950922926,2.936670084189,9.186354485964
    ));
#9082 = CARTESIAN_POINT('',(2.139652051593,2.911929040317,9.261873150659
    ));
#9083 = CARTESIAN_POINT('',(1.813489585102,2.903728896449,9.325301899924
    ));
#9084 = PCURVE('',#6892,#9085);
#9085 = DEFINITIONAL_REPRESENTATION('',(#9086),#9101);
#9086 = B_SPLINE_CURVE_WITH_KNOTS('',7,(#9087,#9088,#9089,#9090,#9091,
    #9092,#9093,#9094,#9095,#9096,#9097,#9098,#9099,#9100),
  .UNSPECIFIED.,.F.,.F.,(8,6,8),(0.,0.514587253174,1.),.UNSPECIFIED.);
#9087 = CARTESIAN_POINT('',(0.880267829001,8.881784197001E-16));
#9088 = CARTESIAN_POINT('',(0.917999507466,1.210612916025E-15));
#9089 = CARTESIAN_POINT('',(0.955639984482,2.299722651882E-02));
#9090 = CARTESIAN_POINT('',(0.992891777521,6.239767938094E-02));
#9091 = CARTESIAN_POINT('',(1.029667342586,0.113176065439));
#9092 = CARTESIAN_POINT('',(1.065995565522,0.171247433484));
#9093 = CARTESIAN_POINT('',(1.102032826501,0.233381870289));
#9094 = CARTESIAN_POINT('',(1.172267622337,0.355616485119));
#9095 = CARTESIAN_POINT('',(1.206665519036,0.416000551075));
#9096 = CARTESIAN_POINT('',(1.241063243422,0.473557963628));
#9097 = CARTESIAN_POINT('',(1.275317270315,0.524050028413));
#9098 = CARTESIAN_POINT('',(1.309444644474,0.563329915811));
#9099 = CARTESIAN_POINT('',(1.343747803074,0.588070959683));
#9100 = CARTESIAN_POINT('',(1.378723878915,0.596271103551));
#9101 = ( GEOMETRIC_REPRESENTATION_CONTEXT(2) 
PARAMETRIC_REPRESENTATION_CONTEXT() REPRESENTATION_CONTEXT('2D SPACE',''
  ) );
#9102 = PCURVE('',#7516,#9103);
#9103 = DEFINITIONAL_REPRESENTATION('',(#9104),#9119);
#9104 = B_SPLINE_CURVE_WITH_KNOTS('',7,(#9105,#9106,#9107,#9108,#9109,
    #9110,#9111,#9112,#9113,#9114,#9115,#9116,#9117,#9118),
  .UNSPECIFIED.,.F.,.F.,(8,6,8),(0.,0.514587253174,1.),.UNSPECIFIED.);
#9105 = CARTESIAN_POINT('',(1.570796326795,180.34181854562));
#9106 = CARTESIAN_POINT('',(1.459802694633,180.65318479161));
#9107 = CARTESIAN_POINT('',(1.357642631479,180.97161629101));
#9108 = CARTESIAN_POINT('',(1.263150694827,181.29386391159));
#9109 = CARTESIAN_POINT('',(1.175658300836,181.61803991025));
#9110 = CARTESIAN_POINT('',(1.094769622579,181.94339747777));
#9111 = CARTESIAN_POINT('',(1.02023943614,182.2704787363));
#9112 = CARTESIAN_POINT('',(0.888454978081,182.91520971491));
#9113 = CARTESIAN_POINT('',(0.830063922652,183.23428767681));
#9114 = CARTESIAN_POINT('',(0.778894737556,183.5561934625));
#9115 = CARTESIAN_POINT('',(0.736502592604,183.87889074578));
#9116 = CARTESIAN_POINT('',(0.704598641996,184.20185257037));
#9117 = CARTESIAN_POINT('',(0.684701769406,184.52739860492));
#9118 = CARTESIAN_POINT('',(0.678120620627,184.8596056573));
#9119 = ( GEOMETRIC_REPRESENTATION_CONTEXT(2) 
PARAMETRIC_REPRESENTATION_CONTEXT() REPRESENTATION_CONTEXT('2D SPACE',''
  ) );
#9120 = ORIENTED_EDGE('',*,*,#9121,.T.);
#9121 = EDGE_CURVE('',#9066,#8653,#9122,.T.);
#9122 = SURFACE_CURVE('',#9123,(#9128,#9135),.PCURVE_S1.);
#9123 = CIRCLE('',#9124,9.5);
#9124 = AXIS2_PLACEMENT_3D('',#9125,#9126,#9127);
#9125 = CARTESIAN_POINT('',(0.,3.5,0.));
#9126 = DIRECTION('',(0.,-1.,2.22044604925E-16));
#9127 = DIRECTION('',(1.,0.,0.));
#9128 = PCURVE('',#6892,#9129);
#9129 = DEFINITIONAL_REPRESENTATION('',(#9130),#9134);
#9130 = LINE('',#9131,#9132);
#9131 = CARTESIAN_POINT('',(0.,0.));
#9132 = VECTOR('',#9133,1.);
#9133 = DIRECTION('',(1.,0.));
#9134 = ( GEOMETRIC_REPRESENTATION_CONTEXT(2) 
PARAMETRIC_REPRESENTATION_CONTEXT() REPRESENTATION_CONTEXT('2D SPACE',''
  ) );
#9135 = PCURVE('',#7569,#9136);
#9136 = DEFINITIONAL_REPRESENTATION('',(#9137),#9141);
#9137 = CIRCLE('',#9138,9.5);
#9138 = AXIS2_PLACEMENT_2D('',#9139,#9140);
#9139 = CARTESIAN_POINT('',(0.,0.));
#9140 = DIRECTION('',(1.,0.));
#9141 = ( GEOMETRIC_REPRESENTATION_CONTEXT(2) 
PARAMETRIC_REPRESENTATION_CONTEXT() REPRESENTATION_CONTEXT('2D SPACE',''
  ) );
#9142 = ORIENTED_EDGE('',*,*,#8675,.T.);
#9143 = ORIENTED_EDGE('',*,*,#9144,.F.);
#9144 = EDGE_CURVE('',#9145,#8676,#9147,.T.);
#9145 = VERTEX_POINT('',#9146);
#9146 = CARTESIAN_POINT('',(3.943314703321,1.9,-8.642931745107));
#9147 = SURFACE_CURVE('',#9148,(#9181,#9217),.PCURVE_S1.);
#9148 = B_SPLINE_CURVE_WITH_KNOTS('',6,(#9149,#9150,#9151,#9152,#9153,
    #9154,#9155,#9156,#9157,#9158,#9159,#9160,#9161,#9162,#9163,#9164,
    #9165,#9166,#9167,#9168,#9169,#9170,#9171,#9172,#9173,#9174,#9175,
    #9176,#9177,#9178,#9179,#9180),.UNSPECIFIED.,.F.,.F.,(7,5,5,5,5,5,7)
  ,(0.,0.223052290803,0.328552170625,0.410465628034,0.63864179203,
    0.880131862106,1.),.UNSPECIFIED.);
#9149 = CARTESIAN_POINT('',(3.943314703321,1.9,-8.642931745107));
#9150 = CARTESIAN_POINT('',(3.943314703321,2.007528013852,
    -8.642931745107));
#9151 = CARTESIAN_POINT('',(3.957501786344,2.114073605299,
    -8.636458640651));
#9152 = CARTESIAN_POINT('',(3.985392808961,2.218461213109,
    -8.623734701697));
#9153 = CARTESIAN_POINT('',(4.025701508177,2.319489268522,
    -8.605129928224));
#9154 = CARTESIAN_POINT('',(4.076344844385,2.415913699556,
    -8.581234414032));
#9155 = CARTESIAN_POINT('',(4.161996880768,2.549322009425,-8.53983109612
    ));
#9156 = CARTESIAN_POINT('',(4.191301694352,2.591041233854,
    -8.525534679241));
#9157 = CARTESIAN_POINT('',(4.222232907556,2.631637959835,
    -8.510287723486));
#9158 = CARTESIAN_POINT('',(4.254629026089,2.671110540104,
    -8.494137107633));
#9159 = CARTESIAN_POINT('',(4.288342142983,2.709459272818,
    -8.477125540658));
#9160 = CARTESIAN_POINT('',(4.350332142593,2.77559072666,-8.44544469408)
  );
#9161 = CARTESIAN_POINT('',(4.378144238306,2.803824122248,-8.43109957771
    ));
#9162 = CARTESIAN_POINT('',(4.406616768676,2.83139232198,-8.416271631417
    ));
#9163 = CARTESIAN_POINT('',(4.435698117764,2.858301152188,
    -8.400974184894));
#9164 = CARTESIAN_POINT('',(4.465342510743,2.884556531876,
    -8.385218478728));
#9165 = CARTESIAN_POINT('',(4.579543887737,2.981497339066,
    -8.323873921954));
#9166 = CARTESIAN_POINT('',(4.667684911553,3.04784724828,-8.275223243914
    ));
#9167 = CARTESIAN_POINT('',(4.759011433457,3.109276469334,
    -8.223285905287));
#9168 = CARTESIAN_POINT('',(4.852879377644,3.165835380485,
    -8.168195234256));
#9169 = CARTESIAN_POINT('',(4.948845208895,3.217519124347,-8.11000868514
    ));
#9170 = CARTESIAN_POINT('',(5.150035855338,3.313654610995,
    -7.983861159164));
#9171 = CARTESIAN_POINT('',(5.255451334318,3.357497600062,
    -7.915541958721));
#9172 = CARTESIAN_POINT('',(5.362287888605,3.395554259981,
    -7.843871519252));
#9173 = CARTESIAN_POINT('',(5.470085042456,3.427541083545,
    -7.768943629377));
#9174 = CARTESIAN_POINT('',(5.578418438926,3.453075208774,
    -7.690875815932));
#9175 = CARTESIAN_POINT('',(5.740670531746,3.480884313839,-7.56962458295
    ));
#9176 = CARTESIAN_POINT('',(5.794507124651,3.48839518515,-7.528680642474
    ));
#9177 = CARTESIAN_POINT('',(5.848283777544,3.494128815504,
    -7.487051693657));
#9178 = CARTESIAN_POINT('',(5.901925756193,3.498019654312,
    -7.444781487018));
#9179 = CARTESIAN_POINT('',(5.955358582305,3.5,-7.401919511295));
#9180 = CARTESIAN_POINT('',(6.008508033527,3.5,-7.35852099345));
#9181 = PCURVE('',#6892,#9182);
#9182 = DEFINITIONAL_REPRESENTATION('',(#9183),#9216);
#9183 = B_SPLINE_CURVE_WITH_KNOTS('',6,(#9184,#9185,#9186,#9187,#9188,
    #9189,#9190,#9191,#9192,#9193,#9194,#9195,#9196,#9197,#9198,#9199,
    #9200,#9201,#9202,#9203,#9204,#9205,#9206,#9207,#9208,#9209,#9210,
    #9211,#9212,#9213,#9214,#9215),.UNSPECIFIED.,.F.,.F.,(7,5,5,5,5,5,7)
  ,(0.,0.223052290803,0.328552170625,0.410465628034,0.63864179203,
    0.880131862106,1.),.UNSPECIFIED.);
#9184 = CARTESIAN_POINT('',(5.140426043712,1.6));
#9185 = CARTESIAN_POINT('',(5.140426043712,1.492471986148));
#9186 = CARTESIAN_POINT('',(5.142067514287,1.385926394701));
#9187 = CARTESIAN_POINT('',(5.145294529734,1.281538786891));
#9188 = CARTESIAN_POINT('',(5.149967563011,1.180510731478));
#9189 = CARTESIAN_POINT('',(5.155861789936,1.084086300444));
#9190 = CARTESIAN_POINT('',(5.165875910753,0.950677990575));
#9191 = CARTESIAN_POINT('',(5.169308112507,0.908958766146));
#9192 = CARTESIAN_POINT('',(5.172938055696,0.868362040165));
#9193 = CARTESIAN_POINT('',(5.176748389194,0.828889459896));
#9194 = CARTESIAN_POINT('',(5.180723282684,0.790540727182));
#9195 = CARTESIAN_POINT('',(5.188051319454,0.72440927334));
#9196 = CARTESIAN_POINT('',(5.191345368885,0.696175877752));
#9197 = CARTESIAN_POINT('',(5.194724510489,0.66860767802));
#9198 = CARTESIAN_POINT('',(5.198183343319,0.641698847812));
#9199 = CARTESIAN_POINT('',(5.201717129941,0.615443468124));
#9200 = CARTESIAN_POINT('',(5.215362869042,0.518502660934));
#9201 = CARTESIAN_POINT('',(5.225959684598,0.45215275172));
#9202 = CARTESIAN_POINT('',(5.237017450247,0.390723530666));
#9203 = CARTESIAN_POINT('',(5.24847259034,0.334164619515));
#9204 = CARTESIAN_POINT('',(5.260284740195,0.282480875653));
#9205 = CARTESIAN_POINT('',(5.285281332655,0.186345389005));
#9206 = CARTESIAN_POINT('',(5.29850281972,0.142502399938));
#9207 = CARTESIAN_POINT('',(5.312042246017,0.104445740019));
#9208 = CARTESIAN_POINT('',(5.325858242292,7.245891645454E-02));
#9209 = CARTESIAN_POINT('',(5.339912094546,4.692479122582E-02));
#9210 = CARTESIAN_POINT('',(5.361233433168,1.911568616089E-02));
#9211 = CARTESIAN_POINT('',(5.368352875677,1.160481484961E-02));
#9212 = CARTESIAN_POINT('',(5.375511075028,5.871184496429E-03));
#9213 = CARTESIAN_POINT('',(5.38269964225,1.980345687714E-03));
#9214 = CARTESIAN_POINT('',(5.389909865428,-1.094527475837E-15));
#9215 = CARTESIAN_POINT('',(5.397132709701,-1.110223024625E-15));
#9216 = ( GEOMETRIC_REPRESENTATION_CONTEXT(2) 
PARAMETRIC_REPRESENTATION_CONTEXT() REPRESENTATION_CONTEXT('2D SPACE',''
  ) );
#9217 = PCURVE('',#8713,#9218);
#9218 = DEFINITIONAL_REPRESENTATION('',(#9219),#9252);
#9219 = B_SPLINE_CURVE_WITH_KNOTS('',6,(#9220,#9221,#9222,#9223,#9224,
    #9225,#9226,#9227,#9228,#9229,#9230,#9231,#9232,#9233,#9234,#9235,
    #9236,#9237,#9238,#9239,#9240,#9241,#9242,#9243,#9244,#9245,#9246,
    #9247,#9248,#9249,#9250,#9251),.UNSPECIFIED.,.F.,.F.,(7,5,5,5,5,5,7)
  ,(0.,0.223052290803,0.328552170625,0.410465628034,0.63864179203,
    0.880131862106,1.),.UNSPECIFIED.);
#9220 = CARTESIAN_POINT('',(0.,3.995383846177));
#9221 = CARTESIAN_POINT('',(6.720500865759E-02,3.995383846177));
#9222 = CARTESIAN_POINT('',(0.133795866385,4.008344395334));
#9223 = CARTESIAN_POINT('',(0.199585133159,4.03382441408));
#9224 = CARTESIAN_POINT('',(0.26431502456,4.070613942314));
#9225 = CARTESIAN_POINT('',(0.327600835866,4.116752044371));
#9226 = CARTESIAN_POINT('',(0.417705037634,4.194625269819));
#9227 = CARTESIAN_POINT('',(0.446293928459,4.221247613535));
#9228 = CARTESIAN_POINT('',(0.474561031449,4.249322201676));
#9229 = CARTESIAN_POINT('',(0.502527174811,4.278697188267));
#9230 = CARTESIAN_POINT('',(0.530211746857,4.309233466581));
#9231 = CARTESIAN_POINT('',(0.578923191836,4.365317553511));
#9232 = CARTESIAN_POINT('',(0.600058795192,4.390458796285));
#9233 = CARTESIAN_POINT('',(0.621051630724,4.416174170381));
#9234 = CARTESIAN_POINT('',(0.641913931433,4.442414877532));
#9235 = CARTESIAN_POINT('',(0.662658038673,4.469137548283));
#9236 = CARTESIAN_POINT('',(0.740786132898,4.571979132952));
#9237 = CARTESIAN_POINT('',(0.797488826204,4.651142673183));
#9238 = CARTESIAN_POINT('',(0.853630818148,4.732921312094));
#9239 = CARTESIAN_POINT('',(0.909439144151,4.816700822676));
#9240 = CARTESIAN_POINT('',(0.965150068258,4.902052695475));
#9241 = CARTESIAN_POINT('',(1.080144985398,5.080321871277));
#9242 = CARTESIAN_POINT('',(1.139434874515,5.173369708423));
#9243 = CARTESIAN_POINT('',(1.199092187148,5.267280824125));
#9244 = CARTESIAN_POINT('',(1.259316899465,5.361615836047));
#9245 = CARTESIAN_POINT('',(1.320313555725,5.455974829861));
#9246 = CARTESIAN_POINT('',(1.413069285953,5.596600816769));
#9247 = CARTESIAN_POINT('',(1.444076843673,5.643147150347));
#9248 = CARTESIAN_POINT('',(1.475337513568,5.689524094458));
#9249 = CARTESIAN_POINT('',(1.506866528614,5.735664929106));
#9250 = CARTESIAN_POINT('',(1.538680281934,5.781504110284));
#9251 = CARTESIAN_POINT('',(1.570796326795,5.826977269975));
#9252 = ( GEOMETRIC_REPRESENTATION_CONTEXT(2) 
PARAMETRIC_REPRESENTATION_CONTEXT() REPRESENTATION_CONTEXT('2D SPACE',''
  ) );
#9253 = ORIENTED_EDGE('',*,*,#9254,.T.);
#9254 = EDGE_CURVE('',#9145,#9255,#9257,.T.);
#9255 = VERTEX_POINT('',#9256);
#9256 = CARTESIAN_POINT('',(3.943314703321,-1.9,-8.642931745107));
#9257 = SURFACE_CURVE('',#9258,(#9262,#9268),.PCURVE_S1.);
#9258 = LINE('',#9259,#9260);
#9259 = CARTESIAN_POINT('',(3.943314703321,3.5,-8.642931745107));
#9260 = VECTOR('',#9261,1.);
#9261 = DIRECTION('',(0.,-1.,2.22044604925E-16));
#9262 = PCURVE('',#6892,#9263);
#9263 = DEFINITIONAL_REPRESENTATION('',(#9264),#9267);
#9264 = B_SPLINE_CURVE_WITH_KNOTS('',1,(#9265,#9266),.UNSPECIFIED.,.F.,
  .F.,(2,2),(1.22,5.78),.PIECEWISE_BEZIER_KNOTS.);
#9265 = CARTESIAN_POINT('',(5.140426043712,1.22));
#9266 = CARTESIAN_POINT('',(5.140426043712,5.78));
#9267 = ( GEOMETRIC_REPRESENTATION_CONTEXT(2) 
PARAMETRIC_REPRESENTATION_CONTEXT() REPRESENTATION_CONTEXT('2D SPACE',''
  ) );
#9268 = PCURVE('',#8745,#9269);
#9269 = DEFINITIONAL_REPRESENTATION('',(#9270),#9273);
#9270 = B_SPLINE_CURVE_WITH_KNOTS('',1,(#9271,#9272),.UNSPECIFIED.,.F.,
  .F.,(2,2),(1.22,5.78),.PIECEWISE_BEZIER_KNOTS.);
#9271 = CARTESIAN_POINT('',(3.995383846177,-2.28));
#9272 = CARTESIAN_POINT('',(3.995383846177,2.28));
#9273 = ( GEOMETRIC_REPRESENTATION_CONTEXT(2) 
PARAMETRIC_REPRESENTATION_CONTEXT() REPRESENTATION_CONTEXT('2D SPACE',''
  ) );
#9274 = ORIENTED_EDGE('',*,*,#9275,.T.);
#9275 = EDGE_CURVE('',#9255,#8757,#9276,.T.);
#9276 = SURFACE_CURVE('',#9277,(#9310,#9346),.PCURVE_S1.);
#9277 = B_SPLINE_CURVE_WITH_KNOTS('',6,(#9278,#9279,#9280,#9281,#9282,
    #9283,#9284,#9285,#9286,#9287,#9288,#9289,#9290,#9291,#9292,#9293,
    #9294,#9295,#9296,#9297,#9298,#9299,#9300,#9301,#9302,#9303,#9304,
    #9305,#9306,#9307,#9308,#9309),.UNSPECIFIED.,.F.,.F.,(7,5,5,5,5,5,7)
  ,(0.,0.223052347017,0.328552237994,0.410465689064,0.638641835401,
    0.880131871349,1.),.UNSPECIFIED.);
#9278 = CARTESIAN_POINT('',(3.943314703321,-1.9,-8.642931745107));
#9279 = CARTESIAN_POINT('',(3.943314703321,-2.007528013852,
    -8.642931745107));
#9280 = CARTESIAN_POINT('',(3.957501786344,-2.114073605299,
    -8.636458640651));
#9281 = CARTESIAN_POINT('',(3.985392808961,-2.218461213109,
    -8.623734701697));
#9282 = CARTESIAN_POINT('',(4.025701508177,-2.319489268522,
    -8.605129928224));
#9283 = CARTESIAN_POINT('',(4.076344844385,-2.415913699556,
    -8.581234414032));
#9284 = CARTESIAN_POINT('',(4.161996876744,-2.549322003158,
    -8.539831098065));
#9285 = CARTESIAN_POINT('',(4.191301696381,-2.591041235542,
    -8.525534678179));
#9286 = CARTESIAN_POINT('',(4.222232912303,-2.631637965963,
    -8.510287721122));
#9287 = CARTESIAN_POINT('',(4.254629026225,-2.671110541353,
    -8.494137107627));
#9288 = CARTESIAN_POINT('',(4.288342136593,-2.709459266002,
    -8.477125543924));
#9289 = CARTESIAN_POINT('',(4.350332142593,-2.77559072666,-8.44544469408
    ));
#9290 = CARTESIAN_POINT('',(4.378144238306,-2.803824122248,
    -8.43109957771));
#9291 = CARTESIAN_POINT('',(4.406616768676,-2.83139232198,
    -8.416271631417));
#9292 = CARTESIAN_POINT('',(4.435698117764,-2.858301152188,
    -8.400974184894));
#9293 = CARTESIAN_POINT('',(4.465342510743,-2.884556531876,
    -8.385218478728));
#9294 = CARTESIAN_POINT('',(4.579543887737,-2.981497339066,
    -8.323873921954));
#9295 = CARTESIAN_POINT('',(4.667684911553,-3.04784724828,
    -8.275223243914));
#9296 = CARTESIAN_POINT('',(4.759011433457,-3.109276469334,
    -8.223285905287));
#9297 = CARTESIAN_POINT('',(4.852879377644,-3.165835380485,
    -8.168195234256));
#9298 = CARTESIAN_POINT('',(4.948845208895,-3.217519124347,
    -8.11000868514));
#9299 = CARTESIAN_POINT('',(5.150035848724,-3.313654607835,
    -7.98386116331));
#9300 = CARTESIAN_POINT('',(5.255451345205,-3.357497603781,
    -7.915541951317));
#9301 = CARTESIAN_POINT('',(5.362287888443,-3.395554260894,
    -7.843871519743));
#9302 = CARTESIAN_POINT('',(5.470085031491,-3.427541080256,
    -7.768943637013));
#9303 = CARTESIAN_POINT('',(5.578418445888,-3.453075209967,
    -7.690875810729));
#9304 = CARTESIAN_POINT('',(5.740670531746,-3.480884313839,
    -7.56962458295));
#9305 = CARTESIAN_POINT('',(5.794507124651,-3.48839518515,
    -7.528680642474));
#9306 = CARTESIAN_POINT('',(5.848283777544,-3.494128815504,
    -7.487051693657));
#9307 = CARTESIAN_POINT('',(5.901925756193,-3.498019654312,
    -7.444781487018));
#9308 = CARTESIAN_POINT('',(5.955358582305,-3.5,-7.401919511295));
#9309 = CARTESIAN_POINT('',(6.008508033527,-3.5,-7.35852099345));
#9310 = PCURVE('',#6892,#9311);
#9311 = DEFINITIONAL_REPRESENTATION('',(#9312),#9345);
#9312 = B_SPLINE_CURVE_WITH_KNOTS('',6,(#9313,#9314,#9315,#9316,#9317,
    #9318,#9319,#9320,#9321,#9322,#9323,#9324,#9325,#9326,#9327,#9328,
    #9329,#9330,#9331,#9332,#9333,#9334,#9335,#9336,#9337,#9338,#9339,
    #9340,#9341,#9342,#9343,#9344),.UNSPECIFIED.,.F.,.F.,(7,5,5,5,5,5,7)
  ,(0.,0.223052347017,0.328552237994,0.410465689064,0.638641835401,
    0.880131871349,1.),.UNSPECIFIED.);
#9313 = CARTESIAN_POINT('',(5.140426043712,5.4));
#9314 = CARTESIAN_POINT('',(5.140426043712,5.507528013852));
#9315 = CARTESIAN_POINT('',(5.142067514287,5.614073605299));
#9316 = CARTESIAN_POINT('',(5.145294529734,5.718461213109));
#9317 = CARTESIAN_POINT('',(5.149967563011,5.819489268522));
#9318 = CARTESIAN_POINT('',(5.155861789936,5.915913699556));
#9319 = CARTESIAN_POINT('',(5.165875910283,6.049322003158));
#9320 = CARTESIAN_POINT('',(5.169308112748,6.091041235542));
#9321 = CARTESIAN_POINT('',(5.172938056254,6.131637965963));
#9322 = CARTESIAN_POINT('',(5.176748389207,6.171110541353));
#9323 = CARTESIAN_POINT('',(5.180723281929,6.209459266002));
#9324 = CARTESIAN_POINT('',(5.188051319454,6.27559072666));
#9325 = CARTESIAN_POINT('',(5.191345368885,6.303824122248));
#9326 = CARTESIAN_POINT('',(5.194724510489,6.33139232198));
#9327 = CARTESIAN_POINT('',(5.198183343319,6.358301152188));
#9328 = CARTESIAN_POINT('',(5.201717129941,6.384556531876));
#9329 = CARTESIAN_POINT('',(5.215362869042,6.481497339066));
#9330 = CARTESIAN_POINT('',(5.225959684598,6.54784724828));
#9331 = CARTESIAN_POINT('',(5.237017450247,6.609276469334));
#9332 = CARTESIAN_POINT('',(5.24847259034,6.665835380485));
#9333 = CARTESIAN_POINT('',(5.260284740195,6.717519124347));
#9334 = CARTESIAN_POINT('',(5.285281331833,6.813654607835));
#9335 = CARTESIAN_POINT('',(5.298502821107,6.857497603781));
#9336 = CARTESIAN_POINT('',(5.312042245974,6.895554260894));
#9337 = CARTESIAN_POINT('',(5.325858240884,6.927541080256));
#9338 = CARTESIAN_POINT('',(5.339912095461,6.953075209967));
#9339 = CARTESIAN_POINT('',(5.361233433168,6.980884313839));
#9340 = CARTESIAN_POINT('',(5.368352875677,6.98839518515));
#9341 = CARTESIAN_POINT('',(5.375511075028,6.994128815504));
#9342 = CARTESIAN_POINT('',(5.38269964225,6.998019654312));
#9343 = CARTESIAN_POINT('',(5.389909865428,7.));
#9344 = CARTESIAN_POINT('',(5.397132709701,7.));
#9345 = ( GEOMETRIC_REPRESENTATION_CONTEXT(2) 
PARAMETRIC_REPRESENTATION_CONTEXT() REPRESENTATION_CONTEXT('2D SPACE',''
  ) );
#9346 = PCURVE('',#8773,#9347);
#9347 = DEFINITIONAL_REPRESENTATION('',(#9348),#9381);
#9348 = B_SPLINE_CURVE_WITH_KNOTS('',6,(#9349,#9350,#9351,#9352,#9353,
    #9354,#9355,#9356,#9357,#9358,#9359,#9360,#9361,#9362,#9363,#9364,
    #9365,#9366,#9367,#9368,#9369,#9370,#9371,#9372,#9373,#9374,#9375,
    #9376,#9377,#9378,#9379,#9380),.UNSPECIFIED.,.F.,.F.,(7,5,5,5,5,5,7)
  ,(0.,0.223052347017,0.328552237994,0.410465689064,0.638641835401,
    0.880131871349,1.),.UNSPECIFIED.);
#9349 = CARTESIAN_POINT('',(0.,3.995383846177));
#9350 = CARTESIAN_POINT('',(-6.720500865761E-02,3.995383846177));
#9351 = CARTESIAN_POINT('',(-0.133795866385,4.008344395334));
#9352 = CARTESIAN_POINT('',(-0.199585133159,4.03382441408));
#9353 = CARTESIAN_POINT('',(-0.26431502456,4.070613942314));
#9354 = CARTESIAN_POINT('',(-0.327600835866,4.116752044371));
#9355 = CARTESIAN_POINT('',(-0.417705033401,4.19462526616));
#9356 = CARTESIAN_POINT('',(-0.446293929793,4.221247615366));
#9357 = CARTESIAN_POINT('',(-0.474561035754,4.249322205981));
#9358 = CARTESIAN_POINT('',(-0.502527175514,4.2786971884));
#9359 = CARTESIAN_POINT('',(-0.530211741836,4.3092334608));
#9360 = CARTESIAN_POINT('',(-0.578923191836,4.365317553511));
#9361 = CARTESIAN_POINT('',(-0.600058795192,4.390458796285));
#9362 = CARTESIAN_POINT('',(-0.621051630724,4.416174170381));
#9363 = CARTESIAN_POINT('',(-0.641913931433,4.442414877532));
#9364 = CARTESIAN_POINT('',(-0.662658038673,4.469137548283));
#9365 = CARTESIAN_POINT('',(-0.740786132898,4.571979132952));
#9366 = CARTESIAN_POINT('',(-0.797488826204,4.651142673183));
#9367 = CARTESIAN_POINT('',(-0.853630818148,4.732921312094));
#9368 = CARTESIAN_POINT('',(-0.909439144151,4.816700822676));
#9369 = CARTESIAN_POINT('',(-0.965150068258,4.902052695475));
#9370 = CARTESIAN_POINT('',(-1.080144981617,5.080321865417));
#9371 = CARTESIAN_POINT('',(-1.139434880719,5.173369717977));
#9372 = CARTESIAN_POINT('',(-1.199092187055,5.267280824044));
#9373 = CARTESIAN_POINT('',(-1.259316893217,5.361615826454));
#9374 = CARTESIAN_POINT('',(-1.320313559705,5.455974835896));
#9375 = CARTESIAN_POINT('',(-1.413069285953,5.596600816769));
#9376 = CARTESIAN_POINT('',(-1.444076843673,5.643147150347));
#9377 = CARTESIAN_POINT('',(-1.475337513568,5.689524094458));
#9378 = CARTESIAN_POINT('',(-1.506866528614,5.735664929106));
#9379 = CARTESIAN_POINT('',(-1.538680281934,5.781504110284));
#9380 = CARTESIAN_POINT('',(-1.570796326795,5.826977269975));
#9381 = ( GEOMETRIC_REPRESENTATION_CONTEXT(2) 
PARAMETRIC_REPRESENTATION_CONTEXT() REPRESENTATION_CONTEXT('2D SPACE',''
  ) );
#9382 = ORIENTED_EDGE('',*,*,#8790,.T.);
#9383 = ADVANCED_FACE('',(#9384),#7121,.T.);
#9384 = FACE_BOUND('',#9385,.T.);
#9385 = EDGE_LOOP('',(#9386,#9496,#9497));
#9386 = ORIENTED_EDGE('',*,*,#9387,.T.);
#9387 = EDGE_CURVE('',#9388,#7105,#9390,.T.);
#9388 = VERTEX_POINT('',#9389);
#9389 = CARTESIAN_POINT('',(5.830951900827,-3.491133653453,
    -7.500000001203));
#9390 = SURFACE_CURVE('',#9391,(#9424,#9460),.PCURVE_S1.);
#9391 = B_SPLINE_CURVE_WITH_KNOTS('',6,(#9392,#9393,#9394,#9395,#9396,
    #9397,#9398,#9399,#9400,#9401,#9402,#9403,#9404,#9405,#9406,#9407,
    #9408,#9409,#9410,#9411,#9412,#9413,#9414,#9415,#9416,#9417,#9418,
    #9419,#9420,#9421,#9422,#9423),.UNSPECIFIED.,.F.,.F.,(7,5,5,5,5,5,7)
  ,(0.,0.223052347017,0.328552237994,0.410465689064,0.638641835401,
    0.880131871349,1.),.UNSPECIFIED.);
#9392 = CARTESIAN_POINT('',(3.943314703321,-1.9,-8.642931745107));
#9393 = CARTESIAN_POINT('',(3.943314703321,-2.007528013852,
    -8.642931745107));
#9394 = CARTESIAN_POINT('',(3.957501786344,-2.114073605299,
    -8.636458640651));
#9395 = CARTESIAN_POINT('',(3.985392808961,-2.218461213109,
    -8.623734701697));
#9396 = CARTESIAN_POINT('',(4.025701508177,-2.319489268522,
    -8.605129928224));
#9397 = CARTESIAN_POINT('',(4.076344844385,-2.415913699556,
    -8.581234414032));
#9398 = CARTESIAN_POINT('',(4.161996876744,-2.549322003158,
    -8.539831098065));
#9399 = CARTESIAN_POINT('',(4.191301696381,-2.591041235542,
    -8.525534678179));
#9400 = CARTESIAN_POINT('',(4.222232912303,-2.631637965963,
    -8.510287721122));
#9401 = CARTESIAN_POINT('',(4.254629026225,-2.671110541353,
    -8.494137107627));
#9402 = CARTESIAN_POINT('',(4.288342136593,-2.709459266002,
    -8.477125543924));
#9403 = CARTESIAN_POINT('',(4.350332142593,-2.77559072666,-8.44544469408
    ));
#9404 = CARTESIAN_POINT('',(4.378144238306,-2.803824122248,
    -8.43109957771));
#9405 = CARTESIAN_POINT('',(4.406616768676,-2.83139232198,
    -8.416271631417));
#9406 = CARTESIAN_POINT('',(4.435698117764,-2.858301152188,
    -8.400974184894));
#9407 = CARTESIAN_POINT('',(4.465342510743,-2.884556531876,
    -8.385218478728));
#9408 = CARTESIAN_POINT('',(4.579543887737,-2.981497339066,
    -8.323873921954));
#9409 = CARTESIAN_POINT('',(4.667684911553,-3.04784724828,
    -8.275223243914));
#9410 = CARTESIAN_POINT('',(4.759011433457,-3.109276469334,
    -8.223285905287));
#9411 = CARTESIAN_POINT('',(4.852879377644,-3.165835380485,
    -8.168195234256));
#9412 = CARTESIAN_POINT('',(4.948845208895,-3.217519124347,
    -8.11000868514));
#9413 = CARTESIAN_POINT('',(5.150035848724,-3.313654607835,
    -7.98386116331));
#9414 = CARTESIAN_POINT('',(5.255451345205,-3.357497603781,
    -7.915541951317));
#9415 = CARTESIAN_POINT('',(5.362287888443,-3.395554260894,
    -7.843871519743));
#9416 = CARTESIAN_POINT('',(5.470085031491,-3.427541080256,
    -7.768943637013));
#9417 = CARTESIAN_POINT('',(5.578418445888,-3.453075209967,
    -7.690875810729));
#9418 = CARTESIAN_POINT('',(5.740670531746,-3.480884313839,
    -7.56962458295));
#9419 = CARTESIAN_POINT('',(5.794507124651,-3.48839518515,
    -7.528680642474));
#9420 = CARTESIAN_POINT('',(5.848283777544,-3.494128815504,
    -7.487051693657));
#9421 = CARTESIAN_POINT('',(5.901925756193,-3.498019654312,
    -7.444781487018));
#9422 = CARTESIAN_POINT('',(5.955358582305,-3.5,-7.401919511295));
#9423 = CARTESIAN_POINT('',(6.008508033527,-3.5,-7.35852099345));
#9424 = PCURVE('',#7121,#9425);
#9425 = DEFINITIONAL_REPRESENTATION('',(#9426),#9459);
#9426 = B_SPLINE_CURVE_WITH_KNOTS('',6,(#9427,#9428,#9429,#9430,#9431,
    #9432,#9433,#9434,#9435,#9436,#9437,#9438,#9439,#9440,#9441,#9442,
    #9443,#9444,#9445,#9446,#9447,#9448,#9449,#9450,#9451,#9452,#9453,
    #9454,#9455,#9456,#9457,#9458),.UNSPECIFIED.,.F.,.F.,(7,5,5,5,5,5,7)
  ,(0.,0.223052347017,0.328552237994,0.410465689064,0.638641835401,
    0.880131871349,1.),.UNSPECIFIED.);
#9427 = CARTESIAN_POINT('',(5.140426043712,5.4));
#9428 = CARTESIAN_POINT('',(5.140426043712,5.507528013852));
#9429 = CARTESIAN_POINT('',(5.142067514287,5.614073605299));
#9430 = CARTESIAN_POINT('',(5.145294529734,5.718461213109));
#9431 = CARTESIAN_POINT('',(5.149967563011,5.819489268522));
#9432 = CARTESIAN_POINT('',(5.155861789936,5.915913699556));
#9433 = CARTESIAN_POINT('',(5.165875910283,6.049322003158));
#9434 = CARTESIAN_POINT('',(5.169308112748,6.091041235542));
#9435 = CARTESIAN_POINT('',(5.172938056254,6.131637965963));
#9436 = CARTESIAN_POINT('',(5.176748389207,6.171110541353));
#9437 = CARTESIAN_POINT('',(5.180723281929,6.209459266002));
#9438 = CARTESIAN_POINT('',(5.188051319454,6.27559072666));
#9439 = CARTESIAN_POINT('',(5.191345368885,6.303824122248));
#9440 = CARTESIAN_POINT('',(5.194724510489,6.33139232198));
#9441 = CARTESIAN_POINT('',(5.198183343319,6.358301152188));
#9442 = CARTESIAN_POINT('',(5.201717129941,6.384556531876));
#9443 = CARTESIAN_POINT('',(5.215362869042,6.481497339066));
#9444 = CARTESIAN_POINT('',(5.225959684598,6.54784724828));
#9445 = CARTESIAN_POINT('',(5.237017450247,6.609276469334));
#9446 = CARTESIAN_POINT('',(5.24847259034,6.665835380485));
#9447 = CARTESIAN_POINT('',(5.260284740195,6.717519124347));
#9448 = CARTESIAN_POINT('',(5.285281331833,6.813654607835));
#9449 = CARTESIAN_POINT('',(5.298502821107,6.857497603781));
#9450 = CARTESIAN_POINT('',(5.312042245974,6.895554260894));
#9451 = CARTESIAN_POINT('',(5.325858240884,6.927541080256));
#9452 = CARTESIAN_POINT('',(5.339912095461,6.953075209967));
#9453 = CARTESIAN_POINT('',(5.361233433168,6.980884313839));
#9454 = CARTESIAN_POINT('',(5.368352875677,6.98839518515));
#9455 = CARTESIAN_POINT('',(5.375511075028,6.994128815504));
#9456 = CARTESIAN_POINT('',(5.38269964225,6.998019654312));
#9457 = CARTESIAN_POINT('',(5.389909865428,7.));
#9458 = CARTESIAN_POINT('',(5.397132709701,7.));
#9459 = ( GEOMETRIC_REPRESENTATION_CONTEXT(2) 
PARAMETRIC_REPRESENTATION_CONTEXT() REPRESENTATION_CONTEXT('2D SPACE',''
  ) );
#9460 = PCURVE('',#7149,#9461);
#9461 = DEFINITIONAL_REPRESENTATION('',(#9462),#9495);
#9462 = B_SPLINE_CURVE_WITH_KNOTS('',6,(#9463,#9464,#9465,#9466,#9467,
    #9468,#9469,#9470,#9471,#9472,#9473,#9474,#9475,#9476,#9477,#9478,
    #9479,#9480,#9481,#9482,#9483,#9484,#9485,#9486,#9487,#9488,#9489,
    #9490,#9491,#9492,#9493,#9494),.UNSPECIFIED.,.F.,.F.,(7,5,5,5,5,5,7)
  ,(0.,0.223052347017,0.328552237994,0.410465689064,0.638641835401,
    0.880131871349,1.),.UNSPECIFIED.);
#9463 = CARTESIAN_POINT('',(0.,3.995383846177));
#9464 = CARTESIAN_POINT('',(-6.720500865761E-02,3.995383846177));
#9465 = CARTESIAN_POINT('',(-0.133795866385,4.008344395334));
#9466 = CARTESIAN_POINT('',(-0.199585133159,4.03382441408));
#9467 = CARTESIAN_POINT('',(-0.26431502456,4.070613942314));
#9468 = CARTESIAN_POINT('',(-0.327600835866,4.116752044371));
#9469 = CARTESIAN_POINT('',(-0.417705033401,4.19462526616));
#9470 = CARTESIAN_POINT('',(-0.446293929793,4.221247615366));
#9471 = CARTESIAN_POINT('',(-0.474561035754,4.249322205981));
#9472 = CARTESIAN_POINT('',(-0.502527175514,4.2786971884));
#9473 = CARTESIAN_POINT('',(-0.530211741836,4.3092334608));
#9474 = CARTESIAN_POINT('',(-0.578923191836,4.365317553511));
#9475 = CARTESIAN_POINT('',(-0.600058795192,4.390458796285));
#9476 = CARTESIAN_POINT('',(-0.621051630724,4.416174170381));
#9477 = CARTESIAN_POINT('',(-0.641913931433,4.442414877532));
#9478 = CARTESIAN_POINT('',(-0.662658038673,4.469137548283));
#9479 = CARTESIAN_POINT('',(-0.740786132898,4.571979132952));
#9480 = CARTESIAN_POINT('',(-0.797488826204,4.651142673183));
#9481 = CARTESIAN_POINT('',(-0.853630818148,4.732921312094));
#9482 = CARTESIAN_POINT('',(-0.909439144151,4.816700822676));
#9483 = CARTESIAN_POINT('',(-0.965150068258,4.902052695475));
#9484 = CARTESIAN_POINT('',(-1.080144981617,5.080321865417));
#9485 = CARTESIAN_POINT('',(-1.139434880719,5.173369717977));
#9486 = CARTESIAN_POINT('',(-1.199092187055,5.267280824044));
#9487 = CARTESIAN_POINT('',(-1.259316893217,5.361615826454));
#9488 = CARTESIAN_POINT('',(-1.320313559705,5.455974835896));
#9489 = CARTESIAN_POINT('',(-1.413069285953,5.596600816769));
#9490 = CARTESIAN_POINT('',(-1.444076843673,5.643147150347));
#9491 = CARTESIAN_POINT('',(-1.475337513568,5.689524094458));
#9492 = CARTESIAN_POINT('',(-1.506866528614,5.735664929106));
#9493 = CARTESIAN_POINT('',(-1.538680281934,5.781504110284));
#9494 = CARTESIAN_POINT('',(-1.570796326795,5.826977269975));
#9495 = ( GEOMETRIC_REPRESENTATION_CONTEXT(2) 
PARAMETRIC_REPRESENTATION_CONTEXT() REPRESENTATION_CONTEXT('2D SPACE',''
  ) );
#9496 = ORIENTED_EDGE('',*,*,#7102,.F.);
#9497 = ORIENTED_EDGE('',*,*,#9498,.F.);
#9498 = EDGE_CURVE('',#9388,#7103,#9499,.T.);
#9499 = SURFACE_CURVE('',#9500,(#9504,#9510),.PCURVE_S1.);
#9500 = LINE('',#9501,#9502);
#9501 = CARTESIAN_POINT('',(5.830951894845,3.5,-7.5));
#9502 = VECTOR('',#9503,1.);
#9503 = DIRECTION('',(0.,-1.,2.22044604925E-16));
#9504 = PCURVE('',#7121,#9505);
#9505 = DEFINITIONAL_REPRESENTATION('',(#9506),#9509);
#9506 = B_SPLINE_CURVE_WITH_KNOTS('',1,(#9507,#9508),.UNSPECIFIED.,.F.,
  .F.,(2,2),(-2.399999998293E-06,7.0000024),.PIECEWISE_BEZIER_KNOTS.);
#9507 = CARTESIAN_POINT('',(5.373234276208,-2.399999999958E-06));
#9508 = CARTESIAN_POINT('',(5.373234276208,7.0000024));
#9509 = ( GEOMETRIC_REPRESENTATION_CONTEXT(2) 
PARAMETRIC_REPRESENTATION_CONTEXT() REPRESENTATION_CONTEXT('2D SPACE',''
  ) );
#9510 = PCURVE('',#7175,#9511);
#9511 = DEFINITIONAL_REPRESENTATION('',(#9512),#9515);
#9512 = B_SPLINE_CURVE_WITH_KNOTS('',1,(#9513,#9514),.UNSPECIFIED.,.F.,
  .F.,(2,2),(-2.399999998293E-06,7.0000024),.PIECEWISE_BEZIER_KNOTS.);
#9513 = CARTESIAN_POINT('',(1.830951894845,7.0000024));
#9514 = CARTESIAN_POINT('',(1.830951894845,-2.400000001401E-06));
#9515 = ( GEOMETRIC_REPRESENTATION_CONTEXT(2) 
PARAMETRIC_REPRESENTATION_CONTEXT() REPRESENTATION_CONTEXT('2D SPACE',''
  ) );
#9516 = ADVANCED_FACE('',(#9517),#7175,.T.);
#9517 = FACE_BOUND('',#9518,.T.);
#9518 = EDGE_LOOP('',(#9519,#9520,#9521));
#9519 = ORIENTED_EDGE('',*,*,#9498,.T.);
#9520 = ORIENTED_EDGE('',*,*,#7161,.T.);
#9521 = ORIENTED_EDGE('',*,*,#9522,.F.);
#9522 = EDGE_CURVE('',#9388,#7134,#9523,.T.);
#9523 = SURFACE_CURVE('',#9524,(#9529,#9536),.PCURVE_S1.);
#9524 = ELLIPSE('',#9525,9.942912607034,1.6);
#9525 = AXIS2_PLACEMENT_3D('',#9526,#9527,#9528);
#9526 = CARTESIAN_POINT('',(6.876245940367,-1.9,-7.5));
#9527 = DIRECTION('',(0.,0.,1.));
#9528 = DIRECTION('',(1.,-1.810146235802E-17,0.));
#9529 = PCURVE('',#7175,#9530);
#9530 = DEFINITIONAL_REPRESENTATION('',(#9531),#9535);
#9531 = ELLIPSE('',#9532,9.942912607034,1.6);
#9532 = AXIS2_PLACEMENT_2D('',#9533,#9534);
#9533 = CARTESIAN_POINT('',(2.876245940367,1.6));
#9534 = DIRECTION('',(1.,-1.810146235802E-17));
#9535 = ( GEOMETRIC_REPRESENTATION_CONTEXT(2) 
PARAMETRIC_REPRESENTATION_CONTEXT() REPRESENTATION_CONTEXT('2D SPACE',''
  ) );
#9536 = PCURVE('',#7149,#9537);
#9537 = DEFINITIONAL_REPRESENTATION('',(#9538),#9545);
#9538 = B_SPLINE_CURVE_WITH_KNOTS('',5,(#9539,#9540,#9541,#9542,#9543,
    #9544),.UNSPECIFIED.,.F.,.F.,(6,6),(4.333664845991,4.712388980385),
  .PIECEWISE_BEZIER_KNOTS.);
#9539 = CARTESIAN_POINT('',(-1.192072192401,3.07783723705));
#9540 = CARTESIAN_POINT('',(-1.26781701928,3.768473441572));
#9541 = CARTESIAN_POINT('',(-1.343561846159,4.485130430661));
#9542 = CARTESIAN_POINT('',(-1.419306673037,5.219554527748));
#9543 = CARTESIAN_POINT('',(-1.495051499916,5.962863909199));
#9544 = CARTESIAN_POINT('',(-1.570796326795,6.706173143635));
#9545 = ( GEOMETRIC_REPRESENTATION_CONTEXT(2) 
PARAMETRIC_REPRESENTATION_CONTEXT() REPRESENTATION_CONTEXT('2D SPACE',''
  ) );
#9546 = ADVANCED_FACE('',(#9547),#7149,.T.);
#9547 = FACE_BOUND('',#9548,.F.);
#9548 = EDGE_LOOP('',(#9549,#9550,#9551));
#9549 = ORIENTED_EDGE('',*,*,#9387,.T.);
#9550 = ORIENTED_EDGE('',*,*,#7133,.T.);
#9551 = ORIENTED_EDGE('',*,*,#9522,.F.);
#9552 = ADVANCED_FACE('',(#9553),#7206,.F.);
#9553 = FACE_BOUND('',#9554,.F.);
#9554 = EDGE_LOOP('',(#9555,#9556,#9579,#9601));
#9555 = ORIENTED_EDGE('',*,*,#7189,.F.);
#9556 = ORIENTED_EDGE('',*,*,#9557,.F.);
#9557 = EDGE_CURVE('',#9558,#7190,#9560,.T.);
#9558 = VERTEX_POINT('',#9559);
#9559 = CARTESIAN_POINT('',(2.8,3.5,-4.637576025975E-16));
#9560 = SEAM_CURVE('',#9561,(#9565,#9572),.PCURVE_S1.);
#9561 = LINE('',#9562,#9563);
#9562 = CARTESIAN_POINT('',(2.8,4.5,-6.858022075225E-16));
#9563 = VECTOR('',#9564,1.);
#9564 = DIRECTION('',(0.,-1.,2.22044604925E-16));
#9565 = PCURVE('',#7206,#9566);
#9566 = DEFINITIONAL_REPRESENTATION('',(#9567),#9571);
#9567 = LINE('',#9568,#9569);
#9568 = CARTESIAN_POINT('',(6.28318530718,-0.));
#9569 = VECTOR('',#9570,1.);
#9570 = DIRECTION('',(0.,1.));
#9571 = ( GEOMETRIC_REPRESENTATION_CONTEXT(2) 
PARAMETRIC_REPRESENTATION_CONTEXT() REPRESENTATION_CONTEXT('2D SPACE',''
  ) );
#9572 = PCURVE('',#7206,#9573);
#9573 = DEFINITIONAL_REPRESENTATION('',(#9574),#9578);
#9574 = LINE('',#9575,#9576);
#9575 = CARTESIAN_POINT('',(0.,-0.));
#9576 = VECTOR('',#9577,1.);
#9577 = DIRECTION('',(0.,1.));
#9578 = ( GEOMETRIC_REPRESENTATION_CONTEXT(2) 
PARAMETRIC_REPRESENTATION_CONTEXT() REPRESENTATION_CONTEXT('2D SPACE',''
  ) );
#9579 = ORIENTED_EDGE('',*,*,#9580,.T.);
#9580 = EDGE_CURVE('',#9558,#9558,#9581,.T.);
#9581 = SURFACE_CURVE('',#9582,(#9587,#9594),.PCURVE_S1.);
#9582 = CIRCLE('',#9583,2.8);
#9583 = AXIS2_PLACEMENT_3D('',#9584,#9585,#9586);
#9584 = CARTESIAN_POINT('',(0.,3.5,2.22044604925E-16));
#9585 = DIRECTION('',(0.,-1.,2.22044604925E-16));
#9586 = DIRECTION('',(1.,0.,0.));
#9587 = PCURVE('',#7206,#9588);
#9588 = DEFINITIONAL_REPRESENTATION('',(#9589),#9593);
#9589 = LINE('',#9590,#9591);
#9590 = CARTESIAN_POINT('',(0.,1.));
#9591 = VECTOR('',#9592,1.);
#9592 = DIRECTION('',(1.,0.));
#9593 = ( GEOMETRIC_REPRESENTATION_CONTEXT(2) 
PARAMETRIC_REPRESENTATION_CONTEXT() REPRESENTATION_CONTEXT('2D SPACE',''
  ) );
#9594 = PCURVE('',#7569,#9595);
#9595 = DEFINITIONAL_REPRESENTATION('',(#9596),#9600);
#9596 = CIRCLE('',#9597,2.8);
#9597 = AXIS2_PLACEMENT_2D('',#9598,#9599);
#9598 = CARTESIAN_POINT('',(0.,2.22044604925E-16));
#9599 = DIRECTION('',(1.,0.));
#9600 = ( GEOMETRIC_REPRESENTATION_CONTEXT(2) 
PARAMETRIC_REPRESENTATION_CONTEXT() REPRESENTATION_CONTEXT('2D SPACE',''
  ) );
#9601 = ORIENTED_EDGE('',*,*,#9557,.T.);
#9602 = ADVANCED_FACE('',(#9603),#7239,.T.);
#9603 = FACE_BOUND('',#9604,.T.);
#9604 = EDGE_LOOP('',(#9605,#9628,#9629,#9630));
#9605 = ORIENTED_EDGE('',*,*,#9606,.F.);
#9606 = EDGE_CURVE('',#7224,#9607,#9609,.T.);
#9607 = VERTEX_POINT('',#9608);
#9608 = CARTESIAN_POINT('',(1.874145879602,1.9,9.674061586156));
#9609 = SURFACE_CURVE('',#9610,(#9614,#9621),.PCURVE_S1.);
#9610 = LINE('',#9611,#9612);
#9611 = CARTESIAN_POINT('',(1.874145879602,-3.5,9.674061586156));
#9612 = VECTOR('',#9613,1.);
#9613 = DIRECTION('',(0.,1.,-1.110223024625E-16));
#9614 = PCURVE('',#7239,#9615);
#9615 = DEFINITIONAL_REPRESENTATION('',(#9616),#9620);
#9616 = LINE('',#9617,#9618);
#9617 = CARTESIAN_POINT('',(184.8596032573,3.5));
#9618 = VECTOR('',#9619,1.);
#9619 = DIRECTION('',(0.,-1.));
#9620 = ( GEOMETRIC_REPRESENTATION_CONTEXT(2) 
PARAMETRIC_REPRESENTATION_CONTEXT() REPRESENTATION_CONTEXT('2D SPACE',''
  ) );
#9621 = PCURVE('',#8939,#9622);
#9622 = DEFINITIONAL_REPRESENTATION('',(#9623),#9627);
#9623 = LINE('',#9624,#9625);
#9624 = CARTESIAN_POINT('',(1.742987141318,0.));
#9625 = VECTOR('',#9626,1.);
#9626 = DIRECTION('',(0.,1.));
#9627 = ( GEOMETRIC_REPRESENTATION_CONTEXT(2) 
PARAMETRIC_REPRESENTATION_CONTEXT() REPRESENTATION_CONTEXT('2D SPACE',''
  ) );
#9628 = ORIENTED_EDGE('',*,*,#7221,.F.);
#9629 = ORIENTED_EDGE('',*,*,#7431,.F.);
#9630 = ORIENTED_EDGE('',*,*,#9631,.T.);
#9631 = EDGE_CURVE('',#7432,#9607,#9632,.T.);
#9632 = SURFACE_CURVE('',#9633,(#9637,#9644),.PCURVE_S1.);
#9633 = LINE('',#9634,#9635);
#9634 = CARTESIAN_POINT('',(184.,1.9,-22.));
#9635 = VECTOR('',#9636,1.);
#9636 = DIRECTION('',(-0.98521175482,1.902269172752E-17,0.171341174751)
  );
#9637 = PCURVE('',#7239,#9638);
#9638 = DEFINITIONAL_REPRESENTATION('',(#9639),#9643);
#9639 = LINE('',#9640,#9641);
#9640 = CARTESIAN_POINT('',(0.,-1.9));
#9641 = VECTOR('',#9642,1.);
#9642 = DIRECTION('',(1.,0.));
#9643 = ( GEOMETRIC_REPRESENTATION_CONTEXT(2) 
PARAMETRIC_REPRESENTATION_CONTEXT() REPRESENTATION_CONTEXT('2D SPACE',''
  ) );
#9644 = PCURVE('',#7516,#9645);
#9645 = DEFINITIONAL_REPRESENTATION('',(#9646),#9650);
#9646 = LINE('',#9647,#9648);
#9647 = CARTESIAN_POINT('',(0.,0.));
#9648 = VECTOR('',#9649,1.);
#9649 = DIRECTION('',(0.,1.));
#9650 = ( GEOMETRIC_REPRESENTATION_CONTEXT(2) 
PARAMETRIC_REPRESENTATION_CONTEXT() REPRESENTATION_CONTEXT('2D SPACE',''
  ) );
#9651 = ADVANCED_FACE('',(#9652),#7415,.T.);
#9652 = FACE_BOUND('',#9653,.F.);
#9653 = EDGE_LOOP('',(#9654,#9655,#9656));
#9654 = ORIENTED_EDGE('',*,*,#7401,.F.);
#9655 = ORIENTED_EDGE('',*,*,#8814,.F.);
#9656 = ORIENTED_EDGE('',*,*,#9657,.F.);
#9657 = EDGE_CURVE('',#7224,#8815,#9658,.T.);
#9658 = SURFACE_CURVE('',#9659,(#9664,#9671),.PCURVE_S1.);
#9659 = CIRCLE('',#9660,1.6);
#9660 = AXIS2_PLACEMENT_3D('',#9661,#9662,#9663);
#9661 = CARTESIAN_POINT('',(1.6,-1.9,8.097722778445));
#9662 = DIRECTION('',(-2.1532115576E-34,-1.,1.110223024625E-16));
#9663 = DIRECTION('',(0.171341174751,1.093804774332E-16,0.98521175482));
#9664 = PCURVE('',#7415,#9665);
#9665 = DEFINITIONAL_REPRESENTATION('',(#9666),#9670);
#9666 = LINE('',#9667,#9668);
#9667 = CARTESIAN_POINT('',(-0.,0.));
#9668 = VECTOR('',#9669,1.);
#9669 = DIRECTION('',(-1.,0.));
#9670 = ( GEOMETRIC_REPRESENTATION_CONTEXT(2) 
PARAMETRIC_REPRESENTATION_CONTEXT() REPRESENTATION_CONTEXT('2D SPACE',''
  ) );
#9671 = PCURVE('',#8939,#9672);
#9672 = DEFINITIONAL_REPRESENTATION('',(#9673),#9677);
#9673 = LINE('',#9674,#9675);
#9674 = CARTESIAN_POINT('',(1.742987141318,1.6));
#9675 = VECTOR('',#9676,1.);
#9676 = DIRECTION('',(-1.,-0.));
#9677 = ( GEOMETRIC_REPRESENTATION_CONTEXT(2) 
PARAMETRIC_REPRESENTATION_CONTEXT() REPRESENTATION_CONTEXT('2D SPACE',''
  ) );
#9678 = ADVANCED_FACE('',(#9679),#7696,.T.);
#9679 = FACE_BOUND('',#9680,.T.);
#9680 = EDGE_LOOP('',(#9681,#9682,#9683,#9706));
#9681 = ORIENTED_EDGE('',*,*,#7681,.T.);
#9682 = ORIENTED_EDGE('',*,*,#7888,.F.);
#9683 = ORIENTED_EDGE('',*,*,#9684,.F.);
#9684 = EDGE_CURVE('',#9685,#7806,#9687,.T.);
#9685 = VERTEX_POINT('',#9686);
#9686 = CARTESIAN_POINT('',(182.6741458796,1.9,-21.76941667471));
#9687 = SURFACE_CURVE('',#9688,(#9692,#9699),.PCURVE_S1.);
#9688 = LINE('',#9689,#9690);
#9689 = CARTESIAN_POINT('',(182.6741458796,3.5,-21.76941667471));
#9690 = VECTOR('',#9691,1.);
#9691 = DIRECTION('',(0.,-1.,1.110223024625E-16));
#9692 = PCURVE('',#7696,#9693);
#9693 = DEFINITIONAL_REPRESENTATION('',(#9694),#9698);
#9694 = LINE('',#9695,#9696);
#9695 = CARTESIAN_POINT('',(1.345755482425,-3.5));
#9696 = VECTOR('',#9697,1.);
#9697 = DIRECTION('',(0.,1.));
#9698 = ( GEOMETRIC_REPRESENTATION_CONTEXT(2) 
PARAMETRIC_REPRESENTATION_CONTEXT() REPRESENTATION_CONTEXT('2D SPACE',''
  ) );
#9699 = PCURVE('',#8354,#9700);
#9700 = DEFINITIONAL_REPRESENTATION('',(#9701),#9705);
#9701 = LINE('',#9702,#9703);
#9702 = CARTESIAN_POINT('',(-0.,0.));
#9703 = VECTOR('',#9704,1.);
#9704 = DIRECTION('',(-0.,1.));
#9705 = ( GEOMETRIC_REPRESENTATION_CONTEXT(2) 
PARAMETRIC_REPRESENTATION_CONTEXT() REPRESENTATION_CONTEXT('2D SPACE',''
  ) );
#9706 = ORIENTED_EDGE('',*,*,#9707,.T.);
#9707 = EDGE_CURVE('',#9685,#7582,#9708,.T.);
#9708 = SURFACE_CURVE('',#9709,(#9713,#9720),.PCURVE_S1.);
#9709 = LINE('',#9710,#9711);
#9710 = CARTESIAN_POINT('',(184.,1.9,-22.));
#9711 = VECTOR('',#9712,1.);
#9712 = DIRECTION('',(-0.98521175482,1.902269172752E-17,0.171341174751)
  );
#9713 = PCURVE('',#7696,#9714);
#9714 = DEFINITIONAL_REPRESENTATION('',(#9715),#9719);
#9715 = LINE('',#9716,#9717);
#9716 = CARTESIAN_POINT('',(0.,-1.9));
#9717 = VECTOR('',#9718,1.);
#9718 = DIRECTION('',(1.,0.));
#9719 = ( GEOMETRIC_REPRESENTATION_CONTEXT(2) 
PARAMETRIC_REPRESENTATION_CONTEXT() REPRESENTATION_CONTEXT('2D SPACE',''
  ) );
#9720 = PCURVE('',#7645,#9721);
#9721 = DEFINITIONAL_REPRESENTATION('',(#9722),#9726);
#9722 = LINE('',#9723,#9724);
#9723 = CARTESIAN_POINT('',(0.,0.));
#9724 = VECTOR('',#9725,1.);
#9725 = DIRECTION('',(0.,1.));
#9726 = ( GEOMETRIC_REPRESENTATION_CONTEXT(2) 
PARAMETRIC_REPRESENTATION_CONTEXT() REPRESENTATION_CONTEXT('2D SPACE',''
  ) );
#9727 = ADVANCED_FACE('',(#9728),#7645,.T.);
#9728 = FACE_BOUND('',#9729,.T.);
#9729 = EDGE_LOOP('',(#9730,#9750,#9751,#9772,#9773));
#9730 = ORIENTED_EDGE('',*,*,#9731,.F.);
#9731 = EDGE_CURVE('',#8223,#9685,#9732,.T.);
#9732 = SURFACE_CURVE('',#9733,(#9738,#9744),.PCURVE_S1.);
#9733 = CIRCLE('',#9734,1.6);
#9734 = AXIS2_PLACEMENT_3D('',#9735,#9736,#9737);
#9735 = CARTESIAN_POINT('',(182.4,1.9,-23.34575548242));
#9736 = DIRECTION('',(0.98521175482,-1.902269172752E-17,-0.171341174751)
  );
#9737 = DIRECTION('',(0.171341174751,1.093804774332E-16,0.98521175482));
#9738 = PCURVE('',#7645,#9739);
#9739 = DEFINITIONAL_REPRESENTATION('',(#9740),#9743);
#9740 = B_SPLINE_CURVE_WITH_KNOTS('',1,(#9741,#9742),.UNSPECIFIED.,.F.,
  .F.,(2,2),(4.712388980385,6.28318530718),.PIECEWISE_BEZIER_KNOTS.);
#9741 = CARTESIAN_POINT('',(1.570796326795,1.345755482425));
#9742 = CARTESIAN_POINT('',(0.,1.345755482425));
#9743 = ( GEOMETRIC_REPRESENTATION_CONTEXT(2) 
PARAMETRIC_REPRESENTATION_CONTEXT() REPRESENTATION_CONTEXT('2D SPACE',''
  ) );
#9744 = PCURVE('',#8316,#9745);
#9745 = DEFINITIONAL_REPRESENTATION('',(#9746),#9749);
#9746 = B_SPLINE_CURVE_WITH_KNOTS('',1,(#9747,#9748),.UNSPECIFIED.,.F.,
  .F.,(2,2),(4.712388980385,6.28318530718),.PIECEWISE_BEZIER_KNOTS.);
#9747 = CARTESIAN_POINT('',(0.,-1.570796326795));
#9748 = CARTESIAN_POINT('',(0.,0.));
#9749 = ( GEOMETRIC_REPRESENTATION_CONTEXT(2) 
PARAMETRIC_REPRESENTATION_CONTEXT() REPRESENTATION_CONTEXT('2D SPACE',''
  ) );
#9750 = ORIENTED_EDGE('',*,*,#8222,.T.);
#9751 = ORIENTED_EDGE('',*,*,#9752,.T.);
#9752 = EDGE_CURVE('',#8195,#7553,#9753,.T.);
#9753 = SURFACE_CURVE('',#9754,(#9758,#9765),.PCURVE_S1.);
#9754 = LINE('',#9755,#9756);
#9755 = CARTESIAN_POINT('',(183.72585412039,3.5,-23.57633880771));
#9756 = VECTOR('',#9757,1.);
#9757 = DIRECTION('',(-0.98521175482,1.902269172752E-17,0.171341174751)
  );
#9758 = PCURVE('',#7645,#9759);
#9759 = DEFINITIONAL_REPRESENTATION('',(#9760),#9764);
#9760 = LINE('',#9761,#9762);
#9761 = CARTESIAN_POINT('',(1.570796326795,0.));
#9762 = VECTOR('',#9763,1.);
#9763 = DIRECTION('',(0.,1.));
#9764 = ( GEOMETRIC_REPRESENTATION_CONTEXT(2) 
PARAMETRIC_REPRESENTATION_CONTEXT() REPRESENTATION_CONTEXT('2D SPACE',''
  ) );
#9765 = PCURVE('',#7569,#9766);
#9766 = DEFINITIONAL_REPRESENTATION('',(#9767),#9771);
#9767 = LINE('',#9768,#9769);
#9768 = CARTESIAN_POINT('',(183.72585412039,-23.57633880771));
#9769 = VECTOR('',#9770,1.);
#9770 = DIRECTION('',(-0.98521175482,0.171341174751));
#9771 = ( GEOMETRIC_REPRESENTATION_CONTEXT(2) 
PARAMETRIC_REPRESENTATION_CONTEXT() REPRESENTATION_CONTEXT('2D SPACE',''
  ) );
#9772 = ORIENTED_EDGE('',*,*,#7581,.T.);
#9773 = ORIENTED_EDGE('',*,*,#9707,.F.);
#9774 = ADVANCED_FACE('',(#9775,#9826,#9913),#7569,.F.);
#9775 = FACE_BOUND('',#9776,.F.);
#9776 = EDGE_LOOP('',(#9777,#9798,#9799,#9800,#9801,#9802,#9823,#9824,
    #9825));
#9777 = ORIENTED_EDGE('',*,*,#9778,.T.);
#9778 = EDGE_CURVE('',#7453,#9066,#9779,.T.);
#9779 = SURFACE_CURVE('',#9780,(#9784,#9791),.PCURVE_S1.);
#9780 = LINE('',#9781,#9782);
#9781 = CARTESIAN_POINT('',(183.72585412039,3.5,-23.57633880771));
#9782 = VECTOR('',#9783,1.);
#9783 = DIRECTION('',(-0.98521175482,1.902269172752E-17,0.171341174751)
  );
#9784 = PCURVE('',#7569,#9785);
#9785 = DEFINITIONAL_REPRESENTATION('',(#9786),#9790);
#9786 = LINE('',#9787,#9788);
#9787 = CARTESIAN_POINT('',(183.72585412039,-23.57633880771));
#9788 = VECTOR('',#9789,1.);
#9789 = DIRECTION('',(-0.98521175482,0.171341174751));
#9790 = ( GEOMETRIC_REPRESENTATION_CONTEXT(2) 
PARAMETRIC_REPRESENTATION_CONTEXT() REPRESENTATION_CONTEXT('2D SPACE',''
  ) );
#9791 = PCURVE('',#7516,#9792);
#9792 = DEFINITIONAL_REPRESENTATION('',(#9793),#9797);
#9793 = LINE('',#9794,#9795);
#9794 = CARTESIAN_POINT('',(1.570796326795,0.));
#9795 = VECTOR('',#9796,1.);
#9796 = DIRECTION('',(0.,1.));
#9797 = ( GEOMETRIC_REPRESENTATION_CONTEXT(2) 
PARAMETRIC_REPRESENTATION_CONTEXT() REPRESENTATION_CONTEXT('2D SPACE',''
  ) );
#9798 = ORIENTED_EDGE('',*,*,#9121,.T.);
#9799 = ORIENTED_EDGE('',*,*,#8652,.F.);
#9800 = ORIENTED_EDGE('',*,*,#8626,.T.);
#9801 = ORIENTED_EDGE('',*,*,#8526,.T.);
#9802 = ORIENTED_EDGE('',*,*,#9803,.T.);
#9803 = EDGE_CURVE('',#8527,#8065,#9804,.T.);
#9804 = SURFACE_CURVE('',#9805,(#9809,#9816),.PCURVE_S1.);
#9805 = LINE('',#9806,#9807);
#9806 = CARTESIAN_POINT('',(0.257469828126,3.5,-6.42085172083));
#9807 = VECTOR('',#9808,1.);
#9808 = DIRECTION('',(0.986967674481,-1.78655582082E-17,-0.160918642578)
  );
#9809 = PCURVE('',#7569,#9810);
#9810 = DEFINITIONAL_REPRESENTATION('',(#9811),#9815);
#9811 = LINE('',#9812,#9813);
#9812 = CARTESIAN_POINT('',(0.257469828126,-6.42085172083));
#9813 = VECTOR('',#9814,1.);
#9814 = DIRECTION('',(0.986967674481,-0.160918642578));
#9815 = ( GEOMETRIC_REPRESENTATION_CONTEXT(2) 
PARAMETRIC_REPRESENTATION_CONTEXT() REPRESENTATION_CONTEXT('2D SPACE',''
  ) );
#9816 = PCURVE('',#8148,#9817);
#9817 = DEFINITIONAL_REPRESENTATION('',(#9818),#9822);
#9818 = LINE('',#9819,#9820);
#9819 = CARTESIAN_POINT('',(1.570796326795,0.));
#9820 = VECTOR('',#9821,1.);
#9821 = DIRECTION('',(0.,1.));
#9822 = ( GEOMETRIC_REPRESENTATION_CONTEXT(2) 
PARAMETRIC_REPRESENTATION_CONTEXT() REPRESENTATION_CONTEXT('2D SPACE',''
  ) );
#9823 = ORIENTED_EDGE('',*,*,#8194,.F.);
#9824 = ORIENTED_EDGE('',*,*,#9752,.T.);
#9825 = ORIENTED_EDGE('',*,*,#7552,.F.);
#9826 = FACE_BOUND('',#9827,.F.);
#9827 = EDGE_LOOP('',(#9828,#9859,#9887));
#9828 = ORIENTED_EDGE('',*,*,#9829,.T.);
#9829 = EDGE_CURVE('',#9830,#9832,#9834,.T.);
#9830 = VERTEX_POINT('',#9831);
#9831 = CARTESIAN_POINT('',(5.830951894845,3.5,-7.5));
#9832 = VERTEX_POINT('',#9833);
#9833 = CARTESIAN_POINT('',(6.008508033527,3.5,-7.35852099345));
#9834 = SURFACE_CURVE('',#9835,(#9840,#9847),.PCURVE_S1.);
#9835 = CIRCLE('',#9836,9.5);
#9836 = AXIS2_PLACEMENT_3D('',#9837,#9838,#9839);
#9837 = CARTESIAN_POINT('',(0.,3.5,0.));
#9838 = DIRECTION('',(0.,-1.,2.22044604925E-16));
#9839 = DIRECTION('',(1.,0.,0.));
#9840 = PCURVE('',#7569,#9841);
#9841 = DEFINITIONAL_REPRESENTATION('',(#9842),#9846);
#9842 = CIRCLE('',#9843,9.5);
#9843 = AXIS2_PLACEMENT_2D('',#9844,#9845);
#9844 = CARTESIAN_POINT('',(0.,0.));
#9845 = DIRECTION('',(1.,0.));
#9846 = ( GEOMETRIC_REPRESENTATION_CONTEXT(2) 
PARAMETRIC_REPRESENTATION_CONTEXT() REPRESENTATION_CONTEXT('2D SPACE',''
  ) );
#9847 = PCURVE('',#9848,#9853);
#9848 = CYLINDRICAL_SURFACE('',#9849,9.5);
#9849 = AXIS2_PLACEMENT_3D('',#9850,#9851,#9852);
#9850 = CARTESIAN_POINT('',(0.,3.5,0.));
#9851 = DIRECTION('',(0.,-1.,2.22044604925E-16));
#9852 = DIRECTION('',(1.,0.,0.));
#9853 = DEFINITIONAL_REPRESENTATION('',(#9854),#9858);
#9854 = LINE('',#9855,#9856);
#9855 = CARTESIAN_POINT('',(0.,0.));
#9856 = VECTOR('',#9857,1.);
#9857 = DIRECTION('',(1.,0.));
#9858 = ( GEOMETRIC_REPRESENTATION_CONTEXT(2) 
PARAMETRIC_REPRESENTATION_CONTEXT() REPRESENTATION_CONTEXT('2D SPACE',''
  ) );
#9859 = ORIENTED_EDGE('',*,*,#9860,.T.);
#9860 = EDGE_CURVE('',#9832,#9861,#9863,.T.);
#9861 = VERTEX_POINT('',#9862);
#9862 = CARTESIAN_POINT('',(6.876245940367,3.5,-7.5));
#9863 = SURFACE_CURVE('',#9864,(#9868,#9875),.PCURVE_S1.);
#9864 = LINE('',#9865,#9866);
#9865 = CARTESIAN_POINT('',(0.257469828126,3.5,-6.42085172083));
#9866 = VECTOR('',#9867,1.);
#9867 = DIRECTION('',(0.986967674481,-1.78655582082E-17,-0.160918642578)
  );
#9868 = PCURVE('',#7569,#9869);
#9869 = DEFINITIONAL_REPRESENTATION('',(#9870),#9874);
#9870 = LINE('',#9871,#9872);
#9871 = CARTESIAN_POINT('',(0.257469828126,-6.42085172083));
#9872 = VECTOR('',#9873,1.);
#9873 = DIRECTION('',(0.986967674481,-0.160918642578));
#9874 = ( GEOMETRIC_REPRESENTATION_CONTEXT(2) 
PARAMETRIC_REPRESENTATION_CONTEXT() REPRESENTATION_CONTEXT('2D SPACE',''
  ) );
#9875 = PCURVE('',#9876,#9881);
#9876 = CYLINDRICAL_SURFACE('',#9877,1.6);
#9877 = AXIS2_PLACEMENT_3D('',#9878,#9879,#9880);
#9878 = CARTESIAN_POINT('',(0.257469828126,1.9,-6.42085172083));
#9879 = DIRECTION('',(0.986967674481,-1.78655582082E-17,-0.160918642578)
  );
#9880 = DIRECTION('',(-0.160918642578,-1.09575423677E-16,-0.986967674481
    ));
#9881 = DEFINITIONAL_REPRESENTATION('',(#9882),#9886);
#9882 = LINE('',#9883,#9884);
#9883 = CARTESIAN_POINT('',(1.570796326795,0.));
#9884 = VECTOR('',#9885,1.);
#9885 = DIRECTION('',(0.,1.));
#9886 = ( GEOMETRIC_REPRESENTATION_CONTEXT(2) 
PARAMETRIC_REPRESENTATION_CONTEXT() REPRESENTATION_CONTEXT('2D SPACE',''
  ) );
#9887 = ORIENTED_EDGE('',*,*,#9888,.F.);
#9888 = EDGE_CURVE('',#9830,#9861,#9889,.T.);
#9889 = SURFACE_CURVE('',#9890,(#9894,#9901),.PCURVE_S1.);
#9890 = LINE('',#9891,#9892);
#9891 = CARTESIAN_POINT('',(4.,3.5,-7.5));
#9892 = VECTOR('',#9893,1.);
#9893 = DIRECTION('',(1.,0.,-0.));
#9894 = PCURVE('',#7569,#9895);
#9895 = DEFINITIONAL_REPRESENTATION('',(#9896),#9900);
#9896 = LINE('',#9897,#9898);
#9897 = CARTESIAN_POINT('',(4.,-7.5));
#9898 = VECTOR('',#9899,1.);
#9899 = DIRECTION('',(1.,0.));
#9900 = ( GEOMETRIC_REPRESENTATION_CONTEXT(2) 
PARAMETRIC_REPRESENTATION_CONTEXT() REPRESENTATION_CONTEXT('2D SPACE',''
  ) );
#9901 = PCURVE('',#9902,#9907);
#9902 = PLANE('',#9903);
#9903 = AXIS2_PLACEMENT_3D('',#9904,#9905,#9906);
#9904 = CARTESIAN_POINT('',(4.,-3.5,-7.5));
#9905 = DIRECTION('',(0.,0.,1.));
#9906 = DIRECTION('',(1.,0.,-0.));
#9907 = DEFINITIONAL_REPRESENTATION('',(#9908),#9912);
#9908 = LINE('',#9909,#9910);
#9909 = CARTESIAN_POINT('',(0.,7.));
#9910 = VECTOR('',#9911,1.);
#9911 = DIRECTION('',(1.,0.));
#9912 = ( GEOMETRIC_REPRESENTATION_CONTEXT(2) 
PARAMETRIC_REPRESENTATION_CONTEXT() REPRESENTATION_CONTEXT('2D SPACE',''
  ) );
#9913 = FACE_BOUND('',#9914,.F.);
#9914 = EDGE_LOOP('',(#9915));
#9915 = ORIENTED_EDGE('',*,*,#9580,.F.);
#9916 = ADVANCED_FACE('',(#9917),#7516,.T.);
#9917 = FACE_BOUND('',#9918,.T.);
#9918 = EDGE_LOOP('',(#9919,#9920,#9921,#9922,#9923));
#9919 = ORIENTED_EDGE('',*,*,#9631,.F.);
#9920 = ORIENTED_EDGE('',*,*,#7452,.T.);
#9921 = ORIENTED_EDGE('',*,*,#9778,.T.);
#9922 = ORIENTED_EDGE('',*,*,#9065,.T.);
#9923 = ORIENTED_EDGE('',*,*,#9924,.T.);
#9924 = EDGE_CURVE('',#8951,#9607,#9925,.T.);
#9925 = SURFACE_CURVE('',#9926,(#9931,#9937),.PCURVE_S1.);
#9926 = CIRCLE('',#9927,1.6);
#9927 = AXIS2_PLACEMENT_3D('',#9928,#9929,#9930);
#9928 = CARTESIAN_POINT('',(1.6,1.9,8.097722778445));
#9929 = DIRECTION('',(0.98521175482,-1.902269172752E-17,-0.171341174751)
  );
#9930 = DIRECTION('',(0.171341174751,1.093804774332E-16,0.98521175482));
#9931 = PCURVE('',#7516,#9932);
#9932 = DEFINITIONAL_REPRESENTATION('',(#9933),#9936);
#9933 = B_SPLINE_CURVE_WITH_KNOTS('',1,(#9934,#9935),.UNSPECIFIED.,.F.,
  .F.,(2,2),(4.712388980385,6.28318530718),.PIECEWISE_BEZIER_KNOTS.);
#9934 = CARTESIAN_POINT('',(1.570796326795,184.8596032573));
#9935 = CARTESIAN_POINT('',(0.,184.8596032573));
#9936 = ( GEOMETRIC_REPRESENTATION_CONTEXT(2) 
PARAMETRIC_REPRESENTATION_CONTEXT() REPRESENTATION_CONTEXT('2D SPACE',''
  ) );
#9937 = PCURVE('',#9024,#9938);
#9938 = DEFINITIONAL_REPRESENTATION('',(#9939),#9942);
#9939 = B_SPLINE_CURVE_WITH_KNOTS('',1,(#9940,#9941),.UNSPECIFIED.,.F.,
  .F.,(2,2),(4.712388980385,6.28318530718),.PIECEWISE_BEZIER_KNOTS.);
#9940 = CARTESIAN_POINT('',(0.,-1.570796326795));
#9941 = CARTESIAN_POINT('',(0.,0.));
#9942 = ( GEOMETRIC_REPRESENTATION_CONTEXT(2) 
PARAMETRIC_REPRESENTATION_CONTEXT() REPRESENTATION_CONTEXT('2D SPACE',''
  ) );
#9943 = ADVANCED_FACE('',(#9944),#7821,.T.);
#9944 = FACE_BOUND('',#9945,.T.);
#9945 = EDGE_LOOP('',(#9946,#9947,#9948));
#9946 = ORIENTED_EDGE('',*,*,#7803,.F.);
#9947 = ORIENTED_EDGE('',*,*,#8365,.T.);
#9948 = ORIENTED_EDGE('',*,*,#9949,.F.);
#9949 = EDGE_CURVE('',#7806,#8340,#9950,.T.);
#9950 = SURFACE_CURVE('',#9951,(#9956,#9963),.PCURVE_S1.);
#9951 = CIRCLE('',#9952,1.6);
#9952 = AXIS2_PLACEMENT_3D('',#9953,#9954,#9955);
#9953 = CARTESIAN_POINT('',(182.4,-1.9,-23.34575548242));
#9954 = DIRECTION('',(4.163512109013E-34,1.,-1.110223024625E-16));
#9955 = DIRECTION('',(0.171341174751,1.093804774332E-16,0.98521175482));
#9956 = PCURVE('',#7821,#9957);
#9957 = DEFINITIONAL_REPRESENTATION('',(#9958),#9962);
#9958 = LINE('',#9959,#9960);
#9959 = CARTESIAN_POINT('',(0.,0.));
#9960 = VECTOR('',#9961,1.);
#9961 = DIRECTION('',(1.,0.));
#9962 = ( GEOMETRIC_REPRESENTATION_CONTEXT(2) 
PARAMETRIC_REPRESENTATION_CONTEXT() REPRESENTATION_CONTEXT('2D SPACE',''
  ) );
#9963 = PCURVE('',#8354,#9964);
#9964 = DEFINITIONAL_REPRESENTATION('',(#9965),#9969);
#9965 = LINE('',#9966,#9967);
#9966 = CARTESIAN_POINT('',(-0.,5.4));
#9967 = VECTOR('',#9968,1.);
#9968 = DIRECTION('',(-1.,0.));
#9969 = ( GEOMETRIC_REPRESENTATION_CONTEXT(2) 
PARAMETRIC_REPRESENTATION_CONTEXT() REPRESENTATION_CONTEXT('2D SPACE',''
  ) );
#9970 = ADVANCED_FACE('',(#9971),#8053,.T.);
#9971 = FACE_BOUND('',#9972,.T.);
#9972 = EDGE_LOOP('',(#9973,#9974,#9995,#9996));
#9973 = ORIENTED_EDGE('',*,*,#8578,.F.);
#9974 = ORIENTED_EDGE('',*,*,#9975,.T.);
#9975 = EDGE_CURVE('',#8550,#8039,#9976,.T.);
#9976 = SURFACE_CURVE('',#9977,(#9981,#9988),.PCURVE_S1.);
#9977 = LINE('',#9978,#9979);
#9978 = CARTESIAN_POINT('',(-2.053912595557E-15,1.9,-8.));
#9979 = VECTOR('',#9980,1.);
#9980 = DIRECTION('',(0.986967674481,-1.78655582082E-17,-0.160918642578)
  );
#9981 = PCURVE('',#8053,#9982);
#9982 = DEFINITIONAL_REPRESENTATION('',(#9983),#9987);
#9983 = LINE('',#9984,#9985);
#9984 = CARTESIAN_POINT('',(-1.998401444325E-15,-1.9));
#9985 = VECTOR('',#9986,1.);
#9986 = DIRECTION('',(1.,0.));
#9987 = ( GEOMETRIC_REPRESENTATION_CONTEXT(2) 
PARAMETRIC_REPRESENTATION_CONTEXT() REPRESENTATION_CONTEXT('2D SPACE',''
  ) );
#9988 = PCURVE('',#8148,#9989);
#9989 = DEFINITIONAL_REPRESENTATION('',(#9990),#9994);
#9990 = LINE('',#9991,#9992);
#9991 = CARTESIAN_POINT('',(0.,0.));
#9992 = VECTOR('',#9993,1.);
#9993 = DIRECTION('',(0.,1.));
#9994 = ( GEOMETRIC_REPRESENTATION_CONTEXT(2) 
PARAMETRIC_REPRESENTATION_CONTEXT() REPRESENTATION_CONTEXT('2D SPACE',''
  ) );
#9995 = ORIENTED_EDGE('',*,*,#8038,.T.);
#9996 = ORIENTED_EDGE('',*,*,#8478,.F.);
#9997 = ADVANCED_FACE('',(#9998),#8148,.T.);
#9998 = FACE_BOUND('',#9999,.T.);
#9999 = EDGE_LOOP('',(#10000,#10001,#10002,#10003));
#10000 = ORIENTED_EDGE('',*,*,#8549,.T.);
#10001 = ORIENTED_EDGE('',*,*,#9803,.T.);
#10002 = ORIENTED_EDGE('',*,*,#8064,.F.);
#10003 = ORIENTED_EDGE('',*,*,#9975,.F.);
#10004 = ADVANCED_FACE('',(#10005),#8316,.T.);
#10005 = FACE_BOUND('',#10006,.F.);
#10006 = EDGE_LOOP('',(#10007,#10008,#10009));
#10007 = ORIENTED_EDGE('',*,*,#9731,.F.);
#10008 = ORIENTED_EDGE('',*,*,#8278,.F.);
#10009 = ORIENTED_EDGE('',*,*,#10010,.F.);
#10010 = EDGE_CURVE('',#9685,#8279,#10011,.T.);
#10011 = SURFACE_CURVE('',#10012,(#10017,#10024),.PCURVE_S1.);
#10012 = CIRCLE('',#10013,1.6);
#10013 = AXIS2_PLACEMENT_3D('',#10014,#10015,#10016);
#10014 = CARTESIAN_POINT('',(182.4,1.9,-23.34575548242));
#10015 = DIRECTION('',(4.163512109013E-34,1.,-1.110223024625E-16));
#10016 = DIRECTION('',(0.171341174751,1.093804774332E-16,0.98521175482)
  );
#10017 = PCURVE('',#8316,#10018);
#10018 = DEFINITIONAL_REPRESENTATION('',(#10019),#10023);
#10019 = LINE('',#10020,#10021);
#10020 = CARTESIAN_POINT('',(-0.,0.));
#10021 = VECTOR('',#10022,1.);
#10022 = DIRECTION('',(-1.,0.));
#10023 = ( GEOMETRIC_REPRESENTATION_CONTEXT(2) 
PARAMETRIC_REPRESENTATION_CONTEXT() REPRESENTATION_CONTEXT('2D SPACE',''
  ) );
#10024 = PCURVE('',#8354,#10025);
#10025 = DEFINITIONAL_REPRESENTATION('',(#10026),#10030);
#10026 = LINE('',#10027,#10028);
#10027 = CARTESIAN_POINT('',(-0.,1.6));
#10028 = VECTOR('',#10029,1.);
#10029 = DIRECTION('',(-1.,0.));
#10030 = ( GEOMETRIC_REPRESENTATION_CONTEXT(2) 
PARAMETRIC_REPRESENTATION_CONTEXT() REPRESENTATION_CONTEXT('2D SPACE',''
  ) );
#10031 = ADVANCED_FACE('',(#10032),#8354,.T.);
#10032 = FACE_BOUND('',#10033,.F.);
#10033 = EDGE_LOOP('',(#10034,#10035,#10036,#10037));
#10034 = ORIENTED_EDGE('',*,*,#9684,.F.);
#10035 = ORIENTED_EDGE('',*,*,#10010,.T.);
#10036 = ORIENTED_EDGE('',*,*,#8339,.T.);
#10037 = ORIENTED_EDGE('',*,*,#9949,.F.);
#10038 = ADVANCED_FACE('',(#10039),#8773,.T.);
#10039 = FACE_BOUND('',#10040,.F.);
#10040 = EDGE_LOOP('',(#10041,#10062,#10063));
#10041 = ORIENTED_EDGE('',*,*,#10042,.F.);
#10042 = EDGE_CURVE('',#9255,#8731,#10043,.T.);
#10043 = SURFACE_CURVE('',#10044,(#10048,#10055),.PCURVE_S1.);
#10044 = LINE('',#10045,#10046);
#10045 = CARTESIAN_POINT('',(-1.998401444325E-15,-1.9,-8.));
#10046 = VECTOR('',#10047,1.);
#10047 = DIRECTION('',(0.986967674481,-1.78655582082E-17,-0.160918642578
    ));
#10048 = PCURVE('',#8773,#10049);
#10049 = DEFINITIONAL_REPRESENTATION('',(#10050),#10054);
#10050 = LINE('',#10051,#10052);
#10051 = CARTESIAN_POINT('',(-0.,0.));
#10052 = VECTOR('',#10053,1.);
#10053 = DIRECTION('',(-0.,1.));
#10054 = ( GEOMETRIC_REPRESENTATION_CONTEXT(2) 
PARAMETRIC_REPRESENTATION_CONTEXT() REPRESENTATION_CONTEXT('2D SPACE',''
  ) );
#10055 = PCURVE('',#8745,#10056);
#10056 = DEFINITIONAL_REPRESENTATION('',(#10057),#10061);
#10057 = LINE('',#10058,#10059);
#10058 = CARTESIAN_POINT('',(-1.998401444325E-15,1.9));
#10059 = VECTOR('',#10060,1.);
#10060 = DIRECTION('',(1.,0.));
#10061 = ( GEOMETRIC_REPRESENTATION_CONTEXT(2) 
PARAMETRIC_REPRESENTATION_CONTEXT() REPRESENTATION_CONTEXT('2D SPACE',''
  ) );
#10062 = ORIENTED_EDGE('',*,*,#9275,.T.);
#10063 = ORIENTED_EDGE('',*,*,#8756,.T.);
#10064 = ADVANCED_FACE('',(#10065),#8745,.T.);
#10065 = FACE_BOUND('',#10066,.T.);
#10066 = EDGE_LOOP('',(#10067,#10068,#10089,#10090));
#10067 = ORIENTED_EDGE('',*,*,#9254,.F.);
#10068 = ORIENTED_EDGE('',*,*,#10069,.T.);
#10069 = EDGE_CURVE('',#9145,#8697,#10070,.T.);
#10070 = SURFACE_CURVE('',#10071,(#10075,#10082),.PCURVE_S1.);
#10071 = LINE('',#10072,#10073);
#10072 = CARTESIAN_POINT('',(-2.053912595557E-15,1.9,-8.));
#10073 = VECTOR('',#10074,1.);
#10074 = DIRECTION('',(0.986967674481,-1.78655582082E-17,-0.160918642578
    ));
#10075 = PCURVE('',#8745,#10076);
#10076 = DEFINITIONAL_REPRESENTATION('',(#10077),#10081);
#10077 = LINE('',#10078,#10079);
#10078 = CARTESIAN_POINT('',(-1.998401444325E-15,-1.9));
#10079 = VECTOR('',#10080,1.);
#10080 = DIRECTION('',(1.,0.));
#10081 = ( GEOMETRIC_REPRESENTATION_CONTEXT(2) 
PARAMETRIC_REPRESENTATION_CONTEXT() REPRESENTATION_CONTEXT('2D SPACE',''
  ) );
#10082 = PCURVE('',#8713,#10083);
#10083 = DEFINITIONAL_REPRESENTATION('',(#10084),#10088);
#10084 = LINE('',#10085,#10086);
#10085 = CARTESIAN_POINT('',(0.,0.));
#10086 = VECTOR('',#10087,1.);
#10087 = DIRECTION('',(0.,1.));
#10088 = ( GEOMETRIC_REPRESENTATION_CONTEXT(2) 
PARAMETRIC_REPRESENTATION_CONTEXT() REPRESENTATION_CONTEXT('2D SPACE',''
  ) );
#10089 = ORIENTED_EDGE('',*,*,#8730,.T.);
#10090 = ORIENTED_EDGE('',*,*,#10042,.F.);
#10091 = ADVANCED_FACE('',(#10092),#8713,.T.);
#10092 = FACE_BOUND('',#10093,.T.);
#10093 = EDGE_LOOP('',(#10094,#10095,#10096));
#10094 = ORIENTED_EDGE('',*,*,#10069,.F.);
#10095 = ORIENTED_EDGE('',*,*,#9144,.T.);
#10096 = ORIENTED_EDGE('',*,*,#8696,.F.);
#10097 = ADVANCED_FACE('',(#10098),#9024,.T.);
#10098 = FACE_BOUND('',#10099,.T.);
#10099 = EDGE_LOOP('',(#10100,#10101,#10102));
#10100 = ORIENTED_EDGE('',*,*,#9924,.F.);
#10101 = ORIENTED_EDGE('',*,*,#8950,.T.);
#10102 = ORIENTED_EDGE('',*,*,#10103,.F.);
#10103 = EDGE_CURVE('',#9607,#8925,#10104,.T.);
#10104 = SURFACE_CURVE('',#10105,(#10110,#10117),.PCURVE_S1.);
#10105 = CIRCLE('',#10106,1.6);
#10106 = AXIS2_PLACEMENT_3D('',#10107,#10108,#10109);
#10107 = CARTESIAN_POINT('',(1.6,1.9,8.097722778445));
#10108 = DIRECTION('',(4.80804928146E-34,-1.,1.110223024625E-16));
#10109 = DIRECTION('',(0.171341174751,1.093804774332E-16,0.98521175482)
  );
#10110 = PCURVE('',#9024,#10111);
#10111 = DEFINITIONAL_REPRESENTATION('',(#10112),#10116);
#10112 = LINE('',#10113,#10114);
#10113 = CARTESIAN_POINT('',(0.,0.));
#10114 = VECTOR('',#10115,1.);
#10115 = DIRECTION('',(1.,0.));
#10116 = ( GEOMETRIC_REPRESENTATION_CONTEXT(2) 
PARAMETRIC_REPRESENTATION_CONTEXT() REPRESENTATION_CONTEXT('2D SPACE',''
  ) );
#10117 = PCURVE('',#8939,#10118);
#10118 = DEFINITIONAL_REPRESENTATION('',(#10119),#10123);
#10119 = LINE('',#10120,#10121);
#10120 = CARTESIAN_POINT('',(1.742987141318,5.4));
#10121 = VECTOR('',#10122,1.);
#10122 = DIRECTION('',(-1.,-0.));
#10123 = ( GEOMETRIC_REPRESENTATION_CONTEXT(2) 
PARAMETRIC_REPRESENTATION_CONTEXT() REPRESENTATION_CONTEXT('2D SPACE',''
  ) );
#10124 = ADVANCED_FACE('',(#10125),#8939,.T.);
#10125 = FACE_BOUND('',#10126,.T.);
#10126 = EDGE_LOOP('',(#10127,#10128,#10129,#10130));
#10127 = ORIENTED_EDGE('',*,*,#8924,.F.);
#10128 = ORIENTED_EDGE('',*,*,#9657,.F.);
#10129 = ORIENTED_EDGE('',*,*,#9606,.T.);
#10130 = ORIENTED_EDGE('',*,*,#10103,.T.);
#10131 = ADVANCED_FACE('',(#10132),#9848,.T.);
#10132 = FACE_BOUND('',#10133,.T.);
#10133 = EDGE_LOOP('',(#10134,#10135,#10245));
#10134 = ORIENTED_EDGE('',*,*,#9829,.T.);
#10135 = ORIENTED_EDGE('',*,*,#10136,.F.);
#10136 = EDGE_CURVE('',#10137,#9832,#10139,.T.);
#10137 = VERTEX_POINT('',#10138);
#10138 = CARTESIAN_POINT('',(5.830951900827,3.491133653453,
    -7.500000001203));
#10139 = SURFACE_CURVE('',#10140,(#10173,#10209),.PCURVE_S1.);
#10140 = B_SPLINE_CURVE_WITH_KNOTS('',6,(#10141,#10142,#10143,#10144,
    #10145,#10146,#10147,#10148,#10149,#10150,#10151,#10152,#10153,
    #10154,#10155,#10156,#10157,#10158,#10159,#10160,#10161,#10162,
    #10163,#10164,#10165,#10166,#10167,#10168,#10169,#10170,#10171,
    #10172),.UNSPECIFIED.,.F.,.F.,(7,5,5,5,5,5,7),(0.,0.223052290803,
    0.328552170625,0.410465628034,0.63864179203,0.880131862106,1.),
  .UNSPECIFIED.);
#10141 = CARTESIAN_POINT('',(3.943314703321,1.9,-8.642931745107));
#10142 = CARTESIAN_POINT('',(3.943314703321,2.007528013852,
    -8.642931745107));
#10143 = CARTESIAN_POINT('',(3.957501786344,2.114073605299,
    -8.636458640651));
#10144 = CARTESIAN_POINT('',(3.985392808961,2.218461213109,
    -8.623734701697));
#10145 = CARTESIAN_POINT('',(4.025701508177,2.319489268522,
    -8.605129928224));
#10146 = CARTESIAN_POINT('',(4.076344844385,2.415913699556,
    -8.581234414032));
#10147 = CARTESIAN_POINT('',(4.161996880768,2.549322009425,
    -8.53983109612));
#10148 = CARTESIAN_POINT('',(4.191301694352,2.591041233854,
    -8.525534679241));
#10149 = CARTESIAN_POINT('',(4.222232907556,2.631637959835,
    -8.510287723486));
#10150 = CARTESIAN_POINT('',(4.254629026089,2.671110540104,
    -8.494137107633));
#10151 = CARTESIAN_POINT('',(4.288342142983,2.709459272818,
    -8.477125540658));
#10152 = CARTESIAN_POINT('',(4.350332142593,2.77559072666,-8.44544469408
    ));
#10153 = CARTESIAN_POINT('',(4.378144238306,2.803824122248,
    -8.43109957771));
#10154 = CARTESIAN_POINT('',(4.406616768676,2.83139232198,
    -8.416271631417));
#10155 = CARTESIAN_POINT('',(4.435698117764,2.858301152188,
    -8.400974184894));
#10156 = CARTESIAN_POINT('',(4.465342510743,2.884556531876,
    -8.385218478728));
#10157 = CARTESIAN_POINT('',(4.579543887737,2.981497339066,
    -8.323873921954));
#10158 = CARTESIAN_POINT('',(4.667684911553,3.04784724828,
    -8.275223243914));
#10159 = CARTESIAN_POINT('',(4.759011433457,3.109276469334,
    -8.223285905287));
#10160 = CARTESIAN_POINT('',(4.852879377644,3.165835380485,
    -8.168195234256));
#10161 = CARTESIAN_POINT('',(4.948845208895,3.217519124347,
    -8.11000868514));
#10162 = CARTESIAN_POINT('',(5.150035855338,3.313654610995,
    -7.983861159164));
#10163 = CARTESIAN_POINT('',(5.255451334318,3.357497600062,
    -7.915541958721));
#10164 = CARTESIAN_POINT('',(5.362287888605,3.395554259981,
    -7.843871519252));
#10165 = CARTESIAN_POINT('',(5.470085042456,3.427541083545,
    -7.768943629377));
#10166 = CARTESIAN_POINT('',(5.578418438926,3.453075208774,
    -7.690875815932));
#10167 = CARTESIAN_POINT('',(5.740670531746,3.480884313839,
    -7.56962458295));
#10168 = CARTESIAN_POINT('',(5.794507124651,3.48839518515,
    -7.528680642474));
#10169 = CARTESIAN_POINT('',(5.848283777544,3.494128815504,
    -7.487051693657));
#10170 = CARTESIAN_POINT('',(5.901925756193,3.498019654312,
    -7.444781487018));
#10171 = CARTESIAN_POINT('',(5.955358582305,3.5,-7.401919511295));
#10172 = CARTESIAN_POINT('',(6.008508033527,3.5,-7.35852099345));
#10173 = PCURVE('',#9848,#10174);
#10174 = DEFINITIONAL_REPRESENTATION('',(#10175),#10208);
#10175 = B_SPLINE_CURVE_WITH_KNOTS('',6,(#10176,#10177,#10178,#10179,
    #10180,#10181,#10182,#10183,#10184,#10185,#10186,#10187,#10188,
    #10189,#10190,#10191,#10192,#10193,#10194,#10195,#10196,#10197,
    #10198,#10199,#10200,#10201,#10202,#10203,#10204,#10205,#10206,
    #10207),.UNSPECIFIED.,.F.,.F.,(7,5,5,5,5,5,7),(0.,0.223052290803,
    0.328552170625,0.410465628034,0.63864179203,0.880131862106,1.),
  .UNSPECIFIED.);
#10176 = CARTESIAN_POINT('',(5.140426043712,1.6));
#10177 = CARTESIAN_POINT('',(5.140426043712,1.492471986148));
#10178 = CARTESIAN_POINT('',(5.142067514287,1.385926394701));
#10179 = CARTESIAN_POINT('',(5.145294529734,1.281538786891));
#10180 = CARTESIAN_POINT('',(5.149967563011,1.180510731478));
#10181 = CARTESIAN_POINT('',(5.155861789936,1.084086300444));
#10182 = CARTESIAN_POINT('',(5.165875910753,0.950677990575));
#10183 = CARTESIAN_POINT('',(5.169308112507,0.908958766146));
#10184 = CARTESIAN_POINT('',(5.172938055696,0.868362040165));
#10185 = CARTESIAN_POINT('',(5.176748389194,0.828889459896));
#10186 = CARTESIAN_POINT('',(5.180723282684,0.790540727182));
#10187 = CARTESIAN_POINT('',(5.188051319454,0.72440927334));
#10188 = CARTESIAN_POINT('',(5.191345368885,0.696175877752));
#10189 = CARTESIAN_POINT('',(5.194724510489,0.66860767802));
#10190 = CARTESIAN_POINT('',(5.198183343319,0.641698847812));
#10191 = CARTESIAN_POINT('',(5.201717129941,0.615443468124));
#10192 = CARTESIAN_POINT('',(5.215362869042,0.518502660934));
#10193 = CARTESIAN_POINT('',(5.225959684598,0.45215275172));
#10194 = CARTESIAN_POINT('',(5.237017450247,0.390723530666));
#10195 = CARTESIAN_POINT('',(5.24847259034,0.334164619515));
#10196 = CARTESIAN_POINT('',(5.260284740195,0.282480875653));
#10197 = CARTESIAN_POINT('',(5.285281332655,0.186345389005));
#10198 = CARTESIAN_POINT('',(5.29850281972,0.142502399938));
#10199 = CARTESIAN_POINT('',(5.312042246017,0.104445740019));
#10200 = CARTESIAN_POINT('',(5.325858242292,7.245891645454E-02));
#10201 = CARTESIAN_POINT('',(5.339912094546,4.692479122582E-02));
#10202 = CARTESIAN_POINT('',(5.361233433168,1.911568616089E-02));
#10203 = CARTESIAN_POINT('',(5.368352875677,1.160481484961E-02));
#10204 = CARTESIAN_POINT('',(5.375511075028,5.871184496429E-03));
#10205 = CARTESIAN_POINT('',(5.38269964225,1.980345687714E-03));
#10206 = CARTESIAN_POINT('',(5.389909865428,-1.094527475837E-15));
#10207 = CARTESIAN_POINT('',(5.397132709701,-1.110223024625E-15));
#10208 = ( GEOMETRIC_REPRESENTATION_CONTEXT(2) 
PARAMETRIC_REPRESENTATION_CONTEXT() REPRESENTATION_CONTEXT('2D SPACE',''
  ) );
#10209 = PCURVE('',#9876,#10210);
#10210 = DEFINITIONAL_REPRESENTATION('',(#10211),#10244);
#10211 = B_SPLINE_CURVE_WITH_KNOTS('',6,(#10212,#10213,#10214,#10215,
    #10216,#10217,#10218,#10219,#10220,#10221,#10222,#10223,#10224,
    #10225,#10226,#10227,#10228,#10229,#10230,#10231,#10232,#10233,
    #10234,#10235,#10236,#10237,#10238,#10239,#10240,#10241,#10242,
    #10243),.UNSPECIFIED.,.F.,.F.,(7,5,5,5,5,5,7),(0.,0.223052290803,
    0.328552170625,0.410465628034,0.63864179203,0.880131862106,1.),
  .UNSPECIFIED.);
#10212 = CARTESIAN_POINT('',(0.,3.995383846177));
#10213 = CARTESIAN_POINT('',(6.720500865759E-02,3.995383846177));
#10214 = CARTESIAN_POINT('',(0.133795866385,4.008344395334));
#10215 = CARTESIAN_POINT('',(0.199585133159,4.03382441408));
#10216 = CARTESIAN_POINT('',(0.26431502456,4.070613942314));
#10217 = CARTESIAN_POINT('',(0.327600835866,4.116752044371));
#10218 = CARTESIAN_POINT('',(0.417705037634,4.194625269819));
#10219 = CARTESIAN_POINT('',(0.446293928459,4.221247613535));
#10220 = CARTESIAN_POINT('',(0.474561031449,4.249322201676));
#10221 = CARTESIAN_POINT('',(0.502527174811,4.278697188267));
#10222 = CARTESIAN_POINT('',(0.530211746857,4.309233466581));
#10223 = CARTESIAN_POINT('',(0.578923191836,4.365317553511));
#10224 = CARTESIAN_POINT('',(0.600058795192,4.390458796285));
#10225 = CARTESIAN_POINT('',(0.621051630724,4.416174170381));
#10226 = CARTESIAN_POINT('',(0.641913931433,4.442414877532));
#10227 = CARTESIAN_POINT('',(0.662658038673,4.469137548283));
#10228 = CARTESIAN_POINT('',(0.740786132898,4.571979132952));
#10229 = CARTESIAN_POINT('',(0.797488826204,4.651142673183));
#10230 = CARTESIAN_POINT('',(0.853630818148,4.732921312094));
#10231 = CARTESIAN_POINT('',(0.909439144151,4.816700822676));
#10232 = CARTESIAN_POINT('',(0.965150068258,4.902052695475));
#10233 = CARTESIAN_POINT('',(1.080144985398,5.080321871277));
#10234 = CARTESIAN_POINT('',(1.139434874515,5.173369708423));
#10235 = CARTESIAN_POINT('',(1.199092187148,5.267280824125));
#10236 = CARTESIAN_POINT('',(1.259316899465,5.361615836047));
#10237 = CARTESIAN_POINT('',(1.320313555725,5.455974829861));
#10238 = CARTESIAN_POINT('',(1.413069285953,5.596600816769));
#10239 = CARTESIAN_POINT('',(1.444076843673,5.643147150347));
#10240 = CARTESIAN_POINT('',(1.475337513568,5.689524094458));
#10241 = CARTESIAN_POINT('',(1.506866528614,5.735664929106));
#10242 = CARTESIAN_POINT('',(1.538680281934,5.781504110284));
#10243 = CARTESIAN_POINT('',(1.570796326795,5.826977269975));
#10244 = ( GEOMETRIC_REPRESENTATION_CONTEXT(2) 
PARAMETRIC_REPRESENTATION_CONTEXT() REPRESENTATION_CONTEXT('2D SPACE',''
  ) );
#10245 = ORIENTED_EDGE('',*,*,#10246,.F.);
#10246 = EDGE_CURVE('',#9830,#10137,#10247,.T.);
#10247 = SURFACE_CURVE('',#10248,(#10252,#10258),.PCURVE_S1.);
#10248 = LINE('',#10249,#10250);
#10249 = CARTESIAN_POINT('',(5.830951894845,3.5,-7.5));
#10250 = VECTOR('',#10251,1.);
#10251 = DIRECTION('',(0.,-1.,2.22044604925E-16));
#10252 = PCURVE('',#9848,#10253);
#10253 = DEFINITIONAL_REPRESENTATION('',(#10254),#10257);
#10254 = B_SPLINE_CURVE_WITH_KNOTS('',1,(#10255,#10256),.UNSPECIFIED.,
  .F.,.F.,(2,2),(-2.399999998293E-06,7.0000024),
  .PIECEWISE_BEZIER_KNOTS.);
#10255 = CARTESIAN_POINT('',(5.373234276208,-2.399999999958E-06));
#10256 = CARTESIAN_POINT('',(5.373234276208,7.0000024));
#10257 = ( GEOMETRIC_REPRESENTATION_CONTEXT(2) 
PARAMETRIC_REPRESENTATION_CONTEXT() REPRESENTATION_CONTEXT('2D SPACE',''
  ) );
#10258 = PCURVE('',#9902,#10259);
#10259 = DEFINITIONAL_REPRESENTATION('',(#10260),#10263);
#10260 = B_SPLINE_CURVE_WITH_KNOTS('',1,(#10261,#10262),.UNSPECIFIED.,
  .F.,.F.,(2,2),(-2.399999998293E-06,7.0000024),
  .PIECEWISE_BEZIER_KNOTS.);
#10261 = CARTESIAN_POINT('',(1.830951894845,7.0000024));
#10262 = CARTESIAN_POINT('',(1.830951894845,-2.400000001401E-06));
#10263 = ( GEOMETRIC_REPRESENTATION_CONTEXT(2) 
PARAMETRIC_REPRESENTATION_CONTEXT() REPRESENTATION_CONTEXT('2D SPACE',''
  ) );
#10264 = ADVANCED_FACE('',(#10265),#9902,.T.);
#10265 = FACE_BOUND('',#10266,.T.);
#10266 = EDGE_LOOP('',(#10267,#10268,#10293));
#10267 = ORIENTED_EDGE('',*,*,#10246,.T.);
#10268 = ORIENTED_EDGE('',*,*,#10269,.F.);
#10269 = EDGE_CURVE('',#9861,#10137,#10270,.T.);
#10270 = SURFACE_CURVE('',#10271,(#10276,#10283),.PCURVE_S1.);
#10271 = ELLIPSE('',#10272,9.942912607034,1.6);
#10272 = AXIS2_PLACEMENT_3D('',#10273,#10274,#10275);
#10273 = CARTESIAN_POINT('',(6.876245940367,1.9,-7.5));
#10274 = DIRECTION('',(0.,0.,1.));
#10275 = DIRECTION('',(1.,-1.810146235802E-17,0.));
#10276 = PCURVE('',#9902,#10277);
#10277 = DEFINITIONAL_REPRESENTATION('',(#10278),#10282);
#10278 = ELLIPSE('',#10279,9.942912607034,1.6);
#10279 = AXIS2_PLACEMENT_2D('',#10280,#10281);
#10280 = CARTESIAN_POINT('',(2.876245940367,5.4));
#10281 = DIRECTION('',(1.,-1.810146235802E-17));
#10282 = ( GEOMETRIC_REPRESENTATION_CONTEXT(2) 
PARAMETRIC_REPRESENTATION_CONTEXT() REPRESENTATION_CONTEXT('2D SPACE',''
  ) );
#10283 = PCURVE('',#9876,#10284);
#10284 = DEFINITIONAL_REPRESENTATION('',(#10285),#10292);
#10285 = B_SPLINE_CURVE_WITH_KNOTS('',5,(#10286,#10287,#10288,#10289,
    #10290,#10291),.UNSPECIFIED.,.F.,.F.,(6,6),(1.570796326795,
    1.949520461188),.PIECEWISE_BEZIER_KNOTS.);
#10286 = CARTESIAN_POINT('',(1.570796326795,6.706173143635));
#10287 = CARTESIAN_POINT('',(1.495051499916,5.962863909199));
#10288 = CARTESIAN_POINT('',(1.419306673037,5.219554527748));
#10289 = CARTESIAN_POINT('',(1.343561846159,4.485130430661));
#10290 = CARTESIAN_POINT('',(1.26781701928,3.768473441572));
#10291 = CARTESIAN_POINT('',(1.192072192401,3.07783723705));
#10292 = ( GEOMETRIC_REPRESENTATION_CONTEXT(2) 
PARAMETRIC_REPRESENTATION_CONTEXT() REPRESENTATION_CONTEXT('2D SPACE',''
  ) );
#10293 = ORIENTED_EDGE('',*,*,#9888,.F.);
#10294 = ADVANCED_FACE('',(#10295),#9876,.T.);
#10295 = FACE_BOUND('',#10296,.T.);
#10296 = EDGE_LOOP('',(#10297,#10298,#10299));
#10297 = ORIENTED_EDGE('',*,*,#10136,.T.);
#10298 = ORIENTED_EDGE('',*,*,#9860,.T.);
#10299 = ORIENTED_EDGE('',*,*,#10269,.T.);
#10300 = ( GEOMETRIC_REPRESENTATION_CONTEXT(3) 
GLOBAL_UNCERTAINTY_ASSIGNED_CONTEXT((#10304)) 
GLOBAL_UNIT_ASSIGNED_CONTEXT((#10301,#10302,#10303)) 
REPRESENTATION_CONTEXT('Context #1',
  '3D Context with UNIT and UNCERTAINTY') );
#10301 = ( LENGTH_UNIT() NAMED_UNIT(*) SI_UNIT(.MILLI.,.METRE.) );
#10302 = ( NAMED_UNIT(*) PLANE_ANGLE_UNIT() SI_UNIT($,.RADIAN.) );
#10303 = ( NAMED_UNIT(*) SI_UNIT($,.STERADIAN.) SOLID_ANGLE_UNIT() );
#10304 = UNCERTAINTY_MEASURE_WITH_UNIT(LENGTH_MEASURE(2.E-07),#10301,
  'distance_accuracy_value','confusion accuracy');
#10305 = CONTEXT_DEPENDENT_SHAPE_REPRESENTATION(#10306,#10308);
#10306 = ( REPRESENTATION_RELATIONSHIP('','',#6833,#10) 
REPRESENTATION_RELATIONSHIP_WITH_TRANSFORMATION(#10307) 
SHAPE_REPRESENTATION_RELATIONSHIP() );
#10307 = ITEM_DEFINED_TRANSFORMATION('','',#11,#23);
#10308 = PRODUCT_DEFINITION_SHAPE('Placement','Placement of an item',
  #10309);
#10309 = NEXT_ASSEMBLY_USAGE_OCCURRENCE('14','right_shoulder_arm','',#5,
  #6828,$);
#10310 = PRODUCT_RELATED_PRODUCT_CATEGORY('part',$,(#6830));
#10311 = SHAPE_DEFINITION_REPRESENTATION(#10312,#10318);
#10312 = PRODUCT_DEFINITION_SHAPE('','',#10313);
#10313 = PRODUCT_DEFINITION('design','',#10314,#10317);
#10314 = PRODUCT_DEFINITION_FORMATION('','',#10315);
#10315 = PRODUCT('folding_hook','folding_hook','',(#10316));
#10316 = PRODUCT_CONTEXT('',#2,'mechanical');
#10317 = PRODUCT_DEFINITION_CONTEXT('part definition',#2,'design');
#10318 = ADVANCED_BREP_SHAPE_REPRESENTATION('',(#11,#10319),#11037);
#10319 = MANIFOLD_SOLID_BREP('',#10320);
#10320 = CLOSED_SHELL('',(#10321,#10443,#10663,#10710,#10878,#10903,
    #10928,#10953,#10978,#11003,#11010));
#10321 = ADVANCED_FACE('',(#10322),#10337,.T.);
#10322 = FACE_BOUND('',#10323,.T.);
#10323 = EDGE_LOOP('',(#10324,#10360,#10386,#10419));
#10324 = ORIENTED_EDGE('',*,*,#10325,.T.);
#10325 = EDGE_CURVE('',#10326,#10328,#10330,.T.);
#10326 = VERTEX_POINT('',#10327);
#10327 = CARTESIAN_POINT('',(-8.,2.,2.872281323269));
#10328 = VERTEX_POINT('',#10329);
#10329 = CARTESIAN_POINT('',(-1.,2.,8.440971508067));
#10330 = SURFACE_CURVE('',#10331,(#10336,#10348),.PCURVE_S1.);
#10331 = CIRCLE('',#10332,8.5);
#10332 = AXIS2_PLACEMENT_3D('',#10333,#10334,#10335);
#10333 = CARTESIAN_POINT('',(0.,2.,0.));
#10334 = DIRECTION('',(7.168063168596E-17,-1.,1.996479414611E-16));
#10335 = DIRECTION('',(-0.941176470588,-8.217926465112E-33,
    0.337915449796));
#10336 = PCURVE('',#10337,#10342);
#10337 = CYLINDRICAL_SURFACE('',#10338,8.5);
#10338 = AXIS2_PLACEMENT_3D('',#10339,#10340,#10341);
#10339 = CARTESIAN_POINT('',(0.,2.,0.));
#10340 = DIRECTION('',(0.,-1.,2.22044604925E-16));
#10341 = DIRECTION('',(1.,0.,0.));
#10342 = DEFINITIONAL_REPRESENTATION('',(#10343),#10347);
#10343 = LINE('',#10344,#10345);
#10344 = CARTESIAN_POINT('',(2.796891473791,0.));
#10345 = VECTOR('',#10346,1.);
#10346 = DIRECTION('',(1.,0.));
#10347 = ( GEOMETRIC_REPRESENTATION_CONTEXT(2) 
PARAMETRIC_REPRESENTATION_CONTEXT() REPRESENTATION_CONTEXT('2D SPACE',''
  ) );
#10348 = PCURVE('',#10349,#10354);
#10349 = PLANE('',#10350);
#10350 = AXIS2_PLACEMENT_3D('',#10351,#10352,#10353);
#10351 = CARTESIAN_POINT('',(0.,2.,0.));
#10352 = DIRECTION('',(0.,-1.,2.22044604925E-16));
#10353 = DIRECTION('',(1.,0.,0.));
#10354 = DEFINITIONAL_REPRESENTATION('',(#10355),#10359);
#10355 = CIRCLE('',#10356,8.5);
#10356 = AXIS2_PLACEMENT_2D('',#10357,#10358);
#10357 = CARTESIAN_POINT('',(0.,0.));
#10358 = DIRECTION('',(-0.941176470588,0.337915449796));
#10359 = ( GEOMETRIC_REPRESENTATION_CONTEXT(2) 
PARAMETRIC_REPRESENTATION_CONTEXT() REPRESENTATION_CONTEXT('2D SPACE',''
  ) );
#10360 = ORIENTED_EDGE('',*,*,#10361,.T.);
#10361 = EDGE_CURVE('',#10328,#10362,#10364,.T.);
#10362 = VERTEX_POINT('',#10363);
#10363 = CARTESIAN_POINT('',(-1.,-2.,8.440971508067));
#10364 = SURFACE_CURVE('',#10365,(#10369,#10375),.PCURVE_S1.);
#10365 = LINE('',#10366,#10367);
#10366 = CARTESIAN_POINT('',(-1.,2.,8.440971508067));
#10367 = VECTOR('',#10368,1.);
#10368 = DIRECTION('',(0.,-1.,2.22044604925E-16));
#10369 = PCURVE('',#10337,#10370);
#10370 = DEFINITIONAL_REPRESENTATION('',(#10371),#10374);
#10371 = B_SPLINE_CURVE_WITH_KNOTS('',1,(#10372,#10373),.UNSPECIFIED.,
  .F.,.F.,(2,2),(8.881784197001E-16,4.),.PIECEWISE_BEZIER_KNOTS.);
#10372 = CARTESIAN_POINT('',(7.971901786,9.860937639921E-16));
#10373 = CARTESIAN_POINT('',(7.971901786,4.));
#10374 = ( GEOMETRIC_REPRESENTATION_CONTEXT(2) 
PARAMETRIC_REPRESENTATION_CONTEXT() REPRESENTATION_CONTEXT('2D SPACE',''
  ) );
#10375 = PCURVE('',#10376,#10381);
#10376 = PLANE('',#10377);
#10377 = AXIS2_PLACEMENT_3D('',#10378,#10379,#10380);
#10378 = CARTESIAN_POINT('',(-1.,-2.,0.));
#10379 = DIRECTION('',(1.,0.,-0.));
#10380 = DIRECTION('',(0.,0.,1.));
#10381 = DEFINITIONAL_REPRESENTATION('',(#10382),#10385);
#10382 = B_SPLINE_CURVE_WITH_KNOTS('',1,(#10383,#10384),.UNSPECIFIED.,
  .F.,.F.,(2,2),(-2.400000000069E-06,4.0000024),
  .PIECEWISE_BEZIER_KNOTS.);
#10383 = CARTESIAN_POINT('',(8.440971508067,-4.0000024));
#10384 = CARTESIAN_POINT('',(8.440971508067,2.399999997849E-06));
#10385 = ( GEOMETRIC_REPRESENTATION_CONTEXT(2) 
PARAMETRIC_REPRESENTATION_CONTEXT() REPRESENTATION_CONTEXT('2D SPACE',''
  ) );
#10386 = ORIENTED_EDGE('',*,*,#10387,.T.);
#10387 = EDGE_CURVE('',#10362,#10388,#10390,.T.);
#10388 = VERTEX_POINT('',#10389);
#10389 = CARTESIAN_POINT('',(-8.,-2.,2.872281323269));
#10390 = SURFACE_CURVE('',#10391,(#10396,#10403),.PCURVE_S1.);
#10391 = CIRCLE('',#10392,8.5);
#10392 = AXIS2_PLACEMENT_3D('',#10393,#10394,#10395);
#10393 = CARTESIAN_POINT('',(0.,-2.,8.881784197001E-16));
#10394 = DIRECTION('',(6.450865696161E-34,1.,-1.052222980318E-16));
#10395 = DIRECTION('',(-0.117647058824,1.044915787883E-16,0.993055471537
    ));
#10396 = PCURVE('',#10337,#10397);
#10397 = DEFINITIONAL_REPRESENTATION('',(#10398),#10402);
#10398 = LINE('',#10399,#10400);
#10399 = CARTESIAN_POINT('',(7.971901786,4.));
#10400 = VECTOR('',#10401,1.);
#10401 = DIRECTION('',(-1.,-0.));
#10402 = ( GEOMETRIC_REPRESENTATION_CONTEXT(2) 
PARAMETRIC_REPRESENTATION_CONTEXT() REPRESENTATION_CONTEXT('2D SPACE',''
  ) );
#10403 = PCURVE('',#10404,#10409);
#10404 = PLANE('',#10405);
#10405 = AXIS2_PLACEMENT_3D('',#10406,#10407,#10408);
#10406 = CARTESIAN_POINT('',(0.,-2.,8.881784197001E-16));
#10407 = DIRECTION('',(0.,-1.,2.22044604925E-16));
#10408 = DIRECTION('',(1.,0.,0.));
#10409 = DEFINITIONAL_REPRESENTATION('',(#10410),#10418);
#10410 = ( BOUNDED_CURVE() B_SPLINE_CURVE(2,(#10411,#10412,#10413,#10414
    ,#10415,#10416,#10417),.UNSPECIFIED.,.T.,.F.) 
B_SPLINE_CURVE_WITH_KNOTS((1,2,2,2,2,1),(-2.094395102393,0.,
    2.094395102393,4.188790204786,6.28318530718,8.377580409573),
.UNSPECIFIED.) CURVE() GEOMETRIC_REPRESENTATION_ITEM() 
RATIONAL_B_SPLINE_CURVE((1.,0.5,1.,0.5,1.,0.5,1.)) REPRESENTATION_ITEM(
  '') );
#10411 = CARTESIAN_POINT('',(-1.,8.440971508067));
#10412 = CARTESIAN_POINT('',(13.620191517213,10.173022315636));
#10413 = CARTESIAN_POINT('',(7.810095758607,-3.354460350249));
#10414 = CARTESIAN_POINT('',(2.,-16.88194301613));
#10415 = CARTESIAN_POINT('',(-6.810095758607,-5.086511157818));
#10416 = CARTESIAN_POINT('',(-15.62019151721,6.708920700498));
#10417 = CARTESIAN_POINT('',(-1.,8.440971508067));
#10418 = ( GEOMETRIC_REPRESENTATION_CONTEXT(2) 
PARAMETRIC_REPRESENTATION_CONTEXT() REPRESENTATION_CONTEXT('2D SPACE',''
  ) );
#10419 = ORIENTED_EDGE('',*,*,#10420,.F.);
#10420 = EDGE_CURVE('',#10326,#10388,#10421,.T.);
#10421 = SURFACE_CURVE('',#10422,(#10426,#10432),.PCURVE_S1.);
#10422 = LINE('',#10423,#10424);
#10423 = CARTESIAN_POINT('',(-8.,2.,2.872281323269));
#10424 = VECTOR('',#10425,1.);
#10425 = DIRECTION('',(0.,-1.,2.22044604925E-16));
#10426 = PCURVE('',#10337,#10427);
#10427 = DEFINITIONAL_REPRESENTATION('',(#10428),#10431);
#10428 = B_SPLINE_CURVE_WITH_KNOTS('',1,(#10429,#10430),.UNSPECIFIED.,
  .F.,.F.,(2,2),(4.4408920985E-16,4.),.PIECEWISE_BEZIER_KNOTS.);
#10429 = CARTESIAN_POINT('',(2.796891473791,6.377745716588E-16));
#10430 = CARTESIAN_POINT('',(2.796891473791,4.));
#10431 = ( GEOMETRIC_REPRESENTATION_CONTEXT(2) 
PARAMETRIC_REPRESENTATION_CONTEXT() REPRESENTATION_CONTEXT('2D SPACE',''
  ) );
#10432 = PCURVE('',#10433,#10438);
#10433 = PLANE('',#10434);
#10434 = AXIS2_PLACEMENT_3D('',#10435,#10436,#10437);
#10435 = CARTESIAN_POINT('',(-8.,-2.,0.));
#10436 = DIRECTION('',(1.,0.,-0.));
#10437 = DIRECTION('',(0.,0.,1.));
#10438 = DEFINITIONAL_REPRESENTATION('',(#10439),#10442);
#10439 = B_SPLINE_CURVE_WITH_KNOTS('',1,(#10440,#10441),.UNSPECIFIED.,
  .F.,.F.,(2,2),(-2.400000000069E-06,4.0000024),
  .PIECEWISE_BEZIER_KNOTS.);
#10440 = CARTESIAN_POINT('',(2.872281323269,-4.0000024));
#10441 = CARTESIAN_POINT('',(2.872281323269,2.399999999625E-06));
#10442 = ( GEOMETRIC_REPRESENTATION_CONTEXT(2) 
PARAMETRIC_REPRESENTATION_CONTEXT() REPRESENTATION_CONTEXT('2D SPACE',''
  ) );
#10443 = ADVANCED_FACE('',(#10444,#10632),#10349,.F.);
#10444 = FACE_BOUND('',#10445,.F.);
#10445 = EDGE_LOOP('',(#10446,#10447,#10470,#10499,#10526,#10555,#10582,
    #10611));
#10446 = ORIENTED_EDGE('',*,*,#10325,.T.);
#10447 = ORIENTED_EDGE('',*,*,#10448,.T.);
#10448 = EDGE_CURVE('',#10328,#10449,#10451,.T.);
#10449 = VERTEX_POINT('',#10450);
#10450 = CARTESIAN_POINT('',(-1.,2.,27.089428526094));
#10451 = SURFACE_CURVE('',#10452,(#10456,#10463),.PCURVE_S1.);
#10452 = LINE('',#10453,#10454);
#10453 = CARTESIAN_POINT('',(-1.,2.,0.));
#10454 = VECTOR('',#10455,1.);
#10455 = DIRECTION('',(0.,0.,1.));
#10456 = PCURVE('',#10349,#10457);
#10457 = DEFINITIONAL_REPRESENTATION('',(#10458),#10462);
#10458 = LINE('',#10459,#10460);
#10459 = CARTESIAN_POINT('',(-1.,0.));
#10460 = VECTOR('',#10461,1.);
#10461 = DIRECTION('',(0.,1.));
#10462 = ( GEOMETRIC_REPRESENTATION_CONTEXT(2) 
PARAMETRIC_REPRESENTATION_CONTEXT() REPRESENTATION_CONTEXT('2D SPACE',''
  ) );
#10463 = PCURVE('',#10376,#10464);
#10464 = DEFINITIONAL_REPRESENTATION('',(#10465),#10469);
#10465 = LINE('',#10466,#10467);
#10466 = CARTESIAN_POINT('',(0.,-4.));
#10467 = VECTOR('',#10468,1.);
#10468 = DIRECTION('',(1.,0.));
#10469 = ( GEOMETRIC_REPRESENTATION_CONTEXT(2) 
PARAMETRIC_REPRESENTATION_CONTEXT() REPRESENTATION_CONTEXT('2D SPACE',''
  ) );
#10470 = ORIENTED_EDGE('',*,*,#10471,.T.);
#10471 = EDGE_CURVE('',#10449,#10472,#10474,.T.);
#10472 = VERTEX_POINT('',#10473);
#10473 = CARTESIAN_POINT('',(32.360679774998,2.,35.));
#10474 = SURFACE_CURVE('',#10475,(#10480,#10487),.PCURVE_S1.);
#10475 = CIRCLE('',#10476,30.);
#10476 = AXIS2_PLACEMENT_3D('',#10477,#10478,#10479);
#10477 = CARTESIAN_POINT('',(10.,2.,55.));
#10478 = DIRECTION('',(0.,-1.,2.22044604925E-16));
#10479 = DIRECTION('',(1.,0.,0.));
#10480 = PCURVE('',#10349,#10481);
#10481 = DEFINITIONAL_REPRESENTATION('',(#10482),#10486);
#10482 = CIRCLE('',#10483,30.);
#10483 = AXIS2_PLACEMENT_2D('',#10484,#10485);
#10484 = CARTESIAN_POINT('',(10.,55.));
#10485 = DIRECTION('',(1.,0.));
#10486 = ( GEOMETRIC_REPRESENTATION_CONTEXT(2) 
PARAMETRIC_REPRESENTATION_CONTEXT() REPRESENTATION_CONTEXT('2D SPACE',''
  ) );
#10487 = PCURVE('',#10488,#10493);
#10488 = CYLINDRICAL_SURFACE('',#10489,30.);
#10489 = AXIS2_PLACEMENT_3D('',#10490,#10491,#10492);
#10490 = CARTESIAN_POINT('',(10.,2.,55.));
#10491 = DIRECTION('',(0.,-1.,2.22044604925E-16));
#10492 = DIRECTION('',(1.,0.,0.));
#10493 = DEFINITIONAL_REPRESENTATION('',(#10494),#10498);
#10494 = LINE('',#10495,#10496);
#10495 = CARTESIAN_POINT('',(0.,0.));
#10496 = VECTOR('',#10497,1.);
#10497 = DIRECTION('',(1.,0.));
#10498 = ( GEOMETRIC_REPRESENTATION_CONTEXT(2) 
PARAMETRIC_REPRESENTATION_CONTEXT() REPRESENTATION_CONTEXT('2D SPACE',''
  ) );
#10499 = ORIENTED_EDGE('',*,*,#10500,.T.);
#10500 = EDGE_CURVE('',#10472,#10501,#10503,.T.);
#10501 = VERTEX_POINT('',#10502);
#10502 = CARTESIAN_POINT('',(16.403124237433,2.,35.));
#10503 = SURFACE_CURVE('',#10504,(#10508,#10515),.PCURVE_S1.);
#10504 = LINE('',#10505,#10506);
#10505 = CARTESIAN_POINT('',(10.,2.,35.));
#10506 = VECTOR('',#10507,1.);
#10507 = DIRECTION('',(-1.,0.,0.));
#10508 = PCURVE('',#10349,#10509);
#10509 = DEFINITIONAL_REPRESENTATION('',(#10510),#10514);
#10510 = LINE('',#10511,#10512);
#10511 = CARTESIAN_POINT('',(10.,35.));
#10512 = VECTOR('',#10513,1.);
#10513 = DIRECTION('',(-1.,0.));
#10514 = ( GEOMETRIC_REPRESENTATION_CONTEXT(2) 
PARAMETRIC_REPRESENTATION_CONTEXT() REPRESENTATION_CONTEXT('2D SPACE',''
  ) );
#10515 = PCURVE('',#10516,#10521);
#10516 = PLANE('',#10517);
#10517 = AXIS2_PLACEMENT_3D('',#10518,#10519,#10520);
#10518 = CARTESIAN_POINT('',(10.,-4.,35.));
#10519 = DIRECTION('',(0.,0.,1.));
#10520 = DIRECTION('',(1.,0.,-0.));
#10521 = DEFINITIONAL_REPRESENTATION('',(#10522),#10525);
#10522 = B_SPLINE_CURVE_WITH_KNOTS('',1,(#10523,#10524),.UNSPECIFIED.,
  .F.,.F.,(2,2),(-30.,0.),.PIECEWISE_BEZIER_KNOTS.);
#10523 = CARTESIAN_POINT('',(30.,6.));
#10524 = CARTESIAN_POINT('',(0.,6.));
#10525 = ( GEOMETRIC_REPRESENTATION_CONTEXT(2) 
PARAMETRIC_REPRESENTATION_CONTEXT() REPRESENTATION_CONTEXT('2D SPACE',''
  ) );
#10526 = ORIENTED_EDGE('',*,*,#10527,.F.);
#10527 = EDGE_CURVE('',#10528,#10501,#10530,.T.);
#10528 = VERTEX_POINT('',#10529);
#10529 = CARTESIAN_POINT('',(16.403124237433,2.,75.));
#10530 = SURFACE_CURVE('',#10531,(#10536,#10543),.PCURVE_S1.);
#10531 = CIRCLE('',#10532,21.);
#10532 = AXIS2_PLACEMENT_3D('',#10533,#10534,#10535);
#10533 = CARTESIAN_POINT('',(10.,2.,55.));
#10534 = DIRECTION('',(0.,-1.,2.22044604925E-16));
#10535 = DIRECTION('',(1.,0.,0.));
#10536 = PCURVE('',#10349,#10537);
#10537 = DEFINITIONAL_REPRESENTATION('',(#10538),#10542);
#10538 = CIRCLE('',#10539,21.);
#10539 = AXIS2_PLACEMENT_2D('',#10540,#10541);
#10540 = CARTESIAN_POINT('',(10.,55.));
#10541 = DIRECTION('',(1.,0.));
#10542 = ( GEOMETRIC_REPRESENTATION_CONTEXT(2) 
PARAMETRIC_REPRESENTATION_CONTEXT() REPRESENTATION_CONTEXT('2D SPACE',''
  ) );
#10543 = PCURVE('',#10544,#10549);
#10544 = CYLINDRICAL_SURFACE('',#10545,21.);
#10545 = AXIS2_PLACEMENT_3D('',#10546,#10547,#10548);
#10546 = CARTESIAN_POINT('',(10.,3.,55.));
#10547 = DIRECTION('',(0.,-1.,2.22044604925E-16));
#10548 = DIRECTION('',(1.,0.,0.));
#10549 = DEFINITIONAL_REPRESENTATION('',(#10550),#10554);
#10550 = LINE('',#10551,#10552);
#10551 = CARTESIAN_POINT('',(0.,1.));
#10552 = VECTOR('',#10553,1.);
#10553 = DIRECTION('',(1.,0.));
#10554 = ( GEOMETRIC_REPRESENTATION_CONTEXT(2) 
PARAMETRIC_REPRESENTATION_CONTEXT() REPRESENTATION_CONTEXT('2D SPACE',''
  ) );
#10555 = ORIENTED_EDGE('',*,*,#10556,.F.);
#10556 = EDGE_CURVE('',#10557,#10528,#10559,.T.);
#10557 = VERTEX_POINT('',#10558);
#10558 = CARTESIAN_POINT('',(32.360679774998,2.,75.));
#10559 = SURFACE_CURVE('',#10560,(#10564,#10571),.PCURVE_S1.);
#10560 = LINE('',#10561,#10562);
#10561 = CARTESIAN_POINT('',(10.,2.,75.));
#10562 = VECTOR('',#10563,1.);
#10563 = DIRECTION('',(-1.,0.,0.));
#10564 = PCURVE('',#10349,#10565);
#10565 = DEFINITIONAL_REPRESENTATION('',(#10566),#10570);
#10566 = LINE('',#10567,#10568);
#10567 = CARTESIAN_POINT('',(10.,75.));
#10568 = VECTOR('',#10569,1.);
#10569 = DIRECTION('',(-1.,0.));
#10570 = ( GEOMETRIC_REPRESENTATION_CONTEXT(2) 
PARAMETRIC_REPRESENTATION_CONTEXT() REPRESENTATION_CONTEXT('2D SPACE',''
  ) );
#10571 = PCURVE('',#10572,#10577);
#10572 = PLANE('',#10573);
#10573 = AXIS2_PLACEMENT_3D('',#10574,#10575,#10576);
#10574 = CARTESIAN_POINT('',(10.,-4.,75.));
#10575 = DIRECTION('',(0.,0.,1.));
#10576 = DIRECTION('',(1.,0.,-0.));
#10577 = DEFINITIONAL_REPRESENTATION('',(#10578),#10581);
#10578 = B_SPLINE_CURVE_WITH_KNOTS('',1,(#10579,#10580),.UNSPECIFIED.,
  .F.,.F.,(2,2),(-30.,0.),.PIECEWISE_BEZIER_KNOTS.);
#10579 = CARTESIAN_POINT('',(30.,6.));
#10580 = CARTESIAN_POINT('',(0.,6.));
#10581 = ( GEOMETRIC_REPRESENTATION_CONTEXT(2) 
PARAMETRIC_REPRESENTATION_CONTEXT() REPRESENTATION_CONTEXT('2D SPACE',''
  ) );
#10582 = ORIENTED_EDGE('',*,*,#10583,.T.);
#10583 = EDGE_CURVE('',#10557,#10584,#10586,.T.);
#10584 = VERTEX_POINT('',#10585);
#10585 = CARTESIAN_POINT('',(-8.,2.,31.));
#10586 = SURFACE_CURVE('',#10587,(#10592,#10599),.PCURVE_S1.);
#10587 = CIRCLE('',#10588,30.);
#10588 = AXIS2_PLACEMENT_3D('',#10589,#10590,#10591);
#10589 = CARTESIAN_POINT('',(10.,2.,55.));
#10590 = DIRECTION('',(0.,-1.,2.22044604925E-16));
#10591 = DIRECTION('',(1.,0.,0.));
#10592 = PCURVE('',#10349,#10593);
#10593 = DEFINITIONAL_REPRESENTATION('',(#10594),#10598);
#10594 = CIRCLE('',#10595,30.);
#10595 = AXIS2_PLACEMENT_2D('',#10596,#10597);
#10596 = CARTESIAN_POINT('',(10.,55.));
#10597 = DIRECTION('',(1.,0.));
#10598 = ( GEOMETRIC_REPRESENTATION_CONTEXT(2) 
PARAMETRIC_REPRESENTATION_CONTEXT() REPRESENTATION_CONTEXT('2D SPACE',''
  ) );
#10599 = PCURVE('',#10600,#10605);
#10600 = CYLINDRICAL_SURFACE('',#10601,30.);
#10601 = AXIS2_PLACEMENT_3D('',#10602,#10603,#10604);
#10602 = CARTESIAN_POINT('',(10.,2.,55.));
#10603 = DIRECTION('',(0.,-1.,2.22044604925E-16));
#10604 = DIRECTION('',(1.,0.,0.));
#10605 = DEFINITIONAL_REPRESENTATION('',(#10606),#10610);
#10606 = LINE('',#10607,#10608);
#10607 = CARTESIAN_POINT('',(0.,0.));
#10608 = VECTOR('',#10609,1.);
#10609 = DIRECTION('',(1.,0.));
#10610 = ( GEOMETRIC_REPRESENTATION_CONTEXT(2) 
PARAMETRIC_REPRESENTATION_CONTEXT() REPRESENTATION_CONTEXT('2D SPACE',''
  ) );
#10611 = ORIENTED_EDGE('',*,*,#10612,.F.);
#10612 = EDGE_CURVE('',#10326,#10584,#10613,.T.);
#10613 = SURFACE_CURVE('',#10614,(#10618,#10625),.PCURVE_S1.);
#10614 = LINE('',#10615,#10616);
#10615 = CARTESIAN_POINT('',(-8.,2.,0.));
#10616 = VECTOR('',#10617,1.);
#10617 = DIRECTION('',(0.,0.,1.));
#10618 = PCURVE('',#10349,#10619);
#10619 = DEFINITIONAL_REPRESENTATION('',(#10620),#10624);
#10620 = LINE('',#10621,#10622);
#10621 = CARTESIAN_POINT('',(-8.,0.));
#10622 = VECTOR('',#10623,1.);
#10623 = DIRECTION('',(0.,1.));
#10624 = ( GEOMETRIC_REPRESENTATION_CONTEXT(2) 
PARAMETRIC_REPRESENTATION_CONTEXT() REPRESENTATION_CONTEXT('2D SPACE',''
  ) );
#10625 = PCURVE('',#10433,#10626);
#10626 = DEFINITIONAL_REPRESENTATION('',(#10627),#10631);
#10627 = LINE('',#10628,#10629);
#10628 = CARTESIAN_POINT('',(0.,-4.));
#10629 = VECTOR('',#10630,1.);
#10630 = DIRECTION('',(1.,0.));
#10631 = ( GEOMETRIC_REPRESENTATION_CONTEXT(2) 
PARAMETRIC_REPRESENTATION_CONTEXT() REPRESENTATION_CONTEXT('2D SPACE',''
  ) );
#10632 = FACE_BOUND('',#10633,.F.);
#10633 = EDGE_LOOP('',(#10634));
#10634 = ORIENTED_EDGE('',*,*,#10635,.F.);
#10635 = EDGE_CURVE('',#10636,#10636,#10638,.T.);
#10636 = VERTEX_POINT('',#10637);
#10637 = CARTESIAN_POINT('',(2.8,2.,-4.637576025975E-16));
#10638 = SURFACE_CURVE('',#10639,(#10644,#10651),.PCURVE_S1.);
#10639 = CIRCLE('',#10640,2.8);
#10640 = AXIS2_PLACEMENT_3D('',#10641,#10642,#10643);
#10641 = CARTESIAN_POINT('',(0.,2.,2.22044604925E-16));
#10642 = DIRECTION('',(0.,-1.,2.22044604925E-16));
#10643 = DIRECTION('',(1.,0.,0.));
#10644 = PCURVE('',#10349,#10645);
#10645 = DEFINITIONAL_REPRESENTATION('',(#10646),#10650);
#10646 = CIRCLE('',#10647,2.8);
#10647 = AXIS2_PLACEMENT_2D('',#10648,#10649);
#10648 = CARTESIAN_POINT('',(0.,2.22044604925E-16));
#10649 = DIRECTION('',(1.,0.));
#10650 = ( GEOMETRIC_REPRESENTATION_CONTEXT(2) 
PARAMETRIC_REPRESENTATION_CONTEXT() REPRESENTATION_CONTEXT('2D SPACE',''
  ) );
#10651 = PCURVE('',#10652,#10657);
#10652 = CYLINDRICAL_SURFACE('',#10653,2.8);
#10653 = AXIS2_PLACEMENT_3D('',#10654,#10655,#10656);
#10654 = CARTESIAN_POINT('',(0.,3.,0.));
#10655 = DIRECTION('',(0.,-1.,2.22044604925E-16));
#10656 = DIRECTION('',(1.,0.,0.));
#10657 = DEFINITIONAL_REPRESENTATION('',(#10658),#10662);
#10658 = LINE('',#10659,#10660);
#10659 = CARTESIAN_POINT('',(0.,1.));
#10660 = VECTOR('',#10661,1.);
#10661 = DIRECTION('',(1.,0.));
#10662 = ( GEOMETRIC_REPRESENTATION_CONTEXT(2) 
PARAMETRIC_REPRESENTATION_CONTEXT() REPRESENTATION_CONTEXT('2D SPACE',''
  ) );
#10663 = ADVANCED_FACE('',(#10664),#10376,.T.);
#10664 = FACE_BOUND('',#10665,.T.);
#10665 = EDGE_LOOP('',(#10666,#10689,#10690,#10691));
#10666 = ORIENTED_EDGE('',*,*,#10667,.F.);
#10667 = EDGE_CURVE('',#10362,#10668,#10670,.T.);
#10668 = VERTEX_POINT('',#10669);
#10669 = CARTESIAN_POINT('',(-1.,-2.,27.089428526094));
#10670 = SURFACE_CURVE('',#10671,(#10675,#10682),.PCURVE_S1.);
#10671 = LINE('',#10672,#10673);
#10672 = CARTESIAN_POINT('',(-1.,-2.,0.));
#10673 = VECTOR('',#10674,1.);
#10674 = DIRECTION('',(0.,0.,1.));
#10675 = PCURVE('',#10376,#10676);
#10676 = DEFINITIONAL_REPRESENTATION('',(#10677),#10681);
#10677 = LINE('',#10678,#10679);
#10678 = CARTESIAN_POINT('',(0.,0.));
#10679 = VECTOR('',#10680,1.);
#10680 = DIRECTION('',(1.,0.));
#10681 = ( GEOMETRIC_REPRESENTATION_CONTEXT(2) 
PARAMETRIC_REPRESENTATION_CONTEXT() REPRESENTATION_CONTEXT('2D SPACE',''
  ) );
#10682 = PCURVE('',#10404,#10683);
#10683 = DEFINITIONAL_REPRESENTATION('',(#10684),#10688);
#10684 = LINE('',#10685,#10686);
#10685 = CARTESIAN_POINT('',(-1.,-8.881784197001E-16));
#10686 = VECTOR('',#10687,1.);
#10687 = DIRECTION('',(0.,1.));
#10688 = ( GEOMETRIC_REPRESENTATION_CONTEXT(2) 
PARAMETRIC_REPRESENTATION_CONTEXT() REPRESENTATION_CONTEXT('2D SPACE',''
  ) );
#10689 = ORIENTED_EDGE('',*,*,#10361,.F.);
#10690 = ORIENTED_EDGE('',*,*,#10448,.T.);
#10691 = ORIENTED_EDGE('',*,*,#10692,.T.);
#10692 = EDGE_CURVE('',#10449,#10668,#10693,.T.);
#10693 = SURFACE_CURVE('',#10694,(#10698,#10704),.PCURVE_S1.);
#10694 = LINE('',#10695,#10696);
#10695 = CARTESIAN_POINT('',(-1.,2.,27.089428526094));
#10696 = VECTOR('',#10697,1.);
#10697 = DIRECTION('',(0.,-1.,2.22044604925E-16));
#10698 = PCURVE('',#10376,#10699);
#10699 = DEFINITIONAL_REPRESENTATION('',(#10700),#10703);
#10700 = B_SPLINE_CURVE_WITH_KNOTS('',1,(#10701,#10702),.UNSPECIFIED.,
  .F.,.F.,(2,2),(-2.400000000069E-06,4.0000024),
  .PIECEWISE_BEZIER_KNOTS.);
#10701 = CARTESIAN_POINT('',(27.089428526094,-4.0000024));
#10702 = CARTESIAN_POINT('',(27.089428526094,2.400000005842E-06));
#10703 = ( GEOMETRIC_REPRESENTATION_CONTEXT(2) 
PARAMETRIC_REPRESENTATION_CONTEXT() REPRESENTATION_CONTEXT('2D SPACE',''
  ) );
#10704 = PCURVE('',#10488,#10705);
#10705 = DEFINITIONAL_REPRESENTATION('',(#10706),#10709);
#10706 = B_SPLINE_CURVE_WITH_KNOTS('',1,(#10707,#10708),.UNSPECIFIED.,
  .F.,.F.,(2,2),(-2.400000000069E-06,4.0000024),
  .PIECEWISE_BEZIER_KNOTS.);
#10707 = CARTESIAN_POINT('',(4.336965372404,-2.400000000049E-06));
#10708 = CARTESIAN_POINT('',(4.336965372404,4.0000024));
#10709 = ( GEOMETRIC_REPRESENTATION_CONTEXT(2) 
PARAMETRIC_REPRESENTATION_CONTEXT() REPRESENTATION_CONTEXT('2D SPACE',''
  ) );
#10710 = ADVANCED_FACE('',(#10711,#10852),#10404,.T.);
#10711 = FACE_BOUND('',#10712,.T.);
#10712 = EDGE_LOOP('',(#10713,#10714,#10715,#10739,#10761,#10785,#10807,
    #10831));
#10713 = ORIENTED_EDGE('',*,*,#10387,.F.);
#10714 = ORIENTED_EDGE('',*,*,#10667,.T.);
#10715 = ORIENTED_EDGE('',*,*,#10716,.T.);
#10716 = EDGE_CURVE('',#10668,#10717,#10719,.T.);
#10717 = VERTEX_POINT('',#10718);
#10718 = CARTESIAN_POINT('',(32.360679774998,-2.,35.));
#10719 = SURFACE_CURVE('',#10720,(#10725,#10732),.PCURVE_S1.);
#10720 = CIRCLE('',#10721,30.);
#10721 = AXIS2_PLACEMENT_3D('',#10722,#10723,#10724);
#10722 = CARTESIAN_POINT('',(10.,-2.,55.));
#10723 = DIRECTION('',(0.,-1.,2.22044604925E-16));
#10724 = DIRECTION('',(1.,0.,0.));
#10725 = PCURVE('',#10404,#10726);
#10726 = DEFINITIONAL_REPRESENTATION('',(#10727),#10731);
#10727 = CIRCLE('',#10728,30.);
#10728 = AXIS2_PLACEMENT_2D('',#10729,#10730);
#10729 = CARTESIAN_POINT('',(10.,55.));
#10730 = DIRECTION('',(1.,0.));
#10731 = ( GEOMETRIC_REPRESENTATION_CONTEXT(2) 
PARAMETRIC_REPRESENTATION_CONTEXT() REPRESENTATION_CONTEXT('2D SPACE',''
  ) );
#10732 = PCURVE('',#10488,#10733);
#10733 = DEFINITIONAL_REPRESENTATION('',(#10734),#10738);
#10734 = LINE('',#10735,#10736);
#10735 = CARTESIAN_POINT('',(0.,4.));
#10736 = VECTOR('',#10737,1.);
#10737 = DIRECTION('',(1.,0.));
#10738 = ( GEOMETRIC_REPRESENTATION_CONTEXT(2) 
PARAMETRIC_REPRESENTATION_CONTEXT() REPRESENTATION_CONTEXT('2D SPACE',''
  ) );
#10739 = ORIENTED_EDGE('',*,*,#10740,.T.);
#10740 = EDGE_CURVE('',#10717,#10741,#10743,.T.);
#10741 = VERTEX_POINT('',#10742);
#10742 = CARTESIAN_POINT('',(16.403124237433,-2.,35.));
#10743 = SURFACE_CURVE('',#10744,(#10748,#10755),.PCURVE_S1.);
#10744 = LINE('',#10745,#10746);
#10745 = CARTESIAN_POINT('',(10.,-2.,35.));
#10746 = VECTOR('',#10747,1.);
#10747 = DIRECTION('',(-1.,0.,0.));
#10748 = PCURVE('',#10404,#10749);
#10749 = DEFINITIONAL_REPRESENTATION('',(#10750),#10754);
#10750 = LINE('',#10751,#10752);
#10751 = CARTESIAN_POINT('',(10.,35.));
#10752 = VECTOR('',#10753,1.);
#10753 = DIRECTION('',(-1.,0.));
#10754 = ( GEOMETRIC_REPRESENTATION_CONTEXT(2) 
PARAMETRIC_REPRESENTATION_CONTEXT() REPRESENTATION_CONTEXT('2D SPACE',''
  ) );
#10755 = PCURVE('',#10516,#10756);
#10756 = DEFINITIONAL_REPRESENTATION('',(#10757),#10760);
#10757 = B_SPLINE_CURVE_WITH_KNOTS('',1,(#10758,#10759),.UNSPECIFIED.,
  .F.,.F.,(2,2),(-30.,0.),.PIECEWISE_BEZIER_KNOTS.);
#10758 = CARTESIAN_POINT('',(30.,2.));
#10759 = CARTESIAN_POINT('',(0.,2.));
#10760 = ( GEOMETRIC_REPRESENTATION_CONTEXT(2) 
PARAMETRIC_REPRESENTATION_CONTEXT() REPRESENTATION_CONTEXT('2D SPACE',''
  ) );
#10761 = ORIENTED_EDGE('',*,*,#10762,.F.);
#10762 = EDGE_CURVE('',#10763,#10741,#10765,.T.);
#10763 = VERTEX_POINT('',#10764);
#10764 = CARTESIAN_POINT('',(16.403124237433,-2.,75.));
#10765 = SURFACE_CURVE('',#10766,(#10771,#10778),.PCURVE_S1.);
#10766 = CIRCLE('',#10767,21.);
#10767 = AXIS2_PLACEMENT_3D('',#10768,#10769,#10770);
#10768 = CARTESIAN_POINT('',(10.,-2.,55.));
#10769 = DIRECTION('',(0.,-1.,2.22044604925E-16));
#10770 = DIRECTION('',(1.,0.,0.));
#10771 = PCURVE('',#10404,#10772);
#10772 = DEFINITIONAL_REPRESENTATION('',(#10773),#10777);
#10773 = CIRCLE('',#10774,21.);
#10774 = AXIS2_PLACEMENT_2D('',#10775,#10776);
#10775 = CARTESIAN_POINT('',(10.,55.));
#10776 = DIRECTION('',(1.,0.));
#10777 = ( GEOMETRIC_REPRESENTATION_CONTEXT(2) 
PARAMETRIC_REPRESENTATION_CONTEXT() REPRESENTATION_CONTEXT('2D SPACE',''
  ) );
#10778 = PCURVE('',#10544,#10779);
#10779 = DEFINITIONAL_REPRESENTATION('',(#10780),#10784);
#10780 = LINE('',#10781,#10782);
#10781 = CARTESIAN_POINT('',(0.,5.));
#10782 = VECTOR('',#10783,1.);
#10783 = DIRECTION('',(1.,0.));
#10784 = ( GEOMETRIC_REPRESENTATION_CONTEXT(2) 
PARAMETRIC_REPRESENTATION_CONTEXT() REPRESENTATION_CONTEXT('2D SPACE',''
  ) );
#10785 = ORIENTED_EDGE('',*,*,#10786,.F.);
#10786 = EDGE_CURVE('',#10787,#10763,#10789,.T.);
#10787 = VERTEX_POINT('',#10788);
#10788 = CARTESIAN_POINT('',(32.360679774998,-2.,75.));
#10789 = SURFACE_CURVE('',#10790,(#10794,#10801),.PCURVE_S1.);
#10790 = LINE('',#10791,#10792);
#10791 = CARTESIAN_POINT('',(10.,-2.,75.));
#10792 = VECTOR('',#10793,1.);
#10793 = DIRECTION('',(-1.,0.,0.));
#10794 = PCURVE('',#10404,#10795);
#10795 = DEFINITIONAL_REPRESENTATION('',(#10796),#10800);
#10796 = LINE('',#10797,#10798);
#10797 = CARTESIAN_POINT('',(10.,75.));
#10798 = VECTOR('',#10799,1.);
#10799 = DIRECTION('',(-1.,0.));
#10800 = ( GEOMETRIC_REPRESENTATION_CONTEXT(2) 
PARAMETRIC_REPRESENTATION_CONTEXT() REPRESENTATION_CONTEXT('2D SPACE',''
  ) );
#10801 = PCURVE('',#10572,#10802);
#10802 = DEFINITIONAL_REPRESENTATION('',(#10803),#10806);
#10803 = B_SPLINE_CURVE_WITH_KNOTS('',1,(#10804,#10805),.UNSPECIFIED.,
  .F.,.F.,(2,2),(-30.,0.),.PIECEWISE_BEZIER_KNOTS.);
#10804 = CARTESIAN_POINT('',(30.,2.));
#10805 = CARTESIAN_POINT('',(0.,2.));
#10806 = ( GEOMETRIC_REPRESENTATION_CONTEXT(2) 
PARAMETRIC_REPRESENTATION_CONTEXT() REPRESENTATION_CONTEXT('2D SPACE',''
  ) );
#10807 = ORIENTED_EDGE('',*,*,#10808,.T.);
#10808 = EDGE_CURVE('',#10787,#10809,#10811,.T.);
#10809 = VERTEX_POINT('',#10810);
#10810 = CARTESIAN_POINT('',(-8.,-2.,31.));
#10811 = SURFACE_CURVE('',#10812,(#10817,#10824),.PCURVE_S1.);
#10812 = CIRCLE('',#10813,30.);
#10813 = AXIS2_PLACEMENT_3D('',#10814,#10815,#10816);
#10814 = CARTESIAN_POINT('',(10.,-2.,55.));
#10815 = DIRECTION('',(0.,-1.,2.22044604925E-16));
#10816 = DIRECTION('',(1.,0.,0.));
#10817 = PCURVE('',#10404,#10818);
#10818 = DEFINITIONAL_REPRESENTATION('',(#10819),#10823);
#10819 = CIRCLE('',#10820,30.);
#10820 = AXIS2_PLACEMENT_2D('',#10821,#10822);
#10821 = CARTESIAN_POINT('',(10.,55.));
#10822 = DIRECTION('',(1.,0.));
#10823 = ( GEOMETRIC_REPRESENTATION_CONTEXT(2) 
PARAMETRIC_REPRESENTATION_CONTEXT() REPRESENTATION_CONTEXT('2D SPACE',''
  ) );
#10824 = PCURVE('',#10600,#10825);
#10825 = DEFINITIONAL_REPRESENTATION('',(#10826),#10830);
#10826 = LINE('',#10827,#10828);
#10827 = CARTESIAN_POINT('',(0.,4.));
#10828 = VECTOR('',#10829,1.);
#10829 = DIRECTION('',(1.,0.));
#10830 = ( GEOMETRIC_REPRESENTATION_CONTEXT(2) 
PARAMETRIC_REPRESENTATION_CONTEXT() REPRESENTATION_CONTEXT('2D SPACE',''
  ) );
#10831 = ORIENTED_EDGE('',*,*,#10832,.F.);
#10832 = EDGE_CURVE('',#10388,#10809,#10833,.T.);
#10833 = SURFACE_CURVE('',#10834,(#10838,#10845),.PCURVE_S1.);
#10834 = LINE('',#10835,#10836);
#10835 = CARTESIAN_POINT('',(-8.,-2.,0.));
#10836 = VECTOR('',#10837,1.);
#10837 = DIRECTION('',(0.,0.,1.));
#10838 = PCURVE('',#10404,#10839);
#10839 = DEFINITIONAL_REPRESENTATION('',(#10840),#10844);
#10840 = LINE('',#10841,#10842);
#10841 = CARTESIAN_POINT('',(-8.,-8.881784197001E-16));
#10842 = VECTOR('',#10843,1.);
#10843 = DIRECTION('',(0.,1.));
#10844 = ( GEOMETRIC_REPRESENTATION_CONTEXT(2) 
PARAMETRIC_REPRESENTATION_CONTEXT() REPRESENTATION_CONTEXT('2D SPACE',''
  ) );
#10845 = PCURVE('',#10433,#10846);
#10846 = DEFINITIONAL_REPRESENTATION('',(#10847),#10851);
#10847 = LINE('',#10848,#10849);
#10848 = CARTESIAN_POINT('',(0.,0.));
#10849 = VECTOR('',#10850,1.);
#10850 = DIRECTION('',(1.,0.));
#10851 = ( GEOMETRIC_REPRESENTATION_CONTEXT(2) 
PARAMETRIC_REPRESENTATION_CONTEXT() REPRESENTATION_CONTEXT('2D SPACE',''
  ) );
#10852 = FACE_BOUND('',#10853,.T.);
#10853 = EDGE_LOOP('',(#10854));
#10854 = ORIENTED_EDGE('',*,*,#10855,.F.);
#10855 = EDGE_CURVE('',#10856,#10856,#10858,.T.);
#10856 = VERTEX_POINT('',#10857);
#10857 = CARTESIAN_POINT('',(2.8,-2.,4.244208171026E-16));
#10858 = SURFACE_CURVE('',#10859,(#10864,#10871),.PCURVE_S1.);
#10859 = CIRCLE('',#10860,2.8);
#10860 = AXIS2_PLACEMENT_3D('',#10861,#10862,#10863);
#10861 = CARTESIAN_POINT('',(0.,-2.,1.110223024625E-15));
#10862 = DIRECTION('',(0.,-1.,2.22044604925E-16));
#10863 = DIRECTION('',(1.,0.,0.));
#10864 = PCURVE('',#10404,#10865);
#10865 = DEFINITIONAL_REPRESENTATION('',(#10866),#10870);
#10866 = CIRCLE('',#10867,2.8);
#10867 = AXIS2_PLACEMENT_2D('',#10868,#10869);
#10868 = CARTESIAN_POINT('',(0.,2.22044604925E-16));
#10869 = DIRECTION('',(1.,0.));
#10870 = ( GEOMETRIC_REPRESENTATION_CONTEXT(2) 
PARAMETRIC_REPRESENTATION_CONTEXT() REPRESENTATION_CONTEXT('2D SPACE',''
  ) );
#10871 = PCURVE('',#10652,#10872);
#10872 = DEFINITIONAL_REPRESENTATION('',(#10873),#10877);
#10873 = LINE('',#10874,#10875);
#10874 = CARTESIAN_POINT('',(0.,5.));
#10875 = VECTOR('',#10876,1.);
#10876 = DIRECTION('',(1.,0.));
#10877 = ( GEOMETRIC_REPRESENTATION_CONTEXT(2) 
PARAMETRIC_REPRESENTATION_CONTEXT() REPRESENTATION_CONTEXT('2D SPACE',''
  ) );
#10878 = ADVANCED_FACE('',(#10879),#10433,.F.);
#10879 = FACE_BOUND('',#10880,.F.);
#10880 = EDGE_LOOP('',(#10881,#10882,#10883,#10884));
#10881 = ORIENTED_EDGE('',*,*,#10832,.F.);
#10882 = ORIENTED_EDGE('',*,*,#10420,.F.);
#10883 = ORIENTED_EDGE('',*,*,#10612,.T.);
#10884 = ORIENTED_EDGE('',*,*,#10885,.T.);
#10885 = EDGE_CURVE('',#10584,#10809,#10886,.T.);
#10886 = SURFACE_CURVE('',#10887,(#10891,#10897),.PCURVE_S1.);
#10887 = LINE('',#10888,#10889);
#10888 = CARTESIAN_POINT('',(-8.,2.,31.));
#10889 = VECTOR('',#10890,1.);
#10890 = DIRECTION('',(0.,-1.,2.22044604925E-16));
#10891 = PCURVE('',#10433,#10892);
#10892 = DEFINITIONAL_REPRESENTATION('',(#10893),#10896);
#10893 = B_SPLINE_CURVE_WITH_KNOTS('',1,(#10894,#10895),.UNSPECIFIED.,
  .F.,.F.,(2,2),(-2.400000000069E-06,4.0000024),
  .PIECEWISE_BEZIER_KNOTS.);
#10894 = CARTESIAN_POINT('',(31.,-4.0000024));
#10895 = CARTESIAN_POINT('',(31.,2.400000004954E-06));
#10896 = ( GEOMETRIC_REPRESENTATION_CONTEXT(2) 
PARAMETRIC_REPRESENTATION_CONTEXT() REPRESENTATION_CONTEXT('2D SPACE',''
  ) );
#10897 = PCURVE('',#10600,#10898);
#10898 = DEFINITIONAL_REPRESENTATION('',(#10899),#10902);
#10899 = B_SPLINE_CURVE_WITH_KNOTS('',1,(#10900,#10901),.UNSPECIFIED.,
  .F.,.F.,(2,2),(-2.400000000069E-06,4.0000024),
  .PIECEWISE_BEZIER_KNOTS.);
#10900 = CARTESIAN_POINT('',(4.068887871591,-2.400000000069E-06));
#10901 = CARTESIAN_POINT('',(4.068887871591,4.0000024));
#10902 = ( GEOMETRIC_REPRESENTATION_CONTEXT(2) 
PARAMETRIC_REPRESENTATION_CONTEXT() REPRESENTATION_CONTEXT('2D SPACE',''
  ) );
#10903 = ADVANCED_FACE('',(#10904),#10600,.T.);
#10904 = FACE_BOUND('',#10905,.T.);
#10905 = EDGE_LOOP('',(#10906,#10907,#10926,#10927));
#10906 = ORIENTED_EDGE('',*,*,#10808,.F.);
#10907 = ORIENTED_EDGE('',*,*,#10908,.F.);
#10908 = EDGE_CURVE('',#10557,#10787,#10909,.T.);
#10909 = SURFACE_CURVE('',#10910,(#10914,#10920),.PCURVE_S1.);
#10910 = LINE('',#10911,#10912);
#10911 = CARTESIAN_POINT('',(32.360679774998,2.,75.));
#10912 = VECTOR('',#10913,1.);
#10913 = DIRECTION('',(0.,-1.,2.22044604925E-16));
#10914 = PCURVE('',#10600,#10915);
#10915 = DEFINITIONAL_REPRESENTATION('',(#10916),#10919);
#10916 = B_SPLINE_CURVE_WITH_KNOTS('',1,(#10917,#10918),.UNSPECIFIED.,
  .F.,.F.,(2,2),(-6.000000043471E-07,4.0000006),
  .PIECEWISE_BEZIER_KNOTS.);
#10917 = CARTESIAN_POINT('',(0.729727656227,-5.999999999062E-07));
#10918 = CARTESIAN_POINT('',(0.729727656227,4.0000006));
#10919 = ( GEOMETRIC_REPRESENTATION_CONTEXT(2) 
PARAMETRIC_REPRESENTATION_CONTEXT() REPRESENTATION_CONTEXT('2D SPACE',''
  ) );
#10920 = PCURVE('',#10572,#10921);
#10921 = DEFINITIONAL_REPRESENTATION('',(#10922),#10925);
#10922 = B_SPLINE_CURVE_WITH_KNOTS('',1,(#10923,#10924),.UNSPECIFIED.,
  .F.,.F.,(2,2),(-6.000000043471E-07,4.0000006),
  .PIECEWISE_BEZIER_KNOTS.);
#10923 = CARTESIAN_POINT('',(22.360679774998,6.0000006));
#10924 = CARTESIAN_POINT('',(22.360679774998,1.9999994));
#10925 = ( GEOMETRIC_REPRESENTATION_CONTEXT(2) 
PARAMETRIC_REPRESENTATION_CONTEXT() REPRESENTATION_CONTEXT('2D SPACE',''
  ) );
#10926 = ORIENTED_EDGE('',*,*,#10583,.T.);
#10927 = ORIENTED_EDGE('',*,*,#10885,.T.);
#10928 = ADVANCED_FACE('',(#10929),#10488,.T.);
#10929 = FACE_BOUND('',#10930,.T.);
#10930 = EDGE_LOOP('',(#10931,#10932,#10933,#10934));
#10931 = ORIENTED_EDGE('',*,*,#10716,.F.);
#10932 = ORIENTED_EDGE('',*,*,#10692,.F.);
#10933 = ORIENTED_EDGE('',*,*,#10471,.T.);
#10934 = ORIENTED_EDGE('',*,*,#10935,.T.);
#10935 = EDGE_CURVE('',#10472,#10717,#10936,.T.);
#10936 = SURFACE_CURVE('',#10937,(#10941,#10947),.PCURVE_S1.);
#10937 = LINE('',#10938,#10939);
#10938 = CARTESIAN_POINT('',(32.360679774998,2.,35.));
#10939 = VECTOR('',#10940,1.);
#10940 = DIRECTION('',(0.,-1.,2.22044604925E-16));
#10941 = PCURVE('',#10488,#10942);
#10942 = DEFINITIONAL_REPRESENTATION('',(#10943),#10946);
#10943 = B_SPLINE_CURVE_WITH_KNOTS('',1,(#10944,#10945),.UNSPECIFIED.,
  .F.,.F.,(2,2),(-5.999999954653E-07,4.0000006),
  .PIECEWISE_BEZIER_KNOTS.);
#10944 = CARTESIAN_POINT('',(5.553457650953,-5.999999999062E-07));
#10945 = CARTESIAN_POINT('',(5.553457650953,4.0000006));
#10946 = ( GEOMETRIC_REPRESENTATION_CONTEXT(2) 
PARAMETRIC_REPRESENTATION_CONTEXT() REPRESENTATION_CONTEXT('2D SPACE',''
  ) );
#10947 = PCURVE('',#10516,#10948);
#10948 = DEFINITIONAL_REPRESENTATION('',(#10949),#10952);
#10949 = B_SPLINE_CURVE_WITH_KNOTS('',1,(#10950,#10951),.UNSPECIFIED.,
  .F.,.F.,(2,2),(-5.999999954653E-07,4.0000006),
  .PIECEWISE_BEZIER_KNOTS.);
#10950 = CARTESIAN_POINT('',(22.360679774998,6.0000006));
#10951 = CARTESIAN_POINT('',(22.360679774998,1.9999994));
#10952 = ( GEOMETRIC_REPRESENTATION_CONTEXT(2) 
PARAMETRIC_REPRESENTATION_CONTEXT() REPRESENTATION_CONTEXT('2D SPACE',''
  ) );
#10953 = ADVANCED_FACE('',(#10954),#10572,.F.);
#10954 = FACE_BOUND('',#10955,.F.);
#10955 = EDGE_LOOP('',(#10956,#10957,#10958,#10977));
#10956 = ORIENTED_EDGE('',*,*,#10908,.F.);
#10957 = ORIENTED_EDGE('',*,*,#10556,.T.);
#10958 = ORIENTED_EDGE('',*,*,#10959,.T.);
#10959 = EDGE_CURVE('',#10528,#10763,#10960,.T.);
#10960 = SURFACE_CURVE('',#10961,(#10965,#10971),.PCURVE_S1.);
#10961 = LINE('',#10962,#10963);
#10962 = CARTESIAN_POINT('',(16.403124237433,3.,75.));
#10963 = VECTOR('',#10964,1.);
#10964 = DIRECTION('',(0.,-1.,2.22044604925E-16));
#10965 = PCURVE('',#10572,#10966);
#10966 = DEFINITIONAL_REPRESENTATION('',(#10967),#10970);
#10967 = B_SPLINE_CURVE_WITH_KNOTS('',1,(#10968,#10969),.UNSPECIFIED.,
  .F.,.F.,(2,2),(0.9999994,5.0000006),.PIECEWISE_BEZIER_KNOTS.);
#10968 = CARTESIAN_POINT('',(6.403124237433,6.0000006));
#10969 = CARTESIAN_POINT('',(6.403124237433,1.9999994));
#10970 = ( GEOMETRIC_REPRESENTATION_CONTEXT(2) 
PARAMETRIC_REPRESENTATION_CONTEXT() REPRESENTATION_CONTEXT('2D SPACE',''
  ) );
#10971 = PCURVE('',#10544,#10972);
#10972 = DEFINITIONAL_REPRESENTATION('',(#10973),#10976);
#10973 = B_SPLINE_CURVE_WITH_KNOTS('',1,(#10974,#10975),.UNSPECIFIED.,
  .F.,.F.,(2,2),(0.9999994,5.0000006),.PIECEWISE_BEZIER_KNOTS.);
#10974 = CARTESIAN_POINT('',(1.260951687053,0.9999994));
#10975 = CARTESIAN_POINT('',(1.260951687053,5.0000006));
#10976 = ( GEOMETRIC_REPRESENTATION_CONTEXT(2) 
PARAMETRIC_REPRESENTATION_CONTEXT() REPRESENTATION_CONTEXT('2D SPACE',''
  ) );
#10977 = ORIENTED_EDGE('',*,*,#10786,.F.);
#10978 = ADVANCED_FACE('',(#10979),#10516,.T.);
#10979 = FACE_BOUND('',#10980,.T.);
#10980 = EDGE_LOOP('',(#10981,#10982,#10983,#11002));
#10981 = ORIENTED_EDGE('',*,*,#10935,.F.);
#10982 = ORIENTED_EDGE('',*,*,#10500,.T.);
#10983 = ORIENTED_EDGE('',*,*,#10984,.T.);
#10984 = EDGE_CURVE('',#10501,#10741,#10985,.T.);
#10985 = SURFACE_CURVE('',#10986,(#10990,#10996),.PCURVE_S1.);
#10986 = LINE('',#10987,#10988);
#10987 = CARTESIAN_POINT('',(16.403124237433,3.,35.));
#10988 = VECTOR('',#10989,1.);
#10989 = DIRECTION('',(0.,-1.,2.22044604925E-16));
#10990 = PCURVE('',#10516,#10991);
#10991 = DEFINITIONAL_REPRESENTATION('',(#10992),#10995);
#10992 = B_SPLINE_CURVE_WITH_KNOTS('',1,(#10993,#10994),.UNSPECIFIED.,
  .F.,.F.,(2,2),(0.9999994,5.0000006),.PIECEWISE_BEZIER_KNOTS.);
#10993 = CARTESIAN_POINT('',(6.403124237433,6.0000006));
#10994 = CARTESIAN_POINT('',(6.403124237433,1.9999994));
#10995 = ( GEOMETRIC_REPRESENTATION_CONTEXT(2) 
PARAMETRIC_REPRESENTATION_CONTEXT() REPRESENTATION_CONTEXT('2D SPACE',''
  ) );
#10996 = PCURVE('',#10544,#10997);
#10997 = DEFINITIONAL_REPRESENTATION('',(#10998),#11001);
#10998 = B_SPLINE_CURVE_WITH_KNOTS('',1,(#10999,#11000),.UNSPECIFIED.,
  .F.,.F.,(2,2),(0.9999994,5.0000006),.PIECEWISE_BEZIER_KNOTS.);
#10999 = CARTESIAN_POINT('',(5.022233620126,0.9999994));
#11000 = CARTESIAN_POINT('',(5.022233620126,5.0000006));
#11001 = ( GEOMETRIC_REPRESENTATION_CONTEXT(2) 
PARAMETRIC_REPRESENTATION_CONTEXT() REPRESENTATION_CONTEXT('2D SPACE',''
  ) );
#11002 = ORIENTED_EDGE('',*,*,#10740,.F.);
#11003 = ADVANCED_FACE('',(#11004),#10544,.F.);
#11004 = FACE_BOUND('',#11005,.F.);
#11005 = EDGE_LOOP('',(#11006,#11007,#11008,#11009));
#11006 = ORIENTED_EDGE('',*,*,#10762,.F.);
#11007 = ORIENTED_EDGE('',*,*,#10959,.F.);
#11008 = ORIENTED_EDGE('',*,*,#10527,.T.);
#11009 = ORIENTED_EDGE('',*,*,#10984,.T.);
#11010 = ADVANCED_FACE('',(#11011),#10652,.F.);
#11011 = FACE_BOUND('',#11012,.F.);
#11012 = EDGE_LOOP('',(#11013,#11014,#11035,#11036));
#11013 = ORIENTED_EDGE('',*,*,#10855,.F.);
#11014 = ORIENTED_EDGE('',*,*,#11015,.F.);
#11015 = EDGE_CURVE('',#10636,#10856,#11016,.T.);
#11016 = SEAM_CURVE('',#11017,(#11021,#11028),.PCURVE_S1.);
#11017 = LINE('',#11018,#11019);
#11018 = CARTESIAN_POINT('',(2.8,3.,-6.858022075225E-16));
#11019 = VECTOR('',#11020,1.);
#11020 = DIRECTION('',(0.,-1.,2.22044604925E-16));
#11021 = PCURVE('',#10652,#11022);
#11022 = DEFINITIONAL_REPRESENTATION('',(#11023),#11027);
#11023 = LINE('',#11024,#11025);
#11024 = CARTESIAN_POINT('',(6.28318530718,-0.));
#11025 = VECTOR('',#11026,1.);
#11026 = DIRECTION('',(0.,1.));
#11027 = ( GEOMETRIC_REPRESENTATION_CONTEXT(2) 
PARAMETRIC_REPRESENTATION_CONTEXT() REPRESENTATION_CONTEXT('2D SPACE',''
  ) );
#11028 = PCURVE('',#10652,#11029);
#11029 = DEFINITIONAL_REPRESENTATION('',(#11030),#11034);
#11030 = LINE('',#11031,#11032);
#11031 = CARTESIAN_POINT('',(0.,-0.));
#11032 = VECTOR('',#11033,1.);
#11033 = DIRECTION('',(0.,1.));
#11034 = ( GEOMETRIC_REPRESENTATION_CONTEXT(2) 
PARAMETRIC_REPRESENTATION_CONTEXT() REPRESENTATION_CONTEXT('2D SPACE',''
  ) );
#11035 = ORIENTED_EDGE('',*,*,#10635,.T.);
#11036 = ORIENTED_EDGE('',*,*,#11015,.T.);
#11037 = ( GEOMETRIC_REPRESENTATION_CONTEXT(3) 
GLOBAL_UNCERTAINTY_ASSIGNED_CONTEXT((#11041)) 
GLOBAL_UNIT_ASSIGNED_CONTEXT((#11038,#11039,#11040)) 
REPRESENTATION_CONTEXT('Context #1',
  '3D Context with UNIT and UNCERTAINTY') );
#11038 = ( LENGTH_UNIT() NAMED_UNIT(*) SI_UNIT(.MILLI.,.METRE.) );
#11039 = ( NAMED_UNIT(*) PLANE_ANGLE_UNIT() SI_UNIT($,.RADIAN.) );
#11040 = ( NAMED_UNIT(*) SI_UNIT($,.STERADIAN.) SOLID_ANGLE_UNIT() );
#11041 = UNCERTAINTY_MEASURE_WITH_UNIT(LENGTH_MEASURE(1.E-07),#11038,
  'distance_accuracy_value','confusion accuracy');
#11042 = CONTEXT_DEPENDENT_SHAPE_REPRESENTATION(#11043,#11045);
#11043 = ( REPRESENTATION_RELATIONSHIP('','',#10318,#10) 
REPRESENTATION_RELATIONSHIP_WITH_TRANSFORMATION(#11044) 
SHAPE_REPRESENTATION_RELATIONSHIP() );
#11044 = ITEM_DEFINED_TRANSFORMATION('','',#11,#27);
#11045 = PRODUCT_DEFINITION_SHAPE('Placement','Placement of an item',
  #11046);
#11046 = NEXT_ASSEMBLY_USAGE_OCCURRENCE('15','folding_hook','',#5,#10313
  ,$);
#11047 = PRODUCT_RELATED_PRODUCT_CATEGORY('part',$,(#10315));
#11048 = SHAPE_DEFINITION_REPRESENTATION(#11049,#11055);
#11049 = PRODUCT_DEFINITION_SHAPE('','',#11050);
#11050 = PRODUCT_DEFINITION('design','',#11051,#11054);
#11051 = PRODUCT_DEFINITION_FORMATION('','',#11052);
#11052 = PRODUCT('dual_positive_lock_bar','dual_positive_lock_bar','',(
    #11053));
#11053 = PRODUCT_CONTEXT('',#2,'mechanical');
#11054 = PRODUCT_DEFINITION_CONTEXT('part definition',#2,'design');
#11055 = ADVANCED_BREP_SHAPE_REPRESENTATION('',(#11,#11056),#11708);
#11056 = MANIFOLD_SOLID_BREP('',#11057);
#11057 = CLOSED_SHELL('',(#11058,#11178,#11368,#11417,#11466,#11493,
    #11500,#11576,#11625,#11674,#11701));
#11058 = ADVANCED_FACE('',(#11059),#11073,.F.);
#11059 = FACE_BOUND('',#11060,.F.);
#11060 = EDGE_LOOP('',(#11061,#11096,#11124,#11152));
#11061 = ORIENTED_EDGE('',*,*,#11062,.F.);
#11062 = EDGE_CURVE('',#11063,#11065,#11067,.T.);
#11063 = VERTEX_POINT('',#11064);
#11064 = CARTESIAN_POINT('',(-39.,-3.,-18.));
#11065 = VERTEX_POINT('',#11066);
#11066 = CARTESIAN_POINT('',(-39.,-3.,-12.));
#11067 = SURFACE_CURVE('',#11068,(#11072,#11084),.PCURVE_S1.);
#11068 = LINE('',#11069,#11070);
#11069 = CARTESIAN_POINT('',(-39.,-3.,-18.));
#11070 = VECTOR('',#11071,1.);
#11071 = DIRECTION('',(0.,0.,1.));
#11072 = PCURVE('',#11073,#11078);
#11073 = PLANE('',#11074);
#11074 = AXIS2_PLACEMENT_3D('',#11075,#11076,#11077);
#11075 = CARTESIAN_POINT('',(-39.,-3.,-18.));
#11076 = DIRECTION('',(1.,0.,-0.));
#11077 = DIRECTION('',(0.,0.,1.));
#11078 = DEFINITIONAL_REPRESENTATION('',(#11079),#11083);
#11079 = LINE('',#11080,#11081);
#11080 = CARTESIAN_POINT('',(0.,0.));
#11081 = VECTOR('',#11082,1.);
#11082 = DIRECTION('',(1.,0.));
#11083 = ( GEOMETRIC_REPRESENTATION_CONTEXT(2) 
PARAMETRIC_REPRESENTATION_CONTEXT() REPRESENTATION_CONTEXT('2D SPACE',''
  ) );
#11084 = PCURVE('',#11085,#11090);
#11085 = PLANE('',#11086);
#11086 = AXIS2_PLACEMENT_3D('',#11087,#11088,#11089);
#11087 = CARTESIAN_POINT('',(-39.,-3.,-18.));
#11088 = DIRECTION('',(-0.,1.,0.));
#11089 = DIRECTION('',(0.,0.,1.));
#11090 = DEFINITIONAL_REPRESENTATION('',(#11091),#11095);
#11091 = LINE('',#11092,#11093);
#11092 = CARTESIAN_POINT('',(0.,0.));
#11093 = VECTOR('',#11094,1.);
#11094 = DIRECTION('',(1.,0.));
#11095 = ( GEOMETRIC_REPRESENTATION_CONTEXT(2) 
PARAMETRIC_REPRESENTATION_CONTEXT() REPRESENTATION_CONTEXT('2D SPACE',''
  ) );
#11096 = ORIENTED_EDGE('',*,*,#11097,.T.);
#11097 = EDGE_CURVE('',#11063,#11098,#11100,.T.);
#11098 = VERTEX_POINT('',#11099);
#11099 = CARTESIAN_POINT('',(-39.,3.,-18.));
#11100 = SURFACE_CURVE('',#11101,(#11105,#11112),.PCURVE_S1.);
#11101 = LINE('',#11102,#11103);
#11102 = CARTESIAN_POINT('',(-39.,-3.,-18.));
#11103 = VECTOR('',#11104,1.);
#11104 = DIRECTION('',(-0.,1.,0.));
#11105 = PCURVE('',#11073,#11106);
#11106 = DEFINITIONAL_REPRESENTATION('',(#11107),#11111);
#11107 = LINE('',#11108,#11109);
#11108 = CARTESIAN_POINT('',(0.,0.));
#11109 = VECTOR('',#11110,1.);
#11110 = DIRECTION('',(0.,-1.));
#11111 = ( GEOMETRIC_REPRESENTATION_CONTEXT(2) 
PARAMETRIC_REPRESENTATION_CONTEXT() REPRESENTATION_CONTEXT('2D SPACE',''
  ) );
#11112 = PCURVE('',#11113,#11118);
#11113 = PLANE('',#11114);
#11114 = AXIS2_PLACEMENT_3D('',#11115,#11116,#11117);
#11115 = CARTESIAN_POINT('',(-39.,-3.,-18.));
#11116 = DIRECTION('',(0.,0.,1.));
#11117 = DIRECTION('',(1.,0.,-0.));
#11118 = DEFINITIONAL_REPRESENTATION('',(#11119),#11123);
#11119 = LINE('',#11120,#11121);
#11120 = CARTESIAN_POINT('',(0.,0.));
#11121 = VECTOR('',#11122,1.);
#11122 = DIRECTION('',(0.,1.));
#11123 = ( GEOMETRIC_REPRESENTATION_CONTEXT(2) 
PARAMETRIC_REPRESENTATION_CONTEXT() REPRESENTATION_CONTEXT('2D SPACE',''
  ) );
#11124 = ORIENTED_EDGE('',*,*,#11125,.T.);
#11125 = EDGE_CURVE('',#11098,#11126,#11128,.T.);
#11126 = VERTEX_POINT('',#11127);
#11127 = CARTESIAN_POINT('',(-39.,3.,-12.));
#11128 = SURFACE_CURVE('',#11129,(#11133,#11140),.PCURVE_S1.);
#11129 = LINE('',#11130,#11131);
#11130 = CARTESIAN_POINT('',(-39.,3.,-18.));
#11131 = VECTOR('',#11132,1.);
#11132 = DIRECTION('',(0.,0.,1.));
#11133 = PCURVE('',#11073,#11134);
#11134 = DEFINITIONAL_REPRESENTATION('',(#11135),#11139);
#11135 = LINE('',#11136,#11137);
#11136 = CARTESIAN_POINT('',(0.,-6.));
#11137 = VECTOR('',#11138,1.);
#11138 = DIRECTION('',(1.,0.));
#11139 = ( GEOMETRIC_REPRESENTATION_CONTEXT(2) 
PARAMETRIC_REPRESENTATION_CONTEXT() REPRESENTATION_CONTEXT('2D SPACE',''
  ) );
#11140 = PCURVE('',#11141,#11146);
#11141 = PLANE('',#11142);
#11142 = AXIS2_PLACEMENT_3D('',#11143,#11144,#11145);
#11143 = CARTESIAN_POINT('',(-39.,3.,-18.));
#11144 = DIRECTION('',(-0.,1.,0.));
#11145 = DIRECTION('',(0.,0.,1.));
#11146 = DEFINITIONAL_REPRESENTATION('',(#11147),#11151);
#11147 = LINE('',#11148,#11149);
#11148 = CARTESIAN_POINT('',(0.,0.));
#11149 = VECTOR('',#11150,1.);
#11150 = DIRECTION('',(1.,0.));
#11151 = ( GEOMETRIC_REPRESENTATION_CONTEXT(2) 
PARAMETRIC_REPRESENTATION_CONTEXT() REPRESENTATION_CONTEXT('2D SPACE',''
  ) );
#11152 = ORIENTED_EDGE('',*,*,#11153,.F.);
#11153 = EDGE_CURVE('',#11065,#11126,#11154,.T.);
#11154 = SURFACE_CURVE('',#11155,(#11159,#11166),.PCURVE_S1.);
#11155 = LINE('',#11156,#11157);
#11156 = CARTESIAN_POINT('',(-39.,-3.,-12.));
#11157 = VECTOR('',#11158,1.);
#11158 = DIRECTION('',(-0.,1.,0.));
#11159 = PCURVE('',#11073,#11160);
#11160 = DEFINITIONAL_REPRESENTATION('',(#11161),#11165);
#11161 = LINE('',#11162,#11163);
#11162 = CARTESIAN_POINT('',(6.,0.));
#11163 = VECTOR('',#11164,1.);
#11164 = DIRECTION('',(0.,-1.));
#11165 = ( GEOMETRIC_REPRESENTATION_CONTEXT(2) 
PARAMETRIC_REPRESENTATION_CONTEXT() REPRESENTATION_CONTEXT('2D SPACE',''
  ) );
#11166 = PCURVE('',#11167,#11172);
#11167 = PLANE('',#11168);
#11168 = AXIS2_PLACEMENT_3D('',#11169,#11170,#11171);
#11169 = CARTESIAN_POINT('',(-39.,-3.,-12.));
#11170 = DIRECTION('',(0.,0.,1.));
#11171 = DIRECTION('',(1.,0.,-0.));
#11172 = DEFINITIONAL_REPRESENTATION('',(#11173),#11177);
#11173 = LINE('',#11174,#11175);
#11174 = CARTESIAN_POINT('',(0.,0.));
#11175 = VECTOR('',#11176,1.);
#11176 = DIRECTION('',(0.,1.));
#11177 = ( GEOMETRIC_REPRESENTATION_CONTEXT(2) 
PARAMETRIC_REPRESENTATION_CONTEXT() REPRESENTATION_CONTEXT('2D SPACE',''
  ) );
#11178 = ADVANCED_FACE('',(#11179,#11254),#11085,.F.);
#11179 = FACE_BOUND('',#11180,.F.);
#11180 = EDGE_LOOP('',(#11181,#11204,#11205,#11228));
#11181 = ORIENTED_EDGE('',*,*,#11182,.F.);
#11182 = EDGE_CURVE('',#11063,#11183,#11185,.T.);
#11183 = VERTEX_POINT('',#11184);
#11184 = CARTESIAN_POINT('',(39.,-3.,-18.));
#11185 = SURFACE_CURVE('',#11186,(#11190,#11197),.PCURVE_S1.);
#11186 = LINE('',#11187,#11188);
#11187 = CARTESIAN_POINT('',(-39.,-3.,-18.));
#11188 = VECTOR('',#11189,1.);
#11189 = DIRECTION('',(1.,0.,-0.));
#11190 = PCURVE('',#11085,#11191);
#11191 = DEFINITIONAL_REPRESENTATION('',(#11192),#11196);
#11192 = LINE('',#11193,#11194);
#11193 = CARTESIAN_POINT('',(0.,0.));
#11194 = VECTOR('',#11195,1.);
#11195 = DIRECTION('',(0.,1.));
#11196 = ( GEOMETRIC_REPRESENTATION_CONTEXT(2) 
PARAMETRIC_REPRESENTATION_CONTEXT() REPRESENTATION_CONTEXT('2D SPACE',''
  ) );
#11197 = PCURVE('',#11113,#11198);
#11198 = DEFINITIONAL_REPRESENTATION('',(#11199),#11203);
#11199 = LINE('',#11200,#11201);
#11200 = CARTESIAN_POINT('',(0.,0.));
#11201 = VECTOR('',#11202,1.);
#11202 = DIRECTION('',(1.,0.));
#11203 = ( GEOMETRIC_REPRESENTATION_CONTEXT(2) 
PARAMETRIC_REPRESENTATION_CONTEXT() REPRESENTATION_CONTEXT('2D SPACE',''
  ) );
#11204 = ORIENTED_EDGE('',*,*,#11062,.T.);
#11205 = ORIENTED_EDGE('',*,*,#11206,.T.);
#11206 = EDGE_CURVE('',#11065,#11207,#11209,.T.);
#11207 = VERTEX_POINT('',#11208);
#11208 = CARTESIAN_POINT('',(39.,-3.,-12.));
#11209 = SURFACE_CURVE('',#11210,(#11214,#11221),.PCURVE_S1.);
#11210 = LINE('',#11211,#11212);
#11211 = CARTESIAN_POINT('',(-39.,-3.,-12.));
#11212 = VECTOR('',#11213,1.);
#11213 = DIRECTION('',(1.,0.,-0.));
#11214 = PCURVE('',#11085,#11215);
#11215 = DEFINITIONAL_REPRESENTATION('',(#11216),#11220);
#11216 = LINE('',#11217,#11218);
#11217 = CARTESIAN_POINT('',(6.,0.));
#11218 = VECTOR('',#11219,1.);
#11219 = DIRECTION('',(0.,1.));
#11220 = ( GEOMETRIC_REPRESENTATION_CONTEXT(2) 
PARAMETRIC_REPRESENTATION_CONTEXT() REPRESENTATION_CONTEXT('2D SPACE',''
  ) );
#11221 = PCURVE('',#11167,#11222);
#11222 = DEFINITIONAL_REPRESENTATION('',(#11223),#11227);
#11223 = LINE('',#11224,#11225);
#11224 = CARTESIAN_POINT('',(0.,0.));
#11225 = VECTOR('',#11226,1.);
#11226 = DIRECTION('',(1.,0.));
#11227 = ( GEOMETRIC_REPRESENTATION_CONTEXT(2) 
PARAMETRIC_REPRESENTATION_CONTEXT() REPRESENTATION_CONTEXT('2D SPACE',''
  ) );
#11228 = ORIENTED_EDGE('',*,*,#11229,.F.);
#11229 = EDGE_CURVE('',#11183,#11207,#11230,.T.);
#11230 = SURFACE_CURVE('',#11231,(#11235,#11242),.PCURVE_S1.);
#11231 = LINE('',#11232,#11233);
#11232 = CARTESIAN_POINT('',(39.,-3.,-18.));
#11233 = VECTOR('',#11234,1.);
#11234 = DIRECTION('',(0.,0.,1.));
#11235 = PCURVE('',#11085,#11236);
#11236 = DEFINITIONAL_REPRESENTATION('',(#11237),#11241);
#11237 = LINE('',#11238,#11239);
#11238 = CARTESIAN_POINT('',(0.,78.));
#11239 = VECTOR('',#11240,1.);
#11240 = DIRECTION('',(1.,0.));
#11241 = ( GEOMETRIC_REPRESENTATION_CONTEXT(2) 
PARAMETRIC_REPRESENTATION_CONTEXT() REPRESENTATION_CONTEXT('2D SPACE',''
  ) );
#11242 = PCURVE('',#11243,#11248);
#11243 = PLANE('',#11244);
#11244 = AXIS2_PLACEMENT_3D('',#11245,#11246,#11247);
#11245 = CARTESIAN_POINT('',(39.,-3.,-18.));
#11246 = DIRECTION('',(1.,0.,-0.));
#11247 = DIRECTION('',(0.,0.,1.));
#11248 = DEFINITIONAL_REPRESENTATION('',(#11249),#11253);
#11249 = LINE('',#11250,#11251);
#11250 = CARTESIAN_POINT('',(0.,0.));
#11251 = VECTOR('',#11252,1.);
#11252 = DIRECTION('',(1.,0.));
#11253 = ( GEOMETRIC_REPRESENTATION_CONTEXT(2) 
PARAMETRIC_REPRESENTATION_CONTEXT() REPRESENTATION_CONTEXT('2D SPACE',''
  ) );
#11254 = FACE_BOUND('',#11255,.F.);
#11255 = EDGE_LOOP('',(#11256,#11286,#11314,#11342));
#11256 = ORIENTED_EDGE('',*,*,#11257,.F.);
#11257 = EDGE_CURVE('',#11258,#11260,#11262,.T.);
#11258 = VERTEX_POINT('',#11259);
#11259 = CARTESIAN_POINT('',(-10.,-3.,-13.));
#11260 = VERTEX_POINT('',#11261);
#11261 = CARTESIAN_POINT('',(10.,-3.,-13.));
#11262 = SURFACE_CURVE('',#11263,(#11267,#11274),.PCURVE_S1.);
#11263 = LINE('',#11264,#11265);
#11264 = CARTESIAN_POINT('',(-10.,-3.,-13.));
#11265 = VECTOR('',#11266,1.);
#11266 = DIRECTION('',(1.,0.,-0.));
#11267 = PCURVE('',#11085,#11268);
#11268 = DEFINITIONAL_REPRESENTATION('',(#11269),#11273);
#11269 = LINE('',#11270,#11271);
#11270 = CARTESIAN_POINT('',(5.,29.));
#11271 = VECTOR('',#11272,1.);
#11272 = DIRECTION('',(0.,1.));
#11273 = ( GEOMETRIC_REPRESENTATION_CONTEXT(2) 
PARAMETRIC_REPRESENTATION_CONTEXT() REPRESENTATION_CONTEXT('2D SPACE',''
  ) );
#11274 = PCURVE('',#11275,#11280);
#11275 = PLANE('',#11276);
#11276 = AXIS2_PLACEMENT_3D('',#11277,#11278,#11279);
#11277 = CARTESIAN_POINT('',(-10.,-8.5,-13.));
#11278 = DIRECTION('',(0.,0.,1.));
#11279 = DIRECTION('',(1.,0.,-0.));
#11280 = DEFINITIONAL_REPRESENTATION('',(#11281),#11285);
#11281 = LINE('',#11282,#11283);
#11282 = CARTESIAN_POINT('',(0.,5.5));
#11283 = VECTOR('',#11284,1.);
#11284 = DIRECTION('',(1.,0.));
#11285 = ( GEOMETRIC_REPRESENTATION_CONTEXT(2) 
PARAMETRIC_REPRESENTATION_CONTEXT() REPRESENTATION_CONTEXT('2D SPACE',''
  ) );
#11286 = ORIENTED_EDGE('',*,*,#11287,.F.);
#11287 = EDGE_CURVE('',#11288,#11258,#11290,.T.);
#11288 = VERTEX_POINT('',#11289);
#11289 = CARTESIAN_POINT('',(-10.,-3.,-17.));
#11290 = SURFACE_CURVE('',#11291,(#11295,#11302),.PCURVE_S1.);
#11291 = LINE('',#11292,#11293);
#11292 = CARTESIAN_POINT('',(-10.,-3.,-17.));
#11293 = VECTOR('',#11294,1.);
#11294 = DIRECTION('',(0.,0.,1.));
#11295 = PCURVE('',#11085,#11296);
#11296 = DEFINITIONAL_REPRESENTATION('',(#11297),#11301);
#11297 = LINE('',#11298,#11299);
#11298 = CARTESIAN_POINT('',(1.,29.));
#11299 = VECTOR('',#11300,1.);
#11300 = DIRECTION('',(1.,0.));
#11301 = ( GEOMETRIC_REPRESENTATION_CONTEXT(2) 
PARAMETRIC_REPRESENTATION_CONTEXT() REPRESENTATION_CONTEXT('2D SPACE',''
  ) );
#11302 = PCURVE('',#11303,#11308);
#11303 = PLANE('',#11304);
#11304 = AXIS2_PLACEMENT_3D('',#11305,#11306,#11307);
#11305 = CARTESIAN_POINT('',(-10.,-8.5,-17.));
#11306 = DIRECTION('',(1.,0.,-0.));
#11307 = DIRECTION('',(0.,0.,1.));
#11308 = DEFINITIONAL_REPRESENTATION('',(#11309),#11313);
#11309 = LINE('',#11310,#11311);
#11310 = CARTESIAN_POINT('',(0.,-5.5));
#11311 = VECTOR('',#11312,1.);
#11312 = DIRECTION('',(1.,0.));
#11313 = ( GEOMETRIC_REPRESENTATION_CONTEXT(2) 
PARAMETRIC_REPRESENTATION_CONTEXT() REPRESENTATION_CONTEXT('2D SPACE',''
  ) );
#11314 = ORIENTED_EDGE('',*,*,#11315,.T.);
#11315 = EDGE_CURVE('',#11288,#11316,#11318,.T.);
#11316 = VERTEX_POINT('',#11317);
#11317 = CARTESIAN_POINT('',(10.,-3.,-17.));
#11318 = SURFACE_CURVE('',#11319,(#11323,#11330),.PCURVE_S1.);
#11319 = LINE('',#11320,#11321);
#11320 = CARTESIAN_POINT('',(-10.,-3.,-17.));
#11321 = VECTOR('',#11322,1.);
#11322 = DIRECTION('',(1.,0.,-0.));
#11323 = PCURVE('',#11085,#11324);
#11324 = DEFINITIONAL_REPRESENTATION('',(#11325),#11329);
#11325 = LINE('',#11326,#11327);
#11326 = CARTESIAN_POINT('',(1.,29.));
#11327 = VECTOR('',#11328,1.);
#11328 = DIRECTION('',(0.,1.));
#11329 = ( GEOMETRIC_REPRESENTATION_CONTEXT(2) 
PARAMETRIC_REPRESENTATION_CONTEXT() REPRESENTATION_CONTEXT('2D SPACE',''
  ) );
#11330 = PCURVE('',#11331,#11336);
#11331 = PLANE('',#11332);
#11332 = AXIS2_PLACEMENT_3D('',#11333,#11334,#11335);
#11333 = CARTESIAN_POINT('',(-10.,-8.5,-17.));
#11334 = DIRECTION('',(0.,0.,1.));
#11335 = DIRECTION('',(1.,0.,-0.));
#11336 = DEFINITIONAL_REPRESENTATION('',(#11337),#11341);
#11337 = LINE('',#11338,#11339);
#11338 = CARTESIAN_POINT('',(0.,5.5));
#11339 = VECTOR('',#11340,1.);
#11340 = DIRECTION('',(1.,0.));
#11341 = ( GEOMETRIC_REPRESENTATION_CONTEXT(2) 
PARAMETRIC_REPRESENTATION_CONTEXT() REPRESENTATION_CONTEXT('2D SPACE',''
  ) );
#11342 = ORIENTED_EDGE('',*,*,#11343,.T.);
#11343 = EDGE_CURVE('',#11316,#11260,#11344,.T.);
#11344 = SURFACE_CURVE('',#11345,(#11349,#11356),.PCURVE_S1.);
#11345 = LINE('',#11346,#11347);
#11346 = CARTESIAN_POINT('',(10.,-3.,-17.));
#11347 = VECTOR('',#11348,1.);
#11348 = DIRECTION('',(0.,0.,1.));
#11349 = PCURVE('',#11085,#11350);
#11350 = DEFINITIONAL_REPRESENTATION('',(#11351),#11355);
#11351 = LINE('',#11352,#11353);
#11352 = CARTESIAN_POINT('',(1.,49.));
#11353 = VECTOR('',#11354,1.);
#11354 = DIRECTION('',(1.,0.));
#11355 = ( GEOMETRIC_REPRESENTATION_CONTEXT(2) 
PARAMETRIC_REPRESENTATION_CONTEXT() REPRESENTATION_CONTEXT('2D SPACE',''
  ) );
#11356 = PCURVE('',#11357,#11362);
#11357 = PLANE('',#11358);
#11358 = AXIS2_PLACEMENT_3D('',#11359,#11360,#11361);
#11359 = CARTESIAN_POINT('',(10.,-8.5,-17.));
#11360 = DIRECTION('',(1.,0.,-0.));
#11361 = DIRECTION('',(0.,0.,1.));
#11362 = DEFINITIONAL_REPRESENTATION('',(#11363),#11367);
#11363 = LINE('',#11364,#11365);
#11364 = CARTESIAN_POINT('',(0.,-5.5));
#11365 = VECTOR('',#11366,1.);
#11366 = DIRECTION('',(1.,0.));
#11367 = ( GEOMETRIC_REPRESENTATION_CONTEXT(2) 
PARAMETRIC_REPRESENTATION_CONTEXT() REPRESENTATION_CONTEXT('2D SPACE',''
  ) );
#11368 = ADVANCED_FACE('',(#11369),#11167,.T.);
#11369 = FACE_BOUND('',#11370,.T.);
#11370 = EDGE_LOOP('',(#11371,#11372,#11373,#11396));
#11371 = ORIENTED_EDGE('',*,*,#11153,.F.);
#11372 = ORIENTED_EDGE('',*,*,#11206,.T.);
#11373 = ORIENTED_EDGE('',*,*,#11374,.T.);
#11374 = EDGE_CURVE('',#11207,#11375,#11377,.T.);
#11375 = VERTEX_POINT('',#11376);
#11376 = CARTESIAN_POINT('',(39.,3.,-12.));
#11377 = SURFACE_CURVE('',#11378,(#11382,#11389),.PCURVE_S1.);
#11378 = LINE('',#11379,#11380);
#11379 = CARTESIAN_POINT('',(39.,-3.,-12.));
#11380 = VECTOR('',#11381,1.);
#11381 = DIRECTION('',(-0.,1.,0.));
#11382 = PCURVE('',#11167,#11383);
#11383 = DEFINITIONAL_REPRESENTATION('',(#11384),#11388);
#11384 = LINE('',#11385,#11386);
#11385 = CARTESIAN_POINT('',(78.,0.));
#11386 = VECTOR('',#11387,1.);
#11387 = DIRECTION('',(0.,1.));
#11388 = ( GEOMETRIC_REPRESENTATION_CONTEXT(2) 
PARAMETRIC_REPRESENTATION_CONTEXT() REPRESENTATION_CONTEXT('2D SPACE',''
  ) );
#11389 = PCURVE('',#11243,#11390);
#11390 = DEFINITIONAL_REPRESENTATION('',(#11391),#11395);
#11391 = LINE('',#11392,#11393);
#11392 = CARTESIAN_POINT('',(6.,0.));
#11393 = VECTOR('',#11394,1.);
#11394 = DIRECTION('',(0.,-1.));
#11395 = ( GEOMETRIC_REPRESENTATION_CONTEXT(2) 
PARAMETRIC_REPRESENTATION_CONTEXT() REPRESENTATION_CONTEXT('2D SPACE',''
  ) );
#11396 = ORIENTED_EDGE('',*,*,#11397,.F.);
#11397 = EDGE_CURVE('',#11126,#11375,#11398,.T.);
#11398 = SURFACE_CURVE('',#11399,(#11403,#11410),.PCURVE_S1.);
#11399 = LINE('',#11400,#11401);
#11400 = CARTESIAN_POINT('',(-39.,3.,-12.));
#11401 = VECTOR('',#11402,1.);
#11402 = DIRECTION('',(1.,0.,-0.));
#11403 = PCURVE('',#11167,#11404);
#11404 = DEFINITIONAL_REPRESENTATION('',(#11405),#11409);
#11405 = LINE('',#11406,#11407);
#11406 = CARTESIAN_POINT('',(0.,6.));
#11407 = VECTOR('',#11408,1.);
#11408 = DIRECTION('',(1.,0.));
#11409 = ( GEOMETRIC_REPRESENTATION_CONTEXT(2) 
PARAMETRIC_REPRESENTATION_CONTEXT() REPRESENTATION_CONTEXT('2D SPACE',''
  ) );
#11410 = PCURVE('',#11141,#11411);
#11411 = DEFINITIONAL_REPRESENTATION('',(#11412),#11416);
#11412 = LINE('',#11413,#11414);
#11413 = CARTESIAN_POINT('',(6.,0.));
#11414 = VECTOR('',#11415,1.);
#11415 = DIRECTION('',(0.,1.));
#11416 = ( GEOMETRIC_REPRESENTATION_CONTEXT(2) 
PARAMETRIC_REPRESENTATION_CONTEXT() REPRESENTATION_CONTEXT('2D SPACE',''
  ) );
#11417 = ADVANCED_FACE('',(#11418),#11141,.T.);
#11418 = FACE_BOUND('',#11419,.T.);
#11419 = EDGE_LOOP('',(#11420,#11443,#11444,#11445));
#11420 = ORIENTED_EDGE('',*,*,#11421,.F.);
#11421 = EDGE_CURVE('',#11098,#11422,#11424,.T.);
#11422 = VERTEX_POINT('',#11423);
#11423 = CARTESIAN_POINT('',(39.,3.,-18.));
#11424 = SURFACE_CURVE('',#11425,(#11429,#11436),.PCURVE_S1.);
#11425 = LINE('',#11426,#11427);
#11426 = CARTESIAN_POINT('',(-39.,3.,-18.));
#11427 = VECTOR('',#11428,1.);
#11428 = DIRECTION('',(1.,0.,-0.));
#11429 = PCURVE('',#11141,#11430);
#11430 = DEFINITIONAL_REPRESENTATION('',(#11431),#11435);
#11431 = LINE('',#11432,#11433);
#11432 = CARTESIAN_POINT('',(0.,0.));
#11433 = VECTOR('',#11434,1.);
#11434 = DIRECTION('',(0.,1.));
#11435 = ( GEOMETRIC_REPRESENTATION_CONTEXT(2) 
PARAMETRIC_REPRESENTATION_CONTEXT() REPRESENTATION_CONTEXT('2D SPACE',''
  ) );
#11436 = PCURVE('',#11113,#11437);
#11437 = DEFINITIONAL_REPRESENTATION('',(#11438),#11442);
#11438 = LINE('',#11439,#11440);
#11439 = CARTESIAN_POINT('',(0.,6.));
#11440 = VECTOR('',#11441,1.);
#11441 = DIRECTION('',(1.,0.));
#11442 = ( GEOMETRIC_REPRESENTATION_CONTEXT(2) 
PARAMETRIC_REPRESENTATION_CONTEXT() REPRESENTATION_CONTEXT('2D SPACE',''
  ) );
#11443 = ORIENTED_EDGE('',*,*,#11125,.T.);
#11444 = ORIENTED_EDGE('',*,*,#11397,.T.);
#11445 = ORIENTED_EDGE('',*,*,#11446,.F.);
#11446 = EDGE_CURVE('',#11422,#11375,#11447,.T.);
#11447 = SURFACE_CURVE('',#11448,(#11452,#11459),.PCURVE_S1.);
#11448 = LINE('',#11449,#11450);
#11449 = CARTESIAN_POINT('',(39.,3.,-18.));
#11450 = VECTOR('',#11451,1.);
#11451 = DIRECTION('',(0.,0.,1.));
#11452 = PCURVE('',#11141,#11453);
#11453 = DEFINITIONAL_REPRESENTATION('',(#11454),#11458);
#11454 = LINE('',#11455,#11456);
#11455 = CARTESIAN_POINT('',(0.,78.));
#11456 = VECTOR('',#11457,1.);
#11457 = DIRECTION('',(1.,0.));
#11458 = ( GEOMETRIC_REPRESENTATION_CONTEXT(2) 
PARAMETRIC_REPRESENTATION_CONTEXT() REPRESENTATION_CONTEXT('2D SPACE',''
  ) );
#11459 = PCURVE('',#11243,#11460);
#11460 = DEFINITIONAL_REPRESENTATION('',(#11461),#11465);
#11461 = LINE('',#11462,#11463);
#11462 = CARTESIAN_POINT('',(0.,-6.));
#11463 = VECTOR('',#11464,1.);
#11464 = DIRECTION('',(1.,0.));
#11465 = ( GEOMETRIC_REPRESENTATION_CONTEXT(2) 
PARAMETRIC_REPRESENTATION_CONTEXT() REPRESENTATION_CONTEXT('2D SPACE',''
  ) );
#11466 = ADVANCED_FACE('',(#11467),#11113,.F.);
#11467 = FACE_BOUND('',#11468,.F.);
#11468 = EDGE_LOOP('',(#11469,#11470,#11471,#11492));
#11469 = ORIENTED_EDGE('',*,*,#11097,.F.);
#11470 = ORIENTED_EDGE('',*,*,#11182,.T.);
#11471 = ORIENTED_EDGE('',*,*,#11472,.T.);
#11472 = EDGE_CURVE('',#11183,#11422,#11473,.T.);
#11473 = SURFACE_CURVE('',#11474,(#11478,#11485),.PCURVE_S1.);
#11474 = LINE('',#11475,#11476);
#11475 = CARTESIAN_POINT('',(39.,-3.,-18.));
#11476 = VECTOR('',#11477,1.);
#11477 = DIRECTION('',(-0.,1.,0.));
#11478 = PCURVE('',#11113,#11479);
#11479 = DEFINITIONAL_REPRESENTATION('',(#11480),#11484);
#11480 = LINE('',#11481,#11482);
#11481 = CARTESIAN_POINT('',(78.,0.));
#11482 = VECTOR('',#11483,1.);
#11483 = DIRECTION('',(0.,1.));
#11484 = ( GEOMETRIC_REPRESENTATION_CONTEXT(2) 
PARAMETRIC_REPRESENTATION_CONTEXT() REPRESENTATION_CONTEXT('2D SPACE',''
  ) );
#11485 = PCURVE('',#11243,#11486);
#11486 = DEFINITIONAL_REPRESENTATION('',(#11487),#11491);
#11487 = LINE('',#11488,#11489);
#11488 = CARTESIAN_POINT('',(0.,0.));
#11489 = VECTOR('',#11490,1.);
#11490 = DIRECTION('',(0.,-1.));
#11491 = ( GEOMETRIC_REPRESENTATION_CONTEXT(2) 
PARAMETRIC_REPRESENTATION_CONTEXT() REPRESENTATION_CONTEXT('2D SPACE',''
  ) );
#11492 = ORIENTED_EDGE('',*,*,#11421,.F.);
#11493 = ADVANCED_FACE('',(#11494),#11243,.T.);
#11494 = FACE_BOUND('',#11495,.T.);
#11495 = EDGE_LOOP('',(#11496,#11497,#11498,#11499));
#11496 = ORIENTED_EDGE('',*,*,#11229,.F.);
#11497 = ORIENTED_EDGE('',*,*,#11472,.T.);
#11498 = ORIENTED_EDGE('',*,*,#11446,.T.);
#11499 = ORIENTED_EDGE('',*,*,#11374,.F.);
#11500 = ADVANCED_FACE('',(#11501),#11275,.T.);
#11501 = FACE_BOUND('',#11502,.T.);
#11502 = EDGE_LOOP('',(#11503,#11526,#11554,#11575));
#11503 = ORIENTED_EDGE('',*,*,#11504,.F.);
#11504 = EDGE_CURVE('',#11505,#11258,#11507,.T.);
#11505 = VERTEX_POINT('',#11506);
#11506 = CARTESIAN_POINT('',(-10.,-8.5,-13.));
#11507 = SURFACE_CURVE('',#11508,(#11512,#11519),.PCURVE_S1.);
#11508 = LINE('',#11509,#11510);
#11509 = CARTESIAN_POINT('',(-10.,-8.5,-13.));
#11510 = VECTOR('',#11511,1.);
#11511 = DIRECTION('',(-0.,1.,0.));
#11512 = PCURVE('',#11275,#11513);
#11513 = DEFINITIONAL_REPRESENTATION('',(#11514),#11518);
#11514 = LINE('',#11515,#11516);
#11515 = CARTESIAN_POINT('',(0.,0.));
#11516 = VECTOR('',#11517,1.);
#11517 = DIRECTION('',(0.,1.));
#11518 = ( GEOMETRIC_REPRESENTATION_CONTEXT(2) 
PARAMETRIC_REPRESENTATION_CONTEXT() REPRESENTATION_CONTEXT('2D SPACE',''
  ) );
#11519 = PCURVE('',#11303,#11520);
#11520 = DEFINITIONAL_REPRESENTATION('',(#11521),#11525);
#11521 = LINE('',#11522,#11523);
#11522 = CARTESIAN_POINT('',(4.,0.));
#11523 = VECTOR('',#11524,1.);
#11524 = DIRECTION('',(0.,-1.));
#11525 = ( GEOMETRIC_REPRESENTATION_CONTEXT(2) 
PARAMETRIC_REPRESENTATION_CONTEXT() REPRESENTATION_CONTEXT('2D SPACE',''
  ) );
#11526 = ORIENTED_EDGE('',*,*,#11527,.T.);
#11527 = EDGE_CURVE('',#11505,#11528,#11530,.T.);
#11528 = VERTEX_POINT('',#11529);
#11529 = CARTESIAN_POINT('',(10.,-8.5,-13.));
#11530 = SURFACE_CURVE('',#11531,(#11535,#11542),.PCURVE_S1.);
#11531 = LINE('',#11532,#11533);
#11532 = CARTESIAN_POINT('',(-10.,-8.5,-13.));
#11533 = VECTOR('',#11534,1.);
#11534 = DIRECTION('',(1.,0.,-0.));
#11535 = PCURVE('',#11275,#11536);
#11536 = DEFINITIONAL_REPRESENTATION('',(#11537),#11541);
#11537 = LINE('',#11538,#11539);
#11538 = CARTESIAN_POINT('',(0.,0.));
#11539 = VECTOR('',#11540,1.);
#11540 = DIRECTION('',(1.,0.));
#11541 = ( GEOMETRIC_REPRESENTATION_CONTEXT(2) 
PARAMETRIC_REPRESENTATION_CONTEXT() REPRESENTATION_CONTEXT('2D SPACE',''
  ) );
#11542 = PCURVE('',#11543,#11548);
#11543 = PLANE('',#11544);
#11544 = AXIS2_PLACEMENT_3D('',#11545,#11546,#11547);
#11545 = CARTESIAN_POINT('',(-10.,-8.5,-17.));
#11546 = DIRECTION('',(-0.,1.,0.));
#11547 = DIRECTION('',(0.,0.,1.));
#11548 = DEFINITIONAL_REPRESENTATION('',(#11549),#11553);
#11549 = LINE('',#11550,#11551);
#11550 = CARTESIAN_POINT('',(4.,0.));
#11551 = VECTOR('',#11552,1.);
#11552 = DIRECTION('',(0.,1.));
#11553 = ( GEOMETRIC_REPRESENTATION_CONTEXT(2) 
PARAMETRIC_REPRESENTATION_CONTEXT() REPRESENTATION_CONTEXT('2D SPACE',''
  ) );
#11554 = ORIENTED_EDGE('',*,*,#11555,.T.);
#11555 = EDGE_CURVE('',#11528,#11260,#11556,.T.);
#11556 = SURFACE_CURVE('',#11557,(#11561,#11568),.PCURVE_S1.);
#11557 = LINE('',#11558,#11559);
#11558 = CARTESIAN_POINT('',(10.,-8.5,-13.));
#11559 = VECTOR('',#11560,1.);
#11560 = DIRECTION('',(-0.,1.,0.));
#11561 = PCURVE('',#11275,#11562);
#11562 = DEFINITIONAL_REPRESENTATION('',(#11563),#11567);
#11563 = LINE('',#11564,#11565);
#11564 = CARTESIAN_POINT('',(20.,0.));
#11565 = VECTOR('',#11566,1.);
#11566 = DIRECTION('',(0.,1.));
#11567 = ( GEOMETRIC_REPRESENTATION_CONTEXT(2) 
PARAMETRIC_REPRESENTATION_CONTEXT() REPRESENTATION_CONTEXT('2D SPACE',''
  ) );
#11568 = PCURVE('',#11357,#11569);
#11569 = DEFINITIONAL_REPRESENTATION('',(#11570),#11574);
#11570 = LINE('',#11571,#11572);
#11571 = CARTESIAN_POINT('',(4.,0.));
#11572 = VECTOR('',#11573,1.);
#11573 = DIRECTION('',(0.,-1.));
#11574 = ( GEOMETRIC_REPRESENTATION_CONTEXT(2) 
PARAMETRIC_REPRESENTATION_CONTEXT() REPRESENTATION_CONTEXT('2D SPACE',''
  ) );
#11575 = ORIENTED_EDGE('',*,*,#11257,.F.);
#11576 = ADVANCED_FACE('',(#11577),#11357,.T.);
#11577 = FACE_BOUND('',#11578,.T.);
#11578 = EDGE_LOOP('',(#11579,#11602,#11623,#11624));
#11579 = ORIENTED_EDGE('',*,*,#11580,.F.);
#11580 = EDGE_CURVE('',#11581,#11528,#11583,.T.);
#11581 = VERTEX_POINT('',#11582);
#11582 = CARTESIAN_POINT('',(10.,-8.5,-17.));
#11583 = SURFACE_CURVE('',#11584,(#11588,#11595),.PCURVE_S1.);
#11584 = LINE('',#11585,#11586);
#11585 = CARTESIAN_POINT('',(10.,-8.5,-17.));
#11586 = VECTOR('',#11587,1.);
#11587 = DIRECTION('',(0.,0.,1.));
#11588 = PCURVE('',#11357,#11589);
#11589 = DEFINITIONAL_REPRESENTATION('',(#11590),#11594);
#11590 = LINE('',#11591,#11592);
#11591 = CARTESIAN_POINT('',(0.,0.));
#11592 = VECTOR('',#11593,1.);
#11593 = DIRECTION('',(1.,0.));
#11594 = ( GEOMETRIC_REPRESENTATION_CONTEXT(2) 
PARAMETRIC_REPRESENTATION_CONTEXT() REPRESENTATION_CONTEXT('2D SPACE',''
  ) );
#11595 = PCURVE('',#11543,#11596);
#11596 = DEFINITIONAL_REPRESENTATION('',(#11597),#11601);
#11597 = LINE('',#11598,#11599);
#11598 = CARTESIAN_POINT('',(0.,20.));
#11599 = VECTOR('',#11600,1.);
#11600 = DIRECTION('',(1.,0.));
#11601 = ( GEOMETRIC_REPRESENTATION_CONTEXT(2) 
PARAMETRIC_REPRESENTATION_CONTEXT() REPRESENTATION_CONTEXT('2D SPACE',''
  ) );
#11602 = ORIENTED_EDGE('',*,*,#11603,.T.);
#11603 = EDGE_CURVE('',#11581,#11316,#11604,.T.);
#11604 = SURFACE_CURVE('',#11605,(#11609,#11616),.PCURVE_S1.);
#11605 = LINE('',#11606,#11607);
#11606 = CARTESIAN_POINT('',(10.,-8.5,-17.));
#11607 = VECTOR('',#11608,1.);
#11608 = DIRECTION('',(-0.,1.,0.));
#11609 = PCURVE('',#11357,#11610);
#11610 = DEFINITIONAL_REPRESENTATION('',(#11611),#11615);
#11611 = LINE('',#11612,#11613);
#11612 = CARTESIAN_POINT('',(0.,0.));
#11613 = VECTOR('',#11614,1.);
#11614 = DIRECTION('',(0.,-1.));
#11615 = ( GEOMETRIC_REPRESENTATION_CONTEXT(2) 
PARAMETRIC_REPRESENTATION_CONTEXT() REPRESENTATION_CONTEXT('2D SPACE',''
  ) );
#11616 = PCURVE('',#11331,#11617);
#11617 = DEFINITIONAL_REPRESENTATION('',(#11618),#11622);
#11618 = LINE('',#11619,#11620);
#11619 = CARTESIAN_POINT('',(20.,0.));
#11620 = VECTOR('',#11621,1.);
#11621 = DIRECTION('',(0.,1.));
#11622 = ( GEOMETRIC_REPRESENTATION_CONTEXT(2) 
PARAMETRIC_REPRESENTATION_CONTEXT() REPRESENTATION_CONTEXT('2D SPACE',''
  ) );
#11623 = ORIENTED_EDGE('',*,*,#11343,.T.);
#11624 = ORIENTED_EDGE('',*,*,#11555,.F.);
#11625 = ADVANCED_FACE('',(#11626),#11331,.F.);
#11626 = FACE_BOUND('',#11627,.F.);
#11627 = EDGE_LOOP('',(#11628,#11651,#11672,#11673));
#11628 = ORIENTED_EDGE('',*,*,#11629,.F.);
#11629 = EDGE_CURVE('',#11630,#11288,#11632,.T.);
#11630 = VERTEX_POINT('',#11631);
#11631 = CARTESIAN_POINT('',(-10.,-8.5,-17.));
#11632 = SURFACE_CURVE('',#11633,(#11637,#11644),.PCURVE_S1.);
#11633 = LINE('',#11634,#11635);
#11634 = CARTESIAN_POINT('',(-10.,-8.5,-17.));
#11635 = VECTOR('',#11636,1.);
#11636 = DIRECTION('',(-0.,1.,0.));
#11637 = PCURVE('',#11331,#11638);
#11638 = DEFINITIONAL_REPRESENTATION('',(#11639),#11643);
#11639 = LINE('',#11640,#11641);
#11640 = CARTESIAN_POINT('',(0.,0.));
#11641 = VECTOR('',#11642,1.);
#11642 = DIRECTION('',(0.,1.));
#11643 = ( GEOMETRIC_REPRESENTATION_CONTEXT(2) 
PARAMETRIC_REPRESENTATION_CONTEXT() REPRESENTATION_CONTEXT('2D SPACE',''
  ) );
#11644 = PCURVE('',#11303,#11645);
#11645 = DEFINITIONAL_REPRESENTATION('',(#11646),#11650);
#11646 = LINE('',#11647,#11648);
#11647 = CARTESIAN_POINT('',(0.,0.));
#11648 = VECTOR('',#11649,1.);
#11649 = DIRECTION('',(0.,-1.));
#11650 = ( GEOMETRIC_REPRESENTATION_CONTEXT(2) 
PARAMETRIC_REPRESENTATION_CONTEXT() REPRESENTATION_CONTEXT('2D SPACE',''
  ) );
#11651 = ORIENTED_EDGE('',*,*,#11652,.T.);
#11652 = EDGE_CURVE('',#11630,#11581,#11653,.T.);
#11653 = SURFACE_CURVE('',#11654,(#11658,#11665),.PCURVE_S1.);
#11654 = LINE('',#11655,#11656);
#11655 = CARTESIAN_POINT('',(-10.,-8.5,-17.));
#11656 = VECTOR('',#11657,1.);
#11657 = DIRECTION('',(1.,0.,-0.));
#11658 = PCURVE('',#11331,#11659);
#11659 = DEFINITIONAL_REPRESENTATION('',(#11660),#11664);
#11660 = LINE('',#11661,#11662);
#11661 = CARTESIAN_POINT('',(0.,0.));
#11662 = VECTOR('',#11663,1.);
#11663 = DIRECTION('',(1.,0.));
#11664 = ( GEOMETRIC_REPRESENTATION_CONTEXT(2) 
PARAMETRIC_REPRESENTATION_CONTEXT() REPRESENTATION_CONTEXT('2D SPACE',''
  ) );
#11665 = PCURVE('',#11543,#11666);
#11666 = DEFINITIONAL_REPRESENTATION('',(#11667),#11671);
#11667 = LINE('',#11668,#11669);
#11668 = CARTESIAN_POINT('',(0.,0.));
#11669 = VECTOR('',#11670,1.);
#11670 = DIRECTION('',(0.,1.));
#11671 = ( GEOMETRIC_REPRESENTATION_CONTEXT(2) 
PARAMETRIC_REPRESENTATION_CONTEXT() REPRESENTATION_CONTEXT('2D SPACE',''
  ) );
#11672 = ORIENTED_EDGE('',*,*,#11603,.T.);
#11673 = ORIENTED_EDGE('',*,*,#11315,.F.);
#11674 = ADVANCED_FACE('',(#11675),#11303,.F.);
#11675 = FACE_BOUND('',#11676,.F.);
#11676 = EDGE_LOOP('',(#11677,#11698,#11699,#11700));
#11677 = ORIENTED_EDGE('',*,*,#11678,.F.);
#11678 = EDGE_CURVE('',#11630,#11505,#11679,.T.);
#11679 = SURFACE_CURVE('',#11680,(#11684,#11691),.PCURVE_S1.);
#11680 = LINE('',#11681,#11682);
#11681 = CARTESIAN_POINT('',(-10.,-8.5,-17.));
#11682 = VECTOR('',#11683,1.);
#11683 = DIRECTION('',(0.,0.,1.));
#11684 = PCURVE('',#11303,#11685);
#11685 = DEFINITIONAL_REPRESENTATION('',(#11686),#11690);
#11686 = LINE('',#11687,#11688);
#11687 = CARTESIAN_POINT('',(0.,0.));
#11688 = VECTOR('',#11689,1.);
#11689 = DIRECTION('',(1.,0.));
#11690 = ( GEOMETRIC_REPRESENTATION_CONTEXT(2) 
PARAMETRIC_REPRESENTATION_CONTEXT() REPRESENTATION_CONTEXT('2D SPACE',''
  ) );
#11691 = PCURVE('',#11543,#11692);
#11692 = DEFINITIONAL_REPRESENTATION('',(#11693),#11697);
#11693 = LINE('',#11694,#11695);
#11694 = CARTESIAN_POINT('',(0.,0.));
#11695 = VECTOR('',#11696,1.);
#11696 = DIRECTION('',(1.,0.));
#11697 = ( GEOMETRIC_REPRESENTATION_CONTEXT(2) 
PARAMETRIC_REPRESENTATION_CONTEXT() REPRESENTATION_CONTEXT('2D SPACE',''
  ) );
#11698 = ORIENTED_EDGE('',*,*,#11629,.T.);
#11699 = ORIENTED_EDGE('',*,*,#11287,.T.);
#11700 = ORIENTED_EDGE('',*,*,#11504,.F.);
#11701 = ADVANCED_FACE('',(#11702),#11543,.F.);
#11702 = FACE_BOUND('',#11703,.F.);
#11703 = EDGE_LOOP('',(#11704,#11705,#11706,#11707));
#11704 = ORIENTED_EDGE('',*,*,#11652,.F.);
#11705 = ORIENTED_EDGE('',*,*,#11678,.T.);
#11706 = ORIENTED_EDGE('',*,*,#11527,.T.);
#11707 = ORIENTED_EDGE('',*,*,#11580,.F.);
#11708 = ( GEOMETRIC_REPRESENTATION_CONTEXT(3) 
GLOBAL_UNCERTAINTY_ASSIGNED_CONTEXT((#11712)) 
GLOBAL_UNIT_ASSIGNED_CONTEXT((#11709,#11710,#11711)) 
REPRESENTATION_CONTEXT('Context #1',
  '3D Context with UNIT and UNCERTAINTY') );
#11709 = ( LENGTH_UNIT() NAMED_UNIT(*) SI_UNIT(.MILLI.,.METRE.) );
#11710 = ( NAMED_UNIT(*) PLANE_ANGLE_UNIT() SI_UNIT($,.RADIAN.) );
#11711 = ( NAMED_UNIT(*) SI_UNIT($,.STERADIAN.) SOLID_ANGLE_UNIT() );
#11712 = UNCERTAINTY_MEASURE_WITH_UNIT(LENGTH_MEASURE(1.E-07),#11709,
  'distance_accuracy_value','confusion accuracy');
#11713 = CONTEXT_DEPENDENT_SHAPE_REPRESENTATION(#11714,#11716);
#11714 = ( REPRESENTATION_RELATIONSHIP('','',#11055,#10) 
REPRESENTATION_RELATIONSHIP_WITH_TRANSFORMATION(#11715) 
SHAPE_REPRESENTATION_RELATIONSHIP() );
#11715 = ITEM_DEFINED_TRANSFORMATION('','',#11,#31);
#11716 = PRODUCT_DEFINITION_SHAPE('Placement','Placement of an item',
  #11717);
#11717 = NEXT_ASSEMBLY_USAGE_OCCURRENCE('16','dual_positive_lock_bar',''
  ,#5,#11050,$);
#11718 = PRODUCT_RELATED_PRODUCT_CATEGORY('part',$,(#11052));
#11719 = SHAPE_DEFINITION_REPRESENTATION(#11720,#11726);
#11720 = PRODUCT_DEFINITION_SHAPE('','',#11721);
#11721 = PRODUCT_DEFINITION('design','',#11722,#11725);
#11722 = PRODUCT_DEFINITION_FORMATION('','',#11723);
#11723 = PRODUCT('left_arm_pin','left_arm_pin','',(#11724));
#11724 = PRODUCT_CONTEXT('',#2,'mechanical');
#11725 = PRODUCT_DEFINITION_CONTEXT('part definition',#2,'design');
#11726 = ADVANCED_BREP_SHAPE_REPRESENTATION('',(#11,#11727),#11915);
#11727 = MANIFOLD_SOLID_BREP('',#11728);
#11728 = CLOSED_SHELL('',(#11729,#11817,#11821,#11856,#11911));
#11729 = ADVANCED_FACE('',(#11730),#11743,.T.);
#11730 = FACE_BOUND('',#11731,.T.);
#11731 = EDGE_LOOP('',(#11732,#11766,#11789,#11816));
#11732 = ORIENTED_EDGE('',*,*,#11733,.F.);
#11733 = EDGE_CURVE('',#11734,#11734,#11736,.T.);
#11734 = VERTEX_POINT('',#11735);
#11735 = CARTESIAN_POINT('',(4.5,-11.,-6.580929093826E-16));
#11736 = SURFACE_CURVE('',#11737,(#11742,#11754),.PCURVE_S1.);
#11737 = CIRCLE('',#11738,4.5);
#11738 = AXIS2_PLACEMENT_3D('',#11739,#11740,#11741);
#11739 = CARTESIAN_POINT('',(0.,-11.,4.440892098501E-16));
#11740 = DIRECTION('',(0.,-1.,2.22044604925E-16));
#11741 = DIRECTION('',(1.,0.,0.));
#11742 = PCURVE('',#11743,#11748);
#11743 = CYLINDRICAL_SURFACE('',#11744,4.5);
#11744 = AXIS2_PLACEMENT_3D('',#11745,#11746,#11747);
#11745 = CARTESIAN_POINT('',(0.,-9.,0.));
#11746 = DIRECTION('',(0.,-1.,2.22044604925E-16));
#11747 = DIRECTION('',(1.,0.,0.));
#11748 = DEFINITIONAL_REPRESENTATION('',(#11749),#11753);
#11749 = LINE('',#11750,#11751);
#11750 = CARTESIAN_POINT('',(0.,2.));
#11751 = VECTOR('',#11752,1.);
#11752 = DIRECTION('',(1.,0.));
#11753 = ( GEOMETRIC_REPRESENTATION_CONTEXT(2) 
PARAMETRIC_REPRESENTATION_CONTEXT() REPRESENTATION_CONTEXT('2D SPACE',''
  ) );
#11754 = PCURVE('',#11755,#11760);
#11755 = PLANE('',#11756);
#11756 = AXIS2_PLACEMENT_3D('',#11757,#11758,#11759);
#11757 = CARTESIAN_POINT('',(0.,-11.,4.440892098501E-16));
#11758 = DIRECTION('',(0.,-1.,2.22044604925E-16));
#11759 = DIRECTION('',(1.,0.,0.));
#11760 = DEFINITIONAL_REPRESENTATION('',(#11761),#11765);
#11761 = CIRCLE('',#11762,4.5);
#11762 = AXIS2_PLACEMENT_2D('',#11763,#11764);
#11763 = CARTESIAN_POINT('',(0.,0.));
#11764 = DIRECTION('',(1.,0.));
#11765 = ( GEOMETRIC_REPRESENTATION_CONTEXT(2) 
PARAMETRIC_REPRESENTATION_CONTEXT() REPRESENTATION_CONTEXT('2D SPACE',''
  ) );
#11766 = ORIENTED_EDGE('',*,*,#11767,.F.);
#11767 = EDGE_CURVE('',#11768,#11734,#11770,.T.);
#11768 = VERTEX_POINT('',#11769);
#11769 = CARTESIAN_POINT('',(4.5,-9.,-1.102182119233E-15));
#11770 = SEAM_CURVE('',#11771,(#11775,#11782),.PCURVE_S1.);
#11771 = LINE('',#11772,#11773);
#11772 = CARTESIAN_POINT('',(4.5,-9.,-1.102182119233E-15));
#11773 = VECTOR('',#11774,1.);
#11774 = DIRECTION('',(0.,-1.,2.22044604925E-16));
#11775 = PCURVE('',#11743,#11776);
#11776 = DEFINITIONAL_REPRESENTATION('',(#11777),#11781);
#11777 = LINE('',#11778,#11779);
#11778 = CARTESIAN_POINT('',(6.28318530718,-0.));
#11779 = VECTOR('',#11780,1.);
#11780 = DIRECTION('',(0.,1.));
#11781 = ( GEOMETRIC_REPRESENTATION_CONTEXT(2) 
PARAMETRIC_REPRESENTATION_CONTEXT() REPRESENTATION_CONTEXT('2D SPACE',''
  ) );
#11782 = PCURVE('',#11743,#11783);
#11783 = DEFINITIONAL_REPRESENTATION('',(#11784),#11788);
#11784 = LINE('',#11785,#11786);
#11785 = CARTESIAN_POINT('',(0.,-0.));
#11786 = VECTOR('',#11787,1.);
#11787 = DIRECTION('',(0.,1.));
#11788 = ( GEOMETRIC_REPRESENTATION_CONTEXT(2) 
PARAMETRIC_REPRESENTATION_CONTEXT() REPRESENTATION_CONTEXT('2D SPACE',''
  ) );
#11789 = ORIENTED_EDGE('',*,*,#11790,.T.);
#11790 = EDGE_CURVE('',#11768,#11768,#11791,.T.);
#11791 = SURFACE_CURVE('',#11792,(#11797,#11804),.PCURVE_S1.);
#11792 = CIRCLE('',#11793,4.5);
#11793 = AXIS2_PLACEMENT_3D('',#11794,#11795,#11796);
#11794 = CARTESIAN_POINT('',(0.,-9.,0.));
#11795 = DIRECTION('',(0.,-1.,2.22044604925E-16));
#11796 = DIRECTION('',(1.,0.,0.));
#11797 = PCURVE('',#11743,#11798);
#11798 = DEFINITIONAL_REPRESENTATION('',(#11799),#11803);
#11799 = LINE('',#11800,#11801);
#11800 = CARTESIAN_POINT('',(0.,0.));
#11801 = VECTOR('',#11802,1.);
#11802 = DIRECTION('',(1.,0.));
#11803 = ( GEOMETRIC_REPRESENTATION_CONTEXT(2) 
PARAMETRIC_REPRESENTATION_CONTEXT() REPRESENTATION_CONTEXT('2D SPACE',''
  ) );
#11804 = PCURVE('',#11805,#11810);
#11805 = PLANE('',#11806);
#11806 = AXIS2_PLACEMENT_3D('',#11807,#11808,#11809);
#11807 = CARTESIAN_POINT('',(0.,-9.,0.));
#11808 = DIRECTION('',(0.,-1.,2.22044604925E-16));
#11809 = DIRECTION('',(1.,0.,0.));
#11810 = DEFINITIONAL_REPRESENTATION('',(#11811),#11815);
#11811 = CIRCLE('',#11812,4.5);
#11812 = AXIS2_PLACEMENT_2D('',#11813,#11814);
#11813 = CARTESIAN_POINT('',(0.,0.));
#11814 = DIRECTION('',(1.,0.));
#11815 = ( GEOMETRIC_REPRESENTATION_CONTEXT(2) 
PARAMETRIC_REPRESENTATION_CONTEXT() REPRESENTATION_CONTEXT('2D SPACE',''
  ) );
#11816 = ORIENTED_EDGE('',*,*,#11767,.T.);
#11817 = ADVANCED_FACE('',(#11818),#11755,.T.);
#11818 = FACE_BOUND('',#11819,.T.);
#11819 = EDGE_LOOP('',(#11820));
#11820 = ORIENTED_EDGE('',*,*,#11733,.T.);
#11821 = ADVANCED_FACE('',(#11822,#11825),#11805,.F.);
#11822 = FACE_BOUND('',#11823,.F.);
#11823 = EDGE_LOOP('',(#11824));
#11824 = ORIENTED_EDGE('',*,*,#11790,.T.);
#11825 = FACE_BOUND('',#11826,.F.);
#11826 = EDGE_LOOP('',(#11827));
#11827 = ORIENTED_EDGE('',*,*,#11828,.F.);
#11828 = EDGE_CURVE('',#11829,#11829,#11831,.T.);
#11829 = VERTEX_POINT('',#11830);
#11830 = CARTESIAN_POINT('',(2.5,-9.,3.384479489077E-15));
#11831 = SURFACE_CURVE('',#11832,(#11837,#11844),.PCURVE_S1.);
#11832 = CIRCLE('',#11833,2.5);
#11833 = AXIS2_PLACEMENT_3D('',#11834,#11835,#11836);
#11834 = CARTESIAN_POINT('',(0.,-9.,3.996802888651E-15));
#11835 = DIRECTION('',(0.,-1.,2.22044604925E-16));
#11836 = DIRECTION('',(1.,0.,0.));
#11837 = PCURVE('',#11805,#11838);
#11838 = DEFINITIONAL_REPRESENTATION('',(#11839),#11843);
#11839 = CIRCLE('',#11840,2.5);
#11840 = AXIS2_PLACEMENT_2D('',#11841,#11842);
#11841 = CARTESIAN_POINT('',(0.,3.996802888651E-15));
#11842 = DIRECTION('',(1.,0.));
#11843 = ( GEOMETRIC_REPRESENTATION_CONTEXT(2) 
PARAMETRIC_REPRESENTATION_CONTEXT() REPRESENTATION_CONTEXT('2D SPACE',''
  ) );
#11844 = PCURVE('',#11845,#11850);
#11845 = CYLINDRICAL_SURFACE('',#11846,2.5);
#11846 = AXIS2_PLACEMENT_3D('',#11847,#11848,#11849);
#11847 = CARTESIAN_POINT('',(0.,9.,0.));
#11848 = DIRECTION('',(0.,-1.,2.22044604925E-16));
#11849 = DIRECTION('',(1.,0.,0.));
#11850 = DEFINITIONAL_REPRESENTATION('',(#11851),#11855);
#11851 = LINE('',#11852,#11853);
#11852 = CARTESIAN_POINT('',(0.,18.));
#11853 = VECTOR('',#11854,1.);
#11854 = DIRECTION('',(1.,0.));
#11855 = ( GEOMETRIC_REPRESENTATION_CONTEXT(2) 
PARAMETRIC_REPRESENTATION_CONTEXT() REPRESENTATION_CONTEXT('2D SPACE',''
  ) );
#11856 = ADVANCED_FACE('',(#11857),#11845,.T.);
#11857 = FACE_BOUND('',#11858,.T.);
#11858 = EDGE_LOOP('',(#11859,#11860,#11883,#11910));
#11859 = ORIENTED_EDGE('',*,*,#11828,.F.);
#11860 = ORIENTED_EDGE('',*,*,#11861,.F.);
#11861 = EDGE_CURVE('',#11862,#11829,#11864,.T.);
#11862 = VERTEX_POINT('',#11863);
#11863 = CARTESIAN_POINT('',(2.5,9.,-6.123233995737E-16));
#11864 = SEAM_CURVE('',#11865,(#11869,#11876),.PCURVE_S1.);
#11865 = LINE('',#11866,#11867);
#11866 = CARTESIAN_POINT('',(2.5,9.,-6.123233995737E-16));
#11867 = VECTOR('',#11868,1.);
#11868 = DIRECTION('',(0.,-1.,2.22044604925E-16));
#11869 = PCURVE('',#11845,#11870);
#11870 = DEFINITIONAL_REPRESENTATION('',(#11871),#11875);
#11871 = LINE('',#11872,#11873);
#11872 = CARTESIAN_POINT('',(6.28318530718,-0.));
#11873 = VECTOR('',#11874,1.);
#11874 = DIRECTION('',(0.,1.));
#11875 = ( GEOMETRIC_REPRESENTATION_CONTEXT(2) 
PARAMETRIC_REPRESENTATION_CONTEXT() REPRESENTATION_CONTEXT('2D SPACE',''
  ) );
#11876 = PCURVE('',#11845,#11877);
#11877 = DEFINITIONAL_REPRESENTATION('',(#11878),#11882);
#11878 = LINE('',#11879,#11880);
#11879 = CARTESIAN_POINT('',(0.,-0.));
#11880 = VECTOR('',#11881,1.);
#11881 = DIRECTION('',(0.,1.));
#11882 = ( GEOMETRIC_REPRESENTATION_CONTEXT(2) 
PARAMETRIC_REPRESENTATION_CONTEXT() REPRESENTATION_CONTEXT('2D SPACE',''
  ) );
#11883 = ORIENTED_EDGE('',*,*,#11884,.T.);
#11884 = EDGE_CURVE('',#11862,#11862,#11885,.T.);
#11885 = SURFACE_CURVE('',#11886,(#11891,#11898),.PCURVE_S1.);
#11886 = CIRCLE('',#11887,2.5);
#11887 = AXIS2_PLACEMENT_3D('',#11888,#11889,#11890);
#11888 = CARTESIAN_POINT('',(0.,9.,0.));
#11889 = DIRECTION('',(0.,-1.,2.22044604925E-16));
#11890 = DIRECTION('',(1.,0.,0.));
#11891 = PCURVE('',#11845,#11892);
#11892 = DEFINITIONAL_REPRESENTATION('',(#11893),#11897);
#11893 = LINE('',#11894,#11895);
#11894 = CARTESIAN_POINT('',(0.,0.));
#11895 = VECTOR('',#11896,1.);
#11896 = DIRECTION('',(1.,0.));
#11897 = ( GEOMETRIC_REPRESENTATION_CONTEXT(2) 
PARAMETRIC_REPRESENTATION_CONTEXT() REPRESENTATION_CONTEXT('2D SPACE',''
  ) );
#11898 = PCURVE('',#11899,#11904);
#11899 = PLANE('',#11900);
#11900 = AXIS2_PLACEMENT_3D('',#11901,#11902,#11903);
#11901 = CARTESIAN_POINT('',(0.,9.,0.));
#11902 = DIRECTION('',(0.,-1.,2.22044604925E-16));
#11903 = DIRECTION('',(1.,0.,0.));
#11904 = DEFINITIONAL_REPRESENTATION('',(#11905),#11909);
#11905 = CIRCLE('',#11906,2.5);
#11906 = AXIS2_PLACEMENT_2D('',#11907,#11908);
#11907 = CARTESIAN_POINT('',(0.,0.));
#11908 = DIRECTION('',(1.,0.));
#11909 = ( GEOMETRIC_REPRESENTATION_CONTEXT(2) 
PARAMETRIC_REPRESENTATION_CONTEXT() REPRESENTATION_CONTEXT('2D SPACE',''
  ) );
#11910 = ORIENTED_EDGE('',*,*,#11861,.T.);
#11911 = ADVANCED_FACE('',(#11912),#11899,.F.);
#11912 = FACE_BOUND('',#11913,.T.);
#11913 = EDGE_LOOP('',(#11914));
#11914 = ORIENTED_EDGE('',*,*,#11884,.F.);
#11915 = ( GEOMETRIC_REPRESENTATION_CONTEXT(3) 
GLOBAL_UNCERTAINTY_ASSIGNED_CONTEXT((#11919)) 
GLOBAL_UNIT_ASSIGNED_CONTEXT((#11916,#11917,#11918)) 
REPRESENTATION_CONTEXT('Context #1',
  '3D Context with UNIT and UNCERTAINTY') );
#11916 = ( LENGTH_UNIT() NAMED_UNIT(*) SI_UNIT(.MILLI.,.METRE.) );
#11917 = ( NAMED_UNIT(*) PLANE_ANGLE_UNIT() SI_UNIT($,.RADIAN.) );
#11918 = ( NAMED_UNIT(*) SI_UNIT($,.STERADIAN.) SOLID_ANGLE_UNIT() );
#11919 = UNCERTAINTY_MEASURE_WITH_UNIT(LENGTH_MEASURE(1.E-07),#11916,
  'distance_accuracy_value','confusion accuracy');
#11920 = CONTEXT_DEPENDENT_SHAPE_REPRESENTATION(#11921,#11923);
#11921 = ( REPRESENTATION_RELATIONSHIP('','',#11726,#10) 
REPRESENTATION_RELATIONSHIP_WITH_TRANSFORMATION(#11922) 
SHAPE_REPRESENTATION_RELATIONSHIP() );
#11922 = ITEM_DEFINED_TRANSFORMATION('','',#11,#35);
#11923 = PRODUCT_DEFINITION_SHAPE('Placement','Placement of an item',
  #11924);
#11924 = NEXT_ASSEMBLY_USAGE_OCCURRENCE('17','left_arm_pin','',#5,#11721
  ,$);
#11925 = PRODUCT_RELATED_PRODUCT_CATEGORY('part',$,(#11723));
#11926 = SHAPE_DEFINITION_REPRESENTATION(#11927,#11933);
#11927 = PRODUCT_DEFINITION_SHAPE('','',#11928);
#11928 = PRODUCT_DEFINITION('design','',#11929,#11932);
#11929 = PRODUCT_DEFINITION_FORMATION('','',#11930);
#11930 = PRODUCT('right_arm_pin','right_arm_pin','',(#11931));
#11931 = PRODUCT_CONTEXT('',#2,'mechanical');
#11932 = PRODUCT_DEFINITION_CONTEXT('part definition',#2,'design');
#11933 = ADVANCED_BREP_SHAPE_REPRESENTATION('',(#11,#11934),#12122);
#11934 = MANIFOLD_SOLID_BREP('',#11935);
#11935 = CLOSED_SHELL('',(#11936,#12024,#12028,#12063,#12118));
#11936 = ADVANCED_FACE('',(#11937),#11950,.T.);
#11937 = FACE_BOUND('',#11938,.T.);
#11938 = EDGE_LOOP('',(#11939,#11973,#11996,#12023));
#11939 = ORIENTED_EDGE('',*,*,#11940,.F.);
#11940 = EDGE_CURVE('',#11941,#11941,#11943,.T.);
#11941 = VERTEX_POINT('',#11942);
#11942 = CARTESIAN_POINT('',(4.5,-11.,-6.580929093826E-16));
#11943 = SURFACE_CURVE('',#11944,(#11949,#11961),.PCURVE_S1.);
#11944 = CIRCLE('',#11945,4.5);
#11945 = AXIS2_PLACEMENT_3D('',#11946,#11947,#11948);
#11946 = CARTESIAN_POINT('',(0.,-11.,4.440892098501E-16));
#11947 = DIRECTION('',(0.,-1.,2.22044604925E-16));
#11948 = DIRECTION('',(1.,0.,0.));
#11949 = PCURVE('',#11950,#11955);
#11950 = CYLINDRICAL_SURFACE('',#11951,4.5);
#11951 = AXIS2_PLACEMENT_3D('',#11952,#11953,#11954);
#11952 = CARTESIAN_POINT('',(0.,-9.,0.));
#11953 = DIRECTION('',(0.,-1.,2.22044604925E-16));
#11954 = DIRECTION('',(1.,0.,0.));
#11955 = DEFINITIONAL_REPRESENTATION('',(#11956),#11960);
#11956 = LINE('',#11957,#11958);
#11957 = CARTESIAN_POINT('',(0.,2.));
#11958 = VECTOR('',#11959,1.);
#11959 = DIRECTION('',(1.,0.));
#11960 = ( GEOMETRIC_REPRESENTATION_CONTEXT(2) 
PARAMETRIC_REPRESENTATION_CONTEXT() REPRESENTATION_CONTEXT('2D SPACE',''
  ) );
#11961 = PCURVE('',#11962,#11967);
#11962 = PLANE('',#11963);
#11963 = AXIS2_PLACEMENT_3D('',#11964,#11965,#11966);
#11964 = CARTESIAN_POINT('',(0.,-11.,4.440892098501E-16));
#11965 = DIRECTION('',(0.,-1.,2.22044604925E-16));
#11966 = DIRECTION('',(1.,0.,0.));
#11967 = DEFINITIONAL_REPRESENTATION('',(#11968),#11972);
#11968 = CIRCLE('',#11969,4.5);
#11969 = AXIS2_PLACEMENT_2D('',#11970,#11971);
#11970 = CARTESIAN_POINT('',(0.,0.));
#11971 = DIRECTION('',(1.,0.));
#11972 = ( GEOMETRIC_REPRESENTATION_CONTEXT(2) 
PARAMETRIC_REPRESENTATION_CONTEXT() REPRESENTATION_CONTEXT('2D SPACE',''
  ) );
#11973 = ORIENTED_EDGE('',*,*,#11974,.F.);
#11974 = EDGE_CURVE('',#11975,#11941,#11977,.T.);
#11975 = VERTEX_POINT('',#11976);
#11976 = CARTESIAN_POINT('',(4.5,-9.,-1.102182119233E-15));
#11977 = SEAM_CURVE('',#11978,(#11982,#11989),.PCURVE_S1.);
#11978 = LINE('',#11979,#11980);
#11979 = CARTESIAN_POINT('',(4.5,-9.,-1.102182119233E-15));
#11980 = VECTOR('',#11981,1.);
#11981 = DIRECTION('',(0.,-1.,2.22044604925E-16));
#11982 = PCURVE('',#11950,#11983);
#11983 = DEFINITIONAL_REPRESENTATION('',(#11984),#11988);
#11984 = LINE('',#11985,#11986);
#11985 = CARTESIAN_POINT('',(6.28318530718,-0.));
#11986 = VECTOR('',#11987,1.);
#11987 = DIRECTION('',(0.,1.));
#11988 = ( GEOMETRIC_REPRESENTATION_CONTEXT(2) 
PARAMETRIC_REPRESENTATION_CONTEXT() REPRESENTATION_CONTEXT('2D SPACE',''
  ) );
#11989 = PCURVE('',#11950,#11990);
#11990 = DEFINITIONAL_REPRESENTATION('',(#11991),#11995);
#11991 = LINE('',#11992,#11993);
#11992 = CARTESIAN_POINT('',(0.,-0.));
#11993 = VECTOR('',#11994,1.);
#11994 = DIRECTION('',(0.,1.));
#11995 = ( GEOMETRIC_REPRESENTATION_CONTEXT(2) 
PARAMETRIC_REPRESENTATION_CONTEXT() REPRESENTATION_CONTEXT('2D SPACE',''
  ) );
#11996 = ORIENTED_EDGE('',*,*,#11997,.T.);
#11997 = EDGE_CURVE('',#11975,#11975,#11998,.T.);
#11998 = SURFACE_CURVE('',#11999,(#12004,#12011),.PCURVE_S1.);
#11999 = CIRCLE('',#12000,4.5);
#12000 = AXIS2_PLACEMENT_3D('',#12001,#12002,#12003);
#12001 = CARTESIAN_POINT('',(0.,-9.,0.));
#12002 = DIRECTION('',(0.,-1.,2.22044604925E-16));
#12003 = DIRECTION('',(1.,0.,0.));
#12004 = PCURVE('',#11950,#12005);
#12005 = DEFINITIONAL_REPRESENTATION('',(#12006),#12010);
#12006 = LINE('',#12007,#12008);
#12007 = CARTESIAN_POINT('',(0.,0.));
#12008 = VECTOR('',#12009,1.);
#12009 = DIRECTION('',(1.,0.));
#12010 = ( GEOMETRIC_REPRESENTATION_CONTEXT(2) 
PARAMETRIC_REPRESENTATION_CONTEXT() REPRESENTATION_CONTEXT('2D SPACE',''
  ) );
#12011 = PCURVE('',#12012,#12017);
#12012 = PLANE('',#12013);
#12013 = AXIS2_PLACEMENT_3D('',#12014,#12015,#12016);
#12014 = CARTESIAN_POINT('',(0.,-9.,0.));
#12015 = DIRECTION('',(0.,-1.,2.22044604925E-16));
#12016 = DIRECTION('',(1.,0.,0.));
#12017 = DEFINITIONAL_REPRESENTATION('',(#12018),#12022);
#12018 = CIRCLE('',#12019,4.5);
#12019 = AXIS2_PLACEMENT_2D('',#12020,#12021);
#12020 = CARTESIAN_POINT('',(0.,0.));
#12021 = DIRECTION('',(1.,0.));
#12022 = ( GEOMETRIC_REPRESENTATION_CONTEXT(2) 
PARAMETRIC_REPRESENTATION_CONTEXT() REPRESENTATION_CONTEXT('2D SPACE',''
  ) );
#12023 = ORIENTED_EDGE('',*,*,#11974,.T.);
#12024 = ADVANCED_FACE('',(#12025),#11962,.T.);
#12025 = FACE_BOUND('',#12026,.T.);
#12026 = EDGE_LOOP('',(#12027));
#12027 = ORIENTED_EDGE('',*,*,#11940,.T.);
#12028 = ADVANCED_FACE('',(#12029,#12032),#12012,.F.);
#12029 = FACE_BOUND('',#12030,.F.);
#12030 = EDGE_LOOP('',(#12031));
#12031 = ORIENTED_EDGE('',*,*,#11997,.T.);
#12032 = FACE_BOUND('',#12033,.F.);
#12033 = EDGE_LOOP('',(#12034));
#12034 = ORIENTED_EDGE('',*,*,#12035,.F.);
#12035 = EDGE_CURVE('',#12036,#12036,#12038,.T.);
#12036 = VERTEX_POINT('',#12037);
#12037 = CARTESIAN_POINT('',(2.5,-9.,3.384479489077E-15));
#12038 = SURFACE_CURVE('',#12039,(#12044,#12051),.PCURVE_S1.);
#12039 = CIRCLE('',#12040,2.5);
#12040 = AXIS2_PLACEMENT_3D('',#12041,#12042,#12043);
#12041 = CARTESIAN_POINT('',(0.,-9.,3.996802888651E-15));
#12042 = DIRECTION('',(0.,-1.,2.22044604925E-16));
#12043 = DIRECTION('',(1.,0.,0.));
#12044 = PCURVE('',#12012,#12045);
#12045 = DEFINITIONAL_REPRESENTATION('',(#12046),#12050);
#12046 = CIRCLE('',#12047,2.5);
#12047 = AXIS2_PLACEMENT_2D('',#12048,#12049);
#12048 = CARTESIAN_POINT('',(0.,3.996802888651E-15));
#12049 = DIRECTION('',(1.,0.));
#12050 = ( GEOMETRIC_REPRESENTATION_CONTEXT(2) 
PARAMETRIC_REPRESENTATION_CONTEXT() REPRESENTATION_CONTEXT('2D SPACE',''
  ) );
#12051 = PCURVE('',#12052,#12057);
#12052 = CYLINDRICAL_SURFACE('',#12053,2.5);
#12053 = AXIS2_PLACEMENT_3D('',#12054,#12055,#12056);
#12054 = CARTESIAN_POINT('',(0.,9.,0.));
#12055 = DIRECTION('',(0.,-1.,2.22044604925E-16));
#12056 = DIRECTION('',(1.,0.,0.));
#12057 = DEFINITIONAL_REPRESENTATION('',(#12058),#12062);
#12058 = LINE('',#12059,#12060);
#12059 = CARTESIAN_POINT('',(0.,18.));
#12060 = VECTOR('',#12061,1.);
#12061 = DIRECTION('',(1.,0.));
#12062 = ( GEOMETRIC_REPRESENTATION_CONTEXT(2) 
PARAMETRIC_REPRESENTATION_CONTEXT() REPRESENTATION_CONTEXT('2D SPACE',''
  ) );
#12063 = ADVANCED_FACE('',(#12064),#12052,.T.);
#12064 = FACE_BOUND('',#12065,.T.);
#12065 = EDGE_LOOP('',(#12066,#12067,#12090,#12117));
#12066 = ORIENTED_EDGE('',*,*,#12035,.F.);
#12067 = ORIENTED_EDGE('',*,*,#12068,.F.);
#12068 = EDGE_CURVE('',#12069,#12036,#12071,.T.);
#12069 = VERTEX_POINT('',#12070);
#12070 = CARTESIAN_POINT('',(2.5,9.,-6.123233995737E-16));
#12071 = SEAM_CURVE('',#12072,(#12076,#12083),.PCURVE_S1.);
#12072 = LINE('',#12073,#12074);
#12073 = CARTESIAN_POINT('',(2.5,9.,-6.123233995737E-16));
#12074 = VECTOR('',#12075,1.);
#12075 = DIRECTION('',(0.,-1.,2.22044604925E-16));
#12076 = PCURVE('',#12052,#12077);
#12077 = DEFINITIONAL_REPRESENTATION('',(#12078),#12082);
#12078 = LINE('',#12079,#12080);
#12079 = CARTESIAN_POINT('',(6.28318530718,-0.));
#12080 = VECTOR('',#12081,1.);
#12081 = DIRECTION('',(0.,1.));
#12082 = ( GEOMETRIC_REPRESENTATION_CONTEXT(2) 
PARAMETRIC_REPRESENTATION_CONTEXT() REPRESENTATION_CONTEXT('2D SPACE',''
  ) );
#12083 = PCURVE('',#12052,#12084);
#12084 = DEFINITIONAL_REPRESENTATION('',(#12085),#12089);
#12085 = LINE('',#12086,#12087);
#12086 = CARTESIAN_POINT('',(0.,-0.));
#12087 = VECTOR('',#12088,1.);
#12088 = DIRECTION('',(0.,1.));
#12089 = ( GEOMETRIC_REPRESENTATION_CONTEXT(2) 
PARAMETRIC_REPRESENTATION_CONTEXT() REPRESENTATION_CONTEXT('2D SPACE',''
  ) );
#12090 = ORIENTED_EDGE('',*,*,#12091,.T.);
#12091 = EDGE_CURVE('',#12069,#12069,#12092,.T.);
#12092 = SURFACE_CURVE('',#12093,(#12098,#12105),.PCURVE_S1.);
#12093 = CIRCLE('',#12094,2.5);
#12094 = AXIS2_PLACEMENT_3D('',#12095,#12096,#12097);
#12095 = CARTESIAN_POINT('',(0.,9.,0.));
#12096 = DIRECTION('',(0.,-1.,2.22044604925E-16));
#12097 = DIRECTION('',(1.,0.,0.));
#12098 = PCURVE('',#12052,#12099);
#12099 = DEFINITIONAL_REPRESENTATION('',(#12100),#12104);
#12100 = LINE('',#12101,#12102);
#12101 = CARTESIAN_POINT('',(0.,0.));
#12102 = VECTOR('',#12103,1.);
#12103 = DIRECTION('',(1.,0.));
#12104 = ( GEOMETRIC_REPRESENTATION_CONTEXT(2) 
PARAMETRIC_REPRESENTATION_CONTEXT() REPRESENTATION_CONTEXT('2D SPACE',''
  ) );
#12105 = PCURVE('',#12106,#12111);
#12106 = PLANE('',#12107);
#12107 = AXIS2_PLACEMENT_3D('',#12108,#12109,#12110);
#12108 = CARTESIAN_POINT('',(0.,9.,0.));
#12109 = DIRECTION('',(0.,-1.,2.22044604925E-16));
#12110 = DIRECTION('',(1.,0.,0.));
#12111 = DEFINITIONAL_REPRESENTATION('',(#12112),#12116);
#12112 = CIRCLE('',#12113,2.5);
#12113 = AXIS2_PLACEMENT_2D('',#12114,#12115);
#12114 = CARTESIAN_POINT('',(0.,0.));
#12115 = DIRECTION('',(1.,0.));
#12116 = ( GEOMETRIC_REPRESENTATION_CONTEXT(2) 
PARAMETRIC_REPRESENTATION_CONTEXT() REPRESENTATION_CONTEXT('2D SPACE',''
  ) );
#12117 = ORIENTED_EDGE('',*,*,#12068,.T.);
#12118 = ADVANCED_FACE('',(#12119),#12106,.F.);
#12119 = FACE_BOUND('',#12120,.T.);
#12120 = EDGE_LOOP('',(#12121));
#12121 = ORIENTED_EDGE('',*,*,#12091,.F.);
#12122 = ( GEOMETRIC_REPRESENTATION_CONTEXT(3) 
GLOBAL_UNCERTAINTY_ASSIGNED_CONTEXT((#12126)) 
GLOBAL_UNIT_ASSIGNED_CONTEXT((#12123,#12124,#12125)) 
REPRESENTATION_CONTEXT('Context #1',
  '3D Context with UNIT and UNCERTAINTY') );
#12123 = ( LENGTH_UNIT() NAMED_UNIT(*) SI_UNIT(.MILLI.,.METRE.) );
#12124 = ( NAMED_UNIT(*) PLANE_ANGLE_UNIT() SI_UNIT($,.RADIAN.) );
#12125 = ( NAMED_UNIT(*) SI_UNIT($,.STERADIAN.) SOLID_ANGLE_UNIT() );
#12126 = UNCERTAINTY_MEASURE_WITH_UNIT(LENGTH_MEASURE(1.E-07),#12123,
  'distance_accuracy_value','confusion accuracy');
#12127 = CONTEXT_DEPENDENT_SHAPE_REPRESENTATION(#12128,#12130);
#12128 = ( REPRESENTATION_RELATIONSHIP('','',#11933,#10) 
REPRESENTATION_RELATIONSHIP_WITH_TRANSFORMATION(#12129) 
SHAPE_REPRESENTATION_RELATIONSHIP() );
#12129 = ITEM_DEFINED_TRANSFORMATION('','',#11,#39);
#12130 = PRODUCT_DEFINITION_SHAPE('Placement','Placement of an item',
  #12131);
#12131 = NEXT_ASSEMBLY_USAGE_OCCURRENCE('18','right_arm_pin','',#5,
  #11928,$);
#12132 = PRODUCT_RELATED_PRODUCT_CATEGORY('part',$,(#11930));
#12133 = SHAPE_DEFINITION_REPRESENTATION(#12134,#12140);
#12134 = PRODUCT_DEFINITION_SHAPE('','',#12135);
#12135 = PRODUCT_DEFINITION('design','',#12136,#12139);
#12136 = PRODUCT_DEFINITION_FORMATION('','',#12137);
#12137 = PRODUCT('hook_pin','hook_pin','',(#12138));
#12138 = PRODUCT_CONTEXT('',#2,'mechanical');
#12139 = PRODUCT_DEFINITION_CONTEXT('part definition',#2,'design');
#12140 = ADVANCED_BREP_SHAPE_REPRESENTATION('',(#11,#12141),#12329);
#12141 = MANIFOLD_SOLID_BREP('',#12142);
#12142 = CLOSED_SHELL('',(#12143,#12231,#12266,#12270,#12325));
#12143 = ADVANCED_FACE('',(#12144),#12157,.T.);
#12144 = FACE_BOUND('',#12145,.T.);
#12145 = EDGE_LOOP('',(#12146,#12180,#12203,#12230));
#12146 = ORIENTED_EDGE('',*,*,#12147,.F.);
#12147 = EDGE_CURVE('',#12148,#12148,#12150,.T.);
#12148 = VERTEX_POINT('',#12149);
#12149 = CARTESIAN_POINT('',(4.5,13.125,-7.136040606138E-16));
#12150 = SURFACE_CURVE('',#12151,(#12156,#12168),.PCURVE_S1.);
#12151 = CIRCLE('',#12152,4.5);
#12152 = AXIS2_PLACEMENT_3D('',#12153,#12154,#12155);
#12153 = CARTESIAN_POINT('',(0.,13.125,3.885780586188E-16));
#12154 = DIRECTION('',(0.,-1.,2.22044604925E-16));
#12155 = DIRECTION('',(1.,0.,0.));
#12156 = PCURVE('',#12157,#12162);
#12157 = CYLINDRICAL_SURFACE('',#12158,4.5);
#12158 = AXIS2_PLACEMENT_3D('',#12159,#12160,#12161);
#12159 = CARTESIAN_POINT('',(0.,14.875,0.));
#12160 = DIRECTION('',(0.,-1.,2.22044604925E-16));
#12161 = DIRECTION('',(1.,0.,0.));
#12162 = DEFINITIONAL_REPRESENTATION('',(#12163),#12167);
#12163 = LINE('',#12164,#12165);
#12164 = CARTESIAN_POINT('',(0.,1.75));
#12165 = VECTOR('',#12166,1.);
#12166 = DIRECTION('',(1.,0.));
#12167 = ( GEOMETRIC_REPRESENTATION_CONTEXT(2) 
PARAMETRIC_REPRESENTATION_CONTEXT() REPRESENTATION_CONTEXT('2D SPACE',''
  ) );
#12168 = PCURVE('',#12169,#12174);
#12169 = PLANE('',#12170);
#12170 = AXIS2_PLACEMENT_3D('',#12171,#12172,#12173);
#12171 = CARTESIAN_POINT('',(0.,13.125,3.885780586188E-16));
#12172 = DIRECTION('',(0.,-1.,2.22044604925E-16));
#12173 = DIRECTION('',(1.,0.,0.));
#12174 = DEFINITIONAL_REPRESENTATION('',(#12175),#12179);
#12175 = CIRCLE('',#12176,4.5);
#12176 = AXIS2_PLACEMENT_2D('',#12177,#12178);
#12177 = CARTESIAN_POINT('',(0.,0.));
#12178 = DIRECTION('',(1.,0.));
#12179 = ( GEOMETRIC_REPRESENTATION_CONTEXT(2) 
PARAMETRIC_REPRESENTATION_CONTEXT() REPRESENTATION_CONTEXT('2D SPACE',''
  ) );
#12180 = ORIENTED_EDGE('',*,*,#12181,.F.);
#12181 = EDGE_CURVE('',#12182,#12148,#12184,.T.);
#12182 = VERTEX_POINT('',#12183);
#12183 = CARTESIAN_POINT('',(4.5,14.875,-1.102182119233E-15));
#12184 = SEAM_CURVE('',#12185,(#12189,#12196),.PCURVE_S1.);
#12185 = LINE('',#12186,#12187);
#12186 = CARTESIAN_POINT('',(4.5,14.875,-1.102182119233E-15));
#12187 = VECTOR('',#12188,1.);
#12188 = DIRECTION('',(0.,-1.,2.22044604925E-16));
#12189 = PCURVE('',#12157,#12190);
#12190 = DEFINITIONAL_REPRESENTATION('',(#12191),#12195);
#12191 = LINE('',#12192,#12193);
#12192 = CARTESIAN_POINT('',(6.28318530718,-0.));
#12193 = VECTOR('',#12194,1.);
#12194 = DIRECTION('',(0.,1.));
#12195 = ( GEOMETRIC_REPRESENTATION_CONTEXT(2) 
PARAMETRIC_REPRESENTATION_CONTEXT() REPRESENTATION_CONTEXT('2D SPACE',''
  ) );
#12196 = PCURVE('',#12157,#12197);
#12197 = DEFINITIONAL_REPRESENTATION('',(#12198),#12202);
#12198 = LINE('',#12199,#12200);
#12199 = CARTESIAN_POINT('',(0.,-0.));
#12200 = VECTOR('',#12201,1.);
#12201 = DIRECTION('',(0.,1.));
#12202 = ( GEOMETRIC_REPRESENTATION_CONTEXT(2) 
PARAMETRIC_REPRESENTATION_CONTEXT() REPRESENTATION_CONTEXT('2D SPACE',''
  ) );
#12203 = ORIENTED_EDGE('',*,*,#12204,.T.);
#12204 = EDGE_CURVE('',#12182,#12182,#12205,.T.);
#12205 = SURFACE_CURVE('',#12206,(#12211,#12218),.PCURVE_S1.);
#12206 = CIRCLE('',#12207,4.5);
#12207 = AXIS2_PLACEMENT_3D('',#12208,#12209,#12210);
#12208 = CARTESIAN_POINT('',(0.,14.875,0.));
#12209 = DIRECTION('',(0.,-1.,2.22044604925E-16));
#12210 = DIRECTION('',(1.,0.,0.));
#12211 = PCURVE('',#12157,#12212);
#12212 = DEFINITIONAL_REPRESENTATION('',(#12213),#12217);
#12213 = LINE('',#12214,#12215);
#12214 = CARTESIAN_POINT('',(0.,0.));
#12215 = VECTOR('',#12216,1.);
#12216 = DIRECTION('',(1.,0.));
#12217 = ( GEOMETRIC_REPRESENTATION_CONTEXT(2) 
PARAMETRIC_REPRESENTATION_CONTEXT() REPRESENTATION_CONTEXT('2D SPACE',''
  ) );
#12218 = PCURVE('',#12219,#12224);
#12219 = PLANE('',#12220);
#12220 = AXIS2_PLACEMENT_3D('',#12221,#12222,#12223);
#12221 = CARTESIAN_POINT('',(0.,14.875,0.));
#12222 = DIRECTION('',(0.,-1.,2.22044604925E-16));
#12223 = DIRECTION('',(1.,0.,0.));
#12224 = DEFINITIONAL_REPRESENTATION('',(#12225),#12229);
#12225 = CIRCLE('',#12226,4.5);
#12226 = AXIS2_PLACEMENT_2D('',#12227,#12228);
#12227 = CARTESIAN_POINT('',(0.,0.));
#12228 = DIRECTION('',(1.,0.));
#12229 = ( GEOMETRIC_REPRESENTATION_CONTEXT(2) 
PARAMETRIC_REPRESENTATION_CONTEXT() REPRESENTATION_CONTEXT('2D SPACE',''
  ) );
#12230 = ORIENTED_EDGE('',*,*,#12181,.T.);
#12231 = ADVANCED_FACE('',(#12232,#12235),#12169,.T.);
#12232 = FACE_BOUND('',#12233,.T.);
#12233 = EDGE_LOOP('',(#12234));
#12234 = ORIENTED_EDGE('',*,*,#12147,.T.);
#12235 = FACE_BOUND('',#12236,.T.);
#12236 = EDGE_LOOP('',(#12237));
#12237 = ORIENTED_EDGE('',*,*,#12238,.F.);
#12238 = EDGE_CURVE('',#12239,#12239,#12241,.T.);
#12239 = VERTEX_POINT('',#12240);
#12240 = CARTESIAN_POINT('',(2.5,13.125,-6.123233995737E-16));
#12241 = SURFACE_CURVE('',#12242,(#12247,#12254),.PCURVE_S1.);
#12242 = CIRCLE('',#12243,2.5);
#12243 = AXIS2_PLACEMENT_3D('',#12244,#12245,#12246);
#12244 = CARTESIAN_POINT('',(0.,13.125,0.));
#12245 = DIRECTION('',(0.,-1.,2.22044604925E-16));
#12246 = DIRECTION('',(1.,0.,0.));
#12247 = PCURVE('',#12169,#12248);
#12248 = DEFINITIONAL_REPRESENTATION('',(#12249),#12253);
#12249 = CIRCLE('',#12250,2.5);
#12250 = AXIS2_PLACEMENT_2D('',#12251,#12252);
#12251 = CARTESIAN_POINT('',(0.,-3.885780586188E-16));
#12252 = DIRECTION('',(1.,0.));
#12253 = ( GEOMETRIC_REPRESENTATION_CONTEXT(2) 
PARAMETRIC_REPRESENTATION_CONTEXT() REPRESENTATION_CONTEXT('2D SPACE',''
  ) );
#12254 = PCURVE('',#12255,#12260);
#12255 = CYLINDRICAL_SURFACE('',#12256,2.5);
#12256 = AXIS2_PLACEMENT_3D('',#12257,#12258,#12259);
#12257 = CARTESIAN_POINT('',(0.,13.125,0.));
#12258 = DIRECTION('',(0.,-1.,2.22044604925E-16));
#12259 = DIRECTION('',(1.,0.,0.));
#12260 = DEFINITIONAL_REPRESENTATION('',(#12261),#12265);
#12261 = LINE('',#12262,#12263);
#12262 = CARTESIAN_POINT('',(0.,0.));
#12263 = VECTOR('',#12264,1.);
#12264 = DIRECTION('',(1.,0.));
#12265 = ( GEOMETRIC_REPRESENTATION_CONTEXT(2) 
PARAMETRIC_REPRESENTATION_CONTEXT() REPRESENTATION_CONTEXT('2D SPACE',''
  ) );
#12266 = ADVANCED_FACE('',(#12267),#12219,.F.);
#12267 = FACE_BOUND('',#12268,.T.);
#12268 = EDGE_LOOP('',(#12269));
#12269 = ORIENTED_EDGE('',*,*,#12204,.F.);
#12270 = ADVANCED_FACE('',(#12271),#12255,.T.);
#12271 = FACE_BOUND('',#12272,.T.);
#12272 = EDGE_LOOP('',(#12273,#12302,#12323,#12324));
#12273 = ORIENTED_EDGE('',*,*,#12274,.F.);
#12274 = EDGE_CURVE('',#12275,#12275,#12277,.T.);
#12275 = VERTEX_POINT('',#12276);
#12276 = CARTESIAN_POINT('',(2.5,-13.125,5.216347479708E-15));
#12277 = SURFACE_CURVE('',#12278,(#12283,#12290),.PCURVE_S1.);
#12278 = CIRCLE('',#12279,2.5);
#12279 = AXIS2_PLACEMENT_3D('',#12280,#12281,#12282);
#12280 = CARTESIAN_POINT('',(0.,-13.125,5.828670879282E-15));
#12281 = DIRECTION('',(0.,-1.,2.22044604925E-16));
#12282 = DIRECTION('',(1.,0.,0.));
#12283 = PCURVE('',#12255,#12284);
#12284 = DEFINITIONAL_REPRESENTATION('',(#12285),#12289);
#12285 = LINE('',#12286,#12287);
#12286 = CARTESIAN_POINT('',(0.,26.25));
#12287 = VECTOR('',#12288,1.);
#12288 = DIRECTION('',(1.,0.));
#12289 = ( GEOMETRIC_REPRESENTATION_CONTEXT(2) 
PARAMETRIC_REPRESENTATION_CONTEXT() REPRESENTATION_CONTEXT('2D SPACE',''
  ) );
#12290 = PCURVE('',#12291,#12296);
#12291 = PLANE('',#12292);
#12292 = AXIS2_PLACEMENT_3D('',#12293,#12294,#12295);
#12293 = CARTESIAN_POINT('',(0.,-13.125,5.828670879282E-15));
#12294 = DIRECTION('',(0.,-1.,2.22044604925E-16));
#12295 = DIRECTION('',(1.,0.,0.));
#12296 = DEFINITIONAL_REPRESENTATION('',(#12297),#12301);
#12297 = CIRCLE('',#12298,2.5);
#12298 = AXIS2_PLACEMENT_2D('',#12299,#12300);
#12299 = CARTESIAN_POINT('',(0.,0.));
#12300 = DIRECTION('',(1.,0.));
#12301 = ( GEOMETRIC_REPRESENTATION_CONTEXT(2) 
PARAMETRIC_REPRESENTATION_CONTEXT() REPRESENTATION_CONTEXT('2D SPACE',''
  ) );
#12302 = ORIENTED_EDGE('',*,*,#12303,.F.);
#12303 = EDGE_CURVE('',#12239,#12275,#12304,.T.);
#12304 = SEAM_CURVE('',#12305,(#12309,#12316),.PCURVE_S1.);
#12305 = LINE('',#12306,#12307);
#12306 = CARTESIAN_POINT('',(2.5,13.125,-6.123233995737E-16));
#12307 = VECTOR('',#12308,1.);
#12308 = DIRECTION('',(0.,-1.,2.22044604925E-16));
#12309 = PCURVE('',#12255,#12310);
#12310 = DEFINITIONAL_REPRESENTATION('',(#12311),#12315);
#12311 = LINE('',#12312,#12313);
#12312 = CARTESIAN_POINT('',(6.28318530718,-0.));
#12313 = VECTOR('',#12314,1.);
#12314 = DIRECTION('',(0.,1.));
#12315 = ( GEOMETRIC_REPRESENTATION_CONTEXT(2) 
PARAMETRIC_REPRESENTATION_CONTEXT() REPRESENTATION_CONTEXT('2D SPACE',''
  ) );
#12316 = PCURVE('',#12255,#12317);
#12317 = DEFINITIONAL_REPRESENTATION('',(#12318),#12322);
#12318 = LINE('',#12319,#12320);
#12319 = CARTESIAN_POINT('',(0.,-0.));
#12320 = VECTOR('',#12321,1.);
#12321 = DIRECTION('',(0.,1.));
#12322 = ( GEOMETRIC_REPRESENTATION_CONTEXT(2) 
PARAMETRIC_REPRESENTATION_CONTEXT() REPRESENTATION_CONTEXT('2D SPACE',''
  ) );
#12323 = ORIENTED_EDGE('',*,*,#12238,.T.);
#12324 = ORIENTED_EDGE('',*,*,#12303,.T.);
#12325 = ADVANCED_FACE('',(#12326),#12291,.T.);
#12326 = FACE_BOUND('',#12327,.T.);
#12327 = EDGE_LOOP('',(#12328));
#12328 = ORIENTED_EDGE('',*,*,#12274,.T.);
#12329 = ( GEOMETRIC_REPRESENTATION_CONTEXT(3) 
GLOBAL_UNCERTAINTY_ASSIGNED_CONTEXT((#12333)) 
GLOBAL_UNIT_ASSIGNED_CONTEXT((#12330,#12331,#12332)) 
REPRESENTATION_CONTEXT('Context #1',
  '3D Context with UNIT and UNCERTAINTY') );
#12330 = ( LENGTH_UNIT() NAMED_UNIT(*) SI_UNIT(.MILLI.,.METRE.) );
#12331 = ( NAMED_UNIT(*) PLANE_ANGLE_UNIT() SI_UNIT($,.RADIAN.) );
#12332 = ( NAMED_UNIT(*) SI_UNIT($,.STERADIAN.) SOLID_ANGLE_UNIT() );
#12333 = UNCERTAINTY_MEASURE_WITH_UNIT(LENGTH_MEASURE(1.E-07),#12330,
  'distance_accuracy_value','confusion accuracy');
#12334 = CONTEXT_DEPENDENT_SHAPE_REPRESENTATION(#12335,#12337);
#12335 = ( REPRESENTATION_RELATIONSHIP('','',#12140,#10) 
REPRESENTATION_RELATIONSHIP_WITH_TRANSFORMATION(#12336) 
SHAPE_REPRESENTATION_RELATIONSHIP() );
#12336 = ITEM_DEFINED_TRANSFORMATION('','',#11,#43);
#12337 = PRODUCT_DEFINITION_SHAPE('Placement','Placement of an item',
  #12338);
#12338 = NEXT_ASSEMBLY_USAGE_OCCURRENCE('19','hook_pin','',#5,#12135,$);
#12339 = PRODUCT_RELATED_PRODUCT_CATEGORY('part',$,(#12137));
#12340 = SHAPE_DEFINITION_REPRESENTATION(#12341,#12347);
#12341 = PRODUCT_DEFINITION_SHAPE('','',#12342);
#12342 = PRODUCT_DEFINITION('design','',#12343,#12346);
#12343 = PRODUCT_DEFINITION_FORMATION('','',#12344);
#12344 = PRODUCT('left_arm_locknut','left_arm_locknut','',(#12345));
#12345 = PRODUCT_CONTEXT('',#2,'mechanical');
#12346 = PRODUCT_DEFINITION_CONTEXT('part definition',#2,'design');
#12347 = ADVANCED_BREP_SHAPE_REPRESENTATION('',(#11,#12348),#12678);
#12348 = MANIFOLD_SOLID_BREP('',#12349);
#12349 = CLOSED_SHELL('',(#12350,#12470,#12570,#12617,#12664,#12671));
#12350 = ADVANCED_FACE('',(#12351),#12365,.F.);
#12351 = FACE_BOUND('',#12352,.F.);
#12352 = EDGE_LOOP('',(#12353,#12388,#12416,#12444));
#12353 = ORIENTED_EDGE('',*,*,#12354,.F.);
#12354 = EDGE_CURVE('',#12355,#12357,#12359,.T.);
#12355 = VERTEX_POINT('',#12356);
#12356 = CARTESIAN_POINT('',(-4.3,-0.75,-4.3));
#12357 = VERTEX_POINT('',#12358);
#12358 = CARTESIAN_POINT('',(-4.3,-0.75,4.3));
#12359 = SURFACE_CURVE('',#12360,(#12364,#12376),.PCURVE_S1.);
#12360 = LINE('',#12361,#12362);
#12361 = CARTESIAN_POINT('',(-4.3,-0.75,-4.3));
#12362 = VECTOR('',#12363,1.);
#12363 = DIRECTION('',(0.,0.,1.));
#12364 = PCURVE('',#12365,#12370);
#12365 = PLANE('',#12366);
#12366 = AXIS2_PLACEMENT_3D('',#12367,#12368,#12369);
#12367 = CARTESIAN_POINT('',(-4.3,-0.75,-4.3));
#12368 = DIRECTION('',(1.,0.,-0.));
#12369 = DIRECTION('',(0.,0.,1.));
#12370 = DEFINITIONAL_REPRESENTATION('',(#12371),#12375);
#12371 = LINE('',#12372,#12373);
#12372 = CARTESIAN_POINT('',(0.,0.));
#12373 = VECTOR('',#12374,1.);
#12374 = DIRECTION('',(1.,0.));
#12375 = ( GEOMETRIC_REPRESENTATION_CONTEXT(2) 
PARAMETRIC_REPRESENTATION_CONTEXT() REPRESENTATION_CONTEXT('2D SPACE',''
  ) );
#12376 = PCURVE('',#12377,#12382);
#12377 = PLANE('',#12378);
#12378 = AXIS2_PLACEMENT_3D('',#12379,#12380,#12381);
#12379 = CARTESIAN_POINT('',(-4.3,-0.75,-4.3));
#12380 = DIRECTION('',(-0.,1.,0.));
#12381 = DIRECTION('',(0.,0.,1.));
#12382 = DEFINITIONAL_REPRESENTATION('',(#12383),#12387);
#12383 = LINE('',#12384,#12385);
#12384 = CARTESIAN_POINT('',(0.,0.));
#12385 = VECTOR('',#12386,1.);
#12386 = DIRECTION('',(1.,0.));
#12387 = ( GEOMETRIC_REPRESENTATION_CONTEXT(2) 
PARAMETRIC_REPRESENTATION_CONTEXT() REPRESENTATION_CONTEXT('2D SPACE',''
  ) );
#12388 = ORIENTED_EDGE('',*,*,#12389,.T.);
#12389 = EDGE_CURVE('',#12355,#12390,#12392,.T.);
#12390 = VERTEX_POINT('',#12391);
#12391 = CARTESIAN_POINT('',(-4.3,0.75,-4.3));
#12392 = SURFACE_CURVE('',#12393,(#12397,#12404),.PCURVE_S1.);
#12393 = LINE('',#12394,#12395);
#12394 = CARTESIAN_POINT('',(-4.3,-0.75,-4.3));
#12395 = VECTOR('',#12396,1.);
#12396 = DIRECTION('',(-0.,1.,0.));
#12397 = PCURVE('',#12365,#12398);
#12398 = DEFINITIONAL_REPRESENTATION('',(#12399),#12403);
#12399 = LINE('',#12400,#12401);
#12400 = CARTESIAN_POINT('',(0.,0.));
#12401 = VECTOR('',#12402,1.);
#12402 = DIRECTION('',(0.,-1.));
#12403 = ( GEOMETRIC_REPRESENTATION_CONTEXT(2) 
PARAMETRIC_REPRESENTATION_CONTEXT() REPRESENTATION_CONTEXT('2D SPACE',''
  ) );
#12404 = PCURVE('',#12405,#12410);
#12405 = PLANE('',#12406);
#12406 = AXIS2_PLACEMENT_3D('',#12407,#12408,#12409);
#12407 = CARTESIAN_POINT('',(-4.3,-0.75,-4.3));
#12408 = DIRECTION('',(0.,0.,1.));
#12409 = DIRECTION('',(1.,0.,-0.));
#12410 = DEFINITIONAL_REPRESENTATION('',(#12411),#12415);
#12411 = LINE('',#12412,#12413);
#12412 = CARTESIAN_POINT('',(0.,0.));
#12413 = VECTOR('',#12414,1.);
#12414 = DIRECTION('',(0.,1.));
#12415 = ( GEOMETRIC_REPRESENTATION_CONTEXT(2) 
PARAMETRIC_REPRESENTATION_CONTEXT() REPRESENTATION_CONTEXT('2D SPACE',''
  ) );
#12416 = ORIENTED_EDGE('',*,*,#12417,.T.);
#12417 = EDGE_CURVE('',#12390,#12418,#12420,.T.);
#12418 = VERTEX_POINT('',#12419);
#12419 = CARTESIAN_POINT('',(-4.3,0.75,4.3));
#12420 = SURFACE_CURVE('',#12421,(#12425,#12432),.PCURVE_S1.);
#12421 = LINE('',#12422,#12423);
#12422 = CARTESIAN_POINT('',(-4.3,0.75,-4.3));
#12423 = VECTOR('',#12424,1.);
#12424 = DIRECTION('',(0.,0.,1.));
#12425 = PCURVE('',#12365,#12426);
#12426 = DEFINITIONAL_REPRESENTATION('',(#12427),#12431);
#12427 = LINE('',#12428,#12429);
#12428 = CARTESIAN_POINT('',(0.,-1.5));
#12429 = VECTOR('',#12430,1.);
#12430 = DIRECTION('',(1.,0.));
#12431 = ( GEOMETRIC_REPRESENTATION_CONTEXT(2) 
PARAMETRIC_REPRESENTATION_CONTEXT() REPRESENTATION_CONTEXT('2D SPACE',''
  ) );
#12432 = PCURVE('',#12433,#12438);
#12433 = PLANE('',#12434);
#12434 = AXIS2_PLACEMENT_3D('',#12435,#12436,#12437);
#12435 = CARTESIAN_POINT('',(-4.3,0.75,-4.3));
#12436 = DIRECTION('',(-0.,1.,0.));
#12437 = DIRECTION('',(0.,0.,1.));
#12438 = DEFINITIONAL_REPRESENTATION('',(#12439),#12443);
#12439 = LINE('',#12440,#12441);
#12440 = CARTESIAN_POINT('',(0.,0.));
#12441 = VECTOR('',#12442,1.);
#12442 = DIRECTION('',(1.,0.));
#12443 = ( GEOMETRIC_REPRESENTATION_CONTEXT(2) 
PARAMETRIC_REPRESENTATION_CONTEXT() REPRESENTATION_CONTEXT('2D SPACE',''
  ) );
#12444 = ORIENTED_EDGE('',*,*,#12445,.F.);
#12445 = EDGE_CURVE('',#12357,#12418,#12446,.T.);
#12446 = SURFACE_CURVE('',#12447,(#12451,#12458),.PCURVE_S1.);
#12447 = LINE('',#12448,#12449);
#12448 = CARTESIAN_POINT('',(-4.3,-0.75,4.3));
#12449 = VECTOR('',#12450,1.);
#12450 = DIRECTION('',(-0.,1.,0.));
#12451 = PCURVE('',#12365,#12452);
#12452 = DEFINITIONAL_REPRESENTATION('',(#12453),#12457);
#12453 = LINE('',#12454,#12455);
#12454 = CARTESIAN_POINT('',(8.6,0.));
#12455 = VECTOR('',#12456,1.);
#12456 = DIRECTION('',(0.,-1.));
#12457 = ( GEOMETRIC_REPRESENTATION_CONTEXT(2) 
PARAMETRIC_REPRESENTATION_CONTEXT() REPRESENTATION_CONTEXT('2D SPACE',''
  ) );
#12458 = PCURVE('',#12459,#12464);
#12459 = PLANE('',#12460);
#12460 = AXIS2_PLACEMENT_3D('',#12461,#12462,#12463);
#12461 = CARTESIAN_POINT('',(-4.3,-0.75,4.3));
#12462 = DIRECTION('',(0.,0.,1.));
#12463 = DIRECTION('',(1.,0.,-0.));
#12464 = DEFINITIONAL_REPRESENTATION('',(#12465),#12469);
#12465 = LINE('',#12466,#12467);
#12466 = CARTESIAN_POINT('',(0.,0.));
#12467 = VECTOR('',#12468,1.);
#12468 = DIRECTION('',(0.,1.));
#12469 = ( GEOMETRIC_REPRESENTATION_CONTEXT(2) 
PARAMETRIC_REPRESENTATION_CONTEXT() REPRESENTATION_CONTEXT('2D SPACE',''
  ) );
#12470 = ADVANCED_FACE('',(#12471),#12485,.T.);
#12471 = FACE_BOUND('',#12472,.T.);
#12472 = EDGE_LOOP('',(#12473,#12503,#12526,#12549));
#12473 = ORIENTED_EDGE('',*,*,#12474,.F.);
#12474 = EDGE_CURVE('',#12475,#12477,#12479,.T.);
#12475 = VERTEX_POINT('',#12476);
#12476 = CARTESIAN_POINT('',(4.3,-0.75,-4.3));
#12477 = VERTEX_POINT('',#12478);
#12478 = CARTESIAN_POINT('',(4.3,-0.75,4.3));
#12479 = SURFACE_CURVE('',#12480,(#12484,#12496),.PCURVE_S1.);
#12480 = LINE('',#12481,#12482);
#12481 = CARTESIAN_POINT('',(4.3,-0.75,-4.3));
#12482 = VECTOR('',#12483,1.);
#12483 = DIRECTION('',(0.,0.,1.));
#12484 = PCURVE('',#12485,#12490);
#12485 = PLANE('',#12486);
#12486 = AXIS2_PLACEMENT_3D('',#12487,#12488,#12489);
#12487 = CARTESIAN_POINT('',(4.3,-0.75,-4.3));
#12488 = DIRECTION('',(1.,0.,-0.));
#12489 = DIRECTION('',(0.,0.,1.));
#12490 = DEFINITIONAL_REPRESENTATION('',(#12491),#12495);
#12491 = LINE('',#12492,#12493);
#12492 = CARTESIAN_POINT('',(0.,0.));
#12493 = VECTOR('',#12494,1.);
#12494 = DIRECTION('',(1.,0.));
#12495 = ( GEOMETRIC_REPRESENTATION_CONTEXT(2) 
PARAMETRIC_REPRESENTATION_CONTEXT() REPRESENTATION_CONTEXT('2D SPACE',''
  ) );
#12496 = PCURVE('',#12377,#12497);
#12497 = DEFINITIONAL_REPRESENTATION('',(#12498),#12502);
#12498 = LINE('',#12499,#12500);
#12499 = CARTESIAN_POINT('',(0.,8.6));
#12500 = VECTOR('',#12501,1.);
#12501 = DIRECTION('',(1.,0.));
#12502 = ( GEOMETRIC_REPRESENTATION_CONTEXT(2) 
PARAMETRIC_REPRESENTATION_CONTEXT() REPRESENTATION_CONTEXT('2D SPACE',''
  ) );
#12503 = ORIENTED_EDGE('',*,*,#12504,.T.);
#12504 = EDGE_CURVE('',#12475,#12505,#12507,.T.);
#12505 = VERTEX_POINT('',#12506);
#12506 = CARTESIAN_POINT('',(4.3,0.75,-4.3));
#12507 = SURFACE_CURVE('',#12508,(#12512,#12519),.PCURVE_S1.);
#12508 = LINE('',#12509,#12510);
#12509 = CARTESIAN_POINT('',(4.3,-0.75,-4.3));
#12510 = VECTOR('',#12511,1.);
#12511 = DIRECTION('',(-0.,1.,0.));
#12512 = PCURVE('',#12485,#12513);
#12513 = DEFINITIONAL_REPRESENTATION('',(#12514),#12518);
#12514 = LINE('',#12515,#12516);
#12515 = CARTESIAN_POINT('',(0.,0.));
#12516 = VECTOR('',#12517,1.);
#12517 = DIRECTION('',(0.,-1.));
#12518 = ( GEOMETRIC_REPRESENTATION_CONTEXT(2) 
PARAMETRIC_REPRESENTATION_CONTEXT() REPRESENTATION_CONTEXT('2D SPACE',''
  ) );
#12519 = PCURVE('',#12405,#12520);
#12520 = DEFINITIONAL_REPRESENTATION('',(#12521),#12525);
#12521 = LINE('',#12522,#12523);
#12522 = CARTESIAN_POINT('',(8.6,0.));
#12523 = VECTOR('',#12524,1.);
#12524 = DIRECTION('',(0.,1.));
#12525 = ( GEOMETRIC_REPRESENTATION_CONTEXT(2) 
PARAMETRIC_REPRESENTATION_CONTEXT() REPRESENTATION_CONTEXT('2D SPACE',''
  ) );
#12526 = ORIENTED_EDGE('',*,*,#12527,.T.);
#12527 = EDGE_CURVE('',#12505,#12528,#12530,.T.);
#12528 = VERTEX_POINT('',#12529);
#12529 = CARTESIAN_POINT('',(4.3,0.75,4.3));
#12530 = SURFACE_CURVE('',#12531,(#12535,#12542),.PCURVE_S1.);
#12531 = LINE('',#12532,#12533);
#12532 = CARTESIAN_POINT('',(4.3,0.75,-4.3));
#12533 = VECTOR('',#12534,1.);
#12534 = DIRECTION('',(0.,0.,1.));
#12535 = PCURVE('',#12485,#12536);
#12536 = DEFINITIONAL_REPRESENTATION('',(#12537),#12541);
#12537 = LINE('',#12538,#12539);
#12538 = CARTESIAN_POINT('',(0.,-1.5));
#12539 = VECTOR('',#12540,1.);
#12540 = DIRECTION('',(1.,0.));
#12541 = ( GEOMETRIC_REPRESENTATION_CONTEXT(2) 
PARAMETRIC_REPRESENTATION_CONTEXT() REPRESENTATION_CONTEXT('2D SPACE',''
  ) );
#12542 = PCURVE('',#12433,#12543);
#12543 = DEFINITIONAL_REPRESENTATION('',(#12544),#12548);
#12544 = LINE('',#12545,#12546);
#12545 = CARTESIAN_POINT('',(0.,8.6));
#12546 = VECTOR('',#12547,1.);
#12547 = DIRECTION('',(1.,0.));
#12548 = ( GEOMETRIC_REPRESENTATION_CONTEXT(2) 
PARAMETRIC_REPRESENTATION_CONTEXT() REPRESENTATION_CONTEXT('2D SPACE',''
  ) );
#12549 = ORIENTED_EDGE('',*,*,#12550,.F.);
#12550 = EDGE_CURVE('',#12477,#12528,#12551,.T.);
#12551 = SURFACE_CURVE('',#12552,(#12556,#12563),.PCURVE_S1.);
#12552 = LINE('',#12553,#12554);
#12553 = CARTESIAN_POINT('',(4.3,-0.75,4.3));
#12554 = VECTOR('',#12555,1.);
#12555 = DIRECTION('',(-0.,1.,0.));
#12556 = PCURVE('',#12485,#12557);
#12557 = DEFINITIONAL_REPRESENTATION('',(#12558),#12562);
#12558 = LINE('',#12559,#12560);
#12559 = CARTESIAN_POINT('',(8.6,0.));
#12560 = VECTOR('',#12561,1.);
#12561 = DIRECTION('',(0.,-1.));
#12562 = ( GEOMETRIC_REPRESENTATION_CONTEXT(2) 
PARAMETRIC_REPRESENTATION_CONTEXT() REPRESENTATION_CONTEXT('2D SPACE',''
  ) );
#12563 = PCURVE('',#12459,#12564);
#12564 = DEFINITIONAL_REPRESENTATION('',(#12565),#12569);
#12565 = LINE('',#12566,#12567);
#12566 = CARTESIAN_POINT('',(8.6,0.));
#12567 = VECTOR('',#12568,1.);
#12568 = DIRECTION('',(0.,1.));
#12569 = ( GEOMETRIC_REPRESENTATION_CONTEXT(2) 
PARAMETRIC_REPRESENTATION_CONTEXT() REPRESENTATION_CONTEXT('2D SPACE',''
  ) );
#12570 = ADVANCED_FACE('',(#12571),#12377,.F.);
#12571 = FACE_BOUND('',#12572,.F.);
#12572 = EDGE_LOOP('',(#12573,#12594,#12595,#12616));
#12573 = ORIENTED_EDGE('',*,*,#12574,.F.);
#12574 = EDGE_CURVE('',#12355,#12475,#12575,.T.);
#12575 = SURFACE_CURVE('',#12576,(#12580,#12587),.PCURVE_S1.);
#12576 = LINE('',#12577,#12578);
#12577 = CARTESIAN_POINT('',(-4.3,-0.75,-4.3));
#12578 = VECTOR('',#12579,1.);
#12579 = DIRECTION('',(1.,0.,-0.));
#12580 = PCURVE('',#12377,#12581);
#12581 = DEFINITIONAL_REPRESENTATION('',(#12582),#12586);
#12582 = LINE('',#12583,#12584);
#12583 = CARTESIAN_POINT('',(0.,0.));
#12584 = VECTOR('',#12585,1.);
#12585 = DIRECTION('',(0.,1.));
#12586 = ( GEOMETRIC_REPRESENTATION_CONTEXT(2) 
PARAMETRIC_REPRESENTATION_CONTEXT() REPRESENTATION_CONTEXT('2D SPACE',''
  ) );
#12587 = PCURVE('',#12405,#12588);
#12588 = DEFINITIONAL_REPRESENTATION('',(#12589),#12593);
#12589 = LINE('',#12590,#12591);
#12590 = CARTESIAN_POINT('',(0.,0.));
#12591 = VECTOR('',#12592,1.);
#12592 = DIRECTION('',(1.,0.));
#12593 = ( GEOMETRIC_REPRESENTATION_CONTEXT(2) 
PARAMETRIC_REPRESENTATION_CONTEXT() REPRESENTATION_CONTEXT('2D SPACE',''
  ) );
#12594 = ORIENTED_EDGE('',*,*,#12354,.T.);
#12595 = ORIENTED_EDGE('',*,*,#12596,.T.);
#12596 = EDGE_CURVE('',#12357,#12477,#12597,.T.);
#12597 = SURFACE_CURVE('',#12598,(#12602,#12609),.PCURVE_S1.);
#12598 = LINE('',#12599,#12600);
#12599 = CARTESIAN_POINT('',(-4.3,-0.75,4.3));
#12600 = VECTOR('',#12601,1.);
#12601 = DIRECTION('',(1.,0.,-0.));
#12602 = PCURVE('',#12377,#12603);
#12603 = DEFINITIONAL_REPRESENTATION('',(#12604),#12608);
#12604 = LINE('',#12605,#12606);
#12605 = CARTESIAN_POINT('',(8.6,0.));
#12606 = VECTOR('',#12607,1.);
#12607 = DIRECTION('',(0.,1.));
#12608 = ( GEOMETRIC_REPRESENTATION_CONTEXT(2) 
PARAMETRIC_REPRESENTATION_CONTEXT() REPRESENTATION_CONTEXT('2D SPACE',''
  ) );
#12609 = PCURVE('',#12459,#12610);
#12610 = DEFINITIONAL_REPRESENTATION('',(#12611),#12615);
#12611 = LINE('',#12612,#12613);
#12612 = CARTESIAN_POINT('',(0.,0.));
#12613 = VECTOR('',#12614,1.);
#12614 = DIRECTION('',(1.,0.));
#12615 = ( GEOMETRIC_REPRESENTATION_CONTEXT(2) 
PARAMETRIC_REPRESENTATION_CONTEXT() REPRESENTATION_CONTEXT('2D SPACE',''
  ) );
#12616 = ORIENTED_EDGE('',*,*,#12474,.F.);
#12617 = ADVANCED_FACE('',(#12618),#12433,.T.);
#12618 = FACE_BOUND('',#12619,.T.);
#12619 = EDGE_LOOP('',(#12620,#12641,#12642,#12663));
#12620 = ORIENTED_EDGE('',*,*,#12621,.F.);
#12621 = EDGE_CURVE('',#12390,#12505,#12622,.T.);
#12622 = SURFACE_CURVE('',#12623,(#12627,#12634),.PCURVE_S1.);
#12623 = LINE('',#12624,#12625);
#12624 = CARTESIAN_POINT('',(-4.3,0.75,-4.3));
#12625 = VECTOR('',#12626,1.);
#12626 = DIRECTION('',(1.,0.,-0.));
#12627 = PCURVE('',#12433,#12628);
#12628 = DEFINITIONAL_REPRESENTATION('',(#12629),#12633);
#12629 = LINE('',#12630,#12631);
#12630 = CARTESIAN_POINT('',(0.,0.));
#12631 = VECTOR('',#12632,1.);
#12632 = DIRECTION('',(0.,1.));
#12633 = ( GEOMETRIC_REPRESENTATION_CONTEXT(2) 
PARAMETRIC_REPRESENTATION_CONTEXT() REPRESENTATION_CONTEXT('2D SPACE',''
  ) );
#12634 = PCURVE('',#12405,#12635);
#12635 = DEFINITIONAL_REPRESENTATION('',(#12636),#12640);
#12636 = LINE('',#12637,#12638);
#12637 = CARTESIAN_POINT('',(0.,1.5));
#12638 = VECTOR('',#12639,1.);
#12639 = DIRECTION('',(1.,0.));
#12640 = ( GEOMETRIC_REPRESENTATION_CONTEXT(2) 
PARAMETRIC_REPRESENTATION_CONTEXT() REPRESENTATION_CONTEXT('2D SPACE',''
  ) );
#12641 = ORIENTED_EDGE('',*,*,#12417,.T.);
#12642 = ORIENTED_EDGE('',*,*,#12643,.T.);
#12643 = EDGE_CURVE('',#12418,#12528,#12644,.T.);
#12644 = SURFACE_CURVE('',#12645,(#12649,#12656),.PCURVE_S1.);
#12645 = LINE('',#12646,#12647);
#12646 = CARTESIAN_POINT('',(-4.3,0.75,4.3));
#12647 = VECTOR('',#12648,1.);
#12648 = DIRECTION('',(1.,0.,-0.));
#12649 = PCURVE('',#12433,#12650);
#12650 = DEFINITIONAL_REPRESENTATION('',(#12651),#12655);
#12651 = LINE('',#12652,#12653);
#12652 = CARTESIAN_POINT('',(8.6,0.));
#12653 = VECTOR('',#12654,1.);
#12654 = DIRECTION('',(0.,1.));
#12655 = ( GEOMETRIC_REPRESENTATION_CONTEXT(2) 
PARAMETRIC_REPRESENTATION_CONTEXT() REPRESENTATION_CONTEXT('2D SPACE',''
  ) );
#12656 = PCURVE('',#12459,#12657);
#12657 = DEFINITIONAL_REPRESENTATION('',(#12658),#12662);
#12658 = LINE('',#12659,#12660);
#12659 = CARTESIAN_POINT('',(0.,1.5));
#12660 = VECTOR('',#12661,1.);
#12661 = DIRECTION('',(1.,0.));
#12662 = ( GEOMETRIC_REPRESENTATION_CONTEXT(2) 
PARAMETRIC_REPRESENTATION_CONTEXT() REPRESENTATION_CONTEXT('2D SPACE',''
  ) );
#12663 = ORIENTED_EDGE('',*,*,#12527,.F.);
#12664 = ADVANCED_FACE('',(#12665),#12405,.F.);
#12665 = FACE_BOUND('',#12666,.F.);
#12666 = EDGE_LOOP('',(#12667,#12668,#12669,#12670));
#12667 = ORIENTED_EDGE('',*,*,#12389,.F.);
#12668 = ORIENTED_EDGE('',*,*,#12574,.T.);
#12669 = ORIENTED_EDGE('',*,*,#12504,.T.);
#12670 = ORIENTED_EDGE('',*,*,#12621,.F.);
#12671 = ADVANCED_FACE('',(#12672),#12459,.T.);
#12672 = FACE_BOUND('',#12673,.T.);
#12673 = EDGE_LOOP('',(#12674,#12675,#12676,#12677));
#12674 = ORIENTED_EDGE('',*,*,#12445,.F.);
#12675 = ORIENTED_EDGE('',*,*,#12596,.T.);
#12676 = ORIENTED_EDGE('',*,*,#12550,.T.);
#12677 = ORIENTED_EDGE('',*,*,#12643,.F.);
#12678 = ( GEOMETRIC_REPRESENTATION_CONTEXT(3) 
GLOBAL_UNCERTAINTY_ASSIGNED_CONTEXT((#12682)) 
GLOBAL_UNIT_ASSIGNED_CONTEXT((#12679,#12680,#12681)) 
REPRESENTATION_CONTEXT('Context #1',
  '3D Context with UNIT and UNCERTAINTY') );
#12679 = ( LENGTH_UNIT() NAMED_UNIT(*) SI_UNIT(.MILLI.,.METRE.) );
#12680 = ( NAMED_UNIT(*) PLANE_ANGLE_UNIT() SI_UNIT($,.RADIAN.) );
#12681 = ( NAMED_UNIT(*) SI_UNIT($,.STERADIAN.) SOLID_ANGLE_UNIT() );
#12682 = UNCERTAINTY_MEASURE_WITH_UNIT(LENGTH_MEASURE(1.E-07),#12679,
  'distance_accuracy_value','confusion accuracy');
#12683 = CONTEXT_DEPENDENT_SHAPE_REPRESENTATION(#12684,#12686);
#12684 = ( REPRESENTATION_RELATIONSHIP('','',#12347,#10) 
REPRESENTATION_RELATIONSHIP_WITH_TRANSFORMATION(#12685) 
SHAPE_REPRESENTATION_RELATIONSHIP() );
#12685 = ITEM_DEFINED_TRANSFORMATION('','',#11,#47);
#12686 = PRODUCT_DEFINITION_SHAPE('Placement','Placement of an item',
  #12687);
#12687 = NEXT_ASSEMBLY_USAGE_OCCURRENCE('20','left_arm_locknut','',#5,
  #12342,$);
#12688 = PRODUCT_RELATED_PRODUCT_CATEGORY('part',$,(#12344));
#12689 = SHAPE_DEFINITION_REPRESENTATION(#12690,#12696);
#12690 = PRODUCT_DEFINITION_SHAPE('','',#12691);
#12691 = PRODUCT_DEFINITION('design','',#12692,#12695);
#12692 = PRODUCT_DEFINITION_FORMATION('','',#12693);
#12693 = PRODUCT('right_arm_locknut','right_arm_locknut','',(#12694));
#12694 = PRODUCT_CONTEXT('',#2,'mechanical');
#12695 = PRODUCT_DEFINITION_CONTEXT('part definition',#2,'design');
#12696 = ADVANCED_BREP_SHAPE_REPRESENTATION('',(#11,#12697),#13027);
#12697 = MANIFOLD_SOLID_BREP('',#12698);
#12698 = CLOSED_SHELL('',(#12699,#12819,#12919,#12966,#13013,#13020));
#12699 = ADVANCED_FACE('',(#12700),#12714,.F.);
#12700 = FACE_BOUND('',#12701,.F.);
#12701 = EDGE_LOOP('',(#12702,#12737,#12765,#12793));
#12702 = ORIENTED_EDGE('',*,*,#12703,.F.);
#12703 = EDGE_CURVE('',#12704,#12706,#12708,.T.);
#12704 = VERTEX_POINT('',#12705);
#12705 = CARTESIAN_POINT('',(-4.3,-0.75,-4.3));
#12706 = VERTEX_POINT('',#12707);
#12707 = CARTESIAN_POINT('',(-4.3,-0.75,4.3));
#12708 = SURFACE_CURVE('',#12709,(#12713,#12725),.PCURVE_S1.);
#12709 = LINE('',#12710,#12711);
#12710 = CARTESIAN_POINT('',(-4.3,-0.75,-4.3));
#12711 = VECTOR('',#12712,1.);
#12712 = DIRECTION('',(0.,0.,1.));
#12713 = PCURVE('',#12714,#12719);
#12714 = PLANE('',#12715);
#12715 = AXIS2_PLACEMENT_3D('',#12716,#12717,#12718);
#12716 = CARTESIAN_POINT('',(-4.3,-0.75,-4.3));
#12717 = DIRECTION('',(1.,0.,-0.));
#12718 = DIRECTION('',(0.,0.,1.));
#12719 = DEFINITIONAL_REPRESENTATION('',(#12720),#12724);
#12720 = LINE('',#12721,#12722);
#12721 = CARTESIAN_POINT('',(0.,0.));
#12722 = VECTOR('',#12723,1.);
#12723 = DIRECTION('',(1.,0.));
#12724 = ( GEOMETRIC_REPRESENTATION_CONTEXT(2) 
PARAMETRIC_REPRESENTATION_CONTEXT() REPRESENTATION_CONTEXT('2D SPACE',''
  ) );
#12725 = PCURVE('',#12726,#12731);
#12726 = PLANE('',#12727);
#12727 = AXIS2_PLACEMENT_3D('',#12728,#12729,#12730);
#12728 = CARTESIAN_POINT('',(-4.3,-0.75,-4.3));
#12729 = DIRECTION('',(-0.,1.,0.));
#12730 = DIRECTION('',(0.,0.,1.));
#12731 = DEFINITIONAL_REPRESENTATION('',(#12732),#12736);
#12732 = LINE('',#12733,#12734);
#12733 = CARTESIAN_POINT('',(0.,0.));
#12734 = VECTOR('',#12735,1.);
#12735 = DIRECTION('',(1.,0.));
#12736 = ( GEOMETRIC_REPRESENTATION_CONTEXT(2) 
PARAMETRIC_REPRESENTATION_CONTEXT() REPRESENTATION_CONTEXT('2D SPACE',''
  ) );
#12737 = ORIENTED_EDGE('',*,*,#12738,.T.);
#12738 = EDGE_CURVE('',#12704,#12739,#12741,.T.);
#12739 = VERTEX_POINT('',#12740);
#12740 = CARTESIAN_POINT('',(-4.3,0.75,-4.3));
#12741 = SURFACE_CURVE('',#12742,(#12746,#12753),.PCURVE_S1.);
#12742 = LINE('',#12743,#12744);
#12743 = CARTESIAN_POINT('',(-4.3,-0.75,-4.3));
#12744 = VECTOR('',#12745,1.);
#12745 = DIRECTION('',(-0.,1.,0.));
#12746 = PCURVE('',#12714,#12747);
#12747 = DEFINITIONAL_REPRESENTATION('',(#12748),#12752);
#12748 = LINE('',#12749,#12750);
#12749 = CARTESIAN_POINT('',(0.,0.));
#12750 = VECTOR('',#12751,1.);
#12751 = DIRECTION('',(0.,-1.));
#12752 = ( GEOMETRIC_REPRESENTATION_CONTEXT(2) 
PARAMETRIC_REPRESENTATION_CONTEXT() REPRESENTATION_CONTEXT('2D SPACE',''
  ) );
#12753 = PCURVE('',#12754,#12759);
#12754 = PLANE('',#12755);
#12755 = AXIS2_PLACEMENT_3D('',#12756,#12757,#12758);
#12756 = CARTESIAN_POINT('',(-4.3,-0.75,-4.3));
#12757 = DIRECTION('',(0.,0.,1.));
#12758 = DIRECTION('',(1.,0.,-0.));
#12759 = DEFINITIONAL_REPRESENTATION('',(#12760),#12764);
#12760 = LINE('',#12761,#12762);
#12761 = CARTESIAN_POINT('',(0.,0.));
#12762 = VECTOR('',#12763,1.);
#12763 = DIRECTION('',(0.,1.));
#12764 = ( GEOMETRIC_REPRESENTATION_CONTEXT(2) 
PARAMETRIC_REPRESENTATION_CONTEXT() REPRESENTATION_CONTEXT('2D SPACE',''
  ) );
#12765 = ORIENTED_EDGE('',*,*,#12766,.T.);
#12766 = EDGE_CURVE('',#12739,#12767,#12769,.T.);
#12767 = VERTEX_POINT('',#12768);
#12768 = CARTESIAN_POINT('',(-4.3,0.75,4.3));
#12769 = SURFACE_CURVE('',#12770,(#12774,#12781),.PCURVE_S1.);
#12770 = LINE('',#12771,#12772);
#12771 = CARTESIAN_POINT('',(-4.3,0.75,-4.3));
#12772 = VECTOR('',#12773,1.);
#12773 = DIRECTION('',(0.,0.,1.));
#12774 = PCURVE('',#12714,#12775);
#12775 = DEFINITIONAL_REPRESENTATION('',(#12776),#12780);
#12776 = LINE('',#12777,#12778);
#12777 = CARTESIAN_POINT('',(0.,-1.5));
#12778 = VECTOR('',#12779,1.);
#12779 = DIRECTION('',(1.,0.));
#12780 = ( GEOMETRIC_REPRESENTATION_CONTEXT(2) 
PARAMETRIC_REPRESENTATION_CONTEXT() REPRESENTATION_CONTEXT('2D SPACE',''
  ) );
#12781 = PCURVE('',#12782,#12787);
#12782 = PLANE('',#12783);
#12783 = AXIS2_PLACEMENT_3D('',#12784,#12785,#12786);
#12784 = CARTESIAN_POINT('',(-4.3,0.75,-4.3));
#12785 = DIRECTION('',(-0.,1.,0.));
#12786 = DIRECTION('',(0.,0.,1.));
#12787 = DEFINITIONAL_REPRESENTATION('',(#12788),#12792);
#12788 = LINE('',#12789,#12790);
#12789 = CARTESIAN_POINT('',(0.,0.));
#12790 = VECTOR('',#12791,1.);
#12791 = DIRECTION('',(1.,0.));
#12792 = ( GEOMETRIC_REPRESENTATION_CONTEXT(2) 
PARAMETRIC_REPRESENTATION_CONTEXT() REPRESENTATION_CONTEXT('2D SPACE',''
  ) );
#12793 = ORIENTED_EDGE('',*,*,#12794,.F.);
#12794 = EDGE_CURVE('',#12706,#12767,#12795,.T.);
#12795 = SURFACE_CURVE('',#12796,(#12800,#12807),.PCURVE_S1.);
#12796 = LINE('',#12797,#12798);
#12797 = CARTESIAN_POINT('',(-4.3,-0.75,4.3));
#12798 = VECTOR('',#12799,1.);
#12799 = DIRECTION('',(-0.,1.,0.));
#12800 = PCURVE('',#12714,#12801);
#12801 = DEFINITIONAL_REPRESENTATION('',(#12802),#12806);
#12802 = LINE('',#12803,#12804);
#12803 = CARTESIAN_POINT('',(8.6,0.));
#12804 = VECTOR('',#12805,1.);
#12805 = DIRECTION('',(0.,-1.));
#12806 = ( GEOMETRIC_REPRESENTATION_CONTEXT(2) 
PARAMETRIC_REPRESENTATION_CONTEXT() REPRESENTATION_CONTEXT('2D SPACE',''
  ) );
#12807 = PCURVE('',#12808,#12813);
#12808 = PLANE('',#12809);
#12809 = AXIS2_PLACEMENT_3D('',#12810,#12811,#12812);
#12810 = CARTESIAN_POINT('',(-4.3,-0.75,4.3));
#12811 = DIRECTION('',(0.,0.,1.));
#12812 = DIRECTION('',(1.,0.,-0.));
#12813 = DEFINITIONAL_REPRESENTATION('',(#12814),#12818);
#12814 = LINE('',#12815,#12816);
#12815 = CARTESIAN_POINT('',(0.,0.));
#12816 = VECTOR('',#12817,1.);
#12817 = DIRECTION('',(0.,1.));
#12818 = ( GEOMETRIC_REPRESENTATION_CONTEXT(2) 
PARAMETRIC_REPRESENTATION_CONTEXT() REPRESENTATION_CONTEXT('2D SPACE',''
  ) );
#12819 = ADVANCED_FACE('',(#12820),#12834,.T.);
#12820 = FACE_BOUND('',#12821,.T.);
#12821 = EDGE_LOOP('',(#12822,#12852,#12875,#12898));
#12822 = ORIENTED_EDGE('',*,*,#12823,.F.);
#12823 = EDGE_CURVE('',#12824,#12826,#12828,.T.);
#12824 = VERTEX_POINT('',#12825);
#12825 = CARTESIAN_POINT('',(4.3,-0.75,-4.3));
#12826 = VERTEX_POINT('',#12827);
#12827 = CARTESIAN_POINT('',(4.3,-0.75,4.3));
#12828 = SURFACE_CURVE('',#12829,(#12833,#12845),.PCURVE_S1.);
#12829 = LINE('',#12830,#12831);
#12830 = CARTESIAN_POINT('',(4.3,-0.75,-4.3));
#12831 = VECTOR('',#12832,1.);
#12832 = DIRECTION('',(0.,0.,1.));
#12833 = PCURVE('',#12834,#12839);
#12834 = PLANE('',#12835);
#12835 = AXIS2_PLACEMENT_3D('',#12836,#12837,#12838);
#12836 = CARTESIAN_POINT('',(4.3,-0.75,-4.3));
#12837 = DIRECTION('',(1.,0.,-0.));
#12838 = DIRECTION('',(0.,0.,1.));
#12839 = DEFINITIONAL_REPRESENTATION('',(#12840),#12844);
#12840 = LINE('',#12841,#12842);
#12841 = CARTESIAN_POINT('',(0.,0.));
#12842 = VECTOR('',#12843,1.);
#12843 = DIRECTION('',(1.,0.));
#12844 = ( GEOMETRIC_REPRESENTATION_CONTEXT(2) 
PARAMETRIC_REPRESENTATION_CONTEXT() REPRESENTATION_CONTEXT('2D SPACE',''
  ) );
#12845 = PCURVE('',#12726,#12846);
#12846 = DEFINITIONAL_REPRESENTATION('',(#12847),#12851);
#12847 = LINE('',#12848,#12849);
#12848 = CARTESIAN_POINT('',(0.,8.6));
#12849 = VECTOR('',#12850,1.);
#12850 = DIRECTION('',(1.,0.));
#12851 = ( GEOMETRIC_REPRESENTATION_CONTEXT(2) 
PARAMETRIC_REPRESENTATION_CONTEXT() REPRESENTATION_CONTEXT('2D SPACE',''
  ) );
#12852 = ORIENTED_EDGE('',*,*,#12853,.T.);
#12853 = EDGE_CURVE('',#12824,#12854,#12856,.T.);
#12854 = VERTEX_POINT('',#12855);
#12855 = CARTESIAN_POINT('',(4.3,0.75,-4.3));
#12856 = SURFACE_CURVE('',#12857,(#12861,#12868),.PCURVE_S1.);
#12857 = LINE('',#12858,#12859);
#12858 = CARTESIAN_POINT('',(4.3,-0.75,-4.3));
#12859 = VECTOR('',#12860,1.);
#12860 = DIRECTION('',(-0.,1.,0.));
#12861 = PCURVE('',#12834,#12862);
#12862 = DEFINITIONAL_REPRESENTATION('',(#12863),#12867);
#12863 = LINE('',#12864,#12865);
#12864 = CARTESIAN_POINT('',(0.,0.));
#12865 = VECTOR('',#12866,1.);
#12866 = DIRECTION('',(0.,-1.));
#12867 = ( GEOMETRIC_REPRESENTATION_CONTEXT(2) 
PARAMETRIC_REPRESENTATION_CONTEXT() REPRESENTATION_CONTEXT('2D SPACE',''
  ) );
#12868 = PCURVE('',#12754,#12869);
#12869 = DEFINITIONAL_REPRESENTATION('',(#12870),#12874);
#12870 = LINE('',#12871,#12872);
#12871 = CARTESIAN_POINT('',(8.6,0.));
#12872 = VECTOR('',#12873,1.);
#12873 = DIRECTION('',(0.,1.));
#12874 = ( GEOMETRIC_REPRESENTATION_CONTEXT(2) 
PARAMETRIC_REPRESENTATION_CONTEXT() REPRESENTATION_CONTEXT('2D SPACE',''
  ) );
#12875 = ORIENTED_EDGE('',*,*,#12876,.T.);
#12876 = EDGE_CURVE('',#12854,#12877,#12879,.T.);
#12877 = VERTEX_POINT('',#12878);
#12878 = CARTESIAN_POINT('',(4.3,0.75,4.3));
#12879 = SURFACE_CURVE('',#12880,(#12884,#12891),.PCURVE_S1.);
#12880 = LINE('',#12881,#12882);
#12881 = CARTESIAN_POINT('',(4.3,0.75,-4.3));
#12882 = VECTOR('',#12883,1.);
#12883 = DIRECTION('',(0.,0.,1.));
#12884 = PCURVE('',#12834,#12885);
#12885 = DEFINITIONAL_REPRESENTATION('',(#12886),#12890);
#12886 = LINE('',#12887,#12888);
#12887 = CARTESIAN_POINT('',(0.,-1.5));
#12888 = VECTOR('',#12889,1.);
#12889 = DIRECTION('',(1.,0.));
#12890 = ( GEOMETRIC_REPRESENTATION_CONTEXT(2) 
PARAMETRIC_REPRESENTATION_CONTEXT() REPRESENTATION_CONTEXT('2D SPACE',''
  ) );
#12891 = PCURVE('',#12782,#12892);
#12892 = DEFINITIONAL_REPRESENTATION('',(#12893),#12897);
#12893 = LINE('',#12894,#12895);
#12894 = CARTESIAN_POINT('',(0.,8.6));
#12895 = VECTOR('',#12896,1.);
#12896 = DIRECTION('',(1.,0.));
#12897 = ( GEOMETRIC_REPRESENTATION_CONTEXT(2) 
PARAMETRIC_REPRESENTATION_CONTEXT() REPRESENTATION_CONTEXT('2D SPACE',''
  ) );
#12898 = ORIENTED_EDGE('',*,*,#12899,.F.);
#12899 = EDGE_CURVE('',#12826,#12877,#12900,.T.);
#12900 = SURFACE_CURVE('',#12901,(#12905,#12912),.PCURVE_S1.);
#12901 = LINE('',#12902,#12903);
#12902 = CARTESIAN_POINT('',(4.3,-0.75,4.3));
#12903 = VECTOR('',#12904,1.);
#12904 = DIRECTION('',(-0.,1.,0.));
#12905 = PCURVE('',#12834,#12906);
#12906 = DEFINITIONAL_REPRESENTATION('',(#12907),#12911);
#12907 = LINE('',#12908,#12909);
#12908 = CARTESIAN_POINT('',(8.6,0.));
#12909 = VECTOR('',#12910,1.);
#12910 = DIRECTION('',(0.,-1.));
#12911 = ( GEOMETRIC_REPRESENTATION_CONTEXT(2) 
PARAMETRIC_REPRESENTATION_CONTEXT() REPRESENTATION_CONTEXT('2D SPACE',''
  ) );
#12912 = PCURVE('',#12808,#12913);
#12913 = DEFINITIONAL_REPRESENTATION('',(#12914),#12918);
#12914 = LINE('',#12915,#12916);
#12915 = CARTESIAN_POINT('',(8.6,0.));
#12916 = VECTOR('',#12917,1.);
#12917 = DIRECTION('',(0.,1.));
#12918 = ( GEOMETRIC_REPRESENTATION_CONTEXT(2) 
PARAMETRIC_REPRESENTATION_CONTEXT() REPRESENTATION_CONTEXT('2D SPACE',''
  ) );
#12919 = ADVANCED_FACE('',(#12920),#12726,.F.);
#12920 = FACE_BOUND('',#12921,.F.);
#12921 = EDGE_LOOP('',(#12922,#12943,#12944,#12965));
#12922 = ORIENTED_EDGE('',*,*,#12923,.F.);
#12923 = EDGE_CURVE('',#12704,#12824,#12924,.T.);
#12924 = SURFACE_CURVE('',#12925,(#12929,#12936),.PCURVE_S1.);
#12925 = LINE('',#12926,#12927);
#12926 = CARTESIAN_POINT('',(-4.3,-0.75,-4.3));
#12927 = VECTOR('',#12928,1.);
#12928 = DIRECTION('',(1.,0.,-0.));
#12929 = PCURVE('',#12726,#12930);
#12930 = DEFINITIONAL_REPRESENTATION('',(#12931),#12935);
#12931 = LINE('',#12932,#12933);
#12932 = CARTESIAN_POINT('',(0.,0.));
#12933 = VECTOR('',#12934,1.);
#12934 = DIRECTION('',(0.,1.));
#12935 = ( GEOMETRIC_REPRESENTATION_CONTEXT(2) 
PARAMETRIC_REPRESENTATION_CONTEXT() REPRESENTATION_CONTEXT('2D SPACE',''
  ) );
#12936 = PCURVE('',#12754,#12937);
#12937 = DEFINITIONAL_REPRESENTATION('',(#12938),#12942);
#12938 = LINE('',#12939,#12940);
#12939 = CARTESIAN_POINT('',(0.,0.));
#12940 = VECTOR('',#12941,1.);
#12941 = DIRECTION('',(1.,0.));
#12942 = ( GEOMETRIC_REPRESENTATION_CONTEXT(2) 
PARAMETRIC_REPRESENTATION_CONTEXT() REPRESENTATION_CONTEXT('2D SPACE',''
  ) );
#12943 = ORIENTED_EDGE('',*,*,#12703,.T.);
#12944 = ORIENTED_EDGE('',*,*,#12945,.T.);
#12945 = EDGE_CURVE('',#12706,#12826,#12946,.T.);
#12946 = SURFACE_CURVE('',#12947,(#12951,#12958),.PCURVE_S1.);
#12947 = LINE('',#12948,#12949);
#12948 = CARTESIAN_POINT('',(-4.3,-0.75,4.3));
#12949 = VECTOR('',#12950,1.);
#12950 = DIRECTION('',(1.,0.,-0.));
#12951 = PCURVE('',#12726,#12952);
#12952 = DEFINITIONAL_REPRESENTATION('',(#12953),#12957);
#12953 = LINE('',#12954,#12955);
#12954 = CARTESIAN_POINT('',(8.6,0.));
#12955 = VECTOR('',#12956,1.);
#12956 = DIRECTION('',(0.,1.));
#12957 = ( GEOMETRIC_REPRESENTATION_CONTEXT(2) 
PARAMETRIC_REPRESENTATION_CONTEXT() REPRESENTATION_CONTEXT('2D SPACE',''
  ) );
#12958 = PCURVE('',#12808,#12959);
#12959 = DEFINITIONAL_REPRESENTATION('',(#12960),#12964);
#12960 = LINE('',#12961,#12962);
#12961 = CARTESIAN_POINT('',(0.,0.));
#12962 = VECTOR('',#12963,1.);
#12963 = DIRECTION('',(1.,0.));
#12964 = ( GEOMETRIC_REPRESENTATION_CONTEXT(2) 
PARAMETRIC_REPRESENTATION_CONTEXT() REPRESENTATION_CONTEXT('2D SPACE',''
  ) );
#12965 = ORIENTED_EDGE('',*,*,#12823,.F.);
#12966 = ADVANCED_FACE('',(#12967),#12782,.T.);
#12967 = FACE_BOUND('',#12968,.T.);
#12968 = EDGE_LOOP('',(#12969,#12990,#12991,#13012));
#12969 = ORIENTED_EDGE('',*,*,#12970,.F.);
#12970 = EDGE_CURVE('',#12739,#12854,#12971,.T.);
#12971 = SURFACE_CURVE('',#12972,(#12976,#12983),.PCURVE_S1.);
#12972 = LINE('',#12973,#12974);
#12973 = CARTESIAN_POINT('',(-4.3,0.75,-4.3));
#12974 = VECTOR('',#12975,1.);
#12975 = DIRECTION('',(1.,0.,-0.));
#12976 = PCURVE('',#12782,#12977);
#12977 = DEFINITIONAL_REPRESENTATION('',(#12978),#12982);
#12978 = LINE('',#12979,#12980);
#12979 = CARTESIAN_POINT('',(0.,0.));
#12980 = VECTOR('',#12981,1.);
#12981 = DIRECTION('',(0.,1.));
#12982 = ( GEOMETRIC_REPRESENTATION_CONTEXT(2) 
PARAMETRIC_REPRESENTATION_CONTEXT() REPRESENTATION_CONTEXT('2D SPACE',''
  ) );
#12983 = PCURVE('',#12754,#12984);
#12984 = DEFINITIONAL_REPRESENTATION('',(#12985),#12989);
#12985 = LINE('',#12986,#12987);
#12986 = CARTESIAN_POINT('',(0.,1.5));
#12987 = VECTOR('',#12988,1.);
#12988 = DIRECTION('',(1.,0.));
#12989 = ( GEOMETRIC_REPRESENTATION_CONTEXT(2) 
PARAMETRIC_REPRESENTATION_CONTEXT() REPRESENTATION_CONTEXT('2D SPACE',''
  ) );
#12990 = ORIENTED_EDGE('',*,*,#12766,.T.);
#12991 = ORIENTED_EDGE('',*,*,#12992,.T.);
#12992 = EDGE_CURVE('',#12767,#12877,#12993,.T.);
#12993 = SURFACE_CURVE('',#12994,(#12998,#13005),.PCURVE_S1.);
#12994 = LINE('',#12995,#12996);
#12995 = CARTESIAN_POINT('',(-4.3,0.75,4.3));
#12996 = VECTOR('',#12997,1.);
#12997 = DIRECTION('',(1.,0.,-0.));
#12998 = PCURVE('',#12782,#12999);
#12999 = DEFINITIONAL_REPRESENTATION('',(#13000),#13004);
#13000 = LINE('',#13001,#13002);
#13001 = CARTESIAN_POINT('',(8.6,0.));
#13002 = VECTOR('',#13003,1.);
#13003 = DIRECTION('',(0.,1.));
#13004 = ( GEOMETRIC_REPRESENTATION_CONTEXT(2) 
PARAMETRIC_REPRESENTATION_CONTEXT() REPRESENTATION_CONTEXT('2D SPACE',''
  ) );
#13005 = PCURVE('',#12808,#13006);
#13006 = DEFINITIONAL_REPRESENTATION('',(#13007),#13011);
#13007 = LINE('',#13008,#13009);
#13008 = CARTESIAN_POINT('',(0.,1.5));
#13009 = VECTOR('',#13010,1.);
#13010 = DIRECTION('',(1.,0.));
#13011 = ( GEOMETRIC_REPRESENTATION_CONTEXT(2) 
PARAMETRIC_REPRESENTATION_CONTEXT() REPRESENTATION_CONTEXT('2D SPACE',''
  ) );
#13012 = ORIENTED_EDGE('',*,*,#12876,.F.);
#13013 = ADVANCED_FACE('',(#13014),#12754,.F.);
#13014 = FACE_BOUND('',#13015,.F.);
#13015 = EDGE_LOOP('',(#13016,#13017,#13018,#13019));
#13016 = ORIENTED_EDGE('',*,*,#12738,.F.);
#13017 = ORIENTED_EDGE('',*,*,#12923,.T.);
#13018 = ORIENTED_EDGE('',*,*,#12853,.T.);
#13019 = ORIENTED_EDGE('',*,*,#12970,.F.);
#13020 = ADVANCED_FACE('',(#13021),#12808,.T.);
#13021 = FACE_BOUND('',#13022,.T.);
#13022 = EDGE_LOOP('',(#13023,#13024,#13025,#13026));
#13023 = ORIENTED_EDGE('',*,*,#12794,.F.);
#13024 = ORIENTED_EDGE('',*,*,#12945,.T.);
#13025 = ORIENTED_EDGE('',*,*,#12899,.T.);
#13026 = ORIENTED_EDGE('',*,*,#12992,.F.);
#13027 = ( GEOMETRIC_REPRESENTATION_CONTEXT(3) 
GLOBAL_UNCERTAINTY_ASSIGNED_CONTEXT((#13031)) 
GLOBAL_UNIT_ASSIGNED_CONTEXT((#13028,#13029,#13030)) 
REPRESENTATION_CONTEXT('Context #1',
  '3D Context with UNIT and UNCERTAINTY') );
#13028 = ( LENGTH_UNIT() NAMED_UNIT(*) SI_UNIT(.MILLI.,.METRE.) );
#13029 = ( NAMED_UNIT(*) PLANE_ANGLE_UNIT() SI_UNIT($,.RADIAN.) );
#13030 = ( NAMED_UNIT(*) SI_UNIT($,.STERADIAN.) SOLID_ANGLE_UNIT() );
#13031 = UNCERTAINTY_MEASURE_WITH_UNIT(LENGTH_MEASURE(1.E-07),#13028,
  'distance_accuracy_value','confusion accuracy');
#13032 = CONTEXT_DEPENDENT_SHAPE_REPRESENTATION(#13033,#13035);
#13033 = ( REPRESENTATION_RELATIONSHIP('','',#12696,#10) 
REPRESENTATION_RELATIONSHIP_WITH_TRANSFORMATION(#13034) 
SHAPE_REPRESENTATION_RELATIONSHIP() );
#13034 = ITEM_DEFINED_TRANSFORMATION('','',#11,#51);
#13035 = PRODUCT_DEFINITION_SHAPE('Placement','Placement of an item',
  #13036);
#13036 = NEXT_ASSEMBLY_USAGE_OCCURRENCE('21','right_arm_locknut','',#5,
  #12691,$);
#13037 = PRODUCT_RELATED_PRODUCT_CATEGORY('part',$,(#12693));
#13038 = SHAPE_DEFINITION_REPRESENTATION(#13039,#13045);
#13039 = PRODUCT_DEFINITION_SHAPE('','',#13040);
#13040 = PRODUCT_DEFINITION('design','',#13041,#13044);
#13041 = PRODUCT_DEFINITION_FORMATION('','',#13042);
#13042 = PRODUCT('hook_locknut','hook_locknut','',(#13043));
#13043 = PRODUCT_CONTEXT('',#2,'mechanical');
#13044 = PRODUCT_DEFINITION_CONTEXT('part definition',#2,'design');
#13045 = ADVANCED_BREP_SHAPE_REPRESENTATION('',(#11,#13046),#13376);
#13046 = MANIFOLD_SOLID_BREP('',#13047);
#13047 = CLOSED_SHELL('',(#13048,#13168,#13268,#13315,#13362,#13369));
#13048 = ADVANCED_FACE('',(#13049),#13063,.F.);
#13049 = FACE_BOUND('',#13050,.F.);
#13050 = EDGE_LOOP('',(#13051,#13086,#13114,#13142));
#13051 = ORIENTED_EDGE('',*,*,#13052,.F.);
#13052 = EDGE_CURVE('',#13053,#13055,#13057,.T.);
#13053 = VERTEX_POINT('',#13054);
#13054 = CARTESIAN_POINT('',(-4.3,-0.75,-4.3));
#13055 = VERTEX_POINT('',#13056);
#13056 = CARTESIAN_POINT('',(-4.3,-0.75,4.3));
#13057 = SURFACE_CURVE('',#13058,(#13062,#13074),.PCURVE_S1.);
#13058 = LINE('',#13059,#13060);
#13059 = CARTESIAN_POINT('',(-4.3,-0.75,-4.3));
#13060 = VECTOR('',#13061,1.);
#13061 = DIRECTION('',(0.,0.,1.));
#13062 = PCURVE('',#13063,#13068);
#13063 = PLANE('',#13064);
#13064 = AXIS2_PLACEMENT_3D('',#13065,#13066,#13067);
#13065 = CARTESIAN_POINT('',(-4.3,-0.75,-4.3));
#13066 = DIRECTION('',(1.,0.,-0.));
#13067 = DIRECTION('',(0.,0.,1.));
#13068 = DEFINITIONAL_REPRESENTATION('',(#13069),#13073);
#13069 = LINE('',#13070,#13071);
#13070 = CARTESIAN_POINT('',(0.,0.));
#13071 = VECTOR('',#13072,1.);
#13072 = DIRECTION('',(1.,0.));
#13073 = ( GEOMETRIC_REPRESENTATION_CONTEXT(2) 
PARAMETRIC_REPRESENTATION_CONTEXT() REPRESENTATION_CONTEXT('2D SPACE',''
  ) );
#13074 = PCURVE('',#13075,#13080);
#13075 = PLANE('',#13076);
#13076 = AXIS2_PLACEMENT_3D('',#13077,#13078,#13079);
#13077 = CARTESIAN_POINT('',(-4.3,-0.75,-4.3));
#13078 = DIRECTION('',(-0.,1.,0.));
#13079 = DIRECTION('',(0.,0.,1.));
#13080 = DEFINITIONAL_REPRESENTATION('',(#13081),#13085);
#13081 = LINE('',#13082,#13083);
#13082 = CARTESIAN_POINT('',(0.,0.));
#13083 = VECTOR('',#13084,1.);
#13084 = DIRECTION('',(1.,0.));
#13085 = ( GEOMETRIC_REPRESENTATION_CONTEXT(2) 
PARAMETRIC_REPRESENTATION_CONTEXT() REPRESENTATION_CONTEXT('2D SPACE',''
  ) );
#13086 = ORIENTED_EDGE('',*,*,#13087,.T.);
#13087 = EDGE_CURVE('',#13053,#13088,#13090,.T.);
#13088 = VERTEX_POINT('',#13089);
#13089 = CARTESIAN_POINT('',(-4.3,0.75,-4.3));
#13090 = SURFACE_CURVE('',#13091,(#13095,#13102),.PCURVE_S1.);
#13091 = LINE('',#13092,#13093);
#13092 = CARTESIAN_POINT('',(-4.3,-0.75,-4.3));
#13093 = VECTOR('',#13094,1.);
#13094 = DIRECTION('',(-0.,1.,0.));
#13095 = PCURVE('',#13063,#13096);
#13096 = DEFINITIONAL_REPRESENTATION('',(#13097),#13101);
#13097 = LINE('',#13098,#13099);
#13098 = CARTESIAN_POINT('',(0.,0.));
#13099 = VECTOR('',#13100,1.);
#13100 = DIRECTION('',(0.,-1.));
#13101 = ( GEOMETRIC_REPRESENTATION_CONTEXT(2) 
PARAMETRIC_REPRESENTATION_CONTEXT() REPRESENTATION_CONTEXT('2D SPACE',''
  ) );
#13102 = PCURVE('',#13103,#13108);
#13103 = PLANE('',#13104);
#13104 = AXIS2_PLACEMENT_3D('',#13105,#13106,#13107);
#13105 = CARTESIAN_POINT('',(-4.3,-0.75,-4.3));
#13106 = DIRECTION('',(0.,0.,1.));
#13107 = DIRECTION('',(1.,0.,-0.));
#13108 = DEFINITIONAL_REPRESENTATION('',(#13109),#13113);
#13109 = LINE('',#13110,#13111);
#13110 = CARTESIAN_POINT('',(0.,0.));
#13111 = VECTOR('',#13112,1.);
#13112 = DIRECTION('',(0.,1.));
#13113 = ( GEOMETRIC_REPRESENTATION_CONTEXT(2) 
PARAMETRIC_REPRESENTATION_CONTEXT() REPRESENTATION_CONTEXT('2D SPACE',''
  ) );
#13114 = ORIENTED_EDGE('',*,*,#13115,.T.);
#13115 = EDGE_CURVE('',#13088,#13116,#13118,.T.);
#13116 = VERTEX_POINT('',#13117);
#13117 = CARTESIAN_POINT('',(-4.3,0.75,4.3));
#13118 = SURFACE_CURVE('',#13119,(#13123,#13130),.PCURVE_S1.);
#13119 = LINE('',#13120,#13121);
#13120 = CARTESIAN_POINT('',(-4.3,0.75,-4.3));
#13121 = VECTOR('',#13122,1.);
#13122 = DIRECTION('',(0.,0.,1.));
#13123 = PCURVE('',#13063,#13124);
#13124 = DEFINITIONAL_REPRESENTATION('',(#13125),#13129);
#13125 = LINE('',#13126,#13127);
#13126 = CARTESIAN_POINT('',(0.,-1.5));
#13127 = VECTOR('',#13128,1.);
#13128 = DIRECTION('',(1.,0.));
#13129 = ( GEOMETRIC_REPRESENTATION_CONTEXT(2) 
PARAMETRIC_REPRESENTATION_CONTEXT() REPRESENTATION_CONTEXT('2D SPACE',''
  ) );
#13130 = PCURVE('',#13131,#13136);
#13131 = PLANE('',#13132);
#13132 = AXIS2_PLACEMENT_3D('',#13133,#13134,#13135);
#13133 = CARTESIAN_POINT('',(-4.3,0.75,-4.3));
#13134 = DIRECTION('',(-0.,1.,0.));
#13135 = DIRECTION('',(0.,0.,1.));
#13136 = DEFINITIONAL_REPRESENTATION('',(#13137),#13141);
#13137 = LINE('',#13138,#13139);
#13138 = CARTESIAN_POINT('',(0.,0.));
#13139 = VECTOR('',#13140,1.);
#13140 = DIRECTION('',(1.,0.));
#13141 = ( GEOMETRIC_REPRESENTATION_CONTEXT(2) 
PARAMETRIC_REPRESENTATION_CONTEXT() REPRESENTATION_CONTEXT('2D SPACE',''
  ) );
#13142 = ORIENTED_EDGE('',*,*,#13143,.F.);
#13143 = EDGE_CURVE('',#13055,#13116,#13144,.T.);
#13144 = SURFACE_CURVE('',#13145,(#13149,#13156),.PCURVE_S1.);
#13145 = LINE('',#13146,#13147);
#13146 = CARTESIAN_POINT('',(-4.3,-0.75,4.3));
#13147 = VECTOR('',#13148,1.);
#13148 = DIRECTION('',(-0.,1.,0.));
#13149 = PCURVE('',#13063,#13150);
#13150 = DEFINITIONAL_REPRESENTATION('',(#13151),#13155);
#13151 = LINE('',#13152,#13153);
#13152 = CARTESIAN_POINT('',(8.6,0.));
#13153 = VECTOR('',#13154,1.);
#13154 = DIRECTION('',(0.,-1.));
#13155 = ( GEOMETRIC_REPRESENTATION_CONTEXT(2) 
PARAMETRIC_REPRESENTATION_CONTEXT() REPRESENTATION_CONTEXT('2D SPACE',''
  ) );
#13156 = PCURVE('',#13157,#13162);
#13157 = PLANE('',#13158);
#13158 = AXIS2_PLACEMENT_3D('',#13159,#13160,#13161);
#13159 = CARTESIAN_POINT('',(-4.3,-0.75,4.3));
#13160 = DIRECTION('',(0.,0.,1.));
#13161 = DIRECTION('',(1.,0.,-0.));
#13162 = DEFINITIONAL_REPRESENTATION('',(#13163),#13167);
#13163 = LINE('',#13164,#13165);
#13164 = CARTESIAN_POINT('',(0.,0.));
#13165 = VECTOR('',#13166,1.);
#13166 = DIRECTION('',(0.,1.));
#13167 = ( GEOMETRIC_REPRESENTATION_CONTEXT(2) 
PARAMETRIC_REPRESENTATION_CONTEXT() REPRESENTATION_CONTEXT('2D SPACE',''
  ) );
#13168 = ADVANCED_FACE('',(#13169),#13183,.T.);
#13169 = FACE_BOUND('',#13170,.T.);
#13170 = EDGE_LOOP('',(#13171,#13201,#13224,#13247));
#13171 = ORIENTED_EDGE('',*,*,#13172,.F.);
#13172 = EDGE_CURVE('',#13173,#13175,#13177,.T.);
#13173 = VERTEX_POINT('',#13174);
#13174 = CARTESIAN_POINT('',(4.3,-0.75,-4.3));
#13175 = VERTEX_POINT('',#13176);
#13176 = CARTESIAN_POINT('',(4.3,-0.75,4.3));
#13177 = SURFACE_CURVE('',#13178,(#13182,#13194),.PCURVE_S1.);
#13178 = LINE('',#13179,#13180);
#13179 = CARTESIAN_POINT('',(4.3,-0.75,-4.3));
#13180 = VECTOR('',#13181,1.);
#13181 = DIRECTION('',(0.,0.,1.));
#13182 = PCURVE('',#13183,#13188);
#13183 = PLANE('',#13184);
#13184 = AXIS2_PLACEMENT_3D('',#13185,#13186,#13187);
#13185 = CARTESIAN_POINT('',(4.3,-0.75,-4.3));
#13186 = DIRECTION('',(1.,0.,-0.));
#13187 = DIRECTION('',(0.,0.,1.));
#13188 = DEFINITIONAL_REPRESENTATION('',(#13189),#13193);
#13189 = LINE('',#13190,#13191);
#13190 = CARTESIAN_POINT('',(0.,0.));
#13191 = VECTOR('',#13192,1.);
#13192 = DIRECTION('',(1.,0.));
#13193 = ( GEOMETRIC_REPRESENTATION_CONTEXT(2) 
PARAMETRIC_REPRESENTATION_CONTEXT() REPRESENTATION_CONTEXT('2D SPACE',''
  ) );
#13194 = PCURVE('',#13075,#13195);
#13195 = DEFINITIONAL_REPRESENTATION('',(#13196),#13200);
#13196 = LINE('',#13197,#13198);
#13197 = CARTESIAN_POINT('',(0.,8.6));
#13198 = VECTOR('',#13199,1.);
#13199 = DIRECTION('',(1.,0.));
#13200 = ( GEOMETRIC_REPRESENTATION_CONTEXT(2) 
PARAMETRIC_REPRESENTATION_CONTEXT() REPRESENTATION_CONTEXT('2D SPACE',''
  ) );
#13201 = ORIENTED_EDGE('',*,*,#13202,.T.);
#13202 = EDGE_CURVE('',#13173,#13203,#13205,.T.);
#13203 = VERTEX_POINT('',#13204);
#13204 = CARTESIAN_POINT('',(4.3,0.75,-4.3));
#13205 = SURFACE_CURVE('',#13206,(#13210,#13217),.PCURVE_S1.);
#13206 = LINE('',#13207,#13208);
#13207 = CARTESIAN_POINT('',(4.3,-0.75,-4.3));
#13208 = VECTOR('',#13209,1.);
#13209 = DIRECTION('',(-0.,1.,0.));
#13210 = PCURVE('',#13183,#13211);
#13211 = DEFINITIONAL_REPRESENTATION('',(#13212),#13216);
#13212 = LINE('',#13213,#13214);
#13213 = CARTESIAN_POINT('',(0.,0.));
#13214 = VECTOR('',#13215,1.);
#13215 = DIRECTION('',(0.,-1.));
#13216 = ( GEOMETRIC_REPRESENTATION_CONTEXT(2) 
PARAMETRIC_REPRESENTATION_CONTEXT() REPRESENTATION_CONTEXT('2D SPACE',''
  ) );
#13217 = PCURVE('',#13103,#13218);
#13218 = DEFINITIONAL_REPRESENTATION('',(#13219),#13223);
#13219 = LINE('',#13220,#13221);
#13220 = CARTESIAN_POINT('',(8.6,0.));
#13221 = VECTOR('',#13222,1.);
#13222 = DIRECTION('',(0.,1.));
#13223 = ( GEOMETRIC_REPRESENTATION_CONTEXT(2) 
PARAMETRIC_REPRESENTATION_CONTEXT() REPRESENTATION_CONTEXT('2D SPACE',''
  ) );
#13224 = ORIENTED_EDGE('',*,*,#13225,.T.);
#13225 = EDGE_CURVE('',#13203,#13226,#13228,.T.);
#13226 = VERTEX_POINT('',#13227);
#13227 = CARTESIAN_POINT('',(4.3,0.75,4.3));
#13228 = SURFACE_CURVE('',#13229,(#13233,#13240),.PCURVE_S1.);
#13229 = LINE('',#13230,#13231);
#13230 = CARTESIAN_POINT('',(4.3,0.75,-4.3));
#13231 = VECTOR('',#13232,1.);
#13232 = DIRECTION('',(0.,0.,1.));
#13233 = PCURVE('',#13183,#13234);
#13234 = DEFINITIONAL_REPRESENTATION('',(#13235),#13239);
#13235 = LINE('',#13236,#13237);
#13236 = CARTESIAN_POINT('',(0.,-1.5));
#13237 = VECTOR('',#13238,1.);
#13238 = DIRECTION('',(1.,0.));
#13239 = ( GEOMETRIC_REPRESENTATION_CONTEXT(2) 
PARAMETRIC_REPRESENTATION_CONTEXT() REPRESENTATION_CONTEXT('2D SPACE',''
  ) );
#13240 = PCURVE('',#13131,#13241);
#13241 = DEFINITIONAL_REPRESENTATION('',(#13242),#13246);
#13242 = LINE('',#13243,#13244);
#13243 = CARTESIAN_POINT('',(0.,8.6));
#13244 = VECTOR('',#13245,1.);
#13245 = DIRECTION('',(1.,0.));
#13246 = ( GEOMETRIC_REPRESENTATION_CONTEXT(2) 
PARAMETRIC_REPRESENTATION_CONTEXT() REPRESENTATION_CONTEXT('2D SPACE',''
  ) );
#13247 = ORIENTED_EDGE('',*,*,#13248,.F.);
#13248 = EDGE_CURVE('',#13175,#13226,#13249,.T.);
#13249 = SURFACE_CURVE('',#13250,(#13254,#13261),.PCURVE_S1.);
#13250 = LINE('',#13251,#13252);
#13251 = CARTESIAN_POINT('',(4.3,-0.75,4.3));
#13252 = VECTOR('',#13253,1.);
#13253 = DIRECTION('',(-0.,1.,0.));
#13254 = PCURVE('',#13183,#13255);
#13255 = DEFINITIONAL_REPRESENTATION('',(#13256),#13260);
#13256 = LINE('',#13257,#13258);
#13257 = CARTESIAN_POINT('',(8.6,0.));
#13258 = VECTOR('',#13259,1.);
#13259 = DIRECTION('',(0.,-1.));
#13260 = ( GEOMETRIC_REPRESENTATION_CONTEXT(2) 
PARAMETRIC_REPRESENTATION_CONTEXT() REPRESENTATION_CONTEXT('2D SPACE',''
  ) );
#13261 = PCURVE('',#13157,#13262);
#13262 = DEFINITIONAL_REPRESENTATION('',(#13263),#13267);
#13263 = LINE('',#13264,#13265);
#13264 = CARTESIAN_POINT('',(8.6,0.));
#13265 = VECTOR('',#13266,1.);
#13266 = DIRECTION('',(0.,1.));
#13267 = ( GEOMETRIC_REPRESENTATION_CONTEXT(2) 
PARAMETRIC_REPRESENTATION_CONTEXT() REPRESENTATION_CONTEXT('2D SPACE',''
  ) );
#13268 = ADVANCED_FACE('',(#13269),#13075,.F.);
#13269 = FACE_BOUND('',#13270,.F.);
#13270 = EDGE_LOOP('',(#13271,#13292,#13293,#13314));
#13271 = ORIENTED_EDGE('',*,*,#13272,.F.);
#13272 = EDGE_CURVE('',#13053,#13173,#13273,.T.);
#13273 = SURFACE_CURVE('',#13274,(#13278,#13285),.PCURVE_S1.);
#13274 = LINE('',#13275,#13276);
#13275 = CARTESIAN_POINT('',(-4.3,-0.75,-4.3));
#13276 = VECTOR('',#13277,1.);
#13277 = DIRECTION('',(1.,0.,-0.));
#13278 = PCURVE('',#13075,#13279);
#13279 = DEFINITIONAL_REPRESENTATION('',(#13280),#13284);
#13280 = LINE('',#13281,#13282);
#13281 = CARTESIAN_POINT('',(0.,0.));
#13282 = VECTOR('',#13283,1.);
#13283 = DIRECTION('',(0.,1.));
#13284 = ( GEOMETRIC_REPRESENTATION_CONTEXT(2) 
PARAMETRIC_REPRESENTATION_CONTEXT() REPRESENTATION_CONTEXT('2D SPACE',''
  ) );
#13285 = PCURVE('',#13103,#13286);
#13286 = DEFINITIONAL_REPRESENTATION('',(#13287),#13291);
#13287 = LINE('',#13288,#13289);
#13288 = CARTESIAN_POINT('',(0.,0.));
#13289 = VECTOR('',#13290,1.);
#13290 = DIRECTION('',(1.,0.));
#13291 = ( GEOMETRIC_REPRESENTATION_CONTEXT(2) 
PARAMETRIC_REPRESENTATION_CONTEXT() REPRESENTATION_CONTEXT('2D SPACE',''
  ) );
#13292 = ORIENTED_EDGE('',*,*,#13052,.T.);
#13293 = ORIENTED_EDGE('',*,*,#13294,.T.);
#13294 = EDGE_CURVE('',#13055,#13175,#13295,.T.);
#13295 = SURFACE_CURVE('',#13296,(#13300,#13307),.PCURVE_S1.);
#13296 = LINE('',#13297,#13298);
#13297 = CARTESIAN_POINT('',(-4.3,-0.75,4.3));
#13298 = VECTOR('',#13299,1.);
#13299 = DIRECTION('',(1.,0.,-0.));
#13300 = PCURVE('',#13075,#13301);
#13301 = DEFINITIONAL_REPRESENTATION('',(#13302),#13306);
#13302 = LINE('',#13303,#13304);
#13303 = CARTESIAN_POINT('',(8.6,0.));
#13304 = VECTOR('',#13305,1.);
#13305 = DIRECTION('',(0.,1.));
#13306 = ( GEOMETRIC_REPRESENTATION_CONTEXT(2) 
PARAMETRIC_REPRESENTATION_CONTEXT() REPRESENTATION_CONTEXT('2D SPACE',''
  ) );
#13307 = PCURVE('',#13157,#13308);
#13308 = DEFINITIONAL_REPRESENTATION('',(#13309),#13313);
#13309 = LINE('',#13310,#13311);
#13310 = CARTESIAN_POINT('',(0.,0.));
#13311 = VECTOR('',#13312,1.);
#13312 = DIRECTION('',(1.,0.));
#13313 = ( GEOMETRIC_REPRESENTATION_CONTEXT(2) 
PARAMETRIC_REPRESENTATION_CONTEXT() REPRESENTATION_CONTEXT('2D SPACE',''
  ) );
#13314 = ORIENTED_EDGE('',*,*,#13172,.F.);
#13315 = ADVANCED_FACE('',(#13316),#13131,.T.);
#13316 = FACE_BOUND('',#13317,.T.);
#13317 = EDGE_LOOP('',(#13318,#13339,#13340,#13361));
#13318 = ORIENTED_EDGE('',*,*,#13319,.F.);
#13319 = EDGE_CURVE('',#13088,#13203,#13320,.T.);
#13320 = SURFACE_CURVE('',#13321,(#13325,#13332),.PCURVE_S1.);
#13321 = LINE('',#13322,#13323);
#13322 = CARTESIAN_POINT('',(-4.3,0.75,-4.3));
#13323 = VECTOR('',#13324,1.);
#13324 = DIRECTION('',(1.,0.,-0.));
#13325 = PCURVE('',#13131,#13326);
#13326 = DEFINITIONAL_REPRESENTATION('',(#13327),#13331);
#13327 = LINE('',#13328,#13329);
#13328 = CARTESIAN_POINT('',(0.,0.));
#13329 = VECTOR('',#13330,1.);
#13330 = DIRECTION('',(0.,1.));
#13331 = ( GEOMETRIC_REPRESENTATION_CONTEXT(2) 
PARAMETRIC_REPRESENTATION_CONTEXT() REPRESENTATION_CONTEXT('2D SPACE',''
  ) );
#13332 = PCURVE('',#13103,#13333);
#13333 = DEFINITIONAL_REPRESENTATION('',(#13334),#13338);
#13334 = LINE('',#13335,#13336);
#13335 = CARTESIAN_POINT('',(0.,1.5));
#13336 = VECTOR('',#13337,1.);
#13337 = DIRECTION('',(1.,0.));
#13338 = ( GEOMETRIC_REPRESENTATION_CONTEXT(2) 
PARAMETRIC_REPRESENTATION_CONTEXT() REPRESENTATION_CONTEXT('2D SPACE',''
  ) );
#13339 = ORIENTED_EDGE('',*,*,#13115,.T.);
#13340 = ORIENTED_EDGE('',*,*,#13341,.T.);
#13341 = EDGE_CURVE('',#13116,#13226,#13342,.T.);
#13342 = SURFACE_CURVE('',#13343,(#13347,#13354),.PCURVE_S1.);
#13343 = LINE('',#13344,#13345);
#13344 = CARTESIAN_POINT('',(-4.3,0.75,4.3));
#13345 = VECTOR('',#13346,1.);
#13346 = DIRECTION('',(1.,0.,-0.));
#13347 = PCURVE('',#13131,#13348);
#13348 = DEFINITIONAL_REPRESENTATION('',(#13349),#13353);
#13349 = LINE('',#13350,#13351);
#13350 = CARTESIAN_POINT('',(8.6,0.));
#13351 = VECTOR('',#13352,1.);
#13352 = DIRECTION('',(0.,1.));
#13353 = ( GEOMETRIC_REPRESENTATION_CONTEXT(2) 
PARAMETRIC_REPRESENTATION_CONTEXT() REPRESENTATION_CONTEXT('2D SPACE',''
  ) );
#13354 = PCURVE('',#13157,#13355);
#13355 = DEFINITIONAL_REPRESENTATION('',(#13356),#13360);
#13356 = LINE('',#13357,#13358);
#13357 = CARTESIAN_POINT('',(0.,1.5));
#13358 = VECTOR('',#13359,1.);
#13359 = DIRECTION('',(1.,0.));
#13360 = ( GEOMETRIC_REPRESENTATION_CONTEXT(2) 
PARAMETRIC_REPRESENTATION_CONTEXT() REPRESENTATION_CONTEXT('2D SPACE',''
  ) );
#13361 = ORIENTED_EDGE('',*,*,#13225,.F.);
#13362 = ADVANCED_FACE('',(#13363),#13103,.F.);
#13363 = FACE_BOUND('',#13364,.F.);
#13364 = EDGE_LOOP('',(#13365,#13366,#13367,#13368));
#13365 = ORIENTED_EDGE('',*,*,#13087,.F.);
#13366 = ORIENTED_EDGE('',*,*,#13272,.T.);
#13367 = ORIENTED_EDGE('',*,*,#13202,.T.);
#13368 = ORIENTED_EDGE('',*,*,#13319,.F.);
#13369 = ADVANCED_FACE('',(#13370),#13157,.T.);
#13370 = FACE_BOUND('',#13371,.T.);
#13371 = EDGE_LOOP('',(#13372,#13373,#13374,#13375));
#13372 = ORIENTED_EDGE('',*,*,#13143,.F.);
#13373 = ORIENTED_EDGE('',*,*,#13294,.T.);
#13374 = ORIENTED_EDGE('',*,*,#13248,.T.);
#13375 = ORIENTED_EDGE('',*,*,#13341,.F.);
#13376 = ( GEOMETRIC_REPRESENTATION_CONTEXT(3) 
GLOBAL_UNCERTAINTY_ASSIGNED_CONTEXT((#13380)) 
GLOBAL_UNIT_ASSIGNED_CONTEXT((#13377,#13378,#13379)) 
REPRESENTATION_CONTEXT('Context #1',
  '3D Context with UNIT and UNCERTAINTY') );
#13377 = ( LENGTH_UNIT() NAMED_UNIT(*) SI_UNIT(.MILLI.,.METRE.) );
#13378 = ( NAMED_UNIT(*) PLANE_ANGLE_UNIT() SI_UNIT($,.RADIAN.) );
#13379 = ( NAMED_UNIT(*) SI_UNIT($,.STERADIAN.) SOLID_ANGLE_UNIT() );
#13380 = UNCERTAINTY_MEASURE_WITH_UNIT(LENGTH_MEASURE(1.E-07),#13377,
  'distance_accuracy_value','confusion accuracy');
#13381 = CONTEXT_DEPENDENT_SHAPE_REPRESENTATION(#13382,#13384);
#13382 = ( REPRESENTATION_RELATIONSHIP('','',#13045,#10) 
REPRESENTATION_RELATIONSHIP_WITH_TRANSFORMATION(#13383) 
SHAPE_REPRESENTATION_RELATIONSHIP() );
#13383 = ITEM_DEFINED_TRANSFORMATION('','',#11,#55);
#13384 = PRODUCT_DEFINITION_SHAPE('Placement','Placement of an item',
  #13385);
#13385 = NEXT_ASSEMBLY_USAGE_OCCURRENCE('22','hook_locknut','',#5,#13040
  ,$);
#13386 = PRODUCT_RELATED_PRODUCT_CATEGORY('part',$,(#13042));
#13387 = SHAPE_DEFINITION_REPRESENTATION(#3250,#13388);
#13388 = SHAPE_REPRESENTATION('',(#15),#3242);
#13389 = SHAPE_DEFINITION_REPRESENTATION(#6823,#13390);
#13390 = SHAPE_REPRESENTATION('',(#19),#6815);
#13391 = SHAPE_DEFINITION_REPRESENTATION(#10308,#13392);
#13392 = SHAPE_REPRESENTATION('',(#23),#10300);
#13393 = SHAPE_DEFINITION_REPRESENTATION(#11045,#13394);
#13394 = SHAPE_REPRESENTATION('',(#27),#11037);
#13395 = SHAPE_DEFINITION_REPRESENTATION(#11716,#13396);
#13396 = SHAPE_REPRESENTATION('',(#31),#11708);
#13397 = SHAPE_DEFINITION_REPRESENTATION(#11923,#13398);
#13398 = SHAPE_REPRESENTATION('',(#35),#11915);
#13399 = SHAPE_DEFINITION_REPRESENTATION(#12130,#13400);
#13400 = SHAPE_REPRESENTATION('',(#39),#12122);
#13401 = SHAPE_DEFINITION_REPRESENTATION(#12337,#13402);
#13402 = SHAPE_REPRESENTATION('',(#43),#12329);
#13403 = SHAPE_DEFINITION_REPRESENTATION(#12686,#13404);
#13404 = SHAPE_REPRESENTATION('',(#47),#12678);
#13405 = SHAPE_DEFINITION_REPRESENTATION(#13035,#13406);
#13406 = SHAPE_REPRESENTATION('',(#51),#13027);
#13407 = SHAPE_DEFINITION_REPRESENTATION(#13384,#13408);
#13408 = SHAPE_REPRESENTATION('',(#55),#13376);
#13409 = SHAPE_DEFINITION_REPRESENTATION(#3250,#13410);
#13410 = SHAPE_REPRESENTATION('',(#15),#3242);
#13411 = SHAPE_DEFINITION_REPRESENTATION(#6823,#13412);
#13412 = SHAPE_REPRESENTATION('',(#19),#6815);
#13413 = SHAPE_DEFINITION_REPRESENTATION(#10308,#13414);
#13414 = SHAPE_REPRESENTATION('',(#23),#10300);
#13415 = SHAPE_DEFINITION_REPRESENTATION(#11045,#13416);
#13416 = SHAPE_REPRESENTATION('',(#27),#11037);
#13417 = SHAPE_DEFINITION_REPRESENTATION(#11716,#13418);
#13418 = SHAPE_REPRESENTATION('',(#31),#11708);
#13419 = SHAPE_DEFINITION_REPRESENTATION(#11923,#13420);
#13420 = SHAPE_REPRESENTATION('',(#35),#11915);
#13421 = SHAPE_DEFINITION_REPRESENTATION(#12130,#13422);
#13422 = SHAPE_REPRESENTATION('',(#39),#12122);
#13423 = SHAPE_DEFINITION_REPRESENTATION(#12337,#13424);
#13424 = SHAPE_REPRESENTATION('',(#43),#12329);
#13425 = SHAPE_DEFINITION_REPRESENTATION(#12686,#13426);
#13426 = SHAPE_REPRESENTATION('',(#47),#12678);
#13427 = SHAPE_DEFINITION_REPRESENTATION(#13035,#13428);
#13428 = SHAPE_REPRESENTATION('',(#51),#13027);
#13429 = SHAPE_DEFINITION_REPRESENTATION(#13384,#13430);
#13430 = SHAPE_REPRESENTATION('',(#55),#13376);
#13431 = MECHANICAL_DESIGN_GEOMETRIC_PRESENTATION_REPRESENTATION('',(
    #13432,#13440),#12329);
#13432 = STYLED_ITEM('color',(#13433),#12141);
#13433 = PRESENTATION_STYLE_ASSIGNMENT((#13434));
#13434 = SURFACE_STYLE_USAGE(.BOTH.,#13435);
#13435 = SURFACE_SIDE_STYLE('',(#13436));
#13436 = SURFACE_STYLE_FILL_AREA(#13437);
#13437 = FILL_AREA_STYLE('',(#13438));
#13438 = FILL_AREA_STYLE_COLOUR('',#13439);
#13439 = COLOUR_RGB('',0.323143204337,0.386429396939,0.439657205896);
#13440 = OVER_RIDING_STYLED_ITEM('overriding color',(#13441),#12141,
  #13432);
#13441 = PRESENTATION_STYLE_BY_CONTEXT((#13442),#13424);
#13442 = SURFACE_STYLE_USAGE(.BOTH.,#13443);
#13443 = SURFACE_SIDE_STYLE('',(#13444));
#13444 = SURFACE_STYLE_FILL_AREA(#13445);
#13445 = FILL_AREA_STYLE('',(#13446));
#13446 = FILL_AREA_STYLE_COLOUR('',#13447);
#13447 = COLOUR_RGB('',0.323143204337,0.386429396939,0.439657205896);
#13448 = MECHANICAL_DESIGN_GEOMETRIC_PRESENTATION_REPRESENTATION('',(
    #13449),#13027);
#13449 = STYLED_ITEM('color',(#13450),#12697);
#13450 = PRESENTATION_STYLE_ASSIGNMENT((#13451));
#13451 = SURFACE_STYLE_USAGE(.BOTH.,#13452);
#13452 = SURFACE_SIDE_STYLE('',(#13453));
#13453 = SURFACE_STYLE_FILL_AREA(#13454);
#13454 = FILL_AREA_STYLE('',(#13455));
#13455 = FILL_AREA_STYLE_COLOUR('',#13456);
#13456 = COLOUR_RGB('',0.14126329598,0.184474998273,0.223227997958);
#13457 = MECHANICAL_DESIGN_GEOMETRIC_PRESENTATION_REPRESENTATION('',(
    #13458,#13465),#12122);
#13458 = STYLED_ITEM('color',(#13459),#11934);
#13459 = PRESENTATION_STYLE_ASSIGNMENT((#13460));
#13460 = SURFACE_STYLE_USAGE(.BOTH.,#13461);
#13461 = SURFACE_SIDE_STYLE('',(#13462));
#13462 = SURFACE_STYLE_FILL_AREA(#13463);
#13463 = FILL_AREA_STYLE('',(#13464));
#13464 = FILL_AREA_STYLE_COLOUR('',#13439);
#13465 = OVER_RIDING_STYLED_ITEM('overriding color',(#13466),#11934,
  #13458);
#13466 = PRESENTATION_STYLE_BY_CONTEXT((#13467),#13422);
#13467 = SURFACE_STYLE_USAGE(.BOTH.,#13468);
#13468 = SURFACE_SIDE_STYLE('',(#13469));
#13469 = SURFACE_STYLE_FILL_AREA(#13470);
#13470 = FILL_AREA_STYLE('',(#13471));
#13471 = FILL_AREA_STYLE_COLOUR('',#13447);
#13472 = MECHANICAL_DESIGN_GEOMETRIC_PRESENTATION_REPRESENTATION('',(
    #13473,#13481),#3242);
#13473 = STYLED_ITEM('color',(#13474),#73);
#13474 = PRESENTATION_STYLE_ASSIGNMENT((#13475));
#13475 = SURFACE_STYLE_USAGE(.BOTH.,#13476);
#13476 = SURFACE_SIDE_STYLE('',(#13477));
#13477 = SURFACE_STYLE_FILL_AREA(#13478);
#13478 = FILL_AREA_STYLE('',(#13479));
#13479 = FILL_AREA_STYLE_COLOUR('',#13480);
#13480 = COLOUR_RGB('',1.938240068965E-02,3.688939871266E-02,
  6.847820064697E-02);
#13481 = OVER_RIDING_STYLED_ITEM('overriding color',(#13482),#73,#13473
  );
#13482 = PRESENTATION_STYLE_BY_CONTEXT((#13483),#13410);
#13483 = SURFACE_STYLE_USAGE(.BOTH.,#13484);
#13484 = SURFACE_SIDE_STYLE('',(#13485));
#13485 = SURFACE_STYLE_FILL_AREA(#13486);
#13486 = FILL_AREA_STYLE('',(#13487));
#13487 = FILL_AREA_STYLE_COLOUR('',#13488);
#13488 = COLOUR_RGB('',1.938240068965E-02,3.688939871266E-02,
  6.847820064697E-02);
#13489 = MECHANICAL_DESIGN_GEOMETRIC_PRESENTATION_REPRESENTATION('',(
    #13490,#13498),#11708);
#13490 = STYLED_ITEM('color',(#13491),#11056);
#13491 = PRESENTATION_STYLE_ASSIGNMENT((#13492));
#13492 = SURFACE_STYLE_USAGE(.BOTH.,#13493);
#13493 = SURFACE_SIDE_STYLE('',(#13494));
#13494 = SURFACE_STYLE_FILL_AREA(#13495);
#13495 = FILL_AREA_STYLE('',(#13496));
#13496 = FILL_AREA_STYLE_COLOUR('',#13497);
#13497 = COLOUR_RGB('',0.904661198186,0.361306805599,0.119538401012);
#13498 = OVER_RIDING_STYLED_ITEM('overriding color',(#13499),#11056,
  #13490);
#13499 = PRESENTATION_STYLE_BY_CONTEXT((#13500),#13418);
#13500 = SURFACE_STYLE_USAGE(.BOTH.,#13501);
#13501 = SURFACE_SIDE_STYLE('',(#13502));
#13502 = SURFACE_STYLE_FILL_AREA(#13503);
#13503 = FILL_AREA_STYLE('',(#13504));
#13504 = FILL_AREA_STYLE_COLOUR('',#13505);
#13505 = COLOUR_RGB('',0.904661198186,0.361306805599,0.119538401012);
#13506 = MECHANICAL_DESIGN_GEOMETRIC_PRESENTATION_REPRESENTATION('',(
    #13507,#13514),#11915);
#13507 = STYLED_ITEM('color',(#13508),#11727);
#13508 = PRESENTATION_STYLE_ASSIGNMENT((#13509));
#13509 = SURFACE_STYLE_USAGE(.BOTH.,#13510);
#13510 = SURFACE_SIDE_STYLE('',(#13511));
#13511 = SURFACE_STYLE_FILL_AREA(#13512);
#13512 = FILL_AREA_STYLE('',(#13513));
#13513 = FILL_AREA_STYLE_COLOUR('',#13439);
#13514 = OVER_RIDING_STYLED_ITEM('overriding color',(#13515),#11727,
  #13507);
#13515 = PRESENTATION_STYLE_BY_CONTEXT((#13516),#13420);
#13516 = SURFACE_STYLE_USAGE(.BOTH.,#13517);
#13517 = SURFACE_SIDE_STYLE('',(#13518));
#13518 = SURFACE_STYLE_FILL_AREA(#13519);
#13519 = FILL_AREA_STYLE('',(#13520));
#13520 = FILL_AREA_STYLE_COLOUR('',#13447);
#13521 = MECHANICAL_DESIGN_GEOMETRIC_PRESENTATION_REPRESENTATION('',(
    #13522,#13530),#6815);
#13522 = STYLED_ITEM('color',(#13523),#3261);
#13523 = PRESENTATION_STYLE_ASSIGNMENT((#13524));
#13524 = SURFACE_STYLE_USAGE(.BOTH.,#13525);
#13525 = SURFACE_SIDE_STYLE('',(#13526));
#13526 = SURFACE_STYLE_FILL_AREA(#13527);
#13527 = FILL_AREA_STYLE('',(#13528));
#13528 = FILL_AREA_STYLE_COLOUR('',#13529);
#13529 = COLOUR_RGB('',7.227189856643E-02,0.262250701213,1.);
#13530 = OVER_RIDING_STYLED_ITEM('overriding color',(#13531),#3261,
  #13522);
#13531 = PRESENTATION_STYLE_BY_CONTEXT((#13532),#13412);
#13532 = SURFACE_STYLE_USAGE(.BOTH.,#13533);
#13533 = SURFACE_SIDE_STYLE('',(#13534));
#13534 = SURFACE_STYLE_FILL_AREA(#13535);
#13535 = FILL_AREA_STYLE('',(#13536));
#13536 = FILL_AREA_STYLE_COLOUR('',#13537);
#13537 = COLOUR_RGB('',7.227189856643E-02,0.262250701213,1.);
#13538 = MECHANICAL_DESIGN_GEOMETRIC_PRESENTATION_REPRESENTATION('',(
    #13539),#12678);
#13539 = STYLED_ITEM('color',(#13540),#12348);
#13540 = PRESENTATION_STYLE_ASSIGNMENT((#13541));
#13541 = SURFACE_STYLE_USAGE(.BOTH.,#13542);
#13542 = SURFACE_SIDE_STYLE('',(#13543));
#13543 = SURFACE_STYLE_FILL_AREA(#13544);
#13544 = FILL_AREA_STYLE('',(#13545));
#13545 = FILL_AREA_STYLE_COLOUR('',#13456);
#13546 = MECHANICAL_DESIGN_GEOMETRIC_PRESENTATION_REPRESENTATION('',(
    #13547,#13555),#10300);
#13547 = STYLED_ITEM('color',(#13548),#6834);
#13548 = PRESENTATION_STYLE_ASSIGNMENT((#13549));
#13549 = SURFACE_STYLE_USAGE(.BOTH.,#13550);
#13550 = SURFACE_SIDE_STYLE('',(#13551));
#13551 = SURFACE_STYLE_FILL_AREA(#13552);
#13552 = FILL_AREA_STYLE('',(#13553));
#13553 = FILL_AREA_STYLE_COLOUR('',#13554);
#13554 = COLOUR_RGB('',9.758729867092E-02,0.381325997679,1.);
#13555 = OVER_RIDING_STYLED_ITEM('overriding color',(#13556),#6834,
  #13547);
#13556 = PRESENTATION_STYLE_BY_CONTEXT((#13557),#13414);
#13557 = SURFACE_STYLE_USAGE(.BOTH.,#13558);
#13558 = SURFACE_SIDE_STYLE('',(#13559));
#13559 = SURFACE_STYLE_FILL_AREA(#13560);
#13560 = FILL_AREA_STYLE('',(#13561));
#13561 = FILL_AREA_STYLE_COLOUR('',#13562);
#13562 = COLOUR_RGB('',9.758729867092E-02,0.381325997679,1.);
#13563 = MECHANICAL_DESIGN_GEOMETRIC_PRESENTATION_REPRESENTATION('',(
    #13564),#13376);
#13564 = STYLED_ITEM('color',(#13565),#13046);
#13565 = PRESENTATION_STYLE_ASSIGNMENT((#13566));
#13566 = SURFACE_STYLE_USAGE(.BOTH.,#13567);
#13567 = SURFACE_SIDE_STYLE('',(#13568));
#13568 = SURFACE_STYLE_FILL_AREA(#13569);
#13569 = FILL_AREA_STYLE('',(#13570));
#13570 = FILL_AREA_STYLE_COLOUR('',#13456);
#13571 = MECHANICAL_DESIGN_GEOMETRIC_PRESENTATION_REPRESENTATION('',(
    #13572,#13580),#11037);
#13572 = STYLED_ITEM('color',(#13573),#10319);
#13573 = PRESENTATION_STYLE_ASSIGNMENT((#13574));
#13574 = SURFACE_STYLE_USAGE(.BOTH.,#13575);
#13575 = SURFACE_SIDE_STYLE('',(#13576));
#13576 = SURFACE_STYLE_FILL_AREA(#13577);
#13577 = FILL_AREA_STYLE('',(#13578));
#13578 = FILL_AREA_STYLE_COLOUR('',#13579);
#13579 = COLOUR_RGB('',0.672443194865,0.775822197613,0.871367099186);
#13580 = OVER_RIDING_STYLED_ITEM('overriding color',(#13581),#10319,
  #13572);
#13581 = PRESENTATION_STYLE_BY_CONTEXT((#13582),#13416);
#13582 = SURFACE_STYLE_USAGE(.BOTH.,#13583);
#13583 = SURFACE_SIDE_STYLE('',(#13584));
#13584 = SURFACE_STYLE_FILL_AREA(#13585);
#13585 = FILL_AREA_STYLE('',(#13586));
#13586 = FILL_AREA_STYLE_COLOUR('',#13587);
#13587 = COLOUR_RGB('',0.672443194865,0.775822197613,0.871367099186);

#13588=DESCRIPTIVE_REPRESENTATION_ITEM('cadgen:generator','cadgen');
#13589=REPRESENTATION('cadgen:generator',(#13588),#59);
#13590=PROPERTY_DEFINITION('cadgen metadata','cadgen:generator',#5);
#13591=PROPERTY_DEFINITION_REPRESENTATION(#13590,#13589);
#13592=DESCRIPTIVE_REPRESENTATION_ITEM('cadgen:entryKind','assembly');
#13593=REPRESENTATION('cadgen:entryKind',(#13592),#59);
#13594=PROPERTY_DEFINITION('cadgen metadata','cadgen:entryKind',#5);
#13595=PROPERTY_DEFINITION_REPRESENTATION(#13594,#13593);
#13596=DESCRIPTIVE_REPRESENTATION_ITEM('cadgen:sourcePath','hanger_fold_25.step.py');
#13597=REPRESENTATION('cadgen:sourcePath',(#13596),#59);
#13598=PROPERTY_DEFINITION('cadgen metadata','cadgen:sourcePath',#5);
#13599=PROPERTY_DEFINITION_REPRESENTATION(#13598,#13597);
#13600=DESCRIPTIVE_REPRESENTATION_ITEM('cadgen:sourceHash','64cc016e0567ee0a2702133e259b4dfcf96406e46c2a9312fe66b035919ca50a');
#13601=REPRESENTATION('cadgen:sourceHash',(#13600),#59);
#13602=PROPERTY_DEFINITION('cadgen metadata','cadgen:sourceHash',#5);
#13603=PROPERTY_DEFINITION_REPRESENTATION(#13602,#13601);
ENDSEC;
END-ISO-10303-21;
