ISO-10303-21;
HEADER;
FILE_DESCRIPTION(('Open CASCADE Model'),'2;1');
FILE_NAME('Open CASCADE Shape Model','2026-09-03T01:23:53',('Author'),(
    'Open CASCADE'),'Open CASCADE STEP processor 7.9','Open CASCADE 7.9'
  ,'Unknown');
FILE_SCHEMA(('AUTOMOTIVE_DESIGN { 1 0 10303 214 1 1 1 1 }'));
ENDSEC;
DATA;
#1 = APPLICATION_PROTOCOL_DEFINITION('international standard',
  'automotive_design',2000,#2);
#2 = APPLICATION_CONTEXT(
  'core data for automotive mechanical design processes');
#3 = SHAPE_DEFINITION_REPRESENTATION(#4,#10);
#4 = PRODUCT_DEFINITION_SHAPE('','',#5);
#5 = PRODUCT_DEFINITION('design','',#6,#9);
#6 = PRODUCT_DEFINITION_FORMATION('','',#7);
#7 = PRODUCT('lock_detail_released','lock_detail_released','',(#8));
#8 = PRODUCT_CONTEXT('',#2,'mechanical');
#9 = PRODUCT_DEFINITION_CONTEXT('part definition',#2,'design');
#10 = SHAPE_REPRESENTATION('',(#11,#15,#19,#23,#27,#31,#35,#39,#43),#47
  );
#11 = AXIS2_PLACEMENT_3D('',#12,#13,#14);
#12 = CARTESIAN_POINT('',(0.,0.,0.));
#13 = DIRECTION('',(0.,0.,1.));
#14 = DIRECTION('',(1.,0.,-0.));
#15 = AXIS2_PLACEMENT_3D('',#16,#17,#18);
#16 = CARTESIAN_POINT('',(0.,0.,0.));
#17 = DIRECTION('',(0.,0.,1.));
#18 = DIRECTION('',(1.,0.,-0.));
#19 = AXIS2_PLACEMENT_3D('',#20,#21,#22);
#20 = CARTESIAN_POINT('',(-29.,0.,0.));
#21 = DIRECTION('',(0.,0.,1.));
#22 = DIRECTION('',(1.,0.,-0.));
#23 = AXIS2_PLACEMENT_3D('',#24,#25,#26);
#24 = CARTESIAN_POINT('',(29.,0.,0.));
#25 = DIRECTION('',(0.,0.,1.));
#26 = DIRECTION('',(1.,0.,-0.));
#27 = AXIS2_PLACEMENT_3D('',#28,#29,#30);
#28 = CARTESIAN_POINT('',(0.,7.5,0.));
#29 = DIRECTION('',(0.,0.,1.));
#30 = DIRECTION('',(1.,0.,-0.));
#31 = AXIS2_PLACEMENT_3D('',#32,#33,#34);
#32 = CARTESIAN_POINT('',(-29.,0.,0.));
#33 = DIRECTION('',(0.,0.,1.));
#34 = DIRECTION('',(1.,0.,-0.));
#35 = AXIS2_PLACEMENT_3D('',#36,#37,#38);
#36 = CARTESIAN_POINT('',(29.,0.,0.));
#37 = DIRECTION('',(0.,0.,1.));
#38 = DIRECTION('',(1.,0.,-0.));
#39 = AXIS2_PLACEMENT_3D('',#40,#41,#42);
#40 = CARTESIAN_POINT('',(-29.,9.75,0.));
#41 = DIRECTION('',(0.,0.,1.));
#42 = DIRECTION('',(1.,0.,-0.));
#43 = AXIS2_PLACEMENT_3D('',#44,#45,#46);
#44 = CARTESIAN_POINT('',(29.,9.75,0.));
#45 = DIRECTION('',(0.,0.,1.));
#46 = DIRECTION('',(1.,0.,-0.));
#47 = ( GEOMETRIC_REPRESENTATION_CONTEXT(3) 
GLOBAL_UNCERTAINTY_ASSIGNED_CONTEXT((#51)) GLOBAL_UNIT_ASSIGNED_CONTEXT(
(#48,#49,#50)) REPRESENTATION_CONTEXT('Context #1',
  '3D Context with UNIT and UNCERTAINTY') );
#48 = ( LENGTH_UNIT() NAMED_UNIT(*) SI_UNIT(.MILLI.,.METRE.) );
#49 = ( NAMED_UNIT(*) PLANE_ANGLE_UNIT() SI_UNIT($,.RADIAN.) );
#50 = ( NAMED_UNIT(*) SI_UNIT($,.STERADIAN.) SOLID_ANGLE_UNIT() );
#51 = UNCERTAINTY_MEASURE_WITH_UNIT(LENGTH_MEASURE(2.E-07),#48,
  'distance_accuracy_value','confusion accuracy');
#52 = PRODUCT_RELATED_PRODUCT_CATEGORY('part',$,(#7));
#53 = SHAPE_DEFINITION_REPRESENTATION(#54,#60);
#54 = PRODUCT_DEFINITION_SHAPE('','',#55);
#55 = PRODUCT_DEFINITION('design','',#56,#59);
#56 = PRODUCT_DEFINITION_FORMATION('','',#57);
#57 = PRODUCT('center_yoke','center_yoke','',(#58));
#58 = PRODUCT_CONTEXT('',#2,'mechanical');
#59 = PRODUCT_DEFINITION_CONTEXT('part definition',#2,'design');
#60 = ADVANCED_BREP_SHAPE_REPRESENTATION('',(#11,#61),#3230);
#61 = MANIFOLD_SOLID_BREP('',#62);
#62 = CLOSED_SHELL('',(#63,#183,#470,#952,#1369,#1556,#1563,#1590,#1637,
    #1664,#1691,#1698,#1725,#1872,#1919,#2266,#2293,#2536,#2585,#2635,
    #2682,#2766,#2815,#2894,#2921,#2928,#2955,#2982,#3009,#3016,#3023,
    #3030,#3057,#3104,#3131,#3158,#3165,#3192,#3203));
#63 = ADVANCED_FACE('',(#64),#78,.F.);
#64 = FACE_BOUND('',#65,.F.);
#65 = EDGE_LOOP('',(#66,#101,#129,#157));
#66 = ORIENTED_EDGE('',*,*,#67,.F.);
#67 = EDGE_CURVE('',#68,#70,#72,.T.);
#68 = VERTEX_POINT('',#69);
#69 = CARTESIAN_POINT('',(-44.,-8.5,-26.));
#70 = VERTEX_POINT('',#71);
#71 = CARTESIAN_POINT('',(-44.,-8.5,28.));
#72 = SURFACE_CURVE('',#73,(#77,#89),.PCURVE_S1.);
#73 = LINE('',#74,#75);
#74 = CARTESIAN_POINT('',(-44.,-8.5,-26.));
#75 = VECTOR('',#76,1.);
#76 = DIRECTION('',(0.,0.,1.));
#77 = PCURVE('',#78,#83);
#78 = PLANE('',#79);
#79 = AXIS2_PLACEMENT_3D('',#80,#81,#82);
#80 = CARTESIAN_POINT('',(-44.,-8.5,-26.));
#81 = DIRECTION('',(1.,0.,-0.));
#82 = DIRECTION('',(0.,0.,1.));
#83 = DEFINITIONAL_REPRESENTATION('',(#84),#88);
#84 = LINE('',#85,#86);
#85 = CARTESIAN_POINT('',(0.,0.));
#86 = VECTOR('',#87,1.);
#87 = DIRECTION('',(1.,0.));
#88 = ( GEOMETRIC_REPRESENTATION_CONTEXT(2) 
PARAMETRIC_REPRESENTATION_CONTEXT() REPRESENTATION_CONTEXT('2D SPACE',''
  ) );
#89 = PCURVE('',#90,#95);
#90 = PLANE('',#91);
#91 = AXIS2_PLACEMENT_3D('',#92,#93,#94);
#92 = CARTESIAN_POINT('',(-44.,-8.5,-26.));
#93 = DIRECTION('',(-0.,1.,0.));
#94 = DIRECTION('',(0.,0.,1.));
#95 = DEFINITIONAL_REPRESENTATION('',(#96),#100);
#96 = LINE('',#97,#98);
#97 = CARTESIAN_POINT('',(0.,0.));
#98 = VECTOR('',#99,1.);
#99 = DIRECTION('',(1.,0.));
#100 = ( GEOMETRIC_REPRESENTATION_CONTEXT(2) 
PARAMETRIC_REPRESENTATION_CONTEXT() REPRESENTATION_CONTEXT('2D SPACE',''
  ) );
#101 = ORIENTED_EDGE('',*,*,#102,.T.);
#102 = EDGE_CURVE('',#68,#103,#105,.T.);
#103 = VERTEX_POINT('',#104);
#104 = CARTESIAN_POINT('',(-44.,-4.5,-26.));
#105 = SURFACE_CURVE('',#106,(#110,#117),.PCURVE_S1.);
#106 = LINE('',#107,#108);
#107 = CARTESIAN_POINT('',(-44.,-8.5,-26.));
#108 = VECTOR('',#109,1.);
#109 = DIRECTION('',(-0.,1.,0.));
#110 = PCURVE('',#78,#111);
#111 = DEFINITIONAL_REPRESENTATION('',(#112),#116);
#112 = LINE('',#113,#114);
#113 = CARTESIAN_POINT('',(0.,0.));
#114 = VECTOR('',#115,1.);
#115 = DIRECTION('',(0.,-1.));
#116 = ( GEOMETRIC_REPRESENTATION_CONTEXT(2) 
PARAMETRIC_REPRESENTATION_CONTEXT() REPRESENTATION_CONTEXT('2D SPACE',''
  ) );
#117 = PCURVE('',#118,#123);
#118 = PLANE('',#119);
#119 = AXIS2_PLACEMENT_3D('',#120,#121,#122);
#120 = CARTESIAN_POINT('',(-44.,-8.5,-26.));
#121 = DIRECTION('',(0.,0.,1.));
#122 = DIRECTION('',(1.,0.,-0.));
#123 = DEFINITIONAL_REPRESENTATION('',(#124),#128);
#124 = LINE('',#125,#126);
#125 = CARTESIAN_POINT('',(0.,0.));
#126 = VECTOR('',#127,1.);
#127 = DIRECTION('',(0.,1.));
#128 = ( GEOMETRIC_REPRESENTATION_CONTEXT(2) 
PARAMETRIC_REPRESENTATION_CONTEXT() REPRESENTATION_CONTEXT('2D SPACE',''
  ) );
#129 = ORIENTED_EDGE('',*,*,#130,.T.);
#130 = EDGE_CURVE('',#103,#131,#133,.T.);
#131 = VERTEX_POINT('',#132);
#132 = CARTESIAN_POINT('',(-44.,-4.5,28.));
#133 = SURFACE_CURVE('',#134,(#138,#145),.PCURVE_S1.);
#134 = LINE('',#135,#136);
#135 = CARTESIAN_POINT('',(-44.,-4.5,-26.));
#136 = VECTOR('',#137,1.);
#137 = DIRECTION('',(0.,0.,1.));
#138 = PCURVE('',#78,#139);
#139 = DEFINITIONAL_REPRESENTATION('',(#140),#144);
#140 = LINE('',#141,#142);
#141 = CARTESIAN_POINT('',(0.,-4.));
#142 = VECTOR('',#143,1.);
#143 = DIRECTION('',(1.,0.));
#144 = ( GEOMETRIC_REPRESENTATION_CONTEXT(2) 
PARAMETRIC_REPRESENTATION_CONTEXT() REPRESENTATION_CONTEXT('2D SPACE',''
  ) );
#145 = PCURVE('',#146,#151);
#146 = PLANE('',#147);
#147 = AXIS2_PLACEMENT_3D('',#148,#149,#150);
#148 = CARTESIAN_POINT('',(-44.,-4.5,-26.));
#149 = DIRECTION('',(-0.,1.,0.));
#150 = DIRECTION('',(0.,0.,1.));
#151 = DEFINITIONAL_REPRESENTATION('',(#152),#156);
#152 = LINE('',#153,#154);
#153 = CARTESIAN_POINT('',(0.,0.));
#154 = VECTOR('',#155,1.);
#155 = DIRECTION('',(1.,0.));
#156 = ( GEOMETRIC_REPRESENTATION_CONTEXT(2) 
PARAMETRIC_REPRESENTATION_CONTEXT() REPRESENTATION_CONTEXT('2D SPACE',''
  ) );
#157 = ORIENTED_EDGE('',*,*,#158,.F.);
#158 = EDGE_CURVE('',#70,#131,#159,.T.);
#159 = SURFACE_CURVE('',#160,(#164,#171),.PCURVE_S1.);
#160 = LINE('',#161,#162);
#161 = CARTESIAN_POINT('',(-44.,-8.5,28.));
#162 = VECTOR('',#163,1.);
#163 = DIRECTION('',(-0.,1.,0.));
#164 = PCURVE('',#78,#165);
#165 = DEFINITIONAL_REPRESENTATION('',(#166),#170);
#166 = LINE('',#167,#168);
#167 = CARTESIAN_POINT('',(54.,0.));
#168 = VECTOR('',#169,1.);
#169 = DIRECTION('',(0.,-1.));
#170 = ( GEOMETRIC_REPRESENTATION_CONTEXT(2) 
PARAMETRIC_REPRESENTATION_CONTEXT() REPRESENTATION_CONTEXT('2D SPACE',''
  ) );
#171 = PCURVE('',#172,#177);
#172 = PLANE('',#173);
#173 = AXIS2_PLACEMENT_3D('',#174,#175,#176);
#174 = CARTESIAN_POINT('',(-44.,-8.5,28.));
#175 = DIRECTION('',(0.,0.,1.));
#176 = DIRECTION('',(1.,0.,-0.));
#177 = DEFINITIONAL_REPRESENTATION('',(#178),#182);
#178 = LINE('',#179,#180);
#179 = CARTESIAN_POINT('',(0.,0.));
#180 = VECTOR('',#181,1.);
#181 = DIRECTION('',(0.,1.));
#182 = ( GEOMETRIC_REPRESENTATION_CONTEXT(2) 
PARAMETRIC_REPRESENTATION_CONTEXT() REPRESENTATION_CONTEXT('2D SPACE',''
  ) );
#183 = ADVANCED_FACE('',(#184,#259,#294,#400,#435),#90,.F.);
#184 = FACE_BOUND('',#185,.F.);
#185 = EDGE_LOOP('',(#186,#209,#210,#233));
#186 = ORIENTED_EDGE('',*,*,#187,.F.);
#187 = EDGE_CURVE('',#68,#188,#190,.T.);
#188 = VERTEX_POINT('',#189);
#189 = CARTESIAN_POINT('',(44.,-8.5,-26.));
#190 = SURFACE_CURVE('',#191,(#195,#202),.PCURVE_S1.);
#191 = LINE('',#192,#193);
#192 = CARTESIAN_POINT('',(-44.,-8.5,-26.));
#193 = VECTOR('',#194,1.);
#194 = DIRECTION('',(1.,0.,-0.));
#195 = PCURVE('',#90,#196);
#196 = DEFINITIONAL_REPRESENTATION('',(#197),#201);
#197 = LINE('',#198,#199);
#198 = CARTESIAN_POINT('',(0.,0.));
#199 = VECTOR('',#200,1.);
#200 = DIRECTION('',(0.,1.));
#201 = ( GEOMETRIC_REPRESENTATION_CONTEXT(2) 
PARAMETRIC_REPRESENTATION_CONTEXT() REPRESENTATION_CONTEXT('2D SPACE',''
  ) );
#202 = PCURVE('',#118,#203);
#203 = DEFINITIONAL_REPRESENTATION('',(#204),#208);
#204 = LINE('',#205,#206);
#205 = CARTESIAN_POINT('',(0.,0.));
#206 = VECTOR('',#207,1.);
#207 = DIRECTION('',(1.,0.));
#208 = ( GEOMETRIC_REPRESENTATION_CONTEXT(2) 
PARAMETRIC_REPRESENTATION_CONTEXT() REPRESENTATION_CONTEXT('2D SPACE',''
  ) );
#209 = ORIENTED_EDGE('',*,*,#67,.T.);
#210 = ORIENTED_EDGE('',*,*,#211,.T.);
#211 = EDGE_CURVE('',#70,#212,#214,.T.);
#212 = VERTEX_POINT('',#213);
#213 = CARTESIAN_POINT('',(44.,-8.5,28.));
#214 = SURFACE_CURVE('',#215,(#219,#226),.PCURVE_S1.);
#215 = LINE('',#216,#217);
#216 = CARTESIAN_POINT('',(-44.,-8.5,28.));
#217 = VECTOR('',#218,1.);
#218 = DIRECTION('',(1.,0.,-0.));
#219 = PCURVE('',#90,#220);
#220 = DEFINITIONAL_REPRESENTATION('',(#221),#225);
#221 = LINE('',#222,#223);
#222 = CARTESIAN_POINT('',(54.,0.));
#223 = VECTOR('',#224,1.);
#224 = DIRECTION('',(0.,1.));
#225 = ( GEOMETRIC_REPRESENTATION_CONTEXT(2) 
PARAMETRIC_REPRESENTATION_CONTEXT() REPRESENTATION_CONTEXT('2D SPACE',''
  ) );
#226 = PCURVE('',#172,#227);
#227 = DEFINITIONAL_REPRESENTATION('',(#228),#232);
#228 = LINE('',#229,#230);
#229 = CARTESIAN_POINT('',(0.,0.));
#230 = VECTOR('',#231,1.);
#231 = DIRECTION('',(1.,0.));
#232 = ( GEOMETRIC_REPRESENTATION_CONTEXT(2) 
PARAMETRIC_REPRESENTATION_CONTEXT() REPRESENTATION_CONTEXT('2D SPACE',''
  ) );
#233 = ORIENTED_EDGE('',*,*,#234,.F.);
#234 = EDGE_CURVE('',#188,#212,#235,.T.);
#235 = SURFACE_CURVE('',#236,(#240,#247),.PCURVE_S1.);
#236 = LINE('',#237,#238);
#237 = CARTESIAN_POINT('',(44.,-8.5,-26.));
#238 = VECTOR('',#239,1.);
#239 = DIRECTION('',(0.,0.,1.));
#240 = PCURVE('',#90,#241);
#241 = DEFINITIONAL_REPRESENTATION('',(#242),#246);
#242 = LINE('',#243,#244);
#243 = CARTESIAN_POINT('',(0.,88.));
#244 = VECTOR('',#245,1.);
#245 = DIRECTION('',(1.,0.));
#246 = ( GEOMETRIC_REPRESENTATION_CONTEXT(2) 
PARAMETRIC_REPRESENTATION_CONTEXT() REPRESENTATION_CONTEXT('2D SPACE',''
  ) );
#247 = PCURVE('',#248,#253);
#248 = PLANE('',#249);
#249 = AXIS2_PLACEMENT_3D('',#250,#251,#252);
#250 = CARTESIAN_POINT('',(44.,-8.5,-26.));
#251 = DIRECTION('',(1.,0.,-0.));
#252 = DIRECTION('',(0.,0.,1.));
#253 = DEFINITIONAL_REPRESENTATION('',(#254),#258);
#254 = LINE('',#255,#256);
#255 = CARTESIAN_POINT('',(0.,0.));
#256 = VECTOR('',#257,1.);
#257 = DIRECTION('',(1.,0.));
#258 = ( GEOMETRIC_REPRESENTATION_CONTEXT(2) 
PARAMETRIC_REPRESENTATION_CONTEXT() REPRESENTATION_CONTEXT('2D SPACE',''
  ) );
#259 = FACE_BOUND('',#260,.F.);
#260 = EDGE_LOOP('',(#261));
#261 = ORIENTED_EDGE('',*,*,#262,.T.);
#262 = EDGE_CURVE('',#263,#263,#265,.T.);
#263 = VERTEX_POINT('',#264);
#264 = CARTESIAN_POINT('',(-26.2,-8.5,3.866112193441E-15));
#265 = SURFACE_CURVE('',#266,(#271,#282),.PCURVE_S1.);
#266 = CIRCLE('',#267,2.8);
#267 = AXIS2_PLACEMENT_3D('',#268,#269,#270);
#268 = CARTESIAN_POINT('',(-29.,-8.5,4.551914400963E-15));
#269 = DIRECTION('',(0.,-1.,2.22044604925E-16));
#270 = DIRECTION('',(1.,0.,0.));
#271 = PCURVE('',#90,#272);
#272 = DEFINITIONAL_REPRESENTATION('',(#273),#281);
#273 = ( BOUNDED_CURVE() B_SPLINE_CURVE(2,(#274,#275,#276,#277,#278,#279
,#280),.UNSPECIFIED.,.T.,.F.) B_SPLINE_CURVE_WITH_KNOTS((1,2,2,2,2,1),(
    -2.094395102393,0.,2.094395102393,4.188790204786,6.28318530718,
8.377580409573),.UNSPECIFIED.) CURVE() GEOMETRIC_REPRESENTATION_ITEM() 
RATIONAL_B_SPLINE_CURVE((1.,0.5,1.,0.5,1.,0.5,1.)) REPRESENTATION_ITEM(
  '') );
#274 = CARTESIAN_POINT('',(26.,17.8));
#275 = CARTESIAN_POINT('',(30.849742261193,17.8));
#276 = CARTESIAN_POINT('',(28.424871130596,13.6));
#277 = CARTESIAN_POINT('',(26.,9.4));
#278 = CARTESIAN_POINT('',(23.575128869404,13.6));
#279 = CARTESIAN_POINT('',(21.150257738807,17.8));
#280 = CARTESIAN_POINT('',(26.,17.8));
#281 = ( GEOMETRIC_REPRESENTATION_CONTEXT(2) 
PARAMETRIC_REPRESENTATION_CONTEXT() REPRESENTATION_CONTEXT('2D SPACE',''
  ) );
#282 = PCURVE('',#283,#288);
#283 = CYLINDRICAL_SURFACE('',#284,2.8);
#284 = AXIS2_PLACEMENT_3D('',#285,#286,#287);
#285 = CARTESIAN_POINT('',(-29.,12.,0.));
#286 = DIRECTION('',(0.,-1.,2.22044604925E-16));
#287 = DIRECTION('',(1.,0.,0.));
#288 = DEFINITIONAL_REPRESENTATION('',(#289),#293);
#289 = LINE('',#290,#291);
#290 = CARTESIAN_POINT('',(0.,20.5));
#291 = VECTOR('',#292,1.);
#292 = DIRECTION('',(1.,0.));
#293 = ( GEOMETRIC_REPRESENTATION_CONTEXT(2) 
PARAMETRIC_REPRESENTATION_CONTEXT() REPRESENTATION_CONTEXT('2D SPACE',''
  ) );
#294 = FACE_BOUND('',#295,.F.);
#295 = EDGE_LOOP('',(#296,#324,#350,#376));
#296 = ORIENTED_EDGE('',*,*,#297,.F.);
#297 = EDGE_CURVE('',#298,#300,#302,.T.);
#298 = VERTEX_POINT('',#299);
#299 = CARTESIAN_POINT('',(-40.,-8.5,-10.));
#300 = VERTEX_POINT('',#301);
#301 = CARTESIAN_POINT('',(40.,-8.5,-10.));
#302 = SURFACE_CURVE('',#303,(#307,#313),.PCURVE_S1.);
#303 = LINE('',#304,#305);
#304 = CARTESIAN_POINT('',(-42.,-8.5,-10.));
#305 = VECTOR('',#306,1.);
#306 = DIRECTION('',(1.,0.,-0.));
#307 = PCURVE('',#90,#308);
#308 = DEFINITIONAL_REPRESENTATION('',(#309),#312);
#309 = B_SPLINE_CURVE_WITH_KNOTS('',1,(#310,#311),.UNSPECIFIED.,.F.,.F.,
  (2,2),(2.,82.),.PIECEWISE_BEZIER_KNOTS.);
#310 = CARTESIAN_POINT('',(16.,4.));
#311 = CARTESIAN_POINT('',(16.,84.));
#312 = ( GEOMETRIC_REPRESENTATION_CONTEXT(2) 
PARAMETRIC_REPRESENTATION_CONTEXT() REPRESENTATION_CONTEXT('2D SPACE',''
  ) );
#313 = PCURVE('',#314,#319);
#314 = PLANE('',#315);
#315 = AXIS2_PLACEMENT_3D('',#316,#317,#318);
#316 = CARTESIAN_POINT('',(-40.,-10.,-10.));
#317 = DIRECTION('',(0.,0.,1.));
#318 = DIRECTION('',(1.,0.,-0.));
#319 = DEFINITIONAL_REPRESENTATION('',(#320),#323);
#320 = B_SPLINE_CURVE_WITH_KNOTS('',1,(#321,#322),.UNSPECIFIED.,.F.,.F.,
  (2,2),(2.,82.),.PIECEWISE_BEZIER_KNOTS.);
#321 = CARTESIAN_POINT('',(0.,1.5));
#322 = CARTESIAN_POINT('',(80.,1.5));
#323 = ( GEOMETRIC_REPRESENTATION_CONTEXT(2) 
PARAMETRIC_REPRESENTATION_CONTEXT() REPRESENTATION_CONTEXT('2D SPACE',''
  ) );
#324 = ORIENTED_EDGE('',*,*,#325,.T.);
#325 = EDGE_CURVE('',#298,#326,#328,.T.);
#326 = VERTEX_POINT('',#327);
#327 = CARTESIAN_POINT('',(-40.,-8.5,-18.));
#328 = SURFACE_CURVE('',#329,(#333,#339),.PCURVE_S1.);
#329 = LINE('',#330,#331);
#330 = CARTESIAN_POINT('',(-40.,-8.5,-22.));
#331 = VECTOR('',#332,1.);
#332 = DIRECTION('',(-0.,0.,-1.));
#333 = PCURVE('',#90,#334);
#334 = DEFINITIONAL_REPRESENTATION('',(#335),#338);
#335 = B_SPLINE_CURVE_WITH_KNOTS('',1,(#336,#337),.UNSPECIFIED.,.F.,.F.,
  (2,2),(-12.,-4.),.PIECEWISE_BEZIER_KNOTS.);
#336 = CARTESIAN_POINT('',(16.,4.));
#337 = CARTESIAN_POINT('',(8.,4.));
#338 = ( GEOMETRIC_REPRESENTATION_CONTEXT(2) 
PARAMETRIC_REPRESENTATION_CONTEXT() REPRESENTATION_CONTEXT('2D SPACE',''
  ) );
#339 = PCURVE('',#340,#345);
#340 = PLANE('',#341);
#341 = AXIS2_PLACEMENT_3D('',#342,#343,#344);
#342 = CARTESIAN_POINT('',(-40.,-10.,-18.));
#343 = DIRECTION('',(1.,0.,-0.));
#344 = DIRECTION('',(0.,0.,1.));
#345 = DEFINITIONAL_REPRESENTATION('',(#346),#349);
#346 = B_SPLINE_CURVE_WITH_KNOTS('',1,(#347,#348),.UNSPECIFIED.,.F.,.F.,
  (2,2),(-12.,-4.),.PIECEWISE_BEZIER_KNOTS.);
#347 = CARTESIAN_POINT('',(8.,-1.5));
#348 = CARTESIAN_POINT('',(0.,-1.5));
#349 = ( GEOMETRIC_REPRESENTATION_CONTEXT(2) 
PARAMETRIC_REPRESENTATION_CONTEXT() REPRESENTATION_CONTEXT('2D SPACE',''
  ) );
#350 = ORIENTED_EDGE('',*,*,#351,.T.);
#351 = EDGE_CURVE('',#326,#352,#354,.T.);
#352 = VERTEX_POINT('',#353);
#353 = CARTESIAN_POINT('',(40.,-8.5,-18.));
#354 = SURFACE_CURVE('',#355,(#359,#365),.PCURVE_S1.);
#355 = LINE('',#356,#357);
#356 = CARTESIAN_POINT('',(-42.,-8.5,-18.));
#357 = VECTOR('',#358,1.);
#358 = DIRECTION('',(1.,0.,-0.));
#359 = PCURVE('',#90,#360);
#360 = DEFINITIONAL_REPRESENTATION('',(#361),#364);
#361 = B_SPLINE_CURVE_WITH_KNOTS('',1,(#362,#363),.UNSPECIFIED.,.F.,.F.,
  (2,2),(2.,82.),.PIECEWISE_BEZIER_KNOTS.);
#362 = CARTESIAN_POINT('',(8.,4.));
#363 = CARTESIAN_POINT('',(8.,84.));
#364 = ( GEOMETRIC_REPRESENTATION_CONTEXT(2) 
PARAMETRIC_REPRESENTATION_CONTEXT() REPRESENTATION_CONTEXT('2D SPACE',''
  ) );
#365 = PCURVE('',#366,#371);
#366 = PLANE('',#367);
#367 = AXIS2_PLACEMENT_3D('',#368,#369,#370);
#368 = CARTESIAN_POINT('',(-40.,-10.,-18.));
#369 = DIRECTION('',(0.,0.,1.));
#370 = DIRECTION('',(1.,0.,-0.));
#371 = DEFINITIONAL_REPRESENTATION('',(#372),#375);
#372 = B_SPLINE_CURVE_WITH_KNOTS('',1,(#373,#374),.UNSPECIFIED.,.F.,.F.,
  (2,2),(2.,82.),.PIECEWISE_BEZIER_KNOTS.);
#373 = CARTESIAN_POINT('',(0.,1.5));
#374 = CARTESIAN_POINT('',(80.,1.5));
#375 = ( GEOMETRIC_REPRESENTATION_CONTEXT(2) 
PARAMETRIC_REPRESENTATION_CONTEXT() REPRESENTATION_CONTEXT('2D SPACE',''
  ) );
#376 = ORIENTED_EDGE('',*,*,#377,.F.);
#377 = EDGE_CURVE('',#300,#352,#378,.T.);
#378 = SURFACE_CURVE('',#379,(#383,#389),.PCURVE_S1.);
#379 = LINE('',#380,#381);
#380 = CARTESIAN_POINT('',(40.,-8.5,-22.));
#381 = VECTOR('',#382,1.);
#382 = DIRECTION('',(-0.,0.,-1.));
#383 = PCURVE('',#90,#384);
#384 = DEFINITIONAL_REPRESENTATION('',(#385),#388);
#385 = B_SPLINE_CURVE_WITH_KNOTS('',1,(#386,#387),.UNSPECIFIED.,.F.,.F.,
  (2,2),(-12.,-4.),.PIECEWISE_BEZIER_KNOTS.);
#386 = CARTESIAN_POINT('',(16.,84.));
#387 = CARTESIAN_POINT('',(8.,84.));
#388 = ( GEOMETRIC_REPRESENTATION_CONTEXT(2) 
PARAMETRIC_REPRESENTATION_CONTEXT() REPRESENTATION_CONTEXT('2D SPACE',''
  ) );
#389 = PCURVE('',#390,#395);
#390 = PLANE('',#391);
#391 = AXIS2_PLACEMENT_3D('',#392,#393,#394);
#392 = CARTESIAN_POINT('',(40.,-10.,-18.));
#393 = DIRECTION('',(1.,0.,-0.));
#394 = DIRECTION('',(0.,0.,1.));
#395 = DEFINITIONAL_REPRESENTATION('',(#396),#399);
#396 = B_SPLINE_CURVE_WITH_KNOTS('',1,(#397,#398),.UNSPECIFIED.,.F.,.F.,
  (2,2),(-12.,-4.),.PIECEWISE_BEZIER_KNOTS.);
#397 = CARTESIAN_POINT('',(8.,-1.5));
#398 = CARTESIAN_POINT('',(0.,-1.5));
#399 = ( GEOMETRIC_REPRESENTATION_CONTEXT(2) 
PARAMETRIC_REPRESENTATION_CONTEXT() REPRESENTATION_CONTEXT('2D SPACE',''
  ) );
#400 = FACE_BOUND('',#401,.F.);
#401 = EDGE_LOOP('',(#402));
#402 = ORIENTED_EDGE('',*,*,#403,.T.);
#403 = EDGE_CURVE('',#404,#404,#406,.T.);
#404 = VERTEX_POINT('',#405);
#405 = CARTESIAN_POINT('',(31.8,-8.5,3.866112193441E-15));
#406 = SURFACE_CURVE('',#407,(#412,#423),.PCURVE_S1.);
#407 = CIRCLE('',#408,2.8);
#408 = AXIS2_PLACEMENT_3D('',#409,#410,#411);
#409 = CARTESIAN_POINT('',(29.,-8.5,4.551914400963E-15));
#410 = DIRECTION('',(0.,-1.,2.22044604925E-16));
#411 = DIRECTION('',(1.,0.,0.));
#412 = PCURVE('',#90,#413);
#413 = DEFINITIONAL_REPRESENTATION('',(#414),#422);
#414 = ( BOUNDED_CURVE() B_SPLINE_CURVE(2,(#415,#416,#417,#418,#419,#420
,#421),.UNSPECIFIED.,.T.,.F.) B_SPLINE_CURVE_WITH_KNOTS((1,2,2,2,2,1),(
    -2.094395102393,0.,2.094395102393,4.188790204786,6.28318530718,
8.377580409573),.UNSPECIFIED.) CURVE() GEOMETRIC_REPRESENTATION_ITEM() 
RATIONAL_B_SPLINE_CURVE((1.,0.5,1.,0.5,1.,0.5,1.)) REPRESENTATION_ITEM(
  '') );
#415 = CARTESIAN_POINT('',(26.,75.8));
#416 = CARTESIAN_POINT('',(30.849742261193,75.8));
#417 = CARTESIAN_POINT('',(28.424871130596,71.6));
#418 = CARTESIAN_POINT('',(26.,67.4));
#419 = CARTESIAN_POINT('',(23.575128869404,71.6));
#420 = CARTESIAN_POINT('',(21.150257738807,75.8));
#421 = CARTESIAN_POINT('',(26.,75.8));
#422 = ( GEOMETRIC_REPRESENTATION_CONTEXT(2) 
PARAMETRIC_REPRESENTATION_CONTEXT() REPRESENTATION_CONTEXT('2D SPACE',''
  ) );
#423 = PCURVE('',#424,#429);
#424 = CYLINDRICAL_SURFACE('',#425,2.8);
#425 = AXIS2_PLACEMENT_3D('',#426,#427,#428);
#426 = CARTESIAN_POINT('',(29.,12.,0.));
#427 = DIRECTION('',(0.,-1.,2.22044604925E-16));
#428 = DIRECTION('',(1.,0.,0.));
#429 = DEFINITIONAL_REPRESENTATION('',(#430),#434);
#430 = LINE('',#431,#432);
#431 = CARTESIAN_POINT('',(0.,20.5));
#432 = VECTOR('',#433,1.);
#433 = DIRECTION('',(1.,0.));
#434 = ( GEOMETRIC_REPRESENTATION_CONTEXT(2) 
PARAMETRIC_REPRESENTATION_CONTEXT() REPRESENTATION_CONTEXT('2D SPACE',''
  ) );
#435 = FACE_BOUND('',#436,.F.);
#436 = EDGE_LOOP('',(#437));
#437 = ORIENTED_EDGE('',*,*,#438,.T.);
#438 = EDGE_CURVE('',#439,#439,#441,.T.);
#439 = VERTEX_POINT('',#440);
#440 = CARTESIAN_POINT('',(2.8,-8.5,20.));
#441 = SURFACE_CURVE('',#442,(#447,#458),.PCURVE_S1.);
#442 = CIRCLE('',#443,2.8);
#443 = AXIS2_PLACEMENT_3D('',#444,#445,#446);
#444 = CARTESIAN_POINT('',(0.,-8.5,20.));
#445 = DIRECTION('',(0.,-1.,2.22044604925E-16));
#446 = DIRECTION('',(1.,0.,0.));
#447 = PCURVE('',#90,#448);
#448 = DEFINITIONAL_REPRESENTATION('',(#449),#457);
#449 = ( BOUNDED_CURVE() B_SPLINE_CURVE(2,(#450,#451,#452,#453,#454,#455
,#456),.UNSPECIFIED.,.T.,.F.) B_SPLINE_CURVE_WITH_KNOTS((1,2,2,2,2,1),(
    -2.094395102393,0.,2.094395102393,4.188790204786,6.28318530718,
8.377580409573),.UNSPECIFIED.) CURVE() GEOMETRIC_REPRESENTATION_ITEM() 
RATIONAL_B_SPLINE_CURVE((1.,0.5,1.,0.5,1.,0.5,1.)) REPRESENTATION_ITEM(
  '') );
#450 = CARTESIAN_POINT('',(46.,46.8));
#451 = CARTESIAN_POINT('',(50.849742261193,46.8));
#452 = CARTESIAN_POINT('',(48.424871130596,42.6));
#453 = CARTESIAN_POINT('',(46.,38.4));
#454 = CARTESIAN_POINT('',(43.575128869404,42.6));
#455 = CARTESIAN_POINT('',(41.150257738807,46.8));
#456 = CARTESIAN_POINT('',(46.,46.8));
#457 = ( GEOMETRIC_REPRESENTATION_CONTEXT(2) 
PARAMETRIC_REPRESENTATION_CONTEXT() REPRESENTATION_CONTEXT('2D SPACE',''
  ) );
#458 = PCURVE('',#459,#464);
#459 = CYLINDRICAL_SURFACE('',#460,2.8);
#460 = AXIS2_PLACEMENT_3D('',#461,#462,#463);
#461 = CARTESIAN_POINT('',(0.,21.5,20.));
#462 = DIRECTION('',(0.,-1.,2.22044604925E-16));
#463 = DIRECTION('',(1.,0.,0.));
#464 = DEFINITIONAL_REPRESENTATION('',(#465),#469);
#465 = LINE('',#466,#467);
#466 = CARTESIAN_POINT('',(0.,30.));
#467 = VECTOR('',#468,1.);
#468 = DIRECTION('',(1.,0.));
#469 = ( GEOMETRIC_REPRESENTATION_CONTEXT(2) 
PARAMETRIC_REPRESENTATION_CONTEXT() REPRESENTATION_CONTEXT('2D SPACE',''
  ) );
#470 = ADVANCED_FACE('',(#471),#172,.T.);
#471 = FACE_BOUND('',#472,.T.);
#472 = EDGE_LOOP('',(#473,#496,#497,#498,#521,#544,#572,#600,#628,#656,
    #684,#712,#740,#768,#796,#824,#852,#875,#903,#926));
#473 = ORIENTED_EDGE('',*,*,#474,.F.);
#474 = EDGE_CURVE('',#131,#475,#477,.T.);
#475 = VERTEX_POINT('',#476);
#476 = CARTESIAN_POINT('',(-14.,-4.5,28.));
#477 = SURFACE_CURVE('',#478,(#482,#489),.PCURVE_S1.);
#478 = LINE('',#479,#480);
#479 = CARTESIAN_POINT('',(-44.,-4.5,28.));
#480 = VECTOR('',#481,1.);
#481 = DIRECTION('',(1.,0.,-0.));
#482 = PCURVE('',#172,#483);
#483 = DEFINITIONAL_REPRESENTATION('',(#484),#488);
#484 = LINE('',#485,#486);
#485 = CARTESIAN_POINT('',(0.,4.));
#486 = VECTOR('',#487,1.);
#487 = DIRECTION('',(1.,0.));
#488 = ( GEOMETRIC_REPRESENTATION_CONTEXT(2) 
PARAMETRIC_REPRESENTATION_CONTEXT() REPRESENTATION_CONTEXT('2D SPACE',''
  ) );
#489 = PCURVE('',#146,#490);
#490 = DEFINITIONAL_REPRESENTATION('',(#491),#495);
#491 = LINE('',#492,#493);
#492 = CARTESIAN_POINT('',(54.,0.));
#493 = VECTOR('',#494,1.);
#494 = DIRECTION('',(0.,1.));
#495 = ( GEOMETRIC_REPRESENTATION_CONTEXT(2) 
PARAMETRIC_REPRESENTATION_CONTEXT() REPRESENTATION_CONTEXT('2D SPACE',''
  ) );
#496 = ORIENTED_EDGE('',*,*,#158,.F.);
#497 = ORIENTED_EDGE('',*,*,#211,.T.);
#498 = ORIENTED_EDGE('',*,*,#499,.T.);
#499 = EDGE_CURVE('',#212,#500,#502,.T.);
#500 = VERTEX_POINT('',#501);
#501 = CARTESIAN_POINT('',(44.,-4.5,28.));
#502 = SURFACE_CURVE('',#503,(#507,#514),.PCURVE_S1.);
#503 = LINE('',#504,#505);
#504 = CARTESIAN_POINT('',(44.,-8.5,28.));
#505 = VECTOR('',#506,1.);
#506 = DIRECTION('',(-0.,1.,0.));
#507 = PCURVE('',#172,#508);
#508 = DEFINITIONAL_REPRESENTATION('',(#509),#513);
#509 = LINE('',#510,#511);
#510 = CARTESIAN_POINT('',(88.,0.));
#511 = VECTOR('',#512,1.);
#512 = DIRECTION('',(0.,1.));
#513 = ( GEOMETRIC_REPRESENTATION_CONTEXT(2) 
PARAMETRIC_REPRESENTATION_CONTEXT() REPRESENTATION_CONTEXT('2D SPACE',''
  ) );
#514 = PCURVE('',#248,#515);
#515 = DEFINITIONAL_REPRESENTATION('',(#516),#520);
#516 = LINE('',#517,#518);
#517 = CARTESIAN_POINT('',(54.,0.));
#518 = VECTOR('',#519,1.);
#519 = DIRECTION('',(0.,-1.));
#520 = ( GEOMETRIC_REPRESENTATION_CONTEXT(2) 
PARAMETRIC_REPRESENTATION_CONTEXT() REPRESENTATION_CONTEXT('2D SPACE',''
  ) );
#521 = ORIENTED_EDGE('',*,*,#522,.F.);
#522 = EDGE_CURVE('',#523,#500,#525,.T.);
#523 = VERTEX_POINT('',#524);
#524 = CARTESIAN_POINT('',(14.,-4.5,28.));
#525 = SURFACE_CURVE('',#526,(#530,#537),.PCURVE_S1.);
#526 = LINE('',#527,#528);
#527 = CARTESIAN_POINT('',(-44.,-4.5,28.));
#528 = VECTOR('',#529,1.);
#529 = DIRECTION('',(1.,0.,-0.));
#530 = PCURVE('',#172,#531);
#531 = DEFINITIONAL_REPRESENTATION('',(#532),#536);
#532 = LINE('',#533,#534);
#533 = CARTESIAN_POINT('',(0.,4.));
#534 = VECTOR('',#535,1.);
#535 = DIRECTION('',(1.,0.));
#536 = ( GEOMETRIC_REPRESENTATION_CONTEXT(2) 
PARAMETRIC_REPRESENTATION_CONTEXT() REPRESENTATION_CONTEXT('2D SPACE',''
  ) );
#537 = PCURVE('',#146,#538);
#538 = DEFINITIONAL_REPRESENTATION('',(#539),#543);
#539 = LINE('',#540,#541);
#540 = CARTESIAN_POINT('',(54.,0.));
#541 = VECTOR('',#542,1.);
#542 = DIRECTION('',(0.,1.));
#543 = ( GEOMETRIC_REPRESENTATION_CONTEXT(2) 
PARAMETRIC_REPRESENTATION_CONTEXT() REPRESENTATION_CONTEXT('2D SPACE',''
  ) );
#544 = ORIENTED_EDGE('',*,*,#545,.T.);
#545 = EDGE_CURVE('',#523,#546,#548,.T.);
#546 = VERTEX_POINT('',#547);
#547 = CARTESIAN_POINT('',(14.,4.5,28.));
#548 = SURFACE_CURVE('',#549,(#553,#560),.PCURVE_S1.);
#549 = LINE('',#550,#551);
#550 = CARTESIAN_POINT('',(14.,-4.7,28.));
#551 = VECTOR('',#552,1.);
#552 = DIRECTION('',(-0.,1.,0.));
#553 = PCURVE('',#172,#554);
#554 = DEFINITIONAL_REPRESENTATION('',(#555),#559);
#555 = LINE('',#556,#557);
#556 = CARTESIAN_POINT('',(58.,3.8));
#557 = VECTOR('',#558,1.);
#558 = DIRECTION('',(0.,1.));
#559 = ( GEOMETRIC_REPRESENTATION_CONTEXT(2) 
PARAMETRIC_REPRESENTATION_CONTEXT() REPRESENTATION_CONTEXT('2D SPACE',''
  ) );
#560 = PCURVE('',#561,#566);
#561 = PLANE('',#562);
#562 = AXIS2_PLACEMENT_3D('',#563,#564,#565);
#563 = CARTESIAN_POINT('',(14.,-4.7,20.));
#564 = DIRECTION('',(1.,0.,-0.));
#565 = DIRECTION('',(0.,0.,1.));
#566 = DEFINITIONAL_REPRESENTATION('',(#567),#571);
#567 = LINE('',#568,#569);
#568 = CARTESIAN_POINT('',(8.,0.));
#569 = VECTOR('',#570,1.);
#570 = DIRECTION('',(0.,-1.));
#571 = ( GEOMETRIC_REPRESENTATION_CONTEXT(2) 
PARAMETRIC_REPRESENTATION_CONTEXT() REPRESENTATION_CONTEXT('2D SPACE',''
  ) );
#572 = ORIENTED_EDGE('',*,*,#573,.T.);
#573 = EDGE_CURVE('',#546,#574,#576,.T.);
#574 = VERTEX_POINT('',#575);
#575 = CARTESIAN_POINT('',(44.,4.5,28.));
#576 = SURFACE_CURVE('',#577,(#581,#588),.PCURVE_S1.);
#577 = LINE('',#578,#579);
#578 = CARTESIAN_POINT('',(-44.,4.5,28.));
#579 = VECTOR('',#580,1.);
#580 = DIRECTION('',(1.,0.,-0.));
#581 = PCURVE('',#172,#582);
#582 = DEFINITIONAL_REPRESENTATION('',(#583),#587);
#583 = LINE('',#584,#585);
#584 = CARTESIAN_POINT('',(0.,13.));
#585 = VECTOR('',#586,1.);
#586 = DIRECTION('',(1.,0.));
#587 = ( GEOMETRIC_REPRESENTATION_CONTEXT(2) 
PARAMETRIC_REPRESENTATION_CONTEXT() REPRESENTATION_CONTEXT('2D SPACE',''
  ) );
#588 = PCURVE('',#589,#594);
#589 = PLANE('',#590);
#590 = AXIS2_PLACEMENT_3D('',#591,#592,#593);
#591 = CARTESIAN_POINT('',(-44.,4.5,-26.));
#592 = DIRECTION('',(-0.,1.,0.));
#593 = DIRECTION('',(0.,0.,1.));
#594 = DEFINITIONAL_REPRESENTATION('',(#595),#599);
#595 = LINE('',#596,#597);
#596 = CARTESIAN_POINT('',(54.,0.));
#597 = VECTOR('',#598,1.);
#598 = DIRECTION('',(0.,1.));
#599 = ( GEOMETRIC_REPRESENTATION_CONTEXT(2) 
PARAMETRIC_REPRESENTATION_CONTEXT() REPRESENTATION_CONTEXT('2D SPACE',''
  ) );
#600 = ORIENTED_EDGE('',*,*,#601,.T.);
#601 = EDGE_CURVE('',#574,#602,#604,.T.);
#602 = VERTEX_POINT('',#603);
#603 = CARTESIAN_POINT('',(44.,8.5,28.));
#604 = SURFACE_CURVE('',#605,(#609,#616),.PCURVE_S1.);
#605 = LINE('',#606,#607);
#606 = CARTESIAN_POINT('',(44.,4.5,28.));
#607 = VECTOR('',#608,1.);
#608 = DIRECTION('',(-0.,1.,0.));
#609 = PCURVE('',#172,#610);
#610 = DEFINITIONAL_REPRESENTATION('',(#611),#615);
#611 = LINE('',#612,#613);
#612 = CARTESIAN_POINT('',(88.,13.));
#613 = VECTOR('',#614,1.);
#614 = DIRECTION('',(0.,1.));
#615 = ( GEOMETRIC_REPRESENTATION_CONTEXT(2) 
PARAMETRIC_REPRESENTATION_CONTEXT() REPRESENTATION_CONTEXT('2D SPACE',''
  ) );
#616 = PCURVE('',#617,#622);
#617 = PLANE('',#618);
#618 = AXIS2_PLACEMENT_3D('',#619,#620,#621);
#619 = CARTESIAN_POINT('',(44.,4.5,-26.));
#620 = DIRECTION('',(1.,0.,-0.));
#621 = DIRECTION('',(0.,0.,1.));
#622 = DEFINITIONAL_REPRESENTATION('',(#623),#627);
#623 = LINE('',#624,#625);
#624 = CARTESIAN_POINT('',(54.,0.));
#625 = VECTOR('',#626,1.);
#626 = DIRECTION('',(0.,-1.));
#627 = ( GEOMETRIC_REPRESENTATION_CONTEXT(2) 
PARAMETRIC_REPRESENTATION_CONTEXT() REPRESENTATION_CONTEXT('2D SPACE',''
  ) );
#628 = ORIENTED_EDGE('',*,*,#629,.F.);
#629 = EDGE_CURVE('',#630,#602,#632,.T.);
#630 = VERTEX_POINT('',#631);
#631 = CARTESIAN_POINT('',(8.,8.5,28.));
#632 = SURFACE_CURVE('',#633,(#637,#644),.PCURVE_S1.);
#633 = LINE('',#634,#635);
#634 = CARTESIAN_POINT('',(-44.,8.5,28.));
#635 = VECTOR('',#636,1.);
#636 = DIRECTION('',(1.,0.,-0.));
#637 = PCURVE('',#172,#638);
#638 = DEFINITIONAL_REPRESENTATION('',(#639),#643);
#639 = LINE('',#640,#641);
#640 = CARTESIAN_POINT('',(0.,17.));
#641 = VECTOR('',#642,1.);
#642 = DIRECTION('',(1.,0.));
#643 = ( GEOMETRIC_REPRESENTATION_CONTEXT(2) 
PARAMETRIC_REPRESENTATION_CONTEXT() REPRESENTATION_CONTEXT('2D SPACE',''
  ) );
#644 = PCURVE('',#645,#650);
#645 = PLANE('',#646);
#646 = AXIS2_PLACEMENT_3D('',#647,#648,#649);
#647 = CARTESIAN_POINT('',(-44.,8.5,-26.));
#648 = DIRECTION('',(-0.,1.,0.));
#649 = DIRECTION('',(0.,0.,1.));
#650 = DEFINITIONAL_REPRESENTATION('',(#651),#655);
#651 = LINE('',#652,#653);
#652 = CARTESIAN_POINT('',(54.,0.));
#653 = VECTOR('',#654,1.);
#654 = DIRECTION('',(0.,1.));
#655 = ( GEOMETRIC_REPRESENTATION_CONTEXT(2) 
PARAMETRIC_REPRESENTATION_CONTEXT() REPRESENTATION_CONTEXT('2D SPACE',''
  ) );
#656 = ORIENTED_EDGE('',*,*,#657,.T.);
#657 = EDGE_CURVE('',#630,#658,#660,.T.);
#658 = VERTEX_POINT('',#659);
#659 = CARTESIAN_POINT('',(8.,10.,28.));
#660 = SURFACE_CURVE('',#661,(#665,#672),.PCURVE_S1.);
#661 = LINE('',#662,#663);
#662 = CARTESIAN_POINT('',(8.,8.3,28.));
#663 = VECTOR('',#664,1.);
#664 = DIRECTION('',(-0.,1.,0.));
#665 = PCURVE('',#172,#666);
#666 = DEFINITIONAL_REPRESENTATION('',(#667),#671);
#667 = LINE('',#668,#669);
#668 = CARTESIAN_POINT('',(52.,16.8));
#669 = VECTOR('',#670,1.);
#670 = DIRECTION('',(0.,1.));
#671 = ( GEOMETRIC_REPRESENTATION_CONTEXT(2) 
PARAMETRIC_REPRESENTATION_CONTEXT() REPRESENTATION_CONTEXT('2D SPACE',''
  ) );
#672 = PCURVE('',#673,#678);
#673 = PLANE('',#674);
#674 = AXIS2_PLACEMENT_3D('',#675,#676,#677);
#675 = CARTESIAN_POINT('',(8.,8.3,12.));
#676 = DIRECTION('',(1.,0.,-0.));
#677 = DIRECTION('',(0.,0.,1.));
#678 = DEFINITIONAL_REPRESENTATION('',(#679),#683);
#679 = LINE('',#680,#681);
#680 = CARTESIAN_POINT('',(16.,0.));
#681 = VECTOR('',#682,1.);
#682 = DIRECTION('',(0.,-1.));
#683 = ( GEOMETRIC_REPRESENTATION_CONTEXT(2) 
PARAMETRIC_REPRESENTATION_CONTEXT() REPRESENTATION_CONTEXT('2D SPACE',''
  ) );
#684 = ORIENTED_EDGE('',*,*,#685,.F.);
#685 = EDGE_CURVE('',#686,#658,#688,.T.);
#686 = VERTEX_POINT('',#687);
#687 = CARTESIAN_POINT('',(-10.,10.,28.));
#688 = SURFACE_CURVE('',#689,(#693,#700),.PCURVE_S1.);
#689 = LINE('',#690,#691);
#690 = CARTESIAN_POINT('',(-16.,10.,28.));
#691 = VECTOR('',#692,1.);
#692 = DIRECTION('',(1.,0.,-0.));
#693 = PCURVE('',#172,#694);
#694 = DEFINITIONAL_REPRESENTATION('',(#695),#699);
#695 = LINE('',#696,#697);
#696 = CARTESIAN_POINT('',(28.,18.5));
#697 = VECTOR('',#698,1.);
#698 = DIRECTION('',(1.,0.));
#699 = ( GEOMETRIC_REPRESENTATION_CONTEXT(2) 
PARAMETRIC_REPRESENTATION_CONTEXT() REPRESENTATION_CONTEXT('2D SPACE',''
  ) );
#700 = PCURVE('',#701,#706);
#701 = PLANE('',#702);
#702 = AXIS2_PLACEMENT_3D('',#703,#704,#705);
#703 = CARTESIAN_POINT('',(-16.,10.,12.));
#704 = DIRECTION('',(-0.,1.,0.));
#705 = DIRECTION('',(0.,0.,1.));
#706 = DEFINITIONAL_REPRESENTATION('',(#707),#711);
#707 = LINE('',#708,#709);
#708 = CARTESIAN_POINT('',(16.,0.));
#709 = VECTOR('',#710,1.);
#710 = DIRECTION('',(0.,1.));
#711 = ( GEOMETRIC_REPRESENTATION_CONTEXT(2) 
PARAMETRIC_REPRESENTATION_CONTEXT() REPRESENTATION_CONTEXT('2D SPACE',''
  ) );
#712 = ORIENTED_EDGE('',*,*,#713,.T.);
#713 = EDGE_CURVE('',#686,#714,#716,.T.);
#714 = VERTEX_POINT('',#715);
#715 = CARTESIAN_POINT('',(-10.,15.,28.));
#716 = SURFACE_CURVE('',#717,(#721,#728),.PCURVE_S1.);
#717 = LINE('',#718,#719);
#718 = CARTESIAN_POINT('',(-10.,8.3,28.));
#719 = VECTOR('',#720,1.);
#720 = DIRECTION('',(-0.,1.,0.));
#721 = PCURVE('',#172,#722);
#722 = DEFINITIONAL_REPRESENTATION('',(#723),#727);
#723 = LINE('',#724,#725);
#724 = CARTESIAN_POINT('',(34.,16.8));
#725 = VECTOR('',#726,1.);
#726 = DIRECTION('',(0.,1.));
#727 = ( GEOMETRIC_REPRESENTATION_CONTEXT(2) 
PARAMETRIC_REPRESENTATION_CONTEXT() REPRESENTATION_CONTEXT('2D SPACE',''
  ) );
#728 = PCURVE('',#729,#734);
#729 = PLANE('',#730);
#730 = AXIS2_PLACEMENT_3D('',#731,#732,#733);
#731 = CARTESIAN_POINT('',(-10.,8.3,12.));
#732 = DIRECTION('',(1.,0.,-0.));
#733 = DIRECTION('',(0.,0.,1.));
#734 = DEFINITIONAL_REPRESENTATION('',(#735),#739);
#735 = LINE('',#736,#737);
#736 = CARTESIAN_POINT('',(16.,0.));
#737 = VECTOR('',#738,1.);
#738 = DIRECTION('',(0.,-1.));
#739 = ( GEOMETRIC_REPRESENTATION_CONTEXT(2) 
PARAMETRIC_REPRESENTATION_CONTEXT() REPRESENTATION_CONTEXT('2D SPACE',''
  ) );
#740 = ORIENTED_EDGE('',*,*,#741,.T.);
#741 = EDGE_CURVE('',#714,#742,#744,.T.);
#742 = VERTEX_POINT('',#743);
#743 = CARTESIAN_POINT('',(8.,15.,28.));
#744 = SURFACE_CURVE('',#745,(#749,#756),.PCURVE_S1.);
#745 = LINE('',#746,#747);
#746 = CARTESIAN_POINT('',(-16.,15.,28.));
#747 = VECTOR('',#748,1.);
#748 = DIRECTION('',(1.,0.,-0.));
#749 = PCURVE('',#172,#750);
#750 = DEFINITIONAL_REPRESENTATION('',(#751),#755);
#751 = LINE('',#752,#753);
#752 = CARTESIAN_POINT('',(28.,23.5));
#753 = VECTOR('',#754,1.);
#754 = DIRECTION('',(1.,0.));
#755 = ( GEOMETRIC_REPRESENTATION_CONTEXT(2) 
PARAMETRIC_REPRESENTATION_CONTEXT() REPRESENTATION_CONTEXT('2D SPACE',''
  ) );
#756 = PCURVE('',#757,#762);
#757 = PLANE('',#758);
#758 = AXIS2_PLACEMENT_3D('',#759,#760,#761);
#759 = CARTESIAN_POINT('',(-16.,15.,12.));
#760 = DIRECTION('',(-0.,1.,0.));
#761 = DIRECTION('',(0.,0.,1.));
#762 = DEFINITIONAL_REPRESENTATION('',(#763),#767);
#763 = LINE('',#764,#765);
#764 = CARTESIAN_POINT('',(16.,0.));
#765 = VECTOR('',#766,1.);
#766 = DIRECTION('',(0.,1.));
#767 = ( GEOMETRIC_REPRESENTATION_CONTEXT(2) 
PARAMETRIC_REPRESENTATION_CONTEXT() REPRESENTATION_CONTEXT('2D SPACE',''
  ) );
#768 = ORIENTED_EDGE('',*,*,#769,.T.);
#769 = EDGE_CURVE('',#742,#770,#772,.T.);
#770 = VERTEX_POINT('',#771);
#771 = CARTESIAN_POINT('',(8.,16.5,28.));
#772 = SURFACE_CURVE('',#773,(#777,#784),.PCURVE_S1.);
#773 = LINE('',#774,#775);
#774 = CARTESIAN_POINT('',(8.,15.,28.));
#775 = VECTOR('',#776,1.);
#776 = DIRECTION('',(-0.,1.,0.));
#777 = PCURVE('',#172,#778);
#778 = DEFINITIONAL_REPRESENTATION('',(#779),#783);
#779 = LINE('',#780,#781);
#780 = CARTESIAN_POINT('',(52.,23.5));
#781 = VECTOR('',#782,1.);
#782 = DIRECTION('',(0.,1.));
#783 = ( GEOMETRIC_REPRESENTATION_CONTEXT(2) 
PARAMETRIC_REPRESENTATION_CONTEXT() REPRESENTATION_CONTEXT('2D SPACE',''
  ) );
#784 = PCURVE('',#785,#790);
#785 = PLANE('',#786);
#786 = AXIS2_PLACEMENT_3D('',#787,#788,#789);
#787 = CARTESIAN_POINT('',(8.,15.,12.));
#788 = DIRECTION('',(1.,0.,-0.));
#789 = DIRECTION('',(0.,0.,1.));
#790 = DEFINITIONAL_REPRESENTATION('',(#791),#795);
#791 = LINE('',#792,#793);
#792 = CARTESIAN_POINT('',(16.,0.));
#793 = VECTOR('',#794,1.);
#794 = DIRECTION('',(0.,-1.));
#795 = ( GEOMETRIC_REPRESENTATION_CONTEXT(2) 
PARAMETRIC_REPRESENTATION_CONTEXT() REPRESENTATION_CONTEXT('2D SPACE',''
  ) );
#796 = ORIENTED_EDGE('',*,*,#797,.T.);
#797 = EDGE_CURVE('',#770,#798,#800,.T.);
#798 = VERTEX_POINT('',#799);
#799 = CARTESIAN_POINT('',(-16.,16.5,28.));
#800 = SURFACE_CURVE('',#801,(#805,#812),.PCURVE_S1.);
#801 = LINE('',#802,#803);
#802 = CARTESIAN_POINT('',(8.,16.5,28.));
#803 = VECTOR('',#804,1.);
#804 = DIRECTION('',(-1.,0.,0.));
#805 = PCURVE('',#172,#806);
#806 = DEFINITIONAL_REPRESENTATION('',(#807),#811);
#807 = LINE('',#808,#809);
#808 = CARTESIAN_POINT('',(52.,25.));
#809 = VECTOR('',#810,1.);
#810 = DIRECTION('',(-1.,0.));
#811 = ( GEOMETRIC_REPRESENTATION_CONTEXT(2) 
PARAMETRIC_REPRESENTATION_CONTEXT() REPRESENTATION_CONTEXT('2D SPACE',''
  ) );
#812 = PCURVE('',#813,#818);
#813 = PLANE('',#814);
#814 = AXIS2_PLACEMENT_3D('',#815,#816,#817);
#815 = CARTESIAN_POINT('',(-16.,16.5,12.));
#816 = DIRECTION('',(-0.,1.,0.));
#817 = DIRECTION('',(0.,0.,1.));
#818 = DEFINITIONAL_REPRESENTATION('',(#819),#823);
#819 = LINE('',#820,#821);
#820 = CARTESIAN_POINT('',(16.,24.));
#821 = VECTOR('',#822,1.);
#822 = DIRECTION('',(0.,-1.));
#823 = ( GEOMETRIC_REPRESENTATION_CONTEXT(2) 
PARAMETRIC_REPRESENTATION_CONTEXT() REPRESENTATION_CONTEXT('2D SPACE',''
  ) );
#824 = ORIENTED_EDGE('',*,*,#825,.T.);
#825 = EDGE_CURVE('',#798,#826,#828,.T.);
#826 = VERTEX_POINT('',#827);
#827 = CARTESIAN_POINT('',(-16.,8.5,28.));
#828 = SURFACE_CURVE('',#829,(#833,#840),.PCURVE_S1.);
#829 = LINE('',#830,#831);
#830 = CARTESIAN_POINT('',(-16.,16.5,28.));
#831 = VECTOR('',#832,1.);
#832 = DIRECTION('',(0.,-1.,0.));
#833 = PCURVE('',#172,#834);
#834 = DEFINITIONAL_REPRESENTATION('',(#835),#839);
#835 = LINE('',#836,#837);
#836 = CARTESIAN_POINT('',(28.,25.));
#837 = VECTOR('',#838,1.);
#838 = DIRECTION('',(0.,-1.));
#839 = ( GEOMETRIC_REPRESENTATION_CONTEXT(2) 
PARAMETRIC_REPRESENTATION_CONTEXT() REPRESENTATION_CONTEXT('2D SPACE',''
  ) );
#840 = PCURVE('',#841,#846);
#841 = PLANE('',#842);
#842 = AXIS2_PLACEMENT_3D('',#843,#844,#845);
#843 = CARTESIAN_POINT('',(-16.,8.3,12.));
#844 = DIRECTION('',(1.,0.,-0.));
#845 = DIRECTION('',(0.,0.,1.));
#846 = DEFINITIONAL_REPRESENTATION('',(#847),#851);
#847 = LINE('',#848,#849);
#848 = CARTESIAN_POINT('',(16.,-8.2));
#849 = VECTOR('',#850,1.);
#850 = DIRECTION('',(0.,1.));
#851 = ( GEOMETRIC_REPRESENTATION_CONTEXT(2) 
PARAMETRIC_REPRESENTATION_CONTEXT() REPRESENTATION_CONTEXT('2D SPACE',''
  ) );
#852 = ORIENTED_EDGE('',*,*,#853,.F.);
#853 = EDGE_CURVE('',#854,#826,#856,.T.);
#854 = VERTEX_POINT('',#855);
#855 = CARTESIAN_POINT('',(-44.,8.5,28.));
#856 = SURFACE_CURVE('',#857,(#861,#868),.PCURVE_S1.);
#857 = LINE('',#858,#859);
#858 = CARTESIAN_POINT('',(-44.,8.5,28.));
#859 = VECTOR('',#860,1.);
#860 = DIRECTION('',(1.,0.,-0.));
#861 = PCURVE('',#172,#862);
#862 = DEFINITIONAL_REPRESENTATION('',(#863),#867);
#863 = LINE('',#864,#865);
#864 = CARTESIAN_POINT('',(0.,17.));
#865 = VECTOR('',#866,1.);
#866 = DIRECTION('',(1.,0.));
#867 = ( GEOMETRIC_REPRESENTATION_CONTEXT(2) 
PARAMETRIC_REPRESENTATION_CONTEXT() REPRESENTATION_CONTEXT('2D SPACE',''
  ) );
#868 = PCURVE('',#645,#869);
#869 = DEFINITIONAL_REPRESENTATION('',(#870),#874);
#870 = LINE('',#871,#872);
#871 = CARTESIAN_POINT('',(54.,0.));
#872 = VECTOR('',#873,1.);
#873 = DIRECTION('',(0.,1.));
#874 = ( GEOMETRIC_REPRESENTATION_CONTEXT(2) 
PARAMETRIC_REPRESENTATION_CONTEXT() REPRESENTATION_CONTEXT('2D SPACE',''
  ) );
#875 = ORIENTED_EDGE('',*,*,#876,.F.);
#876 = EDGE_CURVE('',#877,#854,#879,.T.);
#877 = VERTEX_POINT('',#878);
#878 = CARTESIAN_POINT('',(-44.,4.5,28.));
#879 = SURFACE_CURVE('',#880,(#884,#891),.PCURVE_S1.);
#880 = LINE('',#881,#882);
#881 = CARTESIAN_POINT('',(-44.,4.5,28.));
#882 = VECTOR('',#883,1.);
#883 = DIRECTION('',(-0.,1.,0.));
#884 = PCURVE('',#172,#885);
#885 = DEFINITIONAL_REPRESENTATION('',(#886),#890);
#886 = LINE('',#887,#888);
#887 = CARTESIAN_POINT('',(0.,13.));
#888 = VECTOR('',#889,1.);
#889 = DIRECTION('',(0.,1.));
#890 = ( GEOMETRIC_REPRESENTATION_CONTEXT(2) 
PARAMETRIC_REPRESENTATION_CONTEXT() REPRESENTATION_CONTEXT('2D SPACE',''
  ) );
#891 = PCURVE('',#892,#897);
#892 = PLANE('',#893);
#893 = AXIS2_PLACEMENT_3D('',#894,#895,#896);
#894 = CARTESIAN_POINT('',(-44.,4.5,-26.));
#895 = DIRECTION('',(1.,0.,-0.));
#896 = DIRECTION('',(0.,0.,1.));
#897 = DEFINITIONAL_REPRESENTATION('',(#898),#902);
#898 = LINE('',#899,#900);
#899 = CARTESIAN_POINT('',(54.,0.));
#900 = VECTOR('',#901,1.);
#901 = DIRECTION('',(0.,-1.));
#902 = ( GEOMETRIC_REPRESENTATION_CONTEXT(2) 
PARAMETRIC_REPRESENTATION_CONTEXT() REPRESENTATION_CONTEXT('2D SPACE',''
  ) );
#903 = ORIENTED_EDGE('',*,*,#904,.T.);
#904 = EDGE_CURVE('',#877,#905,#907,.T.);
#905 = VERTEX_POINT('',#906);
#906 = CARTESIAN_POINT('',(-14.,4.5,28.));
#907 = SURFACE_CURVE('',#908,(#912,#919),.PCURVE_S1.);
#908 = LINE('',#909,#910);
#909 = CARTESIAN_POINT('',(-44.,4.5,28.));
#910 = VECTOR('',#911,1.);
#911 = DIRECTION('',(1.,0.,-0.));
#912 = PCURVE('',#172,#913);
#913 = DEFINITIONAL_REPRESENTATION('',(#914),#918);
#914 = LINE('',#915,#916);
#915 = CARTESIAN_POINT('',(0.,13.));
#916 = VECTOR('',#917,1.);
#917 = DIRECTION('',(1.,0.));
#918 = ( GEOMETRIC_REPRESENTATION_CONTEXT(2) 
PARAMETRIC_REPRESENTATION_CONTEXT() REPRESENTATION_CONTEXT('2D SPACE',''
  ) );
#919 = PCURVE('',#589,#920);
#920 = DEFINITIONAL_REPRESENTATION('',(#921),#925);
#921 = LINE('',#922,#923);
#922 = CARTESIAN_POINT('',(54.,0.));
#923 = VECTOR('',#924,1.);
#924 = DIRECTION('',(0.,1.));
#925 = ( GEOMETRIC_REPRESENTATION_CONTEXT(2) 
PARAMETRIC_REPRESENTATION_CONTEXT() REPRESENTATION_CONTEXT('2D SPACE',''
  ) );
#926 = ORIENTED_EDGE('',*,*,#927,.F.);
#927 = EDGE_CURVE('',#475,#905,#928,.T.);
#928 = SURFACE_CURVE('',#929,(#933,#940),.PCURVE_S1.);
#929 = LINE('',#930,#931);
#930 = CARTESIAN_POINT('',(-14.,-4.7,28.));
#931 = VECTOR('',#932,1.);
#932 = DIRECTION('',(-0.,1.,0.));
#933 = PCURVE('',#172,#934);
#934 = DEFINITIONAL_REPRESENTATION('',(#935),#939);
#935 = LINE('',#936,#937);
#936 = CARTESIAN_POINT('',(30.,3.8));
#937 = VECTOR('',#938,1.);
#938 = DIRECTION('',(0.,1.));
#939 = ( GEOMETRIC_REPRESENTATION_CONTEXT(2) 
PARAMETRIC_REPRESENTATION_CONTEXT() REPRESENTATION_CONTEXT('2D SPACE',''
  ) );
#940 = PCURVE('',#941,#946);
#941 = PLANE('',#942);
#942 = AXIS2_PLACEMENT_3D('',#943,#944,#945);
#943 = CARTESIAN_POINT('',(-14.,-4.7,20.));
#944 = DIRECTION('',(1.,0.,-0.));
#945 = DIRECTION('',(0.,0.,1.));
#946 = DEFINITIONAL_REPRESENTATION('',(#947),#951);
#947 = LINE('',#948,#949);
#948 = CARTESIAN_POINT('',(8.,0.));
#949 = VECTOR('',#950,1.);
#950 = DIRECTION('',(0.,-1.));
#951 = ( GEOMETRIC_REPRESENTATION_CONTEXT(2) 
PARAMETRIC_REPRESENTATION_CONTEXT() REPRESENTATION_CONTEXT('2D SPACE',''
  ) );
#952 = ADVANCED_FACE('',(#953,#1223,#1253,#1339),#146,.T.);
#953 = FACE_BOUND('',#954,.T.);
#954 = EDGE_LOOP('',(#955,#978,#979,#980,#1001,#1027,#1055,#1081,#1100,
    #1101,#1124,#1147,#1173,#1199));
#955 = ORIENTED_EDGE('',*,*,#956,.F.);
#956 = EDGE_CURVE('',#103,#957,#959,.T.);
#957 = VERTEX_POINT('',#958);
#958 = CARTESIAN_POINT('',(-14.,-4.5,-26.));
#959 = SURFACE_CURVE('',#960,(#964,#971),.PCURVE_S1.);
#960 = LINE('',#961,#962);
#961 = CARTESIAN_POINT('',(-44.,-4.5,-26.));
#962 = VECTOR('',#963,1.);
#963 = DIRECTION('',(1.,0.,-0.));
#964 = PCURVE('',#146,#965);
#965 = DEFINITIONAL_REPRESENTATION('',(#966),#970);
#966 = LINE('',#967,#968);
#967 = CARTESIAN_POINT('',(0.,0.));
#968 = VECTOR('',#969,1.);
#969 = DIRECTION('',(0.,1.));
#970 = ( GEOMETRIC_REPRESENTATION_CONTEXT(2) 
PARAMETRIC_REPRESENTATION_CONTEXT() REPRESENTATION_CONTEXT('2D SPACE',''
  ) );
#971 = PCURVE('',#118,#972);
#972 = DEFINITIONAL_REPRESENTATION('',(#973),#977);
#973 = LINE('',#974,#975);
#974 = CARTESIAN_POINT('',(0.,4.));
#975 = VECTOR('',#976,1.);
#976 = DIRECTION('',(1.,0.));
#977 = ( GEOMETRIC_REPRESENTATION_CONTEXT(2) 
PARAMETRIC_REPRESENTATION_CONTEXT() REPRESENTATION_CONTEXT('2D SPACE',''
  ) );
#978 = ORIENTED_EDGE('',*,*,#130,.T.);
#979 = ORIENTED_EDGE('',*,*,#474,.T.);
#980 = ORIENTED_EDGE('',*,*,#981,.T.);
#981 = EDGE_CURVE('',#475,#982,#984,.T.);
#982 = VERTEX_POINT('',#983);
#983 = CARTESIAN_POINT('',(-14.,-4.5,20.));
#984 = SURFACE_CURVE('',#985,(#989,#995),.PCURVE_S1.);
#985 = LINE('',#986,#987);
#986 = CARTESIAN_POINT('',(-14.,-4.5,-3.));
#987 = VECTOR('',#988,1.);
#988 = DIRECTION('',(-0.,0.,-1.));
#989 = PCURVE('',#146,#990);
#990 = DEFINITIONAL_REPRESENTATION('',(#991),#994);
#991 = B_SPLINE_CURVE_WITH_KNOTS('',1,(#992,#993),.UNSPECIFIED.,.F.,.F.,
  (2,2),(-31.,-23.),.PIECEWISE_BEZIER_KNOTS.);
#992 = CARTESIAN_POINT('',(54.,30.));
#993 = CARTESIAN_POINT('',(46.,30.));
#994 = ( GEOMETRIC_REPRESENTATION_CONTEXT(2) 
PARAMETRIC_REPRESENTATION_CONTEXT() REPRESENTATION_CONTEXT('2D SPACE',''
  ) );
#995 = PCURVE('',#941,#996);
#996 = DEFINITIONAL_REPRESENTATION('',(#997),#1000);
#997 = B_SPLINE_CURVE_WITH_KNOTS('',1,(#998,#999),.UNSPECIFIED.,.F.,.F.,
  (2,2),(-31.,-23.),.PIECEWISE_BEZIER_KNOTS.);
#998 = CARTESIAN_POINT('',(8.,-0.2));
#999 = CARTESIAN_POINT('',(0.,-0.2));
#1000 = ( GEOMETRIC_REPRESENTATION_CONTEXT(2) 
PARAMETRIC_REPRESENTATION_CONTEXT() REPRESENTATION_CONTEXT('2D SPACE',''
  ) );
#1001 = ORIENTED_EDGE('',*,*,#1002,.T.);
#1002 = EDGE_CURVE('',#982,#1003,#1005,.T.);
#1003 = VERTEX_POINT('',#1004);
#1004 = CARTESIAN_POINT('',(-2.8,-4.5,20.));
#1005 = SURFACE_CURVE('',#1006,(#1010,#1016),.PCURVE_S1.);
#1006 = LINE('',#1007,#1008);
#1007 = CARTESIAN_POINT('',(-29.,-4.5,20.));
#1008 = VECTOR('',#1009,1.);
#1009 = DIRECTION('',(1.,0.,-0.));
#1010 = PCURVE('',#146,#1011);
#1011 = DEFINITIONAL_REPRESENTATION('',(#1012),#1015);
#1012 = B_SPLINE_CURVE_WITH_KNOTS('',1,(#1013,#1014),.UNSPECIFIED.,.F.,
  .F.,(2,2),(15.,43.),.PIECEWISE_BEZIER_KNOTS.);
#1013 = CARTESIAN_POINT('',(46.,30.));
#1014 = CARTESIAN_POINT('',(46.,58.));
#1015 = ( GEOMETRIC_REPRESENTATION_CONTEXT(2) 
PARAMETRIC_REPRESENTATION_CONTEXT() REPRESENTATION_CONTEXT('2D SPACE',''
  ) );
#1016 = PCURVE('',#1017,#1022);
#1017 = PLANE('',#1018);
#1018 = AXIS2_PLACEMENT_3D('',#1019,#1020,#1021);
#1019 = CARTESIAN_POINT('',(-14.,-4.7,20.));
#1020 = DIRECTION('',(0.,0.,1.));
#1021 = DIRECTION('',(1.,0.,-0.));
#1022 = DEFINITIONAL_REPRESENTATION('',(#1023),#1026);
#1023 = B_SPLINE_CURVE_WITH_KNOTS('',1,(#1024,#1025),.UNSPECIFIED.,.F.,
  .F.,(2,2),(15.,43.),.PIECEWISE_BEZIER_KNOTS.);
#1024 = CARTESIAN_POINT('',(0.,0.2));
#1025 = CARTESIAN_POINT('',(28.,0.2));
#1026 = ( GEOMETRIC_REPRESENTATION_CONTEXT(2) 
PARAMETRIC_REPRESENTATION_CONTEXT() REPRESENTATION_CONTEXT('2D SPACE',''
  ) );
#1027 = ORIENTED_EDGE('',*,*,#1028,.T.);
#1028 = EDGE_CURVE('',#1003,#1029,#1031,.T.);
#1029 = VERTEX_POINT('',#1030);
#1030 = CARTESIAN_POINT('',(2.8,-4.5,20.));
#1031 = SURFACE_CURVE('',#1032,(#1037,#1048),.PCURVE_S1.);
#1032 = CIRCLE('',#1033,2.8);
#1033 = AXIS2_PLACEMENT_3D('',#1034,#1035,#1036);
#1034 = CARTESIAN_POINT('',(0.,-4.5,20.));
#1035 = DIRECTION('',(0.,-1.,2.22044604925E-16));
#1036 = DIRECTION('',(1.,0.,0.));
#1037 = PCURVE('',#146,#1038);
#1038 = DEFINITIONAL_REPRESENTATION('',(#1039),#1047);
#1039 = ( BOUNDED_CURVE() B_SPLINE_CURVE(2,(#1040,#1041,#1042,#1043,
#1044,#1045,#1046),.UNSPECIFIED.,.T.,.F.) B_SPLINE_CURVE_WITH_KNOTS((1,2
    ,2,2,2,1),(-2.094395102393,0.,2.094395102393,4.188790204786,
6.28318530718,8.377580409573),.UNSPECIFIED.) CURVE() 
GEOMETRIC_REPRESENTATION_ITEM() RATIONAL_B_SPLINE_CURVE((1.,0.5,1.,0.5,
1.,0.5,1.)) REPRESENTATION_ITEM('') );
#1040 = CARTESIAN_POINT('',(46.,46.8));
#1041 = CARTESIAN_POINT('',(50.849742261193,46.8));
#1042 = CARTESIAN_POINT('',(48.424871130596,42.6));
#1043 = CARTESIAN_POINT('',(46.,38.4));
#1044 = CARTESIAN_POINT('',(43.575128869404,42.6));
#1045 = CARTESIAN_POINT('',(41.150257738807,46.8));
#1046 = CARTESIAN_POINT('',(46.,46.8));
#1047 = ( GEOMETRIC_REPRESENTATION_CONTEXT(2) 
PARAMETRIC_REPRESENTATION_CONTEXT() REPRESENTATION_CONTEXT('2D SPACE',''
  ) );
#1048 = PCURVE('',#459,#1049);
#1049 = DEFINITIONAL_REPRESENTATION('',(#1050),#1054);
#1050 = LINE('',#1051,#1052);
#1051 = CARTESIAN_POINT('',(0.,26.));
#1052 = VECTOR('',#1053,1.);
#1053 = DIRECTION('',(1.,0.));
#1054 = ( GEOMETRIC_REPRESENTATION_CONTEXT(2) 
PARAMETRIC_REPRESENTATION_CONTEXT() REPRESENTATION_CONTEXT('2D SPACE',''
  ) );
#1055 = ORIENTED_EDGE('',*,*,#1056,.T.);
#1056 = EDGE_CURVE('',#1029,#1057,#1059,.T.);
#1057 = VERTEX_POINT('',#1058);
#1058 = CARTESIAN_POINT('',(14.,-4.5,20.));
#1059 = SURFACE_CURVE('',#1060,(#1064,#1070),.PCURVE_S1.);
#1060 = LINE('',#1061,#1062);
#1061 = CARTESIAN_POINT('',(-29.,-4.5,20.));
#1062 = VECTOR('',#1063,1.);
#1063 = DIRECTION('',(1.,0.,-0.));
#1064 = PCURVE('',#146,#1065);
#1065 = DEFINITIONAL_REPRESENTATION('',(#1066),#1069);
#1066 = B_SPLINE_CURVE_WITH_KNOTS('',1,(#1067,#1068),.UNSPECIFIED.,.F.,
  .F.,(2,2),(15.,43.),.PIECEWISE_BEZIER_KNOTS.);
#1067 = CARTESIAN_POINT('',(46.,30.));
#1068 = CARTESIAN_POINT('',(46.,58.));
#1069 = ( GEOMETRIC_REPRESENTATION_CONTEXT(2) 
PARAMETRIC_REPRESENTATION_CONTEXT() REPRESENTATION_CONTEXT('2D SPACE',''
  ) );
#1070 = PCURVE('',#1071,#1076);
#1071 = PLANE('',#1072);
#1072 = AXIS2_PLACEMENT_3D('',#1073,#1074,#1075);
#1073 = CARTESIAN_POINT('',(-14.,-4.7,20.));
#1074 = DIRECTION('',(0.,0.,1.));
#1075 = DIRECTION('',(1.,0.,-0.));
#1076 = DEFINITIONAL_REPRESENTATION('',(#1077),#1080);
#1077 = B_SPLINE_CURVE_WITH_KNOTS('',1,(#1078,#1079),.UNSPECIFIED.,.F.,
  .F.,(2,2),(15.,43.),.PIECEWISE_BEZIER_KNOTS.);
#1078 = CARTESIAN_POINT('',(0.,0.2));
#1079 = CARTESIAN_POINT('',(28.,0.2));
#1080 = ( GEOMETRIC_REPRESENTATION_CONTEXT(2) 
PARAMETRIC_REPRESENTATION_CONTEXT() REPRESENTATION_CONTEXT('2D SPACE',''
  ) );
#1081 = ORIENTED_EDGE('',*,*,#1082,.F.);
#1082 = EDGE_CURVE('',#523,#1057,#1083,.T.);
#1083 = SURFACE_CURVE('',#1084,(#1088,#1094),.PCURVE_S1.);
#1084 = LINE('',#1085,#1086);
#1085 = CARTESIAN_POINT('',(14.,-4.5,-3.));
#1086 = VECTOR('',#1087,1.);
#1087 = DIRECTION('',(-0.,0.,-1.));
#1088 = PCURVE('',#146,#1089);
#1089 = DEFINITIONAL_REPRESENTATION('',(#1090),#1093);
#1090 = B_SPLINE_CURVE_WITH_KNOTS('',1,(#1091,#1092),.UNSPECIFIED.,.F.,
  .F.,(2,2),(-31.,-23.),.PIECEWISE_BEZIER_KNOTS.);
#1091 = CARTESIAN_POINT('',(54.,58.));
#1092 = CARTESIAN_POINT('',(46.,58.));
#1093 = ( GEOMETRIC_REPRESENTATION_CONTEXT(2) 
PARAMETRIC_REPRESENTATION_CONTEXT() REPRESENTATION_CONTEXT('2D SPACE',''
  ) );
#1094 = PCURVE('',#561,#1095);
#1095 = DEFINITIONAL_REPRESENTATION('',(#1096),#1099);
#1096 = B_SPLINE_CURVE_WITH_KNOTS('',1,(#1097,#1098),.UNSPECIFIED.,.F.,
  .F.,(2,2),(-31.,-23.),.PIECEWISE_BEZIER_KNOTS.);
#1097 = CARTESIAN_POINT('',(8.,-0.2));
#1098 = CARTESIAN_POINT('',(0.,-0.2));
#1099 = ( GEOMETRIC_REPRESENTATION_CONTEXT(2) 
PARAMETRIC_REPRESENTATION_CONTEXT() REPRESENTATION_CONTEXT('2D SPACE',''
  ) );
#1100 = ORIENTED_EDGE('',*,*,#522,.T.);
#1101 = ORIENTED_EDGE('',*,*,#1102,.F.);
#1102 = EDGE_CURVE('',#1103,#500,#1105,.T.);
#1103 = VERTEX_POINT('',#1104);
#1104 = CARTESIAN_POINT('',(44.,-4.5,-26.));
#1105 = SURFACE_CURVE('',#1106,(#1110,#1117),.PCURVE_S1.);
#1106 = LINE('',#1107,#1108);
#1107 = CARTESIAN_POINT('',(44.,-4.5,-26.));
#1108 = VECTOR('',#1109,1.);
#1109 = DIRECTION('',(0.,0.,1.));
#1110 = PCURVE('',#146,#1111);
#1111 = DEFINITIONAL_REPRESENTATION('',(#1112),#1116);
#1112 = LINE('',#1113,#1114);
#1113 = CARTESIAN_POINT('',(0.,88.));
#1114 = VECTOR('',#1115,1.);
#1115 = DIRECTION('',(1.,0.));
#1116 = ( GEOMETRIC_REPRESENTATION_CONTEXT(2) 
PARAMETRIC_REPRESENTATION_CONTEXT() REPRESENTATION_CONTEXT('2D SPACE',''
  ) );
#1117 = PCURVE('',#248,#1118);
#1118 = DEFINITIONAL_REPRESENTATION('',(#1119),#1123);
#1119 = LINE('',#1120,#1121);
#1120 = CARTESIAN_POINT('',(0.,-4.));
#1121 = VECTOR('',#1122,1.);
#1122 = DIRECTION('',(1.,0.));
#1123 = ( GEOMETRIC_REPRESENTATION_CONTEXT(2) 
PARAMETRIC_REPRESENTATION_CONTEXT() REPRESENTATION_CONTEXT('2D SPACE',''
  ) );
#1124 = ORIENTED_EDGE('',*,*,#1125,.F.);
#1125 = EDGE_CURVE('',#1126,#1103,#1128,.T.);
#1126 = VERTEX_POINT('',#1127);
#1127 = CARTESIAN_POINT('',(14.,-4.5,-26.));
#1128 = SURFACE_CURVE('',#1129,(#1133,#1140),.PCURVE_S1.);
#1129 = LINE('',#1130,#1131);
#1130 = CARTESIAN_POINT('',(-44.,-4.5,-26.));
#1131 = VECTOR('',#1132,1.);
#1132 = DIRECTION('',(1.,0.,-0.));
#1133 = PCURVE('',#146,#1134);
#1134 = DEFINITIONAL_REPRESENTATION('',(#1135),#1139);
#1135 = LINE('',#1136,#1137);
#1136 = CARTESIAN_POINT('',(0.,0.));
#1137 = VECTOR('',#1138,1.);
#1138 = DIRECTION('',(0.,1.));
#1139 = ( GEOMETRIC_REPRESENTATION_CONTEXT(2) 
PARAMETRIC_REPRESENTATION_CONTEXT() REPRESENTATION_CONTEXT('2D SPACE',''
  ) );
#1140 = PCURVE('',#118,#1141);
#1141 = DEFINITIONAL_REPRESENTATION('',(#1142),#1146);
#1142 = LINE('',#1143,#1144);
#1143 = CARTESIAN_POINT('',(0.,4.));
#1144 = VECTOR('',#1145,1.);
#1145 = DIRECTION('',(1.,0.));
#1146 = ( GEOMETRIC_REPRESENTATION_CONTEXT(2) 
PARAMETRIC_REPRESENTATION_CONTEXT() REPRESENTATION_CONTEXT('2D SPACE',''
  ) );
#1147 = ORIENTED_EDGE('',*,*,#1148,.F.);
#1148 = EDGE_CURVE('',#1149,#1126,#1151,.T.);
#1149 = VERTEX_POINT('',#1150);
#1150 = CARTESIAN_POINT('',(14.,-4.5,-20.));
#1151 = SURFACE_CURVE('',#1152,(#1156,#1162),.PCURVE_S1.);
#1152 = LINE('',#1153,#1154);
#1153 = CARTESIAN_POINT('',(14.,-4.5,-26.));
#1154 = VECTOR('',#1155,1.);
#1155 = DIRECTION('',(-0.,0.,-1.));
#1156 = PCURVE('',#146,#1157);
#1157 = DEFINITIONAL_REPRESENTATION('',(#1158),#1161);
#1158 = B_SPLINE_CURVE_WITH_KNOTS('',1,(#1159,#1160),.UNSPECIFIED.,.F.,
  .F.,(2,2),(-6.,0.),.PIECEWISE_BEZIER_KNOTS.);
#1159 = CARTESIAN_POINT('',(6.,58.));
#1160 = CARTESIAN_POINT('',(0.,58.));
#1161 = ( GEOMETRIC_REPRESENTATION_CONTEXT(2) 
PARAMETRIC_REPRESENTATION_CONTEXT() REPRESENTATION_CONTEXT('2D SPACE',''
  ) );
#1162 = PCURVE('',#1163,#1168);
#1163 = PLANE('',#1164);
#1164 = AXIS2_PLACEMENT_3D('',#1165,#1166,#1167);
#1165 = CARTESIAN_POINT('',(14.,-4.7,-26.));
#1166 = DIRECTION('',(1.,0.,-0.));
#1167 = DIRECTION('',(0.,0.,1.));
#1168 = DEFINITIONAL_REPRESENTATION('',(#1169),#1172);
#1169 = B_SPLINE_CURVE_WITH_KNOTS('',1,(#1170,#1171),.UNSPECIFIED.,.F.,
  .F.,(2,2),(-6.,0.),.PIECEWISE_BEZIER_KNOTS.);
#1170 = CARTESIAN_POINT('',(6.,-0.2));
#1171 = CARTESIAN_POINT('',(0.,-0.2));
#1172 = ( GEOMETRIC_REPRESENTATION_CONTEXT(2) 
PARAMETRIC_REPRESENTATION_CONTEXT() REPRESENTATION_CONTEXT('2D SPACE',''
  ) );
#1173 = ORIENTED_EDGE('',*,*,#1174,.F.);
#1174 = EDGE_CURVE('',#1175,#1149,#1177,.T.);
#1175 = VERTEX_POINT('',#1176);
#1176 = CARTESIAN_POINT('',(-14.,-4.5,-20.));
#1177 = SURFACE_CURVE('',#1178,(#1182,#1188),.PCURVE_S1.);
#1178 = LINE('',#1179,#1180);
#1179 = CARTESIAN_POINT('',(-29.,-4.5,-20.));
#1180 = VECTOR('',#1181,1.);
#1181 = DIRECTION('',(1.,0.,-0.));
#1182 = PCURVE('',#146,#1183);
#1183 = DEFINITIONAL_REPRESENTATION('',(#1184),#1187);
#1184 = B_SPLINE_CURVE_WITH_KNOTS('',1,(#1185,#1186),.UNSPECIFIED.,.F.,
  .F.,(2,2),(15.,43.),.PIECEWISE_BEZIER_KNOTS.);
#1185 = CARTESIAN_POINT('',(6.,30.));
#1186 = CARTESIAN_POINT('',(6.,58.));
#1187 = ( GEOMETRIC_REPRESENTATION_CONTEXT(2) 
PARAMETRIC_REPRESENTATION_CONTEXT() REPRESENTATION_CONTEXT('2D SPACE',''
  ) );
#1188 = PCURVE('',#1189,#1194);
#1189 = PLANE('',#1190);
#1190 = AXIS2_PLACEMENT_3D('',#1191,#1192,#1193);
#1191 = CARTESIAN_POINT('',(-14.,-4.7,-20.));
#1192 = DIRECTION('',(0.,0.,1.));
#1193 = DIRECTION('',(1.,0.,-0.));
#1194 = DEFINITIONAL_REPRESENTATION('',(#1195),#1198);
#1195 = B_SPLINE_CURVE_WITH_KNOTS('',1,(#1196,#1197),.UNSPECIFIED.,.F.,
  .F.,(2,2),(15.,43.),.PIECEWISE_BEZIER_KNOTS.);
#1196 = CARTESIAN_POINT('',(0.,0.2));
#1197 = CARTESIAN_POINT('',(28.,0.2));
#1198 = ( GEOMETRIC_REPRESENTATION_CONTEXT(2) 
PARAMETRIC_REPRESENTATION_CONTEXT() REPRESENTATION_CONTEXT('2D SPACE',''
  ) );
#1199 = ORIENTED_EDGE('',*,*,#1200,.T.);
#1200 = EDGE_CURVE('',#1175,#957,#1201,.T.);
#1201 = SURFACE_CURVE('',#1202,(#1206,#1212),.PCURVE_S1.);
#1202 = LINE('',#1203,#1204);
#1203 = CARTESIAN_POINT('',(-14.,-4.5,-26.));
#1204 = VECTOR('',#1205,1.);
#1205 = DIRECTION('',(-0.,0.,-1.));
#1206 = PCURVE('',#146,#1207);
#1207 = DEFINITIONAL_REPRESENTATION('',(#1208),#1211);
#1208 = B_SPLINE_CURVE_WITH_KNOTS('',1,(#1209,#1210),.UNSPECIFIED.,.F.,
  .F.,(2,2),(-6.,0.),.PIECEWISE_BEZIER_KNOTS.);
#1209 = CARTESIAN_POINT('',(6.,30.));
#1210 = CARTESIAN_POINT('',(0.,30.));
#1211 = ( GEOMETRIC_REPRESENTATION_CONTEXT(2) 
PARAMETRIC_REPRESENTATION_CONTEXT() REPRESENTATION_CONTEXT('2D SPACE',''
  ) );
#1212 = PCURVE('',#1213,#1218);
#1213 = PLANE('',#1214);
#1214 = AXIS2_PLACEMENT_3D('',#1215,#1216,#1217);
#1215 = CARTESIAN_POINT('',(-14.,-4.7,-26.));
#1216 = DIRECTION('',(1.,0.,-0.));
#1217 = DIRECTION('',(0.,0.,1.));
#1218 = DEFINITIONAL_REPRESENTATION('',(#1219),#1222);
#1219 = B_SPLINE_CURVE_WITH_KNOTS('',1,(#1220,#1221),.UNSPECIFIED.,.F.,
  .F.,(2,2),(-6.,0.),.PIECEWISE_BEZIER_KNOTS.);
#1220 = CARTESIAN_POINT('',(6.,-0.2));
#1221 = CARTESIAN_POINT('',(0.,-0.2));
#1222 = ( GEOMETRIC_REPRESENTATION_CONTEXT(2) 
PARAMETRIC_REPRESENTATION_CONTEXT() REPRESENTATION_CONTEXT('2D SPACE',''
  ) );
#1223 = FACE_BOUND('',#1224,.T.);
#1224 = EDGE_LOOP('',(#1225));
#1225 = ORIENTED_EDGE('',*,*,#1226,.T.);
#1226 = EDGE_CURVE('',#1227,#1227,#1229,.T.);
#1227 = VERTEX_POINT('',#1228);
#1228 = CARTESIAN_POINT('',(-26.2,-4.5,2.97793377374E-15));
#1229 = SURFACE_CURVE('',#1230,(#1235,#1246),.PCURVE_S1.);
#1230 = CIRCLE('',#1231,2.8);
#1231 = AXIS2_PLACEMENT_3D('',#1232,#1233,#1234);
#1232 = CARTESIAN_POINT('',(-29.,-4.5,3.663735981263E-15));
#1233 = DIRECTION('',(0.,-1.,2.22044604925E-16));
#1234 = DIRECTION('',(1.,0.,0.));
#1235 = PCURVE('',#146,#1236);
#1236 = DEFINITIONAL_REPRESENTATION('',(#1237),#1245);
#1237 = ( BOUNDED_CURVE() B_SPLINE_CURVE(2,(#1238,#1239,#1240,#1241,
#1242,#1243,#1244),.UNSPECIFIED.,.T.,.F.) B_SPLINE_CURVE_WITH_KNOTS((1,2
    ,2,2,2,1),(-2.094395102393,0.,2.094395102393,4.188790204786,
6.28318530718,8.377580409573),.UNSPECIFIED.) CURVE() 
GEOMETRIC_REPRESENTATION_ITEM() RATIONAL_B_SPLINE_CURVE((1.,0.5,1.,0.5,
1.,0.5,1.)) REPRESENTATION_ITEM('') );
#1238 = CARTESIAN_POINT('',(26.,17.8));
#1239 = CARTESIAN_POINT('',(30.849742261193,17.8));
#1240 = CARTESIAN_POINT('',(28.424871130596,13.6));
#1241 = CARTESIAN_POINT('',(26.,9.4));
#1242 = CARTESIAN_POINT('',(23.575128869404,13.6));
#1243 = CARTESIAN_POINT('',(21.150257738807,17.8));
#1244 = CARTESIAN_POINT('',(26.,17.8));
#1245 = ( GEOMETRIC_REPRESENTATION_CONTEXT(2) 
PARAMETRIC_REPRESENTATION_CONTEXT() REPRESENTATION_CONTEXT('2D SPACE',''
  ) );
#1246 = PCURVE('',#283,#1247);
#1247 = DEFINITIONAL_REPRESENTATION('',(#1248),#1252);
#1248 = LINE('',#1249,#1250);
#1249 = CARTESIAN_POINT('',(0.,16.5));
#1250 = VECTOR('',#1251,1.);
#1251 = DIRECTION('',(1.,0.));
#1252 = ( GEOMETRIC_REPRESENTATION_CONTEXT(2) 
PARAMETRIC_REPRESENTATION_CONTEXT() REPRESENTATION_CONTEXT('2D SPACE',''
  ) );
#1253 = FACE_BOUND('',#1254,.T.);
#1254 = EDGE_LOOP('',(#1255,#1278,#1299,#1320));
#1255 = ORIENTED_EDGE('',*,*,#1256,.F.);
#1256 = EDGE_CURVE('',#1257,#1259,#1261,.T.);
#1257 = VERTEX_POINT('',#1258);
#1258 = CARTESIAN_POINT('',(-40.,-4.5,-10.));
#1259 = VERTEX_POINT('',#1260);
#1260 = CARTESIAN_POINT('',(40.,-4.5,-10.));
#1261 = SURFACE_CURVE('',#1262,(#1266,#1272),.PCURVE_S1.);
#1262 = LINE('',#1263,#1264);
#1263 = CARTESIAN_POINT('',(-42.,-4.5,-10.));
#1264 = VECTOR('',#1265,1.);
#1265 = DIRECTION('',(1.,0.,-0.));
#1266 = PCURVE('',#146,#1267);
#1267 = DEFINITIONAL_REPRESENTATION('',(#1268),#1271);
#1268 = B_SPLINE_CURVE_WITH_KNOTS('',1,(#1269,#1270),.UNSPECIFIED.,.F.,
  .F.,(2,2),(2.,82.),.PIECEWISE_BEZIER_KNOTS.);
#1269 = CARTESIAN_POINT('',(16.,4.));
#1270 = CARTESIAN_POINT('',(16.,84.));
#1271 = ( GEOMETRIC_REPRESENTATION_CONTEXT(2) 
PARAMETRIC_REPRESENTATION_CONTEXT() REPRESENTATION_CONTEXT('2D SPACE',''
  ) );
#1272 = PCURVE('',#314,#1273);
#1273 = DEFINITIONAL_REPRESENTATION('',(#1274),#1277);
#1274 = B_SPLINE_CURVE_WITH_KNOTS('',1,(#1275,#1276),.UNSPECIFIED.,.F.,
  .F.,(2,2),(2.,82.),.PIECEWISE_BEZIER_KNOTS.);
#1275 = CARTESIAN_POINT('',(0.,5.5));
#1276 = CARTESIAN_POINT('',(80.,5.5));
#1277 = ( GEOMETRIC_REPRESENTATION_CONTEXT(2) 
PARAMETRIC_REPRESENTATION_CONTEXT() REPRESENTATION_CONTEXT('2D SPACE',''
  ) );
#1278 = ORIENTED_EDGE('',*,*,#1279,.T.);
#1279 = EDGE_CURVE('',#1257,#1280,#1282,.T.);
#1280 = VERTEX_POINT('',#1281);
#1281 = CARTESIAN_POINT('',(-40.,-4.5,-18.));
#1282 = SURFACE_CURVE('',#1283,(#1287,#1293),.PCURVE_S1.);
#1283 = LINE('',#1284,#1285);
#1284 = CARTESIAN_POINT('',(-40.,-4.5,-22.));
#1285 = VECTOR('',#1286,1.);
#1286 = DIRECTION('',(-0.,0.,-1.));
#1287 = PCURVE('',#146,#1288);
#1288 = DEFINITIONAL_REPRESENTATION('',(#1289),#1292);
#1289 = B_SPLINE_CURVE_WITH_KNOTS('',1,(#1290,#1291),.UNSPECIFIED.,.F.,
  .F.,(2,2),(-12.,-4.),.PIECEWISE_BEZIER_KNOTS.);
#1290 = CARTESIAN_POINT('',(16.,4.));
#1291 = CARTESIAN_POINT('',(8.,4.));
#1292 = ( GEOMETRIC_REPRESENTATION_CONTEXT(2) 
PARAMETRIC_REPRESENTATION_CONTEXT() REPRESENTATION_CONTEXT('2D SPACE',''
  ) );
#1293 = PCURVE('',#340,#1294);
#1294 = DEFINITIONAL_REPRESENTATION('',(#1295),#1298);
#1295 = B_SPLINE_CURVE_WITH_KNOTS('',1,(#1296,#1297),.UNSPECIFIED.,.F.,
  .F.,(2,2),(-12.,-4.),.PIECEWISE_BEZIER_KNOTS.);
#1296 = CARTESIAN_POINT('',(8.,-5.5));
#1297 = CARTESIAN_POINT('',(0.,-5.5));
#1298 = ( GEOMETRIC_REPRESENTATION_CONTEXT(2) 
PARAMETRIC_REPRESENTATION_CONTEXT() REPRESENTATION_CONTEXT('2D SPACE',''
  ) );
#1299 = ORIENTED_EDGE('',*,*,#1300,.T.);
#1300 = EDGE_CURVE('',#1280,#1301,#1303,.T.);
#1301 = VERTEX_POINT('',#1302);
#1302 = CARTESIAN_POINT('',(40.,-4.5,-18.));
#1303 = SURFACE_CURVE('',#1304,(#1308,#1314),.PCURVE_S1.);
#1304 = LINE('',#1305,#1306);
#1305 = CARTESIAN_POINT('',(-42.,-4.5,-18.));
#1306 = VECTOR('',#1307,1.);
#1307 = DIRECTION('',(1.,0.,-0.));
#1308 = PCURVE('',#146,#1309);
#1309 = DEFINITIONAL_REPRESENTATION('',(#1310),#1313);
#1310 = B_SPLINE_CURVE_WITH_KNOTS('',1,(#1311,#1312),.UNSPECIFIED.,.F.,
  .F.,(2,2),(2.,82.),.PIECEWISE_BEZIER_KNOTS.);
#1311 = CARTESIAN_POINT('',(8.,4.));
#1312 = CARTESIAN_POINT('',(8.,84.));
#1313 = ( GEOMETRIC_REPRESENTATION_CONTEXT(2) 
PARAMETRIC_REPRESENTATION_CONTEXT() REPRESENTATION_CONTEXT('2D SPACE',''
  ) );
#1314 = PCURVE('',#366,#1315);
#1315 = DEFINITIONAL_REPRESENTATION('',(#1316),#1319);
#1316 = B_SPLINE_CURVE_WITH_KNOTS('',1,(#1317,#1318),.UNSPECIFIED.,.F.,
  .F.,(2,2),(2.,82.),.PIECEWISE_BEZIER_KNOTS.);
#1317 = CARTESIAN_POINT('',(0.,5.5));
#1318 = CARTESIAN_POINT('',(80.,5.5));
#1319 = ( GEOMETRIC_REPRESENTATION_CONTEXT(2) 
PARAMETRIC_REPRESENTATION_CONTEXT() REPRESENTATION_CONTEXT('2D SPACE',''
  ) );
#1320 = ORIENTED_EDGE('',*,*,#1321,.F.);
#1321 = EDGE_CURVE('',#1259,#1301,#1322,.T.);
#1322 = SURFACE_CURVE('',#1323,(#1327,#1333),.PCURVE_S1.);
#1323 = LINE('',#1324,#1325);
#1324 = CARTESIAN_POINT('',(40.,-4.5,-22.));
#1325 = VECTOR('',#1326,1.);
#1326 = DIRECTION('',(-0.,0.,-1.));
#1327 = PCURVE('',#146,#1328);
#1328 = DEFINITIONAL_REPRESENTATION('',(#1329),#1332);
#1329 = B_SPLINE_CURVE_WITH_KNOTS('',1,(#1330,#1331),.UNSPECIFIED.,.F.,
  .F.,(2,2),(-12.,-4.),.PIECEWISE_BEZIER_KNOTS.);
#1330 = CARTESIAN_POINT('',(16.,84.));
#1331 = CARTESIAN_POINT('',(8.,84.));
#1332 = ( GEOMETRIC_REPRESENTATION_CONTEXT(2) 
PARAMETRIC_REPRESENTATION_CONTEXT() REPRESENTATION_CONTEXT('2D SPACE',''
  ) );
#1333 = PCURVE('',#390,#1334);
#1334 = DEFINITIONAL_REPRESENTATION('',(#1335),#1338);
#1335 = B_SPLINE_CURVE_WITH_KNOTS('',1,(#1336,#1337),.UNSPECIFIED.,.F.,
  .F.,(2,2),(-12.,-4.),.PIECEWISE_BEZIER_KNOTS.);
#1336 = CARTESIAN_POINT('',(8.,-5.5));
#1337 = CARTESIAN_POINT('',(0.,-5.5));
#1338 = ( GEOMETRIC_REPRESENTATION_CONTEXT(2) 
PARAMETRIC_REPRESENTATION_CONTEXT() REPRESENTATION_CONTEXT('2D SPACE',''
  ) );
#1339 = FACE_BOUND('',#1340,.T.);
#1340 = EDGE_LOOP('',(#1341));
#1341 = ORIENTED_EDGE('',*,*,#1342,.T.);
#1342 = EDGE_CURVE('',#1343,#1343,#1345,.T.);
#1343 = VERTEX_POINT('',#1344);
#1344 = CARTESIAN_POINT('',(31.8,-4.5,2.97793377374E-15));
#1345 = SURFACE_CURVE('',#1346,(#1351,#1362),.PCURVE_S1.);
#1346 = CIRCLE('',#1347,2.8);
#1347 = AXIS2_PLACEMENT_3D('',#1348,#1349,#1350);
#1348 = CARTESIAN_POINT('',(29.,-4.5,3.663735981263E-15));
#1349 = DIRECTION('',(0.,-1.,2.22044604925E-16));
#1350 = DIRECTION('',(1.,0.,0.));
#1351 = PCURVE('',#146,#1352);
#1352 = DEFINITIONAL_REPRESENTATION('',(#1353),#1361);
#1353 = ( BOUNDED_CURVE() B_SPLINE_CURVE(2,(#1354,#1355,#1356,#1357,
#1358,#1359,#1360),.UNSPECIFIED.,.T.,.F.) B_SPLINE_CURVE_WITH_KNOTS((1,2
    ,2,2,2,1),(-2.094395102393,0.,2.094395102393,4.188790204786,
6.28318530718,8.377580409573),.UNSPECIFIED.) CURVE() 
GEOMETRIC_REPRESENTATION_ITEM() RATIONAL_B_SPLINE_CURVE((1.,0.5,1.,0.5,
1.,0.5,1.)) REPRESENTATION_ITEM('') );
#1354 = CARTESIAN_POINT('',(26.,75.8));
#1355 = CARTESIAN_POINT('',(30.849742261193,75.8));
#1356 = CARTESIAN_POINT('',(28.424871130596,71.6));
#1357 = CARTESIAN_POINT('',(26.,67.4));
#1358 = CARTESIAN_POINT('',(23.575128869404,71.6));
#1359 = CARTESIAN_POINT('',(21.150257738807,75.8));
#1360 = CARTESIAN_POINT('',(26.,75.8));
#1361 = ( GEOMETRIC_REPRESENTATION_CONTEXT(2) 
PARAMETRIC_REPRESENTATION_CONTEXT() REPRESENTATION_CONTEXT('2D SPACE',''
  ) );
#1362 = PCURVE('',#424,#1363);
#1363 = DEFINITIONAL_REPRESENTATION('',(#1364),#1368);
#1364 = LINE('',#1365,#1366);
#1365 = CARTESIAN_POINT('',(0.,16.5));
#1366 = VECTOR('',#1367,1.);
#1367 = DIRECTION('',(1.,0.));
#1368 = ( GEOMETRIC_REPRESENTATION_CONTEXT(2) 
PARAMETRIC_REPRESENTATION_CONTEXT() REPRESENTATION_CONTEXT('2D SPACE',''
  ) );
#1369 = ADVANCED_FACE('',(#1370),#118,.F.);
#1370 = FACE_BOUND('',#1371,.F.);
#1371 = EDGE_LOOP('',(#1372,#1373,#1374,#1375,#1396,#1397,#1420,#1443,
    #1466,#1489,#1512,#1535));
#1372 = ORIENTED_EDGE('',*,*,#956,.F.);
#1373 = ORIENTED_EDGE('',*,*,#102,.F.);
#1374 = ORIENTED_EDGE('',*,*,#187,.T.);
#1375 = ORIENTED_EDGE('',*,*,#1376,.T.);
#1376 = EDGE_CURVE('',#188,#1103,#1377,.T.);
#1377 = SURFACE_CURVE('',#1378,(#1382,#1389),.PCURVE_S1.);
#1378 = LINE('',#1379,#1380);
#1379 = CARTESIAN_POINT('',(44.,-8.5,-26.));
#1380 = VECTOR('',#1381,1.);
#1381 = DIRECTION('',(-0.,1.,0.));
#1382 = PCURVE('',#118,#1383);
#1383 = DEFINITIONAL_REPRESENTATION('',(#1384),#1388);
#1384 = LINE('',#1385,#1386);
#1385 = CARTESIAN_POINT('',(88.,0.));
#1386 = VECTOR('',#1387,1.);
#1387 = DIRECTION('',(0.,1.));
#1388 = ( GEOMETRIC_REPRESENTATION_CONTEXT(2) 
PARAMETRIC_REPRESENTATION_CONTEXT() REPRESENTATION_CONTEXT('2D SPACE',''
  ) );
#1389 = PCURVE('',#248,#1390);
#1390 = DEFINITIONAL_REPRESENTATION('',(#1391),#1395);
#1391 = LINE('',#1392,#1393);
#1392 = CARTESIAN_POINT('',(0.,0.));
#1393 = VECTOR('',#1394,1.);
#1394 = DIRECTION('',(0.,-1.));
#1395 = ( GEOMETRIC_REPRESENTATION_CONTEXT(2) 
PARAMETRIC_REPRESENTATION_CONTEXT() REPRESENTATION_CONTEXT('2D SPACE',''
  ) );
#1396 = ORIENTED_EDGE('',*,*,#1125,.F.);
#1397 = ORIENTED_EDGE('',*,*,#1398,.T.);
#1398 = EDGE_CURVE('',#1126,#1399,#1401,.T.);
#1399 = VERTEX_POINT('',#1400);
#1400 = CARTESIAN_POINT('',(14.,4.5,-26.));
#1401 = SURFACE_CURVE('',#1402,(#1406,#1413),.PCURVE_S1.);
#1402 = LINE('',#1403,#1404);
#1403 = CARTESIAN_POINT('',(14.,-4.7,-26.));
#1404 = VECTOR('',#1405,1.);
#1405 = DIRECTION('',(-0.,1.,0.));
#1406 = PCURVE('',#118,#1407);
#1407 = DEFINITIONAL_REPRESENTATION('',(#1408),#1412);
#1408 = LINE('',#1409,#1410);
#1409 = CARTESIAN_POINT('',(58.,3.8));
#1410 = VECTOR('',#1411,1.);
#1411 = DIRECTION('',(0.,1.));
#1412 = ( GEOMETRIC_REPRESENTATION_CONTEXT(2) 
PARAMETRIC_REPRESENTATION_CONTEXT() REPRESENTATION_CONTEXT('2D SPACE',''
  ) );
#1413 = PCURVE('',#1163,#1414);
#1414 = DEFINITIONAL_REPRESENTATION('',(#1415),#1419);
#1415 = LINE('',#1416,#1417);
#1416 = CARTESIAN_POINT('',(0.,0.));
#1417 = VECTOR('',#1418,1.);
#1418 = DIRECTION('',(0.,-1.));
#1419 = ( GEOMETRIC_REPRESENTATION_CONTEXT(2) 
PARAMETRIC_REPRESENTATION_CONTEXT() REPRESENTATION_CONTEXT('2D SPACE',''
  ) );
#1420 = ORIENTED_EDGE('',*,*,#1421,.T.);
#1421 = EDGE_CURVE('',#1399,#1422,#1424,.T.);
#1422 = VERTEX_POINT('',#1423);
#1423 = CARTESIAN_POINT('',(44.,4.5,-26.));
#1424 = SURFACE_CURVE('',#1425,(#1429,#1436),.PCURVE_S1.);
#1425 = LINE('',#1426,#1427);
#1426 = CARTESIAN_POINT('',(-44.,4.5,-26.));
#1427 = VECTOR('',#1428,1.);
#1428 = DIRECTION('',(1.,0.,-0.));
#1429 = PCURVE('',#118,#1430);
#1430 = DEFINITIONAL_REPRESENTATION('',(#1431),#1435);
#1431 = LINE('',#1432,#1433);
#1432 = CARTESIAN_POINT('',(0.,13.));
#1433 = VECTOR('',#1434,1.);
#1434 = DIRECTION('',(1.,0.));
#1435 = ( GEOMETRIC_REPRESENTATION_CONTEXT(2) 
PARAMETRIC_REPRESENTATION_CONTEXT() REPRESENTATION_CONTEXT('2D SPACE',''
  ) );
#1436 = PCURVE('',#589,#1437);
#1437 = DEFINITIONAL_REPRESENTATION('',(#1438),#1442);
#1438 = LINE('',#1439,#1440);
#1439 = CARTESIAN_POINT('',(0.,0.));
#1440 = VECTOR('',#1441,1.);
#1441 = DIRECTION('',(0.,1.));
#1442 = ( GEOMETRIC_REPRESENTATION_CONTEXT(2) 
PARAMETRIC_REPRESENTATION_CONTEXT() REPRESENTATION_CONTEXT('2D SPACE',''
  ) );
#1443 = ORIENTED_EDGE('',*,*,#1444,.T.);
#1444 = EDGE_CURVE('',#1422,#1445,#1447,.T.);
#1445 = VERTEX_POINT('',#1446);
#1446 = CARTESIAN_POINT('',(44.,8.5,-26.));
#1447 = SURFACE_CURVE('',#1448,(#1452,#1459),.PCURVE_S1.);
#1448 = LINE('',#1449,#1450);
#1449 = CARTESIAN_POINT('',(44.,4.5,-26.));
#1450 = VECTOR('',#1451,1.);
#1451 = DIRECTION('',(-0.,1.,0.));
#1452 = PCURVE('',#118,#1453);
#1453 = DEFINITIONAL_REPRESENTATION('',(#1454),#1458);
#1454 = LINE('',#1455,#1456);
#1455 = CARTESIAN_POINT('',(88.,13.));
#1456 = VECTOR('',#1457,1.);
#1457 = DIRECTION('',(0.,1.));
#1458 = ( GEOMETRIC_REPRESENTATION_CONTEXT(2) 
PARAMETRIC_REPRESENTATION_CONTEXT() REPRESENTATION_CONTEXT('2D SPACE',''
  ) );
#1459 = PCURVE('',#617,#1460);
#1460 = DEFINITIONAL_REPRESENTATION('',(#1461),#1465);
#1461 = LINE('',#1462,#1463);
#1462 = CARTESIAN_POINT('',(0.,0.));
#1463 = VECTOR('',#1464,1.);
#1464 = DIRECTION('',(0.,-1.));
#1465 = ( GEOMETRIC_REPRESENTATION_CONTEXT(2) 
PARAMETRIC_REPRESENTATION_CONTEXT() REPRESENTATION_CONTEXT('2D SPACE',''
  ) );
#1466 = ORIENTED_EDGE('',*,*,#1467,.F.);
#1467 = EDGE_CURVE('',#1468,#1445,#1470,.T.);
#1468 = VERTEX_POINT('',#1469);
#1469 = CARTESIAN_POINT('',(-44.,8.5,-26.));
#1470 = SURFACE_CURVE('',#1471,(#1475,#1482),.PCURVE_S1.);
#1471 = LINE('',#1472,#1473);
#1472 = CARTESIAN_POINT('',(-44.,8.5,-26.));
#1473 = VECTOR('',#1474,1.);
#1474 = DIRECTION('',(1.,0.,-0.));
#1475 = PCURVE('',#118,#1476);
#1476 = DEFINITIONAL_REPRESENTATION('',(#1477),#1481);
#1477 = LINE('',#1478,#1479);
#1478 = CARTESIAN_POINT('',(0.,17.));
#1479 = VECTOR('',#1480,1.);
#1480 = DIRECTION('',(1.,0.));
#1481 = ( GEOMETRIC_REPRESENTATION_CONTEXT(2) 
PARAMETRIC_REPRESENTATION_CONTEXT() REPRESENTATION_CONTEXT('2D SPACE',''
  ) );
#1482 = PCURVE('',#645,#1483);
#1483 = DEFINITIONAL_REPRESENTATION('',(#1484),#1488);
#1484 = LINE('',#1485,#1486);
#1485 = CARTESIAN_POINT('',(0.,0.));
#1486 = VECTOR('',#1487,1.);
#1487 = DIRECTION('',(0.,1.));
#1488 = ( GEOMETRIC_REPRESENTATION_CONTEXT(2) 
PARAMETRIC_REPRESENTATION_CONTEXT() REPRESENTATION_CONTEXT('2D SPACE',''
  ) );
#1489 = ORIENTED_EDGE('',*,*,#1490,.F.);
#1490 = EDGE_CURVE('',#1491,#1468,#1493,.T.);
#1491 = VERTEX_POINT('',#1492);
#1492 = CARTESIAN_POINT('',(-44.,4.5,-26.));
#1493 = SURFACE_CURVE('',#1494,(#1498,#1505),.PCURVE_S1.);
#1494 = LINE('',#1495,#1496);
#1495 = CARTESIAN_POINT('',(-44.,4.5,-26.));
#1496 = VECTOR('',#1497,1.);
#1497 = DIRECTION('',(-0.,1.,0.));
#1498 = PCURVE('',#118,#1499);
#1499 = DEFINITIONAL_REPRESENTATION('',(#1500),#1504);
#1500 = LINE('',#1501,#1502);
#1501 = CARTESIAN_POINT('',(0.,13.));
#1502 = VECTOR('',#1503,1.);
#1503 = DIRECTION('',(0.,1.));
#1504 = ( GEOMETRIC_REPRESENTATION_CONTEXT(2) 
PARAMETRIC_REPRESENTATION_CONTEXT() REPRESENTATION_CONTEXT('2D SPACE',''
  ) );
#1505 = PCURVE('',#892,#1506);
#1506 = DEFINITIONAL_REPRESENTATION('',(#1507),#1511);
#1507 = LINE('',#1508,#1509);
#1508 = CARTESIAN_POINT('',(0.,0.));
#1509 = VECTOR('',#1510,1.);
#1510 = DIRECTION('',(0.,-1.));
#1511 = ( GEOMETRIC_REPRESENTATION_CONTEXT(2) 
PARAMETRIC_REPRESENTATION_CONTEXT() REPRESENTATION_CONTEXT('2D SPACE',''
  ) );
#1512 = ORIENTED_EDGE('',*,*,#1513,.T.);
#1513 = EDGE_CURVE('',#1491,#1514,#1516,.T.);
#1514 = VERTEX_POINT('',#1515);
#1515 = CARTESIAN_POINT('',(-14.,4.5,-26.));
#1516 = SURFACE_CURVE('',#1517,(#1521,#1528),.PCURVE_S1.);
#1517 = LINE('',#1518,#1519);
#1518 = CARTESIAN_POINT('',(-44.,4.5,-26.));
#1519 = VECTOR('',#1520,1.);
#1520 = DIRECTION('',(1.,0.,-0.));
#1521 = PCURVE('',#118,#1522);
#1522 = DEFINITIONAL_REPRESENTATION('',(#1523),#1527);
#1523 = LINE('',#1524,#1525);
#1524 = CARTESIAN_POINT('',(0.,13.));
#1525 = VECTOR('',#1526,1.);
#1526 = DIRECTION('',(1.,0.));
#1527 = ( GEOMETRIC_REPRESENTATION_CONTEXT(2) 
PARAMETRIC_REPRESENTATION_CONTEXT() REPRESENTATION_CONTEXT('2D SPACE',''
  ) );
#1528 = PCURVE('',#589,#1529);
#1529 = DEFINITIONAL_REPRESENTATION('',(#1530),#1534);
#1530 = LINE('',#1531,#1532);
#1531 = CARTESIAN_POINT('',(0.,0.));
#1532 = VECTOR('',#1533,1.);
#1533 = DIRECTION('',(0.,1.));
#1534 = ( GEOMETRIC_REPRESENTATION_CONTEXT(2) 
PARAMETRIC_REPRESENTATION_CONTEXT() REPRESENTATION_CONTEXT('2D SPACE',''
  ) );
#1535 = ORIENTED_EDGE('',*,*,#1536,.F.);
#1536 = EDGE_CURVE('',#957,#1514,#1537,.T.);
#1537 = SURFACE_CURVE('',#1538,(#1542,#1549),.PCURVE_S1.);
#1538 = LINE('',#1539,#1540);
#1539 = CARTESIAN_POINT('',(-14.,-4.7,-26.));
#1540 = VECTOR('',#1541,1.);
#1541 = DIRECTION('',(-0.,1.,0.));
#1542 = PCURVE('',#118,#1543);
#1543 = DEFINITIONAL_REPRESENTATION('',(#1544),#1548);
#1544 = LINE('',#1545,#1546);
#1545 = CARTESIAN_POINT('',(30.,3.8));
#1546 = VECTOR('',#1547,1.);
#1547 = DIRECTION('',(0.,1.));
#1548 = ( GEOMETRIC_REPRESENTATION_CONTEXT(2) 
PARAMETRIC_REPRESENTATION_CONTEXT() REPRESENTATION_CONTEXT('2D SPACE',''
  ) );
#1549 = PCURVE('',#1213,#1550);
#1550 = DEFINITIONAL_REPRESENTATION('',(#1551),#1555);
#1551 = LINE('',#1552,#1553);
#1552 = CARTESIAN_POINT('',(0.,0.));
#1553 = VECTOR('',#1554,1.);
#1554 = DIRECTION('',(0.,-1.));
#1555 = ( GEOMETRIC_REPRESENTATION_CONTEXT(2) 
PARAMETRIC_REPRESENTATION_CONTEXT() REPRESENTATION_CONTEXT('2D SPACE',''
  ) );
#1556 = ADVANCED_FACE('',(#1557),#248,.T.);
#1557 = FACE_BOUND('',#1558,.T.);
#1558 = EDGE_LOOP('',(#1559,#1560,#1561,#1562));
#1559 = ORIENTED_EDGE('',*,*,#234,.F.);
#1560 = ORIENTED_EDGE('',*,*,#1376,.T.);
#1561 = ORIENTED_EDGE('',*,*,#1102,.T.);
#1562 = ORIENTED_EDGE('',*,*,#499,.F.);
#1563 = ADVANCED_FACE('',(#1564),#283,.F.);
#1564 = FACE_BOUND('',#1565,.F.);
#1565 = EDGE_LOOP('',(#1566,#1567,#1588,#1589));
#1566 = ORIENTED_EDGE('',*,*,#262,.F.);
#1567 = ORIENTED_EDGE('',*,*,#1568,.F.);
#1568 = EDGE_CURVE('',#1227,#263,#1569,.T.);
#1569 = SEAM_CURVE('',#1570,(#1574,#1581),.PCURVE_S1.);
#1570 = LINE('',#1571,#1572);
#1571 = CARTESIAN_POINT('',(-26.2,12.,-6.858022075225E-16));
#1572 = VECTOR('',#1573,1.);
#1573 = DIRECTION('',(0.,-1.,2.22044604925E-16));
#1574 = PCURVE('',#283,#1575);
#1575 = DEFINITIONAL_REPRESENTATION('',(#1576),#1580);
#1576 = LINE('',#1577,#1578);
#1577 = CARTESIAN_POINT('',(6.28318530718,-0.));
#1578 = VECTOR('',#1579,1.);
#1579 = DIRECTION('',(0.,1.));
#1580 = ( GEOMETRIC_REPRESENTATION_CONTEXT(2) 
PARAMETRIC_REPRESENTATION_CONTEXT() REPRESENTATION_CONTEXT('2D SPACE',''
  ) );
#1581 = PCURVE('',#283,#1582);
#1582 = DEFINITIONAL_REPRESENTATION('',(#1583),#1587);
#1583 = LINE('',#1584,#1585);
#1584 = CARTESIAN_POINT('',(0.,-0.));
#1585 = VECTOR('',#1586,1.);
#1586 = DIRECTION('',(0.,1.));
#1587 = ( GEOMETRIC_REPRESENTATION_CONTEXT(2) 
PARAMETRIC_REPRESENTATION_CONTEXT() REPRESENTATION_CONTEXT('2D SPACE',''
  ) );
#1588 = ORIENTED_EDGE('',*,*,#1226,.T.);
#1589 = ORIENTED_EDGE('',*,*,#1568,.T.);
#1590 = ADVANCED_FACE('',(#1591),#314,.F.);
#1591 = FACE_BOUND('',#1592,.F.);
#1592 = EDGE_LOOP('',(#1593,#1614,#1615,#1636));
#1593 = ORIENTED_EDGE('',*,*,#1594,.F.);
#1594 = EDGE_CURVE('',#298,#1257,#1595,.T.);
#1595 = SURFACE_CURVE('',#1596,(#1600,#1607),.PCURVE_S1.);
#1596 = LINE('',#1597,#1598);
#1597 = CARTESIAN_POINT('',(-40.,-10.,-10.));
#1598 = VECTOR('',#1599,1.);
#1599 = DIRECTION('',(-0.,1.,0.));
#1600 = PCURVE('',#314,#1601);
#1601 = DEFINITIONAL_REPRESENTATION('',(#1602),#1606);
#1602 = LINE('',#1603,#1604);
#1603 = CARTESIAN_POINT('',(0.,0.));
#1604 = VECTOR('',#1605,1.);
#1605 = DIRECTION('',(0.,1.));
#1606 = ( GEOMETRIC_REPRESENTATION_CONTEXT(2) 
PARAMETRIC_REPRESENTATION_CONTEXT() REPRESENTATION_CONTEXT('2D SPACE',''
  ) );
#1607 = PCURVE('',#340,#1608);
#1608 = DEFINITIONAL_REPRESENTATION('',(#1609),#1613);
#1609 = LINE('',#1610,#1611);
#1610 = CARTESIAN_POINT('',(8.,0.));
#1611 = VECTOR('',#1612,1.);
#1612 = DIRECTION('',(0.,-1.));
#1613 = ( GEOMETRIC_REPRESENTATION_CONTEXT(2) 
PARAMETRIC_REPRESENTATION_CONTEXT() REPRESENTATION_CONTEXT('2D SPACE',''
  ) );
#1614 = ORIENTED_EDGE('',*,*,#297,.T.);
#1615 = ORIENTED_EDGE('',*,*,#1616,.T.);
#1616 = EDGE_CURVE('',#300,#1259,#1617,.T.);
#1617 = SURFACE_CURVE('',#1618,(#1622,#1629),.PCURVE_S1.);
#1618 = LINE('',#1619,#1620);
#1619 = CARTESIAN_POINT('',(40.,-10.,-10.));
#1620 = VECTOR('',#1621,1.);
#1621 = DIRECTION('',(-0.,1.,0.));
#1622 = PCURVE('',#314,#1623);
#1623 = DEFINITIONAL_REPRESENTATION('',(#1624),#1628);
#1624 = LINE('',#1625,#1626);
#1625 = CARTESIAN_POINT('',(80.,0.));
#1626 = VECTOR('',#1627,1.);
#1627 = DIRECTION('',(0.,1.));
#1628 = ( GEOMETRIC_REPRESENTATION_CONTEXT(2) 
PARAMETRIC_REPRESENTATION_CONTEXT() REPRESENTATION_CONTEXT('2D SPACE',''
  ) );
#1629 = PCURVE('',#390,#1630);
#1630 = DEFINITIONAL_REPRESENTATION('',(#1631),#1635);
#1631 = LINE('',#1632,#1633);
#1632 = CARTESIAN_POINT('',(8.,0.));
#1633 = VECTOR('',#1634,1.);
#1634 = DIRECTION('',(0.,-1.));
#1635 = ( GEOMETRIC_REPRESENTATION_CONTEXT(2) 
PARAMETRIC_REPRESENTATION_CONTEXT() REPRESENTATION_CONTEXT('2D SPACE',''
  ) );
#1636 = ORIENTED_EDGE('',*,*,#1256,.F.);
#1637 = ADVANCED_FACE('',(#1638),#390,.F.);
#1638 = FACE_BOUND('',#1639,.F.);
#1639 = EDGE_LOOP('',(#1640,#1641,#1642,#1663));
#1640 = ORIENTED_EDGE('',*,*,#1616,.F.);
#1641 = ORIENTED_EDGE('',*,*,#377,.T.);
#1642 = ORIENTED_EDGE('',*,*,#1643,.T.);
#1643 = EDGE_CURVE('',#352,#1301,#1644,.T.);
#1644 = SURFACE_CURVE('',#1645,(#1649,#1656),.PCURVE_S1.);
#1645 = LINE('',#1646,#1647);
#1646 = CARTESIAN_POINT('',(40.,-10.,-18.));
#1647 = VECTOR('',#1648,1.);
#1648 = DIRECTION('',(-0.,1.,0.));
#1649 = PCURVE('',#390,#1650);
#1650 = DEFINITIONAL_REPRESENTATION('',(#1651),#1655);
#1651 = LINE('',#1652,#1653);
#1652 = CARTESIAN_POINT('',(0.,0.));
#1653 = VECTOR('',#1654,1.);
#1654 = DIRECTION('',(0.,-1.));
#1655 = ( GEOMETRIC_REPRESENTATION_CONTEXT(2) 
PARAMETRIC_REPRESENTATION_CONTEXT() REPRESENTATION_CONTEXT('2D SPACE',''
  ) );
#1656 = PCURVE('',#366,#1657);
#1657 = DEFINITIONAL_REPRESENTATION('',(#1658),#1662);
#1658 = LINE('',#1659,#1660);
#1659 = CARTESIAN_POINT('',(80.,0.));
#1660 = VECTOR('',#1661,1.);
#1661 = DIRECTION('',(0.,1.));
#1662 = ( GEOMETRIC_REPRESENTATION_CONTEXT(2) 
PARAMETRIC_REPRESENTATION_CONTEXT() REPRESENTATION_CONTEXT('2D SPACE',''
  ) );
#1663 = ORIENTED_EDGE('',*,*,#1321,.F.);
#1664 = ADVANCED_FACE('',(#1665),#366,.T.);
#1665 = FACE_BOUND('',#1666,.T.);
#1666 = EDGE_LOOP('',(#1667,#1688,#1689,#1690));
#1667 = ORIENTED_EDGE('',*,*,#1668,.F.);
#1668 = EDGE_CURVE('',#326,#1280,#1669,.T.);
#1669 = SURFACE_CURVE('',#1670,(#1674,#1681),.PCURVE_S1.);
#1670 = LINE('',#1671,#1672);
#1671 = CARTESIAN_POINT('',(-40.,-10.,-18.));
#1672 = VECTOR('',#1673,1.);
#1673 = DIRECTION('',(-0.,1.,0.));
#1674 = PCURVE('',#366,#1675);
#1675 = DEFINITIONAL_REPRESENTATION('',(#1676),#1680);
#1676 = LINE('',#1677,#1678);
#1677 = CARTESIAN_POINT('',(0.,0.));
#1678 = VECTOR('',#1679,1.);
#1679 = DIRECTION('',(0.,1.));
#1680 = ( GEOMETRIC_REPRESENTATION_CONTEXT(2) 
PARAMETRIC_REPRESENTATION_CONTEXT() REPRESENTATION_CONTEXT('2D SPACE',''
  ) );
#1681 = PCURVE('',#340,#1682);
#1682 = DEFINITIONAL_REPRESENTATION('',(#1683),#1687);
#1683 = LINE('',#1684,#1685);
#1684 = CARTESIAN_POINT('',(0.,0.));
#1685 = VECTOR('',#1686,1.);
#1686 = DIRECTION('',(0.,-1.));
#1687 = ( GEOMETRIC_REPRESENTATION_CONTEXT(2) 
PARAMETRIC_REPRESENTATION_CONTEXT() REPRESENTATION_CONTEXT('2D SPACE',''
  ) );
#1688 = ORIENTED_EDGE('',*,*,#351,.T.);
#1689 = ORIENTED_EDGE('',*,*,#1643,.T.);
#1690 = ORIENTED_EDGE('',*,*,#1300,.F.);
#1691 = ADVANCED_FACE('',(#1692),#340,.T.);
#1692 = FACE_BOUND('',#1693,.T.);
#1693 = EDGE_LOOP('',(#1694,#1695,#1696,#1697));
#1694 = ORIENTED_EDGE('',*,*,#1594,.F.);
#1695 = ORIENTED_EDGE('',*,*,#325,.T.);
#1696 = ORIENTED_EDGE('',*,*,#1668,.T.);
#1697 = ORIENTED_EDGE('',*,*,#1279,.F.);
#1698 = ADVANCED_FACE('',(#1699),#424,.F.);
#1699 = FACE_BOUND('',#1700,.F.);
#1700 = EDGE_LOOP('',(#1701,#1702,#1723,#1724));
#1701 = ORIENTED_EDGE('',*,*,#403,.F.);
#1702 = ORIENTED_EDGE('',*,*,#1703,.F.);
#1703 = EDGE_CURVE('',#1343,#404,#1704,.T.);
#1704 = SEAM_CURVE('',#1705,(#1709,#1716),.PCURVE_S1.);
#1705 = LINE('',#1706,#1707);
#1706 = CARTESIAN_POINT('',(31.8,12.,-6.858022075225E-16));
#1707 = VECTOR('',#1708,1.);
#1708 = DIRECTION('',(0.,-1.,2.22044604925E-16));
#1709 = PCURVE('',#424,#1710);
#1710 = DEFINITIONAL_REPRESENTATION('',(#1711),#1715);
#1711 = LINE('',#1712,#1713);
#1712 = CARTESIAN_POINT('',(6.28318530718,-0.));
#1713 = VECTOR('',#1714,1.);
#1714 = DIRECTION('',(0.,1.));
#1715 = ( GEOMETRIC_REPRESENTATION_CONTEXT(2) 
PARAMETRIC_REPRESENTATION_CONTEXT() REPRESENTATION_CONTEXT('2D SPACE',''
  ) );
#1716 = PCURVE('',#424,#1717);
#1717 = DEFINITIONAL_REPRESENTATION('',(#1718),#1722);
#1718 = LINE('',#1719,#1720);
#1719 = CARTESIAN_POINT('',(0.,-0.));
#1720 = VECTOR('',#1721,1.);
#1721 = DIRECTION('',(0.,1.));
#1722 = ( GEOMETRIC_REPRESENTATION_CONTEXT(2) 
PARAMETRIC_REPRESENTATION_CONTEXT() REPRESENTATION_CONTEXT('2D SPACE',''
  ) );
#1723 = ORIENTED_EDGE('',*,*,#1342,.T.);
#1724 = ORIENTED_EDGE('',*,*,#1703,.T.);
#1725 = ADVANCED_FACE('',(#1726),#459,.F.);
#1726 = FACE_BOUND('',#1727,.F.);
#1727 = EDGE_LOOP('',(#1728,#1729,#1750,#1773,#1796,#1822,#1823,#1851,
    #1870,#1871));
#1728 = ORIENTED_EDGE('',*,*,#438,.F.);
#1729 = ORIENTED_EDGE('',*,*,#1730,.F.);
#1730 = EDGE_CURVE('',#1029,#439,#1731,.T.);
#1731 = SEAM_CURVE('',#1732,(#1736,#1743),.PCURVE_S1.);
#1732 = LINE('',#1733,#1734);
#1733 = CARTESIAN_POINT('',(2.8,21.5,20.));
#1734 = VECTOR('',#1735,1.);
#1735 = DIRECTION('',(0.,-1.,2.22044604925E-16));
#1736 = PCURVE('',#459,#1737);
#1737 = DEFINITIONAL_REPRESENTATION('',(#1738),#1742);
#1738 = LINE('',#1739,#1740);
#1739 = CARTESIAN_POINT('',(6.28318530718,-0.));
#1740 = VECTOR('',#1741,1.);
#1741 = DIRECTION('',(0.,1.));
#1742 = ( GEOMETRIC_REPRESENTATION_CONTEXT(2) 
PARAMETRIC_REPRESENTATION_CONTEXT() REPRESENTATION_CONTEXT('2D SPACE',''
  ) );
#1743 = PCURVE('',#459,#1744);
#1744 = DEFINITIONAL_REPRESENTATION('',(#1745),#1749);
#1745 = LINE('',#1746,#1747);
#1746 = CARTESIAN_POINT('',(0.,-0.));
#1747 = VECTOR('',#1748,1.);
#1748 = DIRECTION('',(0.,1.));
#1749 = ( GEOMETRIC_REPRESENTATION_CONTEXT(2) 
PARAMETRIC_REPRESENTATION_CONTEXT() REPRESENTATION_CONTEXT('2D SPACE',''
  ) );
#1750 = ORIENTED_EDGE('',*,*,#1751,.F.);
#1751 = EDGE_CURVE('',#1752,#1029,#1754,.T.);
#1752 = VERTEX_POINT('',#1753);
#1753 = CARTESIAN_POINT('',(2.8,4.5,20.));
#1754 = SURFACE_CURVE('',#1755,(#1759,#1766),.PCURVE_S1.);
#1755 = LINE('',#1756,#1757);
#1756 = CARTESIAN_POINT('',(2.8,21.5,20.));
#1757 = VECTOR('',#1758,1.);
#1758 = DIRECTION('',(0.,-1.,2.22044604925E-16));
#1759 = PCURVE('',#459,#1760);
#1760 = DEFINITIONAL_REPRESENTATION('',(#1761),#1765);
#1761 = LINE('',#1762,#1763);
#1762 = CARTESIAN_POINT('',(0.,-0.));
#1763 = VECTOR('',#1764,1.);
#1764 = DIRECTION('',(0.,1.));
#1765 = ( GEOMETRIC_REPRESENTATION_CONTEXT(2) 
PARAMETRIC_REPRESENTATION_CONTEXT() REPRESENTATION_CONTEXT('2D SPACE',''
  ) );
#1766 = PCURVE('',#1071,#1767);
#1767 = DEFINITIONAL_REPRESENTATION('',(#1768),#1772);
#1768 = LINE('',#1769,#1770);
#1769 = CARTESIAN_POINT('',(16.8,26.2));
#1770 = VECTOR('',#1771,1.);
#1771 = DIRECTION('',(0.,-1.));
#1772 = ( GEOMETRIC_REPRESENTATION_CONTEXT(2) 
PARAMETRIC_REPRESENTATION_CONTEXT() REPRESENTATION_CONTEXT('2D SPACE',''
  ) );
#1773 = ORIENTED_EDGE('',*,*,#1774,.F.);
#1774 = EDGE_CURVE('',#1775,#1752,#1777,.T.);
#1775 = VERTEX_POINT('',#1776);
#1776 = CARTESIAN_POINT('',(2.8,10.,20.));
#1777 = SEAM_CURVE('',#1778,(#1782,#1789),.PCURVE_S1.);
#1778 = LINE('',#1779,#1780);
#1779 = CARTESIAN_POINT('',(2.8,21.5,20.));
#1780 = VECTOR('',#1781,1.);
#1781 = DIRECTION('',(0.,-1.,2.22044604925E-16));
#1782 = PCURVE('',#459,#1783);
#1783 = DEFINITIONAL_REPRESENTATION('',(#1784),#1788);
#1784 = LINE('',#1785,#1786);
#1785 = CARTESIAN_POINT('',(6.28318530718,-0.));
#1786 = VECTOR('',#1787,1.);
#1787 = DIRECTION('',(0.,1.));
#1788 = ( GEOMETRIC_REPRESENTATION_CONTEXT(2) 
PARAMETRIC_REPRESENTATION_CONTEXT() REPRESENTATION_CONTEXT('2D SPACE',''
  ) );
#1789 = PCURVE('',#459,#1790);
#1790 = DEFINITIONAL_REPRESENTATION('',(#1791),#1795);
#1791 = LINE('',#1792,#1793);
#1792 = CARTESIAN_POINT('',(0.,-0.));
#1793 = VECTOR('',#1794,1.);
#1794 = DIRECTION('',(0.,1.));
#1795 = ( GEOMETRIC_REPRESENTATION_CONTEXT(2) 
PARAMETRIC_REPRESENTATION_CONTEXT() REPRESENTATION_CONTEXT('2D SPACE',''
  ) );
#1796 = ORIENTED_EDGE('',*,*,#1797,.T.);
#1797 = EDGE_CURVE('',#1775,#1775,#1798,.T.);
#1798 = SURFACE_CURVE('',#1799,(#1804,#1811),.PCURVE_S1.);
#1799 = CIRCLE('',#1800,2.8);
#1800 = AXIS2_PLACEMENT_3D('',#1801,#1802,#1803);
#1801 = CARTESIAN_POINT('',(0.,10.,20.));
#1802 = DIRECTION('',(0.,-1.,2.22044604925E-16));
#1803 = DIRECTION('',(1.,0.,0.));
#1804 = PCURVE('',#459,#1805);
#1805 = DEFINITIONAL_REPRESENTATION('',(#1806),#1810);
#1806 = LINE('',#1807,#1808);
#1807 = CARTESIAN_POINT('',(0.,11.5));
#1808 = VECTOR('',#1809,1.);
#1809 = DIRECTION('',(1.,0.));
#1810 = ( GEOMETRIC_REPRESENTATION_CONTEXT(2) 
PARAMETRIC_REPRESENTATION_CONTEXT() REPRESENTATION_CONTEXT('2D SPACE',''
  ) );
#1811 = PCURVE('',#701,#1812);
#1812 = DEFINITIONAL_REPRESENTATION('',(#1813),#1821);
#1813 = ( BOUNDED_CURVE() B_SPLINE_CURVE(2,(#1814,#1815,#1816,#1817,
#1818,#1819,#1820),.UNSPECIFIED.,.T.,.F.) B_SPLINE_CURVE_WITH_KNOTS((1,2
    ,2,2,2,1),(-2.094395102393,0.,2.094395102393,4.188790204786,
6.28318530718,8.377580409573),.UNSPECIFIED.) CURVE() 
GEOMETRIC_REPRESENTATION_ITEM() RATIONAL_B_SPLINE_CURVE((1.,0.5,1.,0.5,
1.,0.5,1.)) REPRESENTATION_ITEM('') );
#1814 = CARTESIAN_POINT('',(8.,18.8));
#1815 = CARTESIAN_POINT('',(12.849742261193,18.8));
#1816 = CARTESIAN_POINT('',(10.424871130596,14.6));
#1817 = CARTESIAN_POINT('',(8.,10.4));
#1818 = CARTESIAN_POINT('',(5.575128869404,14.6));
#1819 = CARTESIAN_POINT('',(3.150257738807,18.8));
#1820 = CARTESIAN_POINT('',(8.,18.8));
#1821 = ( GEOMETRIC_REPRESENTATION_CONTEXT(2) 
PARAMETRIC_REPRESENTATION_CONTEXT() REPRESENTATION_CONTEXT('2D SPACE',''
  ) );
#1822 = ORIENTED_EDGE('',*,*,#1774,.T.);
#1823 = ORIENTED_EDGE('',*,*,#1824,.F.);
#1824 = EDGE_CURVE('',#1825,#1752,#1827,.T.);
#1825 = VERTEX_POINT('',#1826);
#1826 = CARTESIAN_POINT('',(-2.8,4.5,20.));
#1827 = SURFACE_CURVE('',#1828,(#1833,#1840),.PCURVE_S1.);
#1828 = CIRCLE('',#1829,2.8);
#1829 = AXIS2_PLACEMENT_3D('',#1830,#1831,#1832);
#1830 = CARTESIAN_POINT('',(0.,4.5,20.));
#1831 = DIRECTION('',(0.,-1.,2.22044604925E-16));
#1832 = DIRECTION('',(1.,0.,0.));
#1833 = PCURVE('',#459,#1834);
#1834 = DEFINITIONAL_REPRESENTATION('',(#1835),#1839);
#1835 = LINE('',#1836,#1837);
#1836 = CARTESIAN_POINT('',(0.,17.));
#1837 = VECTOR('',#1838,1.);
#1838 = DIRECTION('',(1.,0.));
#1839 = ( GEOMETRIC_REPRESENTATION_CONTEXT(2) 
PARAMETRIC_REPRESENTATION_CONTEXT() REPRESENTATION_CONTEXT('2D SPACE',''
  ) );
#1840 = PCURVE('',#589,#1841);
#1841 = DEFINITIONAL_REPRESENTATION('',(#1842),#1850);
#1842 = ( BOUNDED_CURVE() B_SPLINE_CURVE(2,(#1843,#1844,#1845,#1846,
#1847,#1848,#1849),.UNSPECIFIED.,.T.,.F.) B_SPLINE_CURVE_WITH_KNOTS((1,2
    ,2,2,2,1),(-2.094395102393,0.,2.094395102393,4.188790204786,
6.28318530718,8.377580409573),.UNSPECIFIED.) CURVE() 
GEOMETRIC_REPRESENTATION_ITEM() RATIONAL_B_SPLINE_CURVE((1.,0.5,1.,0.5,
1.,0.5,1.)) REPRESENTATION_ITEM('') );
#1843 = CARTESIAN_POINT('',(46.,46.8));
#1844 = CARTESIAN_POINT('',(50.849742261193,46.8));
#1845 = CARTESIAN_POINT('',(48.424871130596,42.6));
#1846 = CARTESIAN_POINT('',(46.,38.4));
#1847 = CARTESIAN_POINT('',(43.575128869404,42.6));
#1848 = CARTESIAN_POINT('',(41.150257738807,46.8));
#1849 = CARTESIAN_POINT('',(46.,46.8));
#1850 = ( GEOMETRIC_REPRESENTATION_CONTEXT(2) 
PARAMETRIC_REPRESENTATION_CONTEXT() REPRESENTATION_CONTEXT('2D SPACE',''
  ) );
#1851 = ORIENTED_EDGE('',*,*,#1852,.T.);
#1852 = EDGE_CURVE('',#1825,#1003,#1853,.T.);
#1853 = SURFACE_CURVE('',#1854,(#1858,#1864),.PCURVE_S1.);
#1854 = LINE('',#1855,#1856);
#1855 = CARTESIAN_POINT('',(-2.8,21.5,20.));
#1856 = VECTOR('',#1857,1.);
#1857 = DIRECTION('',(0.,-1.,2.22044604925E-16));
#1858 = PCURVE('',#459,#1859);
#1859 = DEFINITIONAL_REPRESENTATION('',(#1860),#1863);
#1860 = B_SPLINE_CURVE_WITH_KNOTS('',1,(#1861,#1862),.UNSPECIFIED.,.F.,
  .F.,(2,2),(16.1,26.9),.PIECEWISE_BEZIER_KNOTS.);
#1861 = CARTESIAN_POINT('',(3.14159265359,16.1));
#1862 = CARTESIAN_POINT('',(3.14159265359,26.9));
#1863 = ( GEOMETRIC_REPRESENTATION_CONTEXT(2) 
PARAMETRIC_REPRESENTATION_CONTEXT() REPRESENTATION_CONTEXT('2D SPACE',''
  ) );
#1864 = PCURVE('',#1017,#1865);
#1865 = DEFINITIONAL_REPRESENTATION('',(#1866),#1869);
#1866 = B_SPLINE_CURVE_WITH_KNOTS('',1,(#1867,#1868),.UNSPECIFIED.,.F.,
  .F.,(2,2),(16.1,26.9),.PIECEWISE_BEZIER_KNOTS.);
#1867 = CARTESIAN_POINT('',(11.2,10.1));
#1868 = CARTESIAN_POINT('',(11.2,-0.7));
#1869 = ( GEOMETRIC_REPRESENTATION_CONTEXT(2) 
PARAMETRIC_REPRESENTATION_CONTEXT() REPRESENTATION_CONTEXT('2D SPACE',''
  ) );
#1870 = ORIENTED_EDGE('',*,*,#1028,.T.);
#1871 = ORIENTED_EDGE('',*,*,#1730,.T.);
#1872 = ADVANCED_FACE('',(#1873),#561,.T.);
#1873 = FACE_BOUND('',#1874,.T.);
#1874 = EDGE_LOOP('',(#1875,#1876,#1877,#1900));
#1875 = ORIENTED_EDGE('',*,*,#545,.F.);
#1876 = ORIENTED_EDGE('',*,*,#1082,.T.);
#1877 = ORIENTED_EDGE('',*,*,#1878,.T.);
#1878 = EDGE_CURVE('',#1057,#1879,#1881,.T.);
#1879 = VERTEX_POINT('',#1880);
#1880 = CARTESIAN_POINT('',(14.,4.5,20.));
#1881 = SURFACE_CURVE('',#1882,(#1886,#1893),.PCURVE_S1.);
#1882 = LINE('',#1883,#1884);
#1883 = CARTESIAN_POINT('',(14.,-4.7,20.));
#1884 = VECTOR('',#1885,1.);
#1885 = DIRECTION('',(-0.,1.,0.));
#1886 = PCURVE('',#561,#1887);
#1887 = DEFINITIONAL_REPRESENTATION('',(#1888),#1892);
#1888 = LINE('',#1889,#1890);
#1889 = CARTESIAN_POINT('',(0.,0.));
#1890 = VECTOR('',#1891,1.);
#1891 = DIRECTION('',(0.,-1.));
#1892 = ( GEOMETRIC_REPRESENTATION_CONTEXT(2) 
PARAMETRIC_REPRESENTATION_CONTEXT() REPRESENTATION_CONTEXT('2D SPACE',''
  ) );
#1893 = PCURVE('',#1071,#1894);
#1894 = DEFINITIONAL_REPRESENTATION('',(#1895),#1899);
#1895 = LINE('',#1896,#1897);
#1896 = CARTESIAN_POINT('',(28.,0.));
#1897 = VECTOR('',#1898,1.);
#1898 = DIRECTION('',(0.,1.));
#1899 = ( GEOMETRIC_REPRESENTATION_CONTEXT(2) 
PARAMETRIC_REPRESENTATION_CONTEXT() REPRESENTATION_CONTEXT('2D SPACE',''
  ) );
#1900 = ORIENTED_EDGE('',*,*,#1901,.F.);
#1901 = EDGE_CURVE('',#546,#1879,#1902,.T.);
#1902 = SURFACE_CURVE('',#1903,(#1907,#1913),.PCURVE_S1.);
#1903 = LINE('',#1904,#1905);
#1904 = CARTESIAN_POINT('',(14.,4.5,-3.));
#1905 = VECTOR('',#1906,1.);
#1906 = DIRECTION('',(-0.,0.,-1.));
#1907 = PCURVE('',#561,#1908);
#1908 = DEFINITIONAL_REPRESENTATION('',(#1909),#1912);
#1909 = B_SPLINE_CURVE_WITH_KNOTS('',1,(#1910,#1911),.UNSPECIFIED.,.F.,
  .F.,(2,2),(-31.,-23.),.PIECEWISE_BEZIER_KNOTS.);
#1910 = CARTESIAN_POINT('',(8.,-9.2));
#1911 = CARTESIAN_POINT('',(0.,-9.2));
#1912 = ( GEOMETRIC_REPRESENTATION_CONTEXT(2) 
PARAMETRIC_REPRESENTATION_CONTEXT() REPRESENTATION_CONTEXT('2D SPACE',''
  ) );
#1913 = PCURVE('',#589,#1914);
#1914 = DEFINITIONAL_REPRESENTATION('',(#1915),#1918);
#1915 = B_SPLINE_CURVE_WITH_KNOTS('',1,(#1916,#1917),.UNSPECIFIED.,.F.,
  .F.,(2,2),(-31.,-23.),.PIECEWISE_BEZIER_KNOTS.);
#1916 = CARTESIAN_POINT('',(54.,58.));
#1917 = CARTESIAN_POINT('',(46.,58.));
#1918 = ( GEOMETRIC_REPRESENTATION_CONTEXT(2) 
PARAMETRIC_REPRESENTATION_CONTEXT() REPRESENTATION_CONTEXT('2D SPACE',''
  ) );
#1919 = ADVANCED_FACE('',(#1920,#2090,#2125,#2231),#589,.F.);
#1920 = FACE_BOUND('',#1921,.F.);
#1921 = EDGE_LOOP('',(#1922,#1923,#1944,#1945,#1966,#1985,#1986,#2005,
    #2006,#2007,#2028,#2029,#2050,#2071));
#1922 = ORIENTED_EDGE('',*,*,#1513,.F.);
#1923 = ORIENTED_EDGE('',*,*,#1924,.T.);
#1924 = EDGE_CURVE('',#1491,#877,#1925,.T.);
#1925 = SURFACE_CURVE('',#1926,(#1930,#1937),.PCURVE_S1.);
#1926 = LINE('',#1927,#1928);
#1927 = CARTESIAN_POINT('',(-44.,4.5,-26.));
#1928 = VECTOR('',#1929,1.);
#1929 = DIRECTION('',(0.,0.,1.));
#1930 = PCURVE('',#589,#1931);
#1931 = DEFINITIONAL_REPRESENTATION('',(#1932),#1936);
#1932 = LINE('',#1933,#1934);
#1933 = CARTESIAN_POINT('',(0.,0.));
#1934 = VECTOR('',#1935,1.);
#1935 = DIRECTION('',(1.,0.));
#1936 = ( GEOMETRIC_REPRESENTATION_CONTEXT(2) 
PARAMETRIC_REPRESENTATION_CONTEXT() REPRESENTATION_CONTEXT('2D SPACE',''
  ) );
#1937 = PCURVE('',#892,#1938);
#1938 = DEFINITIONAL_REPRESENTATION('',(#1939),#1943);
#1939 = LINE('',#1940,#1941);
#1940 = CARTESIAN_POINT('',(0.,0.));
#1941 = VECTOR('',#1942,1.);
#1942 = DIRECTION('',(1.,0.));
#1943 = ( GEOMETRIC_REPRESENTATION_CONTEXT(2) 
PARAMETRIC_REPRESENTATION_CONTEXT() REPRESENTATION_CONTEXT('2D SPACE',''
  ) );
#1944 = ORIENTED_EDGE('',*,*,#904,.T.);
#1945 = ORIENTED_EDGE('',*,*,#1946,.T.);
#1946 = EDGE_CURVE('',#905,#1947,#1949,.T.);
#1947 = VERTEX_POINT('',#1948);
#1948 = CARTESIAN_POINT('',(-14.,4.5,20.));
#1949 = SURFACE_CURVE('',#1950,(#1954,#1960),.PCURVE_S1.);
#1950 = LINE('',#1951,#1952);
#1951 = CARTESIAN_POINT('',(-14.,4.5,-3.));
#1952 = VECTOR('',#1953,1.);
#1953 = DIRECTION('',(-0.,0.,-1.));
#1954 = PCURVE('',#589,#1955);
#1955 = DEFINITIONAL_REPRESENTATION('',(#1956),#1959);
#1956 = B_SPLINE_CURVE_WITH_KNOTS('',1,(#1957,#1958),.UNSPECIFIED.,.F.,
  .F.,(2,2),(-31.,-23.),.PIECEWISE_BEZIER_KNOTS.);
#1957 = CARTESIAN_POINT('',(54.,30.));
#1958 = CARTESIAN_POINT('',(46.,30.));
#1959 = ( GEOMETRIC_REPRESENTATION_CONTEXT(2) 
PARAMETRIC_REPRESENTATION_CONTEXT() REPRESENTATION_CONTEXT('2D SPACE',''
  ) );
#1960 = PCURVE('',#941,#1961);
#1961 = DEFINITIONAL_REPRESENTATION('',(#1962),#1965);
#1962 = B_SPLINE_CURVE_WITH_KNOTS('',1,(#1963,#1964),.UNSPECIFIED.,.F.,
  .F.,(2,2),(-31.,-23.),.PIECEWISE_BEZIER_KNOTS.);
#1963 = CARTESIAN_POINT('',(8.,-9.2));
#1964 = CARTESIAN_POINT('',(0.,-9.2));
#1965 = ( GEOMETRIC_REPRESENTATION_CONTEXT(2) 
PARAMETRIC_REPRESENTATION_CONTEXT() REPRESENTATION_CONTEXT('2D SPACE',''
  ) );
#1966 = ORIENTED_EDGE('',*,*,#1967,.T.);
#1967 = EDGE_CURVE('',#1947,#1825,#1968,.T.);
#1968 = SURFACE_CURVE('',#1969,(#1973,#1979),.PCURVE_S1.);
#1969 = LINE('',#1970,#1971);
#1970 = CARTESIAN_POINT('',(-29.,4.5,20.));
#1971 = VECTOR('',#1972,1.);
#1972 = DIRECTION('',(1.,0.,-0.));
#1973 = PCURVE('',#589,#1974);
#1974 = DEFINITIONAL_REPRESENTATION('',(#1975),#1978);
#1975 = B_SPLINE_CURVE_WITH_KNOTS('',1,(#1976,#1977),.UNSPECIFIED.,.F.,
  .F.,(2,2),(15.,43.),.PIECEWISE_BEZIER_KNOTS.);
#1976 = CARTESIAN_POINT('',(46.,30.));
#1977 = CARTESIAN_POINT('',(46.,58.));
#1978 = ( GEOMETRIC_REPRESENTATION_CONTEXT(2) 
PARAMETRIC_REPRESENTATION_CONTEXT() REPRESENTATION_CONTEXT('2D SPACE',''
  ) );
#1979 = PCURVE('',#1017,#1980);
#1980 = DEFINITIONAL_REPRESENTATION('',(#1981),#1984);
#1981 = B_SPLINE_CURVE_WITH_KNOTS('',1,(#1982,#1983),.UNSPECIFIED.,.F.,
  .F.,(2,2),(15.,43.),.PIECEWISE_BEZIER_KNOTS.);
#1982 = CARTESIAN_POINT('',(0.,9.2));
#1983 = CARTESIAN_POINT('',(28.,9.2));
#1984 = ( GEOMETRIC_REPRESENTATION_CONTEXT(2) 
PARAMETRIC_REPRESENTATION_CONTEXT() REPRESENTATION_CONTEXT('2D SPACE',''
  ) );
#1985 = ORIENTED_EDGE('',*,*,#1824,.T.);
#1986 = ORIENTED_EDGE('',*,*,#1987,.T.);
#1987 = EDGE_CURVE('',#1752,#1879,#1988,.T.);
#1988 = SURFACE_CURVE('',#1989,(#1993,#1999),.PCURVE_S1.);
#1989 = LINE('',#1990,#1991);
#1990 = CARTESIAN_POINT('',(-29.,4.5,20.));
#1991 = VECTOR('',#1992,1.);
#1992 = DIRECTION('',(1.,0.,-0.));
#1993 = PCURVE('',#589,#1994);
#1994 = DEFINITIONAL_REPRESENTATION('',(#1995),#1998);
#1995 = B_SPLINE_CURVE_WITH_KNOTS('',1,(#1996,#1997),.UNSPECIFIED.,.F.,
  .F.,(2,2),(15.,43.),.PIECEWISE_BEZIER_KNOTS.);
#1996 = CARTESIAN_POINT('',(46.,30.));
#1997 = CARTESIAN_POINT('',(46.,58.));
#1998 = ( GEOMETRIC_REPRESENTATION_CONTEXT(2) 
PARAMETRIC_REPRESENTATION_CONTEXT() REPRESENTATION_CONTEXT('2D SPACE',''
  ) );
#1999 = PCURVE('',#1071,#2000);
#2000 = DEFINITIONAL_REPRESENTATION('',(#2001),#2004);
#2001 = B_SPLINE_CURVE_WITH_KNOTS('',1,(#2002,#2003),.UNSPECIFIED.,.F.,
  .F.,(2,2),(15.,43.),.PIECEWISE_BEZIER_KNOTS.);
#2002 = CARTESIAN_POINT('',(0.,9.2));
#2003 = CARTESIAN_POINT('',(28.,9.2));
#2004 = ( GEOMETRIC_REPRESENTATION_CONTEXT(2) 
PARAMETRIC_REPRESENTATION_CONTEXT() REPRESENTATION_CONTEXT('2D SPACE',''
  ) );
#2005 = ORIENTED_EDGE('',*,*,#1901,.F.);
#2006 = ORIENTED_EDGE('',*,*,#573,.T.);
#2007 = ORIENTED_EDGE('',*,*,#2008,.F.);
#2008 = EDGE_CURVE('',#1422,#574,#2009,.T.);
#2009 = SURFACE_CURVE('',#2010,(#2014,#2021),.PCURVE_S1.);
#2010 = LINE('',#2011,#2012);
#2011 = CARTESIAN_POINT('',(44.,4.5,-26.));
#2012 = VECTOR('',#2013,1.);
#2013 = DIRECTION('',(0.,0.,1.));
#2014 = PCURVE('',#589,#2015);
#2015 = DEFINITIONAL_REPRESENTATION('',(#2016),#2020);
#2016 = LINE('',#2017,#2018);
#2017 = CARTESIAN_POINT('',(0.,88.));
#2018 = VECTOR('',#2019,1.);
#2019 = DIRECTION('',(1.,0.));
#2020 = ( GEOMETRIC_REPRESENTATION_CONTEXT(2) 
PARAMETRIC_REPRESENTATION_CONTEXT() REPRESENTATION_CONTEXT('2D SPACE',''
  ) );
#2021 = PCURVE('',#617,#2022);
#2022 = DEFINITIONAL_REPRESENTATION('',(#2023),#2027);
#2023 = LINE('',#2024,#2025);
#2024 = CARTESIAN_POINT('',(0.,0.));
#2025 = VECTOR('',#2026,1.);
#2026 = DIRECTION('',(1.,0.));
#2027 = ( GEOMETRIC_REPRESENTATION_CONTEXT(2) 
PARAMETRIC_REPRESENTATION_CONTEXT() REPRESENTATION_CONTEXT('2D SPACE',''
  ) );
#2028 = ORIENTED_EDGE('',*,*,#1421,.F.);
#2029 = ORIENTED_EDGE('',*,*,#2030,.F.);
#2030 = EDGE_CURVE('',#2031,#1399,#2033,.T.);
#2031 = VERTEX_POINT('',#2032);
#2032 = CARTESIAN_POINT('',(14.,4.5,-20.));
#2033 = SURFACE_CURVE('',#2034,(#2038,#2044),.PCURVE_S1.);
#2034 = LINE('',#2035,#2036);
#2035 = CARTESIAN_POINT('',(14.,4.5,-26.));
#2036 = VECTOR('',#2037,1.);
#2037 = DIRECTION('',(-0.,0.,-1.));
#2038 = PCURVE('',#589,#2039);
#2039 = DEFINITIONAL_REPRESENTATION('',(#2040),#2043);
#2040 = B_SPLINE_CURVE_WITH_KNOTS('',1,(#2041,#2042),.UNSPECIFIED.,.F.,
  .F.,(2,2),(-6.,0.),.PIECEWISE_BEZIER_KNOTS.);
#2041 = CARTESIAN_POINT('',(6.,58.));
#2042 = CARTESIAN_POINT('',(0.,58.));
#2043 = ( GEOMETRIC_REPRESENTATION_CONTEXT(2) 
PARAMETRIC_REPRESENTATION_CONTEXT() REPRESENTATION_CONTEXT('2D SPACE',''
  ) );
#2044 = PCURVE('',#1163,#2045);
#2045 = DEFINITIONAL_REPRESENTATION('',(#2046),#2049);
#2046 = B_SPLINE_CURVE_WITH_KNOTS('',1,(#2047,#2048),.UNSPECIFIED.,.F.,
  .F.,(2,2),(-6.,0.),.PIECEWISE_BEZIER_KNOTS.);
#2047 = CARTESIAN_POINT('',(6.,-9.2));
#2048 = CARTESIAN_POINT('',(0.,-9.2));
#2049 = ( GEOMETRIC_REPRESENTATION_CONTEXT(2) 
PARAMETRIC_REPRESENTATION_CONTEXT() REPRESENTATION_CONTEXT('2D SPACE',''
  ) );
#2050 = ORIENTED_EDGE('',*,*,#2051,.F.);
#2051 = EDGE_CURVE('',#2052,#2031,#2054,.T.);
#2052 = VERTEX_POINT('',#2053);
#2053 = CARTESIAN_POINT('',(-14.,4.5,-20.));
#2054 = SURFACE_CURVE('',#2055,(#2059,#2065),.PCURVE_S1.);
#2055 = LINE('',#2056,#2057);
#2056 = CARTESIAN_POINT('',(-29.,4.5,-20.));
#2057 = VECTOR('',#2058,1.);
#2058 = DIRECTION('',(1.,0.,-0.));
#2059 = PCURVE('',#589,#2060);
#2060 = DEFINITIONAL_REPRESENTATION('',(#2061),#2064);
#2061 = B_SPLINE_CURVE_WITH_KNOTS('',1,(#2062,#2063),.UNSPECIFIED.,.F.,
  .F.,(2,2),(15.,43.),.PIECEWISE_BEZIER_KNOTS.);
#2062 = CARTESIAN_POINT('',(6.,30.));
#2063 = CARTESIAN_POINT('',(6.,58.));
#2064 = ( GEOMETRIC_REPRESENTATION_CONTEXT(2) 
PARAMETRIC_REPRESENTATION_CONTEXT() REPRESENTATION_CONTEXT('2D SPACE',''
  ) );
#2065 = PCURVE('',#1189,#2066);
#2066 = DEFINITIONAL_REPRESENTATION('',(#2067),#2070);
#2067 = B_SPLINE_CURVE_WITH_KNOTS('',1,(#2068,#2069),.UNSPECIFIED.,.F.,
  .F.,(2,2),(15.,43.),.PIECEWISE_BEZIER_KNOTS.);
#2068 = CARTESIAN_POINT('',(0.,9.2));
#2069 = CARTESIAN_POINT('',(28.,9.2));
#2070 = ( GEOMETRIC_REPRESENTATION_CONTEXT(2) 
PARAMETRIC_REPRESENTATION_CONTEXT() REPRESENTATION_CONTEXT('2D SPACE',''
  ) );
#2071 = ORIENTED_EDGE('',*,*,#2072,.T.);
#2072 = EDGE_CURVE('',#2052,#1514,#2073,.T.);
#2073 = SURFACE_CURVE('',#2074,(#2078,#2084),.PCURVE_S1.);
#2074 = LINE('',#2075,#2076);
#2075 = CARTESIAN_POINT('',(-14.,4.5,-26.));
#2076 = VECTOR('',#2077,1.);
#2077 = DIRECTION('',(-0.,0.,-1.));
#2078 = PCURVE('',#589,#2079);
#2079 = DEFINITIONAL_REPRESENTATION('',(#2080),#2083);
#2080 = B_SPLINE_CURVE_WITH_KNOTS('',1,(#2081,#2082),.UNSPECIFIED.,.F.,
  .F.,(2,2),(-6.,0.),.PIECEWISE_BEZIER_KNOTS.);
#2081 = CARTESIAN_POINT('',(6.,30.));
#2082 = CARTESIAN_POINT('',(0.,30.));
#2083 = ( GEOMETRIC_REPRESENTATION_CONTEXT(2) 
PARAMETRIC_REPRESENTATION_CONTEXT() REPRESENTATION_CONTEXT('2D SPACE',''
  ) );
#2084 = PCURVE('',#1213,#2085);
#2085 = DEFINITIONAL_REPRESENTATION('',(#2086),#2089);
#2086 = B_SPLINE_CURVE_WITH_KNOTS('',1,(#2087,#2088),.UNSPECIFIED.,.F.,
  .F.,(2,2),(-6.,0.),.PIECEWISE_BEZIER_KNOTS.);
#2087 = CARTESIAN_POINT('',(6.,-9.2));
#2088 = CARTESIAN_POINT('',(0.,-9.2));
#2089 = ( GEOMETRIC_REPRESENTATION_CONTEXT(2) 
PARAMETRIC_REPRESENTATION_CONTEXT() REPRESENTATION_CONTEXT('2D SPACE',''
  ) );
#2090 = FACE_BOUND('',#2091,.F.);
#2091 = EDGE_LOOP('',(#2092));
#2092 = ORIENTED_EDGE('',*,*,#2093,.T.);
#2093 = EDGE_CURVE('',#2094,#2094,#2096,.T.);
#2094 = VERTEX_POINT('',#2095);
#2095 = CARTESIAN_POINT('',(-26.2,4.5,9.795323294152E-16));
#2096 = SURFACE_CURVE('',#2097,(#2102,#2113),.PCURVE_S1.);
#2097 = CIRCLE('',#2098,2.8);
#2098 = AXIS2_PLACEMENT_3D('',#2099,#2100,#2101);
#2099 = CARTESIAN_POINT('',(-29.,4.5,1.665334536938E-15));
#2100 = DIRECTION('',(0.,-1.,2.22044604925E-16));
#2101 = DIRECTION('',(1.,0.,0.));
#2102 = PCURVE('',#589,#2103);
#2103 = DEFINITIONAL_REPRESENTATION('',(#2104),#2112);
#2104 = ( BOUNDED_CURVE() B_SPLINE_CURVE(2,(#2105,#2106,#2107,#2108,
#2109,#2110,#2111),.UNSPECIFIED.,.T.,.F.) B_SPLINE_CURVE_WITH_KNOTS((1,2
    ,2,2,2,1),(-2.094395102393,0.,2.094395102393,4.188790204786,
6.28318530718,8.377580409573),.UNSPECIFIED.) CURVE() 
GEOMETRIC_REPRESENTATION_ITEM() RATIONAL_B_SPLINE_CURVE((1.,0.5,1.,0.5,
1.,0.5,1.)) REPRESENTATION_ITEM('') );
#2105 = CARTESIAN_POINT('',(26.,17.8));
#2106 = CARTESIAN_POINT('',(30.849742261193,17.8));
#2107 = CARTESIAN_POINT('',(28.424871130596,13.6));
#2108 = CARTESIAN_POINT('',(26.,9.4));
#2109 = CARTESIAN_POINT('',(23.575128869404,13.6));
#2110 = CARTESIAN_POINT('',(21.150257738807,17.8));
#2111 = CARTESIAN_POINT('',(26.,17.8));
#2112 = ( GEOMETRIC_REPRESENTATION_CONTEXT(2) 
PARAMETRIC_REPRESENTATION_CONTEXT() REPRESENTATION_CONTEXT('2D SPACE',''
  ) );
#2113 = PCURVE('',#2114,#2119);
#2114 = CYLINDRICAL_SURFACE('',#2115,2.8);
#2115 = AXIS2_PLACEMENT_3D('',#2116,#2117,#2118);
#2116 = CARTESIAN_POINT('',(-29.,12.,0.));
#2117 = DIRECTION('',(0.,-1.,2.22044604925E-16));
#2118 = DIRECTION('',(1.,0.,0.));
#2119 = DEFINITIONAL_REPRESENTATION('',(#2120),#2124);
#2120 = LINE('',#2121,#2122);
#2121 = CARTESIAN_POINT('',(0.,7.5));
#2122 = VECTOR('',#2123,1.);
#2123 = DIRECTION('',(1.,0.));
#2124 = ( GEOMETRIC_REPRESENTATION_CONTEXT(2) 
PARAMETRIC_REPRESENTATION_CONTEXT() REPRESENTATION_CONTEXT('2D SPACE',''
  ) );
#2125 = FACE_BOUND('',#2126,.F.);
#2126 = EDGE_LOOP('',(#2127,#2155,#2181,#2207));
#2127 = ORIENTED_EDGE('',*,*,#2128,.F.);
#2128 = EDGE_CURVE('',#2129,#2131,#2133,.T.);
#2129 = VERTEX_POINT('',#2130);
#2130 = CARTESIAN_POINT('',(-40.,4.5,-10.));
#2131 = VERTEX_POINT('',#2132);
#2132 = CARTESIAN_POINT('',(40.,4.5,-10.));
#2133 = SURFACE_CURVE('',#2134,(#2138,#2144),.PCURVE_S1.);
#2134 = LINE('',#2135,#2136);
#2135 = CARTESIAN_POINT('',(-42.,4.5,-10.));
#2136 = VECTOR('',#2137,1.);
#2137 = DIRECTION('',(1.,0.,-0.));
#2138 = PCURVE('',#589,#2139);
#2139 = DEFINITIONAL_REPRESENTATION('',(#2140),#2143);
#2140 = B_SPLINE_CURVE_WITH_KNOTS('',1,(#2141,#2142),.UNSPECIFIED.,.F.,
  .F.,(2,2),(2.,82.),.PIECEWISE_BEZIER_KNOTS.);
#2141 = CARTESIAN_POINT('',(16.,4.));
#2142 = CARTESIAN_POINT('',(16.,84.));
#2143 = ( GEOMETRIC_REPRESENTATION_CONTEXT(2) 
PARAMETRIC_REPRESENTATION_CONTEXT() REPRESENTATION_CONTEXT('2D SPACE',''
  ) );
#2144 = PCURVE('',#2145,#2150);
#2145 = PLANE('',#2146);
#2146 = AXIS2_PLACEMENT_3D('',#2147,#2148,#2149);
#2147 = CARTESIAN_POINT('',(-40.,-10.,-10.));
#2148 = DIRECTION('',(0.,0.,1.));
#2149 = DIRECTION('',(1.,0.,-0.));
#2150 = DEFINITIONAL_REPRESENTATION('',(#2151),#2154);
#2151 = B_SPLINE_CURVE_WITH_KNOTS('',1,(#2152,#2153),.UNSPECIFIED.,.F.,
  .F.,(2,2),(2.,82.),.PIECEWISE_BEZIER_KNOTS.);
#2152 = CARTESIAN_POINT('',(0.,14.5));
#2153 = CARTESIAN_POINT('',(80.,14.5));
#2154 = ( GEOMETRIC_REPRESENTATION_CONTEXT(2) 
PARAMETRIC_REPRESENTATION_CONTEXT() REPRESENTATION_CONTEXT('2D SPACE',''
  ) );
#2155 = ORIENTED_EDGE('',*,*,#2156,.T.);
#2156 = EDGE_CURVE('',#2129,#2157,#2159,.T.);
#2157 = VERTEX_POINT('',#2158);
#2158 = CARTESIAN_POINT('',(-40.,4.5,-18.));
#2159 = SURFACE_CURVE('',#2160,(#2164,#2170),.PCURVE_S1.);
#2160 = LINE('',#2161,#2162);
#2161 = CARTESIAN_POINT('',(-40.,4.5,-22.));
#2162 = VECTOR('',#2163,1.);
#2163 = DIRECTION('',(-0.,0.,-1.));
#2164 = PCURVE('',#589,#2165);
#2165 = DEFINITIONAL_REPRESENTATION('',(#2166),#2169);
#2166 = B_SPLINE_CURVE_WITH_KNOTS('',1,(#2167,#2168),.UNSPECIFIED.,.F.,
  .F.,(2,2),(-12.,-4.),.PIECEWISE_BEZIER_KNOTS.);
#2167 = CARTESIAN_POINT('',(16.,4.));
#2168 = CARTESIAN_POINT('',(8.,4.));
#2169 = ( GEOMETRIC_REPRESENTATION_CONTEXT(2) 
PARAMETRIC_REPRESENTATION_CONTEXT() REPRESENTATION_CONTEXT('2D SPACE',''
  ) );
#2170 = PCURVE('',#2171,#2176);
#2171 = PLANE('',#2172);
#2172 = AXIS2_PLACEMENT_3D('',#2173,#2174,#2175);
#2173 = CARTESIAN_POINT('',(-40.,-10.,-18.));
#2174 = DIRECTION('',(1.,0.,-0.));
#2175 = DIRECTION('',(0.,0.,1.));
#2176 = DEFINITIONAL_REPRESENTATION('',(#2177),#2180);
#2177 = B_SPLINE_CURVE_WITH_KNOTS('',1,(#2178,#2179),.UNSPECIFIED.,.F.,
  .F.,(2,2),(-12.,-4.),.PIECEWISE_BEZIER_KNOTS.);
#2178 = CARTESIAN_POINT('',(8.,-14.5));
#2179 = CARTESIAN_POINT('',(0.,-14.5));
#2180 = ( GEOMETRIC_REPRESENTATION_CONTEXT(2) 
PARAMETRIC_REPRESENTATION_CONTEXT() REPRESENTATION_CONTEXT('2D SPACE',''
  ) );
#2181 = ORIENTED_EDGE('',*,*,#2182,.T.);
#2182 = EDGE_CURVE('',#2157,#2183,#2185,.T.);
#2183 = VERTEX_POINT('',#2184);
#2184 = CARTESIAN_POINT('',(40.,4.5,-18.));
#2185 = SURFACE_CURVE('',#2186,(#2190,#2196),.PCURVE_S1.);
#2186 = LINE('',#2187,#2188);
#2187 = CARTESIAN_POINT('',(-42.,4.5,-18.));
#2188 = VECTOR('',#2189,1.);
#2189 = DIRECTION('',(1.,0.,-0.));
#2190 = PCURVE('',#589,#2191);
#2191 = DEFINITIONAL_REPRESENTATION('',(#2192),#2195);
#2192 = B_SPLINE_CURVE_WITH_KNOTS('',1,(#2193,#2194),.UNSPECIFIED.,.F.,
  .F.,(2,2),(2.,82.),.PIECEWISE_BEZIER_KNOTS.);
#2193 = CARTESIAN_POINT('',(8.,4.));
#2194 = CARTESIAN_POINT('',(8.,84.));
#2195 = ( GEOMETRIC_REPRESENTATION_CONTEXT(2) 
PARAMETRIC_REPRESENTATION_CONTEXT() REPRESENTATION_CONTEXT('2D SPACE',''
  ) );
#2196 = PCURVE('',#2197,#2202);
#2197 = PLANE('',#2198);
#2198 = AXIS2_PLACEMENT_3D('',#2199,#2200,#2201);
#2199 = CARTESIAN_POINT('',(-40.,-10.,-18.));
#2200 = DIRECTION('',(0.,0.,1.));
#2201 = DIRECTION('',(1.,0.,-0.));
#2202 = DEFINITIONAL_REPRESENTATION('',(#2203),#2206);
#2203 = B_SPLINE_CURVE_WITH_KNOTS('',1,(#2204,#2205),.UNSPECIFIED.,.F.,
  .F.,(2,2),(2.,82.),.PIECEWISE_BEZIER_KNOTS.);
#2204 = CARTESIAN_POINT('',(0.,14.5));
#2205 = CARTESIAN_POINT('',(80.,14.5));
#2206 = ( GEOMETRIC_REPRESENTATION_CONTEXT(2) 
PARAMETRIC_REPRESENTATION_CONTEXT() REPRESENTATION_CONTEXT('2D SPACE',''
  ) );
#2207 = ORIENTED_EDGE('',*,*,#2208,.F.);
#2208 = EDGE_CURVE('',#2131,#2183,#2209,.T.);
#2209 = SURFACE_CURVE('',#2210,(#2214,#2220),.PCURVE_S1.);
#2210 = LINE('',#2211,#2212);
#2211 = CARTESIAN_POINT('',(40.,4.5,-22.));
#2212 = VECTOR('',#2213,1.);
#2213 = DIRECTION('',(-0.,0.,-1.));
#2214 = PCURVE('',#589,#2215);
#2215 = DEFINITIONAL_REPRESENTATION('',(#2216),#2219);
#2216 = B_SPLINE_CURVE_WITH_KNOTS('',1,(#2217,#2218),.UNSPECIFIED.,.F.,
  .F.,(2,2),(-12.,-4.),.PIECEWISE_BEZIER_KNOTS.);
#2217 = CARTESIAN_POINT('',(16.,84.));
#2218 = CARTESIAN_POINT('',(8.,84.));
#2219 = ( GEOMETRIC_REPRESENTATION_CONTEXT(2) 
PARAMETRIC_REPRESENTATION_CONTEXT() REPRESENTATION_CONTEXT('2D SPACE',''
  ) );
#2220 = PCURVE('',#2221,#2226);
#2221 = PLANE('',#2222);
#2222 = AXIS2_PLACEMENT_3D('',#2223,#2224,#2225);
#2223 = CARTESIAN_POINT('',(40.,-10.,-18.));
#2224 = DIRECTION('',(1.,0.,-0.));
#2225 = DIRECTION('',(0.,0.,1.));
#2226 = DEFINITIONAL_REPRESENTATION('',(#2227),#2230);
#2227 = B_SPLINE_CURVE_WITH_KNOTS('',1,(#2228,#2229),.UNSPECIFIED.,.F.,
  .F.,(2,2),(-12.,-4.),.PIECEWISE_BEZIER_KNOTS.);
#2228 = CARTESIAN_POINT('',(8.,-14.5));
#2229 = CARTESIAN_POINT('',(0.,-14.5));
#2230 = ( GEOMETRIC_REPRESENTATION_CONTEXT(2) 
PARAMETRIC_REPRESENTATION_CONTEXT() REPRESENTATION_CONTEXT('2D SPACE',''
  ) );
#2231 = FACE_BOUND('',#2232,.F.);
#2232 = EDGE_LOOP('',(#2233));
#2233 = ORIENTED_EDGE('',*,*,#2234,.T.);
#2234 = EDGE_CURVE('',#2235,#2235,#2237,.T.);
#2235 = VERTEX_POINT('',#2236);
#2236 = CARTESIAN_POINT('',(31.8,4.5,9.795323294152E-16));
#2237 = SURFACE_CURVE('',#2238,(#2243,#2254),.PCURVE_S1.);
#2238 = CIRCLE('',#2239,2.8);
#2239 = AXIS2_PLACEMENT_3D('',#2240,#2241,#2242);
#2240 = CARTESIAN_POINT('',(29.,4.5,1.665334536938E-15));
#2241 = DIRECTION('',(0.,-1.,2.22044604925E-16));
#2242 = DIRECTION('',(1.,0.,0.));
#2243 = PCURVE('',#589,#2244);
#2244 = DEFINITIONAL_REPRESENTATION('',(#2245),#2253);
#2245 = ( BOUNDED_CURVE() B_SPLINE_CURVE(2,(#2246,#2247,#2248,#2249,
#2250,#2251,#2252),.UNSPECIFIED.,.T.,.F.) B_SPLINE_CURVE_WITH_KNOTS((1,2
    ,2,2,2,1),(-2.094395102393,0.,2.094395102393,4.188790204786,
6.28318530718,8.377580409573),.UNSPECIFIED.) CURVE() 
GEOMETRIC_REPRESENTATION_ITEM() RATIONAL_B_SPLINE_CURVE((1.,0.5,1.,0.5,
1.,0.5,1.)) REPRESENTATION_ITEM('') );
#2246 = CARTESIAN_POINT('',(26.,75.8));
#2247 = CARTESIAN_POINT('',(30.849742261193,75.8));
#2248 = CARTESIAN_POINT('',(28.424871130596,71.6));
#2249 = CARTESIAN_POINT('',(26.,67.4));
#2250 = CARTESIAN_POINT('',(23.575128869404,71.6));
#2251 = CARTESIAN_POINT('',(21.150257738807,75.8));
#2252 = CARTESIAN_POINT('',(26.,75.8));
#2253 = ( GEOMETRIC_REPRESENTATION_CONTEXT(2) 
PARAMETRIC_REPRESENTATION_CONTEXT() REPRESENTATION_CONTEXT('2D SPACE',''
  ) );
#2254 = PCURVE('',#2255,#2260);
#2255 = CYLINDRICAL_SURFACE('',#2256,2.8);
#2256 = AXIS2_PLACEMENT_3D('',#2257,#2258,#2259);
#2257 = CARTESIAN_POINT('',(29.,12.,0.));
#2258 = DIRECTION('',(0.,-1.,2.22044604925E-16));
#2259 = DIRECTION('',(1.,0.,0.));
#2260 = DEFINITIONAL_REPRESENTATION('',(#2261),#2265);
#2261 = LINE('',#2262,#2263);
#2262 = CARTESIAN_POINT('',(0.,7.5));
#2263 = VECTOR('',#2264,1.);
#2264 = DIRECTION('',(1.,0.));
#2265 = ( GEOMETRIC_REPRESENTATION_CONTEXT(2) 
PARAMETRIC_REPRESENTATION_CONTEXT() REPRESENTATION_CONTEXT('2D SPACE',''
  ) );
#2266 = ADVANCED_FACE('',(#2267),#617,.T.);
#2267 = FACE_BOUND('',#2268,.T.);
#2268 = EDGE_LOOP('',(#2269,#2270,#2271,#2292));
#2269 = ORIENTED_EDGE('',*,*,#2008,.F.);
#2270 = ORIENTED_EDGE('',*,*,#1444,.T.);
#2271 = ORIENTED_EDGE('',*,*,#2272,.T.);
#2272 = EDGE_CURVE('',#1445,#602,#2273,.T.);
#2273 = SURFACE_CURVE('',#2274,(#2278,#2285),.PCURVE_S1.);
#2274 = LINE('',#2275,#2276);
#2275 = CARTESIAN_POINT('',(44.,8.5,-26.));
#2276 = VECTOR('',#2277,1.);
#2277 = DIRECTION('',(0.,0.,1.));
#2278 = PCURVE('',#617,#2279);
#2279 = DEFINITIONAL_REPRESENTATION('',(#2280),#2284);
#2280 = LINE('',#2281,#2282);
#2281 = CARTESIAN_POINT('',(0.,-4.));
#2282 = VECTOR('',#2283,1.);
#2283 = DIRECTION('',(1.,0.));
#2284 = ( GEOMETRIC_REPRESENTATION_CONTEXT(2) 
PARAMETRIC_REPRESENTATION_CONTEXT() REPRESENTATION_CONTEXT('2D SPACE',''
  ) );
#2285 = PCURVE('',#645,#2286);
#2286 = DEFINITIONAL_REPRESENTATION('',(#2287),#2291);
#2287 = LINE('',#2288,#2289);
#2288 = CARTESIAN_POINT('',(0.,88.));
#2289 = VECTOR('',#2290,1.);
#2290 = DIRECTION('',(1.,0.));
#2291 = ( GEOMETRIC_REPRESENTATION_CONTEXT(2) 
PARAMETRIC_REPRESENTATION_CONTEXT() REPRESENTATION_CONTEXT('2D SPACE',''
  ) );
#2292 = ORIENTED_EDGE('',*,*,#601,.F.);
#2293 = ADVANCED_FACE('',(#2294,#2390,#2420,#2506),#645,.T.);
#2294 = FACE_BOUND('',#2295,.T.);
#2295 = EDGE_LOOP('',(#2296,#2297,#2298,#2319,#2320,#2342,#2370,#2389));
#2296 = ORIENTED_EDGE('',*,*,#2272,.F.);
#2297 = ORIENTED_EDGE('',*,*,#1467,.F.);
#2298 = ORIENTED_EDGE('',*,*,#2299,.T.);
#2299 = EDGE_CURVE('',#1468,#854,#2300,.T.);
#2300 = SURFACE_CURVE('',#2301,(#2305,#2312),.PCURVE_S1.);
#2301 = LINE('',#2302,#2303);
#2302 = CARTESIAN_POINT('',(-44.,8.5,-26.));
#2303 = VECTOR('',#2304,1.);
#2304 = DIRECTION('',(0.,0.,1.));
#2305 = PCURVE('',#645,#2306);
#2306 = DEFINITIONAL_REPRESENTATION('',(#2307),#2311);
#2307 = LINE('',#2308,#2309);
#2308 = CARTESIAN_POINT('',(0.,0.));
#2309 = VECTOR('',#2310,1.);
#2310 = DIRECTION('',(1.,0.));
#2311 = ( GEOMETRIC_REPRESENTATION_CONTEXT(2) 
PARAMETRIC_REPRESENTATION_CONTEXT() REPRESENTATION_CONTEXT('2D SPACE',''
  ) );
#2312 = PCURVE('',#892,#2313);
#2313 = DEFINITIONAL_REPRESENTATION('',(#2314),#2318);
#2314 = LINE('',#2315,#2316);
#2315 = CARTESIAN_POINT('',(0.,-4.));
#2316 = VECTOR('',#2317,1.);
#2317 = DIRECTION('',(1.,0.));
#2318 = ( GEOMETRIC_REPRESENTATION_CONTEXT(2) 
PARAMETRIC_REPRESENTATION_CONTEXT() REPRESENTATION_CONTEXT('2D SPACE',''
  ) );
#2319 = ORIENTED_EDGE('',*,*,#853,.T.);
#2320 = ORIENTED_EDGE('',*,*,#2321,.T.);
#2321 = EDGE_CURVE('',#826,#2322,#2324,.T.);
#2322 = VERTEX_POINT('',#2323);
#2323 = CARTESIAN_POINT('',(-16.,8.5,12.));
#2324 = SURFACE_CURVE('',#2325,(#2329,#2335),.PCURVE_S1.);
#2325 = LINE('',#2326,#2327);
#2326 = CARTESIAN_POINT('',(-16.,8.5,-7.));
#2327 = VECTOR('',#2328,1.);
#2328 = DIRECTION('',(-0.,0.,-1.));
#2329 = PCURVE('',#645,#2330);
#2330 = DEFINITIONAL_REPRESENTATION('',(#2331),#2334);
#2331 = B_SPLINE_CURVE_WITH_KNOTS('',1,(#2332,#2333),.UNSPECIFIED.,.F.,
  .F.,(2,2),(-35.,-19.),.PIECEWISE_BEZIER_KNOTS.);
#2332 = CARTESIAN_POINT('',(54.,28.));
#2333 = CARTESIAN_POINT('',(38.,28.));
#2334 = ( GEOMETRIC_REPRESENTATION_CONTEXT(2) 
PARAMETRIC_REPRESENTATION_CONTEXT() REPRESENTATION_CONTEXT('2D SPACE',''
  ) );
#2335 = PCURVE('',#841,#2336);
#2336 = DEFINITIONAL_REPRESENTATION('',(#2337),#2341);
#2337 = LINE('',#2338,#2339);
#2338 = CARTESIAN_POINT('',(-19.,-0.2));
#2339 = VECTOR('',#2340,1.);
#2340 = DIRECTION('',(-1.,-0.));
#2341 = ( GEOMETRIC_REPRESENTATION_CONTEXT(2) 
PARAMETRIC_REPRESENTATION_CONTEXT() REPRESENTATION_CONTEXT('2D SPACE',''
  ) );
#2342 = ORIENTED_EDGE('',*,*,#2343,.T.);
#2343 = EDGE_CURVE('',#2322,#2344,#2346,.T.);
#2344 = VERTEX_POINT('',#2345);
#2345 = CARTESIAN_POINT('',(8.,8.5,12.));
#2346 = SURFACE_CURVE('',#2347,(#2351,#2358),.PCURVE_S1.);
#2347 = LINE('',#2348,#2349);
#2348 = CARTESIAN_POINT('',(-16.,8.5,12.));
#2349 = VECTOR('',#2350,1.);
#2350 = DIRECTION('',(1.,0.,0.));
#2351 = PCURVE('',#645,#2352);
#2352 = DEFINITIONAL_REPRESENTATION('',(#2353),#2357);
#2353 = LINE('',#2354,#2355);
#2354 = CARTESIAN_POINT('',(38.,28.));
#2355 = VECTOR('',#2356,1.);
#2356 = DIRECTION('',(0.,1.));
#2357 = ( GEOMETRIC_REPRESENTATION_CONTEXT(2) 
PARAMETRIC_REPRESENTATION_CONTEXT() REPRESENTATION_CONTEXT('2D SPACE',''
  ) );
#2358 = PCURVE('',#2359,#2364);
#2359 = PLANE('',#2360);
#2360 = AXIS2_PLACEMENT_3D('',#2361,#2362,#2363);
#2361 = CARTESIAN_POINT('',(-16.,8.3,12.));
#2362 = DIRECTION('',(0.,0.,1.));
#2363 = DIRECTION('',(1.,0.,-0.));
#2364 = DEFINITIONAL_REPRESENTATION('',(#2365),#2369);
#2365 = LINE('',#2366,#2367);
#2366 = CARTESIAN_POINT('',(0.,0.2));
#2367 = VECTOR('',#2368,1.);
#2368 = DIRECTION('',(1.,0.));
#2369 = ( GEOMETRIC_REPRESENTATION_CONTEXT(2) 
PARAMETRIC_REPRESENTATION_CONTEXT() REPRESENTATION_CONTEXT('2D SPACE',''
  ) );
#2370 = ORIENTED_EDGE('',*,*,#2371,.F.);
#2371 = EDGE_CURVE('',#630,#2344,#2372,.T.);
#2372 = SURFACE_CURVE('',#2373,(#2377,#2383),.PCURVE_S1.);
#2373 = LINE('',#2374,#2375);
#2374 = CARTESIAN_POINT('',(8.,8.5,-7.));
#2375 = VECTOR('',#2376,1.);
#2376 = DIRECTION('',(-0.,0.,-1.));
#2377 = PCURVE('',#645,#2378);
#2378 = DEFINITIONAL_REPRESENTATION('',(#2379),#2382);
#2379 = B_SPLINE_CURVE_WITH_KNOTS('',1,(#2380,#2381),.UNSPECIFIED.,.F.,
  .F.,(2,2),(-35.,-19.),.PIECEWISE_BEZIER_KNOTS.);
#2380 = CARTESIAN_POINT('',(54.,52.));
#2381 = CARTESIAN_POINT('',(38.,52.));
#2382 = ( GEOMETRIC_REPRESENTATION_CONTEXT(2) 
PARAMETRIC_REPRESENTATION_CONTEXT() REPRESENTATION_CONTEXT('2D SPACE',''
  ) );
#2383 = PCURVE('',#673,#2384);
#2384 = DEFINITIONAL_REPRESENTATION('',(#2385),#2388);
#2385 = B_SPLINE_CURVE_WITH_KNOTS('',1,(#2386,#2387),.UNSPECIFIED.,.F.,
  .F.,(2,2),(-35.,-19.),.PIECEWISE_BEZIER_KNOTS.);
#2386 = CARTESIAN_POINT('',(16.,-0.2));
#2387 = CARTESIAN_POINT('',(0.,-0.2));
#2388 = ( GEOMETRIC_REPRESENTATION_CONTEXT(2) 
PARAMETRIC_REPRESENTATION_CONTEXT() REPRESENTATION_CONTEXT('2D SPACE',''
  ) );
#2389 = ORIENTED_EDGE('',*,*,#629,.T.);
#2390 = FACE_BOUND('',#2391,.T.);
#2391 = EDGE_LOOP('',(#2392));
#2392 = ORIENTED_EDGE('',*,*,#2393,.T.);
#2393 = EDGE_CURVE('',#2394,#2394,#2396,.T.);
#2394 = VERTEX_POINT('',#2395);
#2395 = CARTESIAN_POINT('',(-26.2,8.5,9.135390971509E-17));
#2396 = SURFACE_CURVE('',#2397,(#2402,#2413),.PCURVE_S1.);
#2397 = CIRCLE('',#2398,2.8);
#2398 = AXIS2_PLACEMENT_3D('',#2399,#2400,#2401);
#2399 = CARTESIAN_POINT('',(-29.,8.5,7.771561172376E-16));
#2400 = DIRECTION('',(0.,-1.,2.22044604925E-16));
#2401 = DIRECTION('',(1.,0.,0.));
#2402 = PCURVE('',#645,#2403);
#2403 = DEFINITIONAL_REPRESENTATION('',(#2404),#2412);
#2404 = ( BOUNDED_CURVE() B_SPLINE_CURVE(2,(#2405,#2406,#2407,#2408,
#2409,#2410,#2411),.UNSPECIFIED.,.T.,.F.) B_SPLINE_CURVE_WITH_KNOTS((1,2
    ,2,2,2,1),(-2.094395102393,0.,2.094395102393,4.188790204786,
6.28318530718,8.377580409573),.UNSPECIFIED.) CURVE() 
GEOMETRIC_REPRESENTATION_ITEM() RATIONAL_B_SPLINE_CURVE((1.,0.5,1.,0.5,
1.,0.5,1.)) REPRESENTATION_ITEM('') );
#2405 = CARTESIAN_POINT('',(26.,17.8));
#2406 = CARTESIAN_POINT('',(30.849742261193,17.8));
#2407 = CARTESIAN_POINT('',(28.424871130596,13.6));
#2408 = CARTESIAN_POINT('',(26.,9.4));
#2409 = CARTESIAN_POINT('',(23.575128869404,13.6));
#2410 = CARTESIAN_POINT('',(21.150257738807,17.8));
#2411 = CARTESIAN_POINT('',(26.,17.8));
#2412 = ( GEOMETRIC_REPRESENTATION_CONTEXT(2) 
PARAMETRIC_REPRESENTATION_CONTEXT() REPRESENTATION_CONTEXT('2D SPACE',''
  ) );
#2413 = PCURVE('',#2114,#2414);
#2414 = DEFINITIONAL_REPRESENTATION('',(#2415),#2419);
#2415 = LINE('',#2416,#2417);
#2416 = CARTESIAN_POINT('',(0.,3.5));
#2417 = VECTOR('',#2418,1.);
#2418 = DIRECTION('',(1.,0.));
#2419 = ( GEOMETRIC_REPRESENTATION_CONTEXT(2) 
PARAMETRIC_REPRESENTATION_CONTEXT() REPRESENTATION_CONTEXT('2D SPACE',''
  ) );
#2420 = FACE_BOUND('',#2421,.T.);
#2421 = EDGE_LOOP('',(#2422,#2445,#2466,#2487));
#2422 = ORIENTED_EDGE('',*,*,#2423,.F.);
#2423 = EDGE_CURVE('',#2424,#2426,#2428,.T.);
#2424 = VERTEX_POINT('',#2425);
#2425 = CARTESIAN_POINT('',(-40.,8.5,-10.));
#2426 = VERTEX_POINT('',#2427);
#2427 = CARTESIAN_POINT('',(40.,8.5,-10.));
#2428 = SURFACE_CURVE('',#2429,(#2433,#2439),.PCURVE_S1.);
#2429 = LINE('',#2430,#2431);
#2430 = CARTESIAN_POINT('',(-42.,8.5,-10.));
#2431 = VECTOR('',#2432,1.);
#2432 = DIRECTION('',(1.,0.,-0.));
#2433 = PCURVE('',#645,#2434);
#2434 = DEFINITIONAL_REPRESENTATION('',(#2435),#2438);
#2435 = B_SPLINE_CURVE_WITH_KNOTS('',1,(#2436,#2437),.UNSPECIFIED.,.F.,
  .F.,(2,2),(2.,82.),.PIECEWISE_BEZIER_KNOTS.);
#2436 = CARTESIAN_POINT('',(16.,4.));
#2437 = CARTESIAN_POINT('',(16.,84.));
#2438 = ( GEOMETRIC_REPRESENTATION_CONTEXT(2) 
PARAMETRIC_REPRESENTATION_CONTEXT() REPRESENTATION_CONTEXT('2D SPACE',''
  ) );
#2439 = PCURVE('',#2145,#2440);
#2440 = DEFINITIONAL_REPRESENTATION('',(#2441),#2444);
#2441 = B_SPLINE_CURVE_WITH_KNOTS('',1,(#2442,#2443),.UNSPECIFIED.,.F.,
  .F.,(2,2),(2.,82.),.PIECEWISE_BEZIER_KNOTS.);
#2442 = CARTESIAN_POINT('',(0.,18.5));
#2443 = CARTESIAN_POINT('',(80.,18.5));
#2444 = ( GEOMETRIC_REPRESENTATION_CONTEXT(2) 
PARAMETRIC_REPRESENTATION_CONTEXT() REPRESENTATION_CONTEXT('2D SPACE',''
  ) );
#2445 = ORIENTED_EDGE('',*,*,#2446,.T.);
#2446 = EDGE_CURVE('',#2424,#2447,#2449,.T.);
#2447 = VERTEX_POINT('',#2448);
#2448 = CARTESIAN_POINT('',(-40.,8.5,-18.));
#2449 = SURFACE_CURVE('',#2450,(#2454,#2460),.PCURVE_S1.);
#2450 = LINE('',#2451,#2452);
#2451 = CARTESIAN_POINT('',(-40.,8.5,-22.));
#2452 = VECTOR('',#2453,1.);
#2453 = DIRECTION('',(-0.,0.,-1.));
#2454 = PCURVE('',#645,#2455);
#2455 = DEFINITIONAL_REPRESENTATION('',(#2456),#2459);
#2456 = B_SPLINE_CURVE_WITH_KNOTS('',1,(#2457,#2458),.UNSPECIFIED.,.F.,
  .F.,(2,2),(-12.,-4.),.PIECEWISE_BEZIER_KNOTS.);
#2457 = CARTESIAN_POINT('',(16.,4.));
#2458 = CARTESIAN_POINT('',(8.,4.));
#2459 = ( GEOMETRIC_REPRESENTATION_CONTEXT(2) 
PARAMETRIC_REPRESENTATION_CONTEXT() REPRESENTATION_CONTEXT('2D SPACE',''
  ) );
#2460 = PCURVE('',#2171,#2461);
#2461 = DEFINITIONAL_REPRESENTATION('',(#2462),#2465);
#2462 = B_SPLINE_CURVE_WITH_KNOTS('',1,(#2463,#2464),.UNSPECIFIED.,.F.,
  .F.,(2,2),(-12.,-4.),.PIECEWISE_BEZIER_KNOTS.);
#2463 = CARTESIAN_POINT('',(8.,-18.5));
#2464 = CARTESIAN_POINT('',(0.,-18.5));
#2465 = ( GEOMETRIC_REPRESENTATION_CONTEXT(2) 
PARAMETRIC_REPRESENTATION_CONTEXT() REPRESENTATION_CONTEXT('2D SPACE',''
  ) );
#2466 = ORIENTED_EDGE('',*,*,#2467,.T.);
#2467 = EDGE_CURVE('',#2447,#2468,#2470,.T.);
#2468 = VERTEX_POINT('',#2469);
#2469 = CARTESIAN_POINT('',(40.,8.5,-18.));
#2470 = SURFACE_CURVE('',#2471,(#2475,#2481),.PCURVE_S1.);
#2471 = LINE('',#2472,#2473);
#2472 = CARTESIAN_POINT('',(-42.,8.5,-18.));
#2473 = VECTOR('',#2474,1.);
#2474 = DIRECTION('',(1.,0.,-0.));
#2475 = PCURVE('',#645,#2476);
#2476 = DEFINITIONAL_REPRESENTATION('',(#2477),#2480);
#2477 = B_SPLINE_CURVE_WITH_KNOTS('',1,(#2478,#2479),.UNSPECIFIED.,.F.,
  .F.,(2,2),(2.,82.),.PIECEWISE_BEZIER_KNOTS.);
#2478 = CARTESIAN_POINT('',(8.,4.));
#2479 = CARTESIAN_POINT('',(8.,84.));
#2480 = ( GEOMETRIC_REPRESENTATION_CONTEXT(2) 
PARAMETRIC_REPRESENTATION_CONTEXT() REPRESENTATION_CONTEXT('2D SPACE',''
  ) );
#2481 = PCURVE('',#2197,#2482);
#2482 = DEFINITIONAL_REPRESENTATION('',(#2483),#2486);
#2483 = B_SPLINE_CURVE_WITH_KNOTS('',1,(#2484,#2485),.UNSPECIFIED.,.F.,
  .F.,(2,2),(2.,82.),.PIECEWISE_BEZIER_KNOTS.);
#2484 = CARTESIAN_POINT('',(0.,18.5));
#2485 = CARTESIAN_POINT('',(80.,18.5));
#2486 = ( GEOMETRIC_REPRESENTATION_CONTEXT(2) 
PARAMETRIC_REPRESENTATION_CONTEXT() REPRESENTATION_CONTEXT('2D SPACE',''
  ) );
#2487 = ORIENTED_EDGE('',*,*,#2488,.F.);
#2488 = EDGE_CURVE('',#2426,#2468,#2489,.T.);
#2489 = SURFACE_CURVE('',#2490,(#2494,#2500),.PCURVE_S1.);
#2490 = LINE('',#2491,#2492);
#2491 = CARTESIAN_POINT('',(40.,8.5,-22.));
#2492 = VECTOR('',#2493,1.);
#2493 = DIRECTION('',(-0.,0.,-1.));
#2494 = PCURVE('',#645,#2495);
#2495 = DEFINITIONAL_REPRESENTATION('',(#2496),#2499);
#2496 = B_SPLINE_CURVE_WITH_KNOTS('',1,(#2497,#2498),.UNSPECIFIED.,.F.,
  .F.,(2,2),(-12.,-4.),.PIECEWISE_BEZIER_KNOTS.);
#2497 = CARTESIAN_POINT('',(16.,84.));
#2498 = CARTESIAN_POINT('',(8.,84.));
#2499 = ( GEOMETRIC_REPRESENTATION_CONTEXT(2) 
PARAMETRIC_REPRESENTATION_CONTEXT() REPRESENTATION_CONTEXT('2D SPACE',''
  ) );
#2500 = PCURVE('',#2221,#2501);
#2501 = DEFINITIONAL_REPRESENTATION('',(#2502),#2505);
#2502 = B_SPLINE_CURVE_WITH_KNOTS('',1,(#2503,#2504),.UNSPECIFIED.,.F.,
  .F.,(2,2),(-12.,-4.),.PIECEWISE_BEZIER_KNOTS.);
#2503 = CARTESIAN_POINT('',(8.,-18.5));
#2504 = CARTESIAN_POINT('',(0.,-18.5));
#2505 = ( GEOMETRIC_REPRESENTATION_CONTEXT(2) 
PARAMETRIC_REPRESENTATION_CONTEXT() REPRESENTATION_CONTEXT('2D SPACE',''
  ) );
#2506 = FACE_BOUND('',#2507,.T.);
#2507 = EDGE_LOOP('',(#2508));
#2508 = ORIENTED_EDGE('',*,*,#2509,.T.);
#2509 = EDGE_CURVE('',#2510,#2510,#2512,.T.);
#2510 = VERTEX_POINT('',#2511);
#2511 = CARTESIAN_POINT('',(31.8,8.5,9.135390971509E-17));
#2512 = SURFACE_CURVE('',#2513,(#2518,#2529),.PCURVE_S1.);
#2513 = CIRCLE('',#2514,2.8);
#2514 = AXIS2_PLACEMENT_3D('',#2515,#2516,#2517);
#2515 = CARTESIAN_POINT('',(29.,8.5,7.771561172376E-16));
#2516 = DIRECTION('',(0.,-1.,2.22044604925E-16));
#2517 = DIRECTION('',(1.,0.,0.));
#2518 = PCURVE('',#645,#2519);
#2519 = DEFINITIONAL_REPRESENTATION('',(#2520),#2528);
#2520 = ( BOUNDED_CURVE() B_SPLINE_CURVE(2,(#2521,#2522,#2523,#2524,
#2525,#2526,#2527),.UNSPECIFIED.,.T.,.F.) B_SPLINE_CURVE_WITH_KNOTS((1,2
    ,2,2,2,1),(-2.094395102393,0.,2.094395102393,4.188790204786,
6.28318530718,8.377580409573),.UNSPECIFIED.) CURVE() 
GEOMETRIC_REPRESENTATION_ITEM() RATIONAL_B_SPLINE_CURVE((1.,0.5,1.,0.5,
1.,0.5,1.)) REPRESENTATION_ITEM('') );
#2521 = CARTESIAN_POINT('',(26.,75.8));
#2522 = CARTESIAN_POINT('',(30.849742261193,75.8));
#2523 = CARTESIAN_POINT('',(28.424871130596,71.6));
#2524 = CARTESIAN_POINT('',(26.,67.4));
#2525 = CARTESIAN_POINT('',(23.575128869404,71.6));
#2526 = CARTESIAN_POINT('',(21.150257738807,75.8));
#2527 = CARTESIAN_POINT('',(26.,75.8));
#2528 = ( GEOMETRIC_REPRESENTATION_CONTEXT(2) 
PARAMETRIC_REPRESENTATION_CONTEXT() REPRESENTATION_CONTEXT('2D SPACE',''
  ) );
#2529 = PCURVE('',#2255,#2530);
#2530 = DEFINITIONAL_REPRESENTATION('',(#2531),#2535);
#2531 = LINE('',#2532,#2533);
#2532 = CARTESIAN_POINT('',(0.,3.5));
#2533 = VECTOR('',#2534,1.);
#2534 = DIRECTION('',(1.,0.));
#2535 = ( GEOMETRIC_REPRESENTATION_CONTEXT(2) 
PARAMETRIC_REPRESENTATION_CONTEXT() REPRESENTATION_CONTEXT('2D SPACE',''
  ) );
#2536 = ADVANCED_FACE('',(#2537),#673,.T.);
#2537 = FACE_BOUND('',#2538,.T.);
#2538 = EDGE_LOOP('',(#2539,#2540,#2541,#2564));
#2539 = ORIENTED_EDGE('',*,*,#657,.F.);
#2540 = ORIENTED_EDGE('',*,*,#2371,.T.);
#2541 = ORIENTED_EDGE('',*,*,#2542,.T.);
#2542 = EDGE_CURVE('',#2344,#2543,#2545,.T.);
#2543 = VERTEX_POINT('',#2544);
#2544 = CARTESIAN_POINT('',(8.,10.,12.));
#2545 = SURFACE_CURVE('',#2546,(#2550,#2557),.PCURVE_S1.);
#2546 = LINE('',#2547,#2548);
#2547 = CARTESIAN_POINT('',(8.,8.3,12.));
#2548 = VECTOR('',#2549,1.);
#2549 = DIRECTION('',(-0.,1.,0.));
#2550 = PCURVE('',#673,#2551);
#2551 = DEFINITIONAL_REPRESENTATION('',(#2552),#2556);
#2552 = LINE('',#2553,#2554);
#2553 = CARTESIAN_POINT('',(0.,0.));
#2554 = VECTOR('',#2555,1.);
#2555 = DIRECTION('',(0.,-1.));
#2556 = ( GEOMETRIC_REPRESENTATION_CONTEXT(2) 
PARAMETRIC_REPRESENTATION_CONTEXT() REPRESENTATION_CONTEXT('2D SPACE',''
  ) );
#2557 = PCURVE('',#2359,#2558);
#2558 = DEFINITIONAL_REPRESENTATION('',(#2559),#2563);
#2559 = LINE('',#2560,#2561);
#2560 = CARTESIAN_POINT('',(24.,0.));
#2561 = VECTOR('',#2562,1.);
#2562 = DIRECTION('',(0.,1.));
#2563 = ( GEOMETRIC_REPRESENTATION_CONTEXT(2) 
PARAMETRIC_REPRESENTATION_CONTEXT() REPRESENTATION_CONTEXT('2D SPACE',''
  ) );
#2564 = ORIENTED_EDGE('',*,*,#2565,.T.);
#2565 = EDGE_CURVE('',#2543,#658,#2566,.T.);
#2566 = SURFACE_CURVE('',#2567,(#2571,#2578),.PCURVE_S1.);
#2567 = LINE('',#2568,#2569);
#2568 = CARTESIAN_POINT('',(8.,10.,12.));
#2569 = VECTOR('',#2570,1.);
#2570 = DIRECTION('',(0.,0.,1.));
#2571 = PCURVE('',#673,#2572);
#2572 = DEFINITIONAL_REPRESENTATION('',(#2573),#2577);
#2573 = LINE('',#2574,#2575);
#2574 = CARTESIAN_POINT('',(0.,-1.7));
#2575 = VECTOR('',#2576,1.);
#2576 = DIRECTION('',(1.,0.));
#2577 = ( GEOMETRIC_REPRESENTATION_CONTEXT(2) 
PARAMETRIC_REPRESENTATION_CONTEXT() REPRESENTATION_CONTEXT('2D SPACE',''
  ) );
#2578 = PCURVE('',#701,#2579);
#2579 = DEFINITIONAL_REPRESENTATION('',(#2580),#2584);
#2580 = LINE('',#2581,#2582);
#2581 = CARTESIAN_POINT('',(0.,24.));
#2582 = VECTOR('',#2583,1.);
#2583 = DIRECTION('',(1.,0.));
#2584 = ( GEOMETRIC_REPRESENTATION_CONTEXT(2) 
PARAMETRIC_REPRESENTATION_CONTEXT() REPRESENTATION_CONTEXT('2D SPACE',''
  ) );
#2585 = ADVANCED_FACE('',(#2586,#2632),#701,.T.);
#2586 = FACE_BOUND('',#2587,.T.);
#2587 = EDGE_LOOP('',(#2588,#2611,#2630,#2631));
#2588 = ORIENTED_EDGE('',*,*,#2589,.F.);
#2589 = EDGE_CURVE('',#2590,#2543,#2592,.T.);
#2590 = VERTEX_POINT('',#2591);
#2591 = CARTESIAN_POINT('',(-10.,10.,12.));
#2592 = SURFACE_CURVE('',#2593,(#2597,#2604),.PCURVE_S1.);
#2593 = LINE('',#2594,#2595);
#2594 = CARTESIAN_POINT('',(-16.,10.,12.));
#2595 = VECTOR('',#2596,1.);
#2596 = DIRECTION('',(1.,0.,-0.));
#2597 = PCURVE('',#701,#2598);
#2598 = DEFINITIONAL_REPRESENTATION('',(#2599),#2603);
#2599 = LINE('',#2600,#2601);
#2600 = CARTESIAN_POINT('',(0.,0.));
#2601 = VECTOR('',#2602,1.);
#2602 = DIRECTION('',(0.,1.));
#2603 = ( GEOMETRIC_REPRESENTATION_CONTEXT(2) 
PARAMETRIC_REPRESENTATION_CONTEXT() REPRESENTATION_CONTEXT('2D SPACE',''
  ) );
#2604 = PCURVE('',#2359,#2605);
#2605 = DEFINITIONAL_REPRESENTATION('',(#2606),#2610);
#2606 = LINE('',#2607,#2608);
#2607 = CARTESIAN_POINT('',(0.,1.7));
#2608 = VECTOR('',#2609,1.);
#2609 = DIRECTION('',(1.,0.));
#2610 = ( GEOMETRIC_REPRESENTATION_CONTEXT(2) 
PARAMETRIC_REPRESENTATION_CONTEXT() REPRESENTATION_CONTEXT('2D SPACE',''
  ) );
#2611 = ORIENTED_EDGE('',*,*,#2612,.F.);
#2612 = EDGE_CURVE('',#686,#2590,#2613,.T.);
#2613 = SURFACE_CURVE('',#2614,(#2618,#2624),.PCURVE_S1.);
#2614 = LINE('',#2615,#2616);
#2615 = CARTESIAN_POINT('',(-10.,10.,12.));
#2616 = VECTOR('',#2617,1.);
#2617 = DIRECTION('',(-0.,0.,-1.));
#2618 = PCURVE('',#701,#2619);
#2619 = DEFINITIONAL_REPRESENTATION('',(#2620),#2623);
#2620 = B_SPLINE_CURVE_WITH_KNOTS('',1,(#2621,#2622),.UNSPECIFIED.,.F.,
  .F.,(2,2),(-16.,0.),.PIECEWISE_BEZIER_KNOTS.);
#2621 = CARTESIAN_POINT('',(16.,6.));
#2622 = CARTESIAN_POINT('',(0.,6.));
#2623 = ( GEOMETRIC_REPRESENTATION_CONTEXT(2) 
PARAMETRIC_REPRESENTATION_CONTEXT() REPRESENTATION_CONTEXT('2D SPACE',''
  ) );
#2624 = PCURVE('',#729,#2625);
#2625 = DEFINITIONAL_REPRESENTATION('',(#2626),#2629);
#2626 = B_SPLINE_CURVE_WITH_KNOTS('',1,(#2627,#2628),.UNSPECIFIED.,.F.,
  .F.,(2,2),(-16.,0.),.PIECEWISE_BEZIER_KNOTS.);
#2627 = CARTESIAN_POINT('',(16.,-1.7));
#2628 = CARTESIAN_POINT('',(0.,-1.7));
#2629 = ( GEOMETRIC_REPRESENTATION_CONTEXT(2) 
PARAMETRIC_REPRESENTATION_CONTEXT() REPRESENTATION_CONTEXT('2D SPACE',''
  ) );
#2630 = ORIENTED_EDGE('',*,*,#685,.T.);
#2631 = ORIENTED_EDGE('',*,*,#2565,.F.);
#2632 = FACE_BOUND('',#2633,.T.);
#2633 = EDGE_LOOP('',(#2634));
#2634 = ORIENTED_EDGE('',*,*,#1797,.T.);
#2635 = ADVANCED_FACE('',(#2636),#729,.T.);
#2636 = FACE_BOUND('',#2637,.T.);
#2637 = EDGE_LOOP('',(#2638,#2639,#2640,#2663));
#2638 = ORIENTED_EDGE('',*,*,#713,.F.);
#2639 = ORIENTED_EDGE('',*,*,#2612,.T.);
#2640 = ORIENTED_EDGE('',*,*,#2641,.T.);
#2641 = EDGE_CURVE('',#2590,#2642,#2644,.T.);
#2642 = VERTEX_POINT('',#2643);
#2643 = CARTESIAN_POINT('',(-10.,15.,12.));
#2644 = SURFACE_CURVE('',#2645,(#2649,#2656),.PCURVE_S1.);
#2645 = LINE('',#2646,#2647);
#2646 = CARTESIAN_POINT('',(-10.,8.3,12.));
#2647 = VECTOR('',#2648,1.);
#2648 = DIRECTION('',(-0.,1.,0.));
#2649 = PCURVE('',#729,#2650);
#2650 = DEFINITIONAL_REPRESENTATION('',(#2651),#2655);
#2651 = LINE('',#2652,#2653);
#2652 = CARTESIAN_POINT('',(0.,0.));
#2653 = VECTOR('',#2654,1.);
#2654 = DIRECTION('',(0.,-1.));
#2655 = ( GEOMETRIC_REPRESENTATION_CONTEXT(2) 
PARAMETRIC_REPRESENTATION_CONTEXT() REPRESENTATION_CONTEXT('2D SPACE',''
  ) );
#2656 = PCURVE('',#2359,#2657);
#2657 = DEFINITIONAL_REPRESENTATION('',(#2658),#2662);
#2658 = LINE('',#2659,#2660);
#2659 = CARTESIAN_POINT('',(6.,0.));
#2660 = VECTOR('',#2661,1.);
#2661 = DIRECTION('',(0.,1.));
#2662 = ( GEOMETRIC_REPRESENTATION_CONTEXT(2) 
PARAMETRIC_REPRESENTATION_CONTEXT() REPRESENTATION_CONTEXT('2D SPACE',''
  ) );
#2663 = ORIENTED_EDGE('',*,*,#2664,.F.);
#2664 = EDGE_CURVE('',#714,#2642,#2665,.T.);
#2665 = SURFACE_CURVE('',#2666,(#2670,#2676),.PCURVE_S1.);
#2666 = LINE('',#2667,#2668);
#2667 = CARTESIAN_POINT('',(-10.,15.,12.));
#2668 = VECTOR('',#2669,1.);
#2669 = DIRECTION('',(-0.,0.,-1.));
#2670 = PCURVE('',#729,#2671);
#2671 = DEFINITIONAL_REPRESENTATION('',(#2672),#2675);
#2672 = B_SPLINE_CURVE_WITH_KNOTS('',1,(#2673,#2674),.UNSPECIFIED.,.F.,
  .F.,(2,2),(-16.,0.),.PIECEWISE_BEZIER_KNOTS.);
#2673 = CARTESIAN_POINT('',(16.,-6.7));
#2674 = CARTESIAN_POINT('',(0.,-6.7));
#2675 = ( GEOMETRIC_REPRESENTATION_CONTEXT(2) 
PARAMETRIC_REPRESENTATION_CONTEXT() REPRESENTATION_CONTEXT('2D SPACE',''
  ) );
#2676 = PCURVE('',#757,#2677);
#2677 = DEFINITIONAL_REPRESENTATION('',(#2678),#2681);
#2678 = B_SPLINE_CURVE_WITH_KNOTS('',1,(#2679,#2680),.UNSPECIFIED.,.F.,
  .F.,(2,2),(-16.,0.),.PIECEWISE_BEZIER_KNOTS.);
#2679 = CARTESIAN_POINT('',(16.,6.));
#2680 = CARTESIAN_POINT('',(0.,6.));
#2681 = ( GEOMETRIC_REPRESENTATION_CONTEXT(2) 
PARAMETRIC_REPRESENTATION_CONTEXT() REPRESENTATION_CONTEXT('2D SPACE',''
  ) );
#2682 = ADVANCED_FACE('',(#2683,#2731),#757,.F.);
#2683 = FACE_BOUND('',#2684,.F.);
#2684 = EDGE_LOOP('',(#2685,#2708,#2709,#2710));
#2685 = ORIENTED_EDGE('',*,*,#2686,.F.);
#2686 = EDGE_CURVE('',#2642,#2687,#2689,.T.);
#2687 = VERTEX_POINT('',#2688);
#2688 = CARTESIAN_POINT('',(8.,15.,12.));
#2689 = SURFACE_CURVE('',#2690,(#2694,#2701),.PCURVE_S1.);
#2690 = LINE('',#2691,#2692);
#2691 = CARTESIAN_POINT('',(-16.,15.,12.));
#2692 = VECTOR('',#2693,1.);
#2693 = DIRECTION('',(1.,0.,-0.));
#2694 = PCURVE('',#757,#2695);
#2695 = DEFINITIONAL_REPRESENTATION('',(#2696),#2700);
#2696 = LINE('',#2697,#2698);
#2697 = CARTESIAN_POINT('',(0.,0.));
#2698 = VECTOR('',#2699,1.);
#2699 = DIRECTION('',(0.,1.));
#2700 = ( GEOMETRIC_REPRESENTATION_CONTEXT(2) 
PARAMETRIC_REPRESENTATION_CONTEXT() REPRESENTATION_CONTEXT('2D SPACE',''
  ) );
#2701 = PCURVE('',#2359,#2702);
#2702 = DEFINITIONAL_REPRESENTATION('',(#2703),#2707);
#2703 = LINE('',#2704,#2705);
#2704 = CARTESIAN_POINT('',(0.,6.7));
#2705 = VECTOR('',#2706,1.);
#2706 = DIRECTION('',(1.,0.));
#2707 = ( GEOMETRIC_REPRESENTATION_CONTEXT(2) 
PARAMETRIC_REPRESENTATION_CONTEXT() REPRESENTATION_CONTEXT('2D SPACE',''
  ) );
#2708 = ORIENTED_EDGE('',*,*,#2664,.F.);
#2709 = ORIENTED_EDGE('',*,*,#741,.T.);
#2710 = ORIENTED_EDGE('',*,*,#2711,.F.);
#2711 = EDGE_CURVE('',#2687,#742,#2712,.T.);
#2712 = SURFACE_CURVE('',#2713,(#2717,#2724),.PCURVE_S1.);
#2713 = LINE('',#2714,#2715);
#2714 = CARTESIAN_POINT('',(8.,15.,12.));
#2715 = VECTOR('',#2716,1.);
#2716 = DIRECTION('',(0.,0.,1.));
#2717 = PCURVE('',#757,#2718);
#2718 = DEFINITIONAL_REPRESENTATION('',(#2719),#2723);
#2719 = LINE('',#2720,#2721);
#2720 = CARTESIAN_POINT('',(0.,24.));
#2721 = VECTOR('',#2722,1.);
#2722 = DIRECTION('',(1.,0.));
#2723 = ( GEOMETRIC_REPRESENTATION_CONTEXT(2) 
PARAMETRIC_REPRESENTATION_CONTEXT() REPRESENTATION_CONTEXT('2D SPACE',''
  ) );
#2724 = PCURVE('',#785,#2725);
#2725 = DEFINITIONAL_REPRESENTATION('',(#2726),#2730);
#2726 = LINE('',#2727,#2728);
#2727 = CARTESIAN_POINT('',(0.,0.));
#2728 = VECTOR('',#2729,1.);
#2729 = DIRECTION('',(1.,0.));
#2730 = ( GEOMETRIC_REPRESENTATION_CONTEXT(2) 
PARAMETRIC_REPRESENTATION_CONTEXT() REPRESENTATION_CONTEXT('2D SPACE',''
  ) );
#2731 = FACE_BOUND('',#2732,.F.);
#2732 = EDGE_LOOP('',(#2733));
#2733 = ORIENTED_EDGE('',*,*,#2734,.T.);
#2734 = EDGE_CURVE('',#2735,#2735,#2737,.T.);
#2735 = VERTEX_POINT('',#2736);
#2736 = CARTESIAN_POINT('',(2.8,15.,20.));
#2737 = SURFACE_CURVE('',#2738,(#2743,#2754),.PCURVE_S1.);
#2738 = CIRCLE('',#2739,2.8);
#2739 = AXIS2_PLACEMENT_3D('',#2740,#2741,#2742);
#2740 = CARTESIAN_POINT('',(0.,15.,20.));
#2741 = DIRECTION('',(0.,-1.,2.22044604925E-16));
#2742 = DIRECTION('',(1.,0.,0.));
#2743 = PCURVE('',#757,#2744);
#2744 = DEFINITIONAL_REPRESENTATION('',(#2745),#2753);
#2745 = ( BOUNDED_CURVE() B_SPLINE_CURVE(2,(#2746,#2747,#2748,#2749,
#2750,#2751,#2752),.UNSPECIFIED.,.T.,.F.) B_SPLINE_CURVE_WITH_KNOTS((1,2
    ,2,2,2,1),(-2.094395102393,0.,2.094395102393,4.188790204786,
6.28318530718,8.377580409573),.UNSPECIFIED.) CURVE() 
GEOMETRIC_REPRESENTATION_ITEM() RATIONAL_B_SPLINE_CURVE((1.,0.5,1.,0.5,
1.,0.5,1.)) REPRESENTATION_ITEM('') );
#2746 = CARTESIAN_POINT('',(8.,18.8));
#2747 = CARTESIAN_POINT('',(12.849742261193,18.8));
#2748 = CARTESIAN_POINT('',(10.424871130596,14.6));
#2749 = CARTESIAN_POINT('',(8.,10.4));
#2750 = CARTESIAN_POINT('',(5.575128869404,14.6));
#2751 = CARTESIAN_POINT('',(3.150257738807,18.8));
#2752 = CARTESIAN_POINT('',(8.,18.8));
#2753 = ( GEOMETRIC_REPRESENTATION_CONTEXT(2) 
PARAMETRIC_REPRESENTATION_CONTEXT() REPRESENTATION_CONTEXT('2D SPACE',''
  ) );
#2754 = PCURVE('',#2755,#2760);
#2755 = CYLINDRICAL_SURFACE('',#2756,2.8);
#2756 = AXIS2_PLACEMENT_3D('',#2757,#2758,#2759);
#2757 = CARTESIAN_POINT('',(0.,21.5,20.));
#2758 = DIRECTION('',(0.,-1.,2.22044604925E-16));
#2759 = DIRECTION('',(1.,0.,0.));
#2760 = DEFINITIONAL_REPRESENTATION('',(#2761),#2765);
#2761 = LINE('',#2762,#2763);
#2762 = CARTESIAN_POINT('',(0.,6.5));
#2763 = VECTOR('',#2764,1.);
#2764 = DIRECTION('',(1.,0.));
#2765 = ( GEOMETRIC_REPRESENTATION_CONTEXT(2) 
PARAMETRIC_REPRESENTATION_CONTEXT() REPRESENTATION_CONTEXT('2D SPACE',''
  ) );
#2766 = ADVANCED_FACE('',(#2767),#785,.T.);
#2767 = FACE_BOUND('',#2768,.T.);
#2768 = EDGE_LOOP('',(#2769,#2770,#2793,#2814));
#2769 = ORIENTED_EDGE('',*,*,#2711,.F.);
#2770 = ORIENTED_EDGE('',*,*,#2771,.T.);
#2771 = EDGE_CURVE('',#2687,#2772,#2774,.T.);
#2772 = VERTEX_POINT('',#2773);
#2773 = CARTESIAN_POINT('',(8.,16.5,12.));
#2774 = SURFACE_CURVE('',#2775,(#2779,#2786),.PCURVE_S1.);
#2775 = LINE('',#2776,#2777);
#2776 = CARTESIAN_POINT('',(8.,15.,12.));
#2777 = VECTOR('',#2778,1.);
#2778 = DIRECTION('',(-0.,1.,0.));
#2779 = PCURVE('',#785,#2780);
#2780 = DEFINITIONAL_REPRESENTATION('',(#2781),#2785);
#2781 = LINE('',#2782,#2783);
#2782 = CARTESIAN_POINT('',(0.,0.));
#2783 = VECTOR('',#2784,1.);
#2784 = DIRECTION('',(0.,-1.));
#2785 = ( GEOMETRIC_REPRESENTATION_CONTEXT(2) 
PARAMETRIC_REPRESENTATION_CONTEXT() REPRESENTATION_CONTEXT('2D SPACE',''
  ) );
#2786 = PCURVE('',#2359,#2787);
#2787 = DEFINITIONAL_REPRESENTATION('',(#2788),#2792);
#2788 = LINE('',#2789,#2790);
#2789 = CARTESIAN_POINT('',(24.,6.7));
#2790 = VECTOR('',#2791,1.);
#2791 = DIRECTION('',(0.,1.));
#2792 = ( GEOMETRIC_REPRESENTATION_CONTEXT(2) 
PARAMETRIC_REPRESENTATION_CONTEXT() REPRESENTATION_CONTEXT('2D SPACE',''
  ) );
#2793 = ORIENTED_EDGE('',*,*,#2794,.T.);
#2794 = EDGE_CURVE('',#2772,#770,#2795,.T.);
#2795 = SURFACE_CURVE('',#2796,(#2800,#2807),.PCURVE_S1.);
#2796 = LINE('',#2797,#2798);
#2797 = CARTESIAN_POINT('',(8.,16.5,12.));
#2798 = VECTOR('',#2799,1.);
#2799 = DIRECTION('',(0.,0.,1.));
#2800 = PCURVE('',#785,#2801);
#2801 = DEFINITIONAL_REPRESENTATION('',(#2802),#2806);
#2802 = LINE('',#2803,#2804);
#2803 = CARTESIAN_POINT('',(0.,-1.5));
#2804 = VECTOR('',#2805,1.);
#2805 = DIRECTION('',(1.,0.));
#2806 = ( GEOMETRIC_REPRESENTATION_CONTEXT(2) 
PARAMETRIC_REPRESENTATION_CONTEXT() REPRESENTATION_CONTEXT('2D SPACE',''
  ) );
#2807 = PCURVE('',#813,#2808);
#2808 = DEFINITIONAL_REPRESENTATION('',(#2809),#2813);
#2809 = LINE('',#2810,#2811);
#2810 = CARTESIAN_POINT('',(0.,24.));
#2811 = VECTOR('',#2812,1.);
#2812 = DIRECTION('',(1.,0.));
#2813 = ( GEOMETRIC_REPRESENTATION_CONTEXT(2) 
PARAMETRIC_REPRESENTATION_CONTEXT() REPRESENTATION_CONTEXT('2D SPACE',''
  ) );
#2814 = ORIENTED_EDGE('',*,*,#769,.F.);
#2815 = ADVANCED_FACE('',(#2816,#2864),#813,.T.);
#2816 = FACE_BOUND('',#2817,.T.);
#2817 = EDGE_LOOP('',(#2818,#2841,#2862,#2863));
#2818 = ORIENTED_EDGE('',*,*,#2819,.F.);
#2819 = EDGE_CURVE('',#2820,#2772,#2822,.T.);
#2820 = VERTEX_POINT('',#2821);
#2821 = CARTESIAN_POINT('',(-16.,16.5,12.));
#2822 = SURFACE_CURVE('',#2823,(#2827,#2834),.PCURVE_S1.);
#2823 = LINE('',#2824,#2825);
#2824 = CARTESIAN_POINT('',(-16.,16.5,12.));
#2825 = VECTOR('',#2826,1.);
#2826 = DIRECTION('',(1.,0.,0.));
#2827 = PCURVE('',#813,#2828);
#2828 = DEFINITIONAL_REPRESENTATION('',(#2829),#2833);
#2829 = LINE('',#2830,#2831);
#2830 = CARTESIAN_POINT('',(0.,0.));
#2831 = VECTOR('',#2832,1.);
#2832 = DIRECTION('',(0.,1.));
#2833 = ( GEOMETRIC_REPRESENTATION_CONTEXT(2) 
PARAMETRIC_REPRESENTATION_CONTEXT() REPRESENTATION_CONTEXT('2D SPACE',''
  ) );
#2834 = PCURVE('',#2359,#2835);
#2835 = DEFINITIONAL_REPRESENTATION('',(#2836),#2840);
#2836 = LINE('',#2837,#2838);
#2837 = CARTESIAN_POINT('',(0.,8.2));
#2838 = VECTOR('',#2839,1.);
#2839 = DIRECTION('',(1.,0.));
#2840 = ( GEOMETRIC_REPRESENTATION_CONTEXT(2) 
PARAMETRIC_REPRESENTATION_CONTEXT() REPRESENTATION_CONTEXT('2D SPACE',''
  ) );
#2841 = ORIENTED_EDGE('',*,*,#2842,.T.);
#2842 = EDGE_CURVE('',#2820,#798,#2843,.T.);
#2843 = SURFACE_CURVE('',#2844,(#2848,#2855),.PCURVE_S1.);
#2844 = LINE('',#2845,#2846);
#2845 = CARTESIAN_POINT('',(-16.,16.5,12.));
#2846 = VECTOR('',#2847,1.);
#2847 = DIRECTION('',(0.,0.,1.));
#2848 = PCURVE('',#813,#2849);
#2849 = DEFINITIONAL_REPRESENTATION('',(#2850),#2854);
#2850 = LINE('',#2851,#2852);
#2851 = CARTESIAN_POINT('',(0.,0.));
#2852 = VECTOR('',#2853,1.);
#2853 = DIRECTION('',(1.,0.));
#2854 = ( GEOMETRIC_REPRESENTATION_CONTEXT(2) 
PARAMETRIC_REPRESENTATION_CONTEXT() REPRESENTATION_CONTEXT('2D SPACE',''
  ) );
#2855 = PCURVE('',#841,#2856);
#2856 = DEFINITIONAL_REPRESENTATION('',(#2857),#2861);
#2857 = LINE('',#2858,#2859);
#2858 = CARTESIAN_POINT('',(0.,-8.2));
#2859 = VECTOR('',#2860,1.);
#2860 = DIRECTION('',(1.,0.));
#2861 = ( GEOMETRIC_REPRESENTATION_CONTEXT(2) 
PARAMETRIC_REPRESENTATION_CONTEXT() REPRESENTATION_CONTEXT('2D SPACE',''
  ) );
#2862 = ORIENTED_EDGE('',*,*,#797,.F.);
#2863 = ORIENTED_EDGE('',*,*,#2794,.F.);
#2864 = FACE_BOUND('',#2865,.T.);
#2865 = EDGE_LOOP('',(#2866));
#2866 = ORIENTED_EDGE('',*,*,#2867,.T.);
#2867 = EDGE_CURVE('',#2868,#2868,#2870,.T.);
#2868 = VERTEX_POINT('',#2869);
#2869 = CARTESIAN_POINT('',(2.8,16.5,20.));
#2870 = SURFACE_CURVE('',#2871,(#2876,#2887),.PCURVE_S1.);
#2871 = CIRCLE('',#2872,2.8);
#2872 = AXIS2_PLACEMENT_3D('',#2873,#2874,#2875);
#2873 = CARTESIAN_POINT('',(0.,16.5,20.));
#2874 = DIRECTION('',(0.,-1.,2.22044604925E-16));
#2875 = DIRECTION('',(1.,0.,0.));
#2876 = PCURVE('',#813,#2877);
#2877 = DEFINITIONAL_REPRESENTATION('',(#2878),#2886);
#2878 = ( BOUNDED_CURVE() B_SPLINE_CURVE(2,(#2879,#2880,#2881,#2882,
#2883,#2884,#2885),.UNSPECIFIED.,.T.,.F.) B_SPLINE_CURVE_WITH_KNOTS((1,2
    ,2,2,2,1),(-2.094395102393,0.,2.094395102393,4.188790204786,
6.28318530718,8.377580409573),.UNSPECIFIED.) CURVE() 
GEOMETRIC_REPRESENTATION_ITEM() RATIONAL_B_SPLINE_CURVE((1.,0.5,1.,0.5,
1.,0.5,1.)) REPRESENTATION_ITEM('') );
#2879 = CARTESIAN_POINT('',(8.,18.8));
#2880 = CARTESIAN_POINT('',(12.849742261193,18.8));
#2881 = CARTESIAN_POINT('',(10.424871130596,14.6));
#2882 = CARTESIAN_POINT('',(8.,10.4));
#2883 = CARTESIAN_POINT('',(5.575128869404,14.6));
#2884 = CARTESIAN_POINT('',(3.150257738807,18.8));
#2885 = CARTESIAN_POINT('',(8.,18.8));
#2886 = ( GEOMETRIC_REPRESENTATION_CONTEXT(2) 
PARAMETRIC_REPRESENTATION_CONTEXT() REPRESENTATION_CONTEXT('2D SPACE',''
  ) );
#2887 = PCURVE('',#2755,#2888);
#2888 = DEFINITIONAL_REPRESENTATION('',(#2889),#2893);
#2889 = LINE('',#2890,#2891);
#2890 = CARTESIAN_POINT('',(0.,5.));
#2891 = VECTOR('',#2892,1.);
#2892 = DIRECTION('',(1.,0.));
#2893 = ( GEOMETRIC_REPRESENTATION_CONTEXT(2) 
PARAMETRIC_REPRESENTATION_CONTEXT() REPRESENTATION_CONTEXT('2D SPACE',''
  ) );
#2894 = ADVANCED_FACE('',(#2895),#841,.F.);
#2895 = FACE_BOUND('',#2896,.F.);
#2896 = EDGE_LOOP('',(#2897,#2898,#2919,#2920));
#2897 = ORIENTED_EDGE('',*,*,#2321,.T.);
#2898 = ORIENTED_EDGE('',*,*,#2899,.T.);
#2899 = EDGE_CURVE('',#2322,#2820,#2900,.T.);
#2900 = SURFACE_CURVE('',#2901,(#2905,#2912),.PCURVE_S1.);
#2901 = LINE('',#2902,#2903);
#2902 = CARTESIAN_POINT('',(-16.,8.5,12.));
#2903 = VECTOR('',#2904,1.);
#2904 = DIRECTION('',(0.,1.,0.));
#2905 = PCURVE('',#841,#2906);
#2906 = DEFINITIONAL_REPRESENTATION('',(#2907),#2911);
#2907 = LINE('',#2908,#2909);
#2908 = CARTESIAN_POINT('',(0.,-0.2));
#2909 = VECTOR('',#2910,1.);
#2910 = DIRECTION('',(0.,-1.));
#2911 = ( GEOMETRIC_REPRESENTATION_CONTEXT(2) 
PARAMETRIC_REPRESENTATION_CONTEXT() REPRESENTATION_CONTEXT('2D SPACE',''
  ) );
#2912 = PCURVE('',#2359,#2913);
#2913 = DEFINITIONAL_REPRESENTATION('',(#2914),#2918);
#2914 = LINE('',#2915,#2916);
#2915 = CARTESIAN_POINT('',(0.,0.2));
#2916 = VECTOR('',#2917,1.);
#2917 = DIRECTION('',(0.,1.));
#2918 = ( GEOMETRIC_REPRESENTATION_CONTEXT(2) 
PARAMETRIC_REPRESENTATION_CONTEXT() REPRESENTATION_CONTEXT('2D SPACE',''
  ) );
#2919 = ORIENTED_EDGE('',*,*,#2842,.T.);
#2920 = ORIENTED_EDGE('',*,*,#825,.T.);
#2921 = ADVANCED_FACE('',(#2922),#892,.F.);
#2922 = FACE_BOUND('',#2923,.F.);
#2923 = EDGE_LOOP('',(#2924,#2925,#2926,#2927));
#2924 = ORIENTED_EDGE('',*,*,#1924,.F.);
#2925 = ORIENTED_EDGE('',*,*,#1490,.T.);
#2926 = ORIENTED_EDGE('',*,*,#2299,.T.);
#2927 = ORIENTED_EDGE('',*,*,#876,.F.);
#2928 = ADVANCED_FACE('',(#2929),#941,.F.);
#2929 = FACE_BOUND('',#2930,.F.);
#2930 = EDGE_LOOP('',(#2931,#2932,#2933,#2954));
#2931 = ORIENTED_EDGE('',*,*,#927,.F.);
#2932 = ORIENTED_EDGE('',*,*,#981,.T.);
#2933 = ORIENTED_EDGE('',*,*,#2934,.T.);
#2934 = EDGE_CURVE('',#982,#1947,#2935,.T.);
#2935 = SURFACE_CURVE('',#2936,(#2940,#2947),.PCURVE_S1.);
#2936 = LINE('',#2937,#2938);
#2937 = CARTESIAN_POINT('',(-14.,-4.7,20.));
#2938 = VECTOR('',#2939,1.);
#2939 = DIRECTION('',(-0.,1.,0.));
#2940 = PCURVE('',#941,#2941);
#2941 = DEFINITIONAL_REPRESENTATION('',(#2942),#2946);
#2942 = LINE('',#2943,#2944);
#2943 = CARTESIAN_POINT('',(0.,0.));
#2944 = VECTOR('',#2945,1.);
#2945 = DIRECTION('',(0.,-1.));
#2946 = ( GEOMETRIC_REPRESENTATION_CONTEXT(2) 
PARAMETRIC_REPRESENTATION_CONTEXT() REPRESENTATION_CONTEXT('2D SPACE',''
  ) );
#2947 = PCURVE('',#1017,#2948);
#2948 = DEFINITIONAL_REPRESENTATION('',(#2949),#2953);
#2949 = LINE('',#2950,#2951);
#2950 = CARTESIAN_POINT('',(0.,0.));
#2951 = VECTOR('',#2952,1.);
#2952 = DIRECTION('',(0.,1.));
#2953 = ( GEOMETRIC_REPRESENTATION_CONTEXT(2) 
PARAMETRIC_REPRESENTATION_CONTEXT() REPRESENTATION_CONTEXT('2D SPACE',''
  ) );
#2954 = ORIENTED_EDGE('',*,*,#1946,.F.);
#2955 = ADVANCED_FACE('',(#2956),#1213,.F.);
#2956 = FACE_BOUND('',#2957,.F.);
#2957 = EDGE_LOOP('',(#2958,#2979,#2980,#2981));
#2958 = ORIENTED_EDGE('',*,*,#2959,.F.);
#2959 = EDGE_CURVE('',#1175,#2052,#2960,.T.);
#2960 = SURFACE_CURVE('',#2961,(#2965,#2972),.PCURVE_S1.);
#2961 = LINE('',#2962,#2963);
#2962 = CARTESIAN_POINT('',(-14.,-4.7,-20.));
#2963 = VECTOR('',#2964,1.);
#2964 = DIRECTION('',(-0.,1.,0.));
#2965 = PCURVE('',#1213,#2966);
#2966 = DEFINITIONAL_REPRESENTATION('',(#2967),#2971);
#2967 = LINE('',#2968,#2969);
#2968 = CARTESIAN_POINT('',(6.,0.));
#2969 = VECTOR('',#2970,1.);
#2970 = DIRECTION('',(0.,-1.));
#2971 = ( GEOMETRIC_REPRESENTATION_CONTEXT(2) 
PARAMETRIC_REPRESENTATION_CONTEXT() REPRESENTATION_CONTEXT('2D SPACE',''
  ) );
#2972 = PCURVE('',#1189,#2973);
#2973 = DEFINITIONAL_REPRESENTATION('',(#2974),#2978);
#2974 = LINE('',#2975,#2976);
#2975 = CARTESIAN_POINT('',(0.,0.));
#2976 = VECTOR('',#2977,1.);
#2977 = DIRECTION('',(0.,1.));
#2978 = ( GEOMETRIC_REPRESENTATION_CONTEXT(2) 
PARAMETRIC_REPRESENTATION_CONTEXT() REPRESENTATION_CONTEXT('2D SPACE',''
  ) );
#2979 = ORIENTED_EDGE('',*,*,#1200,.T.);
#2980 = ORIENTED_EDGE('',*,*,#1536,.T.);
#2981 = ORIENTED_EDGE('',*,*,#2072,.F.);
#2982 = ADVANCED_FACE('',(#2983),#1189,.T.);
#2983 = FACE_BOUND('',#2984,.T.);
#2984 = EDGE_LOOP('',(#2985,#2986,#2987,#3008));
#2985 = ORIENTED_EDGE('',*,*,#2959,.F.);
#2986 = ORIENTED_EDGE('',*,*,#1174,.T.);
#2987 = ORIENTED_EDGE('',*,*,#2988,.T.);
#2988 = EDGE_CURVE('',#1149,#2031,#2989,.T.);
#2989 = SURFACE_CURVE('',#2990,(#2994,#3001),.PCURVE_S1.);
#2990 = LINE('',#2991,#2992);
#2991 = CARTESIAN_POINT('',(14.,-4.7,-20.));
#2992 = VECTOR('',#2993,1.);
#2993 = DIRECTION('',(-0.,1.,0.));
#2994 = PCURVE('',#1189,#2995);
#2995 = DEFINITIONAL_REPRESENTATION('',(#2996),#3000);
#2996 = LINE('',#2997,#2998);
#2997 = CARTESIAN_POINT('',(28.,0.));
#2998 = VECTOR('',#2999,1.);
#2999 = DIRECTION('',(0.,1.));
#3000 = ( GEOMETRIC_REPRESENTATION_CONTEXT(2) 
PARAMETRIC_REPRESENTATION_CONTEXT() REPRESENTATION_CONTEXT('2D SPACE',''
  ) );
#3001 = PCURVE('',#1163,#3002);
#3002 = DEFINITIONAL_REPRESENTATION('',(#3003),#3007);
#3003 = LINE('',#3004,#3005);
#3004 = CARTESIAN_POINT('',(6.,0.));
#3005 = VECTOR('',#3006,1.);
#3006 = DIRECTION('',(0.,-1.));
#3007 = ( GEOMETRIC_REPRESENTATION_CONTEXT(2) 
PARAMETRIC_REPRESENTATION_CONTEXT() REPRESENTATION_CONTEXT('2D SPACE',''
  ) );
#3008 = ORIENTED_EDGE('',*,*,#2051,.F.);
#3009 = ADVANCED_FACE('',(#3010),#1163,.T.);
#3010 = FACE_BOUND('',#3011,.T.);
#3011 = EDGE_LOOP('',(#3012,#3013,#3014,#3015));
#3012 = ORIENTED_EDGE('',*,*,#2988,.F.);
#3013 = ORIENTED_EDGE('',*,*,#1148,.T.);
#3014 = ORIENTED_EDGE('',*,*,#1398,.T.);
#3015 = ORIENTED_EDGE('',*,*,#2030,.F.);
#3016 = ADVANCED_FACE('',(#3017),#1071,.F.);
#3017 = FACE_BOUND('',#3018,.F.);
#3018 = EDGE_LOOP('',(#3019,#3020,#3021,#3022));
#3019 = ORIENTED_EDGE('',*,*,#1751,.T.);
#3020 = ORIENTED_EDGE('',*,*,#1056,.T.);
#3021 = ORIENTED_EDGE('',*,*,#1878,.T.);
#3022 = ORIENTED_EDGE('',*,*,#1987,.F.);
#3023 = ADVANCED_FACE('',(#3024),#1017,.F.);
#3024 = FACE_BOUND('',#3025,.F.);
#3025 = EDGE_LOOP('',(#3026,#3027,#3028,#3029));
#3026 = ORIENTED_EDGE('',*,*,#2934,.F.);
#3027 = ORIENTED_EDGE('',*,*,#1002,.T.);
#3028 = ORIENTED_EDGE('',*,*,#1852,.F.);
#3029 = ORIENTED_EDGE('',*,*,#1967,.F.);
#3030 = ADVANCED_FACE('',(#3031),#2114,.F.);
#3031 = FACE_BOUND('',#3032,.F.);
#3032 = EDGE_LOOP('',(#3033,#3034,#3055,#3056));
#3033 = ORIENTED_EDGE('',*,*,#2093,.F.);
#3034 = ORIENTED_EDGE('',*,*,#3035,.F.);
#3035 = EDGE_CURVE('',#2394,#2094,#3036,.T.);
#3036 = SEAM_CURVE('',#3037,(#3041,#3048),.PCURVE_S1.);
#3037 = LINE('',#3038,#3039);
#3038 = CARTESIAN_POINT('',(-26.2,12.,-6.858022075225E-16));
#3039 = VECTOR('',#3040,1.);
#3040 = DIRECTION('',(0.,-1.,2.22044604925E-16));
#3041 = PCURVE('',#2114,#3042);
#3042 = DEFINITIONAL_REPRESENTATION('',(#3043),#3047);
#3043 = LINE('',#3044,#3045);
#3044 = CARTESIAN_POINT('',(6.28318530718,-0.));
#3045 = VECTOR('',#3046,1.);
#3046 = DIRECTION('',(0.,1.));
#3047 = ( GEOMETRIC_REPRESENTATION_CONTEXT(2) 
PARAMETRIC_REPRESENTATION_CONTEXT() REPRESENTATION_CONTEXT('2D SPACE',''
  ) );
#3048 = PCURVE('',#2114,#3049);
#3049 = DEFINITIONAL_REPRESENTATION('',(#3050),#3054);
#3050 = LINE('',#3051,#3052);
#3051 = CARTESIAN_POINT('',(0.,-0.));
#3052 = VECTOR('',#3053,1.);
#3053 = DIRECTION('',(0.,1.));
#3054 = ( GEOMETRIC_REPRESENTATION_CONTEXT(2) 
PARAMETRIC_REPRESENTATION_CONTEXT() REPRESENTATION_CONTEXT('2D SPACE',''
  ) );
#3055 = ORIENTED_EDGE('',*,*,#2393,.T.);
#3056 = ORIENTED_EDGE('',*,*,#3035,.T.);
#3057 = ADVANCED_FACE('',(#3058),#2145,.F.);
#3058 = FACE_BOUND('',#3059,.F.);
#3059 = EDGE_LOOP('',(#3060,#3081,#3082,#3103));
#3060 = ORIENTED_EDGE('',*,*,#3061,.F.);
#3061 = EDGE_CURVE('',#2129,#2424,#3062,.T.);
#3062 = SURFACE_CURVE('',#3063,(#3067,#3074),.PCURVE_S1.);
#3063 = LINE('',#3064,#3065);
#3064 = CARTESIAN_POINT('',(-40.,-10.,-10.));
#3065 = VECTOR('',#3066,1.);
#3066 = DIRECTION('',(-0.,1.,0.));
#3067 = PCURVE('',#2145,#3068);
#3068 = DEFINITIONAL_REPRESENTATION('',(#3069),#3073);
#3069 = LINE('',#3070,#3071);
#3070 = CARTESIAN_POINT('',(0.,0.));
#3071 = VECTOR('',#3072,1.);
#3072 = DIRECTION('',(0.,1.));
#3073 = ( GEOMETRIC_REPRESENTATION_CONTEXT(2) 
PARAMETRIC_REPRESENTATION_CONTEXT() REPRESENTATION_CONTEXT('2D SPACE',''
  ) );
#3074 = PCURVE('',#2171,#3075);
#3075 = DEFINITIONAL_REPRESENTATION('',(#3076),#3080);
#3076 = LINE('',#3077,#3078);
#3077 = CARTESIAN_POINT('',(8.,0.));
#3078 = VECTOR('',#3079,1.);
#3079 = DIRECTION('',(0.,-1.));
#3080 = ( GEOMETRIC_REPRESENTATION_CONTEXT(2) 
PARAMETRIC_REPRESENTATION_CONTEXT() REPRESENTATION_CONTEXT('2D SPACE',''
  ) );
#3081 = ORIENTED_EDGE('',*,*,#2128,.T.);
#3082 = ORIENTED_EDGE('',*,*,#3083,.T.);
#3083 = EDGE_CURVE('',#2131,#2426,#3084,.T.);
#3084 = SURFACE_CURVE('',#3085,(#3089,#3096),.PCURVE_S1.);
#3085 = LINE('',#3086,#3087);
#3086 = CARTESIAN_POINT('',(40.,-10.,-10.));
#3087 = VECTOR('',#3088,1.);
#3088 = DIRECTION('',(-0.,1.,0.));
#3089 = PCURVE('',#2145,#3090);
#3090 = DEFINITIONAL_REPRESENTATION('',(#3091),#3095);
#3091 = LINE('',#3092,#3093);
#3092 = CARTESIAN_POINT('',(80.,0.));
#3093 = VECTOR('',#3094,1.);
#3094 = DIRECTION('',(0.,1.));
#3095 = ( GEOMETRIC_REPRESENTATION_CONTEXT(2) 
PARAMETRIC_REPRESENTATION_CONTEXT() REPRESENTATION_CONTEXT('2D SPACE',''
  ) );
#3096 = PCURVE('',#2221,#3097);
#3097 = DEFINITIONAL_REPRESENTATION('',(#3098),#3102);
#3098 = LINE('',#3099,#3100);
#3099 = CARTESIAN_POINT('',(8.,0.));
#3100 = VECTOR('',#3101,1.);
#3101 = DIRECTION('',(0.,-1.));
#3102 = ( GEOMETRIC_REPRESENTATION_CONTEXT(2) 
PARAMETRIC_REPRESENTATION_CONTEXT() REPRESENTATION_CONTEXT('2D SPACE',''
  ) );
#3103 = ORIENTED_EDGE('',*,*,#2423,.F.);
#3104 = ADVANCED_FACE('',(#3105),#2221,.F.);
#3105 = FACE_BOUND('',#3106,.F.);
#3106 = EDGE_LOOP('',(#3107,#3108,#3109,#3130));
#3107 = ORIENTED_EDGE('',*,*,#3083,.F.);
#3108 = ORIENTED_EDGE('',*,*,#2208,.T.);
#3109 = ORIENTED_EDGE('',*,*,#3110,.T.);
#3110 = EDGE_CURVE('',#2183,#2468,#3111,.T.);
#3111 = SURFACE_CURVE('',#3112,(#3116,#3123),.PCURVE_S1.);
#3112 = LINE('',#3113,#3114);
#3113 = CARTESIAN_POINT('',(40.,-10.,-18.));
#3114 = VECTOR('',#3115,1.);
#3115 = DIRECTION('',(-0.,1.,0.));
#3116 = PCURVE('',#2221,#3117);
#3117 = DEFINITIONAL_REPRESENTATION('',(#3118),#3122);
#3118 = LINE('',#3119,#3120);
#3119 = CARTESIAN_POINT('',(0.,0.));
#3120 = VECTOR('',#3121,1.);
#3121 = DIRECTION('',(0.,-1.));
#3122 = ( GEOMETRIC_REPRESENTATION_CONTEXT(2) 
PARAMETRIC_REPRESENTATION_CONTEXT() REPRESENTATION_CONTEXT('2D SPACE',''
  ) );
#3123 = PCURVE('',#2197,#3124);
#3124 = DEFINITIONAL_REPRESENTATION('',(#3125),#3129);
#3125 = LINE('',#3126,#3127);
#3126 = CARTESIAN_POINT('',(80.,0.));
#3127 = VECTOR('',#3128,1.);
#3128 = DIRECTION('',(0.,1.));
#3129 = ( GEOMETRIC_REPRESENTATION_CONTEXT(2) 
PARAMETRIC_REPRESENTATION_CONTEXT() REPRESENTATION_CONTEXT('2D SPACE',''
  ) );
#3130 = ORIENTED_EDGE('',*,*,#2488,.F.);
#3131 = ADVANCED_FACE('',(#3132),#2197,.T.);
#3132 = FACE_BOUND('',#3133,.T.);
#3133 = EDGE_LOOP('',(#3134,#3155,#3156,#3157));
#3134 = ORIENTED_EDGE('',*,*,#3135,.F.);
#3135 = EDGE_CURVE('',#2157,#2447,#3136,.T.);
#3136 = SURFACE_CURVE('',#3137,(#3141,#3148),.PCURVE_S1.);
#3137 = LINE('',#3138,#3139);
#3138 = CARTESIAN_POINT('',(-40.,-10.,-18.));
#3139 = VECTOR('',#3140,1.);
#3140 = DIRECTION('',(-0.,1.,0.));
#3141 = PCURVE('',#2197,#3142);
#3142 = DEFINITIONAL_REPRESENTATION('',(#3143),#3147);
#3143 = LINE('',#3144,#3145);
#3144 = CARTESIAN_POINT('',(0.,0.));
#3145 = VECTOR('',#3146,1.);
#3146 = DIRECTION('',(0.,1.));
#3147 = ( GEOMETRIC_REPRESENTATION_CONTEXT(2) 
PARAMETRIC_REPRESENTATION_CONTEXT() REPRESENTATION_CONTEXT('2D SPACE',''
  ) );
#3148 = PCURVE('',#2171,#3149);
#3149 = DEFINITIONAL_REPRESENTATION('',(#3150),#3154);
#3150 = LINE('',#3151,#3152);
#3151 = CARTESIAN_POINT('',(0.,0.));
#3152 = VECTOR('',#3153,1.);
#3153 = DIRECTION('',(0.,-1.));
#3154 = ( GEOMETRIC_REPRESENTATION_CONTEXT(2) 
PARAMETRIC_REPRESENTATION_CONTEXT() REPRESENTATION_CONTEXT('2D SPACE',''
  ) );
#3155 = ORIENTED_EDGE('',*,*,#2182,.T.);
#3156 = ORIENTED_EDGE('',*,*,#3110,.T.);
#3157 = ORIENTED_EDGE('',*,*,#2467,.F.);
#3158 = ADVANCED_FACE('',(#3159),#2171,.T.);
#3159 = FACE_BOUND('',#3160,.T.);
#3160 = EDGE_LOOP('',(#3161,#3162,#3163,#3164));
#3161 = ORIENTED_EDGE('',*,*,#3061,.F.);
#3162 = ORIENTED_EDGE('',*,*,#2156,.T.);
#3163 = ORIENTED_EDGE('',*,*,#3135,.T.);
#3164 = ORIENTED_EDGE('',*,*,#2446,.F.);
#3165 = ADVANCED_FACE('',(#3166),#2255,.F.);
#3166 = FACE_BOUND('',#3167,.F.);
#3167 = EDGE_LOOP('',(#3168,#3169,#3190,#3191));
#3168 = ORIENTED_EDGE('',*,*,#2234,.F.);
#3169 = ORIENTED_EDGE('',*,*,#3170,.F.);
#3170 = EDGE_CURVE('',#2510,#2235,#3171,.T.);
#3171 = SEAM_CURVE('',#3172,(#3176,#3183),.PCURVE_S1.);
#3172 = LINE('',#3173,#3174);
#3173 = CARTESIAN_POINT('',(31.8,12.,-6.858022075225E-16));
#3174 = VECTOR('',#3175,1.);
#3175 = DIRECTION('',(0.,-1.,2.22044604925E-16));
#3176 = PCURVE('',#2255,#3177);
#3177 = DEFINITIONAL_REPRESENTATION('',(#3178),#3182);
#3178 = LINE('',#3179,#3180);
#3179 = CARTESIAN_POINT('',(6.28318530718,-0.));
#3180 = VECTOR('',#3181,1.);
#3181 = DIRECTION('',(0.,1.));
#3182 = ( GEOMETRIC_REPRESENTATION_CONTEXT(2) 
PARAMETRIC_REPRESENTATION_CONTEXT() REPRESENTATION_CONTEXT('2D SPACE',''
  ) );
#3183 = PCURVE('',#2255,#3184);
#3184 = DEFINITIONAL_REPRESENTATION('',(#3185),#3189);
#3185 = LINE('',#3186,#3187);
#3186 = CARTESIAN_POINT('',(0.,-0.));
#3187 = VECTOR('',#3188,1.);
#3188 = DIRECTION('',(0.,1.));
#3189 = ( GEOMETRIC_REPRESENTATION_CONTEXT(2) 
PARAMETRIC_REPRESENTATION_CONTEXT() REPRESENTATION_CONTEXT('2D SPACE',''
  ) );
#3190 = ORIENTED_EDGE('',*,*,#2509,.T.);
#3191 = ORIENTED_EDGE('',*,*,#3170,.T.);
#3192 = ADVANCED_FACE('',(#3193),#2359,.F.);
#3193 = FACE_BOUND('',#3194,.F.);
#3194 = EDGE_LOOP('',(#3195,#3196,#3197,#3198,#3199,#3200,#3201,#3202));
#3195 = ORIENTED_EDGE('',*,*,#2589,.F.);
#3196 = ORIENTED_EDGE('',*,*,#2641,.T.);
#3197 = ORIENTED_EDGE('',*,*,#2686,.T.);
#3198 = ORIENTED_EDGE('',*,*,#2771,.T.);
#3199 = ORIENTED_EDGE('',*,*,#2819,.F.);
#3200 = ORIENTED_EDGE('',*,*,#2899,.F.);
#3201 = ORIENTED_EDGE('',*,*,#2343,.T.);
#3202 = ORIENTED_EDGE('',*,*,#2542,.T.);
#3203 = ADVANCED_FACE('',(#3204),#2755,.F.);
#3204 = FACE_BOUND('',#3205,.F.);
#3205 = EDGE_LOOP('',(#3206,#3207,#3228,#3229));
#3206 = ORIENTED_EDGE('',*,*,#2734,.F.);
#3207 = ORIENTED_EDGE('',*,*,#3208,.F.);
#3208 = EDGE_CURVE('',#2868,#2735,#3209,.T.);
#3209 = SEAM_CURVE('',#3210,(#3214,#3221),.PCURVE_S1.);
#3210 = LINE('',#3211,#3212);
#3211 = CARTESIAN_POINT('',(2.8,21.5,20.));
#3212 = VECTOR('',#3213,1.);
#3213 = DIRECTION('',(0.,-1.,2.22044604925E-16));
#3214 = PCURVE('',#2755,#3215);
#3215 = DEFINITIONAL_REPRESENTATION('',(#3216),#3220);
#3216 = LINE('',#3217,#3218);
#3217 = CARTESIAN_POINT('',(6.28318530718,-0.));
#3218 = VECTOR('',#3219,1.);
#3219 = DIRECTION('',(0.,1.));
#3220 = ( GEOMETRIC_REPRESENTATION_CONTEXT(2) 
PARAMETRIC_REPRESENTATION_CONTEXT() REPRESENTATION_CONTEXT('2D SPACE',''
  ) );
#3221 = PCURVE('',#2755,#3222);
#3222 = DEFINITIONAL_REPRESENTATION('',(#3223),#3227);
#3223 = LINE('',#3224,#3225);
#3224 = CARTESIAN_POINT('',(0.,-0.));
#3225 = VECTOR('',#3226,1.);
#3226 = DIRECTION('',(0.,1.));
#3227 = ( GEOMETRIC_REPRESENTATION_CONTEXT(2) 
PARAMETRIC_REPRESENTATION_CONTEXT() REPRESENTATION_CONTEXT('2D SPACE',''
  ) );
#3228 = ORIENTED_EDGE('',*,*,#2867,.T.);
#3229 = ORIENTED_EDGE('',*,*,#3208,.T.);
#3230 = ( GEOMETRIC_REPRESENTATION_CONTEXT(3) 
GLOBAL_UNCERTAINTY_ASSIGNED_CONTEXT((#3234)) 
GLOBAL_UNIT_ASSIGNED_CONTEXT((#3231,#3232,#3233)) REPRESENTATION_CONTEXT
('Context #1','3D Context with UNIT and UNCERTAINTY') );
#3231 = ( LENGTH_UNIT() NAMED_UNIT(*) SI_UNIT(.MILLI.,.METRE.) );
#3232 = ( NAMED_UNIT(*) PLANE_ANGLE_UNIT() SI_UNIT($,.RADIAN.) );
#3233 = ( NAMED_UNIT(*) SI_UNIT($,.STERADIAN.) SOLID_ANGLE_UNIT() );
#3234 = UNCERTAINTY_MEASURE_WITH_UNIT(LENGTH_MEASURE(2.E-07),#3231,
  'distance_accuracy_value','confusion accuracy');
#3235 = CONTEXT_DEPENDENT_SHAPE_REPRESENTATION(#3236,#3238);
#3236 = ( REPRESENTATION_RELATIONSHIP('','',#60,#10) 
REPRESENTATION_RELATIONSHIP_WITH_TRANSFORMATION(#3237) 
SHAPE_REPRESENTATION_RELATIONSHIP() );
#3237 = ITEM_DEFINED_TRANSFORMATION('','',#11,#15);
#3238 = PRODUCT_DEFINITION_SHAPE('Placement','Placement of an item',
  #3239);
#3239 = NEXT_ASSEMBLY_USAGE_OCCURRENCE('75','center_yoke','',#5,#55,$);
#3240 = PRODUCT_RELATED_PRODUCT_CATEGORY('part',$,(#57));
#3241 = SHAPE_DEFINITION_REPRESENTATION(#3242,#3248);
#3242 = PRODUCT_DEFINITION_SHAPE('','',#3243);
#3243 = PRODUCT_DEFINITION('design','',#3244,#3247);
#3244 = PRODUCT_DEFINITION_FORMATION('','',#3245);
#3245 = PRODUCT('left_shoulder_arm','left_shoulder_arm','',(#3246));
#3246 = PRODUCT_CONTEXT('',#2,'mechanical');
#3247 = PRODUCT_DEFINITION_CONTEXT('part definition',#2,'design');
#3248 = ADVANCED_BREP_SHAPE_REPRESENTATION('',(#11,#3249),#6803);
#3249 = MANIFOLD_SOLID_BREP('',#3250);
#3250 = CLOSED_SHELL('',(#3251,#3652,#3862,#4244,#4355,#4890,#4949,#5054
    ,#5103,#5279,#5862,#5997,#6031,#6037,#6091,#6140,#6167,#6216,#6265,
    #6411,#6440,#6467,#6494,#6501,#6528,#6535,#6561,#6588,#6594,#6621,
    #6628,#6763,#6797));
#3251 = ADVANCED_FACE('',(#3252,#3526,#3617),#3266,.T.);
#3252 = FACE_BOUND('',#3253,.F.);
#3253 = EDGE_LOOP('',(#3254,#3289,#3322,#3350,#3378,#3406,#3434,#3467,
    #3495));
#3254 = ORIENTED_EDGE('',*,*,#3255,.T.);
#3255 = EDGE_CURVE('',#3256,#3258,#3260,.T.);
#3256 = VERTEX_POINT('',#3257);
#3257 = CARTESIAN_POINT('',(-150.2383505304,-3.5,-17.75242513989));
#3258 = VERTEX_POINT('',#3259);
#3259 = CARTESIAN_POINT('',(-6.05097460369,-3.5,7.323640238672));
#3260 = SURFACE_CURVE('',#3261,(#3265,#3277),.PCURVE_S1.);
#3261 = LINE('',#3262,#3263);
#3262 = CARTESIAN_POINT('',(-183.7258541203,-3.5,-23.57633880771));
#3263 = VECTOR('',#3264,1.);
#3264 = DIRECTION('',(0.98521175482,1.902269172752E-17,0.171341174751));
#3265 = PCURVE('',#3266,#3271);
#3266 = PLANE('',#3267);
#3267 = AXIS2_PLACEMENT_3D('',#3268,#3269,#3270);
#3268 = CARTESIAN_POINT('',(-91.54812415367,-3.5,-14.41693272575));
#3269 = DIRECTION('',(-0.,-1.,1.110223024625E-16));
#3270 = DIRECTION('',(1.,0.,0.));
#3271 = DEFINITIONAL_REPRESENTATION('',(#3272),#3276);
#3272 = LINE('',#3273,#3274);
#3273 = CARTESIAN_POINT('',(-92.17772996672,-9.159406081956));
#3274 = VECTOR('',#3275,1.);
#3275 = DIRECTION('',(0.98521175482,0.171341174751));
#3276 = ( GEOMETRIC_REPRESENTATION_CONTEXT(2) 
PARAMETRIC_REPRESENTATION_CONTEXT() REPRESENTATION_CONTEXT('2D SPACE',''
  ) );
#3277 = PCURVE('',#3278,#3283);
#3278 = CYLINDRICAL_SURFACE('',#3279,1.6);
#3279 = AXIS2_PLACEMENT_3D('',#3280,#3281,#3282);
#3280 = CARTESIAN_POINT('',(-183.7258541203,-1.9,-23.57633880771));
#3281 = DIRECTION('',(0.98521175482,1.902269172752E-17,0.171341174751));
#3282 = DIRECTION('',(-0.171341174751,1.093804774332E-16,0.98521175482)
  );
#3283 = DEFINITIONAL_REPRESENTATION('',(#3284),#3288);
#3284 = LINE('',#3285,#3286);
#3285 = CARTESIAN_POINT('',(1.570796326795,0.));
#3286 = VECTOR('',#3287,1.);
#3287 = DIRECTION('',(0.,1.));
#3288 = ( GEOMETRIC_REPRESENTATION_CONTEXT(2) 
PARAMETRIC_REPRESENTATION_CONTEXT() REPRESENTATION_CONTEXT('2D SPACE',''
  ) );
#3289 = ORIENTED_EDGE('',*,*,#3290,.T.);
#3290 = EDGE_CURVE('',#3258,#3291,#3293,.T.);
#3291 = VERTEX_POINT('',#3292);
#3292 = CARTESIAN_POINT('',(-4.,-3.5,-8.616843969807));
#3293 = SURFACE_CURVE('',#3294,(#3299,#3310),.PCURVE_S1.);
#3294 = CIRCLE('',#3295,9.5);
#3295 = AXIS2_PLACEMENT_3D('',#3296,#3297,#3298);
#3296 = CARTESIAN_POINT('',(0.,-3.5,1.554312234475E-15));
#3297 = DIRECTION('',(0.,1.,-2.22044604925E-16));
#3298 = DIRECTION('',(-1.,0.,-0.));
#3299 = PCURVE('',#3266,#3300);
#3300 = DEFINITIONAL_REPRESENTATION('',(#3301),#3309);
#3301 = ( BOUNDED_CURVE() B_SPLINE_CURVE(2,(#3302,#3303,#3304,#3305,
#3306,#3307,#3308),.UNSPECIFIED.,.T.,.F.) B_SPLINE_CURVE_WITH_KNOTS((1,2
    ,2,2,2,1),(-2.094395102393,0.,2.094395102393,4.188790204786,
6.28318530718,8.377580409573),.UNSPECIFIED.) CURVE() 
GEOMETRIC_REPRESENTATION_ITEM() RATIONAL_B_SPLINE_CURVE((1.,0.5,1.,0.5,
1.,0.5,1.)) REPRESENTATION_ITEM('') );
#3302 = CARTESIAN_POINT('',(82.048124153677,14.416932725756));
#3303 = CARTESIAN_POINT('',(82.048124153677,30.87141539766));
#3304 = CARTESIAN_POINT('',(96.298124153677,22.644174061708));
#3305 = CARTESIAN_POINT('',(110.54812415367,14.416932725756));
#3306 = CARTESIAN_POINT('',(96.298124153677,6.189691389804));
#3307 = CARTESIAN_POINT('',(82.048124153677,-2.037549946149));
#3308 = CARTESIAN_POINT('',(82.048124153677,14.416932725756));
#3309 = ( GEOMETRIC_REPRESENTATION_CONTEXT(2) 
PARAMETRIC_REPRESENTATION_CONTEXT() REPRESENTATION_CONTEXT('2D SPACE',''
  ) );
#3310 = PCURVE('',#3311,#3316);
#3311 = CYLINDRICAL_SURFACE('',#3312,9.5);
#3312 = AXIS2_PLACEMENT_3D('',#3313,#3314,#3315);
#3313 = CARTESIAN_POINT('',(0.,3.5,0.));
#3314 = DIRECTION('',(0.,-1.,2.22044604925E-16));
#3315 = DIRECTION('',(-1.,0.,-0.));
#3316 = DEFINITIONAL_REPRESENTATION('',(#3317),#3321);
#3317 = LINE('',#3318,#3319);
#3318 = CARTESIAN_POINT('',(-0.,7.));
#3319 = VECTOR('',#3320,1.);
#3320 = DIRECTION('',(-1.,0.));
#3321 = ( GEOMETRIC_REPRESENTATION_CONTEXT(2) 
PARAMETRIC_REPRESENTATION_CONTEXT() REPRESENTATION_CONTEXT('2D SPACE',''
  ) );
#3322 = ORIENTED_EDGE('',*,*,#3323,.F.);
#3323 = EDGE_CURVE('',#3324,#3291,#3326,.T.);
#3324 = VERTEX_POINT('',#3325);
#3325 = CARTESIAN_POINT('',(-4.,-3.5,-12.));
#3326 = SURFACE_CURVE('',#3327,(#3331,#3338),.PCURVE_S1.);
#3327 = LINE('',#3328,#3329);
#3328 = CARTESIAN_POINT('',(-4.,-3.5,-12.));
#3329 = VECTOR('',#3330,1.);
#3330 = DIRECTION('',(-0.,-0.,1.));
#3331 = PCURVE('',#3266,#3332);
#3332 = DEFINITIONAL_REPRESENTATION('',(#3333),#3337);
#3333 = LINE('',#3334,#3335);
#3334 = CARTESIAN_POINT('',(87.548124153677,2.416932725756));
#3335 = VECTOR('',#3336,1.);
#3336 = DIRECTION('',(0.,1.));
#3337 = ( GEOMETRIC_REPRESENTATION_CONTEXT(2) 
PARAMETRIC_REPRESENTATION_CONTEXT() REPRESENTATION_CONTEXT('2D SPACE',''
  ) );
#3338 = PCURVE('',#3339,#3344);
#3339 = PLANE('',#3340);
#3340 = AXIS2_PLACEMENT_3D('',#3341,#3342,#3343);
#3341 = CARTESIAN_POINT('',(-4.,-3.5,-12.));
#3342 = DIRECTION('',(-1.,-0.,-0.));
#3343 = DIRECTION('',(0.,0.,-1.));
#3344 = DEFINITIONAL_REPRESENTATION('',(#3345),#3349);
#3345 = LINE('',#3346,#3347);
#3346 = CARTESIAN_POINT('',(-0.,-0.));
#3347 = VECTOR('',#3348,1.);
#3348 = DIRECTION('',(-1.,-0.));
#3349 = ( GEOMETRIC_REPRESENTATION_CONTEXT(2) 
PARAMETRIC_REPRESENTATION_CONTEXT() REPRESENTATION_CONTEXT('2D SPACE',''
  ) );
#3350 = ORIENTED_EDGE('',*,*,#3351,.T.);
#3351 = EDGE_CURVE('',#3324,#3352,#3354,.T.);
#3352 = VERTEX_POINT('',#3353);
#3353 = CARTESIAN_POINT('',(-12.,-3.5,-12.));
#3354 = SURFACE_CURVE('',#3355,(#3359,#3366),.PCURVE_S1.);
#3355 = LINE('',#3356,#3357);
#3356 = CARTESIAN_POINT('',(-4.,-3.5,-12.));
#3357 = VECTOR('',#3358,1.);
#3358 = DIRECTION('',(-1.,-0.,-0.));
#3359 = PCURVE('',#3266,#3360);
#3360 = DEFINITIONAL_REPRESENTATION('',(#3361),#3365);
#3361 = LINE('',#3362,#3363);
#3362 = CARTESIAN_POINT('',(87.548124153677,2.416932725756));
#3363 = VECTOR('',#3364,1.);
#3364 = DIRECTION('',(-1.,0.));
#3365 = ( GEOMETRIC_REPRESENTATION_CONTEXT(2) 
PARAMETRIC_REPRESENTATION_CONTEXT() REPRESENTATION_CONTEXT('2D SPACE',''
  ) );
#3366 = PCURVE('',#3367,#3372);
#3367 = PLANE('',#3368);
#3368 = AXIS2_PLACEMENT_3D('',#3369,#3370,#3371);
#3369 = CARTESIAN_POINT('',(-4.,-3.5,-12.));
#3370 = DIRECTION('',(-0.,-0.,1.));
#3371 = DIRECTION('',(1.,0.,0.));
#3372 = DEFINITIONAL_REPRESENTATION('',(#3373),#3377);
#3373 = LINE('',#3374,#3375);
#3374 = CARTESIAN_POINT('',(0.,-0.));
#3375 = VECTOR('',#3376,1.);
#3376 = DIRECTION('',(-1.,0.));
#3377 = ( GEOMETRIC_REPRESENTATION_CONTEXT(2) 
PARAMETRIC_REPRESENTATION_CONTEXT() REPRESENTATION_CONTEXT('2D SPACE',''
  ) );
#3378 = ORIENTED_EDGE('',*,*,#3379,.T.);
#3379 = EDGE_CURVE('',#3352,#3380,#3382,.T.);
#3380 = VERTEX_POINT('',#3381);
#3381 = CARTESIAN_POINT('',(-12.,-3.5,-8.335394683636));
#3382 = SURFACE_CURVE('',#3383,(#3387,#3394),.PCURVE_S1.);
#3383 = LINE('',#3384,#3385);
#3384 = CARTESIAN_POINT('',(-12.,-3.5,-12.));
#3385 = VECTOR('',#3386,1.);
#3386 = DIRECTION('',(-0.,-0.,1.));
#3387 = PCURVE('',#3266,#3388);
#3388 = DEFINITIONAL_REPRESENTATION('',(#3389),#3393);
#3389 = LINE('',#3390,#3391);
#3390 = CARTESIAN_POINT('',(79.548124153677,2.416932725756));
#3391 = VECTOR('',#3392,1.);
#3392 = DIRECTION('',(0.,1.));
#3393 = ( GEOMETRIC_REPRESENTATION_CONTEXT(2) 
PARAMETRIC_REPRESENTATION_CONTEXT() REPRESENTATION_CONTEXT('2D SPACE',''
  ) );
#3394 = PCURVE('',#3395,#3400);
#3395 = PLANE('',#3396);
#3396 = AXIS2_PLACEMENT_3D('',#3397,#3398,#3399);
#3397 = CARTESIAN_POINT('',(-12.,-3.5,-12.));
#3398 = DIRECTION('',(-1.,-0.,-0.));
#3399 = DIRECTION('',(0.,0.,-1.));
#3400 = DEFINITIONAL_REPRESENTATION('',(#3401),#3405);
#3401 = LINE('',#3402,#3403);
#3402 = CARTESIAN_POINT('',(-0.,-0.));
#3403 = VECTOR('',#3404,1.);
#3404 = DIRECTION('',(-1.,-0.));
#3405 = ( GEOMETRIC_REPRESENTATION_CONTEXT(2) 
PARAMETRIC_REPRESENTATION_CONTEXT() REPRESENTATION_CONTEXT('2D SPACE',''
  ) );
#3406 = ORIENTED_EDGE('',*,*,#3407,.T.);
#3407 = EDGE_CURVE('',#3380,#3408,#3410,.T.);
#3408 = VERTEX_POINT('',#3409);
#3409 = CARTESIAN_POINT('',(-178.1152709611,-3.5,-35.41940625338));
#3410 = SURFACE_CURVE('',#3411,(#3415,#3422),.PCURVE_S1.);
#3411 = LINE('',#3412,#3413);
#3412 = CARTESIAN_POINT('',(-0.257469828126,-3.5,-6.42085172083));
#3413 = VECTOR('',#3414,1.);
#3414 = DIRECTION('',(-0.986967674481,-1.78655582082E-17,-0.160918642578
    ));
#3415 = PCURVE('',#3266,#3416);
#3416 = DEFINITIONAL_REPRESENTATION('',(#3417),#3421);
#3417 = LINE('',#3418,#3419);
#3418 = CARTESIAN_POINT('',(91.290654325552,7.996081004926));
#3419 = VECTOR('',#3420,1.);
#3420 = DIRECTION('',(-0.986967674481,-0.160918642578));
#3421 = ( GEOMETRIC_REPRESENTATION_CONTEXT(2) 
PARAMETRIC_REPRESENTATION_CONTEXT() REPRESENTATION_CONTEXT('2D SPACE',''
  ) );
#3422 = PCURVE('',#3423,#3428);
#3423 = CYLINDRICAL_SURFACE('',#3424,1.6);
#3424 = AXIS2_PLACEMENT_3D('',#3425,#3426,#3427);
#3425 = CARTESIAN_POINT('',(-0.257469828126,-1.9,-6.42085172083));
#3426 = DIRECTION('',(-0.986967674481,-1.78655582082E-17,-0.160918642578
    ));
#3427 = DIRECTION('',(0.160918642578,-1.09575423677E-16,-0.986967674481)
  );
#3428 = DEFINITIONAL_REPRESENTATION('',(#3429),#3433);
#3429 = LINE('',#3430,#3431);
#3430 = CARTESIAN_POINT('',(1.570796326795,0.));
#3431 = VECTOR('',#3432,1.);
#3432 = DIRECTION('',(0.,1.));
#3433 = ( GEOMETRIC_REPRESENTATION_CONTEXT(2) 
PARAMETRIC_REPRESENTATION_CONTEXT() REPRESENTATION_CONTEXT('2D SPACE',''
  ) );
#3434 = ORIENTED_EDGE('',*,*,#3435,.T.);
#3435 = EDGE_CURVE('',#3408,#3436,#3438,.T.);
#3436 = VERTEX_POINT('',#3437);
#3437 = CARTESIAN_POINT('',(-180.1957523923,-3.5,-22.96240807239));
#3438 = SURFACE_CURVE('',#3439,(#3444,#3455),.PCURVE_S1.);
#3439 = CIRCLE('',#3440,8.);
#3440 = AXIS2_PLACEMENT_3D('',#3441,#3442,#3443);
#3441 = CARTESIAN_POINT('',(-184.,-3.5,-30.));
#3442 = DIRECTION('',(-1.691021630299E-32,1.,-4.916655320746E-16));
#3443 = DIRECTION('',(0.735591129857,-3.330669073875E-16,-0.677425781673
    ));
#3444 = PCURVE('',#3266,#3445);
#3445 = DEFINITIONAL_REPRESENTATION('',(#3446),#3454);
#3446 = ( BOUNDED_CURVE() B_SPLINE_CURVE(2,(#3447,#3448,#3449,#3450,
#3451,#3452,#3453),.UNSPECIFIED.,.T.,.F.) B_SPLINE_CURVE_WITH_KNOTS((1,2
    ,2,2,2,1),(-2.094395102393,0.,2.094395102393,4.188790204786,
6.28318530718,8.377580409573),.UNSPECIFIED.) CURVE() 
GEOMETRIC_REPRESENTATION_ITEM() RATIONAL_B_SPLINE_CURVE((1.,0.5,1.,0.5,
1.,0.5,1.)) REPRESENTATION_ITEM('') );
#3447 = CARTESIAN_POINT('',(-86.56714680746,-21.00247352763));
#3448 = CARTESIAN_POINT('',(-95.95383378519,-31.1951232117));
#3449 = CARTESIAN_POINT('',(-100.0875838546,-17.96968898958));
#3450 = CARTESIAN_POINT('',(-104.221333924,-4.744254767469));
#3451 = CARTESIAN_POINT('',(-90.70089687688,-7.777039305514));
#3452 = CARTESIAN_POINT('',(-77.18045982974,-10.80982384355));
#3453 = CARTESIAN_POINT('',(-86.56714680746,-21.00247352763));
#3454 = ( GEOMETRIC_REPRESENTATION_CONTEXT(2) 
PARAMETRIC_REPRESENTATION_CONTEXT() REPRESENTATION_CONTEXT('2D SPACE',''
  ) );
#3455 = PCURVE('',#3456,#3461);
#3456 = CYLINDRICAL_SURFACE('',#3457,8.);
#3457 = AXIS2_PLACEMENT_3D('',#3458,#3459,#3460);
#3458 = CARTESIAN_POINT('',(-184.,3.5,-30.));
#3459 = DIRECTION('',(-0.,-1.,2.22044604925E-16));
#3460 = DIRECTION('',(-1.,-0.,-0.));
#3461 = DEFINITIONAL_REPRESENTATION('',(#3462),#3466);
#3462 = LINE('',#3463,#3464);
#3463 = CARTESIAN_POINT('',(-3.885850100327,7.));
#3464 = VECTOR('',#3465,1.);
#3465 = DIRECTION('',(-1.,0.));
#3466 = ( GEOMETRIC_REPRESENTATION_CONTEXT(2) 
PARAMETRIC_REPRESENTATION_CONTEXT() REPRESENTATION_CONTEXT('2D SPACE',''
  ) );
#3467 = ORIENTED_EDGE('',*,*,#3468,.T.);
#3468 = EDGE_CURVE('',#3436,#3469,#3471,.T.);
#3469 = VERTEX_POINT('',#3470);
#3470 = CARTESIAN_POINT('',(-156.7069356919,-3.5,-18.87739647233));
#3471 = SURFACE_CURVE('',#3472,(#3476,#3483),.PCURVE_S1.);
#3472 = LINE('',#3473,#3474);
#3473 = CARTESIAN_POINT('',(-183.7258541203,-3.5,-23.57633880771));
#3474 = VECTOR('',#3475,1.);
#3475 = DIRECTION('',(0.98521175482,1.902269172752E-17,0.171341174751));
#3476 = PCURVE('',#3266,#3477);
#3477 = DEFINITIONAL_REPRESENTATION('',(#3478),#3482);
#3478 = LINE('',#3479,#3480);
#3479 = CARTESIAN_POINT('',(-92.17772996672,-9.159406081956));
#3480 = VECTOR('',#3481,1.);
#3481 = DIRECTION('',(0.98521175482,0.171341174751));
#3482 = ( GEOMETRIC_REPRESENTATION_CONTEXT(2) 
PARAMETRIC_REPRESENTATION_CONTEXT() REPRESENTATION_CONTEXT('2D SPACE',''
  ) );
#3483 = PCURVE('',#3484,#3489);
#3484 = CYLINDRICAL_SURFACE('',#3485,1.6);
#3485 = AXIS2_PLACEMENT_3D('',#3486,#3487,#3488);
#3486 = CARTESIAN_POINT('',(-183.7258541203,-1.9,-23.57633880771));
#3487 = DIRECTION('',(0.98521175482,1.902269172752E-17,0.171341174751));
#3488 = DIRECTION('',(-0.171341174751,1.093804774332E-16,0.98521175482)
  );
#3489 = DEFINITIONAL_REPRESENTATION('',(#3490),#3494);
#3490 = LINE('',#3491,#3492);
#3491 = CARTESIAN_POINT('',(1.570796326795,0.));
#3492 = VECTOR('',#3493,1.);
#3493 = DIRECTION('',(0.,1.));
#3494 = ( GEOMETRIC_REPRESENTATION_CONTEXT(2) 
PARAMETRIC_REPRESENTATION_CONTEXT() REPRESENTATION_CONTEXT('2D SPACE',''
  ) );
#3495 = ORIENTED_EDGE('',*,*,#3496,.F.);
#3496 = EDGE_CURVE('',#3256,#3469,#3497,.T.);
#3497 = SURFACE_CURVE('',#3498,(#3503,#3514),.PCURVE_S1.);
#3498 = CIRCLE('',#3499,4.5);
#3499 = AXIS2_PLACEMENT_3D('',#3500,#3501,#3502);
#3500 = CARTESIAN_POINT('',(-154.,-3.5,-15.28260869565));
#3501 = DIRECTION('',(0.,1.,-2.22044604925E-16));
#3502 = DIRECTION('',(-1.,-0.,-0.));
#3503 = PCURVE('',#3266,#3504);
#3504 = DEFINITIONAL_REPRESENTATION('',(#3505),#3513);
#3505 = ( BOUNDED_CURVE() B_SPLINE_CURVE(2,(#3506,#3507,#3508,#3509,
#3510,#3511,#3512),.UNSPECIFIED.,.T.,.F.) B_SPLINE_CURVE_WITH_KNOTS((1,2
    ,2,2,2,1),(-2.094395102393,0.,2.094395102393,4.188790204786,
6.28318530718,8.377580409573),.UNSPECIFIED.) CURVE() 
GEOMETRIC_REPRESENTATION_ITEM() RATIONAL_B_SPLINE_CURVE((1.,0.5,1.,0.5,
1.,0.5,1.)) REPRESENTATION_ITEM('') );
#3506 = CARTESIAN_POINT('',(-66.95187584632,-0.865675969896));
#3507 = CARTESIAN_POINT('',(-66.95187584632,6.928552664164));
#3508 = CARTESIAN_POINT('',(-60.20187584632,3.031438347134));
#3509 = CARTESIAN_POINT('',(-53.45187584632,-0.865675969896));
#3510 = CARTESIAN_POINT('',(-60.20187584632,-4.762790286926));
#3511 = CARTESIAN_POINT('',(-66.95187584632,-8.659904603956));
#3512 = CARTESIAN_POINT('',(-66.95187584632,-0.865675969896));
#3513 = ( GEOMETRIC_REPRESENTATION_CONTEXT(2) 
PARAMETRIC_REPRESENTATION_CONTEXT() REPRESENTATION_CONTEXT('2D SPACE',''
  ) );
#3514 = PCURVE('',#3515,#3520);
#3515 = CYLINDRICAL_SURFACE('',#3516,4.5);
#3516 = AXIS2_PLACEMENT_3D('',#3517,#3518,#3519);
#3517 = CARTESIAN_POINT('',(-154.,4.5,-15.28260869565));
#3518 = DIRECTION('',(0.,-1.,2.22044604925E-16));
#3519 = DIRECTION('',(-1.,0.,-0.));
#3520 = DEFINITIONAL_REPRESENTATION('',(#3521),#3525);
#3521 = LINE('',#3522,#3523);
#3522 = CARTESIAN_POINT('',(-0.,8.));
#3523 = VECTOR('',#3524,1.);
#3524 = DIRECTION('',(-1.,0.));
#3525 = ( GEOMETRIC_REPRESENTATION_CONTEXT(2) 
PARAMETRIC_REPRESENTATION_CONTEXT() REPRESENTATION_CONTEXT('2D SPACE',''
  ) );
#3526 = FACE_BOUND('',#3527,.F.);
#3527 = EDGE_LOOP('',(#3528,#3563,#3591));
#3528 = ORIENTED_EDGE('',*,*,#3529,.T.);
#3529 = EDGE_CURVE('',#3530,#3532,#3534,.T.);
#3530 = VERTEX_POINT('',#3531);
#3531 = CARTESIAN_POINT('',(-5.830951894845,-3.5,-7.5));
#3532 = VERTEX_POINT('',#3533);
#3533 = CARTESIAN_POINT('',(-6.008508033527,-3.5,-7.35852099345));
#3534 = SURFACE_CURVE('',#3535,(#3540,#3551),.PCURVE_S1.);
#3535 = CIRCLE('',#3536,9.5);
#3536 = AXIS2_PLACEMENT_3D('',#3537,#3538,#3539);
#3537 = CARTESIAN_POINT('',(0.,-3.5,1.554312234475E-15));
#3538 = DIRECTION('',(0.,1.,-2.22044604925E-16));
#3539 = DIRECTION('',(-1.,0.,-0.));
#3540 = PCURVE('',#3266,#3541);
#3541 = DEFINITIONAL_REPRESENTATION('',(#3542),#3550);
#3542 = ( BOUNDED_CURVE() B_SPLINE_CURVE(2,(#3543,#3544,#3545,#3546,
#3547,#3548,#3549),.UNSPECIFIED.,.T.,.F.) B_SPLINE_CURVE_WITH_KNOTS((1,2
    ,2,2,2,1),(-2.094395102393,0.,2.094395102393,4.188790204786,
6.28318530718,8.377580409573),.UNSPECIFIED.) CURVE() 
GEOMETRIC_REPRESENTATION_ITEM() RATIONAL_B_SPLINE_CURVE((1.,0.5,1.,0.5,
1.,0.5,1.)) REPRESENTATION_ITEM('') );
#3543 = CARTESIAN_POINT('',(82.048124153677,14.416932725756));
#3544 = CARTESIAN_POINT('',(82.048124153677,30.87141539766));
#3545 = CARTESIAN_POINT('',(96.298124153677,22.644174061708));
#3546 = CARTESIAN_POINT('',(110.54812415367,14.416932725756));
#3547 = CARTESIAN_POINT('',(96.298124153677,6.189691389804));
#3548 = CARTESIAN_POINT('',(82.048124153677,-2.037549946149));
#3549 = CARTESIAN_POINT('',(82.048124153677,14.416932725756));
#3550 = ( GEOMETRIC_REPRESENTATION_CONTEXT(2) 
PARAMETRIC_REPRESENTATION_CONTEXT() REPRESENTATION_CONTEXT('2D SPACE',''
  ) );
#3551 = PCURVE('',#3552,#3557);
#3552 = CYLINDRICAL_SURFACE('',#3553,9.5);
#3553 = AXIS2_PLACEMENT_3D('',#3554,#3555,#3556);
#3554 = CARTESIAN_POINT('',(0.,3.5,0.));
#3555 = DIRECTION('',(0.,-1.,2.22044604925E-16));
#3556 = DIRECTION('',(-1.,0.,-0.));
#3557 = DEFINITIONAL_REPRESENTATION('',(#3558),#3562);
#3558 = LINE('',#3559,#3560);
#3559 = CARTESIAN_POINT('',(-0.,7.));
#3560 = VECTOR('',#3561,1.);
#3561 = DIRECTION('',(-1.,0.));
#3562 = ( GEOMETRIC_REPRESENTATION_CONTEXT(2) 
PARAMETRIC_REPRESENTATION_CONTEXT() REPRESENTATION_CONTEXT('2D SPACE',''
  ) );
#3563 = ORIENTED_EDGE('',*,*,#3564,.T.);
#3564 = EDGE_CURVE('',#3532,#3565,#3567,.T.);
#3565 = VERTEX_POINT('',#3566);
#3566 = CARTESIAN_POINT('',(-6.876245940367,-3.5,-7.5));
#3567 = SURFACE_CURVE('',#3568,(#3572,#3579),.PCURVE_S1.);
#3568 = LINE('',#3569,#3570);
#3569 = CARTESIAN_POINT('',(-0.257469828126,-3.5,-6.42085172083));
#3570 = VECTOR('',#3571,1.);
#3571 = DIRECTION('',(-0.986967674481,-1.78655582082E-17,-0.160918642578
    ));
#3572 = PCURVE('',#3266,#3573);
#3573 = DEFINITIONAL_REPRESENTATION('',(#3574),#3578);
#3574 = LINE('',#3575,#3576);
#3575 = CARTESIAN_POINT('',(91.290654325552,7.996081004926));
#3576 = VECTOR('',#3577,1.);
#3577 = DIRECTION('',(-0.986967674481,-0.160918642578));
#3578 = ( GEOMETRIC_REPRESENTATION_CONTEXT(2) 
PARAMETRIC_REPRESENTATION_CONTEXT() REPRESENTATION_CONTEXT('2D SPACE',''
  ) );
#3579 = PCURVE('',#3580,#3585);
#3580 = CYLINDRICAL_SURFACE('',#3581,1.6);
#3581 = AXIS2_PLACEMENT_3D('',#3582,#3583,#3584);
#3582 = CARTESIAN_POINT('',(-0.257469828126,-1.9,-6.42085172083));
#3583 = DIRECTION('',(-0.986967674481,-1.78655582082E-17,-0.160918642578
    ));
#3584 = DIRECTION('',(0.160918642578,-1.09575423677E-16,-0.986967674481)
  );
#3585 = DEFINITIONAL_REPRESENTATION('',(#3586),#3590);
#3586 = LINE('',#3587,#3588);
#3587 = CARTESIAN_POINT('',(1.570796326795,0.));
#3588 = VECTOR('',#3589,1.);
#3589 = DIRECTION('',(0.,1.));
#3590 = ( GEOMETRIC_REPRESENTATION_CONTEXT(2) 
PARAMETRIC_REPRESENTATION_CONTEXT() REPRESENTATION_CONTEXT('2D SPACE',''
  ) );
#3591 = ORIENTED_EDGE('',*,*,#3592,.F.);
#3592 = EDGE_CURVE('',#3530,#3565,#3593,.T.);
#3593 = SURFACE_CURVE('',#3594,(#3598,#3605),.PCURVE_S1.);
#3594 = LINE('',#3595,#3596);
#3595 = CARTESIAN_POINT('',(-4.,-3.5,-7.5));
#3596 = VECTOR('',#3597,1.);
#3597 = DIRECTION('',(-1.,-0.,-0.));
#3598 = PCURVE('',#3266,#3599);
#3599 = DEFINITIONAL_REPRESENTATION('',(#3600),#3604);
#3600 = LINE('',#3601,#3602);
#3601 = CARTESIAN_POINT('',(87.548124153677,6.916932725756));
#3602 = VECTOR('',#3603,1.);
#3603 = DIRECTION('',(-1.,0.));
#3604 = ( GEOMETRIC_REPRESENTATION_CONTEXT(2) 
PARAMETRIC_REPRESENTATION_CONTEXT() REPRESENTATION_CONTEXT('2D SPACE',''
  ) );
#3605 = PCURVE('',#3606,#3611);
#3606 = PLANE('',#3607);
#3607 = AXIS2_PLACEMENT_3D('',#3608,#3609,#3610);
#3608 = CARTESIAN_POINT('',(-4.,-3.5,-7.5));
#3609 = DIRECTION('',(-0.,-0.,1.));
#3610 = DIRECTION('',(1.,0.,0.));
#3611 = DEFINITIONAL_REPRESENTATION('',(#3612),#3616);
#3612 = LINE('',#3613,#3614);
#3613 = CARTESIAN_POINT('',(0.,-0.));
#3614 = VECTOR('',#3615,1.);
#3615 = DIRECTION('',(-1.,0.));
#3616 = ( GEOMETRIC_REPRESENTATION_CONTEXT(2) 
PARAMETRIC_REPRESENTATION_CONTEXT() REPRESENTATION_CONTEXT('2D SPACE',''
  ) );
#3617 = FACE_BOUND('',#3618,.F.);
#3618 = EDGE_LOOP('',(#3619));
#3619 = ORIENTED_EDGE('',*,*,#3620,.F.);
#3620 = EDGE_CURVE('',#3621,#3621,#3623,.T.);
#3621 = VERTEX_POINT('',#3622);
#3622 = CARTESIAN_POINT('',(-2.8,-3.5,1.090554631878E-15));
#3623 = SURFACE_CURVE('',#3624,(#3629,#3640),.PCURVE_S1.);
#3624 = CIRCLE('',#3625,2.8);
#3625 = AXIS2_PLACEMENT_3D('',#3626,#3627,#3628);
#3626 = CARTESIAN_POINT('',(0.,-3.5,1.7763568394E-15));
#3627 = DIRECTION('',(0.,1.,-2.22044604925E-16));
#3628 = DIRECTION('',(-1.,-0.,-0.));
#3629 = PCURVE('',#3266,#3630);
#3630 = DEFINITIONAL_REPRESENTATION('',(#3631),#3639);
#3631 = ( BOUNDED_CURVE() B_SPLINE_CURVE(2,(#3632,#3633,#3634,#3635,
#3636,#3637,#3638),.UNSPECIFIED.,.T.,.F.) B_SPLINE_CURVE_WITH_KNOTS((1,2
    ,2,2,2,1),(-2.094395102393,0.,2.094395102393,4.188790204786,
6.28318530718,8.377580409573),.UNSPECIFIED.) CURVE() 
GEOMETRIC_REPRESENTATION_ITEM() RATIONAL_B_SPLINE_CURVE((1.,0.5,1.,0.5,
1.,0.5,1.)) REPRESENTATION_ITEM('') );
#3632 = CARTESIAN_POINT('',(88.748124153677,14.416932725756));
#3633 = CARTESIAN_POINT('',(88.748124153677,19.266674986949));
#3634 = CARTESIAN_POINT('',(92.948124153677,16.841803856352));
#3635 = CARTESIAN_POINT('',(97.148124153677,14.416932725756));
#3636 = CARTESIAN_POINT('',(92.948124153677,11.992061595159));
#3637 = CARTESIAN_POINT('',(88.748124153677,9.567190464563));
#3638 = CARTESIAN_POINT('',(88.748124153677,14.416932725756));
#3639 = ( GEOMETRIC_REPRESENTATION_CONTEXT(2) 
PARAMETRIC_REPRESENTATION_CONTEXT() REPRESENTATION_CONTEXT('2D SPACE',''
  ) );
#3640 = PCURVE('',#3641,#3646);
#3641 = CYLINDRICAL_SURFACE('',#3642,2.8);
#3642 = AXIS2_PLACEMENT_3D('',#3643,#3644,#3645);
#3643 = CARTESIAN_POINT('',(0.,4.5,0.));
#3644 = DIRECTION('',(0.,-1.,2.22044604925E-16));
#3645 = DIRECTION('',(-1.,0.,-0.));
#3646 = DEFINITIONAL_REPRESENTATION('',(#3647),#3651);
#3647 = LINE('',#3648,#3649);
#3648 = CARTESIAN_POINT('',(-0.,8.));
#3649 = VECTOR('',#3650,1.);
#3650 = DIRECTION('',(-1.,0.));
#3651 = ( GEOMETRIC_REPRESENTATION_CONTEXT(2) 
PARAMETRIC_REPRESENTATION_CONTEXT() REPRESENTATION_CONTEXT('2D SPACE',''
  ) );
#3652 = ADVANCED_FACE('',(#3653),#3278,.T.);
#3653 = FACE_BOUND('',#3654,.T.);
#3654 = EDGE_LOOP('',(#3655,#3685,#3778,#3779,#3835));
#3655 = ORIENTED_EDGE('',*,*,#3656,.F.);
#3656 = EDGE_CURVE('',#3657,#3659,#3661,.T.);
#3657 = VERTEX_POINT('',#3658);
#3658 = CARTESIAN_POINT('',(-149.5592269974,-1.9,-16.01030034738));
#3659 = VERTEX_POINT('',#3660);
#3660 = CARTESIAN_POINT('',(-1.874145879602,-1.9,9.674061586156));
#3661 = SURFACE_CURVE('',#3662,(#3666,#3673),.PCURVE_S1.);
#3662 = LINE('',#3663,#3664);
#3663 = CARTESIAN_POINT('',(-184.,-1.9,-22.));
#3664 = VECTOR('',#3665,1.);
#3665 = DIRECTION('',(0.98521175482,1.902269172752E-17,0.171341174751));
#3666 = PCURVE('',#3278,#3667);
#3667 = DEFINITIONAL_REPRESENTATION('',(#3668),#3672);
#3668 = LINE('',#3669,#3670);
#3669 = CARTESIAN_POINT('',(0.,0.));
#3670 = VECTOR('',#3671,1.);
#3671 = DIRECTION('',(0.,1.));
#3672 = ( GEOMETRIC_REPRESENTATION_CONTEXT(2) 
PARAMETRIC_REPRESENTATION_CONTEXT() REPRESENTATION_CONTEXT('2D SPACE',''
  ) );
#3673 = PCURVE('',#3674,#3679);
#3674 = PLANE('',#3675);
#3675 = AXIS2_PLACEMENT_3D('',#3676,#3677,#3678);
#3676 = CARTESIAN_POINT('',(-184.,-2.442490654175E-15,-22.));
#3677 = DIRECTION('',(-0.171341174751,1.093804774332E-16,0.98521175482)
  );
#3678 = DIRECTION('',(-0.98521175482,-1.902269172752E-17,-0.171341174751
    ));
#3679 = DEFINITIONAL_REPRESENTATION('',(#3680),#3684);
#3680 = LINE('',#3681,#3682);
#3681 = CARTESIAN_POINT('',(-0.,1.9));
#3682 = VECTOR('',#3683,1.);
#3683 = DIRECTION('',(-1.,0.));
#3684 = ( GEOMETRIC_REPRESENTATION_CONTEXT(2) 
PARAMETRIC_REPRESENTATION_CONTEXT() REPRESENTATION_CONTEXT('2D SPACE',''
  ) );
#3685 = ORIENTED_EDGE('',*,*,#3686,.T.);
#3686 = EDGE_CURVE('',#3657,#3256,#3687,.T.);
#3687 = SURFACE_CURVE('',#3688,(#3716,#3747),.PCURVE_S1.);
#3688 = B_SPLINE_CURVE_WITH_KNOTS('',6,(#3689,#3690,#3691,#3692,#3693,
    #3694,#3695,#3696,#3697,#3698,#3699,#3700,#3701,#3702,#3703,#3704,
    #3705,#3706,#3707,#3708,#3709,#3710,#3711,#3712,#3713,#3714,#3715),
  .UNSPECIFIED.,.F.,.F.,(7,5,5,5,5,7),(0.,0.377295183883,0.4781375865,
    0.650137764419,0.800287109595,1.),.UNSPECIFIED.);
#3689 = CARTESIAN_POINT('',(-149.5592269974,-1.9,-16.01030034738));
#3690 = CARTESIAN_POINT('',(-149.5592269974,-2.056784740821,
    -16.01030034738));
#3691 = CARTESIAN_POINT('',(-149.5623834367,-2.213894264499,
    -16.02956204627));
#3692 = CARTESIAN_POINT('',(-149.5687202602,-2.369138116019,
    -16.06823547184));
#3693 = CARTESIAN_POINT('',(-149.5789046962,-2.52024567479,
    -16.12645479887));
#3694 = CARTESIAN_POINT('',(-149.5942664429,-2.664783348655,
    -16.20429443863));
#3695 = CARTESIAN_POINT('',(-149.6229543608,-2.836225247637,
    -16.32768540508));
#3696 = CARTESIAN_POINT('',(-149.6295194649,-2.871692404205,
    -16.35508287848));
#3697 = CARTESIAN_POINT('',(-149.6366337595,-2.906393898098,
    -16.3838291133));
#3698 = CARTESIAN_POINT('',(-149.6443328481,-2.94025976978,
    -16.4138943446));
#3699 = CARTESIAN_POINT('',(-149.6526533773,-2.973224680684,
    -16.44524377753));
#3700 = CARTESIAN_POINT('',(-149.6769490479,-3.059813698022,
    -16.53343068055));
#3701 = CARTESIAN_POINT('',(-149.6941936373,-3.11164253376,
    -16.59268575248));
#3702 = CARTESIAN_POINT('',(-149.7135222635,-3.160279697337,
    -16.65528858349));
#3703 = CARTESIAN_POINT('',(-149.7350714985,-3.205391489869,
    -16.72085181805));
#3704 = CARTESIAN_POINT('',(-149.7589406027,-3.246743234771,
    -16.78893610731));
#3705 = CARTESIAN_POINT('',(-149.8080730286,-3.316893170776,
    -16.92029645557));
#3706 = CARTESIAN_POINT('',(-149.8327513281,-3.346586464027,
    -16.98302394446));
#3707 = CARTESIAN_POINT('',(-149.8592243808,-3.37318722486,
    -17.04691782138));
#3708 = CARTESIAN_POINT('',(-149.8874709283,-3.396666775401,
    -17.11162086356));
#3709 = CARTESIAN_POINT('',(-149.917424488,-3.417055279074,
    -17.17676409635));
#3710 = CARTESIAN_POINT('',(-149.9909186723,-3.457561766596,
    -17.32871488152));
#3711 = CARTESIAN_POINT('',(-150.0356298807,-3.475340993686,
    -17.41547068116));
#3712 = CARTESIAN_POINT('',(-150.0829698918,-3.488093276934,
    -17.50170628411));
#3713 = CARTESIAN_POINT('',(-150.1327356945,-3.496178793596,
    -17.58691719805));
#3714 = CARTESIAN_POINT('',(-150.1846483431,-3.5,-17.67063412066));
#3715 = CARTESIAN_POINT('',(-150.2383505304,-3.5,-17.75242513989));
#3716 = PCURVE('',#3278,#3717);
#3717 = DEFINITIONAL_REPRESENTATION('',(#3718),#3746);
#3718 = B_SPLINE_CURVE_WITH_KNOTS('',6,(#3719,#3720,#3721,#3722,#3723,
    #3724,#3725,#3726,#3727,#3728,#3729,#3730,#3731,#3732,#3733,#3734,
    #3735,#3736,#3737,#3738,#3739,#3740,#3741,#3742,#3743,#3744,#3745),
  .UNSPECIFIED.,.F.,.F.,(7,5,5,5,5,7),(0.,0.377295183883,0.4781375865,
    0.650137764419,0.800287109595,1.),.UNSPECIFIED.);
#3719 = CARTESIAN_POINT('',(0.,34.957736582054));
#3720 = CARTESIAN_POINT('',(9.799046301305E-02,34.957736582054));
#3721 = CARTESIAN_POINT('',(0.196184017228,34.951326498902));
#3722 = CARTESIAN_POINT('',(0.294904582579,34.938457035685));
#3723 = CARTESIAN_POINT('',(0.394464167792,34.918447841762));
#3724 = CARTESIAN_POINT('',(0.495188712247,34.889976132998));
#3725 = CARTESIAN_POINT('',(0.624791072812,34.840570505893));
#3726 = CARTESIAN_POINT('',(0.65221261104,34.829408172921));
#3727 = CARTESIAN_POINT('',(0.679709630844,34.817473672547));
#3728 = CARTESIAN_POINT('',(0.707271200234,34.804737027998));
#3729 = CARTESIAN_POINT('',(0.734887510551,34.791168096077));
#3730 = CARTESIAN_POINT('',(0.809731733863,34.752121668315));
#3731 = CARTESIAN_POINT('',(0.857082466541,34.724979262432));
#3732 = CARTESIAN_POINT('',(0.904450180592,34.695210030107));
#3733 = CARTESIAN_POINT('',(0.951703723367,34.662745788886));
#3734 = CARTESIAN_POINT('',(0.998724142971,34.627564024747));
#3735 = CARTESIAN_POINT('',(1.086138960041,34.556650744831));
#3736 = CARTESIAN_POINT('',(1.126576003202,34.521589592434));
#3737 = CARTESIAN_POINT('',(1.166620615172,34.484560377808));
#3738 = CARTESIAN_POINT('',(1.206187600754,34.445645251884));
#3739 = CARTESIAN_POINT('',(1.245190545479,34.404972934739));
#3740 = CARTESIAN_POINT('',(1.334546388521,34.306530174443));
#3741 = CARTESIAN_POINT('',(1.384334467218,34.247615325715));
#3742 = CARTESIAN_POINT('',(1.432893887692,34.186199680739));
#3743 = CARTESIAN_POINT('',(1.480193752648,34.122569688851));
#3744 = CARTESIAN_POINT('',(1.526183778211,34.057080581363));
#3745 = CARTESIAN_POINT('',(1.570796326795,33.990158385874));
#3746 = ( GEOMETRIC_REPRESENTATION_CONTEXT(2) 
PARAMETRIC_REPRESENTATION_CONTEXT() REPRESENTATION_CONTEXT('2D SPACE',''
  ) );
#3747 = PCURVE('',#3515,#3748);
#3748 = DEFINITIONAL_REPRESENTATION('',(#3749),#3777);
#3749 = B_SPLINE_CURVE_WITH_KNOTS('',6,(#3750,#3751,#3752,#3753,#3754,
    #3755,#3756,#3757,#3758,#3759,#3760,#3761,#3762,#3763,#3764,#3765,
    #3766,#3767,#3768,#3769,#3770,#3771,#3772,#3773,#3774,#3775,#3776),
  .UNSPECIFIED.,.F.,.F.,(7,5,5,5,5,7),(0.,0.377295183883,0.4781375865,
    0.650137764419,0.800287109595,1.),.UNSPECIFIED.);
#3750 = CARTESIAN_POINT('',(-3.304015114122,6.4));
#3751 = CARTESIAN_POINT('',(-3.304015114122,6.556784740821));
#3752 = CARTESIAN_POINT('',(-3.308352609178,6.713894264499));
#3753 = CARTESIAN_POINT('',(-3.317061186893,6.869138116019));
#3754 = CARTESIAN_POINT('',(-3.330194814751,7.02024567479));
#3755 = CARTESIAN_POINT('',(-3.347816227849,7.164783348655));
#3756 = CARTESIAN_POINT('',(-3.375967781747,7.336225247637));
#3757 = CARTESIAN_POINT('',(-3.382228334373,7.371692404205));
#3758 = CARTESIAN_POINT('',(-3.388808814878,7.406393898098));
#3759 = CARTESIAN_POINT('',(-3.395705179198,7.44025976978));
#3760 = CARTESIAN_POINT('',(-3.402912613669,7.473224680684));
#3761 = CARTESIAN_POINT('',(-3.42323982522,7.559813698022));
#3762 = CARTESIAN_POINT('',(-3.436952518837,7.61164253376));
#3763 = CARTESIAN_POINT('',(-3.451509128793,7.660279697337));
#3764 = CARTESIAN_POINT('',(-3.466841419454,7.705391489869));
#3765 = CARTESIAN_POINT('',(-3.482870636589,7.746743234771));
#3766 = CARTESIAN_POINT('',(-3.514036886433,7.816893170776));
#3767 = CARTESIAN_POINT('',(-3.529014179867,7.846586464027));
#3768 = CARTESIAN_POINT('',(-3.544379431375,7.87318722486));
#3769 = CARTESIAN_POINT('',(-3.560063998497,7.896666775401));
#3770 = CARTESIAN_POINT('',(-3.575994230239,7.917055279074));
#3771 = CARTESIAN_POINT('',(-3.613503364099,7.957561766596));
#3772 = CARTESIAN_POINT('',(-3.635185168688,7.975340993686));
#3773 = CARTESIAN_POINT('',(-3.657034909757,7.988093276934));
#3774 = CARTESIAN_POINT('',(-3.678951994262,7.996178793596));
#3775 = CARTESIAN_POINT('',(-3.700834874265,8.));
#3776 = CARTESIAN_POINT('',(-3.722578266332,8.));
#3777 = ( GEOMETRIC_REPRESENTATION_CONTEXT(2) 
PARAMETRIC_REPRESENTATION_CONTEXT() REPRESENTATION_CONTEXT('2D SPACE',''
  ) );
#3778 = ORIENTED_EDGE('',*,*,#3255,.T.);
#3779 = ORIENTED_EDGE('',*,*,#3780,.T.);
#3780 = EDGE_CURVE('',#3258,#3781,#3783,.T.);
#3781 = VERTEX_POINT('',#3782);
#3782 = CARTESIAN_POINT('',(-1.813491941434,-2.903728955691,
    9.325301441688));
#3783 = SURFACE_CURVE('',#3784,(#3799,#3817),.PCURVE_S1.);
#3784 = B_SPLINE_CURVE_WITH_KNOTS('',7,(#3785,#3786,#3787,#3788,#3789,
    #3790,#3791,#3792,#3793,#3794,#3795,#3796,#3797,#3798),
  .UNSPECIFIED.,.F.,.F.,(8,6,8),(0.,0.514587253175,1.),.UNSPECIFIED.);
#3785 = CARTESIAN_POINT('',(-6.05097460369,-3.5,7.323640238673));
#3786 = CARTESIAN_POINT('',(-5.774641365004,-3.5,7.551953666824));
#3787 = CARTESIAN_POINT('',(-5.488925389258,-3.477002773481,
    7.767551357219));
#3788 = CARTESIAN_POINT('',(-5.196737101471,-3.437602320619,
    7.96820531497));
#3789 = CARTESIAN_POINT('',(-4.899937775258,-3.386823934561,
    8.153600411602));
#3790 = CARTESIAN_POINT('',(-4.599355102557,-3.328752566516,
    8.32413726661));
#3791 = CARTESIAN_POINT('',(-4.294612280156,-3.266618129711,
    8.480813253847));
#3792 = CARTESIAN_POINT('',(-3.688853823642,-3.144383514881,
    8.760551190402));
#3793 = CARTESIAN_POINT('',(-3.386778924717,-3.083999448925,
    8.88585802734));
#3794 = CARTESIAN_POINT('',(-3.079690302228,-3.026442036372,
    8.998840006524));
#3795 = CARTESIAN_POINT('',(-2.769551098433,-2.975949971587,
    9.098900567523));
#3796 = CARTESIAN_POINT('',(-2.456950922929,-2.936670084189,
    9.186354485964));
#3797 = CARTESIAN_POINT('',(-2.139652051592,-2.911929040317,
    9.261873150659));
#3798 = CARTESIAN_POINT('',(-1.813489585102,-2.903728896449,
    9.325301899924));
#3799 = PCURVE('',#3278,#3800);
#3800 = DEFINITIONAL_REPRESENTATION('',(#3801),#3816);
#3801 = B_SPLINE_CURVE_WITH_KNOTS('',7,(#3802,#3803,#3804,#3805,#3806,
    #3807,#3808,#3809,#3810,#3811,#3812,#3813,#3814,#3815),
  .UNSPECIFIED.,.F.,.F.,(8,6,8),(0.,0.514587253175,1.),.UNSPECIFIED.);
#3802 = CARTESIAN_POINT('',(1.570796326795,180.34181854562));
#3803 = CARTESIAN_POINT('',(1.459802694633,180.65318479161));
#3804 = CARTESIAN_POINT('',(1.357642631479,180.971616291));
#3805 = CARTESIAN_POINT('',(1.263150694827,181.29386391159));
#3806 = CARTESIAN_POINT('',(1.175658300836,181.61803991025));
#3807 = CARTESIAN_POINT('',(1.09476962258,181.94339747777));
#3808 = CARTESIAN_POINT('',(1.020239436141,182.2704787363));
#3809 = CARTESIAN_POINT('',(0.888454978081,182.91520971491));
#3810 = CARTESIAN_POINT('',(0.830063922652,183.23428767681));
#3811 = CARTESIAN_POINT('',(0.778894737556,183.5561934625));
#3812 = CARTESIAN_POINT('',(0.736502592604,183.87889074578));
#3813 = CARTESIAN_POINT('',(0.704598641996,184.20185257036));
#3814 = CARTESIAN_POINT('',(0.684701769406,184.52739860492));
#3815 = CARTESIAN_POINT('',(0.678120620627,184.8596056573));
#3816 = ( GEOMETRIC_REPRESENTATION_CONTEXT(2) 
PARAMETRIC_REPRESENTATION_CONTEXT() REPRESENTATION_CONTEXT('2D SPACE',''
  ) );
#3817 = PCURVE('',#3311,#3818);
#3818 = DEFINITIONAL_REPRESENTATION('',(#3819),#3834);
#3819 = B_SPLINE_CURVE_WITH_KNOTS('',7,(#3820,#3821,#3822,#3823,#3824,
    #3825,#3826,#3827,#3828,#3829,#3830,#3831,#3832,#3833),
  .UNSPECIFIED.,.F.,.F.,(8,6,8),(0.,0.514587253175,1.),.UNSPECIFIED.);
#3820 = CARTESIAN_POINT('',(-0.880267829001,7.));
#3821 = CARTESIAN_POINT('',(-0.917999507466,7.));
#3822 = CARTESIAN_POINT('',(-0.955639984482,6.977002773481));
#3823 = CARTESIAN_POINT('',(-0.992891777521,6.937602320619));
#3824 = CARTESIAN_POINT('',(-1.029667342587,6.886823934561));
#3825 = CARTESIAN_POINT('',(-1.065995565522,6.828752566516));
#3826 = CARTESIAN_POINT('',(-1.102032826501,6.766618129711));
#3827 = CARTESIAN_POINT('',(-1.172267622337,6.644383514881));
#3828 = CARTESIAN_POINT('',(-1.206665519035,6.583999448925));
#3829 = CARTESIAN_POINT('',(-1.241063243422,6.526442036372));
#3830 = CARTESIAN_POINT('',(-1.275317270315,6.475949971587));
#3831 = CARTESIAN_POINT('',(-1.309444644474,6.436670084189));
#3832 = CARTESIAN_POINT('',(-1.343747803074,6.411929040317));
#3833 = CARTESIAN_POINT('',(-1.378723878915,6.403728896449));
#3834 = ( GEOMETRIC_REPRESENTATION_CONTEXT(2) 
PARAMETRIC_REPRESENTATION_CONTEXT() REPRESENTATION_CONTEXT('2D SPACE',''
  ) );
#3835 = ORIENTED_EDGE('',*,*,#3836,.T.);
#3836 = EDGE_CURVE('',#3781,#3659,#3837,.T.);
#3837 = SURFACE_CURVE('',#3838,(#3843,#3850),.PCURVE_S1.);
#3838 = CIRCLE('',#3839,1.6);
#3839 = AXIS2_PLACEMENT_3D('',#3840,#3841,#3842);
#3840 = CARTESIAN_POINT('',(-1.6,-1.9,8.097722778445));
#3841 = DIRECTION('',(-0.98521175482,-1.902269172752E-17,-0.171341174751
    ));
#3842 = DIRECTION('',(-0.171341174751,1.093804774332E-16,0.98521175482)
  );
#3843 = PCURVE('',#3278,#3844);
#3844 = DEFINITIONAL_REPRESENTATION('',(#3845),#3849);
#3845 = LINE('',#3846,#3847);
#3846 = CARTESIAN_POINT('',(6.28318530718,184.8596032573));
#3847 = VECTOR('',#3848,1.);
#3848 = DIRECTION('',(-1.,-0.));
#3849 = ( GEOMETRIC_REPRESENTATION_CONTEXT(2) 
PARAMETRIC_REPRESENTATION_CONTEXT() REPRESENTATION_CONTEXT('2D SPACE',''
  ) );
#3850 = PCURVE('',#3851,#3856);
#3851 = SPHERICAL_SURFACE('',#3852,1.6);
#3852 = AXIS2_PLACEMENT_3D('',#3853,#3854,#3855);
#3853 = CARTESIAN_POINT('',(-1.6,-1.9,8.097722778445));
#3854 = DIRECTION('',(-0.,1.,-1.110223024625E-16));
#3855 = DIRECTION('',(-0.171341174751,1.093804774332E-16,0.98521175482)
  );
#3856 = DEFINITIONAL_REPRESENTATION('',(#3857),#3861);
#3857 = LINE('',#3858,#3859);
#3858 = CARTESIAN_POINT('',(0.,-6.28318530718));
#3859 = VECTOR('',#3860,1.);
#3860 = DIRECTION('',(0.,1.));
#3861 = ( GEOMETRIC_REPRESENTATION_CONTEXT(2) 
PARAMETRIC_REPRESENTATION_CONTEXT() REPRESENTATION_CONTEXT('2D SPACE',''
  ) );
#3862 = ADVANCED_FACE('',(#3863),#3515,.F.);
#3863 = FACE_BOUND('',#3864,.T.);
#3864 = EDGE_LOOP('',(#3865,#3866,#3867,#3890,#3990,#4023,#4123,#4151));
#3865 = ORIENTED_EDGE('',*,*,#3496,.F.);
#3866 = ORIENTED_EDGE('',*,*,#3686,.F.);
#3867 = ORIENTED_EDGE('',*,*,#3868,.F.);
#3868 = EDGE_CURVE('',#3869,#3657,#3871,.T.);
#3869 = VERTEX_POINT('',#3870);
#3870 = CARTESIAN_POINT('',(-149.5592269974,1.9,-16.01030034738));
#3871 = SURFACE_CURVE('',#3872,(#3876,#3883),.PCURVE_S1.);
#3872 = LINE('',#3873,#3874);
#3873 = CARTESIAN_POINT('',(-149.5592269974,4.5,-16.01030034738));
#3874 = VECTOR('',#3875,1.);
#3875 = DIRECTION('',(-0.,-1.,2.22044604925E-16));
#3876 = PCURVE('',#3515,#3877);
#3877 = DEFINITIONAL_REPRESENTATION('',(#3878),#3882);
#3878 = LINE('',#3879,#3880);
#3879 = CARTESIAN_POINT('',(-3.304015114122,-1.615800053165E-16));
#3880 = VECTOR('',#3881,1.);
#3881 = DIRECTION('',(-0.,1.));
#3882 = ( GEOMETRIC_REPRESENTATION_CONTEXT(2) 
PARAMETRIC_REPRESENTATION_CONTEXT() REPRESENTATION_CONTEXT('2D SPACE',''
  ) );
#3883 = PCURVE('',#3674,#3884);
#3884 = DEFINITIONAL_REPRESENTATION('',(#3885),#3889);
#3885 = LINE('',#3886,#3887);
#3886 = CARTESIAN_POINT('',(-34.95773658205,-4.5));
#3887 = VECTOR('',#3888,1.);
#3888 = DIRECTION('',(-1.902269172752E-17,1.));
#3889 = ( GEOMETRIC_REPRESENTATION_CONTEXT(2) 
PARAMETRIC_REPRESENTATION_CONTEXT() REPRESENTATION_CONTEXT('2D SPACE',''
  ) );
#3890 = ORIENTED_EDGE('',*,*,#3891,.T.);
#3891 = EDGE_CURVE('',#3869,#3892,#3894,.T.);
#3892 = VERTEX_POINT('',#3893);
#3893 = CARTESIAN_POINT('',(-150.2383505304,3.5,-17.75242513989));
#3894 = SURFACE_CURVE('',#3895,(#3923,#3954),.PCURVE_S1.);
#3895 = B_SPLINE_CURVE_WITH_KNOTS('',6,(#3896,#3897,#3898,#3899,#3900,
    #3901,#3902,#3903,#3904,#3905,#3906,#3907,#3908,#3909,#3910,#3911,
    #3912,#3913,#3914,#3915,#3916,#3917,#3918,#3919,#3920,#3921,#3922),
  .UNSPECIFIED.,.F.,.F.,(7,5,5,5,5,7),(0.,0.377295225247,0.478137629441,
    0.650137793204,0.800287126031,1.),.UNSPECIFIED.);
#3896 = CARTESIAN_POINT('',(-149.5592269974,1.9,-16.01030034738));
#3897 = CARTESIAN_POINT('',(-149.5592269974,2.056784740825,
    -16.01030034738));
#3898 = CARTESIAN_POINT('',(-149.5623834367,2.213894264507,
    -16.02956204627));
#3899 = CARTESIAN_POINT('',(-149.5687202602,2.369138116032,
    -16.06823547185));
#3900 = CARTESIAN_POINT('',(-149.5789046962,2.520245674806,
    -16.12645479888));
#3901 = CARTESIAN_POINT('',(-149.5942664429,2.664783348674,
    -16.20429443864));
#3902 = CARTESIAN_POINT('',(-149.6229543603,2.83622524426,
    -16.32768540265));
#3903 = CARTESIAN_POINT('',(-149.6295194652,2.871692404999,
    -16.35508287954));
#3904 = CARTESIAN_POINT('',(-149.6366337603,2.906393901396,
    -16.38382911614));
#3905 = CARTESIAN_POINT('',(-149.6443328481,2.940259770784,
    -16.41389434507));
#3906 = CARTESIAN_POINT('',(-149.6526533765,2.97322467757,
    -16.44524377435));
#3907 = CARTESIAN_POINT('',(-149.6769490479,3.059813698044,
    -16.53343068057));
#3908 = CARTESIAN_POINT('',(-149.6941936373,3.111642533782,
    -16.59268575251));
#3909 = CARTESIAN_POINT('',(-149.7135222635,3.160279697359,
    -16.65528858352));
#3910 = CARTESIAN_POINT('',(-149.7350714985,3.205391489891,
    -16.72085181809));
#3911 = CARTESIAN_POINT('',(-149.7589406027,3.246743234792,
    -16.78893610734));
#3912 = CARTESIAN_POINT('',(-149.8080730286,3.316893170798,
    -16.92029645562));
#3913 = CARTESIAN_POINT('',(-149.8327513281,3.34658646405,
    -16.98302394451));
#3914 = CARTESIAN_POINT('',(-149.8592243808,3.373187224883,
    -17.04691782144));
#3915 = CARTESIAN_POINT('',(-149.8874709283,3.396666775423,
    -17.11162086362));
#3916 = CARTESIAN_POINT('',(-149.917424488,3.417055279096,
    -17.17676409642));
#3917 = CARTESIAN_POINT('',(-149.9909186723,3.457561766613,
    -17.3287148816));
#3918 = CARTESIAN_POINT('',(-150.0356298807,3.475340993691,
    -17.41547068121));
#3919 = CARTESIAN_POINT('',(-150.0829698919,3.488093276935,
    -17.50170628414));
#3920 = CARTESIAN_POINT('',(-150.1327356945,3.496178793598,
    -17.58691719807));
#3921 = CARTESIAN_POINT('',(-150.1846483431,3.5,-17.67063412068));
#3922 = CARTESIAN_POINT('',(-150.2383505304,3.5,-17.75242513989));
#3923 = PCURVE('',#3515,#3924);
#3924 = DEFINITIONAL_REPRESENTATION('',(#3925),#3953);
#3925 = B_SPLINE_CURVE_WITH_KNOTS('',6,(#3926,#3927,#3928,#3929,#3930,
    #3931,#3932,#3933,#3934,#3935,#3936,#3937,#3938,#3939,#3940,#3941,
    #3942,#3943,#3944,#3945,#3946,#3947,#3948,#3949,#3950,#3951,#3952),
  .UNSPECIFIED.,.F.,.F.,(7,5,5,5,5,7),(0.,0.377295225247,0.478137629441,
    0.650137793204,0.800287126031,1.),.UNSPECIFIED.);
#3926 = CARTESIAN_POINT('',(-3.304015114122,2.6));
#3927 = CARTESIAN_POINT('',(-3.304015114122,2.443215259175));
#3928 = CARTESIAN_POINT('',(-3.308352609178,2.286105735493));
#3929 = CARTESIAN_POINT('',(-3.317061186894,2.130861883968));
#3930 = CARTESIAN_POINT('',(-3.330194814753,1.979754325194));
#3931 = CARTESIAN_POINT('',(-3.347816227851,1.835216651326));
#3932 = CARTESIAN_POINT('',(-3.375967781193,1.66377475574));
#3933 = CARTESIAN_POINT('',(-3.38222833462,1.628307595001));
#3934 = CARTESIAN_POINT('',(-3.388808815528,1.593606098604));
#3935 = CARTESIAN_POINT('',(-3.395705179303,1.559740229216));
#3936 = CARTESIAN_POINT('',(-3.402912612938,1.52677532243));
#3937 = CARTESIAN_POINT('',(-3.423239825226,1.440186301956));
#3938 = CARTESIAN_POINT('',(-3.436952518843,1.388357466218));
#3939 = CARTESIAN_POINT('',(-3.4515091288,1.339720302641));
#3940 = CARTESIAN_POINT('',(-3.466841419462,1.294608510109));
#3941 = CARTESIAN_POINT('',(-3.482870636597,1.253256765208));
#3942 = CARTESIAN_POINT('',(-3.514036886444,1.183106829202));
#3943 = CARTESIAN_POINT('',(-3.52901417988,1.15341353595));
#3944 = CARTESIAN_POINT('',(-3.544379431389,1.126812775117));
#3945 = CARTESIAN_POINT('',(-3.560063998512,1.103333224577));
#3946 = CARTESIAN_POINT('',(-3.575994230256,1.082944720904));
#3947 = CARTESIAN_POINT('',(-3.613503364119,1.042438233387));
#3948 = CARTESIAN_POINT('',(-3.6351851687,1.024659006309));
#3949 = CARTESIAN_POINT('',(-3.657034909763,1.011906723065));
#3950 = CARTESIAN_POINT('',(-3.678951994267,1.003821206402));
#3951 = CARTESIAN_POINT('',(-3.700834874271,1.));
#3952 = CARTESIAN_POINT('',(-3.722578266332,1.));
#3953 = ( GEOMETRIC_REPRESENTATION_CONTEXT(2) 
PARAMETRIC_REPRESENTATION_CONTEXT() REPRESENTATION_CONTEXT('2D SPACE',''
  ) );
#3954 = PCURVE('',#3955,#3960);
#3955 = CYLINDRICAL_SURFACE('',#3956,1.6);
#3956 = AXIS2_PLACEMENT_3D('',#3957,#3958,#3959);
#3957 = CARTESIAN_POINT('',(-183.7258541203,1.9,-23.57633880771));
#3958 = DIRECTION('',(0.98521175482,1.902269172752E-17,0.171341174751));
#3959 = DIRECTION('',(-0.171341174751,1.093804774332E-16,0.98521175482)
  );
#3960 = DEFINITIONAL_REPRESENTATION('',(#3961),#3989);
#3961 = B_SPLINE_CURVE_WITH_KNOTS('',6,(#3962,#3963,#3964,#3965,#3966,
    #3967,#3968,#3969,#3970,#3971,#3972,#3973,#3974,#3975,#3976,#3977,
    #3978,#3979,#3980,#3981,#3982,#3983,#3984,#3985,#3986,#3987,#3988),
  .UNSPECIFIED.,.F.,.F.,(7,5,5,5,5,7),(0.,0.377295225247,0.478137629441,
    0.650137793204,0.800287126031,1.),.UNSPECIFIED.);
#3962 = CARTESIAN_POINT('',(0.,34.957736582054));
#3963 = CARTESIAN_POINT('',(-9.799046301558E-02,34.957736582054));
#3964 = CARTESIAN_POINT('',(-0.196184017233,34.951326498901));
#3965 = CARTESIAN_POINT('',(-0.294904582587,34.938457035684));
#3966 = CARTESIAN_POINT('',(-0.394464167802,34.91844784176));
#3967 = CARTESIAN_POINT('',(-0.49518871226,34.889976132994));
#3968 = CARTESIAN_POINT('',(-0.624791070259,34.840570506866));
#3969 = CARTESIAN_POINT('',(-0.652212611818,34.829408172424));
#3970 = CARTESIAN_POINT('',(-0.679709633503,34.817473671348));
#3971 = CARTESIAN_POINT('',(-0.707271200901,34.804737027848));
#3972 = CARTESIAN_POINT('',(-0.734887507859,34.791168097482));
#3973 = CARTESIAN_POINT('',(-0.809731733883,34.752121668304));
#3974 = CARTESIAN_POINT('',(-0.857082466562,34.724979262419));
#3975 = CARTESIAN_POINT('',(-0.904450180615,34.695210030092));
#3976 = CARTESIAN_POINT('',(-0.95170372339,34.66274578887));
#3977 = CARTESIAN_POINT('',(-0.998724142996,34.627564024728));
#3978 = CARTESIAN_POINT('',(-1.086138960071,34.556650744806));
#3979 = CARTESIAN_POINT('',(-1.126576003234,34.521589592405));
#3980 = CARTESIAN_POINT('',(-1.166620615208,34.484560377775));
#3981 = CARTESIAN_POINT('',(-1.206187600793,34.445645251845));
#3982 = CARTESIAN_POINT('',(-1.24519054552,34.404972934695));
#3983 = CARTESIAN_POINT('',(-1.334546388566,34.30653017439));
#3984 = CARTESIAN_POINT('',(-1.384334467244,34.247615325681));
#3985 = CARTESIAN_POINT('',(-1.432893887705,34.186199680721));
#3986 = CARTESIAN_POINT('',(-1.480193752659,34.122569688836));
#3987 = CARTESIAN_POINT('',(-1.526183778224,34.057080581343));
#3988 = CARTESIAN_POINT('',(-1.570796326795,33.990158385874));
#3989 = ( GEOMETRIC_REPRESENTATION_CONTEXT(2) 
PARAMETRIC_REPRESENTATION_CONTEXT() REPRESENTATION_CONTEXT('2D SPACE',''
  ) );
#3990 = ORIENTED_EDGE('',*,*,#3991,.T.);
#3991 = EDGE_CURVE('',#3892,#3992,#3994,.T.);
#3992 = VERTEX_POINT('',#3993);
#3993 = CARTESIAN_POINT('',(-156.7069356919,3.5,-18.87739647233));
#3994 = SURFACE_CURVE('',#3995,(#4000,#4007),.PCURVE_S1.);
#3995 = CIRCLE('',#3996,4.5);
#3996 = AXIS2_PLACEMENT_3D('',#3997,#3998,#3999);
#3997 = CARTESIAN_POINT('',(-154.,3.5,-15.28260869565));
#3998 = DIRECTION('',(0.,1.,-2.22044604925E-16));
#3999 = DIRECTION('',(-1.,-0.,-0.));
#4000 = PCURVE('',#3515,#4001);
#4001 = DEFINITIONAL_REPRESENTATION('',(#4002),#4006);
#4002 = LINE('',#4003,#4004);
#4003 = CARTESIAN_POINT('',(-0.,1.));
#4004 = VECTOR('',#4005,1.);
#4005 = DIRECTION('',(-1.,0.));
#4006 = ( GEOMETRIC_REPRESENTATION_CONTEXT(2) 
PARAMETRIC_REPRESENTATION_CONTEXT() REPRESENTATION_CONTEXT('2D SPACE',''
  ) );
#4007 = PCURVE('',#4008,#4013);
#4008 = PLANE('',#4009);
#4009 = AXIS2_PLACEMENT_3D('',#4010,#4011,#4012);
#4010 = CARTESIAN_POINT('',(0.,3.5,0.));
#4011 = DIRECTION('',(-0.,-1.,2.22044604925E-16));
#4012 = DIRECTION('',(1.,0.,0.));
#4013 = DEFINITIONAL_REPRESENTATION('',(#4014),#4022);
#4014 = ( BOUNDED_CURVE() B_SPLINE_CURVE(2,(#4015,#4016,#4017,#4018,
#4019,#4020,#4021),.UNSPECIFIED.,.T.,.F.) B_SPLINE_CURVE_WITH_KNOTS((1,2
    ,2,2,2,1),(-2.094395102393,0.,2.094395102393,4.188790204786,
6.28318530718,8.377580409573),.UNSPECIFIED.) CURVE() 
GEOMETRIC_REPRESENTATION_ITEM() RATIONAL_B_SPLINE_CURVE((1.,0.5,1.,0.5,
1.,0.5,1.)) REPRESENTATION_ITEM('') );
#4015 = CARTESIAN_POINT('',(-158.5,-15.28260869565));
#4016 = CARTESIAN_POINT('',(-158.5,-7.488380061592));
#4017 = CARTESIAN_POINT('',(-151.75,-11.38549437862));
#4018 = CARTESIAN_POINT('',(-145.,-15.28260869565));
#4019 = CARTESIAN_POINT('',(-151.75,-19.17972301268));
#4020 = CARTESIAN_POINT('',(-158.5,-23.07683732971));
#4021 = CARTESIAN_POINT('',(-158.5,-15.28260869565));
#4022 = ( GEOMETRIC_REPRESENTATION_CONTEXT(2) 
PARAMETRIC_REPRESENTATION_CONTEXT() REPRESENTATION_CONTEXT('2D SPACE',''
  ) );
#4023 = ORIENTED_EDGE('',*,*,#4024,.T.);
#4024 = EDGE_CURVE('',#3992,#4025,#4027,.T.);
#4025 = VERTEX_POINT('',#4026);
#4026 = CARTESIAN_POINT('',(-157.9343509841,1.9,-17.46684364942));
#4027 = SURFACE_CURVE('',#4028,(#4056,#4087),.PCURVE_S1.);
#4028 = B_SPLINE_CURVE_WITH_KNOTS('',6,(#4029,#4030,#4031,#4032,#4033,
    #4034,#4035,#4036,#4037,#4038,#4039,#4040,#4041,#4042,#4043,#4044,
    #4045,#4046,#4047,#4048,#4049,#4050,#4051,#4052,#4053,#4054,#4055),
  .UNSPECIFIED.,.F.,.F.,(7,5,5,5,5,7),(0.,0.127528573434,0.348323236796,
    0.5220096097,0.621782445522,1.),.UNSPECIFIED.);
#4029 = CARTESIAN_POINT('',(-156.7069356919,3.5,-18.87739647233));
#4030 = CARTESIAN_POINT('',(-156.7568451564,3.5,-18.83981380568));
#4031 = CARTESIAN_POINT('',(-156.8062970252,3.498441960057,
    -18.80127275178));
#4032 = CARTESIAN_POINT('',(-156.855187299,3.495214856882,
    -18.76183494537));
#4033 = CARTESIAN_POINT('',(-156.9034185472,3.490210802579,
    -18.72157173066));
#4034 = CARTESIAN_POINT('',(-156.9508999076,3.483325044654,
    -18.68056416136));
#4035 = CARTESIAN_POINT('',(-157.078308974,3.459100621063,
    -18.56677358127));
#4036 = CARTESIAN_POINT('',(-157.1567240898,3.437770958297,
    -18.49254849162));
#4037 = CARTESIAN_POINT('',(-157.2318982525,3.409980414353,
    -18.4170750646));
#4038 = CARTESIAN_POINT('',(-157.3031733511,3.375456586968,
    -18.3412936124));
#4039 = CARTESIAN_POINT('',(-157.3700930872,3.334161968399,
    -18.26618808004));
#4040 = CARTESIAN_POINT('',(-157.4813573466,3.248675987561,
    -18.13495675169));
#4041 = CARTESIAN_POINT('',(-157.5273758974,3.207056500992,
    -18.07831374963));
#4042 = CARTESIAN_POINT('',(-157.5703010529,3.1615951199,-18.02327912672
    ));
#4043 = CARTESIAN_POINT('',(-157.6100751281,3.112531666833,
    -17.97031420147));
#4044 = CARTESIAN_POINT('',(-157.6466953531,3.060209014884,
    -17.91984273305));
#4045 = CARTESIAN_POINT('',(-157.699451465,2.973404018938,
    -17.84486895272));
#4046 = CARTESIAN_POINT('',(-157.7176810818,2.940791299184,
    -17.81844346515));
#4047 = CARTESIAN_POINT('',(-157.7349132995,2.907295946824,
    -17.79299571386));
#4048 = CARTESIAN_POINT('',(-157.7511701096,2.872981302723,
    -17.76856951721));
#4049 = CARTESIAN_POINT('',(-157.7664742037,2.83791515897,
    -17.74520381274));
#4050 = CARTESIAN_POINT('',(-157.8353406629,2.666666566088,
    -17.63850745373));
#4051 = CARTESIAN_POINT('',(-157.8763074612,2.521824248899,
    -17.57007188075));
#4052 = CARTESIAN_POINT('',(-157.9057075676,2.370350332321,
    -17.51843831482));
#4053 = CARTESIAN_POINT('',(-157.924828733,2.214704031308,
    -17.48399536569));
#4054 = CARTESIAN_POINT('',(-157.9343509841,2.057182238434,
    -17.46684364942));
#4055 = CARTESIAN_POINT('',(-157.9343509841,1.9,-17.46684364942));
#4056 = PCURVE('',#3515,#4057);
#4057 = DEFINITIONAL_REPRESENTATION('',(#4058),#4086);
#4058 = B_SPLINE_CURVE_WITH_KNOTS('',6,(#4059,#4060,#4061,#4062,#4063,
    #4064,#4065,#4066,#4067,#4068,#4069,#4070,#4071,#4072,#4073,#4074,
    #4075,#4076,#4077,#4078,#4079,#4080,#4081,#4082,#4083,#4084,#4085),
  .UNSPECIFIED.,.F.,.F.,(7,5,5,5,5,7),(0.,0.127528573434,0.348323236796,
    0.5220096097,0.621782445522,1.),.UNSPECIFIED.);
#4059 = CARTESIAN_POINT('',(-5.357818065391,1.));
#4060 = CARTESIAN_POINT('',(-5.371701907096,1.));
#4061 = CARTESIAN_POINT('',(-5.385632576987,1.001558039943));
#4062 = CARTESIAN_POINT('',(-5.399588348577,1.004785143118));
#4063 = CARTESIAN_POINT('',(-5.413547265345,1.009789197421));
#4064 = CARTESIAN_POINT('',(-5.427487140741,1.016674955346));
#4065 = CARTESIAN_POINT('',(-5.465448372637,1.040899378937));
#4066 = CARTESIAN_POINT('',(-5.489432316266,1.062229041703));
#4067 = CARTESIAN_POINT('',(-5.513089413607,1.090019585647));
#4068 = CARTESIAN_POINT('',(-5.536194612653,1.124543413032));
#4069 = CARTESIAN_POINT('',(-5.558542120506,1.165838031601));
#4070 = CARTESIAN_POINT('',(-5.596775579434,1.251324012439));
#4071 = CARTESIAN_POINT('',(-5.612989845826,1.292943499008));
#4072 = CARTESIAN_POINT('',(-5.628495648896,1.3384048801));
#4073 = CARTESIAN_POINT('',(-5.643211627555,1.387468333167));
#4074 = CARTESIAN_POINT('',(-5.657067337203,1.439790985116));
#4075 = CARTESIAN_POINT('',(-5.677439522411,1.526595981062));
#4076 = CARTESIAN_POINT('',(-5.684573305173,1.559208700816));
#4077 = CARTESIAN_POINT('',(-5.69140256065,1.592704053176));
#4078 = CARTESIAN_POINT('',(-5.697922602933,1.627018697277));
#4079 = CARTESIAN_POINT('',(-5.704129485846,1.66208484103));
#4080 = CARTESIAN_POINT('',(-5.732349697695,1.833333433912));
#4081 = CARTESIAN_POINT('',(-5.750064135363,1.978175751101));
#4082 = CARTESIAN_POINT('',(-5.763267464426,2.129649667679));
#4083 = CARTESIAN_POINT('',(-5.772021698894,2.285295968692));
#4084 = CARTESIAN_POINT('',(-5.776381217602,2.442817761566));
#4085 = CARTESIAN_POINT('',(-5.776381217602,2.6));
#4086 = ( GEOMETRIC_REPRESENTATION_CONTEXT(2) 
PARAMETRIC_REPRESENTATION_CONTEXT() REPRESENTATION_CONTEXT('2D SPACE',''
  ) );
#4087 = PCURVE('',#4088,#4093);
#4088 = CYLINDRICAL_SURFACE('',#4089,1.6);
#4089 = AXIS2_PLACEMENT_3D('',#4090,#4091,#4092);
#4090 = CARTESIAN_POINT('',(-183.7258541203,1.9,-23.57633880771));
#4091 = DIRECTION('',(0.98521175482,1.902269172752E-17,0.171341174751));
#4092 = DIRECTION('',(-0.171341174751,1.093804774332E-16,0.98521175482)
  );
#4093 = DEFINITIONAL_REPRESENTATION('',(#4094),#4122);
#4094 = B_SPLINE_CURVE_WITH_KNOTS('',6,(#4095,#4096,#4097,#4098,#4099,
    #4100,#4101,#4102,#4103,#4104,#4105,#4106,#4107,#4108,#4109,#4110,
    #4111,#4112,#4113,#4114,#4115,#4116,#4117,#4118,#4119,#4120,#4121),
  .UNSPECIFIED.,.F.,.F.,(7,5,5,5,5,7),(0.,0.127528573434,0.348323236796,
    0.5220096097,0.621782445522,1.),.UNSPECIFIED.);
#4095 = CARTESIAN_POINT('',(-1.570796326795,27.424478338008));
#4096 = CARTESIAN_POINT('',(-1.542309807273,27.381746405206));
#4097 = CARTESIAN_POINT('',(-1.5132820581,27.339629512192));
#4098 = CARTESIAN_POINT('',(-1.483720846297,27.298219559807));
#4099 = CARTESIAN_POINT('',(-1.453630861364,27.25760031372));
#4100 = CARTESIAN_POINT('',(-1.423013715282,27.217847404429));
#4101 = CARTESIAN_POINT('',(-1.337944180727,27.111819506184));
#4102 = CARTESIAN_POINT('',(-1.282332930736,27.047281826356));
#4103 = CARTESIAN_POINT('',(-1.225307399683,26.986151063289));
#4104 = CARTESIAN_POINT('',(-1.167102289874,26.928914481382));
#4105 = CARTESIAN_POINT('',(-1.107937313601,26.875853040904));
#4106 = CARTESIAN_POINT('',(-1.000923517618,26.788719514529));
#4107 = CARTESIAN_POINT('',(-0.953446169897,26.753086775941));
#4108 = CARTESIAN_POINT('',(-0.905727360565,26.720226105052));
#4109 = CARTESIAN_POINT('',(-0.857889450074,26.690115291107));
#4110 = CARTESIAN_POINT('',(-0.810067431681,26.66268445574));
#4111 = CARTESIAN_POINT('',(-0.73504598278,26.623554609705));
#4112 = CARTESIAN_POINT('',(-0.707719091235,26.610122351013));
#4113 = CARTESIAN_POINT('',(-0.68044570219,26.597505215194));
#4114 = CARTESIAN_POINT('',(-0.653235372535,26.585674028047));
#4115 = CARTESIAN_POINT('',(-0.626098738781,26.574599761863));
#4116 = CARTESIAN_POINT('',(-0.496502101389,26.525033196265));
#4117 = CARTESIAN_POINT('',(-0.395504229505,26.496398056459));
#4118 = CARTESIAN_POINT('',(-0.295675119587,26.476279681916));
#4119 = CARTESIAN_POINT('',(-0.196690126885,26.463342780361));
#4120 = CARTESIAN_POINT('',(-9.82388990214E-02,26.456900141828));
#4121 = CARTESIAN_POINT('',(0.,26.456900141828));
#4122 = ( GEOMETRIC_REPRESENTATION_CONTEXT(2) 
PARAMETRIC_REPRESENTATION_CONTEXT() REPRESENTATION_CONTEXT('2D SPACE',''
  ) );
#4123 = ORIENTED_EDGE('',*,*,#4124,.T.);
#4124 = EDGE_CURVE('',#4025,#4125,#4127,.T.);
#4125 = VERTEX_POINT('',#4126);
#4126 = CARTESIAN_POINT('',(-157.9343509841,-1.9,-17.46684364942));
#4127 = SURFACE_CURVE('',#4128,(#4132,#4139),.PCURVE_S1.);
#4128 = LINE('',#4129,#4130);
#4129 = CARTESIAN_POINT('',(-157.9343509841,4.5,-17.46684364942));
#4130 = VECTOR('',#4131,1.);
#4131 = DIRECTION('',(-0.,-1.,2.22044604925E-16));
#4132 = PCURVE('',#3515,#4133);
#4133 = DEFINITIONAL_REPRESENTATION('',(#4134),#4138);
#4134 = LINE('',#4135,#4136);
#4135 = CARTESIAN_POINT('',(-5.776381217602,-4.849975873734E-16));
#4136 = VECTOR('',#4137,1.);
#4137 = DIRECTION('',(-0.,1.));
#4138 = ( GEOMETRIC_REPRESENTATION_CONTEXT(2) 
PARAMETRIC_REPRESENTATION_CONTEXT() REPRESENTATION_CONTEXT('2D SPACE',''
  ) );
#4139 = PCURVE('',#4140,#4145);
#4140 = PLANE('',#4141);
#4141 = AXIS2_PLACEMENT_3D('',#4142,#4143,#4144);
#4142 = CARTESIAN_POINT('',(-184.,-2.442490654175E-15,-22.));
#4143 = DIRECTION('',(-0.171341174751,1.093804774332E-16,0.98521175482)
  );
#4144 = DIRECTION('',(-0.98521175482,-1.902269172752E-17,-0.171341174751
    ));
#4145 = DEFINITIONAL_REPRESENTATION('',(#4146),#4150);
#4146 = LINE('',#4147,#4148);
#4147 = CARTESIAN_POINT('',(-26.45690014182,-4.5));
#4148 = VECTOR('',#4149,1.);
#4149 = DIRECTION('',(-1.902269172752E-17,1.));
#4150 = ( GEOMETRIC_REPRESENTATION_CONTEXT(2) 
PARAMETRIC_REPRESENTATION_CONTEXT() REPRESENTATION_CONTEXT('2D SPACE',''
  ) );
#4151 = ORIENTED_EDGE('',*,*,#4152,.F.);
#4152 = EDGE_CURVE('',#3469,#4125,#4153,.T.);
#4153 = SURFACE_CURVE('',#4154,(#4182,#4213),.PCURVE_S1.);
#4154 = B_SPLINE_CURVE_WITH_KNOTS('',6,(#4155,#4156,#4157,#4158,#4159,
    #4160,#4161,#4162,#4163,#4164,#4165,#4166,#4167,#4168,#4169,#4170,
    #4171,#4172,#4173,#4174,#4175,#4176,#4177,#4178,#4179,#4180,#4181),
  .UNSPECIFIED.,.F.,.F.,(7,5,5,5,5,7),(0.,0.127528612289,0.348323265819,
    0.522009630988,0.621782462366,1.),.UNSPECIFIED.);
#4155 = CARTESIAN_POINT('',(-156.7069356919,-3.5,-18.87739647233));
#4156 = CARTESIAN_POINT('',(-156.7568451397,-3.5,-18.83981381824));
#4157 = CARTESIAN_POINT('',(-156.8062970295,-3.498441958434,
    -18.80127274736));
#4158 = CARTESIAN_POINT('',(-156.8551873156,-3.495214855376,
    -18.7618349318));
#4159 = CARTESIAN_POINT('',(-156.9034185517,-3.490210803434,
    -18.72157172783));
#4160 = CARTESIAN_POINT('',(-156.9508998913,-3.483325047751,
    -18.68056417591));
#4161 = CARTESIAN_POINT('',(-157.078308974,-3.459100621063,
    -18.56677358127));
#4162 = CARTESIAN_POINT('',(-157.1567240898,-3.437770958297,
    -18.49254849162));
#4163 = CARTESIAN_POINT('',(-157.2318982525,-3.409980414353,
    -18.4170750646));
#4164 = CARTESIAN_POINT('',(-157.3031733511,-3.375456586968,
    -18.3412936124));
#4165 = CARTESIAN_POINT('',(-157.3700930872,-3.334161968399,
    -18.26618808004));
#4166 = CARTESIAN_POINT('',(-157.4813573466,-3.248675987561,
    -18.13495675169));
#4167 = CARTESIAN_POINT('',(-157.5273758974,-3.207056500992,
    -18.07831374963));
#4168 = CARTESIAN_POINT('',(-157.5703010529,-3.1615951199,
    -18.02327912672));
#4169 = CARTESIAN_POINT('',(-157.6100751281,-3.112531666833,
    -17.97031420147));
#4170 = CARTESIAN_POINT('',(-157.6466953531,-3.060209014884,
    -17.91984273305));
#4171 = CARTESIAN_POINT('',(-157.699451465,-2.973404018938,
    -17.84486895272));
#4172 = CARTESIAN_POINT('',(-157.7176810818,-2.940791299184,
    -17.81844346515));
#4173 = CARTESIAN_POINT('',(-157.7349132995,-2.907295946824,
    -17.79299571386));
#4174 = CARTESIAN_POINT('',(-157.7511701096,-2.872981302723,
    -17.76856951721));
#4175 = CARTESIAN_POINT('',(-157.7664742037,-2.83791515897,
    -17.74520381274));
#4176 = CARTESIAN_POINT('',(-157.8353406629,-2.666666566088,
    -17.63850745373));
#4177 = CARTESIAN_POINT('',(-157.8763074612,-2.521824248899,
    -17.57007188075));
#4178 = CARTESIAN_POINT('',(-157.9057075676,-2.370350332321,
    -17.51843831482));
#4179 = CARTESIAN_POINT('',(-157.924828733,-2.214704031308,
    -17.48399536569));
#4180 = CARTESIAN_POINT('',(-157.9343509841,-2.057182238434,
    -17.46684364942));
#4181 = CARTESIAN_POINT('',(-157.9343509841,-1.9,-17.46684364942));
#4182 = PCURVE('',#3515,#4183);
#4183 = DEFINITIONAL_REPRESENTATION('',(#4184),#4212);
#4184 = B_SPLINE_CURVE_WITH_KNOTS('',6,(#4185,#4186,#4187,#4188,#4189,
    #4190,#4191,#4192,#4193,#4194,#4195,#4196,#4197,#4198,#4199,#4200,
    #4201,#4202,#4203,#4204,#4205,#4206,#4207,#4208,#4209,#4210,#4211),
  .UNSPECIFIED.,.F.,.F.,(7,5,5,5,5,7),(0.,0.127528612289,0.348323265819,
    0.522009630988,0.621782462366,1.),.UNSPECIFIED.);
#4185 = CARTESIAN_POINT('',(-5.357818065391,8.));
#4186 = CARTESIAN_POINT('',(-5.371701902457,8.));
#4187 = CARTESIAN_POINT('',(-5.385632578345,7.998441958434));
#4188 = CARTESIAN_POINT('',(-5.399588353333,7.995214855376));
#4189 = CARTESIAN_POINT('',(-5.413547266531,7.990210803434));
#4190 = CARTESIAN_POINT('',(-5.427487135887,7.983325047751));
#4191 = CARTESIAN_POINT('',(-5.465448372637,7.959100621063));
#4192 = CARTESIAN_POINT('',(-5.489432316266,7.937770958297));
#4193 = CARTESIAN_POINT('',(-5.513089413607,7.909980414353));
#4194 = CARTESIAN_POINT('',(-5.536194612653,7.875456586968));
#4195 = CARTESIAN_POINT('',(-5.558542120506,7.834161968399));
#4196 = CARTESIAN_POINT('',(-5.596775579434,7.748675987561));
#4197 = CARTESIAN_POINT('',(-5.612989845826,7.707056500992));
#4198 = CARTESIAN_POINT('',(-5.628495648896,7.6615951199));
#4199 = CARTESIAN_POINT('',(-5.643211627555,7.612531666833));
#4200 = CARTESIAN_POINT('',(-5.657067337203,7.560209014884));
#4201 = CARTESIAN_POINT('',(-5.677439522411,7.473404018938));
#4202 = CARTESIAN_POINT('',(-5.684573305173,7.440791299184));
#4203 = CARTESIAN_POINT('',(-5.69140256065,7.407295946824));
#4204 = CARTESIAN_POINT('',(-5.697922602933,7.372981302723));
#4205 = CARTESIAN_POINT('',(-5.704129485846,7.33791515897));
#4206 = CARTESIAN_POINT('',(-5.732349697695,7.166666566088));
#4207 = CARTESIAN_POINT('',(-5.750064135363,7.021824248899));
#4208 = CARTESIAN_POINT('',(-5.763267464426,6.870350332321));
#4209 = CARTESIAN_POINT('',(-5.772021698894,6.714704031308));
#4210 = CARTESIAN_POINT('',(-5.776381217602,6.557182238434));
#4211 = CARTESIAN_POINT('',(-5.776381217602,6.4));
#4212 = ( GEOMETRIC_REPRESENTATION_CONTEXT(2) 
PARAMETRIC_REPRESENTATION_CONTEXT() REPRESENTATION_CONTEXT('2D SPACE',''
  ) );
#4213 = PCURVE('',#3484,#4214);
#4214 = DEFINITIONAL_REPRESENTATION('',(#4215),#4243);
#4215 = B_SPLINE_CURVE_WITH_KNOTS('',6,(#4216,#4217,#4218,#4219,#4220,
    #4221,#4222,#4223,#4224,#4225,#4226,#4227,#4228,#4229,#4230,#4231,
    #4232,#4233,#4234,#4235,#4236,#4237,#4238,#4239,#4240,#4241,#4242),
  .UNSPECIFIED.,.F.,.F.,(7,5,5,5,5,7),(0.,0.127528612289,0.348323265819,
    0.522009630988,0.621782462366,1.),.UNSPECIFIED.);
#4216 = CARTESIAN_POINT('',(1.570796326795,27.424478338008));
#4217 = CARTESIAN_POINT('',(1.542309816792,27.381746419484));
#4218 = CARTESIAN_POINT('',(1.513282054833,27.33962950874));
#4219 = CARTESIAN_POINT('',(1.483720836093,27.298219545845));
#4220 = CARTESIAN_POINT('',(1.453630859183,27.257600309689));
#4221 = CARTESIAN_POINT('',(1.423013726158,27.217847417985));
#4222 = CARTESIAN_POINT('',(1.337944180727,27.111819506184));
#4223 = CARTESIAN_POINT('',(1.282332930736,27.047281826356));
#4224 = CARTESIAN_POINT('',(1.225307399683,26.986151063289));
#4225 = CARTESIAN_POINT('',(1.167102289874,26.928914481382));
#4226 = CARTESIAN_POINT('',(1.107937313601,26.875853040904));
#4227 = CARTESIAN_POINT('',(1.000923517618,26.788719514529));
#4228 = CARTESIAN_POINT('',(0.953446169897,26.753086775941));
#4229 = CARTESIAN_POINT('',(0.905727360565,26.720226105052));
#4230 = CARTESIAN_POINT('',(0.857889450074,26.690115291107));
#4231 = CARTESIAN_POINT('',(0.810067431681,26.66268445574));
#4232 = CARTESIAN_POINT('',(0.73504598278,26.623554609705));
#4233 = CARTESIAN_POINT('',(0.707719091235,26.610122351013));
#4234 = CARTESIAN_POINT('',(0.68044570219,26.597505215194));
#4235 = CARTESIAN_POINT('',(0.653235372535,26.585674028047));
#4236 = CARTESIAN_POINT('',(0.626098738781,26.574599761863));
#4237 = CARTESIAN_POINT('',(0.496502101389,26.525033196265));
#4238 = CARTESIAN_POINT('',(0.395504229505,26.496398056459));
#4239 = CARTESIAN_POINT('',(0.295675119587,26.476279681916));
#4240 = CARTESIAN_POINT('',(0.196690126885,26.463342780361));
#4241 = CARTESIAN_POINT('',(9.823889902141E-02,26.456900141828));
#4242 = CARTESIAN_POINT('',(0.,26.456900141828));
#4243 = ( GEOMETRIC_REPRESENTATION_CONTEXT(2) 
PARAMETRIC_REPRESENTATION_CONTEXT() REPRESENTATION_CONTEXT('2D SPACE',''
  ) );
#4244 = ADVANCED_FACE('',(#4245),#3484,.T.);
#4245 = FACE_BOUND('',#4246,.T.);
#4246 = EDGE_LOOP('',(#4247,#4278,#4332,#4333,#4334));
#4247 = ORIENTED_EDGE('',*,*,#4248,.F.);
#4248 = EDGE_CURVE('',#4249,#4251,#4253,.T.);
#4249 = VERTEX_POINT('',#4250);
#4250 = CARTESIAN_POINT('',(-182.6129735453,-2.90747321929,
    -22.12115759682));
#4251 = VERTEX_POINT('',#4252);
#4252 = CARTESIAN_POINT('',(-182.6741458796,-1.9,-21.76941667471));
#4253 = SURFACE_CURVE('',#4254,(#4259,#4266),.PCURVE_S1.);
#4254 = CIRCLE('',#4255,1.6);
#4255 = AXIS2_PLACEMENT_3D('',#4256,#4257,#4258);
#4256 = CARTESIAN_POINT('',(-182.4,-1.9,-23.34575548242));
#4257 = DIRECTION('',(-0.98521175482,-1.902269172752E-17,-0.171341174751
    ));
#4258 = DIRECTION('',(-0.171341174751,1.093804774332E-16,0.98521175482)
  );
#4259 = PCURVE('',#3484,#4260);
#4260 = DEFINITIONAL_REPRESENTATION('',(#4261),#4265);
#4261 = LINE('',#4262,#4263);
#4262 = CARTESIAN_POINT('',(6.28318530718,1.345755482425));
#4263 = VECTOR('',#4264,1.);
#4264 = DIRECTION('',(-1.,-0.));
#4265 = ( GEOMETRIC_REPRESENTATION_CONTEXT(2) 
PARAMETRIC_REPRESENTATION_CONTEXT() REPRESENTATION_CONTEXT('2D SPACE',''
  ) );
#4266 = PCURVE('',#4267,#4272);
#4267 = SPHERICAL_SURFACE('',#4268,1.6);
#4268 = AXIS2_PLACEMENT_3D('',#4269,#4270,#4271);
#4269 = CARTESIAN_POINT('',(-182.4,-1.9,-23.34575548242));
#4270 = DIRECTION('',(-0.,1.,-1.110223024625E-16));
#4271 = DIRECTION('',(-0.171341174751,1.093804774332E-16,0.98521175482)
  );
#4272 = DEFINITIONAL_REPRESENTATION('',(#4273),#4277);
#4273 = LINE('',#4274,#4275);
#4274 = CARTESIAN_POINT('',(-0.,-6.28318530718));
#4275 = VECTOR('',#4276,1.);
#4276 = DIRECTION('',(-0.,1.));
#4277 = ( GEOMETRIC_REPRESENTATION_CONTEXT(2) 
PARAMETRIC_REPRESENTATION_CONTEXT() REPRESENTATION_CONTEXT('2D SPACE',''
  ) );
#4278 = ORIENTED_EDGE('',*,*,#4279,.T.);
#4279 = EDGE_CURVE('',#4249,#3436,#4280,.T.);
#4280 = SURFACE_CURVE('',#4281,(#4296,#4314),.PCURVE_S1.);
#4281 = B_SPLINE_CURVE_WITH_KNOTS('',7,(#4282,#4283,#4284,#4285,#4286,
    #4287,#4288,#4289,#4290,#4291,#4292,#4293,#4294,#4295),
  .UNSPECIFIED.,.F.,.F.,(8,6,8),(0.,0.537993641869,1.),.UNSPECIFIED.);
#4282 = CARTESIAN_POINT('',(-182.6129760582,-2.907472150329,
    -22.12115715443));
#4283 = CARTESIAN_POINT('',(-182.4330710061,-2.983999910638,
    -22.1528283807));
#4284 = CARTESIAN_POINT('',(-182.2509768055,-3.056227882208,
    -22.18982612184));
#4285 = CARTESIAN_POINT('',(-182.0675057736,-3.124090549435,
    -22.23230725367));
#4286 = CARTESIAN_POINT('',(-181.882857365,-3.187388259305,
    -22.28043757349));
#4287 = CARTESIAN_POINT('',(-181.6971032642,-3.245759488406,
    -22.33446643344));
#4288 = CARTESIAN_POINT('',(-181.5103899223,-3.29859788509,
    -22.39464635689));
#4289 = CARTESIAN_POINT('',(-181.1619916753,-3.384916735512,
    -22.51836350586));
#4290 = CARTESIAN_POINT('',(-181.0005838147,-3.420055428368,
    -22.58019491213));
#4291 = CARTESIAN_POINT('',(-180.8388651794,-3.449916271058,
    -22.64684089351));
#4292 = CARTESIAN_POINT('',(-180.6770766945,-3.473802163013,
    -22.71840950369));
#4293 = CARTESIAN_POINT('',(-180.5155882132,-3.490847140161,
    -22.79494432584));
#4294 = CARTESIAN_POINT('',(-180.3549185119,-3.5,-22.87636907838));
#4295 = CARTESIAN_POINT('',(-180.1957523923,-3.5,-22.96240807239));
#4296 = PCURVE('',#3484,#4297);
#4297 = DEFINITIONAL_REPRESENTATION('',(#4298),#4313);
#4298 = B_SPLINE_CURVE_WITH_KNOTS('',7,(#4299,#4300,#4301,#4302,#4303,
    #4304,#4305,#4306,#4307,#4308,#4309,#4310,#4311,#4312),
  .UNSPECIFIED.,.F.,.F.,(8,6,8),(0.,0.537993641869,1.),.UNSPECIFIED.);
#4299 = CARTESIAN_POINT('',(0.681128473867,1.345753082425));
#4300 = CARTESIAN_POINT('',(0.742696436181,1.517571069402));
#4301 = CARTESIAN_POINT('',(0.804389486161,1.690633179957));
#4302 = CARTESIAN_POINT('',(0.866563242182,1.864112230164));
#4303 = CARTESIAN_POINT('',(0.929559213444,2.037783307275));
#4304 = CARTESIAN_POINT('',(0.993738681421,2.211533062531));
#4305 = CARTESIAN_POINT('',(1.059442373727,2.385173943018));
#4306 = CARTESIAN_POINT('',(1.18510183415,2.707222149644));
#4307 = CARTESIAN_POINT('',(1.24452731014,2.855648805504));
#4308 = CARTESIAN_POINT('',(1.305562888862,3.003556705164));
#4309 = CARTESIAN_POINT('',(1.368448023651,3.150689972616));
#4310 = CARTESIAN_POINT('',(1.433428427962,3.296676756254));
#4311 = CARTESIAN_POINT('',(1.500772365432,3.441019021927));
#4312 = CARTESIAN_POINT('',(1.570796326795,3.583089331612));
#4313 = ( GEOMETRIC_REPRESENTATION_CONTEXT(2) 
PARAMETRIC_REPRESENTATION_CONTEXT() REPRESENTATION_CONTEXT('2D SPACE',''
  ) );
#4314 = PCURVE('',#3456,#4315);
#4315 = DEFINITIONAL_REPRESENTATION('',(#4316),#4331);
#4316 = B_SPLINE_CURVE_WITH_KNOTS('',7,(#4317,#4318,#4319,#4320,#4321,
    #4322,#4323,#4324,#4325,#4326,#4327,#4328,#4329,#4330),
  .UNSPECIFIED.,.F.,.F.,(8,6,8),(0.,0.537993641869,1.),.UNSPECIFIED.);
#4317 = CARTESIAN_POINT('',(-8.028240212815,6.407472150329));
#4318 = CARTESIAN_POINT('',(-8.051074156281,6.483999910638));
#4319 = CARTESIAN_POINT('',(-8.074293032945,6.556227882208));
#4320 = CARTESIAN_POINT('',(-8.097819713446,6.624090549435));
#4321 = CARTESIAN_POINT('',(-8.121655533374,6.687388259305));
#4322 = CARTESIAN_POINT('',(-8.145821237095,6.745759488406));
#4323 = CARTESIAN_POINT('',(-8.170332146583,6.79859788509));
#4324 = CARTESIAN_POINT('',(-8.216546198734,6.884916735512));
#4325 = CARTESIAN_POINT('',(-8.238145349894,6.920055428368));
#4326 = CARTESIAN_POINT('',(-8.259998433138,6.949916271058));
#4327 = CARTESIAN_POINT('',(-8.282099039717,6.973802163013));
#4328 = CARTESIAN_POINT('',(-8.304424954423,6.990847140161));
#4329 = CARTESIAN_POINT('',(-8.326932567185,7.));
#4330 = CARTESIAN_POINT('',(-8.349549127115,7.));
#4331 = ( GEOMETRIC_REPRESENTATION_CONTEXT(2) 
PARAMETRIC_REPRESENTATION_CONTEXT() REPRESENTATION_CONTEXT('2D SPACE',''
  ) );
#4332 = ORIENTED_EDGE('',*,*,#3468,.T.);
#4333 = ORIENTED_EDGE('',*,*,#4152,.T.);
#4334 = ORIENTED_EDGE('',*,*,#4335,.F.);
#4335 = EDGE_CURVE('',#4251,#4125,#4336,.T.);
#4336 = SURFACE_CURVE('',#4337,(#4341,#4348),.PCURVE_S1.);
#4337 = LINE('',#4338,#4339);
#4338 = CARTESIAN_POINT('',(-184.,-1.9,-22.));
#4339 = VECTOR('',#4340,1.);
#4340 = DIRECTION('',(0.98521175482,1.902269172752E-17,0.171341174751));
#4341 = PCURVE('',#3484,#4342);
#4342 = DEFINITIONAL_REPRESENTATION('',(#4343),#4347);
#4343 = LINE('',#4344,#4345);
#4344 = CARTESIAN_POINT('',(0.,0.));
#4345 = VECTOR('',#4346,1.);
#4346 = DIRECTION('',(0.,1.));
#4347 = ( GEOMETRIC_REPRESENTATION_CONTEXT(2) 
PARAMETRIC_REPRESENTATION_CONTEXT() REPRESENTATION_CONTEXT('2D SPACE',''
  ) );
#4348 = PCURVE('',#4140,#4349);
#4349 = DEFINITIONAL_REPRESENTATION('',(#4350),#4354);
#4350 = LINE('',#4351,#4352);
#4351 = CARTESIAN_POINT('',(-0.,1.9));
#4352 = VECTOR('',#4353,1.);
#4353 = DIRECTION('',(-1.,0.));
#4354 = ( GEOMETRIC_REPRESENTATION_CONTEXT(2) 
PARAMETRIC_REPRESENTATION_CONTEXT() REPRESENTATION_CONTEXT('2D SPACE',''
  ) );
#4355 = ADVANCED_FACE('',(#4356),#3456,.T.);
#4356 = FACE_BOUND('',#4357,.F.);
#4357 = EDGE_LOOP('',(#4358,#4359,#4484,#4512,#4642,#4666,#4722,#4783,
    #4811,#4889));
#4358 = ORIENTED_EDGE('',*,*,#3435,.F.);
#4359 = ORIENTED_EDGE('',*,*,#4360,.F.);
#4360 = EDGE_CURVE('',#4361,#3408,#4363,.T.);
#4361 = VERTEX_POINT('',#4362);
#4362 = CARTESIAN_POINT('',(-181.4588560248,-1.9,-37.58568304753));
#4363 = SURFACE_CURVE('',#4364,(#4402,#4443),.PCURVE_S1.);
#4364 = B_SPLINE_CURVE_WITH_KNOTS('',8,(#4365,#4366,#4367,#4368,#4369,
    #4370,#4371,#4372,#4373,#4374,#4375,#4376,#4377,#4378,#4379,#4380,
    #4381,#4382,#4383,#4384,#4385,#4386,#4387,#4388,#4389,#4390,#4391,
    #4392,#4393,#4394,#4395,#4396,#4397,#4398,#4399,#4400,#4401),
  .UNSPECIFIED.,.F.,.F.,(9,7,7,7,7,9),(0.,5.02835356988E-02,
    8.447809969919E-02,0.173212220593,0.435969637471,1.),.UNSPECIFIED.);
#4365 = CARTESIAN_POINT('',(-181.4588560248,-1.9,-37.58568304753));
#4366 = CARTESIAN_POINT('',(-181.4588560248,-1.925300589729,
    -37.58568304753));
#4367 = CARTESIAN_POINT('',(-181.4561618403,-1.950256330829,
    -37.58478031913));
#4368 = CARTESIAN_POINT('',(-181.450901925,-1.974805220059,
    -37.58301857039));
#4369 = CARTESIAN_POINT('',(-181.4432697169,-1.998873558316,
    -37.58045599582));
#4370 = CARTESIAN_POINT('',(-181.4335249783,-2.022368839417,
    -37.57716893671));
#4371 = CARTESIAN_POINT('',(-181.4219951335,-2.045172638867,
    -37.57325554144));
#4372 = CARTESIAN_POINT('',(-181.4090766085,-2.067133502636,
    -37.56883942575));
#4373 = CARTESIAN_POINT('',(-181.3858241869,-2.102290474913,
    -37.56083222329));
#4374 = CARTESIAN_POINT('',(-181.3758842305,-2.116196226289,
    -37.55739425625));
#4375 = CARTESIAN_POINT('',(-181.3654871246,-2.129789504994,
    -37.55378098442));
#4376 = CARTESIAN_POINT('',(-181.354693915,-2.143084620012,
    -37.55001089022));
#4377 = CARTESIAN_POINT('',(-181.3435558696,-2.156097774378,
    -37.54609938605));
#4378 = CARTESIAN_POINT('',(-181.3321144784,-2.168847065175,
    -37.54205881427));
#4379 = CARTESIAN_POINT('',(-181.3204014531,-2.18135248354,
    -37.53789844724));
#4380 = CARTESIAN_POINT('',(-181.2773957241,-2.225511140842,
    -37.52253365774));
#4381 = CARTESIAN_POINT('',(-181.2444462509,-2.256122551567,
    -37.5105969245));
#4382 = CARTESIAN_POINT('',(-181.2102351038,-2.285509200369,
    -37.49800787362));
#4383 = CARTESIAN_POINT('',(-181.1752378333,-2.313742309026,
    -37.48491633822));
#4384 = CARTESIAN_POINT('',(-181.1397499831,-2.340935749984,
    -37.47141959933));
#4385 = CARTESIAN_POINT('',(-181.103877332,-2.367256214039,
    -37.45755093537));
#4386 = CARTESIAN_POINT('',(-181.0675271397,-2.392933063251,
    -37.44326551989));
#4387 = CARTESIAN_POINT('',(-180.9204615448,-2.493288707543,
    -37.38447432112));
#4388 = CARTESIAN_POINT('',(-180.8040556312,-2.565073489161,
    -37.33578312938));
#4389 = CARTESIAN_POINT('',(-180.6855875819,-2.633199519617,
    -37.28361505132));
#4390 = CARTESIAN_POINT('',(-180.5676450356,-2.697570422443,
    -37.22892957356));
#4391 = CARTESIAN_POINT('',(-180.4508496499,-2.758601172761,
    -37.17214802781));
#4392 = CARTESIAN_POINT('',(-180.334506084,-2.817081061295,
    -37.11294841405));
#4393 = CARTESIAN_POINT('',(-180.217246932,-2.873827467263,
    -37.05050588868));
#4394 = CARTESIAN_POINT('',(-179.8400865742,-3.049098118964,
    -36.83973656664));
#4395 = CARTESIAN_POINT('',(-179.5834203364,-3.157984210396,
    -36.68208485298));
#4396 = CARTESIAN_POINT('',(-179.3290120853,-3.256228924924,
    -36.51043604839));
#4397 = CARTESIAN_POINT('',(-179.0765741882,-3.342652634501,
    -36.32375942974));
#4398 = CARTESIAN_POINT('',(-178.8270354359,-3.414895449845,
    -36.12113326675));
#4399 = CARTESIAN_POINT('',(-178.5818430805,-3.469137289922,
    -35.90210536174));
#4400 = CARTESIAN_POINT('',(-178.3434948646,-3.5,-35.66722599036));
#4401 = CARTESIAN_POINT('',(-178.1152709611,-3.5,-35.41940625338));
#4402 = PCURVE('',#3456,#4403);
#4403 = DEFINITIONAL_REPRESENTATION('',(#4404),#4442);
#4404 = B_SPLINE_CURVE_WITH_KNOTS('',8,(#4405,#4406,#4407,#4408,#4409,
    #4410,#4411,#4412,#4413,#4414,#4415,#4416,#4417,#4418,#4419,#4420,
    #4421,#4422,#4423,#4424,#4425,#4426,#4427,#4428,#4429,#4430,#4431,
    #4432,#4433,#4434,#4435,#4436,#4437,#4438,#4439,#4440,#4441),
  .UNSPECIFIED.,.F.,.F.,(9,7,7,7,7,9),(0.,5.02835356988E-02,
    8.447809969919E-02,0.173212220593,0.435969637471,1.),.UNSPECIFIED.);
#4405 = CARTESIAN_POINT('',(-4.389146270019,5.4));
#4406 = CARTESIAN_POINT('',(-4.389146270019,5.425300589729));
#4407 = CARTESIAN_POINT('',(-4.388791094633,5.450256330829));
#4408 = CARTESIAN_POINT('',(-4.388097705676,5.474805220059));
#4409 = CARTESIAN_POINT('',(-4.38709134149,5.498873558316));
#4410 = CARTESIAN_POINT('',(-4.38580581955,5.522368839417));
#4411 = CARTESIAN_POINT('',(-4.384283839067,5.545172638867));
#4412 = CARTESIAN_POINT('',(-4.382577283585,5.567133502636));
#4413 = CARTESIAN_POINT('',(-4.379503222755,5.602290474913));
#4414 = CARTESIAN_POINT('',(-4.378188509616,5.616196226289));
#4415 = CARTESIAN_POINT('',(-4.376812628678,5.629789504994));
#4416 = CARTESIAN_POINT('',(-4.375383542769,5.643084620012));
#4417 = CARTESIAN_POINT('',(-4.373907933041,5.656097774378));
#4418 = CARTESIAN_POINT('',(-4.372391198963,5.668847065175));
#4419 = CARTESIAN_POINT('',(-4.370837458328,5.68135248354));
#4420 = CARTESIAN_POINT('',(-4.365128953878,5.725511140842));
#4421 = CARTESIAN_POINT('',(-4.360748368419,5.756122551567));
#4422 = CARTESIAN_POINT('',(-4.356191731131,5.785509200369));
#4423 = CARTESIAN_POINT('',(-4.35152114997,5.813742309026));
#4424 = CARTESIAN_POINT('',(-4.346775322799,5.840935749984));
#4425 = CARTESIAN_POINT('',(-4.341967922241,5.867256214039));
#4426 = CARTESIAN_POINT('',(-4.337085943172,5.892933063251));
#4427 = CARTESIAN_POINT('',(-4.317288257755,5.993288707543));
#4428 = CARTESIAN_POINT('',(-4.301517848636,6.065073489161));
#4429 = CARTESIAN_POINT('',(-4.2853418678,6.133199519617));
#4430 = CARTESIAN_POINT('',(-4.269097302212,6.197570422442));
#4431 = CARTESIAN_POINT('',(-4.252869287398,6.258601172761));
#4432 = CARTESIAN_POINT('',(-4.236556613688,6.317081061295));
#4433 = CARTESIAN_POINT('',(-4.21995393053,6.373827467263));
#4434 = CARTESIAN_POINT('',(-4.165946748918,6.549098118964));
#4435 = CARTESIAN_POINT('',(-4.128326645798,6.657984210396));
#4436 = CARTESIAN_POINT('',(-4.090022970584,6.756228924922));
#4437 = CARTESIAN_POINT('',(-4.050852877537,6.842652634503));
#4438 = CARTESIAN_POINT('',(-4.010758123712,6.914895449844));
#4439 = CARTESIAN_POINT('',(-3.96974219456,6.969137289923));
#4440 = CARTESIAN_POINT('',(-3.927962444896,7.));
#4441 = CARTESIAN_POINT('',(-3.885850100327,7.));
#4442 = ( GEOMETRIC_REPRESENTATION_CONTEXT(2) 
PARAMETRIC_REPRESENTATION_CONTEXT() REPRESENTATION_CONTEXT('2D SPACE',''
  ) );
#4443 = PCURVE('',#3423,#4444);
#4444 = DEFINITIONAL_REPRESENTATION('',(#4445),#4483);
#4445 = B_SPLINE_CURVE_WITH_KNOTS('',8,(#4446,#4447,#4448,#4449,#4450,
    #4451,#4452,#4453,#4454,#4455,#4456,#4457,#4458,#4459,#4460,#4461,
    #4462,#4463,#4464,#4465,#4466,#4467,#4468,#4469,#4470,#4471,#4472,
    #4473,#4474,#4475,#4476,#4477,#4478,#4479,#4480,#4481,#4482),
  .UNSPECIFIED.,.F.,.F.,(9,7,7,7,7,9),(0.,5.02835356988E-02,
    8.447809969919E-02,0.173212220593,0.435969637471,1.),.UNSPECIFIED.);
#4446 = CARTESIAN_POINT('',(0.,183.85491310062));
#4447 = CARTESIAN_POINT('',(1.581286858033E-02,183.85491310062));
#4448 = CARTESIAN_POINT('',(3.141024646799E-02,183.85210876181));
#4449 = CARTESIAN_POINT('',(4.67592789484E-02,183.84663389714));
#4450 = CARTESIAN_POINT('',(6.18193368293E-02,183.83868878854));
#4451 = CARTESIAN_POINT('',(7.653709845351E-02,183.82854209739));
#4452 = CARTESIAN_POINT('',(9.084163171175E-02,183.816532775));
#4453 = CARTESIAN_POINT('',(0.104639476055,183.80307197309));
#4454 = CARTESIAN_POINT('',(0.126765954365,183.77883407652));
#4455 = CARTESIAN_POINT('',(0.13552860684,183.7684704279));
#4456 = CARTESIAN_POINT('',(0.144105679702,183.7576273776));
#4457 = CARTESIAN_POINT('',(0.1525063321,183.74636815018));
#4458 = CARTESIAN_POINT('',(0.160740884565,183.73474582554));
#4459 = CARTESIAN_POINT('',(0.16882081901,183.72280333892));
#4460 = CARTESIAN_POINT('',(0.17675877873,183.7105734809));
#4461 = CARTESIAN_POINT('',(0.204834796113,183.66565573559));
#4462 = CARTESIAN_POINT('',(0.224385137515,183.63121482774));
#4463 = CARTESIAN_POINT('',(0.24324621437,183.59542371845));
#4464 = CARTESIAN_POINT('',(0.26146258457,183.55877587166));
#4465 = CARTESIAN_POINT('',(0.279104702726,183.52157863373));
#4466 = CARTESIAN_POINT('',(0.296277649133,183.4839417601));
#4467 = CARTESIAN_POINT('',(0.313130627095,183.44576650573));
#4468 = CARTESIAN_POINT('',(0.379427264176,183.29115691761));
#4469 = CARTESIAN_POINT('',(0.427810654034,183.16843272328));
#4470 = CARTESIAN_POINT('',(0.474843207211,183.04311377187));
#4471 = CARTESIAN_POINT('',(0.520511045985,182.91790837836));
#4472 = CARTESIAN_POINT('',(0.56509012078,182.79349789893));
#4473 = CARTESIAN_POINT('',(0.609179731929,182.66914423876));
#4474 = CARTESIAN_POINT('',(0.653524990983,182.54336507973));
#4475 = CARTESIAN_POINT('',(0.79662957562,182.13720328529));
#4476 = CARTESIAN_POINT('',(0.894688849384,181.85851290566));
#4477 = CARTESIAN_POINT('',(0.994773584407,181.57979869312));
#4478 = CARTESIAN_POINT('',(1.098193935782,181.30061090073));
#4479 = CARTESIAN_POINT('',(1.206179613391,181.02171789161));
#4480 = CARTESIAN_POINT('',(1.319965563548,180.7444752897));
#4481 = CARTESIAN_POINT('',(1.44088095883,180.47143683568));
#4482 = CARTESIAN_POINT('',(1.570796326795,180.2063084047));
#4483 = ( GEOMETRIC_REPRESENTATION_CONTEXT(2) 
PARAMETRIC_REPRESENTATION_CONTEXT() REPRESENTATION_CONTEXT('2D SPACE',''
  ) );
#4484 = ORIENTED_EDGE('',*,*,#4485,.F.);
#4485 = EDGE_CURVE('',#4486,#4361,#4488,.T.);
#4486 = VERTEX_POINT('',#4487);
#4487 = CARTESIAN_POINT('',(-181.4588560248,1.9,-37.58568304753));
#4488 = SURFACE_CURVE('',#4489,(#4493,#4500),.PCURVE_S1.);
#4489 = LINE('',#4490,#4491);
#4490 = CARTESIAN_POINT('',(-181.4588560248,3.5,-37.58568304753));
#4491 = VECTOR('',#4492,1.);
#4492 = DIRECTION('',(-0.,-1.,2.22044604925E-16));
#4493 = PCURVE('',#3456,#4494);
#4494 = DEFINITIONAL_REPRESENTATION('',(#4495),#4499);
#4495 = LINE('',#4496,#4497);
#4496 = CARTESIAN_POINT('',(-4.389146270019,-7.961815756755E-16));
#4497 = VECTOR('',#4498,1.);
#4498 = DIRECTION('',(-0.,1.));
#4499 = ( GEOMETRIC_REPRESENTATION_CONTEXT(2) 
PARAMETRIC_REPRESENTATION_CONTEXT() REPRESENTATION_CONTEXT('2D SPACE',''
  ) );
#4500 = PCURVE('',#4501,#4506);
#4501 = PLANE('',#4502);
#4502 = AXIS2_PLACEMENT_3D('',#4503,#4504,#4505);
#4503 = CARTESIAN_POINT('',(0.,-8.881784197001E-16,-8.));
#4504 = DIRECTION('',(0.160918642578,-1.09575423677E-16,-0.986967674481)
  );
#4505 = DIRECTION('',(0.986967674481,1.78655582082E-17,0.160918642578));
#4506 = DEFINITIONAL_REPRESENTATION('',(#4507),#4511);
#4507 = LINE('',#4508,#4509);
#4508 = CARTESIAN_POINT('',(-183.8549131006,-3.5));
#4509 = VECTOR('',#4510,1.);
#4510 = DIRECTION('',(1.78655582082E-17,1.));
#4511 = ( GEOMETRIC_REPRESENTATION_CONTEXT(2) 
PARAMETRIC_REPRESENTATION_CONTEXT() REPRESENTATION_CONTEXT('2D SPACE',''
  ) );
#4512 = ORIENTED_EDGE('',*,*,#4513,.T.);
#4513 = EDGE_CURVE('',#4486,#4514,#4516,.T.);
#4514 = VERTEX_POINT('',#4515);
#4515 = CARTESIAN_POINT('',(-178.1152709611,3.5,-35.41940625338));
#4516 = SURFACE_CURVE('',#4517,(#4555,#4596),.PCURVE_S1.);
#4517 = B_SPLINE_CURVE_WITH_KNOTS('',8,(#4518,#4519,#4520,#4521,#4522,
    #4523,#4524,#4525,#4526,#4527,#4528,#4529,#4530,#4531,#4532,#4533,
    #4534,#4535,#4536,#4537,#4538,#4539,#4540,#4541,#4542,#4543,#4544,
    #4545,#4546,#4547,#4548,#4549,#4550,#4551,#4552,#4553,#4554),
  .UNSPECIFIED.,.F.,.F.,(9,7,7,7,7,9),(0.,5.028353569873E-02,
    8.447809969928E-02,0.173212220593,0.435969637472,1.),.UNSPECIFIED.);
#4518 = CARTESIAN_POINT('',(-181.4588560248,1.9,-37.58568304753));
#4519 = CARTESIAN_POINT('',(-181.4588560248,1.925300589729,
    -37.58568304753));
#4520 = CARTESIAN_POINT('',(-181.4561618403,1.950256330829,
    -37.58478031913));
#4521 = CARTESIAN_POINT('',(-181.450901925,1.974805220059,
    -37.58301857039));
#4522 = CARTESIAN_POINT('',(-181.4432697169,1.998873558316,
    -37.58045599582));
#4523 = CARTESIAN_POINT('',(-181.4335249783,2.022368839417,
    -37.57716893671));
#4524 = CARTESIAN_POINT('',(-181.4219951335,2.045172638867,
    -37.57325554144));
#4525 = CARTESIAN_POINT('',(-181.4090766085,2.067133502636,
    -37.56883942575));
#4526 = CARTESIAN_POINT('',(-181.3858241869,2.102290474913,
    -37.56083222329));
#4527 = CARTESIAN_POINT('',(-181.3758842305,2.116196226289,
    -37.55739425625));
#4528 = CARTESIAN_POINT('',(-181.3654871246,2.129789504994,
    -37.55378098442));
#4529 = CARTESIAN_POINT('',(-181.354693915,2.143084620012,
    -37.55001089022));
#4530 = CARTESIAN_POINT('',(-181.3435558696,2.156097774378,
    -37.54609938605));
#4531 = CARTESIAN_POINT('',(-181.3321144784,2.168847065175,
    -37.54205881427));
#4532 = CARTESIAN_POINT('',(-181.3204014531,2.18135248354,
    -37.53789844724));
#4533 = CARTESIAN_POINT('',(-181.2773957241,2.225511140841,
    -37.52253365774));
#4534 = CARTESIAN_POINT('',(-181.2444462509,2.256122551567,
    -37.5105969245));
#4535 = CARTESIAN_POINT('',(-181.2102351038,2.285509200369,
    -37.49800787362));
#4536 = CARTESIAN_POINT('',(-181.1752378333,2.313742309026,
    -37.48491633821));
#4537 = CARTESIAN_POINT('',(-181.1397499831,2.340935749984,
    -37.47141959933));
#4538 = CARTESIAN_POINT('',(-181.103877332,2.367256214039,
    -37.45755093537));
#4539 = CARTESIAN_POINT('',(-181.0675271397,2.392933063251,
    -37.44326551989));
#4540 = CARTESIAN_POINT('',(-180.9204615448,2.493288707543,
    -37.38447432112));
#4541 = CARTESIAN_POINT('',(-180.8040556312,2.565073489161,
    -37.33578312938));
#4542 = CARTESIAN_POINT('',(-180.6855875819,2.633199519617,
    -37.28361505132));
#4543 = CARTESIAN_POINT('',(-180.5676450356,2.697570422442,
    -37.22892957356));
#4544 = CARTESIAN_POINT('',(-180.4508496499,2.758601172761,
    -37.17214802781));
#4545 = CARTESIAN_POINT('',(-180.334506084,2.817081061295,
    -37.11294841405));
#4546 = CARTESIAN_POINT('',(-180.217246932,2.873827467263,
    -37.05050588868));
#4547 = CARTESIAN_POINT('',(-179.8400865742,3.049098118964,
    -36.83973656664));
#4548 = CARTESIAN_POINT('',(-179.5834203364,3.157984210398,
    -36.68208485297));
#4549 = CARTESIAN_POINT('',(-179.3290120853,3.25622892492,
    -36.51043604839));
#4550 = CARTESIAN_POINT('',(-179.0765741882,3.342652634504,
    -36.32375942974));
#4551 = CARTESIAN_POINT('',(-178.8270354359,3.414895449843,
    -36.12113326675));
#4552 = CARTESIAN_POINT('',(-178.5818430805,3.469137289923,
    -35.90210536174));
#4553 = CARTESIAN_POINT('',(-178.3434948646,3.5,-35.66722599036));
#4554 = CARTESIAN_POINT('',(-178.1152709611,3.5,-35.41940625338));
#4555 = PCURVE('',#3456,#4556);
#4556 = DEFINITIONAL_REPRESENTATION('',(#4557),#4595);
#4557 = B_SPLINE_CURVE_WITH_KNOTS('',8,(#4558,#4559,#4560,#4561,#4562,
    #4563,#4564,#4565,#4566,#4567,#4568,#4569,#4570,#4571,#4572,#4573,
    #4574,#4575,#4576,#4577,#4578,#4579,#4580,#4581,#4582,#4583,#4584,
    #4585,#4586,#4587,#4588,#4589,#4590,#4591,#4592,#4593,#4594),
  .UNSPECIFIED.,.F.,.F.,(9,7,7,7,7,9),(0.,5.028353569873E-02,
    8.447809969928E-02,0.173212220593,0.435969637472,1.),.UNSPECIFIED.);
#4558 = CARTESIAN_POINT('',(-4.389146270019,1.6));
#4559 = CARTESIAN_POINT('',(-4.389146270019,1.574699410271));
#4560 = CARTESIAN_POINT('',(-4.388791094633,1.549743669171));
#4561 = CARTESIAN_POINT('',(-4.388097705676,1.525194779941));
#4562 = CARTESIAN_POINT('',(-4.38709134149,1.501126441684));
#4563 = CARTESIAN_POINT('',(-4.38580581955,1.477631160583));
#4564 = CARTESIAN_POINT('',(-4.384283839067,1.454827361133));
#4565 = CARTESIAN_POINT('',(-4.382577283585,1.432866497364));
#4566 = CARTESIAN_POINT('',(-4.379503222755,1.397709525087));
#4567 = CARTESIAN_POINT('',(-4.378188509616,1.383803773711));
#4568 = CARTESIAN_POINT('',(-4.376812628678,1.370210495006));
#4569 = CARTESIAN_POINT('',(-4.375383542769,1.356915379988));
#4570 = CARTESIAN_POINT('',(-4.373907933041,1.343902225622));
#4571 = CARTESIAN_POINT('',(-4.372391198963,1.331152934825));
#4572 = CARTESIAN_POINT('',(-4.370837458328,1.31864751646));
#4573 = CARTESIAN_POINT('',(-4.365128953878,1.274488859159));
#4574 = CARTESIAN_POINT('',(-4.360748368419,1.243877448433));
#4575 = CARTESIAN_POINT('',(-4.356191731131,1.214490799631));
#4576 = CARTESIAN_POINT('',(-4.35152114997,1.186257690974));
#4577 = CARTESIAN_POINT('',(-4.346775322799,1.159064250016));
#4578 = CARTESIAN_POINT('',(-4.341967922241,1.132743785961));
#4579 = CARTESIAN_POINT('',(-4.337085943172,1.107066936749));
#4580 = CARTESIAN_POINT('',(-4.317288257755,1.006711292457));
#4581 = CARTESIAN_POINT('',(-4.301517848636,0.934926510839));
#4582 = CARTESIAN_POINT('',(-4.2853418678,0.866800480384));
#4583 = CARTESIAN_POINT('',(-4.269097302212,0.802429577557));
#4584 = CARTESIAN_POINT('',(-4.252869287398,0.74139882724));
#4585 = CARTESIAN_POINT('',(-4.236556613688,0.682918938705));
#4586 = CARTESIAN_POINT('',(-4.21995393053,0.626172532737));
#4587 = CARTESIAN_POINT('',(-4.165946748919,0.450901881036));
#4588 = CARTESIAN_POINT('',(-4.128326645797,0.342015789602));
#4589 = CARTESIAN_POINT('',(-4.090022970585,0.24377107508));
#4590 = CARTESIAN_POINT('',(-4.050852877537,0.157347365496));
#4591 = CARTESIAN_POINT('',(-4.010758123712,8.51045501559E-02));
#4592 = CARTESIAN_POINT('',(-3.96974219456,3.086271007759E-02));
#4593 = CARTESIAN_POINT('',(-3.927962444896,1.16661852442E-15));
#4594 = CARTESIAN_POINT('',(-3.885850100327,2.6645352591E-15));
#4595 = ( GEOMETRIC_REPRESENTATION_CONTEXT(2) 
PARAMETRIC_REPRESENTATION_CONTEXT() REPRESENTATION_CONTEXT('2D SPACE',''
  ) );
#4596 = PCURVE('',#4597,#4602);
#4597 = CYLINDRICAL_SURFACE('',#4598,1.6);
#4598 = AXIS2_PLACEMENT_3D('',#4599,#4600,#4601);
#4599 = CARTESIAN_POINT('',(-0.257469828126,1.9,-6.42085172083));
#4600 = DIRECTION('',(-0.986967674481,-1.78655582082E-17,-0.160918642578
    ));
#4601 = DIRECTION('',(0.160918642578,-1.09575423677E-16,-0.986967674481)
  );
#4602 = DEFINITIONAL_REPRESENTATION('',(#4603),#4641);
#4603 = B_SPLINE_CURVE_WITH_KNOTS('',8,(#4604,#4605,#4606,#4607,#4608,
    #4609,#4610,#4611,#4612,#4613,#4614,#4615,#4616,#4617,#4618,#4619,
    #4620,#4621,#4622,#4623,#4624,#4625,#4626,#4627,#4628,#4629,#4630,
    #4631,#4632,#4633,#4634,#4635,#4636,#4637,#4638,#4639,#4640),
  .UNSPECIFIED.,.F.,.F.,(9,7,7,7,7,9),(0.,5.028353569873E-02,
    8.447809969928E-02,0.173212220593,0.435969637472,1.),.UNSPECIFIED.);
#4604 = CARTESIAN_POINT('',(0.,183.85491310062));
#4605 = CARTESIAN_POINT('',(-1.581286858041E-02,183.85491310062));
#4606 = CARTESIAN_POINT('',(-3.141024646794E-02,183.85210876181));
#4607 = CARTESIAN_POINT('',(-4.675927894832E-02,183.84663389714));
#4608 = CARTESIAN_POINT('',(-6.181933682931E-02,183.83868878854));
#4609 = CARTESIAN_POINT('',(-7.65370984536E-02,183.82854209739));
#4610 = CARTESIAN_POINT('',(-9.084163171181E-02,183.816532775));
#4611 = CARTESIAN_POINT('',(-0.104639476055,183.80307197309));
#4612 = CARTESIAN_POINT('',(-0.126765954365,183.77883407652));
#4613 = CARTESIAN_POINT('',(-0.13552860684,183.7684704279));
#4614 = CARTESIAN_POINT('',(-0.144105679702,183.7576273776));
#4615 = CARTESIAN_POINT('',(-0.1525063321,183.74636815018));
#4616 = CARTESIAN_POINT('',(-0.160740884565,183.73474582554));
#4617 = CARTESIAN_POINT('',(-0.16882081901,183.72280333892));
#4618 = CARTESIAN_POINT('',(-0.17675877873,183.7105734809));
#4619 = CARTESIAN_POINT('',(-0.204834796113,183.66565573559));
#4620 = CARTESIAN_POINT('',(-0.224385137515,183.63121482774));
#4621 = CARTESIAN_POINT('',(-0.24324621437,183.59542371845));
#4622 = CARTESIAN_POINT('',(-0.26146258457,183.55877587166));
#4623 = CARTESIAN_POINT('',(-0.279104702726,183.52157863373));
#4624 = CARTESIAN_POINT('',(-0.296277649133,183.4839417601));
#4625 = CARTESIAN_POINT('',(-0.313130627095,183.44576650573));
#4626 = CARTESIAN_POINT('',(-0.379427264176,183.29115691761));
#4627 = CARTESIAN_POINT('',(-0.427810654035,183.16843272328));
#4628 = CARTESIAN_POINT('',(-0.47484320721,183.04311377187));
#4629 = CARTESIAN_POINT('',(-0.520511045986,182.91790837836));
#4630 = CARTESIAN_POINT('',(-0.56509012078,182.79349789892));
#4631 = CARTESIAN_POINT('',(-0.609179731929,182.66914423876));
#4632 = CARTESIAN_POINT('',(-0.653524990983,182.54336507973));
#4633 = CARTESIAN_POINT('',(-0.796629575619,182.1372032853));
#4634 = CARTESIAN_POINT('',(-0.894688849386,181.85851290565));
#4635 = CARTESIAN_POINT('',(-0.994773584406,181.57979869312));
#4636 = CARTESIAN_POINT('',(-1.098193935782,181.30061090073));
#4637 = CARTESIAN_POINT('',(-1.206179613393,181.02171789161));
#4638 = CARTESIAN_POINT('',(-1.319965563547,180.7444752897));
#4639 = CARTESIAN_POINT('',(-1.440880958831,180.47143683568));
#4640 = CARTESIAN_POINT('',(-1.570796326795,180.2063084047));
#4641 = ( GEOMETRIC_REPRESENTATION_CONTEXT(2) 
PARAMETRIC_REPRESENTATION_CONTEXT() REPRESENTATION_CONTEXT('2D SPACE',''
  ) );
#4642 = ORIENTED_EDGE('',*,*,#4643,.F.);
#4643 = EDGE_CURVE('',#4644,#4514,#4646,.T.);
#4644 = VERTEX_POINT('',#4645);
#4645 = CARTESIAN_POINT('',(-180.1957523923,3.5,-22.96240807239));
#4646 = SURFACE_CURVE('',#4647,(#4652,#4659),.PCURVE_S1.);
#4647 = CIRCLE('',#4648,8.);
#4648 = AXIS2_PLACEMENT_3D('',#4649,#4650,#4651);
#4649 = CARTESIAN_POINT('',(-184.,3.5,-30.));
#4650 = DIRECTION('',(-2.503898757777E-33,-1.,-6.310243822295E-17));
#4651 = DIRECTION('',(0.475530950959,-5.551115123126E-17,0.879698990951)
  );
#4652 = PCURVE('',#3456,#4653);
#4653 = DEFINITIONAL_REPRESENTATION('',(#4654),#4658);
#4654 = LINE('',#4655,#4656);
#4655 = CARTESIAN_POINT('',(-8.349549127115,0.));
#4656 = VECTOR('',#4657,1.);
#4657 = DIRECTION('',(1.,-0.));
#4658 = ( GEOMETRIC_REPRESENTATION_CONTEXT(2) 
PARAMETRIC_REPRESENTATION_CONTEXT() REPRESENTATION_CONTEXT('2D SPACE',''
  ) );
#4659 = PCURVE('',#4008,#4660);
#4660 = DEFINITIONAL_REPRESENTATION('',(#4661),#4665);
#4661 = CIRCLE('',#4662,8.);
#4662 = AXIS2_PLACEMENT_2D('',#4663,#4664);
#4663 = CARTESIAN_POINT('',(-184.,-30.));
#4664 = DIRECTION('',(0.475530950959,0.879698990951));
#4665 = ( GEOMETRIC_REPRESENTATION_CONTEXT(2) 
PARAMETRIC_REPRESENTATION_CONTEXT() REPRESENTATION_CONTEXT('2D SPACE',''
  ) );
#4666 = ORIENTED_EDGE('',*,*,#4667,.F.);
#4667 = EDGE_CURVE('',#4668,#4644,#4670,.T.);
#4668 = VERTEX_POINT('',#4669);
#4669 = CARTESIAN_POINT('',(-182.6129735453,2.90747321929,
    -22.12115759682));
#4670 = SURFACE_CURVE('',#4671,(#4686,#4704),.PCURVE_S1.);
#4671 = B_SPLINE_CURVE_WITH_KNOTS('',7,(#4672,#4673,#4674,#4675,#4676,
    #4677,#4678,#4679,#4680,#4681,#4682,#4683,#4684,#4685),
  .UNSPECIFIED.,.F.,.F.,(8,6,8),(0.,0.53799364187,1.),.UNSPECIFIED.);
#4672 = CARTESIAN_POINT('',(-182.6129760582,2.907472150329,
    -22.12115715443));
#4673 = CARTESIAN_POINT('',(-182.4330710061,2.983999910638,
    -22.1528283807));
#4674 = CARTESIAN_POINT('',(-182.2509768055,3.056227882207,
    -22.18982612184));
#4675 = CARTESIAN_POINT('',(-182.0675057736,3.124090549434,
    -22.23230725367));
#4676 = CARTESIAN_POINT('',(-181.882857365,3.187388259305,
    -22.28043757349));
#4677 = CARTESIAN_POINT('',(-181.6971032642,3.245759488406,
    -22.33446643344));
#4678 = CARTESIAN_POINT('',(-181.5103899223,3.29859788509,
    -22.39464635689));
#4679 = CARTESIAN_POINT('',(-181.1619916753,3.384916735512,
    -22.51836350586));
#4680 = CARTESIAN_POINT('',(-181.0005838147,3.420055428368,
    -22.58019491213));
#4681 = CARTESIAN_POINT('',(-180.8388651794,3.449916271058,
    -22.64684089351));
#4682 = CARTESIAN_POINT('',(-180.6770766945,3.473802163013,
    -22.71840950369));
#4683 = CARTESIAN_POINT('',(-180.5155882132,3.490847140161,
    -22.79494432584));
#4684 = CARTESIAN_POINT('',(-180.3549185119,3.5,-22.87636907838));
#4685 = CARTESIAN_POINT('',(-180.1957523923,3.5,-22.96240807239));
#4686 = PCURVE('',#3456,#4687);
#4687 = DEFINITIONAL_REPRESENTATION('',(#4688),#4703);
#4688 = B_SPLINE_CURVE_WITH_KNOTS('',7,(#4689,#4690,#4691,#4692,#4693,
    #4694,#4695,#4696,#4697,#4698,#4699,#4700,#4701,#4702),
  .UNSPECIFIED.,.F.,.F.,(8,6,8),(0.,0.53799364187,1.),.UNSPECIFIED.);
#4689 = CARTESIAN_POINT('',(-8.028240212815,0.592527849671));
#4690 = CARTESIAN_POINT('',(-8.051074156281,0.516000089362));
#4691 = CARTESIAN_POINT('',(-8.074293032945,0.443772117793));
#4692 = CARTESIAN_POINT('',(-8.097819713446,0.375909450566));
#4693 = CARTESIAN_POINT('',(-8.121655533374,0.312611740695));
#4694 = CARTESIAN_POINT('',(-8.145821237096,0.254240511594));
#4695 = CARTESIAN_POINT('',(-8.170332146583,0.20140211491));
#4696 = CARTESIAN_POINT('',(-8.216546198734,0.115083264488));
#4697 = CARTESIAN_POINT('',(-8.238145349894,7.994457163163E-02));
#4698 = CARTESIAN_POINT('',(-8.259998433138,5.008372894209E-02));
#4699 = CARTESIAN_POINT('',(-8.282099039717,2.619783698652E-02));
#4700 = CARTESIAN_POINT('',(-8.304424954423,9.152859838833E-03));
#4701 = CARTESIAN_POINT('',(-8.326932567185,4.399278569349E-15));
#4702 = CARTESIAN_POINT('',(-8.349549127115,4.218847493576E-15));
#4703 = ( GEOMETRIC_REPRESENTATION_CONTEXT(2) 
PARAMETRIC_REPRESENTATION_CONTEXT() REPRESENTATION_CONTEXT('2D SPACE',''
  ) );
#4704 = PCURVE('',#4088,#4705);
#4705 = DEFINITIONAL_REPRESENTATION('',(#4706),#4721);
#4706 = B_SPLINE_CURVE_WITH_KNOTS('',7,(#4707,#4708,#4709,#4710,#4711,
    #4712,#4713,#4714,#4715,#4716,#4717,#4718,#4719,#4720),
  .UNSPECIFIED.,.F.,.F.,(8,6,8),(0.,0.53799364187,1.),.UNSPECIFIED.);
#4707 = CARTESIAN_POINT('',(-0.681128473867,1.345753082425));
#4708 = CARTESIAN_POINT('',(-0.742696436182,1.517571069403));
#4709 = CARTESIAN_POINT('',(-0.804389486161,1.690633179956));
#4710 = CARTESIAN_POINT('',(-0.866563242181,1.864112230164));
#4711 = CARTESIAN_POINT('',(-0.929559213444,2.037783307275));
#4712 = CARTESIAN_POINT('',(-0.993738681421,2.211533062531));
#4713 = CARTESIAN_POINT('',(-1.059442373727,2.385173943017));
#4714 = CARTESIAN_POINT('',(-1.18510183415,2.707222149645));
#4715 = CARTESIAN_POINT('',(-1.24452731014,2.855648805504));
#4716 = CARTESIAN_POINT('',(-1.305562888862,3.003556705164));
#4717 = CARTESIAN_POINT('',(-1.36844802365,3.150689972616));
#4718 = CARTESIAN_POINT('',(-1.433428427962,3.296676756254));
#4719 = CARTESIAN_POINT('',(-1.500772365432,3.441019021928));
#4720 = CARTESIAN_POINT('',(-1.570796326795,3.583089331612));
#4721 = ( GEOMETRIC_REPRESENTATION_CONTEXT(2) 
PARAMETRIC_REPRESENTATION_CONTEXT() REPRESENTATION_CONTEXT('2D SPACE',''
  ) );
#4722 = ORIENTED_EDGE('',*,*,#4723,.F.);
#4723 = EDGE_CURVE('',#4724,#4668,#4726,.T.);
#4724 = VERTEX_POINT('',#4725);
#4725 = CARTESIAN_POINT('',(-183.3100938584,1.9,-22.02980367143));
#4726 = SURFACE_CURVE('',#4727,(#4742,#4760),.PCURVE_S1.);
#4727 = B_SPLINE_CURVE_WITH_KNOTS('',7,(#4728,#4729,#4730,#4731,#4732,
    #4733,#4734,#4735,#4736,#4737,#4738,#4739,#4740,#4741),
  .UNSPECIFIED.,.F.,.F.,(8,6,8),(0.,0.616933512031,1.),.UNSPECIFIED.);
#4728 = CARTESIAN_POINT('',(-183.3100938584,1.9,-22.02980367143));
#4729 = CARTESIAN_POINT('',(-183.3100938584,2.006957990165,
    -22.02980367143));
#4730 = CARTESIAN_POINT('',(-183.2970615079,2.113561824019,
    -22.03093157506));
#4731 = CARTESIAN_POINT('',(-183.2711434948,2.219119803574,
    -22.03317577583));
#4732 = CARTESIAN_POINT('',(-183.2321471254,2.322512875882,
    -22.03668499601));
#4733 = CARTESIAN_POINT('',(-183.1799872507,2.422309140114,
    -22.04173594951));
#4734 = CARTESIAN_POINT('',(-183.1148552059,2.516814081144,
    -22.04873448236));
#4735 = CARTESIAN_POINT('',(-182.9891295172,2.658460736981,
    -22.06397489538));
#4736 = CARTESIAN_POINT('',(-182.9361874737,2.709962482603,
    -22.07073832287));
#4737 = CARTESIAN_POINT('',(-182.8786991322,2.758155539769,
    -22.07852290517));
#4738 = CARTESIAN_POINT('',(-182.8170397833,2.802475400746,
    -22.08741798279));
#4739 = CARTESIAN_POINT('',(-182.7517337827,2.842398698662,
    -22.09748779152));
#4740 = CARTESIAN_POINT('',(-182.683448436,2.877494733028,
    -22.10875088365));
#4741 = CARTESIAN_POINT('',(-182.6129735453,2.90747321929,
    -22.12115759682));
#4742 = PCURVE('',#3456,#4743);
#4743 = DEFINITIONAL_REPRESENTATION('',(#4744),#4759);
#4744 = B_SPLINE_CURVE_WITH_KNOTS('',7,(#4745,#4746,#4747,#4748,#4749,
    #4750,#4751,#4752,#4753,#4754,#4755,#4756,#4757,#4758),
  .UNSPECIFIED.,.F.,.F.,(8,6,8),(0.,0.616933512031,1.),.UNSPECIFIED.);
#4745 = CARTESIAN_POINT('',(-7.940327153888,1.6));
#4746 = CARTESIAN_POINT('',(-7.940327153888,1.493042009835));
#4747 = CARTESIAN_POINT('',(-7.941962290728,1.38643817598));
#4748 = CARTESIAN_POINT('',(-7.945214152475,1.280880196426));
#4749 = CARTESIAN_POINT('',(-7.950108390762,1.177487124118));
#4750 = CARTESIAN_POINT('',(-7.956658499467,1.077690859886));
#4751 = CARTESIAN_POINT('',(-7.96484611328,0.983185918856));
#4752 = CARTESIAN_POINT('',(-7.980676868051,0.841539263019));
#4753 = CARTESIAN_POINT('',(-7.987348267914,0.790037517397));
#4754 = CARTESIAN_POINT('',(-7.994599556509,0.741844460231));
#4755 = CARTESIAN_POINT('',(-8.002386180206,0.697524599254));
#4756 = CARTESIAN_POINT('',(-8.010645209985,0.657601301338));
#4757 = CARTESIAN_POINT('',(-8.019295703688,0.622505266972));
#4758 = CARTESIAN_POINT('',(-8.028240531766,0.59252678071));
#4759 = ( GEOMETRIC_REPRESENTATION_CONTEXT(2) 
PARAMETRIC_REPRESENTATION_CONTEXT() REPRESENTATION_CONTEXT('2D SPACE',''
  ) );
#4760 = PCURVE('',#4761,#4766);
#4761 = SPHERICAL_SURFACE('',#4762,1.6);
#4762 = AXIS2_PLACEMENT_3D('',#4763,#4764,#4765);
#4763 = CARTESIAN_POINT('',(-182.4,1.9,-23.34575548242));
#4764 = DIRECTION('',(-0.,-1.,1.110223024625E-16));
#4765 = DIRECTION('',(-0.171341174751,1.093804774332E-16,0.98521175482)
  );
#4766 = DEFINITIONAL_REPRESENTATION('',(#4767),#4782);
#4767 = B_SPLINE_CURVE_WITH_KNOTS('',7,(#4768,#4769,#4770,#4771,#4772,
    #4773,#4774,#4775,#4776,#4777,#4778,#4779,#4780,#4781),
  .UNSPECIFIED.,.F.,.F.,(8,6,8),(0.,0.616933512031,1.),.UNSPECIFIED.);
#4768 = CARTESIAN_POINT('',(0.432865825055,0.));
#4769 = CARTESIAN_POINT('',(0.432865825055,-6.684874385311E-02));
#4770 = CARTESIAN_POINT('',(0.426566431124,-0.133475966862));
#4771 = CARTESIAN_POINT('',(0.414045227336,-0.19993813413));
#4772 = CARTESIAN_POINT('',(0.394826849236,-0.266007593097));
#4773 = CARTESIAN_POINT('',(0.368186757345,-0.33125000452));
#4774 = CARTESIAN_POINT('',(0.332881539631,-0.394913742146));
#4775 = CARTESIAN_POINT('',(0.259157367654,-0.493505544666));
#4776 = CARTESIAN_POINT('',(0.226998847848,-0.530168959589));
#4777 = CARTESIAN_POINT('',(0.190628353399,-0.565345113788));
#4778 = CARTESIAN_POINT('',(0.149770911921,-0.598577592413));
#4779 = CARTESIAN_POINT('',(0.104252858351,-0.629325365621));
#4780 = CARTESIAN_POINT('',(5.414965979642E-02,-0.657011084598));
#4781 = CARTESIAN_POINT('',(0.,-0.681129333866));
#4782 = ( GEOMETRIC_REPRESENTATION_CONTEXT(2) 
PARAMETRIC_REPRESENTATION_CONTEXT() REPRESENTATION_CONTEXT('2D SPACE',''
  ) );
#4783 = ORIENTED_EDGE('',*,*,#4784,.T.);
#4784 = EDGE_CURVE('',#4724,#4785,#4787,.T.);
#4785 = VERTEX_POINT('',#4786);
#4786 = CARTESIAN_POINT('',(-183.3100938584,-1.9,-22.02980367143));
#4787 = SURFACE_CURVE('',#4788,(#4792,#4799),.PCURVE_S1.);
#4788 = LINE('',#4789,#4790);
#4789 = CARTESIAN_POINT('',(-183.3100938584,3.5,-22.02980367143));
#4790 = VECTOR('',#4791,1.);
#4791 = DIRECTION('',(-0.,-1.,1.110223024625E-16));
#4792 = PCURVE('',#3456,#4793);
#4793 = DEFINITIONAL_REPRESENTATION('',(#4794),#4798);
#4794 = LINE('',#4795,#4796);
#4795 = CARTESIAN_POINT('',(-7.940327153888,4.434274354051E-15));
#4796 = VECTOR('',#4797,1.);
#4797 = DIRECTION('',(-0.,1.));
#4798 = ( GEOMETRIC_REPRESENTATION_CONTEXT(2) 
PARAMETRIC_REPRESENTATION_CONTEXT() REPRESENTATION_CONTEXT('2D SPACE',''
  ) );
#4799 = PCURVE('',#4800,#4805);
#4800 = CYLINDRICAL_SURFACE('',#4801,1.6);
#4801 = AXIS2_PLACEMENT_3D('',#4802,#4803,#4804);
#4802 = CARTESIAN_POINT('',(-182.4,3.5,-23.34575548242));
#4803 = DIRECTION('',(-0.,-1.,1.110223024625E-16));
#4804 = DIRECTION('',(-0.171341174751,1.093804774332E-16,0.98521175482)
  );
#4805 = DEFINITIONAL_REPRESENTATION('',(#4806),#4810);
#4806 = LINE('',#4807,#4808);
#4807 = CARTESIAN_POINT('',(0.432865825059,1.460999999855E-16));
#4808 = VECTOR('',#4809,1.);
#4809 = DIRECTION('',(0.,1.));
#4810 = ( GEOMETRIC_REPRESENTATION_CONTEXT(2) 
PARAMETRIC_REPRESENTATION_CONTEXT() REPRESENTATION_CONTEXT('2D SPACE',''
  ) );
#4811 = ORIENTED_EDGE('',*,*,#4812,.F.);
#4812 = EDGE_CURVE('',#4249,#4785,#4813,.T.);
#4813 = SURFACE_CURVE('',#4814,(#4837,#4863),.PCURVE_S1.);
#4814 = B_SPLINE_CURVE_WITH_KNOTS('',6,(#4815,#4816,#4817,#4818,#4819,
    #4820,#4821,#4822,#4823,#4824,#4825,#4826,#4827,#4828,#4829,#4830,
    #4831,#4832,#4833,#4834,#4835,#4836),.UNSPECIFIED.,.F.,.F.,(7,5,5,5,
    7),(0.,0.201494687443,0.381473915944,0.615334961795,1.),
  .UNSPECIFIED.);
#4815 = CARTESIAN_POINT('',(-182.6129735453,-2.90747321929,
    -22.12115759682));
#4816 = CARTESIAN_POINT('',(-182.6562038055,-2.889084006516,
    -22.11354714957));
#4817 = CARTESIAN_POINT('',(-182.6985836759,-2.868715513498,
    -22.10637985499));
#4818 = CARTESIAN_POINT('',(-182.7399208752,-2.846438174759,
    -22.09966670993));
#4819 = CARTESIAN_POINT('',(-182.7800366544,-2.822348847452,
    -22.09340846248));
#4820 = CARTESIAN_POINT('',(-182.8187708058,-2.796566322911,
    -22.0875976135));
#4821 = CARTESIAN_POINT('',(-182.8892286549,-2.744806644139,
    -22.07741739598));
#4822 = CARTESIAN_POINT('',(-182.9212621702,-2.719142076576,
    -22.07295996881));
#4823 = CARTESIAN_POINT('',(-182.9519945502,-2.692325938368,
    -22.06883767549));
#4824 = CARTESIAN_POINT('',(-182.9813542696,-2.664454820049,
    -22.06503565954));
#4825 = CARTESIAN_POINT('',(-183.009288079,-2.635624257062,
    -22.06153661703));
#4826 = CARTESIAN_POINT('',(-183.0701527509,-2.567331880253,
    -22.054146709));
#4827 = CARTESIAN_POINT('',(-183.1020742552,-2.527273233832,
    -22.05045238086));
#4828 = CARTESIAN_POINT('',(-183.1314445057,-2.48594002222,
    -22.04719967889));
#4829 = CARTESIAN_POINT('',(-183.1582198398,-2.443513684574,
    -22.0443484936));
#4830 = CARTESIAN_POINT('',(-183.1823806565,-2.400158447148,
    -22.04186157221));
#4831 = CARTESIAN_POINT('',(-183.2393515031,-2.283405224373,
    -22.03616413153));
#4832 = CARTESIAN_POINT('',(-183.2676814472,-2.20868463626,
    -22.03352209511));
#4833 = CARTESIAN_POINT('',(-183.2889027115,-2.132458497259,
    -22.0316380515));
#4834 = CARTESIAN_POINT('',(-183.3030275794,-2.05528202972,
    -22.03041531877));
#4835 = CARTESIAN_POINT('',(-183.3100938584,-1.977652736281,
    -22.02980367143));
#4836 = CARTESIAN_POINT('',(-183.3100938584,-1.9,-22.02980367143));
#4837 = PCURVE('',#3456,#4838);
#4838 = DEFINITIONAL_REPRESENTATION('',(#4839),#4862);
#4839 = B_SPLINE_CURVE_WITH_KNOTS('',6,(#4840,#4841,#4842,#4843,#4844,
    #4845,#4846,#4847,#4848,#4849,#4850,#4851,#4852,#4853,#4854,#4855,
    #4856,#4857,#4858,#4859,#4860,#4861),.UNSPECIFIED.,.F.,.F.,(7,5,5,5,
    7),(0.,0.201494687443,0.381473915944,0.615334961795,1.),
  .UNSPECIFIED.);
#4840 = CARTESIAN_POINT('',(-8.028240531766,6.40747321929));
#4841 = CARTESIAN_POINT('',(-8.022753652098,6.389084006516));
#4842 = CARTESIAN_POINT('',(-8.017381066139,6.368715513498));
#4843 = CARTESIAN_POINT('',(-8.012146382636,6.346438174759));
#4844 = CARTESIAN_POINT('',(-8.007071394149,6.322348847452));
#4845 = CARTESIAN_POINT('',(-8.002175516002,6.296566322911));
#4846 = CARTESIAN_POINT('',(-7.993276828138,6.244806644139));
#4847 = CARTESIAN_POINT('',(-7.989234114766,6.219142076576));
#4848 = CARTESIAN_POINT('',(-7.985358228265,6.192325938368));
#4849 = CARTESIAN_POINT('',(-7.981657670364,6.164454820049));
#4850 = CARTESIAN_POINT('',(-7.978138682293,6.135624257062));
#4851 = CARTESIAN_POINT('',(-7.970474725423,6.067331880253));
#4852 = CARTESIAN_POINT('',(-7.966457967411,6.027273233832));
#4853 = CARTESIAN_POINT('',(-7.962764298672,5.98594002222));
#4854 = CARTESIAN_POINT('',(-7.959398493155,5.943513684574));
#4855 = CARTESIAN_POINT('',(-7.956362446985,5.900158447148));
#4856 = CARTESIAN_POINT('',(-7.949205568525,5.783405224373));
#4857 = CARTESIAN_POINT('',(-7.945649038604,5.70868463626));
#4858 = CARTESIAN_POINT('',(-7.942985953049,5.632458497259));
#4859 = CARTESIAN_POINT('',(-7.941213741565,5.55528202972));
#4860 = CARTESIAN_POINT('',(-7.940327153888,5.477652736281));
#4861 = CARTESIAN_POINT('',(-7.940327153888,5.4));
#4862 = ( GEOMETRIC_REPRESENTATION_CONTEXT(2) 
PARAMETRIC_REPRESENTATION_CONTEXT() REPRESENTATION_CONTEXT('2D SPACE',''
  ) );
#4863 = PCURVE('',#4267,#4864);
#4864 = DEFINITIONAL_REPRESENTATION('',(#4865),#4888);
#4865 = B_SPLINE_CURVE_WITH_KNOTS('',6,(#4866,#4867,#4868,#4869,#4870,
    #4871,#4872,#4873,#4874,#4875,#4876,#4877,#4878,#4879,#4880,#4881,
    #4882,#4883,#4884,#4885,#4886,#4887),.UNSPECIFIED.,.F.,.F.,(7,5,5,5,
    7),(0.,0.201494687443,0.381473915944,0.615334961795,1.),
  .UNSPECIFIED.);
#4866 = CARTESIAN_POINT('',(0.,-0.681129333866));
#4867 = CARTESIAN_POINT('',(-3.321614063383E-02,-0.666334870474));
#4868 = CARTESIAN_POINT('',(-6.486348739908E-02,-0.650160752708));
#4869 = CARTESIAN_POINT('',(-9.481336978148E-02,-0.632733079484));
#4870 = CARTESIAN_POINT('',(-0.123008748205,-0.614190789354));
#4871 = CARTESIAN_POINT('',(-0.149444062702,-0.594675823213));
#4872 = CARTESIAN_POINT('',(-0.196208543304,-0.556143980092));
#4873 = CARTESIAN_POINT('',(-0.216890071186,-0.537294897475));
#4874 = CARTESIAN_POINT('',(-0.236211675833,-0.517869971503));
#4875 = CARTESIAN_POINT('',(-0.25421699552,-0.497954414381));
#4876 = CARTESIAN_POINT('',(-0.270960950805,-0.477622963187));
#4877 = CARTESIAN_POINT('',(-0.306689716673,-0.430060701526));
#4878 = CARTESIAN_POINT('',(-0.324843630514,-0.40258806216));
#4879 = CARTESIAN_POINT('',(-0.341089444656,-0.374654268045));
#4880 = CARTESIAN_POINT('',(-0.355553274428,-0.346364830052));
#4881 = CARTESIAN_POINT('',(-0.368350085451,-0.317799663505));
#4882 = CARTESIAN_POINT('',(-0.398037530957,-0.241671465216));
#4883 = CARTESIAN_POINT('',(-0.412241735092,-0.193750190856));
#4884 = CARTESIAN_POINT('',(-0.422624531104,-0.145492415769));
#4885 = CARTESIAN_POINT('',(-0.42945096472,-9.705124217719E-02));
#4886 = CARTESIAN_POINT('',(-0.432865825058,-4.853296017556E-02));
#4887 = CARTESIAN_POINT('',(-0.432865825058,1.110223024625E-16));
#4888 = ( GEOMETRIC_REPRESENTATION_CONTEXT(2) 
PARAMETRIC_REPRESENTATION_CONTEXT() REPRESENTATION_CONTEXT('2D SPACE',''
  ) );
#4889 = ORIENTED_EDGE('',*,*,#4279,.T.);
#4890 = ADVANCED_FACE('',(#4891),#3423,.T.);
#4891 = FACE_BOUND('',#4892,.T.);
#4892 = EDGE_LOOP('',(#4893,#4926,#4927,#4928));
#4893 = ORIENTED_EDGE('',*,*,#4894,.F.);
#4894 = EDGE_CURVE('',#3380,#4895,#4897,.T.);
#4895 = VERTEX_POINT('',#4896);
#4896 = CARTESIAN_POINT('',(-12.,-1.9,-9.95652173913));
#4897 = SURFACE_CURVE('',#4898,(#4903,#4915),.PCURVE_S1.);
#4898 = ELLIPSE('',#4899,1.621127055495,1.6);
#4899 = AXIS2_PLACEMENT_3D('',#4900,#4901,#4902);
#4900 = CARTESIAN_POINT('',(-12.,-1.9,-8.335394683636));
#4901 = DIRECTION('',(1.,0.,-0.));
#4902 = DIRECTION('',(-0.,-1.110223024625E-16,-1.));
#4903 = PCURVE('',#3423,#4904);
#4904 = DEFINITIONAL_REPRESENTATION('',(#4905),#4914);
#4905 = B_SPLINE_CURVE_WITH_KNOTS('',7,(#4906,#4907,#4908,#4909,#4910,
    #4911,#4912,#4913),.UNSPECIFIED.,.F.,.F.,(8,8),(4.712388980385,
    6.28318530718),.PIECEWISE_BEZIER_KNOTS.);
#4906 = CARTESIAN_POINT('',(1.570796326795,11.897583350992));
#4907 = CARTESIAN_POINT('',(1.346396851538,11.956122344538));
#4908 = CARTESIAN_POINT('',(1.121997376282,12.01466110038));
#4909 = CARTESIAN_POINT('',(0.897597901026,12.068386870759));
#4910 = CARTESIAN_POINT('',(0.67319842577,12.11247791742));
#4911 = CARTESIAN_POINT('',(0.448798950513,12.143127175528));
#4912 = CARTESIAN_POINT('',(0.224399475256,12.15845291621));
#4913 = CARTESIAN_POINT('',(2.775557561563E-16,12.15845291621));
#4914 = ( GEOMETRIC_REPRESENTATION_CONTEXT(2) 
PARAMETRIC_REPRESENTATION_CONTEXT() REPRESENTATION_CONTEXT('2D SPACE',''
  ) );
#4915 = PCURVE('',#3395,#4916);
#4916 = DEFINITIONAL_REPRESENTATION('',(#4917),#4925);
#4917 = ( BOUNDED_CURVE() B_SPLINE_CURVE(2,(#4918,#4919,#4920,#4921,
#4922,#4923,#4924),.UNSPECIFIED.,.T.,.F.) B_SPLINE_CURVE_WITH_KNOTS((1,2
    ,2,2,2,1),(-2.094395102393,0.,2.094395102393,4.188790204786,
6.28318530718,8.377580409573),.UNSPECIFIED.) CURVE() 
GEOMETRIC_REPRESENTATION_ITEM() RATIONAL_B_SPLINE_CURVE((1.,0.5,1.,0.5,
1.,0.5,1.)) REPRESENTATION_ITEM('') );
#4918 = CARTESIAN_POINT('',(-2.04347826087,-1.6));
#4919 = CARTESIAN_POINT('',(-2.04347826087,-4.37128129211));
#4920 = CARTESIAN_POINT('',(-4.475168844112,-2.985640646055));
#4921 = CARTESIAN_POINT('',(-6.906859427353,-1.6));
#4922 = CARTESIAN_POINT('',(-4.475168844112,-0.214359353945));
#4923 = CARTESIAN_POINT('',(-2.04347826087,1.17128129211));
#4924 = CARTESIAN_POINT('',(-2.04347826087,-1.6));
#4925 = ( GEOMETRIC_REPRESENTATION_CONTEXT(2) 
PARAMETRIC_REPRESENTATION_CONTEXT() REPRESENTATION_CONTEXT('2D SPACE',''
  ) );
#4926 = ORIENTED_EDGE('',*,*,#3407,.T.);
#4927 = ORIENTED_EDGE('',*,*,#4360,.F.);
#4928 = ORIENTED_EDGE('',*,*,#4929,.F.);
#4929 = EDGE_CURVE('',#4895,#4361,#4930,.T.);
#4930 = SURFACE_CURVE('',#4931,(#4935,#4942),.PCURVE_S1.);
#4931 = LINE('',#4932,#4933);
#4932 = CARTESIAN_POINT('',(1.998401444325E-15,-1.9,-8.));
#4933 = VECTOR('',#4934,1.);
#4934 = DIRECTION('',(-0.986967674481,-1.78655582082E-17,-0.160918642578
    ));
#4935 = PCURVE('',#3423,#4936);
#4936 = DEFINITIONAL_REPRESENTATION('',(#4937),#4941);
#4937 = LINE('',#4938,#4939);
#4938 = CARTESIAN_POINT('',(0.,0.));
#4939 = VECTOR('',#4940,1.);
#4940 = DIRECTION('',(0.,1.));
#4941 = ( GEOMETRIC_REPRESENTATION_CONTEXT(2) 
PARAMETRIC_REPRESENTATION_CONTEXT() REPRESENTATION_CONTEXT('2D SPACE',''
  ) );
#4942 = PCURVE('',#4501,#4943);
#4943 = DEFINITIONAL_REPRESENTATION('',(#4944),#4948);
#4944 = LINE('',#4945,#4946);
#4945 = CARTESIAN_POINT('',(1.921283801132E-15,1.9));
#4946 = VECTOR('',#4947,1.);
#4947 = DIRECTION('',(-1.,0.));
#4948 = ( GEOMETRIC_REPRESENTATION_CONTEXT(2) 
PARAMETRIC_REPRESENTATION_CONTEXT() REPRESENTATION_CONTEXT('2D SPACE',''
  ) );
#4949 = ADVANCED_FACE('',(#4950),#3395,.T.);
#4950 = FACE_BOUND('',#4951,.F.);
#4951 = EDGE_LOOP('',(#4952,#4953,#4976,#4999,#5032,#5053));
#4952 = ORIENTED_EDGE('',*,*,#3379,.F.);
#4953 = ORIENTED_EDGE('',*,*,#4954,.T.);
#4954 = EDGE_CURVE('',#3352,#4955,#4957,.T.);
#4955 = VERTEX_POINT('',#4956);
#4956 = CARTESIAN_POINT('',(-12.,3.5,-12.));
#4957 = SURFACE_CURVE('',#4958,(#4962,#4969),.PCURVE_S1.);
#4958 = LINE('',#4959,#4960);
#4959 = CARTESIAN_POINT('',(-12.,-3.5,-12.));
#4960 = VECTOR('',#4961,1.);
#4961 = DIRECTION('',(-0.,1.,-0.));
#4962 = PCURVE('',#3395,#4963);
#4963 = DEFINITIONAL_REPRESENTATION('',(#4964),#4968);
#4964 = LINE('',#4965,#4966);
#4965 = CARTESIAN_POINT('',(-0.,-0.));
#4966 = VECTOR('',#4967,1.);
#4967 = DIRECTION('',(-0.,-1.));
#4968 = ( GEOMETRIC_REPRESENTATION_CONTEXT(2) 
PARAMETRIC_REPRESENTATION_CONTEXT() REPRESENTATION_CONTEXT('2D SPACE',''
  ) );
#4969 = PCURVE('',#3367,#4970);
#4970 = DEFINITIONAL_REPRESENTATION('',(#4971),#4975);
#4971 = LINE('',#4972,#4973);
#4972 = CARTESIAN_POINT('',(-8.,0.));
#4973 = VECTOR('',#4974,1.);
#4974 = DIRECTION('',(-0.,1.));
#4975 = ( GEOMETRIC_REPRESENTATION_CONTEXT(2) 
PARAMETRIC_REPRESENTATION_CONTEXT() REPRESENTATION_CONTEXT('2D SPACE',''
  ) );
#4976 = ORIENTED_EDGE('',*,*,#4977,.T.);
#4977 = EDGE_CURVE('',#4955,#4978,#4980,.T.);
#4978 = VERTEX_POINT('',#4979);
#4979 = CARTESIAN_POINT('',(-12.,3.5,-8.335394683636));
#4980 = SURFACE_CURVE('',#4981,(#4985,#4992),.PCURVE_S1.);
#4981 = LINE('',#4982,#4983);
#4982 = CARTESIAN_POINT('',(-12.,3.5,-12.));
#4983 = VECTOR('',#4984,1.);
#4984 = DIRECTION('',(-0.,-0.,1.));
#4985 = PCURVE('',#3395,#4986);
#4986 = DEFINITIONAL_REPRESENTATION('',(#4987),#4991);
#4987 = LINE('',#4988,#4989);
#4988 = CARTESIAN_POINT('',(-0.,-7.));
#4989 = VECTOR('',#4990,1.);
#4990 = DIRECTION('',(-1.,-0.));
#4991 = ( GEOMETRIC_REPRESENTATION_CONTEXT(2) 
PARAMETRIC_REPRESENTATION_CONTEXT() REPRESENTATION_CONTEXT('2D SPACE',''
  ) );
#4992 = PCURVE('',#4008,#4993);
#4993 = DEFINITIONAL_REPRESENTATION('',(#4994),#4998);
#4994 = LINE('',#4995,#4996);
#4995 = CARTESIAN_POINT('',(-12.,-12.));
#4996 = VECTOR('',#4997,1.);
#4997 = DIRECTION('',(0.,1.));
#4998 = ( GEOMETRIC_REPRESENTATION_CONTEXT(2) 
PARAMETRIC_REPRESENTATION_CONTEXT() REPRESENTATION_CONTEXT('2D SPACE',''
  ) );
#4999 = ORIENTED_EDGE('',*,*,#5000,.F.);
#5000 = EDGE_CURVE('',#5001,#4978,#5003,.T.);
#5001 = VERTEX_POINT('',#5002);
#5002 = CARTESIAN_POINT('',(-12.,1.9,-9.95652173913));
#5003 = SURFACE_CURVE('',#5004,(#5009,#5020),.PCURVE_S1.);
#5004 = ELLIPSE('',#5005,1.621127055495,1.6);
#5005 = AXIS2_PLACEMENT_3D('',#5006,#5007,#5008);
#5006 = CARTESIAN_POINT('',(-12.,1.9,-8.335394683636));
#5007 = DIRECTION('',(1.,0.,-0.));
#5008 = DIRECTION('',(-0.,-1.110223024625E-16,-1.));
#5009 = PCURVE('',#3395,#5010);
#5010 = DEFINITIONAL_REPRESENTATION('',(#5011),#5019);
#5011 = ( BOUNDED_CURVE() B_SPLINE_CURVE(2,(#5012,#5013,#5014,#5015,
#5016,#5017,#5018),.UNSPECIFIED.,.T.,.F.) B_SPLINE_CURVE_WITH_KNOTS((1,2
    ,2,2,2,1),(-2.094395102393,0.,2.094395102393,4.188790204786,
6.28318530718,8.377580409573),.UNSPECIFIED.) CURVE() 
GEOMETRIC_REPRESENTATION_ITEM() RATIONAL_B_SPLINE_CURVE((1.,0.5,1.,0.5,
1.,0.5,1.)) REPRESENTATION_ITEM('') );
#5012 = CARTESIAN_POINT('',(-2.04347826087,-5.4));
#5013 = CARTESIAN_POINT('',(-2.04347826087,-8.17128129211));
#5014 = CARTESIAN_POINT('',(-4.475168844112,-6.785640646055));
#5015 = CARTESIAN_POINT('',(-6.906859427353,-5.4));
#5016 = CARTESIAN_POINT('',(-4.475168844112,-4.014359353945));
#5017 = CARTESIAN_POINT('',(-2.04347826087,-2.62871870789));
#5018 = CARTESIAN_POINT('',(-2.04347826087,-5.4));
#5019 = ( GEOMETRIC_REPRESENTATION_CONTEXT(2) 
PARAMETRIC_REPRESENTATION_CONTEXT() REPRESENTATION_CONTEXT('2D SPACE',''
  ) );
#5020 = PCURVE('',#4597,#5021);
#5021 = DEFINITIONAL_REPRESENTATION('',(#5022),#5031);
#5022 = B_SPLINE_CURVE_WITH_KNOTS('',7,(#5023,#5024,#5025,#5026,#5027,
    #5028,#5029,#5030),.UNSPECIFIED.,.F.,.F.,(8,8),(0.,1.570796326795),
  .PIECEWISE_BEZIER_KNOTS.);
#5023 = CARTESIAN_POINT('',(0.,12.15845291621));
#5024 = CARTESIAN_POINT('',(-0.224399475256,12.15845291621));
#5025 = CARTESIAN_POINT('',(-0.448798950513,12.143127175529));
#5026 = CARTESIAN_POINT('',(-0.673198425769,12.112477917413));
#5027 = CARTESIAN_POINT('',(-0.897597901026,12.068386870763));
#5028 = CARTESIAN_POINT('',(-1.121997376282,12.014661100379));
#5029 = CARTESIAN_POINT('',(-1.346396851538,11.956122344538));
#5030 = CARTESIAN_POINT('',(-1.570796326795,11.897583350992));
#5031 = ( GEOMETRIC_REPRESENTATION_CONTEXT(2) 
PARAMETRIC_REPRESENTATION_CONTEXT() REPRESENTATION_CONTEXT('2D SPACE',''
  ) );
#5032 = ORIENTED_EDGE('',*,*,#5033,.T.);
#5033 = EDGE_CURVE('',#5001,#4895,#5034,.T.);
#5034 = SURFACE_CURVE('',#5035,(#5039,#5046),.PCURVE_S1.);
#5035 = LINE('',#5036,#5037);
#5036 = CARTESIAN_POINT('',(-12.,-1.75,-9.95652173913));
#5037 = VECTOR('',#5038,1.);
#5038 = DIRECTION('',(-0.,-1.,1.110223024625E-16));
#5039 = PCURVE('',#3395,#5040);
#5040 = DEFINITIONAL_REPRESENTATION('',(#5041),#5045);
#5041 = LINE('',#5042,#5043);
#5042 = CARTESIAN_POINT('',(-2.04347826087,-1.75));
#5043 = VECTOR('',#5044,1.);
#5044 = DIRECTION('',(-1.110223024625E-16,1.));
#5045 = ( GEOMETRIC_REPRESENTATION_CONTEXT(2) 
PARAMETRIC_REPRESENTATION_CONTEXT() REPRESENTATION_CONTEXT('2D SPACE',''
  ) );
#5046 = PCURVE('',#4501,#5047);
#5047 = DEFINITIONAL_REPRESENTATION('',(#5048),#5052);
#5048 = LINE('',#5049,#5050);
#5049 = CARTESIAN_POINT('',(-12.15845291621,1.75));
#5050 = VECTOR('',#5051,1.);
#5051 = DIRECTION('',(0.,1.));
#5052 = ( GEOMETRIC_REPRESENTATION_CONTEXT(2) 
PARAMETRIC_REPRESENTATION_CONTEXT() REPRESENTATION_CONTEXT('2D SPACE',''
  ) );
#5053 = ORIENTED_EDGE('',*,*,#4894,.F.);
#5054 = ADVANCED_FACE('',(#5055),#3367,.F.);
#5055 = FACE_BOUND('',#5056,.T.);
#5056 = EDGE_LOOP('',(#5057,#5080,#5081,#5082));
#5057 = ORIENTED_EDGE('',*,*,#5058,.F.);
#5058 = EDGE_CURVE('',#3324,#5059,#5061,.T.);
#5059 = VERTEX_POINT('',#5060);
#5060 = CARTESIAN_POINT('',(-4.,3.5,-12.));
#5061 = SURFACE_CURVE('',#5062,(#5066,#5073),.PCURVE_S1.);
#5062 = LINE('',#5063,#5064);
#5063 = CARTESIAN_POINT('',(-4.,-3.5,-12.));
#5064 = VECTOR('',#5065,1.);
#5065 = DIRECTION('',(-0.,1.,-0.));
#5066 = PCURVE('',#3367,#5067);
#5067 = DEFINITIONAL_REPRESENTATION('',(#5068),#5072);
#5068 = LINE('',#5069,#5070);
#5069 = CARTESIAN_POINT('',(0.,-0.));
#5070 = VECTOR('',#5071,1.);
#5071 = DIRECTION('',(-0.,1.));
#5072 = ( GEOMETRIC_REPRESENTATION_CONTEXT(2) 
PARAMETRIC_REPRESENTATION_CONTEXT() REPRESENTATION_CONTEXT('2D SPACE',''
  ) );
#5073 = PCURVE('',#3339,#5074);
#5074 = DEFINITIONAL_REPRESENTATION('',(#5075),#5079);
#5075 = LINE('',#5076,#5077);
#5076 = CARTESIAN_POINT('',(-0.,-0.));
#5077 = VECTOR('',#5078,1.);
#5078 = DIRECTION('',(-0.,-1.));
#5079 = ( GEOMETRIC_REPRESENTATION_CONTEXT(2) 
PARAMETRIC_REPRESENTATION_CONTEXT() REPRESENTATION_CONTEXT('2D SPACE',''
  ) );
#5080 = ORIENTED_EDGE('',*,*,#3351,.T.);
#5081 = ORIENTED_EDGE('',*,*,#4954,.T.);
#5082 = ORIENTED_EDGE('',*,*,#5083,.F.);
#5083 = EDGE_CURVE('',#5059,#4955,#5084,.T.);
#5084 = SURFACE_CURVE('',#5085,(#5089,#5096),.PCURVE_S1.);
#5085 = LINE('',#5086,#5087);
#5086 = CARTESIAN_POINT('',(-4.,3.5,-12.));
#5087 = VECTOR('',#5088,1.);
#5088 = DIRECTION('',(-1.,-0.,-0.));
#5089 = PCURVE('',#3367,#5090);
#5090 = DEFINITIONAL_REPRESENTATION('',(#5091),#5095);
#5091 = LINE('',#5092,#5093);
#5092 = CARTESIAN_POINT('',(0.,7.));
#5093 = VECTOR('',#5094,1.);
#5094 = DIRECTION('',(-1.,0.));
#5095 = ( GEOMETRIC_REPRESENTATION_CONTEXT(2) 
PARAMETRIC_REPRESENTATION_CONTEXT() REPRESENTATION_CONTEXT('2D SPACE',''
  ) );
#5096 = PCURVE('',#4008,#5097);
#5097 = DEFINITIONAL_REPRESENTATION('',(#5098),#5102);
#5098 = LINE('',#5099,#5100);
#5099 = CARTESIAN_POINT('',(-4.,-12.));
#5100 = VECTOR('',#5101,1.);
#5101 = DIRECTION('',(-1.,0.));
#5102 = ( GEOMETRIC_REPRESENTATION_CONTEXT(2) 
PARAMETRIC_REPRESENTATION_CONTEXT() REPRESENTATION_CONTEXT('2D SPACE',''
  ) );
#5103 = ADVANCED_FACE('',(#5104),#3339,.F.);
#5104 = FACE_BOUND('',#5105,.T.);
#5105 = EDGE_LOOP('',(#5106,#5107,#5108,#5131,#5154,#5192,#5220,#5258));
#5106 = ORIENTED_EDGE('',*,*,#3323,.F.);
#5107 = ORIENTED_EDGE('',*,*,#5058,.T.);
#5108 = ORIENTED_EDGE('',*,*,#5109,.T.);
#5109 = EDGE_CURVE('',#5059,#5110,#5112,.T.);
#5110 = VERTEX_POINT('',#5111);
#5111 = CARTESIAN_POINT('',(-4.,3.5,-8.616843969807));
#5112 = SURFACE_CURVE('',#5113,(#5117,#5124),.PCURVE_S1.);
#5113 = LINE('',#5114,#5115);
#5114 = CARTESIAN_POINT('',(-4.,3.5,-12.));
#5115 = VECTOR('',#5116,1.);
#5116 = DIRECTION('',(-0.,-0.,1.));
#5117 = PCURVE('',#3339,#5118);
#5118 = DEFINITIONAL_REPRESENTATION('',(#5119),#5123);
#5119 = LINE('',#5120,#5121);
#5120 = CARTESIAN_POINT('',(-0.,-7.));
#5121 = VECTOR('',#5122,1.);
#5122 = DIRECTION('',(-1.,-0.));
#5123 = ( GEOMETRIC_REPRESENTATION_CONTEXT(2) 
PARAMETRIC_REPRESENTATION_CONTEXT() REPRESENTATION_CONTEXT('2D SPACE',''
  ) );
#5124 = PCURVE('',#4008,#5125);
#5125 = DEFINITIONAL_REPRESENTATION('',(#5126),#5130);
#5126 = LINE('',#5127,#5128);
#5127 = CARTESIAN_POINT('',(-4.,-12.));
#5128 = VECTOR('',#5129,1.);
#5129 = DIRECTION('',(0.,1.));
#5130 = ( GEOMETRIC_REPRESENTATION_CONTEXT(2) 
PARAMETRIC_REPRESENTATION_CONTEXT() REPRESENTATION_CONTEXT('2D SPACE',''
  ) );
#5131 = ORIENTED_EDGE('',*,*,#5132,.T.);
#5132 = EDGE_CURVE('',#5110,#5133,#5135,.T.);
#5133 = VERTEX_POINT('',#5134);
#5134 = CARTESIAN_POINT('',(-3.99999999981,2.232214631503,
    -8.616843968434));
#5135 = SURFACE_CURVE('',#5136,(#5140,#5147),.PCURVE_S1.);
#5136 = LINE('',#5137,#5138);
#5137 = CARTESIAN_POINT('',(-4.,3.5,-8.616843969807));
#5138 = VECTOR('',#5139,1.);
#5139 = DIRECTION('',(-0.,-1.,2.22044604925E-16));
#5140 = PCURVE('',#3339,#5141);
#5141 = DEFINITIONAL_REPRESENTATION('',(#5142),#5146);
#5142 = LINE('',#5143,#5144);
#5143 = CARTESIAN_POINT('',(-3.383156030193,-7.));
#5144 = VECTOR('',#5145,1.);
#5145 = DIRECTION('',(-2.22044604925E-16,1.));
#5146 = ( GEOMETRIC_REPRESENTATION_CONTEXT(2) 
PARAMETRIC_REPRESENTATION_CONTEXT() REPRESENTATION_CONTEXT('2D SPACE',''
  ) );
#5147 = PCURVE('',#3311,#5148);
#5148 = DEFINITIONAL_REPRESENTATION('',(#5149),#5153);
#5149 = LINE('',#5150,#5151);
#5150 = CARTESIAN_POINT('',(-5.146994505992,-1.369668755762E-16));
#5151 = VECTOR('',#5152,1.);
#5152 = DIRECTION('',(-0.,1.));
#5153 = ( GEOMETRIC_REPRESENTATION_CONTEXT(2) 
PARAMETRIC_REPRESENTATION_CONTEXT() REPRESENTATION_CONTEXT('2D SPACE',''
  ) );
#5154 = ORIENTED_EDGE('',*,*,#5155,.F.);
#5155 = EDGE_CURVE('',#5156,#5133,#5158,.T.);
#5156 = VERTEX_POINT('',#5157);
#5157 = CARTESIAN_POINT('',(-4.,1.9,-8.652173913043));
#5158 = SURFACE_CURVE('',#5159,(#5164,#5175),.PCURVE_S1.);
#5159 = ELLIPSE('',#5160,1.621127055495,1.6);
#5160 = AXIS2_PLACEMENT_3D('',#5161,#5162,#5163);
#5161 = CARTESIAN_POINT('',(-4.,1.9,-7.031046857549));
#5162 = DIRECTION('',(1.,0.,-0.));
#5163 = DIRECTION('',(-0.,-1.110223024625E-16,-1.));
#5164 = PCURVE('',#3339,#5165);
#5165 = DEFINITIONAL_REPRESENTATION('',(#5166),#5174);
#5166 = ( BOUNDED_CURVE() B_SPLINE_CURVE(2,(#5167,#5168,#5169,#5170,
#5171,#5172,#5173),.UNSPECIFIED.,.T.,.F.) B_SPLINE_CURVE_WITH_KNOTS((1,2
    ,2,2,2,1),(-2.094395102393,0.,2.094395102393,4.188790204786,
6.28318530718,8.377580409573),.UNSPECIFIED.) CURVE() 
GEOMETRIC_REPRESENTATION_ITEM() RATIONAL_B_SPLINE_CURVE((1.,0.5,1.,0.5,
1.,0.5,1.)) REPRESENTATION_ITEM('') );
#5167 = CARTESIAN_POINT('',(-3.347826086957,-5.4));
#5168 = CARTESIAN_POINT('',(-3.347826086957,-8.17128129211));
#5169 = CARTESIAN_POINT('',(-5.779516670198,-6.785640646055));
#5170 = CARTESIAN_POINT('',(-8.21120725344,-5.4));
#5171 = CARTESIAN_POINT('',(-5.779516670198,-4.014359353945));
#5172 = CARTESIAN_POINT('',(-3.347826086957,-2.62871870789));
#5173 = CARTESIAN_POINT('',(-3.347826086957,-5.4));
#5174 = ( GEOMETRIC_REPRESENTATION_CONTEXT(2) 
PARAMETRIC_REPRESENTATION_CONTEXT() REPRESENTATION_CONTEXT('2D SPACE',''
  ) );
#5175 = PCURVE('',#5176,#5181);
#5176 = CYLINDRICAL_SURFACE('',#5177,1.6);
#5177 = AXIS2_PLACEMENT_3D('',#5178,#5179,#5180);
#5178 = CARTESIAN_POINT('',(-0.257469828126,1.9,-6.42085172083));
#5179 = DIRECTION('',(-0.986967674481,-1.78655582082E-17,-0.160918642578
    ));
#5180 = DIRECTION('',(0.160918642578,-1.09575423677E-16,-0.986967674481)
  );
#5181 = DEFINITIONAL_REPRESENTATION('',(#5182),#5191);
#5182 = B_SPLINE_CURVE_WITH_KNOTS('',7,(#5183,#5184,#5185,#5186,#5187,
    #5188,#5189,#5190),.UNSPECIFIED.,.F.,.F.,(8,8),(0.,1.559104723605),
  .PIECEWISE_BEZIER_KNOTS.);
#5183 = CARTESIAN_POINT('',(0.,4.052817638737));
#5184 = CARTESIAN_POINT('',(-0.222729246229,4.052817638737));
#5185 = CARTESIAN_POINT('',(-0.445458492459,4.037719201517));
#5186 = CARTESIAN_POINT('',(-0.668187738688,4.007524431365));
#5187 = CARTESIAN_POINT('',(-0.890916984917,3.964059876155));
#5188 = CARTESIAN_POINT('',(-1.113646231146,3.911019864952));
#5189 = CARTESIAN_POINT('',(-1.336375477376,3.853097297972));
#5190 = CARTESIAN_POINT('',(-1.559104723605,3.794997987475));
#5191 = ( GEOMETRIC_REPRESENTATION_CONTEXT(2) 
PARAMETRIC_REPRESENTATION_CONTEXT() REPRESENTATION_CONTEXT('2D SPACE',''
  ) );
#5192 = ORIENTED_EDGE('',*,*,#5193,.T.);
#5193 = EDGE_CURVE('',#5156,#5194,#5196,.T.);
#5194 = VERTEX_POINT('',#5195);
#5195 = CARTESIAN_POINT('',(-4.,-1.9,-8.652173913043));
#5196 = SURFACE_CURVE('',#5197,(#5201,#5208),.PCURVE_S1.);
#5197 = LINE('',#5198,#5199);
#5198 = CARTESIAN_POINT('',(-4.,-1.75,-8.652173913043));
#5199 = VECTOR('',#5200,1.);
#5200 = DIRECTION('',(-0.,-1.,1.110223024625E-16));
#5201 = PCURVE('',#3339,#5202);
#5202 = DEFINITIONAL_REPRESENTATION('',(#5203),#5207);
#5203 = LINE('',#5204,#5205);
#5204 = CARTESIAN_POINT('',(-3.347826086957,-1.75));
#5205 = VECTOR('',#5206,1.);
#5206 = DIRECTION('',(-1.110223024625E-16,1.));
#5207 = ( GEOMETRIC_REPRESENTATION_CONTEXT(2) 
PARAMETRIC_REPRESENTATION_CONTEXT() REPRESENTATION_CONTEXT('2D SPACE',''
  ) );
#5208 = PCURVE('',#5209,#5214);
#5209 = PLANE('',#5210);
#5210 = AXIS2_PLACEMENT_3D('',#5211,#5212,#5213);
#5211 = CARTESIAN_POINT('',(0.,-8.881784197001E-16,-8.));
#5212 = DIRECTION('',(0.160918642578,-1.09575423677E-16,-0.986967674481)
  );
#5213 = DIRECTION('',(0.986967674481,1.78655582082E-17,0.160918642578));
#5214 = DEFINITIONAL_REPRESENTATION('',(#5215),#5219);
#5215 = LINE('',#5216,#5217);
#5216 = CARTESIAN_POINT('',(-4.052817638737,1.75));
#5217 = VECTOR('',#5218,1.);
#5218 = DIRECTION('',(0.,1.));
#5219 = ( GEOMETRIC_REPRESENTATION_CONTEXT(2) 
PARAMETRIC_REPRESENTATION_CONTEXT() REPRESENTATION_CONTEXT('2D SPACE',''
  ) );
#5220 = ORIENTED_EDGE('',*,*,#5221,.F.);
#5221 = EDGE_CURVE('',#5222,#5194,#5224,.T.);
#5222 = VERTEX_POINT('',#5223);
#5223 = CARTESIAN_POINT('',(-3.99999999981,-2.232214631503,
    -8.616843968434));
#5224 = SURFACE_CURVE('',#5225,(#5230,#5241),.PCURVE_S1.);
#5225 = ELLIPSE('',#5226,1.621127055495,1.6);
#5226 = AXIS2_PLACEMENT_3D('',#5227,#5228,#5229);
#5227 = CARTESIAN_POINT('',(-4.,-1.9,-7.031046857549));
#5228 = DIRECTION('',(1.,0.,-0.));
#5229 = DIRECTION('',(-0.,-1.110223024625E-16,-1.));
#5230 = PCURVE('',#3339,#5231);
#5231 = DEFINITIONAL_REPRESENTATION('',(#5232),#5240);
#5232 = ( BOUNDED_CURVE() B_SPLINE_CURVE(2,(#5233,#5234,#5235,#5236,
#5237,#5238,#5239),.UNSPECIFIED.,.T.,.F.) B_SPLINE_CURVE_WITH_KNOTS((1,2
    ,2,2,2,1),(-2.094395102393,0.,2.094395102393,4.188790204786,
6.28318530718,8.377580409573),.UNSPECIFIED.) CURVE() 
GEOMETRIC_REPRESENTATION_ITEM() RATIONAL_B_SPLINE_CURVE((1.,0.5,1.,0.5,
1.,0.5,1.)) REPRESENTATION_ITEM('') );
#5233 = CARTESIAN_POINT('',(-3.347826086957,-1.6));
#5234 = CARTESIAN_POINT('',(-3.347826086957,-4.37128129211));
#5235 = CARTESIAN_POINT('',(-5.779516670198,-2.985640646055));
#5236 = CARTESIAN_POINT('',(-8.21120725344,-1.6));
#5237 = CARTESIAN_POINT('',(-5.779516670198,-0.214359353945));
#5238 = CARTESIAN_POINT('',(-3.347826086957,1.17128129211));
#5239 = CARTESIAN_POINT('',(-3.347826086957,-1.6));
#5240 = ( GEOMETRIC_REPRESENTATION_CONTEXT(2) 
PARAMETRIC_REPRESENTATION_CONTEXT() REPRESENTATION_CONTEXT('2D SPACE',''
  ) );
#5241 = PCURVE('',#5242,#5247);
#5242 = CYLINDRICAL_SURFACE('',#5243,1.6);
#5243 = AXIS2_PLACEMENT_3D('',#5244,#5245,#5246);
#5244 = CARTESIAN_POINT('',(-0.257469828126,-1.9,-6.42085172083));
#5245 = DIRECTION('',(-0.986967674481,-1.78655582082E-17,-0.160918642578
    ));
#5246 = DIRECTION('',(0.160918642578,-1.09575423677E-16,-0.986967674481)
  );
#5247 = DEFINITIONAL_REPRESENTATION('',(#5248),#5257);
#5248 = B_SPLINE_CURVE_WITH_KNOTS('',7,(#5249,#5250,#5251,#5252,#5253,
    #5254,#5255,#5256),.UNSPECIFIED.,.F.,.F.,(8,8),(4.724080583575,
    6.28318530718),.PIECEWISE_BEZIER_KNOTS.);
#5249 = CARTESIAN_POINT('',(1.559104723605,3.794997987475));
#5250 = CARTESIAN_POINT('',(1.336375477376,3.853097297972));
#5251 = CARTESIAN_POINT('',(1.113646231146,3.911019864953));
#5252 = CARTESIAN_POINT('',(0.890916984917,3.964059876152));
#5253 = CARTESIAN_POINT('',(0.668187738688,4.007524431368));
#5254 = CARTESIAN_POINT('',(0.445458492458,4.037719201516));
#5255 = CARTESIAN_POINT('',(0.222729246229,4.052817638737));
#5256 = CARTESIAN_POINT('',(2.775557561563E-16,4.052817638737));
#5257 = ( GEOMETRIC_REPRESENTATION_CONTEXT(2) 
PARAMETRIC_REPRESENTATION_CONTEXT() REPRESENTATION_CONTEXT('2D SPACE',''
  ) );
#5258 = ORIENTED_EDGE('',*,*,#5259,.T.);
#5259 = EDGE_CURVE('',#5222,#3291,#5260,.T.);
#5260 = SURFACE_CURVE('',#5261,(#5265,#5272),.PCURVE_S1.);
#5261 = LINE('',#5262,#5263);
#5262 = CARTESIAN_POINT('',(-4.,3.5,-8.616843969807));
#5263 = VECTOR('',#5264,1.);
#5264 = DIRECTION('',(-0.,-1.,2.22044604925E-16));
#5265 = PCURVE('',#3339,#5266);
#5266 = DEFINITIONAL_REPRESENTATION('',(#5267),#5271);
#5267 = LINE('',#5268,#5269);
#5268 = CARTESIAN_POINT('',(-3.383156030193,-7.));
#5269 = VECTOR('',#5270,1.);
#5270 = DIRECTION('',(-2.22044604925E-16,1.));
#5271 = ( GEOMETRIC_REPRESENTATION_CONTEXT(2) 
PARAMETRIC_REPRESENTATION_CONTEXT() REPRESENTATION_CONTEXT('2D SPACE',''
  ) );
#5272 = PCURVE('',#3311,#5273);
#5273 = DEFINITIONAL_REPRESENTATION('',(#5274),#5278);
#5274 = LINE('',#5275,#5276);
#5275 = CARTESIAN_POINT('',(-5.146994505992,-1.369668755762E-16));
#5276 = VECTOR('',#5277,1.);
#5277 = DIRECTION('',(-0.,1.));
#5278 = ( GEOMETRIC_REPRESENTATION_CONTEXT(2) 
PARAMETRIC_REPRESENTATION_CONTEXT() REPRESENTATION_CONTEXT('2D SPACE',''
  ) );
#5279 = ADVANCED_FACE('',(#5280),#3311,.T.);
#5280 = FACE_BOUND('',#5281,.F.);
#5281 = EDGE_LOOP('',(#5282,#5283,#5284,#5394,#5422,#5537,#5593,#5619,
    #5620,#5730,#5753,#5861));
#5282 = ORIENTED_EDGE('',*,*,#3290,.F.);
#5283 = ORIENTED_EDGE('',*,*,#3780,.T.);
#5284 = ORIENTED_EDGE('',*,*,#5285,.F.);
#5285 = EDGE_CURVE('',#5286,#3781,#5288,.T.);
#5286 = VERTEX_POINT('',#5287);
#5287 = CARTESIAN_POINT('',(-0.774575366457,-1.9,9.468370134383));
#5288 = SURFACE_CURVE('',#5289,(#5322,#5358),.PCURVE_S1.);
#5289 = B_SPLINE_CURVE_WITH_KNOTS('',7,(#5290,#5291,#5292,#5293,#5294,
    #5295,#5296,#5297,#5298,#5299,#5300,#5301,#5302,#5303,#5304,#5305,
    #5306,#5307,#5308,#5309,#5310,#5311,#5312,#5313,#5314,#5315,#5316,
    #5317,#5318,#5319,#5320,#5321),.UNSPECIFIED.,.F.,.F.,(8,6,6,6,6,8),(
    0.,0.483952392849,0.607545797126,0.680121997615,0.859560768468,1.),
  .UNSPECIFIED.);
#5290 = CARTESIAN_POINT('',(-0.774575366457,-1.9,9.468370134383));
#5291 = CARTESIAN_POINT('',(-0.774575366457,-2.000444274975,
    9.468370134383));
#5292 = CARTESIAN_POINT('',(-0.787128818125,-2.100642864897,
    9.467343306523));
#5293 = CARTESIAN_POINT('',(-0.812132280253,-2.199858489615,
    9.465297301179));
#5294 = CARTESIAN_POINT('',(-0.849811350673,-2.296943225477,
    9.462110701665));
#5295 = CARTESIAN_POINT('',(-0.900282315762,-2.390433095288,
    9.457561477352));
#5296 = CARTESIAN_POINT('',(-0.963397938642,-2.478615282051,
    9.451328407186));
#5297 = CARTESIAN_POINT('',(-1.057974013094,-2.580307370673,
    9.440925041086));
#5298 = CARTESIAN_POINT('',(-1.078000415941,-2.600515416711,
    9.438675846617));
#5299 = CARTESIAN_POINT('',(-1.098800344293,-2.62020897041,
    9.436288432387));
#5300 = CARTESIAN_POINT('',(-1.120356867675,-2.639351314157,
    9.433757539549));
#5301 = CARTESIAN_POINT('',(-1.142648893643,-2.657904941665,
    9.431078265327));
#5302 = CARTESIAN_POINT('',(-1.165650726235,-2.675832230848,
    9.428246289668));
#5303 = CARTESIAN_POINT('',(-1.203237460464,-2.703233771279,
    9.423503385952));
#5304 = CARTESIAN_POINT('',(-1.217377473878,-2.713142708024,
    9.421694811002));
#5305 = CARTESIAN_POINT('',(-1.231745391567,-2.722815328773,
    9.419831657042));
#5306 = CARTESIAN_POINT('',(-1.246334418794,-2.732244246528,
    9.417913317806));
#5307 = CARTESIAN_POINT('',(-1.261137239187,-2.741422285455,
    9.415939300756));
#5308 = CARTESIAN_POINT('',(-1.276146014738,-2.750342480881,
    9.413909227087));
#5309 = CARTESIAN_POINT('',(-1.32894890526,-2.78039834454,9.406664388348
    ));
#5310 = CARTESIAN_POINT('',(-1.367759154944,-2.800184531548,
    9.401160924159));
#5311 = CARTESIAN_POINT('',(-1.407647769165,-2.818249471495,
    9.395309771861));
#5312 = CARTESIAN_POINT('',(-1.448473155948,-2.834506579442,
    9.389112007681));
#5313 = CARTESIAN_POINT('',(-1.490089284131,-2.848888122957,
    9.38257286273));
#5314 = CARTESIAN_POINT('',(-1.532347470447,-2.861343490739,
    9.375702134375));
#5315 = CARTESIAN_POINT('',(-1.608557350998,-2.880050653647,
    9.362889212766));
#5316 = CARTESIAN_POINT('',(-1.642322017532,-2.887063271551,
    9.357069108176));
#5317 = CARTESIAN_POINT('',(-1.676323948564,-2.892859270317,
    9.351060698964));
#5318 = CARTESIAN_POINT('',(-1.710500085635,-2.897428371817,
    9.344871135875));
#5319 = CARTESIAN_POINT('',(-1.744791167816,-2.900764680933,
    9.33850846606));
#5320 = CARTESIAN_POINT('',(-1.77914037004,-2.902865302075,
    9.331981793877));
#5321 = CARTESIAN_POINT('',(-1.813491941434,-2.903728955691,
    9.325301441688));
#5322 = PCURVE('',#3311,#5323);
#5323 = DEFINITIONAL_REPRESENTATION('',(#5324),#5357);
#5324 = B_SPLINE_CURVE_WITH_KNOTS('',7,(#5325,#5326,#5327,#5328,#5329,
    #5330,#5331,#5332,#5333,#5334,#5335,#5336,#5337,#5338,#5339,#5340,
    #5341,#5342,#5343,#5344,#5345,#5346,#5347,#5348,#5349,#5350,#5351,
    #5352,#5353,#5354,#5355,#5356),.UNSPECIFIED.,.F.,.F.,(8,6,6,6,6,8),(
    0.,0.483952392849,0.607545797126,0.680121997615,0.859560768468,1.),
  .UNSPECIFIED.);
#5325 = CARTESIAN_POINT('',(-1.489171468683,5.4));
#5326 = CARTESIAN_POINT('',(-1.489171468683,5.500444274975));
#5327 = CARTESIAN_POINT('',(-1.487845638368,5.600642864897));
#5328 = CARTESIAN_POINT('',(-1.485204902762,5.699858489615));
#5329 = CARTESIAN_POINT('',(-1.481224530715,5.796943225477));
#5330 = CARTESIAN_POINT('',(-1.475890458396,5.890433095288));
#5331 = CARTESIAN_POINT('',(-1.469214803091,5.978615282051));
#5332 = CARTESIAN_POINT('',(-1.459199377932,6.080307370673));
#5333 = CARTESIAN_POINT('',(-1.457078087404,6.100515416711));
#5334 = CARTESIAN_POINT('',(-1.454874256768,6.12020897041));
#5335 = CARTESIAN_POINT('',(-1.452589577889,6.139351314157));
#5336 = CARTESIAN_POINT('',(-1.450226176359,6.157904941665));
#5337 = CARTESIAN_POINT('',(-1.447786659859,6.175832230848));
#5338 = CARTESIAN_POINT('',(-1.443798786655,6.203233771279));
#5339 = CARTESIAN_POINT('',(-1.442298240719,6.213142708024));
#5340 = CARTESIAN_POINT('',(-1.440773169097,6.222815328773));
#5341 = CARTESIAN_POINT('',(-1.439224267351,6.232244246528));
#5342 = CARTESIAN_POINT('',(-1.437652286224,6.241422285455));
#5343 = CARTESIAN_POINT('',(-1.436058031636,6.250342480881));
#5344 = CARTESIAN_POINT('',(-1.430447759167,6.28039834454));
#5345 = CARTESIAN_POINT('',(-1.426321641265,6.300184531548));
#5346 = CARTESIAN_POINT('',(-1.422077986978,6.318249471495));
#5347 = CARTESIAN_POINT('',(-1.417731440901,6.334506579442));
#5348 = CARTESIAN_POINT('',(-1.413297145358,6.348888122957));
#5349 = CARTESIAN_POINT('',(-1.408790569518,6.361343490739));
#5350 = CARTESIAN_POINT('',(-1.400655888213,6.380050653647));
#5351 = CARTESIAN_POINT('',(-1.397049328583,6.387063271551));
#5352 = CARTESIAN_POINT('',(-1.393414778574,6.392859270317));
#5353 = CARTESIAN_POINT('',(-1.389758827908,6.397428371817));
#5354 = CARTESIAN_POINT('',(-1.386087684486,6.400764680933));
#5355 = CARTESIAN_POINT('',(-1.38240732178,6.402865302075));
#5356 = CARTESIAN_POINT('',(-1.378723626233,6.403728955691));
#5357 = ( GEOMETRIC_REPRESENTATION_CONTEXT(2) 
PARAMETRIC_REPRESENTATION_CONTEXT() REPRESENTATION_CONTEXT('2D SPACE',''
  ) );
#5358 = PCURVE('',#3851,#5359);
#5359 = DEFINITIONAL_REPRESENTATION('',(#5360),#5393);
#5360 = B_SPLINE_CURVE_WITH_KNOTS('',7,(#5361,#5362,#5363,#5364,#5365,
    #5366,#5367,#5368,#5369,#5370,#5371,#5372,#5373,#5374,#5375,#5376,
    #5377,#5378,#5379,#5380,#5381,#5382,#5383,#5384,#5385,#5386,#5387,
    #5388,#5389,#5390,#5391,#5392),.UNSPECIFIED.,.F.,.F.,(8,6,6,6,6,8),(
    0.,0.483952392849,0.607545797126,0.680121997615,0.859560768468,1.),
  .UNSPECIFIED.);
#5361 = CARTESIAN_POINT('',(0.714237526233,0.));
#5362 = CARTESIAN_POINT('',(0.714237526233,-6.277767185956E-02));
#5363 = CARTESIAN_POINT('',(0.707846742812,-0.125401577706));
#5364 = CARTESIAN_POINT('',(0.695121853573,-0.187816259071));
#5365 = CARTESIAN_POINT('',(0.675600646711,-0.249696167171));
#5366 = CARTESIAN_POINT('',(0.648586527258,-0.310502184106));
#5367 = CARTESIAN_POINT('',(0.612943596208,-0.369365959967));
#5368 = CARTESIAN_POINT('',(0.55581346024,-0.439127776736));
#5369 = CARTESIAN_POINT('',(0.543554247598,-0.45309701788));
#5370 = CARTESIAN_POINT('',(0.530641454091,-0.466818339076));
#5371 = CARTESIAN_POINT('',(0.517059942495,-0.480263455742));
#5372 = CARTESIAN_POINT('',(0.502797238153,-0.493401599978));
#5373 = CARTESIAN_POINT('',(0.487844942874,-0.506199848785));
#5374 = CARTESIAN_POINT('',(0.463013253164,-0.525918808712));
#5375 = CARTESIAN_POINT('',(0.453587621047,-0.533085019424));
#5376 = CARTESIAN_POINT('',(0.443922589199,-0.540114974099));
#5377 = CARTESIAN_POINT('',(0.43401829248,-0.547001481997));
#5378 = CARTESIAN_POINT('',(0.423875663886,-0.553737271952));
#5379 = CARTESIAN_POINT('',(0.413496434549,-0.560314992371));
#5380 = CARTESIAN_POINT('',(0.376642608072,-0.582580902427));
#5381 = CARTESIAN_POINT('',(0.348967998018,-0.59742537171));
#5382 = CARTESIAN_POINT('',(0.319903652022,-0.611145321092));
#5383 = CARTESIAN_POINT('',(0.289525408929,-0.623631925788));
#5384 = CARTESIAN_POINT('',(0.257942778501,-0.634786692976));
#5385 = CARTESIAN_POINT('',(0.225301121936,-0.644525320548));
#5386 = CARTESIAN_POINT('',(0.165551249724,-0.659243366438));
#5387 = CARTESIAN_POINT('',(0.138779050277,-0.66479791126));
#5388 = CARTESIAN_POINT('',(0.111550797908,-0.669413987271));
#5389 = CARTESIAN_POINT('',(8.395867479585E-02,-0.673067672965));
#5390 = CARTESIAN_POINT('',(5.610109202547E-02,-0.675742150859));
#5391 = CARTESIAN_POINT('',(2.808030019225E-02,-0.677427529948));
#5392 = CARTESIAN_POINT('',(0.,-0.678120668172));
#5393 = ( GEOMETRIC_REPRESENTATION_CONTEXT(2) 
PARAMETRIC_REPRESENTATION_CONTEXT() REPRESENTATION_CONTEXT('2D SPACE',''
  ) );
#5394 = ORIENTED_EDGE('',*,*,#5395,.T.);
#5395 = EDGE_CURVE('',#5286,#5396,#5398,.T.);
#5396 = VERTEX_POINT('',#5397);
#5397 = CARTESIAN_POINT('',(-0.774575366457,1.9,9.468370134383));
#5398 = SURFACE_CURVE('',#5399,(#5403,#5410),.PCURVE_S1.);
#5399 = LINE('',#5400,#5401);
#5400 = CARTESIAN_POINT('',(-0.774575366457,-3.5,9.468370134383));
#5401 = VECTOR('',#5402,1.);
#5402 = DIRECTION('',(-0.,1.,-1.110223024625E-16));
#5403 = PCURVE('',#3311,#5404);
#5404 = DEFINITIONAL_REPRESENTATION('',(#5405),#5409);
#5405 = LINE('',#5406,#5407);
#5406 = CARTESIAN_POINT('',(-1.489171468683,7.));
#5407 = VECTOR('',#5408,1.);
#5408 = DIRECTION('',(-0.,-1.));
#5409 = ( GEOMETRIC_REPRESENTATION_CONTEXT(2) 
PARAMETRIC_REPRESENTATION_CONTEXT() REPRESENTATION_CONTEXT('2D SPACE',''
  ) );
#5410 = PCURVE('',#5411,#5416);
#5411 = CYLINDRICAL_SURFACE('',#5412,1.6);
#5412 = AXIS2_PLACEMENT_3D('',#5413,#5414,#5415);
#5413 = CARTESIAN_POINT('',(-1.6,-3.5,8.097722778445));
#5414 = DIRECTION('',(-0.,1.,-1.110223024625E-16));
#5415 = DIRECTION('',(1.,0.,-0.));
#5416 = DEFINITIONAL_REPRESENTATION('',(#5417),#5421);
#5417 = LINE('',#5418,#5419);
#5418 = CARTESIAN_POINT('',(-1.028749615085,-1.521724253204E-16));
#5419 = VECTOR('',#5420,1.);
#5420 = DIRECTION('',(-0.,1.));
#5421 = ( GEOMETRIC_REPRESENTATION_CONTEXT(2) 
PARAMETRIC_REPRESENTATION_CONTEXT() REPRESENTATION_CONTEXT('2D SPACE',''
  ) );
#5422 = ORIENTED_EDGE('',*,*,#5423,.F.);
#5423 = EDGE_CURVE('',#5424,#5396,#5426,.T.);
#5424 = VERTEX_POINT('',#5425);
#5425 = CARTESIAN_POINT('',(-1.813491941434,2.903728955691,
    9.325301441688));
#5426 = SURFACE_CURVE('',#5427,(#5460,#5496),.PCURVE_S1.);
#5427 = B_SPLINE_CURVE_WITH_KNOTS('',7,(#5428,#5429,#5430,#5431,#5432,
    #5433,#5434,#5435,#5436,#5437,#5438,#5439,#5440,#5441,#5442,#5443,
    #5444,#5445,#5446,#5447,#5448,#5449,#5450,#5451,#5452,#5453,#5454,
    #5455,#5456,#5457,#5458,#5459),.UNSPECIFIED.,.F.,.F.,(8,6,6,6,6,8),(
    0.,0.140004445009,0.31911158629,0.391735035605,0.514919005529,1.),
  .UNSPECIFIED.);
#5428 = CARTESIAN_POINT('',(-1.813491941434,2.903728955691,
    9.325301441688));
#5429 = CARTESIAN_POINT('',(-1.779244044908,2.902867908627,
    9.331961632219));
#5430 = CARTESIAN_POINT('',(-1.744998820081,2.900777358952,
    9.338469007532));
#5431 = CARTESIAN_POINT('',(-1.710811268459,2.897458603494,
    9.344813390777));
#5432 = CARTESIAN_POINT('',(-1.676737571467,2.892914497159,9.35098578));
#5433 = CARTESIAN_POINT('',(-1.642836414132,2.887150843384,
    9.356978196831));
#5434 = CARTESIAN_POINT('',(-1.609170308777,2.880177784594,
    9.362783535161));
#5435 = CARTESIAN_POINT('',(-1.533125263712,2.861563703407,
    9.375574659244));
#5436 = CARTESIAN_POINT('',(-1.490932738811,2.849161407307,
    9.382438376587));
#5437 = CARTESIAN_POINT('',(-1.449377976271,2.834839181197,9.3889718451)
  );
#5438 = CARTESIAN_POINT('',(-1.408608821604,2.81864715106,9.395165276066
    ));
#5439 = CARTESIAN_POINT('',(-1.368770569282,2.800652440381,
    9.401013405533));
#5440 = CARTESIAN_POINT('',(-1.330004198457,2.780940918502,
    9.406515091039));
#5441 = CARTESIAN_POINT('',(-1.277215137956,2.750973425613,
    9.413764273762));
#5442 = CARTESIAN_POINT('',(-1.262183119337,2.742062581893,
    9.415799223606));
#5443 = CARTESIAN_POINT('',(-1.247356949841,2.732893172897,
    9.417778018183));
#5444 = CARTESIAN_POINT('',(-1.232744504525,2.723472167726,
    9.419701032174));
#5445 = CARTESIAN_POINT('',(-1.21835313649,2.713806749499,9.421568754624
    ));
#5446 = CARTESIAN_POINT('',(-1.20418967687,2.703904315348,9.423381788944
    ));
#5447 = CARTESIAN_POINT('',(-1.166633640099,2.676586840741,
    9.428124579037));
#5448 = CARTESIAN_POINT('',(-1.143680652431,2.658741067417,
    9.430953008455));
#5449 = CARTESIAN_POINT('',(-1.121432025792,2.640271847205,
    9.433629598902));
#5450 = CARTESIAN_POINT('',(-1.099913329712,2.621216435383,
    9.436158611622));
#5451 = CARTESIAN_POINT('',(-1.079145581936,2.601611987843,
    9.438544887799));
#5452 = CARTESIAN_POINT('',(-1.059145681054,2.581494897171,
    9.440793625002));
#5453 = CARTESIAN_POINT('',(-0.964245766702,2.479800852912,
    9.451244742969));
#5454 = CARTESIAN_POINT('',(-0.900844272554,2.39147490159,9.457510831308
    ));
#5455 = CARTESIAN_POINT('',(-0.850139045543,2.297798210632,
    9.462083152229));
#5456 = CARTESIAN_POINT('',(-0.812283074445,2.200490498816,
    9.465285024823));
#5457 = CARTESIAN_POINT('',(-0.787168214515,2.101031465517,
    9.467340053115));
#5458 = CARTESIAN_POINT('',(-0.774575366457,2.000600621941,
    9.468370134383));
#5459 = CARTESIAN_POINT('',(-0.774575366457,1.9,9.468370134383));
#5460 = PCURVE('',#3311,#5461);
#5461 = DEFINITIONAL_REPRESENTATION('',(#5462),#5495);
#5462 = B_SPLINE_CURVE_WITH_KNOTS('',7,(#5463,#5464,#5465,#5466,#5467,
    #5468,#5469,#5470,#5471,#5472,#5473,#5474,#5475,#5476,#5477,#5478,
    #5479,#5480,#5481,#5482,#5483,#5484,#5485,#5486,#5487,#5488,#5489,
    #5490,#5491,#5492,#5493,#5494),.UNSPECIFIED.,.F.,.F.,(8,6,6,6,6,8),(
    0.,0.140004445009,0.31911158629,0.391735035605,0.514919005529,1.),
  .UNSPECIFIED.);
#5463 = CARTESIAN_POINT('',(-1.378723626233,0.596271044309));
#5464 = CARTESIAN_POINT('',(-1.382396204191,0.597132091373));
#5465 = CARTESIAN_POINT('',(-1.386065435426,0.599222641048));
#5466 = CARTESIAN_POINT('',(-1.38972551311,0.602541396506));
#5467 = CARTESIAN_POINT('',(-1.393370531603,0.607085502841));
#5468 = CARTESIAN_POINT('',(-1.396994343219,0.612849156616));
#5469 = CARTESIAN_POINT('',(-1.400590415001,0.619822215406));
#5470 = CARTESIAN_POINT('',(-1.40870760495,0.638436296593));
#5471 = CARTESIAN_POINT('',(-1.413207240552,0.650838592693));
#5472 = CARTESIAN_POINT('',(-1.417635062562,0.665160818803));
#5473 = CARTESIAN_POINT('',(-1.421975688497,0.68135284894));
#5474 = CARTESIAN_POINT('',(-1.42621405179,0.699347559619));
#5475 = CARTESIAN_POINT('',(-1.430335570463,0.719059081498));
#5476 = CARTESIAN_POINT('',(-1.435944462847,0.749026574387));
#5477 = CARTESIAN_POINT('',(-1.437541210792,0.757937418107));
#5478 = CARTESIAN_POINT('',(-1.439115694617,0.767106827103));
#5479 = CARTESIAN_POINT('',(-1.440667104526,0.776527832274));
#5480 = CARTESIAN_POINT('',(-1.442194685941,0.786193250501));
#5481 = CARTESIAN_POINT('',(-1.443697739505,0.796095684652));
#5482 = CARTESIAN_POINT('',(-1.447682405343,0.823413159259));
#5483 = CARTESIAN_POINT('',(-1.45011677328,0.841258932583));
#5484 = CARTESIAN_POINT('',(-1.452475605499,0.859728152795));
#5485 = CARTESIAN_POINT('',(-1.454756306733,0.878783564617));
#5486 = CARTESIAN_POINT('',(-1.456956758436,0.898388012157));
#5487 = CARTESIAN_POINT('',(-1.459075271373,0.918505102829));
#5488 = CARTESIAN_POINT('',(-1.469125130242,1.020199147088));
#5489 = CARTESIAN_POINT('',(-1.475831067372,1.10852509841));
#5490 = CARTESIAN_POINT('',(-1.481189915294,1.202201789368));
#5491 = CARTESIAN_POINT('',(-1.48518897669,1.299509501184));
#5492 = CARTESIAN_POINT('',(-1.487841477544,1.398968534483));
#5493 = CARTESIAN_POINT('',(-1.489171468683,1.499399378059));
#5494 = CARTESIAN_POINT('',(-1.489171468683,1.6));
#5495 = ( GEOMETRIC_REPRESENTATION_CONTEXT(2) 
PARAMETRIC_REPRESENTATION_CONTEXT() REPRESENTATION_CONTEXT('2D SPACE',''
  ) );
#5496 = PCURVE('',#5497,#5502);
#5497 = SPHERICAL_SURFACE('',#5498,1.6);
#5498 = AXIS2_PLACEMENT_3D('',#5499,#5500,#5501);
#5499 = CARTESIAN_POINT('',(-1.6,1.9,8.097722778445));
#5500 = DIRECTION('',(-0.,-1.,1.110223024625E-16));
#5501 = DIRECTION('',(-0.171341174751,1.093804774332E-16,0.98521175482)
  );
#5502 = DEFINITIONAL_REPRESENTATION('',(#5503),#5536);
#5503 = B_SPLINE_CURVE_WITH_KNOTS('',7,(#5504,#5505,#5506,#5507,#5508,
    #5509,#5510,#5511,#5512,#5513,#5514,#5515,#5516,#5517,#5518,#5519,
    #5520,#5521,#5522,#5523,#5524,#5525,#5526,#5527,#5528,#5529,#5530,
    #5531,#5532,#5533,#5534,#5535),.UNSPECIFIED.,.F.,.F.,(8,6,6,6,6,8),(
    0.,0.140004445009,0.31911158629,0.391735035605,0.514919005529,1.),
  .UNSPECIFIED.);
#5504 = CARTESIAN_POINT('',(8.881784197001E-16,-0.678120668172));
#5505 = CARTESIAN_POINT('',(-2.799555235452E-02,-0.677429621876));
#5506 = CARTESIAN_POINT('',(-5.593169423524E-02,-0.67575232225));
#5507 = CARTESIAN_POINT('',(-8.370587016542E-02,-0.673091907537));
#5508 = CARTESIAN_POINT('',(-0.111216851122,-0.669458150543));
#5509 = CARTESIAN_POINT('',(-0.138367109298,-0.664867657474));
#5510 = CARTESIAN_POINT('',(-0.165065192863,-0.65934406677));
#5511 = CARTESIAN_POINT('',(-0.224698206867,-0.644697722946));
#5512 = CARTESIAN_POINT('',(-0.257297820824,-0.634999324088));
#5513 = CARTESIAN_POINT('',(-0.288844331854,-0.623888762558));
#5514 = CARTESIAN_POINT('',(-0.319192780169,-0.611449694871));
#5515 = CARTESIAN_POINT('',(-0.348233746844,-0.597779914763));
#5516 = CARTESIAN_POINT('',(-0.375891243724,-0.582987545087));
#5517 = CARTESIAN_POINT('',(-0.412755950168,-0.560780598484));
#5518 = CARTESIAN_POINT('',(-0.423157024795,-0.554207849869));
#5519 = CARTESIAN_POINT('',(-0.433321254394,-0.54747643101));
#5520 = CARTESIAN_POINT('',(-0.443246869087,-0.540593710551));
#5521 = CARTESIAN_POINT('',(-0.452932901944,-0.533566978627));
#5522 = CARTESIAN_POINT('',(-0.462379188973,-0.52640344687));
#5523 = CARTESIAN_POINT('',(-0.487203597651,-0.506739517605));
#5524 = CARTESIAN_POINT('',(-0.502132740205,-0.493995601994));
#5525 = CARTESIAN_POINT('',(-0.516376547162,-0.480912950441));
#5526 = CARTESIAN_POINT('',(-0.529943219217,-0.467524219832));
#5527 = CARTESIAN_POINT('',(-0.542845011181,-0.453859948469));
#5528 = CARTESIAN_POINT('',(-0.555096835755,-0.439948229473));
#5529 = CARTESIAN_POINT('',(-0.612465027084,-0.370157306908));
#5530 = CARTESIAN_POINT('',(-0.648285711956,-0.311179702908));
#5531 = CARTESIAN_POINT('',(-0.675431647953,-0.250240799696));
#5532 = CARTESIAN_POINT('',(-0.695044938197,-0.18821310092));
#5533 = CARTESIAN_POINT('',(-0.707826823277,-0.125644498103));
#5534 = CARTESIAN_POINT('',(-0.714237526233,-6.287538871318E-02));
#5535 = CARTESIAN_POINT('',(-0.714237526233,0.));
#5536 = ( GEOMETRIC_REPRESENTATION_CONTEXT(2) 
PARAMETRIC_REPRESENTATION_CONTEXT() REPRESENTATION_CONTEXT('2D SPACE',''
  ) );
#5537 = ORIENTED_EDGE('',*,*,#5538,.F.);
#5538 = EDGE_CURVE('',#5539,#5424,#5541,.T.);
#5539 = VERTEX_POINT('',#5540);
#5540 = CARTESIAN_POINT('',(-6.05097460369,3.5,7.323640238672));
#5541 = SURFACE_CURVE('',#5542,(#5557,#5575),.PCURVE_S1.);
#5542 = B_SPLINE_CURVE_WITH_KNOTS('',7,(#5543,#5544,#5545,#5546,#5547,
    #5548,#5549,#5550,#5551,#5552,#5553,#5554,#5555,#5556),
  .UNSPECIFIED.,.F.,.F.,(8,6,8),(0.,0.514587253174,1.),.UNSPECIFIED.);
#5543 = CARTESIAN_POINT('',(-6.05097460369,3.5,7.323640238673));
#5544 = CARTESIAN_POINT('',(-5.774641365004,3.5,7.551953666824));
#5545 = CARTESIAN_POINT('',(-5.488925389257,3.477002773481,
    7.767551357219));
#5546 = CARTESIAN_POINT('',(-5.19673710147,3.437602320619,7.96820531497)
  );
#5547 = CARTESIAN_POINT('',(-4.899937775259,3.386823934561,
    8.153600411602));
#5548 = CARTESIAN_POINT('',(-4.599355102556,3.328752566516,8.32413726661
    ));
#5549 = CARTESIAN_POINT('',(-4.294612280156,3.266618129711,
    8.480813253847));
#5550 = CARTESIAN_POINT('',(-3.688853823642,3.144383514881,
    8.760551190402));
#5551 = CARTESIAN_POINT('',(-3.386778924716,3.083999448925,8.88585802734
    ));
#5552 = CARTESIAN_POINT('',(-3.079690302229,3.026442036372,
    8.998840006524));
#5553 = CARTESIAN_POINT('',(-2.769551098434,2.975949971587,
    9.098900567523));
#5554 = CARTESIAN_POINT('',(-2.456950922926,2.936670084189,
    9.186354485964));
#5555 = CARTESIAN_POINT('',(-2.139652051593,2.911929040317,
    9.261873150659));
#5556 = CARTESIAN_POINT('',(-1.813489585102,2.903728896449,
    9.325301899924));
#5557 = PCURVE('',#3311,#5558);
#5558 = DEFINITIONAL_REPRESENTATION('',(#5559),#5574);
#5559 = B_SPLINE_CURVE_WITH_KNOTS('',7,(#5560,#5561,#5562,#5563,#5564,
    #5565,#5566,#5567,#5568,#5569,#5570,#5571,#5572,#5573),
  .UNSPECIFIED.,.F.,.F.,(8,6,8),(0.,0.514587253174,1.),.UNSPECIFIED.);
#5560 = CARTESIAN_POINT('',(-0.880267829001,8.881784197001E-16));
#5561 = CARTESIAN_POINT('',(-0.917999507466,1.210612916025E-15));
#5562 = CARTESIAN_POINT('',(-0.955639984482,2.299722651882E-02));
#5563 = CARTESIAN_POINT('',(-0.992891777521,6.239767938094E-02));
#5564 = CARTESIAN_POINT('',(-1.029667342586,0.113176065439));
#5565 = CARTESIAN_POINT('',(-1.065995565522,0.171247433484));
#5566 = CARTESIAN_POINT('',(-1.102032826501,0.233381870289));
#5567 = CARTESIAN_POINT('',(-1.172267622337,0.355616485119));
#5568 = CARTESIAN_POINT('',(-1.206665519036,0.416000551075));
#5569 = CARTESIAN_POINT('',(-1.241063243422,0.473557963628));
#5570 = CARTESIAN_POINT('',(-1.275317270315,0.524050028413));
#5571 = CARTESIAN_POINT('',(-1.309444644474,0.563329915811));
#5572 = CARTESIAN_POINT('',(-1.343747803074,0.588070959683));
#5573 = CARTESIAN_POINT('',(-1.378723878915,0.596271103551));
#5574 = ( GEOMETRIC_REPRESENTATION_CONTEXT(2) 
PARAMETRIC_REPRESENTATION_CONTEXT() REPRESENTATION_CONTEXT('2D SPACE',''
  ) );
#5575 = PCURVE('',#3955,#5576);
#5576 = DEFINITIONAL_REPRESENTATION('',(#5577),#5592);
#5577 = B_SPLINE_CURVE_WITH_KNOTS('',7,(#5578,#5579,#5580,#5581,#5582,
    #5583,#5584,#5585,#5586,#5587,#5588,#5589,#5590,#5591),
  .UNSPECIFIED.,.F.,.F.,(8,6,8),(0.,0.514587253174,1.),.UNSPECIFIED.);
#5578 = CARTESIAN_POINT('',(-1.570796326795,180.34181854562));
#5579 = CARTESIAN_POINT('',(-1.459802694633,180.65318479161));
#5580 = CARTESIAN_POINT('',(-1.357642631479,180.97161629101));
#5581 = CARTESIAN_POINT('',(-1.263150694827,181.29386391159));
#5582 = CARTESIAN_POINT('',(-1.175658300836,181.61803991025));
#5583 = CARTESIAN_POINT('',(-1.094769622579,181.94339747777));
#5584 = CARTESIAN_POINT('',(-1.02023943614,182.2704787363));
#5585 = CARTESIAN_POINT('',(-0.888454978081,182.91520971491));
#5586 = CARTESIAN_POINT('',(-0.830063922652,183.23428767681));
#5587 = CARTESIAN_POINT('',(-0.778894737556,183.5561934625));
#5588 = CARTESIAN_POINT('',(-0.736502592604,183.87889074578));
#5589 = CARTESIAN_POINT('',(-0.704598641996,184.20185257037));
#5590 = CARTESIAN_POINT('',(-0.684701769406,184.52739860492));
#5591 = CARTESIAN_POINT('',(-0.678120620627,184.8596056573));
#5592 = ( GEOMETRIC_REPRESENTATION_CONTEXT(2) 
PARAMETRIC_REPRESENTATION_CONTEXT() REPRESENTATION_CONTEXT('2D SPACE',''
  ) );
#5593 = ORIENTED_EDGE('',*,*,#5594,.T.);
#5594 = EDGE_CURVE('',#5539,#5110,#5595,.T.);
#5595 = SURFACE_CURVE('',#5596,(#5601,#5608),.PCURVE_S1.);
#5596 = CIRCLE('',#5597,9.5);
#5597 = AXIS2_PLACEMENT_3D('',#5598,#5599,#5600);
#5598 = CARTESIAN_POINT('',(0.,3.5,0.));
#5599 = DIRECTION('',(0.,1.,-2.22044604925E-16));
#5600 = DIRECTION('',(-1.,0.,-0.));
#5601 = PCURVE('',#3311,#5602);
#5602 = DEFINITIONAL_REPRESENTATION('',(#5603),#5607);
#5603 = LINE('',#5604,#5605);
#5604 = CARTESIAN_POINT('',(-0.,0.));
#5605 = VECTOR('',#5606,1.);
#5606 = DIRECTION('',(-1.,0.));
#5607 = ( GEOMETRIC_REPRESENTATION_CONTEXT(2) 
PARAMETRIC_REPRESENTATION_CONTEXT() REPRESENTATION_CONTEXT('2D SPACE',''
  ) );
#5608 = PCURVE('',#4008,#5609);
#5609 = DEFINITIONAL_REPRESENTATION('',(#5610),#5618);
#5610 = ( BOUNDED_CURVE() B_SPLINE_CURVE(2,(#5611,#5612,#5613,#5614,
#5615,#5616,#5617),.UNSPECIFIED.,.T.,.F.) B_SPLINE_CURVE_WITH_KNOTS((1,2
    ,2,2,2,1),(-2.094395102393,0.,2.094395102393,4.188790204786,
6.28318530718,8.377580409573),.UNSPECIFIED.) CURVE() 
GEOMETRIC_REPRESENTATION_ITEM() RATIONAL_B_SPLINE_CURVE((1.,0.5,1.,0.5,
1.,0.5,1.)) REPRESENTATION_ITEM('') );
#5611 = CARTESIAN_POINT('',(-9.5,0.));
#5612 = CARTESIAN_POINT('',(-9.5,16.454482671904));
#5613 = CARTESIAN_POINT('',(4.75,8.227241335952));
#5614 = CARTESIAN_POINT('',(19.,2.32682891838E-15));
#5615 = CARTESIAN_POINT('',(4.75,-8.227241335952));
#5616 = CARTESIAN_POINT('',(-9.5,-16.4544826719));
#5617 = CARTESIAN_POINT('',(-9.5,0.));
#5618 = ( GEOMETRIC_REPRESENTATION_CONTEXT(2) 
PARAMETRIC_REPRESENTATION_CONTEXT() REPRESENTATION_CONTEXT('2D SPACE',''
  ) );
#5619 = ORIENTED_EDGE('',*,*,#5132,.T.);
#5620 = ORIENTED_EDGE('',*,*,#5621,.F.);
#5621 = EDGE_CURVE('',#5622,#5133,#5624,.T.);
#5622 = VERTEX_POINT('',#5623);
#5623 = CARTESIAN_POINT('',(-3.943314703321,1.9,-8.642931745107));
#5624 = SURFACE_CURVE('',#5625,(#5658,#5694),.PCURVE_S1.);
#5625 = B_SPLINE_CURVE_WITH_KNOTS('',6,(#5626,#5627,#5628,#5629,#5630,
    #5631,#5632,#5633,#5634,#5635,#5636,#5637,#5638,#5639,#5640,#5641,
    #5642,#5643,#5644,#5645,#5646,#5647,#5648,#5649,#5650,#5651,#5652,
    #5653,#5654,#5655,#5656,#5657),.UNSPECIFIED.,.F.,.F.,(7,5,5,5,5,5,7)
  ,(0.,0.223052290803,0.328552170625,0.410465628034,0.63864179203,
    0.880131862106,1.),.UNSPECIFIED.);
#5626 = CARTESIAN_POINT('',(-3.943314703321,1.9,-8.642931745107));
#5627 = CARTESIAN_POINT('',(-3.943314703321,2.007528013852,
    -8.642931745107));
#5628 = CARTESIAN_POINT('',(-3.957501786344,2.114073605299,
    -8.636458640651));
#5629 = CARTESIAN_POINT('',(-3.985392808961,2.218461213109,
    -8.623734701697));
#5630 = CARTESIAN_POINT('',(-4.025701508177,2.319489268522,
    -8.605129928224));
#5631 = CARTESIAN_POINT('',(-4.076344844385,2.415913699556,
    -8.581234414032));
#5632 = CARTESIAN_POINT('',(-4.161996880768,2.549322009425,
    -8.53983109612));
#5633 = CARTESIAN_POINT('',(-4.191301694352,2.591041233854,
    -8.525534679241));
#5634 = CARTESIAN_POINT('',(-4.222232907556,2.631637959835,
    -8.510287723486));
#5635 = CARTESIAN_POINT('',(-4.254629026089,2.671110540104,
    -8.494137107633));
#5636 = CARTESIAN_POINT('',(-4.288342142983,2.709459272818,
    -8.477125540658));
#5637 = CARTESIAN_POINT('',(-4.350332142593,2.77559072666,-8.44544469408
    ));
#5638 = CARTESIAN_POINT('',(-4.378144238306,2.803824122248,
    -8.43109957771));
#5639 = CARTESIAN_POINT('',(-4.406616768676,2.83139232198,
    -8.416271631417));
#5640 = CARTESIAN_POINT('',(-4.435698117764,2.858301152188,
    -8.400974184894));
#5641 = CARTESIAN_POINT('',(-4.465342510743,2.884556531876,
    -8.385218478728));
#5642 = CARTESIAN_POINT('',(-4.579543887737,2.981497339066,
    -8.323873921954));
#5643 = CARTESIAN_POINT('',(-4.667684911553,3.04784724828,
    -8.275223243914));
#5644 = CARTESIAN_POINT('',(-4.759011433457,3.109276469334,
    -8.223285905287));
#5645 = CARTESIAN_POINT('',(-4.852879377644,3.165835380485,
    -8.168195234256));
#5646 = CARTESIAN_POINT('',(-4.948845208895,3.217519124347,
    -8.11000868514));
#5647 = CARTESIAN_POINT('',(-5.150035855338,3.313654610995,
    -7.983861159164));
#5648 = CARTESIAN_POINT('',(-5.255451334318,3.357497600062,
    -7.915541958721));
#5649 = CARTESIAN_POINT('',(-5.362287888605,3.395554259981,
    -7.843871519252));
#5650 = CARTESIAN_POINT('',(-5.470085042456,3.427541083545,
    -7.768943629377));
#5651 = CARTESIAN_POINT('',(-5.578418438926,3.453075208774,
    -7.690875815932));
#5652 = CARTESIAN_POINT('',(-5.740670531746,3.480884313839,
    -7.56962458295));
#5653 = CARTESIAN_POINT('',(-5.794507124651,3.48839518515,
    -7.528680642474));
#5654 = CARTESIAN_POINT('',(-5.848283777544,3.494128815504,
    -7.487051693657));
#5655 = CARTESIAN_POINT('',(-5.901925756193,3.498019654312,
    -7.444781487018));
#5656 = CARTESIAN_POINT('',(-5.955358582305,3.5,-7.401919511295));
#5657 = CARTESIAN_POINT('',(-6.008508033527,3.5,-7.35852099345));
#5658 = PCURVE('',#3311,#5659);
#5659 = DEFINITIONAL_REPRESENTATION('',(#5660),#5693);
#5660 = B_SPLINE_CURVE_WITH_KNOTS('',6,(#5661,#5662,#5663,#5664,#5665,
    #5666,#5667,#5668,#5669,#5670,#5671,#5672,#5673,#5674,#5675,#5676,
    #5677,#5678,#5679,#5680,#5681,#5682,#5683,#5684,#5685,#5686,#5687,
    #5688,#5689,#5690,#5691,#5692),.UNSPECIFIED.,.F.,.F.,(7,5,5,5,5,5,7)
  ,(0.,0.223052290803,0.328552170625,0.410465628034,0.63864179203,
    0.880131862106,1.),.UNSPECIFIED.);
#5661 = CARTESIAN_POINT('',(-5.140426043712,1.6));
#5662 = CARTESIAN_POINT('',(-5.140426043712,1.492471986148));
#5663 = CARTESIAN_POINT('',(-5.142067514287,1.385926394701));
#5664 = CARTESIAN_POINT('',(-5.145294529734,1.281538786891));
#5665 = CARTESIAN_POINT('',(-5.149967563011,1.180510731478));
#5666 = CARTESIAN_POINT('',(-5.155861789936,1.084086300444));
#5667 = CARTESIAN_POINT('',(-5.165875910753,0.950677990575));
#5668 = CARTESIAN_POINT('',(-5.169308112507,0.908958766146));
#5669 = CARTESIAN_POINT('',(-5.172938055696,0.868362040165));
#5670 = CARTESIAN_POINT('',(-5.176748389194,0.828889459896));
#5671 = CARTESIAN_POINT('',(-5.180723282684,0.790540727182));
#5672 = CARTESIAN_POINT('',(-5.188051319454,0.72440927334));
#5673 = CARTESIAN_POINT('',(-5.191345368885,0.696175877752));
#5674 = CARTESIAN_POINT('',(-5.194724510489,0.66860767802));
#5675 = CARTESIAN_POINT('',(-5.198183343319,0.641698847812));
#5676 = CARTESIAN_POINT('',(-5.201717129941,0.615443468124));
#5677 = CARTESIAN_POINT('',(-5.215362869042,0.518502660934));
#5678 = CARTESIAN_POINT('',(-5.225959684598,0.45215275172));
#5679 = CARTESIAN_POINT('',(-5.237017450247,0.390723530666));
#5680 = CARTESIAN_POINT('',(-5.24847259034,0.334164619515));
#5681 = CARTESIAN_POINT('',(-5.260284740195,0.282480875653));
#5682 = CARTESIAN_POINT('',(-5.285281332655,0.186345389005));
#5683 = CARTESIAN_POINT('',(-5.29850281972,0.142502399938));
#5684 = CARTESIAN_POINT('',(-5.312042246017,0.104445740019));
#5685 = CARTESIAN_POINT('',(-5.325858242292,7.245891645454E-02));
#5686 = CARTESIAN_POINT('',(-5.339912094546,4.692479122582E-02));
#5687 = CARTESIAN_POINT('',(-5.361233433168,1.911568616089E-02));
#5688 = CARTESIAN_POINT('',(-5.368352875677,1.160481484961E-02));
#5689 = CARTESIAN_POINT('',(-5.375511075028,5.871184496429E-03));
#5690 = CARTESIAN_POINT('',(-5.38269964225,1.980345687714E-03));
#5691 = CARTESIAN_POINT('',(-5.389909865428,-1.094527475837E-15));
#5692 = CARTESIAN_POINT('',(-5.397132709701,-1.110223024625E-15));
#5693 = ( GEOMETRIC_REPRESENTATION_CONTEXT(2) 
PARAMETRIC_REPRESENTATION_CONTEXT() REPRESENTATION_CONTEXT('2D SPACE',''
  ) );
#5694 = PCURVE('',#5176,#5695);
#5695 = DEFINITIONAL_REPRESENTATION('',(#5696),#5729);
#5696 = B_SPLINE_CURVE_WITH_KNOTS('',6,(#5697,#5698,#5699,#5700,#5701,
    #5702,#5703,#5704,#5705,#5706,#5707,#5708,#5709,#5710,#5711,#5712,
    #5713,#5714,#5715,#5716,#5717,#5718,#5719,#5720,#5721,#5722,#5723,
    #5724,#5725,#5726,#5727,#5728),.UNSPECIFIED.,.F.,.F.,(7,5,5,5,5,5,7)
  ,(0.,0.223052290803,0.328552170625,0.410465628034,0.63864179203,
    0.880131862106,1.),.UNSPECIFIED.);
#5697 = CARTESIAN_POINT('',(0.,3.995383846177));
#5698 = CARTESIAN_POINT('',(-6.720500865759E-02,3.995383846177));
#5699 = CARTESIAN_POINT('',(-0.133795866385,4.008344395334));
#5700 = CARTESIAN_POINT('',(-0.199585133159,4.03382441408));
#5701 = CARTESIAN_POINT('',(-0.26431502456,4.070613942314));
#5702 = CARTESIAN_POINT('',(-0.327600835866,4.116752044371));
#5703 = CARTESIAN_POINT('',(-0.417705037634,4.194625269819));
#5704 = CARTESIAN_POINT('',(-0.446293928459,4.221247613535));
#5705 = CARTESIAN_POINT('',(-0.474561031449,4.249322201676));
#5706 = CARTESIAN_POINT('',(-0.502527174811,4.278697188267));
#5707 = CARTESIAN_POINT('',(-0.530211746857,4.309233466581));
#5708 = CARTESIAN_POINT('',(-0.578923191836,4.365317553511));
#5709 = CARTESIAN_POINT('',(-0.600058795192,4.390458796285));
#5710 = CARTESIAN_POINT('',(-0.621051630724,4.416174170381));
#5711 = CARTESIAN_POINT('',(-0.641913931433,4.442414877532));
#5712 = CARTESIAN_POINT('',(-0.662658038673,4.469137548283));
#5713 = CARTESIAN_POINT('',(-0.740786132898,4.571979132952));
#5714 = CARTESIAN_POINT('',(-0.797488826204,4.651142673183));
#5715 = CARTESIAN_POINT('',(-0.853630818148,4.732921312094));
#5716 = CARTESIAN_POINT('',(-0.909439144151,4.816700822676));
#5717 = CARTESIAN_POINT('',(-0.965150068258,4.902052695475));
#5718 = CARTESIAN_POINT('',(-1.080144985398,5.080321871277));
#5719 = CARTESIAN_POINT('',(-1.139434874515,5.173369708423));
#5720 = CARTESIAN_POINT('',(-1.199092187148,5.267280824125));
#5721 = CARTESIAN_POINT('',(-1.259316899465,5.361615836047));
#5722 = CARTESIAN_POINT('',(-1.320313555725,5.455974829861));
#5723 = CARTESIAN_POINT('',(-1.413069285953,5.596600816769));
#5724 = CARTESIAN_POINT('',(-1.444076843673,5.643147150347));
#5725 = CARTESIAN_POINT('',(-1.475337513568,5.689524094458));
#5726 = CARTESIAN_POINT('',(-1.506866528614,5.735664929106));
#5727 = CARTESIAN_POINT('',(-1.538680281934,5.781504110284));
#5728 = CARTESIAN_POINT('',(-1.570796326795,5.826977269975));
#5729 = ( GEOMETRIC_REPRESENTATION_CONTEXT(2) 
PARAMETRIC_REPRESENTATION_CONTEXT() REPRESENTATION_CONTEXT('2D SPACE',''
  ) );
#5730 = ORIENTED_EDGE('',*,*,#5731,.T.);
#5731 = EDGE_CURVE('',#5622,#5732,#5734,.T.);
#5732 = VERTEX_POINT('',#5733);
#5733 = CARTESIAN_POINT('',(-3.943314703321,-1.9,-8.642931745107));
#5734 = SURFACE_CURVE('',#5735,(#5739,#5746),.PCURVE_S1.);
#5735 = LINE('',#5736,#5737);
#5736 = CARTESIAN_POINT('',(-3.943314703321,3.5,-8.642931745107));
#5737 = VECTOR('',#5738,1.);
#5738 = DIRECTION('',(-0.,-1.,2.22044604925E-16));
#5739 = PCURVE('',#3311,#5740);
#5740 = DEFINITIONAL_REPRESENTATION('',(#5741),#5745);
#5741 = LINE('',#5742,#5743);
#5742 = CARTESIAN_POINT('',(-5.140426043712,-1.030937945036E-15));
#5743 = VECTOR('',#5744,1.);
#5744 = DIRECTION('',(-0.,1.));
#5745 = ( GEOMETRIC_REPRESENTATION_CONTEXT(2) 
PARAMETRIC_REPRESENTATION_CONTEXT() REPRESENTATION_CONTEXT('2D SPACE',''
  ) );
#5746 = PCURVE('',#5209,#5747);
#5747 = DEFINITIONAL_REPRESENTATION('',(#5748),#5752);
#5748 = LINE('',#5749,#5750);
#5749 = CARTESIAN_POINT('',(-3.995383846177,-3.5));
#5750 = VECTOR('',#5751,1.);
#5751 = DIRECTION('',(1.78655582082E-17,1.));
#5752 = ( GEOMETRIC_REPRESENTATION_CONTEXT(2) 
PARAMETRIC_REPRESENTATION_CONTEXT() REPRESENTATION_CONTEXT('2D SPACE',''
  ) );
#5753 = ORIENTED_EDGE('',*,*,#5754,.T.);
#5754 = EDGE_CURVE('',#5732,#5222,#5755,.T.);
#5755 = SURFACE_CURVE('',#5756,(#5789,#5825),.PCURVE_S1.);
#5756 = B_SPLINE_CURVE_WITH_KNOTS('',6,(#5757,#5758,#5759,#5760,#5761,
    #5762,#5763,#5764,#5765,#5766,#5767,#5768,#5769,#5770,#5771,#5772,
    #5773,#5774,#5775,#5776,#5777,#5778,#5779,#5780,#5781,#5782,#5783,
    #5784,#5785,#5786,#5787,#5788),.UNSPECIFIED.,.F.,.F.,(7,5,5,5,5,5,7)
  ,(0.,0.223052347017,0.328552237994,0.410465689064,0.638641835401,
    0.880131871349,1.),.UNSPECIFIED.);
#5757 = CARTESIAN_POINT('',(-3.943314703321,-1.9,-8.642931745107));
#5758 = CARTESIAN_POINT('',(-3.943314703321,-2.007528013852,
    -8.642931745107));
#5759 = CARTESIAN_POINT('',(-3.957501786344,-2.114073605299,
    -8.636458640651));
#5760 = CARTESIAN_POINT('',(-3.985392808961,-2.218461213109,
    -8.623734701697));
#5761 = CARTESIAN_POINT('',(-4.025701508177,-2.319489268522,
    -8.605129928224));
#5762 = CARTESIAN_POINT('',(-4.076344844385,-2.415913699556,
    -8.581234414032));
#5763 = CARTESIAN_POINT('',(-4.161996876744,-2.549322003158,
    -8.539831098065));
#5764 = CARTESIAN_POINT('',(-4.191301696381,-2.591041235542,
    -8.525534678179));
#5765 = CARTESIAN_POINT('',(-4.222232912303,-2.631637965963,
    -8.510287721122));
#5766 = CARTESIAN_POINT('',(-4.254629026225,-2.671110541353,
    -8.494137107627));
#5767 = CARTESIAN_POINT('',(-4.288342136593,-2.709459266002,
    -8.477125543924));
#5768 = CARTESIAN_POINT('',(-4.350332142593,-2.77559072666,
    -8.44544469408));
#5769 = CARTESIAN_POINT('',(-4.378144238306,-2.803824122248,
    -8.43109957771));
#5770 = CARTESIAN_POINT('',(-4.406616768676,-2.83139232198,
    -8.416271631417));
#5771 = CARTESIAN_POINT('',(-4.435698117764,-2.858301152188,
    -8.400974184894));
#5772 = CARTESIAN_POINT('',(-4.465342510743,-2.884556531876,
    -8.385218478728));
#5773 = CARTESIAN_POINT('',(-4.579543887737,-2.981497339066,
    -8.323873921954));
#5774 = CARTESIAN_POINT('',(-4.667684911553,-3.04784724828,
    -8.275223243914));
#5775 = CARTESIAN_POINT('',(-4.759011433457,-3.109276469334,
    -8.223285905287));
#5776 = CARTESIAN_POINT('',(-4.852879377644,-3.165835380485,
    -8.168195234256));
#5777 = CARTESIAN_POINT('',(-4.948845208895,-3.217519124347,
    -8.11000868514));
#5778 = CARTESIAN_POINT('',(-5.150035848724,-3.313654607835,
    -7.98386116331));
#5779 = CARTESIAN_POINT('',(-5.255451345205,-3.357497603781,
    -7.915541951317));
#5780 = CARTESIAN_POINT('',(-5.362287888443,-3.395554260894,
    -7.843871519743));
#5781 = CARTESIAN_POINT('',(-5.470085031491,-3.427541080256,
    -7.768943637013));
#5782 = CARTESIAN_POINT('',(-5.578418445888,-3.453075209967,
    -7.690875810729));
#5783 = CARTESIAN_POINT('',(-5.740670531746,-3.480884313839,
    -7.56962458295));
#5784 = CARTESIAN_POINT('',(-5.794507124651,-3.48839518515,
    -7.528680642474));
#5785 = CARTESIAN_POINT('',(-5.848283777544,-3.494128815504,
    -7.487051693657));
#5786 = CARTESIAN_POINT('',(-5.901925756193,-3.498019654312,
    -7.444781487018));
#5787 = CARTESIAN_POINT('',(-5.955358582305,-3.5,-7.401919511295));
#5788 = CARTESIAN_POINT('',(-6.008508033527,-3.5,-7.35852099345));
#5789 = PCURVE('',#3311,#5790);
#5790 = DEFINITIONAL_REPRESENTATION('',(#5791),#5824);
#5791 = B_SPLINE_CURVE_WITH_KNOTS('',6,(#5792,#5793,#5794,#5795,#5796,
    #5797,#5798,#5799,#5800,#5801,#5802,#5803,#5804,#5805,#5806,#5807,
    #5808,#5809,#5810,#5811,#5812,#5813,#5814,#5815,#5816,#5817,#5818,
    #5819,#5820,#5821,#5822,#5823),.UNSPECIFIED.,.F.,.F.,(7,5,5,5,5,5,7)
  ,(0.,0.223052347017,0.328552237994,0.410465689064,0.638641835401,
    0.880131871349,1.),.UNSPECIFIED.);
#5792 = CARTESIAN_POINT('',(-5.140426043712,5.4));
#5793 = CARTESIAN_POINT('',(-5.140426043712,5.507528013852));
#5794 = CARTESIAN_POINT('',(-5.142067514287,5.614073605299));
#5795 = CARTESIAN_POINT('',(-5.145294529734,5.718461213109));
#5796 = CARTESIAN_POINT('',(-5.149967563011,5.819489268522));
#5797 = CARTESIAN_POINT('',(-5.155861789936,5.915913699556));
#5798 = CARTESIAN_POINT('',(-5.165875910283,6.049322003158));
#5799 = CARTESIAN_POINT('',(-5.169308112748,6.091041235542));
#5800 = CARTESIAN_POINT('',(-5.172938056254,6.131637965963));
#5801 = CARTESIAN_POINT('',(-5.176748389207,6.171110541353));
#5802 = CARTESIAN_POINT('',(-5.180723281929,6.209459266002));
#5803 = CARTESIAN_POINT('',(-5.188051319454,6.27559072666));
#5804 = CARTESIAN_POINT('',(-5.191345368885,6.303824122248));
#5805 = CARTESIAN_POINT('',(-5.194724510489,6.33139232198));
#5806 = CARTESIAN_POINT('',(-5.198183343319,6.358301152188));
#5807 = CARTESIAN_POINT('',(-5.201717129941,6.384556531876));
#5808 = CARTESIAN_POINT('',(-5.215362869042,6.481497339066));
#5809 = CARTESIAN_POINT('',(-5.225959684598,6.54784724828));
#5810 = CARTESIAN_POINT('',(-5.237017450247,6.609276469334));
#5811 = CARTESIAN_POINT('',(-5.24847259034,6.665835380485));
#5812 = CARTESIAN_POINT('',(-5.260284740195,6.717519124347));
#5813 = CARTESIAN_POINT('',(-5.285281331833,6.813654607835));
#5814 = CARTESIAN_POINT('',(-5.298502821107,6.857497603781));
#5815 = CARTESIAN_POINT('',(-5.312042245974,6.895554260894));
#5816 = CARTESIAN_POINT('',(-5.325858240884,6.927541080256));
#5817 = CARTESIAN_POINT('',(-5.339912095461,6.953075209967));
#5818 = CARTESIAN_POINT('',(-5.361233433168,6.980884313839));
#5819 = CARTESIAN_POINT('',(-5.368352875677,6.98839518515));
#5820 = CARTESIAN_POINT('',(-5.375511075028,6.994128815504));
#5821 = CARTESIAN_POINT('',(-5.38269964225,6.998019654312));
#5822 = CARTESIAN_POINT('',(-5.389909865428,7.));
#5823 = CARTESIAN_POINT('',(-5.397132709701,7.));
#5824 = ( GEOMETRIC_REPRESENTATION_CONTEXT(2) 
PARAMETRIC_REPRESENTATION_CONTEXT() REPRESENTATION_CONTEXT('2D SPACE',''
  ) );
#5825 = PCURVE('',#5242,#5826);
#5826 = DEFINITIONAL_REPRESENTATION('',(#5827),#5860);
#5827 = B_SPLINE_CURVE_WITH_KNOTS('',6,(#5828,#5829,#5830,#5831,#5832,
    #5833,#5834,#5835,#5836,#5837,#5838,#5839,#5840,#5841,#5842,#5843,
    #5844,#5845,#5846,#5847,#5848,#5849,#5850,#5851,#5852,#5853,#5854,
    #5855,#5856,#5857,#5858,#5859),.UNSPECIFIED.,.F.,.F.,(7,5,5,5,5,5,7)
  ,(0.,0.223052347017,0.328552237994,0.410465689064,0.638641835401,
    0.880131871349,1.),.UNSPECIFIED.);
#5828 = CARTESIAN_POINT('',(0.,3.995383846177));
#5829 = CARTESIAN_POINT('',(6.720500865761E-02,3.995383846177));
#5830 = CARTESIAN_POINT('',(0.133795866385,4.008344395334));
#5831 = CARTESIAN_POINT('',(0.199585133159,4.03382441408));
#5832 = CARTESIAN_POINT('',(0.26431502456,4.070613942314));
#5833 = CARTESIAN_POINT('',(0.327600835866,4.116752044371));
#5834 = CARTESIAN_POINT('',(0.417705033401,4.19462526616));
#5835 = CARTESIAN_POINT('',(0.446293929793,4.221247615366));
#5836 = CARTESIAN_POINT('',(0.474561035754,4.249322205981));
#5837 = CARTESIAN_POINT('',(0.502527175514,4.2786971884));
#5838 = CARTESIAN_POINT('',(0.530211741836,4.3092334608));
#5839 = CARTESIAN_POINT('',(0.578923191836,4.365317553511));
#5840 = CARTESIAN_POINT('',(0.600058795192,4.390458796285));
#5841 = CARTESIAN_POINT('',(0.621051630724,4.416174170381));
#5842 = CARTESIAN_POINT('',(0.641913931433,4.442414877532));
#5843 = CARTESIAN_POINT('',(0.662658038673,4.469137548283));
#5844 = CARTESIAN_POINT('',(0.740786132898,4.571979132952));
#5845 = CARTESIAN_POINT('',(0.797488826204,4.651142673183));
#5846 = CARTESIAN_POINT('',(0.853630818148,4.732921312094));
#5847 = CARTESIAN_POINT('',(0.909439144151,4.816700822676));
#5848 = CARTESIAN_POINT('',(0.965150068258,4.902052695475));
#5849 = CARTESIAN_POINT('',(1.080144981617,5.080321865417));
#5850 = CARTESIAN_POINT('',(1.139434880719,5.173369717977));
#5851 = CARTESIAN_POINT('',(1.199092187055,5.267280824044));
#5852 = CARTESIAN_POINT('',(1.259316893217,5.361615826454));
#5853 = CARTESIAN_POINT('',(1.320313559705,5.455974835896));
#5854 = CARTESIAN_POINT('',(1.413069285953,5.596600816769));
#5855 = CARTESIAN_POINT('',(1.444076843673,5.643147150347));
#5856 = CARTESIAN_POINT('',(1.475337513568,5.689524094458));
#5857 = CARTESIAN_POINT('',(1.506866528614,5.735664929106));
#5858 = CARTESIAN_POINT('',(1.538680281934,5.781504110284));
#5859 = CARTESIAN_POINT('',(1.570796326795,5.826977269975));
#5860 = ( GEOMETRIC_REPRESENTATION_CONTEXT(2) 
PARAMETRIC_REPRESENTATION_CONTEXT() REPRESENTATION_CONTEXT('2D SPACE',''
  ) );
#5861 = ORIENTED_EDGE('',*,*,#5259,.T.);
#5862 = ADVANCED_FACE('',(#5863),#3552,.T.);
#5863 = FACE_BOUND('',#5864,.F.);
#5864 = EDGE_LOOP('',(#5865,#5975,#5976));
#5865 = ORIENTED_EDGE('',*,*,#5866,.T.);
#5866 = EDGE_CURVE('',#5867,#3532,#5869,.T.);
#5867 = VERTEX_POINT('',#5868);
#5868 = CARTESIAN_POINT('',(-5.830951900827,-3.491133653453,
    -7.500000001203));
#5869 = SURFACE_CURVE('',#5870,(#5903,#5939),.PCURVE_S1.);
#5870 = B_SPLINE_CURVE_WITH_KNOTS('',6,(#5871,#5872,#5873,#5874,#5875,
    #5876,#5877,#5878,#5879,#5880,#5881,#5882,#5883,#5884,#5885,#5886,
    #5887,#5888,#5889,#5890,#5891,#5892,#5893,#5894,#5895,#5896,#5897,
    #5898,#5899,#5900,#5901,#5902),.UNSPECIFIED.,.F.,.F.,(7,5,5,5,5,5,7)
  ,(0.,0.223052347017,0.328552237994,0.410465689064,0.638641835401,
    0.880131871349,1.),.UNSPECIFIED.);
#5871 = CARTESIAN_POINT('',(-3.943314703321,-1.9,-8.642931745107));
#5872 = CARTESIAN_POINT('',(-3.943314703321,-2.007528013852,
    -8.642931745107));
#5873 = CARTESIAN_POINT('',(-3.957501786344,-2.114073605299,
    -8.636458640651));
#5874 = CARTESIAN_POINT('',(-3.985392808961,-2.218461213109,
    -8.623734701697));
#5875 = CARTESIAN_POINT('',(-4.025701508177,-2.319489268522,
    -8.605129928224));
#5876 = CARTESIAN_POINT('',(-4.076344844385,-2.415913699556,
    -8.581234414032));
#5877 = CARTESIAN_POINT('',(-4.161996876744,-2.549322003158,
    -8.539831098065));
#5878 = CARTESIAN_POINT('',(-4.191301696381,-2.591041235542,
    -8.525534678179));
#5879 = CARTESIAN_POINT('',(-4.222232912303,-2.631637965963,
    -8.510287721122));
#5880 = CARTESIAN_POINT('',(-4.254629026225,-2.671110541353,
    -8.494137107627));
#5881 = CARTESIAN_POINT('',(-4.288342136593,-2.709459266002,
    -8.477125543924));
#5882 = CARTESIAN_POINT('',(-4.350332142593,-2.77559072666,
    -8.44544469408));
#5883 = CARTESIAN_POINT('',(-4.378144238306,-2.803824122248,
    -8.43109957771));
#5884 = CARTESIAN_POINT('',(-4.406616768676,-2.83139232198,
    -8.416271631417));
#5885 = CARTESIAN_POINT('',(-4.435698117764,-2.858301152188,
    -8.400974184894));
#5886 = CARTESIAN_POINT('',(-4.465342510743,-2.884556531876,
    -8.385218478728));
#5887 = CARTESIAN_POINT('',(-4.579543887737,-2.981497339066,
    -8.323873921954));
#5888 = CARTESIAN_POINT('',(-4.667684911553,-3.04784724828,
    -8.275223243914));
#5889 = CARTESIAN_POINT('',(-4.759011433457,-3.109276469334,
    -8.223285905287));
#5890 = CARTESIAN_POINT('',(-4.852879377644,-3.165835380485,
    -8.168195234256));
#5891 = CARTESIAN_POINT('',(-4.948845208895,-3.217519124347,
    -8.11000868514));
#5892 = CARTESIAN_POINT('',(-5.150035848724,-3.313654607835,
    -7.98386116331));
#5893 = CARTESIAN_POINT('',(-5.255451345205,-3.357497603781,
    -7.915541951317));
#5894 = CARTESIAN_POINT('',(-5.362287888443,-3.395554260894,
    -7.843871519743));
#5895 = CARTESIAN_POINT('',(-5.470085031491,-3.427541080256,
    -7.768943637013));
#5896 = CARTESIAN_POINT('',(-5.578418445888,-3.453075209967,
    -7.690875810729));
#5897 = CARTESIAN_POINT('',(-5.740670531746,-3.480884313839,
    -7.56962458295));
#5898 = CARTESIAN_POINT('',(-5.794507124651,-3.48839518515,
    -7.528680642474));
#5899 = CARTESIAN_POINT('',(-5.848283777544,-3.494128815504,
    -7.487051693657));
#5900 = CARTESIAN_POINT('',(-5.901925756193,-3.498019654312,
    -7.444781487018));
#5901 = CARTESIAN_POINT('',(-5.955358582305,-3.5,-7.401919511295));
#5902 = CARTESIAN_POINT('',(-6.008508033527,-3.5,-7.35852099345));
#5903 = PCURVE('',#3552,#5904);
#5904 = DEFINITIONAL_REPRESENTATION('',(#5905),#5938);
#5905 = B_SPLINE_CURVE_WITH_KNOTS('',6,(#5906,#5907,#5908,#5909,#5910,
    #5911,#5912,#5913,#5914,#5915,#5916,#5917,#5918,#5919,#5920,#5921,
    #5922,#5923,#5924,#5925,#5926,#5927,#5928,#5929,#5930,#5931,#5932,
    #5933,#5934,#5935,#5936,#5937),.UNSPECIFIED.,.F.,.F.,(7,5,5,5,5,5,7)
  ,(0.,0.223052347017,0.328552237994,0.410465689064,0.638641835401,
    0.880131871349,1.),.UNSPECIFIED.);
#5906 = CARTESIAN_POINT('',(-5.140426043712,5.4));
#5907 = CARTESIAN_POINT('',(-5.140426043712,5.507528013852));
#5908 = CARTESIAN_POINT('',(-5.142067514287,5.614073605299));
#5909 = CARTESIAN_POINT('',(-5.145294529734,5.718461213109));
#5910 = CARTESIAN_POINT('',(-5.149967563011,5.819489268522));
#5911 = CARTESIAN_POINT('',(-5.155861789936,5.915913699556));
#5912 = CARTESIAN_POINT('',(-5.165875910283,6.049322003158));
#5913 = CARTESIAN_POINT('',(-5.169308112748,6.091041235542));
#5914 = CARTESIAN_POINT('',(-5.172938056254,6.131637965963));
#5915 = CARTESIAN_POINT('',(-5.176748389207,6.171110541353));
#5916 = CARTESIAN_POINT('',(-5.180723281929,6.209459266002));
#5917 = CARTESIAN_POINT('',(-5.188051319454,6.27559072666));
#5918 = CARTESIAN_POINT('',(-5.191345368885,6.303824122248));
#5919 = CARTESIAN_POINT('',(-5.194724510489,6.33139232198));
#5920 = CARTESIAN_POINT('',(-5.198183343319,6.358301152188));
#5921 = CARTESIAN_POINT('',(-5.201717129941,6.384556531876));
#5922 = CARTESIAN_POINT('',(-5.215362869042,6.481497339066));
#5923 = CARTESIAN_POINT('',(-5.225959684598,6.54784724828));
#5924 = CARTESIAN_POINT('',(-5.237017450247,6.609276469334));
#5925 = CARTESIAN_POINT('',(-5.24847259034,6.665835380485));
#5926 = CARTESIAN_POINT('',(-5.260284740195,6.717519124347));
#5927 = CARTESIAN_POINT('',(-5.285281331833,6.813654607835));
#5928 = CARTESIAN_POINT('',(-5.298502821107,6.857497603781));
#5929 = CARTESIAN_POINT('',(-5.312042245974,6.895554260894));
#5930 = CARTESIAN_POINT('',(-5.325858240884,6.927541080256));
#5931 = CARTESIAN_POINT('',(-5.339912095461,6.953075209967));
#5932 = CARTESIAN_POINT('',(-5.361233433168,6.980884313839));
#5933 = CARTESIAN_POINT('',(-5.368352875677,6.98839518515));
#5934 = CARTESIAN_POINT('',(-5.375511075028,6.994128815504));
#5935 = CARTESIAN_POINT('',(-5.38269964225,6.998019654312));
#5936 = CARTESIAN_POINT('',(-5.389909865428,7.));
#5937 = CARTESIAN_POINT('',(-5.397132709701,7.));
#5938 = ( GEOMETRIC_REPRESENTATION_CONTEXT(2) 
PARAMETRIC_REPRESENTATION_CONTEXT() REPRESENTATION_CONTEXT('2D SPACE',''
  ) );
#5939 = PCURVE('',#3580,#5940);
#5940 = DEFINITIONAL_REPRESENTATION('',(#5941),#5974);
#5941 = B_SPLINE_CURVE_WITH_KNOTS('',6,(#5942,#5943,#5944,#5945,#5946,
    #5947,#5948,#5949,#5950,#5951,#5952,#5953,#5954,#5955,#5956,#5957,
    #5958,#5959,#5960,#5961,#5962,#5963,#5964,#5965,#5966,#5967,#5968,
    #5969,#5970,#5971,#5972,#5973),.UNSPECIFIED.,.F.,.F.,(7,5,5,5,5,5,7)
  ,(0.,0.223052347017,0.328552237994,0.410465689064,0.638641835401,
    0.880131871349,1.),.UNSPECIFIED.);
#5942 = CARTESIAN_POINT('',(0.,3.995383846177));
#5943 = CARTESIAN_POINT('',(6.720500865761E-02,3.995383846177));
#5944 = CARTESIAN_POINT('',(0.133795866385,4.008344395334));
#5945 = CARTESIAN_POINT('',(0.199585133159,4.03382441408));
#5946 = CARTESIAN_POINT('',(0.26431502456,4.070613942314));
#5947 = CARTESIAN_POINT('',(0.327600835866,4.116752044371));
#5948 = CARTESIAN_POINT('',(0.417705033401,4.19462526616));
#5949 = CARTESIAN_POINT('',(0.446293929793,4.221247615366));
#5950 = CARTESIAN_POINT('',(0.474561035754,4.249322205981));
#5951 = CARTESIAN_POINT('',(0.502527175514,4.2786971884));
#5952 = CARTESIAN_POINT('',(0.530211741836,4.3092334608));
#5953 = CARTESIAN_POINT('',(0.578923191836,4.365317553511));
#5954 = CARTESIAN_POINT('',(0.600058795192,4.390458796285));
#5955 = CARTESIAN_POINT('',(0.621051630724,4.416174170381));
#5956 = CARTESIAN_POINT('',(0.641913931433,4.442414877532));
#5957 = CARTESIAN_POINT('',(0.662658038673,4.469137548283));
#5958 = CARTESIAN_POINT('',(0.740786132898,4.571979132952));
#5959 = CARTESIAN_POINT('',(0.797488826204,4.651142673183));
#5960 = CARTESIAN_POINT('',(0.853630818148,4.732921312094));
#5961 = CARTESIAN_POINT('',(0.909439144151,4.816700822676));
#5962 = CARTESIAN_POINT('',(0.965150068258,4.902052695475));
#5963 = CARTESIAN_POINT('',(1.080144981617,5.080321865417));
#5964 = CARTESIAN_POINT('',(1.139434880719,5.173369717977));
#5965 = CARTESIAN_POINT('',(1.199092187055,5.267280824044));
#5966 = CARTESIAN_POINT('',(1.259316893217,5.361615826454));
#5967 = CARTESIAN_POINT('',(1.320313559705,5.455974835896));
#5968 = CARTESIAN_POINT('',(1.413069285953,5.596600816769));
#5969 = CARTESIAN_POINT('',(1.444076843673,5.643147150347));
#5970 = CARTESIAN_POINT('',(1.475337513568,5.689524094458));
#5971 = CARTESIAN_POINT('',(1.506866528614,5.735664929106));
#5972 = CARTESIAN_POINT('',(1.538680281934,5.781504110284));
#5973 = CARTESIAN_POINT('',(1.570796326795,5.826977269975));
#5974 = ( GEOMETRIC_REPRESENTATION_CONTEXT(2) 
PARAMETRIC_REPRESENTATION_CONTEXT() REPRESENTATION_CONTEXT('2D SPACE',''
  ) );
#5975 = ORIENTED_EDGE('',*,*,#3529,.F.);
#5976 = ORIENTED_EDGE('',*,*,#5977,.F.);
#5977 = EDGE_CURVE('',#5867,#3530,#5978,.T.);
#5978 = SURFACE_CURVE('',#5979,(#5983,#5990),.PCURVE_S1.);
#5979 = LINE('',#5980,#5981);
#5980 = CARTESIAN_POINT('',(-5.830951894845,3.5,-7.5));
#5981 = VECTOR('',#5982,1.);
#5982 = DIRECTION('',(-0.,-1.,2.22044604925E-16));
#5983 = PCURVE('',#3552,#5984);
#5984 = DEFINITIONAL_REPRESENTATION('',(#5985),#5989);
#5985 = LINE('',#5986,#5987);
#5986 = CARTESIAN_POINT('',(-5.373234276208,-1.665334536938E-15));
#5987 = VECTOR('',#5988,1.);
#5988 = DIRECTION('',(-0.,1.));
#5989 = ( GEOMETRIC_REPRESENTATION_CONTEXT(2) 
PARAMETRIC_REPRESENTATION_CONTEXT() REPRESENTATION_CONTEXT('2D SPACE',''
  ) );
#5990 = PCURVE('',#3606,#5991);
#5991 = DEFINITIONAL_REPRESENTATION('',(#5992),#5996);
#5992 = LINE('',#5993,#5994);
#5993 = CARTESIAN_POINT('',(-1.830951894845,7.));
#5994 = VECTOR('',#5995,1.);
#5995 = DIRECTION('',(-0.,-1.));
#5996 = ( GEOMETRIC_REPRESENTATION_CONTEXT(2) 
PARAMETRIC_REPRESENTATION_CONTEXT() REPRESENTATION_CONTEXT('2D SPACE',''
  ) );
#5997 = ADVANCED_FACE('',(#5998),#3606,.T.);
#5998 = FACE_BOUND('',#5999,.F.);
#5999 = EDGE_LOOP('',(#6000,#6001,#6002));
#6000 = ORIENTED_EDGE('',*,*,#5977,.T.);
#6001 = ORIENTED_EDGE('',*,*,#3592,.T.);
#6002 = ORIENTED_EDGE('',*,*,#6003,.F.);
#6003 = EDGE_CURVE('',#5867,#3565,#6004,.T.);
#6004 = SURFACE_CURVE('',#6005,(#6010,#6021),.PCURVE_S1.);
#6005 = ELLIPSE('',#6006,9.942912607034,1.6);
#6006 = AXIS2_PLACEMENT_3D('',#6007,#6008,#6009);
#6007 = CARTESIAN_POINT('',(-6.876245940367,-1.9,-7.5));
#6008 = DIRECTION('',(0.,0.,-1.));
#6009 = DIRECTION('',(-1.,-1.810146235802E-17,-0.));
#6010 = PCURVE('',#3606,#6011);
#6011 = DEFINITIONAL_REPRESENTATION('',(#6012),#6020);
#6012 = ( BOUNDED_CURVE() B_SPLINE_CURVE(2,(#6013,#6014,#6015,#6016,
#6017,#6018,#6019),.UNSPECIFIED.,.T.,.F.) B_SPLINE_CURVE_WITH_KNOTS((1,2
    ,2,2,2,1),(-2.094395102393,0.,2.094395102393,4.188790204786,
6.28318530718,8.377580409573),.UNSPECIFIED.) CURVE() 
GEOMETRIC_REPRESENTATION_ITEM() RATIONAL_B_SPLINE_CURVE((1.,0.5,1.,0.5,
1.,0.5,1.)) REPRESENTATION_ITEM('') );
#6013 = CARTESIAN_POINT('',(-12.8191585474,1.6));
#6014 = CARTESIAN_POINT('',(-12.8191585474,4.37128129211));
#6015 = CARTESIAN_POINT('',(2.09521036315,2.985640646055));
#6016 = CARTESIAN_POINT('',(17.0095792737,1.6));
#6017 = CARTESIAN_POINT('',(2.09521036315,0.214359353945));
#6018 = CARTESIAN_POINT('',(-12.8191585474,-1.17128129211));
#6019 = CARTESIAN_POINT('',(-12.8191585474,1.6));
#6020 = ( GEOMETRIC_REPRESENTATION_CONTEXT(2) 
PARAMETRIC_REPRESENTATION_CONTEXT() REPRESENTATION_CONTEXT('2D SPACE',''
  ) );
#6021 = PCURVE('',#3580,#6022);
#6022 = DEFINITIONAL_REPRESENTATION('',(#6023),#6030);
#6023 = B_SPLINE_CURVE_WITH_KNOTS('',5,(#6024,#6025,#6026,#6027,#6028,
    #6029),.UNSPECIFIED.,.F.,.F.,(6,6),(4.333664845991,4.712388980385),
  .PIECEWISE_BEZIER_KNOTS.);
#6024 = CARTESIAN_POINT('',(1.192072192401,3.07783723705));
#6025 = CARTESIAN_POINT('',(1.26781701928,3.768473441572));
#6026 = CARTESIAN_POINT('',(1.343561846159,4.485130430661));
#6027 = CARTESIAN_POINT('',(1.419306673037,5.219554527748));
#6028 = CARTESIAN_POINT('',(1.495051499916,5.962863909199));
#6029 = CARTESIAN_POINT('',(1.570796326795,6.706173143635));
#6030 = ( GEOMETRIC_REPRESENTATION_CONTEXT(2) 
PARAMETRIC_REPRESENTATION_CONTEXT() REPRESENTATION_CONTEXT('2D SPACE',''
  ) );
#6031 = ADVANCED_FACE('',(#6032),#3580,.T.);
#6032 = FACE_BOUND('',#6033,.T.);
#6033 = EDGE_LOOP('',(#6034,#6035,#6036));
#6034 = ORIENTED_EDGE('',*,*,#5866,.T.);
#6035 = ORIENTED_EDGE('',*,*,#3564,.T.);
#6036 = ORIENTED_EDGE('',*,*,#6003,.F.);
#6037 = ADVANCED_FACE('',(#6038),#3641,.F.);
#6038 = FACE_BOUND('',#6039,.T.);
#6039 = EDGE_LOOP('',(#6040,#6041,#6064,#6090));
#6040 = ORIENTED_EDGE('',*,*,#3620,.F.);
#6041 = ORIENTED_EDGE('',*,*,#6042,.F.);
#6042 = EDGE_CURVE('',#6043,#3621,#6045,.T.);
#6043 = VERTEX_POINT('',#6044);
#6044 = CARTESIAN_POINT('',(-2.8,3.5,-4.637576025975E-16));
#6045 = SEAM_CURVE('',#6046,(#6050,#6057),.PCURVE_S1.);
#6046 = LINE('',#6047,#6048);
#6047 = CARTESIAN_POINT('',(-2.8,4.5,-6.858022075225E-16));
#6048 = VECTOR('',#6049,1.);
#6049 = DIRECTION('',(0.,-1.,2.22044604925E-16));
#6050 = PCURVE('',#3641,#6051);
#6051 = DEFINITIONAL_REPRESENTATION('',(#6052),#6056);
#6052 = LINE('',#6053,#6054);
#6053 = CARTESIAN_POINT('',(-6.28318530718,-0.));
#6054 = VECTOR('',#6055,1.);
#6055 = DIRECTION('',(-0.,1.));
#6056 = ( GEOMETRIC_REPRESENTATION_CONTEXT(2) 
PARAMETRIC_REPRESENTATION_CONTEXT() REPRESENTATION_CONTEXT('2D SPACE',''
  ) );
#6057 = PCURVE('',#3641,#6058);
#6058 = DEFINITIONAL_REPRESENTATION('',(#6059),#6063);
#6059 = LINE('',#6060,#6061);
#6060 = CARTESIAN_POINT('',(-0.,-0.));
#6061 = VECTOR('',#6062,1.);
#6062 = DIRECTION('',(-0.,1.));
#6063 = ( GEOMETRIC_REPRESENTATION_CONTEXT(2) 
PARAMETRIC_REPRESENTATION_CONTEXT() REPRESENTATION_CONTEXT('2D SPACE',''
  ) );
#6064 = ORIENTED_EDGE('',*,*,#6065,.T.);
#6065 = EDGE_CURVE('',#6043,#6043,#6066,.T.);
#6066 = SURFACE_CURVE('',#6067,(#6072,#6079),.PCURVE_S1.);
#6067 = CIRCLE('',#6068,2.8);
#6068 = AXIS2_PLACEMENT_3D('',#6069,#6070,#6071);
#6069 = CARTESIAN_POINT('',(0.,3.5,2.22044604925E-16));
#6070 = DIRECTION('',(0.,1.,-2.22044604925E-16));
#6071 = DIRECTION('',(-1.,-0.,-0.));
#6072 = PCURVE('',#3641,#6073);
#6073 = DEFINITIONAL_REPRESENTATION('',(#6074),#6078);
#6074 = LINE('',#6075,#6076);
#6075 = CARTESIAN_POINT('',(-0.,1.));
#6076 = VECTOR('',#6077,1.);
#6077 = DIRECTION('',(-1.,0.));
#6078 = ( GEOMETRIC_REPRESENTATION_CONTEXT(2) 
PARAMETRIC_REPRESENTATION_CONTEXT() REPRESENTATION_CONTEXT('2D SPACE',''
  ) );
#6079 = PCURVE('',#4008,#6080);
#6080 = DEFINITIONAL_REPRESENTATION('',(#6081),#6089);
#6081 = ( BOUNDED_CURVE() B_SPLINE_CURVE(2,(#6082,#6083,#6084,#6085,
#6086,#6087,#6088),.UNSPECIFIED.,.T.,.F.) B_SPLINE_CURVE_WITH_KNOTS((1,2
    ,2,2,2,1),(-2.094395102393,0.,2.094395102393,4.188790204786,
6.28318530718,8.377580409573),.UNSPECIFIED.) CURVE() 
GEOMETRIC_REPRESENTATION_ITEM() RATIONAL_B_SPLINE_CURVE((1.,0.5,1.,0.5,
1.,0.5,1.)) REPRESENTATION_ITEM('') );
#6082 = CARTESIAN_POINT('',(-2.8,2.22044604925E-16));
#6083 = CARTESIAN_POINT('',(-2.8,4.849742261193));
#6084 = CARTESIAN_POINT('',(1.4,2.424871130596));
#6085 = CARTESIAN_POINT('',(5.6,9.078468124475E-16));
#6086 = CARTESIAN_POINT('',(1.4,-2.424871130596));
#6087 = CARTESIAN_POINT('',(-2.8,-4.849742261193));
#6088 = CARTESIAN_POINT('',(-2.8,2.22044604925E-16));
#6089 = ( GEOMETRIC_REPRESENTATION_CONTEXT(2) 
PARAMETRIC_REPRESENTATION_CONTEXT() REPRESENTATION_CONTEXT('2D SPACE',''
  ) );
#6090 = ORIENTED_EDGE('',*,*,#6042,.T.);
#6091 = ADVANCED_FACE('',(#6092),#3674,.T.);
#6092 = FACE_BOUND('',#6093,.F.);
#6093 = EDGE_LOOP('',(#6094,#6117,#6118,#6119));
#6094 = ORIENTED_EDGE('',*,*,#6095,.F.);
#6095 = EDGE_CURVE('',#3659,#6096,#6098,.T.);
#6096 = VERTEX_POINT('',#6097);
#6097 = CARTESIAN_POINT('',(-1.874145879602,1.9,9.674061586156));
#6098 = SURFACE_CURVE('',#6099,(#6103,#6110),.PCURVE_S1.);
#6099 = LINE('',#6100,#6101);
#6100 = CARTESIAN_POINT('',(-1.874145879602,-3.5,9.674061586156));
#6101 = VECTOR('',#6102,1.);
#6102 = DIRECTION('',(-0.,1.,-1.110223024625E-16));
#6103 = PCURVE('',#3674,#6104);
#6104 = DEFINITIONAL_REPRESENTATION('',(#6105),#6109);
#6105 = LINE('',#6106,#6107);
#6106 = CARTESIAN_POINT('',(-184.8596032573,3.5));
#6107 = VECTOR('',#6108,1.);
#6108 = DIRECTION('',(-0.,-1.));
#6109 = ( GEOMETRIC_REPRESENTATION_CONTEXT(2) 
PARAMETRIC_REPRESENTATION_CONTEXT() REPRESENTATION_CONTEXT('2D SPACE',''
  ) );
#6110 = PCURVE('',#5411,#6111);
#6111 = DEFINITIONAL_REPRESENTATION('',(#6112),#6116);
#6112 = LINE('',#6113,#6114);
#6113 = CARTESIAN_POINT('',(-1.742987141318,0.));
#6114 = VECTOR('',#6115,1.);
#6115 = DIRECTION('',(-0.,1.));
#6116 = ( GEOMETRIC_REPRESENTATION_CONTEXT(2) 
PARAMETRIC_REPRESENTATION_CONTEXT() REPRESENTATION_CONTEXT('2D SPACE',''
  ) );
#6117 = ORIENTED_EDGE('',*,*,#3656,.F.);
#6118 = ORIENTED_EDGE('',*,*,#3868,.F.);
#6119 = ORIENTED_EDGE('',*,*,#6120,.T.);
#6120 = EDGE_CURVE('',#3869,#6096,#6121,.T.);
#6121 = SURFACE_CURVE('',#6122,(#6126,#6133),.PCURVE_S1.);
#6122 = LINE('',#6123,#6124);
#6123 = CARTESIAN_POINT('',(-184.,1.9,-22.));
#6124 = VECTOR('',#6125,1.);
#6125 = DIRECTION('',(0.98521175482,1.902269172752E-17,0.171341174751));
#6126 = PCURVE('',#3674,#6127);
#6127 = DEFINITIONAL_REPRESENTATION('',(#6128),#6132);
#6128 = LINE('',#6129,#6130);
#6129 = CARTESIAN_POINT('',(-0.,-1.9));
#6130 = VECTOR('',#6131,1.);
#6131 = DIRECTION('',(-1.,0.));
#6132 = ( GEOMETRIC_REPRESENTATION_CONTEXT(2) 
PARAMETRIC_REPRESENTATION_CONTEXT() REPRESENTATION_CONTEXT('2D SPACE',''
  ) );
#6133 = PCURVE('',#3955,#6134);
#6134 = DEFINITIONAL_REPRESENTATION('',(#6135),#6139);
#6135 = LINE('',#6136,#6137);
#6136 = CARTESIAN_POINT('',(-0.,0.));
#6137 = VECTOR('',#6138,1.);
#6138 = DIRECTION('',(-0.,1.));
#6139 = ( GEOMETRIC_REPRESENTATION_CONTEXT(2) 
PARAMETRIC_REPRESENTATION_CONTEXT() REPRESENTATION_CONTEXT('2D SPACE',''
  ) );
#6140 = ADVANCED_FACE('',(#6141),#3851,.T.);
#6141 = FACE_BOUND('',#6142,.T.);
#6142 = EDGE_LOOP('',(#6143,#6144,#6145));
#6143 = ORIENTED_EDGE('',*,*,#3836,.F.);
#6144 = ORIENTED_EDGE('',*,*,#5285,.F.);
#6145 = ORIENTED_EDGE('',*,*,#6146,.F.);
#6146 = EDGE_CURVE('',#3659,#5286,#6147,.T.);
#6147 = SURFACE_CURVE('',#6148,(#6153,#6160),.PCURVE_S1.);
#6148 = CIRCLE('',#6149,1.6);
#6149 = AXIS2_PLACEMENT_3D('',#6150,#6151,#6152);
#6150 = CARTESIAN_POINT('',(-1.6,-1.9,8.097722778445));
#6151 = DIRECTION('',(-2.1532115576E-34,1.,-1.110223024625E-16));
#6152 = DIRECTION('',(-0.171341174751,1.093804774332E-16,0.98521175482)
  );
#6153 = PCURVE('',#3851,#6154);
#6154 = DEFINITIONAL_REPRESENTATION('',(#6155),#6159);
#6155 = LINE('',#6156,#6157);
#6156 = CARTESIAN_POINT('',(0.,0.));
#6157 = VECTOR('',#6158,1.);
#6158 = DIRECTION('',(1.,0.));
#6159 = ( GEOMETRIC_REPRESENTATION_CONTEXT(2) 
PARAMETRIC_REPRESENTATION_CONTEXT() REPRESENTATION_CONTEXT('2D SPACE',''
  ) );
#6160 = PCURVE('',#5411,#6161);
#6161 = DEFINITIONAL_REPRESENTATION('',(#6162),#6166);
#6162 = LINE('',#6163,#6164);
#6163 = CARTESIAN_POINT('',(-1.742987141318,1.6));
#6164 = VECTOR('',#6165,1.);
#6165 = DIRECTION('',(1.,-0.));
#6166 = ( GEOMETRIC_REPRESENTATION_CONTEXT(2) 
PARAMETRIC_REPRESENTATION_CONTEXT() REPRESENTATION_CONTEXT('2D SPACE',''
  ) );
#6167 = ADVANCED_FACE('',(#6168),#4140,.T.);
#6168 = FACE_BOUND('',#6169,.F.);
#6169 = EDGE_LOOP('',(#6170,#6171,#6172,#6195));
#6170 = ORIENTED_EDGE('',*,*,#4124,.T.);
#6171 = ORIENTED_EDGE('',*,*,#4335,.F.);
#6172 = ORIENTED_EDGE('',*,*,#6173,.F.);
#6173 = EDGE_CURVE('',#6174,#4251,#6176,.T.);
#6174 = VERTEX_POINT('',#6175);
#6175 = CARTESIAN_POINT('',(-182.6741458796,1.9,-21.76941667471));
#6176 = SURFACE_CURVE('',#6177,(#6181,#6188),.PCURVE_S1.);
#6177 = LINE('',#6178,#6179);
#6178 = CARTESIAN_POINT('',(-182.6741458796,3.5,-21.76941667471));
#6179 = VECTOR('',#6180,1.);
#6180 = DIRECTION('',(-0.,-1.,1.110223024625E-16));
#6181 = PCURVE('',#4140,#6182);
#6182 = DEFINITIONAL_REPRESENTATION('',(#6183),#6187);
#6183 = LINE('',#6184,#6185);
#6184 = CARTESIAN_POINT('',(-1.345755482425,-3.5));
#6185 = VECTOR('',#6186,1.);
#6186 = DIRECTION('',(-0.,1.));
#6187 = ( GEOMETRIC_REPRESENTATION_CONTEXT(2) 
PARAMETRIC_REPRESENTATION_CONTEXT() REPRESENTATION_CONTEXT('2D SPACE',''
  ) );
#6188 = PCURVE('',#4800,#6189);
#6189 = DEFINITIONAL_REPRESENTATION('',(#6190),#6194);
#6190 = LINE('',#6191,#6192);
#6191 = CARTESIAN_POINT('',(0.,0.));
#6192 = VECTOR('',#6193,1.);
#6193 = DIRECTION('',(0.,1.));
#6194 = ( GEOMETRIC_REPRESENTATION_CONTEXT(2) 
PARAMETRIC_REPRESENTATION_CONTEXT() REPRESENTATION_CONTEXT('2D SPACE',''
  ) );
#6195 = ORIENTED_EDGE('',*,*,#6196,.T.);
#6196 = EDGE_CURVE('',#6174,#4025,#6197,.T.);
#6197 = SURFACE_CURVE('',#6198,(#6202,#6209),.PCURVE_S1.);
#6198 = LINE('',#6199,#6200);
#6199 = CARTESIAN_POINT('',(-184.,1.9,-22.));
#6200 = VECTOR('',#6201,1.);
#6201 = DIRECTION('',(0.98521175482,1.902269172752E-17,0.171341174751));
#6202 = PCURVE('',#4140,#6203);
#6203 = DEFINITIONAL_REPRESENTATION('',(#6204),#6208);
#6204 = LINE('',#6205,#6206);
#6205 = CARTESIAN_POINT('',(-0.,-1.9));
#6206 = VECTOR('',#6207,1.);
#6207 = DIRECTION('',(-1.,0.));
#6208 = ( GEOMETRIC_REPRESENTATION_CONTEXT(2) 
PARAMETRIC_REPRESENTATION_CONTEXT() REPRESENTATION_CONTEXT('2D SPACE',''
  ) );
#6209 = PCURVE('',#4088,#6210);
#6210 = DEFINITIONAL_REPRESENTATION('',(#6211),#6215);
#6211 = LINE('',#6212,#6213);
#6212 = CARTESIAN_POINT('',(-0.,0.));
#6213 = VECTOR('',#6214,1.);
#6214 = DIRECTION('',(-0.,1.));
#6215 = ( GEOMETRIC_REPRESENTATION_CONTEXT(2) 
PARAMETRIC_REPRESENTATION_CONTEXT() REPRESENTATION_CONTEXT('2D SPACE',''
  ) );
#6216 = ADVANCED_FACE('',(#6217),#4088,.T.);
#6217 = FACE_BOUND('',#6218,.F.);
#6218 = EDGE_LOOP('',(#6219,#6241,#6242,#6263,#6264));
#6219 = ORIENTED_EDGE('',*,*,#6220,.F.);
#6220 = EDGE_CURVE('',#4668,#6174,#6221,.T.);
#6221 = SURFACE_CURVE('',#6222,(#6227,#6234),.PCURVE_S1.);
#6222 = CIRCLE('',#6223,1.6);
#6223 = AXIS2_PLACEMENT_3D('',#6224,#6225,#6226);
#6224 = CARTESIAN_POINT('',(-182.4,1.9,-23.34575548242));
#6225 = DIRECTION('',(0.98521175482,1.902269172752E-17,0.171341174751));
#6226 = DIRECTION('',(-0.171341174751,1.093804774332E-16,0.98521175482)
  );
#6227 = PCURVE('',#4088,#6228);
#6228 = DEFINITIONAL_REPRESENTATION('',(#6229),#6233);
#6229 = LINE('',#6230,#6231);
#6230 = CARTESIAN_POINT('',(-6.28318530718,1.345755482425));
#6231 = VECTOR('',#6232,1.);
#6232 = DIRECTION('',(1.,-0.));
#6233 = ( GEOMETRIC_REPRESENTATION_CONTEXT(2) 
PARAMETRIC_REPRESENTATION_CONTEXT() REPRESENTATION_CONTEXT('2D SPACE',''
  ) );
#6234 = PCURVE('',#4761,#6235);
#6235 = DEFINITIONAL_REPRESENTATION('',(#6236),#6240);
#6236 = LINE('',#6237,#6238);
#6237 = CARTESIAN_POINT('',(0.,-6.28318530718));
#6238 = VECTOR('',#6239,1.);
#6239 = DIRECTION('',(0.,1.));
#6240 = ( GEOMETRIC_REPRESENTATION_CONTEXT(2) 
PARAMETRIC_REPRESENTATION_CONTEXT() REPRESENTATION_CONTEXT('2D SPACE',''
  ) );
#6241 = ORIENTED_EDGE('',*,*,#4667,.T.);
#6242 = ORIENTED_EDGE('',*,*,#6243,.T.);
#6243 = EDGE_CURVE('',#4644,#3992,#6244,.T.);
#6244 = SURFACE_CURVE('',#6245,(#6249,#6256),.PCURVE_S1.);
#6245 = LINE('',#6246,#6247);
#6246 = CARTESIAN_POINT('',(-183.7258541203,3.5,-23.57633880771));
#6247 = VECTOR('',#6248,1.);
#6248 = DIRECTION('',(0.98521175482,1.902269172752E-17,0.171341174751));
#6249 = PCURVE('',#4088,#6250);
#6250 = DEFINITIONAL_REPRESENTATION('',(#6251),#6255);
#6251 = LINE('',#6252,#6253);
#6252 = CARTESIAN_POINT('',(-1.570796326795,0.));
#6253 = VECTOR('',#6254,1.);
#6254 = DIRECTION('',(-0.,1.));
#6255 = ( GEOMETRIC_REPRESENTATION_CONTEXT(2) 
PARAMETRIC_REPRESENTATION_CONTEXT() REPRESENTATION_CONTEXT('2D SPACE',''
  ) );
#6256 = PCURVE('',#4008,#6257);
#6257 = DEFINITIONAL_REPRESENTATION('',(#6258),#6262);
#6258 = LINE('',#6259,#6260);
#6259 = CARTESIAN_POINT('',(-183.7258541203,-23.57633880771));
#6260 = VECTOR('',#6261,1.);
#6261 = DIRECTION('',(0.98521175482,0.171341174751));
#6262 = ( GEOMETRIC_REPRESENTATION_CONTEXT(2) 
PARAMETRIC_REPRESENTATION_CONTEXT() REPRESENTATION_CONTEXT('2D SPACE',''
  ) );
#6263 = ORIENTED_EDGE('',*,*,#4024,.T.);
#6264 = ORIENTED_EDGE('',*,*,#6196,.F.);
#6265 = ADVANCED_FACE('',(#6266,#6317,#6408),#4008,.F.);
#6266 = FACE_BOUND('',#6267,.T.);
#6267 = EDGE_LOOP('',(#6268,#6289,#6290,#6291,#6292,#6293,#6314,#6315,
    #6316));
#6268 = ORIENTED_EDGE('',*,*,#6269,.T.);
#6269 = EDGE_CURVE('',#3892,#5539,#6270,.T.);
#6270 = SURFACE_CURVE('',#6271,(#6275,#6282),.PCURVE_S1.);
#6271 = LINE('',#6272,#6273);
#6272 = CARTESIAN_POINT('',(-183.7258541203,3.5,-23.57633880771));
#6273 = VECTOR('',#6274,1.);
#6274 = DIRECTION('',(0.98521175482,1.902269172752E-17,0.171341174751));
#6275 = PCURVE('',#4008,#6276);
#6276 = DEFINITIONAL_REPRESENTATION('',(#6277),#6281);
#6277 = LINE('',#6278,#6279);
#6278 = CARTESIAN_POINT('',(-183.7258541203,-23.57633880771));
#6279 = VECTOR('',#6280,1.);
#6280 = DIRECTION('',(0.98521175482,0.171341174751));
#6281 = ( GEOMETRIC_REPRESENTATION_CONTEXT(2) 
PARAMETRIC_REPRESENTATION_CONTEXT() REPRESENTATION_CONTEXT('2D SPACE',''
  ) );
#6282 = PCURVE('',#3955,#6283);
#6283 = DEFINITIONAL_REPRESENTATION('',(#6284),#6288);
#6284 = LINE('',#6285,#6286);
#6285 = CARTESIAN_POINT('',(-1.570796326795,0.));
#6286 = VECTOR('',#6287,1.);
#6287 = DIRECTION('',(-0.,1.));
#6288 = ( GEOMETRIC_REPRESENTATION_CONTEXT(2) 
PARAMETRIC_REPRESENTATION_CONTEXT() REPRESENTATION_CONTEXT('2D SPACE',''
  ) );
#6289 = ORIENTED_EDGE('',*,*,#5594,.T.);
#6290 = ORIENTED_EDGE('',*,*,#5109,.F.);
#6291 = ORIENTED_EDGE('',*,*,#5083,.T.);
#6292 = ORIENTED_EDGE('',*,*,#4977,.T.);
#6293 = ORIENTED_EDGE('',*,*,#6294,.T.);
#6294 = EDGE_CURVE('',#4978,#4514,#6295,.T.);
#6295 = SURFACE_CURVE('',#6296,(#6300,#6307),.PCURVE_S1.);
#6296 = LINE('',#6297,#6298);
#6297 = CARTESIAN_POINT('',(-0.257469828126,3.5,-6.42085172083));
#6298 = VECTOR('',#6299,1.);
#6299 = DIRECTION('',(-0.986967674481,-1.78655582082E-17,-0.160918642578
    ));
#6300 = PCURVE('',#4008,#6301);
#6301 = DEFINITIONAL_REPRESENTATION('',(#6302),#6306);
#6302 = LINE('',#6303,#6304);
#6303 = CARTESIAN_POINT('',(-0.257469828126,-6.42085172083));
#6304 = VECTOR('',#6305,1.);
#6305 = DIRECTION('',(-0.986967674481,-0.160918642578));
#6306 = ( GEOMETRIC_REPRESENTATION_CONTEXT(2) 
PARAMETRIC_REPRESENTATION_CONTEXT() REPRESENTATION_CONTEXT('2D SPACE',''
  ) );
#6307 = PCURVE('',#4597,#6308);
#6308 = DEFINITIONAL_REPRESENTATION('',(#6309),#6313);
#6309 = LINE('',#6310,#6311);
#6310 = CARTESIAN_POINT('',(-1.570796326795,0.));
#6311 = VECTOR('',#6312,1.);
#6312 = DIRECTION('',(-0.,1.));
#6313 = ( GEOMETRIC_REPRESENTATION_CONTEXT(2) 
PARAMETRIC_REPRESENTATION_CONTEXT() REPRESENTATION_CONTEXT('2D SPACE',''
  ) );
#6314 = ORIENTED_EDGE('',*,*,#4643,.F.);
#6315 = ORIENTED_EDGE('',*,*,#6243,.T.);
#6316 = ORIENTED_EDGE('',*,*,#3991,.F.);
#6317 = FACE_BOUND('',#6318,.T.);
#6318 = EDGE_LOOP('',(#6319,#6354,#6382));
#6319 = ORIENTED_EDGE('',*,*,#6320,.T.);
#6320 = EDGE_CURVE('',#6321,#6323,#6325,.T.);
#6321 = VERTEX_POINT('',#6322);
#6322 = CARTESIAN_POINT('',(-5.830951894845,3.5,-7.5));
#6323 = VERTEX_POINT('',#6324);
#6324 = CARTESIAN_POINT('',(-6.008508033527,3.5,-7.35852099345));
#6325 = SURFACE_CURVE('',#6326,(#6331,#6342),.PCURVE_S1.);
#6326 = CIRCLE('',#6327,9.5);
#6327 = AXIS2_PLACEMENT_3D('',#6328,#6329,#6330);
#6328 = CARTESIAN_POINT('',(0.,3.5,0.));
#6329 = DIRECTION('',(0.,1.,-2.22044604925E-16));
#6330 = DIRECTION('',(-1.,0.,-0.));
#6331 = PCURVE('',#4008,#6332);
#6332 = DEFINITIONAL_REPRESENTATION('',(#6333),#6341);
#6333 = ( BOUNDED_CURVE() B_SPLINE_CURVE(2,(#6334,#6335,#6336,#6337,
#6338,#6339,#6340),.UNSPECIFIED.,.T.,.F.) B_SPLINE_CURVE_WITH_KNOTS((1,2
    ,2,2,2,1),(-2.094395102393,0.,2.094395102393,4.188790204786,
6.28318530718,8.377580409573),.UNSPECIFIED.) CURVE() 
GEOMETRIC_REPRESENTATION_ITEM() RATIONAL_B_SPLINE_CURVE((1.,0.5,1.,0.5,
1.,0.5,1.)) REPRESENTATION_ITEM('') );
#6334 = CARTESIAN_POINT('',(-9.5,0.));
#6335 = CARTESIAN_POINT('',(-9.5,16.454482671904));
#6336 = CARTESIAN_POINT('',(4.75,8.227241335952));
#6337 = CARTESIAN_POINT('',(19.,2.32682891838E-15));
#6338 = CARTESIAN_POINT('',(4.75,-8.227241335952));
#6339 = CARTESIAN_POINT('',(-9.5,-16.4544826719));
#6340 = CARTESIAN_POINT('',(-9.5,0.));
#6341 = ( GEOMETRIC_REPRESENTATION_CONTEXT(2) 
PARAMETRIC_REPRESENTATION_CONTEXT() REPRESENTATION_CONTEXT('2D SPACE',''
  ) );
#6342 = PCURVE('',#6343,#6348);
#6343 = CYLINDRICAL_SURFACE('',#6344,9.5);
#6344 = AXIS2_PLACEMENT_3D('',#6345,#6346,#6347);
#6345 = CARTESIAN_POINT('',(0.,3.5,0.));
#6346 = DIRECTION('',(0.,-1.,2.22044604925E-16));
#6347 = DIRECTION('',(-1.,0.,-0.));
#6348 = DEFINITIONAL_REPRESENTATION('',(#6349),#6353);
#6349 = LINE('',#6350,#6351);
#6350 = CARTESIAN_POINT('',(-0.,0.));
#6351 = VECTOR('',#6352,1.);
#6352 = DIRECTION('',(-1.,0.));
#6353 = ( GEOMETRIC_REPRESENTATION_CONTEXT(2) 
PARAMETRIC_REPRESENTATION_CONTEXT() REPRESENTATION_CONTEXT('2D SPACE',''
  ) );
#6354 = ORIENTED_EDGE('',*,*,#6355,.T.);
#6355 = EDGE_CURVE('',#6323,#6356,#6358,.T.);
#6356 = VERTEX_POINT('',#6357);
#6357 = CARTESIAN_POINT('',(-6.876245940367,3.5,-7.5));
#6358 = SURFACE_CURVE('',#6359,(#6363,#6370),.PCURVE_S1.);
#6359 = LINE('',#6360,#6361);
#6360 = CARTESIAN_POINT('',(-0.257469828126,3.5,-6.42085172083));
#6361 = VECTOR('',#6362,1.);
#6362 = DIRECTION('',(-0.986967674481,-1.78655582082E-17,-0.160918642578
    ));
#6363 = PCURVE('',#4008,#6364);
#6364 = DEFINITIONAL_REPRESENTATION('',(#6365),#6369);
#6365 = LINE('',#6366,#6367);
#6366 = CARTESIAN_POINT('',(-0.257469828126,-6.42085172083));
#6367 = VECTOR('',#6368,1.);
#6368 = DIRECTION('',(-0.986967674481,-0.160918642578));
#6369 = ( GEOMETRIC_REPRESENTATION_CONTEXT(2) 
PARAMETRIC_REPRESENTATION_CONTEXT() REPRESENTATION_CONTEXT('2D SPACE',''
  ) );
#6370 = PCURVE('',#6371,#6376);
#6371 = CYLINDRICAL_SURFACE('',#6372,1.6);
#6372 = AXIS2_PLACEMENT_3D('',#6373,#6374,#6375);
#6373 = CARTESIAN_POINT('',(-0.257469828126,1.9,-6.42085172083));
#6374 = DIRECTION('',(-0.986967674481,-1.78655582082E-17,-0.160918642578
    ));
#6375 = DIRECTION('',(0.160918642578,-1.09575423677E-16,-0.986967674481)
  );
#6376 = DEFINITIONAL_REPRESENTATION('',(#6377),#6381);
#6377 = LINE('',#6378,#6379);
#6378 = CARTESIAN_POINT('',(-1.570796326795,0.));
#6379 = VECTOR('',#6380,1.);
#6380 = DIRECTION('',(-0.,1.));
#6381 = ( GEOMETRIC_REPRESENTATION_CONTEXT(2) 
PARAMETRIC_REPRESENTATION_CONTEXT() REPRESENTATION_CONTEXT('2D SPACE',''
  ) );
#6382 = ORIENTED_EDGE('',*,*,#6383,.F.);
#6383 = EDGE_CURVE('',#6321,#6356,#6384,.T.);
#6384 = SURFACE_CURVE('',#6385,(#6389,#6396),.PCURVE_S1.);
#6385 = LINE('',#6386,#6387);
#6386 = CARTESIAN_POINT('',(-4.,3.5,-7.5));
#6387 = VECTOR('',#6388,1.);
#6388 = DIRECTION('',(-1.,-0.,-0.));
#6389 = PCURVE('',#4008,#6390);
#6390 = DEFINITIONAL_REPRESENTATION('',(#6391),#6395);
#6391 = LINE('',#6392,#6393);
#6392 = CARTESIAN_POINT('',(-4.,-7.5));
#6393 = VECTOR('',#6394,1.);
#6394 = DIRECTION('',(-1.,0.));
#6395 = ( GEOMETRIC_REPRESENTATION_CONTEXT(2) 
PARAMETRIC_REPRESENTATION_CONTEXT() REPRESENTATION_CONTEXT('2D SPACE',''
  ) );
#6396 = PCURVE('',#6397,#6402);
#6397 = PLANE('',#6398);
#6398 = AXIS2_PLACEMENT_3D('',#6399,#6400,#6401);
#6399 = CARTESIAN_POINT('',(-4.,-3.5,-7.5));
#6400 = DIRECTION('',(-0.,-0.,1.));
#6401 = DIRECTION('',(1.,0.,0.));
#6402 = DEFINITIONAL_REPRESENTATION('',(#6403),#6407);
#6403 = LINE('',#6404,#6405);
#6404 = CARTESIAN_POINT('',(0.,7.));
#6405 = VECTOR('',#6406,1.);
#6406 = DIRECTION('',(-1.,0.));
#6407 = ( GEOMETRIC_REPRESENTATION_CONTEXT(2) 
PARAMETRIC_REPRESENTATION_CONTEXT() REPRESENTATION_CONTEXT('2D SPACE',''
  ) );
#6408 = FACE_BOUND('',#6409,.T.);
#6409 = EDGE_LOOP('',(#6410));
#6410 = ORIENTED_EDGE('',*,*,#6065,.F.);
#6411 = ADVANCED_FACE('',(#6412),#3955,.T.);
#6412 = FACE_BOUND('',#6413,.F.);
#6413 = EDGE_LOOP('',(#6414,#6415,#6416,#6417,#6418));
#6414 = ORIENTED_EDGE('',*,*,#6120,.F.);
#6415 = ORIENTED_EDGE('',*,*,#3891,.T.);
#6416 = ORIENTED_EDGE('',*,*,#6269,.T.);
#6417 = ORIENTED_EDGE('',*,*,#5538,.T.);
#6418 = ORIENTED_EDGE('',*,*,#6419,.T.);
#6419 = EDGE_CURVE('',#5424,#6096,#6420,.T.);
#6420 = SURFACE_CURVE('',#6421,(#6426,#6433),.PCURVE_S1.);
#6421 = CIRCLE('',#6422,1.6);
#6422 = AXIS2_PLACEMENT_3D('',#6423,#6424,#6425);
#6423 = CARTESIAN_POINT('',(-1.6,1.9,8.097722778445));
#6424 = DIRECTION('',(0.98521175482,1.902269172752E-17,0.171341174751));
#6425 = DIRECTION('',(-0.171341174751,1.093804774332E-16,0.98521175482)
  );
#6426 = PCURVE('',#3955,#6427);
#6427 = DEFINITIONAL_REPRESENTATION('',(#6428),#6432);
#6428 = LINE('',#6429,#6430);
#6429 = CARTESIAN_POINT('',(-6.28318530718,184.8596032573));
#6430 = VECTOR('',#6431,1.);
#6431 = DIRECTION('',(1.,-0.));
#6432 = ( GEOMETRIC_REPRESENTATION_CONTEXT(2) 
PARAMETRIC_REPRESENTATION_CONTEXT() REPRESENTATION_CONTEXT('2D SPACE',''
  ) );
#6433 = PCURVE('',#5497,#6434);
#6434 = DEFINITIONAL_REPRESENTATION('',(#6435),#6439);
#6435 = LINE('',#6436,#6437);
#6436 = CARTESIAN_POINT('',(-0.,-6.28318530718));
#6437 = VECTOR('',#6438,1.);
#6438 = DIRECTION('',(-0.,1.));
#6439 = ( GEOMETRIC_REPRESENTATION_CONTEXT(2) 
PARAMETRIC_REPRESENTATION_CONTEXT() REPRESENTATION_CONTEXT('2D SPACE',''
  ) );
#6440 = ADVANCED_FACE('',(#6441),#4267,.T.);
#6441 = FACE_BOUND('',#6442,.F.);
#6442 = EDGE_LOOP('',(#6443,#6444,#6445));
#6443 = ORIENTED_EDGE('',*,*,#4248,.F.);
#6444 = ORIENTED_EDGE('',*,*,#4812,.T.);
#6445 = ORIENTED_EDGE('',*,*,#6446,.F.);
#6446 = EDGE_CURVE('',#4251,#4785,#6447,.T.);
#6447 = SURFACE_CURVE('',#6448,(#6453,#6460),.PCURVE_S1.);
#6448 = CIRCLE('',#6449,1.6);
#6449 = AXIS2_PLACEMENT_3D('',#6450,#6451,#6452);
#6450 = CARTESIAN_POINT('',(-182.4,-1.9,-23.34575548242));
#6451 = DIRECTION('',(4.163512109013E-34,-1.,1.110223024625E-16));
#6452 = DIRECTION('',(-0.171341174751,1.093804774332E-16,0.98521175482)
  );
#6453 = PCURVE('',#4267,#6454);
#6454 = DEFINITIONAL_REPRESENTATION('',(#6455),#6459);
#6455 = LINE('',#6456,#6457);
#6456 = CARTESIAN_POINT('',(-0.,0.));
#6457 = VECTOR('',#6458,1.);
#6458 = DIRECTION('',(-1.,0.));
#6459 = ( GEOMETRIC_REPRESENTATION_CONTEXT(2) 
PARAMETRIC_REPRESENTATION_CONTEXT() REPRESENTATION_CONTEXT('2D SPACE',''
  ) );
#6460 = PCURVE('',#4800,#6461);
#6461 = DEFINITIONAL_REPRESENTATION('',(#6462),#6466);
#6462 = LINE('',#6463,#6464);
#6463 = CARTESIAN_POINT('',(0.,5.4));
#6464 = VECTOR('',#6465,1.);
#6465 = DIRECTION('',(1.,0.));
#6466 = ( GEOMETRIC_REPRESENTATION_CONTEXT(2) 
PARAMETRIC_REPRESENTATION_CONTEXT() REPRESENTATION_CONTEXT('2D SPACE',''
  ) );
#6467 = ADVANCED_FACE('',(#6468),#4501,.T.);
#6468 = FACE_BOUND('',#6469,.F.);
#6469 = EDGE_LOOP('',(#6470,#6471,#6492,#6493));
#6470 = ORIENTED_EDGE('',*,*,#5033,.F.);
#6471 = ORIENTED_EDGE('',*,*,#6472,.T.);
#6472 = EDGE_CURVE('',#5001,#4486,#6473,.T.);
#6473 = SURFACE_CURVE('',#6474,(#6478,#6485),.PCURVE_S1.);
#6474 = LINE('',#6475,#6476);
#6475 = CARTESIAN_POINT('',(2.053912595557E-15,1.9,-8.));
#6476 = VECTOR('',#6477,1.);
#6477 = DIRECTION('',(-0.986967674481,-1.78655582082E-17,-0.160918642578
    ));
#6478 = PCURVE('',#4501,#6479);
#6479 = DEFINITIONAL_REPRESENTATION('',(#6480),#6484);
#6480 = LINE('',#6481,#6482);
#6481 = CARTESIAN_POINT('',(1.974652795608E-15,-1.9));
#6482 = VECTOR('',#6483,1.);
#6483 = DIRECTION('',(-1.,0.));
#6484 = ( GEOMETRIC_REPRESENTATION_CONTEXT(2) 
PARAMETRIC_REPRESENTATION_CONTEXT() REPRESENTATION_CONTEXT('2D SPACE',''
  ) );
#6485 = PCURVE('',#4597,#6486);
#6486 = DEFINITIONAL_REPRESENTATION('',(#6487),#6491);
#6487 = LINE('',#6488,#6489);
#6488 = CARTESIAN_POINT('',(-0.,0.));
#6489 = VECTOR('',#6490,1.);
#6490 = DIRECTION('',(-0.,1.));
#6491 = ( GEOMETRIC_REPRESENTATION_CONTEXT(2) 
PARAMETRIC_REPRESENTATION_CONTEXT() REPRESENTATION_CONTEXT('2D SPACE',''
  ) );
#6492 = ORIENTED_EDGE('',*,*,#4485,.T.);
#6493 = ORIENTED_EDGE('',*,*,#4929,.F.);
#6494 = ADVANCED_FACE('',(#6495),#4597,.T.);
#6495 = FACE_BOUND('',#6496,.F.);
#6496 = EDGE_LOOP('',(#6497,#6498,#6499,#6500));
#6497 = ORIENTED_EDGE('',*,*,#5000,.T.);
#6498 = ORIENTED_EDGE('',*,*,#6294,.T.);
#6499 = ORIENTED_EDGE('',*,*,#4513,.F.);
#6500 = ORIENTED_EDGE('',*,*,#6472,.F.);
#6501 = ADVANCED_FACE('',(#6502),#4761,.T.);
#6502 = FACE_BOUND('',#6503,.T.);
#6503 = EDGE_LOOP('',(#6504,#6505,#6506));
#6504 = ORIENTED_EDGE('',*,*,#6220,.F.);
#6505 = ORIENTED_EDGE('',*,*,#4723,.F.);
#6506 = ORIENTED_EDGE('',*,*,#6507,.F.);
#6507 = EDGE_CURVE('',#6174,#4724,#6508,.T.);
#6508 = SURFACE_CURVE('',#6509,(#6514,#6521),.PCURVE_S1.);
#6509 = CIRCLE('',#6510,1.6);
#6510 = AXIS2_PLACEMENT_3D('',#6511,#6512,#6513);
#6511 = CARTESIAN_POINT('',(-182.4,1.9,-23.34575548242));
#6512 = DIRECTION('',(4.163512109013E-34,-1.,1.110223024625E-16));
#6513 = DIRECTION('',(-0.171341174751,1.093804774332E-16,0.98521175482)
  );
#6514 = PCURVE('',#4761,#6515);
#6515 = DEFINITIONAL_REPRESENTATION('',(#6516),#6520);
#6516 = LINE('',#6517,#6518);
#6517 = CARTESIAN_POINT('',(0.,0.));
#6518 = VECTOR('',#6519,1.);
#6519 = DIRECTION('',(1.,0.));
#6520 = ( GEOMETRIC_REPRESENTATION_CONTEXT(2) 
PARAMETRIC_REPRESENTATION_CONTEXT() REPRESENTATION_CONTEXT('2D SPACE',''
  ) );
#6521 = PCURVE('',#4800,#6522);
#6522 = DEFINITIONAL_REPRESENTATION('',(#6523),#6527);
#6523 = LINE('',#6524,#6525);
#6524 = CARTESIAN_POINT('',(0.,1.6));
#6525 = VECTOR('',#6526,1.);
#6526 = DIRECTION('',(1.,0.));
#6527 = ( GEOMETRIC_REPRESENTATION_CONTEXT(2) 
PARAMETRIC_REPRESENTATION_CONTEXT() REPRESENTATION_CONTEXT('2D SPACE',''
  ) );
#6528 = ADVANCED_FACE('',(#6529),#4800,.T.);
#6529 = FACE_BOUND('',#6530,.T.);
#6530 = EDGE_LOOP('',(#6531,#6532,#6533,#6534));
#6531 = ORIENTED_EDGE('',*,*,#6173,.F.);
#6532 = ORIENTED_EDGE('',*,*,#6507,.T.);
#6533 = ORIENTED_EDGE('',*,*,#4784,.T.);
#6534 = ORIENTED_EDGE('',*,*,#6446,.F.);
#6535 = ADVANCED_FACE('',(#6536),#5242,.T.);
#6536 = FACE_BOUND('',#6537,.T.);
#6537 = EDGE_LOOP('',(#6538,#6559,#6560));
#6538 = ORIENTED_EDGE('',*,*,#6539,.F.);
#6539 = EDGE_CURVE('',#5732,#5194,#6540,.T.);
#6540 = SURFACE_CURVE('',#6541,(#6545,#6552),.PCURVE_S1.);
#6541 = LINE('',#6542,#6543);
#6542 = CARTESIAN_POINT('',(1.998401444325E-15,-1.9,-8.));
#6543 = VECTOR('',#6544,1.);
#6544 = DIRECTION('',(-0.986967674481,-1.78655582082E-17,-0.160918642578
    ));
#6545 = PCURVE('',#5242,#6546);
#6546 = DEFINITIONAL_REPRESENTATION('',(#6547),#6551);
#6547 = LINE('',#6548,#6549);
#6548 = CARTESIAN_POINT('',(0.,0.));
#6549 = VECTOR('',#6550,1.);
#6550 = DIRECTION('',(0.,1.));
#6551 = ( GEOMETRIC_REPRESENTATION_CONTEXT(2) 
PARAMETRIC_REPRESENTATION_CONTEXT() REPRESENTATION_CONTEXT('2D SPACE',''
  ) );
#6552 = PCURVE('',#5209,#6553);
#6553 = DEFINITIONAL_REPRESENTATION('',(#6554),#6558);
#6554 = LINE('',#6555,#6556);
#6555 = CARTESIAN_POINT('',(1.921283801132E-15,1.9));
#6556 = VECTOR('',#6557,1.);
#6557 = DIRECTION('',(-1.,0.));
#6558 = ( GEOMETRIC_REPRESENTATION_CONTEXT(2) 
PARAMETRIC_REPRESENTATION_CONTEXT() REPRESENTATION_CONTEXT('2D SPACE',''
  ) );
#6559 = ORIENTED_EDGE('',*,*,#5754,.T.);
#6560 = ORIENTED_EDGE('',*,*,#5221,.T.);
#6561 = ADVANCED_FACE('',(#6562),#5209,.T.);
#6562 = FACE_BOUND('',#6563,.F.);
#6563 = EDGE_LOOP('',(#6564,#6565,#6586,#6587));
#6564 = ORIENTED_EDGE('',*,*,#5731,.F.);
#6565 = ORIENTED_EDGE('',*,*,#6566,.T.);
#6566 = EDGE_CURVE('',#5622,#5156,#6567,.T.);
#6567 = SURFACE_CURVE('',#6568,(#6572,#6579),.PCURVE_S1.);
#6568 = LINE('',#6569,#6570);
#6569 = CARTESIAN_POINT('',(2.053912595557E-15,1.9,-8.));
#6570 = VECTOR('',#6571,1.);
#6571 = DIRECTION('',(-0.986967674481,-1.78655582082E-17,-0.160918642578
    ));
#6572 = PCURVE('',#5209,#6573);
#6573 = DEFINITIONAL_REPRESENTATION('',(#6574),#6578);
#6574 = LINE('',#6575,#6576);
#6575 = CARTESIAN_POINT('',(1.974652795608E-15,-1.9));
#6576 = VECTOR('',#6577,1.);
#6577 = DIRECTION('',(-1.,0.));
#6578 = ( GEOMETRIC_REPRESENTATION_CONTEXT(2) 
PARAMETRIC_REPRESENTATION_CONTEXT() REPRESENTATION_CONTEXT('2D SPACE',''
  ) );
#6579 = PCURVE('',#5176,#6580);
#6580 = DEFINITIONAL_REPRESENTATION('',(#6581),#6585);
#6581 = LINE('',#6582,#6583);
#6582 = CARTESIAN_POINT('',(-0.,0.));
#6583 = VECTOR('',#6584,1.);
#6584 = DIRECTION('',(-0.,1.));
#6585 = ( GEOMETRIC_REPRESENTATION_CONTEXT(2) 
PARAMETRIC_REPRESENTATION_CONTEXT() REPRESENTATION_CONTEXT('2D SPACE',''
  ) );
#6586 = ORIENTED_EDGE('',*,*,#5193,.T.);
#6587 = ORIENTED_EDGE('',*,*,#6539,.F.);
#6588 = ADVANCED_FACE('',(#6589),#5176,.T.);
#6589 = FACE_BOUND('',#6590,.F.);
#6590 = EDGE_LOOP('',(#6591,#6592,#6593));
#6591 = ORIENTED_EDGE('',*,*,#6566,.F.);
#6592 = ORIENTED_EDGE('',*,*,#5621,.T.);
#6593 = ORIENTED_EDGE('',*,*,#5155,.F.);
#6594 = ADVANCED_FACE('',(#6595),#5497,.T.);
#6595 = FACE_BOUND('',#6596,.F.);
#6596 = EDGE_LOOP('',(#6597,#6598,#6599));
#6597 = ORIENTED_EDGE('',*,*,#6419,.F.);
#6598 = ORIENTED_EDGE('',*,*,#5423,.T.);
#6599 = ORIENTED_EDGE('',*,*,#6600,.F.);
#6600 = EDGE_CURVE('',#6096,#5396,#6601,.T.);
#6601 = SURFACE_CURVE('',#6602,(#6607,#6614),.PCURVE_S1.);
#6602 = CIRCLE('',#6603,1.6);
#6603 = AXIS2_PLACEMENT_3D('',#6604,#6605,#6606);
#6604 = CARTESIAN_POINT('',(-1.6,1.9,8.097722778445));
#6605 = DIRECTION('',(4.80804928146E-34,1.,-1.110223024625E-16));
#6606 = DIRECTION('',(-0.171341174751,1.093804774332E-16,0.98521175482)
  );
#6607 = PCURVE('',#5497,#6608);
#6608 = DEFINITIONAL_REPRESENTATION('',(#6609),#6613);
#6609 = LINE('',#6610,#6611);
#6610 = CARTESIAN_POINT('',(-0.,0.));
#6611 = VECTOR('',#6612,1.);
#6612 = DIRECTION('',(-1.,0.));
#6613 = ( GEOMETRIC_REPRESENTATION_CONTEXT(2) 
PARAMETRIC_REPRESENTATION_CONTEXT() REPRESENTATION_CONTEXT('2D SPACE',''
  ) );
#6614 = PCURVE('',#5411,#6615);
#6615 = DEFINITIONAL_REPRESENTATION('',(#6616),#6620);
#6616 = LINE('',#6617,#6618);
#6617 = CARTESIAN_POINT('',(-1.742987141318,5.4));
#6618 = VECTOR('',#6619,1.);
#6619 = DIRECTION('',(1.,-0.));
#6620 = ( GEOMETRIC_REPRESENTATION_CONTEXT(2) 
PARAMETRIC_REPRESENTATION_CONTEXT() REPRESENTATION_CONTEXT('2D SPACE',''
  ) );
#6621 = ADVANCED_FACE('',(#6622),#5411,.T.);
#6622 = FACE_BOUND('',#6623,.F.);
#6623 = EDGE_LOOP('',(#6624,#6625,#6626,#6627));
#6624 = ORIENTED_EDGE('',*,*,#5395,.F.);
#6625 = ORIENTED_EDGE('',*,*,#6146,.F.);
#6626 = ORIENTED_EDGE('',*,*,#6095,.T.);
#6627 = ORIENTED_EDGE('',*,*,#6600,.T.);
#6628 = ADVANCED_FACE('',(#6629),#6343,.T.);
#6629 = FACE_BOUND('',#6630,.F.);
#6630 = EDGE_LOOP('',(#6631,#6632,#6742));
#6631 = ORIENTED_EDGE('',*,*,#6320,.T.);
#6632 = ORIENTED_EDGE('',*,*,#6633,.F.);
#6633 = EDGE_CURVE('',#6634,#6323,#6636,.T.);
#6634 = VERTEX_POINT('',#6635);
#6635 = CARTESIAN_POINT('',(-5.830951900827,3.491133653453,
    -7.500000001203));
#6636 = SURFACE_CURVE('',#6637,(#6670,#6706),.PCURVE_S1.);
#6637 = B_SPLINE_CURVE_WITH_KNOTS('',6,(#6638,#6639,#6640,#6641,#6642,
    #6643,#6644,#6645,#6646,#6647,#6648,#6649,#6650,#6651,#6652,#6653,
    #6654,#6655,#6656,#6657,#6658,#6659,#6660,#6661,#6662,#6663,#6664,
    #6665,#6666,#6667,#6668,#6669),.UNSPECIFIED.,.F.,.F.,(7,5,5,5,5,5,7)
  ,(0.,0.223052290803,0.328552170625,0.410465628034,0.63864179203,
    0.880131862106,1.),.UNSPECIFIED.);
#6638 = CARTESIAN_POINT('',(-3.943314703321,1.9,-8.642931745107));
#6639 = CARTESIAN_POINT('',(-3.943314703321,2.007528013852,
    -8.642931745107));
#6640 = CARTESIAN_POINT('',(-3.957501786344,2.114073605299,
    -8.636458640651));
#6641 = CARTESIAN_POINT('',(-3.985392808961,2.218461213109,
    -8.623734701697));
#6642 = CARTESIAN_POINT('',(-4.025701508177,2.319489268522,
    -8.605129928224));
#6643 = CARTESIAN_POINT('',(-4.076344844385,2.415913699556,
    -8.581234414032));
#6644 = CARTESIAN_POINT('',(-4.161996880768,2.549322009425,
    -8.53983109612));
#6645 = CARTESIAN_POINT('',(-4.191301694352,2.591041233854,
    -8.525534679241));
#6646 = CARTESIAN_POINT('',(-4.222232907556,2.631637959835,
    -8.510287723486));
#6647 = CARTESIAN_POINT('',(-4.254629026089,2.671110540104,
    -8.494137107633));
#6648 = CARTESIAN_POINT('',(-4.288342142983,2.709459272818,
    -8.477125540658));
#6649 = CARTESIAN_POINT('',(-4.350332142593,2.77559072666,-8.44544469408
    ));
#6650 = CARTESIAN_POINT('',(-4.378144238306,2.803824122248,
    -8.43109957771));
#6651 = CARTESIAN_POINT('',(-4.406616768676,2.83139232198,
    -8.416271631417));
#6652 = CARTESIAN_POINT('',(-4.435698117764,2.858301152188,
    -8.400974184894));
#6653 = CARTESIAN_POINT('',(-4.465342510743,2.884556531876,
    -8.385218478728));
#6654 = CARTESIAN_POINT('',(-4.579543887737,2.981497339066,
    -8.323873921954));
#6655 = CARTESIAN_POINT('',(-4.667684911553,3.04784724828,
    -8.275223243914));
#6656 = CARTESIAN_POINT('',(-4.759011433457,3.109276469334,
    -8.223285905287));
#6657 = CARTESIAN_POINT('',(-4.852879377644,3.165835380485,
    -8.168195234256));
#6658 = CARTESIAN_POINT('',(-4.948845208895,3.217519124347,
    -8.11000868514));
#6659 = CARTESIAN_POINT('',(-5.150035855338,3.313654610995,
    -7.983861159164));
#6660 = CARTESIAN_POINT('',(-5.255451334318,3.357497600062,
    -7.915541958721));
#6661 = CARTESIAN_POINT('',(-5.362287888605,3.395554259981,
    -7.843871519252));
#6662 = CARTESIAN_POINT('',(-5.470085042456,3.427541083545,
    -7.768943629377));
#6663 = CARTESIAN_POINT('',(-5.578418438926,3.453075208774,
    -7.690875815932));
#6664 = CARTESIAN_POINT('',(-5.740670531746,3.480884313839,
    -7.56962458295));
#6665 = CARTESIAN_POINT('',(-5.794507124651,3.48839518515,
    -7.528680642474));
#6666 = CARTESIAN_POINT('',(-5.848283777544,3.494128815504,
    -7.487051693657));
#6667 = CARTESIAN_POINT('',(-5.901925756193,3.498019654312,
    -7.444781487018));
#6668 = CARTESIAN_POINT('',(-5.955358582305,3.5,-7.401919511295));
#6669 = CARTESIAN_POINT('',(-6.008508033527,3.5,-7.35852099345));
#6670 = PCURVE('',#6343,#6671);
#6671 = DEFINITIONAL_REPRESENTATION('',(#6672),#6705);
#6672 = B_SPLINE_CURVE_WITH_KNOTS('',6,(#6673,#6674,#6675,#6676,#6677,
    #6678,#6679,#6680,#6681,#6682,#6683,#6684,#6685,#6686,#6687,#6688,
    #6689,#6690,#6691,#6692,#6693,#6694,#6695,#6696,#6697,#6698,#6699,
    #6700,#6701,#6702,#6703,#6704),.UNSPECIFIED.,.F.,.F.,(7,5,5,5,5,5,7)
  ,(0.,0.223052290803,0.328552170625,0.410465628034,0.63864179203,
    0.880131862106,1.),.UNSPECIFIED.);
#6673 = CARTESIAN_POINT('',(-5.140426043712,1.6));
#6674 = CARTESIAN_POINT('',(-5.140426043712,1.492471986148));
#6675 = CARTESIAN_POINT('',(-5.142067514287,1.385926394701));
#6676 = CARTESIAN_POINT('',(-5.145294529734,1.281538786891));
#6677 = CARTESIAN_POINT('',(-5.149967563011,1.180510731478));
#6678 = CARTESIAN_POINT('',(-5.155861789936,1.084086300444));
#6679 = CARTESIAN_POINT('',(-5.165875910753,0.950677990575));
#6680 = CARTESIAN_POINT('',(-5.169308112507,0.908958766146));
#6681 = CARTESIAN_POINT('',(-5.172938055696,0.868362040165));
#6682 = CARTESIAN_POINT('',(-5.176748389194,0.828889459896));
#6683 = CARTESIAN_POINT('',(-5.180723282684,0.790540727182));
#6684 = CARTESIAN_POINT('',(-5.188051319454,0.72440927334));
#6685 = CARTESIAN_POINT('',(-5.191345368885,0.696175877752));
#6686 = CARTESIAN_POINT('',(-5.194724510489,0.66860767802));
#6687 = CARTESIAN_POINT('',(-5.198183343319,0.641698847812));
#6688 = CARTESIAN_POINT('',(-5.201717129941,0.615443468124));
#6689 = CARTESIAN_POINT('',(-5.215362869042,0.518502660934));
#6690 = CARTESIAN_POINT('',(-5.225959684598,0.45215275172));
#6691 = CARTESIAN_POINT('',(-5.237017450247,0.390723530666));
#6692 = CARTESIAN_POINT('',(-5.24847259034,0.334164619515));
#6693 = CARTESIAN_POINT('',(-5.260284740195,0.282480875653));
#6694 = CARTESIAN_POINT('',(-5.285281332655,0.186345389005));
#6695 = CARTESIAN_POINT('',(-5.29850281972,0.142502399938));
#6696 = CARTESIAN_POINT('',(-5.312042246017,0.104445740019));
#6697 = CARTESIAN_POINT('',(-5.325858242292,7.245891645454E-02));
#6698 = CARTESIAN_POINT('',(-5.339912094546,4.692479122582E-02));
#6699 = CARTESIAN_POINT('',(-5.361233433168,1.911568616089E-02));
#6700 = CARTESIAN_POINT('',(-5.368352875677,1.160481484961E-02));
#6701 = CARTESIAN_POINT('',(-5.375511075028,5.871184496429E-03));
#6702 = CARTESIAN_POINT('',(-5.38269964225,1.980345687714E-03));
#6703 = CARTESIAN_POINT('',(-5.389909865428,-1.094527475837E-15));
#6704 = CARTESIAN_POINT('',(-5.397132709701,-1.110223024625E-15));
#6705 = ( GEOMETRIC_REPRESENTATION_CONTEXT(2) 
PARAMETRIC_REPRESENTATION_CONTEXT() REPRESENTATION_CONTEXT('2D SPACE',''
  ) );
#6706 = PCURVE('',#6371,#6707);
#6707 = DEFINITIONAL_REPRESENTATION('',(#6708),#6741);
#6708 = B_SPLINE_CURVE_WITH_KNOTS('',6,(#6709,#6710,#6711,#6712,#6713,
    #6714,#6715,#6716,#6717,#6718,#6719,#6720,#6721,#6722,#6723,#6724,
    #6725,#6726,#6727,#6728,#6729,#6730,#6731,#6732,#6733,#6734,#6735,
    #6736,#6737,#6738,#6739,#6740),.UNSPECIFIED.,.F.,.F.,(7,5,5,5,5,5,7)
  ,(0.,0.223052290803,0.328552170625,0.410465628034,0.63864179203,
    0.880131862106,1.),.UNSPECIFIED.);
#6709 = CARTESIAN_POINT('',(0.,3.995383846177));
#6710 = CARTESIAN_POINT('',(-6.720500865759E-02,3.995383846177));
#6711 = CARTESIAN_POINT('',(-0.133795866385,4.008344395334));
#6712 = CARTESIAN_POINT('',(-0.199585133159,4.03382441408));
#6713 = CARTESIAN_POINT('',(-0.26431502456,4.070613942314));
#6714 = CARTESIAN_POINT('',(-0.327600835866,4.116752044371));
#6715 = CARTESIAN_POINT('',(-0.417705037634,4.194625269819));
#6716 = CARTESIAN_POINT('',(-0.446293928459,4.221247613535));
#6717 = CARTESIAN_POINT('',(-0.474561031449,4.249322201676));
#6718 = CARTESIAN_POINT('',(-0.502527174811,4.278697188267));
#6719 = CARTESIAN_POINT('',(-0.530211746857,4.309233466581));
#6720 = CARTESIAN_POINT('',(-0.578923191836,4.365317553511));
#6721 = CARTESIAN_POINT('',(-0.600058795192,4.390458796285));
#6722 = CARTESIAN_POINT('',(-0.621051630724,4.416174170381));
#6723 = CARTESIAN_POINT('',(-0.641913931433,4.442414877532));
#6724 = CARTESIAN_POINT('',(-0.662658038673,4.469137548283));
#6725 = CARTESIAN_POINT('',(-0.740786132898,4.571979132952));
#6726 = CARTESIAN_POINT('',(-0.797488826204,4.651142673183));
#6727 = CARTESIAN_POINT('',(-0.853630818148,4.732921312094));
#6728 = CARTESIAN_POINT('',(-0.909439144151,4.816700822676));
#6729 = CARTESIAN_POINT('',(-0.965150068258,4.902052695475));
#6730 = CARTESIAN_POINT('',(-1.080144985398,5.080321871277));
#6731 = CARTESIAN_POINT('',(-1.139434874515,5.173369708423));
#6732 = CARTESIAN_POINT('',(-1.199092187148,5.267280824125));
#6733 = CARTESIAN_POINT('',(-1.259316899465,5.361615836047));
#6734 = CARTESIAN_POINT('',(-1.320313555725,5.455974829861));
#6735 = CARTESIAN_POINT('',(-1.413069285953,5.596600816769));
#6736 = CARTESIAN_POINT('',(-1.444076843673,5.643147150347));
#6737 = CARTESIAN_POINT('',(-1.475337513568,5.689524094458));
#6738 = CARTESIAN_POINT('',(-1.506866528614,5.735664929106));
#6739 = CARTESIAN_POINT('',(-1.538680281934,5.781504110284));
#6740 = CARTESIAN_POINT('',(-1.570796326795,5.826977269975));
#6741 = ( GEOMETRIC_REPRESENTATION_CONTEXT(2) 
PARAMETRIC_REPRESENTATION_CONTEXT() REPRESENTATION_CONTEXT('2D SPACE',''
  ) );
#6742 = ORIENTED_EDGE('',*,*,#6743,.F.);
#6743 = EDGE_CURVE('',#6321,#6634,#6744,.T.);
#6744 = SURFACE_CURVE('',#6745,(#6749,#6756),.PCURVE_S1.);
#6745 = LINE('',#6746,#6747);
#6746 = CARTESIAN_POINT('',(-5.830951894845,3.5,-7.5));
#6747 = VECTOR('',#6748,1.);
#6748 = DIRECTION('',(-0.,-1.,2.22044604925E-16));
#6749 = PCURVE('',#6343,#6750);
#6750 = DEFINITIONAL_REPRESENTATION('',(#6751),#6755);
#6751 = LINE('',#6752,#6753);
#6752 = CARTESIAN_POINT('',(-5.373234276208,-1.665334536938E-15));
#6753 = VECTOR('',#6754,1.);
#6754 = DIRECTION('',(-0.,1.));
#6755 = ( GEOMETRIC_REPRESENTATION_CONTEXT(2) 
PARAMETRIC_REPRESENTATION_CONTEXT() REPRESENTATION_CONTEXT('2D SPACE',''
  ) );
#6756 = PCURVE('',#6397,#6757);
#6757 = DEFINITIONAL_REPRESENTATION('',(#6758),#6762);
#6758 = LINE('',#6759,#6760);
#6759 = CARTESIAN_POINT('',(-1.830951894845,7.));
#6760 = VECTOR('',#6761,1.);
#6761 = DIRECTION('',(-0.,-1.));
#6762 = ( GEOMETRIC_REPRESENTATION_CONTEXT(2) 
PARAMETRIC_REPRESENTATION_CONTEXT() REPRESENTATION_CONTEXT('2D SPACE',''
  ) );
#6763 = ADVANCED_FACE('',(#6764),#6397,.T.);
#6764 = FACE_BOUND('',#6765,.F.);
#6765 = EDGE_LOOP('',(#6766,#6767,#6796));
#6766 = ORIENTED_EDGE('',*,*,#6743,.T.);
#6767 = ORIENTED_EDGE('',*,*,#6768,.F.);
#6768 = EDGE_CURVE('',#6356,#6634,#6769,.T.);
#6769 = SURFACE_CURVE('',#6770,(#6775,#6786),.PCURVE_S1.);
#6770 = ELLIPSE('',#6771,9.942912607034,1.6);
#6771 = AXIS2_PLACEMENT_3D('',#6772,#6773,#6774);
#6772 = CARTESIAN_POINT('',(-6.876245940367,1.9,-7.5));
#6773 = DIRECTION('',(0.,0.,-1.));
#6774 = DIRECTION('',(-1.,-1.810146235802E-17,-0.));
#6775 = PCURVE('',#6397,#6776);
#6776 = DEFINITIONAL_REPRESENTATION('',(#6777),#6785);
#6777 = ( BOUNDED_CURVE() B_SPLINE_CURVE(2,(#6778,#6779,#6780,#6781,
#6782,#6783,#6784),.UNSPECIFIED.,.T.,.F.) B_SPLINE_CURVE_WITH_KNOTS((1,2
    ,2,2,2,1),(-2.094395102393,0.,2.094395102393,4.188790204786,
6.28318530718,8.377580409573),.UNSPECIFIED.) CURVE() 
GEOMETRIC_REPRESENTATION_ITEM() RATIONAL_B_SPLINE_CURVE((1.,0.5,1.,0.5,
1.,0.5,1.)) REPRESENTATION_ITEM('') );
#6778 = CARTESIAN_POINT('',(-12.8191585474,5.4));
#6779 = CARTESIAN_POINT('',(-12.8191585474,8.17128129211));
#6780 = CARTESIAN_POINT('',(2.09521036315,6.785640646055));
#6781 = CARTESIAN_POINT('',(17.0095792737,5.4));
#6782 = CARTESIAN_POINT('',(2.09521036315,4.014359353945));
#6783 = CARTESIAN_POINT('',(-12.8191585474,2.62871870789));
#6784 = CARTESIAN_POINT('',(-12.8191585474,5.4));
#6785 = ( GEOMETRIC_REPRESENTATION_CONTEXT(2) 
PARAMETRIC_REPRESENTATION_CONTEXT() REPRESENTATION_CONTEXT('2D SPACE',''
  ) );
#6786 = PCURVE('',#6371,#6787);
#6787 = DEFINITIONAL_REPRESENTATION('',(#6788),#6795);
#6788 = B_SPLINE_CURVE_WITH_KNOTS('',5,(#6789,#6790,#6791,#6792,#6793,
    #6794),.UNSPECIFIED.,.F.,.F.,(6,6),(1.570796326795,1.949520461188),
  .PIECEWISE_BEZIER_KNOTS.);
#6789 = CARTESIAN_POINT('',(-1.570796326795,6.706173143635));
#6790 = CARTESIAN_POINT('',(-1.495051499916,5.962863909199));
#6791 = CARTESIAN_POINT('',(-1.419306673037,5.219554527748));
#6792 = CARTESIAN_POINT('',(-1.343561846159,4.485130430661));
#6793 = CARTESIAN_POINT('',(-1.26781701928,3.768473441572));
#6794 = CARTESIAN_POINT('',(-1.192072192401,3.07783723705));
#6795 = ( GEOMETRIC_REPRESENTATION_CONTEXT(2) 
PARAMETRIC_REPRESENTATION_CONTEXT() REPRESENTATION_CONTEXT('2D SPACE',''
  ) );
#6796 = ORIENTED_EDGE('',*,*,#6383,.F.);
#6797 = ADVANCED_FACE('',(#6798),#6371,.T.);
#6798 = FACE_BOUND('',#6799,.F.);
#6799 = EDGE_LOOP('',(#6800,#6801,#6802));
#6800 = ORIENTED_EDGE('',*,*,#6633,.T.);
#6801 = ORIENTED_EDGE('',*,*,#6355,.T.);
#6802 = ORIENTED_EDGE('',*,*,#6768,.T.);
#6803 = ( GEOMETRIC_REPRESENTATION_CONTEXT(3) 
GLOBAL_UNCERTAINTY_ASSIGNED_CONTEXT((#6807)) 
GLOBAL_UNIT_ASSIGNED_CONTEXT((#6804,#6805,#6806)) REPRESENTATION_CONTEXT
('Context #1','3D Context with UNIT and UNCERTAINTY') );
#6804 = ( LENGTH_UNIT() NAMED_UNIT(*) SI_UNIT(.MILLI.,.METRE.) );
#6805 = ( NAMED_UNIT(*) PLANE_ANGLE_UNIT() SI_UNIT($,.RADIAN.) );
#6806 = ( NAMED_UNIT(*) SI_UNIT($,.STERADIAN.) SOLID_ANGLE_UNIT() );
#6807 = UNCERTAINTY_MEASURE_WITH_UNIT(LENGTH_MEASURE(2.E-07),#6804,
  'distance_accuracy_value','confusion accuracy');
#6808 = CONTEXT_DEPENDENT_SHAPE_REPRESENTATION(#6809,#6811);
#6809 = ( REPRESENTATION_RELATIONSHIP('','',#3248,#10) 
REPRESENTATION_RELATIONSHIP_WITH_TRANSFORMATION(#6810) 
SHAPE_REPRESENTATION_RELATIONSHIP() );
#6810 = ITEM_DEFINED_TRANSFORMATION('','',#11,#19);
#6811 = PRODUCT_DEFINITION_SHAPE('Placement','Placement of an item',
  #6812);
#6812 = NEXT_ASSEMBLY_USAGE_OCCURRENCE('76','left_shoulder_arm','',#5,
  #3243,$);
#6813 = PRODUCT_RELATED_PRODUCT_CATEGORY('part',$,(#3245));
#6814 = SHAPE_DEFINITION_REPRESENTATION(#6815,#6821);
#6815 = PRODUCT_DEFINITION_SHAPE('','',#6816);
#6816 = PRODUCT_DEFINITION('design','',#6817,#6820);
#6817 = PRODUCT_DEFINITION_FORMATION('','',#6818);
#6818 = PRODUCT('right_shoulder_arm','right_shoulder_arm','',(#6819));
#6819 = PRODUCT_CONTEXT('',#2,'mechanical');
#6820 = PRODUCT_DEFINITION_CONTEXT('part definition',#2,'design');
#6821 = ADVANCED_BREP_SHAPE_REPRESENTATION('',(#11,#6822),#10288);
#6822 = MANIFOLD_SOLID_BREP('',#6823);
#6823 = CLOSED_SHELL('',(#6824,#7205,#7413,#7787,#7896,#8431,#8486,#8585
    ,#8634,#8796,#9371,#9504,#9534,#9540,#9590,#9639,#9666,#9715,#9762,
    #9904,#9931,#9958,#9985,#9992,#10019,#10026,#10052,#10079,#10085,
    #10112,#10119,#10252,#10282));
#6824 = ADVANCED_FACE('',(#6825,#7087,#7174),#6839,.T.);
#6825 = FACE_BOUND('',#6826,.T.);
#6826 = EDGE_LOOP('',(#6827,#6862,#6891,#6919,#6947,#6975,#7003,#7032,
    #7060));
#6827 = ORIENTED_EDGE('',*,*,#6828,.T.);
#6828 = EDGE_CURVE('',#6829,#6831,#6833,.T.);
#6829 = VERTEX_POINT('',#6830);
#6830 = CARTESIAN_POINT('',(150.23835053045,-3.5,-17.75242513989));
#6831 = VERTEX_POINT('',#6832);
#6832 = CARTESIAN_POINT('',(6.05097460369,-3.5,7.323640238672));
#6833 = SURFACE_CURVE('',#6834,(#6838,#6850),.PCURVE_S1.);
#6834 = LINE('',#6835,#6836);
#6835 = CARTESIAN_POINT('',(183.72585412039,-3.5,-23.57633880771));
#6836 = VECTOR('',#6837,1.);
#6837 = DIRECTION('',(-0.98521175482,1.902269172752E-17,0.171341174751)
  );
#6838 = PCURVE('',#6839,#6844);
#6839 = PLANE('',#6840);
#6840 = AXIS2_PLACEMENT_3D('',#6841,#6842,#6843);
#6841 = CARTESIAN_POINT('',(91.548124153677,-3.5,-14.41693272575));
#6842 = DIRECTION('',(0.,-1.,1.110223024625E-16));
#6843 = DIRECTION('',(1.,0.,0.));
#6844 = DEFINITIONAL_REPRESENTATION('',(#6845),#6849);
#6845 = LINE('',#6846,#6847);
#6846 = CARTESIAN_POINT('',(92.177729966721,-9.159406081956));
#6847 = VECTOR('',#6848,1.);
#6848 = DIRECTION('',(-0.98521175482,0.171341174751));
#6849 = ( GEOMETRIC_REPRESENTATION_CONTEXT(2) 
PARAMETRIC_REPRESENTATION_CONTEXT() REPRESENTATION_CONTEXT('2D SPACE',''
  ) );
#6850 = PCURVE('',#6851,#6856);
#6851 = CYLINDRICAL_SURFACE('',#6852,1.6);
#6852 = AXIS2_PLACEMENT_3D('',#6853,#6854,#6855);
#6853 = CARTESIAN_POINT('',(183.72585412039,-1.9,-23.57633880771));
#6854 = DIRECTION('',(-0.98521175482,1.902269172752E-17,0.171341174751)
  );
#6855 = DIRECTION('',(0.171341174751,1.093804774332E-16,0.98521175482));
#6856 = DEFINITIONAL_REPRESENTATION('',(#6857),#6861);
#6857 = LINE('',#6858,#6859);
#6858 = CARTESIAN_POINT('',(-1.570796326795,0.));
#6859 = VECTOR('',#6860,1.);
#6860 = DIRECTION('',(-0.,1.));
#6861 = ( GEOMETRIC_REPRESENTATION_CONTEXT(2) 
PARAMETRIC_REPRESENTATION_CONTEXT() REPRESENTATION_CONTEXT('2D SPACE',''
  ) );
#6862 = ORIENTED_EDGE('',*,*,#6863,.T.);
#6863 = EDGE_CURVE('',#6831,#6864,#6866,.T.);
#6864 = VERTEX_POINT('',#6865);
#6865 = CARTESIAN_POINT('',(4.,-3.5,-8.616843969807));
#6866 = SURFACE_CURVE('',#6867,(#6872,#6879),.PCURVE_S1.);
#6867 = CIRCLE('',#6868,9.5);
#6868 = AXIS2_PLACEMENT_3D('',#6869,#6870,#6871);
#6869 = CARTESIAN_POINT('',(0.,-3.5,1.554312234475E-15));
#6870 = DIRECTION('',(0.,-1.,2.22044604925E-16));
#6871 = DIRECTION('',(1.,0.,0.));
#6872 = PCURVE('',#6839,#6873);
#6873 = DEFINITIONAL_REPRESENTATION('',(#6874),#6878);
#6874 = CIRCLE('',#6875,9.5);
#6875 = AXIS2_PLACEMENT_2D('',#6876,#6877);
#6876 = CARTESIAN_POINT('',(-91.54812415367,14.416932725756));
#6877 = DIRECTION('',(1.,0.));
#6878 = ( GEOMETRIC_REPRESENTATION_CONTEXT(2) 
PARAMETRIC_REPRESENTATION_CONTEXT() REPRESENTATION_CONTEXT('2D SPACE',''
  ) );
#6879 = PCURVE('',#6880,#6885);
#6880 = CYLINDRICAL_SURFACE('',#6881,9.5);
#6881 = AXIS2_PLACEMENT_3D('',#6882,#6883,#6884);
#6882 = CARTESIAN_POINT('',(0.,3.5,0.));
#6883 = DIRECTION('',(0.,-1.,2.22044604925E-16));
#6884 = DIRECTION('',(1.,0.,0.));
#6885 = DEFINITIONAL_REPRESENTATION('',(#6886),#6890);
#6886 = LINE('',#6887,#6888);
#6887 = CARTESIAN_POINT('',(0.,7.));
#6888 = VECTOR('',#6889,1.);
#6889 = DIRECTION('',(1.,0.));
#6890 = ( GEOMETRIC_REPRESENTATION_CONTEXT(2) 
PARAMETRIC_REPRESENTATION_CONTEXT() REPRESENTATION_CONTEXT('2D SPACE',''
  ) );
#6891 = ORIENTED_EDGE('',*,*,#6892,.F.);
#6892 = EDGE_CURVE('',#6893,#6864,#6895,.T.);
#6893 = VERTEX_POINT('',#6894);
#6894 = CARTESIAN_POINT('',(4.,-3.5,-12.));
#6895 = SURFACE_CURVE('',#6896,(#6900,#6907),.PCURVE_S1.);
#6896 = LINE('',#6897,#6898);
#6897 = CARTESIAN_POINT('',(4.,-3.5,-12.));
#6898 = VECTOR('',#6899,1.);
#6899 = DIRECTION('',(0.,0.,1.));
#6900 = PCURVE('',#6839,#6901);
#6901 = DEFINITIONAL_REPRESENTATION('',(#6902),#6906);
#6902 = LINE('',#6903,#6904);
#6903 = CARTESIAN_POINT('',(-87.54812415367,2.416932725756));
#6904 = VECTOR('',#6905,1.);
#6905 = DIRECTION('',(0.,1.));
#6906 = ( GEOMETRIC_REPRESENTATION_CONTEXT(2) 
PARAMETRIC_REPRESENTATION_CONTEXT() REPRESENTATION_CONTEXT('2D SPACE',''
  ) );
#6907 = PCURVE('',#6908,#6913);
#6908 = PLANE('',#6909);
#6909 = AXIS2_PLACEMENT_3D('',#6910,#6911,#6912);
#6910 = CARTESIAN_POINT('',(4.,-3.5,-12.));
#6911 = DIRECTION('',(1.,0.,-0.));
#6912 = DIRECTION('',(0.,0.,1.));
#6913 = DEFINITIONAL_REPRESENTATION('',(#6914),#6918);
#6914 = LINE('',#6915,#6916);
#6915 = CARTESIAN_POINT('',(0.,0.));
#6916 = VECTOR('',#6917,1.);
#6917 = DIRECTION('',(1.,0.));
#6918 = ( GEOMETRIC_REPRESENTATION_CONTEXT(2) 
PARAMETRIC_REPRESENTATION_CONTEXT() REPRESENTATION_CONTEXT('2D SPACE',''
  ) );
#6919 = ORIENTED_EDGE('',*,*,#6920,.T.);
#6920 = EDGE_CURVE('',#6893,#6921,#6923,.T.);
#6921 = VERTEX_POINT('',#6922);
#6922 = CARTESIAN_POINT('',(12.,-3.5,-12.));
#6923 = SURFACE_CURVE('',#6924,(#6928,#6935),.PCURVE_S1.);
#6924 = LINE('',#6925,#6926);
#6925 = CARTESIAN_POINT('',(4.,-3.5,-12.));
#6926 = VECTOR('',#6927,1.);
#6927 = DIRECTION('',(1.,0.,-0.));
#6928 = PCURVE('',#6839,#6929);
#6929 = DEFINITIONAL_REPRESENTATION('',(#6930),#6934);
#6930 = LINE('',#6931,#6932);
#6931 = CARTESIAN_POINT('',(-87.54812415367,2.416932725756));
#6932 = VECTOR('',#6933,1.);
#6933 = DIRECTION('',(1.,0.));
#6934 = ( GEOMETRIC_REPRESENTATION_CONTEXT(2) 
PARAMETRIC_REPRESENTATION_CONTEXT() REPRESENTATION_CONTEXT('2D SPACE',''
  ) );
#6935 = PCURVE('',#6936,#6941);
#6936 = PLANE('',#6937);
#6937 = AXIS2_PLACEMENT_3D('',#6938,#6939,#6940);
#6938 = CARTESIAN_POINT('',(4.,-3.5,-12.));
#6939 = DIRECTION('',(0.,0.,1.));
#6940 = DIRECTION('',(1.,0.,-0.));
#6941 = DEFINITIONAL_REPRESENTATION('',(#6942),#6946);
#6942 = LINE('',#6943,#6944);
#6943 = CARTESIAN_POINT('',(0.,0.));
#6944 = VECTOR('',#6945,1.);
#6945 = DIRECTION('',(1.,0.));
#6946 = ( GEOMETRIC_REPRESENTATION_CONTEXT(2) 
PARAMETRIC_REPRESENTATION_CONTEXT() REPRESENTATION_CONTEXT('2D SPACE',''
  ) );
#6947 = ORIENTED_EDGE('',*,*,#6948,.T.);
#6948 = EDGE_CURVE('',#6921,#6949,#6951,.T.);
#6949 = VERTEX_POINT('',#6950);
#6950 = CARTESIAN_POINT('',(12.,-3.5,-8.335394683636));
#6951 = SURFACE_CURVE('',#6952,(#6956,#6963),.PCURVE_S1.);
#6952 = LINE('',#6953,#6954);
#6953 = CARTESIAN_POINT('',(12.,-3.5,-12.));
#6954 = VECTOR('',#6955,1.);
#6955 = DIRECTION('',(0.,0.,1.));
#6956 = PCURVE('',#6839,#6957);
#6957 = DEFINITIONAL_REPRESENTATION('',(#6958),#6962);
#6958 = LINE('',#6959,#6960);
#6959 = CARTESIAN_POINT('',(-79.54812415367,2.416932725756));
#6960 = VECTOR('',#6961,1.);
#6961 = DIRECTION('',(0.,1.));
#6962 = ( GEOMETRIC_REPRESENTATION_CONTEXT(2) 
PARAMETRIC_REPRESENTATION_CONTEXT() REPRESENTATION_CONTEXT('2D SPACE',''
  ) );
#6963 = PCURVE('',#6964,#6969);
#6964 = PLANE('',#6965);
#6965 = AXIS2_PLACEMENT_3D('',#6966,#6967,#6968);
#6966 = CARTESIAN_POINT('',(12.,-3.5,-12.));
#6967 = DIRECTION('',(1.,0.,-0.));
#6968 = DIRECTION('',(0.,0.,1.));
#6969 = DEFINITIONAL_REPRESENTATION('',(#6970),#6974);
#6970 = LINE('',#6971,#6972);
#6971 = CARTESIAN_POINT('',(0.,0.));
#6972 = VECTOR('',#6973,1.);
#6973 = DIRECTION('',(1.,0.));
#6974 = ( GEOMETRIC_REPRESENTATION_CONTEXT(2) 
PARAMETRIC_REPRESENTATION_CONTEXT() REPRESENTATION_CONTEXT('2D SPACE',''
  ) );
#6975 = ORIENTED_EDGE('',*,*,#6976,.T.);
#6976 = EDGE_CURVE('',#6949,#6977,#6979,.T.);
#6977 = VERTEX_POINT('',#6978);
#6978 = CARTESIAN_POINT('',(178.11527096114,-3.5,-35.41940625338));
#6979 = SURFACE_CURVE('',#6980,(#6984,#6991),.PCURVE_S1.);
#6980 = LINE('',#6981,#6982);
#6981 = CARTESIAN_POINT('',(0.257469828126,-3.5,-6.42085172083));
#6982 = VECTOR('',#6983,1.);
#6983 = DIRECTION('',(0.986967674481,-1.78655582082E-17,-0.160918642578)
  );
#6984 = PCURVE('',#6839,#6985);
#6985 = DEFINITIONAL_REPRESENTATION('',(#6986),#6990);
#6986 = LINE('',#6987,#6988);
#6987 = CARTESIAN_POINT('',(-91.29065432555,7.996081004926));
#6988 = VECTOR('',#6989,1.);
#6989 = DIRECTION('',(0.986967674481,-0.160918642578));
#6990 = ( GEOMETRIC_REPRESENTATION_CONTEXT(2) 
PARAMETRIC_REPRESENTATION_CONTEXT() REPRESENTATION_CONTEXT('2D SPACE',''
  ) );
#6991 = PCURVE('',#6992,#6997);
#6992 = CYLINDRICAL_SURFACE('',#6993,1.6);
#6993 = AXIS2_PLACEMENT_3D('',#6994,#6995,#6996);
#6994 = CARTESIAN_POINT('',(0.257469828126,-1.9,-6.42085172083));
#6995 = DIRECTION('',(0.986967674481,-1.78655582082E-17,-0.160918642578)
  );
#6996 = DIRECTION('',(-0.160918642578,-1.09575423677E-16,-0.986967674481
    ));
#6997 = DEFINITIONAL_REPRESENTATION('',(#6998),#7002);
#6998 = LINE('',#6999,#7000);
#6999 = CARTESIAN_POINT('',(-1.570796326795,0.));
#7000 = VECTOR('',#7001,1.);
#7001 = DIRECTION('',(-0.,1.));
#7002 = ( GEOMETRIC_REPRESENTATION_CONTEXT(2) 
PARAMETRIC_REPRESENTATION_CONTEXT() REPRESENTATION_CONTEXT('2D SPACE',''
  ) );
#7003 = ORIENTED_EDGE('',*,*,#7004,.T.);
#7004 = EDGE_CURVE('',#6977,#7005,#7007,.T.);
#7005 = VERTEX_POINT('',#7006);
#7006 = CARTESIAN_POINT('',(180.19575239232,-3.5,-22.96240807239));
#7007 = SURFACE_CURVE('',#7008,(#7013,#7020),.PCURVE_S1.);
#7008 = CIRCLE('',#7009,8.);
#7009 = AXIS2_PLACEMENT_3D('',#7010,#7011,#7012);
#7010 = CARTESIAN_POINT('',(184.,-3.5,-30.));
#7011 = DIRECTION('',(-1.691021630299E-32,-1.,4.916655320746E-16));
#7012 = DIRECTION('',(-0.735591129857,-3.330669073875E-16,
    -0.677425781673));
#7013 = PCURVE('',#6839,#7014);
#7014 = DEFINITIONAL_REPRESENTATION('',(#7015),#7019);
#7015 = CIRCLE('',#7016,8.);
#7016 = AXIS2_PLACEMENT_2D('',#7017,#7018);
#7017 = CARTESIAN_POINT('',(92.451875846323,-15.58306727424));
#7018 = DIRECTION('',(-0.735591129857,-0.677425781673));
#7019 = ( GEOMETRIC_REPRESENTATION_CONTEXT(2) 
PARAMETRIC_REPRESENTATION_CONTEXT() REPRESENTATION_CONTEXT('2D SPACE',''
  ) );
#7020 = PCURVE('',#7021,#7026);
#7021 = CYLINDRICAL_SURFACE('',#7022,8.);
#7022 = AXIS2_PLACEMENT_3D('',#7023,#7024,#7025);
#7023 = CARTESIAN_POINT('',(184.,3.5,-30.));
#7024 = DIRECTION('',(0.,-1.,2.22044604925E-16));
#7025 = DIRECTION('',(1.,0.,0.));
#7026 = DEFINITIONAL_REPRESENTATION('',(#7027),#7031);
#7027 = LINE('',#7028,#7029);
#7028 = CARTESIAN_POINT('',(3.885850100327,7.));
#7029 = VECTOR('',#7030,1.);
#7030 = DIRECTION('',(1.,0.));
#7031 = ( GEOMETRIC_REPRESENTATION_CONTEXT(2) 
PARAMETRIC_REPRESENTATION_CONTEXT() REPRESENTATION_CONTEXT('2D SPACE',''
  ) );
#7032 = ORIENTED_EDGE('',*,*,#7033,.T.);
#7033 = EDGE_CURVE('',#7005,#7034,#7036,.T.);
#7034 = VERTEX_POINT('',#7035);
#7035 = CARTESIAN_POINT('',(156.70693569199,-3.5,-18.87739647233));
#7036 = SURFACE_CURVE('',#7037,(#7041,#7048),.PCURVE_S1.);
#7037 = LINE('',#7038,#7039);
#7038 = CARTESIAN_POINT('',(183.72585412039,-3.5,-23.57633880771));
#7039 = VECTOR('',#7040,1.);
#7040 = DIRECTION('',(-0.98521175482,1.902269172752E-17,0.171341174751)
  );
#7041 = PCURVE('',#6839,#7042);
#7042 = DEFINITIONAL_REPRESENTATION('',(#7043),#7047);
#7043 = LINE('',#7044,#7045);
#7044 = CARTESIAN_POINT('',(92.177729966721,-9.159406081956));
#7045 = VECTOR('',#7046,1.);
#7046 = DIRECTION('',(-0.98521175482,0.171341174751));
#7047 = ( GEOMETRIC_REPRESENTATION_CONTEXT(2) 
PARAMETRIC_REPRESENTATION_CONTEXT() REPRESENTATION_CONTEXT('2D SPACE',''
  ) );
#7048 = PCURVE('',#7049,#7054);
#7049 = CYLINDRICAL_SURFACE('',#7050,1.6);
#7050 = AXIS2_PLACEMENT_3D('',#7051,#7052,#7053);
#7051 = CARTESIAN_POINT('',(183.72585412039,-1.9,-23.57633880771));
#7052 = DIRECTION('',(-0.98521175482,1.902269172752E-17,0.171341174751)
  );
#7053 = DIRECTION('',(0.171341174751,1.093804774332E-16,0.98521175482));
#7054 = DEFINITIONAL_REPRESENTATION('',(#7055),#7059);
#7055 = LINE('',#7056,#7057);
#7056 = CARTESIAN_POINT('',(-1.570796326795,0.));
#7057 = VECTOR('',#7058,1.);
#7058 = DIRECTION('',(-0.,1.));
#7059 = ( GEOMETRIC_REPRESENTATION_CONTEXT(2) 
PARAMETRIC_REPRESENTATION_CONTEXT() REPRESENTATION_CONTEXT('2D SPACE',''
  ) );
#7060 = ORIENTED_EDGE('',*,*,#7061,.F.);
#7061 = EDGE_CURVE('',#6829,#7034,#7062,.T.);
#7062 = SURFACE_CURVE('',#7063,(#7068,#7075),.PCURVE_S1.);
#7063 = CIRCLE('',#7064,4.5);
#7064 = AXIS2_PLACEMENT_3D('',#7065,#7066,#7067);
#7065 = CARTESIAN_POINT('',(154.,-3.5,-15.28260869565));
#7066 = DIRECTION('',(0.,-1.,2.22044604925E-16));
#7067 = DIRECTION('',(1.,0.,0.));
#7068 = PCURVE('',#6839,#7069);
#7069 = DEFINITIONAL_REPRESENTATION('',(#7070),#7074);
#7070 = CIRCLE('',#7071,4.5);
#7071 = AXIS2_PLACEMENT_2D('',#7072,#7073);
#7072 = CARTESIAN_POINT('',(62.451875846323,-0.865675969896));
#7073 = DIRECTION('',(1.,0.));
#7074 = ( GEOMETRIC_REPRESENTATION_CONTEXT(2) 
PARAMETRIC_REPRESENTATION_CONTEXT() REPRESENTATION_CONTEXT('2D SPACE',''
  ) );
#7075 = PCURVE('',#7076,#7081);
#7076 = CYLINDRICAL_SURFACE('',#7077,4.5);
#7077 = AXIS2_PLACEMENT_3D('',#7078,#7079,#7080);
#7078 = CARTESIAN_POINT('',(154.,4.5,-15.28260869565));
#7079 = DIRECTION('',(0.,-1.,2.22044604925E-16));
#7080 = DIRECTION('',(1.,0.,0.));
#7081 = DEFINITIONAL_REPRESENTATION('',(#7082),#7086);
#7082 = LINE('',#7083,#7084);
#7083 = CARTESIAN_POINT('',(0.,8.));
#7084 = VECTOR('',#7085,1.);
#7085 = DIRECTION('',(1.,0.));
#7086 = ( GEOMETRIC_REPRESENTATION_CONTEXT(2) 
PARAMETRIC_REPRESENTATION_CONTEXT() REPRESENTATION_CONTEXT('2D SPACE',''
  ) );
#7087 = FACE_BOUND('',#7088,.T.);
#7088 = EDGE_LOOP('',(#7089,#7120,#7148));
#7089 = ORIENTED_EDGE('',*,*,#7090,.T.);
#7090 = EDGE_CURVE('',#7091,#7093,#7095,.T.);
#7091 = VERTEX_POINT('',#7092);
#7092 = CARTESIAN_POINT('',(5.830951894845,-3.5,-7.5));
#7093 = VERTEX_POINT('',#7094);
#7094 = CARTESIAN_POINT('',(6.008508033527,-3.5,-7.35852099345));
#7095 = SURFACE_CURVE('',#7096,(#7101,#7108),.PCURVE_S1.);
#7096 = CIRCLE('',#7097,9.5);
#7097 = AXIS2_PLACEMENT_3D('',#7098,#7099,#7100);
#7098 = CARTESIAN_POINT('',(0.,-3.5,1.554312234475E-15));
#7099 = DIRECTION('',(0.,-1.,2.22044604925E-16));
#7100 = DIRECTION('',(1.,0.,0.));
#7101 = PCURVE('',#6839,#7102);
#7102 = DEFINITIONAL_REPRESENTATION('',(#7103),#7107);
#7103 = CIRCLE('',#7104,9.5);
#7104 = AXIS2_PLACEMENT_2D('',#7105,#7106);
#7105 = CARTESIAN_POINT('',(-91.54812415367,14.416932725756));
#7106 = DIRECTION('',(1.,0.));
#7107 = ( GEOMETRIC_REPRESENTATION_CONTEXT(2) 
PARAMETRIC_REPRESENTATION_CONTEXT() REPRESENTATION_CONTEXT('2D SPACE',''
  ) );
#7108 = PCURVE('',#7109,#7114);
#7109 = CYLINDRICAL_SURFACE('',#7110,9.5);
#7110 = AXIS2_PLACEMENT_3D('',#7111,#7112,#7113);
#7111 = CARTESIAN_POINT('',(0.,3.5,0.));
#7112 = DIRECTION('',(0.,-1.,2.22044604925E-16));
#7113 = DIRECTION('',(1.,0.,0.));
#7114 = DEFINITIONAL_REPRESENTATION('',(#7115),#7119);
#7115 = LINE('',#7116,#7117);
#7116 = CARTESIAN_POINT('',(0.,7.));
#7117 = VECTOR('',#7118,1.);
#7118 = DIRECTION('',(1.,0.));
#7119 = ( GEOMETRIC_REPRESENTATION_CONTEXT(2) 
PARAMETRIC_REPRESENTATION_CONTEXT() REPRESENTATION_CONTEXT('2D SPACE',''
  ) );
#7120 = ORIENTED_EDGE('',*,*,#7121,.T.);
#7121 = EDGE_CURVE('',#7093,#7122,#7124,.T.);
#7122 = VERTEX_POINT('',#7123);
#7123 = CARTESIAN_POINT('',(6.876245940367,-3.5,-7.5));
#7124 = SURFACE_CURVE('',#7125,(#7129,#7136),.PCURVE_S1.);
#7125 = LINE('',#7126,#7127);
#7126 = CARTESIAN_POINT('',(0.257469828126,-3.5,-6.42085172083));
#7127 = VECTOR('',#7128,1.);
#7128 = DIRECTION('',(0.986967674481,-1.78655582082E-17,-0.160918642578)
  );
#7129 = PCURVE('',#6839,#7130);
#7130 = DEFINITIONAL_REPRESENTATION('',(#7131),#7135);
#7131 = LINE('',#7132,#7133);
#7132 = CARTESIAN_POINT('',(-91.29065432555,7.996081004926));
#7133 = VECTOR('',#7134,1.);
#7134 = DIRECTION('',(0.986967674481,-0.160918642578));
#7135 = ( GEOMETRIC_REPRESENTATION_CONTEXT(2) 
PARAMETRIC_REPRESENTATION_CONTEXT() REPRESENTATION_CONTEXT('2D SPACE',''
  ) );
#7136 = PCURVE('',#7137,#7142);
#7137 = CYLINDRICAL_SURFACE('',#7138,1.6);
#7138 = AXIS2_PLACEMENT_3D('',#7139,#7140,#7141);
#7139 = CARTESIAN_POINT('',(0.257469828126,-1.9,-6.42085172083));
#7140 = DIRECTION('',(0.986967674481,-1.78655582082E-17,-0.160918642578)
  );
#7141 = DIRECTION('',(-0.160918642578,-1.09575423677E-16,-0.986967674481
    ));
#7142 = DEFINITIONAL_REPRESENTATION('',(#7143),#7147);
#7143 = LINE('',#7144,#7145);
#7144 = CARTESIAN_POINT('',(-1.570796326795,0.));
#7145 = VECTOR('',#7146,1.);
#7146 = DIRECTION('',(-0.,1.));
#7147 = ( GEOMETRIC_REPRESENTATION_CONTEXT(2) 
PARAMETRIC_REPRESENTATION_CONTEXT() REPRESENTATION_CONTEXT('2D SPACE',''
  ) );
#7148 = ORIENTED_EDGE('',*,*,#7149,.F.);
#7149 = EDGE_CURVE('',#7091,#7122,#7150,.T.);
#7150 = SURFACE_CURVE('',#7151,(#7155,#7162),.PCURVE_S1.);
#7151 = LINE('',#7152,#7153);
#7152 = CARTESIAN_POINT('',(4.,-3.5,-7.5));
#7153 = VECTOR('',#7154,1.);
#7154 = DIRECTION('',(1.,0.,-0.));
#7155 = PCURVE('',#6839,#7156);
#7156 = DEFINITIONAL_REPRESENTATION('',(#7157),#7161);
#7157 = LINE('',#7158,#7159);
#7158 = CARTESIAN_POINT('',(-87.54812415367,6.916932725756));
#7159 = VECTOR('',#7160,1.);
#7160 = DIRECTION('',(1.,0.));
#7161 = ( GEOMETRIC_REPRESENTATION_CONTEXT(2) 
PARAMETRIC_REPRESENTATION_CONTEXT() REPRESENTATION_CONTEXT('2D SPACE',''
  ) );
#7162 = PCURVE('',#7163,#7168);
#7163 = PLANE('',#7164);
#7164 = AXIS2_PLACEMENT_3D('',#7165,#7166,#7167);
#7165 = CARTESIAN_POINT('',(4.,-3.5,-7.5));
#7166 = DIRECTION('',(0.,0.,1.));
#7167 = DIRECTION('',(1.,0.,-0.));
#7168 = DEFINITIONAL_REPRESENTATION('',(#7169),#7173);
#7169 = LINE('',#7170,#7171);
#7170 = CARTESIAN_POINT('',(0.,0.));
#7171 = VECTOR('',#7172,1.);
#7172 = DIRECTION('',(1.,0.));
#7173 = ( GEOMETRIC_REPRESENTATION_CONTEXT(2) 
PARAMETRIC_REPRESENTATION_CONTEXT() REPRESENTATION_CONTEXT('2D SPACE',''
  ) );
#7174 = FACE_BOUND('',#7175,.T.);
#7175 = EDGE_LOOP('',(#7176));
#7176 = ORIENTED_EDGE('',*,*,#7177,.F.);
#7177 = EDGE_CURVE('',#7178,#7178,#7180,.T.);
#7178 = VERTEX_POINT('',#7179);
#7179 = CARTESIAN_POINT('',(2.8,-3.5,1.090554631878E-15));
#7180 = SURFACE_CURVE('',#7181,(#7186,#7193),.PCURVE_S1.);
#7181 = CIRCLE('',#7182,2.8);
#7182 = AXIS2_PLACEMENT_3D('',#7183,#7184,#7185);
#7183 = CARTESIAN_POINT('',(0.,-3.5,1.7763568394E-15));
#7184 = DIRECTION('',(0.,-1.,2.22044604925E-16));
#7185 = DIRECTION('',(1.,0.,0.));
#7186 = PCURVE('',#6839,#7187);
#7187 = DEFINITIONAL_REPRESENTATION('',(#7188),#7192);
#7188 = CIRCLE('',#7189,2.8);
#7189 = AXIS2_PLACEMENT_2D('',#7190,#7191);
#7190 = CARTESIAN_POINT('',(-91.54812415367,14.416932725756));
#7191 = DIRECTION('',(1.,0.));
#7192 = ( GEOMETRIC_REPRESENTATION_CONTEXT(2) 
PARAMETRIC_REPRESENTATION_CONTEXT() REPRESENTATION_CONTEXT('2D SPACE',''
  ) );
#7193 = PCURVE('',#7194,#7199);
#7194 = CYLINDRICAL_SURFACE('',#7195,2.8);
#7195 = AXIS2_PLACEMENT_3D('',#7196,#7197,#7198);
#7196 = CARTESIAN_POINT('',(0.,4.5,0.));
#7197 = DIRECTION('',(0.,-1.,2.22044604925E-16));
#7198 = DIRECTION('',(1.,0.,0.));
#7199 = DEFINITIONAL_REPRESENTATION('',(#7200),#7204);
#7200 = LINE('',#7201,#7202);
#7201 = CARTESIAN_POINT('',(0.,8.));
#7202 = VECTOR('',#7203,1.);
#7203 = DIRECTION('',(1.,0.));
#7204 = ( GEOMETRIC_REPRESENTATION_CONTEXT(2) 
PARAMETRIC_REPRESENTATION_CONTEXT() REPRESENTATION_CONTEXT('2D SPACE',''
  ) );
#7205 = ADVANCED_FACE('',(#7206),#6851,.T.);
#7206 = FACE_BOUND('',#7207,.F.);
#7207 = EDGE_LOOP('',(#7208,#7238,#7331,#7332,#7388));
#7208 = ORIENTED_EDGE('',*,*,#7209,.F.);
#7209 = EDGE_CURVE('',#7210,#7212,#7214,.T.);
#7210 = VERTEX_POINT('',#7211);
#7211 = CARTESIAN_POINT('',(149.55922699747,-1.9,-16.01030034738));
#7212 = VERTEX_POINT('',#7213);
#7213 = CARTESIAN_POINT('',(1.874145879602,-1.9,9.674061586156));
#7214 = SURFACE_CURVE('',#7215,(#7219,#7226),.PCURVE_S1.);
#7215 = LINE('',#7216,#7217);
#7216 = CARTESIAN_POINT('',(184.,-1.9,-22.));
#7217 = VECTOR('',#7218,1.);
#7218 = DIRECTION('',(-0.98521175482,1.902269172752E-17,0.171341174751)
  );
#7219 = PCURVE('',#6851,#7220);
#7220 = DEFINITIONAL_REPRESENTATION('',(#7221),#7225);
#7221 = LINE('',#7222,#7223);
#7222 = CARTESIAN_POINT('',(-0.,0.));
#7223 = VECTOR('',#7224,1.);
#7224 = DIRECTION('',(-0.,1.));
#7225 = ( GEOMETRIC_REPRESENTATION_CONTEXT(2) 
PARAMETRIC_REPRESENTATION_CONTEXT() REPRESENTATION_CONTEXT('2D SPACE',''
  ) );
#7226 = PCURVE('',#7227,#7232);
#7227 = PLANE('',#7228);
#7228 = AXIS2_PLACEMENT_3D('',#7229,#7230,#7231);
#7229 = CARTESIAN_POINT('',(184.,-2.442490654175E-15,-22.));
#7230 = DIRECTION('',(0.171341174751,1.093804774332E-16,0.98521175482));
#7231 = DIRECTION('',(-0.98521175482,1.902269172752E-17,0.171341174751)
  );
#7232 = DEFINITIONAL_REPRESENTATION('',(#7233),#7237);
#7233 = LINE('',#7234,#7235);
#7234 = CARTESIAN_POINT('',(0.,1.9));
#7235 = VECTOR('',#7236,1.);
#7236 = DIRECTION('',(1.,0.));
#7237 = ( GEOMETRIC_REPRESENTATION_CONTEXT(2) 
PARAMETRIC_REPRESENTATION_CONTEXT() REPRESENTATION_CONTEXT('2D SPACE',''
  ) );
#7238 = ORIENTED_EDGE('',*,*,#7239,.T.);
#7239 = EDGE_CURVE('',#7210,#6829,#7240,.T.);
#7240 = SURFACE_CURVE('',#7241,(#7269,#7300),.PCURVE_S1.);
#7241 = B_SPLINE_CURVE_WITH_KNOTS('',6,(#7242,#7243,#7244,#7245,#7246,
    #7247,#7248,#7249,#7250,#7251,#7252,#7253,#7254,#7255,#7256,#7257,
    #7258,#7259,#7260,#7261,#7262,#7263,#7264,#7265,#7266,#7267,#7268),
  .UNSPECIFIED.,.F.,.F.,(7,5,5,5,5,7),(0.,0.377295183883,0.4781375865,
    0.650137764419,0.800287109595,1.),.UNSPECIFIED.);
#7242 = CARTESIAN_POINT('',(149.55922699747,-1.9,-16.01030034738));
#7243 = CARTESIAN_POINT('',(149.55922699747,-2.056784740821,
    -16.01030034738));
#7244 = CARTESIAN_POINT('',(149.5623834367,-2.213894264499,
    -16.02956204627));
#7245 = CARTESIAN_POINT('',(149.56872026025,-2.369138116019,
    -16.06823547184));
#7246 = CARTESIAN_POINT('',(149.57890469622,-2.52024567479,
    -16.12645479887));
#7247 = CARTESIAN_POINT('',(149.59426644294,-2.664783348655,
    -16.20429443863));
#7248 = CARTESIAN_POINT('',(149.62295436087,-2.836225247637,
    -16.32768540508));
#7249 = CARTESIAN_POINT('',(149.62951946493,-2.871692404205,
    -16.35508287848));
#7250 = CARTESIAN_POINT('',(149.63663375959,-2.906393898098,
    -16.3838291133));
#7251 = CARTESIAN_POINT('',(149.6443328481,-2.94025976978,-16.4138943446
    ));
#7252 = CARTESIAN_POINT('',(149.65265337738,-2.973224680684,
    -16.44524377753));
#7253 = CARTESIAN_POINT('',(149.67694904792,-3.059813698022,
    -16.53343068055));
#7254 = CARTESIAN_POINT('',(149.69419363738,-3.11164253376,
    -16.59268575248));
#7255 = CARTESIAN_POINT('',(149.71352226356,-3.160279697337,
    -16.65528858349));
#7256 = CARTESIAN_POINT('',(149.73507149852,-3.205391489869,
    -16.72085181805));
#7257 = CARTESIAN_POINT('',(149.75894060272,-3.246743234771,
    -16.78893610731));
#7258 = CARTESIAN_POINT('',(149.80807302861,-3.316893170776,
    -16.92029645557));
#7259 = CARTESIAN_POINT('',(149.83275132812,-3.346586464027,
    -16.98302394446));
#7260 = CARTESIAN_POINT('',(149.85922438081,-3.37318722486,
    -17.04691782138));
#7261 = CARTESIAN_POINT('',(149.88747092835,-3.396666775401,
    -17.11162086356));
#7262 = CARTESIAN_POINT('',(149.91742448804,-3.417055279074,
    -17.17676409635));
#7263 = CARTESIAN_POINT('',(149.99091867232,-3.457561766596,
    -17.32871488152));
#7264 = CARTESIAN_POINT('',(150.03562988073,-3.475340993686,
    -17.41547068116));
#7265 = CARTESIAN_POINT('',(150.08296989189,-3.488093276934,
    -17.50170628411));
#7266 = CARTESIAN_POINT('',(150.13273569457,-3.496178793596,
    -17.58691719805));
#7267 = CARTESIAN_POINT('',(150.18464834317,-3.5,-17.67063412066));
#7268 = CARTESIAN_POINT('',(150.23835053045,-3.5,-17.75242513989));
#7269 = PCURVE('',#6851,#7270);
#7270 = DEFINITIONAL_REPRESENTATION('',(#7271),#7299);
#7271 = B_SPLINE_CURVE_WITH_KNOTS('',6,(#7272,#7273,#7274,#7275,#7276,
    #7277,#7278,#7279,#7280,#7281,#7282,#7283,#7284,#7285,#7286,#7287,
    #7288,#7289,#7290,#7291,#7292,#7293,#7294,#7295,#7296,#7297,#7298),
  .UNSPECIFIED.,.F.,.F.,(7,5,5,5,5,7),(0.,0.377295183883,0.4781375865,
    0.650137764419,0.800287109595,1.),.UNSPECIFIED.);
#7272 = CARTESIAN_POINT('',(0.,34.957736582054));
#7273 = CARTESIAN_POINT('',(-9.799046301305E-02,34.957736582054));
#7274 = CARTESIAN_POINT('',(-0.196184017228,34.951326498902));
#7275 = CARTESIAN_POINT('',(-0.294904582579,34.938457035685));
#7276 = CARTESIAN_POINT('',(-0.394464167792,34.918447841762));
#7277 = CARTESIAN_POINT('',(-0.495188712247,34.889976132998));
#7278 = CARTESIAN_POINT('',(-0.624791072812,34.840570505893));
#7279 = CARTESIAN_POINT('',(-0.65221261104,34.829408172921));
#7280 = CARTESIAN_POINT('',(-0.679709630844,34.817473672547));
#7281 = CARTESIAN_POINT('',(-0.707271200234,34.804737027998));
#7282 = CARTESIAN_POINT('',(-0.734887510551,34.791168096077));
#7283 = CARTESIAN_POINT('',(-0.809731733863,34.752121668315));
#7284 = CARTESIAN_POINT('',(-0.857082466541,34.724979262432));
#7285 = CARTESIAN_POINT('',(-0.904450180592,34.695210030107));
#7286 = CARTESIAN_POINT('',(-0.951703723367,34.662745788886));
#7287 = CARTESIAN_POINT('',(-0.998724142971,34.627564024747));
#7288 = CARTESIAN_POINT('',(-1.086138960041,34.556650744831));
#7289 = CARTESIAN_POINT('',(-1.126576003202,34.521589592434));
#7290 = CARTESIAN_POINT('',(-1.166620615172,34.484560377808));
#7291 = CARTESIAN_POINT('',(-1.206187600754,34.445645251884));
#7292 = CARTESIAN_POINT('',(-1.245190545479,34.404972934739));
#7293 = CARTESIAN_POINT('',(-1.334546388521,34.306530174443));
#7294 = CARTESIAN_POINT('',(-1.384334467218,34.247615325715));
#7295 = CARTESIAN_POINT('',(-1.432893887692,34.186199680739));
#7296 = CARTESIAN_POINT('',(-1.480193752648,34.122569688851));
#7297 = CARTESIAN_POINT('',(-1.526183778211,34.057080581363));
#7298 = CARTESIAN_POINT('',(-1.570796326795,33.990158385874));
#7299 = ( GEOMETRIC_REPRESENTATION_CONTEXT(2) 
PARAMETRIC_REPRESENTATION_CONTEXT() REPRESENTATION_CONTEXT('2D SPACE',''
  ) );
#7300 = PCURVE('',#7076,#7301);
#7301 = DEFINITIONAL_REPRESENTATION('',(#7302),#7330);
#7302 = B_SPLINE_CURVE_WITH_KNOTS('',6,(#7303,#7304,#7305,#7306,#7307,
    #7308,#7309,#7310,#7311,#7312,#7313,#7314,#7315,#7316,#7317,#7318,
    #7319,#7320,#7321,#7322,#7323,#7324,#7325,#7326,#7327,#7328,#7329),
  .UNSPECIFIED.,.F.,.F.,(7,5,5,5,5,7),(0.,0.377295183883,0.4781375865,
    0.650137764419,0.800287109595,1.),.UNSPECIFIED.);
#7303 = CARTESIAN_POINT('',(3.304015114122,6.4));
#7304 = CARTESIAN_POINT('',(3.304015114122,6.556784740821));
#7305 = CARTESIAN_POINT('',(3.308352609178,6.713894264499));
#7306 = CARTESIAN_POINT('',(3.317061186893,6.869138116019));
#7307 = CARTESIAN_POINT('',(3.330194814751,7.02024567479));
#7308 = CARTESIAN_POINT('',(3.347816227849,7.164783348655));
#7309 = CARTESIAN_POINT('',(3.375967781747,7.336225247637));
#7310 = CARTESIAN_POINT('',(3.382228334373,7.371692404205));
#7311 = CARTESIAN_POINT('',(3.388808814878,7.406393898098));
#7312 = CARTESIAN_POINT('',(3.395705179198,7.44025976978));
#7313 = CARTESIAN_POINT('',(3.402912613669,7.473224680684));
#7314 = CARTESIAN_POINT('',(3.42323982522,7.559813698022));
#7315 = CARTESIAN_POINT('',(3.436952518837,7.61164253376));
#7316 = CARTESIAN_POINT('',(3.451509128793,7.660279697337));
#7317 = CARTESIAN_POINT('',(3.466841419454,7.705391489869));
#7318 = CARTESIAN_POINT('',(3.482870636589,7.746743234771));
#7319 = CARTESIAN_POINT('',(3.514036886433,7.816893170776));
#7320 = CARTESIAN_POINT('',(3.529014179867,7.846586464027));
#7321 = CARTESIAN_POINT('',(3.544379431375,7.87318722486));
#7322 = CARTESIAN_POINT('',(3.560063998497,7.896666775401));
#7323 = CARTESIAN_POINT('',(3.575994230239,7.917055279074));
#7324 = CARTESIAN_POINT('',(3.613503364099,7.957561766596));
#7325 = CARTESIAN_POINT('',(3.635185168688,7.975340993686));
#7326 = CARTESIAN_POINT('',(3.657034909757,7.988093276934));
#7327 = CARTESIAN_POINT('',(3.678951994262,7.996178793596));
#7328 = CARTESIAN_POINT('',(3.700834874265,8.));
#7329 = CARTESIAN_POINT('',(3.722578266332,8.));
#7330 = ( GEOMETRIC_REPRESENTATION_CONTEXT(2) 
PARAMETRIC_REPRESENTATION_CONTEXT() REPRESENTATION_CONTEXT('2D SPACE',''
  ) );
#7331 = ORIENTED_EDGE('',*,*,#6828,.T.);
#7332 = ORIENTED_EDGE('',*,*,#7333,.T.);
#7333 = EDGE_CURVE('',#6831,#7334,#7336,.T.);
#7334 = VERTEX_POINT('',#7335);
#7335 = CARTESIAN_POINT('',(1.813491941434,-2.903728955691,
    9.325301441688));
#7336 = SURFACE_CURVE('',#7337,(#7352,#7370),.PCURVE_S1.);
#7337 = B_SPLINE_CURVE_WITH_KNOTS('',7,(#7338,#7339,#7340,#7341,#7342,
    #7343,#7344,#7345,#7346,#7347,#7348,#7349,#7350,#7351),
  .UNSPECIFIED.,.F.,.F.,(8,6,8),(0.,0.514587253175,1.),.UNSPECIFIED.);
#7338 = CARTESIAN_POINT('',(6.05097460369,-3.5,7.323640238673));
#7339 = CARTESIAN_POINT('',(5.774641365004,-3.5,7.551953666824));
#7340 = CARTESIAN_POINT('',(5.488925389258,-3.477002773481,
    7.767551357219));
#7341 = CARTESIAN_POINT('',(5.196737101471,-3.437602320619,7.96820531497
    ));
#7342 = CARTESIAN_POINT('',(4.899937775258,-3.386823934561,
    8.153600411602));
#7343 = CARTESIAN_POINT('',(4.599355102557,-3.328752566516,8.32413726661
    ));
#7344 = CARTESIAN_POINT('',(4.294612280156,-3.266618129711,
    8.480813253847));
#7345 = CARTESIAN_POINT('',(3.688853823642,-3.144383514881,
    8.760551190402));
#7346 = CARTESIAN_POINT('',(3.386778924717,-3.083999448925,8.88585802734
    ));
#7347 = CARTESIAN_POINT('',(3.079690302228,-3.026442036372,
    8.998840006524));
#7348 = CARTESIAN_POINT('',(2.769551098433,-2.975949971587,
    9.098900567523));
#7349 = CARTESIAN_POINT('',(2.456950922929,-2.936670084189,
    9.186354485964));
#7350 = CARTESIAN_POINT('',(2.139652051592,-2.911929040317,
    9.261873150659));
#7351 = CARTESIAN_POINT('',(1.813489585102,-2.903728896449,
    9.325301899924));
#7352 = PCURVE('',#6851,#7353);
#7353 = DEFINITIONAL_REPRESENTATION('',(#7354),#7369);
#7354 = B_SPLINE_CURVE_WITH_KNOTS('',7,(#7355,#7356,#7357,#7358,#7359,
    #7360,#7361,#7362,#7363,#7364,#7365,#7366,#7367,#7368),
  .UNSPECIFIED.,.F.,.F.,(8,6,8),(0.,0.514587253175,1.),.UNSPECIFIED.);
#7355 = CARTESIAN_POINT('',(-1.570796326795,180.34181854562));
#7356 = CARTESIAN_POINT('',(-1.459802694633,180.65318479161));
#7357 = CARTESIAN_POINT('',(-1.357642631479,180.971616291));
#7358 = CARTESIAN_POINT('',(-1.263150694827,181.29386391159));
#7359 = CARTESIAN_POINT('',(-1.175658300836,181.61803991025));
#7360 = CARTESIAN_POINT('',(-1.09476962258,181.94339747777));
#7361 = CARTESIAN_POINT('',(-1.020239436141,182.2704787363));
#7362 = CARTESIAN_POINT('',(-0.888454978081,182.91520971491));
#7363 = CARTESIAN_POINT('',(-0.830063922652,183.23428767681));
#7364 = CARTESIAN_POINT('',(-0.778894737556,183.5561934625));
#7365 = CARTESIAN_POINT('',(-0.736502592604,183.87889074578));
#7366 = CARTESIAN_POINT('',(-0.704598641996,184.20185257036));
#7367 = CARTESIAN_POINT('',(-0.684701769406,184.52739860492));
#7368 = CARTESIAN_POINT('',(-0.678120620627,184.8596056573));
#7369 = ( GEOMETRIC_REPRESENTATION_CONTEXT(2) 
PARAMETRIC_REPRESENTATION_CONTEXT() REPRESENTATION_CONTEXT('2D SPACE',''
  ) );
#7370 = PCURVE('',#6880,#7371);
#7371 = DEFINITIONAL_REPRESENTATION('',(#7372),#7387);
#7372 = B_SPLINE_CURVE_WITH_KNOTS('',7,(#7373,#7374,#7375,#7376,#7377,
    #7378,#7379,#7380,#7381,#7382,#7383,#7384,#7385,#7386),
  .UNSPECIFIED.,.F.,.F.,(8,6,8),(0.,0.514587253175,1.),.UNSPECIFIED.);
#7373 = CARTESIAN_POINT('',(0.880267829001,7.));
#7374 = CARTESIAN_POINT('',(0.917999507466,7.));
#7375 = CARTESIAN_POINT('',(0.955639984482,6.977002773481));
#7376 = CARTESIAN_POINT('',(0.992891777521,6.937602320619));
#7377 = CARTESIAN_POINT('',(1.029667342587,6.886823934561));
#7378 = CARTESIAN_POINT('',(1.065995565522,6.828752566516));
#7379 = CARTESIAN_POINT('',(1.102032826501,6.766618129711));
#7380 = CARTESIAN_POINT('',(1.172267622337,6.644383514881));
#7381 = CARTESIAN_POINT('',(1.206665519035,6.583999448925));
#7382 = CARTESIAN_POINT('',(1.241063243422,6.526442036372));
#7383 = CARTESIAN_POINT('',(1.275317270315,6.475949971587));
#7384 = CARTESIAN_POINT('',(1.309444644474,6.436670084189));
#7385 = CARTESIAN_POINT('',(1.343747803074,6.411929040317));
#7386 = CARTESIAN_POINT('',(1.378723878915,6.403728896449));
#7387 = ( GEOMETRIC_REPRESENTATION_CONTEXT(2) 
PARAMETRIC_REPRESENTATION_CONTEXT() REPRESENTATION_CONTEXT('2D SPACE',''
  ) );
#7388 = ORIENTED_EDGE('',*,*,#7389,.T.);
#7389 = EDGE_CURVE('',#7334,#7212,#7390,.T.);
#7390 = SURFACE_CURVE('',#7391,(#7396,#7402),.PCURVE_S1.);
#7391 = CIRCLE('',#7392,1.6);
#7392 = AXIS2_PLACEMENT_3D('',#7393,#7394,#7395);
#7393 = CARTESIAN_POINT('',(1.6,-1.9,8.097722778445));
#7394 = DIRECTION('',(-0.98521175482,1.902269172752E-17,0.171341174751)
  );
#7395 = DIRECTION('',(0.171341174751,1.093804774332E-16,0.98521175482));
#7396 = PCURVE('',#6851,#7397);
#7397 = DEFINITIONAL_REPRESENTATION('',(#7398),#7401);
#7398 = B_SPLINE_CURVE_WITH_KNOTS('',1,(#7399,#7400),.UNSPECIFIED.,.F.,
  .F.,(2,2),(4.712388980385,6.28318530718),.PIECEWISE_BEZIER_KNOTS.);
#7399 = CARTESIAN_POINT('',(-1.570796326795,184.8596032573));
#7400 = CARTESIAN_POINT('',(0.,184.8596032573));
#7401 = ( GEOMETRIC_REPRESENTATION_CONTEXT(2) 
PARAMETRIC_REPRESENTATION_CONTEXT() REPRESENTATION_CONTEXT('2D SPACE',''
  ) );
#7402 = PCURVE('',#7403,#7408);
#7403 = SPHERICAL_SURFACE('',#7404,1.6);
#7404 = AXIS2_PLACEMENT_3D('',#7405,#7406,#7407);
#7405 = CARTESIAN_POINT('',(1.6,-1.9,8.097722778445));
#7406 = DIRECTION('',(-0.,1.,-1.110223024625E-16));
#7407 = DIRECTION('',(0.171341174751,1.093804774332E-16,0.98521175482));
#7408 = DEFINITIONAL_REPRESENTATION('',(#7409),#7412);
#7409 = B_SPLINE_CURVE_WITH_KNOTS('',1,(#7410,#7411),.UNSPECIFIED.,.F.,
  .F.,(2,2),(4.712388980385,6.28318530718),.PIECEWISE_BEZIER_KNOTS.);
#7410 = CARTESIAN_POINT('',(0.,-1.570796326795));
#7411 = CARTESIAN_POINT('',(0.,0.));
#7412 = ( GEOMETRIC_REPRESENTATION_CONTEXT(2) 
PARAMETRIC_REPRESENTATION_CONTEXT() REPRESENTATION_CONTEXT('2D SPACE',''
  ) );
#7413 = ADVANCED_FACE('',(#7414),#7076,.F.);
#7414 = FACE_BOUND('',#7415,.F.);
#7415 = EDGE_LOOP('',(#7416,#7417,#7418,#7439,#7539,#7568,#7668,#7694));
#7416 = ORIENTED_EDGE('',*,*,#7061,.F.);
#7417 = ORIENTED_EDGE('',*,*,#7239,.F.);
#7418 = ORIENTED_EDGE('',*,*,#7419,.F.);
#7419 = EDGE_CURVE('',#7420,#7210,#7422,.T.);
#7420 = VERTEX_POINT('',#7421);
#7421 = CARTESIAN_POINT('',(149.55922699747,1.9,-16.01030034738));
#7422 = SURFACE_CURVE('',#7423,(#7427,#7433),.PCURVE_S1.);
#7423 = LINE('',#7424,#7425);
#7424 = CARTESIAN_POINT('',(149.55922699747,4.5,-16.01030034738));
#7425 = VECTOR('',#7426,1.);
#7426 = DIRECTION('',(0.,-1.,2.22044604925E-16));
#7427 = PCURVE('',#7076,#7428);
#7428 = DEFINITIONAL_REPRESENTATION('',(#7429),#7432);
#7429 = B_SPLINE_CURVE_WITH_KNOTS('',1,(#7430,#7431),.UNSPECIFIED.,.F.,
  .F.,(2,2),(2.22,6.78),.PIECEWISE_BEZIER_KNOTS.);
#7430 = CARTESIAN_POINT('',(3.304015114122,2.22));
#7431 = CARTESIAN_POINT('',(3.304015114122,6.78));
#7432 = ( GEOMETRIC_REPRESENTATION_CONTEXT(2) 
PARAMETRIC_REPRESENTATION_CONTEXT() REPRESENTATION_CONTEXT('2D SPACE',''
  ) );
#7433 = PCURVE('',#7227,#7434);
#7434 = DEFINITIONAL_REPRESENTATION('',(#7435),#7438);
#7435 = B_SPLINE_CURVE_WITH_KNOTS('',1,(#7436,#7437),.UNSPECIFIED.,.F.,
  .F.,(2,2),(2.22,6.78),.PIECEWISE_BEZIER_KNOTS.);
#7436 = CARTESIAN_POINT('',(34.957736582054,-2.28));
#7437 = CARTESIAN_POINT('',(34.957736582054,2.28));
#7438 = ( GEOMETRIC_REPRESENTATION_CONTEXT(2) 
PARAMETRIC_REPRESENTATION_CONTEXT() REPRESENTATION_CONTEXT('2D SPACE',''
  ) );
#7439 = ORIENTED_EDGE('',*,*,#7440,.T.);
#7440 = EDGE_CURVE('',#7420,#7441,#7443,.T.);
#7441 = VERTEX_POINT('',#7442);
#7442 = CARTESIAN_POINT('',(150.23835053045,3.5,-17.75242513989));
#7443 = SURFACE_CURVE('',#7444,(#7472,#7503),.PCURVE_S1.);
#7444 = B_SPLINE_CURVE_WITH_KNOTS('',6,(#7445,#7446,#7447,#7448,#7449,
    #7450,#7451,#7452,#7453,#7454,#7455,#7456,#7457,#7458,#7459,#7460,
    #7461,#7462,#7463,#7464,#7465,#7466,#7467,#7468,#7469,#7470,#7471),
  .UNSPECIFIED.,.F.,.F.,(7,5,5,5,5,7),(0.,0.377295225247,0.478137629441,
    0.650137793204,0.800287126031,1.),.UNSPECIFIED.);
#7445 = CARTESIAN_POINT('',(149.55922699747,1.9,-16.01030034738));
#7446 = CARTESIAN_POINT('',(149.55922699747,2.056784740825,
    -16.01030034738));
#7447 = CARTESIAN_POINT('',(149.5623834367,2.213894264507,
    -16.02956204627));
#7448 = CARTESIAN_POINT('',(149.56872026025,2.369138116032,
    -16.06823547185));
#7449 = CARTESIAN_POINT('',(149.57890469622,2.520245674806,
    -16.12645479888));
#7450 = CARTESIAN_POINT('',(149.59426644295,2.664783348674,
    -16.20429443864));
#7451 = CARTESIAN_POINT('',(149.6229543603,2.83622524426,-16.32768540265
    ));
#7452 = CARTESIAN_POINT('',(149.62951946525,2.871692404999,
    -16.35508287954));
#7453 = CARTESIAN_POINT('',(149.63663376032,2.906393901396,
    -16.38382911614));
#7454 = CARTESIAN_POINT('',(149.64433284817,2.940259770784,
    -16.41389434507));
#7455 = CARTESIAN_POINT('',(149.65265337651,2.97322467757,
    -16.44524377435));
#7456 = CARTESIAN_POINT('',(149.67694904792,3.059813698044,
    -16.53343068057));
#7457 = CARTESIAN_POINT('',(149.69419363739,3.111642533782,
    -16.59268575251));
#7458 = CARTESIAN_POINT('',(149.71352226357,3.160279697359,
    -16.65528858352));
#7459 = CARTESIAN_POINT('',(149.73507149853,3.205391489891,
    -16.72085181809));
#7460 = CARTESIAN_POINT('',(149.75894060274,3.246743234792,
    -16.78893610734));
#7461 = CARTESIAN_POINT('',(149.80807302863,3.316893170798,
    -16.92029645562));
#7462 = CARTESIAN_POINT('',(149.83275132814,3.34658646405,
    -16.98302394451));
#7463 = CARTESIAN_POINT('',(149.85922438083,3.373187224883,
    -17.04691782144));
#7464 = CARTESIAN_POINT('',(149.88747092837,3.396666775423,
    -17.11162086362));
#7465 = CARTESIAN_POINT('',(149.91742448808,3.417055279096,
    -17.17676409642));
#7466 = CARTESIAN_POINT('',(149.99091867236,3.457561766613,
    -17.3287148816));
#7467 = CARTESIAN_POINT('',(150.03562988076,3.475340993691,
    -17.41547068121));
#7468 = CARTESIAN_POINT('',(150.0829698919,3.488093276935,
    -17.50170628414));
#7469 = CARTESIAN_POINT('',(150.13273569458,3.496178793598,
    -17.58691719807));
#7470 = CARTESIAN_POINT('',(150.18464834318,3.5,-17.67063412068));
#7471 = CARTESIAN_POINT('',(150.23835053045,3.5,-17.75242513989));
#7472 = PCURVE('',#7076,#7473);
#7473 = DEFINITIONAL_REPRESENTATION('',(#7474),#7502);
#7474 = B_SPLINE_CURVE_WITH_KNOTS('',6,(#7475,#7476,#7477,#7478,#7479,
    #7480,#7481,#7482,#7483,#7484,#7485,#7486,#7487,#7488,#7489,#7490,
    #7491,#7492,#7493,#7494,#7495,#7496,#7497,#7498,#7499,#7500,#7501),
  .UNSPECIFIED.,.F.,.F.,(7,5,5,5,5,7),(0.,0.377295225247,0.478137629441,
    0.650137793204,0.800287126031,1.),.UNSPECIFIED.);
#7475 = CARTESIAN_POINT('',(3.304015114122,2.6));
#7476 = CARTESIAN_POINT('',(3.304015114122,2.443215259175));
#7477 = CARTESIAN_POINT('',(3.308352609178,2.286105735493));
#7478 = CARTESIAN_POINT('',(3.317061186894,2.130861883968));
#7479 = CARTESIAN_POINT('',(3.330194814753,1.979754325194));
#7480 = CARTESIAN_POINT('',(3.347816227851,1.835216651326));
#7481 = CARTESIAN_POINT('',(3.375967781193,1.66377475574));
#7482 = CARTESIAN_POINT('',(3.38222833462,1.628307595001));
#7483 = CARTESIAN_POINT('',(3.388808815528,1.593606098604));
#7484 = CARTESIAN_POINT('',(3.395705179303,1.559740229216));
#7485 = CARTESIAN_POINT('',(3.402912612938,1.52677532243));
#7486 = CARTESIAN_POINT('',(3.423239825226,1.440186301956));
#7487 = CARTESIAN_POINT('',(3.436952518843,1.388357466218));
#7488 = CARTESIAN_POINT('',(3.4515091288,1.339720302641));
#7489 = CARTESIAN_POINT('',(3.466841419462,1.294608510109));
#7490 = CARTESIAN_POINT('',(3.482870636597,1.253256765208));
#7491 = CARTESIAN_POINT('',(3.514036886444,1.183106829202));
#7492 = CARTESIAN_POINT('',(3.52901417988,1.15341353595));
#7493 = CARTESIAN_POINT('',(3.544379431389,1.126812775117));
#7494 = CARTESIAN_POINT('',(3.560063998512,1.103333224577));
#7495 = CARTESIAN_POINT('',(3.575994230256,1.082944720904));
#7496 = CARTESIAN_POINT('',(3.613503364119,1.042438233387));
#7497 = CARTESIAN_POINT('',(3.6351851687,1.024659006309));
#7498 = CARTESIAN_POINT('',(3.657034909763,1.011906723065));
#7499 = CARTESIAN_POINT('',(3.678951994267,1.003821206402));
#7500 = CARTESIAN_POINT('',(3.700834874271,1.));
#7501 = CARTESIAN_POINT('',(3.722578266332,1.));
#7502 = ( GEOMETRIC_REPRESENTATION_CONTEXT(2) 
PARAMETRIC_REPRESENTATION_CONTEXT() REPRESENTATION_CONTEXT('2D SPACE',''
  ) );
#7503 = PCURVE('',#7504,#7509);
#7504 = CYLINDRICAL_SURFACE('',#7505,1.6);
#7505 = AXIS2_PLACEMENT_3D('',#7506,#7507,#7508);
#7506 = CARTESIAN_POINT('',(183.72585412039,1.9,-23.57633880771));
#7507 = DIRECTION('',(-0.98521175482,1.902269172752E-17,0.171341174751)
  );
#7508 = DIRECTION('',(0.171341174751,1.093804774332E-16,0.98521175482));
#7509 = DEFINITIONAL_REPRESENTATION('',(#7510),#7538);
#7510 = B_SPLINE_CURVE_WITH_KNOTS('',6,(#7511,#7512,#7513,#7514,#7515,
    #7516,#7517,#7518,#7519,#7520,#7521,#7522,#7523,#7524,#7525,#7526,
    #7527,#7528,#7529,#7530,#7531,#7532,#7533,#7534,#7535,#7536,#7537),
  .UNSPECIFIED.,.F.,.F.,(7,5,5,5,5,7),(0.,0.377295225247,0.478137629441,
    0.650137793204,0.800287126031,1.),.UNSPECIFIED.);
#7511 = CARTESIAN_POINT('',(0.,34.957736582054));
#7512 = CARTESIAN_POINT('',(9.799046301558E-02,34.957736582054));
#7513 = CARTESIAN_POINT('',(0.196184017233,34.951326498901));
#7514 = CARTESIAN_POINT('',(0.294904582587,34.938457035684));
#7515 = CARTESIAN_POINT('',(0.394464167802,34.91844784176));
#7516 = CARTESIAN_POINT('',(0.49518871226,34.889976132994));
#7517 = CARTESIAN_POINT('',(0.624791070259,34.840570506866));
#7518 = CARTESIAN_POINT('',(0.652212611818,34.829408172424));
#7519 = CARTESIAN_POINT('',(0.679709633503,34.817473671348));
#7520 = CARTESIAN_POINT('',(0.707271200901,34.804737027848));
#7521 = CARTESIAN_POINT('',(0.734887507859,34.791168097482));
#7522 = CARTESIAN_POINT('',(0.809731733883,34.752121668304));
#7523 = CARTESIAN_POINT('',(0.857082466562,34.724979262419));
#7524 = CARTESIAN_POINT('',(0.904450180615,34.695210030092));
#7525 = CARTESIAN_POINT('',(0.95170372339,34.66274578887));
#7526 = CARTESIAN_POINT('',(0.998724142996,34.627564024728));
#7527 = CARTESIAN_POINT('',(1.086138960071,34.556650744806));
#7528 = CARTESIAN_POINT('',(1.126576003234,34.521589592405));
#7529 = CARTESIAN_POINT('',(1.166620615208,34.484560377775));
#7530 = CARTESIAN_POINT('',(1.206187600793,34.445645251845));
#7531 = CARTESIAN_POINT('',(1.24519054552,34.404972934695));
#7532 = CARTESIAN_POINT('',(1.334546388566,34.30653017439));
#7533 = CARTESIAN_POINT('',(1.384334467244,34.247615325681));
#7534 = CARTESIAN_POINT('',(1.432893887705,34.186199680721));
#7535 = CARTESIAN_POINT('',(1.480193752659,34.122569688836));
#7536 = CARTESIAN_POINT('',(1.526183778224,34.057080581343));
#7537 = CARTESIAN_POINT('',(1.570796326795,33.990158385874));
#7538 = ( GEOMETRIC_REPRESENTATION_CONTEXT(2) 
PARAMETRIC_REPRESENTATION_CONTEXT() REPRESENTATION_CONTEXT('2D SPACE',''
  ) );
#7539 = ORIENTED_EDGE('',*,*,#7540,.T.);
#7540 = EDGE_CURVE('',#7441,#7541,#7543,.T.);
#7541 = VERTEX_POINT('',#7542);
#7542 = CARTESIAN_POINT('',(156.70693569199,3.5,-18.87739647233));
#7543 = SURFACE_CURVE('',#7544,(#7549,#7556),.PCURVE_S1.);
#7544 = CIRCLE('',#7545,4.5);
#7545 = AXIS2_PLACEMENT_3D('',#7546,#7547,#7548);
#7546 = CARTESIAN_POINT('',(154.,3.5,-15.28260869565));
#7547 = DIRECTION('',(0.,-1.,2.22044604925E-16));
#7548 = DIRECTION('',(1.,0.,0.));
#7549 = PCURVE('',#7076,#7550);
#7550 = DEFINITIONAL_REPRESENTATION('',(#7551),#7555);
#7551 = LINE('',#7552,#7553);
#7552 = CARTESIAN_POINT('',(0.,1.));
#7553 = VECTOR('',#7554,1.);
#7554 = DIRECTION('',(1.,0.));
#7555 = ( GEOMETRIC_REPRESENTATION_CONTEXT(2) 
PARAMETRIC_REPRESENTATION_CONTEXT() REPRESENTATION_CONTEXT('2D SPACE',''
  ) );
#7556 = PCURVE('',#7557,#7562);
#7557 = PLANE('',#7558);
#7558 = AXIS2_PLACEMENT_3D('',#7559,#7560,#7561);
#7559 = CARTESIAN_POINT('',(0.,3.5,0.));
#7560 = DIRECTION('',(0.,-1.,2.22044604925E-16));
#7561 = DIRECTION('',(1.,0.,0.));
#7562 = DEFINITIONAL_REPRESENTATION('',(#7563),#7567);
#7563 = CIRCLE('',#7564,4.5);
#7564 = AXIS2_PLACEMENT_2D('',#7565,#7566);
#7565 = CARTESIAN_POINT('',(154.,-15.28260869565));
#7566 = DIRECTION('',(1.,0.));
#7567 = ( GEOMETRIC_REPRESENTATION_CONTEXT(2) 
PARAMETRIC_REPRESENTATION_CONTEXT() REPRESENTATION_CONTEXT('2D SPACE',''
  ) );
#7568 = ORIENTED_EDGE('',*,*,#7569,.T.);
#7569 = EDGE_CURVE('',#7541,#7570,#7572,.T.);
#7570 = VERTEX_POINT('',#7571);
#7571 = CARTESIAN_POINT('',(157.93435098418,1.9,-17.46684364942));
#7572 = SURFACE_CURVE('',#7573,(#7601,#7632),.PCURVE_S1.);
#7573 = B_SPLINE_CURVE_WITH_KNOTS('',6,(#7574,#7575,#7576,#7577,#7578,
    #7579,#7580,#7581,#7582,#7583,#7584,#7585,#7586,#7587,#7588,#7589,
    #7590,#7591,#7592,#7593,#7594,#7595,#7596,#7597,#7598,#7599,#7600),
  .UNSPECIFIED.,.F.,.F.,(7,5,5,5,5,7),(0.,0.127528573434,0.348323236796,
    0.5220096097,0.621782445522,1.),.UNSPECIFIED.);
#7574 = CARTESIAN_POINT('',(156.70693569199,3.5,-18.87739647233));
#7575 = CARTESIAN_POINT('',(156.75684515644,3.5,-18.83981380568));
#7576 = CARTESIAN_POINT('',(156.80629702527,3.498441960057,
    -18.80127275178));
#7577 = CARTESIAN_POINT('',(156.85518729909,3.495214856882,
    -18.76183494537));
#7578 = CARTESIAN_POINT('',(156.90341854721,3.490210802579,
    -18.72157173066));
#7579 = CARTESIAN_POINT('',(156.9508999076,3.483325044654,
    -18.68056416136));
#7580 = CARTESIAN_POINT('',(157.07830897402,3.459100621063,
    -18.56677358127));
#7581 = CARTESIAN_POINT('',(157.15672408987,3.437770958297,
    -18.49254849162));
#7582 = CARTESIAN_POINT('',(157.23189825253,3.409980414353,
    -18.4170750646));
#7583 = CARTESIAN_POINT('',(157.30317335111,3.375456586968,
    -18.3412936124));
#7584 = CARTESIAN_POINT('',(157.3700930872,3.334161968399,
    -18.26618808004));
#7585 = CARTESIAN_POINT('',(157.48135734669,3.248675987561,
    -18.13495675169));
#7586 = CARTESIAN_POINT('',(157.5273758974,3.207056500992,
    -18.07831374963));
#7587 = CARTESIAN_POINT('',(157.57030105296,3.1615951199,-18.02327912672
    ));
#7588 = CARTESIAN_POINT('',(157.61007512819,3.112531666833,
    -17.97031420147));
#7589 = CARTESIAN_POINT('',(157.64669535311,3.060209014884,
    -17.91984273305));
#7590 = CARTESIAN_POINT('',(157.69945146506,2.973404018938,
    -17.84486895272));
#7591 = CARTESIAN_POINT('',(157.71768108188,2.940791299184,
    -17.81844346515));
#7592 = CARTESIAN_POINT('',(157.73491329956,2.907295946824,
    -17.79299571386));
#7593 = CARTESIAN_POINT('',(157.75117010963,2.872981302723,
    -17.76856951721));
#7594 = CARTESIAN_POINT('',(157.76647420376,2.83791515897,
    -17.74520381274));
#7595 = CARTESIAN_POINT('',(157.83534066294,2.666666566088,
    -17.63850745373));
#7596 = CARTESIAN_POINT('',(157.87630746127,2.521824248899,
    -17.57007188075));
#7597 = CARTESIAN_POINT('',(157.90570756764,2.370350332321,
    -17.51843831482));
#7598 = CARTESIAN_POINT('',(157.92482873304,2.214704031308,
    -17.48399536569));
#7599 = CARTESIAN_POINT('',(157.93435098418,2.057182238434,
    -17.46684364942));
#7600 = CARTESIAN_POINT('',(157.93435098418,1.9,-17.46684364942));
#7601 = PCURVE('',#7076,#7602);
#7602 = DEFINITIONAL_REPRESENTATION('',(#7603),#7631);
#7603 = B_SPLINE_CURVE_WITH_KNOTS('',6,(#7604,#7605,#7606,#7607,#7608,
    #7609,#7610,#7611,#7612,#7613,#7614,#7615,#7616,#7617,#7618,#7619,
    #7620,#7621,#7622,#7623,#7624,#7625,#7626,#7627,#7628,#7629,#7630),
  .UNSPECIFIED.,.F.,.F.,(7,5,5,5,5,7),(0.,0.127528573434,0.348323236796,
    0.5220096097,0.621782445522,1.),.UNSPECIFIED.);
#7604 = CARTESIAN_POINT('',(5.357818065391,1.));
#7605 = CARTESIAN_POINT('',(5.371701907096,1.));
#7606 = CARTESIAN_POINT('',(5.385632576987,1.001558039943));
#7607 = CARTESIAN_POINT('',(5.399588348577,1.004785143118));
#7608 = CARTESIAN_POINT('',(5.413547265345,1.009789197421));
#7609 = CARTESIAN_POINT('',(5.427487140741,1.016674955346));
#7610 = CARTESIAN_POINT('',(5.465448372637,1.040899378937));
#7611 = CARTESIAN_POINT('',(5.489432316266,1.062229041703));
#7612 = CARTESIAN_POINT('',(5.513089413607,1.090019585647));
#7613 = CARTESIAN_POINT('',(5.536194612653,1.124543413032));
#7614 = CARTESIAN_POINT('',(5.558542120506,1.165838031601));
#7615 = CARTESIAN_POINT('',(5.596775579434,1.251324012439));
#7616 = CARTESIAN_POINT('',(5.612989845826,1.292943499008));
#7617 = CARTESIAN_POINT('',(5.628495648896,1.3384048801));
#7618 = CARTESIAN_POINT('',(5.643211627555,1.387468333167));
#7619 = CARTESIAN_POINT('',(5.657067337203,1.439790985116));
#7620 = CARTESIAN_POINT('',(5.677439522411,1.526595981062));
#7621 = CARTESIAN_POINT('',(5.684573305173,1.559208700816));
#7622 = CARTESIAN_POINT('',(5.69140256065,1.592704053176));
#7623 = CARTESIAN_POINT('',(5.697922602933,1.627018697277));
#7624 = CARTESIAN_POINT('',(5.704129485846,1.66208484103));
#7625 = CARTESIAN_POINT('',(5.732349697695,1.833333433912));
#7626 = CARTESIAN_POINT('',(5.750064135363,1.978175751101));
#7627 = CARTESIAN_POINT('',(5.763267464426,2.129649667679));
#7628 = CARTESIAN_POINT('',(5.772021698894,2.285295968692));
#7629 = CARTESIAN_POINT('',(5.776381217602,2.442817761566));
#7630 = CARTESIAN_POINT('',(5.776381217602,2.6));
#7631 = ( GEOMETRIC_REPRESENTATION_CONTEXT(2) 
PARAMETRIC_REPRESENTATION_CONTEXT() REPRESENTATION_CONTEXT('2D SPACE',''
  ) );
#7632 = PCURVE('',#7633,#7638);
#7633 = CYLINDRICAL_SURFACE('',#7634,1.6);
#7634 = AXIS2_PLACEMENT_3D('',#7635,#7636,#7637);
#7635 = CARTESIAN_POINT('',(183.72585412039,1.9,-23.57633880771));
#7636 = DIRECTION('',(-0.98521175482,1.902269172752E-17,0.171341174751)
  );
#7637 = DIRECTION('',(0.171341174751,1.093804774332E-16,0.98521175482));
#7638 = DEFINITIONAL_REPRESENTATION('',(#7639),#7667);
#7639 = B_SPLINE_CURVE_WITH_KNOTS('',6,(#7640,#7641,#7642,#7643,#7644,
    #7645,#7646,#7647,#7648,#7649,#7650,#7651,#7652,#7653,#7654,#7655,
    #7656,#7657,#7658,#7659,#7660,#7661,#7662,#7663,#7664,#7665,#7666),
  .UNSPECIFIED.,.F.,.F.,(7,5,5,5,5,7),(0.,0.127528573434,0.348323236796,
    0.5220096097,0.621782445522,1.),.UNSPECIFIED.);
#7640 = CARTESIAN_POINT('',(1.570796326795,27.424478338008));
#7641 = CARTESIAN_POINT('',(1.542309807273,27.381746405206));
#7642 = CARTESIAN_POINT('',(1.5132820581,27.339629512192));
#7643 = CARTESIAN_POINT('',(1.483720846297,27.298219559807));
#7644 = CARTESIAN_POINT('',(1.453630861364,27.25760031372));
#7645 = CARTESIAN_POINT('',(1.423013715282,27.217847404429));
#7646 = CARTESIAN_POINT('',(1.337944180727,27.111819506184));
#7647 = CARTESIAN_POINT('',(1.282332930736,27.047281826356));
#7648 = CARTESIAN_POINT('',(1.225307399683,26.986151063289));
#7649 = CARTESIAN_POINT('',(1.167102289874,26.928914481382));
#7650 = CARTESIAN_POINT('',(1.107937313601,26.875853040904));
#7651 = CARTESIAN_POINT('',(1.000923517618,26.788719514529));
#7652 = CARTESIAN_POINT('',(0.953446169897,26.753086775941));
#7653 = CARTESIAN_POINT('',(0.905727360565,26.720226105052));
#7654 = CARTESIAN_POINT('',(0.857889450074,26.690115291107));
#7655 = CARTESIAN_POINT('',(0.810067431681,26.66268445574));
#7656 = CARTESIAN_POINT('',(0.73504598278,26.623554609705));
#7657 = CARTESIAN_POINT('',(0.707719091235,26.610122351013));
#7658 = CARTESIAN_POINT('',(0.68044570219,26.597505215194));
#7659 = CARTESIAN_POINT('',(0.653235372535,26.585674028047));
#7660 = CARTESIAN_POINT('',(0.626098738781,26.574599761863));
#7661 = CARTESIAN_POINT('',(0.496502101389,26.525033196265));
#7662 = CARTESIAN_POINT('',(0.395504229505,26.496398056459));
#7663 = CARTESIAN_POINT('',(0.295675119587,26.476279681916));
#7664 = CARTESIAN_POINT('',(0.196690126885,26.463342780361));
#7665 = CARTESIAN_POINT('',(9.82388990214E-02,26.456900141828));
#7666 = CARTESIAN_POINT('',(0.,26.456900141828));
#7667 = ( GEOMETRIC_REPRESENTATION_CONTEXT(2) 
PARAMETRIC_REPRESENTATION_CONTEXT() REPRESENTATION_CONTEXT('2D SPACE',''
  ) );
#7668 = ORIENTED_EDGE('',*,*,#7669,.T.);
#7669 = EDGE_CURVE('',#7570,#7670,#7672,.T.);
#7670 = VERTEX_POINT('',#7671);
#7671 = CARTESIAN_POINT('',(157.93435098418,-1.9,-17.46684364942));
#7672 = SURFACE_CURVE('',#7673,(#7677,#7683),.PCURVE_S1.);
#7673 = LINE('',#7674,#7675);
#7674 = CARTESIAN_POINT('',(157.93435098418,4.5,-17.46684364942));
#7675 = VECTOR('',#7676,1.);
#7676 = DIRECTION('',(0.,-1.,2.22044604925E-16));
#7677 = PCURVE('',#7076,#7678);
#7678 = DEFINITIONAL_REPRESENTATION('',(#7679),#7682);
#7679 = B_SPLINE_CURVE_WITH_KNOTS('',1,(#7680,#7681),.UNSPECIFIED.,.F.,
  .F.,(2,2),(2.22,6.78),.PIECEWISE_BEZIER_KNOTS.);
#7680 = CARTESIAN_POINT('',(5.776381217602,2.22));
#7681 = CARTESIAN_POINT('',(5.776381217602,6.78));
#7682 = ( GEOMETRIC_REPRESENTATION_CONTEXT(2) 
PARAMETRIC_REPRESENTATION_CONTEXT() REPRESENTATION_CONTEXT('2D SPACE',''
  ) );
#7683 = PCURVE('',#7684,#7689);
#7684 = PLANE('',#7685);
#7685 = AXIS2_PLACEMENT_3D('',#7686,#7687,#7688);
#7686 = CARTESIAN_POINT('',(184.,-2.442490654175E-15,-22.));
#7687 = DIRECTION('',(0.171341174751,1.093804774332E-16,0.98521175482));
#7688 = DIRECTION('',(-0.98521175482,1.902269172752E-17,0.171341174751)
  );
#7689 = DEFINITIONAL_REPRESENTATION('',(#7690),#7693);
#7690 = B_SPLINE_CURVE_WITH_KNOTS('',1,(#7691,#7692),.UNSPECIFIED.,.F.,
  .F.,(2,2),(2.22,6.78),.PIECEWISE_BEZIER_KNOTS.);
#7691 = CARTESIAN_POINT('',(26.456900141828,-2.28));
#7692 = CARTESIAN_POINT('',(26.456900141828,2.28));
#7693 = ( GEOMETRIC_REPRESENTATION_CONTEXT(2) 
PARAMETRIC_REPRESENTATION_CONTEXT() REPRESENTATION_CONTEXT('2D SPACE',''
  ) );
#7694 = ORIENTED_EDGE('',*,*,#7695,.F.);
#7695 = EDGE_CURVE('',#7034,#7670,#7696,.T.);
#7696 = SURFACE_CURVE('',#7697,(#7725,#7756),.PCURVE_S1.);
#7697 = B_SPLINE_CURVE_WITH_KNOTS('',6,(#7698,#7699,#7700,#7701,#7702,
    #7703,#7704,#7705,#7706,#7707,#7708,#7709,#7710,#7711,#7712,#7713,
    #7714,#7715,#7716,#7717,#7718,#7719,#7720,#7721,#7722,#7723,#7724),
  .UNSPECIFIED.,.F.,.F.,(7,5,5,5,5,7),(0.,0.127528612289,0.348323265819,
    0.522009630988,0.621782462366,1.),.UNSPECIFIED.);
#7698 = CARTESIAN_POINT('',(156.70693569199,-3.5,-18.87739647233));
#7699 = CARTESIAN_POINT('',(156.75684513977,-3.5,-18.83981381824));
#7700 = CARTESIAN_POINT('',(156.80629702954,-3.498441958434,
    -18.80127274736));
#7701 = CARTESIAN_POINT('',(156.85518731562,-3.495214855376,
    -18.7618349318));
#7702 = CARTESIAN_POINT('',(156.90341855179,-3.490210803434,
    -18.72157172783));
#7703 = CARTESIAN_POINT('',(156.95089989131,-3.483325047751,
    -18.68056417591));
#7704 = CARTESIAN_POINT('',(157.07830897402,-3.459100621063,
    -18.56677358127));
#7705 = CARTESIAN_POINT('',(157.15672408987,-3.437770958297,
    -18.49254849162));
#7706 = CARTESIAN_POINT('',(157.23189825253,-3.409980414353,
    -18.4170750646));
#7707 = CARTESIAN_POINT('',(157.30317335111,-3.375456586968,
    -18.3412936124));
#7708 = CARTESIAN_POINT('',(157.3700930872,-3.334161968399,
    -18.26618808004));
#7709 = CARTESIAN_POINT('',(157.48135734669,-3.248675987561,
    -18.13495675169));
#7710 = CARTESIAN_POINT('',(157.5273758974,-3.207056500992,
    -18.07831374963));
#7711 = CARTESIAN_POINT('',(157.57030105296,-3.1615951199,
    -18.02327912672));
#7712 = CARTESIAN_POINT('',(157.61007512819,-3.112531666833,
    -17.97031420147));
#7713 = CARTESIAN_POINT('',(157.64669535311,-3.060209014884,
    -17.91984273305));
#7714 = CARTESIAN_POINT('',(157.69945146506,-2.973404018938,
    -17.84486895272));
#7715 = CARTESIAN_POINT('',(157.71768108188,-2.940791299184,
    -17.81844346515));
#7716 = CARTESIAN_POINT('',(157.73491329956,-2.907295946824,
    -17.79299571386));
#7717 = CARTESIAN_POINT('',(157.75117010963,-2.872981302723,
    -17.76856951721));
#7718 = CARTESIAN_POINT('',(157.76647420376,-2.83791515897,
    -17.74520381274));
#7719 = CARTESIAN_POINT('',(157.83534066294,-2.666666566088,
    -17.63850745373));
#7720 = CARTESIAN_POINT('',(157.87630746127,-2.521824248899,
    -17.57007188075));
#7721 = CARTESIAN_POINT('',(157.90570756764,-2.370350332321,
    -17.51843831482));
#7722 = CARTESIAN_POINT('',(157.92482873304,-2.214704031308,
    -17.48399536569));
#7723 = CARTESIAN_POINT('',(157.93435098418,-2.057182238434,
    -17.46684364942));
#7724 = CARTESIAN_POINT('',(157.93435098418,-1.9,-17.46684364942));
#7725 = PCURVE('',#7076,#7726);
#7726 = DEFINITIONAL_REPRESENTATION('',(#7727),#7755);
#7727 = B_SPLINE_CURVE_WITH_KNOTS('',6,(#7728,#7729,#7730,#7731,#7732,
    #7733,#7734,#7735,#7736,#7737,#7738,#7739,#7740,#7741,#7742,#7743,
    #7744,#7745,#7746,#7747,#7748,#7749,#7750,#7751,#7752,#7753,#7754),
  .UNSPECIFIED.,.F.,.F.,(7,5,5,5,5,7),(0.,0.127528612289,0.348323265819,
    0.522009630988,0.621782462366,1.),.UNSPECIFIED.);
#7728 = CARTESIAN_POINT('',(5.357818065391,8.));
#7729 = CARTESIAN_POINT('',(5.371701902457,8.));
#7730 = CARTESIAN_POINT('',(5.385632578345,7.998441958434));
#7731 = CARTESIAN_POINT('',(5.399588353333,7.995214855376));
#7732 = CARTESIAN_POINT('',(5.413547266531,7.990210803434));
#7733 = CARTESIAN_POINT('',(5.427487135887,7.983325047751));
#7734 = CARTESIAN_POINT('',(5.465448372637,7.959100621063));
#7735 = CARTESIAN_POINT('',(5.489432316266,7.937770958297));
#7736 = CARTESIAN_POINT('',(5.513089413607,7.909980414353));
#7737 = CARTESIAN_POINT('',(5.536194612653,7.875456586968));
#7738 = CARTESIAN_POINT('',(5.558542120506,7.834161968399));
#7739 = CARTESIAN_POINT('',(5.596775579434,7.748675987561));
#7740 = CARTESIAN_POINT('',(5.612989845826,7.707056500992));
#7741 = CARTESIAN_POINT('',(5.628495648896,7.6615951199));
#7742 = CARTESIAN_POINT('',(5.643211627555,7.612531666833));
#7743 = CARTESIAN_POINT('',(5.657067337203,7.560209014884));
#7744 = CARTESIAN_POINT('',(5.677439522411,7.473404018938));
#7745 = CARTESIAN_POINT('',(5.684573305173,7.440791299184));
#7746 = CARTESIAN_POINT('',(5.69140256065,7.407295946824));
#7747 = CARTESIAN_POINT('',(5.697922602933,7.372981302723));
#7748 = CARTESIAN_POINT('',(5.704129485846,7.33791515897));
#7749 = CARTESIAN_POINT('',(5.732349697695,7.166666566088));
#7750 = CARTESIAN_POINT('',(5.750064135363,7.021824248899));
#7751 = CARTESIAN_POINT('',(5.763267464426,6.870350332321));
#7752 = CARTESIAN_POINT('',(5.772021698894,6.714704031308));
#7753 = CARTESIAN_POINT('',(5.776381217602,6.557182238434));
#7754 = CARTESIAN_POINT('',(5.776381217602,6.4));
#7755 = ( GEOMETRIC_REPRESENTATION_CONTEXT(2) 
PARAMETRIC_REPRESENTATION_CONTEXT() REPRESENTATION_CONTEXT('2D SPACE',''
  ) );
#7756 = PCURVE('',#7049,#7757);
#7757 = DEFINITIONAL_REPRESENTATION('',(#7758),#7786);
#7758 = B_SPLINE_CURVE_WITH_KNOTS('',6,(#7759,#7760,#7761,#7762,#7763,
    #7764,#7765,#7766,#7767,#7768,#7769,#7770,#7771,#7772,#7773,#7774,
    #7775,#7776,#7777,#7778,#7779,#7780,#7781,#7782,#7783,#7784,#7785),
  .UNSPECIFIED.,.F.,.F.,(7,5,5,5,5,7),(0.,0.127528612289,0.348323265819,
    0.522009630988,0.621782462366,1.),.UNSPECIFIED.);
#7759 = CARTESIAN_POINT('',(-1.570796326795,27.424478338008));
#7760 = CARTESIAN_POINT('',(-1.542309816792,27.381746419484));
#7761 = CARTESIAN_POINT('',(-1.513282054833,27.33962950874));
#7762 = CARTESIAN_POINT('',(-1.483720836093,27.298219545845));
#7763 = CARTESIAN_POINT('',(-1.453630859183,27.257600309689));
#7764 = CARTESIAN_POINT('',(-1.423013726158,27.217847417985));
#7765 = CARTESIAN_POINT('',(-1.337944180727,27.111819506184));
#7766 = CARTESIAN_POINT('',(-1.282332930736,27.047281826356));
#7767 = CARTESIAN_POINT('',(-1.225307399683,26.986151063289));
#7768 = CARTESIAN_POINT('',(-1.167102289874,26.928914481382));
#7769 = CARTESIAN_POINT('',(-1.107937313601,26.875853040904));
#7770 = CARTESIAN_POINT('',(-1.000923517618,26.788719514529));
#7771 = CARTESIAN_POINT('',(-0.953446169897,26.753086775941));
#7772 = CARTESIAN_POINT('',(-0.905727360565,26.720226105052));
#7773 = CARTESIAN_POINT('',(-0.857889450074,26.690115291107));
#7774 = CARTESIAN_POINT('',(-0.810067431681,26.66268445574));
#7775 = CARTESIAN_POINT('',(-0.73504598278,26.623554609705));
#7776 = CARTESIAN_POINT('',(-0.707719091235,26.610122351013));
#7777 = CARTESIAN_POINT('',(-0.68044570219,26.597505215194));
#7778 = CARTESIAN_POINT('',(-0.653235372535,26.585674028047));
#7779 = CARTESIAN_POINT('',(-0.626098738781,26.574599761863));
#7780 = CARTESIAN_POINT('',(-0.496502101389,26.525033196265));
#7781 = CARTESIAN_POINT('',(-0.395504229505,26.496398056459));
#7782 = CARTESIAN_POINT('',(-0.295675119587,26.476279681916));
#7783 = CARTESIAN_POINT('',(-0.196690126885,26.463342780361));
#7784 = CARTESIAN_POINT('',(-9.823889902141E-02,26.456900141828));
#7785 = CARTESIAN_POINT('',(0.,26.456900141828));
#7786 = ( GEOMETRIC_REPRESENTATION_CONTEXT(2) 
PARAMETRIC_REPRESENTATION_CONTEXT() REPRESENTATION_CONTEXT('2D SPACE',''
  ) );
#7787 = ADVANCED_FACE('',(#7788),#7049,.T.);
#7788 = FACE_BOUND('',#7789,.F.);
#7789 = EDGE_LOOP('',(#7790,#7819,#7873,#7874,#7875));
#7790 = ORIENTED_EDGE('',*,*,#7791,.F.);
#7791 = EDGE_CURVE('',#7792,#7794,#7796,.T.);
#7792 = VERTEX_POINT('',#7793);
#7793 = CARTESIAN_POINT('',(182.61297354532,-2.90747321929,
    -22.12115759682));
#7794 = VERTEX_POINT('',#7795);
#7795 = CARTESIAN_POINT('',(182.6741458796,-1.9,-21.76941667471));
#7796 = SURFACE_CURVE('',#7797,(#7802,#7808),.PCURVE_S1.);
#7797 = CIRCLE('',#7798,1.6);
#7798 = AXIS2_PLACEMENT_3D('',#7799,#7800,#7801);
#7799 = CARTESIAN_POINT('',(182.4,-1.9,-23.34575548242));
#7800 = DIRECTION('',(-0.98521175482,1.902269172752E-17,0.171341174751)
  );
#7801 = DIRECTION('',(0.171341174751,1.093804774332E-16,0.98521175482));
#7802 = PCURVE('',#7049,#7803);
#7803 = DEFINITIONAL_REPRESENTATION('',(#7804),#7807);
#7804 = B_SPLINE_CURVE_WITH_KNOTS('',1,(#7805,#7806),.UNSPECIFIED.,.F.,
  .F.,(2,2),(4.712388980385,6.28318530718),.PIECEWISE_BEZIER_KNOTS.);
#7805 = CARTESIAN_POINT('',(-1.570796326795,1.345755482425));
#7806 = CARTESIAN_POINT('',(0.,1.345755482425));
#7807 = ( GEOMETRIC_REPRESENTATION_CONTEXT(2) 
PARAMETRIC_REPRESENTATION_CONTEXT() REPRESENTATION_CONTEXT('2D SPACE',''
  ) );
#7808 = PCURVE('',#7809,#7814);
#7809 = SPHERICAL_SURFACE('',#7810,1.6);
#7810 = AXIS2_PLACEMENT_3D('',#7811,#7812,#7813);
#7811 = CARTESIAN_POINT('',(182.4,-1.9,-23.34575548242));
#7812 = DIRECTION('',(-0.,1.,-1.110223024625E-16));
#7813 = DIRECTION('',(0.171341174751,1.093804774332E-16,0.98521175482));
#7814 = DEFINITIONAL_REPRESENTATION('',(#7815),#7818);
#7815 = B_SPLINE_CURVE_WITH_KNOTS('',1,(#7816,#7817),.UNSPECIFIED.,.F.,
  .F.,(2,2),(4.712388980385,6.28318530718),.PIECEWISE_BEZIER_KNOTS.);
#7816 = CARTESIAN_POINT('',(0.,-1.570796326795));
#7817 = CARTESIAN_POINT('',(0.,0.));
#7818 = ( GEOMETRIC_REPRESENTATION_CONTEXT(2) 
PARAMETRIC_REPRESENTATION_CONTEXT() REPRESENTATION_CONTEXT('2D SPACE',''
  ) );
#7819 = ORIENTED_EDGE('',*,*,#7820,.T.);
#7820 = EDGE_CURVE('',#7792,#7005,#7821,.T.);
#7821 = SURFACE_CURVE('',#7822,(#7837,#7855),.PCURVE_S1.);
#7822 = B_SPLINE_CURVE_WITH_KNOTS('',7,(#7823,#7824,#7825,#7826,#7827,
    #7828,#7829,#7830,#7831,#7832,#7833,#7834,#7835,#7836),
  .UNSPECIFIED.,.F.,.F.,(8,6,8),(0.,0.537993641869,1.),.UNSPECIFIED.);
#7823 = CARTESIAN_POINT('',(182.61297605828,-2.907472150329,
    -22.12115715443));
#7824 = CARTESIAN_POINT('',(182.43307100617,-2.983999910638,
    -22.1528283807));
#7825 = CARTESIAN_POINT('',(182.2509768055,-3.056227882208,
    -22.18982612184));
#7826 = CARTESIAN_POINT('',(182.06750577365,-3.124090549435,
    -22.23230725367));
#7827 = CARTESIAN_POINT('',(181.88285736507,-3.187388259305,
    -22.28043757349));
#7828 = CARTESIAN_POINT('',(181.69710326429,-3.245759488406,
    -22.33446643344));
#7829 = CARTESIAN_POINT('',(181.51038992234,-3.29859788509,
    -22.39464635689));
#7830 = CARTESIAN_POINT('',(181.16199167538,-3.384916735512,
    -22.51836350586));
#7831 = CARTESIAN_POINT('',(181.00058381472,-3.420055428368,
    -22.58019491213));
#7832 = CARTESIAN_POINT('',(180.83886517949,-3.449916271058,
    -22.64684089351));
#7833 = CARTESIAN_POINT('',(180.67707669451,-3.473802163013,
    -22.71840950369));
#7834 = CARTESIAN_POINT('',(180.51558821328,-3.490847140161,
    -22.79494432584));
#7835 = CARTESIAN_POINT('',(180.35491851191,-3.5,-22.87636907838));
#7836 = CARTESIAN_POINT('',(180.19575239232,-3.5,-22.96240807239));
#7837 = PCURVE('',#7049,#7838);
#7838 = DEFINITIONAL_REPRESENTATION('',(#7839),#7854);
#7839 = B_SPLINE_CURVE_WITH_KNOTS('',7,(#7840,#7841,#7842,#7843,#7844,
    #7845,#7846,#7847,#7848,#7849,#7850,#7851,#7852,#7853),
  .UNSPECIFIED.,.F.,.F.,(8,6,8),(0.,0.537993641869,1.),.UNSPECIFIED.);
#7840 = CARTESIAN_POINT('',(-0.681128473867,1.345753082425));
#7841 = CARTESIAN_POINT('',(-0.742696436181,1.517571069402));
#7842 = CARTESIAN_POINT('',(-0.804389486161,1.690633179957));
#7843 = CARTESIAN_POINT('',(-0.866563242182,1.864112230164));
#7844 = CARTESIAN_POINT('',(-0.929559213444,2.037783307275));
#7845 = CARTESIAN_POINT('',(-0.993738681421,2.211533062531));
#7846 = CARTESIAN_POINT('',(-1.059442373727,2.385173943018));
#7847 = CARTESIAN_POINT('',(-1.18510183415,2.707222149644));
#7848 = CARTESIAN_POINT('',(-1.24452731014,2.855648805504));
#7849 = CARTESIAN_POINT('',(-1.305562888862,3.003556705164));
#7850 = CARTESIAN_POINT('',(-1.368448023651,3.150689972616));
#7851 = CARTESIAN_POINT('',(-1.433428427962,3.296676756254));
#7852 = CARTESIAN_POINT('',(-1.500772365432,3.441019021927));
#7853 = CARTESIAN_POINT('',(-1.570796326795,3.583089331612));
#7854 = ( GEOMETRIC_REPRESENTATION_CONTEXT(2) 
PARAMETRIC_REPRESENTATION_CONTEXT() REPRESENTATION_CONTEXT('2D SPACE',''
  ) );
#7855 = PCURVE('',#7021,#7856);
#7856 = DEFINITIONAL_REPRESENTATION('',(#7857),#7872);
#7857 = B_SPLINE_CURVE_WITH_KNOTS('',7,(#7858,#7859,#7860,#7861,#7862,
    #7863,#7864,#7865,#7866,#7867,#7868,#7869,#7870,#7871),
  .UNSPECIFIED.,.F.,.F.,(8,6,8),(1.073548847434E-06,0.537993641869,1.),
  .UNSPECIFIED.);
#7858 = CARTESIAN_POINT('',(8.028240531766,6.407473219289));
#7859 = CARTESIAN_POINT('',(8.051074434276,6.484000775409));
#7860 = CARTESIAN_POINT('',(8.074293267679,6.556228559296));
#7861 = CARTESIAN_POINT('',(8.0978199037,6.624091054669));
#7862 = CARTESIAN_POINT('',(8.12165567804,6.687388608739));
#7863 = CARTESIAN_POINT('',(8.145821334917,6.745759699281));
#7864 = CARTESIAN_POINT('',(8.170332196196,6.798597977758));
#7865 = CARTESIAN_POINT('',(8.216546198734,6.884916735512));
#7866 = CARTESIAN_POINT('',(8.238145349894,6.920055428368));
#7867 = CARTESIAN_POINT('',(8.259998433138,6.949916271058));
#7868 = CARTESIAN_POINT('',(8.282099039717,6.973802163013));
#7869 = CARTESIAN_POINT('',(8.304424954423,6.990847140161));
#7870 = CARTESIAN_POINT('',(8.326932567185,7.));
#7871 = CARTESIAN_POINT('',(8.349549127115,7.));
#7872 = ( GEOMETRIC_REPRESENTATION_CONTEXT(2) 
PARAMETRIC_REPRESENTATION_CONTEXT() REPRESENTATION_CONTEXT('2D SPACE',''
  ) );
#7873 = ORIENTED_EDGE('',*,*,#7033,.T.);
#7874 = ORIENTED_EDGE('',*,*,#7695,.T.);
#7875 = ORIENTED_EDGE('',*,*,#7876,.F.);
#7876 = EDGE_CURVE('',#7794,#7670,#7877,.T.);
#7877 = SURFACE_CURVE('',#7878,(#7882,#7889),.PCURVE_S1.);
#7878 = LINE('',#7879,#7880);
#7879 = CARTESIAN_POINT('',(184.,-1.9,-22.));
#7880 = VECTOR('',#7881,1.);
#7881 = DIRECTION('',(-0.98521175482,1.902269172752E-17,0.171341174751)
  );
#7882 = PCURVE('',#7049,#7883);
#7883 = DEFINITIONAL_REPRESENTATION('',(#7884),#7888);
#7884 = LINE('',#7885,#7886);
#7885 = CARTESIAN_POINT('',(-0.,0.));
#7886 = VECTOR('',#7887,1.);
#7887 = DIRECTION('',(-0.,1.));
#7888 = ( GEOMETRIC_REPRESENTATION_CONTEXT(2) 
PARAMETRIC_REPRESENTATION_CONTEXT() REPRESENTATION_CONTEXT('2D SPACE',''
  ) );
#7889 = PCURVE('',#7684,#7890);
#7890 = DEFINITIONAL_REPRESENTATION('',(#7891),#7895);
#7891 = LINE('',#7892,#7893);
#7892 = CARTESIAN_POINT('',(0.,1.9));
#7893 = VECTOR('',#7894,1.);
#7894 = DIRECTION('',(1.,0.));
#7895 = ( GEOMETRIC_REPRESENTATION_CONTEXT(2) 
PARAMETRIC_REPRESENTATION_CONTEXT() REPRESENTATION_CONTEXT('2D SPACE',''
  ) );
#7896 = ADVANCED_FACE('',(#7897),#7021,.T.);
#7897 = FACE_BOUND('',#7898,.T.);
#7898 = EDGE_LOOP('',(#7899,#7900,#8025,#8051,#8181,#8209,#8265,#8326,
    #8352,#8430));
#7899 = ORIENTED_EDGE('',*,*,#7004,.F.);
#7900 = ORIENTED_EDGE('',*,*,#7901,.F.);
#7901 = EDGE_CURVE('',#7902,#6977,#7904,.T.);
#7902 = VERTEX_POINT('',#7903);
#7903 = CARTESIAN_POINT('',(181.45885602486,-1.9,-37.58568304753));
#7904 = SURFACE_CURVE('',#7905,(#7943,#7984),.PCURVE_S1.);
#7905 = B_SPLINE_CURVE_WITH_KNOTS('',8,(#7906,#7907,#7908,#7909,#7910,
    #7911,#7912,#7913,#7914,#7915,#7916,#7917,#7918,#7919,#7920,#7921,
    #7922,#7923,#7924,#7925,#7926,#7927,#7928,#7929,#7930,#7931,#7932,
    #7933,#7934,#7935,#7936,#7937,#7938,#7939,#7940,#7941,#7942),
  .UNSPECIFIED.,.F.,.F.,(9,7,7,7,7,9),(0.,5.02835356988E-02,
    8.447809969919E-02,0.173212220593,0.435969637471,1.),.UNSPECIFIED.);
#7906 = CARTESIAN_POINT('',(181.45885602485,-1.9,-37.58568304753));
#7907 = CARTESIAN_POINT('',(181.45885602485,-1.925300589729,
    -37.58568304753));
#7908 = CARTESIAN_POINT('',(181.45616184038,-1.950256330829,
    -37.58478031913));
#7909 = CARTESIAN_POINT('',(181.450901925,-1.974805220059,
    -37.58301857039));
#7910 = CARTESIAN_POINT('',(181.44326971699,-1.998873558316,
    -37.58045599582));
#7911 = CARTESIAN_POINT('',(181.43352497833,-2.022368839417,
    -37.57716893671));
#7912 = CARTESIAN_POINT('',(181.42199513351,-2.045172638867,
    -37.57325554144));
#7913 = CARTESIAN_POINT('',(181.40907660852,-2.067133502636,
    -37.56883942575));
#7914 = CARTESIAN_POINT('',(181.38582418697,-2.102290474913,
    -37.56083222329));
#7915 = CARTESIAN_POINT('',(181.37588423059,-2.116196226289,
    -37.55739425625));
#7916 = CARTESIAN_POINT('',(181.36548712462,-2.129789504994,
    -37.55378098442));
#7917 = CARTESIAN_POINT('',(181.35469391502,-2.143084620012,
    -37.55001089022));
#7918 = CARTESIAN_POINT('',(181.34355586969,-2.156097774378,
    -37.54609938605));
#7919 = CARTESIAN_POINT('',(181.33211447846,-2.168847065175,
    -37.54205881427));
#7920 = CARTESIAN_POINT('',(181.3204014531,-2.18135248354,
    -37.53789844724));
#7921 = CARTESIAN_POINT('',(181.27739572419,-2.225511140842,
    -37.52253365774));
#7922 = CARTESIAN_POINT('',(181.24444625099,-2.256122551567,
    -37.5105969245));
#7923 = CARTESIAN_POINT('',(181.21023510388,-2.285509200369,
    -37.49800787362));
#7924 = CARTESIAN_POINT('',(181.17523783338,-2.313742309026,
    -37.48491633822));
#7925 = CARTESIAN_POINT('',(181.13974998313,-2.340935749984,
    -37.47141959933));
#7926 = CARTESIAN_POINT('',(181.10387733202,-2.367256214039,
    -37.45755093537));
#7927 = CARTESIAN_POINT('',(181.06752713977,-2.392933063251,
    -37.44326551989));
#7928 = CARTESIAN_POINT('',(180.92046154485,-2.493288707543,
    -37.38447432112));
#7929 = CARTESIAN_POINT('',(180.80405563124,-2.565073489161,
    -37.33578312938));
#7930 = CARTESIAN_POINT('',(180.68558758196,-2.633199519617,
    -37.28361505132));
#7931 = CARTESIAN_POINT('',(180.56764503564,-2.697570422443,
    -37.22892957356));
#7932 = CARTESIAN_POINT('',(180.45084964998,-2.758601172761,
    -37.17214802781));
#7933 = CARTESIAN_POINT('',(180.33450608408,-2.817081061295,
    -37.11294841405));
#7934 = CARTESIAN_POINT('',(180.21724693204,-2.873827467263,
    -37.05050588868));
#7935 = CARTESIAN_POINT('',(179.84008657424,-3.049098118964,
    -36.83973656664));
#7936 = CARTESIAN_POINT('',(179.58342033641,-3.157984210396,
    -36.68208485298));
#7937 = CARTESIAN_POINT('',(179.32901208536,-3.256228924924,
    -36.51043604839));
#7938 = CARTESIAN_POINT('',(179.0765741882,-3.342652634501,
    -36.32375942974));
#7939 = CARTESIAN_POINT('',(178.82703543593,-3.414895449845,
    -36.12113326675));
#7940 = CARTESIAN_POINT('',(178.58184308059,-3.469137289922,
    -35.90210536174));
#7941 = CARTESIAN_POINT('',(178.34349486464,-3.5,-35.66722599036));
#7942 = CARTESIAN_POINT('',(178.11527096114,-3.5,-35.41940625338));
#7943 = PCURVE('',#7021,#7944);
#7944 = DEFINITIONAL_REPRESENTATION('',(#7945),#7983);
#7945 = B_SPLINE_CURVE_WITH_KNOTS('',8,(#7946,#7947,#7948,#7949,#7950,
    #7951,#7952,#7953,#7954,#7955,#7956,#7957,#7958,#7959,#7960,#7961,
    #7962,#7963,#7964,#7965,#7966,#7967,#7968,#7969,#7970,#7971,#7972,
    #7973,#7974,#7975,#7976,#7977,#7978,#7979,#7980,#7981,#7982),
  .UNSPECIFIED.,.F.,.F.,(9,7,7,7,7,9),(0.,5.02835356988E-02,
    8.447809969919E-02,0.173212220593,0.435969637471,1.),.UNSPECIFIED.);
#7946 = CARTESIAN_POINT('',(4.389146270019,5.4));
#7947 = CARTESIAN_POINT('',(4.389146270019,5.425300589729));
#7948 = CARTESIAN_POINT('',(4.388791094633,5.450256330829));
#7949 = CARTESIAN_POINT('',(4.388097705676,5.474805220059));
#7950 = CARTESIAN_POINT('',(4.38709134149,5.498873558316));
#7951 = CARTESIAN_POINT('',(4.38580581955,5.522368839417));
#7952 = CARTESIAN_POINT('',(4.384283839067,5.545172638867));
#7953 = CARTESIAN_POINT('',(4.382577283585,5.567133502636));
#7954 = CARTESIAN_POINT('',(4.379503222755,5.602290474913));
#7955 = CARTESIAN_POINT('',(4.378188509616,5.616196226289));
#7956 = CARTESIAN_POINT('',(4.376812628678,5.629789504994));
#7957 = CARTESIAN_POINT('',(4.375383542769,5.643084620012));
#7958 = CARTESIAN_POINT('',(4.373907933041,5.656097774378));
#7959 = CARTESIAN_POINT('',(4.372391198963,5.668847065175));
#7960 = CARTESIAN_POINT('',(4.370837458328,5.68135248354));
#7961 = CARTESIAN_POINT('',(4.365128953878,5.725511140842));
#7962 = CARTESIAN_POINT('',(4.360748368419,5.756122551567));
#7963 = CARTESIAN_POINT('',(4.356191731131,5.785509200369));
#7964 = CARTESIAN_POINT('',(4.35152114997,5.813742309026));
#7965 = CARTESIAN_POINT('',(4.346775322799,5.840935749984));
#7966 = CARTESIAN_POINT('',(4.341967922241,5.867256214039));
#7967 = CARTESIAN_POINT('',(4.337085943172,5.892933063251));
#7968 = CARTESIAN_POINT('',(4.317288257755,5.993288707543));
#7969 = CARTESIAN_POINT('',(4.301517848636,6.065073489161));
#7970 = CARTESIAN_POINT('',(4.2853418678,6.133199519617));
#7971 = CARTESIAN_POINT('',(4.269097302212,6.197570422442));
#7972 = CARTESIAN_POINT('',(4.252869287398,6.258601172761));
#7973 = CARTESIAN_POINT('',(4.236556613688,6.317081061295));
#7974 = CARTESIAN_POINT('',(4.21995393053,6.373827467263));
#7975 = CARTESIAN_POINT('',(4.165946748918,6.549098118964));
#7976 = CARTESIAN_POINT('',(4.128326645798,6.657984210396));
#7977 = CARTESIAN_POINT('',(4.090022970584,6.756228924922));
#7978 = CARTESIAN_POINT('',(4.050852877537,6.842652634503));
#7979 = CARTESIAN_POINT('',(4.010758123712,6.914895449844));
#7980 = CARTESIAN_POINT('',(3.96974219456,6.969137289923));
#7981 = CARTESIAN_POINT('',(3.927962444896,7.));
#7982 = CARTESIAN_POINT('',(3.885850100327,7.));
#7983 = ( GEOMETRIC_REPRESENTATION_CONTEXT(2) 
PARAMETRIC_REPRESENTATION_CONTEXT() REPRESENTATION_CONTEXT('2D SPACE',''
  ) );
#7984 = PCURVE('',#6992,#7985);
#7985 = DEFINITIONAL_REPRESENTATION('',(#7986),#8024);
#7986 = B_SPLINE_CURVE_WITH_KNOTS('',8,(#7987,#7988,#7989,#7990,#7991,
    #7992,#7993,#7994,#7995,#7996,#7997,#7998,#7999,#8000,#8001,#8002,
    #8003,#8004,#8005,#8006,#8007,#8008,#8009,#8010,#8011,#8012,#8013,
    #8014,#8015,#8016,#8017,#8018,#8019,#8020,#8021,#8022,#8023),
  .UNSPECIFIED.,.F.,.F.,(9,7,7,7,7,9),(0.,5.02835356988E-02,
    8.447809969919E-02,0.173212220593,0.435969637471,1.),.UNSPECIFIED.);
#7987 = CARTESIAN_POINT('',(0.,183.85491310062));
#7988 = CARTESIAN_POINT('',(-1.581286858033E-02,183.85491310062));
#7989 = CARTESIAN_POINT('',(-3.141024646799E-02,183.85210876181));
#7990 = CARTESIAN_POINT('',(-4.67592789484E-02,183.84663389714));
#7991 = CARTESIAN_POINT('',(-6.18193368293E-02,183.83868878854));
#7992 = CARTESIAN_POINT('',(-7.653709845351E-02,183.82854209739));
#7993 = CARTESIAN_POINT('',(-9.084163171175E-02,183.816532775));
#7994 = CARTESIAN_POINT('',(-0.104639476055,183.80307197309));
#7995 = CARTESIAN_POINT('',(-0.126765954365,183.77883407652));
#7996 = CARTESIAN_POINT('',(-0.13552860684,183.7684704279));
#7997 = CARTESIAN_POINT('',(-0.144105679702,183.7576273776));
#7998 = CARTESIAN_POINT('',(-0.1525063321,183.74636815018));
#7999 = CARTESIAN_POINT('',(-0.160740884565,183.73474582554));
#8000 = CARTESIAN_POINT('',(-0.16882081901,183.72280333892));
#8001 = CARTESIAN_POINT('',(-0.17675877873,183.7105734809));
#8002 = CARTESIAN_POINT('',(-0.204834796113,183.66565573559));
#8003 = CARTESIAN_POINT('',(-0.224385137515,183.63121482774));
#8004 = CARTESIAN_POINT('',(-0.24324621437,183.59542371845));
#8005 = CARTESIAN_POINT('',(-0.26146258457,183.55877587166));
#8006 = CARTESIAN_POINT('',(-0.279104702726,183.52157863373));
#8007 = CARTESIAN_POINT('',(-0.296277649133,183.4839417601));
#8008 = CARTESIAN_POINT('',(-0.313130627095,183.44576650573));
#8009 = CARTESIAN_POINT('',(-0.379427264176,183.29115691761));
#8010 = CARTESIAN_POINT('',(-0.427810654034,183.16843272328));
#8011 = CARTESIAN_POINT('',(-0.474843207211,183.04311377187));
#8012 = CARTESIAN_POINT('',(-0.520511045985,182.91790837836));
#8013 = CARTESIAN_POINT('',(-0.56509012078,182.79349789893));
#8014 = CARTESIAN_POINT('',(-0.609179731929,182.66914423876));
#8015 = CARTESIAN_POINT('',(-0.653524990983,182.54336507973));
#8016 = CARTESIAN_POINT('',(-0.79662957562,182.13720328529));
#8017 = CARTESIAN_POINT('',(-0.894688849384,181.85851290566));
#8018 = CARTESIAN_POINT('',(-0.994773584407,181.57979869312));
#8019 = CARTESIAN_POINT('',(-1.098193935782,181.30061090073));
#8020 = CARTESIAN_POINT('',(-1.206179613391,181.02171789161));
#8021 = CARTESIAN_POINT('',(-1.319965563548,180.7444752897));
#8022 = CARTESIAN_POINT('',(-1.44088095883,180.47143683568));
#8023 = CARTESIAN_POINT('',(-1.570796326795,180.2063084047));
#8024 = ( GEOMETRIC_REPRESENTATION_CONTEXT(2) 
PARAMETRIC_REPRESENTATION_CONTEXT() REPRESENTATION_CONTEXT('2D SPACE',''
  ) );
#8025 = ORIENTED_EDGE('',*,*,#8026,.F.);
#8026 = EDGE_CURVE('',#8027,#7902,#8029,.T.);
#8027 = VERTEX_POINT('',#8028);
#8028 = CARTESIAN_POINT('',(181.45885602486,1.9,-37.58568304753));
#8029 = SURFACE_CURVE('',#8030,(#8034,#8040),.PCURVE_S1.);
#8030 = LINE('',#8031,#8032);
#8031 = CARTESIAN_POINT('',(181.45885602485,3.5,-37.58568304753));
#8032 = VECTOR('',#8033,1.);
#8033 = DIRECTION('',(0.,-1.,2.22044604925E-16));
#8034 = PCURVE('',#7021,#8035);
#8035 = DEFINITIONAL_REPRESENTATION('',(#8036),#8039);
#8036 = B_SPLINE_CURVE_WITH_KNOTS('',1,(#8037,#8038),.UNSPECIFIED.,.F.,
  .F.,(2,2),(1.6,5.4),.PIECEWISE_BEZIER_KNOTS.);
#8037 = CARTESIAN_POINT('',(4.389146270019,1.6));
#8038 = CARTESIAN_POINT('',(4.389146270019,5.4));
#8039 = ( GEOMETRIC_REPRESENTATION_CONTEXT(2) 
PARAMETRIC_REPRESENTATION_CONTEXT() REPRESENTATION_CONTEXT('2D SPACE',''
  ) );
#8040 = PCURVE('',#8041,#8046);
#8041 = PLANE('',#8042);
#8042 = AXIS2_PLACEMENT_3D('',#8043,#8044,#8045);
#8043 = CARTESIAN_POINT('',(0.,-8.881784197001E-16,-8.));
#8044 = DIRECTION('',(-0.160918642578,-1.09575423677E-16,-0.986967674481
    ));
#8045 = DIRECTION('',(0.986967674481,-1.78655582082E-17,-0.160918642578)
  );
#8046 = DEFINITIONAL_REPRESENTATION('',(#8047),#8050);
#8047 = B_SPLINE_CURVE_WITH_KNOTS('',1,(#8048,#8049),.UNSPECIFIED.,.F.,
  .F.,(2,2),(1.22,5.78),.PIECEWISE_BEZIER_KNOTS.);
#8048 = CARTESIAN_POINT('',(183.85491310062,-2.28));
#8049 = CARTESIAN_POINT('',(183.85491310062,2.28));
#8050 = ( GEOMETRIC_REPRESENTATION_CONTEXT(2) 
PARAMETRIC_REPRESENTATION_CONTEXT() REPRESENTATION_CONTEXT('2D SPACE',''
  ) );
#8051 = ORIENTED_EDGE('',*,*,#8052,.T.);
#8052 = EDGE_CURVE('',#8027,#8053,#8055,.T.);
#8053 = VERTEX_POINT('',#8054);
#8054 = CARTESIAN_POINT('',(178.11527096114,3.5,-35.41940625338));
#8055 = SURFACE_CURVE('',#8056,(#8094,#8135),.PCURVE_S1.);
#8056 = B_SPLINE_CURVE_WITH_KNOTS('',8,(#8057,#8058,#8059,#8060,#8061,
    #8062,#8063,#8064,#8065,#8066,#8067,#8068,#8069,#8070,#8071,#8072,
    #8073,#8074,#8075,#8076,#8077,#8078,#8079,#8080,#8081,#8082,#8083,
    #8084,#8085,#8086,#8087,#8088,#8089,#8090,#8091,#8092,#8093),
  .UNSPECIFIED.,.F.,.F.,(9,7,7,7,7,9),(0.,5.028353569873E-02,
    8.447809969928E-02,0.173212220593,0.435969637472,1.),.UNSPECIFIED.);
#8057 = CARTESIAN_POINT('',(181.45885602485,1.9,-37.58568304753));
#8058 = CARTESIAN_POINT('',(181.45885602485,1.925300589729,
    -37.58568304753));
#8059 = CARTESIAN_POINT('',(181.45616184038,1.950256330829,
    -37.58478031913));
#8060 = CARTESIAN_POINT('',(181.450901925,1.974805220059,-37.58301857039
    ));
#8061 = CARTESIAN_POINT('',(181.44326971699,1.998873558316,
    -37.58045599582));
#8062 = CARTESIAN_POINT('',(181.43352497833,2.022368839417,
    -37.57716893671));
#8063 = CARTESIAN_POINT('',(181.42199513351,2.045172638867,
    -37.57325554144));
#8064 = CARTESIAN_POINT('',(181.40907660852,2.067133502636,
    -37.56883942575));
#8065 = CARTESIAN_POINT('',(181.38582418697,2.102290474913,
    -37.56083222329));
#8066 = CARTESIAN_POINT('',(181.37588423059,2.116196226289,
    -37.55739425625));
#8067 = CARTESIAN_POINT('',(181.36548712462,2.129789504994,
    -37.55378098442));
#8068 = CARTESIAN_POINT('',(181.35469391502,2.143084620012,
    -37.55001089022));
#8069 = CARTESIAN_POINT('',(181.34355586969,2.156097774378,
    -37.54609938605));
#8070 = CARTESIAN_POINT('',(181.33211447846,2.168847065175,
    -37.54205881427));
#8071 = CARTESIAN_POINT('',(181.3204014531,2.18135248354,-37.53789844724
    ));
#8072 = CARTESIAN_POINT('',(181.27739572419,2.225511140841,
    -37.52253365774));
#8073 = CARTESIAN_POINT('',(181.24444625099,2.256122551567,
    -37.5105969245));
#8074 = CARTESIAN_POINT('',(181.21023510388,2.285509200369,
    -37.49800787362));
#8075 = CARTESIAN_POINT('',(181.17523783338,2.313742309026,
    -37.48491633821));
#8076 = CARTESIAN_POINT('',(181.13974998313,2.340935749984,
    -37.47141959933));
#8077 = CARTESIAN_POINT('',(181.10387733202,2.367256214039,
    -37.45755093537));
#8078 = CARTESIAN_POINT('',(181.06752713977,2.392933063251,
    -37.44326551989));
#8079 = CARTESIAN_POINT('',(180.92046154485,2.493288707543,
    -37.38447432112));
#8080 = CARTESIAN_POINT('',(180.80405563124,2.565073489161,
    -37.33578312938));
#8081 = CARTESIAN_POINT('',(180.68558758196,2.633199519617,
    -37.28361505132));
#8082 = CARTESIAN_POINT('',(180.56764503564,2.697570422442,
    -37.22892957356));
#8083 = CARTESIAN_POINT('',(180.45084964998,2.758601172761,
    -37.17214802781));
#8084 = CARTESIAN_POINT('',(180.33450608408,2.817081061295,
    -37.11294841405));
#8085 = CARTESIAN_POINT('',(180.21724693204,2.873827467263,
    -37.05050588868));
#8086 = CARTESIAN_POINT('',(179.84008657425,3.049098118964,
    -36.83973656664));
#8087 = CARTESIAN_POINT('',(179.58342033641,3.157984210398,
    -36.68208485297));
#8088 = CARTESIAN_POINT('',(179.32901208537,3.25622892492,
    -36.51043604839));
#8089 = CARTESIAN_POINT('',(179.0765741882,3.342652634504,
    -36.32375942974));
#8090 = CARTESIAN_POINT('',(178.82703543592,3.414895449843,
    -36.12113326675));
#8091 = CARTESIAN_POINT('',(178.58184308059,3.469137289923,
    -35.90210536174));
#8092 = CARTESIAN_POINT('',(178.34349486464,3.5,-35.66722599036));
#8093 = CARTESIAN_POINT('',(178.11527096114,3.5,-35.41940625338));
#8094 = PCURVE('',#7021,#8095);
#8095 = DEFINITIONAL_REPRESENTATION('',(#8096),#8134);
#8096 = B_SPLINE_CURVE_WITH_KNOTS('',8,(#8097,#8098,#8099,#8100,#8101,
    #8102,#8103,#8104,#8105,#8106,#8107,#8108,#8109,#8110,#8111,#8112,
    #8113,#8114,#8115,#8116,#8117,#8118,#8119,#8120,#8121,#8122,#8123,
    #8124,#8125,#8126,#8127,#8128,#8129,#8130,#8131,#8132,#8133),
  .UNSPECIFIED.,.F.,.F.,(9,7,7,7,7,9),(0.,5.028353569873E-02,
    8.447809969928E-02,0.173212220593,0.435969637472,1.),.UNSPECIFIED.);
#8097 = CARTESIAN_POINT('',(4.389146270019,1.6));
#8098 = CARTESIAN_POINT('',(4.389146270019,1.574699410271));
#8099 = CARTESIAN_POINT('',(4.388791094633,1.549743669171));
#8100 = CARTESIAN_POINT('',(4.388097705676,1.525194779941));
#8101 = CARTESIAN_POINT('',(4.38709134149,1.501126441684));
#8102 = CARTESIAN_POINT('',(4.38580581955,1.477631160583));
#8103 = CARTESIAN_POINT('',(4.384283839067,1.454827361133));
#8104 = CARTESIAN_POINT('',(4.382577283585,1.432866497364));
#8105 = CARTESIAN_POINT('',(4.379503222755,1.397709525087));
#8106 = CARTESIAN_POINT('',(4.378188509616,1.383803773711));
#8107 = CARTESIAN_POINT('',(4.376812628678,1.370210495006));
#8108 = CARTESIAN_POINT('',(4.375383542769,1.356915379988));
#8109 = CARTESIAN_POINT('',(4.373907933041,1.343902225622));
#8110 = CARTESIAN_POINT('',(4.372391198963,1.331152934825));
#8111 = CARTESIAN_POINT('',(4.370837458328,1.31864751646));
#8112 = CARTESIAN_POINT('',(4.365128953878,1.274488859159));
#8113 = CARTESIAN_POINT('',(4.360748368419,1.243877448433));
#8114 = CARTESIAN_POINT('',(4.356191731131,1.214490799631));
#8115 = CARTESIAN_POINT('',(4.35152114997,1.186257690974));
#8116 = CARTESIAN_POINT('',(4.346775322799,1.159064250016));
#8117 = CARTESIAN_POINT('',(4.341967922241,1.132743785961));
#8118 = CARTESIAN_POINT('',(4.337085943172,1.107066936749));
#8119 = CARTESIAN_POINT('',(4.317288257755,1.006711292457));
#8120 = CARTESIAN_POINT('',(4.301517848636,0.934926510839));
#8121 = CARTESIAN_POINT('',(4.2853418678,0.866800480384));
#8122 = CARTESIAN_POINT('',(4.269097302212,0.802429577557));
#8123 = CARTESIAN_POINT('',(4.252869287398,0.74139882724));
#8124 = CARTESIAN_POINT('',(4.236556613688,0.682918938705));
#8125 = CARTESIAN_POINT('',(4.21995393053,0.626172532737));
#8126 = CARTESIAN_POINT('',(4.165946748919,0.450901881036));
#8127 = CARTESIAN_POINT('',(4.128326645797,0.342015789602));
#8128 = CARTESIAN_POINT('',(4.090022970585,0.24377107508));
#8129 = CARTESIAN_POINT('',(4.050852877537,0.157347365496));
#8130 = CARTESIAN_POINT('',(4.010758123712,8.51045501559E-02));
#8131 = CARTESIAN_POINT('',(3.96974219456,3.086271007759E-02));
#8132 = CARTESIAN_POINT('',(3.927962444896,1.16661852442E-15));
#8133 = CARTESIAN_POINT('',(3.885850100327,2.6645352591E-15));
#8134 = ( GEOMETRIC_REPRESENTATION_CONTEXT(2) 
PARAMETRIC_REPRESENTATION_CONTEXT() REPRESENTATION_CONTEXT('2D SPACE',''
  ) );
#8135 = PCURVE('',#8136,#8141);
#8136 = CYLINDRICAL_SURFACE('',#8137,1.6);
#8137 = AXIS2_PLACEMENT_3D('',#8138,#8139,#8140);
#8138 = CARTESIAN_POINT('',(0.257469828126,1.9,-6.42085172083));
#8139 = DIRECTION('',(0.986967674481,-1.78655582082E-17,-0.160918642578)
  );
#8140 = DIRECTION('',(-0.160918642578,-1.09575423677E-16,-0.986967674481
    ));
#8141 = DEFINITIONAL_REPRESENTATION('',(#8142),#8180);
#8142 = B_SPLINE_CURVE_WITH_KNOTS('',8,(#8143,#8144,#8145,#8146,#8147,
    #8148,#8149,#8150,#8151,#8152,#8153,#8154,#8155,#8156,#8157,#8158,
    #8159,#8160,#8161,#8162,#8163,#8164,#8165,#8166,#8167,#8168,#8169,
    #8170,#8171,#8172,#8173,#8174,#8175,#8176,#8177,#8178,#8179),
  .UNSPECIFIED.,.F.,.F.,(9,7,7,7,7,9),(0.,5.028353569873E-02,
    8.447809969928E-02,0.173212220593,0.435969637472,1.),.UNSPECIFIED.);
#8143 = CARTESIAN_POINT('',(0.,183.85491310062));
#8144 = CARTESIAN_POINT('',(1.581286858041E-02,183.85491310062));
#8145 = CARTESIAN_POINT('',(3.141024646794E-02,183.85210876181));
#8146 = CARTESIAN_POINT('',(4.675927894832E-02,183.84663389714));
#8147 = CARTESIAN_POINT('',(6.181933682931E-02,183.83868878854));
#8148 = CARTESIAN_POINT('',(7.65370984536E-02,183.82854209739));
#8149 = CARTESIAN_POINT('',(9.084163171181E-02,183.816532775));
#8150 = CARTESIAN_POINT('',(0.104639476055,183.80307197309));
#8151 = CARTESIAN_POINT('',(0.126765954365,183.77883407652));
#8152 = CARTESIAN_POINT('',(0.13552860684,183.7684704279));
#8153 = CARTESIAN_POINT('',(0.144105679702,183.7576273776));
#8154 = CARTESIAN_POINT('',(0.1525063321,183.74636815018));
#8155 = CARTESIAN_POINT('',(0.160740884565,183.73474582554));
#8156 = CARTESIAN_POINT('',(0.16882081901,183.72280333892));
#8157 = CARTESIAN_POINT('',(0.17675877873,183.7105734809));
#8158 = CARTESIAN_POINT('',(0.204834796113,183.66565573559));
#8159 = CARTESIAN_POINT('',(0.224385137515,183.63121482774));
#8160 = CARTESIAN_POINT('',(0.24324621437,183.59542371845));
#8161 = CARTESIAN_POINT('',(0.26146258457,183.55877587166));
#8162 = CARTESIAN_POINT('',(0.279104702726,183.52157863373));
#8163 = CARTESIAN_POINT('',(0.296277649133,183.4839417601));
#8164 = CARTESIAN_POINT('',(0.313130627095,183.44576650573));
#8165 = CARTESIAN_POINT('',(0.379427264176,183.29115691761));
#8166 = CARTESIAN_POINT('',(0.427810654035,183.16843272328));
#8167 = CARTESIAN_POINT('',(0.47484320721,183.04311377187));
#8168 = CARTESIAN_POINT('',(0.520511045986,182.91790837836));
#8169 = CARTESIAN_POINT('',(0.56509012078,182.79349789892));
#8170 = CARTESIAN_POINT('',(0.609179731929,182.66914423876));
#8171 = CARTESIAN_POINT('',(0.653524990983,182.54336507973));
#8172 = CARTESIAN_POINT('',(0.796629575619,182.1372032853));
#8173 = CARTESIAN_POINT('',(0.894688849386,181.85851290565));
#8174 = CARTESIAN_POINT('',(0.994773584406,181.57979869312));
#8175 = CARTESIAN_POINT('',(1.098193935782,181.30061090073));
#8176 = CARTESIAN_POINT('',(1.206179613393,181.02171789161));
#8177 = CARTESIAN_POINT('',(1.319965563547,180.7444752897));
#8178 = CARTESIAN_POINT('',(1.440880958831,180.47143683568));
#8179 = CARTESIAN_POINT('',(1.570796326795,180.2063084047));
#8180 = ( GEOMETRIC_REPRESENTATION_CONTEXT(2) 
PARAMETRIC_REPRESENTATION_CONTEXT() REPRESENTATION_CONTEXT('2D SPACE',''
  ) );
#8181 = ORIENTED_EDGE('',*,*,#8182,.F.);
#8182 = EDGE_CURVE('',#8183,#8053,#8185,.T.);
#8183 = VERTEX_POINT('',#8184);
#8184 = CARTESIAN_POINT('',(180.19575239232,3.5,-22.96240807239));
#8185 = SURFACE_CURVE('',#8186,(#8191,#8198),.PCURVE_S1.);
#8186 = CIRCLE('',#8187,8.);
#8187 = AXIS2_PLACEMENT_3D('',#8188,#8189,#8190);
#8188 = CARTESIAN_POINT('',(184.,3.5,-30.));
#8189 = DIRECTION('',(-2.503898757777E-33,1.,6.310243822295E-17));
#8190 = DIRECTION('',(-0.475530950959,-5.551115123126E-17,0.879698990951
    ));
#8191 = PCURVE('',#7021,#8192);
#8192 = DEFINITIONAL_REPRESENTATION('',(#8193),#8197);
#8193 = LINE('',#8194,#8195);
#8194 = CARTESIAN_POINT('',(8.349549127115,0.));
#8195 = VECTOR('',#8196,1.);
#8196 = DIRECTION('',(-1.,-0.));
#8197 = ( GEOMETRIC_REPRESENTATION_CONTEXT(2) 
PARAMETRIC_REPRESENTATION_CONTEXT() REPRESENTATION_CONTEXT('2D SPACE',''
  ) );
#8198 = PCURVE('',#7557,#8199);
#8199 = DEFINITIONAL_REPRESENTATION('',(#8200),#8208);
#8200 = ( BOUNDED_CURVE() B_SPLINE_CURVE(2,(#8201,#8202,#8203,#8204,
#8205,#8206,#8207),.UNSPECIFIED.,.T.,.F.) B_SPLINE_CURVE_WITH_KNOTS((1,2
    ,2,2,2,1),(-2.094395102393,0.,2.094395102393,4.188790204786,
6.28318530718,8.377580409573),.UNSPECIFIED.) CURVE() 
GEOMETRIC_REPRESENTATION_ITEM() RATIONAL_B_SPLINE_CURVE((1.,0.5,1.,0.5,
1.,0.5,1.)) REPRESENTATION_ITEM('') );
#8201 = CARTESIAN_POINT('',(180.19575239232,-22.96240807239));
#8202 = CARTESIAN_POINT('',(192.38521917387,-16.37325793132));
#8203 = CARTESIAN_POINT('',(191.99685719461,-30.22422089327));
#8204 = CARTESIAN_POINT('',(191.60849521535,-44.07518385521));
#8205 = CARTESIAN_POINT('',(179.80739041306,-36.81337103433));
#8206 = CARTESIAN_POINT('',(168.00628561077,-29.55155821345));
#8207 = CARTESIAN_POINT('',(180.19575239232,-22.96240807239));
#8208 = ( GEOMETRIC_REPRESENTATION_CONTEXT(2) 
PARAMETRIC_REPRESENTATION_CONTEXT() REPRESENTATION_CONTEXT('2D SPACE',''
  ) );
#8209 = ORIENTED_EDGE('',*,*,#8210,.F.);
#8210 = EDGE_CURVE('',#8211,#8183,#8213,.T.);
#8211 = VERTEX_POINT('',#8212);
#8212 = CARTESIAN_POINT('',(182.61297354532,2.90747321929,
    -22.12115759682));
#8213 = SURFACE_CURVE('',#8214,(#8229,#8247),.PCURVE_S1.);
#8214 = B_SPLINE_CURVE_WITH_KNOTS('',7,(#8215,#8216,#8217,#8218,#8219,
    #8220,#8221,#8222,#8223,#8224,#8225,#8226,#8227,#8228),
  .UNSPECIFIED.,.F.,.F.,(8,6,8),(0.,0.53799364187,1.),.UNSPECIFIED.);
#8215 = CARTESIAN_POINT('',(182.61297605828,2.907472150329,
    -22.12115715443));
#8216 = CARTESIAN_POINT('',(182.43307100617,2.983999910638,
    -22.1528283807));
#8217 = CARTESIAN_POINT('',(182.2509768055,3.056227882207,
    -22.18982612184));
#8218 = CARTESIAN_POINT('',(182.06750577366,3.124090549434,
    -22.23230725367));
#8219 = CARTESIAN_POINT('',(181.88285736507,3.187388259305,
    -22.28043757349));
#8220 = CARTESIAN_POINT('',(181.69710326429,3.245759488406,
    -22.33446643344));
#8221 = CARTESIAN_POINT('',(181.51038992235,3.29859788509,
    -22.39464635689));
#8222 = CARTESIAN_POINT('',(181.16199167538,3.384916735512,
    -22.51836350586));
#8223 = CARTESIAN_POINT('',(181.00058381472,3.420055428368,
    -22.58019491213));
#8224 = CARTESIAN_POINT('',(180.83886517949,3.449916271058,
    -22.64684089351));
#8225 = CARTESIAN_POINT('',(180.67707669451,3.473802163013,
    -22.71840950369));
#8226 = CARTESIAN_POINT('',(180.51558821328,3.490847140161,
    -22.79494432584));
#8227 = CARTESIAN_POINT('',(180.35491851191,3.5,-22.87636907838));
#8228 = CARTESIAN_POINT('',(180.19575239232,3.5,-22.96240807239));
#8229 = PCURVE('',#7021,#8230);
#8230 = DEFINITIONAL_REPRESENTATION('',(#8231),#8246);
#8231 = B_SPLINE_CURVE_WITH_KNOTS('',7,(#8232,#8233,#8234,#8235,#8236,
    #8237,#8238,#8239,#8240,#8241,#8242,#8243,#8244,#8245),
  .UNSPECIFIED.,.F.,.F.,(8,6,8),(1.073548856451E-06,0.53799364187,1.),
  .UNSPECIFIED.);
#8232 = CARTESIAN_POINT('',(8.028240531766,0.592526780711));
#8233 = CARTESIAN_POINT('',(8.051074434276,0.515999224591));
#8234 = CARTESIAN_POINT('',(8.074293267678,0.443771440704));
#8235 = CARTESIAN_POINT('',(8.0978199037,0.375908945332));
#8236 = CARTESIAN_POINT('',(8.12165567804,0.312611391261));
#8237 = CARTESIAN_POINT('',(8.145821334917,0.254240300719));
#8238 = CARTESIAN_POINT('',(8.170332196196,0.201402022242));
#8239 = CARTESIAN_POINT('',(8.216546198734,0.115083264488));
#8240 = CARTESIAN_POINT('',(8.238145349894,7.994457163163E-02));
#8241 = CARTESIAN_POINT('',(8.259998433138,5.008372894209E-02));
#8242 = CARTESIAN_POINT('',(8.282099039717,2.619783698652E-02));
#8243 = CARTESIAN_POINT('',(8.304424954423,9.152859838833E-03));
#8244 = CARTESIAN_POINT('',(8.326932567185,4.399278569349E-15));
#8245 = CARTESIAN_POINT('',(8.349549127115,4.218847493576E-15));
#8246 = ( GEOMETRIC_REPRESENTATION_CONTEXT(2) 
PARAMETRIC_REPRESENTATION_CONTEXT() REPRESENTATION_CONTEXT('2D SPACE',''
  ) );
#8247 = PCURVE('',#7633,#8248);
#8248 = DEFINITIONAL_REPRESENTATION('',(#8249),#8264);
#8249 = B_SPLINE_CURVE_WITH_KNOTS('',7,(#8250,#8251,#8252,#8253,#8254,
    #8255,#8256,#8257,#8258,#8259,#8260,#8261,#8262,#8263),
  .UNSPECIFIED.,.F.,.F.,(8,6,8),(0.,0.53799364187,1.),.UNSPECIFIED.);
#8250 = CARTESIAN_POINT('',(0.681128473867,1.345753082425));
#8251 = CARTESIAN_POINT('',(0.742696436182,1.517571069403));
#8252 = CARTESIAN_POINT('',(0.804389486161,1.690633179956));
#8253 = CARTESIAN_POINT('',(0.866563242181,1.864112230164));
#8254 = CARTESIAN_POINT('',(0.929559213444,2.037783307275));
#8255 = CARTESIAN_POINT('',(0.993738681421,2.211533062531));
#8256 = CARTESIAN_POINT('',(1.059442373727,2.385173943017));
#8257 = CARTESIAN_POINT('',(1.18510183415,2.707222149645));
#8258 = CARTESIAN_POINT('',(1.24452731014,2.855648805504));
#8259 = CARTESIAN_POINT('',(1.305562888862,3.003556705164));
#8260 = CARTESIAN_POINT('',(1.36844802365,3.150689972616));
#8261 = CARTESIAN_POINT('',(1.433428427962,3.296676756254));
#8262 = CARTESIAN_POINT('',(1.500772365432,3.441019021928));
#8263 = CARTESIAN_POINT('',(1.570796326795,3.583089331612));
#8264 = ( GEOMETRIC_REPRESENTATION_CONTEXT(2) 
PARAMETRIC_REPRESENTATION_CONTEXT() REPRESENTATION_CONTEXT('2D SPACE',''
  ) );
#8265 = ORIENTED_EDGE('',*,*,#8266,.F.);
#8266 = EDGE_CURVE('',#8267,#8211,#8269,.T.);
#8267 = VERTEX_POINT('',#8268);
#8268 = CARTESIAN_POINT('',(183.31009385843,1.9,-22.02980367143));
#8269 = SURFACE_CURVE('',#8270,(#8285,#8303),.PCURVE_S1.);
#8270 = B_SPLINE_CURVE_WITH_KNOTS('',7,(#8271,#8272,#8273,#8274,#8275,
    #8276,#8277,#8278,#8279,#8280,#8281,#8282,#8283,#8284),
  .UNSPECIFIED.,.F.,.F.,(8,6,8),(0.,0.616933512031,1.),.UNSPECIFIED.);
#8271 = CARTESIAN_POINT('',(183.31009385843,1.9,-22.02980367143));
#8272 = CARTESIAN_POINT('',(183.31009385843,2.006957990165,
    -22.02980367143));
#8273 = CARTESIAN_POINT('',(183.2970615079,2.113561824019,
    -22.03093157506));
#8274 = CARTESIAN_POINT('',(183.27114349489,2.219119803574,
    -22.03317577583));
#8275 = CARTESIAN_POINT('',(183.23214712549,2.322512875882,
    -22.03668499601));
#8276 = CARTESIAN_POINT('',(183.17998725079,2.422309140114,
    -22.04173594951));
#8277 = CARTESIAN_POINT('',(183.11485520594,2.516814081144,
    -22.04873448236));
#8278 = CARTESIAN_POINT('',(182.98912951726,2.658460736981,
    -22.06397489538));
#8279 = CARTESIAN_POINT('',(182.9361874737,2.709962482603,
    -22.07073832287));
#8280 = CARTESIAN_POINT('',(182.8786991322,2.758155539769,
    -22.07852290517));
#8281 = CARTESIAN_POINT('',(182.8170397833,2.802475400746,
    -22.08741798279));
#8282 = CARTESIAN_POINT('',(182.75173378274,2.842398698662,
    -22.09748779152));
#8283 = CARTESIAN_POINT('',(182.68344843607,2.877494733028,
    -22.10875088365));
#8284 = CARTESIAN_POINT('',(182.61297354532,2.90747321929,
    -22.12115759682));
#8285 = PCURVE('',#7021,#8286);
#8286 = DEFINITIONAL_REPRESENTATION('',(#8287),#8302);
#8287 = B_SPLINE_CURVE_WITH_KNOTS('',7,(#8288,#8289,#8290,#8291,#8292,
    #8293,#8294,#8295,#8296,#8297,#8298,#8299,#8300,#8301),
  .UNSPECIFIED.,.F.,.F.,(8,6,8),(0.,0.616933512031,1.),.UNSPECIFIED.);
#8288 = CARTESIAN_POINT('',(7.940327153888,1.6));
#8289 = CARTESIAN_POINT('',(7.940327153888,1.493042009835));
#8290 = CARTESIAN_POINT('',(7.941962290728,1.38643817598));
#8291 = CARTESIAN_POINT('',(7.945214152475,1.280880196426));
#8292 = CARTESIAN_POINT('',(7.950108390762,1.177487124118));
#8293 = CARTESIAN_POINT('',(7.956658499467,1.077690859886));
#8294 = CARTESIAN_POINT('',(7.96484611328,0.983185918856));
#8295 = CARTESIAN_POINT('',(7.980676868051,0.841539263019));
#8296 = CARTESIAN_POINT('',(7.987348267914,0.790037517397));
#8297 = CARTESIAN_POINT('',(7.994599556509,0.741844460231));
#8298 = CARTESIAN_POINT('',(8.002386180206,0.697524599254));
#8299 = CARTESIAN_POINT('',(8.010645209985,0.657601301338));
#8300 = CARTESIAN_POINT('',(8.019295703688,0.622505266972));
#8301 = CARTESIAN_POINT('',(8.028240531766,0.59252678071));
#8302 = ( GEOMETRIC_REPRESENTATION_CONTEXT(2) 
PARAMETRIC_REPRESENTATION_CONTEXT() REPRESENTATION_CONTEXT('2D SPACE',''
  ) );
#8303 = PCURVE('',#8304,#8309);
#8304 = SPHERICAL_SURFACE('',#8305,1.6);
#8305 = AXIS2_PLACEMENT_3D('',#8306,#8307,#8308);
#8306 = CARTESIAN_POINT('',(182.4,1.9,-23.34575548242));
#8307 = DIRECTION('',(0.,-1.,1.110223024625E-16));
#8308 = DIRECTION('',(0.171341174751,1.093804774332E-16,0.98521175482));
#8309 = DEFINITIONAL_REPRESENTATION('',(#8310),#8325);
#8310 = B_SPLINE_CURVE_WITH_KNOTS('',7,(#8311,#8312,#8313,#8314,#8315,
    #8316,#8317,#8318,#8319,#8320,#8321,#8322,#8323,#8324),
  .UNSPECIFIED.,.F.,.F.,(8,6,8),(0.,0.616933512031,1.),.UNSPECIFIED.);
#8311 = CARTESIAN_POINT('',(-0.432865825055,0.));
#8312 = CARTESIAN_POINT('',(-0.432865825055,-6.684874385311E-02));
#8313 = CARTESIAN_POINT('',(-0.426566431124,-0.133475966862));
#8314 = CARTESIAN_POINT('',(-0.414045227336,-0.19993813413));
#8315 = CARTESIAN_POINT('',(-0.394826849236,-0.266007593097));
#8316 = CARTESIAN_POINT('',(-0.368186757345,-0.33125000452));
#8317 = CARTESIAN_POINT('',(-0.332881539631,-0.394913742146));
#8318 = CARTESIAN_POINT('',(-0.259157367654,-0.493505544666));
#8319 = CARTESIAN_POINT('',(-0.226998847848,-0.530168959589));
#8320 = CARTESIAN_POINT('',(-0.190628353399,-0.565345113788));
#8321 = CARTESIAN_POINT('',(-0.149770911921,-0.598577592413));
#8322 = CARTESIAN_POINT('',(-0.104252858351,-0.629325365621));
#8323 = CARTESIAN_POINT('',(-5.414965979642E-02,-0.657011084598));
#8324 = CARTESIAN_POINT('',(0.,-0.681129333866));
#8325 = ( GEOMETRIC_REPRESENTATION_CONTEXT(2) 
PARAMETRIC_REPRESENTATION_CONTEXT() REPRESENTATION_CONTEXT('2D SPACE',''
  ) );
#8326 = ORIENTED_EDGE('',*,*,#8327,.T.);
#8327 = EDGE_CURVE('',#8267,#8328,#8330,.T.);
#8328 = VERTEX_POINT('',#8329);
#8329 = CARTESIAN_POINT('',(183.31009385843,-1.9,-22.02980367143));
#8330 = SURFACE_CURVE('',#8331,(#8335,#8341),.PCURVE_S1.);
#8331 = LINE('',#8332,#8333);
#8332 = CARTESIAN_POINT('',(183.31009385843,3.5,-22.02980367143));
#8333 = VECTOR('',#8334,1.);
#8334 = DIRECTION('',(0.,-1.,1.110223024625E-16));
#8335 = PCURVE('',#7021,#8336);
#8336 = DEFINITIONAL_REPRESENTATION('',(#8337),#8340);
#8337 = B_SPLINE_CURVE_WITH_KNOTS('',1,(#8338,#8339),.UNSPECIFIED.,.F.,
  .F.,(2,2),(1.6,5.4),.PIECEWISE_BEZIER_KNOTS.);
#8338 = CARTESIAN_POINT('',(7.940327153888,1.6));
#8339 = CARTESIAN_POINT('',(7.940327153888,5.4));
#8340 = ( GEOMETRIC_REPRESENTATION_CONTEXT(2) 
PARAMETRIC_REPRESENTATION_CONTEXT() REPRESENTATION_CONTEXT('2D SPACE',''
  ) );
#8341 = PCURVE('',#8342,#8347);
#8342 = CYLINDRICAL_SURFACE('',#8343,1.6);
#8343 = AXIS2_PLACEMENT_3D('',#8344,#8345,#8346);
#8344 = CARTESIAN_POINT('',(182.4,3.5,-23.34575548242));
#8345 = DIRECTION('',(0.,-1.,1.110223024625E-16));
#8346 = DIRECTION('',(0.171341174751,1.093804774332E-16,0.98521175482));
#8347 = DEFINITIONAL_REPRESENTATION('',(#8348),#8351);
#8348 = B_SPLINE_CURVE_WITH_KNOTS('',1,(#8349,#8350),.UNSPECIFIED.,.F.,
  .F.,(2,2),(1.5999976,5.4000024),.PIECEWISE_BEZIER_KNOTS.);
#8349 = CARTESIAN_POINT('',(-0.432865825059,1.5999976));
#8350 = CARTESIAN_POINT('',(-0.432865825059,5.4000024));
#8351 = ( GEOMETRIC_REPRESENTATION_CONTEXT(2) 
PARAMETRIC_REPRESENTATION_CONTEXT() REPRESENTATION_CONTEXT('2D SPACE',''
  ) );
#8352 = ORIENTED_EDGE('',*,*,#8353,.F.);
#8353 = EDGE_CURVE('',#7792,#8328,#8354,.T.);
#8354 = SURFACE_CURVE('',#8355,(#8378,#8404),.PCURVE_S1.);
#8355 = B_SPLINE_CURVE_WITH_KNOTS('',6,(#8356,#8357,#8358,#8359,#8360,
    #8361,#8362,#8363,#8364,#8365,#8366,#8367,#8368,#8369,#8370,#8371,
    #8372,#8373,#8374,#8375,#8376,#8377),.UNSPECIFIED.,.F.,.F.,(7,5,5,5,
    7),(0.,0.201494687443,0.381473915944,0.615334961795,1.),
  .UNSPECIFIED.);
#8356 = CARTESIAN_POINT('',(182.61297354532,-2.90747321929,
    -22.12115759682));
#8357 = CARTESIAN_POINT('',(182.65620380551,-2.889084006516,
    -22.11354714957));
#8358 = CARTESIAN_POINT('',(182.69858367592,-2.868715513498,
    -22.10637985499));
#8359 = CARTESIAN_POINT('',(182.73992087527,-2.846438174759,
    -22.09966670993));
#8360 = CARTESIAN_POINT('',(182.78003665448,-2.822348847452,
    -22.09340846248));
#8361 = CARTESIAN_POINT('',(182.81877080586,-2.796566322911,
    -22.0875976135));
#8362 = CARTESIAN_POINT('',(182.88922865494,-2.744806644139,
    -22.07741739598));
#8363 = CARTESIAN_POINT('',(182.92126217026,-2.719142076576,
    -22.07295996881));
#8364 = CARTESIAN_POINT('',(182.95199455027,-2.692325938368,
    -22.06883767549));
#8365 = CARTESIAN_POINT('',(182.98135426962,-2.664454820049,
    -22.06503565954));
#8366 = CARTESIAN_POINT('',(183.009288079,-2.635624257062,
    -22.06153661703));
#8367 = CARTESIAN_POINT('',(183.07015275096,-2.567331880253,
    -22.054146709));
#8368 = CARTESIAN_POINT('',(183.1020742552,-2.527273233832,
    -22.05045238086));
#8369 = CARTESIAN_POINT('',(183.13144450577,-2.48594002222,
    -22.04719967889));
#8370 = CARTESIAN_POINT('',(183.15821983986,-2.443513684574,
    -22.0443484936));
#8371 = CARTESIAN_POINT('',(183.18238065651,-2.400158447148,
    -22.04186157221));
#8372 = CARTESIAN_POINT('',(183.23935150312,-2.283405224373,
    -22.03616413153));
#8373 = CARTESIAN_POINT('',(183.26768144726,-2.20868463626,
    -22.03352209511));
#8374 = CARTESIAN_POINT('',(183.2889027115,-2.132458497259,
    -22.0316380515));
#8375 = CARTESIAN_POINT('',(183.30302757943,-2.05528202972,
    -22.03041531877));
#8376 = CARTESIAN_POINT('',(183.31009385843,-1.977652736281,
    -22.02980367143));
#8377 = CARTESIAN_POINT('',(183.31009385843,-1.9,-22.02980367143));
#8378 = PCURVE('',#7021,#8379);
#8379 = DEFINITIONAL_REPRESENTATION('',(#8380),#8403);
#8380 = B_SPLINE_CURVE_WITH_KNOTS('',6,(#8381,#8382,#8383,#8384,#8385,
    #8386,#8387,#8388,#8389,#8390,#8391,#8392,#8393,#8394,#8395,#8396,
    #8397,#8398,#8399,#8400,#8401,#8402),.UNSPECIFIED.,.F.,.F.,(7,5,5,5,
    7),(0.,0.201494687443,0.381473915944,0.615334961795,1.),
  .UNSPECIFIED.);
#8381 = CARTESIAN_POINT('',(8.028240531766,6.40747321929));
#8382 = CARTESIAN_POINT('',(8.022753652098,6.389084006516));
#8383 = CARTESIAN_POINT('',(8.017381066139,6.368715513498));
#8384 = CARTESIAN_POINT('',(8.012146382636,6.346438174759));
#8385 = CARTESIAN_POINT('',(8.007071394149,6.322348847452));
#8386 = CARTESIAN_POINT('',(8.002175516002,6.296566322911));
#8387 = CARTESIAN_POINT('',(7.993276828138,6.244806644139));
#8388 = CARTESIAN_POINT('',(7.989234114766,6.219142076576));
#8389 = CARTESIAN_POINT('',(7.985358228265,6.192325938368));
#8390 = CARTESIAN_POINT('',(7.981657670364,6.164454820049));
#8391 = CARTESIAN_POINT('',(7.978138682293,6.135624257062));
#8392 = CARTESIAN_POINT('',(7.970474725423,6.067331880253));
#8393 = CARTESIAN_POINT('',(7.966457967411,6.027273233832));
#8394 = CARTESIAN_POINT('',(7.962764298672,5.98594002222));
#8395 = CARTESIAN_POINT('',(7.959398493155,5.943513684574));
#8396 = CARTESIAN_POINT('',(7.956362446985,5.900158447148));
#8397 = CARTESIAN_POINT('',(7.949205568525,5.783405224373));
#8398 = CARTESIAN_POINT('',(7.945649038604,5.70868463626));
#8399 = CARTESIAN_POINT('',(7.942985953049,5.632458497259));
#8400 = CARTESIAN_POINT('',(7.941213741565,5.55528202972));
#8401 = CARTESIAN_POINT('',(7.940327153888,5.477652736281));
#8402 = CARTESIAN_POINT('',(7.940327153888,5.4));
#8403 = ( GEOMETRIC_REPRESENTATION_CONTEXT(2) 
PARAMETRIC_REPRESENTATION_CONTEXT() REPRESENTATION_CONTEXT('2D SPACE',''
  ) );
#8404 = PCURVE('',#7809,#8405);
#8405 = DEFINITIONAL_REPRESENTATION('',(#8406),#8429);
#8406 = B_SPLINE_CURVE_WITH_KNOTS('',6,(#8407,#8408,#8409,#8410,#8411,
    #8412,#8413,#8414,#8415,#8416,#8417,#8418,#8419,#8420,#8421,#8422,
    #8423,#8424,#8425,#8426,#8427,#8428),.UNSPECIFIED.,.F.,.F.,(7,5,5,5,
    7),(0.,0.201494687443,0.381473915944,0.615334961795,1.),
  .UNSPECIFIED.);
#8407 = CARTESIAN_POINT('',(0.,-0.681129333866));
#8408 = CARTESIAN_POINT('',(3.321614063383E-02,-0.666334870474));
#8409 = CARTESIAN_POINT('',(6.486348739908E-02,-0.650160752708));
#8410 = CARTESIAN_POINT('',(9.481336978148E-02,-0.632733079484));
#8411 = CARTESIAN_POINT('',(0.123008748205,-0.614190789354));
#8412 = CARTESIAN_POINT('',(0.149444062702,-0.594675823213));
#8413 = CARTESIAN_POINT('',(0.196208543304,-0.556143980092));
#8414 = CARTESIAN_POINT('',(0.216890071186,-0.537294897475));
#8415 = CARTESIAN_POINT('',(0.236211675833,-0.517869971503));
#8416 = CARTESIAN_POINT('',(0.25421699552,-0.497954414381));
#8417 = CARTESIAN_POINT('',(0.270960950805,-0.477622963187));
#8418 = CARTESIAN_POINT('',(0.306689716673,-0.430060701526));
#8419 = CARTESIAN_POINT('',(0.324843630514,-0.40258806216));
#8420 = CARTESIAN_POINT('',(0.341089444656,-0.374654268045));
#8421 = CARTESIAN_POINT('',(0.355553274428,-0.346364830052));
#8422 = CARTESIAN_POINT('',(0.368350085451,-0.317799663505));
#8423 = CARTESIAN_POINT('',(0.398037530957,-0.241671465216));
#8424 = CARTESIAN_POINT('',(0.412241735092,-0.193750190856));
#8425 = CARTESIAN_POINT('',(0.422624531104,-0.145492415769));
#8426 = CARTESIAN_POINT('',(0.42945096472,-9.705124217719E-02));
#8427 = CARTESIAN_POINT('',(0.432865825058,-4.853296017556E-02));
#8428 = CARTESIAN_POINT('',(0.432865825058,1.110223024625E-16));
#8429 = ( GEOMETRIC_REPRESENTATION_CONTEXT(2) 
PARAMETRIC_REPRESENTATION_CONTEXT() REPRESENTATION_CONTEXT('2D SPACE',''
  ) );
#8430 = ORIENTED_EDGE('',*,*,#7820,.T.);
#8431 = ADVANCED_FACE('',(#8432),#6992,.T.);
#8432 = FACE_BOUND('',#8433,.F.);
#8433 = EDGE_LOOP('',(#8434,#8463,#8464,#8465));
#8434 = ORIENTED_EDGE('',*,*,#8435,.F.);
#8435 = EDGE_CURVE('',#6949,#8436,#8438,.T.);
#8436 = VERTEX_POINT('',#8437);
#8437 = CARTESIAN_POINT('',(12.,-1.9,-9.95652173913));
#8438 = SURFACE_CURVE('',#8439,(#8444,#8456),.PCURVE_S1.);
#8439 = ELLIPSE('',#8440,1.621127055495,1.6);
#8440 = AXIS2_PLACEMENT_3D('',#8441,#8442,#8443);
#8441 = CARTESIAN_POINT('',(12.,-1.9,-8.335394683636));
#8442 = DIRECTION('',(1.,0.,0.));
#8443 = DIRECTION('',(0.,-1.110223024625E-16,-1.));
#8444 = PCURVE('',#6992,#8445);
#8445 = DEFINITIONAL_REPRESENTATION('',(#8446),#8455);
#8446 = B_SPLINE_CURVE_WITH_KNOTS('',7,(#8447,#8448,#8449,#8450,#8451,
    #8452,#8453,#8454),.UNSPECIFIED.,.F.,.F.,(8,8),(4.712388980385,
    6.28318530718),.PIECEWISE_BEZIER_KNOTS.);
#8447 = CARTESIAN_POINT('',(-1.570796326795,11.897583350992));
#8448 = CARTESIAN_POINT('',(-1.346396851538,11.956122344538));
#8449 = CARTESIAN_POINT('',(-1.121997376282,12.01466110038));
#8450 = CARTESIAN_POINT('',(-0.897597901026,12.068386870759));
#8451 = CARTESIAN_POINT('',(-0.67319842577,12.11247791742));
#8452 = CARTESIAN_POINT('',(-0.448798950513,12.143127175528));
#8453 = CARTESIAN_POINT('',(-0.224399475256,12.15845291621));
#8454 = CARTESIAN_POINT('',(-2.775557561563E-16,12.15845291621));
#8455 = ( GEOMETRIC_REPRESENTATION_CONTEXT(2) 
PARAMETRIC_REPRESENTATION_CONTEXT() REPRESENTATION_CONTEXT('2D SPACE',''
  ) );
#8456 = PCURVE('',#6964,#8457);
#8457 = DEFINITIONAL_REPRESENTATION('',(#8458),#8462);
#8458 = ELLIPSE('',#8459,1.621127055495,1.6);
#8459 = AXIS2_PLACEMENT_2D('',#8460,#8461);
#8460 = CARTESIAN_POINT('',(3.664605316364,-1.6));
#8461 = DIRECTION('',(-1.,1.110223024625E-16));
#8462 = ( GEOMETRIC_REPRESENTATION_CONTEXT(2) 
PARAMETRIC_REPRESENTATION_CONTEXT() REPRESENTATION_CONTEXT('2D SPACE',''
  ) );
#8463 = ORIENTED_EDGE('',*,*,#6976,.T.);
#8464 = ORIENTED_EDGE('',*,*,#7901,.F.);
#8465 = ORIENTED_EDGE('',*,*,#8466,.F.);
#8466 = EDGE_CURVE('',#8436,#7902,#8467,.T.);
#8467 = SURFACE_CURVE('',#8468,(#8472,#8479),.PCURVE_S1.);
#8468 = LINE('',#8469,#8470);
#8469 = CARTESIAN_POINT('',(-1.998401444325E-15,-1.9,-8.));
#8470 = VECTOR('',#8471,1.);
#8471 = DIRECTION('',(0.986967674481,-1.78655582082E-17,-0.160918642578)
  );
#8472 = PCURVE('',#6992,#8473);
#8473 = DEFINITIONAL_REPRESENTATION('',(#8474),#8478);
#8474 = LINE('',#8475,#8476);
#8475 = CARTESIAN_POINT('',(-0.,0.));
#8476 = VECTOR('',#8477,1.);
#8477 = DIRECTION('',(-0.,1.));
#8478 = ( GEOMETRIC_REPRESENTATION_CONTEXT(2) 
PARAMETRIC_REPRESENTATION_CONTEXT() REPRESENTATION_CONTEXT('2D SPACE',''
  ) );
#8479 = PCURVE('',#8041,#8480);
#8480 = DEFINITIONAL_REPRESENTATION('',(#8481),#8485);
#8481 = LINE('',#8482,#8483);
#8482 = CARTESIAN_POINT('',(-1.998401444325E-15,1.9));
#8483 = VECTOR('',#8484,1.);
#8484 = DIRECTION('',(1.,0.));
#8485 = ( GEOMETRIC_REPRESENTATION_CONTEXT(2) 
PARAMETRIC_REPRESENTATION_CONTEXT() REPRESENTATION_CONTEXT('2D SPACE',''
  ) );
#8486 = ADVANCED_FACE('',(#8487),#6964,.T.);
#8487 = FACE_BOUND('',#8488,.T.);
#8488 = EDGE_LOOP('',(#8489,#8490,#8513,#8536,#8565,#8584));
#8489 = ORIENTED_EDGE('',*,*,#6948,.F.);
#8490 = ORIENTED_EDGE('',*,*,#8491,.T.);
#8491 = EDGE_CURVE('',#6921,#8492,#8494,.T.);
#8492 = VERTEX_POINT('',#8493);
#8493 = CARTESIAN_POINT('',(12.,3.5,-12.));
#8494 = SURFACE_CURVE('',#8495,(#8499,#8506),.PCURVE_S1.);
#8495 = LINE('',#8496,#8497);
#8496 = CARTESIAN_POINT('',(12.,-3.5,-12.));
#8497 = VECTOR('',#8498,1.);
#8498 = DIRECTION('',(-0.,1.,0.));
#8499 = PCURVE('',#6964,#8500);
#8500 = DEFINITIONAL_REPRESENTATION('',(#8501),#8505);
#8501 = LINE('',#8502,#8503);
#8502 = CARTESIAN_POINT('',(0.,0.));
#8503 = VECTOR('',#8504,1.);
#8504 = DIRECTION('',(0.,-1.));
#8505 = ( GEOMETRIC_REPRESENTATION_CONTEXT(2) 
PARAMETRIC_REPRESENTATION_CONTEXT() REPRESENTATION_CONTEXT('2D SPACE',''
  ) );
#8506 = PCURVE('',#6936,#8507);
#8507 = DEFINITIONAL_REPRESENTATION('',(#8508),#8512);
#8508 = LINE('',#8509,#8510);
#8509 = CARTESIAN_POINT('',(8.,0.));
#8510 = VECTOR('',#8511,1.);
#8511 = DIRECTION('',(0.,1.));
#8512 = ( GEOMETRIC_REPRESENTATION_CONTEXT(2) 
PARAMETRIC_REPRESENTATION_CONTEXT() REPRESENTATION_CONTEXT('2D SPACE',''
  ) );
#8513 = ORIENTED_EDGE('',*,*,#8514,.T.);
#8514 = EDGE_CURVE('',#8492,#8515,#8517,.T.);
#8515 = VERTEX_POINT('',#8516);
#8516 = CARTESIAN_POINT('',(12.,3.5,-8.335394683636));
#8517 = SURFACE_CURVE('',#8518,(#8522,#8529),.PCURVE_S1.);
#8518 = LINE('',#8519,#8520);
#8519 = CARTESIAN_POINT('',(12.,3.5,-12.));
#8520 = VECTOR('',#8521,1.);
#8521 = DIRECTION('',(0.,0.,1.));
#8522 = PCURVE('',#6964,#8523);
#8523 = DEFINITIONAL_REPRESENTATION('',(#8524),#8528);
#8524 = LINE('',#8525,#8526);
#8525 = CARTESIAN_POINT('',(0.,-7.));
#8526 = VECTOR('',#8527,1.);
#8527 = DIRECTION('',(1.,0.));
#8528 = ( GEOMETRIC_REPRESENTATION_CONTEXT(2) 
PARAMETRIC_REPRESENTATION_CONTEXT() REPRESENTATION_CONTEXT('2D SPACE',''
  ) );
#8529 = PCURVE('',#7557,#8530);
#8530 = DEFINITIONAL_REPRESENTATION('',(#8531),#8535);
#8531 = LINE('',#8532,#8533);
#8532 = CARTESIAN_POINT('',(12.,-12.));
#8533 = VECTOR('',#8534,1.);
#8534 = DIRECTION('',(0.,1.));
#8535 = ( GEOMETRIC_REPRESENTATION_CONTEXT(2) 
PARAMETRIC_REPRESENTATION_CONTEXT() REPRESENTATION_CONTEXT('2D SPACE',''
  ) );
#8536 = ORIENTED_EDGE('',*,*,#8537,.F.);
#8537 = EDGE_CURVE('',#8538,#8515,#8540,.T.);
#8538 = VERTEX_POINT('',#8539);
#8539 = CARTESIAN_POINT('',(12.,1.9,-9.95652173913));
#8540 = SURFACE_CURVE('',#8541,(#8546,#8553),.PCURVE_S1.);
#8541 = ELLIPSE('',#8542,1.621127055495,1.6);
#8542 = AXIS2_PLACEMENT_3D('',#8543,#8544,#8545);
#8543 = CARTESIAN_POINT('',(12.,1.9,-8.335394683636));
#8544 = DIRECTION('',(1.,0.,0.));
#8545 = DIRECTION('',(0.,-1.110223024625E-16,-1.));
#8546 = PCURVE('',#6964,#8547);
#8547 = DEFINITIONAL_REPRESENTATION('',(#8548),#8552);
#8548 = ELLIPSE('',#8549,1.621127055495,1.6);
#8549 = AXIS2_PLACEMENT_2D('',#8550,#8551);
#8550 = CARTESIAN_POINT('',(3.664605316364,-5.4));
#8551 = DIRECTION('',(-1.,1.110223024625E-16));
#8552 = ( GEOMETRIC_REPRESENTATION_CONTEXT(2) 
PARAMETRIC_REPRESENTATION_CONTEXT() REPRESENTATION_CONTEXT('2D SPACE',''
  ) );
#8553 = PCURVE('',#8136,#8554);
#8554 = DEFINITIONAL_REPRESENTATION('',(#8555),#8564);
#8555 = B_SPLINE_CURVE_WITH_KNOTS('',7,(#8556,#8557,#8558,#8559,#8560,
    #8561,#8562,#8563),.UNSPECIFIED.,.F.,.F.,(8,8),(0.,1.570796326795),
  .PIECEWISE_BEZIER_KNOTS.);
#8556 = CARTESIAN_POINT('',(0.,12.15845291621));
#8557 = CARTESIAN_POINT('',(0.224399475256,12.15845291621));
#8558 = CARTESIAN_POINT('',(0.448798950513,12.143127175529));
#8559 = CARTESIAN_POINT('',(0.673198425769,12.112477917413));
#8560 = CARTESIAN_POINT('',(0.897597901026,12.068386870763));
#8561 = CARTESIAN_POINT('',(1.121997376282,12.014661100379));
#8562 = CARTESIAN_POINT('',(1.346396851538,11.956122344538));
#8563 = CARTESIAN_POINT('',(1.570796326795,11.897583350992));
#8564 = ( GEOMETRIC_REPRESENTATION_CONTEXT(2) 
PARAMETRIC_REPRESENTATION_CONTEXT() REPRESENTATION_CONTEXT('2D SPACE',''
  ) );
#8565 = ORIENTED_EDGE('',*,*,#8566,.T.);
#8566 = EDGE_CURVE('',#8538,#8436,#8567,.T.);
#8567 = SURFACE_CURVE('',#8568,(#8572,#8578),.PCURVE_S1.);
#8568 = LINE('',#8569,#8570);
#8569 = CARTESIAN_POINT('',(12.,-1.75,-9.95652173913));
#8570 = VECTOR('',#8571,1.);
#8571 = DIRECTION('',(0.,-1.,1.110223024625E-16));
#8572 = PCURVE('',#6964,#8573);
#8573 = DEFINITIONAL_REPRESENTATION('',(#8574),#8577);
#8574 = B_SPLINE_CURVE_WITH_KNOTS('',1,(#8575,#8576),.UNSPECIFIED.,.F.,
  .F.,(2,2),(-3.65,0.15),.PIECEWISE_BEZIER_KNOTS.);
#8575 = CARTESIAN_POINT('',(2.04347826087,-5.4));
#8576 = CARTESIAN_POINT('',(2.04347826087,-1.6));
#8577 = ( GEOMETRIC_REPRESENTATION_CONTEXT(2) 
PARAMETRIC_REPRESENTATION_CONTEXT() REPRESENTATION_CONTEXT('2D SPACE',''
  ) );
#8578 = PCURVE('',#8041,#8579);
#8579 = DEFINITIONAL_REPRESENTATION('',(#8580),#8583);
#8580 = B_SPLINE_CURVE_WITH_KNOTS('',1,(#8581,#8582),.UNSPECIFIED.,.F.,
  .F.,(2,2),(-3.65,0.15),.PIECEWISE_BEZIER_KNOTS.);
#8581 = CARTESIAN_POINT('',(12.15845291621,-1.9));
#8582 = CARTESIAN_POINT('',(12.15845291621,1.9));
#8583 = ( GEOMETRIC_REPRESENTATION_CONTEXT(2) 
PARAMETRIC_REPRESENTATION_CONTEXT() REPRESENTATION_CONTEXT('2D SPACE',''
  ) );
#8584 = ORIENTED_EDGE('',*,*,#8435,.F.);
#8585 = ADVANCED_FACE('',(#8586),#6936,.F.);
#8586 = FACE_BOUND('',#8587,.F.);
#8587 = EDGE_LOOP('',(#8588,#8611,#8612,#8613));
#8588 = ORIENTED_EDGE('',*,*,#8589,.F.);
#8589 = EDGE_CURVE('',#6893,#8590,#8592,.T.);
#8590 = VERTEX_POINT('',#8591);
#8591 = CARTESIAN_POINT('',(4.,3.5,-12.));
#8592 = SURFACE_CURVE('',#8593,(#8597,#8604),.PCURVE_S1.);
#8593 = LINE('',#8594,#8595);
#8594 = CARTESIAN_POINT('',(4.,-3.5,-12.));
#8595 = VECTOR('',#8596,1.);
#8596 = DIRECTION('',(-0.,1.,0.));
#8597 = PCURVE('',#6936,#8598);
#8598 = DEFINITIONAL_REPRESENTATION('',(#8599),#8603);
#8599 = LINE('',#8600,#8601);
#8600 = CARTESIAN_POINT('',(0.,0.));
#8601 = VECTOR('',#8602,1.);
#8602 = DIRECTION('',(0.,1.));
#8603 = ( GEOMETRIC_REPRESENTATION_CONTEXT(2) 
PARAMETRIC_REPRESENTATION_CONTEXT() REPRESENTATION_CONTEXT('2D SPACE',''
  ) );
#8604 = PCURVE('',#6908,#8605);
#8605 = DEFINITIONAL_REPRESENTATION('',(#8606),#8610);
#8606 = LINE('',#8607,#8608);
#8607 = CARTESIAN_POINT('',(0.,0.));
#8608 = VECTOR('',#8609,1.);
#8609 = DIRECTION('',(0.,-1.));
#8610 = ( GEOMETRIC_REPRESENTATION_CONTEXT(2) 
PARAMETRIC_REPRESENTATION_CONTEXT() REPRESENTATION_CONTEXT('2D SPACE',''
  ) );
#8611 = ORIENTED_EDGE('',*,*,#6920,.T.);
#8612 = ORIENTED_EDGE('',*,*,#8491,.T.);
#8613 = ORIENTED_EDGE('',*,*,#8614,.F.);
#8614 = EDGE_CURVE('',#8590,#8492,#8615,.T.);
#8615 = SURFACE_CURVE('',#8616,(#8620,#8627),.PCURVE_S1.);
#8616 = LINE('',#8617,#8618);
#8617 = CARTESIAN_POINT('',(4.,3.5,-12.));
#8618 = VECTOR('',#8619,1.);
#8619 = DIRECTION('',(1.,0.,-0.));
#8620 = PCURVE('',#6936,#8621);
#8621 = DEFINITIONAL_REPRESENTATION('',(#8622),#8626);
#8622 = LINE('',#8623,#8624);
#8623 = CARTESIAN_POINT('',(0.,7.));
#8624 = VECTOR('',#8625,1.);
#8625 = DIRECTION('',(1.,0.));
#8626 = ( GEOMETRIC_REPRESENTATION_CONTEXT(2) 
PARAMETRIC_REPRESENTATION_CONTEXT() REPRESENTATION_CONTEXT('2D SPACE',''
  ) );
#8627 = PCURVE('',#7557,#8628);
#8628 = DEFINITIONAL_REPRESENTATION('',(#8629),#8633);
#8629 = LINE('',#8630,#8631);
#8630 = CARTESIAN_POINT('',(4.,-12.));
#8631 = VECTOR('',#8632,1.);
#8632 = DIRECTION('',(1.,0.));
#8633 = ( GEOMETRIC_REPRESENTATION_CONTEXT(2) 
PARAMETRIC_REPRESENTATION_CONTEXT() REPRESENTATION_CONTEXT('2D SPACE',''
  ) );
#8634 = ADVANCED_FACE('',(#8635),#6908,.F.);
#8635 = FACE_BOUND('',#8636,.F.);
#8636 = EDGE_LOOP('',(#8637,#8638,#8639,#8662,#8683,#8717,#8743,#8777));
#8637 = ORIENTED_EDGE('',*,*,#6892,.F.);
#8638 = ORIENTED_EDGE('',*,*,#8589,.T.);
#8639 = ORIENTED_EDGE('',*,*,#8640,.T.);
#8640 = EDGE_CURVE('',#8590,#8641,#8643,.T.);
#8641 = VERTEX_POINT('',#8642);
#8642 = CARTESIAN_POINT('',(4.,3.5,-8.616843969807));
#8643 = SURFACE_CURVE('',#8644,(#8648,#8655),.PCURVE_S1.);
#8644 = LINE('',#8645,#8646);
#8645 = CARTESIAN_POINT('',(4.,3.5,-12.));
#8646 = VECTOR('',#8647,1.);
#8647 = DIRECTION('',(0.,0.,1.));
#8648 = PCURVE('',#6908,#8649);
#8649 = DEFINITIONAL_REPRESENTATION('',(#8650),#8654);
#8650 = LINE('',#8651,#8652);
#8651 = CARTESIAN_POINT('',(0.,-7.));
#8652 = VECTOR('',#8653,1.);
#8653 = DIRECTION('',(1.,0.));
#8654 = ( GEOMETRIC_REPRESENTATION_CONTEXT(2) 
PARAMETRIC_REPRESENTATION_CONTEXT() REPRESENTATION_CONTEXT('2D SPACE',''
  ) );
#8655 = PCURVE('',#7557,#8656);
#8656 = DEFINITIONAL_REPRESENTATION('',(#8657),#8661);
#8657 = LINE('',#8658,#8659);
#8658 = CARTESIAN_POINT('',(4.,-12.));
#8659 = VECTOR('',#8660,1.);
#8660 = DIRECTION('',(0.,1.));
#8661 = ( GEOMETRIC_REPRESENTATION_CONTEXT(2) 
PARAMETRIC_REPRESENTATION_CONTEXT() REPRESENTATION_CONTEXT('2D SPACE',''
  ) );
#8662 = ORIENTED_EDGE('',*,*,#8663,.T.);
#8663 = EDGE_CURVE('',#8641,#8664,#8666,.T.);
#8664 = VERTEX_POINT('',#8665);
#8665 = CARTESIAN_POINT('',(3.99999999981,2.232214631503,-8.616843968434
    ));
#8666 = SURFACE_CURVE('',#8667,(#8671,#8677),.PCURVE_S1.);
#8667 = LINE('',#8668,#8669);
#8668 = CARTESIAN_POINT('',(4.,3.5,-8.616843969807));
#8669 = VECTOR('',#8670,1.);
#8670 = DIRECTION('',(0.,-1.,2.22044604925E-16));
#8671 = PCURVE('',#6908,#8672);
#8672 = DEFINITIONAL_REPRESENTATION('',(#8673),#8676);
#8673 = B_SPLINE_CURVE_WITH_KNOTS('',1,(#8674,#8675),.UNSPECIFIED.,.F.,
  .F.,(2,2),(-2.400000000069E-06,7.0000024),.PIECEWISE_BEZIER_KNOTS.);
#8674 = CARTESIAN_POINT('',(3.383156030193,-7.0000024));
#8675 = CARTESIAN_POINT('',(3.383156030193,2.400000001401E-06));
#8676 = ( GEOMETRIC_REPRESENTATION_CONTEXT(2) 
PARAMETRIC_REPRESENTATION_CONTEXT() REPRESENTATION_CONTEXT('2D SPACE',''
  ) );
#8677 = PCURVE('',#6880,#8678);
#8678 = DEFINITIONAL_REPRESENTATION('',(#8679),#8682);
#8679 = B_SPLINE_CURVE_WITH_KNOTS('',1,(#8680,#8681),.UNSPECIFIED.,.F.,
  .F.,(2,2),(-2.400000000069E-06,7.0000024),.PIECEWISE_BEZIER_KNOTS.);
#8680 = CARTESIAN_POINT('',(5.146994505992,-2.400000000206E-06));
#8681 = CARTESIAN_POINT('',(5.146994505992,7.0000024));
#8682 = ( GEOMETRIC_REPRESENTATION_CONTEXT(2) 
PARAMETRIC_REPRESENTATION_CONTEXT() REPRESENTATION_CONTEXT('2D SPACE',''
  ) );
#8683 = ORIENTED_EDGE('',*,*,#8684,.F.);
#8684 = EDGE_CURVE('',#8685,#8664,#8687,.T.);
#8685 = VERTEX_POINT('',#8686);
#8686 = CARTESIAN_POINT('',(4.,1.9,-8.652173913043));
#8687 = SURFACE_CURVE('',#8688,(#8693,#8700),.PCURVE_S1.);
#8688 = ELLIPSE('',#8689,1.621127055495,1.6);
#8689 = AXIS2_PLACEMENT_3D('',#8690,#8691,#8692);
#8690 = CARTESIAN_POINT('',(4.,1.9,-7.031046857549));
#8691 = DIRECTION('',(1.,0.,0.));
#8692 = DIRECTION('',(0.,-1.110223024625E-16,-1.));
#8693 = PCURVE('',#6908,#8694);
#8694 = DEFINITIONAL_REPRESENTATION('',(#8695),#8699);
#8695 = ELLIPSE('',#8696,1.621127055495,1.6);
#8696 = AXIS2_PLACEMENT_2D('',#8697,#8698);
#8697 = CARTESIAN_POINT('',(4.968953142451,-5.4));
#8698 = DIRECTION('',(-1.,1.110223024625E-16));
#8699 = ( GEOMETRIC_REPRESENTATION_CONTEXT(2) 
PARAMETRIC_REPRESENTATION_CONTEXT() REPRESENTATION_CONTEXT('2D SPACE',''
  ) );
#8700 = PCURVE('',#8701,#8706);
#8701 = CYLINDRICAL_SURFACE('',#8702,1.6);
#8702 = AXIS2_PLACEMENT_3D('',#8703,#8704,#8705);
#8703 = CARTESIAN_POINT('',(0.257469828126,1.9,-6.42085172083));
#8704 = DIRECTION('',(0.986967674481,-1.78655582082E-17,-0.160918642578)
  );
#8705 = DIRECTION('',(-0.160918642578,-1.09575423677E-16,-0.986967674481
    ));
#8706 = DEFINITIONAL_REPRESENTATION('',(#8707),#8716);
#8707 = B_SPLINE_CURVE_WITH_KNOTS('',7,(#8708,#8709,#8710,#8711,#8712,
    #8713,#8714,#8715),.UNSPECIFIED.,.F.,.F.,(8,8),(0.,1.559104723605),
  .PIECEWISE_BEZIER_KNOTS.);
#8708 = CARTESIAN_POINT('',(0.,4.052817638737));
#8709 = CARTESIAN_POINT('',(0.222729246229,4.052817638737));
#8710 = CARTESIAN_POINT('',(0.445458492459,4.037719201517));
#8711 = CARTESIAN_POINT('',(0.668187738688,4.007524431365));
#8712 = CARTESIAN_POINT('',(0.890916984917,3.964059876155));
#8713 = CARTESIAN_POINT('',(1.113646231146,3.911019864952));
#8714 = CARTESIAN_POINT('',(1.336375477376,3.853097297972));
#8715 = CARTESIAN_POINT('',(1.559104723605,3.794997987475));
#8716 = ( GEOMETRIC_REPRESENTATION_CONTEXT(2) 
PARAMETRIC_REPRESENTATION_CONTEXT() REPRESENTATION_CONTEXT('2D SPACE',''
  ) );
#8717 = ORIENTED_EDGE('',*,*,#8718,.T.);
#8718 = EDGE_CURVE('',#8685,#8719,#8721,.T.);
#8719 = VERTEX_POINT('',#8720);
#8720 = CARTESIAN_POINT('',(4.,-1.9,-8.652173913043));
#8721 = SURFACE_CURVE('',#8722,(#8726,#8732),.PCURVE_S1.);
#8722 = LINE('',#8723,#8724);
#8723 = CARTESIAN_POINT('',(4.,-1.75,-8.652173913043));
#8724 = VECTOR('',#8725,1.);
#8725 = DIRECTION('',(0.,-1.,1.110223024625E-16));
#8726 = PCURVE('',#6908,#8727);
#8727 = DEFINITIONAL_REPRESENTATION('',(#8728),#8731);
#8728 = B_SPLINE_CURVE_WITH_KNOTS('',1,(#8729,#8730),.UNSPECIFIED.,.F.,
  .F.,(2,2),(-3.65,0.15),.PIECEWISE_BEZIER_KNOTS.);
#8729 = CARTESIAN_POINT('',(3.347826086957,-5.4));
#8730 = CARTESIAN_POINT('',(3.347826086957,-1.6));
#8731 = ( GEOMETRIC_REPRESENTATION_CONTEXT(2) 
PARAMETRIC_REPRESENTATION_CONTEXT() REPRESENTATION_CONTEXT('2D SPACE',''
  ) );
#8732 = PCURVE('',#8733,#8738);
#8733 = PLANE('',#8734);
#8734 = AXIS2_PLACEMENT_3D('',#8735,#8736,#8737);
#8735 = CARTESIAN_POINT('',(0.,-8.881784197001E-16,-8.));
#8736 = DIRECTION('',(-0.160918642578,-1.09575423677E-16,-0.986967674481
    ));
#8737 = DIRECTION('',(0.986967674481,-1.78655582082E-17,-0.160918642578)
  );
#8738 = DEFINITIONAL_REPRESENTATION('',(#8739),#8742);
#8739 = B_SPLINE_CURVE_WITH_KNOTS('',1,(#8740,#8741),.UNSPECIFIED.,.F.,
  .F.,(2,2),(-3.65,0.15),.PIECEWISE_BEZIER_KNOTS.);
#8740 = CARTESIAN_POINT('',(4.052817638737,-1.9));
#8741 = CARTESIAN_POINT('',(4.052817638737,1.9));
#8742 = ( GEOMETRIC_REPRESENTATION_CONTEXT(2) 
PARAMETRIC_REPRESENTATION_CONTEXT() REPRESENTATION_CONTEXT('2D SPACE',''
  ) );
#8743 = ORIENTED_EDGE('',*,*,#8744,.F.);
#8744 = EDGE_CURVE('',#8745,#8719,#8747,.T.);
#8745 = VERTEX_POINT('',#8746);
#8746 = CARTESIAN_POINT('',(3.99999999981,-2.232214631503,
    -8.616843968434));
#8747 = SURFACE_CURVE('',#8748,(#8753,#8760),.PCURVE_S1.);
#8748 = ELLIPSE('',#8749,1.621127055495,1.6);
#8749 = AXIS2_PLACEMENT_3D('',#8750,#8751,#8752);
#8750 = CARTESIAN_POINT('',(4.,-1.9,-7.031046857549));
#8751 = DIRECTION('',(1.,0.,0.));
#8752 = DIRECTION('',(0.,-1.110223024625E-16,-1.));
#8753 = PCURVE('',#6908,#8754);
#8754 = DEFINITIONAL_REPRESENTATION('',(#8755),#8759);
#8755 = ELLIPSE('',#8756,1.621127055495,1.6);
#8756 = AXIS2_PLACEMENT_2D('',#8757,#8758);
#8757 = CARTESIAN_POINT('',(4.968953142451,-1.6));
#8758 = DIRECTION('',(-1.,1.110223024625E-16));
#8759 = ( GEOMETRIC_REPRESENTATION_CONTEXT(2) 
PARAMETRIC_REPRESENTATION_CONTEXT() REPRESENTATION_CONTEXT('2D SPACE',''
  ) );
#8760 = PCURVE('',#8761,#8766);
#8761 = CYLINDRICAL_SURFACE('',#8762,1.6);
#8762 = AXIS2_PLACEMENT_3D('',#8763,#8764,#8765);
#8763 = CARTESIAN_POINT('',(0.257469828126,-1.9,-6.42085172083));
#8764 = DIRECTION('',(0.986967674481,-1.78655582082E-17,-0.160918642578)
  );
#8765 = DIRECTION('',(-0.160918642578,-1.09575423677E-16,-0.986967674481
    ));
#8766 = DEFINITIONAL_REPRESENTATION('',(#8767),#8776);
#8767 = B_SPLINE_CURVE_WITH_KNOTS('',7,(#8768,#8769,#8770,#8771,#8772,
    #8773,#8774,#8775),.UNSPECIFIED.,.F.,.F.,(8,8),(4.724080583575,
    6.28318530718),.PIECEWISE_BEZIER_KNOTS.);
#8768 = CARTESIAN_POINT('',(-1.559104723605,3.794997987475));
#8769 = CARTESIAN_POINT('',(-1.336375477376,3.853097297972));
#8770 = CARTESIAN_POINT('',(-1.113646231146,3.911019864953));
#8771 = CARTESIAN_POINT('',(-0.890916984917,3.964059876152));
#8772 = CARTESIAN_POINT('',(-0.668187738688,4.007524431368));
#8773 = CARTESIAN_POINT('',(-0.445458492458,4.037719201516));
#8774 = CARTESIAN_POINT('',(-0.222729246229,4.052817638737));
#8775 = CARTESIAN_POINT('',(-2.775557561563E-16,4.052817638737));
#8776 = ( GEOMETRIC_REPRESENTATION_CONTEXT(2) 
PARAMETRIC_REPRESENTATION_CONTEXT() REPRESENTATION_CONTEXT('2D SPACE',''
  ) );
#8777 = ORIENTED_EDGE('',*,*,#8778,.T.);
#8778 = EDGE_CURVE('',#8745,#6864,#8779,.T.);
#8779 = SURFACE_CURVE('',#8780,(#8784,#8790),.PCURVE_S1.);
#8780 = LINE('',#8781,#8782);
#8781 = CARTESIAN_POINT('',(4.,3.5,-8.616843969807));
#8782 = VECTOR('',#8783,1.);
#8783 = DIRECTION('',(0.,-1.,2.22044604925E-16));
#8784 = PCURVE('',#6908,#8785);
#8785 = DEFINITIONAL_REPRESENTATION('',(#8786),#8789);
#8786 = B_SPLINE_CURVE_WITH_KNOTS('',1,(#8787,#8788),.UNSPECIFIED.,.F.,
  .F.,(2,2),(-2.400000000069E-06,7.0000024),.PIECEWISE_BEZIER_KNOTS.);
#8787 = CARTESIAN_POINT('',(3.383156030193,-7.0000024));
#8788 = CARTESIAN_POINT('',(3.383156030193,2.400000001401E-06));
#8789 = ( GEOMETRIC_REPRESENTATION_CONTEXT(2) 
PARAMETRIC_REPRESENTATION_CONTEXT() REPRESENTATION_CONTEXT('2D SPACE',''
  ) );
#8790 = PCURVE('',#6880,#8791);
#8791 = DEFINITIONAL_REPRESENTATION('',(#8792),#8795);
#8792 = B_SPLINE_CURVE_WITH_KNOTS('',1,(#8793,#8794),.UNSPECIFIED.,.F.,
  .F.,(2,2),(-2.400000000069E-06,7.0000024),.PIECEWISE_BEZIER_KNOTS.);
#8793 = CARTESIAN_POINT('',(5.146994505992,-2.400000000206E-06));
#8794 = CARTESIAN_POINT('',(5.146994505992,7.0000024));
#8795 = ( GEOMETRIC_REPRESENTATION_CONTEXT(2) 
PARAMETRIC_REPRESENTATION_CONTEXT() REPRESENTATION_CONTEXT('2D SPACE',''
  ) );
#8796 = ADVANCED_FACE('',(#8797),#6880,.T.);
#8797 = FACE_BOUND('',#8798,.T.);
#8798 = EDGE_LOOP('',(#8799,#8800,#8801,#8911,#8937,#9052,#9108,#9130,
    #9131,#9241,#9262,#9370));
#8799 = ORIENTED_EDGE('',*,*,#6863,.F.);
#8800 = ORIENTED_EDGE('',*,*,#7333,.T.);
#8801 = ORIENTED_EDGE('',*,*,#8802,.F.);
#8802 = EDGE_CURVE('',#8803,#7334,#8805,.T.);
#8803 = VERTEX_POINT('',#8804);
#8804 = CARTESIAN_POINT('',(0.774575366457,-1.9,9.468370134383));
#8805 = SURFACE_CURVE('',#8806,(#8839,#8875),.PCURVE_S1.);
#8806 = B_SPLINE_CURVE_WITH_KNOTS('',7,(#8807,#8808,#8809,#8810,#8811,
    #8812,#8813,#8814,#8815,#8816,#8817,#8818,#8819,#8820,#8821,#8822,
    #8823,#8824,#8825,#8826,#8827,#8828,#8829,#8830,#8831,#8832,#8833,
    #8834,#8835,#8836,#8837,#8838),.UNSPECIFIED.,.F.,.F.,(8,6,6,6,6,8),(
    0.,0.483952392849,0.607545797126,0.680121997615,0.859560768468,1.),
  .UNSPECIFIED.);
#8807 = CARTESIAN_POINT('',(0.774575366457,-1.9,9.468370134383));
#8808 = CARTESIAN_POINT('',(0.774575366457,-2.000444274975,
    9.468370134383));
#8809 = CARTESIAN_POINT('',(0.787128818125,-2.100642864897,
    9.467343306523));
#8810 = CARTESIAN_POINT('',(0.812132280253,-2.199858489615,
    9.465297301179));
#8811 = CARTESIAN_POINT('',(0.849811350673,-2.296943225477,
    9.462110701665));
#8812 = CARTESIAN_POINT('',(0.900282315762,-2.390433095288,
    9.457561477352));
#8813 = CARTESIAN_POINT('',(0.963397938642,-2.478615282051,
    9.451328407186));
#8814 = CARTESIAN_POINT('',(1.057974013094,-2.580307370673,
    9.440925041086));
#8815 = CARTESIAN_POINT('',(1.078000415941,-2.600515416711,
    9.438675846617));
#8816 = CARTESIAN_POINT('',(1.098800344293,-2.62020897041,9.436288432387
    ));
#8817 = CARTESIAN_POINT('',(1.120356867675,-2.639351314157,
    9.433757539549));
#8818 = CARTESIAN_POINT('',(1.142648893643,-2.657904941665,
    9.431078265327));
#8819 = CARTESIAN_POINT('',(1.165650726235,-2.675832230848,
    9.428246289668));
#8820 = CARTESIAN_POINT('',(1.203237460464,-2.703233771279,
    9.423503385952));
#8821 = CARTESIAN_POINT('',(1.217377473878,-2.713142708024,
    9.421694811002));
#8822 = CARTESIAN_POINT('',(1.231745391567,-2.722815328773,
    9.419831657042));
#8823 = CARTESIAN_POINT('',(1.246334418794,-2.732244246528,
    9.417913317806));
#8824 = CARTESIAN_POINT('',(1.261137239187,-2.741422285455,
    9.415939300756));
#8825 = CARTESIAN_POINT('',(1.276146014738,-2.750342480881,
    9.413909227087));
#8826 = CARTESIAN_POINT('',(1.32894890526,-2.78039834454,9.406664388348)
  );
#8827 = CARTESIAN_POINT('',(1.367759154944,-2.800184531548,
    9.401160924159));
#8828 = CARTESIAN_POINT('',(1.407647769165,-2.818249471495,
    9.395309771861));
#8829 = CARTESIAN_POINT('',(1.448473155948,-2.834506579442,
    9.389112007681));
#8830 = CARTESIAN_POINT('',(1.490089284131,-2.848888122957,9.38257286273
    ));
#8831 = CARTESIAN_POINT('',(1.532347470447,-2.861343490739,
    9.375702134375));
#8832 = CARTESIAN_POINT('',(1.608557350998,-2.880050653647,
    9.362889212766));
#8833 = CARTESIAN_POINT('',(1.642322017532,-2.887063271551,
    9.357069108176));
#8834 = CARTESIAN_POINT('',(1.676323948564,-2.892859270317,
    9.351060698964));
#8835 = CARTESIAN_POINT('',(1.710500085635,-2.897428371817,
    9.344871135875));
#8836 = CARTESIAN_POINT('',(1.744791167816,-2.900764680933,9.33850846606
    ));
#8837 = CARTESIAN_POINT('',(1.77914037004,-2.902865302075,9.331981793877
    ));
#8838 = CARTESIAN_POINT('',(1.813491941434,-2.903728955691,
    9.325301441688));
#8839 = PCURVE('',#6880,#8840);
#8840 = DEFINITIONAL_REPRESENTATION('',(#8841),#8874);
#8841 = B_SPLINE_CURVE_WITH_KNOTS('',7,(#8842,#8843,#8844,#8845,#8846,
    #8847,#8848,#8849,#8850,#8851,#8852,#8853,#8854,#8855,#8856,#8857,
    #8858,#8859,#8860,#8861,#8862,#8863,#8864,#8865,#8866,#8867,#8868,
    #8869,#8870,#8871,#8872,#8873),.UNSPECIFIED.,.F.,.F.,(8,6,6,6,6,8),(
    0.,0.483952392849,0.607545797126,0.680121997615,0.859560768468,1.),
  .UNSPECIFIED.);
#8842 = CARTESIAN_POINT('',(1.489171468683,5.4));
#8843 = CARTESIAN_POINT('',(1.489171468683,5.500444274975));
#8844 = CARTESIAN_POINT('',(1.487845638368,5.600642864897));
#8845 = CARTESIAN_POINT('',(1.485204902762,5.699858489615));
#8846 = CARTESIAN_POINT('',(1.481224530715,5.796943225477));
#8847 = CARTESIAN_POINT('',(1.475890458396,5.890433095288));
#8848 = CARTESIAN_POINT('',(1.469214803091,5.978615282051));
#8849 = CARTESIAN_POINT('',(1.459199377932,6.080307370673));
#8850 = CARTESIAN_POINT('',(1.457078087404,6.100515416711));
#8851 = CARTESIAN_POINT('',(1.454874256768,6.12020897041));
#8852 = CARTESIAN_POINT('',(1.452589577889,6.139351314157));
#8853 = CARTESIAN_POINT('',(1.450226176359,6.157904941665));
#8854 = CARTESIAN_POINT('',(1.447786659859,6.175832230848));
#8855 = CARTESIAN_POINT('',(1.443798786655,6.203233771279));
#8856 = CARTESIAN_POINT('',(1.442298240719,6.213142708024));
#8857 = CARTESIAN_POINT('',(1.440773169097,6.222815328773));
#8858 = CARTESIAN_POINT('',(1.439224267351,6.232244246528));
#8859 = CARTESIAN_POINT('',(1.437652286224,6.241422285455));
#8860 = CARTESIAN_POINT('',(1.436058031636,6.250342480881));
#8861 = CARTESIAN_POINT('',(1.430447759167,6.28039834454));
#8862 = CARTESIAN_POINT('',(1.426321641265,6.300184531548));
#8863 = CARTESIAN_POINT('',(1.422077986978,6.318249471495));
#8864 = CARTESIAN_POINT('',(1.417731440901,6.334506579442));
#8865 = CARTESIAN_POINT('',(1.413297145358,6.348888122957));
#8866 = CARTESIAN_POINT('',(1.408790569518,6.361343490739));
#8867 = CARTESIAN_POINT('',(1.400655888213,6.380050653647));
#8868 = CARTESIAN_POINT('',(1.397049328583,6.387063271551));
#8869 = CARTESIAN_POINT('',(1.393414778574,6.392859270317));
#8870 = CARTESIAN_POINT('',(1.389758827908,6.397428371817));
#8871 = CARTESIAN_POINT('',(1.386087684486,6.400764680933));
#8872 = CARTESIAN_POINT('',(1.38240732178,6.402865302075));
#8873 = CARTESIAN_POINT('',(1.378723626233,6.403728955691));
#8874 = ( GEOMETRIC_REPRESENTATION_CONTEXT(2) 
PARAMETRIC_REPRESENTATION_CONTEXT() REPRESENTATION_CONTEXT('2D SPACE',''
  ) );
#8875 = PCURVE('',#7403,#8876);
#8876 = DEFINITIONAL_REPRESENTATION('',(#8877),#8910);
#8877 = B_SPLINE_CURVE_WITH_KNOTS('',7,(#8878,#8879,#8880,#8881,#8882,
    #8883,#8884,#8885,#8886,#8887,#8888,#8889,#8890,#8891,#8892,#8893,
    #8894,#8895,#8896,#8897,#8898,#8899,#8900,#8901,#8902,#8903,#8904,
    #8905,#8906,#8907,#8908,#8909),.UNSPECIFIED.,.F.,.F.,(8,6,6,6,6,8),(
    0.,0.483952392849,0.607545797126,0.680121997615,0.859560768468,1.),
  .UNSPECIFIED.);
#8878 = CARTESIAN_POINT('',(-0.714237526233,0.));
#8879 = CARTESIAN_POINT('',(-0.714237526233,-6.277767185956E-02));
#8880 = CARTESIAN_POINT('',(-0.707846742812,-0.125401577706));
#8881 = CARTESIAN_POINT('',(-0.695121853573,-0.187816259071));
#8882 = CARTESIAN_POINT('',(-0.675600646711,-0.249696167171));
#8883 = CARTESIAN_POINT('',(-0.648586527258,-0.310502184106));
#8884 = CARTESIAN_POINT('',(-0.612943596208,-0.369365959967));
#8885 = CARTESIAN_POINT('',(-0.55581346024,-0.439127776736));
#8886 = CARTESIAN_POINT('',(-0.543554247598,-0.45309701788));
#8887 = CARTESIAN_POINT('',(-0.530641454091,-0.466818339076));
#8888 = CARTESIAN_POINT('',(-0.517059942495,-0.480263455742));
#8889 = CARTESIAN_POINT('',(-0.502797238153,-0.493401599978));
#8890 = CARTESIAN_POINT('',(-0.487844942874,-0.506199848785));
#8891 = CARTESIAN_POINT('',(-0.463013253164,-0.525918808712));
#8892 = CARTESIAN_POINT('',(-0.453587621047,-0.533085019424));
#8893 = CARTESIAN_POINT('',(-0.443922589199,-0.540114974099));
#8894 = CARTESIAN_POINT('',(-0.43401829248,-0.547001481997));
#8895 = CARTESIAN_POINT('',(-0.423875663886,-0.553737271952));
#8896 = CARTESIAN_POINT('',(-0.413496434549,-0.560314992371));
#8897 = CARTESIAN_POINT('',(-0.376642608072,-0.582580902427));
#8898 = CARTESIAN_POINT('',(-0.348967998018,-0.59742537171));
#8899 = CARTESIAN_POINT('',(-0.319903652022,-0.611145321092));
#8900 = CARTESIAN_POINT('',(-0.289525408929,-0.623631925788));
#8901 = CARTESIAN_POINT('',(-0.257942778501,-0.634786692976));
#8902 = CARTESIAN_POINT('',(-0.225301121936,-0.644525320548));
#8903 = CARTESIAN_POINT('',(-0.165551249724,-0.659243366438));
#8904 = CARTESIAN_POINT('',(-0.138779050277,-0.66479791126));
#8905 = CARTESIAN_POINT('',(-0.111550797908,-0.669413987271));
#8906 = CARTESIAN_POINT('',(-8.395867479585E-02,-0.673067672965));
#8907 = CARTESIAN_POINT('',(-5.610109202547E-02,-0.675742150859));
#8908 = CARTESIAN_POINT('',(-2.808030019225E-02,-0.677427529948));
#8909 = CARTESIAN_POINT('',(0.,-0.678120668172));
#8910 = ( GEOMETRIC_REPRESENTATION_CONTEXT(2) 
PARAMETRIC_REPRESENTATION_CONTEXT() REPRESENTATION_CONTEXT('2D SPACE',''
  ) );
#8911 = ORIENTED_EDGE('',*,*,#8912,.T.);
#8912 = EDGE_CURVE('',#8803,#8913,#8915,.T.);
#8913 = VERTEX_POINT('',#8914);
#8914 = CARTESIAN_POINT('',(0.774575366457,1.9,9.468370134383));
#8915 = SURFACE_CURVE('',#8916,(#8920,#8926),.PCURVE_S1.);
#8916 = LINE('',#8917,#8918);
#8917 = CARTESIAN_POINT('',(0.774575366457,-3.5,9.468370134383));
#8918 = VECTOR('',#8919,1.);
#8919 = DIRECTION('',(0.,1.,-1.110223024625E-16));
#8920 = PCURVE('',#6880,#8921);
#8921 = DEFINITIONAL_REPRESENTATION('',(#8922),#8925);
#8922 = B_SPLINE_CURVE_WITH_KNOTS('',1,(#8923,#8924),.UNSPECIFIED.,.F.,
  .F.,(2,2),(1.5999976,5.4000024),.PIECEWISE_BEZIER_KNOTS.);
#8923 = CARTESIAN_POINT('',(1.489171468683,5.4000024));
#8924 = CARTESIAN_POINT('',(1.489171468683,1.5999976));
#8925 = ( GEOMETRIC_REPRESENTATION_CONTEXT(2) 
PARAMETRIC_REPRESENTATION_CONTEXT() REPRESENTATION_CONTEXT('2D SPACE',''
  ) );
#8926 = PCURVE('',#8927,#8932);
#8927 = CYLINDRICAL_SURFACE('',#8928,1.6);
#8928 = AXIS2_PLACEMENT_3D('',#8929,#8930,#8931);
#8929 = CARTESIAN_POINT('',(1.6,-3.5,8.097722778445));
#8930 = DIRECTION('',(0.,1.,-1.110223024625E-16));
#8931 = DIRECTION('',(-1.,0.,-0.));
#8932 = DEFINITIONAL_REPRESENTATION('',(#8933),#8936);
#8933 = B_SPLINE_CURVE_WITH_KNOTS('',1,(#8934,#8935),.UNSPECIFIED.,.F.,
  .F.,(2,2),(1.5999976,5.4000024),.PIECEWISE_BEZIER_KNOTS.);
#8934 = CARTESIAN_POINT('',(1.028749615085,1.5999976));
#8935 = CARTESIAN_POINT('',(1.028749615085,5.4000024));
#8936 = ( GEOMETRIC_REPRESENTATION_CONTEXT(2) 
PARAMETRIC_REPRESENTATION_CONTEXT() REPRESENTATION_CONTEXT('2D SPACE',''
  ) );
#8937 = ORIENTED_EDGE('',*,*,#8938,.F.);
#8938 = EDGE_CURVE('',#8939,#8913,#8941,.T.);
#8939 = VERTEX_POINT('',#8940);
#8940 = CARTESIAN_POINT('',(1.813491941434,2.903728955691,9.325301441688
    ));
#8941 = SURFACE_CURVE('',#8942,(#8975,#9011),.PCURVE_S1.);
#8942 = B_SPLINE_CURVE_WITH_KNOTS('',7,(#8943,#8944,#8945,#8946,#8947,
    #8948,#8949,#8950,#8951,#8952,#8953,#8954,#8955,#8956,#8957,#8958,
    #8959,#8960,#8961,#8962,#8963,#8964,#8965,#8966,#8967,#8968,#8969,
    #8970,#8971,#8972,#8973,#8974),.UNSPECIFIED.,.F.,.F.,(8,6,6,6,6,8),(
    0.,0.140004445009,0.31911158629,0.391735035605,0.514919005529,1.),
  .UNSPECIFIED.);
#8943 = CARTESIAN_POINT('',(1.813491941434,2.903728955691,9.325301441688
    ));
#8944 = CARTESIAN_POINT('',(1.779244044908,2.902867908627,9.331961632219
    ));
#8945 = CARTESIAN_POINT('',(1.744998820081,2.900777358952,9.338469007532
    ));
#8946 = CARTESIAN_POINT('',(1.710811268459,2.897458603494,9.344813390777
    ));
#8947 = CARTESIAN_POINT('',(1.676737571467,2.892914497159,9.35098578));
#8948 = CARTESIAN_POINT('',(1.642836414132,2.887150843384,9.356978196831
    ));
#8949 = CARTESIAN_POINT('',(1.609170308777,2.880177784594,9.362783535161
    ));
#8950 = CARTESIAN_POINT('',(1.533125263712,2.861563703407,9.375574659244
    ));
#8951 = CARTESIAN_POINT('',(1.490932738811,2.849161407307,9.382438376587
    ));
#8952 = CARTESIAN_POINT('',(1.449377976271,2.834839181197,9.3889718451)
  );
#8953 = CARTESIAN_POINT('',(1.408608821604,2.81864715106,9.395165276066)
  );
#8954 = CARTESIAN_POINT('',(1.368770569282,2.800652440381,9.401013405533
    ));
#8955 = CARTESIAN_POINT('',(1.330004198457,2.780940918502,9.406515091039
    ));
#8956 = CARTESIAN_POINT('',(1.277215137956,2.750973425613,9.413764273762
    ));
#8957 = CARTESIAN_POINT('',(1.262183119337,2.742062581893,9.415799223606
    ));
#8958 = CARTESIAN_POINT('',(1.247356949841,2.732893172897,9.417778018183
    ));
#8959 = CARTESIAN_POINT('',(1.232744504525,2.723472167726,9.419701032174
    ));
#8960 = CARTESIAN_POINT('',(1.21835313649,2.713806749499,9.421568754624)
  );
#8961 = CARTESIAN_POINT('',(1.20418967687,2.703904315348,9.423381788944)
  );
#8962 = CARTESIAN_POINT('',(1.166633640099,2.676586840741,9.428124579037
    ));
#8963 = CARTESIAN_POINT('',(1.143680652431,2.658741067417,9.430953008455
    ));
#8964 = CARTESIAN_POINT('',(1.121432025792,2.640271847205,9.433629598902
    ));
#8965 = CARTESIAN_POINT('',(1.099913329712,2.621216435383,9.436158611622
    ));
#8966 = CARTESIAN_POINT('',(1.079145581936,2.601611987843,9.438544887799
    ));
#8967 = CARTESIAN_POINT('',(1.059145681054,2.581494897171,9.440793625002
    ));
#8968 = CARTESIAN_POINT('',(0.964245766702,2.479800852912,9.451244742969
    ));
#8969 = CARTESIAN_POINT('',(0.900844272554,2.39147490159,9.457510831308)
  );
#8970 = CARTESIAN_POINT('',(0.850139045543,2.297798210632,9.462083152229
    ));
#8971 = CARTESIAN_POINT('',(0.812283074445,2.200490498816,9.465285024823
    ));
#8972 = CARTESIAN_POINT('',(0.787168214515,2.101031465517,9.467340053115
    ));
#8973 = CARTESIAN_POINT('',(0.774575366457,2.000600621941,9.468370134383
    ));
#8974 = CARTESIAN_POINT('',(0.774575366457,1.9,9.468370134383));
#8975 = PCURVE('',#6880,#8976);
#8976 = DEFINITIONAL_REPRESENTATION('',(#8977),#9010);
#8977 = B_SPLINE_CURVE_WITH_KNOTS('',7,(#8978,#8979,#8980,#8981,#8982,
    #8983,#8984,#8985,#8986,#8987,#8988,#8989,#8990,#8991,#8992,#8993,
    #8994,#8995,#8996,#8997,#8998,#8999,#9000,#9001,#9002,#9003,#9004,
    #9005,#9006,#9007,#9008,#9009),.UNSPECIFIED.,.F.,.F.,(8,6,6,6,6,8),(
    0.,0.140004445009,0.31911158629,0.391735035605,0.514919005529,1.),
  .UNSPECIFIED.);
#8978 = CARTESIAN_POINT('',(1.378723626233,0.596271044309));
#8979 = CARTESIAN_POINT('',(1.382396204191,0.597132091373));
#8980 = CARTESIAN_POINT('',(1.386065435426,0.599222641048));
#8981 = CARTESIAN_POINT('',(1.38972551311,0.602541396506));
#8982 = CARTESIAN_POINT('',(1.393370531603,0.607085502841));
#8983 = CARTESIAN_POINT('',(1.396994343219,0.612849156616));
#8984 = CARTESIAN_POINT('',(1.400590415001,0.619822215406));
#8985 = CARTESIAN_POINT('',(1.40870760495,0.638436296593));
#8986 = CARTESIAN_POINT('',(1.413207240552,0.650838592693));
#8987 = CARTESIAN_POINT('',(1.417635062562,0.665160818803));
#8988 = CARTESIAN_POINT('',(1.421975688497,0.68135284894));
#8989 = CARTESIAN_POINT('',(1.42621405179,0.699347559619));
#8990 = CARTESIAN_POINT('',(1.430335570463,0.719059081498));
#8991 = CARTESIAN_POINT('',(1.435944462847,0.749026574387));
#8992 = CARTESIAN_POINT('',(1.437541210792,0.757937418107));
#8993 = CARTESIAN_POINT('',(1.439115694617,0.767106827103));
#8994 = CARTESIAN_POINT('',(1.440667104526,0.776527832274));
#8995 = CARTESIAN_POINT('',(1.442194685941,0.786193250501));
#8996 = CARTESIAN_POINT('',(1.443697739505,0.796095684652));
#8997 = CARTESIAN_POINT('',(1.447682405343,0.823413159259));
#8998 = CARTESIAN_POINT('',(1.45011677328,0.841258932583));
#8999 = CARTESIAN_POINT('',(1.452475605499,0.859728152795));
#9000 = CARTESIAN_POINT('',(1.454756306733,0.878783564617));
#9001 = CARTESIAN_POINT('',(1.456956758436,0.898388012157));
#9002 = CARTESIAN_POINT('',(1.459075271373,0.918505102829));
#9003 = CARTESIAN_POINT('',(1.469125130242,1.020199147088));
#9004 = CARTESIAN_POINT('',(1.475831067372,1.10852509841));
#9005 = CARTESIAN_POINT('',(1.481189915294,1.202201789368));
#9006 = CARTESIAN_POINT('',(1.48518897669,1.299509501184));
#9007 = CARTESIAN_POINT('',(1.487841477544,1.398968534483));
#9008 = CARTESIAN_POINT('',(1.489171468683,1.499399378059));
#9009 = CARTESIAN_POINT('',(1.489171468683,1.6));
#9010 = ( GEOMETRIC_REPRESENTATION_CONTEXT(2) 
PARAMETRIC_REPRESENTATION_CONTEXT() REPRESENTATION_CONTEXT('2D SPACE',''
  ) );
#9011 = PCURVE('',#9012,#9017);
#9012 = SPHERICAL_SURFACE('',#9013,1.6);
#9013 = AXIS2_PLACEMENT_3D('',#9014,#9015,#9016);
#9014 = CARTESIAN_POINT('',(1.6,1.9,8.097722778445));
#9015 = DIRECTION('',(0.,-1.,1.110223024625E-16));
#9016 = DIRECTION('',(0.171341174751,1.093804774332E-16,0.98521175482));
#9017 = DEFINITIONAL_REPRESENTATION('',(#9018),#9051);
#9018 = B_SPLINE_CURVE_WITH_KNOTS('',7,(#9019,#9020,#9021,#9022,#9023,
    #9024,#9025,#9026,#9027,#9028,#9029,#9030,#9031,#9032,#9033,#9034,
    #9035,#9036,#9037,#9038,#9039,#9040,#9041,#9042,#9043,#9044,#9045,
    #9046,#9047,#9048,#9049,#9050),.UNSPECIFIED.,.F.,.F.,(8,6,6,6,6,8),(
    0.,0.140004445009,0.31911158629,0.391735035605,0.514919005529,1.),
  .UNSPECIFIED.);
#9019 = CARTESIAN_POINT('',(-8.881784197001E-16,-0.678120668172));
#9020 = CARTESIAN_POINT('',(2.799555235452E-02,-0.677429621876));
#9021 = CARTESIAN_POINT('',(5.593169423524E-02,-0.67575232225));
#9022 = CARTESIAN_POINT('',(8.370587016542E-02,-0.673091907537));
#9023 = CARTESIAN_POINT('',(0.111216851122,-0.669458150543));
#9024 = CARTESIAN_POINT('',(0.138367109298,-0.664867657474));
#9025 = CARTESIAN_POINT('',(0.165065192863,-0.65934406677));
#9026 = CARTESIAN_POINT('',(0.224698206867,-0.644697722946));
#9027 = CARTESIAN_POINT('',(0.257297820824,-0.634999324088));
#9028 = CARTESIAN_POINT('',(0.288844331854,-0.623888762558));
#9029 = CARTESIAN_POINT('',(0.319192780169,-0.611449694871));
#9030 = CARTESIAN_POINT('',(0.348233746844,-0.597779914763));
#9031 = CARTESIAN_POINT('',(0.375891243724,-0.582987545087));
#9032 = CARTESIAN_POINT('',(0.412755950168,-0.560780598484));
#9033 = CARTESIAN_POINT('',(0.423157024795,-0.554207849869));
#9034 = CARTESIAN_POINT('',(0.433321254394,-0.54747643101));
#9035 = CARTESIAN_POINT('',(0.443246869087,-0.540593710551));
#9036 = CARTESIAN_POINT('',(0.452932901944,-0.533566978627));
#9037 = CARTESIAN_POINT('',(0.462379188973,-0.52640344687));
#9038 = CARTESIAN_POINT('',(0.487203597651,-0.506739517605));
#9039 = CARTESIAN_POINT('',(0.502132740205,-0.493995601994));
#9040 = CARTESIAN_POINT('',(0.516376547162,-0.480912950441));
#9041 = CARTESIAN_POINT('',(0.529943219217,-0.467524219832));
#9042 = CARTESIAN_POINT('',(0.542845011181,-0.453859948469));
#9043 = CARTESIAN_POINT('',(0.555096835755,-0.439948229473));
#9044 = CARTESIAN_POINT('',(0.612465027084,-0.370157306908));
#9045 = CARTESIAN_POINT('',(0.648285711956,-0.311179702908));
#9046 = CARTESIAN_POINT('',(0.675431647953,-0.250240799696));
#9047 = CARTESIAN_POINT('',(0.695044938197,-0.18821310092));
#9048 = CARTESIAN_POINT('',(0.707826823277,-0.125644498103));
#9049 = CARTESIAN_POINT('',(0.714237526233,-6.287538871318E-02));
#9050 = CARTESIAN_POINT('',(0.714237526233,0.));
#9051 = ( GEOMETRIC_REPRESENTATION_CONTEXT(2) 
PARAMETRIC_REPRESENTATION_CONTEXT() REPRESENTATION_CONTEXT('2D SPACE',''
  ) );
#9052 = ORIENTED_EDGE('',*,*,#9053,.F.);
#9053 = EDGE_CURVE('',#9054,#8939,#9056,.T.);
#9054 = VERTEX_POINT('',#9055);
#9055 = CARTESIAN_POINT('',(6.05097460369,3.5,7.323640238672));
#9056 = SURFACE_CURVE('',#9057,(#9072,#9090),.PCURVE_S1.);
#9057 = B_SPLINE_CURVE_WITH_KNOTS('',7,(#9058,#9059,#9060,#9061,#9062,
    #9063,#9064,#9065,#9066,#9067,#9068,#9069,#9070,#9071),
  .UNSPECIFIED.,.F.,.F.,(8,6,8),(0.,0.514587253174,1.),.UNSPECIFIED.);
#9058 = CARTESIAN_POINT('',(6.05097460369,3.5,7.323640238673));
#9059 = CARTESIAN_POINT('',(5.774641365004,3.5,7.551953666824));
#9060 = CARTESIAN_POINT('',(5.488925389257,3.477002773481,7.767551357219
    ));
#9061 = CARTESIAN_POINT('',(5.19673710147,3.437602320619,7.96820531497)
  );
#9062 = CARTESIAN_POINT('',(4.899937775259,3.386823934561,8.153600411602
    ));
#9063 = CARTESIAN_POINT('',(4.599355102556,3.328752566516,8.32413726661)
  );
#9064 = CARTESIAN_POINT('',(4.294612280156,3.266618129711,8.480813253847
    ));
#9065 = CARTESIAN_POINT('',(3.688853823642,3.144383514881,8.760551190402
    ));
#9066 = CARTESIAN_POINT('',(3.386778924716,3.083999448925,8.88585802734)
  );
#9067 = CARTESIAN_POINT('',(3.079690302229,3.026442036372,8.998840006524
    ));
#9068 = CARTESIAN_POINT('',(2.769551098434,2.975949971587,9.098900567523
    ));
#9069 = CARTESIAN_POINT('',(2.456950922926,2.936670084189,9.186354485964
    ));
#9070 = CARTESIAN_POINT('',(2.139652051593,2.911929040317,9.261873150659
    ));
#9071 = CARTESIAN_POINT('',(1.813489585102,2.903728896449,9.325301899924
    ));
#9072 = PCURVE('',#6880,#9073);
#9073 = DEFINITIONAL_REPRESENTATION('',(#9074),#9089);
#9074 = B_SPLINE_CURVE_WITH_KNOTS('',7,(#9075,#9076,#9077,#9078,#9079,
    #9080,#9081,#9082,#9083,#9084,#9085,#9086,#9087,#9088),
  .UNSPECIFIED.,.F.,.F.,(8,6,8),(0.,0.514587253174,1.),.UNSPECIFIED.);
#9075 = CARTESIAN_POINT('',(0.880267829001,8.881784197001E-16));
#9076 = CARTESIAN_POINT('',(0.917999507466,1.210612916025E-15));
#9077 = CARTESIAN_POINT('',(0.955639984482,2.299722651882E-02));
#9078 = CARTESIAN_POINT('',(0.992891777521,6.239767938094E-02));
#9079 = CARTESIAN_POINT('',(1.029667342586,0.113176065439));
#9080 = CARTESIAN_POINT('',(1.065995565522,0.171247433484));
#9081 = CARTESIAN_POINT('',(1.102032826501,0.233381870289));
#9082 = CARTESIAN_POINT('',(1.172267622337,0.355616485119));
#9083 = CARTESIAN_POINT('',(1.206665519036,0.416000551075));
#9084 = CARTESIAN_POINT('',(1.241063243422,0.473557963628));
#9085 = CARTESIAN_POINT('',(1.275317270315,0.524050028413));
#9086 = CARTESIAN_POINT('',(1.309444644474,0.563329915811));
#9087 = CARTESIAN_POINT('',(1.343747803074,0.588070959683));
#9088 = CARTESIAN_POINT('',(1.378723878915,0.596271103551));
#9089 = ( GEOMETRIC_REPRESENTATION_CONTEXT(2) 
PARAMETRIC_REPRESENTATION_CONTEXT() REPRESENTATION_CONTEXT('2D SPACE',''
  ) );
#9090 = PCURVE('',#7504,#9091);
#9091 = DEFINITIONAL_REPRESENTATION('',(#9092),#9107);
#9092 = B_SPLINE_CURVE_WITH_KNOTS('',7,(#9093,#9094,#9095,#9096,#9097,
    #9098,#9099,#9100,#9101,#9102,#9103,#9104,#9105,#9106),
  .UNSPECIFIED.,.F.,.F.,(8,6,8),(0.,0.514587253174,1.),.UNSPECIFIED.);
#9093 = CARTESIAN_POINT('',(1.570796326795,180.34181854562));
#9094 = CARTESIAN_POINT('',(1.459802694633,180.65318479161));
#9095 = CARTESIAN_POINT('',(1.357642631479,180.97161629101));
#9096 = CARTESIAN_POINT('',(1.263150694827,181.29386391159));
#9097 = CARTESIAN_POINT('',(1.175658300836,181.61803991025));
#9098 = CARTESIAN_POINT('',(1.094769622579,181.94339747777));
#9099 = CARTESIAN_POINT('',(1.02023943614,182.2704787363));
#9100 = CARTESIAN_POINT('',(0.888454978081,182.91520971491));
#9101 = CARTESIAN_POINT('',(0.830063922652,183.23428767681));
#9102 = CARTESIAN_POINT('',(0.778894737556,183.5561934625));
#9103 = CARTESIAN_POINT('',(0.736502592604,183.87889074578));
#9104 = CARTESIAN_POINT('',(0.704598641996,184.20185257037));
#9105 = CARTESIAN_POINT('',(0.684701769406,184.52739860492));
#9106 = CARTESIAN_POINT('',(0.678120620627,184.8596056573));
#9107 = ( GEOMETRIC_REPRESENTATION_CONTEXT(2) 
PARAMETRIC_REPRESENTATION_CONTEXT() REPRESENTATION_CONTEXT('2D SPACE',''
  ) );
#9108 = ORIENTED_EDGE('',*,*,#9109,.T.);
#9109 = EDGE_CURVE('',#9054,#8641,#9110,.T.);
#9110 = SURFACE_CURVE('',#9111,(#9116,#9123),.PCURVE_S1.);
#9111 = CIRCLE('',#9112,9.5);
#9112 = AXIS2_PLACEMENT_3D('',#9113,#9114,#9115);
#9113 = CARTESIAN_POINT('',(0.,3.5,0.));
#9114 = DIRECTION('',(0.,-1.,2.22044604925E-16));
#9115 = DIRECTION('',(1.,0.,0.));
#9116 = PCURVE('',#6880,#9117);
#9117 = DEFINITIONAL_REPRESENTATION('',(#9118),#9122);
#9118 = LINE('',#9119,#9120);
#9119 = CARTESIAN_POINT('',(0.,0.));
#9120 = VECTOR('',#9121,1.);
#9121 = DIRECTION('',(1.,0.));
#9122 = ( GEOMETRIC_REPRESENTATION_CONTEXT(2) 
PARAMETRIC_REPRESENTATION_CONTEXT() REPRESENTATION_CONTEXT('2D SPACE',''
  ) );
#9123 = PCURVE('',#7557,#9124);
#9124 = DEFINITIONAL_REPRESENTATION('',(#9125),#9129);
#9125 = CIRCLE('',#9126,9.5);
#9126 = AXIS2_PLACEMENT_2D('',#9127,#9128);
#9127 = CARTESIAN_POINT('',(0.,0.));
#9128 = DIRECTION('',(1.,0.));
#9129 = ( GEOMETRIC_REPRESENTATION_CONTEXT(2) 
PARAMETRIC_REPRESENTATION_CONTEXT() REPRESENTATION_CONTEXT('2D SPACE',''
  ) );
#9130 = ORIENTED_EDGE('',*,*,#8663,.T.);
#9131 = ORIENTED_EDGE('',*,*,#9132,.F.);
#9132 = EDGE_CURVE('',#9133,#8664,#9135,.T.);
#9133 = VERTEX_POINT('',#9134);
#9134 = CARTESIAN_POINT('',(3.943314703321,1.9,-8.642931745107));
#9135 = SURFACE_CURVE('',#9136,(#9169,#9205),.PCURVE_S1.);
#9136 = B_SPLINE_CURVE_WITH_KNOTS('',6,(#9137,#9138,#9139,#9140,#9141,
    #9142,#9143,#9144,#9145,#9146,#9147,#9148,#9149,#9150,#9151,#9152,
    #9153,#9154,#9155,#9156,#9157,#9158,#9159,#9160,#9161,#9162,#9163,
    #9164,#9165,#9166,#9167,#9168),.UNSPECIFIED.,.F.,.F.,(7,5,5,5,5,5,7)
  ,(0.,0.223052290803,0.328552170625,0.410465628034,0.63864179203,
    0.880131862106,1.),.UNSPECIFIED.);
#9137 = CARTESIAN_POINT('',(3.943314703321,1.9,-8.642931745107));
#9138 = CARTESIAN_POINT('',(3.943314703321,2.007528013852,
    -8.642931745107));
#9139 = CARTESIAN_POINT('',(3.957501786344,2.114073605299,
    -8.636458640651));
#9140 = CARTESIAN_POINT('',(3.985392808961,2.218461213109,
    -8.623734701697));
#9141 = CARTESIAN_POINT('',(4.025701508177,2.319489268522,
    -8.605129928224));
#9142 = CARTESIAN_POINT('',(4.076344844385,2.415913699556,
    -8.581234414032));
#9143 = CARTESIAN_POINT('',(4.161996880768,2.549322009425,-8.53983109612
    ));
#9144 = CARTESIAN_POINT('',(4.191301694352,2.591041233854,
    -8.525534679241));
#9145 = CARTESIAN_POINT('',(4.222232907556,2.631637959835,
    -8.510287723486));
#9146 = CARTESIAN_POINT('',(4.254629026089,2.671110540104,
    -8.494137107633));
#9147 = CARTESIAN_POINT('',(4.288342142983,2.709459272818,
    -8.477125540658));
#9148 = CARTESIAN_POINT('',(4.350332142593,2.77559072666,-8.44544469408)
  );
#9149 = CARTESIAN_POINT('',(4.378144238306,2.803824122248,-8.43109957771
    ));
#9150 = CARTESIAN_POINT('',(4.406616768676,2.83139232198,-8.416271631417
    ));
#9151 = CARTESIAN_POINT('',(4.435698117764,2.858301152188,
    -8.400974184894));
#9152 = CARTESIAN_POINT('',(4.465342510743,2.884556531876,
    -8.385218478728));
#9153 = CARTESIAN_POINT('',(4.579543887737,2.981497339066,
    -8.323873921954));
#9154 = CARTESIAN_POINT('',(4.667684911553,3.04784724828,-8.275223243914
    ));
#9155 = CARTESIAN_POINT('',(4.759011433457,3.109276469334,
    -8.223285905287));
#9156 = CARTESIAN_POINT('',(4.852879377644,3.165835380485,
    -8.168195234256));
#9157 = CARTESIAN_POINT('',(4.948845208895,3.217519124347,-8.11000868514
    ));
#9158 = CARTESIAN_POINT('',(5.150035855338,3.313654610995,
    -7.983861159164));
#9159 = CARTESIAN_POINT('',(5.255451334318,3.357497600062,
    -7.915541958721));
#9160 = CARTESIAN_POINT('',(5.362287888605,3.395554259981,
    -7.843871519252));
#9161 = CARTESIAN_POINT('',(5.470085042456,3.427541083545,
    -7.768943629377));
#9162 = CARTESIAN_POINT('',(5.578418438926,3.453075208774,
    -7.690875815932));
#9163 = CARTESIAN_POINT('',(5.740670531746,3.480884313839,-7.56962458295
    ));
#9164 = CARTESIAN_POINT('',(5.794507124651,3.48839518515,-7.528680642474
    ));
#9165 = CARTESIAN_POINT('',(5.848283777544,3.494128815504,
    -7.487051693657));
#9166 = CARTESIAN_POINT('',(5.901925756193,3.498019654312,
    -7.444781487018));
#9167 = CARTESIAN_POINT('',(5.955358582305,3.5,-7.401919511295));
#9168 = CARTESIAN_POINT('',(6.008508033527,3.5,-7.35852099345));
#9169 = PCURVE('',#6880,#9170);
#9170 = DEFINITIONAL_REPRESENTATION('',(#9171),#9204);
#9171 = B_SPLINE_CURVE_WITH_KNOTS('',6,(#9172,#9173,#9174,#9175,#9176,
    #9177,#9178,#9179,#9180,#9181,#9182,#9183,#9184,#9185,#9186,#9187,
    #9188,#9189,#9190,#9191,#9192,#9193,#9194,#9195,#9196,#9197,#9198,
    #9199,#9200,#9201,#9202,#9203),.UNSPECIFIED.,.F.,.F.,(7,5,5,5,5,5,7)
  ,(0.,0.223052290803,0.328552170625,0.410465628034,0.63864179203,
    0.880131862106,1.),.UNSPECIFIED.);
#9172 = CARTESIAN_POINT('',(5.140426043712,1.6));
#9173 = CARTESIAN_POINT('',(5.140426043712,1.492471986148));
#9174 = CARTESIAN_POINT('',(5.142067514287,1.385926394701));
#9175 = CARTESIAN_POINT('',(5.145294529734,1.281538786891));
#9176 = CARTESIAN_POINT('',(5.149967563011,1.180510731478));
#9177 = CARTESIAN_POINT('',(5.155861789936,1.084086300444));
#9178 = CARTESIAN_POINT('',(5.165875910753,0.950677990575));
#9179 = CARTESIAN_POINT('',(5.169308112507,0.908958766146));
#9180 = CARTESIAN_POINT('',(5.172938055696,0.868362040165));
#9181 = CARTESIAN_POINT('',(5.176748389194,0.828889459896));
#9182 = CARTESIAN_POINT('',(5.180723282684,0.790540727182));
#9183 = CARTESIAN_POINT('',(5.188051319454,0.72440927334));
#9184 = CARTESIAN_POINT('',(5.191345368885,0.696175877752));
#9185 = CARTESIAN_POINT('',(5.194724510489,0.66860767802));
#9186 = CARTESIAN_POINT('',(5.198183343319,0.641698847812));
#9187 = CARTESIAN_POINT('',(5.201717129941,0.615443468124));
#9188 = CARTESIAN_POINT('',(5.215362869042,0.518502660934));
#9189 = CARTESIAN_POINT('',(5.225959684598,0.45215275172));
#9190 = CARTESIAN_POINT('',(5.237017450247,0.390723530666));
#9191 = CARTESIAN_POINT('',(5.24847259034,0.334164619515));
#9192 = CARTESIAN_POINT('',(5.260284740195,0.282480875653));
#9193 = CARTESIAN_POINT('',(5.285281332655,0.186345389005));
#9194 = CARTESIAN_POINT('',(5.29850281972,0.142502399938));
#9195 = CARTESIAN_POINT('',(5.312042246017,0.104445740019));
#9196 = CARTESIAN_POINT('',(5.325858242292,7.245891645454E-02));
#9197 = CARTESIAN_POINT('',(5.339912094546,4.692479122582E-02));
#9198 = CARTESIAN_POINT('',(5.361233433168,1.911568616089E-02));
#9199 = CARTESIAN_POINT('',(5.368352875677,1.160481484961E-02));
#9200 = CARTESIAN_POINT('',(5.375511075028,5.871184496429E-03));
#9201 = CARTESIAN_POINT('',(5.38269964225,1.980345687714E-03));
#9202 = CARTESIAN_POINT('',(5.389909865428,-1.094527475837E-15));
#9203 = CARTESIAN_POINT('',(5.397132709701,-1.110223024625E-15));
#9204 = ( GEOMETRIC_REPRESENTATION_CONTEXT(2) 
PARAMETRIC_REPRESENTATION_CONTEXT() REPRESENTATION_CONTEXT('2D SPACE',''
  ) );
#9205 = PCURVE('',#8701,#9206);
#9206 = DEFINITIONAL_REPRESENTATION('',(#9207),#9240);
#9207 = B_SPLINE_CURVE_WITH_KNOTS('',6,(#9208,#9209,#9210,#9211,#9212,
    #9213,#9214,#9215,#9216,#9217,#9218,#9219,#9220,#9221,#9222,#9223,
    #9224,#9225,#9226,#9227,#9228,#9229,#9230,#9231,#9232,#9233,#9234,
    #9235,#9236,#9237,#9238,#9239),.UNSPECIFIED.,.F.,.F.,(7,5,5,5,5,5,7)
  ,(0.,0.223052290803,0.328552170625,0.410465628034,0.63864179203,
    0.880131862106,1.),.UNSPECIFIED.);
#9208 = CARTESIAN_POINT('',(0.,3.995383846177));
#9209 = CARTESIAN_POINT('',(6.720500865759E-02,3.995383846177));
#9210 = CARTESIAN_POINT('',(0.133795866385,4.008344395334));
#9211 = CARTESIAN_POINT('',(0.199585133159,4.03382441408));
#9212 = CARTESIAN_POINT('',(0.26431502456,4.070613942314));
#9213 = CARTESIAN_POINT('',(0.327600835866,4.116752044371));
#9214 = CARTESIAN_POINT('',(0.417705037634,4.194625269819));
#9215 = CARTESIAN_POINT('',(0.446293928459,4.221247613535));
#9216 = CARTESIAN_POINT('',(0.474561031449,4.249322201676));
#9217 = CARTESIAN_POINT('',(0.502527174811,4.278697188267));
#9218 = CARTESIAN_POINT('',(0.530211746857,4.309233466581));
#9219 = CARTESIAN_POINT('',(0.578923191836,4.365317553511));
#9220 = CARTESIAN_POINT('',(0.600058795192,4.390458796285));
#9221 = CARTESIAN_POINT('',(0.621051630724,4.416174170381));
#9222 = CARTESIAN_POINT('',(0.641913931433,4.442414877532));
#9223 = CARTESIAN_POINT('',(0.662658038673,4.469137548283));
#9224 = CARTESIAN_POINT('',(0.740786132898,4.571979132952));
#9225 = CARTESIAN_POINT('',(0.797488826204,4.651142673183));
#9226 = CARTESIAN_POINT('',(0.853630818148,4.732921312094));
#9227 = CARTESIAN_POINT('',(0.909439144151,4.816700822676));
#9228 = CARTESIAN_POINT('',(0.965150068258,4.902052695475));
#9229 = CARTESIAN_POINT('',(1.080144985398,5.080321871277));
#9230 = CARTESIAN_POINT('',(1.139434874515,5.173369708423));
#9231 = CARTESIAN_POINT('',(1.199092187148,5.267280824125));
#9232 = CARTESIAN_POINT('',(1.259316899465,5.361615836047));
#9233 = CARTESIAN_POINT('',(1.320313555725,5.455974829861));
#9234 = CARTESIAN_POINT('',(1.413069285953,5.596600816769));
#9235 = CARTESIAN_POINT('',(1.444076843673,5.643147150347));
#9236 = CARTESIAN_POINT('',(1.475337513568,5.689524094458));
#9237 = CARTESIAN_POINT('',(1.506866528614,5.735664929106));
#9238 = CARTESIAN_POINT('',(1.538680281934,5.781504110284));
#9239 = CARTESIAN_POINT('',(1.570796326795,5.826977269975));
#9240 = ( GEOMETRIC_REPRESENTATION_CONTEXT(2) 
PARAMETRIC_REPRESENTATION_CONTEXT() REPRESENTATION_CONTEXT('2D SPACE',''
  ) );
#9241 = ORIENTED_EDGE('',*,*,#9242,.T.);
#9242 = EDGE_CURVE('',#9133,#9243,#9245,.T.);
#9243 = VERTEX_POINT('',#9244);
#9244 = CARTESIAN_POINT('',(3.943314703321,-1.9,-8.642931745107));
#9245 = SURFACE_CURVE('',#9246,(#9250,#9256),.PCURVE_S1.);
#9246 = LINE('',#9247,#9248);
#9247 = CARTESIAN_POINT('',(3.943314703321,3.5,-8.642931745107));
#9248 = VECTOR('',#9249,1.);
#9249 = DIRECTION('',(0.,-1.,2.22044604925E-16));
#9250 = PCURVE('',#6880,#9251);
#9251 = DEFINITIONAL_REPRESENTATION('',(#9252),#9255);
#9252 = B_SPLINE_CURVE_WITH_KNOTS('',1,(#9253,#9254),.UNSPECIFIED.,.F.,
  .F.,(2,2),(1.22,5.78),.PIECEWISE_BEZIER_KNOTS.);
#9253 = CARTESIAN_POINT('',(5.140426043712,1.22));
#9254 = CARTESIAN_POINT('',(5.140426043712,5.78));
#9255 = ( GEOMETRIC_REPRESENTATION_CONTEXT(2) 
PARAMETRIC_REPRESENTATION_CONTEXT() REPRESENTATION_CONTEXT('2D SPACE',''
  ) );
#9256 = PCURVE('',#8733,#9257);
#9257 = DEFINITIONAL_REPRESENTATION('',(#9258),#9261);
#9258 = B_SPLINE_CURVE_WITH_KNOTS('',1,(#9259,#9260),.UNSPECIFIED.,.F.,
  .F.,(2,2),(1.22,5.78),.PIECEWISE_BEZIER_KNOTS.);
#9259 = CARTESIAN_POINT('',(3.995383846177,-2.28));
#9260 = CARTESIAN_POINT('',(3.995383846177,2.28));
#9261 = ( GEOMETRIC_REPRESENTATION_CONTEXT(2) 
PARAMETRIC_REPRESENTATION_CONTEXT() REPRESENTATION_CONTEXT('2D SPACE',''
  ) );
#9262 = ORIENTED_EDGE('',*,*,#9263,.T.);
#9263 = EDGE_CURVE('',#9243,#8745,#9264,.T.);
#9264 = SURFACE_CURVE('',#9265,(#9298,#9334),.PCURVE_S1.);
#9265 = B_SPLINE_CURVE_WITH_KNOTS('',6,(#9266,#9267,#9268,#9269,#9270,
    #9271,#9272,#9273,#9274,#9275,#9276,#9277,#9278,#9279,#9280,#9281,
    #9282,#9283,#9284,#9285,#9286,#9287,#9288,#9289,#9290,#9291,#9292,
    #9293,#9294,#9295,#9296,#9297),.UNSPECIFIED.,.F.,.F.,(7,5,5,5,5,5,7)
  ,(0.,0.223052347017,0.328552237994,0.410465689064,0.638641835401,
    0.880131871349,1.),.UNSPECIFIED.);
#9266 = CARTESIAN_POINT('',(3.943314703321,-1.9,-8.642931745107));
#9267 = CARTESIAN_POINT('',(3.943314703321,-2.007528013852,
    -8.642931745107));
#9268 = CARTESIAN_POINT('',(3.957501786344,-2.114073605299,
    -8.636458640651));
#9269 = CARTESIAN_POINT('',(3.985392808961,-2.218461213109,
    -8.623734701697));
#9270 = CARTESIAN_POINT('',(4.025701508177,-2.319489268522,
    -8.605129928224));
#9271 = CARTESIAN_POINT('',(4.076344844385,-2.415913699556,
    -8.581234414032));
#9272 = CARTESIAN_POINT('',(4.161996876744,-2.549322003158,
    -8.539831098065));
#9273 = CARTESIAN_POINT('',(4.191301696381,-2.591041235542,
    -8.525534678179));
#9274 = CARTESIAN_POINT('',(4.222232912303,-2.631637965963,
    -8.510287721122));
#9275 = CARTESIAN_POINT('',(4.254629026225,-2.671110541353,
    -8.494137107627));
#9276 = CARTESIAN_POINT('',(4.288342136593,-2.709459266002,
    -8.477125543924));
#9277 = CARTESIAN_POINT('',(4.350332142593,-2.77559072666,-8.44544469408
    ));
#9278 = CARTESIAN_POINT('',(4.378144238306,-2.803824122248,
    -8.43109957771));
#9279 = CARTESIAN_POINT('',(4.406616768676,-2.83139232198,
    -8.416271631417));
#9280 = CARTESIAN_POINT('',(4.435698117764,-2.858301152188,
    -8.400974184894));
#9281 = CARTESIAN_POINT('',(4.465342510743,-2.884556531876,
    -8.385218478728));
#9282 = CARTESIAN_POINT('',(4.579543887737,-2.981497339066,
    -8.323873921954));
#9283 = CARTESIAN_POINT('',(4.667684911553,-3.04784724828,
    -8.275223243914));
#9284 = CARTESIAN_POINT('',(4.759011433457,-3.109276469334,
    -8.223285905287));
#9285 = CARTESIAN_POINT('',(4.852879377644,-3.165835380485,
    -8.168195234256));
#9286 = CARTESIAN_POINT('',(4.948845208895,-3.217519124347,
    -8.11000868514));
#9287 = CARTESIAN_POINT('',(5.150035848724,-3.313654607835,
    -7.98386116331));
#9288 = CARTESIAN_POINT('',(5.255451345205,-3.357497603781,
    -7.915541951317));
#9289 = CARTESIAN_POINT('',(5.362287888443,-3.395554260894,
    -7.843871519743));
#9290 = CARTESIAN_POINT('',(5.470085031491,-3.427541080256,
    -7.768943637013));
#9291 = CARTESIAN_POINT('',(5.578418445888,-3.453075209967,
    -7.690875810729));
#9292 = CARTESIAN_POINT('',(5.740670531746,-3.480884313839,
    -7.56962458295));
#9293 = CARTESIAN_POINT('',(5.794507124651,-3.48839518515,
    -7.528680642474));
#9294 = CARTESIAN_POINT('',(5.848283777544,-3.494128815504,
    -7.487051693657));
#9295 = CARTESIAN_POINT('',(5.901925756193,-3.498019654312,
    -7.444781487018));
#9296 = CARTESIAN_POINT('',(5.955358582305,-3.5,-7.401919511295));
#9297 = CARTESIAN_POINT('',(6.008508033527,-3.5,-7.35852099345));
#9298 = PCURVE('',#6880,#9299);
#9299 = DEFINITIONAL_REPRESENTATION('',(#9300),#9333);
#9300 = B_SPLINE_CURVE_WITH_KNOTS('',6,(#9301,#9302,#9303,#9304,#9305,
    #9306,#9307,#9308,#9309,#9310,#9311,#9312,#9313,#9314,#9315,#9316,
    #9317,#9318,#9319,#9320,#9321,#9322,#9323,#9324,#9325,#9326,#9327,
    #9328,#9329,#9330,#9331,#9332),.UNSPECIFIED.,.F.,.F.,(7,5,5,5,5,5,7)
  ,(0.,0.223052347017,0.328552237994,0.410465689064,0.638641835401,
    0.880131871349,1.),.UNSPECIFIED.);
#9301 = CARTESIAN_POINT('',(5.140426043712,5.4));
#9302 = CARTESIAN_POINT('',(5.140426043712,5.507528013852));
#9303 = CARTESIAN_POINT('',(5.142067514287,5.614073605299));
#9304 = CARTESIAN_POINT('',(5.145294529734,5.718461213109));
#9305 = CARTESIAN_POINT('',(5.149967563011,5.819489268522));
#9306 = CARTESIAN_POINT('',(5.155861789936,5.915913699556));
#9307 = CARTESIAN_POINT('',(5.165875910283,6.049322003158));
#9308 = CARTESIAN_POINT('',(5.169308112748,6.091041235542));
#9309 = CARTESIAN_POINT('',(5.172938056254,6.131637965963));
#9310 = CARTESIAN_POINT('',(5.176748389207,6.171110541353));
#9311 = CARTESIAN_POINT('',(5.180723281929,6.209459266002));
#9312 = CARTESIAN_POINT('',(5.188051319454,6.27559072666));
#9313 = CARTESIAN_POINT('',(5.191345368885,6.303824122248));
#9314 = CARTESIAN_POINT('',(5.194724510489,6.33139232198));
#9315 = CARTESIAN_POINT('',(5.198183343319,6.358301152188));
#9316 = CARTESIAN_POINT('',(5.201717129941,6.384556531876));
#9317 = CARTESIAN_POINT('',(5.215362869042,6.481497339066));
#9318 = CARTESIAN_POINT('',(5.225959684598,6.54784724828));
#9319 = CARTESIAN_POINT('',(5.237017450247,6.609276469334));
#9320 = CARTESIAN_POINT('',(5.24847259034,6.665835380485));
#9321 = CARTESIAN_POINT('',(5.260284740195,6.717519124347));
#9322 = CARTESIAN_POINT('',(5.285281331833,6.813654607835));
#9323 = CARTESIAN_POINT('',(5.298502821107,6.857497603781));
#9324 = CARTESIAN_POINT('',(5.312042245974,6.895554260894));
#9325 = CARTESIAN_POINT('',(5.325858240884,6.927541080256));
#9326 = CARTESIAN_POINT('',(5.339912095461,6.953075209967));
#9327 = CARTESIAN_POINT('',(5.361233433168,6.980884313839));
#9328 = CARTESIAN_POINT('',(5.368352875677,6.98839518515));
#9329 = CARTESIAN_POINT('',(5.375511075028,6.994128815504));
#9330 = CARTESIAN_POINT('',(5.38269964225,6.998019654312));
#9331 = CARTESIAN_POINT('',(5.389909865428,7.));
#9332 = CARTESIAN_POINT('',(5.397132709701,7.));
#9333 = ( GEOMETRIC_REPRESENTATION_CONTEXT(2) 
PARAMETRIC_REPRESENTATION_CONTEXT() REPRESENTATION_CONTEXT('2D SPACE',''
  ) );
#9334 = PCURVE('',#8761,#9335);
#9335 = DEFINITIONAL_REPRESENTATION('',(#9336),#9369);
#9336 = B_SPLINE_CURVE_WITH_KNOTS('',6,(#9337,#9338,#9339,#9340,#9341,
    #9342,#9343,#9344,#9345,#9346,#9347,#9348,#9349,#9350,#9351,#9352,
    #9353,#9354,#9355,#9356,#9357,#9358,#9359,#9360,#9361,#9362,#9363,
    #9364,#9365,#9366,#9367,#9368),.UNSPECIFIED.,.F.,.F.,(7,5,5,5,5,5,7)
  ,(0.,0.223052347017,0.328552237994,0.410465689064,0.638641835401,
    0.880131871349,1.),.UNSPECIFIED.);
#9337 = CARTESIAN_POINT('',(0.,3.995383846177));
#9338 = CARTESIAN_POINT('',(-6.720500865761E-02,3.995383846177));
#9339 = CARTESIAN_POINT('',(-0.133795866385,4.008344395334));
#9340 = CARTESIAN_POINT('',(-0.199585133159,4.03382441408));
#9341 = CARTESIAN_POINT('',(-0.26431502456,4.070613942314));
#9342 = CARTESIAN_POINT('',(-0.327600835866,4.116752044371));
#9343 = CARTESIAN_POINT('',(-0.417705033401,4.19462526616));
#9344 = CARTESIAN_POINT('',(-0.446293929793,4.221247615366));
#9345 = CARTESIAN_POINT('',(-0.474561035754,4.249322205981));
#9346 = CARTESIAN_POINT('',(-0.502527175514,4.2786971884));
#9347 = CARTESIAN_POINT('',(-0.530211741836,4.3092334608));
#9348 = CARTESIAN_POINT('',(-0.578923191836,4.365317553511));
#9349 = CARTESIAN_POINT('',(-0.600058795192,4.390458796285));
#9350 = CARTESIAN_POINT('',(-0.621051630724,4.416174170381));
#9351 = CARTESIAN_POINT('',(-0.641913931433,4.442414877532));
#9352 = CARTESIAN_POINT('',(-0.662658038673,4.469137548283));
#9353 = CARTESIAN_POINT('',(-0.740786132898,4.571979132952));
#9354 = CARTESIAN_POINT('',(-0.797488826204,4.651142673183));
#9355 = CARTESIAN_POINT('',(-0.853630818148,4.732921312094));
#9356 = CARTESIAN_POINT('',(-0.909439144151,4.816700822676));
#9357 = CARTESIAN_POINT('',(-0.965150068258,4.902052695475));
#9358 = CARTESIAN_POINT('',(-1.080144981617,5.080321865417));
#9359 = CARTESIAN_POINT('',(-1.139434880719,5.173369717977));
#9360 = CARTESIAN_POINT('',(-1.199092187055,5.267280824044));
#9361 = CARTESIAN_POINT('',(-1.259316893217,5.361615826454));
#9362 = CARTESIAN_POINT('',(-1.320313559705,5.455974835896));
#9363 = CARTESIAN_POINT('',(-1.413069285953,5.596600816769));
#9364 = CARTESIAN_POINT('',(-1.444076843673,5.643147150347));
#9365 = CARTESIAN_POINT('',(-1.475337513568,5.689524094458));
#9366 = CARTESIAN_POINT('',(-1.506866528614,5.735664929106));
#9367 = CARTESIAN_POINT('',(-1.538680281934,5.781504110284));
#9368 = CARTESIAN_POINT('',(-1.570796326795,5.826977269975));
#9369 = ( GEOMETRIC_REPRESENTATION_CONTEXT(2) 
PARAMETRIC_REPRESENTATION_CONTEXT() REPRESENTATION_CONTEXT('2D SPACE',''
  ) );
#9370 = ORIENTED_EDGE('',*,*,#8778,.T.);
#9371 = ADVANCED_FACE('',(#9372),#7109,.T.);
#9372 = FACE_BOUND('',#9373,.T.);
#9373 = EDGE_LOOP('',(#9374,#9484,#9485));
#9374 = ORIENTED_EDGE('',*,*,#9375,.T.);
#9375 = EDGE_CURVE('',#9376,#7093,#9378,.T.);
#9376 = VERTEX_POINT('',#9377);
#9377 = CARTESIAN_POINT('',(5.830951900827,-3.491133653453,
    -7.500000001203));
#9378 = SURFACE_CURVE('',#9379,(#9412,#9448),.PCURVE_S1.);
#9379 = B_SPLINE_CURVE_WITH_KNOTS('',6,(#9380,#9381,#9382,#9383,#9384,
    #9385,#9386,#9387,#9388,#9389,#9390,#9391,#9392,#9393,#9394,#9395,
    #9396,#9397,#9398,#9399,#9400,#9401,#9402,#9403,#9404,#9405,#9406,
    #9407,#9408,#9409,#9410,#9411),.UNSPECIFIED.,.F.,.F.,(7,5,5,5,5,5,7)
  ,(0.,0.223052347017,0.328552237994,0.410465689064,0.638641835401,
    0.880131871349,1.),.UNSPECIFIED.);
#9380 = CARTESIAN_POINT('',(3.943314703321,-1.9,-8.642931745107));
#9381 = CARTESIAN_POINT('',(3.943314703321,-2.007528013852,
    -8.642931745107));
#9382 = CARTESIAN_POINT('',(3.957501786344,-2.114073605299,
    -8.636458640651));
#9383 = CARTESIAN_POINT('',(3.985392808961,-2.218461213109,
    -8.623734701697));
#9384 = CARTESIAN_POINT('',(4.025701508177,-2.319489268522,
    -8.605129928224));
#9385 = CARTESIAN_POINT('',(4.076344844385,-2.415913699556,
    -8.581234414032));
#9386 = CARTESIAN_POINT('',(4.161996876744,-2.549322003158,
    -8.539831098065));
#9387 = CARTESIAN_POINT('',(4.191301696381,-2.591041235542,
    -8.525534678179));
#9388 = CARTESIAN_POINT('',(4.222232912303,-2.631637965963,
    -8.510287721122));
#9389 = CARTESIAN_POINT('',(4.254629026225,-2.671110541353,
    -8.494137107627));
#9390 = CARTESIAN_POINT('',(4.288342136593,-2.709459266002,
    -8.477125543924));
#9391 = CARTESIAN_POINT('',(4.350332142593,-2.77559072666,-8.44544469408
    ));
#9392 = CARTESIAN_POINT('',(4.378144238306,-2.803824122248,
    -8.43109957771));
#9393 = CARTESIAN_POINT('',(4.406616768676,-2.83139232198,
    -8.416271631417));
#9394 = CARTESIAN_POINT('',(4.435698117764,-2.858301152188,
    -8.400974184894));
#9395 = CARTESIAN_POINT('',(4.465342510743,-2.884556531876,
    -8.385218478728));
#9396 = CARTESIAN_POINT('',(4.579543887737,-2.981497339066,
    -8.323873921954));
#9397 = CARTESIAN_POINT('',(4.667684911553,-3.04784724828,
    -8.275223243914));
#9398 = CARTESIAN_POINT('',(4.759011433457,-3.109276469334,
    -8.223285905287));
#9399 = CARTESIAN_POINT('',(4.852879377644,-3.165835380485,
    -8.168195234256));
#9400 = CARTESIAN_POINT('',(4.948845208895,-3.217519124347,
    -8.11000868514));
#9401 = CARTESIAN_POINT('',(5.150035848724,-3.313654607835,
    -7.98386116331));
#9402 = CARTESIAN_POINT('',(5.255451345205,-3.357497603781,
    -7.915541951317));
#9403 = CARTESIAN_POINT('',(5.362287888443,-3.395554260894,
    -7.843871519743));
#9404 = CARTESIAN_POINT('',(5.470085031491,-3.427541080256,
    -7.768943637013));
#9405 = CARTESIAN_POINT('',(5.578418445888,-3.453075209967,
    -7.690875810729));
#9406 = CARTESIAN_POINT('',(5.740670531746,-3.480884313839,
    -7.56962458295));
#9407 = CARTESIAN_POINT('',(5.794507124651,-3.48839518515,
    -7.528680642474));
#9408 = CARTESIAN_POINT('',(5.848283777544,-3.494128815504,
    -7.487051693657));
#9409 = CARTESIAN_POINT('',(5.901925756193,-3.498019654312,
    -7.444781487018));
#9410 = CARTESIAN_POINT('',(5.955358582305,-3.5,-7.401919511295));
#9411 = CARTESIAN_POINT('',(6.008508033527,-3.5,-7.35852099345));
#9412 = PCURVE('',#7109,#9413);
#9413 = DEFINITIONAL_REPRESENTATION('',(#9414),#9447);
#9414 = B_SPLINE_CURVE_WITH_KNOTS('',6,(#9415,#9416,#9417,#9418,#9419,
    #9420,#9421,#9422,#9423,#9424,#9425,#9426,#9427,#9428,#9429,#9430,
    #9431,#9432,#9433,#9434,#9435,#9436,#9437,#9438,#9439,#9440,#9441,
    #9442,#9443,#9444,#9445,#9446),.UNSPECIFIED.,.F.,.F.,(7,5,5,5,5,5,7)
  ,(0.,0.223052347017,0.328552237994,0.410465689064,0.638641835401,
    0.880131871349,1.),.UNSPECIFIED.);
#9415 = CARTESIAN_POINT('',(5.140426043712,5.4));
#9416 = CARTESIAN_POINT('',(5.140426043712,5.507528013852));
#9417 = CARTESIAN_POINT('',(5.142067514287,5.614073605299));
#9418 = CARTESIAN_POINT('',(5.145294529734,5.718461213109));
#9419 = CARTESIAN_POINT('',(5.149967563011,5.819489268522));
#9420 = CARTESIAN_POINT('',(5.155861789936,5.915913699556));
#9421 = CARTESIAN_POINT('',(5.165875910283,6.049322003158));
#9422 = CARTESIAN_POINT('',(5.169308112748,6.091041235542));
#9423 = CARTESIAN_POINT('',(5.172938056254,6.131637965963));
#9424 = CARTESIAN_POINT('',(5.176748389207,6.171110541353));
#9425 = CARTESIAN_POINT('',(5.180723281929,6.209459266002));
#9426 = CARTESIAN_POINT('',(5.188051319454,6.27559072666));
#9427 = CARTESIAN_POINT('',(5.191345368885,6.303824122248));
#9428 = CARTESIAN_POINT('',(5.194724510489,6.33139232198));
#9429 = CARTESIAN_POINT('',(5.198183343319,6.358301152188));
#9430 = CARTESIAN_POINT('',(5.201717129941,6.384556531876));
#9431 = CARTESIAN_POINT('',(5.215362869042,6.481497339066));
#9432 = CARTESIAN_POINT('',(5.225959684598,6.54784724828));
#9433 = CARTESIAN_POINT('',(5.237017450247,6.609276469334));
#9434 = CARTESIAN_POINT('',(5.24847259034,6.665835380485));
#9435 = CARTESIAN_POINT('',(5.260284740195,6.717519124347));
#9436 = CARTESIAN_POINT('',(5.285281331833,6.813654607835));
#9437 = CARTESIAN_POINT('',(5.298502821107,6.857497603781));
#9438 = CARTESIAN_POINT('',(5.312042245974,6.895554260894));
#9439 = CARTESIAN_POINT('',(5.325858240884,6.927541080256));
#9440 = CARTESIAN_POINT('',(5.339912095461,6.953075209967));
#9441 = CARTESIAN_POINT('',(5.361233433168,6.980884313839));
#9442 = CARTESIAN_POINT('',(5.368352875677,6.98839518515));
#9443 = CARTESIAN_POINT('',(5.375511075028,6.994128815504));
#9444 = CARTESIAN_POINT('',(5.38269964225,6.998019654312));
#9445 = CARTESIAN_POINT('',(5.389909865428,7.));
#9446 = CARTESIAN_POINT('',(5.397132709701,7.));
#9447 = ( GEOMETRIC_REPRESENTATION_CONTEXT(2) 
PARAMETRIC_REPRESENTATION_CONTEXT() REPRESENTATION_CONTEXT('2D SPACE',''
  ) );
#9448 = PCURVE('',#7137,#9449);
#9449 = DEFINITIONAL_REPRESENTATION('',(#9450),#9483);
#9450 = B_SPLINE_CURVE_WITH_KNOTS('',6,(#9451,#9452,#9453,#9454,#9455,
    #9456,#9457,#9458,#9459,#9460,#9461,#9462,#9463,#9464,#9465,#9466,
    #9467,#9468,#9469,#9470,#9471,#9472,#9473,#9474,#9475,#9476,#9477,
    #9478,#9479,#9480,#9481,#9482),.UNSPECIFIED.,.F.,.F.,(7,5,5,5,5,5,7)
  ,(0.,0.223052347017,0.328552237994,0.410465689064,0.638641835401,
    0.880131871349,1.),.UNSPECIFIED.);
#9451 = CARTESIAN_POINT('',(0.,3.995383846177));
#9452 = CARTESIAN_POINT('',(-6.720500865761E-02,3.995383846177));
#9453 = CARTESIAN_POINT('',(-0.133795866385,4.008344395334));
#9454 = CARTESIAN_POINT('',(-0.199585133159,4.03382441408));
#9455 = CARTESIAN_POINT('',(-0.26431502456,4.070613942314));
#9456 = CARTESIAN_POINT('',(-0.327600835866,4.116752044371));
#9457 = CARTESIAN_POINT('',(-0.417705033401,4.19462526616));
#9458 = CARTESIAN_POINT('',(-0.446293929793,4.221247615366));
#9459 = CARTESIAN_POINT('',(-0.474561035754,4.249322205981));
#9460 = CARTESIAN_POINT('',(-0.502527175514,4.2786971884));
#9461 = CARTESIAN_POINT('',(-0.530211741836,4.3092334608));
#9462 = CARTESIAN_POINT('',(-0.578923191836,4.365317553511));
#9463 = CARTESIAN_POINT('',(-0.600058795192,4.390458796285));
#9464 = CARTESIAN_POINT('',(-0.621051630724,4.416174170381));
#9465 = CARTESIAN_POINT('',(-0.641913931433,4.442414877532));
#9466 = CARTESIAN_POINT('',(-0.662658038673,4.469137548283));
#9467 = CARTESIAN_POINT('',(-0.740786132898,4.571979132952));
#9468 = CARTESIAN_POINT('',(-0.797488826204,4.651142673183));
#9469 = CARTESIAN_POINT('',(-0.853630818148,4.732921312094));
#9470 = CARTESIAN_POINT('',(-0.909439144151,4.816700822676));
#9471 = CARTESIAN_POINT('',(-0.965150068258,4.902052695475));
#9472 = CARTESIAN_POINT('',(-1.080144981617,5.080321865417));
#9473 = CARTESIAN_POINT('',(-1.139434880719,5.173369717977));
#9474 = CARTESIAN_POINT('',(-1.199092187055,5.267280824044));
#9475 = CARTESIAN_POINT('',(-1.259316893217,5.361615826454));
#9476 = CARTESIAN_POINT('',(-1.320313559705,5.455974835896));
#9477 = CARTESIAN_POINT('',(-1.413069285953,5.596600816769));
#9478 = CARTESIAN_POINT('',(-1.444076843673,5.643147150347));
#9479 = CARTESIAN_POINT('',(-1.475337513568,5.689524094458));
#9480 = CARTESIAN_POINT('',(-1.506866528614,5.735664929106));
#9481 = CARTESIAN_POINT('',(-1.538680281934,5.781504110284));
#9482 = CARTESIAN_POINT('',(-1.570796326795,5.826977269975));
#9483 = ( GEOMETRIC_REPRESENTATION_CONTEXT(2) 
PARAMETRIC_REPRESENTATION_CONTEXT() REPRESENTATION_CONTEXT('2D SPACE',''
  ) );
#9484 = ORIENTED_EDGE('',*,*,#7090,.F.);
#9485 = ORIENTED_EDGE('',*,*,#9486,.F.);
#9486 = EDGE_CURVE('',#9376,#7091,#9487,.T.);
#9487 = SURFACE_CURVE('',#9488,(#9492,#9498),.PCURVE_S1.);
#9488 = LINE('',#9489,#9490);
#9489 = CARTESIAN_POINT('',(5.830951894845,3.5,-7.5));
#9490 = VECTOR('',#9491,1.);
#9491 = DIRECTION('',(0.,-1.,2.22044604925E-16));
#9492 = PCURVE('',#7109,#9493);
#9493 = DEFINITIONAL_REPRESENTATION('',(#9494),#9497);
#9494 = B_SPLINE_CURVE_WITH_KNOTS('',1,(#9495,#9496),.UNSPECIFIED.,.F.,
  .F.,(2,2),(-2.399999998293E-06,7.0000024),.PIECEWISE_BEZIER_KNOTS.);
#9495 = CARTESIAN_POINT('',(5.373234276208,-2.399999999958E-06));
#9496 = CARTESIAN_POINT('',(5.373234276208,7.0000024));
#9497 = ( GEOMETRIC_REPRESENTATION_CONTEXT(2) 
PARAMETRIC_REPRESENTATION_CONTEXT() REPRESENTATION_CONTEXT('2D SPACE',''
  ) );
#9498 = PCURVE('',#7163,#9499);
#9499 = DEFINITIONAL_REPRESENTATION('',(#9500),#9503);
#9500 = B_SPLINE_CURVE_WITH_KNOTS('',1,(#9501,#9502),.UNSPECIFIED.,.F.,
  .F.,(2,2),(-2.399999998293E-06,7.0000024),.PIECEWISE_BEZIER_KNOTS.);
#9501 = CARTESIAN_POINT('',(1.830951894845,7.0000024));
#9502 = CARTESIAN_POINT('',(1.830951894845,-2.400000001401E-06));
#9503 = ( GEOMETRIC_REPRESENTATION_CONTEXT(2) 
PARAMETRIC_REPRESENTATION_CONTEXT() REPRESENTATION_CONTEXT('2D SPACE',''
  ) );
#9504 = ADVANCED_FACE('',(#9505),#7163,.T.);
#9505 = FACE_BOUND('',#9506,.T.);
#9506 = EDGE_LOOP('',(#9507,#9508,#9509));
#9507 = ORIENTED_EDGE('',*,*,#9486,.T.);
#9508 = ORIENTED_EDGE('',*,*,#7149,.T.);
#9509 = ORIENTED_EDGE('',*,*,#9510,.F.);
#9510 = EDGE_CURVE('',#9376,#7122,#9511,.T.);
#9511 = SURFACE_CURVE('',#9512,(#9517,#9524),.PCURVE_S1.);
#9512 = ELLIPSE('',#9513,9.942912607034,1.6);
#9513 = AXIS2_PLACEMENT_3D('',#9514,#9515,#9516);
#9514 = CARTESIAN_POINT('',(6.876245940367,-1.9,-7.5));
#9515 = DIRECTION('',(0.,0.,1.));
#9516 = DIRECTION('',(1.,-1.810146235802E-17,0.));
#9517 = PCURVE('',#7163,#9518);
#9518 = DEFINITIONAL_REPRESENTATION('',(#9519),#9523);
#9519 = ELLIPSE('',#9520,9.942912607034,1.6);
#9520 = AXIS2_PLACEMENT_2D('',#9521,#9522);
#9521 = CARTESIAN_POINT('',(2.876245940367,1.6));
#9522 = DIRECTION('',(1.,-1.810146235802E-17));
#9523 = ( GEOMETRIC_REPRESENTATION_CONTEXT(2) 
PARAMETRIC_REPRESENTATION_CONTEXT() REPRESENTATION_CONTEXT('2D SPACE',''
  ) );
#9524 = PCURVE('',#7137,#9525);
#9525 = DEFINITIONAL_REPRESENTATION('',(#9526),#9533);
#9526 = B_SPLINE_CURVE_WITH_KNOTS('',5,(#9527,#9528,#9529,#9530,#9531,
    #9532),.UNSPECIFIED.,.F.,.F.,(6,6),(4.333664845991,4.712388980385),
  .PIECEWISE_BEZIER_KNOTS.);
#9527 = CARTESIAN_POINT('',(-1.192072192401,3.07783723705));
#9528 = CARTESIAN_POINT('',(-1.26781701928,3.768473441572));
#9529 = CARTESIAN_POINT('',(-1.343561846159,4.485130430661));
#9530 = CARTESIAN_POINT('',(-1.419306673037,5.219554527748));
#9531 = CARTESIAN_POINT('',(-1.495051499916,5.962863909199));
#9532 = CARTESIAN_POINT('',(-1.570796326795,6.706173143635));
#9533 = ( GEOMETRIC_REPRESENTATION_CONTEXT(2) 
PARAMETRIC_REPRESENTATION_CONTEXT() REPRESENTATION_CONTEXT('2D SPACE',''
  ) );
#9534 = ADVANCED_FACE('',(#9535),#7137,.T.);
#9535 = FACE_BOUND('',#9536,.F.);
#9536 = EDGE_LOOP('',(#9537,#9538,#9539));
#9537 = ORIENTED_EDGE('',*,*,#9375,.T.);
#9538 = ORIENTED_EDGE('',*,*,#7121,.T.);
#9539 = ORIENTED_EDGE('',*,*,#9510,.F.);
#9540 = ADVANCED_FACE('',(#9541),#7194,.F.);
#9541 = FACE_BOUND('',#9542,.F.);
#9542 = EDGE_LOOP('',(#9543,#9544,#9567,#9589));
#9543 = ORIENTED_EDGE('',*,*,#7177,.F.);
#9544 = ORIENTED_EDGE('',*,*,#9545,.F.);
#9545 = EDGE_CURVE('',#9546,#7178,#9548,.T.);
#9546 = VERTEX_POINT('',#9547);
#9547 = CARTESIAN_POINT('',(2.8,3.5,-4.637576025975E-16));
#9548 = SEAM_CURVE('',#9549,(#9553,#9560),.PCURVE_S1.);
#9549 = LINE('',#9550,#9551);
#9550 = CARTESIAN_POINT('',(2.8,4.5,-6.858022075225E-16));
#9551 = VECTOR('',#9552,1.);
#9552 = DIRECTION('',(0.,-1.,2.22044604925E-16));
#9553 = PCURVE('',#7194,#9554);
#9554 = DEFINITIONAL_REPRESENTATION('',(#9555),#9559);
#9555 = LINE('',#9556,#9557);
#9556 = CARTESIAN_POINT('',(6.28318530718,-0.));
#9557 = VECTOR('',#9558,1.);
#9558 = DIRECTION('',(0.,1.));
#9559 = ( GEOMETRIC_REPRESENTATION_CONTEXT(2) 
PARAMETRIC_REPRESENTATION_CONTEXT() REPRESENTATION_CONTEXT('2D SPACE',''
  ) );
#9560 = PCURVE('',#7194,#9561);
#9561 = DEFINITIONAL_REPRESENTATION('',(#9562),#9566);
#9562 = LINE('',#9563,#9564);
#9563 = CARTESIAN_POINT('',(0.,-0.));
#9564 = VECTOR('',#9565,1.);
#9565 = DIRECTION('',(0.,1.));
#9566 = ( GEOMETRIC_REPRESENTATION_CONTEXT(2) 
PARAMETRIC_REPRESENTATION_CONTEXT() REPRESENTATION_CONTEXT('2D SPACE',''
  ) );
#9567 = ORIENTED_EDGE('',*,*,#9568,.T.);
#9568 = EDGE_CURVE('',#9546,#9546,#9569,.T.);
#9569 = SURFACE_CURVE('',#9570,(#9575,#9582),.PCURVE_S1.);
#9570 = CIRCLE('',#9571,2.8);
#9571 = AXIS2_PLACEMENT_3D('',#9572,#9573,#9574);
#9572 = CARTESIAN_POINT('',(0.,3.5,2.22044604925E-16));
#9573 = DIRECTION('',(0.,-1.,2.22044604925E-16));
#9574 = DIRECTION('',(1.,0.,0.));
#9575 = PCURVE('',#7194,#9576);
#9576 = DEFINITIONAL_REPRESENTATION('',(#9577),#9581);
#9577 = LINE('',#9578,#9579);
#9578 = CARTESIAN_POINT('',(0.,1.));
#9579 = VECTOR('',#9580,1.);
#9580 = DIRECTION('',(1.,0.));
#9581 = ( GEOMETRIC_REPRESENTATION_CONTEXT(2) 
PARAMETRIC_REPRESENTATION_CONTEXT() REPRESENTATION_CONTEXT('2D SPACE',''
  ) );
#9582 = PCURVE('',#7557,#9583);
#9583 = DEFINITIONAL_REPRESENTATION('',(#9584),#9588);
#9584 = CIRCLE('',#9585,2.8);
#9585 = AXIS2_PLACEMENT_2D('',#9586,#9587);
#9586 = CARTESIAN_POINT('',(0.,2.22044604925E-16));
#9587 = DIRECTION('',(1.,0.));
#9588 = ( GEOMETRIC_REPRESENTATION_CONTEXT(2) 
PARAMETRIC_REPRESENTATION_CONTEXT() REPRESENTATION_CONTEXT('2D SPACE',''
  ) );
#9589 = ORIENTED_EDGE('',*,*,#9545,.T.);
#9590 = ADVANCED_FACE('',(#9591),#7227,.T.);
#9591 = FACE_BOUND('',#9592,.T.);
#9592 = EDGE_LOOP('',(#9593,#9616,#9617,#9618));
#9593 = ORIENTED_EDGE('',*,*,#9594,.F.);
#9594 = EDGE_CURVE('',#7212,#9595,#9597,.T.);
#9595 = VERTEX_POINT('',#9596);
#9596 = CARTESIAN_POINT('',(1.874145879602,1.9,9.674061586156));
#9597 = SURFACE_CURVE('',#9598,(#9602,#9609),.PCURVE_S1.);
#9598 = LINE('',#9599,#9600);
#9599 = CARTESIAN_POINT('',(1.874145879602,-3.5,9.674061586156));
#9600 = VECTOR('',#9601,1.);
#9601 = DIRECTION('',(0.,1.,-1.110223024625E-16));
#9602 = PCURVE('',#7227,#9603);
#9603 = DEFINITIONAL_REPRESENTATION('',(#9604),#9608);
#9604 = LINE('',#9605,#9606);
#9605 = CARTESIAN_POINT('',(184.8596032573,3.5));
#9606 = VECTOR('',#9607,1.);
#9607 = DIRECTION('',(0.,-1.));
#9608 = ( GEOMETRIC_REPRESENTATION_CONTEXT(2) 
PARAMETRIC_REPRESENTATION_CONTEXT() REPRESENTATION_CONTEXT('2D SPACE',''
  ) );
#9609 = PCURVE('',#8927,#9610);
#9610 = DEFINITIONAL_REPRESENTATION('',(#9611),#9615);
#9611 = LINE('',#9612,#9613);
#9612 = CARTESIAN_POINT('',(1.742987141318,0.));
#9613 = VECTOR('',#9614,1.);
#9614 = DIRECTION('',(0.,1.));
#9615 = ( GEOMETRIC_REPRESENTATION_CONTEXT(2) 
PARAMETRIC_REPRESENTATION_CONTEXT() REPRESENTATION_CONTEXT('2D SPACE',''
  ) );
#9616 = ORIENTED_EDGE('',*,*,#7209,.F.);
#9617 = ORIENTED_EDGE('',*,*,#7419,.F.);
#9618 = ORIENTED_EDGE('',*,*,#9619,.T.);
#9619 = EDGE_CURVE('',#7420,#9595,#9620,.T.);
#9620 = SURFACE_CURVE('',#9621,(#9625,#9632),.PCURVE_S1.);
#9621 = LINE('',#9622,#9623);
#9622 = CARTESIAN_POINT('',(184.,1.9,-22.));
#9623 = VECTOR('',#9624,1.);
#9624 = DIRECTION('',(-0.98521175482,1.902269172752E-17,0.171341174751)
  );
#9625 = PCURVE('',#7227,#9626);
#9626 = DEFINITIONAL_REPRESENTATION('',(#9627),#9631);
#9627 = LINE('',#9628,#9629);
#9628 = CARTESIAN_POINT('',(0.,-1.9));
#9629 = VECTOR('',#9630,1.);
#9630 = DIRECTION('',(1.,0.));
#9631 = ( GEOMETRIC_REPRESENTATION_CONTEXT(2) 
PARAMETRIC_REPRESENTATION_CONTEXT() REPRESENTATION_CONTEXT('2D SPACE',''
  ) );
#9632 = PCURVE('',#7504,#9633);
#9633 = DEFINITIONAL_REPRESENTATION('',(#9634),#9638);
#9634 = LINE('',#9635,#9636);
#9635 = CARTESIAN_POINT('',(0.,0.));
#9636 = VECTOR('',#9637,1.);
#9637 = DIRECTION('',(0.,1.));
#9638 = ( GEOMETRIC_REPRESENTATION_CONTEXT(2) 
PARAMETRIC_REPRESENTATION_CONTEXT() REPRESENTATION_CONTEXT('2D SPACE',''
  ) );
#9639 = ADVANCED_FACE('',(#9640),#7403,.T.);
#9640 = FACE_BOUND('',#9641,.F.);
#9641 = EDGE_LOOP('',(#9642,#9643,#9644));
#9642 = ORIENTED_EDGE('',*,*,#7389,.F.);
#9643 = ORIENTED_EDGE('',*,*,#8802,.F.);
#9644 = ORIENTED_EDGE('',*,*,#9645,.F.);
#9645 = EDGE_CURVE('',#7212,#8803,#9646,.T.);
#9646 = SURFACE_CURVE('',#9647,(#9652,#9659),.PCURVE_S1.);
#9647 = CIRCLE('',#9648,1.6);
#9648 = AXIS2_PLACEMENT_3D('',#9649,#9650,#9651);
#9649 = CARTESIAN_POINT('',(1.6,-1.9,8.097722778445));
#9650 = DIRECTION('',(-2.1532115576E-34,-1.,1.110223024625E-16));
#9651 = DIRECTION('',(0.171341174751,1.093804774332E-16,0.98521175482));
#9652 = PCURVE('',#7403,#9653);
#9653 = DEFINITIONAL_REPRESENTATION('',(#9654),#9658);
#9654 = LINE('',#9655,#9656);
#9655 = CARTESIAN_POINT('',(-0.,0.));
#9656 = VECTOR('',#9657,1.);
#9657 = DIRECTION('',(-1.,0.));
#9658 = ( GEOMETRIC_REPRESENTATION_CONTEXT(2) 
PARAMETRIC_REPRESENTATION_CONTEXT() REPRESENTATION_CONTEXT('2D SPACE',''
  ) );
#9659 = PCURVE('',#8927,#9660);
#9660 = DEFINITIONAL_REPRESENTATION('',(#9661),#9665);
#9661 = LINE('',#9662,#9663);
#9662 = CARTESIAN_POINT('',(1.742987141318,1.6));
#9663 = VECTOR('',#9664,1.);
#9664 = DIRECTION('',(-1.,-0.));
#9665 = ( GEOMETRIC_REPRESENTATION_CONTEXT(2) 
PARAMETRIC_REPRESENTATION_CONTEXT() REPRESENTATION_CONTEXT('2D SPACE',''
  ) );
#9666 = ADVANCED_FACE('',(#9667),#7684,.T.);
#9667 = FACE_BOUND('',#9668,.T.);
#9668 = EDGE_LOOP('',(#9669,#9670,#9671,#9694));
#9669 = ORIENTED_EDGE('',*,*,#7669,.T.);
#9670 = ORIENTED_EDGE('',*,*,#7876,.F.);
#9671 = ORIENTED_EDGE('',*,*,#9672,.F.);
#9672 = EDGE_CURVE('',#9673,#7794,#9675,.T.);
#9673 = VERTEX_POINT('',#9674);
#9674 = CARTESIAN_POINT('',(182.6741458796,1.9,-21.76941667471));
#9675 = SURFACE_CURVE('',#9676,(#9680,#9687),.PCURVE_S1.);
#9676 = LINE('',#9677,#9678);
#9677 = CARTESIAN_POINT('',(182.6741458796,3.5,-21.76941667471));
#9678 = VECTOR('',#9679,1.);
#9679 = DIRECTION('',(0.,-1.,1.110223024625E-16));
#9680 = PCURVE('',#7684,#9681);
#9681 = DEFINITIONAL_REPRESENTATION('',(#9682),#9686);
#9682 = LINE('',#9683,#9684);
#9683 = CARTESIAN_POINT('',(1.345755482425,-3.5));
#9684 = VECTOR('',#9685,1.);
#9685 = DIRECTION('',(0.,1.));
#9686 = ( GEOMETRIC_REPRESENTATION_CONTEXT(2) 
PARAMETRIC_REPRESENTATION_CONTEXT() REPRESENTATION_CONTEXT('2D SPACE',''
  ) );
#9687 = PCURVE('',#8342,#9688);
#9688 = DEFINITIONAL_REPRESENTATION('',(#9689),#9693);
#9689 = LINE('',#9690,#9691);
#9690 = CARTESIAN_POINT('',(-0.,0.));
#9691 = VECTOR('',#9692,1.);
#9692 = DIRECTION('',(-0.,1.));
#9693 = ( GEOMETRIC_REPRESENTATION_CONTEXT(2) 
PARAMETRIC_REPRESENTATION_CONTEXT() REPRESENTATION_CONTEXT('2D SPACE',''
  ) );
#9694 = ORIENTED_EDGE('',*,*,#9695,.T.);
#9695 = EDGE_CURVE('',#9673,#7570,#9696,.T.);
#9696 = SURFACE_CURVE('',#9697,(#9701,#9708),.PCURVE_S1.);
#9697 = LINE('',#9698,#9699);
#9698 = CARTESIAN_POINT('',(184.,1.9,-22.));
#9699 = VECTOR('',#9700,1.);
#9700 = DIRECTION('',(-0.98521175482,1.902269172752E-17,0.171341174751)
  );
#9701 = PCURVE('',#7684,#9702);
#9702 = DEFINITIONAL_REPRESENTATION('',(#9703),#9707);
#9703 = LINE('',#9704,#9705);
#9704 = CARTESIAN_POINT('',(0.,-1.9));
#9705 = VECTOR('',#9706,1.);
#9706 = DIRECTION('',(1.,0.));
#9707 = ( GEOMETRIC_REPRESENTATION_CONTEXT(2) 
PARAMETRIC_REPRESENTATION_CONTEXT() REPRESENTATION_CONTEXT('2D SPACE',''
  ) );
#9708 = PCURVE('',#7633,#9709);
#9709 = DEFINITIONAL_REPRESENTATION('',(#9710),#9714);
#9710 = LINE('',#9711,#9712);
#9711 = CARTESIAN_POINT('',(0.,0.));
#9712 = VECTOR('',#9713,1.);
#9713 = DIRECTION('',(0.,1.));
#9714 = ( GEOMETRIC_REPRESENTATION_CONTEXT(2) 
PARAMETRIC_REPRESENTATION_CONTEXT() REPRESENTATION_CONTEXT('2D SPACE',''
  ) );
#9715 = ADVANCED_FACE('',(#9716),#7633,.T.);
#9716 = FACE_BOUND('',#9717,.T.);
#9717 = EDGE_LOOP('',(#9718,#9738,#9739,#9760,#9761));
#9718 = ORIENTED_EDGE('',*,*,#9719,.F.);
#9719 = EDGE_CURVE('',#8211,#9673,#9720,.T.);
#9720 = SURFACE_CURVE('',#9721,(#9726,#9732),.PCURVE_S1.);
#9721 = CIRCLE('',#9722,1.6);
#9722 = AXIS2_PLACEMENT_3D('',#9723,#9724,#9725);
#9723 = CARTESIAN_POINT('',(182.4,1.9,-23.34575548242));
#9724 = DIRECTION('',(0.98521175482,-1.902269172752E-17,-0.171341174751)
  );
#9725 = DIRECTION('',(0.171341174751,1.093804774332E-16,0.98521175482));
#9726 = PCURVE('',#7633,#9727);
#9727 = DEFINITIONAL_REPRESENTATION('',(#9728),#9731);
#9728 = B_SPLINE_CURVE_WITH_KNOTS('',1,(#9729,#9730),.UNSPECIFIED.,.F.,
  .F.,(2,2),(4.712388980385,6.28318530718),.PIECEWISE_BEZIER_KNOTS.);
#9729 = CARTESIAN_POINT('',(1.570796326795,1.345755482425));
#9730 = CARTESIAN_POINT('',(0.,1.345755482425));
#9731 = ( GEOMETRIC_REPRESENTATION_CONTEXT(2) 
PARAMETRIC_REPRESENTATION_CONTEXT() REPRESENTATION_CONTEXT('2D SPACE',''
  ) );
#9732 = PCURVE('',#8304,#9733);
#9733 = DEFINITIONAL_REPRESENTATION('',(#9734),#9737);
#9734 = B_SPLINE_CURVE_WITH_KNOTS('',1,(#9735,#9736),.UNSPECIFIED.,.F.,
  .F.,(2,2),(4.712388980385,6.28318530718),.PIECEWISE_BEZIER_KNOTS.);
#9735 = CARTESIAN_POINT('',(0.,-1.570796326795));
#9736 = CARTESIAN_POINT('',(0.,0.));
#9737 = ( GEOMETRIC_REPRESENTATION_CONTEXT(2) 
PARAMETRIC_REPRESENTATION_CONTEXT() REPRESENTATION_CONTEXT('2D SPACE',''
  ) );
#9738 = ORIENTED_EDGE('',*,*,#8210,.T.);
#9739 = ORIENTED_EDGE('',*,*,#9740,.T.);
#9740 = EDGE_CURVE('',#8183,#7541,#9741,.T.);
#9741 = SURFACE_CURVE('',#9742,(#9746,#9753),.PCURVE_S1.);
#9742 = LINE('',#9743,#9744);
#9743 = CARTESIAN_POINT('',(183.72585412039,3.5,-23.57633880771));
#9744 = VECTOR('',#9745,1.);
#9745 = DIRECTION('',(-0.98521175482,1.902269172752E-17,0.171341174751)
  );
#9746 = PCURVE('',#7633,#9747);
#9747 = DEFINITIONAL_REPRESENTATION('',(#9748),#9752);
#9748 = LINE('',#9749,#9750);
#9749 = CARTESIAN_POINT('',(1.570796326795,0.));
#9750 = VECTOR('',#9751,1.);
#9751 = DIRECTION('',(0.,1.));
#9752 = ( GEOMETRIC_REPRESENTATION_CONTEXT(2) 
PARAMETRIC_REPRESENTATION_CONTEXT() REPRESENTATION_CONTEXT('2D SPACE',''
  ) );
#9753 = PCURVE('',#7557,#9754);
#9754 = DEFINITIONAL_REPRESENTATION('',(#9755),#9759);
#9755 = LINE('',#9756,#9757);
#9756 = CARTESIAN_POINT('',(183.72585412039,-23.57633880771));
#9757 = VECTOR('',#9758,1.);
#9758 = DIRECTION('',(-0.98521175482,0.171341174751));
#9759 = ( GEOMETRIC_REPRESENTATION_CONTEXT(2) 
PARAMETRIC_REPRESENTATION_CONTEXT() REPRESENTATION_CONTEXT('2D SPACE',''
  ) );
#9760 = ORIENTED_EDGE('',*,*,#7569,.T.);
#9761 = ORIENTED_EDGE('',*,*,#9695,.F.);
#9762 = ADVANCED_FACE('',(#9763,#9814,#9901),#7557,.F.);
#9763 = FACE_BOUND('',#9764,.F.);
#9764 = EDGE_LOOP('',(#9765,#9786,#9787,#9788,#9789,#9790,#9811,#9812,
    #9813));
#9765 = ORIENTED_EDGE('',*,*,#9766,.T.);
#9766 = EDGE_CURVE('',#7441,#9054,#9767,.T.);
#9767 = SURFACE_CURVE('',#9768,(#9772,#9779),.PCURVE_S1.);
#9768 = LINE('',#9769,#9770);
#9769 = CARTESIAN_POINT('',(183.72585412039,3.5,-23.57633880771));
#9770 = VECTOR('',#9771,1.);
#9771 = DIRECTION('',(-0.98521175482,1.902269172752E-17,0.171341174751)
  );
#9772 = PCURVE('',#7557,#9773);
#9773 = DEFINITIONAL_REPRESENTATION('',(#9774),#9778);
#9774 = LINE('',#9775,#9776);
#9775 = CARTESIAN_POINT('',(183.72585412039,-23.57633880771));
#9776 = VECTOR('',#9777,1.);
#9777 = DIRECTION('',(-0.98521175482,0.171341174751));
#9778 = ( GEOMETRIC_REPRESENTATION_CONTEXT(2) 
PARAMETRIC_REPRESENTATION_CONTEXT() REPRESENTATION_CONTEXT('2D SPACE',''
  ) );
#9779 = PCURVE('',#7504,#9780);
#9780 = DEFINITIONAL_REPRESENTATION('',(#9781),#9785);
#9781 = LINE('',#9782,#9783);
#9782 = CARTESIAN_POINT('',(1.570796326795,0.));
#9783 = VECTOR('',#9784,1.);
#9784 = DIRECTION('',(0.,1.));
#9785 = ( GEOMETRIC_REPRESENTATION_CONTEXT(2) 
PARAMETRIC_REPRESENTATION_CONTEXT() REPRESENTATION_CONTEXT('2D SPACE',''
  ) );
#9786 = ORIENTED_EDGE('',*,*,#9109,.T.);
#9787 = ORIENTED_EDGE('',*,*,#8640,.F.);
#9788 = ORIENTED_EDGE('',*,*,#8614,.T.);
#9789 = ORIENTED_EDGE('',*,*,#8514,.T.);
#9790 = ORIENTED_EDGE('',*,*,#9791,.T.);
#9791 = EDGE_CURVE('',#8515,#8053,#9792,.T.);
#9792 = SURFACE_CURVE('',#9793,(#9797,#9804),.PCURVE_S1.);
#9793 = LINE('',#9794,#9795);
#9794 = CARTESIAN_POINT('',(0.257469828126,3.5,-6.42085172083));
#9795 = VECTOR('',#9796,1.);
#9796 = DIRECTION('',(0.986967674481,-1.78655582082E-17,-0.160918642578)
  );
#9797 = PCURVE('',#7557,#9798);
#9798 = DEFINITIONAL_REPRESENTATION('',(#9799),#9803);
#9799 = LINE('',#9800,#9801);
#9800 = CARTESIAN_POINT('',(0.257469828126,-6.42085172083));
#9801 = VECTOR('',#9802,1.);
#9802 = DIRECTION('',(0.986967674481,-0.160918642578));
#9803 = ( GEOMETRIC_REPRESENTATION_CONTEXT(2) 
PARAMETRIC_REPRESENTATION_CONTEXT() REPRESENTATION_CONTEXT('2D SPACE',''
  ) );
#9804 = PCURVE('',#8136,#9805);
#9805 = DEFINITIONAL_REPRESENTATION('',(#9806),#9810);
#9806 = LINE('',#9807,#9808);
#9807 = CARTESIAN_POINT('',(1.570796326795,0.));
#9808 = VECTOR('',#9809,1.);
#9809 = DIRECTION('',(0.,1.));
#9810 = ( GEOMETRIC_REPRESENTATION_CONTEXT(2) 
PARAMETRIC_REPRESENTATION_CONTEXT() REPRESENTATION_CONTEXT('2D SPACE',''
  ) );
#9811 = ORIENTED_EDGE('',*,*,#8182,.F.);
#9812 = ORIENTED_EDGE('',*,*,#9740,.T.);
#9813 = ORIENTED_EDGE('',*,*,#7540,.F.);
#9814 = FACE_BOUND('',#9815,.F.);
#9815 = EDGE_LOOP('',(#9816,#9847,#9875));
#9816 = ORIENTED_EDGE('',*,*,#9817,.T.);
#9817 = EDGE_CURVE('',#9818,#9820,#9822,.T.);
#9818 = VERTEX_POINT('',#9819);
#9819 = CARTESIAN_POINT('',(5.830951894845,3.5,-7.5));
#9820 = VERTEX_POINT('',#9821);
#9821 = CARTESIAN_POINT('',(6.008508033527,3.5,-7.35852099345));
#9822 = SURFACE_CURVE('',#9823,(#9828,#9835),.PCURVE_S1.);
#9823 = CIRCLE('',#9824,9.5);
#9824 = AXIS2_PLACEMENT_3D('',#9825,#9826,#9827);
#9825 = CARTESIAN_POINT('',(0.,3.5,0.));
#9826 = DIRECTION('',(0.,-1.,2.22044604925E-16));
#9827 = DIRECTION('',(1.,0.,0.));
#9828 = PCURVE('',#7557,#9829);
#9829 = DEFINITIONAL_REPRESENTATION('',(#9830),#9834);
#9830 = CIRCLE('',#9831,9.5);
#9831 = AXIS2_PLACEMENT_2D('',#9832,#9833);
#9832 = CARTESIAN_POINT('',(0.,0.));
#9833 = DIRECTION('',(1.,0.));
#9834 = ( GEOMETRIC_REPRESENTATION_CONTEXT(2) 
PARAMETRIC_REPRESENTATION_CONTEXT() REPRESENTATION_CONTEXT('2D SPACE',''
  ) );
#9835 = PCURVE('',#9836,#9841);
#9836 = CYLINDRICAL_SURFACE('',#9837,9.5);
#9837 = AXIS2_PLACEMENT_3D('',#9838,#9839,#9840);
#9838 = CARTESIAN_POINT('',(0.,3.5,0.));
#9839 = DIRECTION('',(0.,-1.,2.22044604925E-16));
#9840 = DIRECTION('',(1.,0.,0.));
#9841 = DEFINITIONAL_REPRESENTATION('',(#9842),#9846);
#9842 = LINE('',#9843,#9844);
#9843 = CARTESIAN_POINT('',(0.,0.));
#9844 = VECTOR('',#9845,1.);
#9845 = DIRECTION('',(1.,0.));
#9846 = ( GEOMETRIC_REPRESENTATION_CONTEXT(2) 
PARAMETRIC_REPRESENTATION_CONTEXT() REPRESENTATION_CONTEXT('2D SPACE',''
  ) );
#9847 = ORIENTED_EDGE('',*,*,#9848,.T.);
#9848 = EDGE_CURVE('',#9820,#9849,#9851,.T.);
#9849 = VERTEX_POINT('',#9850);
#9850 = CARTESIAN_POINT('',(6.876245940367,3.5,-7.5));
#9851 = SURFACE_CURVE('',#9852,(#9856,#9863),.PCURVE_S1.);
#9852 = LINE('',#9853,#9854);
#9853 = CARTESIAN_POINT('',(0.257469828126,3.5,-6.42085172083));
#9854 = VECTOR('',#9855,1.);
#9855 = DIRECTION('',(0.986967674481,-1.78655582082E-17,-0.160918642578)
  );
#9856 = PCURVE('',#7557,#9857);
#9857 = DEFINITIONAL_REPRESENTATION('',(#9858),#9862);
#9858 = LINE('',#9859,#9860);
#9859 = CARTESIAN_POINT('',(0.257469828126,-6.42085172083));
#9860 = VECTOR('',#9861,1.);
#9861 = DIRECTION('',(0.986967674481,-0.160918642578));
#9862 = ( GEOMETRIC_REPRESENTATION_CONTEXT(2) 
PARAMETRIC_REPRESENTATION_CONTEXT() REPRESENTATION_CONTEXT('2D SPACE',''
  ) );
#9863 = PCURVE('',#9864,#9869);
#9864 = CYLINDRICAL_SURFACE('',#9865,1.6);
#9865 = AXIS2_PLACEMENT_3D('',#9866,#9867,#9868);
#9866 = CARTESIAN_POINT('',(0.257469828126,1.9,-6.42085172083));
#9867 = DIRECTION('',(0.986967674481,-1.78655582082E-17,-0.160918642578)
  );
#9868 = DIRECTION('',(-0.160918642578,-1.09575423677E-16,-0.986967674481
    ));
#9869 = DEFINITIONAL_REPRESENTATION('',(#9870),#9874);
#9870 = LINE('',#9871,#9872);
#9871 = CARTESIAN_POINT('',(1.570796326795,0.));
#9872 = VECTOR('',#9873,1.);
#9873 = DIRECTION('',(0.,1.));
#9874 = ( GEOMETRIC_REPRESENTATION_CONTEXT(2) 
PARAMETRIC_REPRESENTATION_CONTEXT() REPRESENTATION_CONTEXT('2D SPACE',''
  ) );
#9875 = ORIENTED_EDGE('',*,*,#9876,.F.);
#9876 = EDGE_CURVE('',#9818,#9849,#9877,.T.);
#9877 = SURFACE_CURVE('',#9878,(#9882,#9889),.PCURVE_S1.);
#9878 = LINE('',#9879,#9880);
#9879 = CARTESIAN_POINT('',(4.,3.5,-7.5));
#9880 = VECTOR('',#9881,1.);
#9881 = DIRECTION('',(1.,0.,-0.));
#9882 = PCURVE('',#7557,#9883);
#9883 = DEFINITIONAL_REPRESENTATION('',(#9884),#9888);
#9884 = LINE('',#9885,#9886);
#9885 = CARTESIAN_POINT('',(4.,-7.5));
#9886 = VECTOR('',#9887,1.);
#9887 = DIRECTION('',(1.,0.));
#9888 = ( GEOMETRIC_REPRESENTATION_CONTEXT(2) 
PARAMETRIC_REPRESENTATION_CONTEXT() REPRESENTATION_CONTEXT('2D SPACE',''
  ) );
#9889 = PCURVE('',#9890,#9895);
#9890 = PLANE('',#9891);
#9891 = AXIS2_PLACEMENT_3D('',#9892,#9893,#9894);
#9892 = CARTESIAN_POINT('',(4.,-3.5,-7.5));
#9893 = DIRECTION('',(0.,0.,1.));
#9894 = DIRECTION('',(1.,0.,-0.));
#9895 = DEFINITIONAL_REPRESENTATION('',(#9896),#9900);
#9896 = LINE('',#9897,#9898);
#9897 = CARTESIAN_POINT('',(0.,7.));
#9898 = VECTOR('',#9899,1.);
#9899 = DIRECTION('',(1.,0.));
#9900 = ( GEOMETRIC_REPRESENTATION_CONTEXT(2) 
PARAMETRIC_REPRESENTATION_CONTEXT() REPRESENTATION_CONTEXT('2D SPACE',''
  ) );
#9901 = FACE_BOUND('',#9902,.F.);
#9902 = EDGE_LOOP('',(#9903));
#9903 = ORIENTED_EDGE('',*,*,#9568,.F.);
#9904 = ADVANCED_FACE('',(#9905),#7504,.T.);
#9905 = FACE_BOUND('',#9906,.T.);
#9906 = EDGE_LOOP('',(#9907,#9908,#9909,#9910,#9911));
#9907 = ORIENTED_EDGE('',*,*,#9619,.F.);
#9908 = ORIENTED_EDGE('',*,*,#7440,.T.);
#9909 = ORIENTED_EDGE('',*,*,#9766,.T.);
#9910 = ORIENTED_EDGE('',*,*,#9053,.T.);
#9911 = ORIENTED_EDGE('',*,*,#9912,.T.);
#9912 = EDGE_CURVE('',#8939,#9595,#9913,.T.);
#9913 = SURFACE_CURVE('',#9914,(#9919,#9925),.PCURVE_S1.);
#9914 = CIRCLE('',#9915,1.6);
#9915 = AXIS2_PLACEMENT_3D('',#9916,#9917,#9918);
#9916 = CARTESIAN_POINT('',(1.6,1.9,8.097722778445));
#9917 = DIRECTION('',(0.98521175482,-1.902269172752E-17,-0.171341174751)
  );
#9918 = DIRECTION('',(0.171341174751,1.093804774332E-16,0.98521175482));
#9919 = PCURVE('',#7504,#9920);
#9920 = DEFINITIONAL_REPRESENTATION('',(#9921),#9924);
#9921 = B_SPLINE_CURVE_WITH_KNOTS('',1,(#9922,#9923),.UNSPECIFIED.,.F.,
  .F.,(2,2),(4.712388980385,6.28318530718),.PIECEWISE_BEZIER_KNOTS.);
#9922 = CARTESIAN_POINT('',(1.570796326795,184.8596032573));
#9923 = CARTESIAN_POINT('',(0.,184.8596032573));
#9924 = ( GEOMETRIC_REPRESENTATION_CONTEXT(2) 
PARAMETRIC_REPRESENTATION_CONTEXT() REPRESENTATION_CONTEXT('2D SPACE',''
  ) );
#9925 = PCURVE('',#9012,#9926);
#9926 = DEFINITIONAL_REPRESENTATION('',(#9927),#9930);
#9927 = B_SPLINE_CURVE_WITH_KNOTS('',1,(#9928,#9929),.UNSPECIFIED.,.F.,
  .F.,(2,2),(4.712388980385,6.28318530718),.PIECEWISE_BEZIER_KNOTS.);
#9928 = CARTESIAN_POINT('',(0.,-1.570796326795));
#9929 = CARTESIAN_POINT('',(0.,0.));
#9930 = ( GEOMETRIC_REPRESENTATION_CONTEXT(2) 
PARAMETRIC_REPRESENTATION_CONTEXT() REPRESENTATION_CONTEXT('2D SPACE',''
  ) );
#9931 = ADVANCED_FACE('',(#9932),#7809,.T.);
#9932 = FACE_BOUND('',#9933,.T.);
#9933 = EDGE_LOOP('',(#9934,#9935,#9936));
#9934 = ORIENTED_EDGE('',*,*,#7791,.F.);
#9935 = ORIENTED_EDGE('',*,*,#8353,.T.);
#9936 = ORIENTED_EDGE('',*,*,#9937,.F.);
#9937 = EDGE_CURVE('',#7794,#8328,#9938,.T.);
#9938 = SURFACE_CURVE('',#9939,(#9944,#9951),.PCURVE_S1.);
#9939 = CIRCLE('',#9940,1.6);
#9940 = AXIS2_PLACEMENT_3D('',#9941,#9942,#9943);
#9941 = CARTESIAN_POINT('',(182.4,-1.9,-23.34575548242));
#9942 = DIRECTION('',(4.163512109013E-34,1.,-1.110223024625E-16));
#9943 = DIRECTION('',(0.171341174751,1.093804774332E-16,0.98521175482));
#9944 = PCURVE('',#7809,#9945);
#9945 = DEFINITIONAL_REPRESENTATION('',(#9946),#9950);
#9946 = LINE('',#9947,#9948);
#9947 = CARTESIAN_POINT('',(0.,0.));
#9948 = VECTOR('',#9949,1.);
#9949 = DIRECTION('',(1.,0.));
#9950 = ( GEOMETRIC_REPRESENTATION_CONTEXT(2) 
PARAMETRIC_REPRESENTATION_CONTEXT() REPRESENTATION_CONTEXT('2D SPACE',''
  ) );
#9951 = PCURVE('',#8342,#9952);
#9952 = DEFINITIONAL_REPRESENTATION('',(#9953),#9957);
#9953 = LINE('',#9954,#9955);
#9954 = CARTESIAN_POINT('',(-0.,5.4));
#9955 = VECTOR('',#9956,1.);
#9956 = DIRECTION('',(-1.,0.));
#9957 = ( GEOMETRIC_REPRESENTATION_CONTEXT(2) 
PARAMETRIC_REPRESENTATION_CONTEXT() REPRESENTATION_CONTEXT('2D SPACE',''
  ) );
#9958 = ADVANCED_FACE('',(#9959),#8041,.T.);
#9959 = FACE_BOUND('',#9960,.T.);
#9960 = EDGE_LOOP('',(#9961,#9962,#9983,#9984));
#9961 = ORIENTED_EDGE('',*,*,#8566,.F.);
#9962 = ORIENTED_EDGE('',*,*,#9963,.T.);
#9963 = EDGE_CURVE('',#8538,#8027,#9964,.T.);
#9964 = SURFACE_CURVE('',#9965,(#9969,#9976),.PCURVE_S1.);
#9965 = LINE('',#9966,#9967);
#9966 = CARTESIAN_POINT('',(-2.053912595557E-15,1.9,-8.));
#9967 = VECTOR('',#9968,1.);
#9968 = DIRECTION('',(0.986967674481,-1.78655582082E-17,-0.160918642578)
  );
#9969 = PCURVE('',#8041,#9970);
#9970 = DEFINITIONAL_REPRESENTATION('',(#9971),#9975);
#9971 = LINE('',#9972,#9973);
#9972 = CARTESIAN_POINT('',(-1.998401444325E-15,-1.9));
#9973 = VECTOR('',#9974,1.);
#9974 = DIRECTION('',(1.,0.));
#9975 = ( GEOMETRIC_REPRESENTATION_CONTEXT(2) 
PARAMETRIC_REPRESENTATION_CONTEXT() REPRESENTATION_CONTEXT('2D SPACE',''
  ) );
#9976 = PCURVE('',#8136,#9977);
#9977 = DEFINITIONAL_REPRESENTATION('',(#9978),#9982);
#9978 = LINE('',#9979,#9980);
#9979 = CARTESIAN_POINT('',(0.,0.));
#9980 = VECTOR('',#9981,1.);
#9981 = DIRECTION('',(0.,1.));
#9982 = ( GEOMETRIC_REPRESENTATION_CONTEXT(2) 
PARAMETRIC_REPRESENTATION_CONTEXT() REPRESENTATION_CONTEXT('2D SPACE',''
  ) );
#9983 = ORIENTED_EDGE('',*,*,#8026,.T.);
#9984 = ORIENTED_EDGE('',*,*,#8466,.F.);
#9985 = ADVANCED_FACE('',(#9986),#8136,.T.);
#9986 = FACE_BOUND('',#9987,.T.);
#9987 = EDGE_LOOP('',(#9988,#9989,#9990,#9991));
#9988 = ORIENTED_EDGE('',*,*,#8537,.T.);
#9989 = ORIENTED_EDGE('',*,*,#9791,.T.);
#9990 = ORIENTED_EDGE('',*,*,#8052,.F.);
#9991 = ORIENTED_EDGE('',*,*,#9963,.F.);
#9992 = ADVANCED_FACE('',(#9993),#8304,.T.);
#9993 = FACE_BOUND('',#9994,.F.);
#9994 = EDGE_LOOP('',(#9995,#9996,#9997));
#9995 = ORIENTED_EDGE('',*,*,#9719,.F.);
#9996 = ORIENTED_EDGE('',*,*,#8266,.F.);
#9997 = ORIENTED_EDGE('',*,*,#9998,.F.);
#9998 = EDGE_CURVE('',#9673,#8267,#9999,.T.);
#9999 = SURFACE_CURVE('',#10000,(#10005,#10012),.PCURVE_S1.);
#10000 = CIRCLE('',#10001,1.6);
#10001 = AXIS2_PLACEMENT_3D('',#10002,#10003,#10004);
#10002 = CARTESIAN_POINT('',(182.4,1.9,-23.34575548242));
#10003 = DIRECTION('',(4.163512109013E-34,1.,-1.110223024625E-16));
#10004 = DIRECTION('',(0.171341174751,1.093804774332E-16,0.98521175482)
  );
#10005 = PCURVE('',#8304,#10006);
#10006 = DEFINITIONAL_REPRESENTATION('',(#10007),#10011);
#10007 = LINE('',#10008,#10009);
#10008 = CARTESIAN_POINT('',(-0.,0.));
#10009 = VECTOR('',#10010,1.);
#10010 = DIRECTION('',(-1.,0.));
#10011 = ( GEOMETRIC_REPRESENTATION_CONTEXT(2) 
PARAMETRIC_REPRESENTATION_CONTEXT() REPRESENTATION_CONTEXT('2D SPACE',''
  ) );
#10012 = PCURVE('',#8342,#10013);
#10013 = DEFINITIONAL_REPRESENTATION('',(#10014),#10018);
#10014 = LINE('',#10015,#10016);
#10015 = CARTESIAN_POINT('',(-0.,1.6));
#10016 = VECTOR('',#10017,1.);
#10017 = DIRECTION('',(-1.,0.));
#10018 = ( GEOMETRIC_REPRESENTATION_CONTEXT(2) 
PARAMETRIC_REPRESENTATION_CONTEXT() REPRESENTATION_CONTEXT('2D SPACE',''
  ) );
#10019 = ADVANCED_FACE('',(#10020),#8342,.T.);
#10020 = FACE_BOUND('',#10021,.F.);
#10021 = EDGE_LOOP('',(#10022,#10023,#10024,#10025));
#10022 = ORIENTED_EDGE('',*,*,#9672,.F.);
#10023 = ORIENTED_EDGE('',*,*,#9998,.T.);
#10024 = ORIENTED_EDGE('',*,*,#8327,.T.);
#10025 = ORIENTED_EDGE('',*,*,#9937,.F.);
#10026 = ADVANCED_FACE('',(#10027),#8761,.T.);
#10027 = FACE_BOUND('',#10028,.F.);
#10028 = EDGE_LOOP('',(#10029,#10050,#10051));
#10029 = ORIENTED_EDGE('',*,*,#10030,.F.);
#10030 = EDGE_CURVE('',#9243,#8719,#10031,.T.);
#10031 = SURFACE_CURVE('',#10032,(#10036,#10043),.PCURVE_S1.);
#10032 = LINE('',#10033,#10034);
#10033 = CARTESIAN_POINT('',(-1.998401444325E-15,-1.9,-8.));
#10034 = VECTOR('',#10035,1.);
#10035 = DIRECTION('',(0.986967674481,-1.78655582082E-17,-0.160918642578
    ));
#10036 = PCURVE('',#8761,#10037);
#10037 = DEFINITIONAL_REPRESENTATION('',(#10038),#10042);
#10038 = LINE('',#10039,#10040);
#10039 = CARTESIAN_POINT('',(-0.,0.));
#10040 = VECTOR('',#10041,1.);
#10041 = DIRECTION('',(-0.,1.));
#10042 = ( GEOMETRIC_REPRESENTATION_CONTEXT(2) 
PARAMETRIC_REPRESENTATION_CONTEXT() REPRESENTATION_CONTEXT('2D SPACE',''
  ) );
#10043 = PCURVE('',#8733,#10044);
#10044 = DEFINITIONAL_REPRESENTATION('',(#10045),#10049);
#10045 = LINE('',#10046,#10047);
#10046 = CARTESIAN_POINT('',(-1.998401444325E-15,1.9));
#10047 = VECTOR('',#10048,1.);
#10048 = DIRECTION('',(1.,0.));
#10049 = ( GEOMETRIC_REPRESENTATION_CONTEXT(2) 
PARAMETRIC_REPRESENTATION_CONTEXT() REPRESENTATION_CONTEXT('2D SPACE',''
  ) );
#10050 = ORIENTED_EDGE('',*,*,#9263,.T.);
#10051 = ORIENTED_EDGE('',*,*,#8744,.T.);
#10052 = ADVANCED_FACE('',(#10053),#8733,.T.);
#10053 = FACE_BOUND('',#10054,.T.);
#10054 = EDGE_LOOP('',(#10055,#10056,#10077,#10078));
#10055 = ORIENTED_EDGE('',*,*,#9242,.F.);
#10056 = ORIENTED_EDGE('',*,*,#10057,.T.);
#10057 = EDGE_CURVE('',#9133,#8685,#10058,.T.);
#10058 = SURFACE_CURVE('',#10059,(#10063,#10070),.PCURVE_S1.);
#10059 = LINE('',#10060,#10061);
#10060 = CARTESIAN_POINT('',(-2.053912595557E-15,1.9,-8.));
#10061 = VECTOR('',#10062,1.);
#10062 = DIRECTION('',(0.986967674481,-1.78655582082E-17,-0.160918642578
    ));
#10063 = PCURVE('',#8733,#10064);
#10064 = DEFINITIONAL_REPRESENTATION('',(#10065),#10069);
#10065 = LINE('',#10066,#10067);
#10066 = CARTESIAN_POINT('',(-1.998401444325E-15,-1.9));
#10067 = VECTOR('',#10068,1.);
#10068 = DIRECTION('',(1.,0.));
#10069 = ( GEOMETRIC_REPRESENTATION_CONTEXT(2) 
PARAMETRIC_REPRESENTATION_CONTEXT() REPRESENTATION_CONTEXT('2D SPACE',''
  ) );
#10070 = PCURVE('',#8701,#10071);
#10071 = DEFINITIONAL_REPRESENTATION('',(#10072),#10076);
#10072 = LINE('',#10073,#10074);
#10073 = CARTESIAN_POINT('',(0.,0.));
#10074 = VECTOR('',#10075,1.);
#10075 = DIRECTION('',(0.,1.));
#10076 = ( GEOMETRIC_REPRESENTATION_CONTEXT(2) 
PARAMETRIC_REPRESENTATION_CONTEXT() REPRESENTATION_CONTEXT('2D SPACE',''
  ) );
#10077 = ORIENTED_EDGE('',*,*,#8718,.T.);
#10078 = ORIENTED_EDGE('',*,*,#10030,.F.);
#10079 = ADVANCED_FACE('',(#10080),#8701,.T.);
#10080 = FACE_BOUND('',#10081,.T.);
#10081 = EDGE_LOOP('',(#10082,#10083,#10084));
#10082 = ORIENTED_EDGE('',*,*,#10057,.F.);
#10083 = ORIENTED_EDGE('',*,*,#9132,.T.);
#10084 = ORIENTED_EDGE('',*,*,#8684,.F.);
#10085 = ADVANCED_FACE('',(#10086),#9012,.T.);
#10086 = FACE_BOUND('',#10087,.T.);
#10087 = EDGE_LOOP('',(#10088,#10089,#10090));
#10088 = ORIENTED_EDGE('',*,*,#9912,.F.);
#10089 = ORIENTED_EDGE('',*,*,#8938,.T.);
#10090 = ORIENTED_EDGE('',*,*,#10091,.F.);
#10091 = EDGE_CURVE('',#9595,#8913,#10092,.T.);
#10092 = SURFACE_CURVE('',#10093,(#10098,#10105),.PCURVE_S1.);
#10093 = CIRCLE('',#10094,1.6);
#10094 = AXIS2_PLACEMENT_3D('',#10095,#10096,#10097);
#10095 = CARTESIAN_POINT('',(1.6,1.9,8.097722778445));
#10096 = DIRECTION('',(4.80804928146E-34,-1.,1.110223024625E-16));
#10097 = DIRECTION('',(0.171341174751,1.093804774332E-16,0.98521175482)
  );
#10098 = PCURVE('',#9012,#10099);
#10099 = DEFINITIONAL_REPRESENTATION('',(#10100),#10104);
#10100 = LINE('',#10101,#10102);
#10101 = CARTESIAN_POINT('',(0.,0.));
#10102 = VECTOR('',#10103,1.);
#10103 = DIRECTION('',(1.,0.));
#10104 = ( GEOMETRIC_REPRESENTATION_CONTEXT(2) 
PARAMETRIC_REPRESENTATION_CONTEXT() REPRESENTATION_CONTEXT('2D SPACE',''
  ) );
#10105 = PCURVE('',#8927,#10106);
#10106 = DEFINITIONAL_REPRESENTATION('',(#10107),#10111);
#10107 = LINE('',#10108,#10109);
#10108 = CARTESIAN_POINT('',(1.742987141318,5.4));
#10109 = VECTOR('',#10110,1.);
#10110 = DIRECTION('',(-1.,-0.));
#10111 = ( GEOMETRIC_REPRESENTATION_CONTEXT(2) 
PARAMETRIC_REPRESENTATION_CONTEXT() REPRESENTATION_CONTEXT('2D SPACE',''
  ) );
#10112 = ADVANCED_FACE('',(#10113),#8927,.T.);
#10113 = FACE_BOUND('',#10114,.T.);
#10114 = EDGE_LOOP('',(#10115,#10116,#10117,#10118));
#10115 = ORIENTED_EDGE('',*,*,#8912,.F.);
#10116 = ORIENTED_EDGE('',*,*,#9645,.F.);
#10117 = ORIENTED_EDGE('',*,*,#9594,.T.);
#10118 = ORIENTED_EDGE('',*,*,#10091,.T.);
#10119 = ADVANCED_FACE('',(#10120),#9836,.T.);
#10120 = FACE_BOUND('',#10121,.T.);
#10121 = EDGE_LOOP('',(#10122,#10123,#10233));
#10122 = ORIENTED_EDGE('',*,*,#9817,.T.);
#10123 = ORIENTED_EDGE('',*,*,#10124,.F.);
#10124 = EDGE_CURVE('',#10125,#9820,#10127,.T.);
#10125 = VERTEX_POINT('',#10126);
#10126 = CARTESIAN_POINT('',(5.830951900827,3.491133653453,
    -7.500000001203));
#10127 = SURFACE_CURVE('',#10128,(#10161,#10197),.PCURVE_S1.);
#10128 = B_SPLINE_CURVE_WITH_KNOTS('',6,(#10129,#10130,#10131,#10132,
    #10133,#10134,#10135,#10136,#10137,#10138,#10139,#10140,#10141,
    #10142,#10143,#10144,#10145,#10146,#10147,#10148,#10149,#10150,
    #10151,#10152,#10153,#10154,#10155,#10156,#10157,#10158,#10159,
    #10160),.UNSPECIFIED.,.F.,.F.,(7,5,5,5,5,5,7),(0.,0.223052290803,
    0.328552170625,0.410465628034,0.63864179203,0.880131862106,1.),
  .UNSPECIFIED.);
#10129 = CARTESIAN_POINT('',(3.943314703321,1.9,-8.642931745107));
#10130 = CARTESIAN_POINT('',(3.943314703321,2.007528013852,
    -8.642931745107));
#10131 = CARTESIAN_POINT('',(3.957501786344,2.114073605299,
    -8.636458640651));
#10132 = CARTESIAN_POINT('',(3.985392808961,2.218461213109,
    -8.623734701697));
#10133 = CARTESIAN_POINT('',(4.025701508177,2.319489268522,
    -8.605129928224));
#10134 = CARTESIAN_POINT('',(4.076344844385,2.415913699556,
    -8.581234414032));
#10135 = CARTESIAN_POINT('',(4.161996880768,2.549322009425,
    -8.53983109612));
#10136 = CARTESIAN_POINT('',(4.191301694352,2.591041233854,
    -8.525534679241));
#10137 = CARTESIAN_POINT('',(4.222232907556,2.631637959835,
    -8.510287723486));
#10138 = CARTESIAN_POINT('',(4.254629026089,2.671110540104,
    -8.494137107633));
#10139 = CARTESIAN_POINT('',(4.288342142983,2.709459272818,
    -8.477125540658));
#10140 = CARTESIAN_POINT('',(4.350332142593,2.77559072666,-8.44544469408
    ));
#10141 = CARTESIAN_POINT('',(4.378144238306,2.803824122248,
    -8.43109957771));
#10142 = CARTESIAN_POINT('',(4.406616768676,2.83139232198,
    -8.416271631417));
#10143 = CARTESIAN_POINT('',(4.435698117764,2.858301152188,
    -8.400974184894));
#10144 = CARTESIAN_POINT('',(4.465342510743,2.884556531876,
    -8.385218478728));
#10145 = CARTESIAN_POINT('',(4.579543887737,2.981497339066,
    -8.323873921954));
#10146 = CARTESIAN_POINT('',(4.667684911553,3.04784724828,
    -8.275223243914));
#10147 = CARTESIAN_POINT('',(4.759011433457,3.109276469334,
    -8.223285905287));
#10148 = CARTESIAN_POINT('',(4.852879377644,3.165835380485,
    -8.168195234256));
#10149 = CARTESIAN_POINT('',(4.948845208895,3.217519124347,
    -8.11000868514));
#10150 = CARTESIAN_POINT('',(5.150035855338,3.313654610995,
    -7.983861159164));
#10151 = CARTESIAN_POINT('',(5.255451334318,3.357497600062,
    -7.915541958721));
#10152 = CARTESIAN_POINT('',(5.362287888605,3.395554259981,
    -7.843871519252));
#10153 = CARTESIAN_POINT('',(5.470085042456,3.427541083545,
    -7.768943629377));
#10154 = CARTESIAN_POINT('',(5.578418438926,3.453075208774,
    -7.690875815932));
#10155 = CARTESIAN_POINT('',(5.740670531746,3.480884313839,
    -7.56962458295));
#10156 = CARTESIAN_POINT('',(5.794507124651,3.48839518515,
    -7.528680642474));
#10157 = CARTESIAN_POINT('',(5.848283777544,3.494128815504,
    -7.487051693657));
#10158 = CARTESIAN_POINT('',(5.901925756193,3.498019654312,
    -7.444781487018));
#10159 = CARTESIAN_POINT('',(5.955358582305,3.5,-7.401919511295));
#10160 = CARTESIAN_POINT('',(6.008508033527,3.5,-7.35852099345));
#10161 = PCURVE('',#9836,#10162);
#10162 = DEFINITIONAL_REPRESENTATION('',(#10163),#10196);
#10163 = B_SPLINE_CURVE_WITH_KNOTS('',6,(#10164,#10165,#10166,#10167,
    #10168,#10169,#10170,#10171,#10172,#10173,#10174,#10175,#10176,
    #10177,#10178,#10179,#10180,#10181,#10182,#10183,#10184,#10185,
    #10186,#10187,#10188,#10189,#10190,#10191,#10192,#10193,#10194,
    #10195),.UNSPECIFIED.,.F.,.F.,(7,5,5,5,5,5,7),(0.,0.223052290803,
    0.328552170625,0.410465628034,0.63864179203,0.880131862106,1.),
  .UNSPECIFIED.);
#10164 = CARTESIAN_POINT('',(5.140426043712,1.6));
#10165 = CARTESIAN_POINT('',(5.140426043712,1.492471986148));
#10166 = CARTESIAN_POINT('',(5.142067514287,1.385926394701));
#10167 = CARTESIAN_POINT('',(5.145294529734,1.281538786891));
#10168 = CARTESIAN_POINT('',(5.149967563011,1.180510731478));
#10169 = CARTESIAN_POINT('',(5.155861789936,1.084086300444));
#10170 = CARTESIAN_POINT('',(5.165875910753,0.950677990575));
#10171 = CARTESIAN_POINT('',(5.169308112507,0.908958766146));
#10172 = CARTESIAN_POINT('',(5.172938055696,0.868362040165));
#10173 = CARTESIAN_POINT('',(5.176748389194,0.828889459896));
#10174 = CARTESIAN_POINT('',(5.180723282684,0.790540727182));
#10175 = CARTESIAN_POINT('',(5.188051319454,0.72440927334));
#10176 = CARTESIAN_POINT('',(5.191345368885,0.696175877752));
#10177 = CARTESIAN_POINT('',(5.194724510489,0.66860767802));
#10178 = CARTESIAN_POINT('',(5.198183343319,0.641698847812));
#10179 = CARTESIAN_POINT('',(5.201717129941,0.615443468124));
#10180 = CARTESIAN_POINT('',(5.215362869042,0.518502660934));
#10181 = CARTESIAN_POINT('',(5.225959684598,0.45215275172));
#10182 = CARTESIAN_POINT('',(5.237017450247,0.390723530666));
#10183 = CARTESIAN_POINT('',(5.24847259034,0.334164619515));
#10184 = CARTESIAN_POINT('',(5.260284740195,0.282480875653));
#10185 = CARTESIAN_POINT('',(5.285281332655,0.186345389005));
#10186 = CARTESIAN_POINT('',(5.29850281972,0.142502399938));
#10187 = CARTESIAN_POINT('',(5.312042246017,0.104445740019));
#10188 = CARTESIAN_POINT('',(5.325858242292,7.245891645454E-02));
#10189 = CARTESIAN_POINT('',(5.339912094546,4.692479122582E-02));
#10190 = CARTESIAN_POINT('',(5.361233433168,1.911568616089E-02));
#10191 = CARTESIAN_POINT('',(5.368352875677,1.160481484961E-02));
#10192 = CARTESIAN_POINT('',(5.375511075028,5.871184496429E-03));
#10193 = CARTESIAN_POINT('',(5.38269964225,1.980345687714E-03));
#10194 = CARTESIAN_POINT('',(5.389909865428,-1.094527475837E-15));
#10195 = CARTESIAN_POINT('',(5.397132709701,-1.110223024625E-15));
#10196 = ( GEOMETRIC_REPRESENTATION_CONTEXT(2) 
PARAMETRIC_REPRESENTATION_CONTEXT() REPRESENTATION_CONTEXT('2D SPACE',''
  ) );
#10197 = PCURVE('',#9864,#10198);
#10198 = DEFINITIONAL_REPRESENTATION('',(#10199),#10232);
#10199 = B_SPLINE_CURVE_WITH_KNOTS('',6,(#10200,#10201,#10202,#10203,
    #10204,#10205,#10206,#10207,#10208,#10209,#10210,#10211,#10212,
    #10213,#10214,#10215,#10216,#10217,#10218,#10219,#10220,#10221,
    #10222,#10223,#10224,#10225,#10226,#10227,#10228,#10229,#10230,
    #10231),.UNSPECIFIED.,.F.,.F.,(7,5,5,5,5,5,7),(0.,0.223052290803,
    0.328552170625,0.410465628034,0.63864179203,0.880131862106,1.),
  .UNSPECIFIED.);
#10200 = CARTESIAN_POINT('',(0.,3.995383846177));
#10201 = CARTESIAN_POINT('',(6.720500865759E-02,3.995383846177));
#10202 = CARTESIAN_POINT('',(0.133795866385,4.008344395334));
#10203 = CARTESIAN_POINT('',(0.199585133159,4.03382441408));
#10204 = CARTESIAN_POINT('',(0.26431502456,4.070613942314));
#10205 = CARTESIAN_POINT('',(0.327600835866,4.116752044371));
#10206 = CARTESIAN_POINT('',(0.417705037634,4.194625269819));
#10207 = CARTESIAN_POINT('',(0.446293928459,4.221247613535));
#10208 = CARTESIAN_POINT('',(0.474561031449,4.249322201676));
#10209 = CARTESIAN_POINT('',(0.502527174811,4.278697188267));
#10210 = CARTESIAN_POINT('',(0.530211746857,4.309233466581));
#10211 = CARTESIAN_POINT('',(0.578923191836,4.365317553511));
#10212 = CARTESIAN_POINT('',(0.600058795192,4.390458796285));
#10213 = CARTESIAN_POINT('',(0.621051630724,4.416174170381));
#10214 = CARTESIAN_POINT('',(0.641913931433,4.442414877532));
#10215 = CARTESIAN_POINT('',(0.662658038673,4.469137548283));
#10216 = CARTESIAN_POINT('',(0.740786132898,4.571979132952));
#10217 = CARTESIAN_POINT('',(0.797488826204,4.651142673183));
#10218 = CARTESIAN_POINT('',(0.853630818148,4.732921312094));
#10219 = CARTESIAN_POINT('',(0.909439144151,4.816700822676));
#10220 = CARTESIAN_POINT('',(0.965150068258,4.902052695475));
#10221 = CARTESIAN_POINT('',(1.080144985398,5.080321871277));
#10222 = CARTESIAN_POINT('',(1.139434874515,5.173369708423));
#10223 = CARTESIAN_POINT('',(1.199092187148,5.267280824125));
#10224 = CARTESIAN_POINT('',(1.259316899465,5.361615836047));
#10225 = CARTESIAN_POINT('',(1.320313555725,5.455974829861));
#10226 = CARTESIAN_POINT('',(1.413069285953,5.596600816769));
#10227 = CARTESIAN_POINT('',(1.444076843673,5.643147150347));
#10228 = CARTESIAN_POINT('',(1.475337513568,5.689524094458));
#10229 = CARTESIAN_POINT('',(1.506866528614,5.735664929106));
#10230 = CARTESIAN_POINT('',(1.538680281934,5.781504110284));
#10231 = CARTESIAN_POINT('',(1.570796326795,5.826977269975));
#10232 = ( GEOMETRIC_REPRESENTATION_CONTEXT(2) 
PARAMETRIC_REPRESENTATION_CONTEXT() REPRESENTATION_CONTEXT('2D SPACE',''
  ) );
#10233 = ORIENTED_EDGE('',*,*,#10234,.F.);
#10234 = EDGE_CURVE('',#9818,#10125,#10235,.T.);
#10235 = SURFACE_CURVE('',#10236,(#10240,#10246),.PCURVE_S1.);
#10236 = LINE('',#10237,#10238);
#10237 = CARTESIAN_POINT('',(5.830951894845,3.5,-7.5));
#10238 = VECTOR('',#10239,1.);
#10239 = DIRECTION('',(0.,-1.,2.22044604925E-16));
#10240 = PCURVE('',#9836,#10241);
#10241 = DEFINITIONAL_REPRESENTATION('',(#10242),#10245);
#10242 = B_SPLINE_CURVE_WITH_KNOTS('',1,(#10243,#10244),.UNSPECIFIED.,
  .F.,.F.,(2,2),(-2.399999998293E-06,7.0000024),
  .PIECEWISE_BEZIER_KNOTS.);
#10243 = CARTESIAN_POINT('',(5.373234276208,-2.399999999958E-06));
#10244 = CARTESIAN_POINT('',(5.373234276208,7.0000024));
#10245 = ( GEOMETRIC_REPRESENTATION_CONTEXT(2) 
PARAMETRIC_REPRESENTATION_CONTEXT() REPRESENTATION_CONTEXT('2D SPACE',''
  ) );
#10246 = PCURVE('',#9890,#10247);
#10247 = DEFINITIONAL_REPRESENTATION('',(#10248),#10251);
#10248 = B_SPLINE_CURVE_WITH_KNOTS('',1,(#10249,#10250),.UNSPECIFIED.,
  .F.,.F.,(2,2),(-2.399999998293E-06,7.0000024),
  .PIECEWISE_BEZIER_KNOTS.);
#10249 = CARTESIAN_POINT('',(1.830951894845,7.0000024));
#10250 = CARTESIAN_POINT('',(1.830951894845,-2.400000001401E-06));
#10251 = ( GEOMETRIC_REPRESENTATION_CONTEXT(2) 
PARAMETRIC_REPRESENTATION_CONTEXT() REPRESENTATION_CONTEXT('2D SPACE',''
  ) );
#10252 = ADVANCED_FACE('',(#10253),#9890,.T.);
#10253 = FACE_BOUND('',#10254,.T.);
#10254 = EDGE_LOOP('',(#10255,#10256,#10281));
#10255 = ORIENTED_EDGE('',*,*,#10234,.T.);
#10256 = ORIENTED_EDGE('',*,*,#10257,.F.);
#10257 = EDGE_CURVE('',#9849,#10125,#10258,.T.);
#10258 = SURFACE_CURVE('',#10259,(#10264,#10271),.PCURVE_S1.);
#10259 = ELLIPSE('',#10260,9.942912607034,1.6);
#10260 = AXIS2_PLACEMENT_3D('',#10261,#10262,#10263);
#10261 = CARTESIAN_POINT('',(6.876245940367,1.9,-7.5));
#10262 = DIRECTION('',(0.,0.,1.));
#10263 = DIRECTION('',(1.,-1.810146235802E-17,0.));
#10264 = PCURVE('',#9890,#10265);
#10265 = DEFINITIONAL_REPRESENTATION('',(#10266),#10270);
#10266 = ELLIPSE('',#10267,9.942912607034,1.6);
#10267 = AXIS2_PLACEMENT_2D('',#10268,#10269);
#10268 = CARTESIAN_POINT('',(2.876245940367,5.4));
#10269 = DIRECTION('',(1.,-1.810146235802E-17));
#10270 = ( GEOMETRIC_REPRESENTATION_CONTEXT(2) 
PARAMETRIC_REPRESENTATION_CONTEXT() REPRESENTATION_CONTEXT('2D SPACE',''
  ) );
#10271 = PCURVE('',#9864,#10272);
#10272 = DEFINITIONAL_REPRESENTATION('',(#10273),#10280);
#10273 = B_SPLINE_CURVE_WITH_KNOTS('',5,(#10274,#10275,#10276,#10277,
    #10278,#10279),.UNSPECIFIED.,.F.,.F.,(6,6),(1.570796326795,
    1.949520461188),.PIECEWISE_BEZIER_KNOTS.);
#10274 = CARTESIAN_POINT('',(1.570796326795,6.706173143635));
#10275 = CARTESIAN_POINT('',(1.495051499916,5.962863909199));
#10276 = CARTESIAN_POINT('',(1.419306673037,5.219554527748));
#10277 = CARTESIAN_POINT('',(1.343561846159,4.485130430661));
#10278 = CARTESIAN_POINT('',(1.26781701928,3.768473441572));
#10279 = CARTESIAN_POINT('',(1.192072192401,3.07783723705));
#10280 = ( GEOMETRIC_REPRESENTATION_CONTEXT(2) 
PARAMETRIC_REPRESENTATION_CONTEXT() REPRESENTATION_CONTEXT('2D SPACE',''
  ) );
#10281 = ORIENTED_EDGE('',*,*,#9876,.F.);
#10282 = ADVANCED_FACE('',(#10283),#9864,.T.);
#10283 = FACE_BOUND('',#10284,.T.);
#10284 = EDGE_LOOP('',(#10285,#10286,#10287));
#10285 = ORIENTED_EDGE('',*,*,#10124,.T.);
#10286 = ORIENTED_EDGE('',*,*,#9848,.T.);
#10287 = ORIENTED_EDGE('',*,*,#10257,.T.);
#10288 = ( GEOMETRIC_REPRESENTATION_CONTEXT(3) 
GLOBAL_UNCERTAINTY_ASSIGNED_CONTEXT((#10292)) 
GLOBAL_UNIT_ASSIGNED_CONTEXT((#10289,#10290,#10291)) 
REPRESENTATION_CONTEXT('Context #1',
  '3D Context with UNIT and UNCERTAINTY') );
#10289 = ( LENGTH_UNIT() NAMED_UNIT(*) SI_UNIT(.MILLI.,.METRE.) );
#10290 = ( NAMED_UNIT(*) PLANE_ANGLE_UNIT() SI_UNIT($,.RADIAN.) );
#10291 = ( NAMED_UNIT(*) SI_UNIT($,.STERADIAN.) SOLID_ANGLE_UNIT() );
#10292 = UNCERTAINTY_MEASURE_WITH_UNIT(LENGTH_MEASURE(2.E-07),#10289,
  'distance_accuracy_value','confusion accuracy');
#10293 = CONTEXT_DEPENDENT_SHAPE_REPRESENTATION(#10294,#10296);
#10294 = ( REPRESENTATION_RELATIONSHIP('','',#6821,#10) 
REPRESENTATION_RELATIONSHIP_WITH_TRANSFORMATION(#10295) 
SHAPE_REPRESENTATION_RELATIONSHIP() );
#10295 = ITEM_DEFINED_TRANSFORMATION('','',#11,#23);
#10296 = PRODUCT_DEFINITION_SHAPE('Placement','Placement of an item',
  #10297);
#10297 = NEXT_ASSEMBLY_USAGE_OCCURRENCE('77','right_shoulder_arm','',#5,
  #6816,$);
#10298 = PRODUCT_RELATED_PRODUCT_CATEGORY('part',$,(#6818));
#10299 = SHAPE_DEFINITION_REPRESENTATION(#10300,#10306);
#10300 = PRODUCT_DEFINITION_SHAPE('','',#10301);
#10301 = PRODUCT_DEFINITION('design','',#10302,#10305);
#10302 = PRODUCT_DEFINITION_FORMATION('','',#10303);
#10303 = PRODUCT('dual_positive_lock_bar','dual_positive_lock_bar','',(
    #10304));
#10304 = PRODUCT_CONTEXT('',#2,'mechanical');
#10305 = PRODUCT_DEFINITION_CONTEXT('part definition',#2,'design');
#10306 = ADVANCED_BREP_SHAPE_REPRESENTATION('',(#11,#10307),#10959);
#10307 = MANIFOLD_SOLID_BREP('',#10308);
#10308 = CLOSED_SHELL('',(#10309,#10429,#10619,#10668,#10717,#10744,
    #10751,#10827,#10876,#10925,#10952));
#10309 = ADVANCED_FACE('',(#10310),#10324,.F.);
#10310 = FACE_BOUND('',#10311,.F.);
#10311 = EDGE_LOOP('',(#10312,#10347,#10375,#10403));
#10312 = ORIENTED_EDGE('',*,*,#10313,.F.);
#10313 = EDGE_CURVE('',#10314,#10316,#10318,.T.);
#10314 = VERTEX_POINT('',#10315);
#10315 = CARTESIAN_POINT('',(-39.,-3.,-18.));
#10316 = VERTEX_POINT('',#10317);
#10317 = CARTESIAN_POINT('',(-39.,-3.,-12.));
#10318 = SURFACE_CURVE('',#10319,(#10323,#10335),.PCURVE_S1.);
#10319 = LINE('',#10320,#10321);
#10320 = CARTESIAN_POINT('',(-39.,-3.,-18.));
#10321 = VECTOR('',#10322,1.);
#10322 = DIRECTION('',(0.,0.,1.));
#10323 = PCURVE('',#10324,#10329);
#10324 = PLANE('',#10325);
#10325 = AXIS2_PLACEMENT_3D('',#10326,#10327,#10328);
#10326 = CARTESIAN_POINT('',(-39.,-3.,-18.));
#10327 = DIRECTION('',(1.,0.,-0.));
#10328 = DIRECTION('',(0.,0.,1.));
#10329 = DEFINITIONAL_REPRESENTATION('',(#10330),#10334);
#10330 = LINE('',#10331,#10332);
#10331 = CARTESIAN_POINT('',(0.,0.));
#10332 = VECTOR('',#10333,1.);
#10333 = DIRECTION('',(1.,0.));
#10334 = ( GEOMETRIC_REPRESENTATION_CONTEXT(2) 
PARAMETRIC_REPRESENTATION_CONTEXT() REPRESENTATION_CONTEXT('2D SPACE',''
  ) );
#10335 = PCURVE('',#10336,#10341);
#10336 = PLANE('',#10337);
#10337 = AXIS2_PLACEMENT_3D('',#10338,#10339,#10340);
#10338 = CARTESIAN_POINT('',(-39.,-3.,-18.));
#10339 = DIRECTION('',(-0.,1.,0.));
#10340 = DIRECTION('',(0.,0.,1.));
#10341 = DEFINITIONAL_REPRESENTATION('',(#10342),#10346);
#10342 = LINE('',#10343,#10344);
#10343 = CARTESIAN_POINT('',(0.,0.));
#10344 = VECTOR('',#10345,1.);
#10345 = DIRECTION('',(1.,0.));
#10346 = ( GEOMETRIC_REPRESENTATION_CONTEXT(2) 
PARAMETRIC_REPRESENTATION_CONTEXT() REPRESENTATION_CONTEXT('2D SPACE',''
  ) );
#10347 = ORIENTED_EDGE('',*,*,#10348,.T.);
#10348 = EDGE_CURVE('',#10314,#10349,#10351,.T.);
#10349 = VERTEX_POINT('',#10350);
#10350 = CARTESIAN_POINT('',(-39.,3.,-18.));
#10351 = SURFACE_CURVE('',#10352,(#10356,#10363),.PCURVE_S1.);
#10352 = LINE('',#10353,#10354);
#10353 = CARTESIAN_POINT('',(-39.,-3.,-18.));
#10354 = VECTOR('',#10355,1.);
#10355 = DIRECTION('',(-0.,1.,0.));
#10356 = PCURVE('',#10324,#10357);
#10357 = DEFINITIONAL_REPRESENTATION('',(#10358),#10362);
#10358 = LINE('',#10359,#10360);
#10359 = CARTESIAN_POINT('',(0.,0.));
#10360 = VECTOR('',#10361,1.);
#10361 = DIRECTION('',(0.,-1.));
#10362 = ( GEOMETRIC_REPRESENTATION_CONTEXT(2) 
PARAMETRIC_REPRESENTATION_CONTEXT() REPRESENTATION_CONTEXT('2D SPACE',''
  ) );
#10363 = PCURVE('',#10364,#10369);
#10364 = PLANE('',#10365);
#10365 = AXIS2_PLACEMENT_3D('',#10366,#10367,#10368);
#10366 = CARTESIAN_POINT('',(-39.,-3.,-18.));
#10367 = DIRECTION('',(0.,0.,1.));
#10368 = DIRECTION('',(1.,0.,-0.));
#10369 = DEFINITIONAL_REPRESENTATION('',(#10370),#10374);
#10370 = LINE('',#10371,#10372);
#10371 = CARTESIAN_POINT('',(0.,0.));
#10372 = VECTOR('',#10373,1.);
#10373 = DIRECTION('',(0.,1.));
#10374 = ( GEOMETRIC_REPRESENTATION_CONTEXT(2) 
PARAMETRIC_REPRESENTATION_CONTEXT() REPRESENTATION_CONTEXT('2D SPACE',''
  ) );
#10375 = ORIENTED_EDGE('',*,*,#10376,.T.);
#10376 = EDGE_CURVE('',#10349,#10377,#10379,.T.);
#10377 = VERTEX_POINT('',#10378);
#10378 = CARTESIAN_POINT('',(-39.,3.,-12.));
#10379 = SURFACE_CURVE('',#10380,(#10384,#10391),.PCURVE_S1.);
#10380 = LINE('',#10381,#10382);
#10381 = CARTESIAN_POINT('',(-39.,3.,-18.));
#10382 = VECTOR('',#10383,1.);
#10383 = DIRECTION('',(0.,0.,1.));
#10384 = PCURVE('',#10324,#10385);
#10385 = DEFINITIONAL_REPRESENTATION('',(#10386),#10390);
#10386 = LINE('',#10387,#10388);
#10387 = CARTESIAN_POINT('',(0.,-6.));
#10388 = VECTOR('',#10389,1.);
#10389 = DIRECTION('',(1.,0.));
#10390 = ( GEOMETRIC_REPRESENTATION_CONTEXT(2) 
PARAMETRIC_REPRESENTATION_CONTEXT() REPRESENTATION_CONTEXT('2D SPACE',''
  ) );
#10391 = PCURVE('',#10392,#10397);
#10392 = PLANE('',#10393);
#10393 = AXIS2_PLACEMENT_3D('',#10394,#10395,#10396);
#10394 = CARTESIAN_POINT('',(-39.,3.,-18.));
#10395 = DIRECTION('',(-0.,1.,0.));
#10396 = DIRECTION('',(0.,0.,1.));
#10397 = DEFINITIONAL_REPRESENTATION('',(#10398),#10402);
#10398 = LINE('',#10399,#10400);
#10399 = CARTESIAN_POINT('',(0.,0.));
#10400 = VECTOR('',#10401,1.);
#10401 = DIRECTION('',(1.,0.));
#10402 = ( GEOMETRIC_REPRESENTATION_CONTEXT(2) 
PARAMETRIC_REPRESENTATION_CONTEXT() REPRESENTATION_CONTEXT('2D SPACE',''
  ) );
#10403 = ORIENTED_EDGE('',*,*,#10404,.F.);
#10404 = EDGE_CURVE('',#10316,#10377,#10405,.T.);
#10405 = SURFACE_CURVE('',#10406,(#10410,#10417),.PCURVE_S1.);
#10406 = LINE('',#10407,#10408);
#10407 = CARTESIAN_POINT('',(-39.,-3.,-12.));
#10408 = VECTOR('',#10409,1.);
#10409 = DIRECTION('',(-0.,1.,0.));
#10410 = PCURVE('',#10324,#10411);
#10411 = DEFINITIONAL_REPRESENTATION('',(#10412),#10416);
#10412 = LINE('',#10413,#10414);
#10413 = CARTESIAN_POINT('',(6.,0.));
#10414 = VECTOR('',#10415,1.);
#10415 = DIRECTION('',(0.,-1.));
#10416 = ( GEOMETRIC_REPRESENTATION_CONTEXT(2) 
PARAMETRIC_REPRESENTATION_CONTEXT() REPRESENTATION_CONTEXT('2D SPACE',''
  ) );
#10417 = PCURVE('',#10418,#10423);
#10418 = PLANE('',#10419);
#10419 = AXIS2_PLACEMENT_3D('',#10420,#10421,#10422);
#10420 = CARTESIAN_POINT('',(-39.,-3.,-12.));
#10421 = DIRECTION('',(0.,0.,1.));
#10422 = DIRECTION('',(1.,0.,-0.));
#10423 = DEFINITIONAL_REPRESENTATION('',(#10424),#10428);
#10424 = LINE('',#10425,#10426);
#10425 = CARTESIAN_POINT('',(0.,0.));
#10426 = VECTOR('',#10427,1.);
#10427 = DIRECTION('',(0.,1.));
#10428 = ( GEOMETRIC_REPRESENTATION_CONTEXT(2) 
PARAMETRIC_REPRESENTATION_CONTEXT() REPRESENTATION_CONTEXT('2D SPACE',''
  ) );
#10429 = ADVANCED_FACE('',(#10430,#10505),#10336,.F.);
#10430 = FACE_BOUND('',#10431,.F.);
#10431 = EDGE_LOOP('',(#10432,#10455,#10456,#10479));
#10432 = ORIENTED_EDGE('',*,*,#10433,.F.);
#10433 = EDGE_CURVE('',#10314,#10434,#10436,.T.);
#10434 = VERTEX_POINT('',#10435);
#10435 = CARTESIAN_POINT('',(39.,-3.,-18.));
#10436 = SURFACE_CURVE('',#10437,(#10441,#10448),.PCURVE_S1.);
#10437 = LINE('',#10438,#10439);
#10438 = CARTESIAN_POINT('',(-39.,-3.,-18.));
#10439 = VECTOR('',#10440,1.);
#10440 = DIRECTION('',(1.,0.,-0.));
#10441 = PCURVE('',#10336,#10442);
#10442 = DEFINITIONAL_REPRESENTATION('',(#10443),#10447);
#10443 = LINE('',#10444,#10445);
#10444 = CARTESIAN_POINT('',(0.,0.));
#10445 = VECTOR('',#10446,1.);
#10446 = DIRECTION('',(0.,1.));
#10447 = ( GEOMETRIC_REPRESENTATION_CONTEXT(2) 
PARAMETRIC_REPRESENTATION_CONTEXT() REPRESENTATION_CONTEXT('2D SPACE',''
  ) );
#10448 = PCURVE('',#10364,#10449);
#10449 = DEFINITIONAL_REPRESENTATION('',(#10450),#10454);
#10450 = LINE('',#10451,#10452);
#10451 = CARTESIAN_POINT('',(0.,0.));
#10452 = VECTOR('',#10453,1.);
#10453 = DIRECTION('',(1.,0.));
#10454 = ( GEOMETRIC_REPRESENTATION_CONTEXT(2) 
PARAMETRIC_REPRESENTATION_CONTEXT() REPRESENTATION_CONTEXT('2D SPACE',''
  ) );
#10455 = ORIENTED_EDGE('',*,*,#10313,.T.);
#10456 = ORIENTED_EDGE('',*,*,#10457,.T.);
#10457 = EDGE_CURVE('',#10316,#10458,#10460,.T.);
#10458 = VERTEX_POINT('',#10459);
#10459 = CARTESIAN_POINT('',(39.,-3.,-12.));
#10460 = SURFACE_CURVE('',#10461,(#10465,#10472),.PCURVE_S1.);
#10461 = LINE('',#10462,#10463);
#10462 = CARTESIAN_POINT('',(-39.,-3.,-12.));
#10463 = VECTOR('',#10464,1.);
#10464 = DIRECTION('',(1.,0.,-0.));
#10465 = PCURVE('',#10336,#10466);
#10466 = DEFINITIONAL_REPRESENTATION('',(#10467),#10471);
#10467 = LINE('',#10468,#10469);
#10468 = CARTESIAN_POINT('',(6.,0.));
#10469 = VECTOR('',#10470,1.);
#10470 = DIRECTION('',(0.,1.));
#10471 = ( GEOMETRIC_REPRESENTATION_CONTEXT(2) 
PARAMETRIC_REPRESENTATION_CONTEXT() REPRESENTATION_CONTEXT('2D SPACE',''
  ) );
#10472 = PCURVE('',#10418,#10473);
#10473 = DEFINITIONAL_REPRESENTATION('',(#10474),#10478);
#10474 = LINE('',#10475,#10476);
#10475 = CARTESIAN_POINT('',(0.,0.));
#10476 = VECTOR('',#10477,1.);
#10477 = DIRECTION('',(1.,0.));
#10478 = ( GEOMETRIC_REPRESENTATION_CONTEXT(2) 
PARAMETRIC_REPRESENTATION_CONTEXT() REPRESENTATION_CONTEXT('2D SPACE',''
  ) );
#10479 = ORIENTED_EDGE('',*,*,#10480,.F.);
#10480 = EDGE_CURVE('',#10434,#10458,#10481,.T.);
#10481 = SURFACE_CURVE('',#10482,(#10486,#10493),.PCURVE_S1.);
#10482 = LINE('',#10483,#10484);
#10483 = CARTESIAN_POINT('',(39.,-3.,-18.));
#10484 = VECTOR('',#10485,1.);
#10485 = DIRECTION('',(0.,0.,1.));
#10486 = PCURVE('',#10336,#10487);
#10487 = DEFINITIONAL_REPRESENTATION('',(#10488),#10492);
#10488 = LINE('',#10489,#10490);
#10489 = CARTESIAN_POINT('',(0.,78.));
#10490 = VECTOR('',#10491,1.);
#10491 = DIRECTION('',(1.,0.));
#10492 = ( GEOMETRIC_REPRESENTATION_CONTEXT(2) 
PARAMETRIC_REPRESENTATION_CONTEXT() REPRESENTATION_CONTEXT('2D SPACE',''
  ) );
#10493 = PCURVE('',#10494,#10499);
#10494 = PLANE('',#10495);
#10495 = AXIS2_PLACEMENT_3D('',#10496,#10497,#10498);
#10496 = CARTESIAN_POINT('',(39.,-3.,-18.));
#10497 = DIRECTION('',(1.,0.,-0.));
#10498 = DIRECTION('',(0.,0.,1.));
#10499 = DEFINITIONAL_REPRESENTATION('',(#10500),#10504);
#10500 = LINE('',#10501,#10502);
#10501 = CARTESIAN_POINT('',(0.,0.));
#10502 = VECTOR('',#10503,1.);
#10503 = DIRECTION('',(1.,0.));
#10504 = ( GEOMETRIC_REPRESENTATION_CONTEXT(2) 
PARAMETRIC_REPRESENTATION_CONTEXT() REPRESENTATION_CONTEXT('2D SPACE',''
  ) );
#10505 = FACE_BOUND('',#10506,.F.);
#10506 = EDGE_LOOP('',(#10507,#10537,#10565,#10593));
#10507 = ORIENTED_EDGE('',*,*,#10508,.F.);
#10508 = EDGE_CURVE('',#10509,#10511,#10513,.T.);
#10509 = VERTEX_POINT('',#10510);
#10510 = CARTESIAN_POINT('',(-10.,-3.,-13.));
#10511 = VERTEX_POINT('',#10512);
#10512 = CARTESIAN_POINT('',(10.,-3.,-13.));
#10513 = SURFACE_CURVE('',#10514,(#10518,#10525),.PCURVE_S1.);
#10514 = LINE('',#10515,#10516);
#10515 = CARTESIAN_POINT('',(-10.,-3.,-13.));
#10516 = VECTOR('',#10517,1.);
#10517 = DIRECTION('',(1.,0.,-0.));
#10518 = PCURVE('',#10336,#10519);
#10519 = DEFINITIONAL_REPRESENTATION('',(#10520),#10524);
#10520 = LINE('',#10521,#10522);
#10521 = CARTESIAN_POINT('',(5.,29.));
#10522 = VECTOR('',#10523,1.);
#10523 = DIRECTION('',(0.,1.));
#10524 = ( GEOMETRIC_REPRESENTATION_CONTEXT(2) 
PARAMETRIC_REPRESENTATION_CONTEXT() REPRESENTATION_CONTEXT('2D SPACE',''
  ) );
#10525 = PCURVE('',#10526,#10531);
#10526 = PLANE('',#10527);
#10527 = AXIS2_PLACEMENT_3D('',#10528,#10529,#10530);
#10528 = CARTESIAN_POINT('',(-10.,-8.5,-13.));
#10529 = DIRECTION('',(0.,0.,1.));
#10530 = DIRECTION('',(1.,0.,-0.));
#10531 = DEFINITIONAL_REPRESENTATION('',(#10532),#10536);
#10532 = LINE('',#10533,#10534);
#10533 = CARTESIAN_POINT('',(0.,5.5));
#10534 = VECTOR('',#10535,1.);
#10535 = DIRECTION('',(1.,0.));
#10536 = ( GEOMETRIC_REPRESENTATION_CONTEXT(2) 
PARAMETRIC_REPRESENTATION_CONTEXT() REPRESENTATION_CONTEXT('2D SPACE',''
  ) );
#10537 = ORIENTED_EDGE('',*,*,#10538,.F.);
#10538 = EDGE_CURVE('',#10539,#10509,#10541,.T.);
#10539 = VERTEX_POINT('',#10540);
#10540 = CARTESIAN_POINT('',(-10.,-3.,-17.));
#10541 = SURFACE_CURVE('',#10542,(#10546,#10553),.PCURVE_S1.);
#10542 = LINE('',#10543,#10544);
#10543 = CARTESIAN_POINT('',(-10.,-3.,-17.));
#10544 = VECTOR('',#10545,1.);
#10545 = DIRECTION('',(0.,0.,1.));
#10546 = PCURVE('',#10336,#10547);
#10547 = DEFINITIONAL_REPRESENTATION('',(#10548),#10552);
#10548 = LINE('',#10549,#10550);
#10549 = CARTESIAN_POINT('',(1.,29.));
#10550 = VECTOR('',#10551,1.);
#10551 = DIRECTION('',(1.,0.));
#10552 = ( GEOMETRIC_REPRESENTATION_CONTEXT(2) 
PARAMETRIC_REPRESENTATION_CONTEXT() REPRESENTATION_CONTEXT('2D SPACE',''
  ) );
#10553 = PCURVE('',#10554,#10559);
#10554 = PLANE('',#10555);
#10555 = AXIS2_PLACEMENT_3D('',#10556,#10557,#10558);
#10556 = CARTESIAN_POINT('',(-10.,-8.5,-17.));
#10557 = DIRECTION('',(1.,0.,-0.));
#10558 = DIRECTION('',(0.,0.,1.));
#10559 = DEFINITIONAL_REPRESENTATION('',(#10560),#10564);
#10560 = LINE('',#10561,#10562);
#10561 = CARTESIAN_POINT('',(0.,-5.5));
#10562 = VECTOR('',#10563,1.);
#10563 = DIRECTION('',(1.,0.));
#10564 = ( GEOMETRIC_REPRESENTATION_CONTEXT(2) 
PARAMETRIC_REPRESENTATION_CONTEXT() REPRESENTATION_CONTEXT('2D SPACE',''
  ) );
#10565 = ORIENTED_EDGE('',*,*,#10566,.T.);
#10566 = EDGE_CURVE('',#10539,#10567,#10569,.T.);
#10567 = VERTEX_POINT('',#10568);
#10568 = CARTESIAN_POINT('',(10.,-3.,-17.));
#10569 = SURFACE_CURVE('',#10570,(#10574,#10581),.PCURVE_S1.);
#10570 = LINE('',#10571,#10572);
#10571 = CARTESIAN_POINT('',(-10.,-3.,-17.));
#10572 = VECTOR('',#10573,1.);
#10573 = DIRECTION('',(1.,0.,-0.));
#10574 = PCURVE('',#10336,#10575);
#10575 = DEFINITIONAL_REPRESENTATION('',(#10576),#10580);
#10576 = LINE('',#10577,#10578);
#10577 = CARTESIAN_POINT('',(1.,29.));
#10578 = VECTOR('',#10579,1.);
#10579 = DIRECTION('',(0.,1.));
#10580 = ( GEOMETRIC_REPRESENTATION_CONTEXT(2) 
PARAMETRIC_REPRESENTATION_CONTEXT() REPRESENTATION_CONTEXT('2D SPACE',''
  ) );
#10581 = PCURVE('',#10582,#10587);
#10582 = PLANE('',#10583);
#10583 = AXIS2_PLACEMENT_3D('',#10584,#10585,#10586);
#10584 = CARTESIAN_POINT('',(-10.,-8.5,-17.));
#10585 = DIRECTION('',(0.,0.,1.));
#10586 = DIRECTION('',(1.,0.,-0.));
#10587 = DEFINITIONAL_REPRESENTATION('',(#10588),#10592);
#10588 = LINE('',#10589,#10590);
#10589 = CARTESIAN_POINT('',(0.,5.5));
#10590 = VECTOR('',#10591,1.);
#10591 = DIRECTION('',(1.,0.));
#10592 = ( GEOMETRIC_REPRESENTATION_CONTEXT(2) 
PARAMETRIC_REPRESENTATION_CONTEXT() REPRESENTATION_CONTEXT('2D SPACE',''
  ) );
#10593 = ORIENTED_EDGE('',*,*,#10594,.T.);
#10594 = EDGE_CURVE('',#10567,#10511,#10595,.T.);
#10595 = SURFACE_CURVE('',#10596,(#10600,#10607),.PCURVE_S1.);
#10596 = LINE('',#10597,#10598);
#10597 = CARTESIAN_POINT('',(10.,-3.,-17.));
#10598 = VECTOR('',#10599,1.);
#10599 = DIRECTION('',(0.,0.,1.));
#10600 = PCURVE('',#10336,#10601);
#10601 = DEFINITIONAL_REPRESENTATION('',(#10602),#10606);
#10602 = LINE('',#10603,#10604);
#10603 = CARTESIAN_POINT('',(1.,49.));
#10604 = VECTOR('',#10605,1.);
#10605 = DIRECTION('',(1.,0.));
#10606 = ( GEOMETRIC_REPRESENTATION_CONTEXT(2) 
PARAMETRIC_REPRESENTATION_CONTEXT() REPRESENTATION_CONTEXT('2D SPACE',''
  ) );
#10607 = PCURVE('',#10608,#10613);
#10608 = PLANE('',#10609);
#10609 = AXIS2_PLACEMENT_3D('',#10610,#10611,#10612);
#10610 = CARTESIAN_POINT('',(10.,-8.5,-17.));
#10611 = DIRECTION('',(1.,0.,-0.));
#10612 = DIRECTION('',(0.,0.,1.));
#10613 = DEFINITIONAL_REPRESENTATION('',(#10614),#10618);
#10614 = LINE('',#10615,#10616);
#10615 = CARTESIAN_POINT('',(0.,-5.5));
#10616 = VECTOR('',#10617,1.);
#10617 = DIRECTION('',(1.,0.));
#10618 = ( GEOMETRIC_REPRESENTATION_CONTEXT(2) 
PARAMETRIC_REPRESENTATION_CONTEXT() REPRESENTATION_CONTEXT('2D SPACE',''
  ) );
#10619 = ADVANCED_FACE('',(#10620),#10418,.T.);
#10620 = FACE_BOUND('',#10621,.T.);
#10621 = EDGE_LOOP('',(#10622,#10623,#10624,#10647));
#10622 = ORIENTED_EDGE('',*,*,#10404,.F.);
#10623 = ORIENTED_EDGE('',*,*,#10457,.T.);
#10624 = ORIENTED_EDGE('',*,*,#10625,.T.);
#10625 = EDGE_CURVE('',#10458,#10626,#10628,.T.);
#10626 = VERTEX_POINT('',#10627);
#10627 = CARTESIAN_POINT('',(39.,3.,-12.));
#10628 = SURFACE_CURVE('',#10629,(#10633,#10640),.PCURVE_S1.);
#10629 = LINE('',#10630,#10631);
#10630 = CARTESIAN_POINT('',(39.,-3.,-12.));
#10631 = VECTOR('',#10632,1.);
#10632 = DIRECTION('',(-0.,1.,0.));
#10633 = PCURVE('',#10418,#10634);
#10634 = DEFINITIONAL_REPRESENTATION('',(#10635),#10639);
#10635 = LINE('',#10636,#10637);
#10636 = CARTESIAN_POINT('',(78.,0.));
#10637 = VECTOR('',#10638,1.);
#10638 = DIRECTION('',(0.,1.));
#10639 = ( GEOMETRIC_REPRESENTATION_CONTEXT(2) 
PARAMETRIC_REPRESENTATION_CONTEXT() REPRESENTATION_CONTEXT('2D SPACE',''
  ) );
#10640 = PCURVE('',#10494,#10641);
#10641 = DEFINITIONAL_REPRESENTATION('',(#10642),#10646);
#10642 = LINE('',#10643,#10644);
#10643 = CARTESIAN_POINT('',(6.,0.));
#10644 = VECTOR('',#10645,1.);
#10645 = DIRECTION('',(0.,-1.));
#10646 = ( GEOMETRIC_REPRESENTATION_CONTEXT(2) 
PARAMETRIC_REPRESENTATION_CONTEXT() REPRESENTATION_CONTEXT('2D SPACE',''
  ) );
#10647 = ORIENTED_EDGE('',*,*,#10648,.F.);
#10648 = EDGE_CURVE('',#10377,#10626,#10649,.T.);
#10649 = SURFACE_CURVE('',#10650,(#10654,#10661),.PCURVE_S1.);
#10650 = LINE('',#10651,#10652);
#10651 = CARTESIAN_POINT('',(-39.,3.,-12.));
#10652 = VECTOR('',#10653,1.);
#10653 = DIRECTION('',(1.,0.,-0.));
#10654 = PCURVE('',#10418,#10655);
#10655 = DEFINITIONAL_REPRESENTATION('',(#10656),#10660);
#10656 = LINE('',#10657,#10658);
#10657 = CARTESIAN_POINT('',(0.,6.));
#10658 = VECTOR('',#10659,1.);
#10659 = DIRECTION('',(1.,0.));
#10660 = ( GEOMETRIC_REPRESENTATION_CONTEXT(2) 
PARAMETRIC_REPRESENTATION_CONTEXT() REPRESENTATION_CONTEXT('2D SPACE',''
  ) );
#10661 = PCURVE('',#10392,#10662);
#10662 = DEFINITIONAL_REPRESENTATION('',(#10663),#10667);
#10663 = LINE('',#10664,#10665);
#10664 = CARTESIAN_POINT('',(6.,0.));
#10665 = VECTOR('',#10666,1.);
#10666 = DIRECTION('',(0.,1.));
#10667 = ( GEOMETRIC_REPRESENTATION_CONTEXT(2) 
PARAMETRIC_REPRESENTATION_CONTEXT() REPRESENTATION_CONTEXT('2D SPACE',''
  ) );
#10668 = ADVANCED_FACE('',(#10669),#10392,.T.);
#10669 = FACE_BOUND('',#10670,.T.);
#10670 = EDGE_LOOP('',(#10671,#10694,#10695,#10696));
#10671 = ORIENTED_EDGE('',*,*,#10672,.F.);
#10672 = EDGE_CURVE('',#10349,#10673,#10675,.T.);
#10673 = VERTEX_POINT('',#10674);
#10674 = CARTESIAN_POINT('',(39.,3.,-18.));
#10675 = SURFACE_CURVE('',#10676,(#10680,#10687),.PCURVE_S1.);
#10676 = LINE('',#10677,#10678);
#10677 = CARTESIAN_POINT('',(-39.,3.,-18.));
#10678 = VECTOR('',#10679,1.);
#10679 = DIRECTION('',(1.,0.,-0.));
#10680 = PCURVE('',#10392,#10681);
#10681 = DEFINITIONAL_REPRESENTATION('',(#10682),#10686);
#10682 = LINE('',#10683,#10684);
#10683 = CARTESIAN_POINT('',(0.,0.));
#10684 = VECTOR('',#10685,1.);
#10685 = DIRECTION('',(0.,1.));
#10686 = ( GEOMETRIC_REPRESENTATION_CONTEXT(2) 
PARAMETRIC_REPRESENTATION_CONTEXT() REPRESENTATION_CONTEXT('2D SPACE',''
  ) );
#10687 = PCURVE('',#10364,#10688);
#10688 = DEFINITIONAL_REPRESENTATION('',(#10689),#10693);
#10689 = LINE('',#10690,#10691);
#10690 = CARTESIAN_POINT('',(0.,6.));
#10691 = VECTOR('',#10692,1.);
#10692 = DIRECTION('',(1.,0.));
#10693 = ( GEOMETRIC_REPRESENTATION_CONTEXT(2) 
PARAMETRIC_REPRESENTATION_CONTEXT() REPRESENTATION_CONTEXT('2D SPACE',''
  ) );
#10694 = ORIENTED_EDGE('',*,*,#10376,.T.);
#10695 = ORIENTED_EDGE('',*,*,#10648,.T.);
#10696 = ORIENTED_EDGE('',*,*,#10697,.F.);
#10697 = EDGE_CURVE('',#10673,#10626,#10698,.T.);
#10698 = SURFACE_CURVE('',#10699,(#10703,#10710),.PCURVE_S1.);
#10699 = LINE('',#10700,#10701);
#10700 = CARTESIAN_POINT('',(39.,3.,-18.));
#10701 = VECTOR('',#10702,1.);
#10702 = DIRECTION('',(0.,0.,1.));
#10703 = PCURVE('',#10392,#10704);
#10704 = DEFINITIONAL_REPRESENTATION('',(#10705),#10709);
#10705 = LINE('',#10706,#10707);
#10706 = CARTESIAN_POINT('',(0.,78.));
#10707 = VECTOR('',#10708,1.);
#10708 = DIRECTION('',(1.,0.));
#10709 = ( GEOMETRIC_REPRESENTATION_CONTEXT(2) 
PARAMETRIC_REPRESENTATION_CONTEXT() REPRESENTATION_CONTEXT('2D SPACE',''
  ) );
#10710 = PCURVE('',#10494,#10711);
#10711 = DEFINITIONAL_REPRESENTATION('',(#10712),#10716);
#10712 = LINE('',#10713,#10714);
#10713 = CARTESIAN_POINT('',(0.,-6.));
#10714 = VECTOR('',#10715,1.);
#10715 = DIRECTION('',(1.,0.));
#10716 = ( GEOMETRIC_REPRESENTATION_CONTEXT(2) 
PARAMETRIC_REPRESENTATION_CONTEXT() REPRESENTATION_CONTEXT('2D SPACE',''
  ) );
#10717 = ADVANCED_FACE('',(#10718),#10364,.F.);
#10718 = FACE_BOUND('',#10719,.F.);
#10719 = EDGE_LOOP('',(#10720,#10721,#10722,#10743));
#10720 = ORIENTED_EDGE('',*,*,#10348,.F.);
#10721 = ORIENTED_EDGE('',*,*,#10433,.T.);
#10722 = ORIENTED_EDGE('',*,*,#10723,.T.);
#10723 = EDGE_CURVE('',#10434,#10673,#10724,.T.);
#10724 = SURFACE_CURVE('',#10725,(#10729,#10736),.PCURVE_S1.);
#10725 = LINE('',#10726,#10727);
#10726 = CARTESIAN_POINT('',(39.,-3.,-18.));
#10727 = VECTOR('',#10728,1.);
#10728 = DIRECTION('',(-0.,1.,0.));
#10729 = PCURVE('',#10364,#10730);
#10730 = DEFINITIONAL_REPRESENTATION('',(#10731),#10735);
#10731 = LINE('',#10732,#10733);
#10732 = CARTESIAN_POINT('',(78.,0.));
#10733 = VECTOR('',#10734,1.);
#10734 = DIRECTION('',(0.,1.));
#10735 = ( GEOMETRIC_REPRESENTATION_CONTEXT(2) 
PARAMETRIC_REPRESENTATION_CONTEXT() REPRESENTATION_CONTEXT('2D SPACE',''
  ) );
#10736 = PCURVE('',#10494,#10737);
#10737 = DEFINITIONAL_REPRESENTATION('',(#10738),#10742);
#10738 = LINE('',#10739,#10740);
#10739 = CARTESIAN_POINT('',(0.,0.));
#10740 = VECTOR('',#10741,1.);
#10741 = DIRECTION('',(0.,-1.));
#10742 = ( GEOMETRIC_REPRESENTATION_CONTEXT(2) 
PARAMETRIC_REPRESENTATION_CONTEXT() REPRESENTATION_CONTEXT('2D SPACE',''
  ) );
#10743 = ORIENTED_EDGE('',*,*,#10672,.F.);
#10744 = ADVANCED_FACE('',(#10745),#10494,.T.);
#10745 = FACE_BOUND('',#10746,.T.);
#10746 = EDGE_LOOP('',(#10747,#10748,#10749,#10750));
#10747 = ORIENTED_EDGE('',*,*,#10480,.F.);
#10748 = ORIENTED_EDGE('',*,*,#10723,.T.);
#10749 = ORIENTED_EDGE('',*,*,#10697,.T.);
#10750 = ORIENTED_EDGE('',*,*,#10625,.F.);
#10751 = ADVANCED_FACE('',(#10752),#10526,.T.);
#10752 = FACE_BOUND('',#10753,.T.);
#10753 = EDGE_LOOP('',(#10754,#10777,#10805,#10826));
#10754 = ORIENTED_EDGE('',*,*,#10755,.F.);
#10755 = EDGE_CURVE('',#10756,#10509,#10758,.T.);
#10756 = VERTEX_POINT('',#10757);
#10757 = CARTESIAN_POINT('',(-10.,-8.5,-13.));
#10758 = SURFACE_CURVE('',#10759,(#10763,#10770),.PCURVE_S1.);
#10759 = LINE('',#10760,#10761);
#10760 = CARTESIAN_POINT('',(-10.,-8.5,-13.));
#10761 = VECTOR('',#10762,1.);
#10762 = DIRECTION('',(-0.,1.,0.));
#10763 = PCURVE('',#10526,#10764);
#10764 = DEFINITIONAL_REPRESENTATION('',(#10765),#10769);
#10765 = LINE('',#10766,#10767);
#10766 = CARTESIAN_POINT('',(0.,0.));
#10767 = VECTOR('',#10768,1.);
#10768 = DIRECTION('',(0.,1.));
#10769 = ( GEOMETRIC_REPRESENTATION_CONTEXT(2) 
PARAMETRIC_REPRESENTATION_CONTEXT() REPRESENTATION_CONTEXT('2D SPACE',''
  ) );
#10770 = PCURVE('',#10554,#10771);
#10771 = DEFINITIONAL_REPRESENTATION('',(#10772),#10776);
#10772 = LINE('',#10773,#10774);
#10773 = CARTESIAN_POINT('',(4.,0.));
#10774 = VECTOR('',#10775,1.);
#10775 = DIRECTION('',(0.,-1.));
#10776 = ( GEOMETRIC_REPRESENTATION_CONTEXT(2) 
PARAMETRIC_REPRESENTATION_CONTEXT() REPRESENTATION_CONTEXT('2D SPACE',''
  ) );
#10777 = ORIENTED_EDGE('',*,*,#10778,.T.);
#10778 = EDGE_CURVE('',#10756,#10779,#10781,.T.);
#10779 = VERTEX_POINT('',#10780);
#10780 = CARTESIAN_POINT('',(10.,-8.5,-13.));
#10781 = SURFACE_CURVE('',#10782,(#10786,#10793),.PCURVE_S1.);
#10782 = LINE('',#10783,#10784);
#10783 = CARTESIAN_POINT('',(-10.,-8.5,-13.));
#10784 = VECTOR('',#10785,1.);
#10785 = DIRECTION('',(1.,0.,-0.));
#10786 = PCURVE('',#10526,#10787);
#10787 = DEFINITIONAL_REPRESENTATION('',(#10788),#10792);
#10788 = LINE('',#10789,#10790);
#10789 = CARTESIAN_POINT('',(0.,0.));
#10790 = VECTOR('',#10791,1.);
#10791 = DIRECTION('',(1.,0.));
#10792 = ( GEOMETRIC_REPRESENTATION_CONTEXT(2) 
PARAMETRIC_REPRESENTATION_CONTEXT() REPRESENTATION_CONTEXT('2D SPACE',''
  ) );
#10793 = PCURVE('',#10794,#10799);
#10794 = PLANE('',#10795);
#10795 = AXIS2_PLACEMENT_3D('',#10796,#10797,#10798);
#10796 = CARTESIAN_POINT('',(-10.,-8.5,-17.));
#10797 = DIRECTION('',(-0.,1.,0.));
#10798 = DIRECTION('',(0.,0.,1.));
#10799 = DEFINITIONAL_REPRESENTATION('',(#10800),#10804);
#10800 = LINE('',#10801,#10802);
#10801 = CARTESIAN_POINT('',(4.,0.));
#10802 = VECTOR('',#10803,1.);
#10803 = DIRECTION('',(0.,1.));
#10804 = ( GEOMETRIC_REPRESENTATION_CONTEXT(2) 
PARAMETRIC_REPRESENTATION_CONTEXT() REPRESENTATION_CONTEXT('2D SPACE',''
  ) );
#10805 = ORIENTED_EDGE('',*,*,#10806,.T.);
#10806 = EDGE_CURVE('',#10779,#10511,#10807,.T.);
#10807 = SURFACE_CURVE('',#10808,(#10812,#10819),.PCURVE_S1.);
#10808 = LINE('',#10809,#10810);
#10809 = CARTESIAN_POINT('',(10.,-8.5,-13.));
#10810 = VECTOR('',#10811,1.);
#10811 = DIRECTION('',(-0.,1.,0.));
#10812 = PCURVE('',#10526,#10813);
#10813 = DEFINITIONAL_REPRESENTATION('',(#10814),#10818);
#10814 = LINE('',#10815,#10816);
#10815 = CARTESIAN_POINT('',(20.,0.));
#10816 = VECTOR('',#10817,1.);
#10817 = DIRECTION('',(0.,1.));
#10818 = ( GEOMETRIC_REPRESENTATION_CONTEXT(2) 
PARAMETRIC_REPRESENTATION_CONTEXT() REPRESENTATION_CONTEXT('2D SPACE',''
  ) );
#10819 = PCURVE('',#10608,#10820);
#10820 = DEFINITIONAL_REPRESENTATION('',(#10821),#10825);
#10821 = LINE('',#10822,#10823);
#10822 = CARTESIAN_POINT('',(4.,0.));
#10823 = VECTOR('',#10824,1.);
#10824 = DIRECTION('',(0.,-1.));
#10825 = ( GEOMETRIC_REPRESENTATION_CONTEXT(2) 
PARAMETRIC_REPRESENTATION_CONTEXT() REPRESENTATION_CONTEXT('2D SPACE',''
  ) );
#10826 = ORIENTED_EDGE('',*,*,#10508,.F.);
#10827 = ADVANCED_FACE('',(#10828),#10608,.T.);
#10828 = FACE_BOUND('',#10829,.T.);
#10829 = EDGE_LOOP('',(#10830,#10853,#10874,#10875));
#10830 = ORIENTED_EDGE('',*,*,#10831,.F.);
#10831 = EDGE_CURVE('',#10832,#10779,#10834,.T.);
#10832 = VERTEX_POINT('',#10833);
#10833 = CARTESIAN_POINT('',(10.,-8.5,-17.));
#10834 = SURFACE_CURVE('',#10835,(#10839,#10846),.PCURVE_S1.);
#10835 = LINE('',#10836,#10837);
#10836 = CARTESIAN_POINT('',(10.,-8.5,-17.));
#10837 = VECTOR('',#10838,1.);
#10838 = DIRECTION('',(0.,0.,1.));
#10839 = PCURVE('',#10608,#10840);
#10840 = DEFINITIONAL_REPRESENTATION('',(#10841),#10845);
#10841 = LINE('',#10842,#10843);
#10842 = CARTESIAN_POINT('',(0.,0.));
#10843 = VECTOR('',#10844,1.);
#10844 = DIRECTION('',(1.,0.));
#10845 = ( GEOMETRIC_REPRESENTATION_CONTEXT(2) 
PARAMETRIC_REPRESENTATION_CONTEXT() REPRESENTATION_CONTEXT('2D SPACE',''
  ) );
#10846 = PCURVE('',#10794,#10847);
#10847 = DEFINITIONAL_REPRESENTATION('',(#10848),#10852);
#10848 = LINE('',#10849,#10850);
#10849 = CARTESIAN_POINT('',(0.,20.));
#10850 = VECTOR('',#10851,1.);
#10851 = DIRECTION('',(1.,0.));
#10852 = ( GEOMETRIC_REPRESENTATION_CONTEXT(2) 
PARAMETRIC_REPRESENTATION_CONTEXT() REPRESENTATION_CONTEXT('2D SPACE',''
  ) );
#10853 = ORIENTED_EDGE('',*,*,#10854,.T.);
#10854 = EDGE_CURVE('',#10832,#10567,#10855,.T.);
#10855 = SURFACE_CURVE('',#10856,(#10860,#10867),.PCURVE_S1.);
#10856 = LINE('',#10857,#10858);
#10857 = CARTESIAN_POINT('',(10.,-8.5,-17.));
#10858 = VECTOR('',#10859,1.);
#10859 = DIRECTION('',(-0.,1.,0.));
#10860 = PCURVE('',#10608,#10861);
#10861 = DEFINITIONAL_REPRESENTATION('',(#10862),#10866);
#10862 = LINE('',#10863,#10864);
#10863 = CARTESIAN_POINT('',(0.,0.));
#10864 = VECTOR('',#10865,1.);
#10865 = DIRECTION('',(0.,-1.));
#10866 = ( GEOMETRIC_REPRESENTATION_CONTEXT(2) 
PARAMETRIC_REPRESENTATION_CONTEXT() REPRESENTATION_CONTEXT('2D SPACE',''
  ) );
#10867 = PCURVE('',#10582,#10868);
#10868 = DEFINITIONAL_REPRESENTATION('',(#10869),#10873);
#10869 = LINE('',#10870,#10871);
#10870 = CARTESIAN_POINT('',(20.,0.));
#10871 = VECTOR('',#10872,1.);
#10872 = DIRECTION('',(0.,1.));
#10873 = ( GEOMETRIC_REPRESENTATION_CONTEXT(2) 
PARAMETRIC_REPRESENTATION_CONTEXT() REPRESENTATION_CONTEXT('2D SPACE',''
  ) );
#10874 = ORIENTED_EDGE('',*,*,#10594,.T.);
#10875 = ORIENTED_EDGE('',*,*,#10806,.F.);
#10876 = ADVANCED_FACE('',(#10877),#10582,.F.);
#10877 = FACE_BOUND('',#10878,.F.);
#10878 = EDGE_LOOP('',(#10879,#10902,#10923,#10924));
#10879 = ORIENTED_EDGE('',*,*,#10880,.F.);
#10880 = EDGE_CURVE('',#10881,#10539,#10883,.T.);
#10881 = VERTEX_POINT('',#10882);
#10882 = CARTESIAN_POINT('',(-10.,-8.5,-17.));
#10883 = SURFACE_CURVE('',#10884,(#10888,#10895),.PCURVE_S1.);
#10884 = LINE('',#10885,#10886);
#10885 = CARTESIAN_POINT('',(-10.,-8.5,-17.));
#10886 = VECTOR('',#10887,1.);
#10887 = DIRECTION('',(-0.,1.,0.));
#10888 = PCURVE('',#10582,#10889);
#10889 = DEFINITIONAL_REPRESENTATION('',(#10890),#10894);
#10890 = LINE('',#10891,#10892);
#10891 = CARTESIAN_POINT('',(0.,0.));
#10892 = VECTOR('',#10893,1.);
#10893 = DIRECTION('',(0.,1.));
#10894 = ( GEOMETRIC_REPRESENTATION_CONTEXT(2) 
PARAMETRIC_REPRESENTATION_CONTEXT() REPRESENTATION_CONTEXT('2D SPACE',''
  ) );
#10895 = PCURVE('',#10554,#10896);
#10896 = DEFINITIONAL_REPRESENTATION('',(#10897),#10901);
#10897 = LINE('',#10898,#10899);
#10898 = CARTESIAN_POINT('',(0.,0.));
#10899 = VECTOR('',#10900,1.);
#10900 = DIRECTION('',(0.,-1.));
#10901 = ( GEOMETRIC_REPRESENTATION_CONTEXT(2) 
PARAMETRIC_REPRESENTATION_CONTEXT() REPRESENTATION_CONTEXT('2D SPACE',''
  ) );
#10902 = ORIENTED_EDGE('',*,*,#10903,.T.);
#10903 = EDGE_CURVE('',#10881,#10832,#10904,.T.);
#10904 = SURFACE_CURVE('',#10905,(#10909,#10916),.PCURVE_S1.);
#10905 = LINE('',#10906,#10907);
#10906 = CARTESIAN_POINT('',(-10.,-8.5,-17.));
#10907 = VECTOR('',#10908,1.);
#10908 = DIRECTION('',(1.,0.,-0.));
#10909 = PCURVE('',#10582,#10910);
#10910 = DEFINITIONAL_REPRESENTATION('',(#10911),#10915);
#10911 = LINE('',#10912,#10913);
#10912 = CARTESIAN_POINT('',(0.,0.));
#10913 = VECTOR('',#10914,1.);
#10914 = DIRECTION('',(1.,0.));
#10915 = ( GEOMETRIC_REPRESENTATION_CONTEXT(2) 
PARAMETRIC_REPRESENTATION_CONTEXT() REPRESENTATION_CONTEXT('2D SPACE',''
  ) );
#10916 = PCURVE('',#10794,#10917);
#10917 = DEFINITIONAL_REPRESENTATION('',(#10918),#10922);
#10918 = LINE('',#10919,#10920);
#10919 = CARTESIAN_POINT('',(0.,0.));
#10920 = VECTOR('',#10921,1.);
#10921 = DIRECTION('',(0.,1.));
#10922 = ( GEOMETRIC_REPRESENTATION_CONTEXT(2) 
PARAMETRIC_REPRESENTATION_CONTEXT() REPRESENTATION_CONTEXT('2D SPACE',''
  ) );
#10923 = ORIENTED_EDGE('',*,*,#10854,.T.);
#10924 = ORIENTED_EDGE('',*,*,#10566,.F.);
#10925 = ADVANCED_FACE('',(#10926),#10554,.F.);
#10926 = FACE_BOUND('',#10927,.F.);
#10927 = EDGE_LOOP('',(#10928,#10949,#10950,#10951));
#10928 = ORIENTED_EDGE('',*,*,#10929,.F.);
#10929 = EDGE_CURVE('',#10881,#10756,#10930,.T.);
#10930 = SURFACE_CURVE('',#10931,(#10935,#10942),.PCURVE_S1.);
#10931 = LINE('',#10932,#10933);
#10932 = CARTESIAN_POINT('',(-10.,-8.5,-17.));
#10933 = VECTOR('',#10934,1.);
#10934 = DIRECTION('',(0.,0.,1.));
#10935 = PCURVE('',#10554,#10936);
#10936 = DEFINITIONAL_REPRESENTATION('',(#10937),#10941);
#10937 = LINE('',#10938,#10939);
#10938 = CARTESIAN_POINT('',(0.,0.));
#10939 = VECTOR('',#10940,1.);
#10940 = DIRECTION('',(1.,0.));
#10941 = ( GEOMETRIC_REPRESENTATION_CONTEXT(2) 
PARAMETRIC_REPRESENTATION_CONTEXT() REPRESENTATION_CONTEXT('2D SPACE',''
  ) );
#10942 = PCURVE('',#10794,#10943);
#10943 = DEFINITIONAL_REPRESENTATION('',(#10944),#10948);
#10944 = LINE('',#10945,#10946);
#10945 = CARTESIAN_POINT('',(0.,0.));
#10946 = VECTOR('',#10947,1.);
#10947 = DIRECTION('',(1.,0.));
#10948 = ( GEOMETRIC_REPRESENTATION_CONTEXT(2) 
PARAMETRIC_REPRESENTATION_CONTEXT() REPRESENTATION_CONTEXT('2D SPACE',''
  ) );
#10949 = ORIENTED_EDGE('',*,*,#10880,.T.);
#10950 = ORIENTED_EDGE('',*,*,#10538,.T.);
#10951 = ORIENTED_EDGE('',*,*,#10755,.F.);
#10952 = ADVANCED_FACE('',(#10953),#10794,.F.);
#10953 = FACE_BOUND('',#10954,.F.);
#10954 = EDGE_LOOP('',(#10955,#10956,#10957,#10958));
#10955 = ORIENTED_EDGE('',*,*,#10903,.F.);
#10956 = ORIENTED_EDGE('',*,*,#10929,.T.);
#10957 = ORIENTED_EDGE('',*,*,#10778,.T.);
#10958 = ORIENTED_EDGE('',*,*,#10831,.F.);
#10959 = ( GEOMETRIC_REPRESENTATION_CONTEXT(3) 
GLOBAL_UNCERTAINTY_ASSIGNED_CONTEXT((#10963)) 
GLOBAL_UNIT_ASSIGNED_CONTEXT((#10960,#10961,#10962)) 
REPRESENTATION_CONTEXT('Context #1',
  '3D Context with UNIT and UNCERTAINTY') );
#10960 = ( LENGTH_UNIT() NAMED_UNIT(*) SI_UNIT(.MILLI.,.METRE.) );
#10961 = ( NAMED_UNIT(*) PLANE_ANGLE_UNIT() SI_UNIT($,.RADIAN.) );
#10962 = ( NAMED_UNIT(*) SI_UNIT($,.STERADIAN.) SOLID_ANGLE_UNIT() );
#10963 = UNCERTAINTY_MEASURE_WITH_UNIT(LENGTH_MEASURE(1.E-07),#10960,
  'distance_accuracy_value','confusion accuracy');
#10964 = CONTEXT_DEPENDENT_SHAPE_REPRESENTATION(#10965,#10967);
#10965 = ( REPRESENTATION_RELATIONSHIP('','',#10306,#10) 
REPRESENTATION_RELATIONSHIP_WITH_TRANSFORMATION(#10966) 
SHAPE_REPRESENTATION_RELATIONSHIP() );
#10966 = ITEM_DEFINED_TRANSFORMATION('','',#11,#27);
#10967 = PRODUCT_DEFINITION_SHAPE('Placement','Placement of an item',
  #10968);
#10968 = NEXT_ASSEMBLY_USAGE_OCCURRENCE('78','dual_positive_lock_bar',''
  ,#5,#10301,$);
#10969 = PRODUCT_RELATED_PRODUCT_CATEGORY('part',$,(#10303));
#10970 = SHAPE_DEFINITION_REPRESENTATION(#10971,#10977);
#10971 = PRODUCT_DEFINITION_SHAPE('','',#10972);
#10972 = PRODUCT_DEFINITION('design','',#10973,#10976);
#10973 = PRODUCT_DEFINITION_FORMATION('','',#10974);
#10974 = PRODUCT('left_arm_pin','left_arm_pin','',(#10975));
#10975 = PRODUCT_CONTEXT('',#2,'mechanical');
#10976 = PRODUCT_DEFINITION_CONTEXT('part definition',#2,'design');
#10977 = ADVANCED_BREP_SHAPE_REPRESENTATION('',(#11,#10978),#11166);
#10978 = MANIFOLD_SOLID_BREP('',#10979);
#10979 = CLOSED_SHELL('',(#10980,#11068,#11072,#11107,#11162));
#10980 = ADVANCED_FACE('',(#10981),#10994,.T.);
#10981 = FACE_BOUND('',#10982,.T.);
#10982 = EDGE_LOOP('',(#10983,#11017,#11040,#11067));
#10983 = ORIENTED_EDGE('',*,*,#10984,.F.);
#10984 = EDGE_CURVE('',#10985,#10985,#10987,.T.);
#10985 = VERTEX_POINT('',#10986);
#10986 = CARTESIAN_POINT('',(4.5,-11.,-6.580929093826E-16));
#10987 = SURFACE_CURVE('',#10988,(#10993,#11005),.PCURVE_S1.);
#10988 = CIRCLE('',#10989,4.5);
#10989 = AXIS2_PLACEMENT_3D('',#10990,#10991,#10992);
#10990 = CARTESIAN_POINT('',(0.,-11.,4.440892098501E-16));
#10991 = DIRECTION('',(0.,-1.,2.22044604925E-16));
#10992 = DIRECTION('',(1.,0.,0.));
#10993 = PCURVE('',#10994,#10999);
#10994 = CYLINDRICAL_SURFACE('',#10995,4.5);
#10995 = AXIS2_PLACEMENT_3D('',#10996,#10997,#10998);
#10996 = CARTESIAN_POINT('',(0.,-9.,0.));
#10997 = DIRECTION('',(0.,-1.,2.22044604925E-16));
#10998 = DIRECTION('',(1.,0.,0.));
#10999 = DEFINITIONAL_REPRESENTATION('',(#11000),#11004);
#11000 = LINE('',#11001,#11002);
#11001 = CARTESIAN_POINT('',(0.,2.));
#11002 = VECTOR('',#11003,1.);
#11003 = DIRECTION('',(1.,0.));
#11004 = ( GEOMETRIC_REPRESENTATION_CONTEXT(2) 
PARAMETRIC_REPRESENTATION_CONTEXT() REPRESENTATION_CONTEXT('2D SPACE',''
  ) );
#11005 = PCURVE('',#11006,#11011);
#11006 = PLANE('',#11007);
#11007 = AXIS2_PLACEMENT_3D('',#11008,#11009,#11010);
#11008 = CARTESIAN_POINT('',(0.,-11.,4.440892098501E-16));
#11009 = DIRECTION('',(0.,-1.,2.22044604925E-16));
#11010 = DIRECTION('',(1.,0.,0.));
#11011 = DEFINITIONAL_REPRESENTATION('',(#11012),#11016);
#11012 = CIRCLE('',#11013,4.5);
#11013 = AXIS2_PLACEMENT_2D('',#11014,#11015);
#11014 = CARTESIAN_POINT('',(0.,0.));
#11015 = DIRECTION('',(1.,0.));
#11016 = ( GEOMETRIC_REPRESENTATION_CONTEXT(2) 
PARAMETRIC_REPRESENTATION_CONTEXT() REPRESENTATION_CONTEXT('2D SPACE',''
  ) );
#11017 = ORIENTED_EDGE('',*,*,#11018,.F.);
#11018 = EDGE_CURVE('',#11019,#10985,#11021,.T.);
#11019 = VERTEX_POINT('',#11020);
#11020 = CARTESIAN_POINT('',(4.5,-9.,-1.102182119233E-15));
#11021 = SEAM_CURVE('',#11022,(#11026,#11033),.PCURVE_S1.);
#11022 = LINE('',#11023,#11024);
#11023 = CARTESIAN_POINT('',(4.5,-9.,-1.102182119233E-15));
#11024 = VECTOR('',#11025,1.);
#11025 = DIRECTION('',(0.,-1.,2.22044604925E-16));
#11026 = PCURVE('',#10994,#11027);
#11027 = DEFINITIONAL_REPRESENTATION('',(#11028),#11032);
#11028 = LINE('',#11029,#11030);
#11029 = CARTESIAN_POINT('',(6.28318530718,-0.));
#11030 = VECTOR('',#11031,1.);
#11031 = DIRECTION('',(0.,1.));
#11032 = ( GEOMETRIC_REPRESENTATION_CONTEXT(2) 
PARAMETRIC_REPRESENTATION_CONTEXT() REPRESENTATION_CONTEXT('2D SPACE',''
  ) );
#11033 = PCURVE('',#10994,#11034);
#11034 = DEFINITIONAL_REPRESENTATION('',(#11035),#11039);
#11035 = LINE('',#11036,#11037);
#11036 = CARTESIAN_POINT('',(0.,-0.));
#11037 = VECTOR('',#11038,1.);
#11038 = DIRECTION('',(0.,1.));
#11039 = ( GEOMETRIC_REPRESENTATION_CONTEXT(2) 
PARAMETRIC_REPRESENTATION_CONTEXT() REPRESENTATION_CONTEXT('2D SPACE',''
  ) );
#11040 = ORIENTED_EDGE('',*,*,#11041,.T.);
#11041 = EDGE_CURVE('',#11019,#11019,#11042,.T.);
#11042 = SURFACE_CURVE('',#11043,(#11048,#11055),.PCURVE_S1.);
#11043 = CIRCLE('',#11044,4.5);
#11044 = AXIS2_PLACEMENT_3D('',#11045,#11046,#11047);
#11045 = CARTESIAN_POINT('',(0.,-9.,0.));
#11046 = DIRECTION('',(0.,-1.,2.22044604925E-16));
#11047 = DIRECTION('',(1.,0.,0.));
#11048 = PCURVE('',#10994,#11049);
#11049 = DEFINITIONAL_REPRESENTATION('',(#11050),#11054);
#11050 = LINE('',#11051,#11052);
#11051 = CARTESIAN_POINT('',(0.,0.));
#11052 = VECTOR('',#11053,1.);
#11053 = DIRECTION('',(1.,0.));
#11054 = ( GEOMETRIC_REPRESENTATION_CONTEXT(2) 
PARAMETRIC_REPRESENTATION_CONTEXT() REPRESENTATION_CONTEXT('2D SPACE',''
  ) );
#11055 = PCURVE('',#11056,#11061);
#11056 = PLANE('',#11057);
#11057 = AXIS2_PLACEMENT_3D('',#11058,#11059,#11060);
#11058 = CARTESIAN_POINT('',(0.,-9.,0.));
#11059 = DIRECTION('',(0.,-1.,2.22044604925E-16));
#11060 = DIRECTION('',(1.,0.,0.));
#11061 = DEFINITIONAL_REPRESENTATION('',(#11062),#11066);
#11062 = CIRCLE('',#11063,4.5);
#11063 = AXIS2_PLACEMENT_2D('',#11064,#11065);
#11064 = CARTESIAN_POINT('',(0.,0.));
#11065 = DIRECTION('',(1.,0.));
#11066 = ( GEOMETRIC_REPRESENTATION_CONTEXT(2) 
PARAMETRIC_REPRESENTATION_CONTEXT() REPRESENTATION_CONTEXT('2D SPACE',''
  ) );
#11067 = ORIENTED_EDGE('',*,*,#11018,.T.);
#11068 = ADVANCED_FACE('',(#11069),#11006,.T.);
#11069 = FACE_BOUND('',#11070,.T.);
#11070 = EDGE_LOOP('',(#11071));
#11071 = ORIENTED_EDGE('',*,*,#10984,.T.);
#11072 = ADVANCED_FACE('',(#11073,#11076),#11056,.F.);
#11073 = FACE_BOUND('',#11074,.F.);
#11074 = EDGE_LOOP('',(#11075));
#11075 = ORIENTED_EDGE('',*,*,#11041,.T.);
#11076 = FACE_BOUND('',#11077,.F.);
#11077 = EDGE_LOOP('',(#11078));
#11078 = ORIENTED_EDGE('',*,*,#11079,.F.);
#11079 = EDGE_CURVE('',#11080,#11080,#11082,.T.);
#11080 = VERTEX_POINT('',#11081);
#11081 = CARTESIAN_POINT('',(2.5,-9.,3.384479489077E-15));
#11082 = SURFACE_CURVE('',#11083,(#11088,#11095),.PCURVE_S1.);
#11083 = CIRCLE('',#11084,2.5);
#11084 = AXIS2_PLACEMENT_3D('',#11085,#11086,#11087);
#11085 = CARTESIAN_POINT('',(0.,-9.,3.996802888651E-15));
#11086 = DIRECTION('',(0.,-1.,2.22044604925E-16));
#11087 = DIRECTION('',(1.,0.,0.));
#11088 = PCURVE('',#11056,#11089);
#11089 = DEFINITIONAL_REPRESENTATION('',(#11090),#11094);
#11090 = CIRCLE('',#11091,2.5);
#11091 = AXIS2_PLACEMENT_2D('',#11092,#11093);
#11092 = CARTESIAN_POINT('',(0.,3.996802888651E-15));
#11093 = DIRECTION('',(1.,0.));
#11094 = ( GEOMETRIC_REPRESENTATION_CONTEXT(2) 
PARAMETRIC_REPRESENTATION_CONTEXT() REPRESENTATION_CONTEXT('2D SPACE',''
  ) );
#11095 = PCURVE('',#11096,#11101);
#11096 = CYLINDRICAL_SURFACE('',#11097,2.5);
#11097 = AXIS2_PLACEMENT_3D('',#11098,#11099,#11100);
#11098 = CARTESIAN_POINT('',(0.,9.,0.));
#11099 = DIRECTION('',(0.,-1.,2.22044604925E-16));
#11100 = DIRECTION('',(1.,0.,0.));
#11101 = DEFINITIONAL_REPRESENTATION('',(#11102),#11106);
#11102 = LINE('',#11103,#11104);
#11103 = CARTESIAN_POINT('',(0.,18.));
#11104 = VECTOR('',#11105,1.);
#11105 = DIRECTION('',(1.,0.));
#11106 = ( GEOMETRIC_REPRESENTATION_CONTEXT(2) 
PARAMETRIC_REPRESENTATION_CONTEXT() REPRESENTATION_CONTEXT('2D SPACE',''
  ) );
#11107 = ADVANCED_FACE('',(#11108),#11096,.T.);
#11108 = FACE_BOUND('',#11109,.T.);
#11109 = EDGE_LOOP('',(#11110,#11111,#11134,#11161));
#11110 = ORIENTED_EDGE('',*,*,#11079,.F.);
#11111 = ORIENTED_EDGE('',*,*,#11112,.F.);
#11112 = EDGE_CURVE('',#11113,#11080,#11115,.T.);
#11113 = VERTEX_POINT('',#11114);
#11114 = CARTESIAN_POINT('',(2.5,9.,-6.123233995737E-16));
#11115 = SEAM_CURVE('',#11116,(#11120,#11127),.PCURVE_S1.);
#11116 = LINE('',#11117,#11118);
#11117 = CARTESIAN_POINT('',(2.5,9.,-6.123233995737E-16));
#11118 = VECTOR('',#11119,1.);
#11119 = DIRECTION('',(0.,-1.,2.22044604925E-16));
#11120 = PCURVE('',#11096,#11121);
#11121 = DEFINITIONAL_REPRESENTATION('',(#11122),#11126);
#11122 = LINE('',#11123,#11124);
#11123 = CARTESIAN_POINT('',(6.28318530718,-0.));
#11124 = VECTOR('',#11125,1.);
#11125 = DIRECTION('',(0.,1.));
#11126 = ( GEOMETRIC_REPRESENTATION_CONTEXT(2) 
PARAMETRIC_REPRESENTATION_CONTEXT() REPRESENTATION_CONTEXT('2D SPACE',''
  ) );
#11127 = PCURVE('',#11096,#11128);
#11128 = DEFINITIONAL_REPRESENTATION('',(#11129),#11133);
#11129 = LINE('',#11130,#11131);
#11130 = CARTESIAN_POINT('',(0.,-0.));
#11131 = VECTOR('',#11132,1.);
#11132 = DIRECTION('',(0.,1.));
#11133 = ( GEOMETRIC_REPRESENTATION_CONTEXT(2) 
PARAMETRIC_REPRESENTATION_CONTEXT() REPRESENTATION_CONTEXT('2D SPACE',''
  ) );
#11134 = ORIENTED_EDGE('',*,*,#11135,.T.);
#11135 = EDGE_CURVE('',#11113,#11113,#11136,.T.);
#11136 = SURFACE_CURVE('',#11137,(#11142,#11149),.PCURVE_S1.);
#11137 = CIRCLE('',#11138,2.5);
#11138 = AXIS2_PLACEMENT_3D('',#11139,#11140,#11141);
#11139 = CARTESIAN_POINT('',(0.,9.,0.));
#11140 = DIRECTION('',(0.,-1.,2.22044604925E-16));
#11141 = DIRECTION('',(1.,0.,0.));
#11142 = PCURVE('',#11096,#11143);
#11143 = DEFINITIONAL_REPRESENTATION('',(#11144),#11148);
#11144 = LINE('',#11145,#11146);
#11145 = CARTESIAN_POINT('',(0.,0.));
#11146 = VECTOR('',#11147,1.);
#11147 = DIRECTION('',(1.,0.));
#11148 = ( GEOMETRIC_REPRESENTATION_CONTEXT(2) 
PARAMETRIC_REPRESENTATION_CONTEXT() REPRESENTATION_CONTEXT('2D SPACE',''
  ) );
#11149 = PCURVE('',#11150,#11155);
#11150 = PLANE('',#11151);
#11151 = AXIS2_PLACEMENT_3D('',#11152,#11153,#11154);
#11152 = CARTESIAN_POINT('',(0.,9.,0.));
#11153 = DIRECTION('',(0.,-1.,2.22044604925E-16));
#11154 = DIRECTION('',(1.,0.,0.));
#11155 = DEFINITIONAL_REPRESENTATION('',(#11156),#11160);
#11156 = CIRCLE('',#11157,2.5);
#11157 = AXIS2_PLACEMENT_2D('',#11158,#11159);
#11158 = CARTESIAN_POINT('',(0.,0.));
#11159 = DIRECTION('',(1.,0.));
#11160 = ( GEOMETRIC_REPRESENTATION_CONTEXT(2) 
PARAMETRIC_REPRESENTATION_CONTEXT() REPRESENTATION_CONTEXT('2D SPACE',''
  ) );
#11161 = ORIENTED_EDGE('',*,*,#11112,.T.);
#11162 = ADVANCED_FACE('',(#11163),#11150,.F.);
#11163 = FACE_BOUND('',#11164,.T.);
#11164 = EDGE_LOOP('',(#11165));
#11165 = ORIENTED_EDGE('',*,*,#11135,.F.);
#11166 = ( GEOMETRIC_REPRESENTATION_CONTEXT(3) 
GLOBAL_UNCERTAINTY_ASSIGNED_CONTEXT((#11170)) 
GLOBAL_UNIT_ASSIGNED_CONTEXT((#11167,#11168,#11169)) 
REPRESENTATION_CONTEXT('Context #1',
  '3D Context with UNIT and UNCERTAINTY') );
#11167 = ( LENGTH_UNIT() NAMED_UNIT(*) SI_UNIT(.MILLI.,.METRE.) );
#11168 = ( NAMED_UNIT(*) PLANE_ANGLE_UNIT() SI_UNIT($,.RADIAN.) );
#11169 = ( NAMED_UNIT(*) SI_UNIT($,.STERADIAN.) SOLID_ANGLE_UNIT() );
#11170 = UNCERTAINTY_MEASURE_WITH_UNIT(LENGTH_MEASURE(1.E-07),#11167,
  'distance_accuracy_value','confusion accuracy');
#11171 = CONTEXT_DEPENDENT_SHAPE_REPRESENTATION(#11172,#11174);
#11172 = ( REPRESENTATION_RELATIONSHIP('','',#10977,#10) 
REPRESENTATION_RELATIONSHIP_WITH_TRANSFORMATION(#11173) 
SHAPE_REPRESENTATION_RELATIONSHIP() );
#11173 = ITEM_DEFINED_TRANSFORMATION('','',#11,#31);
#11174 = PRODUCT_DEFINITION_SHAPE('Placement','Placement of an item',
  #11175);
#11175 = NEXT_ASSEMBLY_USAGE_OCCURRENCE('79','left_arm_pin','',#5,#10972
  ,$);
#11176 = PRODUCT_RELATED_PRODUCT_CATEGORY('part',$,(#10974));
#11177 = SHAPE_DEFINITION_REPRESENTATION(#11178,#11184);
#11178 = PRODUCT_DEFINITION_SHAPE('','',#11179);
#11179 = PRODUCT_DEFINITION('design','',#11180,#11183);
#11180 = PRODUCT_DEFINITION_FORMATION('','',#11181);
#11181 = PRODUCT('right_arm_pin','right_arm_pin','',(#11182));
#11182 = PRODUCT_CONTEXT('',#2,'mechanical');
#11183 = PRODUCT_DEFINITION_CONTEXT('part definition',#2,'design');
#11184 = ADVANCED_BREP_SHAPE_REPRESENTATION('',(#11,#11185),#11373);
#11185 = MANIFOLD_SOLID_BREP('',#11186);
#11186 = CLOSED_SHELL('',(#11187,#11275,#11279,#11314,#11369));
#11187 = ADVANCED_FACE('',(#11188),#11201,.T.);
#11188 = FACE_BOUND('',#11189,.T.);
#11189 = EDGE_LOOP('',(#11190,#11224,#11247,#11274));
#11190 = ORIENTED_EDGE('',*,*,#11191,.F.);
#11191 = EDGE_CURVE('',#11192,#11192,#11194,.T.);
#11192 = VERTEX_POINT('',#11193);
#11193 = CARTESIAN_POINT('',(4.5,-11.,-6.580929093826E-16));
#11194 = SURFACE_CURVE('',#11195,(#11200,#11212),.PCURVE_S1.);
#11195 = CIRCLE('',#11196,4.5);
#11196 = AXIS2_PLACEMENT_3D('',#11197,#11198,#11199);
#11197 = CARTESIAN_POINT('',(0.,-11.,4.440892098501E-16));
#11198 = DIRECTION('',(0.,-1.,2.22044604925E-16));
#11199 = DIRECTION('',(1.,0.,0.));
#11200 = PCURVE('',#11201,#11206);
#11201 = CYLINDRICAL_SURFACE('',#11202,4.5);
#11202 = AXIS2_PLACEMENT_3D('',#11203,#11204,#11205);
#11203 = CARTESIAN_POINT('',(0.,-9.,0.));
#11204 = DIRECTION('',(0.,-1.,2.22044604925E-16));
#11205 = DIRECTION('',(1.,0.,0.));
#11206 = DEFINITIONAL_REPRESENTATION('',(#11207),#11211);
#11207 = LINE('',#11208,#11209);
#11208 = CARTESIAN_POINT('',(0.,2.));
#11209 = VECTOR('',#11210,1.);
#11210 = DIRECTION('',(1.,0.));
#11211 = ( GEOMETRIC_REPRESENTATION_CONTEXT(2) 
PARAMETRIC_REPRESENTATION_CONTEXT() REPRESENTATION_CONTEXT('2D SPACE',''
  ) );
#11212 = PCURVE('',#11213,#11218);
#11213 = PLANE('',#11214);
#11214 = AXIS2_PLACEMENT_3D('',#11215,#11216,#11217);
#11215 = CARTESIAN_POINT('',(0.,-11.,4.440892098501E-16));
#11216 = DIRECTION('',(0.,-1.,2.22044604925E-16));
#11217 = DIRECTION('',(1.,0.,0.));
#11218 = DEFINITIONAL_REPRESENTATION('',(#11219),#11223);
#11219 = CIRCLE('',#11220,4.5);
#11220 = AXIS2_PLACEMENT_2D('',#11221,#11222);
#11221 = CARTESIAN_POINT('',(0.,0.));
#11222 = DIRECTION('',(1.,0.));
#11223 = ( GEOMETRIC_REPRESENTATION_CONTEXT(2) 
PARAMETRIC_REPRESENTATION_CONTEXT() REPRESENTATION_CONTEXT('2D SPACE',''
  ) );
#11224 = ORIENTED_EDGE('',*,*,#11225,.F.);
#11225 = EDGE_CURVE('',#11226,#11192,#11228,.T.);
#11226 = VERTEX_POINT('',#11227);
#11227 = CARTESIAN_POINT('',(4.5,-9.,-1.102182119233E-15));
#11228 = SEAM_CURVE('',#11229,(#11233,#11240),.PCURVE_S1.);
#11229 = LINE('',#11230,#11231);
#11230 = CARTESIAN_POINT('',(4.5,-9.,-1.102182119233E-15));
#11231 = VECTOR('',#11232,1.);
#11232 = DIRECTION('',(0.,-1.,2.22044604925E-16));
#11233 = PCURVE('',#11201,#11234);
#11234 = DEFINITIONAL_REPRESENTATION('',(#11235),#11239);
#11235 = LINE('',#11236,#11237);
#11236 = CARTESIAN_POINT('',(6.28318530718,-0.));
#11237 = VECTOR('',#11238,1.);
#11238 = DIRECTION('',(0.,1.));
#11239 = ( GEOMETRIC_REPRESENTATION_CONTEXT(2) 
PARAMETRIC_REPRESENTATION_CONTEXT() REPRESENTATION_CONTEXT('2D SPACE',''
  ) );
#11240 = PCURVE('',#11201,#11241);
#11241 = DEFINITIONAL_REPRESENTATION('',(#11242),#11246);
#11242 = LINE('',#11243,#11244);
#11243 = CARTESIAN_POINT('',(0.,-0.));
#11244 = VECTOR('',#11245,1.);
#11245 = DIRECTION('',(0.,1.));
#11246 = ( GEOMETRIC_REPRESENTATION_CONTEXT(2) 
PARAMETRIC_REPRESENTATION_CONTEXT() REPRESENTATION_CONTEXT('2D SPACE',''
  ) );
#11247 = ORIENTED_EDGE('',*,*,#11248,.T.);
#11248 = EDGE_CURVE('',#11226,#11226,#11249,.T.);
#11249 = SURFACE_CURVE('',#11250,(#11255,#11262),.PCURVE_S1.);
#11250 = CIRCLE('',#11251,4.5);
#11251 = AXIS2_PLACEMENT_3D('',#11252,#11253,#11254);
#11252 = CARTESIAN_POINT('',(0.,-9.,0.));
#11253 = DIRECTION('',(0.,-1.,2.22044604925E-16));
#11254 = DIRECTION('',(1.,0.,0.));
#11255 = PCURVE('',#11201,#11256);
#11256 = DEFINITIONAL_REPRESENTATION('',(#11257),#11261);
#11257 = LINE('',#11258,#11259);
#11258 = CARTESIAN_POINT('',(0.,0.));
#11259 = VECTOR('',#11260,1.);
#11260 = DIRECTION('',(1.,0.));
#11261 = ( GEOMETRIC_REPRESENTATION_CONTEXT(2) 
PARAMETRIC_REPRESENTATION_CONTEXT() REPRESENTATION_CONTEXT('2D SPACE',''
  ) );
#11262 = PCURVE('',#11263,#11268);
#11263 = PLANE('',#11264);
#11264 = AXIS2_PLACEMENT_3D('',#11265,#11266,#11267);
#11265 = CARTESIAN_POINT('',(0.,-9.,0.));
#11266 = DIRECTION('',(0.,-1.,2.22044604925E-16));
#11267 = DIRECTION('',(1.,0.,0.));
#11268 = DEFINITIONAL_REPRESENTATION('',(#11269),#11273);
#11269 = CIRCLE('',#11270,4.5);
#11270 = AXIS2_PLACEMENT_2D('',#11271,#11272);
#11271 = CARTESIAN_POINT('',(0.,0.));
#11272 = DIRECTION('',(1.,0.));
#11273 = ( GEOMETRIC_REPRESENTATION_CONTEXT(2) 
PARAMETRIC_REPRESENTATION_CONTEXT() REPRESENTATION_CONTEXT('2D SPACE',''
  ) );
#11274 = ORIENTED_EDGE('',*,*,#11225,.T.);
#11275 = ADVANCED_FACE('',(#11276),#11213,.T.);
#11276 = FACE_BOUND('',#11277,.T.);
#11277 = EDGE_LOOP('',(#11278));
#11278 = ORIENTED_EDGE('',*,*,#11191,.T.);
#11279 = ADVANCED_FACE('',(#11280,#11283),#11263,.F.);
#11280 = FACE_BOUND('',#11281,.F.);
#11281 = EDGE_LOOP('',(#11282));
#11282 = ORIENTED_EDGE('',*,*,#11248,.T.);
#11283 = FACE_BOUND('',#11284,.F.);
#11284 = EDGE_LOOP('',(#11285));
#11285 = ORIENTED_EDGE('',*,*,#11286,.F.);
#11286 = EDGE_CURVE('',#11287,#11287,#11289,.T.);
#11287 = VERTEX_POINT('',#11288);
#11288 = CARTESIAN_POINT('',(2.5,-9.,3.384479489077E-15));
#11289 = SURFACE_CURVE('',#11290,(#11295,#11302),.PCURVE_S1.);
#11290 = CIRCLE('',#11291,2.5);
#11291 = AXIS2_PLACEMENT_3D('',#11292,#11293,#11294);
#11292 = CARTESIAN_POINT('',(0.,-9.,3.996802888651E-15));
#11293 = DIRECTION('',(0.,-1.,2.22044604925E-16));
#11294 = DIRECTION('',(1.,0.,0.));
#11295 = PCURVE('',#11263,#11296);
#11296 = DEFINITIONAL_REPRESENTATION('',(#11297),#11301);
#11297 = CIRCLE('',#11298,2.5);
#11298 = AXIS2_PLACEMENT_2D('',#11299,#11300);
#11299 = CARTESIAN_POINT('',(0.,3.996802888651E-15));
#11300 = DIRECTION('',(1.,0.));
#11301 = ( GEOMETRIC_REPRESENTATION_CONTEXT(2) 
PARAMETRIC_REPRESENTATION_CONTEXT() REPRESENTATION_CONTEXT('2D SPACE',''
  ) );
#11302 = PCURVE('',#11303,#11308);
#11303 = CYLINDRICAL_SURFACE('',#11304,2.5);
#11304 = AXIS2_PLACEMENT_3D('',#11305,#11306,#11307);
#11305 = CARTESIAN_POINT('',(0.,9.,0.));
#11306 = DIRECTION('',(0.,-1.,2.22044604925E-16));
#11307 = DIRECTION('',(1.,0.,0.));
#11308 = DEFINITIONAL_REPRESENTATION('',(#11309),#11313);
#11309 = LINE('',#11310,#11311);
#11310 = CARTESIAN_POINT('',(0.,18.));
#11311 = VECTOR('',#11312,1.);
#11312 = DIRECTION('',(1.,0.));
#11313 = ( GEOMETRIC_REPRESENTATION_CONTEXT(2) 
PARAMETRIC_REPRESENTATION_CONTEXT() REPRESENTATION_CONTEXT('2D SPACE',''
  ) );
#11314 = ADVANCED_FACE('',(#11315),#11303,.T.);
#11315 = FACE_BOUND('',#11316,.T.);
#11316 = EDGE_LOOP('',(#11317,#11318,#11341,#11368));
#11317 = ORIENTED_EDGE('',*,*,#11286,.F.);
#11318 = ORIENTED_EDGE('',*,*,#11319,.F.);
#11319 = EDGE_CURVE('',#11320,#11287,#11322,.T.);
#11320 = VERTEX_POINT('',#11321);
#11321 = CARTESIAN_POINT('',(2.5,9.,-6.123233995737E-16));
#11322 = SEAM_CURVE('',#11323,(#11327,#11334),.PCURVE_S1.);
#11323 = LINE('',#11324,#11325);
#11324 = CARTESIAN_POINT('',(2.5,9.,-6.123233995737E-16));
#11325 = VECTOR('',#11326,1.);
#11326 = DIRECTION('',(0.,-1.,2.22044604925E-16));
#11327 = PCURVE('',#11303,#11328);
#11328 = DEFINITIONAL_REPRESENTATION('',(#11329),#11333);
#11329 = LINE('',#11330,#11331);
#11330 = CARTESIAN_POINT('',(6.28318530718,-0.));
#11331 = VECTOR('',#11332,1.);
#11332 = DIRECTION('',(0.,1.));
#11333 = ( GEOMETRIC_REPRESENTATION_CONTEXT(2) 
PARAMETRIC_REPRESENTATION_CONTEXT() REPRESENTATION_CONTEXT('2D SPACE',''
  ) );
#11334 = PCURVE('',#11303,#11335);
#11335 = DEFINITIONAL_REPRESENTATION('',(#11336),#11340);
#11336 = LINE('',#11337,#11338);
#11337 = CARTESIAN_POINT('',(0.,-0.));
#11338 = VECTOR('',#11339,1.);
#11339 = DIRECTION('',(0.,1.));
#11340 = ( GEOMETRIC_REPRESENTATION_CONTEXT(2) 
PARAMETRIC_REPRESENTATION_CONTEXT() REPRESENTATION_CONTEXT('2D SPACE',''
  ) );
#11341 = ORIENTED_EDGE('',*,*,#11342,.T.);
#11342 = EDGE_CURVE('',#11320,#11320,#11343,.T.);
#11343 = SURFACE_CURVE('',#11344,(#11349,#11356),.PCURVE_S1.);
#11344 = CIRCLE('',#11345,2.5);
#11345 = AXIS2_PLACEMENT_3D('',#11346,#11347,#11348);
#11346 = CARTESIAN_POINT('',(0.,9.,0.));
#11347 = DIRECTION('',(0.,-1.,2.22044604925E-16));
#11348 = DIRECTION('',(1.,0.,0.));
#11349 = PCURVE('',#11303,#11350);
#11350 = DEFINITIONAL_REPRESENTATION('',(#11351),#11355);
#11351 = LINE('',#11352,#11353);
#11352 = CARTESIAN_POINT('',(0.,0.));
#11353 = VECTOR('',#11354,1.);
#11354 = DIRECTION('',(1.,0.));
#11355 = ( GEOMETRIC_REPRESENTATION_CONTEXT(2) 
PARAMETRIC_REPRESENTATION_CONTEXT() REPRESENTATION_CONTEXT('2D SPACE',''
  ) );
#11356 = PCURVE('',#11357,#11362);
#11357 = PLANE('',#11358);
#11358 = AXIS2_PLACEMENT_3D('',#11359,#11360,#11361);
#11359 = CARTESIAN_POINT('',(0.,9.,0.));
#11360 = DIRECTION('',(0.,-1.,2.22044604925E-16));
#11361 = DIRECTION('',(1.,0.,0.));
#11362 = DEFINITIONAL_REPRESENTATION('',(#11363),#11367);
#11363 = CIRCLE('',#11364,2.5);
#11364 = AXIS2_PLACEMENT_2D('',#11365,#11366);
#11365 = CARTESIAN_POINT('',(0.,0.));
#11366 = DIRECTION('',(1.,0.));
#11367 = ( GEOMETRIC_REPRESENTATION_CONTEXT(2) 
PARAMETRIC_REPRESENTATION_CONTEXT() REPRESENTATION_CONTEXT('2D SPACE',''
  ) );
#11368 = ORIENTED_EDGE('',*,*,#11319,.T.);
#11369 = ADVANCED_FACE('',(#11370),#11357,.F.);
#11370 = FACE_BOUND('',#11371,.T.);
#11371 = EDGE_LOOP('',(#11372));
#11372 = ORIENTED_EDGE('',*,*,#11342,.F.);
#11373 = ( GEOMETRIC_REPRESENTATION_CONTEXT(3) 
GLOBAL_UNCERTAINTY_ASSIGNED_CONTEXT((#11377)) 
GLOBAL_UNIT_ASSIGNED_CONTEXT((#11374,#11375,#11376)) 
REPRESENTATION_CONTEXT('Context #1',
  '3D Context with UNIT and UNCERTAINTY') );
#11374 = ( LENGTH_UNIT() NAMED_UNIT(*) SI_UNIT(.MILLI.,.METRE.) );
#11375 = ( NAMED_UNIT(*) PLANE_ANGLE_UNIT() SI_UNIT($,.RADIAN.) );
#11376 = ( NAMED_UNIT(*) SI_UNIT($,.STERADIAN.) SOLID_ANGLE_UNIT() );
#11377 = UNCERTAINTY_MEASURE_WITH_UNIT(LENGTH_MEASURE(1.E-07),#11374,
  'distance_accuracy_value','confusion accuracy');
#11378 = CONTEXT_DEPENDENT_SHAPE_REPRESENTATION(#11379,#11381);
#11379 = ( REPRESENTATION_RELATIONSHIP('','',#11184,#10) 
REPRESENTATION_RELATIONSHIP_WITH_TRANSFORMATION(#11380) 
SHAPE_REPRESENTATION_RELATIONSHIP() );
#11380 = ITEM_DEFINED_TRANSFORMATION('','',#11,#35);
#11381 = PRODUCT_DEFINITION_SHAPE('Placement','Placement of an item',
  #11382);
#11382 = NEXT_ASSEMBLY_USAGE_OCCURRENCE('80','right_arm_pin','',#5,
  #11179,$);
#11383 = PRODUCT_RELATED_PRODUCT_CATEGORY('part',$,(#11181));
#11384 = SHAPE_DEFINITION_REPRESENTATION(#11385,#11391);
#11385 = PRODUCT_DEFINITION_SHAPE('','',#11386);
#11386 = PRODUCT_DEFINITION('design','',#11387,#11390);
#11387 = PRODUCT_DEFINITION_FORMATION('','',#11388);
#11388 = PRODUCT('left_arm_locknut','left_arm_locknut','',(#11389));
#11389 = PRODUCT_CONTEXT('',#2,'mechanical');
#11390 = PRODUCT_DEFINITION_CONTEXT('part definition',#2,'design');
#11391 = ADVANCED_BREP_SHAPE_REPRESENTATION('',(#11,#11392),#11722);
#11392 = MANIFOLD_SOLID_BREP('',#11393);
#11393 = CLOSED_SHELL('',(#11394,#11514,#11614,#11661,#11708,#11715));
#11394 = ADVANCED_FACE('',(#11395),#11409,.F.);
#11395 = FACE_BOUND('',#11396,.F.);
#11396 = EDGE_LOOP('',(#11397,#11432,#11460,#11488));
#11397 = ORIENTED_EDGE('',*,*,#11398,.F.);
#11398 = EDGE_CURVE('',#11399,#11401,#11403,.T.);
#11399 = VERTEX_POINT('',#11400);
#11400 = CARTESIAN_POINT('',(-4.3,-0.75,-4.3));
#11401 = VERTEX_POINT('',#11402);
#11402 = CARTESIAN_POINT('',(-4.3,-0.75,4.3));
#11403 = SURFACE_CURVE('',#11404,(#11408,#11420),.PCURVE_S1.);
#11404 = LINE('',#11405,#11406);
#11405 = CARTESIAN_POINT('',(-4.3,-0.75,-4.3));
#11406 = VECTOR('',#11407,1.);
#11407 = DIRECTION('',(0.,0.,1.));
#11408 = PCURVE('',#11409,#11414);
#11409 = PLANE('',#11410);
#11410 = AXIS2_PLACEMENT_3D('',#11411,#11412,#11413);
#11411 = CARTESIAN_POINT('',(-4.3,-0.75,-4.3));
#11412 = DIRECTION('',(1.,0.,-0.));
#11413 = DIRECTION('',(0.,0.,1.));
#11414 = DEFINITIONAL_REPRESENTATION('',(#11415),#11419);
#11415 = LINE('',#11416,#11417);
#11416 = CARTESIAN_POINT('',(0.,0.));
#11417 = VECTOR('',#11418,1.);
#11418 = DIRECTION('',(1.,0.));
#11419 = ( GEOMETRIC_REPRESENTATION_CONTEXT(2) 
PARAMETRIC_REPRESENTATION_CONTEXT() REPRESENTATION_CONTEXT('2D SPACE',''
  ) );
#11420 = PCURVE('',#11421,#11426);
#11421 = PLANE('',#11422);
#11422 = AXIS2_PLACEMENT_3D('',#11423,#11424,#11425);
#11423 = CARTESIAN_POINT('',(-4.3,-0.75,-4.3));
#11424 = DIRECTION('',(-0.,1.,0.));
#11425 = DIRECTION('',(0.,0.,1.));
#11426 = DEFINITIONAL_REPRESENTATION('',(#11427),#11431);
#11427 = LINE('',#11428,#11429);
#11428 = CARTESIAN_POINT('',(0.,0.));
#11429 = VECTOR('',#11430,1.);
#11430 = DIRECTION('',(1.,0.));
#11431 = ( GEOMETRIC_REPRESENTATION_CONTEXT(2) 
PARAMETRIC_REPRESENTATION_CONTEXT() REPRESENTATION_CONTEXT('2D SPACE',''
  ) );
#11432 = ORIENTED_EDGE('',*,*,#11433,.T.);
#11433 = EDGE_CURVE('',#11399,#11434,#11436,.T.);
#11434 = VERTEX_POINT('',#11435);
#11435 = CARTESIAN_POINT('',(-4.3,0.75,-4.3));
#11436 = SURFACE_CURVE('',#11437,(#11441,#11448),.PCURVE_S1.);
#11437 = LINE('',#11438,#11439);
#11438 = CARTESIAN_POINT('',(-4.3,-0.75,-4.3));
#11439 = VECTOR('',#11440,1.);
#11440 = DIRECTION('',(-0.,1.,0.));
#11441 = PCURVE('',#11409,#11442);
#11442 = DEFINITIONAL_REPRESENTATION('',(#11443),#11447);
#11443 = LINE('',#11444,#11445);
#11444 = CARTESIAN_POINT('',(0.,0.));
#11445 = VECTOR('',#11446,1.);
#11446 = DIRECTION('',(0.,-1.));
#11447 = ( GEOMETRIC_REPRESENTATION_CONTEXT(2) 
PARAMETRIC_REPRESENTATION_CONTEXT() REPRESENTATION_CONTEXT('2D SPACE',''
  ) );
#11448 = PCURVE('',#11449,#11454);
#11449 = PLANE('',#11450);
#11450 = AXIS2_PLACEMENT_3D('',#11451,#11452,#11453);
#11451 = CARTESIAN_POINT('',(-4.3,-0.75,-4.3));
#11452 = DIRECTION('',(0.,0.,1.));
#11453 = DIRECTION('',(1.,0.,-0.));
#11454 = DEFINITIONAL_REPRESENTATION('',(#11455),#11459);
#11455 = LINE('',#11456,#11457);
#11456 = CARTESIAN_POINT('',(0.,0.));
#11457 = VECTOR('',#11458,1.);
#11458 = DIRECTION('',(0.,1.));
#11459 = ( GEOMETRIC_REPRESENTATION_CONTEXT(2) 
PARAMETRIC_REPRESENTATION_CONTEXT() REPRESENTATION_CONTEXT('2D SPACE',''
  ) );
#11460 = ORIENTED_EDGE('',*,*,#11461,.T.);
#11461 = EDGE_CURVE('',#11434,#11462,#11464,.T.);
#11462 = VERTEX_POINT('',#11463);
#11463 = CARTESIAN_POINT('',(-4.3,0.75,4.3));
#11464 = SURFACE_CURVE('',#11465,(#11469,#11476),.PCURVE_S1.);
#11465 = LINE('',#11466,#11467);
#11466 = CARTESIAN_POINT('',(-4.3,0.75,-4.3));
#11467 = VECTOR('',#11468,1.);
#11468 = DIRECTION('',(0.,0.,1.));
#11469 = PCURVE('',#11409,#11470);
#11470 = DEFINITIONAL_REPRESENTATION('',(#11471),#11475);
#11471 = LINE('',#11472,#11473);
#11472 = CARTESIAN_POINT('',(0.,-1.5));
#11473 = VECTOR('',#11474,1.);
#11474 = DIRECTION('',(1.,0.));
#11475 = ( GEOMETRIC_REPRESENTATION_CONTEXT(2) 
PARAMETRIC_REPRESENTATION_CONTEXT() REPRESENTATION_CONTEXT('2D SPACE',''
  ) );
#11476 = PCURVE('',#11477,#11482);
#11477 = PLANE('',#11478);
#11478 = AXIS2_PLACEMENT_3D('',#11479,#11480,#11481);
#11479 = CARTESIAN_POINT('',(-4.3,0.75,-4.3));
#11480 = DIRECTION('',(-0.,1.,0.));
#11481 = DIRECTION('',(0.,0.,1.));
#11482 = DEFINITIONAL_REPRESENTATION('',(#11483),#11487);
#11483 = LINE('',#11484,#11485);
#11484 = CARTESIAN_POINT('',(0.,0.));
#11485 = VECTOR('',#11486,1.);
#11486 = DIRECTION('',(1.,0.));
#11487 = ( GEOMETRIC_REPRESENTATION_CONTEXT(2) 
PARAMETRIC_REPRESENTATION_CONTEXT() REPRESENTATION_CONTEXT('2D SPACE',''
  ) );
#11488 = ORIENTED_EDGE('',*,*,#11489,.F.);
#11489 = EDGE_CURVE('',#11401,#11462,#11490,.T.);
#11490 = SURFACE_CURVE('',#11491,(#11495,#11502),.PCURVE_S1.);
#11491 = LINE('',#11492,#11493);
#11492 = CARTESIAN_POINT('',(-4.3,-0.75,4.3));
#11493 = VECTOR('',#11494,1.);
#11494 = DIRECTION('',(-0.,1.,0.));
#11495 = PCURVE('',#11409,#11496);
#11496 = DEFINITIONAL_REPRESENTATION('',(#11497),#11501);
#11497 = LINE('',#11498,#11499);
#11498 = CARTESIAN_POINT('',(8.6,0.));
#11499 = VECTOR('',#11500,1.);
#11500 = DIRECTION('',(0.,-1.));
#11501 = ( GEOMETRIC_REPRESENTATION_CONTEXT(2) 
PARAMETRIC_REPRESENTATION_CONTEXT() REPRESENTATION_CONTEXT('2D SPACE',''
  ) );
#11502 = PCURVE('',#11503,#11508);
#11503 = PLANE('',#11504);
#11504 = AXIS2_PLACEMENT_3D('',#11505,#11506,#11507);
#11505 = CARTESIAN_POINT('',(-4.3,-0.75,4.3));
#11506 = DIRECTION('',(0.,0.,1.));
#11507 = DIRECTION('',(1.,0.,-0.));
#11508 = DEFINITIONAL_REPRESENTATION('',(#11509),#11513);
#11509 = LINE('',#11510,#11511);
#11510 = CARTESIAN_POINT('',(0.,0.));
#11511 = VECTOR('',#11512,1.);
#11512 = DIRECTION('',(0.,1.));
#11513 = ( GEOMETRIC_REPRESENTATION_CONTEXT(2) 
PARAMETRIC_REPRESENTATION_CONTEXT() REPRESENTATION_CONTEXT('2D SPACE',''
  ) );
#11514 = ADVANCED_FACE('',(#11515),#11529,.T.);
#11515 = FACE_BOUND('',#11516,.T.);
#11516 = EDGE_LOOP('',(#11517,#11547,#11570,#11593));
#11517 = ORIENTED_EDGE('',*,*,#11518,.F.);
#11518 = EDGE_CURVE('',#11519,#11521,#11523,.T.);
#11519 = VERTEX_POINT('',#11520);
#11520 = CARTESIAN_POINT('',(4.3,-0.75,-4.3));
#11521 = VERTEX_POINT('',#11522);
#11522 = CARTESIAN_POINT('',(4.3,-0.75,4.3));
#11523 = SURFACE_CURVE('',#11524,(#11528,#11540),.PCURVE_S1.);
#11524 = LINE('',#11525,#11526);
#11525 = CARTESIAN_POINT('',(4.3,-0.75,-4.3));
#11526 = VECTOR('',#11527,1.);
#11527 = DIRECTION('',(0.,0.,1.));
#11528 = PCURVE('',#11529,#11534);
#11529 = PLANE('',#11530);
#11530 = AXIS2_PLACEMENT_3D('',#11531,#11532,#11533);
#11531 = CARTESIAN_POINT('',(4.3,-0.75,-4.3));
#11532 = DIRECTION('',(1.,0.,-0.));
#11533 = DIRECTION('',(0.,0.,1.));
#11534 = DEFINITIONAL_REPRESENTATION('',(#11535),#11539);
#11535 = LINE('',#11536,#11537);
#11536 = CARTESIAN_POINT('',(0.,0.));
#11537 = VECTOR('',#11538,1.);
#11538 = DIRECTION('',(1.,0.));
#11539 = ( GEOMETRIC_REPRESENTATION_CONTEXT(2) 
PARAMETRIC_REPRESENTATION_CONTEXT() REPRESENTATION_CONTEXT('2D SPACE',''
  ) );
#11540 = PCURVE('',#11421,#11541);
#11541 = DEFINITIONAL_REPRESENTATION('',(#11542),#11546);
#11542 = LINE('',#11543,#11544);
#11543 = CARTESIAN_POINT('',(0.,8.6));
#11544 = VECTOR('',#11545,1.);
#11545 = DIRECTION('',(1.,0.));
#11546 = ( GEOMETRIC_REPRESENTATION_CONTEXT(2) 
PARAMETRIC_REPRESENTATION_CONTEXT() REPRESENTATION_CONTEXT('2D SPACE',''
  ) );
#11547 = ORIENTED_EDGE('',*,*,#11548,.T.);
#11548 = EDGE_CURVE('',#11519,#11549,#11551,.T.);
#11549 = VERTEX_POINT('',#11550);
#11550 = CARTESIAN_POINT('',(4.3,0.75,-4.3));
#11551 = SURFACE_CURVE('',#11552,(#11556,#11563),.PCURVE_S1.);
#11552 = LINE('',#11553,#11554);
#11553 = CARTESIAN_POINT('',(4.3,-0.75,-4.3));
#11554 = VECTOR('',#11555,1.);
#11555 = DIRECTION('',(-0.,1.,0.));
#11556 = PCURVE('',#11529,#11557);
#11557 = DEFINITIONAL_REPRESENTATION('',(#11558),#11562);
#11558 = LINE('',#11559,#11560);
#11559 = CARTESIAN_POINT('',(0.,0.));
#11560 = VECTOR('',#11561,1.);
#11561 = DIRECTION('',(0.,-1.));
#11562 = ( GEOMETRIC_REPRESENTATION_CONTEXT(2) 
PARAMETRIC_REPRESENTATION_CONTEXT() REPRESENTATION_CONTEXT('2D SPACE',''
  ) );
#11563 = PCURVE('',#11449,#11564);
#11564 = DEFINITIONAL_REPRESENTATION('',(#11565),#11569);
#11565 = LINE('',#11566,#11567);
#11566 = CARTESIAN_POINT('',(8.6,0.));
#11567 = VECTOR('',#11568,1.);
#11568 = DIRECTION('',(0.,1.));
#11569 = ( GEOMETRIC_REPRESENTATION_CONTEXT(2) 
PARAMETRIC_REPRESENTATION_CONTEXT() REPRESENTATION_CONTEXT('2D SPACE',''
  ) );
#11570 = ORIENTED_EDGE('',*,*,#11571,.T.);
#11571 = EDGE_CURVE('',#11549,#11572,#11574,.T.);
#11572 = VERTEX_POINT('',#11573);
#11573 = CARTESIAN_POINT('',(4.3,0.75,4.3));
#11574 = SURFACE_CURVE('',#11575,(#11579,#11586),.PCURVE_S1.);
#11575 = LINE('',#11576,#11577);
#11576 = CARTESIAN_POINT('',(4.3,0.75,-4.3));
#11577 = VECTOR('',#11578,1.);
#11578 = DIRECTION('',(0.,0.,1.));
#11579 = PCURVE('',#11529,#11580);
#11580 = DEFINITIONAL_REPRESENTATION('',(#11581),#11585);
#11581 = LINE('',#11582,#11583);
#11582 = CARTESIAN_POINT('',(0.,-1.5));
#11583 = VECTOR('',#11584,1.);
#11584 = DIRECTION('',(1.,0.));
#11585 = ( GEOMETRIC_REPRESENTATION_CONTEXT(2) 
PARAMETRIC_REPRESENTATION_CONTEXT() REPRESENTATION_CONTEXT('2D SPACE',''
  ) );
#11586 = PCURVE('',#11477,#11587);
#11587 = DEFINITIONAL_REPRESENTATION('',(#11588),#11592);
#11588 = LINE('',#11589,#11590);
#11589 = CARTESIAN_POINT('',(0.,8.6));
#11590 = VECTOR('',#11591,1.);
#11591 = DIRECTION('',(1.,0.));
#11592 = ( GEOMETRIC_REPRESENTATION_CONTEXT(2) 
PARAMETRIC_REPRESENTATION_CONTEXT() REPRESENTATION_CONTEXT('2D SPACE',''
  ) );
#11593 = ORIENTED_EDGE('',*,*,#11594,.F.);
#11594 = EDGE_CURVE('',#11521,#11572,#11595,.T.);
#11595 = SURFACE_CURVE('',#11596,(#11600,#11607),.PCURVE_S1.);
#11596 = LINE('',#11597,#11598);
#11597 = CARTESIAN_POINT('',(4.3,-0.75,4.3));
#11598 = VECTOR('',#11599,1.);
#11599 = DIRECTION('',(-0.,1.,0.));
#11600 = PCURVE('',#11529,#11601);
#11601 = DEFINITIONAL_REPRESENTATION('',(#11602),#11606);
#11602 = LINE('',#11603,#11604);
#11603 = CARTESIAN_POINT('',(8.6,0.));
#11604 = VECTOR('',#11605,1.);
#11605 = DIRECTION('',(0.,-1.));
#11606 = ( GEOMETRIC_REPRESENTATION_CONTEXT(2) 
PARAMETRIC_REPRESENTATION_CONTEXT() REPRESENTATION_CONTEXT('2D SPACE',''
  ) );
#11607 = PCURVE('',#11503,#11608);
#11608 = DEFINITIONAL_REPRESENTATION('',(#11609),#11613);
#11609 = LINE('',#11610,#11611);
#11610 = CARTESIAN_POINT('',(8.6,0.));
#11611 = VECTOR('',#11612,1.);
#11612 = DIRECTION('',(0.,1.));
#11613 = ( GEOMETRIC_REPRESENTATION_CONTEXT(2) 
PARAMETRIC_REPRESENTATION_CONTEXT() REPRESENTATION_CONTEXT('2D SPACE',''
  ) );
#11614 = ADVANCED_FACE('',(#11615),#11421,.F.);
#11615 = FACE_BOUND('',#11616,.F.);
#11616 = EDGE_LOOP('',(#11617,#11638,#11639,#11660));
#11617 = ORIENTED_EDGE('',*,*,#11618,.F.);
#11618 = EDGE_CURVE('',#11399,#11519,#11619,.T.);
#11619 = SURFACE_CURVE('',#11620,(#11624,#11631),.PCURVE_S1.);
#11620 = LINE('',#11621,#11622);
#11621 = CARTESIAN_POINT('',(-4.3,-0.75,-4.3));
#11622 = VECTOR('',#11623,1.);
#11623 = DIRECTION('',(1.,0.,-0.));
#11624 = PCURVE('',#11421,#11625);
#11625 = DEFINITIONAL_REPRESENTATION('',(#11626),#11630);
#11626 = LINE('',#11627,#11628);
#11627 = CARTESIAN_POINT('',(0.,0.));
#11628 = VECTOR('',#11629,1.);
#11629 = DIRECTION('',(0.,1.));
#11630 = ( GEOMETRIC_REPRESENTATION_CONTEXT(2) 
PARAMETRIC_REPRESENTATION_CONTEXT() REPRESENTATION_CONTEXT('2D SPACE',''
  ) );
#11631 = PCURVE('',#11449,#11632);
#11632 = DEFINITIONAL_REPRESENTATION('',(#11633),#11637);
#11633 = LINE('',#11634,#11635);
#11634 = CARTESIAN_POINT('',(0.,0.));
#11635 = VECTOR('',#11636,1.);
#11636 = DIRECTION('',(1.,0.));
#11637 = ( GEOMETRIC_REPRESENTATION_CONTEXT(2) 
PARAMETRIC_REPRESENTATION_CONTEXT() REPRESENTATION_CONTEXT('2D SPACE',''
  ) );
#11638 = ORIENTED_EDGE('',*,*,#11398,.T.);
#11639 = ORIENTED_EDGE('',*,*,#11640,.T.);
#11640 = EDGE_CURVE('',#11401,#11521,#11641,.T.);
#11641 = SURFACE_CURVE('',#11642,(#11646,#11653),.PCURVE_S1.);
#11642 = LINE('',#11643,#11644);
#11643 = CARTESIAN_POINT('',(-4.3,-0.75,4.3));
#11644 = VECTOR('',#11645,1.);
#11645 = DIRECTION('',(1.,0.,-0.));
#11646 = PCURVE('',#11421,#11647);
#11647 = DEFINITIONAL_REPRESENTATION('',(#11648),#11652);
#11648 = LINE('',#11649,#11650);
#11649 = CARTESIAN_POINT('',(8.6,0.));
#11650 = VECTOR('',#11651,1.);
#11651 = DIRECTION('',(0.,1.));
#11652 = ( GEOMETRIC_REPRESENTATION_CONTEXT(2) 
PARAMETRIC_REPRESENTATION_CONTEXT() REPRESENTATION_CONTEXT('2D SPACE',''
  ) );
#11653 = PCURVE('',#11503,#11654);
#11654 = DEFINITIONAL_REPRESENTATION('',(#11655),#11659);
#11655 = LINE('',#11656,#11657);
#11656 = CARTESIAN_POINT('',(0.,0.));
#11657 = VECTOR('',#11658,1.);
#11658 = DIRECTION('',(1.,0.));
#11659 = ( GEOMETRIC_REPRESENTATION_CONTEXT(2) 
PARAMETRIC_REPRESENTATION_CONTEXT() REPRESENTATION_CONTEXT('2D SPACE',''
  ) );
#11660 = ORIENTED_EDGE('',*,*,#11518,.F.);
#11661 = ADVANCED_FACE('',(#11662),#11477,.T.);
#11662 = FACE_BOUND('',#11663,.T.);
#11663 = EDGE_LOOP('',(#11664,#11685,#11686,#11707));
#11664 = ORIENTED_EDGE('',*,*,#11665,.F.);
#11665 = EDGE_CURVE('',#11434,#11549,#11666,.T.);
#11666 = SURFACE_CURVE('',#11667,(#11671,#11678),.PCURVE_S1.);
#11667 = LINE('',#11668,#11669);
#11668 = CARTESIAN_POINT('',(-4.3,0.75,-4.3));
#11669 = VECTOR('',#11670,1.);
#11670 = DIRECTION('',(1.,0.,-0.));
#11671 = PCURVE('',#11477,#11672);
#11672 = DEFINITIONAL_REPRESENTATION('',(#11673),#11677);
#11673 = LINE('',#11674,#11675);
#11674 = CARTESIAN_POINT('',(0.,0.));
#11675 = VECTOR('',#11676,1.);
#11676 = DIRECTION('',(0.,1.));
#11677 = ( GEOMETRIC_REPRESENTATION_CONTEXT(2) 
PARAMETRIC_REPRESENTATION_CONTEXT() REPRESENTATION_CONTEXT('2D SPACE',''
  ) );
#11678 = PCURVE('',#11449,#11679);
#11679 = DEFINITIONAL_REPRESENTATION('',(#11680),#11684);
#11680 = LINE('',#11681,#11682);
#11681 = CARTESIAN_POINT('',(0.,1.5));
#11682 = VECTOR('',#11683,1.);
#11683 = DIRECTION('',(1.,0.));
#11684 = ( GEOMETRIC_REPRESENTATION_CONTEXT(2) 
PARAMETRIC_REPRESENTATION_CONTEXT() REPRESENTATION_CONTEXT('2D SPACE',''
  ) );
#11685 = ORIENTED_EDGE('',*,*,#11461,.T.);
#11686 = ORIENTED_EDGE('',*,*,#11687,.T.);
#11687 = EDGE_CURVE('',#11462,#11572,#11688,.T.);
#11688 = SURFACE_CURVE('',#11689,(#11693,#11700),.PCURVE_S1.);
#11689 = LINE('',#11690,#11691);
#11690 = CARTESIAN_POINT('',(-4.3,0.75,4.3));
#11691 = VECTOR('',#11692,1.);
#11692 = DIRECTION('',(1.,0.,-0.));
#11693 = PCURVE('',#11477,#11694);
#11694 = DEFINITIONAL_REPRESENTATION('',(#11695),#11699);
#11695 = LINE('',#11696,#11697);
#11696 = CARTESIAN_POINT('',(8.6,0.));
#11697 = VECTOR('',#11698,1.);
#11698 = DIRECTION('',(0.,1.));
#11699 = ( GEOMETRIC_REPRESENTATION_CONTEXT(2) 
PARAMETRIC_REPRESENTATION_CONTEXT() REPRESENTATION_CONTEXT('2D SPACE',''
  ) );
#11700 = PCURVE('',#11503,#11701);
#11701 = DEFINITIONAL_REPRESENTATION('',(#11702),#11706);
#11702 = LINE('',#11703,#11704);
#11703 = CARTESIAN_POINT('',(0.,1.5));
#11704 = VECTOR('',#11705,1.);
#11705 = DIRECTION('',(1.,0.));
#11706 = ( GEOMETRIC_REPRESENTATION_CONTEXT(2) 
PARAMETRIC_REPRESENTATION_CONTEXT() REPRESENTATION_CONTEXT('2D SPACE',''
  ) );
#11707 = ORIENTED_EDGE('',*,*,#11571,.F.);
#11708 = ADVANCED_FACE('',(#11709),#11449,.F.);
#11709 = FACE_BOUND('',#11710,.F.);
#11710 = EDGE_LOOP('',(#11711,#11712,#11713,#11714));
#11711 = ORIENTED_EDGE('',*,*,#11433,.F.);
#11712 = ORIENTED_EDGE('',*,*,#11618,.T.);
#11713 = ORIENTED_EDGE('',*,*,#11548,.T.);
#11714 = ORIENTED_EDGE('',*,*,#11665,.F.);
#11715 = ADVANCED_FACE('',(#11716),#11503,.T.);
#11716 = FACE_BOUND('',#11717,.T.);
#11717 = EDGE_LOOP('',(#11718,#11719,#11720,#11721));
#11718 = ORIENTED_EDGE('',*,*,#11489,.F.);
#11719 = ORIENTED_EDGE('',*,*,#11640,.T.);
#11720 = ORIENTED_EDGE('',*,*,#11594,.T.);
#11721 = ORIENTED_EDGE('',*,*,#11687,.F.);
#11722 = ( GEOMETRIC_REPRESENTATION_CONTEXT(3) 
GLOBAL_UNCERTAINTY_ASSIGNED_CONTEXT((#11726)) 
GLOBAL_UNIT_ASSIGNED_CONTEXT((#11723,#11724,#11725)) 
REPRESENTATION_CONTEXT('Context #1',
  '3D Context with UNIT and UNCERTAINTY') );
#11723 = ( LENGTH_UNIT() NAMED_UNIT(*) SI_UNIT(.MILLI.,.METRE.) );
#11724 = ( NAMED_UNIT(*) PLANE_ANGLE_UNIT() SI_UNIT($,.RADIAN.) );
#11725 = ( NAMED_UNIT(*) SI_UNIT($,.STERADIAN.) SOLID_ANGLE_UNIT() );
#11726 = UNCERTAINTY_MEASURE_WITH_UNIT(LENGTH_MEASURE(1.E-07),#11723,
  'distance_accuracy_value','confusion accuracy');
#11727 = CONTEXT_DEPENDENT_SHAPE_REPRESENTATION(#11728,#11730);
#11728 = ( REPRESENTATION_RELATIONSHIP('','',#11391,#10) 
REPRESENTATION_RELATIONSHIP_WITH_TRANSFORMATION(#11729) 
SHAPE_REPRESENTATION_RELATIONSHIP() );
#11729 = ITEM_DEFINED_TRANSFORMATION('','',#11,#39);
#11730 = PRODUCT_DEFINITION_SHAPE('Placement','Placement of an item',
  #11731);
#11731 = NEXT_ASSEMBLY_USAGE_OCCURRENCE('81','left_arm_locknut','',#5,
  #11386,$);
#11732 = PRODUCT_RELATED_PRODUCT_CATEGORY('part',$,(#11388));
#11733 = SHAPE_DEFINITION_REPRESENTATION(#11734,#11740);
#11734 = PRODUCT_DEFINITION_SHAPE('','',#11735);
#11735 = PRODUCT_DEFINITION('design','',#11736,#11739);
#11736 = PRODUCT_DEFINITION_FORMATION('','',#11737);
#11737 = PRODUCT('right_arm_locknut','right_arm_locknut','',(#11738));
#11738 = PRODUCT_CONTEXT('',#2,'mechanical');
#11739 = PRODUCT_DEFINITION_CONTEXT('part definition',#2,'design');
#11740 = ADVANCED_BREP_SHAPE_REPRESENTATION('',(#11,#11741),#12071);
#11741 = MANIFOLD_SOLID_BREP('',#11742);
#11742 = CLOSED_SHELL('',(#11743,#11863,#11963,#12010,#12057,#12064));
#11743 = ADVANCED_FACE('',(#11744),#11758,.F.);
#11744 = FACE_BOUND('',#11745,.F.);
#11745 = EDGE_LOOP('',(#11746,#11781,#11809,#11837));
#11746 = ORIENTED_EDGE('',*,*,#11747,.F.);
#11747 = EDGE_CURVE('',#11748,#11750,#11752,.T.);
#11748 = VERTEX_POINT('',#11749);
#11749 = CARTESIAN_POINT('',(-4.3,-0.75,-4.3));
#11750 = VERTEX_POINT('',#11751);
#11751 = CARTESIAN_POINT('',(-4.3,-0.75,4.3));
#11752 = SURFACE_CURVE('',#11753,(#11757,#11769),.PCURVE_S1.);
#11753 = LINE('',#11754,#11755);
#11754 = CARTESIAN_POINT('',(-4.3,-0.75,-4.3));
#11755 = VECTOR('',#11756,1.);
#11756 = DIRECTION('',(0.,0.,1.));
#11757 = PCURVE('',#11758,#11763);
#11758 = PLANE('',#11759);
#11759 = AXIS2_PLACEMENT_3D('',#11760,#11761,#11762);
#11760 = CARTESIAN_POINT('',(-4.3,-0.75,-4.3));
#11761 = DIRECTION('',(1.,0.,-0.));
#11762 = DIRECTION('',(0.,0.,1.));
#11763 = DEFINITIONAL_REPRESENTATION('',(#11764),#11768);
#11764 = LINE('',#11765,#11766);
#11765 = CARTESIAN_POINT('',(0.,0.));
#11766 = VECTOR('',#11767,1.);
#11767 = DIRECTION('',(1.,0.));
#11768 = ( GEOMETRIC_REPRESENTATION_CONTEXT(2) 
PARAMETRIC_REPRESENTATION_CONTEXT() REPRESENTATION_CONTEXT('2D SPACE',''
  ) );
#11769 = PCURVE('',#11770,#11775);
#11770 = PLANE('',#11771);
#11771 = AXIS2_PLACEMENT_3D('',#11772,#11773,#11774);
#11772 = CARTESIAN_POINT('',(-4.3,-0.75,-4.3));
#11773 = DIRECTION('',(-0.,1.,0.));
#11774 = DIRECTION('',(0.,0.,1.));
#11775 = DEFINITIONAL_REPRESENTATION('',(#11776),#11780);
#11776 = LINE('',#11777,#11778);
#11777 = CARTESIAN_POINT('',(0.,0.));
#11778 = VECTOR('',#11779,1.);
#11779 = DIRECTION('',(1.,0.));
#11780 = ( GEOMETRIC_REPRESENTATION_CONTEXT(2) 
PARAMETRIC_REPRESENTATION_CONTEXT() REPRESENTATION_CONTEXT('2D SPACE',''
  ) );
#11781 = ORIENTED_EDGE('',*,*,#11782,.T.);
#11782 = EDGE_CURVE('',#11748,#11783,#11785,.T.);
#11783 = VERTEX_POINT('',#11784);
#11784 = CARTESIAN_POINT('',(-4.3,0.75,-4.3));
#11785 = SURFACE_CURVE('',#11786,(#11790,#11797),.PCURVE_S1.);
#11786 = LINE('',#11787,#11788);
#11787 = CARTESIAN_POINT('',(-4.3,-0.75,-4.3));
#11788 = VECTOR('',#11789,1.);
#11789 = DIRECTION('',(-0.,1.,0.));
#11790 = PCURVE('',#11758,#11791);
#11791 = DEFINITIONAL_REPRESENTATION('',(#11792),#11796);
#11792 = LINE('',#11793,#11794);
#11793 = CARTESIAN_POINT('',(0.,0.));
#11794 = VECTOR('',#11795,1.);
#11795 = DIRECTION('',(0.,-1.));
#11796 = ( GEOMETRIC_REPRESENTATION_CONTEXT(2) 
PARAMETRIC_REPRESENTATION_CONTEXT() REPRESENTATION_CONTEXT('2D SPACE',''
  ) );
#11797 = PCURVE('',#11798,#11803);
#11798 = PLANE('',#11799);
#11799 = AXIS2_PLACEMENT_3D('',#11800,#11801,#11802);
#11800 = CARTESIAN_POINT('',(-4.3,-0.75,-4.3));
#11801 = DIRECTION('',(0.,0.,1.));
#11802 = DIRECTION('',(1.,0.,-0.));
#11803 = DEFINITIONAL_REPRESENTATION('',(#11804),#11808);
#11804 = LINE('',#11805,#11806);
#11805 = CARTESIAN_POINT('',(0.,0.));
#11806 = VECTOR('',#11807,1.);
#11807 = DIRECTION('',(0.,1.));
#11808 = ( GEOMETRIC_REPRESENTATION_CONTEXT(2) 
PARAMETRIC_REPRESENTATION_CONTEXT() REPRESENTATION_CONTEXT('2D SPACE',''
  ) );
#11809 = ORIENTED_EDGE('',*,*,#11810,.T.);
#11810 = EDGE_CURVE('',#11783,#11811,#11813,.T.);
#11811 = VERTEX_POINT('',#11812);
#11812 = CARTESIAN_POINT('',(-4.3,0.75,4.3));
#11813 = SURFACE_CURVE('',#11814,(#11818,#11825),.PCURVE_S1.);
#11814 = LINE('',#11815,#11816);
#11815 = CARTESIAN_POINT('',(-4.3,0.75,-4.3));
#11816 = VECTOR('',#11817,1.);
#11817 = DIRECTION('',(0.,0.,1.));
#11818 = PCURVE('',#11758,#11819);
#11819 = DEFINITIONAL_REPRESENTATION('',(#11820),#11824);
#11820 = LINE('',#11821,#11822);
#11821 = CARTESIAN_POINT('',(0.,-1.5));
#11822 = VECTOR('',#11823,1.);
#11823 = DIRECTION('',(1.,0.));
#11824 = ( GEOMETRIC_REPRESENTATION_CONTEXT(2) 
PARAMETRIC_REPRESENTATION_CONTEXT() REPRESENTATION_CONTEXT('2D SPACE',''
  ) );
#11825 = PCURVE('',#11826,#11831);
#11826 = PLANE('',#11827);
#11827 = AXIS2_PLACEMENT_3D('',#11828,#11829,#11830);
#11828 = CARTESIAN_POINT('',(-4.3,0.75,-4.3));
#11829 = DIRECTION('',(-0.,1.,0.));
#11830 = DIRECTION('',(0.,0.,1.));
#11831 = DEFINITIONAL_REPRESENTATION('',(#11832),#11836);
#11832 = LINE('',#11833,#11834);
#11833 = CARTESIAN_POINT('',(0.,0.));
#11834 = VECTOR('',#11835,1.);
#11835 = DIRECTION('',(1.,0.));
#11836 = ( GEOMETRIC_REPRESENTATION_CONTEXT(2) 
PARAMETRIC_REPRESENTATION_CONTEXT() REPRESENTATION_CONTEXT('2D SPACE',''
  ) );
#11837 = ORIENTED_EDGE('',*,*,#11838,.F.);
#11838 = EDGE_CURVE('',#11750,#11811,#11839,.T.);
#11839 = SURFACE_CURVE('',#11840,(#11844,#11851),.PCURVE_S1.);
#11840 = LINE('',#11841,#11842);
#11841 = CARTESIAN_POINT('',(-4.3,-0.75,4.3));
#11842 = VECTOR('',#11843,1.);
#11843 = DIRECTION('',(-0.,1.,0.));
#11844 = PCURVE('',#11758,#11845);
#11845 = DEFINITIONAL_REPRESENTATION('',(#11846),#11850);
#11846 = LINE('',#11847,#11848);
#11847 = CARTESIAN_POINT('',(8.6,0.));
#11848 = VECTOR('',#11849,1.);
#11849 = DIRECTION('',(0.,-1.));
#11850 = ( GEOMETRIC_REPRESENTATION_CONTEXT(2) 
PARAMETRIC_REPRESENTATION_CONTEXT() REPRESENTATION_CONTEXT('2D SPACE',''
  ) );
#11851 = PCURVE('',#11852,#11857);
#11852 = PLANE('',#11853);
#11853 = AXIS2_PLACEMENT_3D('',#11854,#11855,#11856);
#11854 = CARTESIAN_POINT('',(-4.3,-0.75,4.3));
#11855 = DIRECTION('',(0.,0.,1.));
#11856 = DIRECTION('',(1.,0.,-0.));
#11857 = DEFINITIONAL_REPRESENTATION('',(#11858),#11862);
#11858 = LINE('',#11859,#11860);
#11859 = CARTESIAN_POINT('',(0.,0.));
#11860 = VECTOR('',#11861,1.);
#11861 = DIRECTION('',(0.,1.));
#11862 = ( GEOMETRIC_REPRESENTATION_CONTEXT(2) 
PARAMETRIC_REPRESENTATION_CONTEXT() REPRESENTATION_CONTEXT('2D SPACE',''
  ) );
#11863 = ADVANCED_FACE('',(#11864),#11878,.T.);
#11864 = FACE_BOUND('',#11865,.T.);
#11865 = EDGE_LOOP('',(#11866,#11896,#11919,#11942));
#11866 = ORIENTED_EDGE('',*,*,#11867,.F.);
#11867 = EDGE_CURVE('',#11868,#11870,#11872,.T.);
#11868 = VERTEX_POINT('',#11869);
#11869 = CARTESIAN_POINT('',(4.3,-0.75,-4.3));
#11870 = VERTEX_POINT('',#11871);
#11871 = CARTESIAN_POINT('',(4.3,-0.75,4.3));
#11872 = SURFACE_CURVE('',#11873,(#11877,#11889),.PCURVE_S1.);
#11873 = LINE('',#11874,#11875);
#11874 = CARTESIAN_POINT('',(4.3,-0.75,-4.3));
#11875 = VECTOR('',#11876,1.);
#11876 = DIRECTION('',(0.,0.,1.));
#11877 = PCURVE('',#11878,#11883);
#11878 = PLANE('',#11879);
#11879 = AXIS2_PLACEMENT_3D('',#11880,#11881,#11882);
#11880 = CARTESIAN_POINT('',(4.3,-0.75,-4.3));
#11881 = DIRECTION('',(1.,0.,-0.));
#11882 = DIRECTION('',(0.,0.,1.));
#11883 = DEFINITIONAL_REPRESENTATION('',(#11884),#11888);
#11884 = LINE('',#11885,#11886);
#11885 = CARTESIAN_POINT('',(0.,0.));
#11886 = VECTOR('',#11887,1.);
#11887 = DIRECTION('',(1.,0.));
#11888 = ( GEOMETRIC_REPRESENTATION_CONTEXT(2) 
PARAMETRIC_REPRESENTATION_CONTEXT() REPRESENTATION_CONTEXT('2D SPACE',''
  ) );
#11889 = PCURVE('',#11770,#11890);
#11890 = DEFINITIONAL_REPRESENTATION('',(#11891),#11895);
#11891 = LINE('',#11892,#11893);
#11892 = CARTESIAN_POINT('',(0.,8.6));
#11893 = VECTOR('',#11894,1.);
#11894 = DIRECTION('',(1.,0.));
#11895 = ( GEOMETRIC_REPRESENTATION_CONTEXT(2) 
PARAMETRIC_REPRESENTATION_CONTEXT() REPRESENTATION_CONTEXT('2D SPACE',''
  ) );
#11896 = ORIENTED_EDGE('',*,*,#11897,.T.);
#11897 = EDGE_CURVE('',#11868,#11898,#11900,.T.);
#11898 = VERTEX_POINT('',#11899);
#11899 = CARTESIAN_POINT('',(4.3,0.75,-4.3));
#11900 = SURFACE_CURVE('',#11901,(#11905,#11912),.PCURVE_S1.);
#11901 = LINE('',#11902,#11903);
#11902 = CARTESIAN_POINT('',(4.3,-0.75,-4.3));
#11903 = VECTOR('',#11904,1.);
#11904 = DIRECTION('',(-0.,1.,0.));
#11905 = PCURVE('',#11878,#11906);
#11906 = DEFINITIONAL_REPRESENTATION('',(#11907),#11911);
#11907 = LINE('',#11908,#11909);
#11908 = CARTESIAN_POINT('',(0.,0.));
#11909 = VECTOR('',#11910,1.);
#11910 = DIRECTION('',(0.,-1.));
#11911 = ( GEOMETRIC_REPRESENTATION_CONTEXT(2) 
PARAMETRIC_REPRESENTATION_CONTEXT() REPRESENTATION_CONTEXT('2D SPACE',''
  ) );
#11912 = PCURVE('',#11798,#11913);
#11913 = DEFINITIONAL_REPRESENTATION('',(#11914),#11918);
#11914 = LINE('',#11915,#11916);
#11915 = CARTESIAN_POINT('',(8.6,0.));
#11916 = VECTOR('',#11917,1.);
#11917 = DIRECTION('',(0.,1.));
#11918 = ( GEOMETRIC_REPRESENTATION_CONTEXT(2) 
PARAMETRIC_REPRESENTATION_CONTEXT() REPRESENTATION_CONTEXT('2D SPACE',''
  ) );
#11919 = ORIENTED_EDGE('',*,*,#11920,.T.);
#11920 = EDGE_CURVE('',#11898,#11921,#11923,.T.);
#11921 = VERTEX_POINT('',#11922);
#11922 = CARTESIAN_POINT('',(4.3,0.75,4.3));
#11923 = SURFACE_CURVE('',#11924,(#11928,#11935),.PCURVE_S1.);
#11924 = LINE('',#11925,#11926);
#11925 = CARTESIAN_POINT('',(4.3,0.75,-4.3));
#11926 = VECTOR('',#11927,1.);
#11927 = DIRECTION('',(0.,0.,1.));
#11928 = PCURVE('',#11878,#11929);
#11929 = DEFINITIONAL_REPRESENTATION('',(#11930),#11934);
#11930 = LINE('',#11931,#11932);
#11931 = CARTESIAN_POINT('',(0.,-1.5));
#11932 = VECTOR('',#11933,1.);
#11933 = DIRECTION('',(1.,0.));
#11934 = ( GEOMETRIC_REPRESENTATION_CONTEXT(2) 
PARAMETRIC_REPRESENTATION_CONTEXT() REPRESENTATION_CONTEXT('2D SPACE',''
  ) );
#11935 = PCURVE('',#11826,#11936);
#11936 = DEFINITIONAL_REPRESENTATION('',(#11937),#11941);
#11937 = LINE('',#11938,#11939);
#11938 = CARTESIAN_POINT('',(0.,8.6));
#11939 = VECTOR('',#11940,1.);
#11940 = DIRECTION('',(1.,0.));
#11941 = ( GEOMETRIC_REPRESENTATION_CONTEXT(2) 
PARAMETRIC_REPRESENTATION_CONTEXT() REPRESENTATION_CONTEXT('2D SPACE',''
  ) );
#11942 = ORIENTED_EDGE('',*,*,#11943,.F.);
#11943 = EDGE_CURVE('',#11870,#11921,#11944,.T.);
#11944 = SURFACE_CURVE('',#11945,(#11949,#11956),.PCURVE_S1.);
#11945 = LINE('',#11946,#11947);
#11946 = CARTESIAN_POINT('',(4.3,-0.75,4.3));
#11947 = VECTOR('',#11948,1.);
#11948 = DIRECTION('',(-0.,1.,0.));
#11949 = PCURVE('',#11878,#11950);
#11950 = DEFINITIONAL_REPRESENTATION('',(#11951),#11955);
#11951 = LINE('',#11952,#11953);
#11952 = CARTESIAN_POINT('',(8.6,0.));
#11953 = VECTOR('',#11954,1.);
#11954 = DIRECTION('',(0.,-1.));
#11955 = ( GEOMETRIC_REPRESENTATION_CONTEXT(2) 
PARAMETRIC_REPRESENTATION_CONTEXT() REPRESENTATION_CONTEXT('2D SPACE',''
  ) );
#11956 = PCURVE('',#11852,#11957);
#11957 = DEFINITIONAL_REPRESENTATION('',(#11958),#11962);
#11958 = LINE('',#11959,#11960);
#11959 = CARTESIAN_POINT('',(8.6,0.));
#11960 = VECTOR('',#11961,1.);
#11961 = DIRECTION('',(0.,1.));
#11962 = ( GEOMETRIC_REPRESENTATION_CONTEXT(2) 
PARAMETRIC_REPRESENTATION_CONTEXT() REPRESENTATION_CONTEXT('2D SPACE',''
  ) );
#11963 = ADVANCED_FACE('',(#11964),#11770,.F.);
#11964 = FACE_BOUND('',#11965,.F.);
#11965 = EDGE_LOOP('',(#11966,#11987,#11988,#12009));
#11966 = ORIENTED_EDGE('',*,*,#11967,.F.);
#11967 = EDGE_CURVE('',#11748,#11868,#11968,.T.);
#11968 = SURFACE_CURVE('',#11969,(#11973,#11980),.PCURVE_S1.);
#11969 = LINE('',#11970,#11971);
#11970 = CARTESIAN_POINT('',(-4.3,-0.75,-4.3));
#11971 = VECTOR('',#11972,1.);
#11972 = DIRECTION('',(1.,0.,-0.));
#11973 = PCURVE('',#11770,#11974);
#11974 = DEFINITIONAL_REPRESENTATION('',(#11975),#11979);
#11975 = LINE('',#11976,#11977);
#11976 = CARTESIAN_POINT('',(0.,0.));
#11977 = VECTOR('',#11978,1.);
#11978 = DIRECTION('',(0.,1.));
#11979 = ( GEOMETRIC_REPRESENTATION_CONTEXT(2) 
PARAMETRIC_REPRESENTATION_CONTEXT() REPRESENTATION_CONTEXT('2D SPACE',''
  ) );
#11980 = PCURVE('',#11798,#11981);
#11981 = DEFINITIONAL_REPRESENTATION('',(#11982),#11986);
#11982 = LINE('',#11983,#11984);
#11983 = CARTESIAN_POINT('',(0.,0.));
#11984 = VECTOR('',#11985,1.);
#11985 = DIRECTION('',(1.,0.));
#11986 = ( GEOMETRIC_REPRESENTATION_CONTEXT(2) 
PARAMETRIC_REPRESENTATION_CONTEXT() REPRESENTATION_CONTEXT('2D SPACE',''
  ) );
#11987 = ORIENTED_EDGE('',*,*,#11747,.T.);
#11988 = ORIENTED_EDGE('',*,*,#11989,.T.);
#11989 = EDGE_CURVE('',#11750,#11870,#11990,.T.);
#11990 = SURFACE_CURVE('',#11991,(#11995,#12002),.PCURVE_S1.);
#11991 = LINE('',#11992,#11993);
#11992 = CARTESIAN_POINT('',(-4.3,-0.75,4.3));
#11993 = VECTOR('',#11994,1.);
#11994 = DIRECTION('',(1.,0.,-0.));
#11995 = PCURVE('',#11770,#11996);
#11996 = DEFINITIONAL_REPRESENTATION('',(#11997),#12001);
#11997 = LINE('',#11998,#11999);
#11998 = CARTESIAN_POINT('',(8.6,0.));
#11999 = VECTOR('',#12000,1.);
#12000 = DIRECTION('',(0.,1.));
#12001 = ( GEOMETRIC_REPRESENTATION_CONTEXT(2) 
PARAMETRIC_REPRESENTATION_CONTEXT() REPRESENTATION_CONTEXT('2D SPACE',''
  ) );
#12002 = PCURVE('',#11852,#12003);
#12003 = DEFINITIONAL_REPRESENTATION('',(#12004),#12008);
#12004 = LINE('',#12005,#12006);
#12005 = CARTESIAN_POINT('',(0.,0.));
#12006 = VECTOR('',#12007,1.);
#12007 = DIRECTION('',(1.,0.));
#12008 = ( GEOMETRIC_REPRESENTATION_CONTEXT(2) 
PARAMETRIC_REPRESENTATION_CONTEXT() REPRESENTATION_CONTEXT('2D SPACE',''
  ) );
#12009 = ORIENTED_EDGE('',*,*,#11867,.F.);
#12010 = ADVANCED_FACE('',(#12011),#11826,.T.);
#12011 = FACE_BOUND('',#12012,.T.);
#12012 = EDGE_LOOP('',(#12013,#12034,#12035,#12056));
#12013 = ORIENTED_EDGE('',*,*,#12014,.F.);
#12014 = EDGE_CURVE('',#11783,#11898,#12015,.T.);
#12015 = SURFACE_CURVE('',#12016,(#12020,#12027),.PCURVE_S1.);
#12016 = LINE('',#12017,#12018);
#12017 = CARTESIAN_POINT('',(-4.3,0.75,-4.3));
#12018 = VECTOR('',#12019,1.);
#12019 = DIRECTION('',(1.,0.,-0.));
#12020 = PCURVE('',#11826,#12021);
#12021 = DEFINITIONAL_REPRESENTATION('',(#12022),#12026);
#12022 = LINE('',#12023,#12024);
#12023 = CARTESIAN_POINT('',(0.,0.));
#12024 = VECTOR('',#12025,1.);
#12025 = DIRECTION('',(0.,1.));
#12026 = ( GEOMETRIC_REPRESENTATION_CONTEXT(2) 
PARAMETRIC_REPRESENTATION_CONTEXT() REPRESENTATION_CONTEXT('2D SPACE',''
  ) );
#12027 = PCURVE('',#11798,#12028);
#12028 = DEFINITIONAL_REPRESENTATION('',(#12029),#12033);
#12029 = LINE('',#12030,#12031);
#12030 = CARTESIAN_POINT('',(0.,1.5));
#12031 = VECTOR('',#12032,1.);
#12032 = DIRECTION('',(1.,0.));
#12033 = ( GEOMETRIC_REPRESENTATION_CONTEXT(2) 
PARAMETRIC_REPRESENTATION_CONTEXT() REPRESENTATION_CONTEXT('2D SPACE',''
  ) );
#12034 = ORIENTED_EDGE('',*,*,#11810,.T.);
#12035 = ORIENTED_EDGE('',*,*,#12036,.T.);
#12036 = EDGE_CURVE('',#11811,#11921,#12037,.T.);
#12037 = SURFACE_CURVE('',#12038,(#12042,#12049),.PCURVE_S1.);
#12038 = LINE('',#12039,#12040);
#12039 = CARTESIAN_POINT('',(-4.3,0.75,4.3));
#12040 = VECTOR('',#12041,1.);
#12041 = DIRECTION('',(1.,0.,-0.));
#12042 = PCURVE('',#11826,#12043);
#12043 = DEFINITIONAL_REPRESENTATION('',(#12044),#12048);
#12044 = LINE('',#12045,#12046);
#12045 = CARTESIAN_POINT('',(8.6,0.));
#12046 = VECTOR('',#12047,1.);
#12047 = DIRECTION('',(0.,1.));
#12048 = ( GEOMETRIC_REPRESENTATION_CONTEXT(2) 
PARAMETRIC_REPRESENTATION_CONTEXT() REPRESENTATION_CONTEXT('2D SPACE',''
  ) );
#12049 = PCURVE('',#11852,#12050);
#12050 = DEFINITIONAL_REPRESENTATION('',(#12051),#12055);
#12051 = LINE('',#12052,#12053);
#12052 = CARTESIAN_POINT('',(0.,1.5));
#12053 = VECTOR('',#12054,1.);
#12054 = DIRECTION('',(1.,0.));
#12055 = ( GEOMETRIC_REPRESENTATION_CONTEXT(2) 
PARAMETRIC_REPRESENTATION_CONTEXT() REPRESENTATION_CONTEXT('2D SPACE',''
  ) );
#12056 = ORIENTED_EDGE('',*,*,#11920,.F.);
#12057 = ADVANCED_FACE('',(#12058),#11798,.F.);
#12058 = FACE_BOUND('',#12059,.F.);
#12059 = EDGE_LOOP('',(#12060,#12061,#12062,#12063));
#12060 = ORIENTED_EDGE('',*,*,#11782,.F.);
#12061 = ORIENTED_EDGE('',*,*,#11967,.T.);
#12062 = ORIENTED_EDGE('',*,*,#11897,.T.);
#12063 = ORIENTED_EDGE('',*,*,#12014,.F.);
#12064 = ADVANCED_FACE('',(#12065),#11852,.T.);
#12065 = FACE_BOUND('',#12066,.T.);
#12066 = EDGE_LOOP('',(#12067,#12068,#12069,#12070));
#12067 = ORIENTED_EDGE('',*,*,#11838,.F.);
#12068 = ORIENTED_EDGE('',*,*,#11989,.T.);
#12069 = ORIENTED_EDGE('',*,*,#11943,.T.);
#12070 = ORIENTED_EDGE('',*,*,#12036,.F.);
#12071 = ( GEOMETRIC_REPRESENTATION_CONTEXT(3) 
GLOBAL_UNCERTAINTY_ASSIGNED_CONTEXT((#12075)) 
GLOBAL_UNIT_ASSIGNED_CONTEXT((#12072,#12073,#12074)) 
REPRESENTATION_CONTEXT('Context #1',
  '3D Context with UNIT and UNCERTAINTY') );
#12072 = ( LENGTH_UNIT() NAMED_UNIT(*) SI_UNIT(.MILLI.,.METRE.) );
#12073 = ( NAMED_UNIT(*) PLANE_ANGLE_UNIT() SI_UNIT($,.RADIAN.) );
#12074 = ( NAMED_UNIT(*) SI_UNIT($,.STERADIAN.) SOLID_ANGLE_UNIT() );
#12075 = UNCERTAINTY_MEASURE_WITH_UNIT(LENGTH_MEASURE(1.E-07),#12072,
  'distance_accuracy_value','confusion accuracy');
#12076 = CONTEXT_DEPENDENT_SHAPE_REPRESENTATION(#12077,#12079);
#12077 = ( REPRESENTATION_RELATIONSHIP('','',#11740,#10) 
REPRESENTATION_RELATIONSHIP_WITH_TRANSFORMATION(#12078) 
SHAPE_REPRESENTATION_RELATIONSHIP() );
#12078 = ITEM_DEFINED_TRANSFORMATION('','',#11,#43);
#12079 = PRODUCT_DEFINITION_SHAPE('Placement','Placement of an item',
  #12080);
#12080 = NEXT_ASSEMBLY_USAGE_OCCURRENCE('82','right_arm_locknut','',#5,
  #11735,$);
#12081 = PRODUCT_RELATED_PRODUCT_CATEGORY('part',$,(#11737));
#12082 = SHAPE_DEFINITION_REPRESENTATION(#3238,#12083);
#12083 = SHAPE_REPRESENTATION('',(#15),#3230);
#12084 = SHAPE_DEFINITION_REPRESENTATION(#6811,#12085);
#12085 = SHAPE_REPRESENTATION('',(#19),#6803);
#12086 = SHAPE_DEFINITION_REPRESENTATION(#10296,#12087);
#12087 = SHAPE_REPRESENTATION('',(#23),#10288);
#12088 = SHAPE_DEFINITION_REPRESENTATION(#10967,#12089);
#12089 = SHAPE_REPRESENTATION('',(#27),#10959);
#12090 = SHAPE_DEFINITION_REPRESENTATION(#11174,#12091);
#12091 = SHAPE_REPRESENTATION('',(#31),#11166);
#12092 = SHAPE_DEFINITION_REPRESENTATION(#11381,#12093);
#12093 = SHAPE_REPRESENTATION('',(#35),#11373);
#12094 = SHAPE_DEFINITION_REPRESENTATION(#11730,#12095);
#12095 = SHAPE_REPRESENTATION('',(#39),#11722);
#12096 = SHAPE_DEFINITION_REPRESENTATION(#12079,#12097);
#12097 = SHAPE_REPRESENTATION('',(#43),#12071);
#12098 = SHAPE_DEFINITION_REPRESENTATION(#3238,#12099);
#12099 = SHAPE_REPRESENTATION('',(#15),#3230);
#12100 = SHAPE_DEFINITION_REPRESENTATION(#6811,#12101);
#12101 = SHAPE_REPRESENTATION('',(#19),#6803);
#12102 = SHAPE_DEFINITION_REPRESENTATION(#10296,#12103);
#12103 = SHAPE_REPRESENTATION('',(#23),#10288);
#12104 = SHAPE_DEFINITION_REPRESENTATION(#10967,#12105);
#12105 = SHAPE_REPRESENTATION('',(#27),#10959);
#12106 = SHAPE_DEFINITION_REPRESENTATION(#11174,#12107);
#12107 = SHAPE_REPRESENTATION('',(#31),#11166);
#12108 = SHAPE_DEFINITION_REPRESENTATION(#11381,#12109);
#12109 = SHAPE_REPRESENTATION('',(#35),#11373);
#12110 = SHAPE_DEFINITION_REPRESENTATION(#11730,#12111);
#12111 = SHAPE_REPRESENTATION('',(#39),#11722);
#12112 = SHAPE_DEFINITION_REPRESENTATION(#12079,#12113);
#12113 = SHAPE_REPRESENTATION('',(#43),#12071);
#12114 = MECHANICAL_DESIGN_GEOMETRIC_PRESENTATION_REPRESENTATION('',(
    #12115,#12123),#11373);
#12115 = STYLED_ITEM('color',(#12116),#11185);
#12116 = PRESENTATION_STYLE_ASSIGNMENT((#12117));
#12117 = SURFACE_STYLE_USAGE(.BOTH.,#12118);
#12118 = SURFACE_SIDE_STYLE('',(#12119));
#12119 = SURFACE_STYLE_FILL_AREA(#12120);
#12120 = FILL_AREA_STYLE('',(#12121));
#12121 = FILL_AREA_STYLE_COLOUR('',#12122);
#12122 = COLOUR_RGB('',0.323143204337,0.386429396939,0.439657205896);
#12123 = OVER_RIDING_STYLED_ITEM('overriding color',(#12124),#11185,
  #12115);
#12124 = PRESENTATION_STYLE_BY_CONTEXT((#12125),#12109);
#12125 = SURFACE_STYLE_USAGE(.BOTH.,#12126);
#12126 = SURFACE_SIDE_STYLE('',(#12127));
#12127 = SURFACE_STYLE_FILL_AREA(#12128);
#12128 = FILL_AREA_STYLE('',(#12129));
#12129 = FILL_AREA_STYLE_COLOUR('',#12130);
#12130 = COLOUR_RGB('',0.323143204337,0.386429396939,0.439657205896);
#12131 = MECHANICAL_DESIGN_GEOMETRIC_PRESENTATION_REPRESENTATION('',(
    #12132),#11722);
#12132 = STYLED_ITEM('color',(#12133),#11392);
#12133 = PRESENTATION_STYLE_ASSIGNMENT((#12134));
#12134 = SURFACE_STYLE_USAGE(.BOTH.,#12135);
#12135 = SURFACE_SIDE_STYLE('',(#12136));
#12136 = SURFACE_STYLE_FILL_AREA(#12137);
#12137 = FILL_AREA_STYLE('',(#12138));
#12138 = FILL_AREA_STYLE_COLOUR('',#12139);
#12139 = COLOUR_RGB('',0.14126329598,0.184474998273,0.223227997958);
#12140 = MECHANICAL_DESIGN_GEOMETRIC_PRESENTATION_REPRESENTATION('',(
    #12141,#12149),#10959);
#12141 = STYLED_ITEM('color',(#12142),#10307);
#12142 = PRESENTATION_STYLE_ASSIGNMENT((#12143));
#12143 = SURFACE_STYLE_USAGE(.BOTH.,#12144);
#12144 = SURFACE_SIDE_STYLE('',(#12145));
#12145 = SURFACE_STYLE_FILL_AREA(#12146);
#12146 = FILL_AREA_STYLE('',(#12147));
#12147 = FILL_AREA_STYLE_COLOUR('',#12148);
#12148 = COLOUR_RGB('',0.904661198186,0.361306805599,0.119538401012);
#12149 = OVER_RIDING_STYLED_ITEM('overriding color',(#12150),#10307,
  #12141);
#12150 = PRESENTATION_STYLE_BY_CONTEXT((#12151),#12105);
#12151 = SURFACE_STYLE_USAGE(.BOTH.,#12152);
#12152 = SURFACE_SIDE_STYLE('',(#12153));
#12153 = SURFACE_STYLE_FILL_AREA(#12154);
#12154 = FILL_AREA_STYLE('',(#12155));
#12155 = FILL_AREA_STYLE_COLOUR('',#12156);
#12156 = COLOUR_RGB('',0.904661198186,0.361306805599,0.119538401012);
#12157 = MECHANICAL_DESIGN_GEOMETRIC_PRESENTATION_REPRESENTATION('',(
    #12158,#12166),#6803);
#12158 = STYLED_ITEM('color',(#12159),#3249);
#12159 = PRESENTATION_STYLE_ASSIGNMENT((#12160));
#12160 = SURFACE_STYLE_USAGE(.BOTH.,#12161);
#12161 = SURFACE_SIDE_STYLE('',(#12162));
#12162 = SURFACE_STYLE_FILL_AREA(#12163);
#12163 = FILL_AREA_STYLE('',(#12164));
#12164 = FILL_AREA_STYLE_COLOUR('',#12165);
#12165 = COLOUR_RGB('',7.227189856643E-02,0.262250701213,1.);
#12166 = OVER_RIDING_STYLED_ITEM('overriding color',(#12167),#3249,
  #12158);
#12167 = PRESENTATION_STYLE_BY_CONTEXT((#12168),#12101);
#12168 = SURFACE_STYLE_USAGE(.BOTH.,#12169);
#12169 = SURFACE_SIDE_STYLE('',(#12170));
#12170 = SURFACE_STYLE_FILL_AREA(#12171);
#12171 = FILL_AREA_STYLE('',(#12172));
#12172 = FILL_AREA_STYLE_COLOUR('',#12173);
#12173 = COLOUR_RGB('',7.227189856643E-02,0.262250701213,1.);
#12174 = MECHANICAL_DESIGN_GEOMETRIC_PRESENTATION_REPRESENTATION('',(
    #12175,#12183),#10288);
#12175 = STYLED_ITEM('color',(#12176),#6822);
#12176 = PRESENTATION_STYLE_ASSIGNMENT((#12177));
#12177 = SURFACE_STYLE_USAGE(.BOTH.,#12178);
#12178 = SURFACE_SIDE_STYLE('',(#12179));
#12179 = SURFACE_STYLE_FILL_AREA(#12180);
#12180 = FILL_AREA_STYLE('',(#12181));
#12181 = FILL_AREA_STYLE_COLOUR('',#12182);
#12182 = COLOUR_RGB('',9.758729867092E-02,0.381325997679,1.);
#12183 = OVER_RIDING_STYLED_ITEM('overriding color',(#12184),#6822,
  #12175);
#12184 = PRESENTATION_STYLE_BY_CONTEXT((#12185),#12103);
#12185 = SURFACE_STYLE_USAGE(.BOTH.,#12186);
#12186 = SURFACE_SIDE_STYLE('',(#12187));
#12187 = SURFACE_STYLE_FILL_AREA(#12188);
#12188 = FILL_AREA_STYLE('',(#12189));
#12189 = FILL_AREA_STYLE_COLOUR('',#12190);
#12190 = COLOUR_RGB('',9.758729867092E-02,0.381325997679,1.);
#12191 = MECHANICAL_DESIGN_GEOMETRIC_PRESENTATION_REPRESENTATION('',(
    #12192,#12200),#3230);
#12192 = STYLED_ITEM('color',(#12193),#61);
#12193 = PRESENTATION_STYLE_ASSIGNMENT((#12194));
#12194 = SURFACE_STYLE_USAGE(.BOTH.,#12195);
#12195 = SURFACE_SIDE_STYLE('',(#12196));
#12196 = SURFACE_STYLE_FILL_AREA(#12197);
#12197 = FILL_AREA_STYLE('',(#12198));
#12198 = FILL_AREA_STYLE_COLOUR('',#12199);
#12199 = COLOUR_RGB('',1.938240068965E-02,3.688939871266E-02,
  6.847820064697E-02);
#12200 = OVER_RIDING_STYLED_ITEM('overriding color',(#12201),#61,#12192
  );
#12201 = PRESENTATION_STYLE_BY_CONTEXT((#12202),#12099);
#12202 = SURFACE_STYLE_USAGE(.BOTH.,#12203);
#12203 = SURFACE_SIDE_STYLE('',(#12204));
#12204 = SURFACE_STYLE_FILL_AREA(#12205);
#12205 = FILL_AREA_STYLE('',(#12206));
#12206 = FILL_AREA_STYLE_COLOUR('',#12207);
#12207 = COLOUR_RGB('',1.938240068965E-02,3.688939871266E-02,
  6.847820064697E-02);
#12208 = MECHANICAL_DESIGN_GEOMETRIC_PRESENTATION_REPRESENTATION('',(
    #12209,#12216),#11166);
#12209 = STYLED_ITEM('color',(#12210),#10978);
#12210 = PRESENTATION_STYLE_ASSIGNMENT((#12211));
#12211 = SURFACE_STYLE_USAGE(.BOTH.,#12212);
#12212 = SURFACE_SIDE_STYLE('',(#12213));
#12213 = SURFACE_STYLE_FILL_AREA(#12214);
#12214 = FILL_AREA_STYLE('',(#12215));
#12215 = FILL_AREA_STYLE_COLOUR('',#12122);
#12216 = OVER_RIDING_STYLED_ITEM('overriding color',(#12217),#10978,
  #12209);
#12217 = PRESENTATION_STYLE_BY_CONTEXT((#12218),#12107);
#12218 = SURFACE_STYLE_USAGE(.BOTH.,#12219);
#12219 = SURFACE_SIDE_STYLE('',(#12220));
#12220 = SURFACE_STYLE_FILL_AREA(#12221);
#12221 = FILL_AREA_STYLE('',(#12222));
#12222 = FILL_AREA_STYLE_COLOUR('',#12130);
#12223 = MECHANICAL_DESIGN_GEOMETRIC_PRESENTATION_REPRESENTATION('',(
    #12224),#12071);
#12224 = STYLED_ITEM('color',(#12225),#11741);
#12225 = PRESENTATION_STYLE_ASSIGNMENT((#12226));
#12226 = SURFACE_STYLE_USAGE(.BOTH.,#12227);
#12227 = SURFACE_SIDE_STYLE('',(#12228));
#12228 = SURFACE_STYLE_FILL_AREA(#12229);
#12229 = FILL_AREA_STYLE('',(#12230));
#12230 = FILL_AREA_STYLE_COLOUR('',#12139);

#12231=DESCRIPTIVE_REPRESENTATION_ITEM('cadgen:generator','cadgen');
#12232=REPRESENTATION('cadgen:generator',(#12231),#47);
#12233=PROPERTY_DEFINITION('cadgen metadata','cadgen:generator',#5);
#12234=PROPERTY_DEFINITION_REPRESENTATION(#12233,#12232);
#12235=DESCRIPTIVE_REPRESENTATION_ITEM('cadgen:entryKind','assembly');
#12236=REPRESENTATION('cadgen:entryKind',(#12235),#47);
#12237=PROPERTY_DEFINITION('cadgen metadata','cadgen:entryKind',#5);
#12238=PROPERTY_DEFINITION_REPRESENTATION(#12237,#12236);
#12239=DESCRIPTIVE_REPRESENTATION_ITEM('cadgen:sourcePath','lock_released.step.py');
#12240=REPRESENTATION('cadgen:sourcePath',(#12239),#47);
#12241=PROPERTY_DEFINITION('cadgen metadata','cadgen:sourcePath',#5);
#12242=PROPERTY_DEFINITION_REPRESENTATION(#12241,#12240);
#12243=DESCRIPTIVE_REPRESENTATION_ITEM('cadgen:sourceHash','13faf764f8e694e6605759266c5c393d9994b2cf5855d85caeb9ee25c3ee2ec0');
#12244=REPRESENTATION('cadgen:sourceHash',(#12243),#47);
#12245=PROPERTY_DEFINITION('cadgen metadata','cadgen:sourceHash',#5);
#12246=PROPERTY_DEFINITION_REPRESENTATION(#12245,#12244);
ENDSEC;
END-ISO-10303-21;
